run_id,R_a,R_b,R_c,DG1_PWM1,DG1_PWM2,DG1_PWM3,DG1_PWM4,DG1_PWM5,DG1_PWM6,DG2_PWM1,DG2_PWM2,DG2_PWM3,DG2_PWM4,DG2_PWM5,DG2_PWM6,V1_a,V1_b,V1_c,I1_a,I1_b,I1_c,V2_a,V2_b,V2_c,I2_a,I2_b,I2_c
1,64,24,32,1,1,1,1,1,1,1,1,1,1,1,1,264.9421817,224.8792169,203.9046686,2.636240563,5.687638925,3.873884754,265.3240002,225.7007141,204.3440941,3.162767569,5.085744778,3.821537727
2,64,24,32,1,1,1,1,1,1,0,1,1,1,1,1,264.8371036,224.6385078,204.3933837,5.741087671,10.0629107,5.182862781,265.6951618,224.0765019,205.780553,3.952227852,8.349291721,8.967158166
3,64,24,32,1,1,1,1,1,1,1,0,1,1,1,1,264.8398214,224.6412094,204.3910989,5.745484904,10.04312665,5.158326304,265.6967005,224.0757086,205.7780739,3.94917055,8.329500815,8.955433427
4,64,24,32,1,1,1,1,1,1,1,1,0,1,1,1,265.7613411,224.6506338,203.233754,6.756067603,9.570685323,10.84438007,267.5247921,225.4704852,201.925871,9.881627816,4.109682798,9.296834311
5,64,24,32,1,1,1,1,1,1,1,1,1,0,1,1,265.7638403,224.6469085,203.2314736,6.769129136,9.56761266,10.85801052,267.5256489,225.4686172,201.926013,9.887322264,4.113613213,9.311503149
6,64,24,32,1,1,1,1,1,1,1,1,1,1,0,1,264.585883,225.3324503,203.9097516,8.27987227,5.979981244,6.823584138,263.6056742,227.5631978,204.5837519,7.731389772,9.9153329,3.427576525
7,64,24,32,1,1,1,1,1,1,1,1,1,1,1,0,264.5820893,225.326292,203.9175821,8.246019613,5.955506817,6.825022727,263.6081403,227.5610409,204.5877502,7.712694686,9.901939886,3.424812756
8,64,24,32,0,1,1,1,1,1,1,1,1,1,1,1,265.3840975,223.3454226,205.1373422,3.788780829,8.166523218,8.685019142,265.1767978,225.5411721,204.784751,5.791942408,9.490519751,4.836459721
9,64,24,32,0,1,1,1,1,1,0,1,1,1,1,1,294.4198744,335.1872663,304.8331507,19.48146449,21.90768659,24.82184855,295.8088514,336.2554082,305.6215869,19.48434472,18.67691025,23.34490705
10,64,24,32,0,1,1,1,1,1,1,0,1,1,1,1,266.9115801,220.6316232,206.4127565,5.915660062,33.32341347,28.61827913,267.2027539,221.4754571,206.97202,5.906332338,33.18322157,28.54725709
11,64,24,32,0,1,1,1,1,1,1,1,0,1,1,1,261.886197,224.2262119,209.9627632,24.83865482,54.86032667,56.93458125,267.8839605,222.734204,204.8425509,28.02930377,52.19524368,56.14661953
12,64,24,32,0,1,1,1,1,1,1,1,1,0,1,1,266.03885,224.2753687,203.3499737,10.9916506,9.711564039,13.63923874,267.8829639,224.9781824,202.1439379,13.11235699,4.003880153,12.59946992
13,64,24,32,0,1,1,1,1,1,1,1,1,1,0,1,264.5572841,225.2025291,204.0894322,8.668482311,6.606935898,7.028773124,263.5587122,227.5289626,204.6698827,8.266364317,10.333452,3.180797596
14,64,24,32,0,1,1,1,1,1,1,1,1,1,1,0,265.132187,223.3818614,205.4253999,3.817955687,8.672062318,9.348635209,264.9005598,225.6645299,205.0104411,5.932634417,9.988733368,5.633898487
15,64,24,32,1,0,1,1,1,1,1,1,1,1,1,1,265.3838123,223.3514797,205.1314669,3.79424127,8.130915927,8.651596567,265.1749874,225.5443364,204.7829828,5.785992015,9.463835874,4.787659978
16,64,24,32,1,0,1,1,1,1,0,1,1,1,1,1,266.9019562,220.6304781,206.4240528,5.915888745,33.40723631,28.70221294,267.194154,221.4705296,206.9833729,5.909226014,33.26351025,28.63152039
17,64,24,32,1,0,1,1,1,1,1,0,1,1,1,1,292.9741055,335.0404057,304.0479618,18.89853575,23.68426629,26.16790944,294.845227,336.2782353,304.9772735,19.17981776,21.42516992,25.40224717
18,64,24,32,1,0,1,1,1,1,1,1,0,1,1,1,265.9454445,224.4562819,203.2265443,7.646212291,9.662310342,11.45587115,267.75398,225.24819,201.888446,10.55757291,4.018681558,10.00199569
19,64,24,32,1,0,1,1,1,1,1,1,1,0,1,1,261.4015001,224.2680052,210.5397134,26.61469522,58.71068034,60.86407618,267.7378228,222.3450425,204.8131089,29.74763168,55.94612826,60.02837018
20,64,24,32,1,0,1,1,1,1,1,1,1,1,0,1,265.132411,223.3750049,205.4300914,3.81645482,8.671440107,9.361858256,264.9044038,225.6662547,205.0118521,5.95152863,10.02521206,5.657613634
21,64,24,32,1,0,1,1,1,1,1,1,1,1,1,0,262.7248788,225.2367599,206.7259913,45.32072151,46.84147033,21.47013821,263.7945016,229.8838022,202.992553,46.35641411,46.88571192,16.62589655
22,64,24,32,1,1,0,1,1,1,1,1,1,1,1,1,267.4500485,224.5672618,201.2405356,9.995617624,4.335619109,9.662328801,266.2944429,225.5144294,203.4822846,7.162552048,9.39165454,10.97814887
23,64,24,32,1,1,0,1,1,1,0,1,1,1,1,1,267.8023996,221.7580448,203.8983918,30.8313823,58.55120037,62.65404831,261.8213863,225.7165253,210.8930226,27.68403302,60.88760808,63.11126967
24,64,24,32,1,1,0,1,1,1,1,0,1,1,1,1,267.6938399,224.293272,201.278307,10.73859068,4.237653393,10.37921383,266.4666577,225.2668659,203.5498435,8.054462378,9.490353574,11.59282402
25,64,24,32,1,1,0,1,1,1,1,1,0,1,1,1,333.7075539,253.6452685,338.1971871,17.60245668,11.47549536,17.60674333,335.9150082,257.9843767,339.4610195,18.14492811,14.46442907,15.33742246
26,64,24,32,1,1,0,1,1,1,1,1,1,0,1,1,269.9970843,224.8664859,197.7416895,32.31636849,8.456947927,38.21989931,270.2402814,225.7920895,198.2412062,32.29203163,8.400632268,38.09934848
27,64,24,32,1,1,0,1,1,1,1,1,1,1,0,1,272.361938,220.3833787,201.2621786,68.98628597,29.22746381,66.19036943,266.392629,228.829437,199.5930253,68.64558257,34.4050227,64.43488829
28,64,24,32,1,1,0,1,1,1,1,1,1,1,1,0,265.6495002,225.630254,202.3570095,10.58884879,8.875440362,7.211933353,264.5719452,228.1490219,202.9775082,10.29269654,12.30657117,3.240789387
29,64,24,32,1,1,1,0,1,1,1,1,1,1,1,1,267.4438509,224.5681184,201.2409965,9.980596723,4.343418194,9.65975941,266.2956891,225.5138074,203.4823653,7.155345735,9.385361401,10.98222211
30,64,24,32,1,1,1,0,1,1,0,1,1,1,1,1,267.7246149,224.2155059,201.3675909,11.77268663,4.230296146,11.45584209,266.5003664,225.2169782,203.5864426,9.452343706,9.490248269,12.50682409
31,64,24,32,1,1,1,0,1,1,1,0,1,1,1,1,267.8661525,221.5887212,203.8746596,31.91488972,59.65855626,64.01964073,261.635032,225.6606603,210.970829,28.77195752,62.00363344,64.44650247
32,64,24,32,1,1,1,0,1,1,1,1,0,1,1,1,269.9883002,224.8709984,197.7485169,32.22154389,8.455443539,38.12364932,270.2276126,225.793424,198.2427193,32.19603662,8.400520556,38.00325675
33,64,24,32,1,1,1,0,1,1,1,1,1,0,1,1,333.9603984,253.78918,338.075102,15.3726177,9.990972858,15.53490156,335.9537717,257.4455285,339.4537507,16.75766839,12.63814431,15.0943602
34,64,24,32,1,1,1,0,1,1,1,1,1,1,0,1,267.354021,226.0574678,200.7878099,12.95605363,11.51102254,7.581410105,266.2851511,228.6637054,201.4443883,12.73069202,14.29020077,3.646259292
35,64,24,32,1,1,1,0,1,1,1,1,1,1,1,0,270.1352048,222.3581169,200.9837711,49.93824588,18.92276154,48.39794748,266.320138,228.4751834,201.2430028,49.64966696,24.65316263,47.12203426
36,64,24,32,1,1,1,1,0,1,1,1,1,1,1,1,263.6608509,226.461076,203.8674197,7.153485121,9.729377106,3.470636937,265.1491768,225.9641953,204.313729,7.665429662,5.597432947,6.922478454
37,64,24,32,1,1,1,1,0,1,0,1,1,1,1,1,263.6231066,226.4585627,203.918552,7.364399907,9.936805548,3.336938342,265.1337431,225.8950878,204.4078002,7.802233518,5.846940639,7.037331815
38,64,24,32,1,1,1,1,0,1,1,0,1,1,1,1,261.9517956,229.2067737,204.9930678,12.43095646,28.53610472,25.37732278,262.0195352,227.8178504,207.8261514,9.527437446,28.51417845,27.29080111
39,64,24,32,1,1,1,1,0,1,1,1,0,1,1,1,266.5688079,227.1948731,199.2815758,68.7378731,34.5857391,64.62455256,272.9995107,220.52697,202.1520179,68.90112162,29.14401597,66.06845901
40,64,24,32,1,1,1,1,0,1,1,1,1,0,1,1,269.5982475,229.584645,198.2618446,17.56090587,19.08610165,4.99939526,270.5315415,228.4942018,198.4023312,17.32552017,16.99844214,7.9414128
41,64,24,32,1,1,1,1,0,1,1,1,1,1,0,1,442.3839663,265.6944399,188.0569804,23.71226007,26.23512194,14.10868538,444.0563147,270.5929762,195.3110382,21.80291066,27.00908877,17.17288478
42,64,24,32,1,1,1,1,0,1,1,1,1,1,1,0,261.6311692,227.7981379,204.9038837,22.98727654,19.09058547,6.343715868,261.8239019,228.7250586,205.4995981,22.924916,19.1151914,6.341712067
43,64,24,32,1,1,1,1,1,0,1,1,1,1,1,1,263.6587742,226.4578137,203.8685559,7.123028145,9.709682427,3.467959969,265.1462358,225.96011,204.3183003,7.634073617,5.567457058,6.920517684
44,64,24,32,1,1,1,1,1,0,0,1,1,1,1,1,264.6945591,224.6934999,204.5173583,5.819024779,10.30021576,5.590638828,265.5588574,224.0905291,205.9471814,3.949521596,8.632497951,9.316524308
45,64,24,32,1,1,1,1,1,0,1,0,1,1,1,1,264.1584056,229.052801,201.8264949,50.32546528,51.19382674,19.26760696,263.2394029,225.9595249,207.2524894,49.07818686,50.93188547,23.91950866
46,64,24,32,1,1,1,1,1,0,1,1,0,1,1,1,265.1919373,226.5522,201.2888495,13.29993913,14.76442755,3.342072024,267.1272652,225.9956601,201.8021794,13.91415284,12.35584072,7.798461327
47,64,24,32,1,1,1,1,1,0,1,1,1,0,1,1,266.6994152,227.3380113,199.6885654,64.51328458,32.62739361,60.57868928,272.5219089,221.1316705,202.0466898,64.640506,27.0603518,61.92424059
48,64,24,32,1,1,1,1,1,0,1,1,1,1,0,1,261.6362237,227.8004021,204.9040524,22.99995356,19.10373496,6.34447992,261.8273463,228.7232878,205.4976918,22.93453494,19.12294743,6.341412657
49,64,24,32,1,1,1,1,1,0,1,1,1,1,1,0,444.3754317,270.6570653,197.8345982,17.76323078,21.96911874,13.45908544,443.8393981,268.4810387,193.2761307,19.12697082,20.71596001,10.37590155
50,16,24,32,1,1,1,1,1,1,1,1,1,1,1,1,208.9569294,219.4197123,264.3473122,7.508268509,5.26305613,4.734983073,210.161586,220.1501806,265.1945669,6.853047521,5.301017208,5.179966023
51,16,24,32,1,1,1,1,1,1,0,1,1,1,1,1,208.6033535,218.7080892,265.3067469,12.38907672,13.25296022,8.366351181,209.4415349,217.5123089,268.091275,4.670189094,11.93220247,12.89843432
52,16,24,32,1,1,1,1,1,1,1,0,1,1,1,1,208.6013769,218.7090285,265.3063462,12.38955951,13.25406389,8.347132059,209.4388481,217.5147374,268.0970049,4.666538805,11.91556187,12.88690301
53,16,24,32,1,1,1,1,1,1,1,1,0,1,1,1,209.5005634,219.3040147,264.1203308,7.946086236,9.106778443,10.50781665,212.4961397,220.0566426,263.5624566,12.50524611,4.086947823,10.48034891
54,16,24,32,1,1,1,1,1,1,1,1,1,0,1,1,209.5013348,219.2968592,264.1235329,7.946683211,9.106305658,10.50239835,212.5006536,220.0494769,263.5634723,12.5097574,4.091257457,10.47760205
55,16,24,32,1,1,1,1,1,1,1,1,1,1,0,1,208.7236047,220.1562841,263.9930373,12.71942226,6.956227247,8.856375317,208.3625676,222.3125934,264.9392202,11.46150394,11.88959424,4.543925206
56,16,24,32,1,1,1,1,1,1,1,1,1,1,1,0,208.7178034,220.1541599,263.9976026,12.74150769,7.004498623,8.858179428,208.3606785,222.3156542,264.9432185,11.50294199,11.92158508,4.541436116
57,16,24,32,0,1,1,1,1,1,1,1,1,1,1,1,208.1239387,216.6341262,267.4405807,4.985001065,12.13057058,12.87648282,209.8906432,219.2627059,266.2009418,12.16433619,13.07938716,8.764452941
58,16,24,32,0,1,1,1,1,1,0,1,1,1,1,1,233.7114321,358.5772541,326.3916764,13.83996034,19.79029297,20.17558449,237.9739403,360.5127092,328.6288674,16.48397515,18.49754339,20.91130071
59,16,24,32,0,1,1,1,1,1,1,0,1,1,1,1,207.840672,213.6475977,269.9872239,10.70383299,39.00254817,32.11219289,209.2017969,214.3742511,270.7121931,10.62847826,38.79602212,32.08100522
60,16,24,32,0,1,1,1,1,1,1,1,0,1,1,1,203.734405,216.4123687,272.5931445,34.75924661,74.67072065,78.29529381,214.3364287,214.4755979,266.8072606,41.70458969,72.0296775,77.93255502
61,16,24,32,0,1,1,1,1,1,1,1,1,0,1,1,211.0470212,214.2116968,268.7100737,13.21851743,9.79509755,14.86137438,214.5189002,215.0634904,268.1900725,16.93637211,4.349372918,15.05942101
62,16,24,32,0,1,1,1,1,1,1,1,1,1,0,1,204.6358236,219.7330506,267.6340128,69.79577072,76.17075866,40.80688196,210.4302114,228.4127317,259.7216285,73.12868945,76.64410201,35.60529696
63,16,24,32,0,1,1,1,1,1,1,1,1,1,1,0,207.0944299,217.175734,267.8863517,4.64098277,13.43414721,14.23364455,208.9189252,219.9285625,266.4999736,12.42845123,14.32241602,10.34149043
64,16,24,32,1,0,1,1,1,1,1,1,1,1,1,1,208.1305895,216.6387274,267.4338344,4.999497065,12.07522118,12.820215,209.8942442,219.2626197,266.1980008,12.15236868,13.06286401,8.699203012
65,16,24,32,1,0,1,1,1,1,0,1,1,1,1,1,207.8373513,213.6412794,269.9948654,10.70403811,39.07749344,32.18307908,209.1984277,214.3662524,270.7342743,10.62888277,38.86016908,32.15305602
66,16,24,32,1,0,1,1,1,1,1,0,1,1,1,1,232.3860266,358.6264445,326.0626056,13.10881357,18.8442691,18.26413027,236.9888641,360.0894512,328.554679,16.00004604,16.68527722,19.53472463
67,16,24,32,1,0,1,1,1,1,1,1,0,1,1,1,210.0845409,215.6324033,267.0389522,10.97547912,9.688537844,13.11470683,213.3727204,216.3461517,266.2744182,15.06779457,3.675503649,13.07077559
68,16,24,32,1,0,1,1,1,1,1,1,1,0,1,1,203.6147576,216.322846,272.6202422,35.08918966,75.50849478,79.10497434,214.2307698,214.3001603,266.6808131,41.96244209,72.84688269,78.71287454
69,16,24,32,1,0,1,1,1,1,1,1,1,1,0,1,207.0892714,217.1772438,267.8818785,4.614964362,13.35523417,14.1702207,208.9216262,219.9372057,266.5060813,12.4509577,14.30868031,10.29421708
70,16,24,32,1,0,1,1,1,1,1,1,1,1,1,0,204.7266191,219.7928326,267.672321,69.54081655,75.82467186,40.50050179,210.4661361,228.4328636,259.820697,72.8645735,76.29941893,35.28083696
71,16,24,32,1,1,0,1,1,1,1,1,1,1,1,1,210.9235529,219.0007559,263.2768633,12.15919245,4.095496061,9.665619746,210.4885593,219.9656944,265.2075529,7.431181313,9.190489387,9.45871791
72,16,24,32,1,1,0,1,1,1,0,1,1,1,1,1,211.8572999,214.2101904,266.736794,38.98410683,70.85699248,75.61836877,204.6654308,217.7069707,274.0833012,31.5578343,72.92247675,75.66367283
73,16,24,32,1,1,0,1,1,1,1,0,1,1,1,1,214.3169538,210.8351884,272.5619513,22.33979261,5.756332585,21.50620929,214.2004883,211.508357,275.0147357,20.03283085,10.95119725,21.42847701
74,16,24,32,1,1,0,1,1,1,1,1,0,1,1,1,256.4978942,207.5890193,432.4571584,28.09734093,16.17005746,25.49685461,261.5380007,215.283435,434.7278528,28.90729833,20.1219539,22.28562112
75,16,24,32,1,1,0,1,1,1,1,1,1,0,1,1,212.364294,219.3800009,261.7784344,21.84349985,8.249522083,26.55453448,213.7410138,220.2846799,262.3967472,21.90956754,8.230536779,26.40852848
76,16,24,32,1,1,0,1,1,1,1,1,1,1,0,1,215.1593011,215.9196731,264.0091696,70.06135524,30.29737995,67.93640652,210.9142319,224.1294856,261.5761233,69.7727942,36.30145348,65.23729143
77,16,24,32,1,1,0,1,1,1,1,1,1,1,1,0,208.9776049,220.3663937,263.6433229,13.13621234,7.582669921,8.977536967,208.5659998,222.5856617,264.5767055,11.92293491,12.40892497,4.470099968
78,16,24,32,1,1,1,0,1,1,1,1,1,1,1,1,210.9155137,219.0021504,263.2810941,12.156537,4.10257153,9.662762779,210.4837068,219.9630166,265.2132899,7.435710562,9.18965419,9.469265891
79,16,24,32,1,1,1,0,1,1,0,1,1,1,1,1,211.904412,213.2175673,269.3372482,21.85436957,5.52335063,20.89717541,211.1466798,214.1938716,271.7430123,18.50169665,11.273404,20.55773356
80,16,24,32,1,1,1,0,1,1,1,0,1,1,1,1,212.0723825,213.5728064,266.7403289,42.49877979,73.53863555,79.40669999,204.0651341,217.3491533,274.1014054,35.18882634,75.63433081,79.31287631
81,16,24,32,1,1,1,0,1,1,1,1,0,1,1,1,212.382277,219.3839629,261.7808874,21.91872733,8.250168716,26.61755615,213.7451652,220.290172,262.3912791,21.95499099,8.233354036,26.46430125
82,16,24,32,1,1,1,0,1,1,1,1,1,0,1,1,256.2329097,206.650609,432.0231446,28.90887019,15.89500277,26.30496244,261.5786394,215.0735119,434.4452098,29.78950489,20.40691749,23.08612847
83,16,24,32,1,1,1,0,1,1,1,1,1,1,0,1,208.9790599,220.3602768,263.6456274,13.11809434,7.533610031,8.980068455,208.5594956,222.5670553,264.5767032,11.86644996,12.35958731,4.470901649
84,16,24,32,1,1,1,0,1,1,1,1,1,1,1,0,214.9772244,216.1615624,263.9470613,68.06477678,29.4779496,65.8851478,211.0242022,224.2186604,261.796272,67.86527706,35.55571099,63.25134146
85,16,24,32,1,1,1,1,0,1,1,1,1,1,1,1,207.2047373,221.4641756,264.1271848,11.25556855,11.63869291,4.385283253,209.9795027,220.9039153,264.7582827,11.97981269,6.703185141,8.923575843
86,16,24,32,1,1,1,1,0,1,0,1,1,1,1,1,208.479333,227.8085222,259.4005903,69.12199935,71.92070456,32.10338343,205.9170422,221.0333552,268.0755456,65.06138364,70.69924351,37.2316303
87,16,24,32,1,1,1,1,0,1,1,0,1,1,1,1,208.0083082,219.1225985,265.4716014,12.61263979,14.21048693,9.612559528,208.7904471,217.8281582,268.3692071,4.405547486,12.91354696,13.91055481
88,16,24,32,1,1,1,1,0,1,1,1,0,1,1,1,209.845756,223.8587944,260.1223692,70.74048728,36.74478056,65.97207261,216.9516453,217.3216178,263.9079103,70.30463487,30.49595236,68.18989964
89,16,24,32,1,1,1,1,0,1,1,1,1,0,1,1,207.5210299,221.9361418,263.5327036,12.01837401,12.52904146,4.283112929,210.3793284,221.275416,264.183932,12.6763368,7.764170896,9.126383063
90,16,24,32,1,1,1,1,0,1,1,1,1,1,0,1,319.2313619,316.5280494,292.8237646,23.34686595,23.30925532,13.23701441,322.2821327,319.1789052,298.5581524,19.27278065,22.71779486,17.24200966
91,16,24,32,1,1,1,1,0,1,1,1,1,1,1,0,204.9779531,223.2987272,264.3660876,37.48308722,31.37944283,8.199563203,206.1954673,224.1296067,265.1313489,37.22809532,31.27179768,8.161700096
92,16,24,32,1,1,1,1,1,0,1,1,1,1,1,1,207.2116007,221.475262,264.1286776,11.30743372,11.69191042,4.382944997,209.9773256,220.8998108,264.761853,11.98121089,6.746430058,8.927825118
93,16,24,32,1,1,1,1,1,0,0,1,1,1,1,1,207.9901367,219.1253609,265.4730918,12.60469388,14.26975471,9.777897022,208.7742978,217.8475647,268.3924515,4.416992355,13.0664587,14.05108632
94,16,24,32,1,1,1,1,1,0,1,0,1,1,1,1,208.393669,227.8184901,259.2121401,70.03245937,73.2095519,33.39440074,205.7073756,221.0163154,268.194877,65.94078312,72.0381099,38.48084305
95,16,24,32,1,1,1,1,1,0,1,1,0,1,1,1,207.5131157,221.9188135,263.536665,11.99363692,12.49483758,4.280394354,210.3761721,221.2665419,264.1856826,12.66971216,7.73245733,9.121565903
96,16,24,32,1,1,1,1,1,0,1,1,1,0,1,1,209.932736,223.9277892,260.3124999,69.19513153,36.16380362,64.35369635,216.7786051,217.5143854,263.8745646,68.69893833,29.8641282,66.52696969
97,16,24,32,1,1,1,1,1,0,1,1,1,1,0,1,204.971197,223.3066587,264.3569353,37.57258413,31.47180901,8.199882348,206.1994527,224.1542124,265.1229623,37.33003704,31.37363775,8.161888373
98,16,24,32,1,1,1,1,1,0,1,1,1,1,1,0,319.3687789,316.8517175,294.1119915,21.41739609,21.61578068,13.63336818,322.2627327,319.2463825,299.5272885,18.22708314,21.29478323,17.27704332
99,32,24,96,1,1,1,1,1,1,1,1,1,1,1,1,256.8133399,184.1429782,254.7951593,5.060454169,4.559407227,1.804348993,257.5234233,184.7216612,254.978346,4.573861912,4.301715324,2.449711767
100,32,24,96,1,1,1,1,1,1,0,1,1,1,1,1,256.5032455,183.5768357,255.5898699,8.778935977,10.97702618,6.808259938,257.3967638,182.4502339,256.8592782,4.283609631,9.232543553,9.188104795
101,32,24,96,1,1,1,1,1,1,1,0,1,1,1,1,256.5083807,183.5815298,255.578427,8.7814517,10.99174216,6.82490184,257.4007162,182.4549895,256.8517164,4.281507004,9.245512069,9.202097589
102,32,24,96,1,1,1,1,1,1,1,1,0,1,1,1,257.3156486,184.1275211,254.2212759,5.888828389,7.740238739,8.341171311,259.465763,184.782863,252.9278209,9.733972738,3.414060028,7.722341577
103,32,24,96,1,1,1,1,1,1,1,1,1,0,1,1,257.3156597,184.1342914,254.2178354,5.928018145,7.745750583,8.369881797,259.4643412,184.7857916,252.9189888,9.748997861,3.408063027,7.750178382
104,32,24,96,1,1,1,1,1,1,1,1,1,1,0,1,256.6411848,184.5283109,254.8680042,9.066727506,4.784871101,4.593601978,256.0758359,186.1014419,255.6416978,7.511965671,8.8119929,3.618609832
105,32,24,96,1,1,1,1,1,1,1,1,1,1,1,0,256.6384828,184.5309828,254.8678693,9.056376708,4.785324728,4.592129396,256.0792661,186.1073787,255.6386189,7.5214935,8.819581328,3.619438661
106,32,24,96,0,1,1,1,1,1,1,1,1,1,1,1,256.5620529,181.5810737,257.0870321,4.41606134,9.785467616,9.474834387,257.1147926,183.9868869,256.0638841,8.618596256,11.25745278,7.349541149
107,32,24,96,0,1,1,1,1,1,0,1,1,1,1,1,303.5573757,292.3252307,350.2635385,9.829336137,16.01284025,14.7879238,306.1649649,293.8035369,351.138323,11.2684938,13.94694735,14.68437817
108,32,24,96,0,1,1,1,1,1,1,0,1,1,1,1,256.7297385,178.0415187,259.4134171,8.016111571,40.9145318,35.14078191,257.471086,178.7615002,259.4635511,7.947206608,40.78903665,35.11593725
109,32,24,96,0,1,1,1,1,1,1,1,0,1,1,1,252.9973143,182.1302008,261.9617606,25.24680965,58.03753208,60.46116933,260.1915908,180.8560521,256.2610055,30.0553227,56.10088342,60.0791383
110,32,24,96,0,1,1,1,1,1,1,1,1,0,1,1,258.3230502,180.3694354,257.0767281,14.22027033,8.404609312,15.24656785,260.9715103,181.1417873,256.0300293,16.48928032,4.226769251,15.13228124
111,32,24,96,0,1,1,1,1,1,1,1,1,1,0,1,254.36129,183.9962934,258.2329294,52.00249048,55.5073599,26.81601698,257.0958167,189.8499553,253.2145334,53.94211802,55.74435763,24.36752582
112,32,24,96,0,1,1,1,1,1,1,1,1,1,1,0,256.4856976,181.5843468,257.1897317,4.386004768,9.972780817,9.698317869,257.0459617,183.9982456,256.1380788,8.654774411,11.39352114,7.598011011
113,32,24,96,1,0,1,1,1,1,1,1,1,1,1,1,256.5626349,181.5862684,257.0811919,4.417507267,9.777326959,9.464177147,257.1153722,183.9899182,256.0608434,8.617922474,11.25708019,7.340957188
114,32,24,96,1,0,1,1,1,1,0,1,1,1,1,1,256.7320913,178.0281072,259.4121938,8.021070989,40.91023792,35.1348029,257.4766335,178.7618642,259.4620886,7.948609764,40.77903262,35.10718219
115,32,24,96,1,0,1,1,1,1,1,0,1,1,1,1,303.1543924,292.177362,350.2256183,8.230508383,14.33357783,12.94248238,305.8883009,293.6468723,351.0647735,10.55019309,12.64041976,13.0033971
116,32,24,96,1,0,1,1,1,1,1,1,0,1,1,1,257.4494851,183.0002292,254.8779059,8.456215429,8.091880608,10.41947747,259.8546694,183.5803891,253.4696296,11.84019916,3.113106346,9.967078694
117,32,24,96,1,0,1,1,1,1,1,1,1,0,1,1,252.145263,182.0813249,262.905759,28.82931956,64.6775444,67.45116114,260.0746613,180.0911954,256.208806,33.43834416,62.5911954,67.0451432
118,32,24,96,1,0,1,1,1,1,1,1,1,1,0,1,256.4865873,181.5947462,257.1907501,4.404149476,9.970755833,9.673731292,257.0448178,183.9941857,256.1345843,8.630889233,11.42307001,7.583268623
119,32,24,96,1,0,1,1,1,1,1,1,1,1,1,0,254.531478,183.9497136,258.0588843,50.22000659,53.05882877,24.80724823,257.229759,189.7449271,253.3379957,52.18586446,53.42087917,22.32151801
120,32,24,96,1,1,0,1,1,1,1,1,1,1,1,1,258.4977897,183.9902032,253.0053909,9.543475443,3.535854921,7.246350241,257.7890916,184.7623215,254.4706464,5.584768891,7.749799539,7.8875574
121,32,24,96,1,1,0,1,1,1,0,1,1,1,1,1,258.4461719,180.2013967,255.9615197,31.52286383,61.31574383,65.00548453,252.430241,183.7362714,262.5798996,26.67176567,63.04701643,65.33636663
122,32,24,96,1,1,0,1,1,1,1,0,1,1,1,1,259.0392651,181.3528638,254.586722,15.89519659,3.3093549,14.33232437,258.05441,182.2156284,256.1534665,13.6505056,8.512995371,14.65937632
123,32,24,96,1,1,0,1,1,1,1,1,0,1,1,1,292.9491789,182.474089,450.5222206,11.71867927,5.057281013,11.49265508,294.3171407,184.0220154,450.2713502,11.26265596,6.555322472,9.988421781
124,32,24,96,1,1,0,1,1,1,1,1,1,0,1,1,260.0389408,184.858239,250.4460327,20.46555616,6.932708405,24.71117364,260.7855486,185.6217108,250.4808345,20.48223088,6.93035992,24.67018355
125,32,24,96,1,1,0,1,1,1,1,1,1,1,0,1,261.4409147,181.2381019,253.0035581,59.90294574,23.9061661,58.27204755,257.653141,188.1239933,251.7800565,59.82545576,28.81610028,57.38524695
126,32,24,96,1,1,0,1,1,1,1,1,1,1,1,0,256.8283113,184.7232187,254.5282383,9.623934537,5.60797695,4.749238778,256.1639974,186.3872223,255.3276381,8.118251948,9.535769746,3.644929724
127,32,24,96,1,1,1,0,1,1,1,1,1,1,1,1,258.5008603,183.9879211,253.0060458,9.558054779,3.533223213,7.266165064,257.789887,184.7577026,254.4728738,5.612242728,7.752044544,7.905826764
128,32,24,96,1,1,1,0,1,1,0,1,1,1,1,1,259.8219015,180.5616914,255.8704205,19.07191856,3.856643586,17.6088704,258.5017528,181.3399036,257.1083412,17.03466801,8.722622216,17.70684925
129,32,24,96,1,1,1,0,1,1,1,0,1,1,1,1,258.5280325,179.758977,255.9957463,34.61464772,64.3846279,68.86399768,251.7644543,183.6461951,262.8676191,29.82979642,66.15084956,69.14648491
130,32,24,96,1,1,1,0,1,1,1,1,0,1,1,1,260.0422625,184.8607536,250.4500928,20.46509481,6.931873256,24.70625132,260.7760421,185.6251767,250.4806086,20.47235482,6.931984758,24.66221358
131,32,24,96,1,1,1,0,1,1,1,1,1,0,1,1,292.6307966,179.3393677,445.9729779,25.5644996,16.97952843,20.37477858,289.2605555,173.7067481,445.2466088,24.05423218,14.19772519,21.93428047
132,32,24,96,1,1,1,0,1,1,1,1,1,1,0,1,256.8382442,184.7207261,254.5307232,9.651729308,5.67266494,4.761127194,256.1746026,186.3902063,255.3287852,8.148508924,9.569077095,3.642688006
133,32,24,96,1,1,1,0,1,1,1,1,1,1,1,0,260.7001941,182.0822282,252.7966845,50.38720081,19.23477283,49.07076791,257.8227294,187.9194022,252.4867199,50.36129778,24.36661958,48.31462763
134,32,24,96,1,1,1,1,0,1,1,1,1,1,1,1,255.6121913,185.1919497,255.5111028,7.145799127,8.470217292,3.462704651,257.4986287,184.9743479,255.0621841,8.340640725,4.259030525,4.706690827
135,32,24,96,1,1,1,1,0,1,0,1,1,1,1,1,255.880226,187.9197682,253.4983741,42.82217316,43.94420538,17.99318362,255.7188743,184.7434504,257.3179477,40.85618244,43.27432688,20.52202513
136,32,24,96,1,1,1,1,0,1,1,0,1,1,1,1,256.4108234,183.5318491,255.732061,8.786433135,11.56738778,7.809915335,257.2666761,182.4469662,257.0214944,4.25372971,10.00610365,9.935545732
137,32,24,96,1,1,1,1,0,1,1,1,0,1,1,1,257.5870017,187.1094775,251.3801382,56.92685735,27.1106325,54.64719895,262.7372903,182.1575865,252.501004,56.7788465,21.98144438,55.42223142
138,32,24,96,1,1,1,1,0,1,1,1,1,0,1,1,255.9888414,185.8475829,254.7948299,9.394729594,10.85921228,3.587361966,258.009636,185.4309034,254.3236757,10.31931362,7.489566076,5.09175112
139,32,24,96,1,1,1,1,0,1,1,1,1,1,0,1,382.9488494,272.0062902,263.9156939,18.93783443,20.42375182,15.06596125,384.0669974,273.0846283,265.6485223,16.28650691,18.82046318,15.54831997
140,32,24,96,1,1,1,1,0,1,1,1,1,1,1,0,253.1714134,186.2691383,257.8741618,28.79221894,24.69155154,5.032521423,253.8254261,187.0248369,258.0000003,28.68114577,24.63881636,5.040521832
141,32,24,96,1,1,1,1,1,0,1,1,1,1,1,1,255.6166173,185.1866812,255.5114703,7.102612289,8.431711337,3.466246171,257.5014494,184.9733141,255.0622387,8.309708901,4.203473999,4.701691476
142,32,24,96,1,1,1,1,1,0,0,1,1,1,1,1,256.4098196,183.5226709,255.740677,8.797433146,11.48375173,7.675789493,257.2733395,182.4253067,257.0303863,4.251658063,9.905211552,9.841807099
143,32,24,96,1,1,1,1,1,0,1,0,1,1,1,1,256.5253547,189.2664185,252.5851418,51.30961619,52.65672593,22.11467907,255.2448621,185.001919,257.4579951,48.96895381,51.93226604,24.59227348
144,32,24,96,1,1,1,1,1,0,1,1,0,1,1,1,255.7813325,185.6481517,254.9939164,8.259600324,9.779740524,3.577977082,257.8222082,185.2984952,254.4956882,9.404233847,5.894580053,4.975019585
145,32,24,96,1,1,1,1,1,0,1,1,1,0,1,1,257.2863061,186.2111534,253.1692604,32.58039596,15.85579436,31.83803436,260.4272969,184.0825837,252.4362953,32.70120542,10.1625931,32.24548002
146,32,24,96,1,1,1,1,1,0,1,1,1,1,0,1,253.1568787,186.274445,257.8854237,28.89396287,24.79474602,5.03436646,253.8102411,187.0271786,258.0113938,28.78272732,24.74145386,5.038327488
147,32,24,96,1,1,1,1,1,0,1,1,1,1,1,0,383.0450814,271.2817324,262.5568648,25.26448989,29.56081118,21.63149512,384.0369201,272.025124,262.3896977,22.75519618,28.08608039,21.6162027
148,96,32,96,1,1,1,1,1,1,1,1,1,1,1,1,270.4243873,208.0133126,217.2003224,2.174555663,4.120855973,1.72735317,270.6332247,208.5078233,217.2507805,2.347154516,3.682197003,1.9321437
149,96,32,96,1,1,1,1,1,1,0,1,1,1,1,1,270.3410483,207.6556248,217.6324296,4.941631407,8.641443943,4.748499262,271.1480061,206.8171094,218.2467884,3.784717792,6.786933065,6.727572407
150,96,32,96,1,1,1,1,1,1,1,0,1,1,1,1,270.3424129,207.6542964,217.6308568,4.941909129,8.651010828,4.751341304,271.1515387,206.8138088,218.2435987,3.7891193,6.786767217,6.729112021
151,96,32,96,1,1,1,1,1,1,1,1,0,1,1,1,270.9904843,207.9979035,216.5522303,5.007903962,7.044716483,7.912538276,272.2243021,208.7045789,215.1534477,7.525594662,3.484325338,6.916140557
152,96,32,96,1,1,1,1,1,1,1,1,1,0,1,1,270.9914799,207.9959285,216.5578687,5.031641419,7.05228684,7.936014493,272.2209556,208.7036494,215.1571098,7.53476353,3.476845884,6.934959623
153,96,32,96,1,1,1,1,1,1,1,1,1,1,0,1,270.1621738,208.3391545,217.3291586,6.666683202,4.113805397,3.926576115,269.2063799,209.7720065,217.9417139,5.73475539,7.506536309,3.032151892
154,96,32,96,1,1,1,1,1,1,1,1,1,1,1,0,270.1586396,208.3438169,217.3306819,6.674581646,4.129387145,3.923124624,269.2084016,209.7722477,217.940518,5.748882793,7.504519287,3.034641597
155,96,32,96,0,1,1,1,1,1,1,1,1,1,1,1,270.9528841,206.2195806,218.2173009,3.717195769,6.982670101,6.747596425,270.444589,208.1344581,217.7665065,4.89804449,8.631098085,4.864900384
156,96,32,96,0,1,1,1,1,1,0,1,1,1,1,1,320.7605511,303.4669314,329.9047256,8.034674425,15.36353953,15.30789178,323.3766893,305.2001592,330.579023,9.807770773,13.79075548,14.72321028
157,96,32,96,0,1,1,1,1,1,1,0,1,1,1,1,272.5240382,202.8395891,219.2856993,5.483890216,32.69423071,28.6558127,272.6585006,203.4348989,219.3513642,5.471145761,32.6308072,28.63248025
158,96,32,96,0,1,1,1,1,1,1,1,0,1,1,1,269.0701228,206.6034975,221.0863634,15.17946877,38.61181846,39.55400909,272.5484514,206.4975154,217.3890828,17.73944132,37.20980082,39.12504304
159,96,32,96,0,1,1,1,1,1,1,1,1,0,1,1,271.0162231,207.2729093,217.2805086,14.4169123,8.06232552,15.51355704,272.7373165,207.6662869,215.6446482,15.67409617,2.945251178,15.04010918
160,96,32,96,0,1,1,1,1,1,1,1,1,1,0,1,269.8409788,207.4127643,218.6223596,18.71084412,18.27797294,7.700784522,268.7859704,209.3962682,218.1176697,18.72191464,19.12838186,5.48708694
161,96,32,96,0,1,1,1,1,1,1,1,1,1,1,0,270.8712444,206.1309854,218.411321,3.738703446,7.44321761,7.329277425,270.3573952,208.0869523,217.9187478,4.991588631,9.020456261,5.556840264
162,96,32,96,1,0,1,1,1,1,1,1,1,1,1,1,270.9535168,206.2189756,218.2159578,3.712086358,6.966226794,6.742578298,270.4470136,208.1376118,217.7645738,4.904687644,8.622137744,4.854590319
163,96,32,96,1,0,1,1,1,1,0,1,1,1,1,1,272.5296994,202.8246827,219.2968474,5.492513755,32.8246678,28.78727519,272.6635552,203.4217474,219.3563115,5.477616342,32.75838291,28.76168951
164,96,32,96,1,0,1,1,1,1,1,0,1,1,1,1,319.9422928,303.1599793,330.2572853,9.588714789,15.17545755,15.72027321,322.6712437,304.8465822,330.9457638,11.08425314,13.32174308,15.15830735
165,96,32,96,1,0,1,1,1,1,1,1,0,1,1,1,271.3892572,207.5151252,216.5515457,11.1816237,7.421639732,12.44013757,272.7297073,208.0475338,215.1725288,12.49686247,3.442620248,11.89449038
166,96,32,96,1,0,1,1,1,1,1,1,1,0,1,1,267.738013,206.7739845,222.9125194,20.95995642,50.13678062,51.57864358,272.5413086,205.5458334,217.6478179,23.38395508,48.45634166,51.14407473
167,96,32,96,1,0,1,1,1,1,1,1,1,1,0,1,270.6629042,206.4035597,218.5598705,3.707493042,9.585992498,9.71949172,270.2203959,208.5309709,217.9176679,5.408252257,10.94609394,8.283112139
168,96,32,96,1,0,1,1,1,1,1,1,1,1,1,0,269.3374868,207.7151718,219.2473956,30.91807459,31.5214079,12.91802362,269.3914401,210.9249647,217.2120786,31.54025318,31.90302647,10.65933163
169,96,32,96,1,1,0,1,1,1,1,1,1,1,1,1,272.137785,208.1698371,214.9210941,7.651698236,3.647474616,7.098409408,271.1927329,208.5926777,216.4544698,5.261563485,6.983466171,8.068956361
170,96,32,96,1,1,0,1,1,1,0,1,1,1,1,1,272.0940018,205.6279397,217.1788561,21.61466596,47.25723882,49.45875166,268.0101544,208.0236978,222.3812852,19.17131573,48.73510383,49.8523751
171,96,32,96,1,1,0,1,1,1,1,0,1,1,1,1,272.5526918,207.5216233,215.041684,12.20669779,3.542290221,11.64119045,271.5030703,208.0994469,216.5462865,10.87301468,7.283583546,12.18721716
172,96,32,96,1,1,0,1,1,1,1,1,0,1,1,1,321.9044545,217.7819047,387.7653078,21.79911098,14.96201807,17.85936927,318.7331441,213.4650804,387.3690076,21.06713089,12.57887308,19.38850032
173,96,32,96,1,1,0,1,1,1,1,1,1,0,1,1,274.2164605,209.486933,211.1524894,27.23935642,6.463465264,31.82135447,274.3318958,210.0962983,211.2050759,27.23605636,6.451525855,31.79550353
174,96,32,96,1,1,0,1,1,1,1,1,1,1,0,1,275.299659,205.1228706,214.9446675,54.96429544,21.11151447,53.40780488,270.7489956,211.1290644,214.0781552,54.76423161,25.12575252,52.74450046
175,96,32,96,1,1,0,1,1,1,1,1,1,1,1,0,270.4791359,208.6799649,216.6710299,8.47672105,6.592638467,4.200855324,269.3727938,210.2495839,217.3066997,7.69538017,9.3700034,3.097231375
176,96,32,96,1,1,1,0,1,1,1,1,1,1,1,1,272.1331162,208.1708329,214.9258839,7.642616975,3.646397894,7.094842796,271.1926199,208.5927358,216.456887,5.257478841,6.983960449,8.069671171
177,96,32,96,1,1,1,0,1,1,0,1,1,1,1,1,272.5352401,207.2016263,215.4932382,15.05491581,3.099667335,14.51132858,271.1152947,207.9018806,217.232561,13.75918963,7.882635029,14.97634674
178,96,32,96,1,1,1,0,1,1,1,0,1,1,1,1,272.2896193,205.116252,217.2815365,25.60625034,52.05834769,55.04646649,267.2426551,207.9827404,222.9863056,23.19920263,53.58742808,55.3791334
179,96,32,96,1,1,1,0,1,1,1,1,0,1,1,1,274.2194591,209.4829519,211.1536328,27.21101854,6.462482915,31.79322848,274.3450684,210.0923402,211.2091408,27.21141403,6.451538273,31.76947611
180,96,32,96,1,1,1,0,1,1,1,1,1,0,1,1,322.0284583,217.969829,387.5707939,21.82730695,14.23987367,18.08083495,318.6691487,213.4033887,387.2436444,21.03345662,11.8015141,19.73679557
181,96,32,96,1,1,1,0,1,1,1,1,1,1,0,1,271.2715071,208.6715979,216.1648618,12.69555244,11.65585957,4.831492025,270.0481312,210.5887537,216.7164794,12.24387315,13.63005137,3.177193941
182,96,32,96,1,1,1,0,1,1,1,1,1,1,1,0,272.8702152,207.3667212,214.7053545,30.26763816,9.251327198,29.86252452,270.6950564,210.4399838,215.7198418,29.97050426,13.91163158,29.60177806
183,96,32,96,1,1,1,1,0,1,1,1,1,1,1,1,269.3005132,209.0650976,217.7687672,5.318829109,7.410816634,3.023380384,270.5136213,208.722746,217.361134,6.243692718,3.744730203,4.06390462
184,96,32,96,1,1,1,1,0,1,0,1,1,1,1,1,268.9358886,209.2392604,217.5794569,23.02941381,23.58607554,7.750266912,269.947833,208.0065333,218.8305231,22.70718553,22.90422137,9.994715501
185,96,32,96,1,1,1,1,0,1,1,0,1,1,1,1,269.0584655,210.9668079,216.9867395,11.68964377,28.28388824,25.74195337,268.8372234,209.4583492,219.4976029,9.302096582,28.23003081,26.68764542
186,96,32,96,1,1,1,1,0,1,1,1,0,1,1,1,271.1278247,210.1069491,214.0990064,51.87263859,23.56930096,50.13763211,275.7418995,205.6828534,214.9163023,52.04912177,19.35351454,50.72708381
187,96,32,96,1,1,1,1,0,1,1,1,1,0,1,1,270.8705953,209.868821,215.5700877,13.67404574,14.64623819,3.737143061,272.3065655,209.1815405,215.1664075,14.07863248,12.85543003,5.146691842
188,96,32,96,1,1,1,1,0,1,1,1,1,1,0,1,430.8881833,263.658631,202.8829009,23.14614196,26.22186339,14.66069254,432.4935677,267.874354,209.9281235,21.84768751,26.54180409,16.34795117
189,96,32,96,1,1,1,1,0,1,1,1,1,1,1,0,266.8702715,210.0618193,220.1438027,21.57307263,18.38375822,4.263723248,266.95266,210.6735582,220.2523593,21.5441573,18.37530517,4.268923538
190,96,32,96,1,1,1,1,1,0,1,1,1,1,1,1,269.2991977,209.0652641,217.7654524,5.333090186,7.424016,3.025628328,270.5164131,208.7247529,217.3556682,6.264820245,3.769448648,4.065311649
191,96,32,96,1,1,1,1,1,0,0,1,1,1,1,1,270.2730091,207.5929935,217.7793465,5.034886112,9.087057989,5.546469061,271.0805876,206.7188958,218.432032,3.810429036,7.333251744,7.36779119
192,96,32,96,1,1,1,1,1,0,1,0,1,1,1,1,269.6001381,210.5655035,216.668766,33.23562667,33.73479683,11.74258467,269.6478875,208.366587,219.1087522,32.50658475,33.25806106,13.99330896
193,96,32,96,1,1,1,1,1,0,1,1,0,1,1,1,269.4651878,209.5610064,217.0998446,7.114560741,9.083698414,3.111725222,270.8621264,209.0845973,216.6543905,7.929113453,5.988496363,4.346203645
194,96,32,96,1,1,1,1,1,0,1,1,1,0,1,1,270.835246,209.6043664,215.6862219,29.59019007,13.76893967,29.27598081,273.3220898,207.7409347,214.815467,29.89469522,8.963829443,29.51010257
195,96,32,96,1,1,1,1,1,0,1,1,1,1,0,1,266.8603854,210.0796399,220.1491484,21.71392512,18.52108539,4.264543454,266.9414718,210.6904881,220.2568486,21.6837041,18.51178977,4.269973233
196,96,32,96,1,1,1,1,1,0,1,1,1,1,1,0,431.8963415,264.6969491,207.5541843,20.77378114,23.97132988,14.92938557,433.4146195,268.3685474,213.2600179,19.75554781,24.25940919,16.35164069
197,96,32,32,1,1,1,1,1,1,1,1,1,1,1,1,256.7098837,242.2153351,194.5337325,1.86571488,4.79397793,3.729663443,256.9107363,242.8591495,194.9526274,2.414703874,4.289721251,3.603936611
198,96,32,32,1,1,1,1,1,1,0,1,1,1,1,1,256.7221705,241.9856821,194.9436489,4.646467956,8.889078754,4.524752243,257.4999118,241.345849,196.2310011,3.638491341,7.187878637,8.116868095
199,96,32,32,1,1,1,1,1,1,1,0,1,1,1,1,256.7219203,241.9858953,194.942656,4.651582218,8.927220891,4.584241919,257.5005782,241.3422399,196.2368721,3.637776802,7.237368196,8.166560684
200,96,32,32,1,1,1,1,1,1,1,1,0,1,1,1,257.4476553,242.0065957,193.9350051,6.252573471,8.265620835,10.04448198,258.7426989,242.8478026,192.7181217,8.67915619,4.04469067,8.446623715
201,96,32,32,1,1,1,1,1,1,1,1,1,0,1,1,257.4465448,242.0038428,193.9442475,6.260566085,8.274026694,10.05137158,258.7398348,242.8415423,192.7239842,8.678174725,4.030335381,8.448445633
202,96,32,32,1,1,1,1,1,1,1,1,1,1,0,1,256.2541364,242.661062,194.5563747,7.674507237,5.262263556,6.51976857,255.0932119,244.5767978,195.2065529,7.021292982,8.959687417,3.287472819
203,96,32,32,1,1,1,1,1,1,1,1,1,1,1,0,256.2491259,242.6620454,194.5572392,7.674435367,5.272004149,6.525706937,255.0888736,244.5874214,195.2033191,7.032818171,8.979249023,3.279242823
204,96,32,32,0,1,1,1,1,1,1,1,1,1,1,1,257.368218,240.8519894,195.5716775,3.493716204,6.979103557,7.859230315,256.910703,242.7375267,195.2800264,4.71090972,8.369920245,4.166031738
205,96,32,32,0,1,1,1,1,1,0,1,1,1,1,1,276.8125029,358.8695034,288.544113,16.00469585,20.64636656,23.54394742,282.2111607,361.4681758,290.6804049,17.95384846,18.73709913,22.68635911
206,96,32,32,0,1,1,1,1,1,1,0,1,1,1,1,259.5282747,238.1544686,196.6607306,5.105757544,29.74354923,25.64881522,259.6569045,238.7768902,197.2058917,5.108563455,29.64370858,25.59650545
207,96,32,32,0,1,1,1,1,1,1,1,0,1,1,1,254.7344794,241.5569678,199.2690007,20.43675424,47.13846788,48.61794205,259.281544,240.6781254,195.234574,22.89915516,45.08696419,47.98438296
208,96,32,32,0,1,1,1,1,1,1,1,1,0,1,1,257.74789,241.7735613,193.8950556,9.62690723,8.379081781,12.19492095,259.1085616,242.494136,192.7835246,11.31440951,3.970654501,11.09644736
209,96,32,32,0,1,1,1,1,1,1,1,1,1,0,1,256.251568,242.6200661,194.6138688,7.781158796,5.465344498,6.587915977,255.0808931,244.5801398,195.2328516,7.177874965,9.118116536,3.183997267
210,96,32,32,0,1,1,1,1,1,1,1,1,1,1,0,257.0560081,240.8936266,195.933371,3.567199657,7.780918165,8.852822018,256.5637726,242.8921647,195.5472409,4.909090543,9.107163129,5.420210849
211,96,32,32,1,0,1,1,1,1,1,1,1,1,1,1,257.3660074,240.8531788,195.5696383,3.495414178,6.955038064,7.840126907,256.9083332,242.7386731,195.281691,4.71024471,8.355603458,4.140741219
212,96,32,32,1,0,1,1,1,1,0,1,1,1,1,1,259.5296689,238.1550473,196.6731372,5.113965423,29.81554287,25.72208389,259.6582512,238.7771841,197.216195,5.115897896,29.71402244,25.66710016
213,96,32,32,1,0,1,1,1,1,1,0,1,1,1,1,278.655035,359.3234822,288.8536892,16.28236542,22.12304338,24.97475122,282.3156975,360.9628747,290.1643773,17.41774592,19.87149743,23.85012661
214,96,32,32,1,0,1,1,1,1,1,1,0,1,1,1,257.6880897,241.8483357,193.8636129,7.989687602,8.333578371,11.15079747,258.9953981,242.6268064,192.6755321,9.967204006,3.989889626,9.79739211
215,96,32,32,1,0,1,1,1,1,1,1,1,0,1,1,254.0658546,241.6336312,200.1341181,23.26344469,53.04634261,54.69188795,259.1862798,240.1705297,195.2874897,25.66802934,50.85727186,54.01623847
216,96,32,32,1,0,1,1,1,1,1,1,1,1,0,1,256.9999702,240.8921853,196.0104458,3.615844545,8.279632606,9.300256074,256.5252233,242.8807336,195.6144212,4.971531747,9.553125141,6.142135175
217,96,32,32,1,0,1,1,1,1,1,1,1,1,1,0,255.6798793,242.255921,196.2865674,27.02728173,27.09310094,12.2345736,255.2251973,245.2110438,194.6992788,27.47673431,27.7097335,7.35456679
218,96,32,32,1,1,0,1,1,1,1,1,1,1,1,1,258.8912301,242.1178666,192.0321143,8.892050857,4.190585662,8.888920393,257.865323,242.628436,194.1841375,6.704138301,8.12632654,10.29071138
219,96,32,32,1,1,0,1,1,1,0,1,1,1,1,1,259.4825133,239.7370653,194.4360193,25.6363058,52.22352741,55.2233883,254.652817,242.6345446,200.4771182,23.24131184,54.0971716,55.62811007
220,96,32,32,1,1,0,1,1,1,1,0,1,1,1,1,259.0991818,241.9472286,192.0179951,9.656688486,4.145752423,9.634198555,258.0325013,242.4826619,194.163591,7.655008885,8.177428141,10.89834956
221,96,32,32,1,1,0,1,1,1,1,1,0,1,1,1,337.5804113,278.1069736,317.0594928,16.8960397,10.22407339,17.04684198,339.3703529,281.9973575,318.412889,17.07102022,12.78630397,14.55471057
222,96,32,32,1,1,0,1,1,1,1,1,1,0,1,1,261.2165758,242.667452,188.3991305,32.81094437,7.544978117,38.25319091,261.302292,243.3706372,188.9200959,32.7978859,7.49307534,38.16002222
223,96,32,32,1,1,0,1,1,1,1,1,1,1,0,1,263.8515479,238.1565955,192.3525507,63.81808726,26.48618125,61.45386668,257.8357961,245.5014569,190.7310582,63.48173476,30.93646285,59.8211073
224,96,32,32,1,1,0,1,1,1,1,1,1,1,1,0,256.829963,242.8876234,193.5368479,9.920116573,8.119018327,6.876514936,255.5353918,245.0328593,194.1297312,9.448644656,11.21473454,3.059819191
225,96,32,32,1,1,1,0,1,1,1,1,1,1,1,1,258.8974178,242.1176737,192.0312863,8.90955191,4.182902463,8.896125979,257.8681978,242.6281727,194.1877513,6.721900843,8.137232324,10.30321341
226,96,32,32,1,1,1,0,1,1,0,1,1,1,1,1,259.1297412,241.8890999,192.0841307,10.31589129,4.136950391,10.30082249,258.0618096,242.4557323,194.1892678,8.51371011,8.186111676,11.43691684
227,96,32,32,1,1,1,0,1,1,1,0,1,1,1,1,259.6496545,239.4616769,194.4645696,27.69261487,54.43103241,57.87573195,254.3354275,242.5597198,200.6794328,25.3040744,56.32339559,58.21263101
228,96,32,32,1,1,1,0,1,1,1,1,0,1,1,1,261.2164099,242.6697061,188.404427,32.74769845,7.547011036,38.18763003,261.2945685,243.3720384,188.930408,32.73125187,7.493617918,38.09530236
229,96,32,32,1,1,1,0,1,1,1,1,1,0,1,1,338.1265412,279.0029392,316.9080257,14.28768305,8.645527943,14.54793496,339.6472422,282.2562796,318.5299714,14.79645164,11.48415633,13.64454945
230,96,32,32,1,1,1,0,1,1,1,1,1,1,0,1,258.029898,243.1444414,192.4124239,12.78445171,11.33236372,7.242206274,256.7662451,245.4486212,192.9998924,12.47356919,13.75770947,3.377547093
231,96,32,32,1,1,1,0,1,1,1,1,1,1,1,0,261.6852959,239.8790203,191.9792444,47.51051188,17.87523156,46.12781597,257.6794182,245.2943047,192.088444,47.21103688,22.73973411,44.9083128
232,96,32,32,1,1,1,1,0,1,1,1,1,1,1,1,255.1928834,243.7227947,194.5654897,6.559403381,8.835201502,3.347089614,256.5619588,243.1278278,194.98244,7.233084418,4.944735845,6.593692148
233,96,32,32,1,1,1,1,0,1,0,1,1,1,1,1,255.1635375,243.725735,194.6029514,6.778422348,9.058692942,3.206746108,256.561387,243.0635406,195.0649968,7.394223636,5.226277123,6.705794718
234,96,32,32,1,1,1,1,0,1,1,0,1,1,1,1,253.828493,245.7476328,195.1470654,10.01661233,25.21210841,22.63426617,254.0927769,244.3898995,197.6306066,8.064258526,25.0457799,24.35894092
235,96,32,32,1,1,1,1,0,1,1,1,0,1,1,1,257.8964333,244.1588602,190.4433693,64.35123345,31.52085623,60.73287353,264.0902631,238.0441222,193.3605364,64.59038496,26.89370241,62.12132585
236,96,32,32,1,1,1,1,0,1,1,1,1,0,1,1,259.3342847,245.8316976,190.1572663,15.53431196,16.87750209,4.512625154,260.3876374,244.7046743,190.3870116,15.53871568,14.81631381,7.487171914
237,96,32,32,1,1,1,1,0,1,1,1,1,1,0,1,441.4028571,284.2043674,187.9993953,19.83399436,24.57849546,15.62059544,440.5805892,281.1047377,182.4366288,21.17569201,23.18884965,12.90335753
238,96,32,32,1,1,1,1,0,1,1,1,1,1,1,0,252.7655794,245.149476,195.7438063,23.0020385,19.1368255,6.047542658,252.806849,245.8382836,196.314449,22.95929035,19.14006998,6.049249249
239,96,32,32,1,1,1,1,1,0,1,1,1,1,1,1,255.1948496,243.7230779,194.5654073,6.592271945,8.8666276,3.342765478,256.5636353,243.1190046,194.9846933,7.255170528,4.980643953,6.59944352
240,96,32,32,1,1,1,1,1,0,0,1,1,1,1,1,256.5318604,242.0634633,195.088754,4.746071763,9.266052319,5.140832169,257.3304689,241.3597168,196.4391575,3.656822154,7.619486079,8.638684362
241,96,32,32,1,1,1,1,1,0,1,0,1,1,1,1,255.4775969,245.5679416,193.0095864,42.11332141,42.66776513,14.51595793,255.2325398,242.8825309,197.4266226,41.35967104,42.31496109,19.03295417
242,96,32,32,1,1,1,1,1,0,1,1,0,1,1,1,256.8451195,244.805542,192.0540648,13.16480139,14.84609302,3.446865934,258.1462002,243.8223981,192.5152895,13.32763137,12.53504178,7.146017441
243,96,32,32,1,1,1,1,1,0,1,1,1,0,1,1,257.9822472,244.3245163,190.8755567,59.3812968,29.28066845,55.95918329,263.4493101,238.7312505,193.1688665,59.58905884,24.53872389,57.23839334
244,96,32,32,1,1,1,1,1,0,1,1,1,1,0,1,252.7607365,245.1375812,195.7444167,23.01677627,19.1487998,6.047970407,252.8089791,245.8399009,196.3140033,22.97868172,19.15765674,6.0488592
245,96,32,32,1,1,1,1,1,0,1,1,1,1,1,0,441.3973077,284.326501,188.3303778,19.67208641,24.88724439,16.62979114,440.7397094,281.4136386,183.1653996,21.02268811,23.44948429,14.3930677
246,32,96,32,1,1,1,1,1,1,1,1,1,1,1,1,194.5282766,256.7170208,242.208493,3.732490681,1.874294513,4.778425069,194.9508216,256.9130045,242.8571518,3.598127571,2.406158887,4.305075184
247,32,96,32,1,1,1,1,1,1,0,1,1,1,1,1,194.554103,256.2500411,242.661144,6.517087143,7.664004624,5.261626231,195.2016196,255.0959157,244.5782368,3.286322826,7.020721656,8.954254637
248,32,96,32,1,1,1,1,1,1,1,0,1,1,1,1,194.5529803,256.2543828,242.659463,6.527106436,7.687743262,5.281245584,195.2002285,255.0921215,244.5819375,3.278161431,7.039531885,8.981912705
249,32,96,32,1,1,1,1,1,1,1,1,0,1,1,1,194.9373914,256.7258472,241.9835889,4.534311679,4.647412014,8.893318101,196.2297352,257.5073918,241.3458013,8.137180114,3.644105962,7.203095587
250,32,96,32,1,1,1,1,1,1,1,1,1,0,1,1,194.933146,256.7257311,241.9866878,4.512504708,4.647871176,8.881028205,196.2195656,257.5031176,241.3456911,8.106608501,3.636763845,7.177638702
251,32,96,32,1,1,1,1,1,1,1,1,1,1,0,1,193.9409006,257.4472595,242.0083233,10.04044516,6.233898738,8.262993184,192.7241217,258.7350429,242.8498287,8.432524659,8.654585985,4.044851097
252,32,96,32,1,1,1,1,1,1,1,1,1,1,1,0,193.9319782,257.4506067,242.0065181,10.05838639,6.275005518,8.269624259,192.7158373,258.7471077,242.8434948,8.468315715,8.692964842,4.035305849
253,32,96,32,0,1,1,1,1,1,1,1,1,1,1,1,194.562422,255.1969786,243.7207967,3.352219903,6.571618421,8.839675075,194.9786706,256.5647995,243.1255108,6.591071246,7.244363434,4.954511678
254,32,96,32,0,1,1,1,1,1,0,1,1,1,1,1,188.1840143,441.0988647,284.4054805,15.17865806,19.89943791,24.24660517,182.8303621,440.2426714,281.4562984,12.50084397,21.30163588,23.13801834
255,32,96,32,0,1,1,1,1,1,1,0,1,1,1,1,195.726146,252.7730283,245.1351699,6.048666436,23.02399324,19.15519243,196.2962886,252.8217799,245.8374319,6.049756473,22.9882645,19.16685511
256,32,96,32,0,1,1,1,1,1,1,1,0,1,1,1,193.07836,255.4467945,245.5550036,15.82113383,41.78925783,42.81948269,197.6157977,255.2529324,243.0456679,20.23457592,41.03743797,42.64968251
257,32,96,32,0,1,1,1,1,1,1,1,1,0,1,1,195.0950171,256.5220587,242.0763191,5.198549785,4.758355691,9.29619687,196.4496515,257.3206611,241.3708835,8.674977075,3.659407792,7.646909246
258,32,96,32,0,1,1,1,1,1,1,1,1,1,0,1,191.1629401,257.7754225,243.8958228,55.07378176,57.41582241,26.63407857,193.4530276,263.5090549,238.9174369,56.37261045,57.74592999,21.7985012
259,32,96,32,0,1,1,1,1,1,1,1,1,1,1,0,191.5830987,257.3454872,245.1681719,3.75218713,14.01232151,15.66444382,191.983442,258.5249407,244.1502949,7.182567967,14.07277884,13.53767197
260,32,96,32,1,0,1,1,1,1,1,1,1,1,1,1,194.5634938,255.1954072,243.7229793,3.348259113,6.563789135,8.840964346,194.980206,256.5659273,243.12397,6.592980297,7.239372265,4.940810879
261,32,96,32,1,0,1,1,1,1,0,1,1,1,1,1,195.7227326,252.7821491,245.1265524,6.048083671,22.97094555,19.10256143,196.2925494,252.8302905,245.8320088,6.049029398,22.93339911,19.11439456
262,32,96,32,1,0,1,1,1,1,1,0,1,1,1,1,188.1006333,441.3630901,284.2943232,15.161246,19.15946879,23.73570331,182.9380812,440.6473575,281.4317867,12.68432211,20.60742607,22.47714029
263,32,96,32,1,0,1,1,1,1,1,1,0,1,1,1,195.0809162,256.5368079,242.0686546,5.107668813,4.745083197,9.263502286,196.4231418,257.3342933,241.3602288,8.609333408,3.654619701,7.590770576
264,32,96,32,1,0,1,1,1,1,1,1,1,0,1,1,191.9841885,255.4664993,246.6545477,22.19297321,54.51216123,55.95198538,197.9583616,254.2817418,243.0146438,26.35861167,53.61584127,55.81115606
265,32,96,32,1,0,1,1,1,1,1,1,1,1,0,1,190.7335401,258.8409233,244.2107123,3.922728252,15.84312385,16.70097323,191.2270793,260.5708396,243.6071704,7.860262688,16.16085969,14.92739159
266,32,96,32,1,0,1,1,1,1,1,1,1,1,1,0,190.8004031,257.874372,244.2294,57.62665631,60.72363153,29.29675801,193.3753393,263.6897188,238.4515734,58.96862458,60.98944279,24.51357802
267,32,96,32,1,1,0,1,1,1,1,1,1,1,1,1,195.5658437,257.366616,240.856746,7.831130748,3.493776433,6.953622454,195.278947,256.9096107,242.7402694,4.133189981,4.70769683,8.35091575
268,32,96,32,1,1,0,1,1,1,0,1,1,1,1,1,194.6277512,256.2573737,242.5995174,6.621252499,7.866376337,5.583058151,195.2326846,255.0763026,244.5842333,3.141571808,7.278910353,9.213498503
269,32,96,32,1,1,0,1,1,1,1,0,1,1,1,1,195.9001778,257.0829992,240.8826336,8.726494207,3.568871944,7.660969001,195.5304207,256.5836251,242.8847009,5.240850721,4.889839968,9.046956101
270,32,96,32,1,1,0,1,1,1,1,1,0,1,1,1,288.0798266,276.8625797,359.3336113,29.28061438,22.26976506,25.07761551,289.1926532,278.6325078,360.3461802,29.05742644,22.40769952,23.82891856
271,32,96,32,1,1,0,1,1,1,1,1,1,0,1,1,196.6436026,259.5455806,238.1430488,25.70955307,5.111299673,29.80566955,197.1917649,259.6735577,238.7695079,25.65716261,5.112134573,29.70314583
272,32,96,32,1,1,0,1,1,1,1,1,1,1,0,1,200.0771206,254.105284,241.6172059,54.37099003,22.9725645,52.78557179,195.249726,259.1707386,240.1881439,53.68929481,25.3860114,50.60521533
273,32,96,32,1,1,0,1,1,1,1,1,1,1,1,0,193.8540285,257.7113476,241.8336686,11.34264646,8.291360922,8.337408018,192.680368,259.0276768,242.6079271,10.03598284,10.21259875,4.004941332
274,32,96,32,1,1,1,0,1,1,1,1,1,1,1,1,195.5656436,257.3726471,240.8517216,7.838426766,3.495389628,6.966316293,195.2794549,256.9164831,242.7352916,4.150786715,4.707259933,8.362451237
275,32,96,32,1,1,1,0,1,1,0,1,1,1,1,1,195.9491325,257.0501246,240.9221534,9.028744142,3.563306073,7.953384669,195.5358719,256.5601765,242.9047103,5.662103075,4.919788455,9.217728036
276,32,96,32,1,1,1,0,1,1,1,0,1,1,1,1,197.4075848,253.7970093,242.699303,25.10454566,51.66474732,53.76873616,192.8409689,254.9570883,247.653445,20.79527782,52.45692529,53.69402537
277,32,96,32,1,1,1,0,1,1,1,1,0,1,1,1,196.6451453,259.5471056,238.1375539,25.72108673,5.107343991,29.81468015,197.2020005,259.676812,238.7730361,25.67280258,5.109748162,29.71997667
278,32,96,32,1,1,1,0,1,1,1,1,1,0,1,1,288.0578728,274.8190214,358.7414919,24.68957451,14.19070756,22.28992566,290.4673043,280.6746846,361.0770839,23.86053934,16.25599726,19.75255451
279,32,96,32,1,1,1,0,1,1,1,1,1,1,0,1,193.8398914,257.6782438,241.8431434,11.0340274,7.796102369,8.323665648,192.6437695,258.982295,242.631668,9.649550807,9.825963684,4.004522075
280,32,96,32,1,1,1,0,1,1,1,1,1,1,1,0,199.3497818,254.6685167,241.3863357,49.67609682,20.90270419,48.15868263,195.201447,259.2879731,240.5452863,49.06019017,23.35718559,46.13225057
281,32,96,32,1,1,1,1,0,1,1,1,1,1,1,1,192.0244028,258.8867855,242.1166891,8.898152709,8.900440713,4.185723984,194.1841579,257.8684329,242.6283174,10.3146674,6.722854395,8.132914157
282,32,96,32,1,1,1,1,0,1,0,1,1,1,1,1,192.6563625,261.0124706,240.7289373,38.60173028,38.44026967,10.41913252,193.0618906,257.2290829,244.259016,37.50488121,37.81895736,15.76956644
283,32,96,32,1,1,1,1,0,1,1,0,1,1,1,1,193.0290425,257.7499956,242.5730924,7.510457324,13.99125913,12.8109176,193.4985466,256.2397447,244.6603401,2.974487398,13.60211235,14.89448082
284,32,96,32,1,1,1,1,0,1,1,1,0,1,1,1,194.4215603,259.618537,239.4935418,57.21261456,27.27661692,53.86317212,200.5926364,254.3923241,242.5356219,57.56002847,24.88424387,55.75056359
285,32,96,32,1,1,1,1,0,1,1,1,1,0,1,1,192.0002596,259.0489374,241.9961455,9.292680878,9.310146251,4.13770717,194.1794843,257.9953189,242.5212264,10.64887221,7.212779901,8.190058849
286,32,96,32,1,1,1,1,0,1,1,1,1,1,0,1,316.9321023,338.1162845,278.562885,14.20485135,13.88726957,8.206409437,318.2848086,339.5375547,281.5931796,13.96563026,14.87262726,10.77092288
287,32,96,32,1,1,1,1,0,1,1,1,1,1,1,0,188.3943978,261.232171,242.6661752,38.15550741,32.71434799,7.547863148,188.911434,261.3016493,243.3690106,38.05958951,32.69612805,7.493610471
288,32,96,32,1,1,1,1,1,0,1,1,1,1,1,1,192.0283403,258.8974412,242.1144862,8.908430128,8.915919843,4.192052036,194.1821573,257.8698445,242.6248211,10.30706331,6.730809531,8.130617354
289,32,96,32,1,1,1,1,1,0,0,1,1,1,1,1,192.3694097,257.5958983,243.3315804,7.042518473,11.362871,10.22319139,193.0013639,256.4475,245.6500244,3.492475776,11.22815519,12.92825422
290,32,96,32,1,1,1,1,1,0,1,0,1,1,1,1,192.4059108,263.4698241,238.5058437,58.45678424,60.36465653,24.114959,191.0932601,257.8379238,245.5276901,56.88450744,60.00771333,28.7330962
291,32,96,32,1,1,1,1,1,0,1,1,0,1,1,1,192.0173302,259.09377,241.9475257,9.645550204,9.659049153,4.138295618,194.1646039,258.0323882,242.4875246,10.90952897,7.669009642,8.178232234
292,32,96,32,1,1,1,1,1,0,1,1,1,0,1,1,194.4640466,259.7478231,239.7005397,54.70921938,26.30414627,51.3426443,200.1872499,254.7375635,242.3874211,55.0088237,23.88756291,53.15033521
293,32,96,32,1,1,1,1,1,0,1,1,1,1,0,1,188.3920433,261.2312712,242.6585015,38.12803395,32.68633482,7.547629482,188.911231,261.3026871,243.3607622,38.03283728,32.66876657,7.493093614
294,32,96,32,1,1,1,1,1,0,1,1,1,1,1,0,317.3250999,338.182611,279.8444123,16.25955043,15.71113437,9.537162788,318.5710243,339.4734821,282.2929771,13.94159094,15.70379645,10.95071482
295,32,24,32,1,1,1,1,1,1,1,1,1,1,1,1,243.8596708,217.3852009,227.9442045,4.53142049,5.33431424,4.226922762,244.5640435,218.1812579,228.5346609,4.613520226,5.084841676,4.334717859
296,32,24,32,1,1,1,1,1,1,0,1,1,1,1,1,243.6199076,217.0056904,228.6461157,8.215340166,10.92058841,6.262900495,244.4764071,216.2461676,230.6012124,4.137303147,9.638051619,10.45712602
297,32,24,32,1,1,1,1,1,1,1,0,1,1,1,1,243.6249492,217.010498,228.6356592,8.217562767,10.89207135,6.204196624,244.4799415,216.2518771,230.5947848,4.133491379,9.593399399,10.42351988
298,32,24,32,1,1,1,1,1,1,1,1,0,1,1,1,244.5733617,217.1940634,227.4274205,6.508650733,9.142123261,10.57999896,246.8193648,217.9847567,226.4077748,10.75383201,4.034280116,9.498191626
299,32,24,32,1,1,1,1,1,1,1,1,1,0,1,1,244.5727264,217.1916818,227.4267077,6.529290355,9.141890235,10.59377326,246.8194629,217.9844711,226.4079371,10.76581465,4.039648631,9.515289039
300,32,24,32,1,1,1,1,1,1,1,1,1,1,0,1,243.5399421,217.9696161,227.8291554,9.902873766,6.145658361,7.628600938,242.7962937,220.2213709,228.6098592,9.053437406,10.58701384,3.861490964
301,32,24,32,1,1,1,1,1,1,1,1,1,1,1,0,243.5361261,217.9707608,227.8312706,9.891695924,6.131491304,7.623728182,242.7944505,220.220599,228.6134788,9.042479872,10.57936673,3.869854131
302,32,24,32,0,1,1,1,1,1,1,1,1,1,1,1,243.7168795,215.508008,230.0142849,4.119419871,9.439794646,10.23314198,244.2687616,217.8171237,229.2834774,8.205420147,10.43430579,6.119408463
303,32,24,32,0,1,1,1,1,1,0,1,1,1,1,1,271.529441,341.7143823,311.1989041,16.37580332,20.06603139,21.61700993,274.2259483,342.999398,312.6418168,16.88994552,16.47808591,20.70066048
304,32,24,32,0,1,1,1,1,1,1,0,1,1,1,1,244.2271145,212.9349322,231.9474644,7.57093061,33.9222192,28.4319352,244.9351042,213.7103587,232.5663383,7.541173607,33.75722482,28.37694028
305,32,24,32,0,1,1,1,1,1,1,1,0,1,1,1,239.7089506,216.2407579,235.1797643,29.09919343,63.69503812,66.4123948,247.6506244,214.275054,229.5609415,33.9124144,61.03116145,65.76405464
306,32,24,32,0,1,1,1,1,1,1,1,1,0,1,1,244.7848406,216.5377367,227.8435633,8.446803336,9.382628173,11.91893096,247.2179383,217.2821915,226.7725689,12.26366697,3.84985866,11.06924983
307,32,24,32,0,1,1,1,1,1,1,1,1,1,0,1,240.7376759,218.1262872,231.3133376,54.2628001,57.80092888,29.07846794,243.0184735,223.7691683,225.9884029,55.97471303,57.80779999,24.05123613
308,32,24,32,0,1,1,1,1,1,1,1,1,1,1,0,243.2033001,215.723273,230.3884903,4.017936394,10.32294714,11.16168108,243.7776043,218.1076805,229.5619874,8.382501109,11.22537299,7.282035573
309,32,24,32,1,0,1,1,1,1,1,1,1,1,1,1,243.7205831,215.5095934,230.0093352,4.124087134,9.411773445,10.20336204,244.2721514,217.815467,229.2812915,8.199213708,10.42669031,6.085408174
310,32,24,32,1,0,1,1,1,1,0,1,1,1,1,1,244.2254971,212.9278979,231.9486627,7.571693646,34.01430961,28.52357592,244.9330561,213.7080448,232.5781943,7.541667917,33.85659546,28.47338518
311,32,24,32,1,0,1,1,1,1,1,0,1,1,1,1,268.974916,341.0083412,310.8699597,11.74092536,17.92403888,17.96040773,272.4893307,342.8781692,312.853815,13.76246456,15.16518249,17.80821417
312,32,24,32,1,0,1,1,1,1,1,1,0,1,1,1,244.7955125,216.582177,227.7934912,7.903491276,9.353041912,11.59111284,247.1526083,217.3324947,226.6863089,11.83057702,3.845133292,10.59556275
313,32,24,32,1,0,1,1,1,1,1,1,1,0,1,1,239.4151562,216.2157714,235.4608479,30.12039604,65.98947338,68.72178609,247.5209325,213.9954511,229.4693414,34.86491557,63.27182852,68.03289671
314,32,24,32,1,0,1,1,1,1,1,1,1,1,0,1,243.198458,215.7165322,230.3817963,3.991536931,10.34295539,11.18983136,243.7823353,218.1171661,229.5703101,8.407704076,11.27617773,7.363203177
315,32,24,32,1,0,1,1,1,1,1,1,1,1,1,0,240.2850548,218.1345119,231.4823121,60.12781892,63.93073723,31.97226758,243.4535434,224.6277032,225.4180299,62.05058259,63.99181552,27.02447338
316,32,24,32,1,1,0,1,1,1,1,1,1,1,1,1,246.1238236,217.0696069,225.8918425,10.55067141,4.143261176,9.255342174,245.2415824,218.0013744,228.013942,6.421774708,9.081843674,10.14586369
317,32,24,32,1,1,0,1,1,1,0,1,1,1,1,1,246.713131,213.4979599,228.8190161,34.23156199,63.71896655,68.10030619,240.174434,217.4735039,236.0392565,29.31119432,65.94390569,68.41134034
318,32,24,32,1,1,0,1,1,1,1,0,1,1,1,1,246.5270024,216.195516,226.294659,12.23545515,3.876677837,11.0160072,245.5163044,217.1907061,228.5252684,8.646069985,9.367195675,11.7765393
319,32,24,32,1,1,0,1,1,1,1,1,0,1,1,1,304.965266,232.1677999,373.2524686,22.4489632,14.99133125,21.27855204,307.7517601,237.0572247,374.7503971,22.86870161,17.19812603,18.78108822
320,32,24,32,1,1,0,1,1,1,1,1,1,0,1,1,248.1420886,217.4333297,223.2771696,26.2611571,8.171991198,31.72814609,248.8393809,218.3283994,223.8158586,26.24677842,8.143236141,31.60199681
321,32,24,32,1,1,0,1,1,1,1,1,1,1,0,1,250.8025036,213.1319498,226.1426669,69.64508788,29.89562228,66.99025014,245.451867,221.6338458,224.1834623,69.22750127,35.30548633,64.86693419
322,32,24,32,1,1,0,1,1,1,1,1,1,1,1,0,244.107657,218.2287946,226.9964977,11.05112956,7.688390224,7.87995802,243.2545319,220.6211775,227.7475665,10.28957848,11.8092831,3.698652903
323,32,24,32,1,1,1,0,1,1,1,1,1,1,1,1,246.1249725,217.0701213,225.88836,10.55698627,4.138381512,9.275284233,245.2463626,218.0020079,228.0107269,6.45027442,9.083219818,10.16929253
324,32,24,32,1,1,1,0,1,1,0,1,1,1,1,1,246.691836,216.0653828,226.3975089,12.58054953,3.943313737,11.36255347,245.6056673,217.0559244,228.5718924,9.016864604,9.366825302,11.97042004
325,32,24,32,1,1,1,0,1,1,1,0,1,1,1,1,246.8266217,213.1902261,228.799646,36.13371505,65.39204973,70.28348468,239.8469774,217.3473354,236.1186925,31.24194962,67.63396848,70.53239638
326,32,24,32,1,1,1,0,1,1,1,1,0,1,1,1,248.1575366,217.4314947,223.2690129,26.33718757,8.172206652,31.80444508,248.8476669,218.3254358,223.8037886,26.31997116,8.143359854,31.67455922
327,32,24,32,1,1,1,0,1,1,1,1,1,0,1,1,304.6312135,231.9748656,372.8503121,21.56157534,12.8353726,20.71928171,307.9194752,237.2017983,374.4385663,22.05461488,15.67322891,17.64561311
328,32,24,32,1,1,1,0,1,1,1,1,1,1,0,1,244.2258179,218.2903411,226.9630312,11.54232678,8.461250557,7.949927145,243.4024487,220.7414066,227.7004801,10.89412929,12.35371617,3.667699332
329,32,24,32,1,1,1,0,1,1,1,1,1,1,1,0,250.321887,213.7003961,226.0644592,64.90555852,27.54886982,62.39362418,245.5965449,221.7091962,224.6652269,64.57005053,33.10717986,60.39959756
330,32,24,32,1,1,1,1,0,1,1,1,1,1,1,1,242.3583893,219.2551835,227.8853333,8.549949911,10.29170676,3.840717561,244.3462896,218.6728602,228.4023902,9.199297171,5.771540889,7.697157304
331,32,24,32,1,1,1,1,0,1,0,1,1,1,1,1,243.2170979,222.0729642,226.1003543,46.57990531,46.72107388,15.21886283,242.7766256,218.2908653,230.5570446,44.59412105,45.69898695,20.39336384
332,32,24,32,1,1,1,1,0,1,1,0,1,1,1,1,243.3084194,217.1999827,228.8245288,8.344333514,11.41469821,6.98134413,244.1448854,216.3842925,230.8393716,4.051962489,10.15905764,11.01250472
333,32,24,32,1,1,1,1,0,1,1,1,0,1,1,1,245.1867195,220.5117993,223.4615102,69.47174472,35.4218687,65.14351975,251.8917535,213.7725073,226.6390079,69.49940973,29.77016276,66.87936701
334,32,24,32,1,1,1,1,0,1,1,1,1,0,1,1,243.3429247,220.0952327,226.4291174,11.17849086,12.75593047,3.718330035,245.3832433,219.2148274,227.004053,11.4393574,8.932451286,8.13091174
335,32,24,32,1,1,1,1,0,1,1,1,1,1,0,1,390.1601763,282.1918905,234.1367996,21.32212417,23.68184122,16.13304215,391.4987524,283.8635046,237.4836033,18.26686291,22.2462779,17.30108675
336,32,24,32,1,1,1,1,0,1,1,1,1,1,1,0,240.2579549,220.8813259,228.6390973,27.94903674,23.13856825,7.085337617,240.8452081,221.7654176,229.3013841,27.82503757,23.12522587,7.072744848
337,32,24,32,1,1,1,1,1,0,1,1,1,1,1,1,242.3649864,219.2590578,227.8823818,8.54282286,10.28687147,3.84574976,244.3485587,218.6705356,228.3977046,9.180683983,5.753015043,7.692686201
338,32,24,32,1,1,1,1,1,0,0,1,1,1,1,1,243.296759,217.1958978,228.8275146,8.329291985,11.38992018,6.975093435,244.1376805,216.391486,230.850002,4.067763618,10.17690233,11.02287759
339,32,24,32,1,1,1,1,1,0,1,0,1,1,1,1,243.0844147,223.612593,224.4933687,61.83760814,63.81490095,26.91668349,241.2169818,218.8977227,231.8070784,59.51619565,63.28620596,31.71888215
340,32,24,32,1,1,1,1,1,0,1,1,0,1,1,1,243.0573631,219.7210753,226.5982494,10.99889579,12.55457215,3.646496209,245.226336,219.0176816,227.1641054,11.61332354,8.897203435,8.066838139
341,32,24,32,1,1,1,1,1,0,1,1,1,0,1,1,245.3082603,220.611035,223.7511621,66.76708337,34.27166988,62.44925255,251.5935736,214.1293917,226.5897959,66.74274122,28.54397693,64.11884786
342,32,24,32,1,1,1,1,1,0,1,1,1,1,0,1,240.2595928,220.8981258,228.6352142,28.02572776,23.21432961,7.085757555,240.8388183,221.7720161,229.3005008,27.89226594,23.19196935,7.072211167
343,32,24,32,1,1,1,1,1,0,1,1,1,1,1,0,390.2743898,281.9727801,234.6874147,22.71426494,25.31003742,17.86248941,391.4545921,283.4715348,235.9042929,21.11991718,25.18054115,18.35073344
344,16,32,96,1,1,1,1,1,1,1,1,1,1,1,1,205.9628516,203.3759816,298.2423275,7.697521897,4.033090344,1.984019577,207.1022945,203.6736355,298.6212377,6.454735087,3.743560823,3.021532059
345,16,32,96,1,1,1,1,1,1,0,1,1,1,1,1,205.7015371,202.3860385,299.3020726,12.3930988,12.82450541,8.511663109,206.5219449,200.6318517,301.3347157,4.461297531,10.83998254,11.19679747
346,16,32,96,1,1,1,1,1,1,1,0,1,1,1,1,205.7006146,202.384491,299.3003904,12.39864696,12.84725417,8.535566629,206.5198601,200.6309554,301.3437088,4.453115191,10.85853087,11.22039201
347,16,32,96,1,1,1,1,1,1,1,1,0,1,1,1,206.2780269,203.4904893,298.0413137,7.598148182,6.781934278,7.900033297,208.946196,204.1043692,297.166611,10.89744057,3.348570055,7.929362449
348,16,32,96,1,1,1,1,1,1,1,1,1,0,1,1,206.274427,203.4820198,298.0492459,7.604903616,6.78317034,7.899580064,208.9403611,204.0956448,297.1720011,10.88986304,3.349815633,7.925019874
349,16,32,96,1,1,1,1,1,1,1,1,1,1,0,1,205.8043642,203.7295811,298.0865794,11.66875123,5.714407117,5.450616923,205.5170652,204.6616712,299.0515602,9.334012451,9.137076912,4.309724487
350,16,32,96,1,1,1,1,1,1,1,1,1,1,1,0,205.8078787,203.7385439,298.0804885,11.66252282,5.706045681,5.447702234,205.5243423,204.6714028,299.0471747,9.330186178,9.130978936,4.313802237
351,16,32,96,0,1,1,1,1,1,1,1,1,1,1,1,205.3620522,199.6270569,301.5399837,4.995352921,12.03815071,11.85067335,207.0675692,202.18792,299.9269308,12.03456279,13.60077081,9.61474825
352,16,32,96,0,1,1,1,1,1,0,1,1,1,1,1,235.8656312,342.2360331,357.7359933,14.32137071,18.01857348,19.53217012,239.5892844,343.468266,359.4798727,16.32347229,18.71907077,20.82203471
353,16,32,96,0,1,1,1,1,1,1,0,1,1,1,1,205.3474895,195.2491304,304.9117481,10.58552784,46.79638364,39.69910724,206.6896062,195.731895,304.9990341,10.47671828,46.64925525,39.68924953
354,16,32,96,0,1,1,1,1,1,1,1,0,1,1,1,201.9001604,199.1994911,305.5864549,27.97263055,63.97339002,67.01419417,210.8714719,198.7454028,300.4417884,34.37265684,62.53235794,66.87056882
355,16,32,96,0,1,1,1,1,1,1,1,1,0,1,1,207.736811,196.8972231,304.537621,18.29822695,8.222900298,18.43185756,211.0591785,197.7468066,303.8395008,20.36085253,4.256502839,18.57965674
356,16,32,96,0,1,1,1,1,1,1,1,1,1,0,1,202.8431276,202.2765081,300.9531444,60.95073464,66.12534473,33.67415315,208.2469308,210.3234107,294.1995047,64.17590306,66.89573379,31.10217372
357,16,32,96,0,1,1,1,1,1,1,1,1,1,1,0,205.1861591,199.6626646,301.6565347,4.902282254,12.83167027,12.69851968,206.9154787,202.2375331,299.9862121,12.10876021,14.28521487,10.5935201
358,16,32,96,1,0,1,1,1,1,1,1,1,1,1,1,205.36148,199.6299797,301.547078,5.006079808,12.04223971,11.84702903,207.0649596,202.1853799,299.9280143,12.02703278,13.62341866,9.612656752
359,16,32,96,1,0,1,1,1,1,0,1,1,1,1,1,205.3464159,195.2461623,304.9055924,10.58473931,46.81631398,39.71847193,206.6877783,195.7302884,305.0065553,10.47619432,46.67390845,39.7111158
360,16,32,96,1,0,1,1,1,1,1,0,1,1,1,1,235.6016437,342.808935,357.6470896,14.55837216,17.71914437,19.00443796,239.2805531,343.761645,359.1372069,16.73220298,17.51450182,19.94445196
361,16,32,96,1,0,1,1,1,1,1,1,0,1,1,1,208.0918721,195.9163751,304.8868936,18.29155069,8.158065594,17.96231573,211.2405856,196.8096563,304.0561543,19.87636235,4.223454169,18.00508198
362,16,32,96,1,0,1,1,1,1,1,1,1,0,1,1,200.8498235,198.712452,306.3437798,33.24431718,72.67141656,76.37611753,210.9062786,197.495023,300.0832545,39.20767741,71.05093543,76.2134366
363,16,32,96,1,0,1,1,1,1,1,1,1,1,0,1,205.1462221,199.7012998,301.6948298,4.934326413,13.66150893,13.5492303,206.8885907,202.2298079,300.0150063,12.07779355,15.04246594,11.62758771
364,16,32,96,1,0,1,1,1,1,1,1,1,1,1,0,202.8149331,202.2940833,300.9868706,61.32198692,66.62009313,33.97833526,208.2709028,210.3805714,294.1763712,64.56220542,67.38230815,31.41417149
365,16,32,96,1,1,0,1,1,1,1,1,1,1,1,1,207.3368052,203.1941954,297.6151068,10.87777718,3.468083257,7.226389622,207.1588253,203.6267304,298.8085796,7.177177612,6.948525684,7.206616595
366,16,32,96,1,1,0,1,1,1,0,1,1,1,1,1,208.0764071,198.1481231,300.9988054,35.69027272,67.85635034,71.7881663,201.505743,200.2449973,307.3258304,29.12274679,69.09575857,71.92210605
367,16,32,96,1,1,0,1,1,1,1,0,1,1,1,1,211.9088101,193.4061649,310.2779343,22.49469518,6.688196576,21.10557865,212.2641076,193.0116957,311.7391636,21.60831258,9.292358738,21.13405109
368,16,32,96,1,1,0,1,1,1,1,1,0,1,1,1,237.4831524,169.6042451,504.7081518,31.7130608,18.70695786,24.73883887,233.7011191,161.8722971,503.7311551,29.70104678,15.53480722,26.17681058
369,16,32,96,1,1,0,1,1,1,1,1,1,0,1,1,208.2897219,204.2629248,296.2182806,17.04394592,6.337849891,20.04843419,209.6597912,204.8584292,296.2740974,17.1449596,6.332897719,20.00619908
370,16,32,96,1,1,0,1,1,1,1,1,1,1,0,1,209.855713,201.6225685,298.2802236,55.53069155,21.91961237,54.69155622,207.3870642,206.8971489,296.7204345,55.79138674,26.61637082,53.53983329
371,16,32,96,1,1,0,1,1,1,1,1,1,1,1,0,205.8126574,203.7422274,298.0713291,11.66998575,5.737197114,5.459840647,205.5268281,204.6854398,299.0378818,9.358977403,9.174709398,4.311342116
372,16,32,96,1,1,1,0,1,1,1,1,1,1,1,1,207.3328944,203.187276,297.620338,10.86027612,3.46924303,7.227015125,207.1616706,203.621244,298.8120472,7.183346159,6.941351526,7.208276214
373,16,32,96,1,1,1,0,1,1,0,1,1,1,1,1,210.9830728,193.0777106,310.1158588,23.46418577,8.15793414,21.71227599,211.1997878,192.7662997,312.0035246,21.6002556,10.81500679,21.77035553
374,16,32,96,1,1,1,0,1,1,1,0,1,1,1,1,208.2382746,197.586527,301.0498553,39.16998868,70.97248514,75.88275283,200.8345184,199.9764597,307.4765303,32.73331591,72.24758898,75.94856925
375,16,32,96,1,1,1,0,1,1,1,1,0,1,1,1,208.294011,204.2656067,296.2116312,17.07641441,6.337365064,20.07236873,209.6610602,204.8635108,296.2710964,17.16135937,6.33259702,20.03038626
376,16,32,96,1,1,1,0,1,1,1,1,1,0,1,1,237.216848,168.797487,504.7462465,31.7981206,18.64289448,24.85989329,233.4767003,161.1192402,503.7663763,29.84761222,15.50464951,26.29964145
377,16,32,96,1,1,1,0,1,1,1,1,1,1,0,1,209.7639571,204.3542673,296.3604218,33.91344475,29.98099603,15.35114645,208.9472326,207.9049313,295.8380282,34.56371518,32.12984393,12.74683423
378,16,32,96,1,1,1,0,1,1,1,1,1,1,1,0,208.8453671,202.4823383,297.6034067,42.63630236,15.799396,42.03058169,207.3106602,206.4592868,297.3510555,42.8889209,20.68315797,41.07687714
379,16,32,96,1,1,1,1,0,1,1,1,1,1,1,1,204.4109001,203.8552738,298.9157698,9.363735476,8.830140659,3.998893277,207.0744971,203.8523835,298.3993262,11.01515549,5.265345913,5.452692852
380,16,32,96,1,1,1,1,0,1,0,1,1,1,1,1,205.6665895,209.9104529,294.7020012,56.99759294,58.80447017,25.83324983,203.8463112,203.6070673,300.6249744,53.27421568,57.50091065,28.48119006
381,16,32,96,1,1,1,1,0,1,1,0,1,1,1,1,205.3911332,202.2367308,299.6514335,12.50829642,16.83428128,14.2620423,206.0625942,200.6855856,301.712539,4.484789179,15.58479707,15.92374981
382,16,32,96,1,1,1,1,0,1,1,1,0,1,1,1,206.106355,206.7755709,295.7097161,53.89186587,25.28728767,51.58281968,211.2925144,202.8624752,297.2680348,53.22820363,20.40962223,52.60265975
383,16,32,96,1,1,1,1,0,1,1,1,1,0,1,1,204.4137662,203.9403482,298.8481302,9.467685683,9.025042196,4.021076441,207.112253,203.92805,298.3196239,11.14875863,5.483374912,5.500165739
384,16,32,96,1,1,1,1,0,1,1,1,1,1,0,1,291.42706,331.6638113,339.415965,21.71939087,22.21096225,13.61772598,294.5036719,332.9685961,344.1207346,17.98819138,20.53705323,15.83525351
385,16,32,96,1,1,1,1,0,1,1,1,1,1,1,0,201.8103951,204.1514632,300.3771998,36.87015811,32.14727867,6.071162783,203.0864831,204.6562739,300.5343301,36.68001787,32.03194581,6.064615323
386,16,32,96,1,1,1,1,1,0,1,1,1,1,1,1,204.4078874,203.8555126,298.9226704,9.379839345,8.859083404,4.001581771,207.0735925,203.8490479,298.4054857,11.03242497,5.300975853,5.459752636
387,16,32,96,1,1,1,1,1,0,0,1,1,1,1,1,205.358093,202.2713076,299.6620451,12.52897496,17.38220333,14.9593504,206.0070358,200.7422519,301.7489808,4.486259399,16.171608,16.54464899
388,16,32,96,1,1,1,1,1,0,1,0,1,1,1,1,205.6132909,210.0095792,294.489126,58.03641159,60.16601513,27.05618245,203.6610038,203.6252939,300.7903261,54.27768069,58.90302318,29.70167877
389,16,32,96,1,1,1,1,1,0,1,1,0,1,1,1,204.4139709,203.9332201,298.8578836,9.474020201,9.023666185,4.024826482,207.1118193,203.925028,298.326461,11.16224158,5.495342772,5.495378623
390,16,32,96,1,1,1,1,1,0,1,1,1,0,1,1,206.264529,203.4886969,298.0518248,7.704475922,6.796753184,7.989987611,208.9548116,204.100351,297.1835206,10.98975866,3.333343895,8.044553855
391,16,32,96,1,1,1,1,1,0,1,1,1,1,0,1,201.8159935,204.1408856,300.3828137,36.77332155,32.04394193,6.067272308,203.0775735,204.6262107,300.5385174,36.56803292,31.9214364,6.061046974
392,16,32,96,1,1,1,1,1,0,1,1,1,1,1,0,292.2122978,332.2833503,343.3200818,18.86883587,18.74322902,12.45631978,294.2169319,333.1159971,345.6994293,17.70904236,18.43994581,13.64282384
393,48,16,32,1,1,1,1,1,1,1,1,1,1,1,1,282.309239,199.3096109,217.9346561,3.531527393,7.28568164,4.136593239,282.9326525,200.4281371,218.3650579,4.127373691,6.411622261,4.123231516
394,48,16,32,1,1,1,1,1,1,0,1,1,1,1,1,282.0104589,199.0784838,218.5227077,7.243602753,12.04455448,6.316326506,282.9794606,198.6675368,219.958882,4.430671991,10.25116064,10.28952296
395,48,16,32,1,1,1,1,1,1,1,0,1,1,1,1,282.0126599,199.0778612,218.5184667,7.245374775,12.03851727,6.31177215,282.9793719,198.6702883,219.9604688,4.424328776,10.24849153,10.28945738
396,48,16,32,1,1,1,1,1,1,1,1,0,1,1,1,283.2584827,199.0514001,217.0636525,7.958800252,11.8997648,12.42287778,285.6577583,199.8494471,215.539456,11.72873525,4.389869527,10.83082273
397,48,16,32,1,1,1,1,1,1,1,1,1,0,1,1,283.2514416,199.0497172,217.0675322,7.960890769,11.90658088,12.41729051,285.6559412,199.8469646,215.5432865,11.73260014,4.379358418,10.82752914
398,48,16,32,1,1,1,1,1,1,1,1,1,1,0,1,282.1267241,199.7177741,217.9713946,8.926835947,7.285198392,7.240327292,281.4481835,202.417352,218.6638462,8.819901233,11.28433852,3.644030575
399,48,16,32,1,1,1,1,1,1,1,1,1,1,1,0,282.122829,199.7219951,217.9764578,8.931523535,7.295998866,7.240216601,281.4471675,202.4275115,218.669511,8.835887782,11.30181439,3.645506771
400,48,16,32,0,1,1,1,1,1,1,1,1,1,1,1,282.446025,197.5380854,219.3163238,4.237316347,10.18987016,10.07509791,282.5146223,200.2587105,218.9404676,7.277428824,11.46954174,6.068417075
401,48,16,32,0,1,1,1,1,1,0,1,1,1,1,1,320.662493,294.7991078,331.8012407,18.94896218,24.56024066,26.14268761,321.2724262,296.3611324,332.4146769,18.83706939,23.60066096,25.82354066
402,48,16,32,0,1,1,1,1,1,1,0,1,1,1,1,283.1049568,194.9355659,220.6028357,7.107921742,38.83607513,33.30737971,283.5862916,196.1507713,221.1537487,7.077310916,38.63012557,33.19929843
403,48,16,32,0,1,1,1,1,1,1,1,0,1,1,1,277.835666,198.7577346,225.5705447,29.95594099,63.11336778,65.9568076,285.4826946,196.5220445,218.9846564,33.90769716,59.41849379,64.85717158
404,48,16,32,0,1,1,1,1,1,1,1,1,0,1,1,283.4955428,198.4445776,217.3312906,12.93157682,12.0949473,15.87700005,286.0162312,199.1378511,215.8791601,15.55407517,4.185886312,14.76741354
405,48,16,32,0,1,1,1,1,1,1,1,1,1,0,1,281.0401268,199.0965152,219.9890913,24.75260796,25.06451692,12.95664852,280.3763574,202.0835811,219.0271809,25.18678974,25.58638234,7.540147686
406,48,16,32,0,1,1,1,1,1,1,1,1,1,1,0,282.2959026,197.560172,219.4990021,4.225108478,10.47835087,10.45243365,282.3633756,200.3234576,219.0847224,7.364359747,11.73197818,6.505870154
407,48,16,32,1,0,1,1,1,1,1,1,1,1,1,1,282.4443507,197.5330387,219.3236461,4.237596818,10.21455613,10.09230492,282.5132659,200.2514575,218.9438616,7.272983796,11.48457454,6.092247826
408,48,16,32,1,0,1,1,1,1,0,1,1,1,1,1,283.1073139,194.9414692,220.5974189,7.107156209,38.75182716,33.21653056,283.5898027,196.1506648,221.1436613,7.079768949,38.52916696,33.10502952
409,48,16,32,1,0,1,1,1,1,1,0,1,1,1,1,320.7826899,295.2015446,332.3543886,16.94514054,22.26993342,22.79544599,322.4719133,296.8416596,333.1827534,17.20488692,19.64433801,21.98771814
410,48,16,32,1,0,1,1,1,1,1,1,0,1,1,1,283.4051463,198.6834058,217.1845826,9.319492468,12.06126722,13.38711611,285.8976835,199.4319222,215.6042368,12.79845366,4.198480798,11.91416942
411,48,16,32,1,0,1,1,1,1,1,1,1,0,1,1,277.5043342,198.7546612,225.8846024,30.9700242,65.19583042,68.08764143,285.3110336,196.2513303,218.9202587,34.86020139,61.4317551,66.95145062
412,48,16,32,1,0,1,1,1,1,1,1,1,1,0,1,278.6892893,201.5353278,222.774181,10.24281868,31.12283887,29.57651863,279.7723376,205.1823044,220.7773029,14.40105084,30.52399442,27.16800066
413,48,16,32,1,0,1,1,1,1,1,1,1,1,1,0,279.7244685,199.6616564,221.5750204,51.69509113,54.19934044,25.86384163,281.8341812,205.1833101,217.1930394,53.26597526,53.90326195,20.65600699
414,48,16,32,1,1,0,1,1,1,1,1,1,1,1,1,285.3019406,198.6838147,214.7447474,11.84733888,4.812652526,11.28196429,283.9356177,200.3427726,217.1874163,8.494743209,11.62087939,12.57034622
415,48,16,32,1,1,0,1,1,1,0,1,1,1,1,1,284.9691588,195.525684,217.6455586,37.37840932,65.89472229,71.65405352,277.5612357,201.1734759,225.9959198,33.44001094,69.03170379,72.27440482
416,48,16,32,1,1,0,1,1,1,1,0,1,1,1,1,285.5251275,198.1827412,214.9266999,12.95471148,4.572036951,12.35672486,284.035294,199.8938372,217.4408473,9.77532601,11.80010689,13.53698168
417,48,16,32,1,1,0,1,1,1,1,1,0,1,1,1,339.4361274,226.7772145,365.991029,11.77347539,8.843460381,12.05252053,340.4192412,228.9045793,367.2250237,12.95847536,10.7078844,12.93294847
418,48,16,32,1,1,0,1,1,1,1,1,1,0,1,1,288.0710283,198.6728583,211.1031063,33.52120478,10.22699119,40.21777148,288.5365286,199.9739918,211.5998974,33.50975662,10.15674704,40.07397474
419,48,16,32,1,1,0,1,1,1,1,1,1,1,0,1,289.9495944,194.3549659,214.0716572,76.09874736,33.09351872,72.6779031,284.179407,204.4403887,212.5554055,75.87034218,39.38429411,70.80897503
420,48,16,32,1,1,0,1,1,1,1,1,1,1,1,0,286.6900672,201.1264193,212.6284746,13.82827887,12.97434864,7.96357475,286.0014686,204.3178772,213.4331399,13.96700752,16.0462813,4.000721725
421,48,16,32,1,1,1,0,1,1,1,1,1,1,1,1,285.3000844,198.6821009,214.7422379,11.84486746,4.813378278,11.29244709,283.9379431,200.3403823,217.190146,8.501515655,11.6206268,12.58426006
422,48,16,32,1,1,1,0,1,1,0,1,1,1,1,1,285.5403188,198.1481407,214.9672127,13.36888058,4.551744352,12.79772814,284.0398291,199.8648419,217.4687865,10.34396818,11.81389551,13.91159054
423,48,16,32,1,1,1,0,1,1,1,0,1,1,1,1,284.9586162,195.4833765,217.6171664,37.60350293,66.08602982,71.90381347,277.4966886,201.1570643,225.9962933,33.66688569,69.22841445,72.5204602
424,48,16,32,1,1,1,0,1,1,1,1,0,1,1,1,288.0780144,198.6787634,211.124793,33.45041801,10.22779318,40.14614083,288.5025145,199.9797604,211.602723,33.42242441,10.15683748,39.98774979
425,48,16,32,1,1,1,0,1,1,1,1,1,0,1,1,336.4418152,221.3684072,363.8864627,19.36883327,14.45423292,17.78587334,339.2136228,225.7860727,365.3385589,21.87707504,17.26370427,18.56186501
426,48,16,32,1,1,1,0,1,1,1,1,1,1,0,1,289.5294226,202.3655082,210.5954625,17.25079713,16.29047969,8.443343936,288.8782912,205.5061449,211.5001661,17.55941653,18.89930295,4.789952982
427,48,16,32,1,1,1,0,1,1,1,1,1,1,1,0,284.7511015,198.9914895,214.2029972,21.35011052,5.618297729,21.56212543,283.5858188,201.8877371,216.7405803,20.51347992,13.97565638,21.97612239
428,48,16,32,1,1,1,1,0,1,1,1,1,1,1,1,281.4776273,200.9001551,217.8146753,8.060889403,11.0840178,3.664235613,283.0455543,200.6166305,218.3041114,8.039446951,6.812918296,7.406321546
429,48,16,32,1,1,1,1,0,1,0,1,1,1,1,1,281.4547371,200.891759,217.849487,8.229611649,11.2534019,3.565376671,283.0443516,200.5537155,218.3662414,8.149446688,6.984325361,7.509660339
430,48,16,32,1,1,1,1,0,1,1,0,1,1,1,1,279.7082525,204.6060413,219.8667129,16.80721199,34.923376,30.72604096,279.2500098,203.21796,223.4045411,12.64102973,35.26361575,32.94380146
431,48,16,32,1,1,1,1,0,1,1,1,0,1,1,1,284.7759907,202.1167428,212.286612,75.56145202,39.29226374,70.64518908,291.3869995,194.6529592,214.951395,75.52097606,32.56876846,72.12363934
432,48,16,32,1,1,1,1,0,1,1,1,1,0,1,1,289.7715615,205.0594313,210.0521214,20.44901664,22.22237044,5.176859294,290.8114083,203.8033149,210.1202595,19.84049189,19.81696647,8.942529022
433,48,16,32,1,1,1,1,0,1,1,1,1,1,0,1,464.0853144,239.53851,189.8655919,27.59463955,31.64293018,17.60153729,466.2747516,245.5969933,198.9676022,25.24644724,32.58711058,21.17026707
434,48,16,32,1,1,1,1,0,1,1,1,1,1,1,0,280.0396569,202.0768603,218.755029,22.73053068,18.97180905,6.785580068,280.3991196,203.3912455,219.3929234,22.63750405,19.02779587,6.778756333
435,48,16,32,1,1,1,1,1,0,1,1,1,1,1,1,281.4880739,200.9052386,217.8058619,8.068393916,11.0976595,3.670204847,283.0549673,200.6153872,218.2927232,8.041825008,6.81455521,7.404677115
436,48,16,32,1,1,1,1,1,0,0,1,1,1,1,1,281.9577421,199.0957768,218.5733515,7.265143357,12.11322898,6.448063488,282.9261106,198.6777294,220.0256844,4.422688952,10.35118039,10.40629348
437,48,16,32,1,1,1,1,1,0,1,0,1,1,1,1,282.3037215,203.8774669,215.8360894,55.20371979,56.10027695,22.13903544,280.8244233,200.9005722,221.6602845,53.33278308,55.93949246,27.16648552
438,48,16,32,1,1,1,1,1,0,1,1,0,1,1,1,291.586778,204.5097816,208.7940695,20.61396078,21.83242701,6.4538171,293.7066446,204.6450774,208.8239675,20.75601424,19.92465517,9.833329509
439,48,16,32,1,1,1,1,1,0,1,1,1,0,1,1,284.9916015,202.191788,213.0662358,68.51963666,35.74560495,64.09823808,290.7804347,195.5558,214.9759335,68.43929684,28.75151152,65.4234277
440,48,16,32,1,1,1,1,1,0,1,1,1,1,0,1,280.0434329,202.0744951,218.7510645,22.75080167,18.99028294,6.785971709,280.4077127,203.3949197,219.3887341,22.663905,19.05293784,6.779473165
441,48,16,32,1,1,1,1,1,0,1,1,1,1,1,0,466.0067523,245.0207303,201.9603293,21.38977341,26.42696268,16.25043194,465.4240127,242.9924378,196.4208355,23.46882802,25.84191629,12.75237258
442,96,96,32,1,1,1,1,1,1,1,1,1,1,1,1,217.1908559,270.4391509,208.0046623,1.743880605,2.168566913,4.12555237,217.2361448,270.6474522,208.5036614,1.91629032,2.35264237,3.67681618
443,96,96,32,1,1,1,1,1,1,0,1,1,1,1,1,217.3213803,270.1699629,208.3370999,3.927100766,6.664626956,4.115380098,217.9316877,269.2178974,209.7737862,3.032878062,5.743749779,7.512943456
444,96,96,32,1,1,1,1,1,1,1,0,1,1,1,1,217.3247189,270.1653383,208.3436539,3.921785677,6.660592042,4.112275633,217.9339832,269.2183363,209.7734608,3.033387518,5.737573779,7.496725256
445,96,96,32,1,1,1,1,1,1,1,1,0,1,1,1,217.6250335,270.3500142,207.6533742,4.747313694,4.942037595,8.646383216,218.2367108,271.1578168,206.8122701,6.724862313,3.786980137,6.783276177
446,96,96,32,1,1,1,1,1,1,1,1,1,0,1,1,217.622528,270.3504064,207.6554764,4.725161581,4.939910603,8.630416505,218.2348431,271.155919,206.8165839,6.70727164,3.783356048,6.769806131
447,96,96,32,1,1,1,1,1,1,1,1,1,1,0,1,216.5375104,271.0077155,207.9950549,7.931949483,5.016988345,7.040078632,215.1378709,272.2314281,208.705205,6.92947567,7.519251296,3.489869142
448,96,96,32,1,1,1,1,1,1,1,1,1,1,1,0,216.5453345,271.005398,207.9912659,7.906335286,4.984457708,7.037523876,215.1480691,272.2271639,208.7023988,6.901661252,7.49753108,3.493564665
449,96,96,32,0,1,1,1,1,1,1,1,1,1,1,1,217.7529682,269.3120524,209.068247,3.02119159,5.333615954,7.424782521,217.3463764,270.5254044,208.7248482,4.065951466,6.255916117,3.769039476
450,96,96,32,0,1,1,1,1,1,0,1,1,1,1,1,203.4508401,431.0004947,263.7013291,15.36368702,23.03325095,26.16856933,210.0790031,432.6105618,267.7164723,16.90207651,21.78774009,26.42153404
451,96,96,32,0,1,1,1,1,1,1,0,1,1,1,1,220.1298746,266.8782055,210.0761242,4.263503557,21.65172109,18.45892835,220.2368397,266.9608675,210.6885602,4.268484798,21.6213054,18.45111198
452,96,96,32,0,1,1,1,1,1,1,1,0,1,1,1,217.2830527,269.3124027,209.8837618,9.67324881,26.83707759,27.46652063,219.0422657,269.9395122,208.2266042,11.92085327,26.24283594,26.97322919
453,96,96,32,0,1,1,1,1,1,1,1,1,0,1,1,217.7863324,270.279218,207.5853968,5.804496986,5.059234596,9.222184871,218.4513365,271.0775719,206.7134094,7.570619376,3.814562151,7.520966257
454,96,96,32,0,1,1,1,1,1,1,1,1,1,0,1,216.5302345,270.9698464,208.0602893,8.075883915,5.280326287,7.119816256,215.1082073,272.2457362,208.7244891,7.118991469,7.729760223,3.363979229
455,96,96,32,0,1,1,1,1,1,1,1,1,1,1,0,216.573245,269.8739514,209.862704,3.343008173,9.319382243,11.07347137,216.1354932,271.1522316,209.1362268,4.636316981,9.56822322,8.460166607
456,96,96,32,1,0,1,1,1,1,1,1,1,1,1,1,217.7527642,269.3127746,209.0647996,3.025216753,5.320502833,7.410764401,217.3444332,270.5258604,208.7264445,4.059544952,6.247769482,3.748035047
457,96,96,32,1,0,1,1,1,1,0,1,1,1,1,1,220.1382938,266.8711188,210.0781343,4.264015046,21.72974019,18.53682455,220.2456256,266.952931,210.6910426,4.269734151,21.70071925,18.52890031
458,96,96,32,1,0,1,1,1,1,1,0,1,1,1,1,208.0165825,432.3989468,264.9367811,14.37196229,19.59964755,22.43154991,212.8020603,433.6121557,268.2637574,15.59421869,18.54975197,22.83539948
459,96,96,32,1,0,1,1,1,1,1,1,0,1,1,1,217.7492967,270.2888526,207.606676,5.307157654,5.008728949,8.970331737,218.3890417,271.1051922,206.72935,7.183383279,3.804851436,7.166038255
460,96,96,32,1,0,1,1,1,1,1,1,1,0,1,1,215.7993128,269.8094176,211.6607745,17.06860846,43.50914443,44.3863466,219.3449784,269.0975269,208.6066991,19.24154821,42.62260224,44.09750247
461,96,96,32,1,0,1,1,1,1,1,1,1,1,0,1,216.0712228,270.4492309,209.1374968,3.574412008,15.61150963,16.6624538,215.8923955,272.1134364,208.4465959,5.618343266,15.98662864,15.0983065
462,96,96,32,1,0,1,1,1,1,1,1,1,1,1,0,215.215868,270.921962,209.8125313,37.93342739,38.56534924,16.85846094,215.1336604,274.356748,206.8876335,38.37995671,38.8782002,12.1887293
463,96,96,32,1,1,0,1,1,1,1,1,1,1,1,1,218.2105527,270.9634807,206.215236,6.738827937,3.710120765,6.962774063,217.7552346,270.4577055,208.1329893,4.845737485,4.903280221,8.612393134
464,96,96,32,1,1,0,1,1,1,0,1,1,1,1,1,218.7638001,269.9581516,207.4759687,8.11645558,18.62450345,18.53264609,218.1518985,269.1267853,209.647807,5.888477276,18.83981562,19.29467397
465,96,96,32,1,1,0,1,1,1,1,0,1,1,1,1,218.3701565,270.8962029,206.1431631,7.180659539,3.732603584,7.31630321,217.8882375,270.3789667,208.097037,5.372527104,4.966912025,8.92496909
466,96,96,32,1,1,0,1,1,1,1,1,0,1,1,1,329.8287676,319.3230324,303.4432499,16.8943276,9.622075361,16.42599273,330.5569889,322.2079995,305.0420256,16.33585767,11.15756776,14.50805514
467,96,96,32,1,1,0,1,1,1,1,1,1,0,1,1,219.2935281,272.5381469,202.8336466,28.76293214,5.494371303,32.79921143,219.3418427,272.6697927,203.4211538,28.73517122,5.47874896,32.73240774
468,96,96,32,1,1,0,1,1,1,1,1,1,1,0,1,222.7626953,267.845168,206.7569872,50.74451762,20.39957409,49.39789279,217.5661503,272.5123814,205.6023829,50.30282864,22.83973363,47.73306416
469,96,96,32,1,1,0,1,1,1,1,1,1,1,1,0,216.6179346,271.3805961,207.4479646,13.00572287,11.8639021,7.477791392,215.236973,272.7674771,207.9670686,12.48563232,13.14095119,3.376019323
470,96,96,32,1,1,1,0,1,1,1,1,1,1,1,1,218.2064201,270.9626779,206.2152653,6.737874685,3.713706269,6.967115107,217.7555834,270.4549709,208.1325906,4.852507494,4.901051476,8.623921324
471,96,96,32,1,1,1,0,1,1,0,1,1,1,1,1,218.426254,270.8797651,206.1196527,7.531136638,3.749012289,7.618245982,217.9239315,270.3696648,208.0800034,5.81011961,5.022179705,9.167979078
472,96,96,32,1,1,1,0,1,1,1,0,1,1,1,1,219.7168411,268.6326295,207.897923,19.3524637,43.20884794,44.735086,216.3339235,269.557411,212.2140837,17.17432566,44.0119828,44.83592522
473,96,96,32,1,1,1,0,1,1,1,1,0,1,1,1,219.3021709,272.5349282,202.8204901,28.88172083,5.494379661,32.91688496,219.3583627,272.6684429,203.4125139,28.85707602,5.481324784,32.85356229
474,96,96,32,1,1,1,0,1,1,1,1,1,0,1,1,329.6815936,318.8405428,303.4007167,17.58216675,8.687902193,17.0755273,330.7227854,322.3457931,305.5751927,17.0643351,10.8695011,15.4794306
475,96,96,32,1,1,1,0,1,1,1,1,1,1,0,1,216.7727751,271.3515563,207.3699514,14.04686448,13.04546245,7.624260209,215.3359758,272.8238517,207.8514254,13.55689188,14.26426994,3.225462045
476,96,96,32,1,1,1,0,1,1,1,1,1,1,1,0,220.9245341,269.0572426,206.3033087,39.40397958,15.02261873,38.51846642,217.2992012,272.5080698,206.4318306,38.99344281,17.5804711,37.20119122
477,96,96,32,1,1,1,1,0,1,1,1,1,1,1,1,214.9054859,272.152665,208.1677891,7.092579233,7.643533457,3.643901377,216.4421396,271.2123655,208.5899603,8.070952787,5.256111229,6.985965074
478,96,96,32,1,1,1,1,0,1,0,1,1,1,1,1,214.8992268,272.1453407,208.1826116,7.176821104,7.730331846,3.571813903,216.4393074,271.1781484,208.630005,8.124127015,5.363414809,7.01277207
479,96,96,32,1,1,1,1,0,1,1,0,1,1,1,1,216.0653915,270.9791671,208.7333015,4.625319435,12.61367522,11.73335986,216.612187,269.8579775,210.4687063,3.192638017,12.14629048,13.56791901
480,96,96,32,1,1,1,1,0,1,1,1,0,1,1,1,217.2215809,272.2556086,205.1772671,54.23708149,25.03351506,51.40070774,222.8575607,267.3390103,207.9642599,54.57679929,22.61457571,52.91704501
481,96,96,32,1,1,1,1,0,1,1,1,1,0,1,1,215.1693744,272.61116,207.3860654,12.90722487,13.55083944,3.366905909,216.7230247,271.4630624,208.0025077,13.40985067,12.29367588,7.438459397
482,96,96,32,1,1,1,1,0,1,1,1,1,1,0,1,388.1960758,322.0102331,218.3423288,17.58438858,22.32168469,16.4413228,387.8391692,318.7330963,213.8439655,18.87402895,21.29518374,14.21068158
483,96,96,32,1,1,1,1,0,1,1,1,1,1,1,0,211.151303,274.2157233,209.4861015,31.71623903,27.13285273,6.460497432,211.2085418,274.3412454,210.094503,31.69289105,27.13270528,6.449118231
484,96,96,32,1,1,1,1,1,0,1,1,1,1,1,1,214.9110835,272.1524985,208.1618603,7.10346589,7.663706778,3.643701774,216.4459668,271.2056143,208.5850832,8.074248184,5.274680888,6.989040419
485,96,96,32,1,1,1,1,1,0,0,1,1,1,1,1,216.37004,270.6999987,208.6239116,4.365765342,9.836781395,8.470016416,216.9809739,269.601206,210.3762399,3.065119377,9.311384866,10.93057243
486,96,96,32,1,1,1,1,1,0,1,0,1,1,1,1,215.0831349,274.0411968,206.3585445,40.54836621,41.09858749,13.25283868,215.1669255,270.7221362,210.7332599,40.03565487,40.77876253,17.74916023
487,96,96,32,1,1,1,1,1,0,1,1,0,1,1,1,215.0319257,272.5648642,207.5210367,11.59141065,12.16187881,3.5210099,216.5346929,271.5114273,208.0949489,12.14482217,10.81494541,7.282176961
488,96,96,32,1,1,1,1,1,0,1,1,1,0,1,1,217.2233658,272.4181648,205.5438565,49.18189098,22.82735672,46.53652564,222.0713277,267.9934272,207.6604422,49.49230402,20.35881536,47.92392966
489,96,96,32,1,1,1,1,1,0,1,1,1,1,0,1,211.1621029,274.211432,209.4818049,31.70704283,27.12307856,6.463216198,211.2187708,274.331324,210.0901266,31.68255866,27.12036777,6.449124365
490,96,96,32,1,1,1,1,1,0,1,1,1,1,1,0,388.0561138,322.0826592,218.4927017,17.24459705,21.55673129,15.57526378,387.8314383,318.9503003,214.2481836,18.7803049,20.72095234,13.55540567
491,32,24,64,1,1,1,1,1,1,1,1,1,1,1,1,252.306301,193.2240364,247.6598873,4.89124837,4.771503751,2.463378426,253.0175959,193.8615592,247.953927,4.572431112,4.511043067,2.963331948
492,32,24,64,1,1,1,1,1,1,0,1,1,1,1,1,252.0232549,192.7062137,248.4216128,8.585531886,10.94857409,6.525868098,252.9077269,191.6789857,249.8746683,4.23780316,9.286618483,9.486157011
493,32,24,64,1,1,1,1,1,1,1,0,1,1,1,1,252.0164686,192.7083175,248.4255237,8.584884257,10.90728795,6.472511539,252.8997004,191.6863033,249.8847001,4.232976835,9.242047986,9.452326931
494,32,24,64,1,1,1,1,1,1,1,1,0,1,1,1,252.8670127,193.1729583,247.0927086,6.033463547,8.122798673,8.932510685,255.0531153,193.8647967,245.8727929,10.00162218,3.582516583,8.173558586
495,32,24,64,1,1,1,1,1,1,1,1,1,0,1,1,252.8615335,193.1728826,247.1000046,5.999153231,8.12566953,8.906586204,255.0433358,193.8627627,245.8729876,9.969934379,3.580544525,8.137160975
496,32,24,64,1,1,1,1,1,1,1,1,1,1,0,1,252.1056576,193.6727319,247.6697021,9.195858919,5.106703293,5.332716066,251.5061467,195.430548,248.4488219,7.898718502,9.27428079,3.675329283
497,32,24,64,1,1,1,1,1,1,1,1,1,1,1,0,252.1032775,193.6745173,247.6708825,9.195735148,5.103992841,5.328059895,251.5041491,195.4281033,248.4527235,7.892944199,9.270251857,3.681718376
498,32,24,64,0,1,1,1,1,1,1,1,1,1,1,1,252.0885859,190.8557574,249.8818605,4.319322291,9.61920607,9.607254377,252.6393413,193.2363546,248.9406441,8.470808297,11.0091946,6.89193795
499,32,24,64,0,1,1,1,1,1,0,1,1,1,1,1,293.962313,305.6866653,339.6426176,11.71382544,17.39181268,16.81561496,296.6608512,307.0350465,340.6532733,12.70167264,14.36577048,16.40908556
500,32,24,64,0,1,1,1,1,1,1,0,1,1,1,1,252.3778245,187.5398933,252.1284549,7.84394087,39.45171828,33.71043917,253.1076893,188.2723526,252.3405888,7.78895521,39.31291975,33.67230932
501,32,24,64,0,1,1,1,1,1,1,1,0,1,1,1,248.2967982,191.4287037,254.9387072,26.70472483,60.09222191,62.68426618,255.8003367,189.9230576,249.1738001,31.47467752,57.94643453,62.2108911
502,32,24,64,0,1,1,1,1,1,1,1,1,0,1,1,253.565558,190.8396876,248.5516667,11.33577485,8.587244953,12.99807831,256.1363604,191.5233079,247.3864482,14.16997381,3.808426082,12.69751783
503,32,24,64,0,1,1,1,1,1,1,1,1,1,0,1,249.6271169,193.3178069,251.1032118,53.35503317,56.93857191,27.86728034,252.3602206,199.2110121,245.893615,55.25488888,57.11473553,24.72425833
504,32,24,64,0,1,1,1,1,1,1,1,1,1,1,0,251.9503518,190.8679864,250.0528543,4.275435562,9.982591638,10.00638571,252.5120355,193.2606029,249.0621992,8.529490852,11.28704875,7.357515584
505,32,24,64,1,0,1,1,1,1,1,1,1,1,1,1,252.0880322,190.8614391,249.8853994,4.322082263,9.591347307,9.587035579,252.6371761,193.2388627,248.9370875,8.470036828,10.99474315,6.859420325
506,32,24,64,1,0,1,1,1,1,0,1,1,1,1,1,252.3826851,187.5415122,252.1299381,7.846521889,39.3420638,33.60255174,253.1121682,188.265422,252.3220894,7.787523128,39.19984204,33.55900963
507,32,24,64,1,0,1,1,1,1,1,0,1,1,1,1,293.2823513,305.3161826,339.7309564,10.02012167,16.4717329,15.79672927,296.2313441,306.7527863,340.6399882,12.0451713,14.51897715,15.66103663
508,32,24,64,1,0,1,1,1,1,1,1,0,1,1,1,253.0538498,192.2025346,247.6567216,8.436704944,8.444142585,10.79692352,255.4404091,192.8246548,246.324024,11.89797773,3.305522108,10.1954048
509,32,24,64,1,0,1,1,1,1,1,1,1,0,1,1,247.6604383,191.3794044,255.6112129,29.22448533,65.01740044,67.80154792,255.6581227,189.3358097,249.0949809,33.85142231,62.76144371,67.2961725
510,32,24,64,1,0,1,1,1,1,1,1,1,1,0,1,251.9544868,190.8706006,250.038023,4.274806919,9.89490081,9.913917738,252.5165529,193.2680998,249.0552893,8.525305762,11.26505058,7.255370108
511,32,24,64,1,0,1,1,1,1,1,1,1,1,1,0,249.6402889,193.287575,251.0418563,53.76429288,56.95647444,27.28241199,252.5861087,199.3836228,245.8412717,55.73737409,57.2293614,24.1182957
512,32,24,64,1,1,0,1,1,1,1,1,1,1,1,1,254.1645761,193.0429592,245.7878103,9.807716203,3.70052124,7.759607305,253.3943161,193.8567686,247.4318175,5.798615421,8.111410512,8.491907391
513,32,24,64,1,1,0,1,1,1,0,1,1,1,1,1,254.2403523,189.3073296,248.7522296,32.35968974,62.05829834,65.95565841,248.038244,192.9547379,255.5451148,27.51771484,63.92197888,66.30471874
514,32,24,64,1,1,0,1,1,1,1,0,1,1,1,1,254.8384412,190.8406888,247.0743279,14.831842,3.479573991,13.26604253,253.8247561,191.7336856,248.7778719,12.28159885,8.679653495,13.66506757
515,32,24,64,1,1,0,1,1,1,1,1,0,1,1,1,295.8946653,197.7755487,427.6494243,10.7057317,7.26871199,9.941033388,295.9234258,197.5346085,427.3345572,10.22925004,5.840861247,9.925376591
516,32,24,64,1,1,0,1,1,1,1,1,1,0,1,1,255.8352625,193.7851132,243.2146519,21.92659998,7.272608042,26.50918332,256.5649377,194.5851673,243.3820315,21.93536285,7.264193829,26.44553828
517,32,24,64,1,1,0,1,1,1,1,1,1,1,0,1,257.5538495,189.9610117,245.8495855,62.92669105,25.69134394,61.0130698,253.3579701,197.3308656,244.4157993,62.76987605,30.74504967,59.80995236
518,32,24,64,1,1,0,1,1,1,1,1,1,1,1,0,252.3683974,193.8902339,247.2231854,9.896033649,6.123561837,5.519712331,251.6652443,195.758514,248.0158309,8.664095076,10.12858687,3.657178231
519,32,24,64,1,1,1,0,1,1,1,1,1,1,1,1,254.1606434,193.0440522,245.7854509,9.804513234,3.696200745,7.769901679,253.3942439,193.8602049,247.4310062,5.818612298,8.113105668,8.504068894
520,32,24,64,1,1,1,0,1,1,0,1,1,1,1,1,255.4034347,190.1759241,247.9538197,17.3718892,3.847442384,15.88479365,254.1663413,191.0150717,249.4499518,15.0933735,8.807148622,16.06332382
521,32,24,64,1,1,1,0,1,1,1,0,1,1,1,1,254.3385073,188.8934281,248.7611213,35.05947938,64.67182915,69.26754824,247.4916305,192.8364537,255.7611085,30.26655932,66.56410878,69.56276861
522,32,24,64,1,1,1,0,1,1,1,1,0,1,1,1,255.8369675,193.7813638,243.2252878,21.94481993,7.27169449,26.52629183,256.5573026,194.5815005,243.3880115,21.94889268,7.265252627,26.45936541
523,32,24,64,1,1,1,0,1,1,1,1,1,0,1,1,295.4649074,195.5149346,424.8575957,23.62165538,15.50086089,19.09783376,292.5330078,190.5107403,424.3707773,22.19721529,12.12470779,20.91068106
524,32,24,64,1,1,1,0,1,1,1,1,1,1,0,1,252.3888848,193.9020298,247.2163525,9.956720915,6.251300904,5.531775594,251.6944662,195.7813991,248.0049902,8.751956879,10.20772264,3.655496325
525,32,24,64,1,1,1,0,1,1,1,1,1,1,1,0,256.9458692,190.6757424,245.6996262,55.76452722,22.17839049,54.07580241,253.5192804,197.2618567,245.0105372,55.67814334,27.41289763,52.9995226
526,32,24,64,1,1,1,1,0,1,1,1,1,1,1,1,251.0603458,194.5024496,248.1471323,7.413410713,8.883515363,3.554719737,252.9559196,194.1940856,247.9544487,8.42620282,4.536033031,5.439269035
527,32,24,64,1,1,1,1,0,1,0,1,1,1,1,1,251.9073659,197.0982548,246.5133953,40.85867765,41.05181757,13.89864568,251.691409,193.6656534,249.7117954,38.86367363,39.96782374,17.19482804
528,32,24,64,1,1,1,1,0,1,1,0,1,1,1,1,251.9206664,192.7105958,248.5304536,8.623056847,11.18792166,6.905293199,252.7927182,191.6784315,250.025167,4.201807153,9.568108466,9.784406963
529,32,24,64,1,1,1,1,0,1,1,1,0,1,1,1,253.2609559,196.3186775,243.899307,60.88737347,29.60764356,58.05091968,258.8294449,190.8178065,245.575126,60.77078559,24.33157039,59.07118118
530,32,24,64,1,1,1,1,0,1,1,1,1,0,1,1,251.7007617,195.2910398,247.1955579,10.55074581,12.05152463,3.57596006,253.749238,194.6832707,247.01136,11.19608114,8.705789539,5.974479212
531,32,24,64,1,1,1,1,0,1,1,1,1,1,0,1,384.7596726,274.287192,256.760094,18.05981916,19.17724635,13.20699786,386.0086036,275.844839,259.2858289,15.20189413,17.93313506,14.14325327
532,32,24,64,1,1,1,1,0,1,1,1,1,1,1,0,248.7492393,195.8043332,249.9563331,28.16244893,23.87788293,5.503379096,249.3798466,196.5864475,250.2285549,28.04347056,23.82829033,5.502937976
533,32,24,64,1,1,1,1,1,0,1,1,1,1,1,1,251.0607716,194.5105294,248.1459837,7.413429945,8.890866089,3.553153514,252.9563455,194.1968586,247.9539869,8.420673729,4.537154201,5.442761611
534,32,24,64,1,1,1,1,1,0,0,1,1,1,1,1,251.9007094,192.7108931,248.5564866,8.63795528,11.2622968,7.113006665,252.7632305,191.6848537,250.0500008,4.187285543,9.718356449,9.93217328
535,32,24,64,1,1,1,1,1,0,1,0,1,1,1,1,251.9473462,198.7063769,245.0851534,54.27053387,55.79833078,23.47124723,250.4580968,194.2892228,250.6389494,51.92758606,55.12288947,26.6037882
536,32,24,64,1,1,1,1,1,0,1,1,0,1,1,1,251.3145941,195.0074756,247.4669217,8.782503793,10.36742207,3.58924701,253.3705972,194.5533919,247.2509741,9.722051147,6.447218726,5.738768502
537,32,24,64,1,1,1,1,1,0,1,1,1,0,1,1,253.3355373,196.1471187,244.7204744,51.08871563,24.92724932,48.74576749,257.8813161,191.7261869,245.4353938,50.9592117,19.43334618,49.6135151
538,32,24,64,1,1,1,1,1,0,1,1,1,1,0,1,248.7320912,195.8179909,249.9687683,28.30429671,24.02049501,5.505044754,249.3691111,196.609923,250.2408141,28.19282097,23.97643204,5.504030038
539,32,24,64,1,1,1,1,1,0,1,1,1,1,1,0,385.3397403,274.4205829,257.9637987,22.26501537,24.849111,17.66777759,386.7066425,276.1198863,260.2848867,19.0180223,23.6048176,18.3904393
540,16,32,48,1,1,1,1,1,1,1,1,1,1,1,1,199.3038725,217.932524,282.3124273,7.296085403,4.119430747,3.533982919,200.4150946,218.3666274,282.9428232,6.40129269,4.144032003,4.127317217
541,16,32,48,1,1,1,1,1,1,0,1,1,1,1,1,199.0457297,217.0692202,283.2545795,11.90145576,12.40953583,7.939409549,199.8440348,215.5441783,285.6546824,4.387581079,10.81289639,11.71414565
542,16,32,48,1,1,1,1,1,1,1,0,1,1,1,1,199.0434787,217.060052,283.262019,11.90145875,12.41360343,7.934330712,199.8432623,215.534937,285.6671225,4.389513562,10.80578683,11.71546434
543,16,32,48,1,1,1,1,1,1,1,1,0,1,1,1,199.7148609,217.9686573,282.1338353,7.276543847,7.236989367,8.914336986,202.4170154,218.6608919,281.4580839,11.2804883,3.647275424,8.815261683
544,16,32,48,1,1,1,1,1,1,1,1,1,0,1,1,199.7094601,217.9670993,282.1359317,7.296308522,7.245791795,8.928648721,202.4191221,218.6605853,281.4607123,11.30522427,3.642298698,8.834023331
545,16,32,48,1,1,1,1,1,1,1,1,1,1,0,1,199.0716698,218.5216697,282.0158762,12.04997702,6.328661908,7.24723386,198.6589783,219.9605625,282.9845871,10.26077191,10.29941093,4.424969524
546,16,32,48,1,1,1,1,1,1,1,1,1,1,1,0,199.0727603,218.5154503,282.0197688,12.03960111,6.317496405,7.246200823,198.6621422,219.955494,282.9881096,10.25739759,10.29849965,4.427399969
547,16,32,48,0,1,1,1,1,1,1,1,1,1,1,1,198.6692248,214.7291205,285.3136654,4.794514666,11.3283899,11.89106522,200.331879,217.1826879,283.9451229,11.63153665,12.61386563,8.553569905
548,16,32,48,0,1,1,1,1,1,0,1,1,1,1,1,223.3232246,364.7247365,337.4987214,12.63366553,17.40762521,17.39864169,227.7594702,366.160467,340.0604029,15.08727919,15.96276495,18.63100766
549,16,32,48,0,1,1,1,1,1,1,0,1,1,1,1,198.6743721,211.1084897,288.0740084,10.22747946,40.14951736,33.4549453,199.9751642,211.5960502,288.5135213,10.15707985,40.00126456,33.43406526
550,16,32,48,0,1,1,1,1,1,1,1,0,1,1,1,194.691015,214.2511735,289.7709382,31.64553671,69.78096862,73.14357093,204.538232,213.0079986,284.4303387,38.09383217,67.9691429,72.9527804
551,16,32,48,0,1,1,1,1,1,1,1,1,0,1,1,202.8924443,210.6714016,289.3078329,17.16195783,8.330382541,17.65364947,206.1309184,211.7003,288.9675197,19.5592335,5.012858755,17.9262942
552,16,32,48,0,1,1,1,1,1,1,1,1,1,0,1,195.5562886,217.6403239,284.9582679,65.58292953,71.256301,37.1299941,201.1639646,225.9651228,277.6039726,68.7169641,71.88459074,33.18459196
553,16,32,48,0,1,1,1,1,1,1,1,1,1,1,0,198.1608794,214.9264752,285.5244361,4.560526842,12.4303362,13.02539178,199.8725242,217.4484413,284.0389108,11.80883568,13.58988112,9.891424116
554,16,32,48,1,0,1,1,1,1,1,1,1,1,1,1,198.6731877,214.7302159,285.3157247,4.803871348,11.28402678,11.84293209,200.3347193,217.1779319,283.9456502,11.62206475,12.59014502,8.497214624
555,16,32,48,1,0,1,1,1,1,0,1,1,1,1,1,198.6726766,211.1252446,288.0559811,10.22669774,40.05689312,33.35940061,199.9732322,211.6146171,288.5090124,10.15624132,39.90522027,33.34184229
556,16,32,48,1,0,1,1,1,1,1,0,1,1,1,1,224.0457759,364.5545017,337.6990293,13.36622028,17.49438209,19.07639553,226.4984563,365.6664376,338.8608393,15.41948679,18.68781145,20.33458896
557,16,32,48,1,0,1,1,1,1,1,1,0,1,1,1,200.8869896,212.9948442,286.3369935,12.20071767,7.961512199,13.16935889,204.0672707,213.7689211,285.6388246,15.47894536,3.8714686,13.29787942
558,16,32,48,1,0,1,1,1,1,1,1,1,0,1,1,194.3003429,214.0479011,289.979877,33.31487362,72.89501042,76.37188926,204.4341288,212.5052339,284.2056158,39.58911578,71.02206194,76.14884643
559,16,32,48,1,0,1,1,1,1,1,1,1,1,0,1,198.1822406,214.9124163,285.5070649,4.567303995,12.2318114,12.8181004,199.8919495,217.4431336,284.0315079,11.80169102,13.49716776,9.64156312
560,16,32,48,1,0,1,1,1,1,1,1,1,1,1,0,195.5970834,217.6716749,284.9816496,65.4131995,71.07067178,36.95362946,201.1760625,225.9640725,277.6720558,68.54706214,71.69832529,33.00613695
561,16,32,48,1,1,0,1,1,1,1,1,1,1,1,1,200.8924612,217.8054474,281.4950035,11.09392623,3.669316622,8.070513149,200.6060266,218.2939849,283.0618308,6.816566678,7.405623495,8.047800383
562,16,32,48,1,1,0,1,1,1,0,1,1,1,1,1,201.302197,213.8460833,284.3337092,29.18069073,60.31203134,62.64911479,196.3965291,215.6278034,290.5680771,22.13801085,61.69508365,62.95853242
563,16,32,48,1,1,0,1,1,1,1,0,1,1,1,1,204.6031368,208.4549198,291.8362172,22.26718692,6.518599431,21.19376894,204.7516772,208.5828762,294.0476047,20.58923298,10.10325768,21.24332214
564,16,32,48,1,1,0,1,1,1,1,1,0,1,1,1,239.4512522,189.4460115,463.9985515,32.03302442,17.37638655,28.04796106,245.6017883,198.5917914,466.0736889,33.04104046,20.90445867,25.57542841
565,16,32,48,1,1,0,1,1,1,1,1,1,0,1,1,202.0713967,218.7536386,280.0383833,19.00698803,6.786483043,22.77409767,203.390775,219.3910995,280.403449,19.0767422,6.779663756,22.68462251
566,16,32,48,1,1,0,1,1,1,1,1,1,1,0,1,204.332417,215.4550252,282.3220701,61.88989704,25.80779373,60.4656887,200.9457269,221.8635834,280.3378621,61.82358357,30.67364292,58.51163313
567,16,32,48,1,1,0,1,1,1,1,1,1,1,1,0,199.0956997,218.5671524,281.9660566,12.09834463,6.422069251,7.265434309,198.679029,220.018418,282.9303802,10.33181725,10.38475917,4.418448884
568,16,32,48,1,1,1,0,1,1,1,1,1,1,1,1,200.8951238,217.8122667,281.4874336,11.08401008,3.666109254,8.065304594,200.6113553,218.3009503,283.0528432,6.819259142,7.404972901,8.04397351
569,16,32,48,1,1,1,0,1,1,0,1,1,1,1,1,202.4794518,210.4702796,289.1582507,23.19716986,7.10899727,22.24947995,201.8804454,210.8213425,291.4305178,20.38186085,10.8761991,22.04322301
570,16,32,48,1,1,1,0,1,1,1,0,1,1,1,1,202.1023324,212.2453972,284.8067758,39.50481184,70.84050879,75.82286241,194.5950168,214.9312111,291.4256526,32.79798369,72.32165376,75.7773002
571,16,32,48,1,1,1,0,1,1,1,1,0,1,1,1,202.0720162,218.754594,280.0449503,19.00145172,6.786318577,22.76026532,203.3817805,219.391854,280.4012645,19.05043273,6.77928397,22.66491614
572,16,32,48,1,1,1,0,1,1,1,1,1,0,1,1,239.6393918,190.2004114,464.2758772,31.502073,17.33260719,27.48913312,245.8057717,199.3558954,466.4378724,32.63645418,20.95486907,25.19260059
573,16,32,48,1,1,1,0,1,1,1,1,1,1,0,1,199.0974677,218.5661596,281.9658741,12.11095764,6.415319464,7.26459661,198.6713004,220.0040144,282.9297375,10.31249027,10.36421704,4.415101164
574,16,32,48,1,1,1,0,1,1,1,1,1,1,1,0,203.9540273,215.8517823,282.1286715,57.85078733,24.0312913,56.42701641,201.032021,221.8946248,280.6412128,57.88489223,28.98175507,54.57005747
575,16,32,48,1,1,1,1,0,1,1,1,1,1,1,1,197.5301096,219.3206368,282.4530769,10.2231666,10.12090038,4.232812264,200.2526252,218.9379042,282.5237575,11.48173957,6.109486568,7.288607764
576,16,32,48,1,1,1,1,0,1,0,1,1,1,1,1,198.8211133,225.6561741,277.8952714,63.07606022,65.38109965,28.69138319,196.5909766,218.9051727,285.2159077,59.38234718,64.19167764,32.65445621
577,16,32,48,1,1,1,1,0,1,1,0,1,1,1,1,198.6896349,217.1850885,283.3975233,12.05627456,13.19922961,8.989273909,199.4423303,215.5948364,285.884254,4.203351139,11.66241082,12.55012806
578,16,32,48,1,1,1,1,0,1,1,1,0,1,1,1,199.6995019,221.9688841,279.0731216,61.92229804,30.50088594,58.4643076,205.8283241,216.8009498,281.7982413,61.44006172,25.47151402,60.11800923
579,16,32,48,1,1,1,1,0,1,1,1,1,0,1,1,197.5541907,219.4852049,282.3046221,10.47567809,10.44155729,4.226199611,200.3201808,219.0810534,282.3720688,11.74538148,6.510022693,7.358538859
580,16,32,48,1,1,1,1,0,1,1,1,1,1,0,1,294.9075387,332.1597192,320.1649578,22.84554271,23.90973207,17.99912954,296.389178,332.7287148,321.6390037,19.22910979,22.30634498,18.15235837
581,16,32,48,1,1,1,1,0,1,1,1,1,1,1,0,194.9348952,220.5994711,283.1058495,38.80760298,33.27932908,7.113122994,196.1523152,221.1539269,283.589337,38.59917293,33.17178542,7.083495532
582,16,32,48,1,1,1,1,1,0,1,1,1,1,1,1,197.5339876,219.3140763,282.4553096,10.19050163,10.08112941,4.235118736,200.2537128,218.9320056,282.5244142,11.45589047,6.059521106,7.280419067
583,16,32,48,1,1,1,1,1,0,0,1,1,1,1,1,198.4996124,217.2396015,283.5139844,12.06999417,15.36161106,12.23528379,199.2070068,215.7677672,286.003412,4.222280744,14.18655277,14.97242019
584,16,32,48,1,1,1,1,1,0,1,0,1,1,1,1,198.7600124,225.7783962,277.6290767,64.46260528,67.17632769,30.22268704,196.3581387,218.92681,285.3740722,60.72770697,66.03060472,34.16200642
585,16,32,48,1,1,1,1,1,0,1,1,0,1,1,1,197.5606305,219.4981204,282.3009027,10.48547606,10.44775495,4.22667177,200.3179401,219.0847278,282.3683629,11.72652397,6.504033925,7.356519721
586,16,32,48,1,1,1,1,1,0,1,1,1,0,1,1,199.7791211,221.955185,279.4562406,57.63794027,28.62195134,54.22037716,205.3534688,217.1835659,281.676038,57.08214295,23.51593595,55.78655394
587,16,32,48,1,1,1,1,1,0,1,1,1,1,0,1,194.9314187,220.6041279,283.1126382,38.85720541,33.32289211,7.103464887,196.1383259,221.1453739,283.593185,38.6370988,33.20908482,7.074867292
588,16,32,48,1,1,1,1,1,0,1,1,1,1,1,0,294.5744865,332.2866997,322.8140028,19.60101702,19.33167208,11.59355798,297.3354832,333.8786642,327.2720313,16.5040219,18.47871388,14.62442814
589,24,32,16,1,1,1,1,1,1,1,1,1,1,1,1,219.4046096,264.3480589,208.9712528,5.266744516,4.731421408,7.513579032,220.1323003,265.1974306,210.1776344,5.29715859,5.183473577,6.848476943
590,24,32,16,1,1,1,1,1,1,0,1,1,1,1,1,219.2888512,264.1213356,209.5148326,9.109765068,10.51742331,7.960734139,220.0410728,263.5595073,212.512793,4.086399524,10.48820098,12.5164003
591,24,32,16,1,1,1,1,1,1,1,0,1,1,1,1,219.285779,264.1236608,209.5158479,9.102702956,10.50791752,7.937189878,220.0411229,263.5620453,212.5102482,4.096834805,10.46853299,12.49843954
592,24,32,16,1,1,1,1,1,1,1,1,0,1,1,1,220.145083,263.9955459,208.7335891,6.982621103,8.858494538,12.73352215,222.3025921,264.939852,208.3736986,11.89994229,4.53636521,11.4825376
593,24,32,16,1,1,1,1,1,1,1,1,1,0,1,1,220.1429302,263.9953632,208.7320665,6.986607866,8.856188583,12.73363308,222.30131,264.9377141,208.3737601,11.90062894,4.539858347,11.48547095
594,24,32,16,1,1,1,1,1,1,1,1,1,1,0,1,218.6998537,265.3043451,208.6181661,13.22639114,8.325048269,12.39672105,217.4977967,268.0908069,209.454033,11.89069258,12.87350701,4.657221326
595,24,32,16,1,1,1,1,1,1,1,1,1,1,1,0,218.694613,265.3135708,208.611502,13.25608978,8.375776463,12.38898714,217.499868,268.1045088,209.449712,11.94398818,12.91595446,4.669594177
596,24,32,16,0,1,1,1,1,1,1,1,1,1,1,1,218.9880877,263.277655,210.9286458,4.101874439,9.658410956,12.14932162,219.9498215,265.2114625,210.5005227,9.188144042,9.467246614,7.432005003
597,24,32,16,0,1,1,1,1,1,0,1,1,1,1,1,207.2375518,432.1848754,256.4062759,15.92100132,25.73493676,28.32569486,215.2370588,434.5710731,261.5126026,20.19122243,22.49797911,29.01486272
598,24,32,16,0,1,1,1,1,1,1,0,1,1,1,1,219.3776879,261.7848869,212.3902842,8.248146318,26.61016975,21.91283197,220.2818022,262.3969948,213.7536409,8.229890364,26.46467664,21.95313021
599,24,32,16,0,1,1,1,1,1,1,1,0,1,1,1,216.0737838,264.0558716,215.0228545,29.64109744,66.21919518,68.38506582,224.19874,261.8080661,211.030625,35.70592334,63.55418906,68.15832959
600,24,32,16,0,1,1,1,1,1,1,1,1,0,1,1,220.3571827,263.6335313,209.0014417,7.577339025,8.979801419,13.12709346,222.5800487,264.5675721,208.593095,12.40865519,4.471470883,11.9167952
601,24,32,16,0,1,1,1,1,1,1,1,1,1,0,1,213.6859133,266.7748347,212.0602005,73.18689193,78.86910993,42.00443685,217.4174492,274.1352009,204.1520748,75.27406781,78.7930198,34.65255672
602,24,32,16,0,1,1,1,1,1,1,1,1,1,1,0,211.0858533,272.3687442,214.2151444,6.056198926,21.12763501,22.124914,211.6918122,274.7125471,213.9270676,10.80707587,21.05614447,19.37712301
603,24,32,16,1,0,1,1,1,1,1,1,1,1,1,1,218.9957818,263.2721387,210.9281293,4.112474632,9.649427984,12.1430715,219.9536877,265.2060615,210.503607,9.181616152,9.471212194,7.424112756
604,24,32,16,1,0,1,1,1,1,0,1,1,1,1,1,219.377011,261.7901553,212.3872621,8.24923349,26.62165404,21.90954888,220.2840106,262.3898573,213.7484243,8.2312412,26.44605176,21.94668436
605,24,32,16,1,0,1,1,1,1,1,0,1,1,1,1,208.2298176,432.5269271,256.7881175,17.36206942,24.71345193,27.83528954,215.354946,434.7839647,261.4724126,20.83978959,21.53196123,28.29662201
606,24,32,16,1,0,1,1,1,1,1,1,0,1,1,1,220.3497744,263.6445277,208.9928822,7.561592516,8.975161711,13.12660085,222.5668176,264.5804716,208.5825879,12.39656651,4.473399766,11.9072288
607,24,32,16,1,0,1,1,1,1,1,1,1,0,1,1,215.9054839,263.9960573,215.1635741,30.41014485,67.98144612,70.13998489,224.1321429,261.5611248,210.9241892,36.40623761,65.28130648,69.85562981
608,24,32,16,1,0,1,1,1,1,1,1,1,1,0,1,210.5868014,273.2137156,214.2774941,6.412206685,23.74356812,24.7032884,211.4039918,275.7164601,213.901124,11.93174232,23.43578206,22.27624506
609,24,32,16,1,0,1,1,1,1,1,1,1,1,1,0,213.7755463,266.786111,212.1309586,72.71986989,78.26721785,41.57761859,217.4480233,274.0699406,204.1957016,74.79536445,78.19783744,34.13782824
610,24,32,16,1,1,0,1,1,1,1,1,1,1,1,1,221.4594463,264.1303447,207.2244124,11.66625325,4.389652095,11.28042876,220.8893729,264.7614564,209.9905128,6.715503719,8.920740967,11.97414801
611,24,32,16,1,1,0,1,1,1,0,1,1,1,1,1,223.8298874,260.8338187,210.0067469,33.91355097,60.20205098,64.75701122,217.8059828,264.0274701,216.3686435,27.51405501,62.34417174,64.27504236
612,24,32,16,1,1,0,1,1,1,1,0,1,1,1,1,221.9098066,263.5375555,207.5231632,12.5373278,4.275896378,12.02748073,221.2500304,264.188342,210.3841425,7.77633674,9.129543861,12.6895398
613,24,32,16,1,1,0,1,1,1,1,1,0,1,1,1,317.3033802,295.4045316,319.5896934,18.40641876,11.68486901,19.49109893,319.2007249,299.1413019,322.1005139,18.16262437,14.34567484,16.70604788
614,24,32,16,1,1,0,1,1,1,1,1,1,0,1,1,223.3053046,264.3586825,204.9822687,31.50772198,8.201532757,37.61152183,224.1420017,265.1242377,206.2020736,31.40312473,8.16279593,37.35886849
615,24,32,16,1,1,0,1,1,1,1,1,1,1,0,1,227.8463329,259.1524613,208.3899886,73.6498211,33.70784504,70.39704655,220.990814,268.1508845,205.658738,72.47843322,38.76412063,66.29435746
616,24,32,16,1,1,0,1,1,1,1,1,1,1,1,0,219.1100176,265.4696274,208.0205636,14.21621111,9.657248563,12.60667529,217.8209832,268.3746575,208.8037568,12.9651872,13.95660947,4.41283598
617,24,32,16,1,1,1,0,1,1,1,1,1,1,1,1,221.4544778,264.1254044,207.2208122,11.63147837,4.390215378,11.24620801,220.8927699,264.755634,209.9937381,6.682918206,8.921759037,11.96650145
618,24,32,16,1,1,1,0,1,1,0,1,1,1,1,1,221.9239086,263.532314,207.5350733,12.55936762,4.279143683,12.04612611,221.2529833,264.1823869,210.3903777,7.789411806,9.132803866,12.68665747
619,24,32,16,1,1,1,0,1,1,1,0,1,1,1,1,223.8602785,260.1045323,209.8624618,36.86532602,66.03931788,70.85759796,217.3011414,263.9010248,216.9676438,30.62240682,68.25915671,70.41511513
620,24,32,16,1,1,1,0,1,1,1,1,0,1,1,1,223.322373,264.3557409,204.9751303,31.62272137,8.200526982,37.72388216,224.162062,265.1214413,206.1988578,31.52176956,8.163247157,37.47551493
621,24,32,16,1,1,1,0,1,1,1,1,1,0,1,1,316.5643808,292.7219561,319.0301818,23.10454269,13.25436462,23.1450238,319.2293151,298.4502641,322.046649,22.58112929,17.21441497,19.06453633
622,24,32,16,1,1,1,0,1,1,1,1,1,1,0,1,219.1315498,265.4843901,208.0159127,14.28818138,9.775581937,12.61228835,217.8489538,268.3932704,208.7982167,13.04295861,14.02499534,4.407924501
623,24,32,16,1,1,1,0,1,1,1,1,1,1,1,0,227.6342738,259.4163124,208.3322662,72.09534318,33.00742487,68.82201416,221.0689857,268.3120619,205.8686538,70.98916005,38.13379393,64.80413661
624,24,32,16,1,1,1,1,0,1,1,1,1,1,1,1,216.615339,267.4321307,208.1429113,12.05193307,12.79969815,4.987140303,219.2480025,266.2032578,209.9089364,13.03247089,8.677357619,12.16252531
625,24,32,16,1,1,1,1,0,1,0,1,1,1,1,1,216.7728128,272.4647944,204.4639493,69.81711457,71.62904095,28.33705864,215.3333847,266.6594258,213.6124226,67.28889089,71.01289286,35.61404762
626,24,32,16,1,1,1,1,0,1,1,0,1,1,1,1,215.0426817,268.4976356,210.5587025,10.15608345,15.25443798,13.6851137,215.6704739,267.6433834,213.5700629,3.751304532,14.91211711,16.81093757
627,24,32,16,1,1,1,1,0,1,1,1,0,1,1,1,219.7034754,267.6251784,204.6178005,76.30005117,40.87735913,69.90901699,228.3964696,259.6898888,210.4181129,76.77278248,35.6787753,73.24142797
628,24,32,16,1,1,1,1,0,1,1,1,1,0,1,1,217.1747627,267.8982963,207.1225975,13.39938747,14.2092677,4.621307337,219.9294849,266.5105072,208.9527104,14.29727648,10.31848499,12.44150143
629,24,32,16,1,1,1,1,0,1,1,1,1,1,0,1,358.2454184,325.477962,232.1908758,18.40777344,18.36937136,13.24672944,360.2232064,328.3099351,236.9544382,17.69543396,20.36842848,16.64198096
630,24,32,16,1,1,1,1,0,1,1,1,1,1,1,0,213.637083,270.0032669,207.8470115,38.98568195,32.09652421,10.70298708,214.3629935,270.7338408,209.2066089,38.77461494,32.06587949,10.62865237
631,24,32,16,1,1,1,1,1,0,1,1,1,1,1,1,216.6257295,267.4473835,208.1342703,12.13058465,12.8856059,4.982887082,219.2522881,266.2001159,209.9019397,13.07120933,8.761471833,12.16465161
632,24,32,16,1,1,1,1,1,0,0,1,1,1,1,1,214.8968904,267.8754825,210.5695586,9.699155314,14.12715934,12.17426398,215.6875004,267.1990779,213.9590759,4.062584673,14.16151706,16.06705232
633,24,32,16,1,1,1,1,1,0,1,0,1,1,1,1,216.3823697,272.6296614,203.6879759,75.09392158,78.57477237,34.62721203,214.4014709,266.7325139,214.2876984,72.44235,78.17885449,41.57384547
634,24,32,16,1,1,1,1,1,0,1,1,0,1,1,1,217.1679644,267.8810764,207.1014579,13.39605787,14.20417966,4.632971902,219.9258226,266.5002186,208.9271759,14.3013666,10.30996291,12.43366007
635,24,32,16,1,1,1,1,1,0,1,1,1,0,1,1,219.8104747,267.794232,204.7986331,74.97758078,40.36478579,68.55592548,228.244505,259.9326714,210.3498359,75.39963795,35.10544227,71.82917734
636,24,32,16,1,1,1,1,1,0,1,1,1,1,0,1,213.6344753,269.9846899,207.8533443,38.96024876,32.07048125,10.70347241,214.3631199,270.7256288,209.2152172,38.75320078,32.04257135,10.62806525
637,24,32,16,1,1,1,1,1,0,1,1,1,1,1,0,358.5716157,326.0296486,233.3017261,20.23006896,20.4235121,14.75435181,360.2667558,328.4385336,237.6891296,18.25283674,21.43163855,16.87982581
638,64,96,32,1,1,1,1,1,1,1,1,1,1,1,1,211.3301532,265.5263607,217.1498616,2.282267777,2.061169019,4.317260795,211.4752857,265.7411377,217.6846057,2.381529639,2.374419112,3.825899842
639,64,96,32,1,1,1,1,1,1,0,1,1,1,1,1,211.4234774,265.2216668,217.5103623,4.555124917,6.868874423,4.397001394,212.0455514,264.2324759,219.0628587,3.089651197,6.055162529,7.852904644
640,64,96,32,1,1,1,1,1,1,1,0,1,1,1,1,211.4274564,265.2199143,217.5095176,4.559007235,6.858923123,4.391442801,212.048884,264.2307024,219.0660703,3.088199599,6.047985178,7.853231204
641,64,96,32,1,1,1,1,1,1,1,1,0,1,1,1,211.7615136,265.463694,216.8267989,4.569481672,4.838489653,8.690632417,212.5529599,266.2623936,216.0425938,7.051599304,3.7330576,6.837792434
642,64,96,32,1,1,1,1,1,1,1,1,1,0,1,1,211.7543842,265.4675174,216.8283767,4.554765559,4.840786352,8.670848443,212.5537789,266.2650799,216.0476574,7.054243103,3.733132395,6.827091355
643,64,96,32,1,1,1,1,1,1,1,1,1,1,0,1,210.6896312,266.1463233,217.0904407,8.473371648,5.31886398,7.369765653,209.3385808,267.4041492,217.8324875,7.270004939,7.804223071,3.629029897
644,64,96,32,1,1,1,1,1,1,1,1,1,1,1,0,210.6957179,266.1440754,217.0817935,8.465865692,5.322565687,7.370592738,209.3449103,267.406734,217.8260514,7.266608107,7.817780751,3.634358773
645,64,96,32,0,1,1,1,1,1,1,1,1,1,1,1,211.7256606,264.3364926,218.3280293,3.087980397,5.617957822,7.765737111,211.5428515,265.5782889,217.9206144,4.695505053,6.438409277,4.051702795
646,64,96,32,0,1,1,1,1,1,0,1,1,1,1,1,197.8668725,433.4088557,267.8659766,13.54315778,22.39161152,25.02891218,204.5442176,434.819793,272.1739465,15.56031538,21.01607843,25.5766006
647,64,96,32,0,1,1,1,1,1,1,0,1,1,1,1,213.7038033,261.9369877,219.4645142,4.681926003,21.55913194,18.2189769,213.9375559,262.008928,220.0993068,4.686308929,21.52942905,18.21625829
648,64,96,32,0,1,1,1,1,1,1,1,0,1,1,1,211.0091051,264.3981915,219.4457612,11.13009006,30.70897193,31.41246206,213.4814933,264.8175501,217.5539607,14.01981959,30.05083357,31.02142648
649,64,96,32,0,1,1,1,1,1,1,1,1,0,1,1,211.9028647,265.376023,216.8038007,5.374959719,4.938436054,9.116428533,212.7448263,266.1732295,215.9850406,7.677615649,3.755487984,7.373947006
650,64,96,32,0,1,1,1,1,1,1,1,1,1,0,1,210.5884504,265.9223799,217.4584748,10.25719333,7.636318332,7.745481575,209.1215948,267.1888631,217.9520206,9.260558672,9.454835309,3.207820039
651,64,96,32,0,1,1,1,1,1,1,1,1,1,1,0,209.9840486,265.3421926,219.4434498,3.453604329,9.860776411,11.68516762,209.7900575,266.5503157,218.6830309,5.235533153,9.970008671,9.16371295
652,64,96,32,1,0,1,1,1,1,1,1,1,1,1,1,211.7286269,264.3348536,218.3275311,3.093666209,5.611002144,7.756608254,211.5432411,265.5739455,217.9228618,4.687868443,6.439185228,4.040863872
653,64,96,32,1,0,1,1,1,1,0,1,1,1,1,1,213.7042926,261.9444973,219.4531578,4.681759066,21.48250269,18.14294497,213.936886,262.0195337,220.0901976,4.685982335,21.45174151,18.1413754
654,64,96,32,1,0,1,1,1,1,1,0,1,1,1,1,197.1465854,433.1787559,267.7291343,14.05728004,22.32357244,25.05181257,203.6462282,434.6693236,271.8966207,16.00614969,21.02743999,25.52005806
655,64,96,32,1,0,1,1,1,1,1,1,0,1,1,1,211.8597127,265.390529,216.8214101,4.883207158,4.880957427,8.869940667,212.6763731,266.1976437,216.0100819,7.316340471,3.746321561,7.044195962
656,64,96,32,1,0,1,1,1,1,1,1,1,0,1,1,209.5901475,264.8163616,221.061949,18.47733969,46.6445136,47.65935371,213.7996265,263.9337493,217.8132216,21.22456128,45.74939488,47.4074493
657,64,96,32,1,0,1,1,1,1,1,1,1,1,0,1,209.5982264,266.0554965,218.3067742,3.68731525,15.82686048,16.67697337,209.6137559,267.8031274,217.6971692,6.268512436,16.26061459,15.09403447
658,64,96,32,1,0,1,1,1,1,1,1,1,1,1,0,208.6696016,266.2897069,219.1609225,45.75697266,47.12765862,21.24824588,209.3795777,270.532758,215.1510255,46.45302248,47.38585476,16.62197843
659,64,96,32,1,1,0,1,1,1,1,1,1,1,1,1,212.3448375,266.0863519,215.4921895,6.960199082,3.636624896,6.888258813,211.9344909,265.5970031,217.3915993,4.517572383,4.82328624,8.501513352
660,64,96,32,1,1,0,1,1,1,0,1,1,1,1,1,212.5735929,265.13469,216.7617775,7.027066471,15.09066644,14.51439476,212.4036626,264.1299519,218.718971,4.165848551,15.11335286,15.66252238
661,64,96,32,1,1,0,1,1,1,1,0,1,1,1,1,212.523167,265.994006,215.4336654,7.390193404,3.658027264,7.227802746,212.085101,265.4874174,217.3809798,5.045310622,4.891252444,8.821647296
662,64,96,32,1,1,0,1,1,1,1,1,0,1,1,1,318.3364364,306.3598727,318.4082677,19.06212347,11.4466547,18.03354732,319.3727397,309.6480834,320.0145926,18.46025123,12.87757665,15.98534357
663,64,96,32,1,1,0,1,1,1,1,1,1,0,1,1,213.4264822,267.8528005,212.2826907,27.96186039,5.362709739,32.02149458,213.617326,267.984325,212.8773365,27.92524947,5.353772942,31.94549645
664,64,96,32,1,1,0,1,1,1,1,1,1,1,0,1,216.9229175,262.8730294,216.0590538,51.90829558,21.1749381,50.48371887,211.7912953,267.6904011,214.8295054,51.37298657,23.5950058,48.68137767
665,64,96,32,1,1,0,1,1,1,1,1,1,1,1,0,210.6824616,266.5353298,216.6573105,12.42948856,10.89371903,7.687869926,209.3797872,267.9086498,217.2380823,11.73394345,12.29433097,3.551891769
666,64,96,32,1,1,1,0,1,1,1,1,1,1,1,1,212.3432584,266.0892076,215.4895218,6.948958699,3.631060341,6.882067564,211.9323356,265.6020424,217.3887559,4.502889474,4.823564013,8.491601143
667,64,96,32,1,1,1,0,1,1,0,1,1,1,1,1,212.5956572,265.9719786,215.4054624,7.849798003,3.676011905,7.642928837,212.1276718,265.4795472,217.3605131,5.657866942,4.959950897,9.13735619
668,64,96,32,1,1,1,0,1,1,1,0,1,1,1,1,213.9327606,263.4683613,217.17185,20.84885214,45.41261618,47.07162575,210.2443244,264.4834169,221.6703655,18.06542601,46.21569137,47.13130604
669,64,96,32,1,1,1,0,1,1,1,1,0,1,1,1,213.4170404,267.8557851,212.2831177,27.89847833,5.364121982,31.95851965,213.6035146,267.989721,212.8775293,27.86020133,5.355997107,31.88123122
670,64,96,32,1,1,1,0,1,1,1,1,1,0,1,1,318.3803377,306.6308661,318.0166793,18.38010908,9.844954802,17.52003624,319.5663086,310.1338396,320.1333109,17.6222966,11.80773562,15.69215895
671,64,96,32,1,1,1,0,1,1,1,1,1,1,0,1,210.7595688,266.5276038,216.6047355,13.10407821,11.72263973,7.757077522,209.4444233,267.9405312,217.162202,12.45064059,13.05658959,3.493703815
672,64,96,32,1,1,1,0,1,1,1,1,1,1,1,0,215.5575629,263.8368767,215.6909668,43.46826574,17.22949953,42.32715016,211.617326,267.7758131,215.445303,42.98008205,19.73334226,40.78347708
673,64,96,32,1,1,1,1,0,1,1,1,1,1,1,1,208.9761449,267.3805692,217.2551256,7.501169292,7.943935756,3.796468719,210.6853741,266.4100713,217.6968277,8.649448147,5.613767959,7.289262323
674,64,96,32,1,1,1,1,0,1,0,1,1,1,1,1,208.9615128,267.3894866,217.2873216,8.009518739,8.437090439,3.584996736,210.6706158,266.3262144,217.8179007,9.001890504,6.244057778,7.401727041
675,64,96,32,1,1,1,1,0,1,1,0,1,1,1,1,209.9348145,266.4120088,217.6934512,5.531398404,13.84755752,12.93679071,210.4420564,265.143311,219.6096335,3.149413332,13.43566957,14.79372348
676,64,96,32,1,1,1,1,0,1,1,1,0,1,1,1,211.3279557,267.6176927,214.3548121,55.0271805,25.68051108,52.0527368,217.1177436,262.5896305,217.1895171,55.39487876,23.28281021,53.66532594
677,64,96,32,1,1,1,1,0,1,1,1,1,0,1,1,209.1213983,267.8072299,216.6845291,11.62161311,12.10331003,3.675088366,210.7672504,266.7270966,217.2744461,12.28474141,10.72004643,7.538608575
678,64,96,32,1,1,1,1,0,1,1,1,1,1,0,1,366.9063554,325.0738613,236.3537031,16.64586749,19.72463885,13.01860404,366.6441012,322.395586,232.6930043,18.41446691,19.13369241,10.12026349
679,64,96,32,1,1,1,1,0,1,1,1,1,1,1,0,205.2489376,269.5660264,218.3715971,33.4637702,28.64478127,6.751158776,205.4226899,269.6721701,219.0053252,33.41954622,28.63955091,6.728887597
680,64,96,32,1,1,1,1,1,0,1,1,1,1,1,1,208.9758009,267.3884068,217.2539976,7.505538663,7.95532229,3.793058373,210.6810103,266.4118637,217.6976462,8.6437715,5.623407195,7.29094126
681,64,96,32,1,1,1,1,1,0,0,1,1,1,1,1,210.4990791,265.6909527,217.7908288,4.996524698,9.33625627,7.805334083,211.1296708,264.5790667,219.6998021,3.111144297,8.935844496,10.63703883
682,64,96,32,1,1,1,1,1,0,1,0,1,1,1,1,209.154588,270.194667,214.7572425,48.01526016,48.98935903,17.39089114,208.7378549,266.0764549,220.1834988,47.2125484,48.69489379,21.85650658
683,64,96,32,1,1,1,1,1,0,1,1,0,1,1,1,209.0479126,267.7591157,216.7573266,10.83328525,11.26949479,3.703585035,210.7083265,266.7145718,217.3224678,11.57016834,9.784838926,7.488310539
684,64,96,32,1,1,1,1,1,0,1,1,1,0,1,1,211.3356677,267.7853125,214.6539244,51.15203493,24.03799547,48.26959953,216.4826108,263.1263899,216.9572316,51.48335019,21.60348175,49.77238369
685,64,96,32,1,1,1,1,1,0,1,1,1,1,0,1,205.2456878,269.5762838,218.3671319,33.51931438,28.70105168,6.751712421,205.4230714,269.6788465,219.0009437,33.47401595,28.69236868,6.727136035
686,64,96,32,1,1,1,1,1,0,1,1,1,1,1,0,366.8627717,325.4100275,236.8861754,15.29808177,18.23315631,12.62484554,366.6644221,323.0587462,233.7485063,16.9805414,17.72916997,9.90668598
687,64,48,32,1,1,1,1,1,1,1,1,1,1,1,1,231.7429465,251.1455523,208.1868635,2.416091669,3.423497677,4.022424421,231.9777258,251.5833614,208.6930674,2.66413427,3.380889104,3.791837807
688,64,48,32,1,1,1,1,1,1,0,1,1,1,1,1,231.7781482,250.856334,208.6121525,5.00552191,7.983038906,4.55567062,232.4878016,250.0241511,210.1453885,3.409277388,6.796382023,8.21658856
689,64,48,32,1,1,1,1,1,1,1,0,1,1,1,1,231.7723103,250.8633702,208.6098087,5.001311678,7.969411861,4.523292643,232.4828631,250.0298323,210.1403718,3.410485326,6.774449559,8.197308135
690,64,48,32,1,1,1,1,1,1,1,1,0,1,1,1,232.3227525,251.0044891,207.7602385,5.184998518,6.444734992,9.185976762,233.4727016,251.8266758,206.8253999,7.98447726,3.869766262,7.604944861
691,64,48,32,1,1,1,1,1,1,1,1,1,0,1,1,232.3174301,251.0082393,207.7641949,5.171287515,6.444685103,9.182590963,233.4620122,251.8308295,206.8299969,7.964600579,3.86147436,7.592129581
692,64,48,32,1,1,1,1,1,1,1,1,1,1,0,1,231.2128223,251.6972083,208.1400562,8.278884537,5.048072055,7.019516135,230.0007607,253.3140165,208.8526603,7.237965799,8.467672168,3.511256405
693,64,48,32,1,1,1,1,1,1,1,1,1,1,1,0,231.2030815,251.703042,208.139642,8.336522789,5.138576361,7.024993029,229.9914665,253.3288805,208.8517971,7.312551446,8.53550691,3.509823188
694,64,48,32,0,1,1,1,1,1,1,1,1,1,1,1,232.1845193,249.816865,209.4563349,3.363569238,6.37742212,7.957759208,231.9893665,251.4051493,209.0378806,5.084759124,7.471735725,4.14405677
695,64,48,32,0,1,1,1,1,1,0,1,1,1,1,1,236.1700973,392.7925931,277.5727896,13.30124889,22.02722106,24.32444385,242.3429469,394.679081,280.9319378,15.66526499,19.99778076,24.2559837
696,64,48,32,0,1,1,1,1,1,1,0,1,1,1,1,234.0470979,247.2542854,210.7783437,5.138487233,25.96452033,22.04044087,234.3016999,247.6106372,211.387289,5.138632382,25.88925947,22.01808782
697,64,48,32,0,1,1,1,1,1,1,1,0,1,1,1,230.1080807,250.3391249,212.265662,18.20928964,44.34136438,45.57914915,234.4187867,249.7305008,208.9907576,21.20395773,42.93213757,45.16846457
698,64,48,32,0,1,1,1,1,1,1,1,1,0,1,1,232.5302228,250.8320921,207.7608122,6.702090442,6.558494735,10.03857627,233.7435142,251.609923,206.8239874,9.084029158,3.823398092,8.692703999
699,64,48,32,0,1,1,1,1,1,1,1,1,1,0,1,230.8198295,251.1300156,209.3066023,18.51319848,17.32476716,9.426225563,229.470739,252.8304487,208.9494161,18.19294189,18.25308987,4.234286275
700,64,48,32,0,1,1,1,1,1,1,1,1,1,1,0,231.5062379,250.0286311,210.0065384,3.35514359,8.249726539,9.842043188,231.3100586,251.7406752,209.389891,5.390866781,9.063654572,6.611270601
701,64,48,32,1,0,1,1,1,1,1,1,1,1,1,1,232.1807015,249.8199417,209.4555328,3.363123227,6.366498399,7.945182522,231.987583,251.4047277,209.0385068,5.083445815,7.453585221,4.127384528
702,64,48,32,1,0,1,1,1,1,0,1,1,1,1,1,234.0434779,247.252133,210.7919637,5.137802476,26.0378499,22.11840224,234.2982859,247.6003299,211.384499,5.137944932,25.9684335,22.08993853
703,64,48,32,1,0,1,1,1,1,1,0,1,1,1,1,238.3618574,393.2805143,278.4257837,16.6703333,21.13240692,24.4405042,241.5580456,394.3764362,280.1031742,17.45062096,19.47758057,23.98923524
704,64,48,32,1,0,1,1,1,1,1,1,0,1,1,1,232.513887,250.8581843,207.7465585,6.159686608,6.544161428,9.769114829,233.7001991,251.6621826,206.7785187,8.693976825,3.838668881,8.292989636
705,64,48,32,1,0,1,1,1,1,1,1,1,0,1,1,229.3192563,250.4377859,213.2138744,21.9503045,52.18109268,53.63627691,234.4250452,249.1366973,209.0451601,24.85474716,50.63135341,53.20129701
706,64,48,32,1,0,1,1,1,1,1,1,1,1,0,1,230.8918829,250.4837903,210.1288277,3.416708748,12.53756116,13.89013598,230.8001053,252.2815172,209.3970923,5.884008146,13.10550702,11.71226709
707,64,48,32,1,0,1,1,1,1,1,1,1,1,1,0,229.1847213,251.7833729,210.5567033,46.29012287,47.75332844,21.71023574,230.0565426,256.243941,206.4737952,47.11485159,47.98609689,17.09027628
708,64,48,32,1,1,0,1,1,1,1,1,1,1,1,1,233.3488445,251.3507751,206.2375699,7.974641894,3.863381824,7.706973783,232.6598872,251.3787449,208.2275697,5.303410696,6.406720786,9.109568802
709,64,48,32,1,1,0,1,1,1,0,1,1,1,1,1,234.3554551,249.5063257,208.2355818,18.58841195,38.33486034,40.16714203,231.1630412,250.4375838,212.1804476,15.52026684,39.45869564,40.4046485
710,64,48,32,1,1,0,1,1,1,1,0,1,1,1,1,233.6070631,251.1628415,206.1917597,8.732524991,3.831782318,8.414011949,232.8726084,251.2046203,208.2244774,6.292292635,6.517402578,9.723522381
711,64,48,32,1,1,0,1,1,1,1,1,0,1,1,1,321.8730284,285.9872886,324.0802471,17.26325735,10.83548056,16.79212087,323.2729494,289.4307267,325.5980602,17.11070112,12.65421144,14.65175235
712,64,48,32,1,1,0,1,1,1,1,1,1,0,1,1,235.1195857,252.4403966,202.9735289,29.3490899,6.304722374,34.10043822,235.3184977,252.8706588,203.5201311,29.3113973,6.278187351,34.00398069
713,64,48,32,1,1,0,1,1,1,1,1,1,1,0,1,238.1757123,247.6890236,206.7717856,58.69049076,24.2601834,56.76151574,232.6095761,253.9144399,205.2023756,58.21596211,27.82477543,54.97288268
714,64,48,32,1,1,0,1,1,1,1,1,1,1,1,0,231.3896395,251.9971288,207.5992013,10.40990893,8.118109862,7.25994039,230.1158065,253.7110871,208.2476866,9.603883698,10.67260944,3.393553788
715,64,48,32,1,1,1,0,1,1,1,1,1,1,1,1,233.3466844,251.3555482,206.2394813,7.975788779,3.865388445,7.711246929,232.6603315,251.3798861,208.2297496,5.312956912,6.408506229,9.11944666
716,64,48,32,1,1,1,0,1,1,0,1,1,1,1,1,233.6479587,251.1106959,206.2529424,9.144227212,3.819797881,8.827058483,232.8881303,251.1724586,208.2555321,6.85070277,6.530904248,10.01617229
717,64,48,32,1,1,1,0,1,1,1,0,1,1,1,1,234.6310504,248.5025836,208.3727382,25.53348664,51.91445873,54.59891753,229.876977,250.6527265,213.8239443,22.60717426,53.25894679,54.75598461
718,64,48,32,1,1,1,0,1,1,1,1,0,1,1,1,235.0921537,252.4379806,202.9823984,29.24157786,6.30297134,33.9894244,235.3059826,252.86298,203.5398418,29.20945235,6.27641965,33.90409211
719,64,48,32,1,1,1,0,1,1,1,1,1,0,1,1,321.7904789,285.3980229,323.216669,17.30497381,9.422844871,17.192948,323.3689266,288.8697543,324.8641367,16.97438872,11.59918507,14.7887838
720,64,48,32,1,1,1,0,1,1,1,1,1,1,0,1,231.8983307,251.9839583,207.3005737,13.34038974,11.82410583,7.595222382,230.5847106,253.911185,207.8646706,12.76277991,13.83233394,3.205968121
721,64,48,32,1,1,1,0,1,1,1,1,1,1,1,0,237.0098768,248.6222333,206.4909959,50.65313733,20.31246539,49.03663378,232.5486838,253.9796031,205.8622746,50.23131036,24.0219764,47.46623786
722,64,48,32,1,1,1,1,0,1,1,1,1,1,1,1,229.8041636,252.859101,208.2518721,7.06931147,8.364516775,3.608070498,231.4217119,252.0710395,208.6918926,8.081330474,4.978045463,6.997607382
723,64,48,32,1,1,1,1,0,1,0,1,1,1,1,1,229.7487672,252.8638571,208.3033458,7.364788144,8.641841784,3.420332466,231.3934381,252.0071124,208.8082607,8.29271336,5.36895196,7.112019311
724,64,48,32,1,1,1,1,0,1,1,0,1,1,1,1,231.1966576,251.1695019,208.9185115,5.280722793,9.791801564,7.337466566,231.8789875,250.2374176,210.5541813,3.410440083,8.838752405,10.18938225
725,64,48,32,1,1,1,1,0,1,1,1,0,1,1,1,232.2908034,253.2905355,204.7825165,60.05639529,28.90673712,56.72048652,238.3720799,247.6549801,207.7500104,60.3611531,25.2788199,58.2684005
726,64,48,32,1,1,1,1,0,1,1,1,1,0,1,1,230.5218484,253.4734806,207.2759349,12.41644646,13.44909403,3.264716895,232.2298184,252.3111201,207.8531148,12.91480229,11.32363939,7.586588338
727,64,48,32,1,1,1,1,0,1,1,1,1,1,0,1,393.988353,305.2903384,218.6457133,12.70793629,15.27866902,11.29812178,394.0627302,304.4112575,216.8562655,14.82035864,15.55381512,9.989580913
728,64,48,32,1,1,1,1,0,1,1,1,1,1,1,0,226.8034555,254.655531,209.3319482,28.19359652,23.68653636,6.464427319,226.9869668,255.0847674,209.9397253,28.1469604,23.68141776,6.455178099
729,64,48,32,1,1,1,1,1,0,1,1,1,1,1,1,229.7991628,252.880476,208.2451241,7.121123808,8.428303018,3.595941991,231.415604,252.0776136,208.6885077,8.11227127,5.052942264,7.01238851
730,64,48,32,1,1,1,1,1,0,0,1,1,1,1,1,231.3014905,251.0767319,208.8734627,5.210287692,9.000293104,6.121946651,232.0207488,250.1456371,210.5491562,3.388898437,7.982912364,9.451756232
731,64,48,32,1,1,1,1,1,0,1,0,1,1,1,1,230.0417743,255.7756875,205.6992317,50.27562764,51.39866778,19.09783812,229.3477536,251.8837361,211.4027514,49.28960121,51.05956699,23.52108919
732,64,48,32,1,1,1,1,1,0,1,1,0,1,1,1,229.9209765,253.2754326,207.6182473,9.062937188,10.23832967,3.433712075,231.6283761,252.3613266,208.1108889,9.867246761,7.508681054,7.245956576
733,64,48,32,1,1,1,1,1,0,1,1,1,0,1,1,232.3448371,253.4447101,205.1252508,55.91318806,27.09850999,52.69235304,237.7805615,248.2281349,207.5514767,56.1810492,23.40166645,54.13733399
734,64,48,32,1,1,1,1,1,0,1,1,1,1,0,1,226.799344,254.6767096,209.3418423,28.28604534,23.77933788,6.46666038,226.9753368,255.0877724,209.950242,28.2324361,23.76668612,6.457864087
735,64,48,32,1,1,1,1,1,0,1,1,1,1,1,0,394.4762658,305.8771928,219.2186394,16.14662204,19.32800219,12.76887647,394.2481577,303.7322065,215.9511761,17.81955911,18.59128925,10.30442987
736,32,24,24,1,1,1,1,1,1,1,1,1,1,1,1,241.5829822,231.2256511,216.1285199,4.407606863,5.649989659,5.229709998,242.2738017,232.1116278,216.8973567,4.654996246,5.428516408,5.141182699
737,32,24,24,1,1,1,1,1,1,0,1,1,1,1,1,241.3842012,230.9346447,216.7810761,8.084272081,10.91762818,6.369029771,242.2274234,230.3317209,219.0156461,4.116792951,9.905074213,11.03130158
738,32,24,24,1,1,1,1,1,1,1,0,1,1,1,1,241.3875029,230.9310203,216.7782773,8.085264222,10.92360955,6.377986787,242.2282308,230.3336568,219.0188709,4.114480733,9.915674619,11.0382042
739,32,24,24,1,1,1,1,1,1,1,1,0,1,1,1,242.3784905,230.9342778,215.6489173,6.933838013,9.733178149,11.625419,244.6431192,231.780081,214.7515416,11.29196799,4.290841489,10.41039778
740,32,24,24,1,1,1,1,1,1,1,1,1,0,1,1,242.3833556,230.9319958,215.6486439,6.926691342,9.735782987,11.62043461,244.6464456,231.7805717,214.748669,11.28434268,4.29291197,10.39928872
741,32,24,24,1,1,1,1,1,1,1,1,1,1,0,1,241.1691031,231.8761146,215.9589237,10.51618603,6.833978423,9.040642669,240.3176348,234.4055833,216.7349318,9.791246857,11.37379506,4.026213412
742,32,24,24,1,1,1,1,1,1,1,1,1,1,1,0,241.1683026,231.879098,215.954473,10.50638077,6.822674151,9.034685275,240.3194583,234.4107787,216.7312301,9.791741101,11.37750105,4.033992815
743,32,24,24,0,1,1,1,1,1,1,1,1,1,1,1,241.4808984,229.6287725,218.1135227,4.051958454,9.502156746,10.73193977,242.0378838,231.9003531,217.5094105,8.144650405,10.17881131,6.026885816
744,32,24,24,0,1,1,1,1,1,0,1,1,1,1,1,257.8864286,362.6006418,293.7475047,13.51734926,22.30166368,22.52786125,258.9619785,363.6933398,294.6363615,13.13147553,20.04778085,21.25952431
745,32,24,24,0,1,1,1,1,1,1,0,1,1,1,1,242.0746038,227.4609309,219.8629444,7.503610139,31.21450169,25.90281741,242.7764018,228.2767655,220.7230251,7.482859678,31.03782206,25.85561242
746,32,24,24,0,1,1,1,1,1,1,1,0,1,1,1,237.5835678,230.5066349,223.1833653,29.78586086,64.73785856,67.38749251,245.5804292,228.3734403,217.8185811,34.69592967,61.79356099,66.68969559
747,32,24,24,0,1,1,1,1,1,1,1,1,0,1,1,242.5989205,230.4588036,215.9544966,8.208610905,9.898960966,12.46839354,244.9850707,231.2745029,215.0124794,12.29137493,4.158346061,11.40110991
748,32,24,24,0,1,1,1,1,1,1,1,1,1,0,1,241.0702876,231.7974928,216.145545,10.96212986,7.51174179,9.235662666,240.1835675,234.3581102,216.812141,10.32238467,11.74079317,3.758573373
749,32,24,24,0,1,1,1,1,1,1,1,1,1,1,0,240.5567309,230.116405,218.6234891,3.89392434,10.85698928,12.11981699,241.1502326,232.5092554,217.8790324,8.42373621,11.45843366,7.795034665
750,32,24,24,1,0,1,1,1,1,1,1,1,1,1,1,241.4780303,229.6290575,218.1136716,4.053863561,9.471397714,10.71097552,242.0339683,231.9024755,217.5105356,8.142949248,10.16629003,5.992358811
751,32,24,24,1,0,1,1,1,1,0,1,1,1,1,1,242.0618586,227.4663388,219.8784955,7.503606175,31.25513273,25.95057789,242.7637328,228.2804679,220.7407745,7.482807536,31.09691707,25.90938805
752,32,24,24,1,0,1,1,1,1,1,0,1,1,1,1,256.6309575,362.8491008,293.7912127,15.29124363,20.20630166,21.25362232,260.5737409,364.4506196,295.9030101,16.86536837,16.97022887,21.11467921
753,32,24,24,1,0,1,1,1,1,1,1,0,1,1,1,242.5954909,230.4834056,215.9313635,7.879039219,9.884681274,12.29202681,244.9383111,231.3008549,214.9690463,12.0321427,4.158672509,11.13469823
754,32,24,24,1,0,1,1,1,1,1,1,1,0,1,1,237.3471235,230.4799824,223.3892313,30.60811299,66.59711763,69.25487804,245.4652421,228.1385002,217.7336531,35.45799938,63.60874485,68.51718043
755,32,24,24,1,0,1,1,1,1,1,1,1,1,0,1,240.5090787,230.1645613,218.5983955,3.85469112,11.4241207,12.65940374,241.1261392,232.5780461,217.8835009,8.505816415,11.98444832,8.686349794
756,32,24,24,1,0,1,1,1,1,1,1,1,1,1,0,237.4578104,232.4139408,219.7443597,63.43082095,67.51836725,34.36313597,240.6337831,239.0474948,213.243644,65.31253912,67.44995097,28.42279454
757,32,24,24,1,1,0,1,1,1,1,1,1,1,1,1,244.0599441,230.7961619,213.9825325,11.12239768,4.383771052,10.30044047,243.1340895,231.7987581,216.382242,6.95187156,9.652743114,11.22123897
758,32,24,24,1,1,0,1,1,1,0,1,1,1,1,1,245.0067756,227.3998897,216.8465434,34.98588332,64.12494181,68.74140568,238.4040598,231.5381817,224.2486381,29.96440254,66.56353232,68.97731622
759,32,24,24,1,1,0,1,1,1,1,0,1,1,1,1,244.4526128,230.1080162,214.3118089,12.22422949,4.171337031,11.38112788,243.4235604,231.1575187,216.8075075,8.348402484,9.876486345,12.23140802
760,32,24,24,1,1,0,1,1,1,1,1,0,1,1,1,315.5232719,255.767024,346.5365576,21.49503232,14.17099837,21.0835241,317.7380224,259.9892017,347.8914823,21.5549141,16.11274683,17.76722006
761,32,24,24,1,1,0,1,1,1,1,1,1,0,1,1,246.2402458,230.9288824,211.3584323,29.12495334,8.687411282,35.09060418,246.8978487,231.8769437,212.1058792,29.07804279,8.641469172,34.91034454
762,32,24,24,1,1,0,1,1,1,1,1,1,1,0,1,249.427264,226.3967327,214.4142978,72.63211772,31.94454127,69.58282895,243.405648,235.454331,212.1867541,72.0454297,37.53996716,66.89003129
763,32,24,24,1,1,0,1,1,1,1,1,1,1,1,0,241.9252881,232.1066815,214.9128975,11.99395456,8.746622628,9.340534122,240.9511847,234.8088814,215.6341078,11.3697024,12.91184857,3.76407143
764,32,24,24,1,1,1,0,1,1,1,1,1,1,1,1,244.053345,230.7961549,213.987311,11.11487791,4.384219689,10.29439807,243.1285679,231.7996234,216.3873257,6.950896474,9.65330082,11.21769883
765,32,24,24,1,1,1,0,1,1,0,1,1,1,1,1,244.4865403,230.1063337,214.3422042,12.31545823,4.20458495,11.47979877,243.424252,231.1503669,216.8097568,8.421983176,9.863066942,12.25562557
766,32,24,24,1,1,1,0,1,1,1,0,1,1,1,1,245.1146274,227.103581,216.8421536,36.7383829,65.83580976,70.91354266,238.1078179,231.4231237,224.3451577,31.740785,68.28908551,71.0837199
767,32,24,24,1,1,1,0,1,1,1,1,0,1,1,1,246.2495558,230.927674,211.3547591,29.1809684,8.685332649,35.14652403,246.9009906,231.8767047,212.0989707,29.13302216,8.642394553,34.96544351
768,32,24,24,1,1,1,0,1,1,1,1,1,0,1,1,315.2255405,255.1552792,345.9494658,20.10006485,11.98990165,20.23635579,317.9434987,259.846454,347.8372503,20.23425789,14.92734184,16.75638235
769,32,24,24,1,1,1,0,1,1,1,1,1,1,0,1,242.0883038,232.1949856,214.865535,12.53821894,9.551534836,9.427189348,241.1403953,234.9722605,215.5655181,12.01421145,13.50041742,3.713910861
770,32,24,24,1,1,1,0,1,1,1,1,1,1,1,0,249.0014597,226.9371284,214.333987,68.64878166,29.8766532,65.72606807,243.5533587,235.5868668,212.6338839,68.14131075,35.62753573,63.17233955
771,32,24,24,1,1,1,1,0,1,1,1,1,1,1,1,239.8861581,233.3709146,215.7881266,9.293384431,11.07220077,4.078787109,241.9426801,232.6516764,216.7247116,9.837847844,6.540339978,9.041196537
772,32,24,24,1,1,1,1,0,1,0,1,1,1,1,1,240.5408649,235.1216975,214.8193534,39.24309186,39.08428028,10.29728584,240.8888899,232.0821759,218.5325658,37.57255388,37.77608963,16.79754498
773,32,24,24,1,1,1,1,0,1,1,0,1,1,1,1,240.7760673,231.3679042,217.0290935,8.295625154,11.75590566,7.576906765,241.5884124,230.6738609,219.3617827,3.979630547,10.8083856,11.97038618
774,32,24,24,1,1,1,1,0,1,1,1,0,1,1,1,242.9574993,234.218907,211.386457,73.49916626,38.3137773,68.33024973,250.3310948,226.8719407,215.4443731,73.63501004,32.46037052,70.51042926
775,32,24,24,1,1,1,1,0,1,1,1,1,0,1,1,241.6011209,234.457463,213.4239643,12.24870937,13.86546101,3.881184749,243.6981819,233.40997,214.4174398,12.3978226,10.02060891,9.489300315
776,32,24,24,1,1,1,1,0,1,1,1,1,1,0,1,394.3374333,287.5075419,222.4260661,20.94552918,22.74571915,15.06946548,395.9765741,290.8721286,227.844146,17.55494118,22.93021815,17.67989255
777,32,24,24,1,1,1,1,0,1,1,1,1,1,1,0,237.7281072,235.1616369,216.1615546,29.26794458,24.0713467,8.125586875,238.2876733,236.099953,217.0529738,29.12840674,24.067607,8.103989924
778,32,24,24,1,1,1,1,1,0,1,1,1,1,1,1,239.8830371,233.373298,215.7938076,9.296786315,11.08080065,4.087396432,241.9336168,232.6511117,216.728536,9.82344635,6.530171013,9.036314725
779,32,24,24,1,1,1,1,1,0,0,1,1,1,1,1,240.7703602,231.3520181,217.029985,8.276644728,11.71068292,7.519119906,241.5902213,230.6734843,219.3833825,3.998982864,10.80521444,11.96856063
780,32,24,24,1,1,1,1,1,0,1,0,1,1,1,1,240.3548062,237.7607823,212.2721991,65.82760679,68.0864538,28.89652168,238.3794403,232.9638114,220.5664071,63.52070135,67.66620788,34.58345224
781,32,24,24,1,1,1,1,1,0,1,1,0,1,1,1,240.8320885,233.7055849,214.1709754,11.93946896,13.46807771,3.717106072,243.142124,232.894388,215.1724613,12.60603934,9.844080297,9.499990066
782,32,24,24,1,1,1,1,1,0,1,1,1,0,1,1,243.065361,234.3537809,211.6069982,71.74978554,37.61805283,66.5656043,250.1335157,227.1445185,215.3894102,71.84197343,31.69882541,68.68884941
783,32,24,24,1,1,1,1,1,0,1,1,1,1,0,1,237.7316589,235.1404629,216.1677188,29.13090647,23.93754494,8.125855493,238.3001567,236.0876742,217.0559264,29.0002259,23.94016215,8.103401751
784,32,24,24,1,1,1,1,1,0,1,1,1,1,1,0,394.7358956,287.8640885,223.6299277,21.01746236,22.85368676,15.37853502,396.3738019,291.0183922,228.1663399,18.30004054,23.36702566,17.74942215
785,16,16,16,1,1,1,1,1,1,1,1,1,1,1,1,229.0138977,229.0342418,229.0282841,7.892531,7.90397966,7.888482439,230.3999065,230.4143733,230.4114964,7.853621084,7.844373833,7.859642051
786,16,16,16,1,1,1,1,1,1,0,1,1,1,1,1,228.5294952,228.7169506,229.9728659,13.39806455,15.00429844,9.933756063,229.4436009,228.3665061,233.6438454,5.268265198,14.84177666,15.80125791
787,16,16,16,1,1,1,1,1,1,1,0,1,1,1,1,228.5294182,228.7123447,229.974769,13.39677606,14.99350902,9.901691472,229.4417877,228.3679338,233.6507584,5.269704175,14.81478709,15.77439185
788,16,16,16,1,1,1,1,1,1,1,1,0,1,1,1,229.959773,228.5411186,228.7187621,9.916418058,13.39676013,14.98519721,233.634167,229.4526998,228.3739485,15.79377787,5.268437214,14.83568014
789,16,16,16,1,1,1,1,1,1,1,1,1,0,1,1,229.9582012,228.5413856,228.7186178,9.960194279,13.39737697,15.01391001,233.6329355,229.4540625,228.3747488,15.8139661,5.269800273,14.86468641
790,16,16,16,1,1,1,1,1,1,1,1,1,1,0,1,228.7025723,229.9750708,228.5392445,15.01104341,9.941449332,13.4049932,228.3507634,233.6464707,229.4511107,14.84276622,15.80673313,5.260380164
791,16,16,16,1,1,1,1,1,1,1,1,1,1,1,0,228.7004422,229.9713795,228.5426358,15.00386064,9.946999015,13.40015817,228.3559869,233.6490296,229.4527933,14.85982617,15.81336065,5.265123691
792,16,16,16,0,1,1,1,1,1,1,1,1,1,1,1,227.8915093,227.252349,232.1443715,5.320081118,14.36070242,15.40464722,229.8817385,230.1649382,231.3016294,13.32678764,13.87674915,9.720642381
793,16,16,16,0,1,1,1,1,1,0,1,1,1,1,1,244.0390822,365.894486,296.9488555,16.18195367,25.1499312,24.53048387,247.7395703,368.16403,299.541331,17.41544637,20.83085119,23.45314344
794,16,16,16,0,1,1,1,1,1,1,0,1,1,1,1,227.2434392,225.4743172,234.3319721,11.69725883,37.73597451,30.624998,228.7283723,226.7356725,235.8039692,11.62281987,37.40087511,30.59452197
795,16,16,16,0,1,1,1,1,1,1,1,0,1,1,1,223.3478706,227.8247806,237.9357138,38.60442153,80.37869498,84.01318818,234.8371923,224.8436874,231.8849108,46.67563035,75.7073253,83.14016956
796,16,16,16,0,1,1,1,1,1,1,1,1,0,1,1,231.4147316,224.9162822,231.7502373,11.91937359,13.82950316,16.67618468,235.370662,225.7813373,231.245015,17.68479987,4.73328354,16.51522217
797,16,16,16,0,1,1,1,1,1,1,1,1,1,0,1,223.1314139,230.7367891,233.4295152,77.61842878,85.18220865,47.99592554,229.0868885,239.6917041,224.6605662,81.27935586,84.97123568,39.49607352
798,16,16,16,0,1,1,1,1,1,1,1,1,1,1,0,222.7677264,231.5404248,234.4707293,4.659378493,16.52200264,17.88111326,224.7595417,234.8672995,233.3555809,14.0622501,16.35560007,12.30320428
799,16,16,16,1,0,1,1,1,1,1,1,1,1,1,1,227.8950707,227.2488876,232.1373112,5.32252676,14.32514865,15.3783891,229.8848887,230.1665937,231.300546,13.32542434,13.90146705,9.70335219
800,16,16,16,1,0,1,1,1,1,0,1,1,1,1,1,227.229774,225.4945249,234.3549116,11.69800611,37.81355272,30.69856489,228.7158567,226.7402493,235.799711,11.62251896,37.4481276,30.64298861
801,16,16,16,1,0,1,1,1,1,1,0,1,1,1,1,243.9380459,365.8299717,297.1655112,18.96503204,25.87583055,26.52658533,248.4510718,368.0296684,299.9139266,20.44343474,21.62109848,26.260502
802,16,16,16,1,0,1,1,1,1,1,1,0,1,1,1,231.4182406,224.9201843,231.6936825,11.81237493,13.81918686,16.59899959,235.3380007,225.776878,231.1708367,17.55518911,4.678332112,16.38312651
803,16,16,16,1,0,1,1,1,1,1,1,1,0,1,1,223.3310073,227.7977169,237.9139817,38.56079759,80.31685636,83.94193392,234.8018831,224.8198178,231.8549546,46.62174049,75.64070528,83.05577835
804,16,16,16,1,0,1,1,1,1,1,1,1,1,0,1,221.9261844,234.0825436,236.3886118,5.7887565,20.24691318,21.14191901,223.8048106,237.415283,235.5641415,14.60681112,20.36528957,17.04664656
805,16,16,16,1,0,1,1,1,1,1,1,1,1,1,0,223.352221,230.8614046,233.5541686,77.06017665,84.33259466,47.23370789,229.2195841,239.761148,224.781824,80.69578968,84.14154433,38.57884807
806,16,16,16,1,1,0,1,1,1,1,1,1,1,1,1,232.1318801,227.9024328,227.2599959,15.4301231,5.316481003,14.37994655,231.2860497,229.8943752,230.1709538,9.74143639,13.32797069,13.90361506
807,16,16,16,1,1,0,1,1,1,0,1,1,1,1,1,233.4899421,223.2160843,230.8006857,48.07162123,77.6848379,85.23849726,224.6817827,229.1447533,239.7388092,39.54833517,81.32242421,85.00951362
808,16,16,16,1,1,0,1,1,1,1,0,1,1,1,1,234.338893,222.7088807,231.4540736,17.93479101,4.478583599,16.60546031,233.2737779,224.7202994,234.8247049,12.62103732,14.17394773,16.45840335
809,16,16,16,1,1,0,1,1,1,1,1,0,1,1,1,296.9087362,244.1176128,365.7439965,26.60258059,19.10848694,25.44161591,299.8041502,248.7060364,368.3032064,26.59182991,21.02075947,22.29739238
810,16,16,16,1,1,0,1,1,1,1,1,1,0,1,1,234.3223084,227.2554405,225.4792286,30.54589843,11.69921544,37.66217579,235.7685325,228.7415992,226.7250275,30.50257295,11.62278605,37.3037279
811,16,16,16,1,1,0,1,1,1,1,1,1,1,0,1,237.8869943,223.3526969,227.8115837,83.94282764,38.57909445,80.31538747,231.839854,234.8271522,224.8285359,83.05988708,46.63237238,75.6393701
812,16,16,16,1,1,0,1,1,1,1,1,1,1,1,0,231.6657953,231.4237069,224.9336483,16.5844381,11.79185182,13.79951914,231.1453491,235.3445308,225.7931486,16.38402132,17.54840439,4.70324204
813,16,16,16,1,1,1,0,1,1,1,1,1,1,1,1,232.1221441,227.9077183,227.2542136,15.36381833,5.318395542,14.31431065,231.2834177,229.8987688,230.1715823,9.670965873,13.33002882,13.8525718
814,16,16,16,1,1,1,0,1,1,0,1,1,1,1,1,234.5045171,222.9380302,231.4321536,18.08782938,4.677120722,16.68492886,233.2955051,224.9149019,234.6188524,12.39295525,13.98072144,16.26992884
815,16,16,16,1,1,1,0,1,1,1,0,1,1,1,1,233.3761705,223.1603929,230.7204175,47.8031203,77.5483941,85.03169601,224.6546737,229.093629,239.6910339,39.2993084,81.20156687,84.83917915
816,16,16,16,1,1,1,0,1,1,1,1,0,1,1,1,234.3352209,227.2433887,225.4892831,30.65455083,11.69813065,37.76493641,235.7930079,228.7287674,226.7433086,30.61127832,11.62289808,37.42063188
817,16,16,16,1,1,1,0,1,1,1,1,1,0,1,1,296.8598123,243.5798459,365.5100219,23.58855841,16.51378964,23.82450609,299.3988975,247.4742936,367.9074211,22.31259993,18.27804463,19.46971962
818,16,16,16,1,1,1,0,1,1,1,1,1,1,0,1,231.9257714,231.5463503,224.8041505,16.67735372,11.88008835,13.89106701,231.3569708,235.4454422,225.6523476,16.33932826,17.54267321,4.671417779
819,16,16,16,1,1,1,0,1,1,1,1,1,1,1,0,237.9247154,223.4592813,227.8545109,83.47282246,38.44878666,79.70430249,232.0384237,235.0256963,225.0158829,82.68544005,46.624566,75.08273765
820,16,16,16,1,1,1,1,0,1,1,1,1,1,1,1,227.2273182,232.1148239,227.9061677,14.27788073,15.3298327,5.315181709,230.1585393,231.2966952,229.8979711,13.86669734,9.651069664,13.33004312
821,16,16,16,1,1,1,1,0,1,0,1,1,1,1,1,227.939816,238.0280003,223.4741096,79.96967312,83.38541568,37.8780727,225.0138711,231.9711304,234.8438559,75.31486658,82.48600854,46.02424054
822,16,16,16,1,1,1,1,0,1,1,0,1,1,1,1,224.9760467,231.8394715,231.5597872,13.9194695,16.70230515,11.88534035,225.8109097,231.2766819,235.4043359,4.652383774,16.31874938,17.54507175
823,16,16,16,1,1,1,1,0,1,1,1,0,1,1,1,230.7114449,233.4066247,223.1598404,85.15799501,47.92133021,77.64021579,239.6851953,224.6522493,229.1081406,84.96031796,39.42026371,81.29896865
824,16,16,16,1,1,1,1,0,1,1,1,1,0,1,1,231.7791504,234.7922124,222.5686511,16.67518258,18.08771406,4.621139989,234.9922285,233.5467864,224.5572555,16.14622749,12.43611393,14.04665496
825,16,16,16,1,1,1,1,0,1,1,1,1,1,0,1,365.3453862,296.7690437,243.4654691,22.63624592,21.64278195,14.04271977,367.9394518,300.0034285,248.5267337,18.28774732,21.76131625,17.56809399
826,16,16,16,1,1,1,1,0,1,1,1,1,1,1,0,225.4900592,234.3554986,227.2476323,37.79833236,30.68477959,11.69848643,226.727994,235.7870666,228.7326849,37.42789849,30.62250809,11.62347387
827,16,16,16,1,1,1,1,1,0,1,1,1,1,1,1,227.2470116,232.145579,227.9036469,14.37954679,15.43518953,5.317941989,230.1597213,231.294196,229.8940671,13.88855722,9.733456733,13.33057045
828,16,16,16,1,1,1,1,1,0,0,1,1,1,1,1,224.9600859,231.6588725,231.3992808,13.80477641,16.62400626,11.83476684,225.8195249,231.1384176,235.3307528,4.713084117,16.42684479,17.59124644
829,16,16,16,1,1,1,1,1,0,1,0,1,1,1,1,227.8031664,237.9227802,223.3679022,80.35875119,84.00184427,38.64252561,224.8155415,231.8775685,234.8527033,75.68341337,83.12812249,46.70197636
830,16,16,16,1,1,1,1,1,0,1,1,0,1,1,1,231.5314404,234.4426818,222.736646,16.53308451,17.86422488,4.613089346,234.8915858,233.3618363,224.7234069,16.40107913,12.43200203,14.09926111
831,16,16,16,1,1,1,1,1,0,1,1,1,0,1,1,230.8422921,233.4986773,223.3444265,84.77205907,47.49639835,77.46005381,239.817829,224.7971011,229.2597426,84.58048147,38.92342889,81.09722061
832,16,16,16,1,1,1,1,1,0,1,1,1,1,0,1,225.4744525,234.3357202,227.2387066,37.70829266,30.59248989,11.69686719,226.7214485,235.7869165,228.7236485,37.36098023,30.55649265,11.62173538
833,16,16,16,1,1,1,1,1,0,1,1,1,1,1,0,366.1364988,297.3143087,245.4962933,23.89601155,24.07723974,16.72808746,368.4231303,299.7999221,248.8549384,20.5498149,24.0472466,18.56296181
834,24,24,32,1,1,1,1,1,1,1,1,1,1,1,1,231.221029,216.123763,241.588665,5.638961973,5.232264778,4.415711784,232.1093358,216.8987881,242.2749279,5.439263453,5.137237966,4.647413848
835,24,24,32,1,1,1,1,1,1,0,1,1,1,1,1,230.9328061,215.6517523,242.3768041,9.727054945,11.58954956,6.87465471,231.7830441,214.7529062,244.6368774,4.303029296,10.36232933,11.2515783
836,24,24,32,1,1,1,1,1,1,1,0,1,1,1,1,230.9296517,215.6502969,242.3797437,9.72500701,11.56797429,6.833172748,231.7785804,214.7547415,244.646183,4.299369463,10.33287545,11.22772666
837,24,24,32,1,1,1,1,1,1,1,1,0,1,1,1,231.8713515,215.9528603,241.1794908,6.82020539,9.039074742,10.50746877,234.4014862,216.729862,240.328115,11.37449611,4.029311632,9.782934259
838,24,24,32,1,1,1,1,1,1,1,1,1,0,1,1,231.8751497,215.9506604,241.1781439,6.837974724,9.036607171,10.51677282,234.4061644,216.7281394,240.32641,11.38342597,4.034077687,9.796663436
839,24,24,32,1,1,1,1,1,1,1,1,1,1,0,1,230.9319202,216.781944,241.385693,10.90471206,6.358500375,8.087834696,230.3274911,219.0170971,242.2279289,9.892237484,11.02600829,4.114060311
840,24,24,32,1,1,1,1,1,1,1,1,1,1,1,0,230.93025,216.7777097,241.3886531,10.92755833,6.387582385,8.082406278,230.3274247,219.0129801,242.2355331,9.922305097,11.05040736,4.124845892
841,24,24,32,0,1,1,1,1,1,1,1,1,1,1,1,230.7938993,213.9826392,244.058313,4.384435243,10.28574354,11.1043105,231.7980816,216.3813052,243.1346213,9.651462634,11.19902329,6.934827659
842,24,24,32,0,1,1,1,1,1,0,1,1,1,1,1,256.9740673,346.6928334,315.9304111,14.3769137,19.81098102,20.03866234,260.4469023,348.1568341,317.9705998,15.40727752,16.13093378,19.68177227
843,24,24,32,0,1,1,1,1,1,1,0,1,1,1,1,230.9028707,211.3506761,246.2628805,8.685676265,35.12315268,29.15458617,231.8517772,212.1051709,246.9291228,8.641098138,34.94344602,29.11222342
844,24,24,32,0,1,1,1,1,1,1,1,0,1,1,1,226.5776354,214.4571028,249.3075509,31.34405246,68.14095972,71.21493949,235.5545407,212.4038064,243.5500029,37.00492816,65.48832982,70.66388462
845,24,24,32,0,1,1,1,1,1,1,1,1,0,1,1,232.2077151,214.6604479,242.0828524,9.297607549,9.365536946,12.33411139,234.9860376,215.3831303,241.1649164,13.37208321,3.836854674,11.86100475
846,24,24,32,0,1,1,1,1,1,1,1,1,1,0,1,227.3747616,216.8446003,244.9955042,64.26738408,68.82444115,35.07464995,231.5058472,224.2602829,238.3579818,66.69400696,69.06447917,30.02896346
847,24,24,32,0,1,1,1,1,1,1,1,1,1,1,0,230.094389,214.3189925,244.4786601,4.192964095,11.3957728,12.24249184,231.1389537,216.8066364,243.434584,9.86349856,12.21701928,8.337852143
848,24,24,32,1,0,1,1,1,1,1,1,1,1,1,1,230.7914644,213.9880935,244.0545713,4.389967096,10.25994052,11.07780835,231.7938854,216.3867118,243.1333218,9.6466737,11.2036264,6.906080947
849,24,24,32,1,0,1,1,1,1,0,1,1,1,1,1,230.8984042,211.3496431,246.2659619,8.685520141,35.21091454,29.2421352,231.847475,212.0990413,246.933486,8.641315049,35.03341372,29.20014023
850,24,24,32,1,0,1,1,1,1,1,0,1,1,1,1,255.7540473,346.6784871,315.7495938,13.14695728,19.08076184,19.3608159,259.7396127,348.3411557,317.805514,14.99757334,15.8676839,19.30366191
851,24,24,32,1,0,1,1,1,1,1,1,0,1,1,1,232.1065131,214.9019147,241.9396865,8.718573192,9.350116926,11.98216854,234.7903522,215.6200858,240.9545662,12.86159229,3.744259435,11.32430868
852,24,24,32,1,0,1,1,1,1,1,1,1,0,1,1,226.3755431,214.3942076,249.4526406,32.01448836,69.65024853,72.71840064,235.4423832,212.1652092,243.4340538,37.60697128,66.95820681,72.13381084
853,24,24,32,1,0,1,1,1,1,1,1,1,1,0,1,230.1057273,214.3076864,244.4643066,4.171120925,11.41127541,12.2654018,231.1586098,216.807714,243.4371778,9.886670242,12.27348141,8.419781807
854,24,24,32,1,0,1,1,1,1,1,1,1,1,1,0,227.3319361,216.8499088,245.1414556,64.03844166,68.71181928,35.244931,231.4381604,224.1482466,238.344758,66.46034503,68.92056542,30.16352908
855,24,24,32,1,1,0,1,1,1,1,1,1,1,1,1,233.3674741,215.787823,239.8895827,11.0793177,4.084497136,9.294176908,232.6493005,216.7225823,241.9426677,6.540584854,9.039280352,9.834823244
856,24,24,32,1,1,0,1,1,1,0,1,1,1,1,1,234.0683997,211.803251,242.991509,35.82529435,66.11512466,70.58051252,227.3159004,215.6245423,250.2580561,29.92654109,68.27388225,70.80376458
857,24,24,32,1,1,0,1,1,1,1,0,1,1,1,1,233.6907586,214.0081133,240.8439462,13.6836746,3.614820121,12.16413781,232.8947046,215.0463767,243.1768052,10.23991406,9.597001674,12.79567535
858,24,24,32,1,1,0,1,1,1,1,1,0,1,1,1,287.3082428,222.0594703,394.1468663,22.67417428,13.44089047,21.580075,291.1755318,227.760799,396.1158392,23.24503913,16.81204772,18.84994469
859,24,24,32,1,1,0,1,1,1,1,1,1,0,1,1,235.1650887,216.1546325,237.7117653,24.1718429,8.12527549,29.36994166,236.1149723,217.0472708,238.2834786,24.17749363,8.103452861,29.23811585
860,24,24,32,1,1,0,1,1,1,1,1,1,1,0,1,237.8740813,212.1194903,240.3095466,69.77152016,30.10522026,67.26320188,232.9288325,220.5554233,238.1837623,69.36910085,35.70115617,64.92700386
861,24,24,32,1,1,0,1,1,1,1,1,1,1,1,0,231.3549505,217.0322342,240.7732928,11.70425972,7.49340086,8.280256551,230.6685492,219.3721109,241.5929211,10.76639734,11.93070399,3.99410073
862,24,24,32,1,1,1,0,1,1,1,1,1,1,1,1,233.3642878,215.7848869,239.8950434,11.08022211,4.081359539,9.306829317,232.6462521,216.7229927,241.9454408,6.553290296,9.038048145,9.840579299
863,24,24,32,1,1,1,0,1,1,0,1,1,1,1,1,234.3549306,213.3595371,241.6166365,15.29877069,3.870316022,13.73235556,233.3260072,214.3467185,243.7261425,11.85151719,9.575252494,14.01365112
864,24,24,32,1,1,1,0,1,1,1,0,1,1,1,1,234.2130249,211.3572252,242.9900764,38.44901681,68.40579263,73.62269085,226.8475529,215.4285483,250.3580651,32.60988222,70.58904955,73.75382326
865,24,24,32,1,1,1,0,1,1,1,1,0,1,1,1,235.1677939,216.1630733,237.7245739,24.10084958,8.125003912,29.29574438,236.0967928,217.0547031,238.2830495,24.09051754,8.103303454,29.15060971
866,24,24,32,1,1,1,0,1,1,1,1,1,0,1,1,286.6701557,220.6011735,394.3204855,24.40136764,13.08211751,23.17477654,290.9198467,227.3906617,396.3594592,25.16771449,17.14384743,20.13557215
867,24,24,32,1,1,1,0,1,1,1,1,1,1,0,1,231.3752031,217.0475218,240.7724262,11.74291326,7.582729857,8.295159775,230.6968402,219.4066756,241.589006,10.83719763,12.00403736,3.984490319
868,24,24,32,1,1,1,0,1,1,1,1,1,1,1,0,237.5931368,212.4986317,240.2467638,66.74189131,28.66206662,64.28089616,233.0629778,220.6436492,238.5040645,66.41855493,34.36406149,62.03547472
869,24,24,32,1,1,1,1,0,1,1,1,1,1,1,1,229.6241158,218.109766,241.4879566,9.476803941,10.70561698,4.05183396,231.8973666,217.5120758,242.04337,10.16390106,5.999375494,8.142975332
870,24,24,32,1,1,1,1,0,1,0,1,1,1,1,1,230.6568253,222.9156847,238.0625197,61.11148872,62.59543214,25.39684825,228.9208421,217.5920707,245.027495,58.25059568,61.68571797,30.4237429
871,24,24,32,1,1,1,1,0,1,1,0,1,1,1,1,230.477465,215.9375458,242.5963275,9.886921882,12.28276464,7.85923248,231.2932901,214.9724974,244.9378537,4.158459033,11.11066394,12.01273225
872,24,24,32,1,1,1,1,0,1,1,1,0,1,1,1,232.3859782,219.7467169,237.1922043,69.84965628,35.89273277,65.36262985,239.2298487,213.0452969,240.5762986,69.73915837,30.05843872,67.27362594
873,24,24,32,1,1,1,1,0,1,1,1,1,0,1,1,230.2042646,218.7330924,240.5401155,11.13800312,12.37836685,3.87354771,232.5646153,217.9325055,241.1412572,11.59772599,8.120728743,8.473226584
874,24,24,32,1,1,1,1,0,1,1,1,1,1,0,1,363.1418803,293.6195498,257.4465298,23.11482002,24.65031272,17.16319991,364.425791,295.1538795,260.6640172,19.31226728,23.26696044,18.05087872
875,24,24,32,1,1,1,1,0,1,1,1,1,1,1,0,227.4711165,219.8820453,242.054343,31.30433157,25.99491672,7.502314978,228.2809878,220.7336124,242.7566181,31.12763003,25.94328848,7.481630315
876,24,24,32,1,1,1,1,1,0,1,1,1,1,1,1,229.624725,218.1205843,241.4803398,9.534903914,10.7652917,4.049604436,231.8949147,217.5130827,242.0404114,10.19212684,6.062724561,8.150171717
877,24,24,32,1,1,1,1,1,0,0,1,1,1,1,1,230.4726447,215.9303441,242.59505,9.885095119,12.3160252,7.949166294,231.2912488,214.9758681,244.9580505,4.166438501,11.20423819,12.10501539
878,24,24,32,1,1,1,1,1,0,1,0,1,1,1,1,230.5031579,223.2833846,237.4833167,65.5183084,67.97808002,29.65733251,228.279829,217.7458518,245.4891778,62.55539891,67.22577647,34.57077397
879,24,24,32,1,1,1,1,1,0,1,1,0,1,1,1,230.0986376,218.5942106,240.5693837,10.80241442,12.05052598,3.883653506,232.5127071,217.8806125,241.159861,11.46305873,7.773893762,8.427888432
880,24,24,32,1,1,1,1,1,0,1,1,1,0,1,1,232.4997914,219.848853,237.4144329,67.96627113,35.15903169,63.43428064,239.0238639,213.306746,240.5381648,67.79988664,29.2642421,65.29243711
881,24,24,32,1,1,1,1,1,0,1,1,1,1,0,1,227.4622854,219.8796314,242.0674366,31.35478169,26.04828227,7.504179645,228.2861839,220.7526311,242.7700305,31.19370581,26.00664935,7.483190483
882,24,24,32,1,1,1,1,1,0,1,1,1,1,1,0,362.5791004,293.4107636,257.4824876,22.06939926,23.21685273,15.56781278,364.3572929,295.3240773,260.2291824,19.19842966,22.55678618,16.95382664
883,32,64,64,1,1,1,1,1,1,1,1,1,1,1,1,211.9839821,221.8857806,258.250408,4.141043497,2.342856819,2.774902038,212.5057693,222.0819388,258.5743703,3.811519268,2.53152889,2.879497463
884,32,64,64,1,1,1,1,1,1,0,1,1,1,1,1,211.9389364,221.3046474,258.8246357,7.167453846,8.368493819,5.115957379,212.6658082,220.0270305,260.265952,3.563737458,7.236437793,8.131041548
885,32,64,64,1,1,1,1,1,1,1,0,1,1,1,1,211.9395398,221.3068717,258.8264548,7.167396683,8.368573671,5.117206729,212.6665248,220.0290165,260.2689006,3.564797476,7.236495755,8.134266155
886,32,64,64,1,1,1,1,1,1,1,1,0,1,1,1,212.3807895,221.9515112,257.9515831,4.417405214,4.78734516,7.393898224,213.9323688,222.618855,257.0426622,8.015419768,3.253756587,6.381992346
887,32,64,64,1,1,1,1,1,1,1,1,1,0,1,1,212.3836475,221.9526878,257.9467816,4.416992638,4.783519126,7.398725868,213.9290847,222.6199419,257.0400531,8.004213821,3.25702409,6.381527067
888,32,64,64,1,1,1,1,1,1,1,1,1,1,0,1,211.6149261,222.3951307,258.1406901,8.909560826,4.862656026,5.620147369,210.7611305,223.3641075,258.9529531,7.219222028,7.506997143,3.800870882
889,32,64,64,1,1,1,1,1,1,1,1,1,1,1,0,211.6122492,222.401563,258.1378293,8.906762562,4.876580641,5.624795745,210.7593242,223.3781725,258.9515833,7.230159032,7.527905174,3.799884817
890,32,64,64,0,1,1,1,1,1,1,1,1,1,1,1,212.0703454,219.752869,260.0324864,3.683817027,7.269845266,8.150265522,212.5135817,221.4080376,259.1495139,7.12202086,8.345240488,5.245913862
891,32,64,64,0,1,1,1,1,1,0,1,1,1,1,1,226.695617,380.4261437,315.293543,14.1725733,16.9046351,20.36024316,222.9033225,380.0625404,312.814737,11.54427154,18.56466604,19.70303912
892,32,64,64,0,1,1,1,1,1,1,0,1,1,1,1,213.1804702,216.3979306,262.0024788,6.583312242,30.70522611,26.03642201,213.8005034,216.5742762,262.2725436,6.568919332,30.66206615,26.0282009
893,32,64,64,0,1,1,1,1,1,1,1,0,1,1,1,210.0339002,219.9694548,262.3878786,16.94075252,44.1966255,45.49018007,215.089015,219.7889671,258.998617,21.37069985,43.37184292,45.23006626
894,32,64,64,0,1,1,1,1,1,1,1,1,0,1,1,212.6731812,221.1663976,258.3850636,7.802809832,5.210398602,9.862689987,214.544667,221.8524556,257.3695486,10.68474222,3.358037762,9.238956975
895,32,64,64,0,1,1,1,1,1,1,1,1,1,0,1,209.490541,222.082144,260.3584895,46.40682628,48.94190115,23.02567572,211.2841022,226.7802941,255.9719817,47.73795759,49.26083213,19.86636514
896,32,64,64,0,1,1,1,1,1,1,1,1,1,1,0,211.3739751,219.9800595,260.4549407,3.49546526,11.05965743,11.85725824,211.9302589,221.6432551,259.4213828,7.399393161,11.70913851,9.984261109
897,32,64,64,1,0,1,1,1,1,1,1,1,1,1,1,212.0737681,219.7502078,260.0323252,3.688874883,7.287726546,8.172104867,212.5132974,221.4122413,259.1494089,7.124120701,8.37456034,5.267560556
898,32,64,64,1,0,1,1,1,1,0,1,1,1,1,1,213.1752857,216.3970628,262.0183742,6.582537625,30.7991668,26.12889167,213.7947088,216.5713559,262.281461,6.568456243,30.7483693,26.1167379
899,32,64,64,1,0,1,1,1,1,1,0,1,1,1,1,227.1593083,380.4993354,315.7526717,11.6815514,15.15134545,17.99087661,224.3830957,380.3065635,313.6332475,9.302321354,16.86462153,17.41190196
900,32,64,64,1,0,1,1,1,1,1,1,0,1,1,1,212.6954581,221.307859,258.2719606,6.877939543,5.058951198,9.109798452,214.3932879,221.9695027,257.2441425,9.846200012,3.246692249,8.283069045
901,32,64,64,1,0,1,1,1,1,1,1,1,0,1,1,208.7788524,219.8740705,263.6693697,23.47866966,56.70620767,58.57252268,215.3225177,218.6844817,258.9305818,27.60862888,55.70709,58.32065058
902,32,64,64,1,0,1,1,1,1,1,1,1,1,0,1,211.4116855,219.9070023,260.4951615,3.611333281,10.79900372,11.58099341,211.9603777,221.5492125,259.4802667,7.385163035,11.49892191,9.684164741
903,32,64,64,1,0,1,1,1,1,1,1,1,1,1,0,209.2265011,222.1371976,260.4101767,51.03637505,53.68406831,24.98984656,211.7729774,227.6349289,255.4425201,52.55810765,54.05253224,21.85438512
904,32,64,64,1,1,0,1,1,1,1,1,1,1,1,1,213.2211891,222.3175846,256.9787062,7.865709107,3.226351786,5.989215024,212.7981822,222.1294343,258.4019017,4.090669866,4.90223671,6.96038179
905,32,64,64,1,1,0,1,1,1,0,1,1,1,1,1,213.6960034,220.5834138,258.6385811,14.02463512,28.45128946,28.98853656,211.8385601,219.9663232,261.3028611,9.064593002,28.87921813,29.37655013
906,32,64,64,1,1,0,1,1,1,1,0,1,1,1,1,214.0284533,221.1998687,257.5526646,11.67593595,3.358886689,10.07864802,213.3408249,221.0425638,258.9736111,9.100931754,5.289035168,10.52087364
907,32,64,64,1,1,0,1,1,1,1,1,0,1,1,1,272.3761754,218.2898974,411.929573,23.73191398,14.19067877,21.01032994,275.7257182,224.0142689,413.7232551,23.81640372,16.1796646,19.55881316
908,32,64,64,1,1,0,1,1,1,1,1,1,0,1,1,214.4518383,224.2210873,254.5123126,20.00177517,4.916557737,23.64585988,215.0688237,224.4657791,254.7290391,19.99016222,4.918275688,23.59651749
909,32,64,64,1,1,0,1,1,1,1,1,1,1,0,1,216.408331,219.8467596,257.5191575,50.37645316,19.95950112,49.20111299,212.7164164,224.4431701,256.4555368,50.02698682,22.79826301,47.98470425
910,32,64,64,1,1,0,1,1,1,1,1,1,1,1,0,211.5943713,222.558873,258.0279306,9.366330139,5.662814726,5.715866273,210.7016637,223.5711751,258.8366871,7.767712808,8.118980613,3.801192194
911,32,64,64,1,1,1,0,1,1,1,1,1,1,1,1,213.2215126,222.3165914,256.9797973,7.842583153,3.228249327,5.977564312,212.8031156,222.1294256,258.3994329,4.073455055,4.893889732,6.946779355
912,32,64,64,1,1,1,0,1,1,0,1,1,1,1,1,214.7156641,220.2368618,258.2017549,13.58565284,3.867107494,12.25923243,213.9297786,220.0037075,259.5510367,11.40554174,5.525361236,12.52774379
913,32,64,64,1,1,1,0,1,1,1,0,1,1,1,1,214.4034623,218.4202306,259.1331952,27.0769815,54.81069345,57.32164082,209.2086402,219.9531299,264.3379087,22.78884753,55.67949472,57.46079697
914,32,64,64,1,1,1,0,1,1,1,1,0,1,1,1,214.4616356,224.2314116,254.5027831,20.09665727,4.916860496,23.74175974,215.0803683,224.474168,254.7175845,20.08599999,4.91952619,23.69359698
915,32,64,64,1,1,1,0,1,1,1,1,1,0,1,1,272.3810371,218.44459,411.8019475,23.59883451,13.4660921,21.20130326,275.7506393,224.0626008,413.356887,23.63947994,15.41373705,19.5246432
916,32,64,64,1,1,1,0,1,1,1,1,1,1,0,1,211.5943831,222.5558552,258.0269687,9.322516017,5.567885352,5.716014967,210.6929189,223.5651274,258.8389044,7.69595351,8.056167321,3.800387311
917,32,64,64,1,1,1,0,1,1,1,1,1,1,1,0,215.6479509,220.4935353,257.173743,43.81717227,17.06181233,42.74214811,212.7010409,224.4740424,256.8289316,43.51199994,19.96682849,41.66694141
918,32,64,64,1,1,1,1,0,1,1,1,1,1,1,1,210.1979552,223.2030062,258.6243304,7.231282357,7.401729426,3.751434354,212.1300162,222.6582375,258.3988939,8.724977236,4.820598569,5.594678956
919,32,64,64,1,1,1,1,0,1,0,1,1,1,1,1,210.8148636,226.6438237,256.3774893,43.92224108,44.39478951,15.52476493,210.3336474,222.2788038,260.2603153,42.34972,43.75451576,18.75494348
920,32,64,64,1,1,1,1,0,1,1,0,1,1,1,1,211.3915148,221.4023395,259.1991751,7.48492545,12.01256268,10.29537561,211.9874786,220.152773,260.7838699,3.511137164,11.32139253,12.11640882
921,32,64,64,1,1,1,1,0,1,1,1,0,1,1,1,212.0571726,224.5921168,255.9110771,50.40769379,22.81836793,48.35449674,217.0079244,220.4627866,257.4540508,50.52864716,19.94997922,49.42030281
922,32,64,64,1,1,1,1,0,1,1,1,1,0,1,1,210.1200054,223.4800041,258.4533092,7.98093374,8.255252932,3.750628182,212.11078,222.877445,258.2336162,9.372175901,5.918693923,5.731009863
923,32,64,64,1,1,1,1,0,1,1,1,1,1,0,1,321.0189444,320.151117,296.1064328,18.98641366,20.45057305,13.63814727,322.1815358,320.6464806,298.1933112,16.74111056,19.5402574,14.39510175
924,32,64,64,1,1,1,1,0,1,1,1,1,1,1,0,206.96957,224.6722899,260.0016877,32.83171032,28.4256174,5.81414127,207.5432926,224.8757268,260.2854733,32.75185839,28.39267991,5.798042454
925,32,64,64,1,1,1,1,1,0,1,1,1,1,1,1,210.1972023,223.1994153,258.6196391,7.227684626,7.401202975,3.750461943,212.1344765,222.6585363,258.3926209,8.733975185,4.824763591,5.59610376
926,32,64,64,1,1,1,1,1,0,0,1,1,1,1,1,211.2887437,221.6180322,259.0906098,7.590787163,12.79069496,11.25590293,211.8641644,220.3117532,260.7643913,3.314554444,12.16752622,13.02400155
927,32,64,64,1,1,1,1,1,0,1,0,1,1,1,1,210.751535,227.4039516,255.5832881,50.10524682,51.40146882,20.30561066,209.6948112,222.5192052,260.74643,48.38901143,50.87386149,23.43395068
928,32,64,64,1,1,1,1,1,0,1,1,0,1,1,1,210.1216606,223.4695576,258.4626456,8.005245606,8.278547122,3.752420097,212.1113142,222.8691292,258.2432475,9.390852514,5.948604429,5.728456148
929,32,64,64,1,1,1,1,1,0,1,1,1,0,1,1,212.0338466,224.5189793,256.4270973,42.05613594,19.08899621,40.33840109,216.0344047,221.2006543,257.0963595,42.17224101,16.1449906,41.24462546
930,32,64,64,1,1,1,1,1,0,1,1,1,1,0,1,206.9756176,224.6726285,259.9988716,32.7925476,28.38482875,5.818168831,207.5452598,224.8666643,260.2819985,32.70791989,28.34958759,5.801418781
931,32,64,64,1,1,1,1,1,0,1,1,1,1,1,0,321.0213719,319.8458165,296.4774533,17.68283125,17.96278985,10.76463508,322.4885189,320.7280943,298.2208668,15.64470311,17.37998833,11.79676263
932,96,16,32,1,1,1,1,1,1,1,1,1,1,1,1,298.2296945,205.9784365,203.3752837,1.993572466,7.697868343,4.026764691,298.6078414,207.1157882,203.676642,3.01188936,6.455620515,3.749678712
933,96,16,32,1,1,1,1,1,1,0,1,1,1,1,1,298.0635008,205.8244173,203.7439588,5.45455623,11.67216615,5.721761343,299.0303131,205.5329107,204.6767633,4.311861347,9.335581855,9.145355678
934,96,16,32,1,1,1,1,1,1,1,0,1,1,1,1,298.0667595,205.8214231,203.7380812,5.454378268,11.67290923,5.723766529,299.0326723,205.5356702,204.678665,4.310851627,9.342976908,9.152475485
935,96,16,32,1,1,1,1,1,1,1,1,0,1,1,1,299.2830682,205.7144753,202.3972688,8.550295981,12.39761117,12.84605535,301.3250764,206.5344433,200.6449582,11.23471669,4.455146354,10.8715552
936,96,16,32,1,1,1,1,1,1,1,1,1,0,1,1,299.2804114,205.7161259,202.396913,8.546602223,12.40325335,12.84770921,301.3198352,206.5304469,200.6389533,11.22717782,4.445000721,10.86793575
937,96,16,32,1,1,1,1,1,1,1,1,1,1,0,1,298.0226824,206.2907364,203.4998118,7.894222308,7.600294935,6.783590942,297.1475585,208.953108,204.1112693,7.920504417,10.88187257,3.346733194
938,96,16,32,1,1,1,1,1,1,1,1,1,1,1,0,298.022491,206.2886499,203.5005931,7.872503149,7.578753203,6.778821518,297.1476522,208.9513464,204.114701,7.898724615,10.86796515,3.347846945
939,96,16,32,0,1,1,1,1,1,1,1,1,1,1,1,298.901479,204.4232775,203.8629047,3.999243701,9.372622192,8.837561801,298.3856479,207.08616,203.8610383,5.452444516,11.02237398,5.278633574
940,96,16,32,0,1,1,1,1,1,0,1,1,1,1,1,345.6993693,292.2851713,332.3380992,13.14940339,18.33241317,19.27943994,347.5768623,294.2372312,333.164775,14.12949742,16.59686715,18.60410504
941,96,16,32,0,1,1,1,1,1,1,0,1,1,1,1,300.3738798,201.8071006,204.1396367,6.067902495,36.8986571,32.17567167,300.530644,203.0909445,204.6546796,6.062826361,36.71003965,32.06394958
942,96,16,32,0,1,1,1,1,1,1,1,0,1,1,1,294.7819876,205.5977635,209.6636139,26.51075301,56.01868261,58.26535915,300.8977008,203.8922701,203.6701126,29.16297019,52.32729181,57.06207781
943,96,16,32,0,1,1,1,1,1,1,1,1,0,1,1,299.6350045,205.3386671,202.3125861,15.50592496,12.57329652,17.80732566,301.747971,205.9673144,200.787188,17.044645,4.423842751,16.63421066
944,96,16,32,0,1,1,1,1,1,1,1,1,1,0,1,298.0312049,206.2855578,203.4951769,7.925483647,7.624205106,6.787911684,297.1514071,208.9500925,204.1087194,7.945799194,10.90221776,3.345024969
945,96,16,32,0,1,1,1,1,1,1,1,1,1,1,0,298.8339755,204.426944,203.9544944,4.024219905,9.499002322,9.050531616,298.3027642,207.1207307,203.9372323,5.497792452,11.16095697,5.51260599
946,96,16,32,1,0,1,1,1,1,1,1,1,1,1,1,298.8949254,204.4258274,203.8693888,4.006438093,9.380934435,8.85849,298.3753377,207.0940857,203.8673196,5.457120704,11.04008847,5.303533999
947,96,16,32,1,0,1,1,1,1,0,1,1,1,1,1,300.3683809,201.8129237,204.1523237,6.06983412,36.90820597,32.18200226,300.5239244,203.0896319,204.6541354,6.064806256,36.71082877,32.06468821
948,96,16,32,1,0,1,1,1,1,1,0,1,1,1,1,341.9324792,291.6440041,331.7501697,13.08566732,20.06676214,20.49780155,345.8805861,294.5317633,332.9408899,15.11052391,17.08580309,19.14154878
949,96,16,32,1,0,1,1,1,1,1,1,0,1,1,1,299.6162581,205.4514148,202.2345028,13.45137389,12.4866945,16.2563236,301.6513647,206.1378592,200.6419713,15.18963074,4.472285338,14.8872784
950,96,16,32,1,0,1,1,1,1,1,1,1,0,1,1,294.2536935,205.6495021,210.2712379,28.25899315,59.60758681,61.97204884,300.7081588,203.5014447,203.6476661,30.86268259,55.79918861,60.72025751
951,96,16,32,1,0,1,1,1,1,1,1,1,1,0,1,295.1659003,207.6249108,207.725135,11.69019338,31.45246158,29.59497787,295.8398957,211.1592219,205.6936518,14.26807154,30.59419235,27.25852729
952,96,16,32,1,0,1,1,1,1,1,1,1,1,1,0,298.0348526,206.281851,203.4922638,7.885789941,7.593565044,6.787726948,297.1588749,208.9522073,204.1048921,7.91884981,10.89272775,3.344334628
953,96,16,32,1,1,0,1,1,1,1,1,1,1,1,1,301.5397232,205.3779763,199.6373,11.90996605,5.000197481,12.08250882,299.913652,207.0806605,202.1925491,9.671186815,12.03629767,13.63554914
954,96,16,32,1,1,0,1,1,1,0,1,1,1,1,1,300.9660763,202.7994971,202.2763268,34.15305273,61.46766867,66.80797432,294.1076118,208.2781627,210.387727,31.59037291,64.70719025,67.56544471
955,96,16,32,1,1,0,1,1,1,1,0,1,1,1,1,301.6527434,205.1988699,199.6826074,12.65491626,4.916360126,12.78054162,299.9719939,206.9250512,202.2478454,10.52384142,12.10213462,14.24306201
956,96,16,32,1,1,0,1,1,1,1,1,0,1,1,1,359.7736848,239.186935,344.1307737,16.88866301,13.56596392,15.88379273,359.37341,239.5992645,344.7244717,16.87561354,13.23659109,16.78579896
957,96,16,32,1,1,0,1,1,1,1,1,1,0,1,1,304.8994526,205.3564983,195.2538741,39.6965729,10.58603735,46.79343037,304.9924239,206.6980313,195.7369074,39.68756745,10.47666128,46.64907432
958,96,16,32,1,1,0,1,1,1,1,1,1,1,0,1,306.3372446,200.8651423,198.7293505,76.25032949,33.0903469,72.59458545,300.0732392,210.9019554,197.522406,76.08567569,39.07337862,70.97660675
959,96,16,32,1,1,0,1,1,1,1,1,1,1,1,0,304.4014767,207.7876714,196.4592822,18.29570391,18.30097625,8.078910511,303.4125733,210.8569377,197.3299211,18.22206798,19.90597871,4.087668253
960,96,16,32,1,1,1,0,1,1,1,1,1,1,1,1,301.5245596,205.3757195,199.6342291,11.84995783,4.996850078,12.04566579,299.9130196,207.082766,202.1933412,9.617424565,12.03498596,13.61103787
961,96,16,32,1,1,1,0,1,1,0,1,1,1,1,1,301.6355592,205.1998716,199.6892149,12.7372864,4.894256138,12.87366089,299.9665327,206.9312088,202.2608383,10.64824428,12.11312308,14.33267477
962,96,16,32,1,1,1,0,1,1,1,0,1,1,1,1,300.9623923,202.7468414,202.2473396,34.40757079,61.58018002,66.99816782,294.0456423,208.2439502,210.3738666,31.84688353,64.82468579,67.74848911
963,96,16,32,1,1,1,0,1,1,1,1,0,1,1,1,304.9011379,205.357727,195.2587757,39.71791892,10.58600939,46.81552875,304.9840323,206.697844,195.733258,39.70700691,10.47804251,46.66816453
964,96,16,32,1,1,1,0,1,1,1,1,1,0,1,1,359.3658617,236.0308444,341.4496696,30.41189021,26.73796035,24.62376702,358.7559616,236.0432218,341.8869613,29.81913632,25.06956522,23.57571498
965,96,16,32,1,1,1,0,1,1,1,1,1,1,0,1,308.885982,210.5972448,194.2287234,20.87867316,21.22894433,8.511919955,308.7322135,213.9584832,195.5118018,21.37311599,22.81600089,5.733509319
966,96,16,32,1,1,1,0,1,1,1,1,1,1,1,0,301.5201294,205.3813055,199.637405,11.87578872,5.006410036,12.07206243,299.9101984,207.0841136,202.1955857,9.647558738,12.0326795,13.63814897
967,96,16,32,1,1,1,1,0,1,1,1,1,1,1,1,297.5926686,207.3473161,203.2060737,7.220545698,10.8612698,3.468267811,298.7860413,207.1758923,203.6398379,7.203602006,7.176050044,6.944513002
968,96,16,32,1,1,1,1,0,1,0,1,1,1,1,1,297.610828,207.3372597,203.1887054,7.260502298,10.90332333,3.461196365,298.8142276,207.1543081,203.6236751,7.244660565,7.206851105,6.966985533
969,96,16,32,1,1,1,1,0,1,1,0,1,1,1,1,296.0731136,210.4373051,204.8908821,16.707288,35.37323282,31.13112021,295.4003611,209.4061953,208.4831586,14.13913069,36.02268527,33.26513726
970,96,16,32,1,1,1,1,0,1,1,1,0,1,1,1,301.0241836,208.2256844,197.6199881,75.53704406,38.92958729,70.68947193,307.4383885,200.876436,199.987253,75.60608499,32.47700226,71.96253447
971,96,16,32,1,1,1,1,0,1,1,1,1,0,1,1,304.1896338,207.0954863,195.0502323,20.55705061,21.76612738,6.414442515,305.9565579,206.4914262,195.320653,20.38239758,19.41794679,10.11014338
972,96,16,32,1,1,1,1,0,1,1,1,1,1,0,1,504.8478542,237.2152784,168.7820485,24.82991716,31.85530659,18.62240874,503.8921104,233.4179107,161.0699661,26.24018991,29.78467013,15.47848946
973,96,16,32,1,1,1,1,0,1,1,1,1,1,1,0,296.2184045,208.304792,204.2614246,20.02745029,17.03615959,6.336447614,296.2690709,209.6676767,204.8562558,19.98251607,17.11857419,6.331699777
974,96,16,32,1,1,1,1,1,0,1,1,1,1,1,1,297.5933933,207.3493344,203.203973,7.233741236,10.86679711,3.468017573,298.7848391,207.1786386,203.6385391,7.213974383,7.190241248,6.943870494
975,96,16,32,1,1,1,1,1,0,0,1,1,1,1,1,298.0595264,205.8246716,203.7501979,5.457196248,11.69257488,5.754329645,299.0273658,205.5333732,204.6825509,4.314154289,9.35694557,9.169556694
976,96,16,32,1,1,1,1,1,0,1,0,1,1,1,1,297.6117245,207.3411861,203.188413,7.290404041,10.92994009,3.463492331,298.8142809,207.1516656,203.6211271,7.26839912,7.228168119,6.967223142
977,96,16,32,1,1,1,1,1,0,1,1,0,1,1,1,310.2911405,211.8914375,193.6333156,20.69569715,22.43654814,6.469858335,311.6557974,212.2789943,193.191511,20.86122978,21.2482084,9.257875742
978,96,16,32,1,1,1,1,1,0,1,1,1,0,1,1,300.4146508,207.8277155,200.3010259,47.1808746,24.30804387,45.3299262,304.1389939,204.0653459,200.0533685,47.32349971,16.78083819,45.96199262
979,96,16,32,1,1,1,1,1,0,1,1,1,1,0,1,296.2048998,208.3070775,204.2755422,20.05988164,17.06661954,6.337258733,296.252905,209.667579,204.8739673,20.01214206,17.14760124,6.332095398
980,96,16,32,1,1,1,1,1,0,1,1,1,1,1,0,504.8840944,237.3418112,169.2735299,24.69210041,31.56184518,18.39536617,503.9332301,233.6014876,161.6766903,26.14262691,29.58277953,15.27045727
981,24,48,32,1,1,1,1,1,1,1,1,1,1,1,1,201.7603545,240.8074633,248.719639,4.967925084,3.088686526,4.749530026,202.4539695,241.206348,249.4287253,4.713943352,3.44371961,4.578488136
982,24,48,32,1,1,1,1,1,1,0,1,1,1,1,1,201.6599098,240.26041,249.3333464,8.487552546,9.488514211,6.167571345,202.3870044,239.1038836,251.5419408,3.739758188,8.596415102,10.24133554
983,24,48,32,1,1,1,1,1,1,1,0,1,1,1,1,201.6603617,240.2612336,249.3330604,8.481286553,9.463673373,6.119899539,202.3888085,239.1097708,251.5452733,3.742919277,8.564344359,10.21503217
984,24,48,32,1,1,1,1,1,1,1,1,0,1,1,1,202.2642682,240.7624855,248.4813816,5.486987536,6.112381607,9.413843046,204.2109135,241.5492849,247.8370749,9.786139316,3.740646178,8.326270615
985,24,48,32,1,1,1,1,1,1,1,1,1,0,1,1,202.2610577,240.7698419,248.4836807,5.480166844,6.113672522,9.407682731,204.2006831,241.5556037,247.8388942,9.758353919,3.734023335,8.309739874
986,24,48,32,1,1,1,1,1,1,1,1,1,1,0,1,201.2986093,241.5379452,248.450466,10.90028168,6.313230919,8.440271166,200.3624438,243.1687117,249.3205811,9.343853364,9.783920626,4.182367834
987,24,48,32,1,1,1,1,1,1,1,1,1,1,1,0,201.2978935,241.5445693,248.4502967,10.90720129,6.328555631,8.438197071,200.3639744,243.1759492,249.3231101,9.355912781,9.795659145,4.19143604
988,24,48,32,0,1,1,1,1,1,1,1,1,1,1,1,201.5386358,238.860197,250.7237316,3.855269679,8.253641315,10.03752777,202.3945326,240.6741489,249.9148121,8.451494839,9.06126464,6.000149596
989,24,48,32,0,1,1,1,1,1,0,1,1,1,1,1,212.8740158,407.1010693,299.3842082,6.231234643,13.19567131,13.06772197,214.1983775,407.9284945,300.3289563,6.813402868,12.85219931,12.64008657
990,24,48,32,0,1,1,1,1,1,1,0,1,1,1,1,202.1509895,236.2873837,252.528483,7.591740972,28.35596847,23.45854248,202.9847279,236.5824429,253.2365128,7.576936107,28.26500336,23.45505207
991,24,48,32,0,1,1,1,1,1,1,1,0,1,1,1,198.6021937,239.0764265,254.1672011,25.17794393,58.75471147,60.86030759,205.9869283,237.8651831,250.1475477,30.48201886,57.30504641,60.6714441
992,24,48,32,0,1,1,1,1,1,1,1,1,0,1,1,202.5052399,240.1644386,248.8540026,6.851260396,6.324221626,10.33089526,204.609078,240.9457046,248.1414425,10.89432641,3.683690398,9.427086123
993,24,48,32,0,1,1,1,1,1,1,1,1,1,0,1,197.7913597,241.8197588,250.9631542,62.85918585,66.95509937,33.44788264,201.5406308,248.7737979,244.5039126,64.83648105,67.29639146,28.5641216
994,24,48,32,0,1,1,1,1,1,1,1,1,1,1,0,199.7731642,239.8620263,251.4994008,3.702848609,12.34742813,13.84837186,200.6930459,241.6993207,250.4341185,8.840044038,12.75550968,10.93658637
995,24,48,32,1,0,1,1,1,1,1,1,1,1,1,1,201.541532,238.8639974,250.7242557,3.852742447,8.236529627,10.02320182,202.398188,240.677664,249.9105795,8.450064323,9.058008723,5.969549427
996,24,48,32,1,0,1,1,1,1,0,1,1,1,1,1,202.1524118,236.2755558,252.5272777,7.590218445,28.36443873,23.46556713,202.9864602,236.5744866,253.2487879,7.57614962,28.27926186,23.46903183
997,24,48,32,1,0,1,1,1,1,1,0,1,1,1,1,204.6500947,405.1995053,295.3994236,14.12724266,21.29863731,23.21520696,210.8577258,406.6428297,299.44765,17.06345715,18.98752736,24.1539
998,24,48,32,1,0,1,1,1,1,1,1,0,1,1,1,202.498693,240.1925525,248.8452175,6.629176015,6.317882396,10.21998928,204.5530388,240.9708609,248.0990986,10.69266231,3.662998856,9.197731565
999,24,48,32,1,0,1,1,1,1,1,1,1,0,1,1,198.1352411,238.9756573,254.5897202,27.54950732,63.55874126,65.81289789,205.9889746,237.3202325,249.9948702,32.71628167,62.0370897,65.57983427
1000,24,48,32,1,0,1,1,1,1,1,1,1,1,0,1,200.0116265,239.8185953,251.0256258,3.401552529,13.0737819,14.47296351,201.0151721,241.815602,250.0698267,9.098737963,13.601711,11.84550238
1001,24,48,32,1,0,1,1,1,1,1,1,1,1,1,0,197.7676379,241.8136584,251.1153179,62.70668196,66.90881406,33.62380477,201.4918217,248.6627473,244.4688769,64.67841564,67.23262244,28.69028587
1002,24,48,32,1,1,0,1,1,1,1,1,1,1,1,1,203.2562812,241.0971655,247.4069933,9.361287284,3.647016002,7.762148737,202.8427834,241.1515766,249.3218726,4.906855244,6.203915843,8.603505644
1003,24,48,32,1,1,0,1,1,1,0,1,1,1,1,1,204.5336052,238.3301169,249.7729938,23.50001054,44.88268169,47.17674159,200.4910019,239.1945089,254.0935285,17.71687857,45.93191383,47.18880308
1004,24,48,32,1,1,0,1,1,1,1,0,1,1,1,1,203.7876706,240.1775756,247.8010352,11.24035244,3.588480847,9.668932095,203.240993,240.2477998,249.8839086,7.506532469,6.559872687,10.41893039
1005,24,48,32,1,1,0,1,1,1,1,1,0,1,1,1,276.8958582,249.7655372,386.5338231,27.14521104,17.9655754,23.80613326,278.9159854,253.8918209,388.0605407,26.28809811,19.35805507,21.2570442
1006,24,48,32,1,1,0,1,1,1,1,1,1,0,1,1,204.6888319,242.4582266,245.2079921,23.09830265,6.01796369,27.54884976,205.5059008,242.8693996,245.8214339,23.0643165,6.013685117,27.42954243
1007,24,48,32,1,1,0,1,1,1,1,1,1,1,0,1,207.7706393,237.6778672,248.2633539,61.02243647,26.1673185,59.09913898,202.9751431,244.045657,246.4040146,60.41312407,29.83955512,56.71824069
1008,24,48,32,1,1,0,1,1,1,1,1,1,1,1,0,201.3319529,241.6753861,248.3099168,11.17798466,6.742234436,8.490810473,200.3756457,243.3361164,249.1741192,9.669220471,10.11168837,4.151050304
1009,24,48,32,1,1,1,0,1,1,1,1,1,1,1,1,203.2587497,241.0977118,247.405596,9.359290557,3.649520258,7.764570884,202.8494618,241.1485045,249.323022,4.922531057,6.203728862,8.617925941
1010,24,48,32,1,1,1,0,1,1,0,1,1,1,1,1,204.1709053,239.7468219,248.1572276,12.53995853,3.781124462,11.08678827,203.5117293,239.8233188,250.1058341,9.195347902,6.60316175,11.46991821
1011,24,48,32,1,1,1,0,1,1,1,0,1,1,1,1,204.971287,236.6798083,249.8809954,32.28136656,61.37830892,64.8789702,198.8902478,238.9384767,255.8692839,26.88770063,62.64831495,64.7876161
1012,24,48,32,1,1,1,0,1,1,1,1,0,1,1,1,204.6948514,242.4637599,245.2026461,23.15739978,6.017333734,27.60769857,205.5127687,242.8734163,245.8170436,23.12518693,6.013101589,27.49005176
1013,24,48,32,1,1,1,0,1,1,1,1,1,0,1,1,275.9393442,247.1526841,386.4439463,24.01179034,14.13374741,21.98835426,278.9450303,252.5986165,388.4614382,23.56793563,16.57569822,19.14722443
1014,24,48,32,1,1,1,0,1,1,1,1,1,1,0,1,201.3349222,241.6786744,248.3090396,11.19167341,6.76070697,8.49786266,200.3745736,243.339055,249.1733801,9.67078002,10.12285778,4.15360541
1015,24,48,32,1,1,1,0,1,1,1,1,1,1,1,0,207.4066915,238.045359,248.1234385,58.22052721,24.99029367,56.27298813,203.0348455,244.1629357,246.6381728,57.68235189,28.71112066,53.98636138
1016,24,48,32,1,1,1,1,0,1,1,1,1,1,1,1,199.5703742,242.9568201,248.5360397,9.469341689,9.756836354,4.233769115,201.9281973,242.0884145,249.0859465,10.76016447,6.489277641,8.35936144
1017,24,48,32,1,1,1,1,0,1,0,1,1,1,1,1,200.325476,247.8364254,245.1468623,58.13831212,59.41121268,22.82477135,199.0018046,242.1026182,251.6984423,55.89187838,58.6855185,27.75785681
1018,24,48,32,1,1,1,1,0,1,1,0,1,1,1,1,200.5925741,241.021234,249.544139,8.904734213,12.90897879,10.78385024,201.2159472,239.7572362,251.8592282,3.433049638,12.26083905,13.64259128
1019,24,48,32,1,1,1,1,0,1,1,1,0,1,1,1,202.0437423,244.2615367,245.4722769,62.52869275,30.87442671,58.67658846,208.6235961,238.4741663,248.7997359,62.68185791,27.14146023,60.67827666
1020,24,48,32,1,1,1,1,0,1,1,1,1,0,1,1,199.6255396,243.2026767,248.2932315,9.951308095,10.26142315,4.174875015,202.0178307,242.2875465,248.857838,11.18227309,7.122377997,8.446664207
1021,24,48,32,1,1,1,1,0,1,1,1,1,1,0,1,317.3509957,329.2441158,284.2907761,16.97886015,16.2071589,10.06335082,319.0565169,330.8117787,287.5671765,13.78763089,15.79066729,12.13253797
1022,24,48,32,1,1,1,1,0,1,1,1,1,1,1,0,196.5099792,245.1166151,248.9052131,37.51819285,31.84550869,7.720397138,197.2526432,245.4743995,249.6270026,37.37187572,31.79832477,7.675598822
1023,24,48,32,1,1,1,1,1,0,1,1,1,1,1,1,199.5714703,242.970887,248.532655,9.508138397,9.792753649,4.231764001,201.922441,242.0929497,249.0851181,10.77030638,6.528397773,8.360390483
1024,24,48,32,1,1,1,1,1,0,0,1,1,1,1,1,200.7323207,240.7793922,249.5519599,8.814079831,11.22785949,8.645599163,201.3915636,239.5517872,252.0180882,3.508894045,10.67124177,12.22514603
1025,24,48,32,1,1,1,1,1,0,1,0,1,1,1,1,200.1732647,248.3613707,244.355824,63.51009027,65.98849382,28.0557818,198.2777827,242.2573453,252.2113784,61.13629494,65.39052098,32.81470402
1026,24,48,32,1,1,1,1,1,0,1,1,0,1,1,1,199.614483,243.1947667,248.3026585,9.967422574,10.27738023,4.176829325,202.0074923,242.2793822,248.8645981,11.19162287,7.13458783,8.443924311
1027,24,48,32,1,1,1,1,1,0,1,1,1,0,1,1,202.1145297,244.3870693,245.651316,60.60015764,30.172229,56.67948837,208.3359571,238.7556083,248.6969103,60.69826722,26.40878349,58.61931813
1028,24,48,32,1,1,1,1,1,0,1,1,1,1,0,1,196.5051611,245.1226831,248.9081812,37.53653183,31.86200513,7.720452855,197.240779,245.4660881,249.6294954,37.38410837,31.81034398,7.674588
1029,24,48,32,1,1,1,1,1,0,1,1,1,1,1,0,318.0297126,329.1809311,284.3219868,18.95203062,19.1542754,12.90234453,319.4600089,330.1730432,286.1545851,16.80427424,18.94052585,13.8359759
1030,32,24,48,1,1,1,1,1,1,1,1,1,1,1,1,248.7079503,201.7680044,240.8134627,4.744853007,4.967188753,3.091610769,249.4175872,202.4634118,241.2113785,4.582485621,4.714453189,3.441140392
1031,32,24,48,1,1,1,1,1,1,0,1,1,1,1,1,248.4377759,201.3044173,241.5514443,8.433881711,10.90876401,6.324373901,249.3117907,200.3708914,243.1785525,4.193428005,9.351796407,9.785487825
1032,32,24,48,1,1,1,1,1,1,1,0,1,1,1,1,248.4351614,201.3162648,241.5442529,8.438432071,10.88341298,6.29669666,249.3054675,200.3831674,243.1728557,4.183701167,9.33057775,9.76730573
1033,32,24,48,1,1,1,1,1,1,1,1,0,1,1,1,249.3194391,201.6727576,240.2647119,6.1745156,8.48982758,9.489545374,251.5329595,202.3969483,239.1108151,10.24744328,3.734457178,8.605474333
1034,32,24,48,1,1,1,1,1,1,1,1,1,0,1,1,249.3199105,201.6704334,240.2660549,6.201743761,8.489770449,9.510102607,251.533631,202.3940412,239.1095996,10.26342736,3.734471161,8.625557203
1035,32,24,48,1,1,1,1,1,1,1,1,1,1,0,1,248.4681818,202.2730361,240.7729259,9.386691205,5.437899482,6.108282136,247.8213771,204.2075685,241.5590435,8.276418975,9.728476335,3.736016987
1036,32,24,48,1,1,1,1,1,1,1,1,1,1,1,0,248.4647005,202.277324,240.7701201,9.415747943,5.493725444,6.114675971,247.8188525,204.220701,241.5532402,8.32547975,9.774030101,3.730611617
1037,32,24,48,0,1,1,1,1,1,1,1,1,1,1,1,248.5239622,199.5825911,242.9653071,4.24335143,9.472174853,9.760776651,249.0718247,201.9357941,242.0955722,8.355455808,10.75443952,6.493258983
1038,32,24,48,0,1,1,1,1,1,0,1,1,1,1,1,284.5735853,317.8208692,329.1245014,10.97055551,18.55847931,18.03226109,287.9401539,319.5363022,330.6593191,12.94279556,15.68063033,17.6652505
1039,32,24,48,0,1,1,1,1,1,1,0,1,1,1,1,248.9085956,196.5204823,245.0961519,7.71933294,37.38912095,31.71584255,249.6289933,197.2693608,245.4595289,7.673951759,37.24437672,31.67043636
1040,32,24,48,0,1,1,1,1,1,1,1,0,1,1,1,244.5586483,200.1927481,248.1609709,27.94219454,61.97707254,64.68453196,252.3047532,198.4680108,242.3654538,32.699896,59.64088253,64.13688389
1041,32,24,48,0,1,1,1,1,1,1,1,1,0,1,1,249.6254449,200.5531426,240.9137383,9.402748796,8.857870455,11.85988602,252.1284858,201.2151093,239.703825,12.77228283,3.608221955,11.31884356
1042,32,24,48,0,1,1,1,1,1,1,1,1,1,0,1,245.7944806,202.0939437,244.2697512,54.60369096,58.27839615,28.85680519,248.5117954,208.0212852,238.8897573,56.46823386,58.39378687,25.06216382
1043,32,24,48,0,1,1,1,1,1,1,1,1,1,1,0,248.2878294,199.6358064,243.1979431,4.172351933,9.988960103,10.30338776,248.8535255,202.026538,242.2740451,8.44855509,11.18758078,7.159325228
1044,32,24,48,1,0,1,1,1,1,1,1,1,1,1,1,248.5211762,199.5807317,242.9719877,4.240166741,9.48087574,9.766896545,249.0705898,201.9347567,242.1006087,8.356515987,10.77128921,6.505073531
1045,32,24,48,1,0,1,1,1,1,0,1,1,1,1,1,248.8998528,196.5236431,245.1268347,7.718951547,37.4519403,31.78067821,249.6196373,197.2551537,245.4636806,7.673346092,37.30313541,31.72823583
1046,32,24,48,1,0,1,1,1,1,1,0,1,1,1,1,284.8183049,317.9158971,329.2544931,14.27936317,19.71849591,20.56498945,287.3206755,319.3794043,330.1784086,15.09498893,17.56098519,20.06833744
1047,32,24,48,1,0,1,1,1,1,1,1,0,1,1,1,249.520655,200.8614311,240.7414552,8.191697217,8.765404775,11.02806079,251.8714633,201.528909,239.4714948,11.78023426,3.484797899,10.25016314
1048,32,24,48,1,0,1,1,1,1,1,1,1,0,1,1,244.105867,200.1512571,248.6067966,29.60010015,65.37155757,68.16142619,252.1642881,198.0467915,242.2741124,34.25538349,62.95357929,67.58001087
1049,32,24,48,1,0,1,1,1,1,1,1,1,1,0,1,248.2880777,199.6260909,243.2011648,4.168552483,9.97146625,10.28197659,248.8555794,202.0201626,242.2811175,8.451467712,11.21134256,7.148086901
1050,32,24,48,1,0,1,1,1,1,1,1,1,1,1,0,245.7144132,202.0792434,244.2594898,56.12624718,59.57235298,29.08182357,248.7765988,208.3430103,238.726793,58.08943147,59.76867195,25.2824425
1051,32,24,48,1,1,0,1,1,1,1,1,1,1,1,1,250.7162703,201.5488239,238.8673586,10.05521657,3.853146554,8.271307387,249.9016895,202.4071487,240.6804579,6.012777693,8.452737669,9.071732162
1052,32,24,48,1,1,0,1,1,1,0,1,1,1,1,1,250.9529931,197.8590802,241.8255413,33.04845639,62.59531007,66.66312977,244.6166078,201.6118206,248.7647198,28.19505308,64.58448688,67.01225247
1053,32,24,48,1,1,0,1,1,1,1,0,1,1,1,1,251.3400239,199.916949,239.7570092,13.64249677,3.607684866,12.12739922,250.3103739,200.847345,241.6347602,10.69558892,8.882422895,12.62790367
1054,32,24,48,1,1,0,1,1,1,1,1,0,1,1,1,295.8668947,206.5108902,405.6100018,21.11232129,10.98993188,20.13073621,299.6551219,212.0050607,406.9887313,21.92632612,14.27356438,17.88831477
1055,32,24,48,1,1,0,1,1,1,1,1,1,0,1,1,252.5116303,202.1690821,236.276333,23.45139384,7.591532625,28.34884907,253.2331124,203.0026247,236.5764168,23.45515531,7.575707228,28.26590442
1056,32,24,48,1,1,0,1,1,1,1,1,1,1,0,1,254.5451491,198.1736072,238.9766477,65.4021435,27.24469993,63.23106163,249.9580286,205.9640644,237.3585076,65.16062748,32.42725819,61.71454881
1057,32,24,48,1,1,0,1,1,1,1,1,1,1,1,0,248.8310056,202.5079011,240.2003393,10.21895412,6.621155418,6.315077307,248.0826916,204.5615164,240.9795743,9.192903196,10.68652956,3.663444763
1058,32,24,48,1,1,1,0,1,1,1,1,1,1,1,1,250.7115631,201.5461054,238.8701592,10.05241939,3.849984492,8.280988848,249.9016525,202.4048742,240.6832879,6.03224023,8.45318162,9.084995996
1059,32,24,48,1,1,1,0,1,1,0,1,1,1,1,1,251.7486652,199.3704598,240.3062908,15.19385629,3.872126951,13.74917287,250.6231791,200.2710636,242.0466574,12.56289008,8.896532245,14.05573871
1060,32,24,48,1,1,1,0,1,1,1,0,1,1,1,1,251.0472367,197.5045526,241.8158897,35.34138105,64.79445945,69.46723342,244.1613241,201.4944575,248.9182322,30.52228905,66.80579726,69.76085028
1061,32,24,48,1,1,1,0,1,1,1,1,0,1,1,1,252.5200392,202.1643462,236.2889386,23.40258007,7.590835727,28.29910964,253.2248245,202.9980493,236.5785138,23.39812104,7.577270152,28.2090502
1062,32,24,48,1,1,1,0,1,1,1,1,1,0,1,1,299.0564659,212.7609136,407.0186779,10.99457195,5.820157924,11.15687748,300.2146258,214.1364947,407.881784,10.58752598,6.39260187,10.55561562
1063,32,24,48,1,1,1,0,1,1,1,1,1,1,0,1,248.8798471,202.5418988,240.1791369,10.37694356,6.919999128,6.338471901,248.1516307,204.6214352,240.9516567,9.418254949,10.88550136,3.657254278
1064,32,24,48,1,1,1,0,1,1,1,1,1,1,1,0,254.0063198,198.8008552,238.8775976,59.47543339,24.3348053,57.47001742,250.1126949,205.9518277,237.9080629,59.31183727,29.67938486,56.07839668
1065,32,24,48,1,1,1,1,0,1,1,1,1,1,1,1,247.392362,203.2634663,241.0994257,7.740623341,9.324879411,3.64432883,249.307304,202.8613053,241.153802,8.596636786,4.88645172,6.197070173
1066,32,24,48,1,1,1,1,0,1,0,1,1,1,1,1,247.0462055,204.7468302,239.917305,37.25828536,38.1072304,14.37171665,247.7224917,202.4481792,243.5285635,35.7382389,37.46345121,18.34971084
1067,32,24,48,1,1,1,1,0,1,1,0,1,1,1,1,248.2986337,201.344943,241.6768147,8.495206309,11.1887977,6.742682667,249.1602423,200.3907773,243.3440709,4.148971588,9.664392441,10.11146638
1068,32,24,48,1,1,1,1,0,1,1,1,0,1,1,1,249.827389,204.9228187,236.7469802,64.16156856,31.77942056,60.78952714,255.7889001,198.9634409,238.9495564,64.08802708,26.36916707,62.05255108
1069,32,24,48,1,1,1,1,0,1,1,1,1,0,1,1,248.0603092,204.0576723,240.1277556,10.55137443,12.06351541,3.598130596,250.0934974,203.3373595,240.2045041,11.04132893,8.438114804,6.713303541
1070,32,24,48,1,1,1,1,0,1,1,1,1,1,0,1,386.0256919,276.5452152,247.7461096,18.33382751,19.71536537,14.25608776,387.2620748,277.8639493,250.002257,15.69209052,18.32300624,15.0993515
1071,32,24,48,1,1,1,1,0,1,1,1,1,1,1,0,245.1916522,204.6991968,242.4674977,27.54553906,23.09693889,6.016357898,245.8052389,205.5154291,242.876852,27.42744288,23.06365472,6.012211724
1072,32,24,48,1,1,1,1,1,0,1,1,1,1,1,1,247.3921963,203.2659326,241.0963671,7.752509955,9.345080687,3.6480439,249.3083218,202.8619883,241.1504516,8.607624831,4.908438314,6.199164788
1073,32,24,48,1,1,1,1,1,0,0,1,1,1,1,1,248.2874839,201.3421921,241.684618,8.49755737,11.19653556,6.823650542,249.1484038,200.3931808,243.3599848,4.148146836,9.734901562,10.18399437
1074,32,24,48,1,1,1,1,1,0,1,0,1,1,1,1,248.2453019,207.5412994,237.8958539,56.99282285,58.67132293,24.68444903,246.5993991,203.0003135,244.0684941,54.65647171,58.04459924,28.42177181
1075,32,24,48,1,1,1,1,1,0,1,1,0,1,1,1,247.7687716,203.781981,240.2303523,9.467552443,11.06423675,3.594756236,249.8536239,203.2327075,240.2907785,10.25013957,7.212569015,6.53185137
1076,32,24,48,1,1,1,1,1,0,1,1,1,0,1,1,249.9374502,204.9446026,237.2713039,58.77613789,29.30659815,55.5882851,255.2242659,199.5510359,238.8829135,58.65168254,23.76390724,56.74983109
1077,32,24,48,1,1,1,1,1,0,1,1,1,1,0,1,245.1930192,204.7143376,242.4651952,27.68509542,23.23404195,6.01761633,245.8047465,205.5285782,242.8766666,27.56125817,23.19465617,6.013217209
1078,32,24,48,1,1,1,1,1,0,1,1,1,1,1,0,387.0066195,277.0598067,250.3230801,20.76898508,23.39535071,16.10826376,388.4293934,278.6025667,251.9779221,19.12926773,23.11187652,17.1069355
1079,32,96,96,1,1,1,1,1,1,1,1,1,1,1,1,208.0004287,217.1968004,270.4350679,4.131854163,1.727537431,2.167367473,208.4946573,217.243854,270.6479081,3.670724966,1.934627224,2.355923431
1080,32,96,96,1,1,1,1,1,1,0,1,1,1,1,1,207.9879677,216.5503612,271.0055402,7.044261307,7.918687469,5.002165523,208.6954722,215.1494836,272.230143,3.484714118,6.915306023,7.511751117
1081,32,96,96,1,1,1,1,1,1,1,0,1,1,1,1,207.9866621,216.5499627,271.0038596,7.048631353,7.929950076,5.024433688,208.6947165,215.1485271,272.2304226,3.484311689,6.927983951,7.529866995
1082,32,96,96,1,1,1,1,1,1,1,1,0,1,1,1,208.3332761,217.3264021,270.1718339,4.116454173,3.929351661,6.661915472,209.7699164,217.9351475,269.2178008,7.510812872,3.029182105,5.738659432
1083,32,96,96,1,1,1,1,1,1,1,1,1,0,1,1,208.3311382,217.3324666,270.1663822,4.110725821,3.923579528,6.658600509,209.7656246,217.9421553,269.2201109,7.502337809,3.028380867,5.740588228
1084,32,96,96,1,1,1,1,1,1,1,1,1,1,0,1,207.6411733,217.6377827,270.348541,8.644891929,4.736284006,4.935345166,206.8012093,218.2443996,271.1574054,6.774247177,6.710852217,3.790388307
1085,32,96,96,1,1,1,1,1,1,1,1,1,1,1,0,207.6463429,217.6301759,270.3506209,8.62578985,4.716320454,4.938123566,206.8085776,218.2408359,271.1581061,6.762742759,6.700179919,3.785759102
1086,32,96,96,0,1,1,1,1,1,1,1,1,1,1,1,208.1615348,214.9220495,272.140117,3.647143138,7.058446984,7.607332355,208.5840131,216.4546561,271.2019525,6.979339226,8.037220424,5.211040503
1087,32,96,96,0,1,1,1,1,1,0,1,1,1,1,1,218.5149401,387.8040162,321.9755364,16.55816268,17.72013902,21.85440061,214.5774941,387.3428083,319.4512541,14.71010968,19.16874498,21.3692704
1088,32,96,96,0,1,1,1,1,1,1,0,1,1,1,1,209.4689582,211.1489077,274.2325311,6.463054253,31.83104228,27.24826674,210.079109,211.2107537,274.3629157,6.451241845,31.80408849,27.247506
1089,32,96,96,0,1,1,1,1,1,1,1,0,1,1,1,207.6452112,215.0025374,272.620829,7.535977263,25.74837686,26.08953713,210.2685921,216.118982,270.6754395,12.33114387,25.52002558,25.69227979
1090,32,96,96,0,1,1,1,1,1,1,1,1,0,1,1,208.6496869,216.328514,270.7330755,8.874611409,4.477993681,10.41061228,210.4662393,216.9918826,269.6598245,11.30964697,3.339997661,9.938446748
1091,32,96,96,0,1,1,1,1,1,1,1,1,1,0,1,205.840596,217.0803657,272.2525206,41.99191018,44.11133578,20.11202592,207.3339797,221.2468778,268.4639036,43.21397631,44.43603167,17.59134226
1092,32,96,96,0,1,1,1,1,1,1,1,1,1,1,0,207.3935016,215.1643028,272.5836042,3.3574858,12.51990583,13.15440222,207.9961422,216.7152929,271.4293878,7.398263091,13.02998523,11.84485801
1093,32,96,96,1,0,1,1,1,1,1,1,1,1,1,1,208.1597246,214.9201772,272.1445297,3.653410851,7.060721836,7.613627764,208.5811427,216.4520039,271.2008291,6.974873418,8.038598473,5.210154155
1094,32,96,96,1,0,1,1,1,1,0,1,1,1,1,1,209.474958,211.16512,274.2137633,6.46244424,31.68322972,27.0998449,210.0836947,211.2182079,274.3311127,6.45047197,31.65660231,27.09680322
1095,32,96,96,1,0,1,1,1,1,1,0,1,1,1,1,218.0793151,387.907769,321.926756,15.92053648,17.97402553,22.39415683,213.5428765,387.5613853,318.6979173,13.61641586,19.46356469,21.56079806
1096,32,96,96,1,0,1,1,1,1,1,1,0,1,1,1,208.733915,216.4794296,270.5927128,8.508535413,4.310835328,9.853110239,210.3726644,217.0758851,269.5556677,10.83837642,3.157239169,9.290246098
1097,32,96,96,1,0,1,1,1,1,1,1,1,0,1,1,205.0171673,214.9358368,275.4096562,21.78069845,54.28226151,55.96101982,211.1931515,214.0050512,270.8145677,25.76424206,53.6103017,55.77271503
1098,32,96,96,1,0,1,1,1,1,1,1,1,1,0,1,207.7187998,214.8225118,272.6002753,3.592802234,9.410658014,9.920012213,208.2112476,216.3404005,271.5144299,7.153618084,10.14705974,8.138478831
1099,32,96,96,1,0,1,1,1,1,1,1,1,1,1,0,205.5432227,217.1819153,272.3194095,47.3698563,49.70102556,22.44701049,207.8855137,222.2703619,267.8377481,48.81614298,50.06485646,19.94839747
1100,32,96,96,1,1,0,1,1,1,1,1,1,1,1,1,209.0568099,217.757283,269.3141829,7.423248157,3.020003025,5.340710897,208.7141505,217.352494,270.5272981,3.77496586,4.063506543,6.260272026
1101,32,96,96,1,1,0,1,1,1,0,1,1,1,1,1,208.2022469,216.5339039,270.8933641,7.280287431,8.652999717,6.184150966,208.7648172,215.0941845,272.234107,3.177573203,7.82265532,8.372096864
1102,32,96,96,1,1,0,1,1,1,1,0,1,1,1,1,210.2836151,215.9419001,270.3973969,14.8097965,3.425261306,13.29485021,209.5274985,215.5683006,271.5790874,12.96070445,4.807457536,13.53591049
1103,32,96,96,1,1,0,1,1,1,1,1,0,1,1,1,265.0330763,207.8662293,431.9891654,24.72782073,17.10569418,21.05127931,267.6106271,211.6052964,432.8407217,24.9934416,17.78575399,20.23242471
1104,32,96,96,1,1,0,1,1,1,1,1,1,0,1,1,210.078175,220.1371932,266.8756234,18.54442116,4.264662823,21.73695913,210.688452,220.2436355,266.9552959,18.5334588,4.269795501,21.70712605
1105,32,96,96,1,1,0,1,1,1,1,1,1,1,0,1,211.5773912,215.8655312,269.7715551,43.64885263,16.70025876,42.80515799,208.5558337,219.3055547,269.1104345,43.34630491,18.87512046,41.92663953
1106,32,96,96,1,1,0,1,1,1,1,1,1,1,1,0,207.6020884,217.757313,270.2861418,8.940597091,5.266512714,5.007089682,206.7274069,218.3987751,271.1025231,7.135300631,7.154849714,3.80497559
1107,32,96,96,1,1,1,0,1,1,1,1,1,1,1,1,209.0550134,217.7601002,269.3108047,7.423219588,3.019797843,5.329854599,208.7111545,217.3544328,270.5273655,3.766101861,4.068786784,6.25545181
1108,32,96,96,1,1,1,0,1,1,0,1,1,1,1,1,210.7652602,215.2246393,270.849531,14.10818814,3.874671314,12.75752121,210.0304435,214.722639,271.9911645,12.17481493,4.852176084,12.99228787
1109,32,96,96,1,1,1,0,1,1,1,0,1,1,1,1,210.2032105,213.9592139,271.2442628,24.56270245,51.53385372,53.48930024,205.5140543,214.8830876,275.9456751,20.39479649,52.13763841,53.64548179
1110,32,96,96,1,1,1,0,1,1,1,1,0,1,1,1,210.063795,220.1359649,266.8790602,18.40862781,4.262954226,21.59913737,210.6778411,220.2425189,266.9616832,18.40048701,4.268815308,21.57163572
1111,32,96,96,1,1,1,0,1,1,1,1,1,0,1,1,264.205243,205.4881673,431.5752916,25.76367662,15.74243796,22.19672416,268.0994377,211.837393,433.2821119,25.96637547,17.2805871,21.07067295
1112,32,96,96,1,1,1,0,1,1,1,1,1,1,0,1,207.6167463,217.7348067,270.2949662,8.853192359,5.073236599,4.979660594,206.7449932,218.3584025,271.1143082,7.003787196,6.993419209,3.799994761
1113,32,96,96,1,1,1,0,1,1,1,1,1,1,1,0,210.6312425,216.6511652,269.3433267,35.12700361,13.04100758,34.39680208,208.4361558,219.2694091,269.4948994,34.80486467,15.26153853,33.68448359
1114,32,96,96,1,1,1,1,0,1,1,1,1,1,1,1,206.2082023,218.2165099,270.9634081,6.982971838,6.757014121,3.714981688,208.1254046,217.7643285,270.455853,8.636393788,4.874836062,4.901684331
1115,32,96,96,1,1,1,1,0,1,0,1,1,1,1,1,206.7776709,221.3166083,269.0369405,39.41028893,39.72259792,13.61796559,206.5774167,217.2600612,272.1179663,37.99180889,39.18015617,16.21328683
1116,32,96,96,1,1,1,1,0,1,1,0,1,1,1,1,207.4741625,216.5023939,271.4160425,7.432028792,12.60837357,11.36205654,208.011907,215.1614023,272.8153799,3.483714521,12.07134387,12.69182329
1117,32,96,96,1,1,1,1,0,1,1,1,0,1,1,1,207.8379316,219.6245568,268.679841,43.65613722,18.75238508,42.23734342,212.0998648,216.3943846,269.5387311,43.78206243,16.56839503,43.03004517
1118,32,96,96,1,1,1,1,0,1,1,1,1,0,1,1,206.1527705,218.3427196,270.9053927,7.193372986,7.038939405,3.725750122,208.1059684,217.87313,270.3861158,8.839000396,5.198940532,4.948366013
1119,32,96,96,1,1,1,1,0,1,1,1,1,1,0,1,303.6476852,329.9745249,319.5611601,15.97282252,16.26982609,10.4544232,304.7666932,330.3291941,321.5937742,13.78513392,15.5808406,11.35793723
1120,32,96,96,1,1,1,1,0,1,1,1,1,1,1,0,202.8336784,219.3012749,272.5324124,32.77130616,28.7340854,5.49099648,203.4148691,219.3444285,272.6690662,32.69889438,28.70526649,5.477686948
1121,32,96,96,1,1,1,1,1,0,1,1,1,1,1,1,206.2104534,218.212222,270.9672883,6.960382359,6.724657149,3.716332774,208.1220392,217.7606738,270.4603264,8.610209221,4.835110295,4.896567211
1122,32,96,96,1,1,1,1,1,0,0,1,1,1,1,1,207.3271952,216.8805722,271.2639417,7.685510219,14.19195317,13.17277045,207.7968449,215.4060006,272.7985404,3.118766651,13.7077684,14.42451926
1123,32,96,96,1,1,1,1,1,0,1,0,1,1,1,1,206.7010761,222.0085057,268.3922602,44.53816958,45.45490428,17.36829506,206.0276513,217.4776501,272.5318531,42.98545691,44.99088448,19.90477452
1124,32,96,96,1,1,1,1,1,0,1,1,0,1,1,1,206.1363257,218.3757758,270.9010848,7.311508596,7.175158636,3.732558624,208.0873374,217.8914087,270.3807005,8.91852185,5.363264379,4.963145173
1125,32,96,96,1,1,1,1,1,0,1,1,1,0,1,1,207.6653861,219.3093126,269.3573171,30.16248141,12.93060669,29.39340086,210.6508021,217.4447491,269.0858951,30.42938511,10.69028591,29.92712831
1126,32,96,96,1,1,1,1,1,0,1,1,1,1,0,1,202.8244928,219.3096811,272.5266792,32.88137826,28.84712209,5.489555565,203.414563,219.3640639,272.661435,32.81686354,28.82240905,5.47698452
1127,32,96,96,1,1,1,1,1,0,1,1,1,1,1,0,303.6410631,329.9163697,320.7922247,16.57476174,16.91341123,10.55421553,304.9647365,330.4605982,322.2812536,14.5517537,16.3740595,11.29684784
1128,16,48,32,1,1,1,1,1,1,1,1,1,1,1,1,181.5546583,243.4042328,273.2724899,6.530529178,3.0858046,5.163804701,182.5309516,243.7577679,274.117829,5.964231097,3.553766123,5.093949139
1129,16,48,32,1,1,1,1,1,1,0,1,1,1,1,1,181.4115839,242.6233447,273.9943646,10.76051928,10.89728236,7.389455782,182.1347842,241.1933515,276.6199794,4.063059552,9.937088211,11.63767506
1130,16,48,32,1,1,1,1,1,1,1,0,1,1,1,1,181.4143757,242.6188444,273.9999074,10.76647354,10.88540731,7.373794346,182.1342117,241.188539,276.6299533,4.049849649,9.921312071,11.63101928
1131,16,48,32,1,1,1,1,1,1,1,1,0,1,1,1,181.9938038,243.4599306,273.1709034,6.372646623,6.129203589,9.622591583,184.410096,244.2325163,272.7123798,10.94579505,3.757899941,8.996769173
1132,16,48,32,1,1,1,1,1,1,1,1,1,0,1,1,181.9942149,243.4554017,273.1711165,6.413021749,6.125777846,9.651811116,184.4064164,244.2276611,272.7145037,10.95630491,3.759701923,9.023303573
1133,16,48,32,1,1,1,1,1,1,1,1,1,1,0,1,181.1590307,244.1937942,272.8298162,12.56642271,7.195814557,9.275569749,180.4258048,245.7294038,273.798695,10.84016473,10.65134061,4.619884615
1134,16,48,32,1,1,1,1,1,1,1,1,1,1,1,0,181.1551676,244.1934637,272.832975,12.556516,7.192549017,9.280462623,180.4224932,245.7357042,273.799325,10.83803507,10.65420765,4.612987121
1135,16,48,32,0,1,1,1,1,1,1,1,1,1,1,1,181.0395898,240.8350548,275.641454,4.346024162,9.695437584,11.42500215,182.5519404,242.853122,274.6187198,10.60267722,10.53342834,7.356563885
1136,16,48,32,0,1,1,1,1,1,0,1,1,1,1,1,193.1893405,418.4226738,313.8843325,8.083712483,10.42426991,11.44472768,194.878603,419.29032,315.0903369,10.43192442,13.09673462,14.11532098
1137,16,48,32,0,1,1,1,1,1,1,0,1,1,1,1,181.2929014,237.8507699,277.7006236,9.316592064,32.1644064,26.48120478,182.4847309,238.1218122,278.4802066,9.290390994,32.0636242,26.48558108
1138,16,48,32,0,1,1,1,1,1,1,1,0,1,1,1,177.7445364,240.4331331,279.2148239,29.22441172,66.43776182,69.11125305,186.9097781,239.1762507,274.9998038,35.68027769,64.98738703,69.09130513
1139,16,48,32,0,1,1,1,1,1,1,1,1,0,1,1,182.3498616,241.9980064,274.1824264,8.708488451,6.473896159,11.37865557,185.0300274,242.7608815,273.6540743,12.91888753,3.742036747,11.05277891
1140,16,48,32,0,1,1,1,1,1,1,1,1,1,0,1,177.142694,244.0252841,275.1422473,68.76159131,74.57528516,39.09869745,182.6361026,252.1933061,267.4831207,71.50297419,75.0404604,34.01468094
1141,16,48,32,0,1,1,1,1,1,1,1,1,1,1,0,179.2156596,241.8147024,276.0304735,3.917051041,13.35624707,14.82143979,180.8035753,243.9294307,274.7813458,10.99950531,13.98692029,11.65587859
1142,16,48,32,1,0,1,1,1,1,1,1,1,1,1,1,181.0415308,240.8332533,275.6403201,4.347973449,9.685879291,11.41090072,182.5531049,242.85153,274.6185631,10.59989309,10.54249643,7.33982604
1143,16,48,32,1,0,1,1,1,1,0,1,1,1,1,1,181.2914036,237.8495017,277.6995482,9.315134767,32.15449339,26.46896993,182.4831861,238.1216566,278.4892937,9.289305734,32.05325553,26.47903898
1144,16,48,32,1,0,1,1,1,1,1,0,1,1,1,1,191.7960621,416.5844382,312.6877696,18.8915675,20.46323665,25.30528222,190.6392358,416.7556896,312.3988443,18.20731381,21.89059211,25.32628538
1145,16,48,32,1,0,1,1,1,1,1,1,0,1,1,1,182.2851397,242.1371421,274.1154906,8.173812138,6.462955226,11.04970062,184.8882072,242.8982636,273.5042743,12.45472225,3.649208168,10.51430827
1146,16,48,32,1,0,1,1,1,1,1,1,1,0,1,1,177.4069143,240.2279963,279.410377,31.00627546,69.88340477,72.67775647,186.8931146,238.6538453,274.7685036,37.30180725,68.37981812,72.61386189
1147,16,48,32,1,0,1,1,1,1,1,1,1,1,0,1,179.2544442,241.9302148,275.8611914,3.652015239,14.27120625,15.68502974,180.9270542,244.1148708,274.636407,11.23384872,14.89832152,12.8822344
1148,16,48,32,1,0,1,1,1,1,1,1,1,1,1,0,177.3381756,244.0218396,275.2492744,67.33137697,72.74912184,37.80185107,182.6185077,252.0032445,267.719113,70.0389177,73.23629615,32.60787031
1149,16,48,32,1,1,0,1,1,1,1,1,1,1,1,1,183.0237437,243.7260833,272.3363377,10.5364017,3.666871074,8.250560301,182.7875839,243.7834785,274.2309214,5.706926077,6.323702991,8.553496413
1150,16,48,32,1,1,0,1,1,1,0,1,1,1,1,1,181.6912036,242.5340891,273.9889279,11.00564845,11.83806097,8.873510632,182.2403425,241.1203325,276.6409418,3.724645117,11.08450688,12.45540273
1151,16,48,32,1,1,0,1,1,1,1,0,1,1,1,1,183.2404814,240.6211702,273.8146857,15.90229672,3.816383708,14.40269413,182.9927656,240.7810545,276.3412877,13.17872395,7.651261555,15.06602849
1152,16,48,32,1,1,0,1,1,1,1,1,0,1,1,1,246.9338672,231.8037022,428.5391705,28.72445327,20.73030923,24.11705952,250.4147195,237.7270153,430.5755106,28.52440854,22.48399795,21.33336832
1153,16,48,32,1,1,0,1,1,1,1,1,1,0,1,1,184.2467755,245.1905091,270.7094987,21.02405738,6.098616198,25.2006683,185.4437637,245.6062132,271.3854871,21.02915363,6.097408125,25.07564182
1154,16,48,32,1,1,0,1,1,1,1,1,1,1,0,1,187.2943968,240.7113975,273.517201,62.33250648,27.12195059,60.57132549,183.0638648,246.9819735,271.4176766,61.80802459,30.9611917,57.81396521
1155,16,48,32,1,1,0,1,1,1,1,1,1,1,1,0,181.1783851,244.2419476,272.7872387,12.59715901,7.252680428,9.290404642,180.4408215,245.7875961,273.753758,10.88384295,10.70619579,4.610481035
1156,16,48,32,1,1,1,0,1,1,1,1,1,1,1,1,183.0171763,243.7236132,272.3414027,10.52480114,3.663426044,8.250970828,182.7863233,243.7812807,274.233788,5.712846636,6.319157776,8.557712284
1157,16,48,32,1,1,1,0,1,1,0,1,1,1,1,1,186.9993492,237.7141545,277.6503476,19.22342071,4.761989755,17.5104748,186.1779276,237.5689536,279.2789645,16.49353331,7.326436055,17.26944844
1158,16,48,32,1,1,1,0,1,1,1,0,1,1,1,1,184.995543,238.2273034,275.1971634,36.44836377,66.97696458,71.10262309,178.1270979,240.2994088,281.3477026,29.76924218,68.19945928,70.81111411
1159,16,48,32,1,1,1,0,1,1,1,1,0,1,1,1,184.2545715,245.1902769,270.713179,21.07275068,6.099264026,25.24829489,185.4456157,245.6058118,271.3850043,21.06979358,6.097417435,25.11829583
1160,16,48,32,1,1,1,0,1,1,1,1,1,0,1,1,245.6904406,226.7408607,427.0148362,31.15933542,18.55900977,27.43962763,250.1359589,235.2141988,429.730348,30.41094636,21.58184253,24.07467434
1161,16,48,32,1,1,1,0,1,1,1,1,1,1,0,1,181.1761878,244.2387568,272.7892657,12.62763963,7.271134388,9.295236082,180.4283428,245.7749447,273.7556352,10.88433016,10.70614421,4.604745955
1162,16,48,32,1,1,1,0,1,1,1,1,1,1,1,0,187.0216235,240.9799831,273.3903593,60.08302776,26.26256389,58.27692303,183.1287852,247.0800896,271.5945899,59.64108992,30.1362762,55.59552509
1163,16,48,32,1,1,1,1,0,1,1,1,1,1,1,1,179.2749676,245.6006753,272.8466023,11.15396019,10.74665484,4.611086681,182.0766667,244.7760542,273.47077,12.46735411,7.520417019,9.191535801
1164,16,48,32,1,1,1,1,0,1,0,1,1,1,1,1,180.3293374,252.1472426,268.241155,66.24040987,68.66981985,29.26958237,178.1257643,244.9867602,276.3844474,63.01339944,67.78872739,34.32180615
1165,16,48,32,1,1,1,1,0,1,1,0,1,1,1,1,180.1483086,243.4144242,274.1338373,11.1829764,14.06987611,11.59191863,180.7672253,241.8781269,276.9126478,3.628860475,13.30803554,14.79801289
1166,16,48,32,1,1,1,1,0,1,1,1,0,1,1,1,181.6672564,247.6889651,270.1035251,63.88547618,31.88358944,59.70150722,188.5088602,242.0149979,273.7263363,63.79192757,27.97324404,61.99935333
1167,16,48,32,1,1,1,1,0,1,1,1,1,0,1,1,179.3157735,245.7115668,272.7370769,11.31833731,10.94270929,4.589499191,182.142255,244.8746662,273.3654715,12.63405115,7.752253647,9.233644668
1168,16,48,32,1,1,1,1,0,1,1,1,1,1,0,1,277.4653086,352.9386879,321.8643442,17.36069943,15.12016314,10.89538962,279.2988991,353.8012854,324.3637336,13.8536655,14.36539709,12.02551963
1169,16,48,32,1,1,1,1,0,1,1,1,1,1,1,0,176.2708637,247.638707,272.6546895,43.13979836,36.85596878,8.498329618,177.4008468,247.9578928,273.4426236,42.93171506,36.77878546,8.426057801
1170,16,48,32,1,1,1,1,1,0,1,1,1,1,1,1,179.2728155,245.6084971,272.8490566,11.19657044,10.79554358,4.612524297,182.0711012,244.7745834,273.4720956,12.48764073,7.568814514,9.1934459
1171,16,48,32,1,1,1,1,1,0,0,1,1,1,1,1,180.0598377,243.397526,274.1376307,11.13020485,13.02974448,10.27614748,180.6942557,241.87855,277.0534482,3.724101731,12.39252863,13.99262032
1172,16,48,32,1,1,1,1,1,0,1,0,1,1,1,1,180.2179325,252.2716438,267.8500716,68.19120731,71.32681561,31.74414222,177.7680573,244.9797642,276.5972225,64.90443263,70.50346163,36.71450071
1173,16,48,32,1,1,1,1,1,0,1,1,0,1,1,1,179.3221924,245.7380042,272.7309351,11.35969273,10.99079048,4.586604741,182.1380445,244.8830979,273.3604651,12.62974768,7.790003998,9.23699261
1174,16,48,32,1,1,1,1,1,0,1,1,1,0,1,1,181.7318252,247.793315,270.2407245,62.62258824,31.47926292,58.33589331,188.3061385,242.1910889,273.6638751,62.46517924,27.54171149,60.58756624
1175,16,48,32,1,1,1,1,1,0,1,1,1,1,0,1,176.2806773,247.6431156,272.6600355,43.06896456,36.78754786,8.503465175,177.4077314,247.9501202,273.4506145,42.85538708,36.70685171,8.426979052
1176,16,48,32,1,1,1,1,1,0,1,1,1,1,1,0,277.1897134,352.6726178,321.3143115,18.57054421,17.13024665,10.55915416,279.7436708,354.2171162,325.4309177,15.52610762,16.86862487,13.87377813
1177,32,16,16,1,1,1,1,1,1,1,1,1,1,1,1,262.0038893,231.1546104,199.3169304,4.496756988,8.322825239,7.034839955,262.8482262,232.5437129,200.3470349,5.331301506,7.561373559,6.724591184
1178,32,16,16,1,1,1,1,1,1,0,1,1,1,1,1,261.7351454,231.070193,199.9881767,8.684810978,12.97371022,7.508787813,262.6649072,231.0191715,202.6451659,4.544890958,12.26514869,13.08303693
1179,32,16,16,1,1,1,1,1,1,1,0,1,1,1,1,261.7429526,231.0665262,199.9837821,8.685969072,12.97060342,7.487933056,262.6726535,231.015138,202.6423131,4.544127935,12.24517446,13.06921337
1180,32,16,16,1,1,1,1,1,1,1,1,0,1,1,1,263.140538,230.6066522,198.6844876,9.344102946,13.71658516,15.28695542,266.0147858,231.5394619,197.6808417,14.07831548,5.156559395,13.73679527
1181,32,16,16,1,1,1,1,1,1,1,1,1,0,1,1,263.1431054,230.5996604,198.6817802,9.380283752,13.72325366,15.31317048,266.017064,231.5294673,197.6748661,14.09654294,5.14866833,13.76294709
1182,32,16,16,1,1,1,1,1,1,1,1,1,1,0,1,261.6077077,231.7705055,199.0926236,11.73531916,9.423283459,11.6653917,260.8686996,235.2462577,199.8401807,11.8682661,13.95881438,4.524326028
1183,32,16,16,1,1,1,1,1,1,1,1,1,1,1,0,261.6113117,231.7672893,199.0895454,11.74779885,9.441547219,11.66647705,260.8750421,235.2509665,199.8363523,11.89675122,13.98995489,4.524486896
1184,32,16,16,0,1,1,1,1,1,1,1,1,1,1,1,261.917212,229.8400814,201.255715,4.287805616,11.72703286,12.68310932,262.5623699,232.5910774,200.9085037,8.880774286,11.73220392,6.826770451
1185,32,16,16,0,1,1,1,1,1,0,1,1,1,1,1,273.9588957,354.1041257,287.3642825,22.35673041,29.66072511,31.73376235,274.1614415,355.9247205,288.5667164,21.79365115,28.12918104,30.75131767
1186,32,16,16,0,1,1,1,1,1,1,0,1,1,1,1,262.3613783,228.2087809,202.9062602,8.138055942,33.71029238,27.85651435,263.1220882,229.5391157,204.1644786,8.11571416,33.42221279,27.75991777
1187,32,16,16,0,1,1,1,1,1,1,1,0,1,1,1,257.3497897,231.2994769,207.2676157,34.42582768,71.04380719,74.16798774,266.3867083,228.4556778,201.0202974,39.69929916,66.29331856,72.84412887
1188,32,16,16,0,1,1,1,1,1,1,1,1,0,1,1,263.3383184,230.2005388,199.0207543,10.20303481,13.87273836,15.91423194,266.288399,231.100876,197.9547894,14.78374418,4.988610523,14.39231107
1189,32,16,16,0,1,1,1,1,1,1,1,1,1,0,1,261.6126075,231.768355,199.0868516,11.74071703,9.422247987,11.66198298,260.8722729,235.2435152,199.8358703,11.86851484,13.96296205,4.53058752
1190,32,16,16,0,1,1,1,1,1,1,1,1,1,1,0,260.4958759,230.70409,201.9998517,4.127685194,13.21200991,14.35816799,261.173461,233.6286313,201.4694198,9.273073504,13.22411079,8.809148382
1191,32,16,16,1,0,1,1,1,1,1,1,1,1,1,1,261.9159437,229.8426527,201.2560004,4.295211655,11.69941483,12.66082302,262.5583892,232.5951656,200.9125823,8.874479463,11.73620867,6.802173613
1192,32,16,16,1,0,1,1,1,1,0,1,1,1,1,1,262.3565931,228.2051617,202.9220717,8.137486384,33.80825553,27.96198902,263.1165018,229.5336976,204.1802988,8.115540751,33.54415843,27.87372957
1193,32,16,16,1,0,1,1,1,1,1,0,1,1,1,1,274.3666039,355.3444935,288.2349746,17.47933886,23.25230018,23.65999162,275.8462529,357.3610994,289.9412575,17.6675933,21.39385919,23.30312387
1194,32,16,16,1,0,1,1,1,1,1,1,0,1,1,1,263.340824,230.200769,199.0137551,10.1216468,13.87175436,15.87187257,266.2899889,231.1023736,197.9438408,14.73808288,4.987404108,14.34056586
1195,32,16,16,1,0,1,1,1,1,1,1,1,0,1,1,257.2852929,231.2735096,207.2981041,34.56258181,71.47052605,74.57299003,266.3167041,228.3729414,200.9579843,39.81048357,66.70288949,73.22215783
1196,32,16,16,1,0,1,1,1,1,1,1,1,1,0,1,255.4700055,235.914441,205.8433662,5.983907529,22.43741677,22.84865489,256.1435197,239.1292828,205.3808242,10.8905489,22.17557631,19.40103437
1197,32,16,16,1,0,1,1,1,1,1,1,1,1,1,0,257.2271712,232.7877047,203.7731033,68.28340541,72.93152652,38.37959856,260.6983048,239.8084186,196.8926741,70.39524854,72.26717405,30.11721819
1198,32,16,16,1,1,0,1,1,1,1,1,1,1,1,1,265.6277645,229.9894501,196.4127954,14.28376401,5.484664414,14.30716972,264.2463449,231.9623627,199.5327947,10.08801466,13.44475183,15.26642102
1199,32,16,16,1,1,0,1,1,1,0,1,1,1,1,1,266.5033301,226.8986786,199.406292,41.96774823,70.52973747,77.31725675,258.5248337,232.9999078,208.4987319,36.5777243,74.36138896,77.69952139
1200,32,16,16,1,1,0,1,1,1,1,0,1,1,1,1,266.1973046,229.181852,196.8724468,15.27517714,5.19621381,15.15996646,264.701605,231.1955685,200.1121385,11.17119252,13.67887062,16.11701449
1201,32,16,16,1,1,0,1,1,1,1,1,0,1,1,1,343.4163047,268.364839,317.1299711,24.30597784,19.77092976,23.5948817,344.7912604,271.2661685,318.999299,24.29660589,19.50301479,21.3507772
1202,32,16,16,1,1,0,1,1,1,1,1,1,0,1,1,268.492355,229.167526,193.4300982,37.33346311,11.82115817,45.19967692,269.1979199,230.6612862,194.5588695,37.27433137,11.69613138,44.89406155
1203,32,16,16,1,1,0,1,1,1,1,1,1,1,0,1,271.8464492,224.7898312,196.4413193,83.33261989,38.08213539,79.1537703,264.8243129,236.2044164,194.0923582,82.65065644,45.3398701,75.46905604
1204,32,16,16,1,1,0,1,1,1,1,1,1,1,1,0,267.0573124,232.1658505,193.2608471,15.15531453,12.92788907,12.46091199,265.913033,235.9002797,194.0304979,14.99302554,16.95748822,3.912547866
1205,32,16,16,1,1,1,0,1,1,1,1,1,1,1,1,265.6073157,229.9929077,196.4006105,14.18520582,5.485676751,14.22604103,264.2432959,231.9676503,199.5317042,9.994235169,13.44151525,15.20996354
1206,32,16,16,1,1,1,0,1,1,0,1,1,1,1,1,266.2038629,229.1727129,196.8842291,15.27147898,5.202905497,15.16764519,264.7145988,231.1845804,200.1230618,11.19181729,13.67711904,16.12816112
1207,32,16,16,1,1,1,0,1,1,1,0,1,1,1,1,266.4925105,226.8686504,199.377314,42.00664985,70.44534116,77.27347912,258.5141221,232.96566,208.4647157,36.62243548,74.282473,77.65485009
1208,32,16,16,1,1,1,0,1,1,1,1,0,1,1,1,268.5282814,229.1625794,193.4373909,37.37734841,11.82123262,45.2399258,269.1903353,230.6558061,194.538155,37.29271673,11.69558024,44.91281187
1209,32,16,16,1,1,1,0,1,1,1,1,1,0,1,1,343.0420297,265.6697518,316.6563619,26.92952845,22.91328307,24.98612794,343.7419743,267.3024629,318.0302447,25.8531726,21.54018565,21.80924624
1210,32,16,16,1,1,1,0,1,1,1,1,1,1,0,1,268.1872107,233.1505749,192.801873,16.32187802,14.69051147,12.51851244,267.4211507,237.195936,193.6753183,16.80777503,18.66766006,4.556302865
1211,32,16,16,1,1,1,0,1,1,1,1,1,1,1,0,270.8062236,226.150075,196.3809124,73.08590574,32.05284479,69.58762833,265.115619,236.4291613,195.3481536,72.56628034,39.86185991,66.32955425
1212,32,16,16,1,1,1,1,0,1,1,1,1,1,1,1,260.6011419,233.3927086,198.4437347,10.98058376,13.52482898,4.720678261,262.6451251,232.8408218,200.1248001,10.68327035,8.942297498,11.57156272
1213,32,16,16,1,1,1,1,0,1,0,1,1,1,1,1,260.6027911,233.3912192,198.4432098,11.01280967,13.55435693,4.713623999,262.6489269,232.8396805,200.1271618,10.71484425,8.975801734,11.57915184
1214,32,16,16,1,1,1,1,0,1,1,0,1,1,1,1,256.1021698,238.5108554,202.9967918,15.03006581,30.56564426,26.68005059,256.4559505,237.4417247,206.676098,9.93774449,30.80763732,30.03633568
1215,32,16,16,1,1,1,1,0,1,1,1,0,1,1,1,264.3277303,233.6939677,193.2608461,84.50211194,46.59882769,77.42300076,272.6679587,224.993048,198.4390315,84.60633109,38.8768865,80.29283524
1216,32,16,16,1,1,1,1,0,1,1,1,1,0,1,1,267.332123,233.6170766,191.0487221,16.8227596,18.57460569,4.698892176,269.8431975,232.9530478,192.588125,16.54962208,14.76093762,12.65768086
1217,32,16,16,1,1,1,1,0,1,1,1,1,1,0,1,438.4171165,267.084395,191.1906406,25.36293606,27.79173451,16.83708912,440.7058544,272.477135,199.0405916,21.97498588,28.82896294,21.27269156
1218,32,16,16,1,1,1,1,0,1,1,1,1,1,1,0,258.9586072,234.9284669,198.3141658,29.40805236,24.08422195,10.19326603,259.5235518,236.430746,199.6159654,29.22430001,24.13937959,10.15633328
1219,32,16,16,1,1,1,1,1,0,1,1,1,1,1,1,260.6132686,233.4072588,198.4361635,11.05617186,13.58639253,4.712977405,262.6485443,232.8376644,200.1196744,10.71951876,8.99795529,11.57628096
1220,32,16,16,1,1,1,1,1,0,0,1,1,1,1,1,260.76039,231.8128565,200.3702392,8.956422423,13.84999929,8.707881362,261.6630157,231.6497873,203.1761865,4.377710249,13.22018533,14.17861678
1221,32,16,16,1,1,1,1,1,0,1,0,1,1,1,1,260.8278968,237.5135724,195.4190025,72.56544685,74.79540459,31.92612698,258.4306306,233.4670108,205.0959176,69.93274298,74.72788639,39.67678363
1222,32,16,16,1,1,1,1,1,0,1,1,0,1,1,1,270.7726833,236.5934785,190.9151679,19.8138435,21.34703697,5.860164248,273.0076644,236.3221174,192.0634276,19.90947756,18.89017105,12.90124198
1223,32,16,16,1,1,1,1,1,0,1,1,1,0,1,1,264.3954204,233.7475452,193.3020371,84.4381179,46.61348003,77.36775342,272.7192767,225.0225947,198.4668414,84.53484984,38.86597313,80.2300468
1224,32,16,16,1,1,1,1,1,0,1,1,1,1,0,1,258.9574926,234.9296722,198.3101765,29.44299173,24.11737991,10.19315595,259.521556,236.4336898,199.6124932,29.25983253,24.17633259,10.15646968
1225,32,16,16,1,1,1,1,1,0,1,1,1,1,1,0,438.3941697,267.0513963,191.2197089,25.91862679,28.03328386,16.06445483,440.7101745,272.6259553,199.2346569,22.56248927,29.37022505,20.88533267
1226,32,32,96,1,1,1,1,1,1,1,1,1,1,1,1,242.2101809,194.5330015,256.7156053,4.788582132,3.723162371,1.869189956,242.8535177,194.9549283,256.9144947,4.294829011,3.609466951,2.41143041
1227,32,32,96,1,1,1,1,1,1,0,1,1,1,1,1,242.005206,193.9366451,257.4516191,8.262750746,10.04513638,6.233577676,242.8457683,192.7163586,258.7370638,4.041319257,8.43287203,8.655092126
1228,32,32,96,1,1,1,1,1,1,1,0,1,1,1,1,242.0016849,193.9437407,257.4505481,8.268405633,10.03286457,6.222885146,242.8402407,192.7227628,258.7397853,4.038280354,8.419604903,8.649559805
1229,32,32,96,1,1,1,1,1,1,1,1,0,1,1,1,242.6564663,194.5547769,256.2562024,5.267538038,6.517741793,7.676997489,244.5783873,195.2042451,255.0994782,8.976660448,3.286592057,7.035642296
1230,32,32,96,1,1,1,1,1,1,1,1,1,0,1,1,242.6557833,194.5513721,256.2613716,5.316211782,6.529068492,7.704488217,244.5807553,195.1965446,255.1024632,9.000540784,3.276559708,7.066160704
1231,32,32,96,1,1,1,1,1,1,1,1,1,1,0,1,241.9854294,194.939468,256.7252425,8.904781106,4.549606458,4.65084886,241.3420565,196.2321176,257.5050381,7.208954449,8.143950177,3.638818018
1232,32,32,96,1,1,1,1,1,1,1,1,1,1,1,0,241.9838648,194.9442381,256.7216489,8.919843993,4.570887633,4.65230129,241.3381805,196.2343072,257.5017922,7.220209544,8.15542519,3.641642653
1233,32,32,96,0,1,1,1,1,1,1,1,1,1,1,1,242.1174024,192.0324086,258.8884948,4.196516327,8.901186391,8.901921861,242.6251227,194.1875745,257.8656067,8.125399682,10.30620045,6.718852423
1234,32,32,96,0,1,1,1,1,1,0,1,1,1,1,1,279.3542329,317.2143628,338.0200937,8.616327594,14.25055178,14.11070388,282.7438184,318.7995221,339.5245221,11.56509774,13.25719563,14.61442207
1235,32,32,96,0,1,1,1,1,1,1,0,1,1,1,1,242.6415736,188.3844496,261.269597,7.544479029,38.46884254,33.02717436,243.3448234,188.9019922,261.3295538,7.489037925,38.37658522,33.00808554
1236,32,32,96,0,1,1,1,1,1,1,1,0,1,1,1,239.0853461,192.4324014,262.8336632,22.34348252,53.45928634,55.47521852,245.5526566,191.5772467,257.9340688,27.00967089,51.98067462,55.16275531
1237,32,32,96,0,1,1,1,1,1,1,1,1,0,1,1,243.768812,190.9738008,258.8274613,13.20035131,7.233500868,14.27413105,246.1826397,191.7076487,257.8104153,15.4349715,4.046640782,14.13544709
1238,32,32,96,0,1,1,1,1,1,1,1,1,1,0,1,239.8002227,194.4362801,259.6411952,49.73982694,52.8945816,25.26305839,242.2214236,199.9054089,254.8258939,51.47789667,53.20775747,22.83016138
1239,32,32,96,0,1,1,1,1,1,1,1,1,1,1,0,241.9151704,192.0487811,259.1098942,4.138416454,10.01190656,10.02277483,242.469227,194.1686882,258.0472618,8.176730849,11.19816854,8.144007152
1240,32,32,96,1,0,1,1,1,1,1,1,1,1,1,1,242.1115429,192.0325661,258.8910936,4.177645432,8.897474843,8.905341431,242.6251617,194.1912894,257.8663844,8.135653909,10.30520818,6.721126361
1241,32,32,96,1,0,1,1,1,1,0,1,1,1,1,1,242.6469113,188.3993926,261.2425944,7.546497266,38.26718588,32.8252975,243.3504562,188.9172669,261.315305,7.49503089,38.16796443,32.80720695
1242,32,32,96,1,0,1,1,1,1,1,0,1,1,1,1,278.3937283,317.0372562,338.0989809,9.661336713,15.44849923,15.04021486,281.8607617,318.2799292,339.4849552,12.02740845,13.4456519,15.26998674
1243,32,32,96,1,0,1,1,1,1,1,1,0,1,1,1,242.9662742,193.4225826,256.898146,8.713687786,6.88209228,10.36847521,245.1500789,194.0159498,255.6546792,11.71470642,3.130262995,9.959302657
1244,32,32,96,1,0,1,1,1,1,1,1,1,0,1,1,238.0937139,192.3479426,263.9229193,26.88497703,61.91217242,64.37840684,245.5338683,190.677147,257.8795248,31.31605792,60.27086846,64.04807279
1245,32,32,96,1,0,1,1,1,1,1,1,1,1,0,1,241.9449287,192.0283403,259.0861328,4.149127965,9.624530096,9.626996226,242.4832615,194.1734945,258.0273892,8.163781619,10.90615625,7.64066405
1246,32,32,96,1,0,1,1,1,1,1,1,1,1,1,0,239.8204281,194.4090965,259.5962208,50.06059071,52.85159903,24.64877147,242.457056,200.087691,254.7959432,51.87847359,53.25309538,22.19485224
1247,32,32,96,1,1,0,1,1,1,1,1,1,1,1,1,243.7239293,194.5581358,255.1985791,8.857963461,3.341261145,6.591832116,243.1249291,194.9786607,256.5667261,4.978708363,6.595131869,7.25683676
1248,32,32,96,1,1,0,1,1,1,0,1,1,1,1,1,243.6134411,191.7335066,257.5656094,22.14547116,49.4293334,51.10379565,239.8540761,193.5944034,262.8227106,17.26797698,50.7056507,51.52390454
1249,32,32,96,1,1,0,1,1,1,1,0,1,1,1,1,244.9301462,191.9966358,256.9963023,14.87286216,3.516707052,13.15561289,243.9158028,192.4367643,258.2330449,12.47328181,7.144944392,13.31755714
1250,32,32,96,1,1,0,1,1,1,1,1,0,1,1,1,285.2811718,191.3449552,443.0650924,20.7299333,13.17383984,16.40008971,283.2308869,187.8552845,442.4092266,19.42950771,10.94997575,17.41049656
1251,32,32,96,1,1,0,1,1,1,1,1,1,0,1,1,245.1059624,195.7424624,252.7840871,19.16650227,6.048348493,23.0359854,245.8190431,196.3145147,252.8428962,19.18359105,6.048985242,23.00246339
1252,32,32,96,1,1,0,1,1,1,1,1,1,1,0,1,246.5716518,192.0559616,255.4596053,55.03776022,21.59587293,53.69636022,242.9646124,197.890815,254.3402789,54.88063112,25.78046564,52.80763275
1253,32,32,96,1,1,0,1,1,1,1,1,1,1,1,0,242.0700122,195.0841774,256.5335212,9.250356896,5.086303307,4.742479699,241.3621691,196.424469,257.3319024,7.57393784,8.594900091,3.656388347
1254,32,32,96,1,1,1,0,1,1,1,1,1,1,1,1,243.7170573,194.5649415,255.1994981,8.838803674,3.346447614,6.570897547,243.1213632,194.9831476,256.56751,4.958913816,6.594575009,7.241380805
1255,32,32,96,1,1,1,0,1,1,0,1,1,1,1,1,245.8356754,190.8172063,258.4307307,18.67710949,4.267221842,17.23621743,244.70435,191.1213627,259.3864786,16.93237923,7.428519894,17.25771822
1256,32,32,96,1,1,1,0,1,1,1,0,1,1,1,1,244.1811971,190.4004219,257.9371064,31.88014057,61.18812697,64.89851755,237.9761453,193.3685253,264.1553236,27.26866138,62.58152668,65.13137108
1257,32,32,96,1,1,1,0,1,1,1,1,0,1,1,1,245.1072562,195.7432539,252.7857105,19.11400128,6.047374821,22.98249819,245.812296,196.3140659,252.8362904,19.12740591,6.04970124,22.94683911
1258,32,32,96,1,1,1,0,1,1,1,1,1,0,1,1,284.3550656,187.9334619,441.0382296,24.44060421,15.08946903,19.9201391,281.1904409,182.2787692,440.2319153,23.11856281,12.28549914,21.34697707
1259,32,32,96,1,1,1,0,1,1,1,1,1,1,0,1,242.0741758,195.0878475,256.5343378,9.286315845,5.160702616,4.756897581,241.364724,196.4334377,257.3292151,7.615622362,8.639141075,3.655236589
1260,32,32,96,1,1,1,0,1,1,1,1,1,1,1,0,245.8758403,192.7679108,255.1662315,47.1808576,17.92744228,46.02698478,243.0703323,197.8004728,254.8445295,47.07165122,22.26128409,45.25769069
1261,32,32,96,1,1,1,1,0,1,1,1,1,1,1,1,240.8562998,195.5610077,257.3687795,6.943919039,7.820872657,3.492230588,242.7389767,195.2742588,256.9127883,8.341956671,4.119540299,4.707718361
1262,32,32,96,1,1,1,1,0,1,0,1,1,1,1,1,241.5353513,198.1576416,255.7426133,38.27393927,38.50475195,13.16762706,241.4711421,194.7071171,258.5224062,36.4794451,37.52281649,15.73749918
1263,32,32,96,1,1,1,1,0,1,1,0,1,1,1,1,241.8492679,193.862125,257.6895595,8.339924794,11.15206613,8.007666398,242.6282026,192.6767434,259.0019398,3.985201384,9.812354388,9.992220735
1264,32,32,96,1,1,1,1,0,1,1,1,0,1,1,1,242.6427922,197.330307,253.8673249,52.93400351,24.55933015,50.96461252,247.5668289,192.9063276,254.9716563,52.88332006,20.22943507,51.74898981
1265,32,32,96,1,1,1,1,0,1,1,1,1,0,1,1,240.9289061,195.9871469,257.0145787,8.22309288,9.265889733,3.576969401,242.9164643,195.5839348,256.5396892,9.468803092,6.080568143,4.953520539
1266,32,32,96,1,1,1,1,0,1,1,1,1,1,0,1,358.6775418,289.0592844,278.0034522,17.19453038,18.07785546,12.45715582,359.7308348,289.9901391,279.84266,14.57582721,16.75475746,13.07621412
1267,32,32,96,1,1,1,1,0,1,1,1,1,1,1,0,238.1268532,196.6787383,259.5578189,29.92031678,25.82266625,5.104777283,238.7411968,197.214454,259.6864163,29.80935547,25.76465977,5.108445863
1268,32,32,96,1,1,1,1,1,0,1,1,1,1,1,1,240.8526064,195.5705154,257.3701101,6.947431696,7.837310468,3.498863776,242.7364091,195.2813604,256.9104426,8.343329822,4.125012308,4.709089462
1269,32,32,96,1,1,1,1,1,0,0,1,1,1,1,1,241.7937806,193.8654579,257.7459994,8.372014974,11.98151382,9.303554849,242.5258807,192.7361232,259.0932005,3.983164889,10.83489373,11.04276719
1270,32,32,96,1,1,1,1,1,0,1,0,1,1,1,1,241.5820538,199.6601831,254.4299862,49.79771117,51.1044906,21.06992564,240.4515207,195.2167395,259.199922,47.68676927,50.40053228,23.53156284
1271,32,32,96,1,1,1,1,1,0,1,1,0,1,1,1,240.8842734,195.8816508,257.0951998,7.581020257,8.640318881,3.561189831,242.8843867,195.5182759,256.5942955,8.983595069,5.114470639,4.871418967
1272,32,32,96,1,1,1,1,1,0,1,1,1,0,1,1,242.4323264,196.6663353,255.2030723,32.59390721,15.30014991,31.78989587,245.5838777,194.508094,254.699087,32.74376976,10.62225164,32.25965571
1273,32,32,96,1,1,1,1,1,0,1,1,1,1,0,1,238.124112,196.6616883,259.5567644,29.77005074,25.67334126,5.106525583,238.7459676,197.2030401,259.683864,29.66524441,25.6179295,5.106781315
1274,32,32,96,1,1,1,1,1,0,1,1,1,1,1,0,359.1589749,288.7859746,277.624589,22.38117306,24.67344472,17.21878941,360.4873691,289.7697027,278.6495526,19.8587937,23.461291,17.63469247
1275,32,48,24,1,1,1,1,1,1,1,1,1,1,1,1,212.4328108,257.6345305,221.4957804,4.008958666,3.292836345,5.535899145,212.9214786,258.1309532,222.3145608,3.991395025,3.686310337,5.075849507
1276,32,48,24,1,1,1,1,1,1,0,1,1,1,1,1,212.3959527,257.2818847,222.0038483,7.109970457,8.829229566,6.013325012,213.1079694,256.3862116,224.2532379,3.582923885,8.183174445,10.15066602
1277,32,48,24,1,1,1,1,1,1,1,0,1,1,1,1,212.3989821,257.2864892,222.0002338,7.108783992,8.830204652,6.000045796,213.1116183,256.3894574,224.2505339,3.582071059,8.172103788,10.14328562
1278,32,48,24,1,1,1,1,1,1,1,1,0,1,1,1,212.9994469,257.4754291,221.2134262,5.527324334,6.58354601,10.29399713,214.5937076,258.3369912,220.5854278,9.495027327,4.008663984,8.776709092
1279,32,48,24,1,1,1,1,1,1,1,1,1,0,1,1,213.0001219,257.4769923,221.2129237,5.56161688,6.58269957,10.31465183,214.594027,258.3365611,220.585647,9.508737243,4.011501991,8.802093446
1280,32,48,24,1,1,1,1,1,1,1,1,1,1,0,1,211.8124427,258.4137322,221.2821108,10.74355851,6.569847633,9.390683144,210.6037974,260.3459395,222.0886708,9.335615952,10.16504629,4.065152518
1281,32,48,24,1,1,1,1,1,1,1,1,1,1,1,0,211.8112236,258.4175509,221.2769267,10.73848275,6.569415498,9.383788331,210.6086019,260.3513519,222.0853977,9.340455999,10.16086667,4.071013364
1282,32,48,24,0,1,1,1,1,1,1,1,1,1,1,1,212.3889747,256.2704691,223.1946379,3.602296294,7.590210132,9.890162111,212.8605305,257.9356717,222.657791,7.194763323,8.165088432,5.605248397
1283,32,48,24,0,1,1,1,1,1,0,1,1,1,1,1,215.2091596,425.1658416,274.6007423,6.02482621,14.48340396,15.05304562,215.0660906,425.6730165,275.0540201,5.796188869,15.84901666,15.84849809
1284,32,48,24,0,1,1,1,1,1,1,0,1,1,1,1,213.3351433,254.2120089,224.6456311,6.606621022,24.6296823,20.40234364,213.9552971,254.544317,225.558307,6.600910505,24.53609051,20.41323928
1285,32,48,24,0,1,1,1,1,1,1,1,0,1,1,1,209.9259207,256.8306842,226.3830157,23.17484239,54.61095036,56.28541274,216.1781909,255.5921922,222.9010366,27.82491321,53.00414685,56.07805706
1286,32,48,24,0,1,1,1,1,1,1,1,1,0,1,1,213.141345,257.2847172,221.3074426,6.095759132,6.672664994,10.63928382,214.7891871,258.1440688,220.6420909,9.943079102,3.98625307,9.184524226
1287,32,48,24,0,1,1,1,1,1,1,1,1,1,0,1,208.419513,259.0846581,223.8447884,61.03752404,64.18350369,31.3086459,210.9901135,265.3933242,217.9601009,62.52570197,64.42026976,25.65872895
1288,32,48,24,0,1,1,1,1,1,1,1,1,1,1,0,209.6649022,258.0782632,224.1490413,3.544836492,13.60809156,15.29140151,210.1873934,259.8816019,223.2754787,7.870574709,13.9540903,12.47401037
1289,32,48,24,1,0,1,1,1,1,1,1,1,1,1,1,212.3896549,256.2647703,223.1996614,3.598868613,7.601000041,9.897564407,212.8627639,257.9287557,222.6620081,7.195622419,8.17292589,5.615746145
1290,32,48,24,1,0,1,1,1,1,0,1,1,1,1,1,213.3396419,254.2146218,224.630056,6.606328382,24.59812162,20.37074109,213.9601167,254.5441795,225.5414827,6.600443593,24.51308489,20.38311111
1291,32,48,24,1,0,1,1,1,1,1,0,1,1,1,1,204.4617545,422.7872771,270.5540965,13.52539928,23.21225895,25.32911872,211.5013502,424.7678134,275.0001178,17.01760925,21.05849076,25.87255812
1292,32,48,24,1,0,1,1,1,1,1,1,0,1,1,1,213.1415633,257.2906516,221.3040592,6.01249594,6.662604236,10.60860561,214.7746167,258.1518816,220.6334425,9.878446857,3.98737537,9.120536128
1293,32,48,24,1,0,1,1,1,1,1,1,1,0,1,1,209.4483404,256.7957558,226.8972839,25.70806884,59.82242946,61.62369244,216.1867191,255.0733121,222.8146536,30.2429906,58.13283145,61.36380817
1294,32,48,24,1,0,1,1,1,1,1,1,1,1,0,1,208.2582093,260.1363284,224.0910789,4.082720921,15.68388336,16.77173622,208.8015824,262.1783456,223.5338427,8.448392261,15.98699029,14.50547548
1295,32,48,24,1,0,1,1,1,1,1,1,1,1,1,0,208.1410343,259.1678307,224.1431569,62.91497846,66.67838919,33.32440663,210.9010565,265.4714382,217.6223999,64.42707199,66.83892789,27.68639099
1296,32,48,24,1,1,0,1,1,1,1,1,1,1,1,1,213.9653207,257.8688686,219.8611389,9.187970238,3.906942453,8.535332248,213.4797204,257.9206093,222.0851032,5.195604635,6.605664865,9.72348255
1297,32,48,24,1,1,0,1,1,1,0,1,1,1,1,1,215.565336,255.3571159,222.0978289,23.50461711,45.43743794,47.92998084,211.5119529,256.6852151,226.6947806,18.60242155,46.69826045,47.85474475
1298,32,48,24,1,1,0,1,1,1,1,0,1,1,1,1,214.2917327,257.5424987,219.9248083,9.974529631,3.867900507,9.198692302,213.72611,257.5941998,222.2456147,6.171709683,6.78517021,10.35119964
1299,32,48,24,1,1,0,1,1,1,1,1,0,1,1,1,306.1156946,284.3926801,336.6431082,24.41122191,17.10452516,22.27338232,307.2027085,286.6183914,338.2051515,23.95419556,17.69367129,20.69341133
1300,32,48,24,1,1,0,1,1,1,1,1,1,0,1,1,215.561225,258.9695002,217.2019795,28.74018195,6.433166967,33.7433762,216.1254008,259.4074292,218.0067876,28.66525019,6.415591756,33.58765206
1301,32,48,24,1,1,0,1,1,1,1,1,1,1,0,1,219.3743877,253.775238,220.7331115,63.41993657,27.6446962,61.11689577,213.5491479,260.7037038,218.7019955,62.62809073,31.37289621,58.37642468
1302,32,48,24,1,1,0,1,1,1,1,1,1,1,1,0,211.9166603,258.5983006,220.9773037,11.3613764,7.474011023,9.508197258,210.662327,260.6017004,221.7567619,10.04617787,10.8688341,3.963389961
1303,32,48,24,1,1,1,0,1,1,1,1,1,1,1,1,213.9696844,257.8676184,219.8592444,9.20224805,3.896598186,8.552051014,213.4819089,257.9236437,222.0849017,5.22328495,6.612629967,9.736251944
1304,32,48,24,1,1,1,0,1,1,0,1,1,1,1,1,214.3314199,257.5207588,219.9564004,10.07500447,3.874222961,9.291974716,213.7403719,257.5705811,222.2575814,6.285259789,6.790498918,10.38563537
1305,32,48,24,1,1,1,0,1,1,1,0,1,1,1,1,215.8930652,254.199549,222.1417386,30.11783443,58.19953214,61.48229028,210.3963627,256.6300757,228.0772663,25.43618168,59.62779352,61.34305451
1306,32,48,24,1,1,1,0,1,1,1,1,0,1,1,1,215.5331626,258.9741197,217.2042682,28.5777203,6.42999015,33.58071062,216.1147674,259.4123214,218.022029,28.51194752,6.41394479,33.43859928
1307,32,48,24,1,1,1,0,1,1,1,1,1,0,1,1,305.7128571,283.2975586,336.3228064,22.12977827,12.58969698,21.20066737,308.0373307,288.4392735,338.8570797,21.56648694,15.58693797,18.38705465
1308,32,48,24,1,1,1,0,1,1,1,1,1,1,0,1,211.9434756,258.6682959,220.9402082,12.01382514,8.534630575,9.523663301,210.7245904,260.6761468,221.700159,10.81279865,11.5831618,3.94891444
1309,32,48,24,1,1,1,0,1,1,1,1,1,1,1,0,218.8836994,254.2255656,220.5974348,60.17253033,26.17344777,57.88782036,213.5801908,260.8394508,219.009283,59.44811337,29.96424772,55.26583941
1310,32,48,24,1,1,1,1,0,1,1,1,1,1,1,1,209.9747925,260.0503949,221.1874283,9.470919733,10.14097168,4.248985769,212.1811626,258.9949598,222.1249759,10.67901632,6.802262117,9.254012721
1311,32,48,24,1,1,1,1,0,1,0,1,1,1,1,1,210.5682505,262.204858,219.7924546,41.58558927,41.42155512,11.18679505,210.9509417,258.4503487,223.9167567,40.27832705,40.53353516,17.49592223
1312,32,48,24,1,1,1,1,0,1,1,0,1,1,1,1,210.8419062,258.6152513,222.1661036,7.778689321,12.97400928,11.30927719,211.4538574,257.4930489,224.5850448,3.301379099,12.48703427,14.12302855
1313,32,48,24,1,1,1,1,0,1,1,1,0,1,1,1,212.6884588,260.5522327,217.9321387,66.01089895,33.23162345,61.51835136,219.8753697,254.086614,222.0373078,66.38642013,29.45123072,63.82597904
1314,32,48,24,1,1,1,1,0,1,1,1,1,0,1,1,210.1265787,260.3867302,220.7669566,10.57674859,11.25217816,4.090179535,212.3781572,259.226312,221.7446835,11.63374213,8.200271503,9.416080455
1315,32,48,24,1,1,1,1,0,1,1,1,1,1,0,1,349.8959827,323.7271894,245.0173296,19.08906299,19.57045756,13.09399059,351.1828,326.2479337,249.6846659,16.54506498,20.24915549,15.2887535
1316,32,48,24,1,1,1,1,0,1,1,1,1,1,1,0,206.8230272,262.3773232,221.5213818,35.4997812,29.74721233,8.328487851,207.3312459,262.7772818,222.4315881,35.37585672,29.71981586,8.28473341
1317,32,48,24,1,1,1,1,1,0,1,1,1,1,1,1,209.9806894,260.0573381,221.1841425,9.473489873,10.15377799,4.257587904,212.1773213,258.9931191,222.1225567,10.65312616,6.798447306,9.248702247
1318,32,48,24,1,1,1,1,1,0,0,1,1,1,1,1,210.8390268,258.3205478,222.4131219,7.486455948,11.12212818,9.122602011,211.5092481,257.3635699,224.9480102,3.502674597,10.83392172,12.64341138
1319,32,48,24,1,1,1,1,1,0,1,0,1,1,1,1,210.1436202,264.6933794,217.2836003,64.58467296,67.02980403,27.94451059,208.5631123,259.1576571,225.58719,62.73619001,66.63116708,33.31585723
1320,32,48,24,1,1,1,1,1,0,1,1,0,1,1,1,210.0950661,260.3487775,220.7626471,10.35567956,11.02703634,4.109721358,212.349054,259.1992804,221.7380719,11.42983255,7.881278448,9.393450985
1321,32,48,24,1,1,1,1,1,0,1,1,1,0,1,1,212.7581556,260.6758356,218.0755949,64.46776222,32.6529991,59.93095079,219.6326206,254.3365727,221.9339744,64.80043825,28.84456908,62.18239573
1322,32,48,24,1,1,1,1,1,0,1,1,1,1,0,1,206.8174318,262.3930317,221.5173912,35.63108887,29.87650265,8.328902957,207.3223437,262.7835504,222.4278892,35.50268306,29.8460177,8.284593558
1323,32,48,24,1,1,1,1,1,0,1,1,1,1,1,0,350.0601512,324.3165326,246.8282438,18.36074913,18.78799923,12.58312177,351.3102176,326.5391264,250.2585863,15.78821535,19.25153998,14.28800107
1324,16,32,32,1,1,1,1,1,1,1,1,1,1,1,1,196.0030032,230.879349,267.768978,7.057460556,4.226501931,4.919256468,197.0942634,231.4307828,268.6180479,6.419572115,4.481713508,5.128126461
1325,16,32,32,1,1,1,1,1,1,0,1,1,1,1,1,195.7517893,230.1223774,268.6201238,11.62180383,12.10536373,7.867436616,196.5334021,228.8160145,271.3384155,4.376046607,10.9435963,12.27429313
1326,16,32,32,1,1,1,1,1,1,1,0,1,1,1,1,195.7571165,230.1299439,268.6145882,11.62235208,12.10642258,7.849901139,196.5404534,228.8198959,271.3323491,4.375122547,10.93032398,12.26620836
1327,16,32,32,1,1,1,1,1,1,1,1,0,1,1,1,196.5003936,230.8202842,267.6221341,7.149584536,7.659904724,9.985504223,199.2256292,231.5831743,267.1253524,11.74102329,3.906326903,9.737628045
1328,16,32,32,1,1,1,1,1,1,1,1,1,0,1,1,196.4979449,230.8250698,267.6197392,7.181000582,7.658851249,10.00566383,199.2191435,231.5868437,267.1236188,11.74564835,3.906417421,9.755835404
1329,16,32,32,1,1,1,1,1,1,1,1,1,1,0,1,195.6875831,231.6373715,267.3740744,12.62149607,6.935885468,9.03297358,195.1458886,233.5016422,268.3292847,11.10589908,11.26097366,4.563081912
1330,16,32,32,1,1,1,1,1,1,1,1,1,1,1,0,195.6922603,231.6329966,267.3733658,12.63835299,6.967964054,9.03037907,195.1533146,233.500649,268.3324064,11.1304943,11.28483292,4.569458665
1331,16,32,32,0,1,1,1,1,1,1,1,1,1,1,1,195.3358761,228.1842313,270.5234793,4.699378054,10.89179035,12.1103202,196.9779853,230.5203936,269.3833947,11.41411642,11.81161174,8.009323214
1332,16,32,32,0,1,1,1,1,1,0,1,1,1,1,1,212.392003,384.9970994,317.8173111,10.90209558,18.2298263,17.76710424,217.6930336,386.4113419,321.5117498,14.18080913,15.03049997,19.27296272
1333,16,32,32,0,1,1,1,1,1,1,0,1,1,1,1,195.3044368,225.1905762,272.8569191,10.04797884,35.61553689,29.29606625,196.5841714,225.700327,273.610969,9.997343876,35.46053902,29.2848763
1334,16,32,32,0,1,1,1,1,1,1,1,0,1,1,1,191.4119393,227.8410558,274.9635405,32.54904236,71.45137557,74.68174706,201.4282445,226.1781317,269.8987125,39.25489461,69.38387645,74.48995048
1335,16,32,32,0,1,1,1,1,1,1,1,1,0,1,1,197.754285,226.8026848,270.8680867,11.48082877,8.238584652,13.4070729,200.8846152,227.6066864,270.3708377,15.30701407,4.145480976,13.46965041
1336,16,32,32,0,1,1,1,1,1,1,1,1,1,0,1,191.6273896,231.3284844,270.3806722,69.50776072,75.62383196,40.10657993,197.2812974,239.7888963,262.5472391,72.55531171,76.11220472,34.97674216
1337,16,32,32,0,1,1,1,1,1,1,1,1,1,1,0,194.0525046,228.8386031,270.9180274,4.292388087,12.78469654,13.96275435,195.7694713,231.3042376,269.6009101,11.72612701,13.59867239,10.26707891
1338,16,32,32,1,0,1,1,1,1,1,1,1,1,1,1,195.3347794,228.1784995,270.5274561,4.685927386,10.91349184,12.12974431,196.9796645,230.518777,269.3833193,11.42102441,11.86250029,8.036952266
1339,16,32,32,1,0,1,1,1,1,0,1,1,1,1,1,195.3026117,225.1954172,272.8505917,10.04687528,35.67995599,29.35338097,196.583234,225.6999745,273.6135982,9.996816482,35.51367661,29.34216563
1340,16,32,32,1,0,1,1,1,1,1,0,1,1,1,1,213.3642289,384.5047826,318.1881609,15.14180787,19.46378055,21.86951255,216.3098149,385.7889841,319.9191704,17.64628075,20.62893708,23.52084047
1341,16,32,32,1,0,1,1,1,1,1,1,0,1,1,1,196.8606201,228.7349636,269.169665,9.557326027,8.103105589,12.00982323,199.8199373,229.4530873,268.4941049,13.76814194,3.629456534,11.8202859
1342,16,32,32,1,0,1,1,1,1,1,1,1,0,1,1,191.2218776,227.7150331,275.0506279,33.29314639,73.04135211,76.27786634,201.3393957,225.8922248,269.7395023,39.90145729,70.94095925,76.04915686
1343,16,32,32,1,0,1,1,1,1,1,1,1,1,0,1,193.9853541,228.8973251,270.9591244,4.217695243,13.06969087,14.27531521,195.7247818,231.3711972,269.6435342,11.80363519,13.90808682,10.76046999
1344,16,32,32,1,0,1,1,1,1,1,1,1,1,1,0,194.0362377,230.6843301,269.9302473,41.85513423,43.13950577,20.68920489,196.2720257,235.6823013,266.3021386,44.11388295,44.18677096,14.61029652
1345,16,32,32,1,1,0,1,1,1,1,1,1,1,1,1,197.7651717,230.784319,266.7881127,11.40564323,3.860955308,8.97217133,197.4141436,231.3158885,268.6945171,6.596784374,7.819170328,8.95954379
1346,16,32,32,1,1,0,1,1,1,0,1,1,1,1,1,197.7492716,229.423951,268.7956253,16.7745338,27.05772913,27.40407431,196.3203322,228.714659,271.7608249,8.222786969,27.58063564,27.96481083
1347,16,32,32,1,1,0,1,1,1,1,0,1,1,1,1,199.5711385,224.5770252,272.619871,19.94576142,4.71640219,18.94667341,199.3737573,225.0806423,275.0931598,17.37689606,9.486286591,19.03211439
1348,16,32,32,1,1,0,1,1,1,1,1,0,1,1,1,251.8310603,219.7831248,430.6734749,27.8395813,19.12700011,23.74494572,255.838359,226.0643513,432.8820166,27.83353635,21.61348095,20.79627398
1349,16,32,32,1,1,0,1,1,1,1,1,1,0,1,1,199.1124004,231.5881887,265.2953956,21.16656266,7.18436558,25.58954501,200.4121968,232.2630497,265.9459132,21.2124601,7.173649607,25.46217158
1350,16,32,32,1,1,0,1,1,1,1,1,1,1,0,1,202.0033262,227.7286984,267.7870851,66.36303451,28.76371848,64.41450241,197.7441333,235.0142485,265.4881245,65.95400082,33.76023786,61.68754568
1351,16,32,32,1,1,0,1,1,1,1,1,1,1,1,0,195.7897321,231.7510678,267.2256598,12.81805321,7.242355443,9.088232285,195.2260651,233.6431538,268.1744535,11.32885733,11.51109251,4.531034068
1352,16,32,32,1,1,1,0,1,1,1,1,1,1,1,1,197.7609777,230.776787,266.7938527,11.40083366,3.860653205,8.983017138,197.4139632,231.3074056,268.6975134,6.616897064,7.815159648,8.971640129
1353,16,32,32,1,1,1,0,1,1,0,1,1,1,1,1,199.4059437,225.9510779,271.0760887,19.40833705,4.302211398,17.87422127,198.3921295,226.5072302,273.0366916,15.93869397,9.215319778,17.5247933
1354,16,32,32,1,1,1,0,1,1,1,0,1,1,1,1,199.3206424,225.2763814,270.0093824,39.83715376,70.79198078,75.86343589,191.8018975,228.2508429,276.7908177,32.81662656,72.46274512,75.6654731
1355,16,32,32,1,1,1,0,1,1,1,1,0,1,1,1,199.1163018,231.5967271,265.3099272,21.10236488,7.182893495,25.51333704,200.3815681,232.2701807,265.9334818,21.10790381,7.173636343,25.36043728
1356,16,32,32,1,1,1,0,1,1,1,1,1,0,1,1,251.9629695,220.2638165,429.6712646,26.8175962,16.93753565,24.00637067,255.5264099,225.9619547,431.8634664,25.79859684,19.56283791,20.72690182
1357,16,32,32,1,1,1,0,1,1,1,1,1,1,0,1,195.7859564,231.746101,267.2291033,12.84894329,7.268844428,9.091538333,195.2143146,233.6278458,268.1747694,11.33605373,11.51492541,4.528176023
1358,16,32,32,1,1,1,0,1,1,1,1,1,1,1,0,201.7880695,227.9856807,267.6917285,64.26207992,27.86631909,62.28395117,197.8383091,235.0947478,265.6800502,63.93412298,32.92130166,59.62735398
1359,16,32,32,1,1,1,1,0,1,1,1,1,1,1,1,194.0065144,232.9765348,267.4645073,11.12621072,11.14346794,4.481028174,196.791412,232.2894876,268.0901885,12.16309276,6.940597043,9.020098866
1360,16,32,32,1,1,1,1,0,1,0,1,1,1,1,1,195.1468897,239.4407558,262.7656972,67.73433796,70.36113554,30.73866051,192.7610885,232.4680965,271.1926349,64.07440796,69.27770779,35.81892077
1361,16,32,32,1,1,1,1,0,1,1,0,1,1,1,1,194.9232113,230.6484205,268.7814676,11.9126021,13.58649787,9.847235486,195.6276652,229.2259472,271.6257144,4.032727271,12.50403356,13.80476459
1362,16,32,32,1,1,1,1,0,1,1,1,0,1,1,1,196.4932653,235.2343694,264.0836872,67.45018785,34.432363,62.9616119,203.4833261,229.1063984,267.8154002,67.18394948,29.2805754,65.21898719
1363,16,32,32,1,1,1,1,0,1,1,1,1,0,1,1,194.1398546,233.2672193,267.1503235,11.57490503,11.6645877,4.418102164,196.976756,232.5316407,267.7881915,12.58696509,7.577881617,9.131823009
1364,16,32,32,1,1,1,1,0,1,1,1,1,1,0,1,299.6312056,334.1743633,305.5105666,23.57185376,23.90208663,17.7735935,301.0052969,334.9371167,307.5672582,19.64185509,22.55758547,17.83433713
1365,16,32,32,1,1,1,1,0,1,1,1,1,1,1,0,191.3750394,234.9502245,267.5267955,40.46860796,34.24466751,8.303233426,192.5484346,235.5433831,268.300249,40.23744876,34.14735288,8.25121638
1366,16,32,32,1,1,1,1,1,0,1,1,1,1,1,1,194.0052068,233.0048926,267.4541411,11.19055741,11.21728909,4.473936411,196.7855949,232.3012784,268.0828183,12.18975212,7.016028994,9.029984378
1367,16,32,32,1,1,1,1,1,0,0,1,1,1,1,1,194.9508751,230.6247003,268.7457502,11.89883472,13.56037673,9.864501049,195.6596375,229.22383,271.6602025,4.052377573,12.60242947,13.89954621
1368,16,32,32,1,1,1,1,1,0,1,0,1,1,1,1,195.0476264,239.5237124,262.4556086,69.29145013,72.48017652,32.72261709,192.464841,232.4657006,271.365947,65.58127372,71.45451284,37.73904072
1369,16,32,32,1,1,1,1,1,0,1,1,0,1,1,1,194.1387692,233.2762695,267.1535328,11.61708617,11.71051607,4.419108902,196.9715254,232.5303006,267.7917069,12.60195767,7.620349364,9.135203981
1370,16,32,32,1,1,1,1,1,0,1,1,1,0,1,1,196.5874679,235.3355194,264.2169341,66.23412224,34.01054988,61.65014215,203.3332382,229.2921711,267.7586997,65.90775882,28.8205253,63.86506142
1371,16,32,32,1,1,1,1,1,0,1,1,1,1,0,1,191.3800598,234.9493636,267.5274044,40.47950661,34.25546395,8.305024991,192.5515835,235.5393787,268.300675,40.24389054,34.15562493,8.252601288
1372,16,32,32,1,1,1,1,1,0,1,1,1,1,1,0,299.1690017,333.9835342,305.8051912,24.014387,26.59408446,20.68836819,300.5785908,334.7635636,306.7524202,22.69043112,26.49828114,20.48437712
1373,32,64,16,1,1,1,1,1,1,1,1,1,1,1,1,210.8637973,290.0973034,202.1683969,4.065815717,2.790802961,7.462348492,211.23843,290.601312,203.2959002,3.955683472,3.577001758,6.430139487
1374,32,64,16,1,1,1,1,1,1,0,1,1,1,1,1,210.9446183,289.904787,202.5328596,7.023701941,8.423895804,7.454126085,211.5958481,289.1305562,205.2234855,3.49116334,8.402814824,11.1071394
1375,32,64,16,1,1,1,1,1,1,1,0,1,1,1,1,210.9450447,289.9005708,202.5376652,7.021208589,8.404988408,7.420351743,211.5979138,289.1255858,205.227774,3.494079402,8.371496196,11.08604856
1376,32,64,16,1,1,1,1,1,1,1,1,0,1,1,1,211.3472008,289.8603092,201.9801018,6.012951098,6.339477661,11.8154914,212.5509337,290.8330157,201.6321661,9.763519811,4.373119543,9.807457079
1377,32,64,16,1,1,1,1,1,1,1,1,1,0,1,1,211.3467751,289.8627656,201.9784744,6.064314582,6.343644333,11.85079291,212.5489369,290.834932,201.6286556,9.789018878,4.370616277,9.839447394
1378,32,64,16,1,1,1,1,1,1,1,1,1,1,0,1,209.9403509,291.0955097,201.9069682,12.6269219,8.201173604,12.12924396,208.2985599,293.3215812,202.7110462,10.83323954,11.48260087,4.402550077
1379,32,64,16,1,1,1,1,1,1,1,1,1,1,1,0,209.9381377,291.0945245,201.9093695,12.60447018,8.168615032,12.11796914,208.2999044,293.3202901,202.718851,10.81191467,11.46076579,4.416006813
1380,32,64,16,0,1,1,1,1,1,1,1,1,1,1,1,210.7162755,289.3621772,203.6610686,3.568044011,7.6424664,10.97498737,211.1786931,290.748466,203.4250542,7.182575693,7.620390296,6.991241844
1381,32,64,16,0,1,1,1,1,1,0,1,1,1,1,1,185.3442471,484.3008899,240.3990209,17.39569301,23.45804334,29.53153549,178.5931638,483.5210506,237.4402869,13.96511245,25.22012796,28.15320885
1382,32,64,16,0,1,1,1,1,1,1,0,1,1,1,1,211.7354623,287.9432039,204.7286761,6.569473856,21.40272262,18.013215,212.3517493,288.1508719,206.0555261,6.563131,21.33478154,18.07525381
1383,32,64,16,0,1,1,1,1,1,1,1,0,1,1,1,210.0089754,289.7036154,205.1162965,15.15064921,39.98057189,40.70311805,213.9958986,289.5015277,203.5279148,20.21794053,38.68463507,40.74921302
1384,32,64,16,0,1,1,1,1,1,1,1,1,0,1,1,211.3723063,289.8375298,201.9895566,6.08492426,6.347746808,11.87426513,212.5697906,290.8079184,201.6315917,9.795508355,4.368884034,9.844019835
1385,32,64,16,0,1,1,1,1,1,1,1,1,1,0,1,205.3909349,292.745108,204.6268758,69.52456616,73.96634529,37.81945574,207.7778123,299.2307189,197.4941346,70.88187837,74.02211998,31.15751686
1386,32,64,16,0,1,1,1,1,1,1,1,1,1,1,0,201.2997485,300.8319894,207.5903032,7.134819047,20.77064749,22.40033509,201.1365729,302.6352427,207.7353391,10.00576671,20.8976752,20.50645439
1387,32,64,16,1,0,1,1,1,1,1,1,1,1,1,1,210.7169801,289.3653424,203.6547043,3.569896485,7.638637215,10.96456112,211.1786972,290.7505587,203.4207026,7.178338549,7.620862366,6.983561794
1388,32,64,16,1,0,1,1,1,1,0,1,1,1,1,1,211.7303503,287.946217,204.7269943,6.568479002,21.38875646,17.99205923,212.3471907,288.1541506,206.0632015,6.562440258,21.31203742,18.06386152
1389,32,64,16,1,0,1,1,1,1,1,0,1,1,1,1,186.2120097,484.4032715,240.691543,17.66656066,23.41910317,29.68105072,179.3269318,483.6187662,237.6393786,14.18465919,25.1653972,28.17656518
1390,32,64,16,1,0,1,1,1,1,1,1,0,1,1,1,211.3711714,289.8376277,201.9882801,6.071889974,6.351283908,11.85544615,212.5768054,290.8083859,201.6330401,9.805335056,4.366328699,9.8455617
1391,32,64,16,1,0,1,1,1,1,1,1,1,0,1,1,208.719821,290.117496,206.6964678,24.43021938,58.35578427,59.57551282,214.6875491,288.2811733,203.7554996,29.20463885,56.79365005,59.6940357
1392,32,64,16,1,0,1,1,1,1,1,1,1,1,0,1,201.0335979,301.7067785,208.7923512,6.62169917,22.87323972,24.1845369,200.7079821,302.8388977,208.7159066,9.292042837,22.20818024,22.62658921
1393,32,64,16,1,0,1,1,1,1,1,1,1,1,1,0,205.441178,292.7413021,204.7468818,68.90246523,73.34374973,37.63771662,207.7716925,299.0816614,197.5133172,70.25162408,73.39061765,30.88706873
1394,32,64,16,1,1,0,1,1,1,1,1,1,1,1,1,211.809884,290.4945785,200.5228428,9.43256693,4.120807931,9.733216587,211.6128536,290.275285,203.2029255,5.588969592,6.347625507,11.15819568
1395,32,64,16,1,1,0,1,1,1,0,1,1,1,1,1,210.9531543,289.9012583,202.5186111,7.036727952,8.469163627,7.501704139,211.6036919,289.1236541,205.2267097,3.476496317,8.460668316,11.16799089
1396,32,64,16,1,1,0,1,1,1,1,0,1,1,1,1,211.9492709,290.3841186,200.5297573,9.731962967,4.136834633,9.928255044,211.7310749,290.1527907,203.2549243,5.936901936,6.417815349,11.37262755
1397,32,64,16,1,1,0,1,1,1,1,1,0,1,1,1,331.5723648,329.1654564,293.5225242,23.83552235,18.08570712,22.61654306,332.3193762,330.6842368,295.3422421,23.34876381,18.37646443,21.03441254
1398,32,64,16,1,1,0,1,1,1,1,1,1,0,1,1,212.6574891,291.5315272,197.9060496,32.72899074,6.56082431,37.86025441,213.1845077,291.8572517,199.1519205,32.61442554,6.543139466,37.65801823
1399,32,64,16,1,1,0,1,1,1,1,1,1,1,0,1,218.3013742,285.6981725,201.7509018,64.97453308,29.48662662,62.38968356,211.498053,292.8248366,199.4162973,63.77688633,32.76748178,58.61024702
1400,32,64,16,1,1,0,1,1,1,1,1,1,1,1,0,209.9058559,291.3038907,201.6516054,14.24537339,10.56362268,12.23796269,208.2680619,293.576086,202.4045424,12.69689295,13.28681815,4.292576252
1401,32,64,16,1,1,1,0,1,1,1,1,1,1,1,1,211.8098472,290.4934942,200.5125765,9.445444055,4.119905596,9.745681603,211.6168187,290.2756448,203.198434,5.627120229,6.352663623,11.18636508
1402,32,64,16,1,1,1,0,1,1,0,1,1,1,1,1,211.9446901,290.3903761,200.5254765,9.733164888,4.131451829,9.945093562,211.730504,290.1609755,203.2494148,5.966437348,6.418627113,11.39308376
1403,32,64,16,1,1,1,0,1,1,1,0,1,1,1,1,214.706581,287.1156067,202.4987019,28.51949131,55.93258495,58.93060056,210.0305764,289.3283755,208.1797213,23.57837621,57.27742463,58.32878965
1404,32,64,16,1,1,1,0,1,1,1,1,0,1,1,1,212.6493053,291.5270173,197.9168748,32.61121374,6.566716414,37.74513933,213.1703405,291.8510474,199.1518934,32.49583717,6.550893311,37.53840411
1405,32,64,16,1,1,1,0,1,1,1,1,1,0,1,1,332.30084,333.562985,293.1962909,18.42202586,12.74484686,18.00813307,333.4305352,336.8177937,295.6865687,18.23036414,14.87983831,16.68489503
1406,32,64,16,1,1,1,0,1,1,1,1,1,1,0,1,209.8897521,291.3054678,201.6483456,14.22685095,10.52949814,12.24463296,208.2453814,293.5729412,202.3981615,12.66703305,13.26054343,4.288087343
1407,32,64,16,1,1,1,0,1,1,1,1,1,1,1,0,217.7921946,286.1518286,201.6156985,62.11940557,28.21379718,59.554665,211.4965374,293.0044362,199.7106332,60.98962737,31.54469977,55.90647501
1408,32,64,16,1,1,1,1,0,1,1,1,1,1,1,1,207.3903597,293.2170316,201.5591461,11.57969601,11.76345164,4.895225689,209.9004868,291.7482181,203.2377114,13.04313863,8.935064285,11.79633937
1409,32,64,16,1,1,1,1,0,1,0,1,1,1,1,1,207.51004,296.7273142,199.0835,56.54130209,56.95771504,18.43551977,207.5097402,291.6320845,205.7720887,55.13401269,56.41302613,25.55906414
1410,32,64,16,1,1,1,1,0,1,1,0,1,1,1,1,203.2578174,298.2961256,204.3175392,8.948436709,20.11543967,19.31205642,204.0028485,297.1000514,207.0112309,4.836140483,20.03752695,21.13396201
1411,32,64,16,1,1,1,1,0,1,1,1,0,1,1,1,210.1433357,292.783194,198.651184,69.35693483,35.94237553,63.76581724,218.3971363,285.6053811,204.2432074,70.04252519,32.66722305,66.95791226
1412,32,64,16,1,1,1,1,0,1,1,1,1,0,1,1,207.4847259,293.3550137,201.2650045,12.16508801,12.38522729,4.744326853,210.0463541,291.8182342,202.9745032,13.57699477,9.641747089,11.91281515
1413,32,64,16,1,1,1,1,0,1,1,1,1,1,0,1,353.5636368,347.8447873,229.4834388,17.62100751,20.06226081,15.38820346,354.8642964,349.135548,231.9312323,19.68682904,21.68040474,17.10690463
1414,32,64,16,1,1,1,1,0,1,1,1,1,1,1,0,203.4116269,296.2795811,201.5449372,43.25931725,36.36697714,10.37945753,203.8969781,296.566016,202.8639329,43.11515282,36.35284498,10.29278274
1415,32,64,16,1,1,1,1,1,0,1,1,1,1,1,1,207.3999946,293.2390962,201.5574309,11.62073735,11.8215957,4.891356389,209.9017016,291.7478574,203.2366974,13.05005172,8.985770816,11.7998165
1416,32,64,16,1,1,1,1,1,0,0,1,1,1,1,1,203.7463098,296.8476979,205.1340228,8.103830042,18.11580274,17.96512357,204.7441894,296.325644,208.4636563,4.602606657,18.25378973,20.06044829
1417,32,64,16,1,1,1,1,1,0,1,0,1,1,1,1,206.7314287,297.8786779,197.3046231,71.22379261,74.41174121,31.62776111,205.5021772,292.0109677,207.2298206,69.5084441,74.1892855,37.93000945
1418,32,64,16,1,1,1,1,1,0,1,1,0,1,1,1,207.4854875,293.4098337,201.2376158,12.55859565,12.80408209,4.724746797,210.0311466,291.831975,202.9572295,13.87864059,10.13503003,11.92611608
1419,32,64,16,1,1,1,1,1,0,1,1,1,0,1,1,210.1936811,292.9018804,198.7641945,68.32473336,35.55399413,62.71482789,218.2285146,285.8048261,204.1627714,68.98092183,32.26027216,65.85985973
1420,32,64,16,1,1,1,1,1,0,1,1,1,1,0,1,203.4172118,296.2754198,201.5536633,43.2018229,36.30997447,10.38087614,203.9047741,296.558505,202.8726898,43.0566327,36.29337051,10.29354941
1421,32,64,16,1,1,1,1,1,0,1,1,1,1,1,0,355.1234323,350.4884262,233.1945242,11.71618803,12.51787316,10.50257962,355.8732394,349.8487876,233.6309997,14.68082185,13.10847624,9.372391562
1422,48,96,32,1,1,1,1,1,1,1,1,1,1,1,1,205.5822761,261.6696452,225.9119575,2.798027728,1.982679788,4.472750604,205.8258463,261.8775345,226.4897438,2.807549834,2.383281744,3.998490949
1423,48,96,32,1,1,1,1,1,1,0,1,1,1,1,1,205.6500782,261.314546,226.3050271,5.214544418,7.082676174,4.66706769,206.2814192,260.2814979,227.9828208,3.151279213,6.357081056,8.202095117
1424,48,96,32,1,1,1,1,1,1,1,0,1,1,1,1,205.6417212,261.3209099,226.3048335,5.216541294,7.071267121,4.638694949,206.2746192,260.2840879,227.985477,3.151372699,6.335691965,8.198475557
1425,48,96,32,1,1,1,1,1,1,1,1,0,1,1,1,206.0035471,261.6352157,225.6221275,4.527530751,4.761404192,8.769165346,206.9762432,262.4260284,224.8888943,7.444994958,3.691944025,6.967066363
1426,48,96,32,1,1,1,1,1,1,1,1,1,0,1,1,206.002331,261.6332821,225.6246296,4.479708803,4.758635975,8.744102222,206.9699055,262.4226787,224.8926482,7.404345871,3.688573353,6.928672983
1427,48,96,32,1,1,1,1,1,1,1,1,1,1,0,1,204.9564107,262.3359573,225.8074855,9.034021611,5.652326411,7.681560145,203.6508463,263.609615,226.5827983,7.666214332,8.106505785,3.771347212
1428,48,96,32,1,1,1,1,1,1,1,1,1,1,1,0,204.9606465,262.3294846,225.8077098,9.013051036,5.620582849,7.675059261,203.655765,263.6040631,226.5889722,7.641668348,8.085536012,3.781311208
1429,48,96,32,0,1,1,1,1,1,1,1,1,1,1,1,205.8422276,260.3851193,227.2133288,3.170669734,5.899606283,8.100188257,205.8688028,261.6615832,226.7474855,5.331740116,6.653506739,4.322305545
1430,48,96,32,0,1,1,1,1,1,0,1,1,1,1,1,198.3868752,436.6010799,275.6788288,14.52455235,19.28515232,23.2747938,193.2761648,435.5873878,273.1936364,12.34378723,20.47177299,22.55871343
1431,48,96,32,0,1,1,1,1,1,1,0,1,1,1,1,207.4898072,258.0108461,228.4460878,5.131057507,21.79724207,18.2914604,207.8415341,258.0753681,229.1055945,5.134179726,21.76720897,18.29528295
1432,48,96,32,0,1,1,1,1,1,1,1,0,1,1,1,204.9011358,260.5190073,228.5533763,12.41560932,34.03472891,34.80689456,208.017388,260.7537876,226.4770679,15.88415333,33.3429222,34.4936695
1433,48,96,32,0,1,1,1,1,1,1,1,1,0,1,1,206.1382773,261.5232744,225.6345971,5.097711844,4.837593405,9.076025562,207.1491106,262.317683,224.8658407,7.877425111,3.707253618,7.332028998
1434,48,96,32,0,1,1,1,1,1,1,1,1,1,0,1,204.7033725,261.8248284,226.573472,14.85447352,12.68693038,8.70148988,203.1908261,262.9762583,226.7190802,13.98150721,13.72605346,3.347329665
1435,48,96,32,0,1,1,1,1,1,1,1,1,1,1,0,203.5711279,261.840391,228.5223458,3.546795449,10.84336168,12.64413683,203.5973725,263.0229125,227.6917268,5.870114854,10.89933598,10.23197174
1436,48,96,32,1,0,1,1,1,1,1,1,1,1,1,1,205.8493881,260.3862923,227.2089511,3.174677138,5.892811794,8.092328709,205.8749736,261.6581215,226.7403641,5.324229972,6.646588437,4.302125176
1437,48,96,32,1,0,1,1,1,1,0,1,1,1,1,1,207.4867082,258.006174,228.454332,5.130695411,21.8215784,18.3134154,207.8387011,258.0728059,229.1166975,5.134073977,21.7879035,18.31816823
1438,48,96,32,1,0,1,1,1,1,1,0,1,1,1,1,198.7756892,436.8199082,275.8463208,12.34768044,18.20580738,21.52726549,194.196612,436.0211073,273.5872161,10.14515808,19.58617119,21.00558139
1439,48,96,32,1,0,1,1,1,1,1,1,0,1,1,1,206.1148453,261.5332604,225.643696,4.830631045,4.808516884,8.96190207,207.1070093,262.3367173,224.873048,7.694157013,3.702985174,7.157948002
1440,48,96,32,1,0,1,1,1,1,1,1,1,0,1,1,203.5336721,260.8349942,230.0457894,19.79406066,49.56839002,50.72045767,208.3688247,259.8184852,226.6340446,23.06465545,48.67065483,50.50320699
1441,48,96,32,1,0,1,1,1,1,1,1,1,1,0,1,202.9278968,262.9440538,227.4532317,3.794877135,16.03295292,16.82588839,203.0949604,264.6797953,226.8854219,6.785415746,16.42519569,15.20560573
1442,48,96,32,1,0,1,1,1,1,1,1,1,1,1,0,202.486327,262.6210817,227.9971916,50.61451101,52.57539994,24.2958359,203.8481278,267.4421918,223.2870047,51.53027238,52.82615119,19.61931553
1443,48,96,32,1,1,0,1,1,1,1,1,1,1,1,1,206.601611,262.2644089,224.3649085,7.239205478,3.570882084,6.884564489,206.2356251,261.7884983,226.2569572,4.316958493,4.767791894,8.441415837
1444,48,96,32,1,1,0,1,1,1,0,1,1,1,1,1,206.3192196,261.2849977,225.8485522,6.131367032,10.21797586,8.87450572,206.6219472,260.1547927,227.7428459,2.956216066,9.954285534,11.09612372
1445,48,96,32,1,1,0,1,1,1,1,0,1,1,1,1,206.80986,262.1260482,224.3433471,7.687015849,3.605321993,7.225055281,206.406993,261.6252481,226.2913343,4.857343793,4.843192647,8.775386599
1446,48,96,32,1,1,0,1,1,1,1,1,0,1,1,1,307.4672893,297.1540143,332.7679331,25.47968228,18.84024171,22.283223,308.1374171,298.6064456,333.7126088,25.11273064,19.01519917,20.96495007
1447,48,96,32,1,1,0,1,1,1,1,1,1,0,1,1,207.6972136,264.1911999,221.3318157,27.16064351,5.26233503,31.23903783,208.0017039,264.3199626,221.9247417,27.1114845,5.258053994,31.14616663
1448,48,96,32,1,1,0,1,1,1,1,1,1,1,0,1,211.1822121,258.9929656,224.9871011,52.93727547,21.90961722,51.4323168,206.1350366,263.9332005,223.6772845,52.33474179,24.31866336,49.49641054
1449,48,96,32,1,1,0,1,1,1,1,1,1,1,1,0,204.9048952,262.7005803,225.4815552,12.00201783,10.01553976,7.907369936,203.6614422,264.0522959,226.1170584,11.11854704,11.55346961,3.710243843
1450,48,96,32,1,1,1,0,1,1,1,1,1,1,1,1,206.6033302,262.2641373,224.3658818,7.234227384,3.570287413,6.881457412,206.2367389,261.7894618,226.2564495,4.312389134,4.768709128,8.438207032
1451,48,96,32,1,1,1,0,1,1,0,1,1,1,1,1,206.9018399,262.0861367,224.3237108,8.214273578,3.622392511,7.708446575,206.4595698,261.6003266,226.2798886,5.589165687,4.925254303,9.137204678
1452,48,96,32,1,1,1,0,1,1,1,0,1,1,1,1,208.2704636,259.3360901,226.0865482,22.35644825,47.65775173,49.46320299,204.2686497,260.4257022,230.7617045,19.01842963,48.4600683,49.47993998
1453,48,96,32,1,1,1,0,1,1,1,1,0,1,1,1,207.6963562,264.1875603,221.3330699,27.17257101,5.265071098,31.24885154,208.0110183,264.3187511,221.9358167,27.12675,5.261206528,31.16158269
1454,48,96,32,1,1,1,0,1,1,1,1,1,0,1,1,307.5367899,294.2494811,332.1363452,21.00760954,11.17861582,19.59436891,309.2440529,298.8349124,334.3968376,20.28870286,13.32407783,17.52619648
1455,48,96,32,1,1,1,0,1,1,1,1,1,1,0,1,204.9214658,262.7072712,225.450704,12.37338652,10.51146491,7.931271568,203.6875817,264.0776786,226.075472,11.53570154,11.99092135,3.708173696
1456,48,96,32,1,1,1,0,1,1,1,1,1,1,1,0,210.0954867,259.7874851,224.6891316,46.08035697,18.75945508,44.76033382,206.0171986,264.0363093,224.1975712,45.53298846,21.23271501,43.03482015
1457,48,96,32,1,1,1,1,0,1,1,1,1,1,1,1,203.1711644,263.6532374,225.9592013,7.968923333,8.27555142,3.928537079,205.0392737,262.6557948,226.4258198,9.231279145,6.006415862,7.585370354
1458,48,96,32,1,1,1,1,0,1,0,1,1,1,1,1,203.196895,263.6778421,226.0434305,9.929457013,10.11577374,3.574899216,204.9964231,262.4575444,226.7057238,10.6892869,8.265536063,7.845890389
1459,48,96,32,1,1,1,1,0,1,1,0,1,1,1,1,204.0763381,262.7164589,226.3606554,6.279432349,14.19863511,13.2173353,204.5621296,261.349807,228.368493,3.089312323,13.80870192,15.13409496
1460,48,96,32,1,1,1,1,0,1,1,1,0,1,1,1,205.5535722,264.0351619,223.1375116,56.05345019,26.33871447,52.94266373,211.5112151,258.9016471,226.0598532,56.42911263,23.94798937,54.64942464
1461,48,96,32,1,1,1,1,0,1,1,1,1,0,1,1,203.1971311,263.967677,225.5825251,10.38404151,10.66888077,3.872860399,205.0141187,262.926974,226.1425591,11.29103736,9.04783257,7.706358537
1462,48,96,32,1,1,1,1,0,1,1,1,1,1,0,1,347.4414214,326.8234124,248.9950878,17.45920914,18.06438334,11.22297978,348.5047815,329.0744253,253.3406102,15.3110808,18.3853952,13.4263939
1463,48,96,32,1,1,1,1,0,1,1,1,1,1,1,0,199.4678748,265.9231469,226.877466,35.19427877,30.15255556,7.026836536,199.7610923,266.0190471,227.5363573,35.13229833,30.14383412,6.995395864
1464,48,96,32,1,1,1,1,1,0,1,1,1,1,1,1,203.171178,263.6517952,225.9585454,7.937007915,8.252982285,3.931453736,205.0392268,262.6529086,226.4246426,9.20348481,5.97179341,7.583870578
1465,48,96,32,1,1,1,1,1,0,0,1,1,1,1,1,204.5125823,261.8957726,226.6651362,5.692920501,9.747702633,8.340312655,205.1369388,260.7820138,228.7148267,3.237734261,9.484097563,11.1983018
1466,48,96,32,1,1,1,1,1,0,1,0,1,1,1,1,203.4009355,267.1020313,223.0330764,52.27186616,53.5910582,20.05471026,202.6518512,262.4230226,229.1026089,51.20346928,53.28387985,24.56076437
1467,48,96,32,1,1,1,1,1,0,1,1,0,1,1,1,203.1941848,263.9578632,225.6166609,10.14021447,10.42028451,3.866847764,205.0222302,262.9156462,226.1623635,11.08015098,8.74303289,7.693176366
1468,48,96,32,1,1,1,1,1,0,1,1,1,0,1,1,205.5710215,264.1886051,223.4133108,52.48059581,24.87416764,49.41966071,210.9396714,259.3779747,225.8539025,52.8155836,22.45293092,51.02895232
1469,48,96,32,1,1,1,1,1,0,1,1,1,1,0,1,199.471666,265.9108551,226.882614,35.1177907,30.07768947,7.029618465,199.765623,266.005893,227.5406433,35.05514704,30.06662898,6.995187788
1470,48,96,32,1,1,1,1,1,0,1,1,1,1,1,0,347.8883486,326.7658738,249.4787637,18.00810429,18.2955539,9.654561819,348.9687712,329.286125,253.7618399,15.8252273,18.71769889,12.13639646
1471,48,48,32,1,1,1,1,1,1,1,1,1,1,1,1,225.3320848,247.3673708,217.2880027,2.993673934,3.317432479,4.189129163,225.6689191,247.7989615,217.8404446,3.121261037,3.383264591,3.962302016
1472,48,48,32,1,1,1,1,1,1,0,1,1,1,1,1,225.3307157,247.028038,217.7618008,5.724742575,8.209394726,4.848881372,226.0494576,246.1432928,219.4396475,3.473148335,7.140615411,8.617702272
1473,48,48,32,1,1,1,1,1,1,1,0,1,1,1,1,225.3222842,247.037638,217.7569795,5.72424716,8.205532845,4.835565405,226.0410685,246.1513707,219.435785,3.472621108,7.131538068,8.611412965
1474,48,48,32,1,1,1,1,1,1,1,1,0,1,1,1,225.890319,247.2435668,216.9081212,5.089108228,6.33112714,9.212598879,227.2139501,248.05468,216.0379802,8.338911178,3.821567731,7.698350256
1475,48,48,32,1,1,1,1,1,1,1,1,1,0,1,1,225.8894698,247.2465826,216.9052693,5.065791014,6.327892056,9.196940496,227.2097459,248.0560907,216.0355562,8.314671054,3.818960879,7.678890141
1476,48,48,32,1,1,1,1,1,1,1,1,1,1,0,1,224.8084248,247.9644665,217.2002803,8.861416907,5.323294926,7.33796494,223.6558649,249.6022691,217.9508668,7.676274007,8.756904388,3.664225909
1477,48,48,32,1,1,1,1,1,1,1,1,1,1,1,0,224.7998156,247.9675128,217.2047982,8.882328706,5.356543556,7.347034193,223.6433715,249.6125442,217.9540089,7.702470056,8.786125748,3.653858296
1478,48,48,32,0,1,1,1,1,1,1,1,1,1,1,1,225.6058958,245.9429431,218.7324819,3.448865257,6.705631367,8.367710953,225.6439139,247.5645691,218.2262396,5.796064435,7.685022081,4.466474984
1479,48,48,32,0,1,1,1,1,1,0,1,1,1,1,1,228.1628473,394.8884501,280.7563546,12.68148702,22.04003693,23.90793793,234.4250648,396.6534799,284.3608729,15.42329059,19.90457009,24.12112344
1480,48,48,32,0,1,1,1,1,1,1,0,1,1,1,1,227.0677049,243.4617796,220.1809325,5.623520497,25.80243422,21.70166662,227.4517616,243.7985166,220.804313,5.620513955,25.73388188,21.684419
1481,48,48,32,0,1,1,1,1,1,1,1,0,1,1,1,223.2886342,246.4686362,221.7639337,19.83826177,47.92524,49.35029385,228.3229707,245.6514471,218.264105,23.39924269,46.49520331,48.98571907
1482,48,48,32,0,1,1,1,1,1,1,1,1,0,1,1,226.0920506,247.0311568,216.9568722,6.343185951,6.442803693,9.915872664,227.4902264,247.8186696,216.0702961,9.240458658,3.773014856,8.590154001
1483,48,48,32,0,1,1,1,1,1,1,1,1,1,0,1,223.422282,247.7699588,219.1452563,33.47890618,34.20083697,16.28195214,223.0831225,250.7973015,216.8143306,33.98904795,34.54722199,11.2939057
1484,48,48,32,0,1,1,1,1,1,1,1,1,1,1,0,224.8554333,246.186074,219.3153197,3.39008987,8.394814567,10.08312385,224.9028501,247.9266264,218.5848567,6.123564207,9.085080949,6.617117776
1485,48,48,32,1,0,1,1,1,1,1,1,1,1,1,1,225.6061639,245.9465533,218.7272425,3.448362372,6.690269263,8.355371213,225.6441712,247.5701571,218.2216171,5.796394612,7.672710365,4.443750391
1486,48,48,32,1,0,1,1,1,1,0,1,1,1,1,1,227.063386,243.4591277,220.1845242,5.62301391,25.84623994,21.74127679,227.4474851,243.798628,220.8129558,5.621160081,25.77137181,21.72431038
1487,48,48,32,1,0,1,1,1,1,1,0,1,1,1,1,230.611765,395.4791707,281.7362198,16.23560652,20.82280763,23.90567689,233.8753786,396.547812,283.5107377,17.10388722,19.18546964,23.59513137
1488,48,48,32,1,0,1,1,1,1,1,1,0,1,1,1,226.0580188,247.0773586,216.9364738,5.73910844,6.439240975,9.622248101,227.438245,247.8864144,216.0067815,8.860106542,3.791089108,8.15445881
1489,48,48,32,1,0,1,1,1,1,1,1,1,0,1,1,222.5930675,246.5016472,222.5652447,23.23600964,54.86839446,56.49186062,228.3280387,245.0631076,218.2644187,26.68577641,53.32064813,56.09568938
1490,48,48,32,1,0,1,1,1,1,1,1,1,1,0,1,224.1945844,246.785411,219.213661,3.362650243,13.10954307,14.41855658,224.3750919,248.7037076,218.4124814,6.740098763,13.63245404,12.15940561
1491,48,48,32,1,0,1,1,1,1,1,1,1,1,1,0,222.2645153,248.1880687,219.8167802,51.99992439,54.19406156,25.42359394,223.8640491,253.3100903,214.8979744,53.08319875,54.40558942,20.77082332
1492,48,48,32,1,1,0,1,1,1,1,1,1,1,1,1,226.8940784,247.595833,215.4920457,8.193477163,3.787960438,7.619437654,226.2720238,247.6315504,217.4616671,5.015041288,6.31977981,8.951170587
1493,48,48,32,1,1,0,1,1,1,0,1,1,1,1,1,228.0232891,245.4790615,217.5721328,20.28229587,40.93994998,42.97122052,224.4777883,246.5293085,221.7163226,16.59344853,42.07354761,43.14818238
1494,48,48,32,1,1,0,1,1,1,1,0,1,1,1,1,227.2003622,247.3570393,215.4707443,8.945541379,3.761165006,8.273986948,226.4992561,247.3904949,217.5147736,5.932882724,6.461638824,9.536518168
1495,48,48,32,1,1,0,1,1,1,1,1,0,1,1,1,311.8578091,275.7525037,337.7517449,19.63503662,12.08431825,19.04863495,313.5280714,279.4313623,338.9490168,19.41096071,13.71534406,16.48817568
1496,48,48,32,1,1,0,1,1,1,1,1,1,0,1,1,228.6055843,248.7723637,212.4342732,28.13744438,6.177577918,32.86102214,228.9599023,249.1938487,212.9974496,28.10164725,6.161437024,32.76413299
1497,48,48,32,1,1,0,1,1,1,1,1,1,1,0,1,231.6806404,243.9405402,216.0695183,59.27039407,24.71651987,57.31913463,226.2661474,250.2232365,214.4446278,58.73346431,28.28845835,55.40149806
1498,48,48,32,1,1,0,1,1,1,1,1,1,1,1,0,224.9046141,248.2254415,216.8159328,9.951827356,6.925788978,7.515924656,223.6786224,249.9535571,217.5315182,8.899907355,9.943217081,3.547635363
1499,48,48,32,1,1,1,0,1,1,1,1,1,1,1,1,226.8997593,247.5908866,215.4985921,8.183064532,3.789456942,7.619009133,226.2771464,247.6257553,217.4627085,5.005521228,6.315546319,8.943220503
1500,48,48,32,1,1,1,0,1,1,0,1,1,1,1,1,227.2608508,247.2590963,215.5598272,9.448085929,3.740572525,8.819717782,226.5366529,247.31874,217.5665742,6.685500957,6.475397331,9.928996708
1501,48,48,32,1,1,1,0,1,1,1,0,1,1,1,1,228.2727603,244.4206218,217.6719922,27.03692088,54.18612933,57.01638492,223.2103038,246.6462775,223.2737848,23.52367839,55.51354766,57.12471174
1502,48,48,32,1,1,1,0,1,1,1,1,0,1,1,1,228.6179159,248.7811125,212.4223255,28.27984171,6.17661638,33.00376349,228.9795019,249.2004394,212.9951266,28.24503546,6.157552167,32.91388264
1503,48,48,32,1,1,1,0,1,1,1,1,1,0,1,1,311.6253543,275.5213505,337.0363955,19.00369443,10.90996047,18.34750872,313.4678861,279.4084579,338.7288225,18.57315,13.07037756,15.74942802
1504,48,48,32,1,1,1,0,1,1,1,1,1,1,0,1,225.1547208,248.298115,216.6049453,12.14269516,10.11797607,7.65349317,223.9986004,250.091262,217.2446645,11.39199829,12.35249579,3.505308363
1505,48,48,32,1,1,1,0,1,1,1,1,1,1,1,0,230.8158483,244.6645904,215.8595448,53.25321745,21.87464959,51.47602321,226.2463878,250.3288946,214.9521182,52.77838411,25.55009766,49.72682925
1506,48,48,32,1,1,1,1,0,1,1,1,1,1,1,1,223.3143947,249.2173101,217.3155141,7.596937288,8.690719446,3.745351968,225.1033462,248.3933951,217.7796743,8.705982579,5.353405682,7.310652561
1507,48,48,32,1,1,1,1,0,1,0,1,1,1,1,1,223.3054201,249.2330913,217.3998792,8.722843811,9.687196318,3.451915184,225.0654748,248.2374865,218.0021005,9.463107299,6.706990758,7.540814396
1508,48,48,32,1,1,1,1,0,1,1,0,1,1,1,1,224.630726,247.4595738,218.0568602,6.052456849,10.55978938,8.329412543,225.2967864,246.466931,219.8521406,3.401919063,9.759124933,11.11276063
1509,48,48,32,1,1,1,1,0,1,1,1,0,1,1,1,225.8111486,249.7855346,213.9220433,60.62546722,29.34905664,57.19759907,232.0169397,244.0993677,216.9469898,60.92746617,25.71811055,58.8404305
1510,48,48,32,1,1,1,1,0,1,1,1,1,0,1,1,223.7782513,249.7396579,216.5419656,11.45528963,12.41771955,3.511559223,225.5895692,248.7120417,217.1077692,12.11029075,10.17799609,7.649790391
1511,48,48,32,1,1,1,1,0,1,1,1,1,1,0,1,374.2742751,306.7501042,229.7641805,19.45516978,20.25350096,10.91448092,375.5061973,309.8823563,234.8306707,17.12745143,20.74179964,13.55894844
1512,48,48,32,1,1,1,1,0,1,1,1,1,1,1,0,220.2914541,251.1268512,218.2576038,30.17388706,25.40218935,6.747777434,220.5937491,251.5341574,218.8914318,30.10453929,25.38631613,6.732177286
1513,48,48,32,1,1,1,1,1,0,1,1,1,1,1,1,223.3192574,249.2153157,217.3185503,7.57367275,8.675779168,3.751003218,225.1031095,248.3872135,217.7803093,8.675506223,5.319621503,7.304907111
1514,48,48,32,1,1,1,1,1,0,0,1,1,1,1,1,224.7576339,247.3098539,218.0242814,5.973452466,9.392052516,6.651136563,225.4684902,246.3281831,219.8891435,3.395344932,8.554985057,10.05866192
1515,48,48,32,1,1,1,1,1,0,1,0,1,1,1,1,223.6272225,252.731243,214.3222381,54.37327832,55.84611898,21.71640952,222.6037002,248.2996755,220.6585957,53.08699754,55.47357536,26.1971941
1516,48,48,32,1,1,1,1,1,0,1,1,0,1,1,1,223.3824613,249.6218908,216.8160451,8.78347019,9.881200156,3.597370193,225.2477475,248.6626004,217.314079,9.724151399,6.847415999,7.510668245
1517,48,48,32,1,1,1,1,1,0,1,1,1,0,1,1,225.8855432,249.9319864,214.2080248,57.3830066,27.99264659,53.98830331,231.5551864,244.5401789,216.7877306,57.64066008,24.30465257,55.54485817
1518,48,48,32,1,1,1,1,1,0,1,1,1,1,0,1,220.2877611,251.1302984,218.2604115,30.1981948,25.42367152,6.748827937,220.5869933,251.5326079,218.8962806,30.12692704,25.4079927,6.732817243
1519,48,48,32,1,1,1,1,1,0,1,1,1,1,1,0,374.9922187,306.9667941,231.0560531,19.06774015,20.10621923,11.87466392,376.1445012,309.9284762,235.6597118,16.90486538,20.68463273,14.16724792
1520,24,96,32,1,1,1,1,1,1,1,1,1,1,1,1,184.1257129,254.7900791,256.8296815,4.554637172,1.802154129,5.059836203,184.7053478,254.9738852,257.5390032,4.305238066,2.451456755,4.5753838
1521,24,96,32,1,1,1,1,1,1,0,1,1,1,1,1,184.1192306,254.2086079,257.3322077,7.741491899,8.34073142,5.891251452,184.7736618,252.9103953,259.4773664,3.412980513,7.716148151,9.722754737
1522,24,96,32,1,1,1,1,1,1,1,0,1,1,1,1,184.116041,254.2084857,257.3338148,7.740004966,8.343159787,5.8804482,184.7675495,252.912787,259.4817437,3.40729436,7.71643285,9.717694341
1523,24,96,32,1,1,1,1,1,1,1,1,0,1,1,1,184.5146107,254.8509796,256.6599702,4.786159864,4.593379706,9.065243734,186.0897589,255.6263977,256.0982409,8.824636807,3.623177557,7.519837823
1524,24,96,32,1,1,1,1,1,1,1,1,1,0,1,1,184.509725,254.8591845,256.6616397,4.789706497,4.593121708,9.063891002,186.0857362,255.630553,256.101792,8.822098951,3.618844232,7.522845418
1525,24,96,32,1,1,1,1,1,1,1,1,1,1,0,1,183.5633575,255.5758217,256.5225338,10.95083392,6.758267965,8.771630036,182.4375654,256.8369308,257.4155194,9.193583877,9.144617568,4.287983685
1526,24,96,32,1,1,1,1,1,1,1,1,1,1,1,0,183.5653981,255.5730825,256.522196,10.98086758,6.824519256,8.781490924,182.4394281,256.8478369,257.4156445,9.247357287,9.206918574,4.280231612
1527,24,96,32,0,1,1,1,1,1,1,1,1,1,1,1,183.9714698,252.9966702,258.5154624,3.5374826,7.252559562,9.547718356,184.7406366,254.4644034,257.8072061,7.748537532,7.895497637,5.593739294
1528,24,96,32,0,1,1,1,1,1,0,1,1,1,1,1,179.5711036,446.5803286,292.4523187,18.67959544,19.94066802,26.14262715,173.9026186,445.8196725,289.0617548,15.95713276,21.20677375,24.22862129
1529,24,96,32,0,1,1,1,1,1,1,0,1,1,1,1,184.8474878,250.4390318,260.0491137,6.932073304,24.71136985,20.46718158,185.6116514,250.4742763,260.7931096,6.931415139,24.67141518,20.48334501
1530,24,96,32,0,1,1,1,1,1,1,1,0,1,1,1,182.1592829,253.1567853,260.6019688,18.40587616,47.3126288,48.59350639,187.8281381,252.7678902,257.8406454,23.5804126,46.54025122,48.52866768
1531,24,96,32,0,1,1,1,1,1,1,1,1,0,1,1,184.7034727,254.5174533,256.8467249,5.673628975,4.757127157,9.634756335,186.3890472,255.3165048,256.1949266,9.595305416,3.645713485,8.17522864
1532,24,96,32,0,1,1,1,1,1,1,1,1,1,0,1,180.109725,255.9587566,258.4737195,61.75852256,65.55103731,32.24033095,183.6715995,262.6049182,252.2572981,63.48429598,65.8713759,27.36763364
1533,24,96,32,0,1,1,1,1,1,1,1,1,1,1,0,181.1263382,254.9644378,259.3966011,3.518405434,15.10362463,16.64494498,181.9375049,256.4133222,258.276099,8.440405175,15.33683966,14.39774993
1534,24,96,32,1,0,1,1,1,1,1,1,1,1,1,1,183.971443,252.9982693,258.5141963,3.526973569,7.242555811,9.543880994,184.7447411,254.4688983,257.8028475,7.754160231,7.887724686,5.581149776
1535,24,96,32,1,0,1,1,1,1,0,1,1,1,1,1,184.8453798,250.4377815,260.053554,6.931433548,24.80153271,20.55417929,185.6098253,250.4732783,260.8048573,6.931318082,24.7629206,20.57294408
1536,24,96,32,1,0,1,1,1,1,1,0,1,1,1,1,181.995709,447.6163295,293.4116749,18.70228417,19.65701306,25.67315691,177.0996124,446.9239038,290.3524535,16.16689816,20.76532527,23.82961319
1537,24,96,32,1,0,1,1,1,1,1,1,0,1,1,1,184.6994904,254.5355723,256.8375265,5.645039306,4.754869387,9.64279425,186.3677327,255.3358174,256.1722721,9.560937589,3.643014609,8.142734321
1538,24,96,32,1,0,1,1,1,1,1,1,1,0,1,1,181.1933291,252.997293,261.4919665,24.34521236,58.86486506,60.57247461,188.1803316,251.7239975,257.6908476,29.23701945,57.97365879,60.50835054
1539,24,96,32,1,0,1,1,1,1,1,1,1,1,0,1,180.4127103,256.4468123,258.5480728,3.671309369,15.60873988,16.58953492,181.3332004,258.276007,257.8441178,8.966947474,15.94185147,14.65315088
1540,24,96,32,1,0,1,1,1,1,1,1,1,1,1,0,180.0904179,255.9465664,258.6311094,61.66544604,65.59984887,32.53765857,183.632169,262.4931398,252.1874968,63.38697729,65.90554326,27.6104234
1541,24,96,32,1,1,0,1,1,1,1,1,1,1,1,1,185.175154,255.4986702,255.6350175,8.442957865,3.467784507,7.116194615,184.9601116,255.048888,257.519987,4.219319511,4.700520464,8.320449305
1542,24,96,32,1,1,0,1,1,1,0,1,1,1,1,1,184.120674,254.2056771,257.3305019,7.748802431,8.367785054,5.937356973,184.7703058,252.9083197,259.4839963,3.396036888,7.756314141,9.758685063
1543,24,96,32,1,1,0,1,1,1,1,0,1,1,1,1,185.6516925,254.9469238,255.8186604,9.921209598,3.580815744,8.426493455,185.3034822,254.4564239,257.8544906,6.148708334,4.990275316,9.540604916
1544,24,96,32,1,1,0,1,1,1,1,1,0,1,1,1,271.7019184,263.544409,383.6107268,26.32126873,17.33621776,22.908079,273.9102473,268.8479154,385.6662818,25.16325279,18.82014256,20.12778234
1545,24,96,32,1,1,0,1,1,1,1,1,1,0,1,1,186.2926789,257.8768487,253.1678344,25.02302834,5.038796283,29.12091958,187.0454278,258.0000948,253.8209775,24.96389823,5.040107046,29.00812462
1546,24,96,32,1,1,0,1,1,1,1,1,1,1,0,1,189.5947039,252.3231323,256.5548276,55.43893658,23.80099001,53.82674647,185.0122726,257.4330443,255.0170059,54.73667511,26.23471384,51.42410492
1547,24,96,32,1,1,0,1,1,1,1,1,1,1,1,0,183.5270269,255.6881806,256.4491071,11.27850005,7.301155624,8.810929355,182.400623,256.9812836,257.3270847,9.618657258,9.573749923,4.249641729
1548,24,96,32,1,1,1,0,1,1,1,1,1,1,1,1,185.1714801,255.5077738,255.629691,8.4471783,3.46827141,7.117404163,184.9584511,255.0562037,257.5188467,4.233418622,4.704963632,8.334819538
1549,24,96,32,1,1,1,0,1,1,0,1,1,1,1,1,185.6790963,254.9972297,255.8207787,9.928398125,3.595058695,8.393748708,185.263377,254.4858772,257.8431464,5.998319372,5.009789079,9.431779847
1550,24,96,32,1,1,1,0,1,1,1,0,1,1,1,1,187.1936165,251.3035366,257.6404511,27.75227432,55.55351797,57.97008864,182.0834949,252.4890186,262.8312695,22.64566508,56.33526162,57.79984336
1551,24,96,32,1,1,1,0,1,1,1,1,0,1,1,1,186.2684371,257.8848468,253.1731304,24.83948822,5.033919471,28.942094,187.0234605,258.0125783,253.825466,24.78874006,5.04254165,28.83003137
1552,24,96,32,1,1,1,0,1,1,1,1,1,0,1,1,271.0861242,261.4254117,383.1853268,26.89256749,18.63310338,23.2224709,273.7757031,267.5015382,385.5165046,25.97382447,20.29083079,20.60607382
1553,24,96,32,1,1,1,0,1,1,1,1,1,1,0,1,183.537698,255.6765712,256.4608322,11.20567136,7.140238438,8.82589637,182.3889372,256.9632475,257.3424808,9.488691613,9.457845901,4.246557015
1554,24,96,32,1,1,1,0,1,1,1,1,1,1,1,0,189.1001546,252.7463019,256.355289,52.16512707,22.47322569,50.54401037,185.0251474,257.5685394,255.2607214,51.53780086,24.93495104,48.26462181
1555,24,96,32,1,1,1,1,0,1,1,1,1,1,1,1,181.5713733,257.0670879,256.5812594,9.734947167,9.429113569,4.418221268,183.980374,256.0485674,257.1314301,11.22829844,7.295927408,8.618094697
1556,24,96,32,1,1,1,1,0,1,0,1,1,1,1,1,182.2633535,261.5114251,253.6900641,53.5471069,54.29851494,19.25497585,181.4279571,255.9047866,259.4568769,51.71793491,53.75647376,24.31200843
1557,24,96,32,1,1,1,1,0,1,1,0,1,1,1,1,182.5785784,255.6395723,257.2295412,8.578183965,13.76848676,12.40370266,183.0513986,254.0449555,259.46796,2.958391173,13.36735519,14.72094683
1558,24,96,32,1,1,1,1,0,1,1,1,0,1,1,1,183.9588275,258.1839996,254.1363665,58.3415672,28.03870305,54.79515443,190.3226928,252.9347043,257.3149957,58.62051766,25.61700591,56.84541792
1559,24,96,32,1,1,1,1,0,1,1,1,1,0,1,1,181.5640717,257.1550079,256.5099587,9.912286067,9.607162903,4.393852647,183.9843149,256.1265113,257.0673592,11.38654953,7.511887587,8.642208286
1560,24,96,32,1,1,1,1,0,1,1,1,1,1,0,1,292.1430152,350.1342629,303.5481807,14.25693477,13.04243954,8.211549161,293.8139615,350.9761975,306.0857975,13.3253837,13.20223817,10.4173505
1561,24,96,32,1,1,1,1,0,1,1,1,1,1,1,0,178.0196874,259.4174268,256.7470992,40.99472861,35.22280828,8.01552116,178.7453447,259.4579199,257.4882986,40.86686994,35.19526729,7.943510865
1562,24,96,32,1,1,1,1,1,0,1,1,1,1,1,1,181.5718793,257.0817765,256.5751284,9.797458719,9.485144702,4.413016308,183.9749436,256.0539209,257.1297437,11.262963,7.361068612,8.619393194
1563,24,96,32,1,1,1,1,1,0,0,1,1,1,1,1,181.262292,256.0468072,258.0601919,8.249949738,13.02947052,11.95418682,181.9385621,254.8654913,260.6381634,3.778991093,12.92832767,14.57087325
1564,24,96,32,1,1,1,1,1,0,1,0,1,1,1,1,182.100164,262.5198062,252.5032213,61.97850557,64.29806163,26.67237259,180.405443,256.1670586,260.132555,59.95040775,63.875526,31.42917077
1565,24,96,32,1,1,1,1,1,0,1,1,0,1,1,1,181.56543,257.1939742,256.5046855,10.01496598,9.734195681,4.387690308,183.9718547,256.1321521,257.0685352,11.41718066,7.632285735,8.655433636
1566,24,96,32,1,1,1,1,1,0,1,1,1,0,1,1,184.0114914,258.3134949,254.3113611,56.26842718,27.29959511,52.65023757,189.980775,253.2182371,257.184779,56.49095147,24.85927116,54.63101099
1567,24,96,32,1,1,1,1,1,0,1,1,1,1,0,1,178.0389643,259.3938432,256.7458503,40.77193066,34.99590141,8.015967383,178.754604,259.4283626,257.4897792,40.63904617,34.96732265,7.944815144
1568,24,96,32,1,1,1,1,1,0,1,1,1,1,1,0,292.3754125,350.134236,303.9319837,16.68855462,15.56417588,11.1974061,293.6395597,350.9355865,305.7371223,13.97485366,15.41840122,11.70341478
1569,16,32,24,1,1,1,1,1,1,1,1,1,1,1,1,195.3206771,242.4078977,254.485638,6.959264412,4.321402405,6.163792971,196.3889428,243.0654615,255.5393448,6.483329469,4.794996542,6.03119235
1570,16,32,24,1,1,1,1,1,1,0,1,1,1,1,1,195.0729908,241.7877711,255.2459384,11.5159477,11.91616661,8.183625519,195.8414376,240.6830975,258.2468546,4.401598083,11.19641855,12.85528624
1571,16,32,24,1,1,1,1,1,1,1,0,1,1,1,1,195.0745241,241.7821275,255.2460556,11.520152,11.91911887,8.175568038,195.8394988,240.6793749,258.2523989,4.391340283,11.19307574,12.85155295
1572,16,32,24,1,1,1,1,1,1,1,1,0,1,1,1,195.8863595,242.2821901,254.35915,7.196183416,8.034441404,11.05854586,198.5996386,243.1078397,254.0252928,12.20065381,4.145145555,10.64500367
1573,16,32,24,1,1,1,1,1,1,1,1,1,0,1,1,195.8863613,242.2874824,254.3527407,7.212946218,8.037913404,11.06590097,198.6001884,243.108903,254.0180809,12.20428452,4.140233564,10.65492108
1574,16,32,24,1,1,1,1,1,1,1,1,1,1,0,1,194.9082993,243.317656,254.026098,13.40567017,7.671713338,10.71399831,194.2205357,245.5516656,254.9750401,11.97064505,12.20136166,4.749978264
1575,16,32,24,1,1,1,1,1,1,1,1,1,1,1,0,194.9083575,243.3188712,254.0194852,13.41795494,7.70206368,10.71660742,194.2211862,245.5581034,254.9679947,11.99810309,12.23254151,4.74883251
1576,16,32,24,0,1,1,1,1,1,1,1,1,1,1,1,194.5841093,240.1894141,257.0462302,4.636160881,10.82225212,12.58165122,196.2322529,242.422619,256.1058147,11.37521196,11.32335369,8.090494917
1577,16,32,24,0,1,1,1,1,1,0,1,1,1,1,1,204.5299659,403.84138,300.3220474,17.04818362,22.3455635,24.58745842,208.5839215,405.1493337,302.9596603,17.94291523,19.03095339,24.11011639
1578,16,32,24,0,1,1,1,1,1,1,0,1,1,1,1,194.5484353,237.7125829,259.0365675,10.00582266,32.71224731,26.74737535,195.8249896,238.2454067,260.0672729,9.965136877,32.55311029,26.75596856
1579,16,32,24,0,1,1,1,1,1,1,1,0,1,1,1,190.9078416,240.0406522,261.3888352,32.80543359,72.31301409,75.31069851,200.922085,238.0604773,256.6608949,39.83328658,70.02960783,75.1534667
1580,16,32,24,0,1,1,1,1,1,1,1,1,0,1,1,196.3190317,240.6380031,255.576407,9.21184796,8.390533894,12.60678478,199.2828716,241.4286656,255.1426327,13.98009293,3.956388672,12.38877184
1581,16,32,24,0,1,1,1,1,1,1,1,1,1,0,1,190.3518155,243.5622356,257.0604508,72.61187152,79.1436296,42.64033821,195.9104629,252.0388608,248.8459676,75.5876313,79.49303312,36.49488345
1582,16,32,24,0,1,1,1,1,1,1,1,1,1,1,0,191.8331976,242.2050385,257.3428693,4.108892041,13.49318049,15.05602543,193.5555471,244.7516678,256.2346413,11.94021152,14.22663537,11.11557747
1583,16,32,24,1,0,1,1,1,1,1,1,1,1,1,1,194.5969566,240.1845247,257.0375356,4.651053391,10.76055835,12.51449498,196.2429913,242.4142666,256.1055929,11.3628023,11.30112199,8.014009696
1584,16,32,24,1,0,1,1,1,1,0,1,1,1,1,1,194.538381,237.7322947,259.0254008,10.00517493,32.61473954,26.64344694,195.8165535,238.2568246,260.0590243,9.96473505,32.43770937,26.64982823
1585,16,32,24,1,0,1,1,1,1,1,0,1,1,1,1,202.4813933,403.6393127,299.2376856,16.47061401,22.19850072,23.9277259,208.6986925,405.2412728,303.1440053,19.52385088,19.4357936,25.16533225
1586,16,32,24,1,0,1,1,1,1,1,1,0,1,1,1,196.2207462,240.8346853,255.4681287,9.030940859,8.40500327,12.50105467,199.1376836,241.617904,254.9835197,13.7751034,3.906318789,12.16392347
1587,16,32,24,1,0,1,1,1,1,1,1,1,0,1,1,190.8039093,239.9318806,261.4146386,33.1752814,73.19095678,76.16188106,200.8330118,237.8611021,256.5324788,40.1274101,70.88859575,75.96697692
1588,16,32,24,1,0,1,1,1,1,1,1,1,1,0,1,191.389985,242.9151113,257.486511,3.830810027,14.96231377,16.45796275,193.2017948,245.4959763,256.3026921,12.33532239,15.42654388,13.07546798
1589,16,32,24,1,0,1,1,1,1,1,1,1,1,1,0,190.5798843,243.6084843,257.1546353,71.27014368,77.32983072,41.25024326,195.954759,251.9448254,249.0848007,74.21437217,77.7148726,34.97125288
1590,16,32,24,1,1,0,1,1,1,1,1,1,1,1,1,197.1884748,242.3379803,253.3730679,11.81432092,4.017720338,9.94984507,196.8101032,242.9125439,255.5832984,6.597383696,8.203294262,9.933422641
1591,16,32,24,1,1,0,1,1,1,0,1,1,1,1,1,197.9213946,240.3208991,255.8392666,22.20308069,38.03418372,40.09201445,194.8949827,240.6112736,259.7859985,13.879158,39.24584776,40.09156055
1592,16,32,24,1,1,0,1,1,1,1,0,1,1,1,1,197.6067387,239.1852852,255.0696252,15.50154307,3.75498607,13.9637539,197.2339336,239.8658522,257.8602311,11.99410964,9.298453455,14.52474897
1593,16,32,24,1,1,0,1,1,1,1,1,0,1,1,1,263.8796667,242.1526946,401.0855904,28.39889241,20.06734587,25.22307899,266.8902356,247.1325468,402.9286966,28.29471572,21.75095848,22.03857008
1594,16,32,24,1,1,0,1,1,1,1,1,1,0,1,1,198.6889302,243.0190378,251.8135492,23.44879585,7.537452477,28.4257581,199.9786567,243.724705,252.7211711,23.46262022,7.524706655,28.26063874
1595,16,32,24,1,1,0,1,1,1,1,1,1,1,0,1,202.1420817,238.6724724,254.5141789,69.76240581,31.08812324,67.36681954,197.0995858,246.6555471,251.9665645,69.02111955,36.18959387,63.91279509
1596,16,32,24,1,1,0,1,1,1,1,1,1,1,1,0,195.0873788,243.4907074,253.7678367,13.76210055,8.203130315,10.80712982,194.3627065,245.7737491,254.698217,12.36991446,12.63892951,4.676875059
1597,16,32,24,1,1,1,0,1,1,1,1,1,1,1,1,197.1889127,242.3378112,253.3695785,11.80868585,4.01255116,9.941631271,196.8114646,242.9132981,255.5829331,6.598638224,8.207795367,9.933488234
1598,16,32,24,1,1,1,0,1,1,0,1,1,1,1,1,200.549586,237.0223185,258.0157328,18.49291587,4.625315055,16.79935781,199.6272911,237.4661625,260.0914196,14.85889912,9.022879379,16.41865106
1599,16,32,24,1,1,1,0,1,1,1,0,1,1,1,1,199.1110794,236.9303906,256.4904246,40.10713511,70.75962911,75.89854116,191.6631896,240.1750247,263.4323817,32.74728916,72.60307452,75.52788443
1600,16,32,24,1,1,1,0,1,1,1,1,0,1,1,1,198.7011364,243.0179213,251.8324401,23.3969313,7.537978317,28.36648455,199.9511373,243.7242921,252.710657,23.36617457,7.525299649,28.16808772
1601,16,32,24,1,1,1,0,1,1,1,1,1,0,1,1,263.8132211,240.3770032,401.1660224,29.18612075,20.41840285,26.00351689,265.9035247,244.1472393,402.5451155,27.14732579,21.39146011,21.44566432
1602,16,32,24,1,1,1,0,1,1,1,1,1,1,0,1,195.0915917,243.4887384,253.7653856,13.78148934,8.207384411,10.81842928,194.3552068,245.7625138,254.6936997,12.35466524,12.62863443,4.663172275
1603,16,32,24,1,1,1,0,1,1,1,1,1,1,1,0,201.9946231,238.8536457,254.4604036,68.51925294,30.59444659,66.07115642,197.1633156,246.7547016,252.1101972,67.84095257,35.73752234,62.67044906
1604,16,32,24,1,1,1,1,0,1,1,1,1,1,1,1,193.0463547,245.0988743,253.8274428,12.10636958,12.1438899,4.794097294,195.9265141,244.1646852,254.9504834,13.0668862,7.898685994,10.61957032
1605,16,32,24,1,1,1,1,0,1,0,1,1,1,1,1,193.9361953,251.6441245,248.9359884,72.16819248,75.25789165,33.20264344,191.4753582,244.5423325,258.4595658,68.51382798,74.30212925,39.18722081
1606,16,32,24,1,1,1,1,0,1,1,0,1,1,1,1,193.306053,243.1249001,255.4779365,11.95352197,14.0409667,10.89468303,193.9706436,241.8474173,258.6830944,3.867907974,13.38597719,14.9920824
1607,16,32,24,1,1,1,1,0,1,1,1,0,1,1,1,195.7824505,246.9230031,250.4935277,71.73435152,37.53701225,66.36390736,203.5831445,240.0272225,255.1223438,71.69436178,32.28110545,69.18561423
1608,16,32,24,1,1,1,1,0,1,1,1,1,0,1,1,193.2885037,245.4754406,253.3669186,12.73942555,12.8680292,4.651505721,196.2381225,244.4555239,254.5186771,13.65132235,8.738566577,10.78248784
1609,16,32,24,1,1,1,1,0,1,1,1,1,1,0,1,305.023098,336.8909798,291.6645272,24.89478207,25.99692199,20.97757247,306.2355763,337.5845765,293.0972289,21.39115544,24.80425203,20.08349349
1610,16,32,24,1,1,1,1,0,1,1,1,1,1,1,0,190.402449,247.486667,253.4671638,41.43106677,34.63981842,9.546662759,191.5386829,248.1094736,254.5068379,41.16910498,34.5514886,9.47180582
1611,16,32,24,1,1,1,1,1,0,1,1,1,1,1,1,193.0591967,245.1271465,253.8140343,12.18964024,12.22940632,4.784818673,195.9280117,244.1689642,254.9415945,13.09130508,7.981554887,10.62536737
1612,16,32,24,1,1,1,1,1,0,0,1,1,1,1,1,193.1000596,243.2144693,255.5403695,11.87387625,13.94852881,10.72977139,193.799108,241.9887687,258.7883625,4.009932508,13.3715591,14.96428445
1613,16,32,24,1,1,1,1,1,0,1,0,1,1,1,1,193.823943,251.6116891,248.7059683,73.15395468,76.73971428,34.74498431,191.2362501,244.4912177,258.5795258,69.46482142,75.83313133,40.6584808
1614,16,32,24,1,1,1,1,1,0,1,1,0,1,1,1,193.2915729,245.4884155,253.3684714,12.79138034,12.9238193,4.658147383,196.2344482,244.4594575,254.5187457,13.67239755,8.790497321,10.78015191
1615,16,32,24,1,1,1,1,1,0,1,1,1,0,1,1,195.8398656,246.9922496,250.5893711,71.05087112,37.35161388,65.60339539,203.4828231,240.1196363,255.0921856,70.96607266,32.07368511,68.39611651
1616,16,32,24,1,1,1,1,1,0,1,1,1,1,0,1,190.4039222,247.495111,253.4547567,41.44341607,34.6518338,9.545640854,191.5406248,248.1175875,254.4950925,41.18105259,34.56347792,9.469887537
1617,16,32,24,1,1,1,1,1,0,1,1,1,1,1,0,304.5918536,336.539529,291.854763,23.612552,24.77291325,18.93052131,306.3207197,337.2299843,292.8667656,22.42763333,24.46419278,18.95053948
1618,64,64,64,1,1,1,1,1,1,1,1,1,1,1,1,229.6798852,229.6884134,229.6916977,2.520843615,2.5071899,2.516421936,229.9085579,229.9212987,229.9242407,2.505414665,2.519064017,2.509553691
1619,64,64,64,1,1,1,1,1,1,0,1,1,1,1,1,229.6820515,229.2916487,230.1336857,4.990149077,7.360498641,4.167217533,230.3780505,228.2587826,231.1838006,3.355186236,6.129045063,6.884017954
1620,64,64,64,1,1,1,1,1,1,1,0,1,1,1,1,229.685182,229.2947122,230.124815,4.986005006,7.346498161,4.146384731,230.3799159,228.2649044,231.1763229,3.354646187,6.117735751,6.869690866
1621,64,64,64,1,1,1,1,1,1,1,1,0,1,1,1,230.122621,229.6884689,229.2931773,4.159266057,4.99350343,7.348829625,231.1777891,230.3845255,228.2611237,6.887553965,3.353497744,6.122564161
1622,64,64,64,1,1,1,1,1,1,1,1,1,0,1,1,230.1188674,229.6969608,229.2899208,4.160900547,4.99394057,7.356405773,231.1690315,230.3920665,228.2532019,6.880381204,3.352996339,6.122381371
1623,64,64,64,1,1,1,1,1,1,1,1,1,1,0,1,229.2729257,230.1323266,229.6986559,7.361656213,4.17956527,4.991559403,228.2418573,231.1857735,230.3934184,6.139381044,6.89267097,3.350680691
1624,64,64,64,1,1,1,1,1,1,1,1,1,1,1,0,229.2836088,230.1285787,229.6933632,7.342142347,4.14443914,4.988532933,228.2519099,231.1805644,230.3892377,6.111968741,6.870390612,3.356779735
1625,64,64,64,0,1,1,1,1,1,1,1,1,1,1,1,230.1111413,228.0652043,230.9423265,3.362615303,6.00378143,6.7840308,229.9066648,229.5306194,230.3619107,4.994905453,7.194208317,4.060928433
1626,64,64,64,0,1,1,1,1,1,0,1,1,1,1,1,244.5616804,369.0946259,299.4259557,10.60862798,19.4645623,20.84374083,249.544281,370.506816,302.1163947,12.83250924,17.85577235,20.95079862
1627,64,64,64,0,1,1,1,1,1,1,0,1,1,1,1,231.9641116,224.8525104,232.4109274,5.087103187,27.96243454,24.08370812,232.2173343,225.0619832,232.6501915,5.082243472,27.92777629,24.0680009
1628,64,64,64,0,1,1,1,1,1,1,1,0,1,1,1,228.8207514,228.2049981,232.6919818,12.48877907,34.23720651,35.01884215,231.8965211,228.4587283,229.9612489,15.47486371,33.4715272,34.6399514
1629,64,64,64,0,1,1,1,1,1,1,1,1,0,1,1,230.4334942,229.2803013,229.4188317,8.257870034,5.303834537,10.00264082,231.6801893,229.9018851,228.348953,10.05775777,3.302019319,9.231473579
1630,64,64,64,0,1,1,1,1,1,1,1,1,1,0,1,228.6044048,229.4205403,231.1873171,24.29799,24.30502538,10.68863988,227.8731226,231.528749,229.9396546,24.51987382,24.79294372,7.546366326
1631,64,64,64,0,1,1,1,1,1,1,1,1,1,1,0,229.5902489,228.1088015,231.4711396,3.349225072,9.091982927,9.911230791,229.4601066,229.6250597,230.740071,5.31788056,9.854726762,8.136064494
1632,64,64,64,1,0,1,1,1,1,1,1,1,1,1,1,230.1058122,228.0726032,230.940153,3.352721323,5.998691073,6.787430374,229.9058231,229.5378098,230.3533625,5.004010681,7.180424065,4.057884991
1633,64,64,64,1,0,1,1,1,1,0,1,1,1,1,1,231.9686977,224.8527506,232.4131647,5.087205892,27.92392857,24.04572871,232.2215837,225.0590525,232.6494433,5.081995342,27.88667635,24.02816385
1634,64,64,64,1,0,1,1,1,1,1,0,1,1,1,1,244.9417579,368.8096462,300.2412792,12.09096658,16.40680583,18.15666721,248.6024537,369.8038706,302.2223452,13.39815918,14.82003933,18.24565106
1635,64,64,64,1,0,1,1,1,1,1,1,0,1,1,1,230.4536471,229.3984057,229.2580289,6.282949976,5.193229953,8.640730537,231.6666917,230.0802574,228.1940136,8.550534631,3.389382633,7.700302757
1636,64,64,64,1,0,1,1,1,1,1,1,1,0,1,1,227.391843,228.4137373,234.3824214,19.2906191,48.34006686,49.59934667,232.0756768,227.4761607,230.1411714,22.09134506,47.33553745,49.26012711
1637,64,64,64,1,0,1,1,1,1,1,1,1,1,0,1,229.5581487,228.1041415,231.5203373,3.411121019,9.629556328,10.41435601,229.4441367,229.6012642,230.79033,5.364662074,10.35732292,8.762694423
1638,64,64,64,1,0,1,1,1,1,1,1,1,1,1,0,227.8723746,229.7770978,231.6706949,38.82733707,39.89007947,17.0796771,228.55367,233.5698709,228.5259696,39.6000983,40.22672551,14.07388598
1639,64,64,64,1,1,0,1,1,1,1,1,1,1,1,1,230.923553,230.1248555,228.0675747,6.769121623,3.356009463,5.980386993,230.3423807,229.9217363,229.5363608,4.035065738,5.000353985,7.175713339
1640,64,64,64,1,1,0,1,1,1,0,1,1,1,1,1,231.4705708,228.5532356,229.6099466,12.62272625,27.59589338,28.24629197,229.6483734,228.2344707,232.2413033,9.534259523,28.13109443,28.64260119
1641,64,64,64,1,1,0,1,1,1,1,0,1,1,1,1,231.3977287,229.7028114,228.021155,9.179793888,3.372254664,8.425743049,230.7309373,229.5525446,229.5582683,7.293995756,5.270593038,9.306545352
1642,64,64,64,1,1,0,1,1,1,1,1,0,1,1,1,299.7019181,244.1988786,368.3424528,19.75563873,10.33675615,18.47117699,302.1985538,248.6514616,369.6385429,19.85050856,12.30156999,16.8921965
1643,64,64,64,1,1,0,1,1,1,1,1,1,0,1,1,232.3933606,231.9750177,224.8635435,23.96822459,5.086914822,27.84740881,232.6268239,232.2261998,225.0664303,23.94835856,5.080411441,27.8069626
1644,64,64,64,1,1,0,1,1,1,1,1,1,1,0,1,234.2544129,227.494204,228.3918131,48.64406253,18.64699937,47.48037543,230.083078,232.0240511,227.5282911,48.29430417,21.46669674,46.48973752
1645,64,64,64,1,1,0,1,1,1,1,1,1,1,1,0,229.28848,230.4867853,229.3633452,9.372093037,7.305027929,5.259191773,228.1994238,231.6363694,230.0029013,8.45800847,9.217004778,3.374877095
1646,64,64,64,1,1,1,0,1,1,1,1,1,1,1,1,230.9268609,230.1198236,228.0709592,6.765103896,3.361353703,5.989008141,230.3480451,229.9184574,229.534836,4.039421081,4.994839384,7.178262978
1647,64,64,64,1,1,1,0,1,1,0,1,1,1,1,1,231.4847723,229.5302321,228.2459052,10.60500959,3.277534317,9.736457325,230.6529047,229.4064313,229.7762812,8.867907323,5.385428748,10.41462603
1648,64,64,64,1,1,1,0,1,1,1,0,1,1,1,1,231.8654108,227.1877968,229.9494553,22.28733867,47.71032846,49.65422423,227.6304824,228.6141893,234.6799476,19.4513689,48.61074335,49.88532636
1649,64,64,64,1,1,1,0,1,1,1,1,0,1,1,1,232.3863776,231.9738431,224.8676981,23.91814713,5.084848313,27.796516,232.6304646,232.2264086,225.0752113,23.90421397,5.083070998,27.75915188
1650,64,64,64,1,1,1,0,1,1,1,1,1,0,1,1,301.8483062,249.0953721,370.0636107,18.69893627,11.05715812,16.31917294,300.0044785,245.3758102,369.4588524,18.59946373,8.850569984,17.76971409
1651,64,64,64,1,1,1,0,1,1,1,1,1,1,0,1,229.3563048,230.5193179,229.313904,10.03183291,8.272005991,5.310509078,228.2885559,231.7140622,229.9308926,9.230772484,10.01496897,3.352326092
1652,64,64,64,1,1,1,0,1,1,1,1,1,1,1,0,232.8509812,228.6015432,227.9749283,37.23590115,13.46834951,36.41757495,229.9696558,231.9449689,228.2209283,36.89457345,16.42271882,35.66188635
1653,64,64,64,1,1,1,1,0,1,1,1,1,1,1,1,228.0572131,230.9379527,230.1244062,6.014619374,6.786375391,3.361960748,229.5202024,230.3581362,229.9210454,7.198680686,4.068492467,4.994810104
1654,64,64,64,1,1,1,1,0,1,0,1,1,1,1,1,227.6082321,230.4096651,230.2702118,16.54116946,16.62490066,4.360860559,229.2627947,229.5087378,231.0410367,16.80260525,15.79976551,7.487489188
1655,64,64,64,1,1,1,1,0,1,1,0,1,1,1,1,229.3349666,229.2803476,230.5061062,5.276627795,9.569755382,7.563649146,229.9710599,228.2143988,231.6876689,3.398978562,8.68545457,9.439736939
1656,64,64,64,1,1,1,1,0,1,1,1,0,1,1,1,229.8898169,231.7857995,227.2533725,48.59672218,21.58995627,46.80621065,234.5454709,227.7252675,228.6045927,48.84215766,18.73740513,47.69342884
1657,64,64,64,1,1,1,1,0,1,1,1,1,0,1,1,228.2057083,231.5583911,229.523442,10.06669621,10.92229999,3.323536564,229.7322973,230.7722674,229.4140699,10.74555361,9.302253099,5.411516045
1658,64,64,64,1,1,1,1,0,1,1,1,1,1,0,1,368.5891306,299.8087846,244.8424594,17.7938898,19.05962751,11.01432865,369.7343075,302.0688407,248.920924,16.10864702,19.04019705,12.70031037
1659,64,64,64,1,1,1,1,0,1,1,1,1,1,1,0,224.8629099,232.4004228,231.9716607,27.79351515,23.91291962,5.083360588,225.0683756,232.6402894,232.2262721,27.75516553,23.8981233,5.080716974
1660,64,64,64,1,1,1,1,1,0,1,1,1,1,1,1,228.0558531,230.946314,230.1235013,6.008257657,6.800411706,3.359946434,229.5191021,230.3578874,229.9205584,7.186625206,4.072170519,5.002768635
1661,64,64,64,1,1,1,1,1,0,0,1,1,1,1,1,229.3228725,229.3201953,230.4775646,5.269195538,9.58897948,7.661778017,229.9533939,228.2451843,231.6636884,3.342633748,8.742285135,9.527373622
1662,64,64,64,1,1,1,1,1,0,1,0,1,1,1,1,228.3556937,233.3597995,228.2231499,39.98785091,40.66267673,14.39663813,228.0995468,229.984582,231.9179978,39.11477641,40.2474974,17.35848664
1663,64,64,64,1,1,1,1,1,0,1,1,0,1,1,1,228.0449106,231.4398872,229.658376,8.760174024,9.537213982,3.384649605,229.5703903,230.7520543,229.5164984,9.590140644,7.720429786,5.297513739
1664,64,64,64,1,1,1,1,1,0,1,1,1,0,1,1,229.7752541,231.7030183,227.9632582,37.10756739,16.46502391,35.90772419,233.1351044,228.8366035,228.1837584,37.37186686,13.48389672,36.58039515
1665,64,64,64,1,1,1,1,1,0,1,1,1,1,0,1,224.8629993,232.3972248,231.963317,27.78656676,23.90739664,5.089212203,225.0773455,232.6371895,232.2129801,27.75092505,23.89107791,5.080717661
1666,64,64,64,1,1,1,1,1,0,1,1,1,1,1,0,368.8688034,299.4929375,244.4454958,19.53690222,21.00198102,10.86007468,370.2070933,302.1676886,249.3294379,17.88647966,21.13411759,12.97298087
1667,32,96,48,1,1,1,1,1,1,1,1,1,1,1,1,198.5516121,238.3549114,255.9791993,3.849453485,1.796629034,3.556604621,199.0106503,238.4856426,256.4237594,3.610862861,2.18654945,3.38170156
1668,32,96,48,1,1,1,1,1,1,0,1,1,1,1,1,198.5518466,237.8097491,256.4801845,6.684004533,7.744355055,4.877071118,199.2252036,236.5377887,258.0735912,3.350233573,6.895705583,8.240267906
1669,32,96,48,1,1,1,1,1,1,1,0,1,1,1,1,198.5491681,237.810575,256.4823736,6.680178206,7.71588877,4.835850929,199.2220258,236.543857,258.0750179,3.354701414,6.865248013,8.209919066
1670,32,96,48,1,1,1,1,1,1,1,1,0,1,1,1,198.9331574,238.4324524,255.7318473,4.274834667,4.311315648,7.812699563,200.3193139,239.1308659,254.9438195,7.828170625,3.351879939,6.463434157
1671,32,96,48,1,1,1,1,1,1,1,1,1,0,1,1,198.9329365,238.4376713,255.7285119,4.281127712,4.311423659,7.820353487,200.313962,239.1379071,254.9394307,7.821241644,3.356104246,6.461202355
1672,32,96,48,1,1,1,1,1,1,1,1,1,1,0,1,198.0862271,238.9524368,255.8233661,9.191666074,5.389235955,6.585626629,197.0786648,239.9098492,256.6561878,7.556395655,7.633075849,3.920009162
1673,32,96,48,1,1,1,1,1,1,1,1,1,1,1,0,198.0873877,238.9475827,255.8259367,9.157002105,5.342168733,6.57935871,197.0846198,239.9041519,256.6605239,7.520930488,7.598673917,3.9251285
1674,32,96,48,0,1,1,1,1,1,1,1,1,1,1,1,198.6469748,236.4960717,257.5623423,3.449175401,6.654359292,8.139182134,199.0642758,237.9349734,256.8096952,6.68654143,7.514559592,4.73441239
1675,32,96,48,0,1,1,1,1,1,0,1,1,1,1,1,200.6633301,415.3988762,302.4865704,17.16923302,18.7801348,23.82984401,195.8237944,414.7262716,299.5898248,14.97729936,20.05374482,22.7541614
1676,32,96,48,0,1,1,1,1,1,1,0,1,1,1,1,199.8805114,233.5148574,259.2369397,6.166022926,26.27014888,22.04508616,200.462639,233.5621791,259.6641594,6.164794955,26.2400534,22.04136804
1677,32,96,48,0,1,1,1,1,1,1,1,0,1,1,1,197.1220461,236.6326943,259.3253852,14.54654553,39.62422667,40.63583282,201.4854199,236.7150328,256.6080033,18.91209264,39.0072583,40.38715353
1678,32,96,48,0,1,1,1,1,1,1,1,1,0,1,1,199.1599628,238.0192905,255.9358218,5.969624317,4.511892264,8.848318239,200.7029992,238.7395101,255.0643339,9.137429284,3.374729761,7.708384813
1679,32,96,48,0,1,1,1,1,1,1,1,1,1,0,1,196.7832879,238.4478551,257.2052051,39.00297402,39.6775264,16.43225122,197.9285422,242.6366711,254.58895,40.11473396,40.20109387,12.33122041
1680,32,96,48,0,1,1,1,1,1,1,1,1,1,1,0,197.8105306,236.6975733,258.0593724,3.203600893,9.497778816,10.82049425,198.3019053,238.2265241,257.0537213,7.03164942,10.03113529,8.209589002
1681,32,96,48,1,0,1,1,1,1,1,1,1,1,1,1,198.6479236,236.5026325,257.5536446,3.445757778,6.618434069,8.113428579,199.0670199,237.9399262,256.7986107,6.687763739,7.480919967,4.692107104
1682,32,96,48,1,0,1,1,1,1,0,1,1,1,1,1,199.8758365,233.4946925,259.2635385,6.166427937,26.43284022,22.2089027,200.45779,233.5440678,259.6926181,6.165452856,26.40359925,22.20529934
1683,32,96,48,1,0,1,1,1,1,1,0,1,1,1,1,200.4483261,415.4874172,302.5042638,15.9502179,19.22587761,23.60919062,195.2224022,414.7851431,299.3370717,13.33234641,20.6090683,22.51809991
1684,32,96,48,1,0,1,1,1,1,1,1,0,1,1,1,199.163616,238.0792801,255.8910728,5.500938508,4.492987157,8.622802169,200.6503581,238.8034096,254.9897343,8.792754463,3.386562211,7.346639342
1685,32,96,48,1,0,1,1,1,1,1,1,1,0,1,1,195.7439923,236.6169181,260.6682634,22.09600613,54.43256925,56.01935308,201.8735804,235.5611632,256.5641247,26.13846791,53.64218155,55.81828499
1686,32,96,48,1,0,1,1,1,1,1,1,1,1,0,1,197.12338,237.5049753,257.7914614,3.024078255,15.02497962,15.99918171,197.8178779,239.2611214,256.6721646,7.838179681,15.43718279,14.26892516
1687,32,96,48,1,0,1,1,1,1,1,1,1,1,1,0,195.4647662,238.9370396,257.9169622,52.75072836,55.43594997,25.96320416,197.9918074,244.4363682,252.7555996,54.14240761,55.7548708,22.19392151
1688,32,96,48,1,1,0,1,1,1,1,1,1,1,1,1,199.6324879,238.9842598,254.7274701,7.565644647,3.278740119,6.080360187,199.3004524,238.5488692,256.293787,3.858051319,4.399297445,7.310341128
1689,32,96,48,1,1,0,1,1,1,0,1,1,1,1,1,198.7548792,237.8080804,256.3558939,6.92602046,8.337443513,5.862565354,199.3008311,236.4967948,258.0663872,3.05776415,7.640746842,8.900995142
1690,32,96,48,1,1,0,1,1,1,1,0,1,1,1,1,200.2574366,238.3121742,254.9441265,10.12178892,3.410765887,8.685034863,199.7446043,237.880333,256.5878013,7.342958652,4.733619847,9.520602114
1691,32,96,48,1,1,0,1,1,1,1,1,0,1,1,1,275.1190992,245.7504397,391.2167325,26.87263832,19.46022317,22.98031299,276.4762572,247.5184843,392.1092213,26.59401291,19.66564635,22.04513247
1692,32,96,48,1,1,0,1,1,1,1,1,1,0,1,1,200.7780724,241.3143707,252.0820748,22.56447859,4.686828489,26.29136425,201.3589516,241.4324982,252.4501002,22.53940067,4.693248834,26.22681982
1693,32,96,48,1,1,0,1,1,1,1,1,1,1,0,1,203.2084314,236.3427113,255.3444027,49.94676715,20.27354357,48.72101763,199.244014,240.6998423,254.259445,49.46948844,22.57958182,47.17880658
1694,32,96,48,1,1,0,1,1,1,1,1,1,1,1,0,198.0108426,239.1673253,255.7022817,9.988012695,6.729054562,6.694306092,196.9909579,240.1687836,256.4976736,8.53990394,8.658057295,3.894828822
1695,32,96,48,1,1,1,0,1,1,1,1,1,1,1,1,199.6407091,238.9872168,254.7224566,7.58626751,3.270944492,6.102375845,199.3017504,238.5562897,256.2894992,3.884880859,4.406336358,7.318030246
1696,32,96,48,1,1,1,0,1,1,0,1,1,1,1,1,200.263927,238.3759032,254.9550772,9.935392437,3.448996211,8.453826149,199.6382746,237.8881586,256.6392754,6.87650966,4.794163136,9.277724455
1697,32,96,48,1,1,1,0,1,1,1,0,1,1,1,1,201.1017724,235.3010123,256.6141044,24.83004742,51.59841881,53.60331716,196.4322794,236.3269444,261.4583433,20.62737769,52.29871572,53.67719022
1698,32,96,48,1,1,1,0,1,1,1,1,0,1,1,1,200.7659375,241.3073943,252.0906457,22.42360716,4.686274119,26.1479354,201.3502969,241.4214494,252.4655075,22.39539071,4.687153393,26.08901063
1699,32,96,48,1,1,1,0,1,1,1,1,1,0,1,1,274.4685874,243.3245065,390.8631428,25.31612922,14.25308736,22.60915589,277.5669537,249.6534442,392.855852,24.88301215,16.18263867,20.57104991
1700,32,96,48,1,1,1,0,1,1,1,1,1,1,0,1,198.0020636,239.1575884,255.7018202,9.906601553,6.582158913,6.689481711,196.9742515,240.1559043,256.5045969,8.430462037,8.550247534,3.896901539
1701,32,96,48,1,1,1,0,1,1,1,1,1,1,1,0,202.4125446,236.9864789,255.0262584,43.9762696,17.6402012,42.84883531,199.1848915,240.7793237,254.619774,43.54868462,19.99163655,41.46545115
1702,32,96,48,1,1,1,1,0,1,1,1,1,1,1,1,196.4396407,239.994343,256.1651121,7.811114867,7.750770202,3.961161344,198.4578159,239.2483274,256.1808652,9.291357625,5.658637495,6.518865209
1703,32,96,48,1,1,1,1,0,1,0,1,1,1,1,1,197.0415218,242.9527231,254.2607028,41.61712115,41.80829637,13.31667894,196.8967287,238.751577,257.971535,40.29057871,41.25600005,17.29861336
1704,32,96,48,1,1,1,1,0,1,1,0,1,1,1,1,197.4056562,238.6495055,256.6754158,7.447535472,14.25259676,13.12348697,197.8967935,237.2140483,258.5716793,3.043899764,13.79745821,14.90922458
1705,32,96,48,1,1,1,1,0,1,1,1,0,1,1,1,198.4999538,241.1225256,253.6670622,51.53895558,23.52632427,49.11743279,203.7563965,236.7797756,255.6656009,51.75522456,21.22511993,50.4664404
1706,32,96,48,1,1,1,1,0,1,1,1,1,0,1,1,196.3602708,240.1991057,256.039676,8.386768896,8.385263791,3.929146218,198.4126356,239.417632,256.0735919,9.782046461,6.44203353,6.609101358
1707,32,96,48,1,1,1,1,0,1,1,1,1,1,0,1,309.2126259,332.8420557,297.3150768,15.7071847,15.58470631,8.734190876,310.6966333,333.743529,299.9046545,14.15893268,15.33703888,10.55111991
1708,32,96,48,1,1,1,1,0,1,1,1,1,1,1,0,192.9755834,241.8127431,257.1138047,35.0704502,30.31163864,6.480102687,193.5250381,241.8776186,257.5500282,34.99162362,30.29023516,6.445629463
1709,32,96,48,1,1,1,1,1,0,1,1,1,1,1,1,196.4373372,239.9968951,256.1696027,7.837651951,7.783267918,3.960119348,198.4534346,239.2431794,256.1851648,9.302452781,5.692741248,6.523484453
1710,32,96,48,1,1,1,1,1,0,0,1,1,1,1,1,197.6736602,238.2887755,256.6172205,7.176278923,11.74273253,10.16207128,198.2515506,236.9172001,258.5762257,3.090189535,11.31217174,12.45852271
1711,32,96,48,1,1,1,1,1,0,1,0,1,1,1,1,196.9508743,244.3209329,252.9816912,52.22669177,53.65043886,20.99101488,195.8332571,239.1204947,258.6915888,50.65205582,53.23772372,24.70303657
1712,32,96,48,1,1,1,1,1,0,1,1,0,1,1,1,196.3856716,240.225761,256.0154532,8.570757613,8.558976608,3.925997574,198.4158049,239.4365397,256.0599359,9.903461394,6.677860227,6.606356018
1713,32,96,48,1,1,1,1,1,0,1,1,1,0,1,1,198.4899088,241.1802155,254.0190757,46.19864964,21.20089206,43.94148487,203.0243454,237.3301225,255.3949994,46.37922557,18.86269308,45.16575697
1714,32,96,48,1,1,1,1,1,0,1,1,1,1,0,1,192.9655234,241.8158867,257.1167162,35.12642706,30.3631969,6.470518352,193.5041211,241.8640389,257.5530518,35.03971935,30.33840254,6.436449194
1715,32,96,48,1,1,1,1,1,0,1,1,1,1,1,0,309.5773644,332.6288843,297.6513552,16.38342394,16.05445269,9.623063736,310.8538196,333.4851165,299.4948274,14.34708772,15.79348842,10.66793944
1716,48,32,16,1,1,1,1,1,1,1,1,1,1,1,1,243.3981146,273.2783715,181.5604553,3.081989278,5.167670691,6.534457977,243.7512827,274.121428,182.5338492,3.557642354,5.090744559,5.96096728
1717,48,32,16,1,1,1,1,1,1,0,1,1,1,1,1,243.4514247,273.1773629,181.9920735,6.131050425,9.628096804,6.373725887,244.2242711,272.7144243,184.4074843,3.759304547,8.993015095,10.94317294
1718,48,32,16,1,1,1,1,1,1,1,0,1,1,1,1,243.4566102,273.1718928,181.9905975,6.127259179,9.635024478,6.380629096,244.226956,272.7136589,184.4063653,3.754621713,8.99944547,10.93909703
1719,48,32,16,1,1,1,1,1,1,1,1,0,1,1,1,244.1911427,272.8320873,181.1635066,7.176288171,9.277099823,12.54468285,245.7320821,273.8006156,180.4311956,10.64501614,4.619636659,10.82633998
1720,48,32,16,1,1,1,1,1,1,1,1,1,0,1,1,244.1949116,272.8303646,181.1624909,7.206522624,9.286038128,12.5640669,245.739892,273.7998704,180.4303706,10.66959451,4.612899547,10.84698968
1721,48,32,16,1,1,1,1,1,1,1,1,1,1,0,1,242.6119792,274.0019907,181.4160803,10.88604049,7.378932697,10.75917518,241.1851546,276.6241982,182.1371421,9.92518242,11.62299384,4.06476985
1722,48,32,16,1,1,1,1,1,1,1,1,1,1,1,0,242.6149721,274.0010233,181.4106648,10.92565131,7.43841071,10.76286023,241.1888942,276.6368767,182.1331567,9.981513991,11.67821566,4.060114716
1723,48,32,16,0,1,1,1,1,1,1,1,1,1,1,1,243.7252665,272.3348008,183.0217535,3.669884896,8.239011108,10.51339985,243.780517,274.2280209,182.7933767,6.315342411,8.552176498,5.702331611
1724,48,32,16,0,1,1,1,1,1,0,1,1,1,1,1,227.0462865,427.0247862,245.762915,18.57612772,27.2395217,31.27015158,235.9493729,429.7596476,250.4474404,21.76224496,23.99362085,30.90437363
1725,48,32,16,0,1,1,1,1,1,1,0,1,1,1,1,245.1777017,270.7234694,184.2635178,6.099463977,25.24308998,21.06850161,245.5923054,271.3910592,185.4493066,6.097696864,25.11096405,21.06076267
1726,48,32,16,0,1,1,1,1,1,1,1,0,1,1,1,241.0402389,273.4916376,186.9149035,25.67336884,57.16623377,58.91223683,247.0715224,271.7477587,183.1493285,29.56404864,54.48272558,58.46288583
1727,48,32,16,0,1,1,1,1,1,1,1,1,0,1,1,244.2338299,272.7902917,181.1832329,7.269645954,9.293927073,12.60288041,245.7827028,273.7578597,180.4499591,10.7174253,4.608124684,10.89134155
1728,48,32,16,0,1,1,1,1,1,1,1,1,1,0,1,242.6254083,273.9945719,181.4127495,10.88019914,7.372199489,10.7628933,241.1972972,276.6183055,182.1335312,9.918500712,11.62174042,4.057954522
1729,48,32,16,0,1,1,1,1,1,1,1,1,1,1,0,239.5432375,275.2835956,185.0460829,4.011041614,15.00201314,16.82950895,239.566811,277.2883136,184.3444808,7.182194282,15.12412905,13.62274201
1730,48,32,16,1,0,1,1,1,1,1,1,1,1,1,1,243.7186216,272.3406943,183.0249011,3.671423781,8.244606709,10.52414871,243.7729531,274.2363473,182.7953084,6.314482699,8.561732016,5.699666105
1731,48,32,16,1,0,1,1,1,1,0,1,1,1,1,1,245.1935826,270.71224,184.2582453,6.098894144,25.20237643,21.02833421,245.6081626,271.3825969,185.4489269,6.097851495,25.07366793,21.02608908
1732,48,32,16,1,0,1,1,1,1,1,0,1,1,1,1,232.5058719,428.1817813,247.0968977,21.82561617,25.44826328,30.20682116,237.5758345,429.9879985,250.0885456,23.2070336,22.68214156,29.65249744
1733,48,32,16,1,0,1,1,1,1,1,1,0,1,1,1,244.2380833,272.7887626,181.1834036,7.297854935,9.294248563,12.62688183,245.7856749,273.7568908,180.4451214,10.73945628,4.608078277,10.91418512
1734,48,32,16,1,0,1,1,1,1,1,1,1,0,1,1,240.6824815,273.5366274,187.3252185,27.29975512,60.7511795,62.55022652,246.9948737,271.4132019,183.0934809,31.13560605,57.98951847,62.03554934
1735,48,32,16,1,0,1,1,1,1,1,1,1,1,0,1,239.7893983,275.6737538,183.7554231,4.354776162,17.78339785,19.04609831,240.0222669,278.1196759,183.3050716,8.253866361,18.25703496,16.60933021
1736,48,32,16,1,0,1,1,1,1,1,1,1,1,1,0,238.7721506,275.1577589,184.9019652,63.26071356,66.61271637,33.50987262,240.5069435,281.0122531,178.5103102,64.4386167,66.41465875,26.58029813
1737,48,32,16,1,1,0,1,1,1,1,1,1,1,1,1,245.6056572,272.8479853,179.2843453,10.78434295,4.615308262,11.18332855,244.7699931,273.471729,182.0798987,7.549218937,9.191732902,12.4726911
1738,48,32,16,1,1,0,1,1,1,0,1,1,1,1,1,247.1663964,270.706137,181.5928722,27.81482216,55.4105704,58.65704053,242.4034464,273.9488099,188.2141588,23.88259842,57.68297533,58.7845363
1739,48,32,16,1,1,0,1,1,1,1,0,1,1,1,1,245.7405008,272.7305978,179.3304864,11.01003524,4.589026536,11.37508951,244.8809167,273.3596495,182.1433916,7.806406752,9.236181712,12.64047859
1740,48,32,16,1,1,0,1,1,1,1,1,0,1,1,1,352.9598275,321.288744,277.7655401,18.10422299,12.75484099,19.18550436,353.5962449,323.5290128,279.5071064,17.84807556,13.33788894,17.22747443
1741,48,32,16,1,1,0,1,1,1,1,1,1,0,1,1,247.6416368,272.6569364,176.2873054,36.96732848,8.501911633,43.24938912,247.9524001,273.4487005,177.4189418,36.88656699,8.424396652,43.03683763
1742,48,32,16,1,1,0,1,1,1,1,1,1,1,0,1,252.3597636,267.741399,180.2053582,72.21345681,32.40392285,68.92479003,244.9614663,276.53994,177.6629475,71.39561644,37.31498342,65.6154305
1743,48,32,16,1,1,0,1,1,1,1,1,1,1,1,0,243.2411569,274.0751706,180.3428749,12.72072588,9.777306944,11.09948661,241.7067612,276.9472678,180.9656439,11.97704665,13.5994733,3.661814771
1744,48,32,16,1,1,1,0,1,1,1,1,1,1,1,1,245.6043286,272.8453569,179.2820983,10.75734558,4.610914049,11.16067925,244.7747996,273.4692436,182.0811658,7.526529325,9.191291099,12.46330562
1745,48,32,16,1,1,1,0,1,1,0,1,1,1,1,1,245.7360355,272.7309597,179.3273409,11.02367918,4.583926869,11.38853518,244.8837586,273.3596025,182.1471596,7.842707577,9.241409313,12.67203591
1746,48,32,16,1,1,1,0,1,1,1,0,1,1,1,1,247.7263975,270.0852589,181.6840886,32.2077546,60.0904854,64.36044415,241.9741114,273.7511764,188.5514531,28.30135176,62.39480935,64.25337494
1747,48,32,16,1,1,1,0,1,1,1,1,0,1,1,1,247.6354707,272.6599317,176.2923595,36.87629543,8.502375274,43.15524527,247.9572076,273.4469555,177.4215589,36.80304354,8.43236927,42.94952809
1748,48,32,16,1,1,1,0,1,1,1,1,1,0,1,1,352.6955548,321.2552086,277.2936913,16.05798795,11.73260598,17.99217885,353.1490042,322.881609,278.8243753,15.21108671,11.89025909,15.2307649
1749,48,32,16,1,1,1,0,1,1,1,1,1,1,0,1,243.4593792,274.1599713,180.3556585,13.86350612,11.23386968,11.2022883,241.9336423,277.0812507,180.963198,13.17111298,14.63307119,3.58888149
1750,48,32,16,1,1,1,0,1,1,1,1,1,1,1,0,251.3571628,268.6881194,180.0240111,65.62266167,28.81102578,62.70551974,244.9712611,276.7496774,178.3904895,64.88686325,33.93786281,59.65690238
1751,48,32,16,1,1,1,1,0,1,1,1,1,1,1,1,240.8254389,275.6401302,181.0444505,9.701455199,11.42212211,4.342647065,242.8457226,274.6225183,182.5569047,10.55229298,7.363006846,10.60484913
1752,48,32,16,1,1,1,1,0,1,0,1,1,1,1,1,240.8329847,275.6322157,181.0491789,9.688524445,11.40658731,4.350492802,242.8540819,274.6173297,182.5589116,10.54443846,7.342414247,10.60011629
1753,48,32,16,1,1,1,1,0,1,1,0,1,1,1,1,237.1100128,278.9545162,184.6840446,7.650886016,18.70771597,16.74860407,237.9692056,278.2114323,187.1765753,5.128346482,18.26726839,19.18958679
1754,48,32,16,1,1,1,1,0,1,1,1,0,1,1,1,243.971623,275.1392039,177.0866417,75.12629311,39.48788446,69.19880365,252.1831776,267.3973195,182.6339514,75.5844905,34.41791521,71.9443539
1755,48,32,16,1,1,1,1,0,1,1,1,1,0,1,1,241.9492537,276.1444529,179.2227765,12.52433533,14.04938332,3.885728246,244.0564175,274.8135044,180.8338993,13.06886022,10.59351707,11.02717654
1756,48,32,16,1,1,1,1,0,1,1,1,1,1,0,1,417.1277885,313.8812804,193.0658251,18.2651946,22.51351625,16.39288864,417.6914815,313.3614939,191.7518139,20.95257428,23.06176583,15.86750842
1757,48,32,16,1,1,1,1,0,1,1,1,1,1,1,0,237.8543019,277.7017216,181.2955624,32.11543734,26.43083932,9.315785997,238.123268,278.4811816,182.4876279,32.01007293,26.43643172,9.289411376
1758,48,32,16,1,1,1,1,1,0,1,1,1,1,1,1,240.8327868,275.649456,181.0369838,9.736530155,11.45842986,4.348565753,242.8495297,274.6215736,182.5493148,10.56949921,7.393403877,10.60133805
1759,48,32,16,1,1,1,1,1,0,0,1,1,1,1,1,242.1091563,274.1133919,182.2984675,6.449530673,11.14332711,8.326142277,242.8721573,273.536261,184.9390965,3.678133011,10.70602981,12.62302185
1760,48,32,16,1,1,1,1,1,0,1,0,1,1,1,1,240.417408,279.2333671,177.7108896,66.74049969,68.91492801,28.1265215,239.1333696,274.8317579,186.7974269,65.28561367,68.79313512,34.67958943
1761,48,32,16,1,1,1,1,1,0,1,1,0,1,1,1,241.7412885,275.9605647,179.2857541,13.00960047,14.47916554,3.883809887,243.8809781,274.751174,180.8716983,13.67481881,11.28247383,10.99824564
1762,48,32,16,1,1,1,1,1,0,1,1,1,0,1,1,244.1083897,275.3847532,177.3939167,72.27845764,38.16357501,66.4570492,251.8394996,267.9091817,182.4585805,72.69555975,32.99451914,69.10458291
1763,48,32,16,1,1,1,1,1,0,1,1,1,1,0,1,237.8442054,277.6932818,181.2881123,32.14162689,26.45561033,9.315888963,238.1187957,278.4884906,182.4785537,32.04468699,26.4721993,9.289715305
1764,48,32,16,1,1,1,1,1,0,1,1,1,1,1,0,416.9798776,313.826232,192.4495837,17.63753369,21.83227315,15.65885476,417.2503854,312.5414896,191.0832769,19.83815033,21.12120366,14.29171415
1765,48,32,48,1,1,1,1,1,1,1,1,1,1,1,1,247.3641825,217.289207,225.3334896,3.309542044,4.189699574,2.993809331,247.7983511,217.8425794,225.6694355,3.391101849,3.961368385,3.121528477
1766,48,32,48,1,1,1,1,1,1,0,1,1,1,1,1,247.2441605,216.9133877,225.8842341,6.330481998,9.215815284,5.089600622,248.0547776,216.042578,227.2073072,3.81811279,7.699572608,8.333341523
1767,48,32,48,1,1,1,1,1,1,1,0,1,1,1,1,247.2473922,216.905851,225.8898483,6.329740002,9.210435566,5.082405679,248.0571,216.0369225,227.2105478,3.817840425,7.695155122,8.325301789
1768,48,32,48,1,1,1,1,1,1,1,1,0,1,1,1,247.9677932,217.1984833,224.8088104,5.354369796,7.345947442,8.878310722,249.6134111,217.9493174,223.6522506,8.793103982,3.662916222,7.696950225
1769,48,32,48,1,1,1,1,1,1,1,1,1,0,1,1,247.9672718,217.2013847,224.8042396,5.370549254,7.342307346,8.891342749,249.607907,217.9496551,223.6514795,8.78864901,3.659543574,7.714692312
1770,48,32,48,1,1,1,1,1,1,1,1,1,1,0,1,247.0346063,217.7635301,225.3217133,8.215775521,4.849478981,5.727415411,246.1452069,219.4436109,226.0420577,7.141326437,8.623572827,3.474111455
1771,48,32,48,1,1,1,1,1,1,1,1,1,1,1,0,247.0273917,217.7663942,225.3265667,8.218280817,4.861253401,5.724296331,246.1429804,219.4465904,226.0453954,7.156802562,8.628980274,3.473034864
1772,48,32,48,0,1,1,1,1,1,1,1,1,1,1,1,247.5927518,215.4892488,226.8981307,3.789205014,7.612802243,8.186561091,247.6279487,217.4583266,226.2763872,6.319217229,8.940995871,5.0027013
1773,48,32,48,0,1,1,1,1,1,0,1,1,1,1,1,275.7558033,337.048569,311.7664267,10.15308378,18.53841343,19.1824526,279.8638845,338.9545539,313.7812372,12.74489627,16.29565993,18.9140147
1774,48,32,48,0,1,1,1,1,1,1,0,1,1,1,1,248.7635806,212.4362672,228.6230486,6.178661912,32.88033152,28.15819848,249.182823,213.0028333,228.9743894,6.159401037,32.78852116,28.12017939
1775,48,32,48,0,1,1,1,1,1,1,1,0,1,1,1,244.5778053,216.0736077,230.9350854,22.14176197,51.78550104,53.60625406,250.3427774,214.9922152,226.324802,25.81289519,49.98058404,53.11286174
1776,48,32,48,0,1,1,1,1,1,1,1,1,0,1,1,248.1593579,216.5747666,225.2359758,9.874593554,7.672141993,12.00840731,250.0466064,217.227474,224.0645929,12.25899987,3.430418735,11.29328375
1777,48,32,48,0,1,1,1,1,1,1,1,1,1,0,1,245.249304,217.50577,227.9025474,41.75353426,43.58921567,20.30971277,246.0513599,221.6248477,224.3913236,42.76738288,43.77087926,16.62380588
1778,48,32,48,0,1,1,1,1,1,1,1,1,1,1,0,247.2942087,215.5083004,227.2371353,3.749860801,8.593395953,9.227613273,247.3446475,217.532602,226.5345404,6.467220247,9.768915447,6.382297415
1779,48,32,48,1,0,1,1,1,1,1,1,1,1,1,1,247.5949552,215.4936436,226.8948014,3.791226137,7.598157032,8.167875115,247.6297823,217.4596905,226.2721646,6.312225459,8.928682466,4.97653643
1780,48,32,48,1,0,1,1,1,1,0,1,1,1,1,1,248.756268,212.4508684,228.6161806,6.177284735,32.80082489,28.07610774,249.1777831,213.0153825,228.9615231,6.160803718,32.69690669,28.0347184
1781,48,32,48,1,0,1,1,1,1,1,0,1,1,1,1,275.9621671,337.7435008,311.986635,11.02132503,17.43446926,18.0389283,279.6693395,339.3598705,313.7062623,12.98991759,14.81958651,17.64557998
1782,48,32,48,1,0,1,1,1,1,1,1,0,1,1,1,248.2108979,216.8409844,224.8902376,6.702622295,7.526240991,9.810067023,249.9563657,217.5634673,223.6553781,9.82328993,3.540318565,8.740394133
1783,48,32,48,1,0,1,1,1,1,1,1,1,0,1,1,243.8737052,216.0758901,231.765312,25.19159122,57.84535476,59.8925983,250.265207,214.3899697,226.3065025,28.7487205,55.91505284,59.36415512
1784,48,32,48,1,0,1,1,1,1,1,1,1,1,0,1,247.3372138,215.4727403,227.215704,3.754979343,8.37546054,9.021281035,247.377814,217.5125256,226.5184859,6.462744732,9.63094345,6.078653945
1785,48,32,48,1,0,1,1,1,1,1,1,1,1,1,0,244.901449,217.6007869,228.1308262,48.67269672,50.7774654,23.39934898,246.6194732,222.6353258,223.7269285,49.92638355,50.98199877,19.76015476
1786,48,32,48,1,1,0,1,1,1,1,1,1,1,1,1,249.2220608,217.3102137,223.3231834,8.701733334,3.744640068,7.589806815,248.3873661,217.7748823,225.1084005,5.345297744,7.313620078,8.687322626
1787,48,32,48,1,1,0,1,1,1,0,1,1,1,1,1,249.4612478,214.5723001,225.7232971,24.5795041,51.80610401,54.21473095,244.918993,217.0994728,231.4853082,20.88853971,53.40214371,54.64321639
1788,48,32,48,1,1,0,1,1,1,1,0,1,1,1,1,249.6127767,216.8277501,223.3854962,9.886155002,3.601546568,8.789588176,248.6555572,217.3262869,225.2480624,6.852742562,7.506602851,9.737746042
1789,48,32,48,1,1,0,1,1,1,1,1,0,1,1,1,306.5691618,230.0375605,375.1049572,20.39215158,11.79139154,19.25719848,309.644497,235.0321846,376.3856018,20.93966328,14.25717789,17.09624555
1790,48,32,48,1,1,0,1,1,1,1,1,1,0,1,1,251.1101747,218.2621121,220.3182907,25.38950217,6.749563257,30.16257536,251.5051362,218.8971683,220.612649,25.36943037,6.731601112,30.08769241
1791,48,32,48,1,1,0,1,1,1,1,1,1,1,0,1,253.1839011,213.8911886,223.5731426,60.65223086,24.74584483,58.68332757,248.2973381,220.7141359,222.1623235,60.32042576,29.05016636,57.33142681
1792,48,32,48,1,1,0,1,1,1,1,1,1,1,1,0,247.2806842,218.0148066,224.8244902,9.223458801,6.27993481,5.95330857,246.2742899,219.8317241,225.5417741,8.250730288,9.770726113,3.408414318
1793,48,32,48,1,1,1,0,1,1,1,1,1,1,1,1,249.2155107,217.3192976,223.3251319,8.683873536,3.736498717,7.577348147,248.382814,217.7857306,225.1103807,5.334670572,7.314966821,8.674657911
1794,48,32,48,1,1,1,0,1,1,0,1,1,1,1,1,249.69644,216.7279969,223.5354353,10.75499197,3.592703091,9.748607971,248.6353038,217.2364485,225.3498451,7.971066581,7.568052839,10.48759311
1795,48,32,48,1,1,1,0,1,1,1,0,1,1,1,1,249.8172788,213.8708282,225.8553798,29.75787707,57.72222883,61.2559258,244.037352,216.9588873,232.0985665,26.1387133,59.37161938,61.54842061
1796,48,32,48,1,1,1,0,1,1,1,1,0,1,1,1,251.1047192,218.2616373,220.3063788,25.40859241,6.747707564,30.18037079,251.5133253,218.8951755,220.6115372,25.39366467,6.732744463,30.11252629
1797,48,32,48,1,1,1,0,1,1,1,1,1,0,1,1,309.6388613,235.1787638,376.0122408,19.80376789,14.11588311,16.16977316,307.4974707,231.605513,375.7696237,18.76004312,11.13439087,17.5966586
1798,48,32,48,1,1,1,0,1,1,1,1,1,1,0,1,247.5518893,218.1113475,224.640709,10.58112483,8.346774861,6.066093791,246.5898627,220.0035477,225.3196175,9.841069088,11.21585894,3.359830952
1799,48,32,48,1,1,1,0,1,1,1,1,1,1,1,0,252.2772155,214.7715265,223.3520454,52.38200487,20.66159821,50.72401884,248.3744532,220.6873801,222.8210286,52.10606379,25.14661849,49.54437433
1800,48,32,48,1,1,1,1,0,1,1,1,1,1,1,1,245.9448721,218.7280481,225.611542,6.68800252,8.342509186,3.449970595,247.5611722,218.2254625,225.6497466,7.66576152,4.439418729,5.789399306
1801,48,32,48,1,1,1,1,0,1,0,1,1,1,1,1,245.5145415,219.8831505,224.6757508,33.72399298,34.41777311,12.15601334,246.2630872,217.8028161,227.7617384,32.83022805,33.90061557,15.90969682
1802,48,32,48,1,1,1,1,0,1,1,0,1,1,1,1,247.0881598,216.9332996,226.0536486,6.439220116,9.634230396,5.726959556,247.8995619,215.9998787,227.4294749,3.79029687,8.140467476,8.844950422
1803,48,32,48,1,1,1,1,0,1,1,1,0,1,1,1,248.233133,219.8656426,221.7599504,59.7629281,28.73471129,56.86736239,253.8745259,214.3806735,223.807212,59.90456076,24.27591,58.01459818
1804,48,32,48,1,1,1,1,0,1,1,1,1,0,1,1,246.684176,219.5099277,224.6414948,10.94030143,12.27608514,3.439752725,248.4157407,218.605202,224.7250449,11.42249681,9.508111036,6.428247881
1805,48,32,48,1,1,1,1,0,1,1,1,1,1,0,1,395.0689866,281.6184925,230.3157202,17.718778,19.19748391,13.00963008,396.129333,283.810377,233.7677638,15.50365498,18.89693216,14.2902023
1806,48,32,48,1,1,1,1,0,1,1,1,1,1,1,0,243.4412411,220.1864235,227.0907824,25.79553166,21.69541794,5.623012291,243.7728261,220.8030903,227.4755423,25.71892889,21.67256373,5.620452252
1807,48,32,48,1,1,1,1,1,0,1,1,1,1,1,1,245.9432647,218.730233,225.6075476,6.696922085,8.360760632,3.453925295,247.5652872,218.2262428,225.6432637,7.682530764,4.454376103,5.792848114
1808,48,32,48,1,1,1,1,1,0,0,1,1,1,1,1,247.0581597,216.9323416,226.0794041,6.434078955,9.772616422,6.062388569,247.8549337,216.0303103,227.4627676,3.783581629,8.387910407,9.052251702
1809,48,32,48,1,1,1,1,1,0,1,0,1,1,1,1,246.4883398,222.0573781,223.0162064,50.46335858,51.65235681,20.27374124,245.4559497,218.197489,228.2546425,48.99009347,51.20578165,23.83891992
1810,48,32,48,1,1,1,1,1,0,1,1,0,1,1,1,246.2826348,219.3254322,224.7405336,9.105512225,10.6672192,3.412455768,247.9995968,218.6234041,224.8075495,9.775862656,7.548294988,6.120536796
1811,48,32,48,1,1,1,1,1,0,1,1,1,0,1,1,248.3060138,219.9057206,222.282197,53.33796797,25.74556994,50.72673738,253.1249663,215.1045426,223.629553,53.44401488,21.15473865,51.75212164
1812,48,32,48,1,1,1,1,1,0,1,1,1,1,0,1,243.4285729,220.1915755,227.0929853,25.85019616,21.74877572,5.624038655,243.7683863,220.8201768,227.4771032,25.78066294,21.73274039,5.621053544
1813,48,32,48,1,1,1,1,1,0,1,1,1,1,1,0,395.1411568,281.0434347,229.2105172,20.91625775,23.02674414,13.30523705,396.93512,284.2934393,234.7966026,18.99639786,23.12286049,15.78584363
1814,16,32,16,1,1,1,1,1,1,1,1,1,1,1,1,199.3043829,262.0131753,231.1540395,7.030925758,4.511195743,8.303228279,200.340339,262.8511838,232.5477042,6.723881304,5.317523352,7.580958547
1815,16,32,16,1,1,1,1,1,1,0,1,1,1,1,1,199.0818234,261.615696,231.7666356,11.65790823,11.75167461,9.43735474,199.8321432,260.8774545,235.2451861,4.537431282,11.89225425,13.98585163
1816,16,32,16,1,1,1,1,1,1,1,0,1,1,1,1,199.0825651,261.617253,231.7683066,11.66446778,11.73491293,9.408502801,199.8275924,260.8788872,235.2452287,4.522953556,11.85838889,13.95144421
1817,16,32,16,1,1,1,1,1,1,1,1,0,1,1,1,199.9817302,261.7443599,231.0653824,7.494161267,8.680411372,12.97371278,202.635027,262.6756636,231.0148992,13.07260748,4.552276409,12.2536373
1818,16,32,16,1,1,1,1,1,1,1,1,1,0,1,1,199.9775209,261.746523,231.0654334,7.513915668,8.684616476,12.98016723,202.6351093,262.675251,231.0149539,13.08726095,4.545160815,12.2714949
1819,16,32,16,1,1,1,1,1,1,1,1,1,1,0,1,198.6784492,263.1454058,230.5985926,15.25556913,9.277494727,13.70869261,197.6750238,266.0054406,231.5328406,13.68540958,14.01241535,5.164112628
1820,16,32,16,1,1,1,1,1,1,1,1,1,1,1,0,198.676974,263.1487002,230.5966281,15.28549562,9.340118384,13.71688005,197.6722885,266.0238263,231.53213,13.73654634,14.07595855,5.156586705
1821,16,32,16,0,1,1,1,1,1,1,1,1,1,1,1,198.4363333,260.6103616,233.3979065,4.722511208,11.02650518,13.55770576,200.1178968,262.6508502,232.8428492,11.57092543,10.71915147,8.987082117
1822,16,32,16,0,1,1,1,1,1,0,1,1,1,1,1,190.8888793,438.2215967,267.0166474,14.70623334,25.91766188,27.58799577,199.2121581,440.5138969,272.7871018,19.93310947,22.52385959,29.04869162
1823,16,32,16,0,1,1,1,1,1,1,0,1,1,1,1,198.3042857,258.952065,234.934309,10.19263975,29.49227298,24.16290475,199.6062543,259.5248594,236.4575914,10.15685819,29.31827258,24.23886383
1824,16,32,16,0,1,1,1,1,1,1,1,0,1,1,1,195.3942897,260.821906,237.5143554,32.70084668,72.77566184,75.28893327,205.1722543,258.3958547,233.5285273,40.40061693,70.13733594,75.29156402
1825,16,32,16,0,1,1,1,1,1,1,1,1,0,1,1,200.3650197,260.7537184,231.8255496,8.749672063,8.963504977,13.87565005,203.1821073,261.6554096,231.666498,14.22080494,4.375165505,13.25686246
1826,16,32,16,0,1,1,1,1,1,1,1,1,1,0,1,193.2478902,264.3595519,233.7024184,77.43470933,84.54259534,46.63615468,198.4309683,272.6954187,224.9865112,80.30579839,84.64237193,38.90820478
1827,16,32,16,0,1,1,1,1,1,1,1,1,1,1,0,190.9482833,270.8395594,236.6514083,5.914108028,19.97297136,21.54936365,192.075324,273.0463461,236.3383655,12.91298858,20.03646603,18.9526698
1828,16,32,16,1,0,1,1,1,1,1,1,1,1,1,1,198.4375409,260.6103153,233.3955144,4.713329142,11.00612865,13.54899029,200.1214243,262.6543392,232.8352761,11.57740525,10.70811875,8.960149734
1829,16,32,16,1,0,1,1,1,1,0,1,1,1,1,1,198.3051677,258.9706668,234.9333332,10.19312976,29.44504504,24.11672168,199.6070261,259.5277535,236.4230881,10.15627132,29.24240432,24.16317964
1830,16,32,16,1,0,1,1,1,1,1,0,1,1,1,1,191.1588558,438.4639807,267.1723204,16.95845325,25.37189226,27.93080569,199.1161668,440.7536098,272.6115436,21.44157976,22.05859045,29.0996925
1831,16,32,16,1,0,1,1,1,1,1,1,0,1,1,1,200.363433,260.7692182,231.8131021,8.707012485,8.958904622,13.8579242,203.1658421,261.6710379,231.6485364,14.17142912,4.371688562,13.21263233
1832,16,32,16,1,0,1,1,1,1,1,1,1,0,1,1,195.3074537,260.7391474,237.5415838,32.91806277,73.49158839,75.95042225,205.0711825,258.2386627,233.4097329,40.5567811,70.836648,75.90074559
1833,16,32,16,1,0,1,1,1,1,1,1,1,1,0,1,190.248464,272.2925098,236.4743066,6.57587786,25.4764665,26.30091348,191.4640198,274.5722772,236.065932,13.54613759,24.84774717,23.90035554
1834,16,32,16,1,0,1,1,1,1,1,1,1,1,1,0,193.4854119,264.4631998,233.8481079,76.61526107,83.36698861,45.66365762,198.5526024,272.7330957,225.159215,79.46125031,83.49155166,37.7552719
1835,16,32,16,1,1,0,1,1,1,1,1,1,1,1,1,201.2565003,261.9200579,229.8451408,12.69471011,4.29224768,11.72807751,200.9033647,262.5636326,232.5935411,6.812785451,8.880747446,11.72324045
1836,16,32,16,1,1,0,1,1,1,0,1,1,1,1,1,199.1321027,261.579118,231.7545211,11.71700928,12.03920747,9.85054608,199.8429083,260.8576495,235.265715,4.434729625,12.25627887,14.25080375
1837,16,32,16,1,1,0,1,1,1,1,0,1,1,1,1,201.9380355,260.4568067,230.6656367,14.37715439,4.075134512,13.23654898,201.4566128,261.1419282,233.6392767,9.010479265,9.334163516,13.3431092
1838,16,32,16,1,1,0,1,1,1,1,1,0,1,1,1,287.0412852,273.6529926,354.831618,31.92666366,24.04932291,28.52931051,288.9631183,275.9721185,356.9183328,31.39394448,24.21337592,26.26512247
1839,16,32,16,1,1,0,1,1,1,1,1,1,0,1,1,202.9012082,262.3685843,228.2022679,27.98487312,8.13866756,33.83539964,204.1794032,263.1306754,229.5489397,27.90888658,8.116889887,33.57861887
1840,16,32,16,1,1,0,1,1,1,1,1,1,1,0,1,207.2979629,257.2908229,231.2650891,74.52192423,34.52384658,71.4253736,200.9630543,266.3116471,228.3738936,73.16814227,39.77193494,66.66024749
1841,16,32,16,1,1,0,1,1,1,1,1,1,1,1,0,199.0040499,263.3459848,230.1999878,15.87154242,10.1208762,13.86649999,197.9312389,266.2909995,231.103197,14.34014551,14.73164665,4.994418676
1842,16,32,16,1,1,1,0,1,1,1,1,1,1,1,1,201.246041,261.9247232,229.8458603,12.66325056,4.291367359,11.6999255,200.9004503,262.5686522,232.5976934,6.797527119,8.879818744,11.71402982
1843,16,32,16,1,1,1,0,1,1,0,1,1,1,1,1,202.158028,260.3011175,230.8666794,14.54035302,4.153179711,13.37964231,201.5926462,260.9761574,233.7448968,8.971665688,9.27665979,13.24063826
1844,16,32,16,1,1,1,0,1,1,1,0,1,1,1,1,203.8559047,256.7847489,232.7739384,40.69213135,70.86433141,76.18472758,196.6578083,260.527077,239.9928471,32.63386337,73.01142612,75.42549061
1845,16,32,16,1,1,1,0,1,1,1,1,0,1,1,1,202.9137049,262.3657114,228.2107187,27.94721083,8.137881107,33.79848062,204.1622006,263.1255286,229.5321076,27.84593504,8.115499097,33.5141762
1846,16,32,16,1,1,1,0,1,1,1,1,1,0,1,1,286.9900036,274.1573546,354.6246181,27.88436358,17.8062205,25.86602641,290.3979679,280.9370257,357.8453907,27.33526019,21.51548825,21.40883859
1847,16,32,16,1,1,1,0,1,1,1,1,1,1,0,1,199.0069075,263.3413222,230.1986396,15.85431296,10.07340068,13.87701387,197.9209697,266.2717713,231.0950188,14.28105388,14.68384788,4.977397062
1848,16,32,16,1,1,1,0,1,1,1,1,1,1,1,0,207.2355029,257.3848063,231.2641848,73.9824833,34.34812072,70.83744421,201.0186565,266.4004224,228.4748872,72.67560739,39.62811308,66.10766548
1849,16,32,16,1,1,1,1,0,1,1,1,1,1,1,1,196.3859397,265.5993452,229.9917916,14.19677885,14.15694755,5.494547924,199.5236145,264.2520512,231.962999,15.21477052,9.970282106,13.43703629
1850,16,32,16,1,1,1,1,0,1,0,1,1,1,1,1,196.5425246,271.9555298,224.9453529,78.51323151,82.43699956,37.20226035,194.269008,264.9516133,236.2241019,74.84999873,81.74275919,44.55584886
1851,16,32,16,1,1,1,1,0,1,1,0,1,1,1,1,192.8608915,268.1656808,232.7607444,12.68092067,16.15628303,14.35594615,193.6090847,267.1114021,236.4886748,4.196874676,16.34705001,18.08214206
1852,16,32,16,1,1,1,1,0,1,1,1,0,1,1,1,199.3719843,266.5091162,226.8735438,77.24102808,41.96180777,70.43514322,208.4543474,258.5319565,232.973994,77.62162442,36.57488803,74.27319145
1853,16,32,16,1,1,1,1,0,1,1,1,1,0,1,1,196.8492218,266.1795047,229.1917403,15.06888316,15.17109351,5.206504582,200.1054537,264.7166732,231.20375,16.08299865,11.0835366,13.67219679
1854,16,32,16,1,1,1,1,0,1,1,1,1,1,0,1,316.3151677,342.8774696,264.8094715,25.3987977,28.21617205,23.78364504,317.7771763,343.5741939,266.6024238,22.64246808,27.30324582,22.75240779
1855,16,32,16,1,1,1,1,0,1,1,1,1,1,1,0,193.4332753,268.5273666,229.1693739,45.29883957,37.43487409,11.82082298,194.545373,269.206265,230.6632092,44.97938329,37.360174,11.69591297
1856,16,32,16,1,1,1,1,1,0,1,1,1,1,1,1,196.400832,265.6319904,229.9863611,14.31217967,14.27806827,5.485303638,199.5212544,264.2520049,231.9634375,15.2519946,10.08909163,13.44273952
1857,16,32,16,1,1,1,1,1,0,0,1,1,1,1,1,193.458752,266.8889568,232.1930151,12.40471364,15.4987672,13.16052924,194.2187867,265.8058001,235.9938277,3.958217128,15.30818275,17.27920658
1858,16,32,16,1,1,1,1,1,0,1,0,1,1,1,1,196.4579916,271.8860482,224.8042638,79.18398981,83.36444491,38.10438212,194.1053864,264.8669894,236.24731,75.49992471,82.68690493,45.38080301
1859,16,32,16,1,1,1,1,1,0,1,1,0,1,1,1,196.8675354,266.1978487,229.1838539,15.1633471,15.27155583,5.202820466,200.1066167,264.7037291,231.2007397,16.10564602,11.17356117,13.67603916
1860,16,32,16,1,1,1,1,1,0,1,1,1,0,1,1,199.4340478,266.6138149,226.9711913,76.91243608,41.85619682,70.0621673,208.4229238,258.6254849,232.967415,77.25586938,36.42699548,73.86357934
1861,16,32,16,1,1,1,1,1,0,1,1,1,1,0,1,193.4241049,268.5153596,229.1606452,45.25446701,37.39603312,11.81989171,194.5483642,269.2142398,230.6511182,44.95010089,37.32982163,11.69508675
1862,16,32,16,1,1,1,1,1,0,1,1,1,1,1,0,316.9510061,343.2669471,267.5917442,22.33789308,21.525624,16.98660512,318.7471245,344.8459926,269.9990624,18.82831835,21.3994321,16.89712161
1863,24,64,32,1,1,1,1,1,1,1,1,1,1,1,1,193.2097397,247.6576051,252.3187294,4.773012672,2.466182566,4.884582025,193.847855,247.9492045,253.0318242,4.5077253,2.960640589,4.579796234
1864,24,64,32,1,1,1,1,1,1,0,1,1,1,1,1,193.1622574,247.0885433,252.8831267,8.12675429,8.915045313,6.020623406,193.8521161,245.8644526,255.0660363,3.57597605,8.153327378,9.981987415
1865,24,64,32,1,1,1,1,1,1,1,0,1,1,1,1,193.1573486,247.091511,252.8799907,8.117809234,8.902854873,5.992503033,193.8493023,245.8716104,255.0577686,3.585753886,8.13296581,9.956745488
1866,24,64,32,1,1,1,1,1,1,1,1,0,1,1,1,193.6561658,247.6670239,252.1200514,5.095561422,5.328622939,9.19022016,195.4127955,248.4489187,251.523289,9.270655794,3.681197075,7.892723957
1867,24,64,32,1,1,1,1,1,1,1,1,1,0,1,1,193.6547303,247.667202,252.1216102,5.112075512,5.336438202,9.195810885,195.4166971,248.4465724,251.5202809,9.283452671,3.673686369,7.903747167
1868,24,64,32,1,1,1,1,1,1,1,1,1,1,0,1,192.7020311,248.4135732,252.0350311,10.92959124,6.512783489,8.591718198,191.6761101,249.8684803,252.916214,9.271783076,9.478185006,4.227169007
1869,24,64,32,1,1,1,1,1,1,1,1,1,1,1,0,192.6927573,248.4188055,252.0345428,10.92199749,6.518251477,8.591880097,191.6693295,249.8821326,252.9164223,9.278086215,9.492202552,4.229871544
1870,24,64,32,0,1,1,1,1,1,1,1,1,1,1,1,193.0291325,245.7849184,254.1667926,3.702804365,7.722895046,9.769540864,193.8424439,247.4318042,253.4042523,8.108191055,8.465444516,5.757523384
1871,24,64,32,0,1,1,1,1,1,0,1,1,1,1,1,195.5599439,424.6711789,295.4592618,15.97387472,18.96251603,23.66223164,190.7098631,424.2114784,292.5912983,12.80239409,20.7256645,22.21898083
1872,24,64,32,0,1,1,1,1,1,1,0,1,1,1,1,193.7711573,243.2121917,255.8495703,7.27208304,26.50653334,21.9269778,194.5712964,243.3804561,256.5718722,7.264391869,26.44341775,21.93280239
1873,24,64,32,0,1,1,1,1,1,1,1,0,1,1,1,190.5273297,245.9704542,257.0417799,22.70499762,54.74402352,56.5180763,197.2838361,245.0707304,253.5655618,27.91914366,53.62168995,56.41273135
1874,24,64,32,0,1,1,1,1,1,1,1,1,0,1,1,193.8804699,247.202489,252.3935889,6.253760417,5.531370629,9.948413792,195.7777485,247.9930724,251.7054768,10.24175603,3.66274332,8.786875979
1875,24,64,32,0,1,1,1,1,1,1,1,1,1,0,1,189.2344791,248.7375762,254.2608989,62.34756412,66.28470333,32.82845655,192.8874516,255.5546775,247.9187835,64.20114661,66.62675175,27.95500292
1876,24,64,32,0,1,1,1,1,1,1,1,1,1,1,0,190.6803572,247.262966,255.0879818,3.643600343,13.37318383,14.95962464,191.5452747,248.8818591,254.0060379,8.591007601,13.65590943,12.38460732
1877,24,64,32,1,0,1,1,1,1,1,1,1,1,1,1,193.0293147,245.7811251,254.1741339,3.69738168,7.740079659,9.782685219,193.8440876,247.4268406,253.4090848,8.110390532,8.487358777,5.778454617
1878,24,64,32,1,0,1,1,1,1,0,1,1,1,1,1,193.7685968,243.2124855,255.8515303,7.27092938,26.54691975,21.96658716,194.5684266,243.3786108,256.5784761,7.263799831,26.48490364,21.97452506
1879,24,64,32,1,0,1,1,1,1,1,0,1,1,1,1,193.147599,425.5042324,293.8470157,9.075446156,16.53083514,17.13047637,195.5725244,425.9073927,295.5255464,11.12282117,16.36278034,17.99997835
1880,24,64,32,1,0,1,1,1,1,1,1,0,1,1,1,193.8749298,247.2209197,252.3845656,6.105303049,5.520576562,9.878948554,195.7419978,248.0124612,251.6839621,10.11471444,3.654798798,8.648336281
1881,24,64,32,1,0,1,1,1,1,1,1,1,0,1,1,189.9080287,245.8265969,257.6076544,26.09898338,61.43806061,63.44611596,197.3715374,244.3529427,253.405479,31.13466555,60.22874137,63.30182325
1882,24,64,32,1,0,1,1,1,1,1,1,1,1,0,1,191.1019445,247.1763152,254.1668408,3.224069708,13.3726897,14.69908032,192.1264715,249.1168901,253.3384351,8.997582346,13.81789733,12.31005128
1883,24,64,32,1,0,1,1,1,1,1,1,1,1,1,0,189.2046405,248.7332116,254.4180496,62.16276433,66.22889562,33.05125242,192.8303241,255.4386864,247.8639685,64.01180182,66.55352909,28.12258247
1884,24,64,32,1,1,0,1,1,1,1,1,1,1,1,1,194.492529,248.1516927,251.0657928,8.89171857,3.553192919,7.42379553,194.1828579,247.9591066,252.9618416,4.551954396,5.438600966,8.435897572
1885,24,64,32,1,1,0,1,1,1,0,1,1,1,1,1,193.4677898,247.0497812,252.7504145,8.438053684,9.827691917,7.478186348,193.9674249,245.8300982,255.0193954,3.194018657,9.305086607,10.81265685
1886,24,64,32,1,1,0,1,1,1,1,0,1,1,1,1,194.9994478,247.4298658,251.3486819,10.46999391,3.585493873,8.897567186,194.5450483,247.2226099,253.4071793,6.628679084,5.760415361,9.820254405
1887,24,64,32,1,1,0,1,1,1,1,1,0,1,1,1,273.3039191,255.3772217,384.4179741,32.12691334,24.76260736,27.02121025,274.6881831,257.1250858,385.5384429,31.79830455,24.79021386,25.68656272
1888,24,64,32,1,1,0,1,1,1,1,1,1,0,1,1,195.7858915,249.9599943,248.7551969,23.83968184,5.502707582,28.12513915,196.5742877,250.2317476,249.3908154,23.79813995,5.501789215,28.01135728
1889,24,64,32,1,1,0,1,1,1,1,1,1,1,0,1,198.9502517,244.8559325,251.96962,58.15182396,24.89422473,56.40437452,194.2593041,250.5883201,250.2765283,57.49184647,27.97565151,54.01678239
1890,24,64,32,1,1,0,1,1,1,1,1,1,1,1,0,192.6948829,248.5192761,251.9517596,11.16162372,6.881887438,8.636217376,191.6541342,250.003238,252.8244812,9.55836412,9.773049138,4.19805547
1891,24,64,32,1,1,1,0,1,1,1,1,1,1,1,1,194.4915291,248.1497858,251.0735357,8.883447337,3.551796159,7.412160193,194.1798848,247.9541357,252.9686699,4.532061999,5.443177637,8.423715606
1892,24,64,32,1,1,1,0,1,1,0,1,1,1,1,1,195.1799234,247.318744,251.4488037,11.09608657,3.695806385,9.609720822,194.631696,247.1078192,253.4366611,7.427514662,5.816484072,10.26811916
1893,24,64,32,1,1,1,0,1,1,1,0,1,1,1,1,196.3702987,243.8267122,253.3218006,30.14039112,58.64411723,61.62437062,190.7462644,245.556505,258.9081102,24.88808204,59.67085799,61.48705322
1894,24,64,32,1,1,1,0,1,1,1,1,0,1,1,1,195.788539,249.9535752,248.7600963,23.80146198,5.502409578,28.086094,196.5684872,250.2264913,249.3920627,23.75232248,5.502879855,27.96868075
1895,24,64,32,1,1,1,0,1,1,1,1,1,0,1,1,273.391548,254.0321225,384.7964067,26.65745366,17.42197946,23.15217046,276.5527677,260.4324613,387.1135382,26.37791055,19.65039903,20.67580511
1896,24,64,32,1,1,1,0,1,1,1,1,1,1,0,1,192.7005512,248.5228758,251.9467229,11.13821865,6.824059247,8.636378275,191.6527504,249.9979482,252.8206691,9.50452006,9.72290473,4.195403793
1897,24,64,32,1,1,1,0,1,1,1,1,1,1,1,0,198.5519554,245.2302746,251.8076345,55.34429631,23.74795287,53.57034348,194.3148732,250.7177964,250.496275,54.76115507,26.86788595,51.28690617
1898,24,64,32,1,1,1,1,0,1,1,1,1,1,1,1,190.8399498,249.8644219,252.1099953,9.581624626,9.574853261,4.319790908,193.2202945,248.9261638,252.6594734,10.98395013,6.850520994,8.470495673
1899,24,64,32,1,1,1,1,0,1,0,1,1,1,1,1,191.5439596,254.629104,248.8812143,56.45515233,57.55143898,21.53636723,190.4047778,248.8872903,255.1580721,54.39638139,56.90966308,26.49332391
1900,24,64,32,1,1,1,1,0,1,1,0,1,1,1,1,191.8208138,248.1758162,252.9713882,8.730437401,13.60995741,11.98307069,192.3796814,246.7737874,255.2802942,3.17885139,13.09442209,14.51720922
1901,24,64,32,1,1,1,1,0,1,1,1,0,1,1,1,193.2708211,251.0835988,249.3513533,60.59240011,29.56097842,56.87089225,199.7587153,245.5386036,252.6280455,60.80719983,26.46309514,58.89949367
1902,24,64,32,1,1,1,1,0,1,1,1,1,0,1,1,190.8535652,250.0168811,251.9738515,9.873292346,9.89720203,4.275439127,193.2602832,249.0466177,252.5332086,11.24142815,7.233752066,8.529876894
1903,24,64,32,1,1,1,1,0,1,1,1,1,1,0,1,305.3757991,339.7623075,293.7519615,17.20737919,16.45737466,10.26936585,306.9629438,340.7949698,296.5286489,14.61398033,15.93404696,11.86212975
1904,24,64,32,1,1,1,1,0,1,1,1,1,1,1,0,187.5251301,252.1007142,252.3925491,39.30819699,33.56921765,7.842358674,188.2677613,252.3260634,253.1215152,39.1808122,33.53421333,7.785767531
1905,24,64,32,1,1,1,1,1,0,1,1,1,1,1,1,190.8446119,249.8875499,252.1028122,9.60558856,9.609262302,4.315347516,193.218147,248.9334576,252.6546701,10.97714133,6.875470561,8.474433771
1906,24,64,32,1,1,1,1,1,0,0,1,1,1,1,1,191.7593263,247.8915649,253.2004196,8.538341798,11.34126101,9.383804126,192.3769337,246.6142083,255.7115463,3.414565427,10.98610002,12.67905149
1907,24,64,32,1,1,1,1,1,0,1,0,1,1,1,1,191.4114192,255.2920513,247.9629491,62.72359153,65.13453361,27.38389381,189.6157022,249.064835,255.7086162,60.51758954,64.6135055,32.13519103
1908,24,64,32,1,1,1,1,1,0,1,1,0,1,1,1,190.8614091,250.0332033,251.9715125,9.923730783,9.950736414,4.278245325,193.2586338,249.046379,252.531129,11.24997363,7.281030905,8.530480958
1909,24,64,32,1,1,1,1,1,0,1,1,1,0,1,1,193.3194154,251.2046801,249.527889,58.52000348,28.78664621,54.75766776,199.432816,245.8367569,252.5045306,58.68447188,25.66379619,56.7196649
1910,24,64,32,1,1,1,1,1,0,1,1,1,1,0,1,187.53827,252.1127918,252.3905655,39.257984,33.51714366,7.845309219,188.2670171,252.310466,253.1210208,39.11761304,33.47607204,7.788513248
1911,24,64,32,1,1,1,1,1,0,1,1,1,1,1,0,305.5648348,339.3401729,293.3272053,17.90193487,17.14586493,11.12633192,307.0253266,340.3832522,295.4039348,15.40545519,16.9325789,12.1110617
1912,32,32,16,1,1,1,1,1,1,1,1,1,1,1,1,230.8702893,267.7718986,196.0069889,4.230573537,4.920592853,7.053006691,231.4215834,268.620437,197.1007091,4.476160611,5.126458297,6.423979898
1913,32,32,16,1,1,1,1,1,1,0,1,1,1,1,1,230.8234766,267.6170428,196.5042295,7.663884687,10.01555047,7.19680596,231.5860669,267.118744,199.2299932,3.904227401,9.773268493,11.76557828
1914,32,32,16,1,1,1,1,1,1,1,0,1,1,1,1,230.8294421,267.6129861,196.4995983,7.661766596,10.01894733,7.170701837,231.5921093,267.1175445,199.2273643,3.90544224,9.749406924,11.74746461
1915,32,32,16,1,1,1,1,1,1,1,1,0,1,1,1,231.6329895,267.3794184,195.6907267,6.96775335,9.035852508,12.62901653,233.5052748,268.3340441,195.1551557,11.29198571,4.559797805,11.13485668
1916,32,32,16,1,1,1,1,1,1,1,1,1,0,1,1,231.6325741,267.3768676,195.6912743,6.99798312,9.033127804,12.64605052,233.5066382,268.3333213,195.158575,11.31049276,4.560679715,11.16186062
1917,32,32,16,1,1,1,1,1,1,1,1,1,1,0,1,230.1290256,268.6148052,195.757151,12.08370052,7.821577199,11.61878933,228.8206384,271.3275264,196.539321,10.90962946,12.23685973,4.37814928
1918,32,32,16,1,1,1,1,1,1,1,1,1,1,1,0,230.1238874,268.619337,195.7522034,12.096453,7.849573256,11.61665946,228.8178574,271.3379002,196.5386703,10.93363,12.26907719,4.384451538
1919,32,32,16,0,1,1,1,1,1,1,1,1,1,1,1,230.7804324,266.7873503,197.7693946,3.857164133,8.995336115,11.415357,231.3120528,268.6934467,197.4190545,7.820355788,8.979449185,6.629654132
1920,32,32,16,0,1,1,1,1,1,0,1,1,1,1,1,222.5983532,430.4050139,252.51214,14.96026164,23.86773456,26.09167902,227.7995899,432.4284646,256.1141862,17.5796541,21.0477105,25.79706469
1921,32,32,16,0,1,1,1,1,1,1,0,1,1,1,1,231.5814127,265.2988674,199.1420396,7.184205917,25.59896626,21.1828245,232.2543962,265.9358255,200.4221088,7.174762267,25.45426087,21.20442892
1922,32,32,16,0,1,1,1,1,1,1,1,0,1,1,1,227.9407253,267.8136179,201.7930799,27.86810821,62.18053545,64.16288325,235.1083594,265.7503336,197.8668206,32.92524015,59.50050365,63.82324244
1923,32,32,16,0,1,1,1,1,1,1,1,1,0,1,1,231.7449828,267.2296516,195.7938096,7.308908066,9.092288574,12.84963284,233.6459725,268.1794241,195.2350686,11.56599703,4.53168367,11.38171805
1924,32,32,16,0,1,1,1,1,1,1,1,1,1,0,1,225.7427945,269.9817317,199.1223322,68.49710047,72.69182504,37.23580936,228.4732705,276.7327555,192.184067,70.13088708,72.6038025,30.06820131
1925,32,32,16,0,1,1,1,1,1,1,1,1,1,1,0,225.773574,271.3501015,198.8554843,4.885019802,18.09804921,19.12541211,226.2755198,273.7361591,198.3744989,9.190051667,18.21861475,15.97012405
1926,32,32,16,1,0,1,1,1,1,1,1,1,1,1,1,230.7810519,266.7861461,197.7668302,3.858760863,8.968891852,11.38914599,231.313211,268.6917968,197.420627,7.815735074,8.964091671,6.600461157
1927,32,32,16,1,0,1,1,1,1,0,1,1,1,1,1,231.5856733,265.2966056,199.1292482,7.183427956,25.54998274,21.13294558,232.2595781,265.9365527,200.4192748,7.174586649,25.41091839,21.16037449
1928,32,32,16,1,0,1,1,1,1,1,0,1,1,1,1,218.063026,429.7653301,251.5247725,17.32083974,25.59318034,28.83936475,225.4536653,432.1874614,256.0567361,20.6332558,22.33650973,28.74044013
1929,32,32,16,1,0,1,1,1,1,1,1,0,1,1,1,231.7514226,267.2231654,195.7929108,7.272327366,9.087862792,12.83075208,233.6483141,268.1709193,195.2345112,11.53629076,4.534237709,11.3553013
1930,32,32,16,1,0,1,1,1,1,1,1,1,0,1,1,227.703488,267.7842539,202.0358879,28.95003252,64.64088587,66.62660764,235.0261753,265.4647045,197.7711228,33.94222389,61.91121782,66.22302252
1931,32,32,16,1,0,1,1,1,1,1,1,1,1,0,1,223.2204365,274.6180748,200.644321,5.830868534,21.69807474,22.72480919,223.7482247,277.1286254,200.314855,10.40097901,21.6397245,20.25392176
1932,32,32,16,1,0,1,1,1,1,1,1,1,1,1,0,225.5628922,270.0294244,199.3431472,69.14471461,73.76362611,38.35797711,228.3615664,276.6660645,192.0158228,70.78878605,73.60624051,31.18459234
1933,32,32,16,1,1,0,1,1,1,1,1,1,1,1,1,233.0013089,267.45955,194.0037575,11.22345603,4.480423084,11.20169304,232.300786,268.0868896,196.7829723,7.029967209,9.024280326,12.20696555
1934,32,32,16,1,1,0,1,1,1,0,1,1,1,1,1,235.1272355,264.920646,196.6144623,30.37559362,55.00546772,59.09894896,229.7585417,267.8541263,202.5976341,25.07778926,57.15146838,58.80488472
1935,32,32,16,1,1,0,1,1,1,1,0,1,1,1,1,233.2694093,267.1603063,194.1421821,11.68837936,4.421189144,11.58986918,232.5259205,267.7959989,196.9758617,7.586055149,9.132472018,12.58659332
1936,32,32,16,1,1,0,1,1,1,1,1,0,1,1,1,333.6377502,303.944169,299.2522255,26.09452417,20.68492466,24.08006642,334.5382477,305.4022028,300.9418174,25.91571884,20.41996979,22.71321883
1937,32,32,16,1,1,0,1,1,1,1,1,1,0,1,1,234.9259937,267.5351751,191.3941158,34.18670914,8.304931982,40.41486003,235.5206723,268.309075,192.5687889,34.09019778,8.251402639,40.18134153
1938,32,32,16,1,1,0,1,1,1,1,1,1,1,0,1,239.5681303,262.370635,195.0461939,73.03392687,33.13569132,69.75208939,232.43466,271.3056628,192.4051998,72.01141892,38.1124495,66.02568201
1939,32,32,16,1,1,0,1,1,1,1,1,1,1,1,0,230.606989,268.7404649,194.99181,13.41815502,9.590128942,11.87825019,229.1952829,271.6143712,195.7044277,12.371618,13.66618657,4.065082466
1940,32,32,16,1,1,1,0,1,1,1,1,1,1,1,1,232.9869348,267.4623449,194.0027224,11.17352882,4.481721106,11.15668428,232.2965433,268.087544,196.7873027,6.980661101,9.019749279,12.18651361
1941,32,32,16,1,1,1,0,1,1,0,1,1,1,1,1,233.2789142,267.1530045,194.1431108,11.69621382,4.416651774,11.59978686,232.5331557,267.7905607,196.977469,7.604385255,9.136888917,12.59132582
1942,32,32,16,1,1,1,0,1,1,1,0,1,1,1,1,235.2487076,264.0585851,196.5166343,34.61355279,63.1517195,67.69440237,229.0839501,267.8146862,203.521614,29.46610194,65.4126038,67.42092892
1943,32,32,16,1,1,1,0,1,1,1,1,0,1,1,1,234.9433793,267.5235399,191.3830938,34.28291481,8.303750513,40.50708056,235.546415,268.2973778,192.5649172,34.19278539,8.252732584,40.28167895
1944,32,32,16,1,1,1,0,1,1,1,1,1,0,1,1,333.8303226,306.239492,299.2333187,18.6534295,12.60838762,20.11110393,334.7535472,308.3626162,301.0028123,17.86051783,13.48450831,17.47491285
1945,32,32,16,1,1,1,0,1,1,1,1,1,1,0,1,230.7346432,268.8526422,194.9271871,14.02814317,10.49289091,11.93707773,229.3398823,271.7635433,195.625454,13.04380815,14.30022823,4.012661042
1946,32,32,16,1,1,1,0,1,1,1,1,1,1,1,0,239.1263417,262.8525864,194.9563469,69.95177198,31.60149002,66.72728393,232.5045146,271.5045467,192.7794047,69.00561187,36.69246326,63.13969238
1947,32,32,16,1,1,1,1,0,1,1,1,1,1,1,1,228.1722938,270.5175922,195.3391055,10.88592084,12.10276218,4.687583305,230.5172787,269.385192,196.9823037,11.83120954,8.007336368,11.42080548
1948,32,32,16,1,1,1,1,0,1,0,1,1,1,1,1,228.5936789,273.5402426,193.3933025,53.10069637,53.09994032,16.06677657,228.5229972,269.2089081,199.4490397,51.42599137,52.2347928,23.72950201
1949,32,32,16,1,1,1,1,0,1,1,0,1,1,1,1,225.1049728,273.20765,199.1895432,8.704732242,16.19115059,14.58678642,225.9891876,272.6634408,202.0561837,4.900302894,15.73272661,17.34692229
1950,32,32,16,1,1,1,1,0,1,1,1,0,1,1,1,231.2970588,270.3777286,191.5908413,75.70156481,40.257571,69.51018407,239.7512718,262.5134365,197.2549653,76.18242904,35.13861517,72.56342833
1951,32,32,16,1,1,1,1,0,1,1,1,1,0,1,1,228.8496411,270.9588208,194.1176112,12.81637449,13.99415261,4.248063853,231.3092784,269.6068322,195.8507174,13.57920534,10.28809517,11.7544399
1952,32,32,16,1,1,1,1,0,1,1,1,1,1,0,1,384.4079088,317.3220149,211.0522052,21.43041682,22.46163243,15.76818668,385.7903502,320.8690249,216.7288344,18.52052281,23.62938001,18.06909796
1953,32,32,16,1,1,1,1,0,1,1,1,1,1,1,0,225.1903265,272.8736518,195.32277,35.64024498,29.32068567,10.04811794,225.6837807,273.6060079,196.6050677,35.46870877,29.30070619,9.998196714
1954,32,32,16,1,1,1,1,1,0,1,1,1,1,1,1,228.1853976,270.5282518,195.3311274,10.93284225,12.15570946,4.691214748,230.5237498,269.3821815,196.9755354,11.84946964,8.055213987,11.42077635
1955,32,32,16,1,1,1,1,1,0,0,1,1,1,1,1,227.9570515,269.7830269,197.1783512,8.103517798,12.40499873,10.12011277,228.6997684,269.1692904,200.2160373,3.790892954,12.35390532,14.27156284
1956,32,32,16,1,1,1,1,1,0,1,0,1,1,1,1,227.8087681,275.0010363,191.3638245,71.93061883,74.89728972,32.12016742,226.0973201,269.7902554,201.3613503,69.85498452,74.65219581,38.85761254
1957,32,32,16,1,1,1,1,1,0,1,1,0,1,1,1,228.8139928,270.8843096,194.0835994,12.75750819,13.92558397,4.282771272,231.2906842,269.5895618,195.7962446,13.59779554,10.25737663,11.73099253
1958,32,32,16,1,1,1,1,1,0,1,1,1,0,1,1,231.4449475,270.6317875,191.9907607,72.16263855,38.52483343,66.15288802,239.3280904,263.1181496,197.0793201,72.58454652,33.28503503,69.07913627
1959,32,32,16,1,1,1,1,1,0,1,1,1,1,0,1,225.1769612,272.8557521,195.3180347,35.66520618,29.34504096,10.04723196,225.6888122,273.6172164,196.5972849,35.51177239,29.33775802,9.997162726
1960,32,32,16,1,1,1,1,1,0,1,1,1,1,1,0,383.7425635,317.050984,210.3262274,23.21766182,25.96402347,19.70288443,385.2201346,319.2436351,214.3764673,23.27684816,27.10563694,21.37152845
1961,32,64,24,1,1,1,1,1,1,1,1,1,1,1,1,203.8934294,264.9548349,224.8733489,3.87820954,2.627048211,5.692206361,204.3289292,265.341201,225.6958134,3.818334991,3.172033946,5.080953293
1962,32,64,24,1,1,1,1,1,1,0,1,1,1,1,1,203.8951399,264.6018693,225.3264688,6.817704835,8.27096822,5.969111023,204.5689995,263.6252383,227.5536049,3.434255631,7.727164399,9.904013138
1963,32,64,24,1,1,1,1,1,1,1,0,1,1,1,1,203.8993091,264.5956992,225.3295418,6.817069961,8.263443872,5.953418366,204.5737566,263.6206845,227.5596589,3.433438202,7.715106812,9.899415378
1964,32,64,24,1,1,1,1,1,1,1,1,0,1,1,1,204.3799394,264.854646,224.6303643,5.220903503,5.748944349,10.07611358,205.7756757,265.7138074,224.066733,9.010887242,3.955386422,8.380673114
1965,32,64,24,1,1,1,1,1,1,1,1,1,0,1,1,204.3826432,264.8538936,224.6310587,5.193290198,5.74228035,10.0655733,205.7691079,265.7103334,224.0667502,8.972535222,3.950325317,8.35636343
1966,32,64,24,1,1,1,1,1,1,1,1,1,1,0,1,203.2130265,265.7804892,224.6455374,10.85099779,6.743862446,9.563722574,201.9053668,267.5324907,225.4664502,9.292567739,9.861845231,4.116535419
1967,32,64,24,1,1,1,1,1,1,1,1,1,1,1,0,203.2157735,265.7780401,224.6459197,10.84004205,6.759690386,9.568905739,201.91131,267.5449875,225.4655652,9.302047,9.886700887,4.110506897
1968,32,64,24,0,1,1,1,1,1,1,1,1,1,1,1,203.8512247,263.6776187,226.4503131,3.465849404,7.134165357,9.718949628,204.29957,265.1677351,225.9524797,6.922735825,7.645516222,5.58193054
1969,32,64,24,0,1,1,1,1,1,0,1,1,1,1,1,189.6012421,442.7713846,266.1536721,14.69540534,23.24811122,25.89522506,196.1703016,444.2739814,270.681677,17.32066391,21.3717152,26.55393246
1970,32,64,24,0,1,1,1,1,1,1,0,1,1,1,1,204.8952005,261.6485612,227.7861615,6.344105906,22.90358134,19.00944972,205.4920037,261.8416304,228.7113283,6.341532927,22.83863857,19.03166781
1971,32,64,24,0,1,1,1,1,1,1,1,0,1,1,1,201.9340301,264.1574165,228.9620999,20.10646912,49.42310184,50.73399946,207.4065467,263.3107979,226.1029976,24.6987877,48.18839233,50.62708144
1972,32,64,24,0,1,1,1,1,1,1,1,1,0,1,1,204.4978409,264.7174173,224.6876695,5.643954818,5.826448862,10.33360494,205.9276306,265.5768814,224.0810419,9.340083712,3.943271775,8.659924369
1973,32,64,24,0,1,1,1,1,1,1,1,1,1,0,1,199.739031,266.5422666,227.0095957,61.58009115,64.79452262,31.56930018,202.2739367,272.7884649,221.0345364,62.97453811,65.03442186,25.98770107
1974,32,64,24,0,1,1,1,1,1,1,1,1,1,1,0,200.9033509,265.7268071,227.0119309,3.480383388,14.75281123,16.25501891,201.4359097,267.478204,226.1458868,7.872441403,15.16867125,13.6932104
1975,32,64,24,1,0,1,1,1,1,1,1,1,1,1,1,203.8491394,263.6777561,226.4520644,3.466408426,7.137007828,9.717984843,204.2983128,265.1680813,225.9544716,6.923146597,7.652907739,5.580931277
1976,32,64,24,1,0,1,1,1,1,0,1,1,1,1,1,204.896366,261.6500995,227.7782508,6.343976855,22.88213706,18.98579051,205.4926853,261.844464,228.7087712,6.341738991,22.81927046,19.01067448
1977,32,64,24,1,0,1,1,1,1,1,0,1,1,1,1,196.1177641,443.7968248,270.1218725,14.53843011,18.83146826,23.03783131,191.5216508,443.2242294,268.0529541,11.83001828,20.55902311,22.30377277
1978,32,64,24,1,0,1,1,1,1,1,1,0,1,1,1,204.4931593,264.7235044,224.6824234,5.613028806,5.82327608,10.31816353,205.9254839,265.5877022,224.0785117,9.336426029,3.94790741,8.648311507
1979,32,64,24,1,0,1,1,1,1,1,1,1,0,1,1,201.241642,264.1412627,229.7199926,24.20438428,57.61708632,59.18122682,207.5597109,262.5883672,226.0630926,28.63507986,56.270785,59.04527219
1980,32,64,24,1,0,1,1,1,1,1,1,1,1,0,1,197.4626088,270.5945279,228.2212954,4.939097819,19.64773392,20.42993747,197.7916468,272.3841714,227.8308869,8.568549621,19.72963458,18.65738478
1981,32,64,24,1,0,1,1,1,1,1,1,1,1,1,0,199.5758465,266.590394,227.2460042,62.31557466,65.94239418,32.76234671,202.1935054,272.7493176,220.8295863,63.72212195,66.13523485,27.16365851
1982,32,64,24,1,1,0,1,1,1,1,1,1,1,1,1,205.1148977,265.3995223,223.3490349,8.629609437,3.789299086,8.115162631,204.7647031,265.1953924,225.5392594,4.756491461,5.784116839,9.440114458
1983,32,64,24,1,1,0,1,1,1,0,1,1,1,1,1,205.2638658,264.3510273,224.7986627,9.469730227,16.50508757,16.20366523,204.989072,263.4540765,227.2320063,4.360161266,16.74334754,17.36392008
1984,32,64,24,1,1,0,1,1,1,1,0,1,1,1,1,205.4070031,265.1552869,223.3711882,9.339975421,3.813688657,8.661714133,204.9910227,264.9243784,225.6561636,5.615891868,5.936128063,9.987089647
1985,32,64,24,1,1,0,1,1,1,1,1,0,1,1,1,304.713777,292.1580272,335.155711,20.85140984,15.04341324,19.65269138,305.984628,295.0264128,336.6516548,20.69361281,15.94276509,17.62941302
1986,32,64,24,1,1,0,1,1,1,1,1,1,0,1,1,206.4115791,266.9197091,220.6242451,28.71324341,5.917940281,33.41605671,206.9641747,267.2119532,221.4623983,28.6405312,5.908920381,33.27434917
1987,32,64,24,1,1,0,1,1,1,1,1,1,1,0,1,210.4838858,261.4477253,224.2515711,60.61724191,26.37627824,58.52605669,204.7715697,267.7389248,222.3577718,59.77592469,29.51649102,55.76958066
1988,32,64,24,1,1,0,1,1,1,1,1,1,1,1,0,203.2083224,265.9743811,224.4401569,11.57518817,7.85307538,9.662975163,201.8773474,267.7870358,225.2268329,10.15474864,10.70626363,4.019248411
1989,32,64,24,1,1,1,0,1,1,1,1,1,1,1,1,205.107427,265.4103639,223.3449607,8.641412993,3.791469143,8.128275842,204.7595293,265.2034869,225.5362119,4.785888584,5.784922855,9.46023524
1990,32,64,24,1,1,1,0,1,1,0,1,1,1,1,1,205.4246112,265.1427635,223.3886345,9.415104856,3.809363799,8.735686546,204.9957871,264.9137832,225.6658649,5.727992825,5.94646645,10.02759585
1991,32,64,24,1,1,1,0,1,1,1,0,1,1,1,1,207.241056,261.804394,225.3973962,28.00507097,55.48392411,58.2631237,202.2292903,263.7057605,230.9080907,23.4283834,56.63979923,58.0521233
1992,32,64,24,1,1,1,0,1,1,1,1,0,1,1,1,206.4046327,266.9178804,220.6275874,28.62732271,5.914357949,33.33116822,206.9640093,267.2106973,221.4691628,28.55863342,5.906101803,33.19546394
1993,32,64,24,1,1,1,0,1,1,1,1,1,0,1,1,303.9508066,291.2480623,334.6653826,22.89606465,13.0302704,21.6026611,306.071474,296.6890402,337.3774366,22.00895886,15.82448837,18.76836029
1994,32,64,24,1,1,1,0,1,1,1,1,1,1,0,1,203.2195268,266.01433,224.395917,12.03793461,8.597235859,9.653545465,201.9235609,267.8089461,225.1657222,10.7060119,11.2212274,4.037085548
1995,32,64,24,1,1,1,0,1,1,1,1,1,1,1,0,209.928887,261.927194,224.0930935,57.16192695,24.88314778,55.07792716,204.782298,267.8933271,222.67125,56.39209907,28.07303038,52.45285345
1996,32,64,24,1,1,1,1,0,1,1,1,1,1,1,1,201.2148338,267.4544549,224.5583859,9.63978176,9.961197574,4.33530443,203.461224,266.313122,225.5081496,10.97340943,7.13591795,9.387522045
1997,32,64,24,1,1,1,1,0,1,0,1,1,1,1,1,201.7863397,270.0666726,222.8202039,44.85791737,44.82000751,12.89692939,201.9860233,265.8495249,227.4188931,43.57369938,44.11431624,19.04570055
1998,32,64,24,1,1,1,1,0,1,1,0,1,1,1,1,201.9923241,266.3526018,225.3525044,7.714444452,13.43725969,12.16760091,202.5301829,265.061067,227.7452213,3.157060135,13.05893559,14.6473121
1999,32,64,24,1,1,1,1,0,1,1,1,0,1,1,1,203.8473431,267.8713856,221.6014266,63.75310554,31.74462171,59.43230967,210.9288254,261.6694872,225.6487689,64.18535171,28.59796561,61.77808622
2000,32,64,24,1,1,1,1,0,1,1,1,1,0,1,1,201.2664955,267.6924949,224.3034045,10.28468724,10.61489877,4.24202023,203.54237,266.4880376,225.2758824,11.52639629,7.932676535,9.483496192
2001,32,64,24,1,1,1,1,0,1,1,1,1,1,0,1,338.042207,333.8227011,253.5114227,17.95091725,18.10182738,11.90893029,339.2945802,336.0066093,257.7702065,15.42410762,18.61526964,14.01801526
2002,32,64,24,1,1,1,1,0,1,1,1,1,1,1,0,197.7403743,269.9889123,224.8751637,38.1041576,32.20002877,8.456502346,198.2390418,270.2365631,225.7967144,37.98731282,32.1788809,8.401722513
2003,32,64,24,1,1,1,1,1,0,1,1,1,1,1,1,201.2194985,267.469203,224.5601397,9.676856412,9.999461883,4.342980444,203.4604424,266.3191116,225.5072507,10.9917672,7.177763155,9.386524541
2004,32,64,24,1,1,1,1,1,0,0,1,1,1,1,1,200.7105627,266.8974099,226.2845775,7.319209992,12.32336118,11.20714734,201.4013241,265.9855719,228.9096678,3.709025546,12.27182076,14.08175596
2005,32,64,24,1,1,1,1,1,0,1,0,1,1,1,1,201.3203004,272.16075,220.6264212,64.11623445,66.56268723,27.52672911,199.8601338,266.4411915,228.8717376,62.40114341,66.20465189,32.84716506
2006,32,64,24,1,1,1,1,1,0,1,1,0,1,1,1,201.2574864,267.7158969,224.2824838,10.3831289,10.73707054,4.232908181,203.5302072,266.4876337,225.2569422,11.58333197,8.053423126,9.491340791
2007,32,64,24,1,1,1,1,1,0,1,1,1,0,1,1,203.9073835,268.0015079,221.7562203,62.07902306,31.1302703,57.71257176,210.6635261,261.9355291,225.5419848,62.47000936,27.9581333,60.00008461
2008,32,64,24,1,1,1,1,1,0,1,1,1,1,0,1,197.7268712,269.998964,224.8708049,38.20928156,32.30534694,8.457128177,198.2221309,270.2396774,225.7955047,38.08718545,32.28065034,8.401384583
2009,32,64,24,1,1,1,1,1,0,1,1,1,1,1,0,338.1912292,334.1272794,254.5565677,17.53370889,17.85436763,12.19626156,339.7351039,335.8903547,258.147721,15.66769303,18.12247337,14.36365732
2010,24,24,24,1,1,1,1,1,1,1,1,1,1,1,1,229.315801,229.3359905,229.3373115,5.511743776,5.507184228,5.496129349,230.1886294,230.2073375,230.2139185,5.47953229,5.486128307,5.496396675
2011,24,24,24,1,1,1,1,1,1,0,1,1,1,1,1,229.0529045,228.9613576,230.0742714,9.590644702,11.5293326,7.041951341,229.8895932,228.2391935,232.6156746,4.292180583,10.65500915,11.85101936
2012,24,24,24,1,1,1,1,1,1,1,0,1,1,1,1,229.0524638,228.9517206,230.079266,9.5928694,11.55382158,7.070827256,229.8889656,228.2341812,232.6284926,4.29075465,10.68059352,11.87616182
2013,24,24,24,1,1,1,1,1,1,1,1,0,1,1,1,230.0556592,229.0730756,228.955187,7.076082858,9.589024705,11.54720486,232.6030457,229.9099151,228.2422519,11.8781308,4.29532039,10.69137167
2014,24,24,24,1,1,1,1,1,1,1,1,1,0,1,1,230.0570728,229.0677414,228.9572199,7.094228752,9.59698217,11.55464114,232.6096656,229.9012259,228.2419696,11.89167831,4.284197806,10.70415409
2015,24,24,24,1,1,1,1,1,1,1,1,1,1,0,1,228.9300538,230.0748328,229.0760699,11.53877728,7.062855547,9.589483006,228.2161003,232.6199869,229.9100266,10.68258193,11.8622176,4.288978218
2016,24,24,24,1,1,1,1,1,1,1,1,1,1,1,0,228.9348824,230.07406,229.0738507,11.56095164,7.093489943,9.588980124,228.2185978,232.6215272,229.9129331,10.7035512,11.8905757,4.297190822
2017,24,24,24,0,1,1,1,1,1,1,1,1,1,1,1,228.8983098,227.5274253,231.6868769,4.310046546,10.31037053,11.57797964,229.9065216,229.8680701,230.9204661,9.581651603,10.8582311,6.866381542
2018,24,24,24,0,1,1,1,1,1,0,1,1,1,1,1,246.0505891,367.1313393,298.5682353,11.92717365,20.8117758,20.22893391,249.377194,368.7948395,300.6948764,13.70768066,18.22159158,20.0094602
2019,24,24,24,0,1,1,1,1,1,1,0,1,1,1,1,229.0789031,225.3290138,233.6610965,8.615906073,32.45407516,26.72218115,230.0210115,226.1150815,234.5673337,8.582096925,32.26555252,26.68472888
2020,24,24,24,0,1,1,1,1,1,1,1,0,1,1,1,224.8516738,228.1513627,236.8036075,31.89423034,69.05264407,72.00662769,233.8638664,225.8910833,231.3391039,37.70834538,66.12225883,71.41881851
2021,24,24,24,0,1,1,1,1,1,1,1,1,0,1,1,230.3205335,228.232189,229.571043,8.715710979,9.847432999,12.72707626,233.0430851,229.0225159,228.7753485,13.21508974,4.087050781,12.01955857
2022,24,24,24,0,1,1,1,1,1,1,1,1,1,0,1,224.847848,230.573395,232.8225439,67.74026482,72.72201974,37.81339083,229.0006486,238.0815656,225.6996463,70.11637563,72.80164808,31.75762174
2023,24,24,24,0,1,1,1,1,1,1,1,1,1,1,0,227.6161422,228.2817735,232.2572672,4.034573692,12.09506377,13.36667234,228.6808742,230.7659129,231.3257363,9.912345548,12.60083324,9.123821873
2024,24,24,24,1,0,1,1,1,1,1,1,1,1,1,1,228.8945868,227.5364734,231.6885354,4.314954012,10.28305074,11.5643196,229.8997151,229.8774306,230.9172258,9.580169909,10.85497545,6.828869801
2025,24,24,24,1,0,1,1,1,1,0,1,1,1,1,1,229.0773763,225.3343002,233.6538996,8.61506165,32.39779881,26.66392431,230.0194115,226.1159443,234.5653566,8.582162653,32.2080577,26.6297629
2026,24,24,24,1,0,1,1,1,1,1,0,1,1,1,1,245.9013143,367.2369902,298.5155812,16.12110961,22.65573089,23.9615856,250.2286743,368.9231224,300.9232843,17.86772596,19.26937885,23.5880993
2027,24,24,24,1,0,1,1,1,1,1,1,0,1,1,1,230.3183649,228.2585154,229.556017,8.517007358,9.840574572,12.61600279,232.9948758,229.0496108,228.7367583,13.02596439,4.069792222,11.8176196
2028,24,24,24,1,0,1,1,1,1,1,1,1,0,1,1,224.7069546,228.0995488,236.9083476,32.30466036,70.13059847,73.05648623,233.7605186,225.7108412,231.2439665,38.06883818,67.17005733,72.43068981
2029,24,24,24,1,0,1,1,1,1,1,1,1,1,0,1,227.5589988,228.3707315,232.2557667,3.946559004,12.60217807,13.89116426,228.6543638,230.8747345,231.3280469,10.0396277,13.08286704,9.951924503
2030,24,24,24,1,0,1,1,1,1,1,1,1,1,1,0,224.8348067,230.5819312,232.9437966,67.51741367,72.58048635,37.89356847,228.9650886,237.996548,225.6926144,69.89080049,72.63900692,31.79650868
2031,24,24,24,1,1,0,1,1,1,1,1,1,1,1,1,231.6616866,228.9173024,227.5398272,11.5736841,4.320460642,10.29778907,230.8929467,229.9237449,229.8790719,6.838561558,9.576307154,10.84667664
2032,24,24,24,1,1,0,1,1,1,0,1,1,1,1,1,232.4626211,225.4337148,230.4845472,34.04650653,64.25279985,68.26419702,226.2559904,229.260741,237.8600629,27.95726304,66.61740769,68.5156663
2033,24,24,24,1,1,0,1,1,1,1,0,1,1,1,1,232.1607536,227.6500575,228.2284724,13.30758689,3.967381952,12.04633208,231.2680539,228.7232042,230.7481633,9.156670224,9.960318095,12.59925356
2034,24,24,24,1,1,0,1,1,1,1,1,0,1,1,1,298.5112438,246.1852977,367.4878863,22.02780696,13.75880183,21.5835661,301.0806063,250.4318412,369.1736853,21.68271463,15.82953834,18.10916561
2035,24,24,24,1,1,0,1,1,1,1,1,1,0,1,1,233.644313,229.0924342,225.3264219,26.7707915,8.617181028,32.50643429,234.5648574,230.0342003,226.1160343,26.74211074,8.582274346,32.32258827
2036,24,24,24,1,1,0,1,1,1,1,1,1,1,0,1,236.880741,224.7321905,228.1062391,72.94497352,32.237839,70.02990216,231.2232595,233.7748264,225.7265589,72.31915786,38.00240634,67.07089388
2037,24,24,24,1,1,0,1,1,1,1,1,1,1,1,0,229.5337754,230.3408792,228.2553249,12.62292427,8.52124834,9.830709925,228.7152996,233.0183988,229.0502652,11.82875783,13.03006954,4.080254513
2038,24,24,24,1,1,1,0,1,1,1,1,1,1,1,1,231.6603865,228.9199004,227.5364231,11.55568444,4.312449585,10.27340399,230.8946212,229.9255594,229.8796345,6.82401548,9.583631333,10.83833724
2039,24,24,24,1,1,1,0,1,1,0,1,1,1,1,1,232.3660469,227.4983509,228.4125902,13.58761613,4.066689589,12.29596078,231.3963077,228.5576835,230.8488711,9.354367749,9.915009785,12.68307783
2040,24,24,24,1,1,1,0,1,1,1,0,1,1,1,1,232.8927682,224.6400121,230.5528999,39.01776666,68.76335573,74.15763275,225.5085646,228.9174907,238.1078288,33.011779,71.15968434,74.1879437
2041,24,24,24,1,1,1,0,1,1,1,1,0,1,1,1,233.6468225,229.0921116,225.3365117,26.72446958,8.615658427,32.45773516,234.5543486,230.035863,226.118944,26.68903956,8.583590911,32.26816906
2042,24,24,24,1,1,1,0,1,1,1,1,1,0,1,1,298.3229193,244.7611806,367.0005129,22.20624283,14.93954763,21.2244344,300.3399883,248.913475,368.8063402,21.20287627,17.06814484,17.71930937
2043,24,24,24,1,1,1,0,1,1,1,1,1,1,0,1,229.5643188,230.3731421,228.2658994,12.76651387,8.786960198,9.863171045,228.7616398,233.0822463,229.0539351,12.02866773,13.22637189,4.05887854
2044,24,24,24,1,1,1,0,1,1,1,1,1,1,1,0,236.6573972,225.0374566,228.0582747,70.7625991,31.21683419,67.84749079,231.3433858,233.900112,225.9934769,70.21120588,37.07723514,64.97337767
2045,24,24,24,1,1,1,1,0,1,1,1,1,1,1,1,227.5091723,231.6774585,228.922255,10.27751401,11.5486245,4.31288763,229.8532127,230.9169057,229.9286042,10.84424811,6.823695838,9.579167178
2046,24,24,24,1,1,1,1,0,1,0,1,1,1,1,1,228.3698845,236.525221,225.481737,64.43995269,65.96452267,26.42705062,226.602101,231.1187598,233.2395695,61.61108234,65.12858442,32.43883441
2047,24,24,24,1,1,1,1,0,1,1,0,1,1,1,1,228.2431745,229.5621046,230.3460849,9.851957938,12.6765928,8.623387475,229.0296206,228.7353252,233.0143025,4.062361023,11.87613175,13.08220295
2048,24,24,24,1,1,1,1,0,1,1,1,0,1,1,1,230.5309197,232.8947068,224.6677073,73.93082434,38.84401534,68.59930758,238.0775402,225.5487816,228.9324123,73.9659416,32.83358723,70.99450791
2049,24,24,24,1,1,1,1,0,1,1,1,1,0,1,1,228.3173537,232.3515742,227.6708856,12.19070107,13.44877872,4.018154104,230.758906,231.3628648,228.7438464,12.53208165,9.172117232,9.942316682
2050,24,24,24,1,1,1,1,0,1,1,1,1,1,0,1,366.7181056,298.1883852,244.514674,20.08260188,20.65100893,14.18080612,368.4569441,300.6849296,248.8256586,16.22603152,20.27323689,16.3440821
2051,24,24,24,1,1,1,1,0,1,1,1,1,1,1,0,225.3151871,233.6672077,229.0932114,32.45313491,26.72136302,8.615052243,226.1009821,234.5793768,230.0340932,32.26717475,26.69052414,8.582824287
2052,24,24,24,1,1,1,1,1,0,1,1,1,1,1,1,227.5106836,231.6882354,228.9179357,10.33074816,11.60239531,4.316529276,229.8507207,230.9180317,229.9233514,10.87395254,6.883190486,9.581371379
2053,24,24,24,1,1,1,1,1,0,0,1,1,1,1,1,228.2287753,229.5485045,230.3423156,9.83144046,12.63783541,8.563288702,229.0210955,228.7388612,233.0372285,4.084518795,11.88485941,13.0856185
2054,24,24,24,1,1,1,1,1,0,1,0,1,1,1,1,228.1339953,236.8463059,224.8031686,69.43484679,72.23112941,31.6950085,225.8197907,231.2675318,233.8094948,66.49034266,71.59970303,37.51593432
2055,24,24,24,1,1,1,1,1,0,1,1,0,1,1,1,228.196188,232.1626504,227.7198535,12.01717443,13.26691822,4.021434466,230.7112284,231.2725763,228.7747761,12.5949431,9.078085424,9.918244035
2056,24,24,24,1,1,1,1,1,0,1,1,1,0,1,1,230.6257916,233.0005579,224.8293593,72.78598136,38.43519074,67.38762611,237.9453941,225.7251385,228.903842,72.77478012,32.37409409,69.74084103
2057,24,24,24,1,1,1,1,1,0,1,1,1,1,0,1,225.313851,233.6569584,229.0938056,32.44743255,26.71538475,8.616129434,226.1081743,234.5834518,230.0361857,32.26985571,26.68775365,8.581949679
2058,24,24,24,1,1,1,1,1,0,1,1,1,1,1,0,366.9057809,298.3350197,245.2781899,22.03563775,23.08325879,15.20398779,368.6196513,300.3640328,247.9147602,18.99836827,22.50715377,16.39637115
2059,24,32,96,1,1,1,1,1,1,1,1,1,1,1,1,229.2506208,194.7770113,272.5998657,5.88165388,3.752926996,1.913411024,230.0786584,195.1540663,272.8667099,5.101045831,3.624290589,2.636766521
2060,24,32,96,1,1,1,1,1,1,0,1,1,1,1,1,229.013145,194.0428974,273.4574835,9.789632165,10.98453676,7.056183252,229.8470222,192.6330771,275.0287299,4.17025943,9.307056827,9.588337092
2061,24,32,96,1,1,1,1,1,1,1,0,1,1,1,1,229.0117557,194.0432655,273.4605326,9.788486661,10.99958706,7.072796416,229.8458463,192.6325579,275.0363714,4.169560337,9.319459493,9.604344708
2062,24,32,96,1,1,1,1,1,1,1,1,0,1,1,1,229.6484222,194.8264149,272.2268757,5.941216804,6.510283844,7.678740596,231.854814,195.4582534,271.1721589,9.66061921,3.271675186,7.261249678
2063,24,32,96,1,1,1,1,1,1,1,1,1,0,1,1,229.6498649,194.8230793,272.2341858,5.974841212,6.518582181,7.702464151,231.8578567,195.4532817,271.1745745,9.675863981,3.261586756,7.283889386
2064,24,32,96,1,1,1,1,1,1,1,1,1,1,0,1,229.0453887,195.1831648,272.5545647,9.930451803,4.930993033,4.9502664,228.5329988,196.3594215,273.4063706,7.968402174,8.489069061,3.894695615
2065,24,32,96,1,1,1,1,1,1,1,1,1,1,1,0,229.0482216,195.183837,272.5517419,9.930993165,4.934399278,4.946471477,228.5383331,196.3580682,273.4023332,7.974291647,8.4864005,3.894783717
2066,24,32,96,0,1,1,1,1,1,1,1,1,1,1,1,228.9308022,191.8719481,275.2105142,4.443061713,9.950365103,9.906909105,229.8900274,194.1586747,273.9613145,9.570251711,11.36241596,7.681352617
2067,24,32,96,0,1,1,1,1,1,0,1,1,1,1,1,264.4151353,325.9072191,345.313096,8.466492351,11.1356613,11.09588028,267.4887278,327.2756622,346.5583713,11.46036995,11.699589,12.34887976
2068,24,32,96,0,1,1,1,1,1,1,0,1,1,1,1,229.2101838,188.0465532,277.9319548,8.632333082,40.90086508,34.85925073,230.1502515,188.5475208,278.0171771,8.560486155,40.7929798,34.84676063
2069,24,32,96,0,1,1,1,1,1,1,1,0,1,1,1,225.6734593,192.0189571,279.2817339,24.65699083,57.94729895,60.35878733,233.1573868,191.2062071,274.187328,30.0474618,56.4811318,60.10390606
2070,24,32,96,0,1,1,1,1,1,1,1,1,0,1,1,231.780904,188.9734942,277.61991,16.61219617,7.531917752,17.02004513,234.5075835,189.8920481,276.9650594,18.49612057,4.658822981,17.06990456
2071,24,32,96,0,1,1,1,1,1,1,1,1,1,0,1,226.5335336,194.4635057,275.5678514,54.29240638,58.31967438,28.76752091,229.9833881,200.8561939,269.9419538,56.54782683,58.76898837,26.27063328
2072,24,32,96,0,1,1,1,1,1,1,1,1,1,1,0,228.725838,191.884894,275.4224191,4.372871956,11.14094095,11.14308813,229.7200697,194.1553591,274.1225831,9.636153412,12.36058446,9.194990603
2073,24,32,96,1,0,1,1,1,1,1,1,1,1,1,1,228.9376545,191.8769752,275.2040027,4.445431089,9.91813194,9.87673591,229.8962592,194.1611791,273.9554658,9.570010084,11.34534328,7.647884672
2074,24,32,96,1,0,1,1,1,1,0,1,1,1,1,1,229.201432,188.0334801,277.9687856,8.632906789,41.02447057,34.98288441,230.1415204,188.5213868,278.0326543,8.560667308,40.9117846,34.96627644
2075,24,32,96,1,0,1,1,1,1,1,0,1,1,1,1,264.7122252,326.1776309,344.9865001,8.486065471,13.70022955,13.57657249,267.2559599,327.264645,345.8712508,10.97439384,14.00018624,14.43174347
2076,24,32,96,1,0,1,1,1,1,1,1,0,1,1,1,230.1950871,192.2792756,274.1161287,9.919643358,6.969558109,11.05433336,232.790949,192.8938094,273.027355,13.03558184,3.217478222,10.9084743
2077,24,32,96,1,0,1,1,1,1,1,1,1,0,1,1,224.660067,191.8415049,280.2498539,29.41666016,66.43330008,69.36127819,233.1513596,190.2200651,274.0217012,34.5137393,64.80344933,69.08678975
2078,24,32,96,1,0,1,1,1,1,1,1,1,1,0,1,228.7471417,191.8900235,275.4005617,4.398842757,10.95183915,10.93902767,229.732698,194.1656916,274.1015533,9.609389779,12.23256507,8.949525679
2079,24,32,96,1,0,1,1,1,1,1,1,1,1,1,0,226.5821059,194.4785308,275.394106,55.25786978,58.93352274,28.14588229,230.347786,201.2569724,269.9819837,57.63336366,59.49043476,25.66944727
2080,24,32,96,1,1,0,1,1,1,1,1,1,1,1,1,230.7154436,194.7352619,271.3921926,9.607813903,3.332581333,6.742038422,230.2604449,195.1562454,272.6983243,5.626393976,6.638713835,7.178131558
2081,24,32,96,1,1,0,1,1,1,0,1,1,1,1,1,230.9284592,191.0542485,274.1294553,27.54665537,57.28314793,59.74328047,226.0078706,193.1595945,279.9735809,21.95801423,58.55185599,60.05571282
2082,24,32,96,1,1,0,1,1,1,1,0,1,1,1,1,230.1610953,190.8772913,274.2188385,17.99802787,3.565643948,17.02918751,229.8761458,191.4961247,276.2128369,16.43285331,8.35982067,17.45467428
2083,24,32,96,1,1,0,1,1,1,1,1,0,1,1,1,266.725923,179.0774987,465.7712745,26.42360132,15.59490128,21.3215973,263.5788516,173.3425625,464.8357272,25.01635794,12.78012137,22.6205869
2084,24,32,96,1,1,0,1,1,1,1,1,1,0,1,1,231.9182326,195.8748552,269.3919883,17.71083073,6.065158464,21.24939966,232.8678452,196.4447825,269.4421488,17.74669578,6.06378161,21.20865087
2085,24,32,96,1,1,0,1,1,1,1,1,1,1,0,1,233.4605475,192.5377394,271.8077557,55.44103924,21.85329781,54.25385211,230.2471321,198.2225351,270.5200329,55.39548795,26.19093283,53.26628995
2086,24,32,96,1,1,0,1,1,1,1,1,1,1,1,0,229.0862269,195.2703223,272.4537999,10.07044669,5.16741357,4.994888021,228.5462408,196.4698199,273.3128483,8.125360615,8.696868384,3.9007968
2087,24,32,96,1,1,1,0,1,1,1,1,1,1,1,1,230.7161946,194.729057,271.3964194,9.611382804,3.321658094,6.748948452,230.2585367,195.1518811,272.7094116,5.642672713,6.649077993,7.185495131
2088,24,32,96,1,1,1,0,1,1,0,1,1,1,1,1,231.5399749,190.8134204,275.1303463,19.70417221,3.961926262,18.39903458,230.3586944,191.3066765,276.4003989,17.39744439,8.23623806,18.40701865
2089,24,32,96,1,1,1,0,1,1,1,0,1,1,1,1,231.3177528,190.0246887,274.3857696,34.72386669,65.00975461,69.17412725,224.6157752,192.8728105,280.7449444,29.34657803,66.35657749,69.3492079
2090,24,32,96,1,1,1,0,1,1,1,1,0,1,1,1,231.9263433,195.8721851,269.395208,17.75004621,6.063138767,21.28619024,232.8698264,196.4424095,269.4398911,17.7781451,6.064643481,21.24359907
2091,24,32,96,1,1,1,0,1,1,1,1,1,0,1,1,266.5078485,177.9534033,465.3815481,26.54638139,15.7012909,21.61435097,263.3164074,171.8499233,464.3378033,25.2058087,12.72123096,22.93827859
2092,24,32,96,1,1,1,0,1,1,1,1,1,1,0,1,229.0841338,195.2644861,272.4667636,10.07437203,5.152732134,4.993815671,228.5399082,196.4543584,273.3228843,8.10436395,8.669944217,3.898924367
2093,24,32,96,1,1,1,0,1,1,1,1,1,1,1,0,232.8122061,193.1761199,271.4765289,47.81882861,18.35066418,46.756897,230.3294025,198.1105081,270.9774326,47.83168583,22.81942137,45.88369108
2094,24,32,96,1,1,1,1,0,1,1,1,1,1,1,1,227.8082357,195.6727556,273.2747234,7.819856111,8.163121475,3.687358028,229.9817951,195.4641181,272.7956745,9.332048716,4.503758669,4.987968181
2095,24,32,96,1,1,1,1,0,1,0,1,1,1,1,1,228.7914857,200.379603,270.0702458,51.30044515,52.48655935,21.52233992,227.5550387,195.2725724,274.887182,48.64426472,51.51678165,24.07257855
2096,24,32,96,1,1,1,1,0,1,1,0,1,1,1,1,228.7928544,193.9553172,273.7557334,9.880730474,13.08186938,10.25286175,229.5254273,192.6394354,275.3523394,4.115588093,11.84880136,12.08538608
2097,24,32,96,1,1,1,1,0,1,1,1,0,1,1,1,229.5813786,197.8345783,269.854262,53.40401533,24.9271874,51.31045992,234.6157797,193.5357516,271.1247648,53.1634863,20.44360115,52.18256208
2098,24,32,96,1,1,1,1,0,1,1,1,1,0,1,1,227.8248144,195.8940213,273.0954635,8.162972366,8.669856023,3.73675698,230.081411,195.6478881,272.5851063,9.720989769,5.111416909,5.099093542
2099,24,32,96,1,1,1,1,0,1,1,1,1,1,0,1,332.9166437,303.2725714,302.6970349,19.18080672,20.66746995,14.42142178,334.5530933,304.2669094,305.4597024,15.79353263,19.04121006,15.42118936
2100,24,32,96,1,1,1,1,0,1,1,1,1,1,1,0,225.0914441,196.5706339,275.2565254,32.70320942,28.33461928,5.492992663,225.9449024,197.0873883,275.3940628,32.56068272,28.25440618,5.493560059
2101,24,32,96,1,1,1,1,1,0,1,1,1,1,1,1,227.8076044,195.6729709,273.2775454,7.790012976,8.132894449,3.689912345,229.9779008,195.4663382,272.7968397,9.306046173,4.460869782,4.982462095
2102,24,32,96,1,1,1,1,1,0,0,1,1,1,1,1,228.7277181,193.9886869,273.7953308,9.911873754,13.97301186,11.51952341,229.4201163,192.722332,275.4296188,4.120883824,12.8824098,13.16584905
2103,24,32,96,1,1,1,1,1,0,1,0,1,1,1,1,228.7193028,200.613904,269.7408172,53.36729758,54.99569563,23.53163897,227.2590614,195.3819386,275.1456673,50.65435666,54.09601408,26.07094464
2104,24,32,96,1,1,1,1,1,0,1,1,0,1,1,1,227.8260478,195.8910451,273.0929938,8.154805403,8.661967467,3.735490609,230.0832284,195.6435144,272.580323,9.7101634,5.091340623,5.094784397
2105,24,32,96,1,1,1,1,1,0,1,1,1,0,1,1,229.2364617,196.7064637,271.5090633,26.26388043,12.74716589,25.74724532,232.1211954,195.4166063,270.7572418,26.48925337,7.865020806,26.13577076
2106,24,32,96,1,1,1,1,1,0,1,1,1,1,0,1,225.0844854,196.5715335,275.2505728,32.75344789,28.38142051,5.48744661,225.9391635,197.086077,275.3885154,32.61002918,28.30029919,5.486229323
2107,24,32,96,1,1,1,1,1,0,1,1,1,1,1,0,332.9016674,302.3406238,300.4730062,25.13855601,29.15507804,22.36972378,334.1270941,302.7785915,299.8055979,24.10905435,28.57746926,22.33040632
2108,32,32,24,1,1,1,1,1,1,1,1,1,1,1,1,227.9326119,243.8645412,217.3892165,4.215525651,4.537984581,5.329383183,228.5290452,244.5680097,218.1839864,4.34502933,4.60695904,5.090604532
2109,32,32,24,1,1,1,1,1,1,0,1,1,1,1,1,227.8134146,243.5522079,217.9709805,7.622768228,9.892342575,6.129679008,228.5964464,242.8106711,220.2233105,3.869035157,9.044016822,10.58036311
2110,32,32,24,1,1,1,1,1,1,1,0,1,1,1,1,227.8188335,243.5469869,217.9726493,7.623566613,9.89485681,6.133289836,228.6004162,242.8061552,220.2234874,3.86512197,9.046284401,10.57820282
2111,32,32,24,1,1,1,1,1,1,1,1,0,1,1,1,228.6297106,243.6308724,217.0097817,6.225777832,8.218675394,10.89809787,230.5869235,244.4872673,216.2494483,10.43909416,4.133170318,9.609750152
2112,32,32,24,1,1,1,1,1,1,1,1,1,0,1,1,228.6269465,243.6319145,217.0127847,6.243418607,8.221631138,10.9080848,230.5835148,244.484965,216.2523178,10.44245881,4.128467105,9.619002396
2113,32,32,24,1,1,1,1,1,1,1,1,1,1,0,1,227.4226571,244.5826523,217.1847242,10.57114253,6.484052952,9.137834213,226.3993702,246.8234379,217.9811386,9.47528766,10.73692187,4.044554623
2114,32,32,24,1,1,1,1,1,1,1,1,1,1,1,0,227.4213715,244.5803974,217.1871552,10.5897144,6.53464642,9.147442761,226.4020289,246.8328802,217.9761008,9.519625412,10.77925011,4.03176634
2115,32,32,24,0,1,1,1,1,1,1,1,1,1,1,1,227.8744246,242.3760792,219.2516203,3.844103402,8.524830499,10.26580282,228.3914033,244.3578376,218.6696513,7.691213318,9.169950863,5.740962796
2116,32,32,24,0,1,1,1,1,1,0,1,1,1,1,1,235.7811662,390.4591868,282.0711824,12.1308188,20.67696486,21.94425511,240.3876814,392.2867565,285.0325856,14.81409973,18.03884171,21.87128992
2117,32,32,24,0,1,1,1,1,1,1,0,1,1,1,1,228.6279867,240.2633645,220.9011197,7.084767416,28.07294464,23.26214255,229.2915279,240.8426479,221.7756918,7.071257123,27.94647925,23.2433769
2118,32,32,24,0,1,1,1,1,1,1,1,0,1,1,1,224.5843126,243.0879183,223.5047054,27.19939919,60.92376551,63.16342871,231.8741077,241.3108708,218.9823891,31.97724864,58.61763715,62.7091196
2119,32,32,24,0,1,1,1,1,1,1,1,1,0,1,1,228.8228958,243.2958914,217.2038829,7.12468922,8.338777889,11.46625721,230.8636961,244.1335463,216.413084,11.12840618,4.05686727,10.29530795
2120,32,32,24,0,1,1,1,1,1,1,1,1,1,0,1,224.7369814,244.8768197,219.7479575,55.49633051,57.54058656,27.00930876,226.9446509,251.0170284,214.992601,57.0871101,57.91583494,21.03433893
2121,32,32,24,0,1,1,1,1,1,1,1,1,1,1,0,226.4081277,243.2185752,219.9354275,3.691261217,11.28596299,12.87815922,226.9770385,245.3141453,219.1437843,8.0661785,11.71604522,9.182266498
2122,32,32,24,1,0,1,1,1,1,1,1,1,1,1,1,227.8748501,242.3736808,219.2569397,3.843369553,8.540967559,10.2817856,228.3915234,244.3556544,218.6691425,7.690107994,9.187646019,5.752022126
2123,32,32,24,1,0,1,1,1,1,0,1,1,1,1,1,228.6323684,240.2645533,220.8933993,7.084070719,28.0148586,23.20253571,229.2960249,240.8461049,221.7707665,7.071590819,27.88695174,23.1857283
2124,32,32,24,1,0,1,1,1,1,1,0,1,1,1,1,235.2405377,390.4685829,282.0728737,17.37428549,22.51817632,25.03869257,239.2910662,391.7241575,284.3767326,18.57373308,19.82077327,24.84507568
2125,32,32,24,1,0,1,1,1,1,1,1,0,1,1,1,228.8211794,243.3105476,217.1947124,6.965002348,8.333711232,11.39421756,230.8379581,244.1494989,216.3849953,11.00871154,4.058941143,10.16089313
2126,32,32,24,1,0,1,1,1,1,1,1,1,0,1,1,224.2816844,243.0646514,223.8078051,28.43270625,63.72105802,65.98783621,231.7920514,240.9999186,218.8908817,33.14611508,61.36015658,65.48471094
2127,32,32,24,1,0,1,1,1,1,1,1,1,1,0,1,226.382197,243.3360344,219.6547197,3.548416177,12.44247484,13.91928738,227.0202384,245.5616202,218.9350906,8.379839362,12.87549535,10.71584057
2128,32,32,24,1,0,1,1,1,1,1,1,1,1,1,0,223.7122442,245.2241757,220.5316234,63.31053517,67.24572756,33.92985802,226.6903709,251.7166997,213.9817635,65.0157232,67.30925085,28.1593874
2129,32,32,24,1,1,0,1,1,1,1,1,1,1,1,1,230.0055526,243.7313178,215.5098904,10.22529539,4.121079616,9.416208393,229.2678784,244.2823714,217.8152623,6.077821656,8.207469727,10.40595312
2130,32,32,24,1,1,0,1,1,1,0,1,1,1,1,1,231.4270533,240.9801808,218.1912813,28.91266789,53.31699868,56.9525911,226.1079275,243.4718712,223.794821,23.87762987,55.1373219,56.96730633
2131,32,32,24,1,1,0,1,1,1,1,0,1,1,1,1,230.3721196,243.2077886,215.7158156,11.0996038,3.997463629,10.25808797,229.557465,243.7861428,218.1082737,7.22412511,8.391727659,11.19713413
2132,32,32,24,1,1,0,1,1,1,1,1,0,1,1,1,310.4651186,269.7317372,341.1161,24.80854347,17.72362475,22.52241935,311.7011676,272.0961496,342.7109712,24.44347521,18.23267527,20.95201253
2133,32,32,24,1,1,0,1,1,1,1,1,1,0,1,1,231.930402,244.2305209,212.941165,28.34145429,7.570681571,33.83194687,232.5524063,244.9372155,213.7159388,28.28864192,7.540272753,33.67195071
2134,32,32,24,1,1,0,1,1,1,1,1,1,1,0,1,235.4265797,239.4441689,216.2112324,68.51603638,29.99517851,65.80903859,229.4437867,247.5239867,214.0094306,67.8247537,34.74486972,63.09308637
2135,32,32,24,1,1,0,1,1,1,1,1,1,1,1,0,227.7853759,244.8037042,216.5809472,11.59224874,7.911639393,9.351758792,226.6789722,247.1654078,217.3307429,10.60768704,11.83948108,3.847293994
2136,32,32,24,1,1,1,0,1,1,1,1,1,1,1,1,229.9943426,243.734849,215.5026371,10.21258484,4.118505666,9.412880196,229.2660978,244.2868413,217.8168412,6.092935136,8.209713551,10.42266406
2137,32,32,24,1,1,1,0,1,1,0,1,1,1,1,1,230.4240504,243.189672,215.744943,11.26679373,4.017942399,10.43085541,229.5662523,243.7671536,218.1122529,7.392402069,8.392814012,11.26954342
2138,32,32,24,1,1,1,0,1,1,1,0,1,1,1,1,231.5051381,240.0070525,218.1366256,33.81077052,62.56250843,66.81471354,225.1664338,243.4441609,224.8958489,28.95638062,64.52239774,66.82502797
2139,32,32,24,1,1,1,0,1,1,1,1,0,1,1,1,231.9405793,244.2338974,212.9393333,28.4540346,7.571333217,33.94445044,232.5660181,244.9409583,213.7167716,28.40571774,7.541676335,33.78687849
2140,32,32,24,1,1,1,0,1,1,1,1,1,0,1,1,310.2836238,269.0428601,340.8702234,19.86367099,11.78972777,19.69821792,312.5307452,273.3321806,342.928802,19.45807712,14.58086357,16.59603133
2141,32,32,24,1,1,1,0,1,1,1,1,1,1,0,1,227.891338,244.8630352,216.5668593,12.25752179,8.962902847,9.406328982,226.8184029,247.2729783,217.3016806,11.39204815,12.57280044,3.80443981
2142,32,32,24,1,1,1,0,1,1,1,1,1,1,1,0,234.9821569,239.9201346,216.1092511,65.02962258,28.29822928,62.39996902,229.5296953,247.6514682,214.3704079,64.41053634,33.1499316,59.80690361
2143,32,32,24,1,1,1,1,0,1,1,1,1,1,1,1,225.8800468,246.1234247,217.0662067,9.244637183,10.52005521,4.141461871,228.0040661,245.2530415,217.9994515,10.14891702,6.406794942,9.077757039
2144,32,32,24,1,1,1,1,0,1,0,1,1,1,1,1,226.5262318,248.8635241,215.3163014,46.87750833,46.90579557,14.18820101,226.3930701,244.8767345,220.1300288,45.19086815,45.94883731,20.36607021
2145,32,32,24,1,1,1,1,0,1,1,0,1,1,1,1,226.9661714,244.1925571,218.2229353,7.94337828,11.5404662,8.47046884,227.6959915,243.315455,220.5809676,3.668679028,10.81024328,12.28128943
2146,32,32,24,1,1,1,1,0,1,1,1,0,1,1,1,228.7717316,246.8153402,213.2205951,69.89931417,35.8665783,65.07629735,236.0691188,239.8924671,217.3409657,70.15404282,30.96630367,67.3147586
2147,32,32,24,1,1,1,1,0,1,1,1,1,0,1,1,226.4111537,246.6759654,216.1886893,11.30321755,12.5048461,3.846805261,228.6051117,245.583436,217.1910309,11.93289708,8.934004981,9.405510339
2148,32,32,24,1,1,1,1,0,1,1,1,1,1,0,1,373.0152919,305.2089165,232.648167,21.2332756,22.95019725,14.89080623,374.6199108,307.7494953,237.325019,18.45185317,22.7508017,17.05663966
2149,32,32,24,1,1,1,1,0,1,1,1,1,1,1,0,223.2737926,248.1465428,217.4364055,31.76362625,26.29651366,8.172063862,223.8087047,248.8356437,218.3312383,31.63440169,26.27791676,8.142524802
2150,32,32,24,1,1,1,1,1,0,1,1,1,1,1,1,225.8808413,246.133556,217.0690383,9.278418935,10.56193923,4.139697289,228.0015724,245.2511782,218.0037705,10.1611808,6.444489785,9.081760736
2151,32,32,24,1,1,1,1,1,0,0,1,1,1,1,1,226.9604097,244.1198328,218.2347313,7.882033028,11.08864298,7.802358268,227.7102886,243.2884787,220.6667346,3.716371296,10.42275562,11.94586569
2152,32,32,24,1,1,1,1,1,0,1,0,1,1,1,1,226.1895724,250.6565704,213.316483,65.3011677,67.68580625,28.53625421,224.3994491,245.4900262,221.6531834,63.21011461,67.25142684,34.04965628
2153,32,32,24,1,1,1,1,1,0,1,1,0,1,1,1,226.282658,246.5423555,216.1921811,11.09636259,12.29794268,3.888758656,228.518075,245.5323008,217.1814426,11.85867582,8.738083729,9.354087551
2154,32,32,24,1,1,1,1,1,0,1,1,1,0,1,1,228.8684125,246.9433973,213.3883048,68.4611038,35.34880868,63.58024728,235.8856518,240.1245837,217.2788675,68.67360144,30.40301248,65.76816075
2155,32,32,24,1,1,1,1,1,0,1,1,1,1,0,1,223.2733696,248.1570284,217.4336123,31.78611497,26.32028822,8.172611969,223.8102873,248.8493114,218.3304252,31.65670432,26.30020182,8.143190869
2156,32,32,24,1,1,1,1,1,0,1,1,1,1,1,0,373.1364999,305.3814499,233.8569881,20.20354292,21.62361448,14.7372555,374.7713906,307.6772145,237.0644102,17.58793206,21.47977668,16.36332755
2157,32,48,16,1,1,1,1,1,1,1,1,1,1,1,1,217.9270966,282.3165977,199.306487,4.13663054,3.532623441,7.289799051,218.3588064,282.9416172,200.4249082,4.124128942,4.127062324,6.407401797
2158,32,48,16,1,1,1,1,1,1,0,1,1,1,1,1,217.9634644,282.1341088,199.7215655,7.243871949,8.945713599,7.313248021,218.6568351,281.4551619,202.4285519,3.642867701,8.848439078,11.31154749
2159,32,48,16,1,1,1,1,1,1,1,0,1,1,1,1,217.9636536,282.1359178,199.716298,7.243468256,8.920984415,7.285765073,218.6549517,281.4589205,202.4193838,3.640427063,8.81846904,11.28148618
2160,32,48,16,1,1,1,1,1,1,1,1,0,1,1,1,218.515976,282.0177465,199.0737163,6.342029752,7.244781125,12.0488599,219.9605872,282.9833086,198.6665968,10.31738879,4.427886599,10.28024076
2161,32,48,16,1,1,1,1,1,1,1,1,1,0,1,1,218.5194451,282.0127917,199.0811202,6.331908164,7.249845802,12.04997476,219.9591738,282.9828323,198.6667356,10.30652929,4.428594485,10.26038584
2162,32,48,16,1,1,1,1,1,1,1,1,1,1,0,1,217.0574828,283.261072,199.0499649,12.39961097,7.921031776,11.89841571,215.5326153,285.652197,199.8494704,10.79592117,11.6961177,4.394096899
2163,32,48,16,1,1,1,1,1,1,1,1,1,1,1,0,217.0626106,283.2624819,199.0391996,12.4076742,7.940132005,11.89868549,215.5375297,285.6624091,199.8396923,10.81305363,11.71847516,4.393098351
2164,32,48,16,0,1,1,1,1,1,1,1,1,1,1,1,217.8054474,281.4917529,200.8933245,3.67464741,8.059453645,11.08224318,218.2914644,283.0594361,200.6114682,7.400294717,8.043459755,6.811840253
2165,32,48,16,0,1,1,1,1,1,0,1,1,1,1,1,201.5710573,466.0860758,244.8775396,16.67461626,21.43823698,26.98549718,195.5071143,465.3921222,242.5352914,12.86265918,23.30491859,25.8812703
2166,32,48,16,0,1,1,1,1,1,1,0,1,1,1,1,218.7546612,280.0470269,202.0743378,6.78571548,22.71682675,18.96043762,219.3918782,280.4038049,203.380839,6.779098084,22.62417807,19.00925497
2167,32,48,16,0,1,1,1,1,1,1,1,0,1,1,1,215.9740906,282.2931395,203.7003252,22.53957398,53.57825908,54.87772502,221.7802545,280.9529201,201.0164012,27.53653052,51.7310077,54.89224935
2168,32,48,16,0,1,1,1,1,1,1,1,1,0,1,1,218.5689202,281.9650566,199.1019349,6.46298908,7.268539584,12.12753761,220.019872,282.9313765,198.6835215,10.4088241,4.418516664,10.3560208
2169,32,48,16,0,1,1,1,1,1,1,1,1,1,0,1,212.5407912,284.8111673,202.0089192,69.22626066,73.65114806,37.79687118,215.0540918,291.3811172,194.8854069,70.68233359,73.65750313,30.98824336
2170,32,48,16,0,1,1,1,1,1,1,1,1,1,1,0,209.0274564,291.341519,204.1569901,6.858663075,21.12584685,22.40864073,209.118662,293.4822677,204.0513384,10.16747752,21.18495502,20.09656368
2171,32,48,16,1,0,1,1,1,1,1,1,1,1,1,1,217.8057845,281.4883778,200.8969725,3.671677831,8.080211911,11.09403606,218.2923276,283.0576536,200.6145587,7.400945223,8.068256619,6.828791185
2172,32,48,16,1,0,1,1,1,1,0,1,1,1,1,1,218.7456251,280.0535847,202.0679304,6.785685714,22.71396863,18.94774561,219.3831609,280.4146807,203.3874753,6.779362784,22.61652571,19.01063415
2173,32,48,16,1,0,1,1,1,1,1,0,1,1,1,1,190.3622494,464.0339206,239.7071808,17.69550827,27.79826925,31.90077269,199.4892959,466.2192972,245.8101215,21.28913541,25.46636129,32.87228322
2174,32,48,16,1,0,1,1,1,1,1,1,0,1,1,1,218.559906,281.9707389,199.1005874,6.393715468,7.26250959,12.08809787,220.0058198,282.9385661,198.6803425,10.36180992,4.42261646,10.30706959
2175,32,48,16,1,0,1,1,1,1,1,1,1,0,1,1,215.4222702,282.3312855,204.3758263,26.14006715,60.85787625,62.3400791,221.896589,280.306842,200.9775246,30.99488769,58.89848157,62.28479976
2176,32,48,16,1,0,1,1,1,1,1,1,1,1,0,1,208.3327824,292.8483076,205.7433014,6.634632261,22.83018088,23.98809482,208.2519837,294.500611,205.7007735,9.74367742,22.2022283,22.16561352
2177,32,48,16,1,0,1,1,1,1,1,1,1,1,1,0,212.5349695,284.8159418,202.1362017,69.00013878,73.51135668,37.91746319,215.0309785,291.2680328,194.8502281,70.45249401,73.49954145,31.04603841
2178,32,48,16,1,1,0,1,1,1,1,1,1,1,1,1,219.3140791,282.4544501,197.5318994,10.09824884,4.236540713,10.20772383,218.9332549,282.5232878,200.2534585,6.088006296,7.28240822,11.47504687
2179,32,48,16,1,1,0,1,1,1,0,1,1,1,1,1,221.1963134,280.5388797,199.5911507,21.37532129,40.76899989,43.18338465,217.9749993,281.6977024,204.0272678,16.07996309,42.1845546,42.85892937
2180,32,48,16,1,1,0,1,1,1,1,0,1,1,1,1,219.4937886,282.3071193,197.5585163,10.47423285,4.224270574,10.50250332,219.0753931,282.375803,200.3170574,6.53178995,7.363939722,11.74141284
2181,32,48,16,1,1,0,1,1,1,1,1,0,1,1,1,332.1871227,320.9956458,295.2738428,22.14994095,16.82051756,21.78838988,333.0361023,322.7027124,297.0508439,21.74783434,17.12342333,20.01585455
2182,32,48,16,1,1,0,1,1,1,1,1,1,0,1,1,220.6052845,283.1081344,194.9399915,33.28666307,7.111521548,38.81568558,221.1482346,283.5911723,196.1498388,33.17422326,7.082210855,38.59965225
2183,32,48,16,1,1,0,1,1,1,1,1,1,1,0,1,225.8645185,277.5225494,198.7536765,67.97136264,30.82669531,65.11883183,218.9002415,285.3088649,196.264332,66.83114937,34.72539001,61.35880519
2184,32,48,16,1,1,0,1,1,1,1,1,1,1,1,0,217.1724731,283.4214837,198.6764003,13.55254027,9.575835141,12.06293361,215.5964029,285.913243,199.4235943,12.10787308,12.97940281,4.199658612
2185,32,48,16,1,1,1,0,1,1,1,1,1,1,1,1,219.3088847,282.4548512,197.5363492,10.08383861,4.240303225,10.20046909,218.9337926,282.5231173,200.258749,6.078941467,7.276266294,11.47842025
2186,32,48,16,1,1,1,0,1,1,0,1,1,1,1,1,219.491634,282.3013609,197.5682936,10.44478632,4.226692345,10.48233929,219.0820948,282.3682867,200.3275751,6.516252421,7.357752637,11.73938641
2187,32,48,16,1,1,1,0,1,1,1,0,1,1,1,1,222.0362256,279.0216137,199.7389172,30.92459462,58.91498323,62.48599079,216.7749166,281.794847,205.8834726,25.90635912,60.57566051,61.98283193
2188,32,48,16,1,1,1,0,1,1,1,1,0,1,1,1,220.6078672,283.1069023,194.9305126,33.38354163,7.109478329,38.91195167,221.1635803,283.5877771,196.1474262,33.2771507,7.081375135,38.70419841
2189,32,48,16,1,1,1,0,1,1,1,1,1,0,1,1,332.4998145,324.5319747,294.7981532,18.59155982,11.16278705,19.09151996,333.869757,327.8404146,297.2955534,17.6270016,13.50841262,16.11109768
2190,32,48,16,1,1,1,0,1,1,1,1,1,1,0,1,217.1783701,283.4702919,198.6602228,14.18601259,10.52083935,12.0730978,215.6313445,285.9513601,199.3931096,12.82303535,13.65160036,4.199568692
2191,32,48,16,1,1,1,0,1,1,1,1,1,1,1,0,225.3993774,277.9686993,198.638068,65.1839986,29.51617585,62.36991886,218.9310515,285.4890723,196.5773104,64.11344467,33.48327563,58.74223312
2192,32,48,16,1,1,1,1,0,1,1,1,1,1,1,1,214.7343027,285.2921498,198.6758588,11.26252444,11.81343099,4.806081399,217.18613,283.9432131,200.3363813,12.57100587,8.471820953,11.62146635
2193,32,48,16,1,1,1,1,0,1,0,1,1,1,1,1,214.8954288,288.830629,196.2239175,56.99362937,57.39852819,18.71992011,214.7391402,283.8675767,202.9782101,55.45146341,56.76921307,25.934103
2194,32,48,16,1,1,1,1,0,1,1,0,1,1,1,1,213.3567098,287.0451368,200.1189245,8.817715631,16.38921056,15.43855048,213.8771251,285.90154,202.8667503,3.671382187,16.05127763,17.62222108
2195,32,48,16,1,1,1,1,0,1,1,1,0,1,1,1,217.6064458,284.9635672,195.4831671,71.74918243,37.51673899,65.95150167,225.9597408,277.5231848,201.136494,72.36579543,33.58208763,69.09107792
2196,32,48,16,1,1,1,1,0,1,1,1,1,0,1,1,214.9071472,285.5115351,198.1907331,12.25839491,12.83950853,4.565357573,217.4359352,284.0492942,199.9007681,13.47479364,9.677864484,11.80410103
2197,32,48,16,1,1,1,1,0,1,1,1,1,1,0,1,364.5765821,337.6863978,223.4112876,16.95089178,18.72696592,13.86123272,365.8837805,339.3111169,226.1213615,19.02156385,20.92185907,15.93470599
2198,32,48,16,1,1,1,1,0,1,1,1,1,1,1,0,211.1184483,288.0732466,198.6742859,40.23275924,33.53551418,10.22771958,211.6076142,288.5276366,199.9746892,40.08493892,33.52021574,10.15792125
2199,32,48,16,1,1,1,1,1,0,1,1,1,1,1,1,214.7314808,285.3221945,198.6734663,11.33738768,11.89588469,4.800988928,217.1757206,283.9492949,200.3376021,12.60511801,8.557981759,11.62437458
2200,32,48,16,1,1,1,1,1,0,0,1,1,1,1,1,211.6853231,287.8181446,201.9303145,8.110609071,16.01551273,15.4146006,212.5916611,287.284248,205.1702446,4.472104758,16.17114474,18.02930741
2201,32,48,16,1,1,1,1,1,0,1,0,1,1,1,1,214.1507863,289.907898,194.4891859,71.51742523,74.64057271,31.86829383,212.7458094,284.2700026,204.4716005,69.67437049,74.39828407,38.30317275
2202,32,48,16,1,1,1,1,1,0,1,1,0,1,1,1,214.919555,285.5248938,198.1757574,12.33872641,12.9362478,4.567546304,217.439731,284.0382602,199.8870732,13.51061896,9.76426476,11.80466281
2203,32,48,16,1,1,1,1,1,0,1,1,1,0,1,1,217.670073,285.0935215,195.6119324,70.68603454,37.10091093,64.85492379,225.8125205,277.7282863,201.0686646,71.27194856,33.13332153,67.94943881
2204,32,48,16,1,1,1,1,1,0,1,1,1,1,0,1,211.1158782,288.0627399,198.6754488,40.12256,33.4289801,10.22755942,211.6113151,288.5262772,199.9769744,39.97938724,33.41421441,10.15714789
2205,32,48,16,1,1,1,1,1,0,1,1,1,1,1,0,363.880781,337.8916308,222.4997233,16.52404873,17.593775,12.17084269,365.2272011,339.688019,226.4043162,17.35000426,19.07424084,14.57857113
2206,32,16,96,1,1,1,1,1,1,1,1,1,1,1,1,281.3455107,165.4367642,257.1392702,5.489835574,5.942135266,1.799309309,282.1776703,166.2813501,257.2725279,5.074801074,5.464928088,2.531853198
2207,32,16,96,1,1,1,1,1,1,0,1,1,1,1,1,280.8519883,164.9522356,257.9529362,9.627351345,12.53589794,7.751309408,281.8355854,163.9982448,259.1264008,4.69701148,10.66301892,10.07921361
2208,32,16,96,1,1,1,1,1,1,1,0,1,1,1,1,280.8484176,164.9577153,257.9571953,9.628053463,12.5293601,7.73987468,281.8322771,164.0057097,259.1341708,4.699000084,10.65091033,10.07066243
2209,32,16,96,1,1,1,1,1,1,1,1,0,1,1,1,281.9417853,165.3956024,256.3233111,6.979793519,9.803377049,9.635509346,284.4543262,166.0552031,254.7644216,11.01716674,3.708778889,8.958744162
2210,32,16,96,1,1,1,1,1,1,1,1,1,0,1,1,281.9401459,165.3959286,256.3173305,7.011223474,9.808253939,9.653365107,284.455802,166.0520889,254.7603505,11.03471044,3.704065304,8.980962281
2211,32,16,96,1,1,1,1,1,1,1,1,1,1,0,1,281.2822946,165.7847518,257.3242661,9.434554514,5.597826383,4.612114228,280.8406087,167.8435651,258.0924721,8.227885129,10.0718311,3.643159931
2212,32,16,96,1,1,1,1,1,1,1,1,1,1,1,0,281.2802629,165.7860085,257.3247034,9.437518498,5.60473704,4.60722655,280.8412627,167.8421992,258.0960001,8.236297588,10.07724257,3.648249067
2213,32,16,96,0,1,1,1,1,1,1,1,1,1,1,1,280.7778992,162.8336014,259.4487964,4.793394119,11.36654835,10.48925775,281.4040713,165.6532311,258.4701842,9.448739193,12.86445785,8.424403681
2214,32,16,96,0,1,1,1,1,1,0,1,1,1,1,1,336.6024011,253.8197569,372.8793141,19.66395557,22.7012426,23.70182306,337.1242108,255.1793527,372.7922911,19.04846216,22.23972825,23.59234457
2215,32,16,96,0,1,1,1,1,1,1,0,1,1,1,1,280.2129901,159.5419282,261.5151609,8.82497187,45.02830561,38.76921287,281.0244695,160.645062,261.5173748,8.725013749,44.84815276,38.72720656
2216,32,16,96,0,1,1,1,1,1,1,1,0,1,1,1,276.4478722,163.7297209,265.669162,28.98384799,63.34087116,66.33611827,284.5858973,161.8513801,258.7888437,34.03454348,60.61323261,65.81952124
2217,32,16,96,0,1,1,1,1,1,1,1,1,0,1,1,282.3544657,161.9834409,258.7495907,14.67625827,10.35647258,15.92627339,285.3644139,162.7596067,257.4716711,17.23728552,4.252107257,15.74218579
2218,32,16,96,0,1,1,1,1,1,1,1,1,1,0,1,278.8455732,165.2047628,261.4112976,54.18183556,58.134571,28.46774473,281.9645919,171.4714245,256.3295855,56.43917849,58.15504179,25.93843403
2219,32,16,96,0,1,1,1,1,1,1,1,1,1,1,0,280.7611748,162.8441609,259.4745057,4.79237569,11.40833299,10.54347966,281.3858159,165.6677418,258.4908177,9.457842647,12.89788231,8.479156076
2220,32,16,96,1,0,1,1,1,1,1,1,1,1,1,1,280.7776475,162.8412822,259.4462992,4.793444305,11.35326023,10.47991319,281.4023197,165.6619073,258.4665798,9.447924286,12.86413328,8.411758357
2221,32,16,96,1,0,1,1,1,1,0,1,1,1,1,1,280.2119932,159.5257891,261.5144524,8.824963663,45.15502296,38.89636881,281.0240849,160.6338729,261.5275152,8.724835091,44.9770494,38.85623393
2222,32,16,96,1,0,1,1,1,1,1,0,1,1,1,1,339.2901948,254.0863476,373.5990064,14.34132119,19.73670742,19.12267449,340.7899095,255.4872486,373.8053161,14.03772264,17.96751346,18.90451595
2223,32,16,96,1,0,1,1,1,1,1,1,0,1,1,1,281.894971,163.9391481,257.1875555,9.951150496,10.19514917,12.10000867,284.7251947,164.4877191,255.5200303,13.53128618,3.260042596,11.61618744
2224,32,16,96,1,0,1,1,1,1,1,1,1,0,1,1,275.7210912,163.7148163,266.4180938,31.68387525,68.22467904,71.49524338,284.3664355,161.2316686,258.7235504,36.55100595,65.3629244,70.95457806
2225,32,16,96,1,0,1,1,1,1,1,1,1,1,0,1,280.7513111,162.8595713,259.4882781,4.794971757,11.40721482,10.53769726,281.3766268,165.6713449,258.4896841,9.44702803,12.91919939,8.478489448
2226,32,16,96,1,0,1,1,1,1,1,1,1,1,1,0,279.2493404,165.0999255,260.881216,51.52778542,54.50953129,24.95370114,282.3108257,171.4774509,256.638434,53.85391408,54.82389921,22.42948491
2227,32,16,96,1,1,0,1,1,1,1,1,1,1,1,1,283.2940847,165.054893,254.7307114,10.79297563,3.960975627,8.531543302,282.4091903,166.4197868,256.3889965,6.739800476,9.701128778,9.201716242
2228,32,16,96,1,1,0,1,1,1,0,1,1,1,1,1,282.48881,161.0052827,257.9559271,37.77218169,67.980951,73.4064451,275.1194234,166.364129,265.7864531,32.70528335,70.3870192,73.79780299
2229,32,16,96,1,1,0,1,1,1,1,0,1,1,1,1,282.6978688,162.6207597,256.0022378,15.91987681,3.053711867,14.62363392,281.8017274,164.1887537,258.0707955,13.65062805,10.65330274,15.23308048
2230,32,16,96,1,1,0,1,1,1,1,1,0,1,1,1,308.9681786,166.962319,457.567695,22.42995874,15.24298752,18.928713,308.378837,165.5431633,457.4613952,22.89556036,15.17795678,20.43377302
2231,32,16,96,1,1,0,1,1,1,1,1,1,0,1,1,285.0526533,165.5941014,251.7378733,23.47170343,8.497496209,28.45204736,285.8806019,166.6880802,251.7603302,23.50676459,8.493393907,28.40653873
2232,32,16,96,1,1,0,1,1,1,1,1,1,1,0,1,286.2308613,161.981273,254.0429534,67.50833722,27.72743907,65.34263554,282.2742145,170.5899385,252.8109065,67.58814168,33.68041624,64.46266641
2233,32,16,96,1,1,0,1,1,1,1,1,1,1,1,0,281.7988898,166.036918,256.5289159,10.32713226,6.811882383,4.856038751,281.2277524,168.260317,257.3301141,9.236070982,11.18301248,3.668106017
2234,32,16,96,1,1,1,0,1,1,1,1,1,1,1,1,283.2940867,165.0542865,254.7238966,10.7988747,3.953515092,8.548075644,282.4117474,166.4201048,256.3864462,6.765390798,9.705634016,9.220504864
2235,32,16,96,1,1,1,0,1,1,0,1,1,1,1,1,283.4611842,162.1278726,256.9999456,18.5592801,3.581078861,17.11383744,282.086475,163.58873,258.6504182,16.06589808,10.65454323,17.41158652
2236,32,16,96,1,1,1,0,1,1,1,0,1,1,1,1,282.4634397,160.857018,257.8919038,38.72123802,68.72998144,74.45263231,274.8833673,166.3342172,265.8010103,33.67827109,71.15323996,74.83272315
2237,32,16,96,1,1,1,0,1,1,1,1,0,1,1,1,285.071854,165.5795854,251.7418139,23.58171038,8.496897957,28.55490494,285.8768928,166.6727831,251.7487183,23.59286001,8.494341889,28.50427578
2238,32,16,96,1,1,1,0,1,1,1,1,1,0,1,1,308.0894806,165.4400981,457.5520395,28.71434893,21.8730709,20.65671552,303.9812574,159.699535,456.8522874,25.71228133,19.02161552,21.65807993
2239,32,16,96,1,1,1,0,1,1,1,1,1,1,0,1,281.8535415,166.0728616,256.5020721,10.51674954,7.130052434,4.889675475,281.2844909,168.3068709,257.2966889,9.439257583,11.35332684,3.665711508
2240,32,16,96,1,1,1,0,1,1,1,1,1,1,1,0,284.9363089,163.6075719,254.0384072,47.34174367,17.13118911,46.20570613,282.5797774,169.7015214,254.5191396,47.41860462,23.6857106,45.59356154
2241,32,16,96,1,1,1,1,0,1,1,1,1,1,1,1,280.4051036,166.5115627,257.9632807,7.575466843,9.584611107,3.507204526,282.3118992,166.4274478,257.5035684,8.384858933,4.849953465,4.791744655
2242,32,16,96,1,1,1,1,0,1,0,1,1,1,1,1,280.916562,169.237971,256.0831758,45.21507535,46.34753893,19.53713453,280.5292777,166.3649455,259.9861631,42.86981106,45.74940774,22.12886767
2243,32,16,96,1,1,1,1,0,1,1,0,1,1,1,1,280.8263035,164.9443972,257.9745417,9.583689679,12.70073672,8.065348549,281.7988553,164.0360026,259.182288,4.707177379,10.89691525,10.31272252
2244,32,16,96,1,1,1,1,0,1,1,1,0,1,1,1,282.7653305,168.7437978,252.6829713,64.04891845,31.62393784,61.14519411,288.2412422,162.8665065,253.7196593,63.71074935,25.3168612,61.9026667
2245,32,16,96,1,1,1,1,0,1,1,1,1,0,1,1,282.152214,167.8831889,255.7147837,13.77118724,15.39541779,3.981302205,284.3786545,167.3312634,255.3007662,14.25243791,12.36187172,6.019122368
2246,32,16,96,1,1,1,1,0,1,1,1,1,1,0,1,425.6133207,242.7124361,244.2772291,23.19424984,26.17653691,20.70112002,426.5871037,244.2523692,245.9737016,19.94622632,24.18025518,20.95255193
2247,32,16,96,1,1,1,1,0,1,1,1,1,1,1,0,278.4672669,167.5326137,260.5230546,26.8114737,22.80528988,5.101019729,279.1761114,168.6288118,260.6506984,26.68519984,22.76242372,5.107015832
2248,32,16,96,1,1,1,1,1,0,1,1,1,1,1,1,280.4113054,166.5144578,257.9563013,7.579659616,9.585540047,3.502110367,282.3170508,166.4274864,257.4977511,8.378093325,4.848899907,4.795300213
2249,32,16,96,1,1,1,1,1,0,0,1,1,1,1,1,280.843734,164.9456722,257.963491,9.630765483,12.56690586,7.809795382,281.8253836,163.9963072,259.144852,4.693213449,10.71375436,10.12867208
2250,32,16,96,1,1,1,1,1,0,1,0,1,1,1,1,281.6539903,170.4910439,255.24595,53.62505214,54.92808426,23.61252151,280.1205289,166.6411868,260.1505666,50.9020592,54.27505295,26.16132558
2251,32,16,96,1,1,1,1,1,0,1,1,0,1,1,1,281.2805089,167.3093439,256.3776115,11.01559134,12.94104759,3.739620944,283.3665276,166.9902102,255.8795767,11.55815625,9.280475049,5.292022449
2252,32,16,96,1,1,1,1,1,0,1,1,1,0,1,1,282.3751878,167.5789948,255.1026385,35.93935343,18.31272437,35.02378289,285.7177086,165.1008213,254.1125947,35.91347707,11.15500556,35.38953129
2253,32,16,96,1,1,1,1,1,0,1,1,1,1,0,1,278.4665738,167.5304209,260.5240039,26.81132873,22.80258041,5.101699136,279.1664243,168.6125602,260.6478997,26.67515656,22.75538512,5.107270093
2254,32,16,96,1,1,1,1,1,0,1,1,1,1,1,0,427.2727726,243.8967135,251.4335067,24.4928219,28.67033386,22.29433118,428.2389531,245.2913231,250.9645274,22.94715765,28.28923996,22.41652464
2255,24,32,24,1,1,1,1,1,1,1,1,1,1,1,1,216.1244066,241.5838966,231.2273626,5.224721582,4.401948078,5.654378342,216.8950272,242.2781493,232.1114153,5.14675032,4.660340621,5.424115976
2256,24,32,24,1,1,1,1,1,1,0,1,1,1,1,1,215.9544772,241.1693376,231.8804421,9.03853167,10.50821968,6.825536394,216.7287781,240.3208584,234.4103974,4.023901127,9.789726361,11.36963696
2257,24,32,24,1,1,1,1,1,1,1,0,1,1,1,1,215.9545759,241.1684062,231.8800974,9.036768495,10.51479748,6.82396026,216.7308299,240.3175437,234.4055009,4.029914747,9.781959375,11.36547702
2258,24,32,24,1,1,1,1,1,1,1,1,0,1,1,1,216.7774829,241.3898003,230.9325054,6.367116547,8.085556275,10.90976444,219.0173331,242.2335058,230.3313283,11.04509781,4.118791647,9.908909256
2259,24,32,24,1,1,1,1,1,1,1,1,1,0,1,1,216.7769616,241.3820387,230.9392441,6.406117003,8.085646656,10.93250512,219.0209861,242.2276746,230.3407349,11.07353365,4.120535023,9.939911035
2260,24,32,24,1,1,1,1,1,1,1,1,1,1,0,1,215.6417591,242.3876712,230.9338997,11.62474383,6.928232269,9.732359193,214.7415993,244.6446542,231.7822024,10.39638533,11.28032167,4.295459007
2261,24,32,24,1,1,1,1,1,1,1,1,1,1,1,0,215.644954,242.3808199,230.9366508,11.59004905,6.888358997,9.729339338,214.7488314,244.644494,231.7840296,10.3741096,11.26336532,4.297744417
2262,24,32,24,0,1,1,1,1,1,1,1,1,1,1,1,215.7764409,239.8964048,233.3728553,4.076562692,9.306730626,11.09650315,216.7136894,241.9519562,232.6480304,9.04565089,9.834524637,6.553335661
2263,24,32,24,0,1,1,1,1,1,0,1,1,1,1,1,223.308764,394.6761002,287.6727813,12.67161249,21.37149888,22.52511451,228.5434349,396.4569967,291.2536616,15.7587061,18.52222586,23.02288995
2264,24,32,24,0,1,1,1,1,1,1,0,1,1,1,1,216.1594482,237.7238494,235.1792438,8.125295694,29.3690164,24.17550992,217.0496717,238.2769362,236.10251,8.103297621,29.22333879,24.16123223
2265,24,32,24,0,1,1,1,1,1,1,1,0,1,1,1,212.3110164,240.3637194,237.7199279,29.38892854,65.46221146,67.99324666,220.6453294,238.4231595,233.0499898,35.04909241,63.16049503,67.63738252
2266,24,32,24,0,1,1,1,1,1,1,1,1,0,1,1,217.0291982,240.7557326,231.3685981,7.597202909,8.286138328,11.74669734,219.4027497,241.5751748,230.7022765,12.04318984,4.002669088,10.8783472
2267,24,32,24,0,1,1,1,1,1,1,1,1,1,0,1,211.5432051,243.0082583,234.1709851,67.50076533,72.35018999,37.36547005,215.5021875,250.3398876,227.0435099,69.66522029,72.52202545,31.47525466
2268,24,32,24,0,1,1,1,1,1,1,1,1,1,1,0,213.9951665,240.9997623,233.8875055,3.75858453,12.28008037,13.83702679,215.0049699,243.2457544,232.9903245,9.482004248,12.84700765,10.14784778
2269,24,32,24,1,0,1,1,1,1,1,1,1,1,1,1,215.7803204,239.8890299,233.3753736,4.083122833,9.279978636,11.06474867,216.7170986,241.9404718,232.6556762,9.036288309,9.830628365,6.519586329
2270,24,32,24,1,0,1,1,1,1,0,1,1,1,1,1,216.1644896,237.7210364,235.1611297,8.125990005,29.30290666,24.10462634,217.0553492,238.282824,236.104463,8.104391893,29.16498609,24.10404235
2271,24,32,24,1,0,1,1,1,1,1,0,1,1,1,1,221.9212699,394.4317883,287.4552249,14.29023406,21.66393141,22.89478946,227.649812,396.2315256,291.2334225,17.26708568,18.65191167,23.55654422
2272,24,32,24,1,0,1,1,1,1,1,1,0,1,1,1,217.026928,240.7773937,231.3570756,7.496233369,8.283524728,11.7108025,219.3616155,241.596724,230.6668675,11.92215081,3.988396074,10.76033282
2273,24,32,24,1,0,1,1,1,1,1,1,1,0,1,1,212.1060863,240.2998161,237.8875884,30.23899407,67.38633661,69.91912725,220.5700629,238.1604002,232.9412969,35.82896789,65.0474564,69.52145812
2274,24,32,24,1,0,1,1,1,1,1,1,1,1,0,1,213.8400119,241.2743465,233.7860625,3.593709651,13.14013045,14.65001009,214.9279325,243.5803647,232.8969352,9.784808393,13.53465327,11.35063397
2275,24,32,24,1,0,1,1,1,1,1,1,1,1,1,0,211.5516428,243.0194535,234.2843974,67.14785179,72.01532036,37.28687559,215.4638309,250.2433631,227.0473317,69.30547148,72.17424461,31.33981267
2276,24,32,24,1,1,0,1,1,1,1,1,1,1,1,1,218.1206682,241.4813594,229.6304997,10.76536065,4.053914072,9.527758141,217.5112929,242.0394217,231.9024391,6.051210501,8.147383656,10.19312129
2277,24,32,24,1,1,0,1,1,1,0,1,1,1,1,1,219.6739482,238.2928501,232.4991258,30.85524498,55.83344354,59.69518089,214.023595,240.726212,238.1836164,24.78357941,57.60547288,59.58354839
2278,24,32,24,1,1,0,1,1,1,1,0,1,1,1,1,218.5838786,240.5644069,230.09359,12.07356129,3.864207002,10.82539837,217.8739883,241.1627761,232.5143183,7.83067788,8.448025804,11.48202183
2279,24,32,24,1,1,0,1,1,1,1,1,0,1,1,1,293.3481216,257.9111431,362.3484094,27.86627267,20.41974547,24.6629469,294.7585632,259.9011265,363.9654222,27.28362919,20.62409093,23.16231114
2280,24,32,24,1,1,0,1,1,1,1,1,1,0,1,1,219.8661056,242.0669942,227.4587729,25.98025536,7.503910237,31.28923594,220.7366408,242.7671558,228.2783376,25.94308263,7.483712622,31.12690129
2281,24,32,24,1,1,0,1,1,1,1,1,1,1,0,1,223.3578382,237.3802484,230.4679158,68.97022774,30.44363469,66.3346895,217.7149999,245.4646451,228.1558508,68.22901962,35.29938089,63.34866891
2282,24,32,24,1,1,0,1,1,1,1,1,1,1,1,0,215.9268129,242.5975529,230.4837819,12.29456303,7.882518652,9.881967437,214.9643421,244.9389647,231.3026663,11.13440318,12.03101156,4.165788147
2283,24,32,24,1,1,1,0,1,1,1,1,1,1,1,1,218.1131301,241.485258,229.6295256,10.7349492,4.047402019,9.501710541,217.50863,242.0422121,231.9012157,6.029244822,8.150217889,10.1783005
2284,24,32,24,1,1,1,0,1,1,0,1,1,1,1,1,218.6717411,240.5437399,230.1592441,12.32885364,3.929884697,11.0794897,217.8949113,241.1337631,232.5045639,8.042469696,8.416214953,11.55717591
2285,24,32,24,1,1,1,0,1,1,1,0,1,1,1,1,219.7732796,237.1611399,232.4083691,36.15851603,65.63060693,70.1958929,213.0102609,240.5794541,239.2618367,30.33636633,67.54653418,70.07442597
2286,24,32,24,1,1,1,0,1,1,1,1,0,1,1,1,219.8709634,242.0639015,227.4656503,25.95361055,7.503873282,31.26446171,220.7315808,242.7653143,228.2810565,25.9085406,7.4831752,31.09474297
2287,24,32,24,1,1,1,0,1,1,1,1,1,0,1,1,293.2099014,257.4571949,362.3975119,21.48955037,13.28148506,20.64851695,295.6074274,261.7981572,364.5197579,20.6723613,15.84103404,17.34123338
2288,24,32,24,1,1,1,0,1,1,1,1,1,1,0,1,215.947606,242.6067561,230.4777167,12.312758,7.940425899,9.894865224,214.989674,244.9649805,231.2952277,11.17552691,12.08603118,4.154624464
2289,24,32,24,1,1,1,0,1,1,1,1,1,1,1,0,223.1195495,237.65515,230.4070986,67.0460666,29.57752555,64.4002225,217.7967112,245.5764867,228.3717915,66.37036222,34.49738883,61.49039781
2290,24,32,24,1,1,1,1,0,1,1,1,1,1,1,1,213.9757246,244.0439346,230.7976831,10.24914847,11.06554371,4.382883626,216.3793676,243.1317817,231.8019624,11.19355072,6.899351908,9.650328918
2291,24,32,24,1,1,1,1,0,1,0,1,1,1,1,1,214.6779692,248.9443038,227.3084437,63.05367544,64.51455821,25.26864951,213.1609249,243.2949608,234.8866296,60.51727824,63.72891608,31.16654532
2292,24,32,24,1,1,1,1,0,1,1,0,1,1,1,1,214.8553025,242.0399031,232.0970237,9.435848506,12.57723043,9.630640278,215.5504812,241.0429689,234.7573081,3.695710033,11.94158137,13.44722122
2293,24,32,24,1,1,1,1,0,1,1,1,0,1,1,1,216.8125414,245.1158406,227.1344008,70.64160243,36.52722237,65.62016167,224.3012315,238.1535717,231.4259579,70.81893628,31.52516835,68.0700941
2294,24,32,24,1,1,1,1,0,1,1,1,1,0,1,1,214.336912,244.5003738,230.112706,11.43667737,12.28469944,4.181794893,216.8154595,243.4436271,231.1582663,12.23378082,8.396761102,9.874053757
2295,24,32,24,1,1,1,1,0,1,1,1,1,1,0,1,346.5982204,315.8665417,256.1269799,21.19007858,22.38435577,15.47049586,348.1614884,317.295209,259.5044507,17.81858291,21.27423967,16.75780453
2296,24,32,24,1,1,1,1,0,1,1,1,1,1,1,0,211.3390619,246.2752245,230.9200618,35.21944435,29.25270635,8.686232773,212.0822617,246.9251953,231.8695441,35.03575953,29.20459977,8.642995746
2297,24,32,24,1,1,1,1,1,0,1,1,1,1,1,1,213.9863414,244.0619585,230.7958388,10.28670638,11.11510959,4.383852272,216.3833611,243.1287888,231.7974047,11.19335228,6.930295019,9.653100499
2298,24,32,24,1,1,1,1,1,0,0,1,1,1,1,1,214.8462193,241.9498336,232.1293329,9.344935551,12.08051738,8.921393474,215.5669652,240.9981173,234.8708917,3.787988936,11.54544717,13.08311229
2299,24,32,24,1,1,1,1,1,0,1,0,1,1,1,1,214.4229119,249.3827737,226.5086075,68.77441036,71.66461356,31.2048003,212.2884535,243.4654761,235.5021849,66.10254715,71.07071875,36.87293194
2300,24,32,24,1,1,1,1,1,0,1,1,0,1,1,1,214.3048782,244.4540963,230.1125834,11.34602099,12.19433728,4.188509586,216.8048836,243.4283196,231.154396,12.2110787,8.305592571,9.865818334
2301,24,32,24,1,1,1,1,1,0,1,1,1,0,1,1,216.9010761,245.2148539,227.2628291,69.4500471,36.1265685,64.35682688,224.1563868,238.3355233,231.3710837,69.58315468,31.08870034,66.76724729
2302,24,32,24,1,1,1,1,1,0,1,1,1,1,0,1,211.3369329,246.2435797,230.9289146,35.06948978,29.10335183,8.685896469,212.0887968,246.9096371,231.8770985,34.89647242,29.06332006,8.640267702
2303,24,32,24,1,1,1,1,1,0,1,1,1,1,1,0,346.8389475,315.8819944,257.4347461,19.18440949,19.14032683,13.71526099,348.367698,317.8722411,260.4964415,15.57661938,18.99053809,14.94223986
2304,32,16,64,1,1,1,1,1,1,1,1,1,1,1,1,276.9513103,173.7210377,250.1119174,5.329785674,6.24984664,2.447530909,277.7887477,174.6276235,250.3623089,5.068817261,5.717221444,3.069874432
2305,32,16,64,1,1,1,1,1,1,0,1,1,1,1,1,276.4801859,173.2816973,250.9194113,9.437970613,12.53802995,7.421013595,277.4566357,172.4414926,252.2792861,4.655954728,10.7263195,10.3496421
2306,32,16,64,1,1,1,1,1,1,1,0,1,1,1,1,276.4784309,173.2868464,250.9229258,9.439139188,12.53895521,7.419043257,277.4564465,172.443948,252.281047,4.65808493,10.72069246,10.34993966
2307,32,16,64,1,1,1,1,1,1,1,1,0,1,1,1,277.6103401,173.6243946,249.3155548,7.179588384,10.29206497,10.27231306,280.1848433,174.3184452,247.8284298,11.33252161,3.894723288,9.44765035
2308,32,16,64,1,1,1,1,1,1,1,1,1,0,1,1,277.6132649,173.6290573,249.3098381,7.182927511,10.29556852,10.27083667,280.1884147,174.3196136,247.8219444,11.33081496,3.888695852,9.446717837
2309,32,16,64,1,1,1,1,1,1,1,1,1,1,0,1,276.8703169,174.1180534,250.2309845,9.509876409,5.994170528,5.358128956,276.419964,176.3628563,251.0059485,8.621357661,10.53004837,3.700447924
2310,32,16,64,1,1,1,1,1,1,1,1,1,1,1,0,276.8698454,174.115241,250.2287355,9.529334084,6.015954658,5.359713078,276.4168823,176.3642117,251.0052276,8.642170141,10.54834201,3.698063397
2311,32,16,64,0,1,1,1,1,1,1,1,1,1,1,1,276.4584398,171.2903773,252.361425,4.697639952,11.2415197,10.60755636,277.0807276,174.0985051,251.4598914,9.306845384,12.65993885,7.9408754
2312,32,16,64,0,1,1,1,1,1,0,1,1,1,1,1,327.4305673,265.6803198,362.3532132,19.00391186,22.31102951,23.2059936,327.5961461,266.8791673,362.2954149,17.99963162,21.10421736,22.74519079
2313,32,16,64,0,1,1,1,1,1,1,0,1,1,1,1,276.0973943,168.1323395,254.4187441,8.646381429,44.10771109,37.82768046,276.8958634,169.2420949,254.5826548,8.561559039,43.90513131,37.76495622
2314,32,16,64,0,1,1,1,1,1,1,1,0,1,1,1,271.861016,172.2042705,258.7628028,30.37577054,65.3430617,68.49981754,280.2870575,170.1007028,251.788071,35.38426469,62.34903077,67.839578
2315,32,16,64,0,1,1,1,1,1,1,1,1,0,1,1,277.9646234,171.1343849,250.8457002,12.3723983,10.73577394,14.3107787,280.9482521,171.8189213,249.4229687,15.47067329,3.940911019,13.92396996
2316,32,16,64,0,1,1,1,1,1,1,1,1,1,0,1,274.2190493,173.6939084,254.4121279,55.8167877,59.88487838,29.71170567,277.4087408,180.045514,249.1101299,58.04910621,59.8222557,26.45171583
2317,32,16,64,0,1,1,1,1,1,1,1,1,1,1,0,276.3962117,171.2986411,252.443565,4.676553359,11.36658383,10.75525479,277.023974,174.1216804,251.5280033,9.33674,12.76882822,8.107189003
2318,32,16,64,1,0,1,1,1,1,1,1,1,1,1,1,276.4561758,171.2893054,252.3623128,4.693177729,11.22713682,10.59439178,277.0809149,174.0986227,251.4580353,9.307835125,12.649481,7.923795853
2319,32,16,64,1,0,1,1,1,1,0,1,1,1,1,1,276.0868752,168.1225367,254.4377546,8.646382831,44.27726158,38.00366326,276.8839996,169.2356369,254.5988278,8.558386497,44.08616364,37.94085205
2320,32,16,64,1,0,1,1,1,1,1,0,1,1,1,1,329.8051218,266.1842598,362.8990032,14.83201567,20.47604168,19.94891955,331.4608975,267.6662821,363.2999311,14.75947624,18.48388209,19.61049514
2321,32,16,64,1,0,1,1,1,1,1,1,0,1,1,1,277.6424691,172.416383,250.0190523,9.758349696,10.64433975,12.34863384,280.4715361,173.0071813,248.4153541,13.46528627,3.479978539,11.69981304
2322,32,16,64,1,0,1,1,1,1,1,1,1,0,1,1,271.3414244,172.1773837,259.2519697,32.14379422,68.7066453,72.00607225,280.0869656,169.655674,251.691583,37.02725113,65.61434509,71.31668885
2323,32,16,64,1,0,1,1,1,1,1,1,1,1,0,1,276.3936363,171.3225164,252.4486991,4.684401819,11.35377912,10.74584828,277.0205681,174.1326283,251.5186007,9.32723768,12.77593383,8.099526938
2324,32,16,64,1,0,1,1,1,1,1,1,1,1,1,0,274.4341478,173.6469655,254.1713445,53.57749818,56.8907156,27.33116952,277.522721,179.8860859,249.2162127,55.82314744,56.98286778,24.02193907
2325,32,16,64,1,1,0,1,1,1,1,1,1,1,1,1,279.1123708,173.2764346,247.61755,11.10567096,4.15562722,9.11689304,278.1566986,174.7184055,249.4600834,7.05465265,10.1636368,9.887203702
2326,32,16,64,1,1,0,1,1,1,0,1,1,1,1,1,278.4531098,169.3128951,250.8411065,38.40458922,68.43600941,74.03706423,270.946675,174.7401203,258.8549318,33.33821479,71.01174262,74.4744764
2327,32,16,64,1,1,0,1,1,1,1,0,1,1,1,1,279.1213293,171.1829032,248.6783934,15.38714694,3.497909321,13.92421934,278.0474469,172.7460972,250.71597,12.70905721,10.7816353,14.54997494
2328,32,16,64,1,1,0,1,1,1,1,1,0,1,1,1,306.2312594,173.7777955,435.0195337,24.29341996,17.27112702,21.87536035,308.4387529,176.6421164,435.1084351,24.85460001,18.89246319,21.08783836
2329,32,16,64,1,1,0,1,1,1,1,1,1,0,1,1,281.021756,173.66063,244.6245374,25.03532249,8.918916435,30.38277876,281.8377146,174.8041169,244.7798437,25.06412467,8.903591132,30.31168806
2330,32,16,64,1,1,0,1,1,1,1,1,1,1,0,1,282.4815605,169.920153,246.9765442,70.26437111,29.4108002,67.79699389,278.166803,178.9830314,245.5678694,70.26949921,35.54891293,66.60413489
2331,32,16,64,1,1,0,1,1,1,1,1,1,1,1,0,277.5923196,174.3994629,249.171855,10.65909508,7.490375953,5.635997999,277.0081109,176.8169855,249.9555852,9.881510692,11.82367591,3.661494527
2332,32,16,64,1,1,1,0,1,1,1,1,1,1,1,1,279.110838,173.2756834,247.6226803,11.10788057,4.161420457,9.126947925,278.1557129,174.715752,249.4643885,7.064452931,10.16123819,9.896010443
2333,32,16,64,1,1,1,0,1,1,0,1,1,1,1,1,279.5081849,170.8768727,249.2092811,16.82953521,3.762306406,15.32642545,278.2121605,172.3844848,251.0492126,14.09356505,10.7571537,15.7507583
2334,32,16,64,1,1,1,0,1,1,1,0,1,1,1,1,278.4380603,169.1956534,250.7737843,39.10634971,68.93507278,74.76734607,270.7768377,174.6945788,258.8308322,34.05526205,71.5209776,75.19319446
2335,32,16,64,1,1,1,0,1,1,1,1,0,1,1,1,281.0363925,173.6622968,244.6303413,25.06401232,8.917527129,30.40261562,281.8330635,174.8047603,244.7726749,25.07509106,8.903691438,30.32651965
2336,32,16,64,1,1,1,0,1,1,1,1,1,0,1,1,310.6456356,179.0124094,434.912071,26.9240233,20.39408428,20.14975077,307.3639242,174.229959,434.6184593,25.02934471,17.71174113,22.02799523
2337,32,16,64,1,1,1,0,1,1,1,1,1,1,0,1,277.7776097,174.5109896,249.0616237,11.26991527,8.432175367,5.746245011,277.1936532,176.9628146,249.828508,10.54266982,12.41619682,3.650638561
2338,32,16,64,1,1,1,0,1,1,1,1,1,1,1,0,281.1121766,171.5891018,246.9485086,50.77882475,18.93019335,49.41700134,278.4391152,178.206942,247.2893043,50.82150666,25.67670988,48.54939881
2339,32,16,64,1,1,1,1,0,1,1,1,1,1,1,1,276.0232883,174.9976132,250.6740024,7.892124392,10.04269347,3.581468598,277.9139884,174.8407157,250.4793342,8.418081692,5.25777067,5.542180772
2340,32,16,64,1,1,1,1,0,1,0,1,1,1,1,1,276.594523,178.0001159,248.6091867,48.90573187,50.20450781,21.2031823,275.884529,174.9166976,253.269744,46.49623767,49.68351577,24.50656143
2341,32,16,64,1,1,1,1,0,1,1,0,1,1,1,1,276.4413558,173.2920475,250.9519725,9.383956101,12.74859992,7.820875633,277.4045519,172.5015158,252.3543083,4.668000234,11.00501332,10.62457363
2342,32,16,64,1,1,1,1,0,1,1,1,0,1,1,1,278.6315246,177.1024032,245.2932964,67.59129984,34.02882326,64.08868142,284.4430638,170.7314174,246.8430222,67.27573459,27.52343544,65.07804525
2343,32,16,64,1,1,1,1,0,1,1,1,1,0,1,1,279.6252908,176.7916581,246.0774032,15.91598689,17.14303667,4.478909853,281.9591621,176.5659115,245.8619565,16.35016697,14.47486525,6.926524898
2344,32,16,64,1,1,1,1,0,1,1,1,1,1,0,1,426.7610248,244.6847394,236.7502438,24.96097625,29.25785633,22.13450701,427.8813277,246.6533061,240.2853504,21.00260973,27.1421639,22.80342486
2345,32,16,64,1,1,1,1,0,1,1,1,1,1,1,0,274.2680639,176.1337676,252.6168887,25.61503337,21.53448184,5.577161702,274.9553253,177.2763463,252.8915778,25.48650881,21.51353873,5.580042482
2346,32,16,64,1,1,1,1,1,0,1,1,1,1,1,1,276.0245279,174.9982986,250.6683365,7.878371789,10.03774198,3.583600934,277.9189539,174.8426136,250.4733682,8.416174556,5.243770426,5.541670846
2347,32,16,64,1,1,1,1,1,0,0,1,1,1,1,1,276.4597167,173.2877566,250.943934,9.437272074,12.57047382,7.468921443,277.4364691,172.4486297,252.3058138,4.657418282,10.7684629,10.38670323
2348,32,16,64,1,1,1,1,1,0,1,0,1,1,1,1,277.2368482,179.0321697,247.8913194,56.15323052,57.58773516,24.7313152,275.5063914,175.0874425,253.4100547,53.42844627,56.98883403,27.9726279
2349,32,16,64,1,1,1,1,1,0,1,1,0,1,1,1,277.386824,175.9566253,248.1524672,12.74531554,14.61080882,3.773194986,279.5872798,175.5452373,247.9347779,13.22906976,11.25537677,6.275552021
2350,32,16,64,1,1,1,1,1,0,1,1,1,0,1,1,278.7733601,176.939596,246.2367817,58.2389571,29.44703816,55.26582029,283.6487856,171.6687803,246.9259627,57.89833631,22.66522507,56.11488852
2351,32,16,64,1,1,1,1,1,0,1,1,1,1,0,1,274.2718718,176.1489275,252.6072986,25.69022173,21.60717902,5.578401211,274.9515279,177.2776174,252.8811985,25.55035785,21.57581789,5.579992986
2352,32,16,64,1,1,1,1,1,0,1,1,1,1,1,0,427.9152969,245.6147747,243.1604752,24.00707644,28.62793546,21.17362192,429.5247652,248.3091281,246.6298031,21.36359418,28.24224116,22.31166779
2353,32,32,32,1,1,1,1,1,1,1,1,1,1,1,1,229.4664673,229.4813557,229.4791595,4.308995572,4.3071553,4.311538518,230.0829087,230.0989728,230.0972289,4.299340621,4.301622501,4.297250416
2354,32,32,32,1,1,1,1,1,1,0,1,1,1,1,1,229.31713,229.0764721,230.1090232,7.726921175,9.881010935,5.835444222,230.112063,228.1915823,232.0839999,3.878940419,8.744501132,9.95334438
2355,32,32,32,1,1,1,1,1,1,1,0,1,1,1,1,229.3186163,229.0682715,230.1161798,7.722998614,9.89901483,5.849855653,230.1147027,228.184533,232.0896576,3.884187895,8.75720093,9.958923095
2356,32,32,32,1,1,1,1,1,1,1,1,0,1,1,1,230.0974325,229.3328261,229.0727712,5.834659855,7.725348172,9.882302678,232.0726427,230.1259387,228.1873598,9.954360911,3.881027639,8.746104408
2357,32,32,32,1,1,1,1,1,1,1,1,1,0,1,1,230.0955481,229.3332444,229.069486,5.866315701,7.727688937,9.902211507,232.0714292,230.129119,228.1881616,9.970455393,3.883999959,8.769111615
2358,32,32,32,1,1,1,1,1,1,1,1,1,1,0,1,229.0598769,230.1134468,229.3335064,9.894033579,5.836844418,7.721531085,228.1744197,232.0831522,230.1300931,8.747625788,9.944598461,3.884669219
2359,32,32,32,1,1,1,1,1,1,1,1,1,1,1,0,229.0603462,230.111399,229.3308918,9.895078994,5.85458311,7.725356946,228.1755374,232.0861615,230.1254471,8.760390094,9.965273983,3.88122513
2360,32,32,32,0,1,1,1,1,1,1,1,1,1,1,1,229.4099957,227.6856123,231.4301075,3.89772478,8.47274214,9.74292576,229.920147,229.7166933,230.7071692,7.730685511,9.42172798,5.666448754
2361,32,32,32,0,1,1,1,1,1,0,1,1,1,1,1,246.269665,367.8325331,299.3449294,10.9467137,19.64815681,19.67232022,248.1097952,368.8295625,300.5304696,11.27262125,17.53834308,18.86888724
2362,32,32,32,0,1,1,1,1,1,1,0,1,1,1,1,230.1270678,225.1758477,233.2445202,7.127968318,30.38189675,25.35534455,230.7950818,225.7256454,233.8802399,7.108632956,30.26521237,25.32395343
2363,32,32,32,0,1,1,1,1,1,1,1,0,1,1,1,225.9928959,228.25915,235.7369859,26.39300368,59.69540379,61.98875765,233.2291367,226.6856737,230.955375,31.06950159,57.62044784,61.52751655
2364,32,32,32,0,1,1,1,1,1,1,1,1,0,1,1,230.3254147,228.8184224,229.3751307,7.410509684,7.919073736,10.92199238,232.4460193,229.5860192,228.446079,11.15383734,3.766872448,9.985326934
2365,32,32,32,0,1,1,1,1,1,1,1,1,1,0,1,227.2075488,229.9114455,231.8380336,39.89295996,41.58280777,20.457569,227.7722946,233.8135464,228.5599858,40.95984855,41.86867921,15.28007176
2366,32,32,32,0,1,1,1,1,1,1,1,1,1,1,0,228.6826026,227.9885489,231.8941795,3.754642084,9.859757149,11.10425638,229.2305289,230.1022617,231.0317211,7.962715933,10.62838793,7.430805878
2367,32,32,32,1,0,1,1,1,1,1,1,1,1,1,1,229.4078478,227.6924494,231.4286184,3.897987334,8.427687684,9.702918779,229.918466,229.7213288,230.7078861,7.725909261,9.3905315,5.608706165
2368,32,32,32,1,0,1,1,1,1,0,1,1,1,1,1,230.1284145,225.1697847,233.2434633,7.128076313,30.32959738,25.3032045,230.7958592,225.7258106,233.8885407,7.10930248,30.21302576,25.27412227
2369,32,32,32,1,0,1,1,1,1,1,0,1,1,1,1,245.8504069,367.6770376,299.081789,14.39166447,20.87348383,22.59752773,249.802969,369.2426929,301.1467142,16.09802973,18.41389873,22.14938149
2370,32,32,32,1,0,1,1,1,1,1,1,0,1,1,1,230.320608,228.8664694,229.3367208,6.984386195,7.896502001,10.68833669,232.380071,229.6354528,228.374806,10.81777132,3.765102757,9.624653233
2371,32,32,32,1,0,1,1,1,1,1,1,1,0,1,1,225.592614,228.2275295,236.1494063,28.09782964,63.26000114,65.64772166,233.1508436,226.2851908,230.8628112,32.6854458,61.11298942,65.14259434
2372,32,32,32,1,0,1,1,1,1,1,1,1,1,0,1,228.5801148,228.0953025,231.8651974,3.724395905,10.87452499,12.04058464,229.1600639,230.2189728,231.0464187,8.03296841,11.60368124,8.869884571
2373,32,32,32,1,0,1,1,1,1,1,1,1,1,1,0,225.8229346,230.3653707,232.5495167,59.62461284,63.22551069,31.33105762,228.8100069,236.6938439,226.4751895,61.37126251,63.39793611,26.48580072
2374,32,32,32,1,1,0,1,1,1,1,1,1,1,1,1,231.4156835,229.4214094,227.6898145,9.724069845,3.895842915,8.459872257,230.6957235,229.9337304,229.7182089,5.64450634,7.72577422,9.408482895
2375,32,32,32,1,1,0,1,1,1,0,1,1,1,1,1,232.2473322,227.2299801,230.1924272,23.1898826,43.72622537,46.28668588,228.1997866,228.6947514,234.6796132,18.09756308,45.19670756,46.50867763
2376,32,32,32,1,1,0,1,1,1,1,0,1,1,1,1,231.853865,228.6943868,227.9881593,11.09135756,3.730145812,9.848275958,231.0156414,229.2464751,230.1191578,7.464198809,7.978772836,10.67691917
2377,32,32,32,1,1,0,1,1,1,1,1,0,1,1,1,299.0264772,245.5409599,367.8669236,22.80936098,14.81586591,21.34260941,301.2738248,249.7583009,369.3021738,22.64528296,16.53165769,18.80992843
2378,32,32,32,1,1,0,1,1,1,1,1,1,0,1,1,233.2375426,230.1414762,225.1740225,25.31221705,7.129456038,30.33820718,233.8741604,230.808548,225.7237102,25.27508005,7.10957604,30.21490919
2379,32,32,32,1,1,0,1,1,1,1,1,1,1,0,1,236.0844105,225.6455536,228.230812,65.1792043,27.76226948,62.87608342,230.8223298,233.1281751,226.3283097,64.66754772,32.36164528,60.73654896
2380,32,32,32,1,1,0,1,1,1,1,1,1,1,1,0,229.3271872,230.3344607,228.8588436,10.69196174,6.993228538,7.895848789,228.3678824,232.3995351,229.6291707,9.636052859,10.83167727,3.767967301
2381,32,32,32,1,1,1,0,1,1,1,1,1,1,1,1,231.4080474,229.4191676,227.6948656,9.711008978,3.900495147,8.44266601,230.6929342,229.9290243,229.7273708,5.636330475,7.727379365,9.405967371
2382,32,32,32,1,1,1,0,1,1,0,1,1,1,1,1,231.9735029,228.653324,228.0457321,11.56557368,3.800142684,10.35215124,231.0529987,229.202872,230.114023,8.02502511,7.993134218,10.9899297
2383,32,32,32,1,1,1,0,1,1,1,0,1,1,1,1,232.5416842,225.5400106,230.3766135,33.2815559,62.17032403,66.25962318,226.1792729,228.8004705,236.983726,28.5472435,63.95589754,66.38707842
2384,32,32,32,1,1,1,0,1,1,1,1,0,1,1,1,233.24593,230.136721,225.1658086,25.40191033,7.127301786,30.43049925,233.8898897,230.8043139,225.7225809,25.37441079,7.10910726,30.31063807
2385,32,32,32,1,1,1,0,1,1,1,1,1,0,1,1,298.1521115,243.6366323,367.8027397,22.29964382,11.97065005,21.40243495,301.3781202,249.2889683,369.6760864,22.55333269,15.24527645,18.51867952
2386,32,32,32,1,1,1,0,1,1,1,1,1,1,0,1,229.3889048,230.3903767,228.8438581,10.9751491,7.497467469,7.922369706,228.4549855,232.4878042,229.6067282,10.00837463,11.17442242,3.748084383
2387,32,32,32,1,1,1,0,1,1,1,1,1,1,1,0,235.6158218,226.1382087,228.1065165,61.27936986,25.96801182,59.02406518,230.9145622,233.2353498,226.6952314,60.84179646,30.66235024,56.99959493
2388,32,32,32,1,1,1,1,0,1,1,1,1,1,1,1,227.6770763,231.4187401,229.4215014,8.437676386,9.708586172,3.893935076,229.712319,230.7028422,229.9319542,9.40376176,5.622765554,7.729475129
2389,32,32,32,1,1,1,1,0,1,0,1,1,1,1,1,228.4196675,234.5143783,227.3639812,47.66639102,47.93630141,15.85294883,227.9616503,230.3686491,232.087342,45.85681174,47.04032093,20.91260891
2390,32,32,32,1,1,1,1,0,1,1,0,1,1,1,1,228.846302,229.3492586,230.345737,7.916986068,10.8085664,7.198982558,229.6085353,228.3746976,232.3913585,3.751262772,9.761005491,10.94550685
2391,32,32,32,1,1,1,1,0,1,1,1,0,1,1,1,230.3333874,232.5206966,225.5751182,65.84751515,32.95972977,61.86278965,236.9304413,226.2319228,228.7941692,65.98635087,28.21221871,63.64116044
2392,32,32,32,1,1,1,1,0,1,1,1,1,0,1,1,228.1326682,232.0081335,228.6736055,10.54505528,11.74102815,3.700296982,230.2242156,231.0875983,229.2343802,11.20958582,8.313364661,8.03147548
2393,32,32,32,1,1,1,1,0,1,1,1,1,1,0,1,367.5613433,298.7161086,244.964114,19.27262911,20.32276355,12.77928217,369.1512182,301.2813927,249.4739835,16.16548053,20.12737636,15.08308337
2394,32,32,32,1,1,1,1,0,1,1,1,1,1,1,0,225.1567879,233.2387097,230.1372418,30.32529081,25.29681352,7.128460364,225.715074,233.8901788,230.80395,30.21016304,25.27150515,7.10977117
2395,32,32,32,1,1,1,1,1,0,1,1,1,1,1,1,227.6835885,231.4237069,229.4197124,8.468289501,9.736145296,3.89832032,229.7122888,230.7018919,229.9316105,9.412880484,5.655157118,7.726696687
2396,32,32,32,1,1,1,1,1,0,0,1,1,1,1,1,228.8179163,229.3399852,230.3466194,7.89910137,10.71902375,7.113936915,229.5884825,228.3993996,232.4439329,3.773110954,9.752729885,10.95313429
2397,32,32,32,1,1,1,1,1,0,1,0,1,1,1,1,228.2455077,235.8880906,225.8495848,60.96266821,63.00810909,26.33276023,226.5437794,230.8568227,233.1544049,58.86225944,62.47945501,31.02305493
2398,32,32,32,1,1,1,1,1,0,1,1,0,1,1,1,227.9561345,231.8459605,228.7180425,9.831496513,11.06011651,3.744688922,230.094719,231.0197699,229.2646647,10.68378799,7.435576685,7.962180898
2399,32,32,32,1,1,1,1,1,0,1,1,1,0,1,1,230.4324163,232.6463535,225.8146719,63.50226385,32.04904778,59.4727359,236.6249024,226.5608215,228.7161128,63.5879076,27.24689963,61.18708072
2400,32,32,32,1,1,1,1,1,0,1,1,1,1,0,1,225.1596368,233.2384049,230.1399921,30.28140707,25.25092706,7.127982446,225.7078364,233.8733764,230.8087802,30.15600047,25.21957801,7.108729188
2401,32,32,32,1,1,1,1,1,0,1,1,1,1,1,0,367.698674,298.9402174,245.1883516,20.74730635,21.81453215,14.23307509,368.8285219,300.9158565,247.9341192,17.99550177,21.67997258,15.25851663
2402,32,64,96,1,1,1,1,1,1,1,1,1,1,1,1,217.1375555,211.3342441,265.5331392,4.30558504,2.283828603,2.063830072,217.6753363,211.48012,265.7450791,3.837248851,2.378053121,2.370664152
2403,32,64,96,1,1,1,1,1,1,0,1,1,1,1,1,217.0802408,210.7009636,266.145186,7.372404295,8.479225175,5.325978293,217.8218578,209.346779,267.4020019,3.627217703,7.272098018,7.810082315
2404,32,64,96,1,1,1,1,1,1,1,0,1,1,1,1,217.077409,210.6979308,266.1482194,7.358962716,8.455858255,5.279744214,217.8234383,209.3470277,267.399157,3.640921636,7.24261565,7.774985984
2405,32,64,96,1,1,1,1,1,1,1,1,0,1,1,1,217.5027654,211.4282937,265.2244128,4.382112624,4.558464488,6.852253489,219.0590057,212.0490245,264.2352813,7.848538004,3.087957882,6.042372781
2406,32,64,96,1,1,1,1,1,1,1,1,1,0,1,1,217.4999469,211.4290078,265.2224762,4.36928941,4.55800168,6.838462002,219.0563315,212.0484659,264.2342634,7.838311779,3.087106702,6.028810875
2407,32,64,96,1,1,1,1,1,1,1,1,1,1,0,1,216.8209779,211.7624106,265.4658487,8.682132337,4.555007403,4.834386085,216.0384883,212.5522772,266.264979,6.828572668,7.041252189,3.735673946
2408,32,64,96,1,1,1,1,1,1,1,1,1,1,1,0,216.8224934,211.7616182,265.4653016,8.690897264,4.574846876,4.84026014,216.0375752,212.5549549,266.2644212,6.842318385,7.062425697,3.736676883
2409,32,64,96,0,1,1,1,1,1,1,1,1,1,1,1,217.2418092,208.9771821,267.3923682,3.785811335,7.539194567,7.980941551,217.6875606,210.6854398,266.4167635,7.293550673,8.67513083,5.663882916
2410,32,64,96,0,1,1,1,1,1,0,1,1,1,1,1,236.3770237,366.6359577,325.0922577,14.6654211,15.98909057,19.67315515,232.8169394,366.4626451,322.5598031,12.27948995,17.59041375,18.97167783
2411,32,64,96,0,1,1,1,1,1,1,0,1,1,1,1,218.3670433,205.2590913,269.554593,6.750135877,33.45331228,28.63418635,219.0002244,205.4336072,269.6577923,6.726658632,33.41291636,28.62827589
2412,32,64,96,0,1,1,1,1,1,1,1,0,1,1,1,215.63069,209.1581733,269.2450576,13.96634882,38.96235721,39.95959608,219.9868066,209.4539248,266.1320942,18.53227287,38.30500044,39.69821372
2413,32,64,96,0,1,1,1,1,1,1,1,1,0,1,1,218.0063756,210.0425646,265.9815509,9.909677382,5.148376063,11.29545684,219.962112,210.6935396,264.9204729,12.2871394,3.45899855,10.95421023
2414,32,64,96,0,1,1,1,1,1,1,1,1,1,0,1,214.8841907,211.2413023,267.6346819,44.62259039,47.06101072,21.77662501,216.6752484,215.8392277,263.4761609,45.99185941,47.40729173,19.29996029
2415,32,64,96,0,1,1,1,1,1,1,1,1,1,1,0,216.6768795,209.1198623,267.7929916,3.663701925,11.53139924,12.01273481,217.2612658,210.769431,266.7055344,7.525517726,12.19607979,10.60701572
2416,32,64,96,1,0,1,1,1,1,1,1,1,1,1,1,217.2447708,208.9748738,267.3919967,3.791127143,7.563335881,8.004298507,217.6888527,210.6864917,266.4160389,7.29383262,8.702466302,5.691634866
2417,32,64,96,1,0,1,1,1,1,0,1,1,1,1,1,218.3644107,205.2447391,269.5726878,6.751296418,33.4821807,28.66381073,218.9981669,205.420215,269.6767547,6.727799001,33.43716073,28.65630436
2418,32,64,96,1,0,1,1,1,1,1,0,1,1,1,1,237.8735532,367.5068234,325.3868923,11.83110152,13.4015313,16.08552326,236.0392103,367.3697365,323.7283827,9.599151155,14.3307926,15.47179285
2419,32,64,96,1,0,1,1,1,1,1,1,0,1,1,1,217.8922334,210.439648,265.7606222,8.996228117,4.959582212,10.29505411,219.6710564,211.0301654,264.6877654,11.38444284,3.147917139,9.817927398
2420,32,64,96,1,0,1,1,1,1,1,1,1,0,1,1,213.8591741,209.0584384,271.1206478,23.33614498,56.64315633,58.55820154,220.4167208,207.9241598,266.1355419,27.4390026,55.72173888,58.33788523
2421,32,64,96,1,0,1,1,1,1,1,1,1,1,0,1,216.9184819,208.9225961,267.6780063,3.676203687,9.203371671,9.597163355,217.4266219,210.6508106,266.6729089,7.436803238,10.12630929,7.761510646
2422,32,64,96,1,0,1,1,1,1,1,1,1,1,1,0,214.6873484,211.2960777,267.6794862,48.34695568,50.81273744,23.19356454,217.1201255,216.5759061,263.0601735,49.89046892,51.21120251,20.72258618
2423,32,64,96,1,1,0,1,1,1,1,1,1,1,1,1,218.3205126,211.7330727,264.3372663,7.745927797,3.095783512,5.590695466,217.9157862,211.5483399,265.5774586,4.01566145,4.68804444,6.418352144
2424,32,64,96,1,1,0,1,1,1,0,1,1,1,1,1,218.4404035,210.3732955,265.7841602,11.30349492,22.23659121,22.03418705,217.4262494,209.3792844,267.7964208,6.013913805,22.37591207,22.54937005
2425,32,64,96,1,1,0,1,1,1,1,0,1,1,1,1,219.4599845,210.0032129,265.4509212,13.22139369,3.36138634,11.55001901,218.6766044,209.8427632,266.5972335,10.95910999,5.198494352,11.77032954
2426,32,64,96,1,1,0,1,1,1,1,1,0,1,1,1,267.977137,198.6544215,433.9446585,24.10446659,14.11441423,21.22992353,271.9078161,204.4239201,435.1611939,24.7133524,15.76842183,19.94407673
2427,32,64,96,1,1,0,1,1,1,1,1,1,0,1,1,219.4560812,213.708146,261.9379193,18.21600292,4.682463823,21.55838045,220.0964688,213.9413267,262.0138243,18.21908292,4.686669009,21.52944775
2428,32,64,96,1,1,0,1,1,1,1,1,1,1,0,1,220.9664635,209.6585086,264.8019429,46.89125997,17.9807647,45.9392994,217.7493432,213.7463438,263.9765763,46.62177435,20.73898781,45.05311467
2429,32,64,96,1,1,0,1,1,1,1,1,1,1,1,0,216.8133653,211.8651532,265.3937181,8.897449934,4.931794666,4.88479583,215.9993099,212.6836448,266.2001476,7.081480024,7.35247299,3.74083234
2430,32,64,96,1,1,1,0,1,1,1,1,1,1,1,1,218.3182535,211.7372475,264.3377243,7.751892018,3.094893606,5.606336226,217.9153286,211.55076,265.5780231,4.037403846,4.690486498,6.434943378
2431,32,64,96,1,1,1,0,1,1,0,1,1,1,1,1,220.5455154,208.1435561,266.9840732,15.89608525,4.237912158,14.58651369,219.6744257,207.8050159,268.0099057,14.06118491,5.610391172,14.70896569
2432,32,64,96,1,1,1,0,1,1,1,0,1,1,1,1,219.3376918,207.8046887,266.4959646,26.7136454,54.50001472,56.92836479,214.2007732,209.2698185,271.6059486,22.42806018,55.3035581,57.09727184
2433,32,64,96,1,1,1,0,1,1,1,1,0,1,1,1,219.4584458,213.7089154,261.9433198,18.19399445,4.681230037,21.53177775,220.0876197,213.9412387,262.0110438,18.18466903,4.685798107,21.49892592
2434,32,64,96,1,1,1,0,1,1,1,1,1,0,1,1,272.0296568,206.6920554,435.3834925,22.65343065,14.47719875,18.39683387,269.751235,201.8766545,434.3909289,21.84462498,12.65593526,19.3473516
2435,32,64,96,1,1,1,0,1,1,1,1,1,1,0,1,216.8062802,211.8586296,265.404724,8.898638156,4.918172797,4.881072555,215.9925217,212.6722287,266.2138668,7.073226581,7.337591608,3.745291881
2436,32,64,96,1,1,1,0,1,1,1,1,1,1,1,0,220.0985892,210.4160881,264.3733786,38.55147496,14.33405687,37.73194933,217.712814,213.7020791,264.3665769,38.29051737,17.16531318,36.99325435
2437,32,64,96,1,1,1,1,0,1,1,1,1,1,1,1,215.4775315,212.3528574,266.0917456,6.896064423,6.963181011,3.634574314,217.3771599,211.944185,265.6020146,8.508802123,4.526328598,4.822551101
2438,32,64,96,1,1,1,1,0,1,0,1,1,1,1,1,216.058514,215.5847946,264.0369512,40.92785552,41.35619639,14.63015617,215.731685,211.4891958,267.326488,39.35436829,40.70276327,17.18245407
2439,32,64,96,1,1,1,1,0,1,1,0,1,1,1,1,216.7319943,210.5452801,266.5275525,7.581422384,11.10629902,9.084614814,217.3737225,209.2432593,267.9253356,3.61732932,10.27580939,10.76718645
2440,32,64,96,1,1,1,1,0,1,1,1,0,1,1,1,217.1128038,213.8519487,263.5137143,46.2084211,20.27920755,44.67100577,221.5725949,210.3058124,264.4703081,46.29287656,17.48446108,45.46417811
2441,32,64,96,1,1,1,1,0,1,1,1,1,0,1,1,215.4270465,212.5179741,265.9989859,7.203325045,7.361154637,3.660107009,217.3765085,212.0874619,265.4909249,8.814200332,5.016085408,4.885486613
2442,32,64,96,1,1,1,1,0,1,1,1,1,1,0,1,318.2350169,318.5850135,307.1460908,17.71491088,18.88081728,11.6010062,319.9401099,319.3242102,309.9564132,16.52335276,18.3908906,13.05502826
2443,32,64,96,1,1,1,1,0,1,1,1,1,1,1,0,212.2769984,213.4262937,267.8627827,31.97974583,27.91868374,5.363377986,212.865587,213.6071507,267.9963743,31.89680375,27.87828453,5.355418894
2444,32,64,96,1,1,1,1,1,0,1,1,1,1,1,1,215.4817521,212.3435425,266.0908327,6.873598195,6.935020777,3.634301553,217.3806338,211.938882,265.6021927,8.494742655,4.495212662,4.819090078
2445,32,64,96,1,1,1,1,1,0,0,1,1,1,1,1,216.5773291,210.8189107,266.4848063,7.775109686,13.14566554,11.77486738,217.1332414,209.4881725,267.9376208,3.427976756,12.50070755,13.13238419
2446,32,64,96,1,1,1,1,1,0,1,0,1,1,1,1,216.0199414,216.2828617,263.3499101,46.28011364,47.32328722,18.53468102,215.1992437,211.7175083,267.7267163,44.57274452,46.76619621,21.03626528
2447,32,64,96,1,1,1,1,1,0,1,1,0,1,1,1,215.4245617,212.5364787,265.9905671,7.235003934,7.404445181,3.653713303,217.3739863,212.0963101,265.4870464,8.826638075,5.064567159,4.897084039
2448,32,64,96,1,1,1,1,1,0,1,1,1,0,1,1,216.9445173,213.4598188,264.3308909,30.91139759,13.58474732,30.12403405,219.9814034,211.4987187,264.0233708,31.14726449,10.67834145,30.64644739
2449,32,64,96,1,1,1,1,1,0,1,1,1,1,0,1,212.2744397,213.4275666,267.84903,31.97531701,27.91849632,5.364317895,212.8690813,213.6158888,267.9823323,31.89937537,27.88164957,5.35536641
2450,32,64,96,1,1,1,1,1,0,1,1,1,1,1,0,318.4553027,318.5978352,307.6567541,17.51679294,18.11455836,10.77977398,320.0129791,319.3068149,309.2513969,15.63996528,17.3707542,11.72485556
2451,64,16,32,1,1,1,1,1,1,1,1,1,1,1,1,290.0868751,202.1760139,210.8737188,2.788159443,7.468041536,4.073294884,290.5906703,203.3025671,211.2448502,3.57869522,6.424954625,3.949975515
2452,64,16,32,1,1,1,1,1,1,0,1,1,1,1,1,289.8453186,201.9808269,211.3625473,6.340353312,11.82859436,6.027214286,290.816405,201.6305472,212.5636123,4.368187469,9.811521358,9.763506591
2453,64,16,32,1,1,1,1,1,1,1,0,1,1,1,1,289.8497128,201.9876913,211.3520662,6.332390613,11.8032785,5.977668889,290.8203115,201.6417479,212.5517449,4.369251646,9.778668022,9.725472857
2454,64,16,32,1,1,1,1,1,1,1,1,0,1,1,1,291.0844907,201.9085716,209.9488343,8.158144665,12.11754705,12.60014034,293.3090042,202.719941,208.3134824,11.4519342,4.417018298,10.80286962
2455,64,16,32,1,1,1,1,1,1,1,1,1,0,1,1,291.0857644,201.9129248,209.9476804,8.163386903,12.12587822,12.59922424,293.3134616,202.7188301,208.3085013,11.456089,4.40670722,10.80145043
2456,64,16,32,1,1,1,1,1,1,1,1,1,1,0,1,289.8935744,202.5388195,210.9519088,8.40301721,7.418385851,7.015538601,289.1188361,205.2261081,211.6079145,8.368004095,11.0819292,3.503333176
2457,64,16,32,1,1,1,1,1,1,1,1,1,1,1,0,289.8915139,202.5337471,210.9547891,8.395490439,7.416899448,7.018088457,289.1183345,205.223331,211.6079967,8.366995501,11.07865249,3.49511586
2458,64,16,32,0,1,1,1,1,1,1,1,1,1,1,1,290.4831747,200.5196112,211.8203659,4.125520408,9.744866058,9.443726068,290.2608288,203.2041517,211.6309004,6.34840945,11.19008119,5.62875697
2459,64,16,32,0,1,1,1,1,1,0,1,1,1,1,1,331.4548741,293.397293,331.6363564,14.17852686,22.40321446,22.56014105,332.0132219,294.8632873,332.2771751,14.02497951,20.96915269,22.14386356
2460,64,16,32,0,1,1,1,1,1,1,0,1,1,1,1,291.517692,197.9095522,212.6444882,6.557614114,37.77990354,32.64539743,291.8417973,199.161933,213.1834231,6.541959722,37.58405645,32.53699855
2461,64,16,32,0,1,1,1,1,1,1,1,0,1,1,1,286.10029,201.728764,217.8701072,28.31386618,59.62814885,62.20696551,293.0063342,199.7314302,211.561017,31.64126203,55.9317891,61.05651876
2462,64,16,32,0,1,1,1,1,1,1,1,1,0,1,1,291.3695911,201.3918493,210.0964048,14.56804037,12.32167652,17.11585417,293.6896136,202.0501739,208.6055725,16.58623884,4.266849252,15.97335966
2463,64,16,32,0,1,1,1,1,1,1,1,1,1,0,1,289.8923981,202.5351936,210.9601289,8.432941081,7.464546603,7.026290077,289.1204123,205.2328041,211.6125311,8.41476302,11.11980954,3.489482153
2464,64,16,32,0,1,1,1,1,1,1,1,1,1,1,0,290.3752978,200.5252206,211.9587732,4.136321194,9.949149983,9.750073286,290.1426023,203.2523998,211.7426119,6.420520157,11.39324254,5.967736258
2465,64,16,32,1,0,1,1,1,1,1,1,1,1,1,1,290.4833702,200.5231443,211.8166844,4.119980711,9.730091664,9.421111161,290.2633776,203.2034643,211.626412,6.344602263,11.17028106,5.596306894
2466,64,16,32,1,0,1,1,1,1,0,1,1,1,1,1,291.5202013,197.9111236,212.6569855,6.554560079,37.82984629,32.69141479,291.843432,199.1449197,213.1801743,6.540230981,37.61998464,32.57718808
2467,64,16,32,1,0,1,1,1,1,1,0,1,1,1,1,331.5975473,292.9543007,331.7169146,12.98029979,20.14103251,20.20483285,335.7942342,295.7728734,333.0590256,15.49379388,16.94726361,19.04651641
2468,64,16,32,1,0,1,1,1,1,1,1,0,1,1,1,291.27659,201.6741073,209.9140643,10.21880391,12.24525756,14.01879043,293.5592791,202.4295169,208.2610906,13.0324962,4.273341191,12.43734522
2469,64,16,32,1,0,1,1,1,1,1,1,1,0,1,1,285.6451337,201.7660729,218.3698106,29.69818743,62.69545205,65.32286123,292.8185998,199.3968489,211.5291284,32.9773908,58.91040907,64.12725284
2470,64,16,32,1,0,1,1,1,1,1,1,1,1,0,1,286.6981611,204.17637,215.5465964,11.00910974,31.22973118,29.5429969,287.5846353,207.7926098,213.5660594,14.36948724,30.5264489,27.17697933
2471,64,16,32,1,0,1,1,1,1,1,1,1,1,1,0,289.6942782,202.0379378,211.8669321,13.1864663,12.86270041,8.416953308,289.0349146,205.0411148,211.997268,13.63872813,15.02429406,3.448586166
2472,64,16,32,1,1,0,1,1,1,1,1,1,1,1,1,293.2282842,201.5628115,207.4168318,11.83362193,4.892741275,11.63449415,291.7356259,203.2416899,209.9163257,8.9998402,11.79860226,13.06386284
2473,64,16,32,1,1,0,1,1,1,0,1,1,1,1,1,292.7818183,198.6995285,210.1789945,35.77750301,63.66863332,69.21280652,285.6442399,204.2633343,218.4114189,32.50344602,66.8546674,69.9026303
2474,64,16,32,1,1,0,1,1,1,1,0,1,1,1,1,293.4072087,201.2416007,207.5030839,12.85063994,4.73669967,12.60215349,291.8291995,202.9542921,210.0407079,10.18724297,11.92038077,13.92650438
2475,64,16,32,1,1,0,1,1,1,1,1,0,1,1,1,350.3587169,233.1057027,355.2736305,11.45064084,10.15004054,10.6841995,349.4186998,233.0404768,356.2537176,11.6077301,8.569126398,13.9161654
2476,64,16,32,1,1,0,1,1,1,1,1,1,0,1,1,296.2793855,201.555451,203.4155829,36.32532027,10.38070493,43.218055,296.548816,202.8755774,203.8969235,36.30595736,10.29393077,43.06862567
2477,64,16,32,1,1,0,1,1,1,1,1,1,1,0,1,297.9620531,197.111967,206.6240469,76.25106821,33.13529661,72.7090857,291.9480838,207.1933346,205.2519427,76.04678984,39.26450776,70.96200014
2478,64,16,32,1,1,0,1,1,1,1,1,1,1,1,0,296.0680231,204.5595065,204.2197624,16.45002723,16.24971443,7.985871389,295.4001093,207.8109241,205.1275339,16.5856059,18.51971162,4.272463738
2479,64,16,32,1,1,1,0,1,1,1,1,1,1,1,1,293.2185066,201.5637213,207.4035181,11.77615408,4.892210264,11.58869592,291.7391178,203.2425431,209.9081491,8.94734669,11.79795979,13.03558165
2480,64,16,32,1,1,1,0,1,1,0,1,1,1,1,1,293.4120385,201.2192178,207.5312124,13.32369127,4.72054204,13.08617812,291.837881,202.9418698,210.0549255,10.81166678,11.92947321,14.35057589
2481,64,16,32,1,1,1,0,1,1,1,0,1,1,1,1,292.7719727,198.6452672,210.1543782,36.01775653,63.89241871,69.50293009,285.5785653,204.2470387,218.4174759,32.74471573,67.08277491,70.18574369
2482,64,16,32,1,1,1,0,1,1,1,1,0,1,1,1,296.262353,201.554051,203.4268031,36.22267218,10.37946769,43.11611918,296.5335804,202.8712877,203.9057652,36.20435624,10.292686,42.96700164
2483,64,16,32,1,1,1,0,1,1,1,1,1,0,1,1,350.1822299,231.2413089,353.8719037,35.36653133,28.10098899,26.01995745,350.7888983,233.7412723,354.5940882,35.17874469,27.63166002,24.40564036
2484,64,16,32,1,1,1,0,1,1,1,1,1,1,0,1,299.9190412,206.4153888,201.8778518,20.40538485,20.07366103,8.609804579,299.4861108,209.6277245,202.9913906,20.8535902,22.04130737,5.495907744
2485,64,16,32,1,1,1,0,1,1,1,1,1,1,1,0,293.223906,201.5696703,207.3931063,12.01388529,4.821776515,11.85800362,291.7241557,203.284709,209.8959487,9.2624307,11.83356861,13.24517513
2486,64,16,32,1,1,1,1,0,1,1,1,1,1,1,1,289.3554606,203.660072,210.7248881,7.63904491,10.97315318,3.57027747,290.741152,203.4244615,211.1867325,7.618552637,6.98919601,7.183574465
2487,64,16,32,1,1,1,1,0,1,0,1,1,1,1,1,289.3525206,203.6519341,210.7316974,7.708592589,11.05234589,3.542036627,290.755231,203.3936543,211.1982679,7.681608749,7.047925947,7.22561119
2488,64,16,32,1,1,1,1,0,1,1,0,1,1,1,1,287.6804463,207.1098765,212.6715912,16.73648647,35.07514535,30.8701287,287.1193383,205.8794518,216.210499,13.36874276,35.56133378,33.04494072
2489,64,16,32,1,1,1,1,0,1,1,1,0,1,1,1,292.7264303,204.6932381,205.1511779,75.66805589,39.14734191,70.79506283,299.2518654,197.2626099,207.6711217,75.68965286,32.56555186,72.17111969
2490,64,16,32,1,1,1,1,0,1,1,1,1,0,1,1,296.0879731,205.2643946,203.4088519,20.16019908,21.76959544,4.958867985,297.3597647,204.1823079,203.556506,19.74783137,19.32926075,8.963811055
2491,64,16,32,1,1,1,1,0,1,1,1,1,1,0,1,484.0576988,240.705966,185.958897,23.31598597,29.40552622,17.3512686,483.2873283,237.7062322,179.2449315,25.09348551,28.00499156,13.91003454
2492,64,16,32,1,1,1,1,0,1,1,1,1,1,1,0,287.9408655,204.7372585,211.7338422,21.39450504,18.00449301,6.568592259,288.1449965,206.0631656,212.3507022,21.31808275,18.06520209,6.562657393
2493,64,16,32,1,1,1,1,1,0,1,1,1,1,1,1,289.3519195,203.6643062,210.7271999,7.648175267,10.974223,3.568991889,290.736416,203.429338,211.1887484,7.62436598,6.991695857,7.180500628
2494,64,16,32,1,1,1,1,1,0,0,1,1,1,1,1,289.8278224,201.9935626,211.3810486,6.35147785,11.87907565,6.107349929,290.7978926,201.6350862,212.5830232,4.367160112,9.866687117,9.821365604
2495,64,16,32,1,1,1,1,1,0,1,0,1,1,1,1,289.7531625,204.9678398,209.968873,38.41910185,38.61599997,12.61877941,289.5766705,203.307408,213.612232,37.15901283,38.24878101,17.78046486
2496,64,16,32,1,1,1,1,1,0,1,1,0,1,1,1,300.6042757,207.7153048,201.4703711,20.28126999,21.77520171,6.595669264,302.328195,208.0815812,201.2708836,20.47385249,20.32118744,9.519631811
2497,64,16,32,1,1,1,1,1,0,1,1,1,0,1,1,292.8434201,204.7420573,206.3226707,64.63315779,33.46028971,60.69757258,298.1737144,198.6801088,207.7315027,64.63114003,26.48084573,61.84576786
2498,64,16,32,1,1,1,1,1,0,1,1,1,1,0,1,287.9322647,204.7257424,211.7425135,21.33103574,17.94163355,6.568133261,288.1460959,206.0693766,212.3601632,21.26723736,18.01843171,6.562004795
2499,64,16,32,1,1,1,1,1,0,1,1,1,1,1,0,484.5842363,240.410316,185.5287157,23.40471034,29.62680708,17.54639694,483.8123034,237.402474,178.6628972,25.16825991,28.16274007,14.07085638
2500,32,24,16,1,1,1,1,1,1,1,1,1,1,1,1,242.4000176,254.4897958,195.330394,4.328836861,6.165506944,6.953730783,243.0558016,255.5388088,196.401761,4.785861161,6.029449604,6.488962727
2501,32,24,16,1,1,1,1,1,1,0,1,1,1,1,1,242.2722319,254.3573936,195.9036793,8.033658976,11.05854088,7.19929814,243.0975369,254.0226219,198.614794,4.14515266,10.642156,12.19566327
2502,32,24,16,1,1,1,1,1,1,1,0,1,1,1,1,242.277458,254.3556422,195.8984536,8.032510648,11.05682489,7.18611479,243.102443,254.0219638,198.6097585,4.146326218,10.62878272,12.18501267
2503,32,24,16,1,1,1,1,1,1,1,1,0,1,1,1,243.3121836,254.0213008,194.9184295,7.70080234,10.71765559,13.41605057,245.551478,254.9661348,194.2335321,12.22846833,4.742171069,11.99841299
2504,32,24,16,1,1,1,1,1,1,1,1,1,0,1,1,243.3093001,254.0206736,194.9202795,7.713729456,10.72104965,13.42410765,245.5494639,254.9684112,194.2332876,12.23799449,4.745482863,12.00128547
2505,32,24,16,1,1,1,1,1,1,1,1,1,1,0,1,241.7669066,255.2550623,195.0906574,11.91586566,8.188698106,11.51866919,240.6642288,258.2589736,195.859728,11.19943139,12.85175342,4.399178815
2506,32,24,16,1,1,1,1,1,1,1,1,1,1,1,0,241.7672262,255.2528137,195.0870945,11.91631049,8.19226495,11.5181233,240.6646379,258.259057,195.8550152,11.20678953,12.8671163,4.398443833
2507,32,24,16,0,1,1,1,1,1,1,1,1,1,1,1,242.321441,253.3751608,197.1993509,4.009320595,9.937340953,11.8106283,242.8978496,255.589478,196.8173517,8.212600477,9.916643009,6.591379874
2508,32,24,16,0,1,1,1,1,1,0,1,1,1,1,1,238.862147,400.3458715,263.4869875,20.13356709,26.56201832,29.50427705,240.1848322,402.0656344,264.7574726,20.11859807,23.93258401,27.0861841
2509,32,24,16,0,1,1,1,1,1,1,0,1,1,1,1,243.0065566,251.8262195,198.7128618,7.537870331,28.32567909,23.35433327,243.7119209,252.7181294,199.9771868,7.524075706,28.13361269,23.33895811
2510,32,24,16,0,1,1,1,1,1,1,1,0,1,1,1,238.8273045,254.5398635,202.0075415,30.61930193,66.09121797,68.53010827,246.7579064,252.1433221,197.1811974,35.76143442,62.67040067,67.83995412
2511,32,24,16,0,1,1,1,1,1,1,1,1,0,1,1,243.4808708,253.7618466,195.1111586,8.239308397,10.81487592,13.77555823,245.7720938,254.6899236,194.3915159,12.66542589,4.665585216,12.39673528
2512,32,24,16,0,1,1,1,1,1,1,1,1,1,0,1,240.440807,255.1604088,196.8350327,41.92428901,41.97597373,19.3177435,241.1746303,260.4073319,194.6047538,43.25050682,42.91852691,10.80597676
2513,32,24,16,0,1,1,1,1,1,1,1,1,1,1,0,239.3249585,255.3222628,198.1033716,3.933047502,13.84021744,15.4943619,239.9439504,257.8703248,197.4875173,8.937762423,14.23371116,11.3087608
2514,32,24,16,1,0,1,1,1,1,1,1,1,1,1,1,242.3205949,253.3772585,197.1954997,4.02390131,9.891702357,11.76802594,242.8924498,255.5914749,196.825242,8.197653957,9.906338769,6.53991331
2515,32,24,16,1,0,1,1,1,1,0,1,1,1,1,1,243.0099192,251.8232709,198.7100105,7.538227098,28.3998907,23.42395048,243.7156922,252.7104912,199.9769895,7.525854354,28.20819054,23.40888275
2516,32,24,16,1,0,1,1,1,1,1,0,1,1,1,1,240.0753194,401.4093458,264.2242266,18.39546332,22.95318679,25.27491659,244.4122787,403.2415685,266.8389359,19.98598445,19.44090163,24.68203988
2517,32,24,16,1,0,1,1,1,1,1,1,0,1,1,1,243.4820433,253.7663616,195.1024768,8.224847347,10.80999577,13.77350041,245.7723228,254.6964575,194.3793962,12.66492159,4.675058008,12.3929386
2518,32,24,16,1,0,1,1,1,1,1,1,1,0,1,1,238.6489036,254.5209823,202.1678401,31.16453909,67.49885905,69.90925704,246.6529586,251.9615707,197.1146162,36.26608517,64.04242981,69.16960492
2519,32,24,16,1,0,1,1,1,1,1,1,1,1,0,1,238.235262,257.03517,198.6805746,4.002084937,16.38227058,18.02291022,238.9991729,259.6130331,198.2059986,9.670294899,16.69960253,14.92347172
2520,32,24,16,1,0,1,1,1,1,1,1,1,1,1,0,237.2303493,256.5130158,199.1184023,69.11861875,73.82530784,38.62825887,240.3076556,263.3100323,191.8500521,70.93798758,73.49896945,31.11506919
2521,32,24,16,1,1,0,1,1,1,1,1,1,1,1,1,245.1070812,253.8201591,193.0711087,12.20087699,4.778859531,12.16588591,244.1550749,254.9489815,195.9415869,7.95377716,10.62546644,13.0842545
2522,32,24,16,1,1,0,1,1,1,0,1,1,1,1,1,246.8219373,250.7144115,195.8172057,36.46290577,65.35986405,70.43454531,240.1621019,255.2374561,203.5695072,31.19293412,68.17340879,70.44398075
2523,32,24,16,1,1,0,1,1,1,1,0,1,1,1,1,245.4926475,253.3605878,193.3133934,12.93249664,4.655717806,12.79305519,244.4587711,254.5090954,196.2537428,8.788455108,10.78263224,13.67346708
2524,32,24,16,1,1,0,1,1,1,1,1,0,1,1,1,336.4815031,291.4005294,304.4833128,26.46894375,21.12847288,24.60287079,337.3503088,292.8232838,306.2869423,26.15634745,20.64475161,23.46500944
2525,32,24,16,1,1,0,1,1,1,1,1,1,0,1,1,247.4851376,253.4630725,190.4077983,34.77998924,9.546449391,41.56995165,248.1215233,254.5009189,191.5549541,34.697519,9.470389092,41.31651933
2526,32,24,16,1,1,0,1,1,1,1,1,1,1,0,1,251.632906,248.6486027,193.8115144,77.17237261,35.0716147,73.50989354,244.4639232,258.5497162,191.177706,76.26783574,40.94946104,69.80689375
2527,32,24,16,1,1,0,1,1,1,1,1,1,1,1,0,243.0799686,255.4860483,193.2720189,13.80949404,10.51393807,11.88549546,241.821592,258.6961989,193.9625466,13.15876637,14.77403037,3.948379336
2528,32,24,16,1,1,1,0,1,1,1,1,1,1,1,1,245.0960503,253.8231577,193.0679234,12.1652639,4.793255059,12.12735908,244.1518162,254.9496336,195.9446645,7.913772534,10.62132539,13.06847722
2529,32,24,16,1,1,1,0,1,1,0,1,1,1,1,1,245.4789404,253.3737895,193.3119049,12.96359084,4.657407644,12.83566574,244.447005,254.5223205,196.2522926,8.852288424,10.78348115,13.71817956
2530,32,24,16,1,1,1,0,1,1,1,0,1,1,1,1,246.9081203,250.4927494,195.788666,37.54600194,66.28333575,71.66827249,240.0122662,255.1193233,203.5760512,32.29453221,69.10713597,71.62414428
2531,32,24,16,1,1,1,0,1,1,1,1,0,1,1,1,247.4841804,253.469533,190.4162199,34.7076191,9.547042303,41.50016769,248.096633,254.5087002,191.5490987,34.61444827,9.472545334,41.23236006
2532,32,24,16,1,1,1,0,1,1,1,1,1,0,1,1,336.8810296,291.6558954,305.0404233,22.80904355,17.33171492,23.02135939,337.6910337,293.8022626,306.4739066,21.46250768,17.1056921,19.02206809
2533,32,24,16,1,1,1,0,1,1,1,1,1,1,0,1,243.3409917,255.5689713,193.0972758,14.15002527,11.00592537,11.94787851,242.1093557,258.8725987,193.7734547,13.60654068,15.18538123,3.919204091
2534,32,24,16,1,1,1,0,1,1,1,1,1,1,1,0,251.1854868,249.2112331,193.7500505,73.46972051,33.11649398,69.93735854,244.5967742,258.7730122,191.6567945,72.65385921,39.16933657,66.39973394
2535,32,24,16,1,1,1,1,0,1,1,1,1,1,1,1,240.1680337,257.0277107,194.6132667,10.76005583,12.51160059,4.658167064,242.4053018,256.1092119,196.2550826,11.30397355,8.020422434,11.36233761
2536,32,24,16,1,1,1,1,0,1,0,1,1,1,1,1,240.1892047,257.3131479,194.7658003,15.80363222,16.77187958,4.091565256,242.1936488,255.9871422,196.740065,15.47226434,13.52588708,11.94564837
2537,32,24,16,1,1,1,1,0,1,1,0,1,1,1,1,235.5184328,261.4632254,198.8583307,10.37359226,22.69461262,20.32211432,236.3169857,260.6870816,201.775172,6.055805026,22.56074591,23.05542792
2538,32,24,16,1,1,1,1,0,1,1,1,0,1,1,1,243.5313259,257.0467058,190.3499073,79.03655542,42.59286201,72.50490479,252.0078579,248.8476046,195.9058688,79.38913696,36.45243171,75.48475257
2539,32,24,16,1,1,1,1,0,1,1,1,1,0,1,1,242.5652542,257.9527599,191.5237482,13.7265682,15.3803186,4.165155756,244.8897242,256.6544275,193.223958,13.9476186,11.40599744,11.8568069
2540,32,24,16,1,1,1,1,0,1,1,1,1,1,0,1,403.4712434,298.9552235,202.4298963,22.67217839,23.68888004,14.36555592,405.3285625,303.4481267,209.0612385,19.28907248,24.73647179,18.1139898
2541,32,24,16,1,1,1,1,0,1,1,1,1,1,1,0,237.7183075,259.0500023,194.5477708,32.69753522,26.73115804,10.00448128,238.2427966,260.0742427,195.8252156,32.52700479,26.73559948,9.964656004
2542,32,24,16,1,1,1,1,1,0,1,1,1,1,1,1,240.1780735,257.0440011,194.6040857,10.81105747,12.56895444,4.652596479,242.4091252,256.1073868,196.2484768,11.31956938,8.068441947,11.36748526
2543,32,24,16,1,1,1,1,1,0,0,1,1,1,1,1,240.7391685,255.5047472,196.2716714,8.380490437,12.53726714,9.071201335,241.5291255,255.0386134,199.2057404,3.934455459,12.2437852,13.84518925
2544,32,24,16,1,1,1,1,1,0,1,0,1,1,1,1,240.015572,261.4005388,190.9203763,72.29949141,75.04336376,32.21713868,238.0328483,256.596943,200.8675445,70.01618337,74.83296621,39.28128851
2545,32,24,16,1,1,1,1,1,0,1,1,0,1,1,1,242.2414977,257.263865,191.7787199,13.41036123,14.93719419,4.072789307,244.8325622,256.2270058,193.480807,14.1778817,11.18193369,11.98030864
2546,32,24,16,1,1,1,1,1,0,1,1,1,0,1,1,243.5937217,257.0549598,190.5429843,77.99607178,41.57788597,71.8473183,252.0477906,249.0717985,195.9938568,78.38195817,35.39160797,74.80407155
2547,32,24,16,1,1,1,1,1,0,1,1,1,1,0,1,237.7058715,259.0272254,194.5517537,32.63706015,26.6701611,10.00505624,238.241887,260.0743895,195.8290382,32.481981,26.69021335,9.964164889
2548,32,24,16,1,1,1,1,1,0,1,1,1,1,1,0,403.5140889,299.780182,204.1489651,22.02337033,24.0110042,16.53747162,405.2676261,303.2694845,208.8548761,18.99431055,24.53674469,18.78601845
2549,64,32,64,1,1,1,1,1,1,1,1,1,1,1,1,258.2398435,211.9918808,221.8923501,2.762778162,4.142864547,2.355244326,258.5669863,212.5168437,222.083295,2.890735255,3.809393108,2.520670386
2550,64,32,64,1,1,1,1,1,1,0,1,1,1,1,1,258.1326729,211.629231,222.3947008,5.626505334,8.899665921,4.855246138,258.9443834,210.772448,223.3676831,3.798223349,7.211258776,7.50860976
2551,64,32,64,1,1,1,1,1,1,1,0,1,1,1,1,258.1315159,211.6247532,222.4004362,5.627361551,8.890682558,4.843734738,258.9425847,210.769232,223.3746438,3.797491001,7.201159386,7.502566976
2552,64,32,64,1,1,1,1,1,1,1,1,0,1,1,1,258.8206084,211.9371031,221.3122718,5.116634555,7.169674644,8.363088426,260.2657858,212.6633233,220.033294,8.137345605,3.561417998,7.23461551
2553,64,32,64,1,1,1,1,1,1,1,1,1,0,1,1,258.8204148,211.9379295,221.3078208,5.125429228,7.167012209,8.372723239,260.2612168,212.6642778,220.0285911,8.133657462,3.565223147,7.244931538
2554,64,32,64,1,1,1,1,1,1,1,1,1,1,0,1,257.9325326,212.3893007,221.9662343,7.392171933,4.41182163,4.78071714,257.0288975,213.9333766,222.6332506,6.377104341,7.994473985,3.257045857
2555,64,32,64,1,1,1,1,1,1,1,1,1,1,1,0,257.9401862,212.3915962,221.9558198,7.410158189,4.427307572,4.781873674,257.0329126,213.9360215,222.6228148,6.392347185,8.007939465,3.25601652
2556,64,32,64,0,1,1,1,1,1,1,1,1,1,1,1,258.6117744,210.2050648,223.208974,3.750070388,7.239517159,7.416441763,258.3851786,212.1405029,222.6620015,5.599331224,8.729917374,4.83766664
2557,64,32,64,0,1,1,1,1,1,0,1,1,1,1,1,297.0765829,320.7791345,319.9652909,8.330061196,16.48323993,16.14343182,299.0914291,322.1300435,320.8500724,9.569803632,14.80968105,15.59820725
2558,64,32,64,0,1,1,1,1,1,1,0,1,1,1,1,259.9979439,206.9866289,224.6621588,5.816419975,32.6996964,28.29261256,260.2822525,207.5587953,224.8685041,5.800832721,32.61446457,28.25904061
2559,64,32,64,0,1,1,1,1,1,1,1,0,1,1,1,256.028435,210.7210231,226.840602,19.13082189,46.18565606,47.63201199,260.7990937,210.0249352,222.5432134,22.26798493,44.55111083,47.15729982
2560,64,32,64,0,1,1,1,1,1,1,1,1,0,1,1,258.863275,211.1699669,222.0663191,12.71435835,7.94468679,14.23949267,260.7428646,211.693183,220.6266823,14.45406091,3.154321125,13.65688475
2561,64,32,64,0,1,1,1,1,1,1,1,1,1,0,1,256.8342412,211.8007906,224.0452779,31.91790911,32.80664415,14.59433452,256.7278653,214.9630876,221.8994076,32.55516963,33.12904682,11.58074533
2562,64,32,64,0,1,1,1,1,1,1,1,1,1,1,0,258.4331882,210.1403174,223.4919306,3.75526748,8.115177961,8.390398066,258.2191591,212.1207408,222.8846514,5.73655419,9.464166724,6.104324073
2563,64,32,64,1,0,1,1,1,1,1,1,1,1,1,1,258.6176791,210.1961381,223.2103909,3.754508836,7.257158008,7.43675902,258.3889212,212.1345091,222.6623939,5.599031921,8.755655933,4.859887937
2564,64,32,64,1,0,1,1,1,1,0,1,1,1,1,1,260.0010122,206.9776677,224.6660384,5.814933114,32.81846592,28.41204788,260.2862334,207.5471755,224.8686184,5.798253207,32.7372244,28.37881216
2565,64,32,64,1,0,1,1,1,1,1,0,1,1,1,1,295.7803815,320.7950868,320.2070608,9.680901649,16.09074307,16.34268137,298.8586998,322.4920652,321.4274836,11.4568683,13.8468213,15.77431721
2566,64,32,64,1,0,1,1,1,1,1,1,0,1,1,1,259.1332393,211.5552647,221.341965,7.950799356,7.383995958,10.31342157,260.6191401,212.2100222,220.0062726,10.1675731,3.458169702,9.405274489
2567,64,32,64,1,0,1,1,1,1,1,1,1,0,1,1,255.0966225,210.7747208,228.0334601,23.20150032,54.24876527,56.0229975,260.7403643,209.2949925,222.6192977,26.21308633,52.44091972,55.52362601
2568,64,32,64,1,0,1,1,1,1,1,1,1,1,0,1,258.4767521,210.1339999,223.4368326,3.744160326,7.744352213,8.02619468,258.2453174,212.1342306,222.8459388,5.70847952,9.208277388,5.595732118
2569,64,32,64,1,0,1,1,1,1,1,1,1,1,1,0,256.4344474,212.0052272,224.3851323,41.15747521,42.50051985,18.56761547,257.3854292,216.2222312,221.0644558,42.12212688,42.74855494,15.58644077
2570,64,32,64,1,1,0,1,1,1,1,1,1,1,1,1,260.0312399,212.0750512,219.7554294,8.173674758,3.68912119,7.274500551,259.139225,212.5177112,221.4119714,5.252225824,7.124835978,8.347917178
2571,64,32,64,1,1,0,1,1,1,0,1,1,1,1,1,260.1429344,209.3750163,222.1234445,23.70970965,50.39920238,52.80517371,255.6809513,211.9146381,227.6979036,20.63161885,51.94128005,53.22007591
2572,64,32,64,1,1,0,1,1,1,1,0,1,1,1,1,260.4088767,211.4751578,219.8858414,11.01398286,3.557254079,10.25426132,259.445476,212.0127205,221.5608603,9.037003501,7.348113958,11.00008787
2573,64,32,64,1,1,0,1,1,1,1,1,0,1,1,1,315.497975,227.1541043,380.9534455,16.66462265,11.26244667,14.20520601,313.6993071,224.6724398,380.662778,16.14477552,8.905481464,15.69170179
2574,64,32,64,1,1,0,1,1,1,1,1,1,0,1,1,262.0228138,213.1735921,216.403522,26.08205007,6.583109047,30.7522836,262.2811331,213.7933292,216.5729246,26.06728335,6.568310385,30.70164316
2575,64,32,64,1,1,0,1,1,1,1,1,1,1,0,1,263.5887971,208.8508573,219.8854361,57.87885462,22.97352415,56.11761985,258.8833257,215.2714754,218.7478282,57.6165383,27.12529063,55.1268225
2576,64,32,64,1,1,0,1,1,1,1,1,1,1,1,0,258.1901853,212.6605524,221.4311429,8.52107156,5.953282166,5.028202204,257.1341564,214.3602194,222.1216238,7.587362987,9.267582985,3.240344418
2577,64,32,64,1,1,1,0,1,1,1,1,1,1,1,1,260.0179114,212.0781349,219.7623105,8.134111019,3.691562225,7.250970408,259.1371647,212.5171089,221.4177172,5.216517713,7.119027002,8.335368281
2578,64,32,64,1,1,1,0,1,1,0,1,1,1,1,1,260.4651607,211.3481041,220.1743514,12.25018211,3.418735678,11.48869898,259.2655673,211.894276,221.85984,10.27881943,7.498164286,12.06712067
2579,64,32,64,1,1,1,0,1,1,1,0,1,1,1,1,260.3883447,208.8501772,222.2007866,27.73921681,54.94820395,58.20196468,254.9624995,211.8266597,228.1881607,24.70797845,56.53455116,58.53252788
2580,64,32,64,1,1,1,0,1,1,1,1,0,1,1,1,262.013799,213.1860338,216.3961541,26.09278413,6.584069675,30.7626831,262.283751,213.8049871,216.5705974,26.08404953,6.569759426,30.71504793
2581,64,32,64,1,1,1,0,1,1,1,1,1,0,1,1,315.3486645,226.5131733,380.0882606,20.66725112,13.30481778,17.39313631,312.6557948,222.4510702,379.7228299,19.9902647,10.34734179,19.19937306
2582,64,32,64,1,1,1,0,1,1,1,1,1,1,0,1,258.712633,212.7297187,221.0402041,11.38794982,9.860023393,5.347731584,257.6524223,214.602327,221.6634549,10.79262426,12.2353438,3.202283883
2583,64,32,64,1,1,1,0,1,1,1,1,1,1,1,0,262.1612647,210.1623948,219.5653162,44.20436296,16.19215984,43.04948121,258.9188574,215.0419165,219.7302213,43.96192024,20.64384541,42.29799428
2584,64,32,64,1,1,1,1,0,1,1,1,1,1,1,1,256.9776006,213.2278829,222.3152932,5.969715355,7.836725992,3.231901429,258.3932355,212.8112939,222.1274245,6.939225233,4.059831504,4.890417862
2585,64,32,64,1,1,1,1,0,1,0,1,1,1,1,1,256.631404,214.1891284,221.571832,30.93822012,31.57259706,11.10507555,257.3372456,212.3260562,224.0318839,30.23016707,31.06734792,14.11007196
2586,64,32,64,1,1,1,1,0,1,1,0,1,1,1,1,258.0385441,211.6095428,222.5362136,5.710025487,9.321334945,5.560203315,258.8439293,210.7111784,223.5568212,3.780574864,7.679269886,8.050278644
2587,64,32,64,1,1,1,1,0,1,1,1,0,1,1,1,259.0410302,214.3317864,218.5329722,56.08305732,26.27845377,53.75928555,264.1822301,209.3390485,219.9726585,56.24063572,21.95536392,54.61532394
2588,64,32,64,1,1,1,1,0,1,1,1,1,0,1,1,258.0915425,214.0685483,220.7463551,12.35931069,13.45177549,3.618219282,259.64214,213.2548517,220.5788161,12.78510145,11.23490444,5.712084496
2589,64,32,64,1,1,1,1,0,1,1,1,1,1,0,1,412.205797,273.7290357,222.4467281,15.92346177,17.23349211,10.85868058,413.1168418,275.6062642,224.9945434,14.18379537,16.57433042,11.8423367
2590,64,32,64,1,1,1,1,0,1,1,1,1,1,1,0,254.4952884,214.4781642,224.233957,23.8276952,20.18183103,4.917880103,254.709922,215.0922914,224.4781826,23.77776265,20.16821581,4.919795837
2591,64,32,64,1,1,1,1,1,0,1,1,1,1,1,1,256.9764984,213.225371,222.3170774,5.970456594,7.840191959,3.232974723,258.3942969,212.80831,222.1273236,6.943661647,4.062515094,4.891538428
2592,64,32,64,1,1,1,1,1,0,0,1,1,1,1,1,258.0099308,211.5935884,222.5790326,5.727840266,9.481201479,5.900856424,258.8052007,210.7141362,223.5969995,3.798342553,7.937476676,8.277850563
2593,64,32,64,1,1,1,1,1,0,1,0,1,1,1,1,257.4310832,215.7450328,220.3988304,43.09084286,43.86754425,16.35248054,256.8823819,212.6485706,224.3430011,41.9718206,43.44289217,19.29355275
2594,64,32,64,1,1,1,1,1,0,1,1,0,1,1,1,257.5003307,214.0094108,221.2205405,9.740523225,11.37570092,3.343920032,258.9363639,213.3215593,221.0695226,10.16899826,8.745914402,5.292570282
2595,64,32,64,1,1,1,1,1,0,1,1,1,0,1,1,259.005086,214.2167681,219.426901,44.19283935,20.71293247,42.55554893,262.8381823,210.5240968,219.6995614,44.35542021,16.1415725,43.21700422
2596,64,32,64,1,1,1,1,1,0,1,1,1,1,0,1,254.4983088,214.4616551,224.2276151,23.72917682,20.08357176,4.916961095,254.7138488,215.079143,224.4713014,23.68036441,20.0731271,4.91998392
2597,64,32,64,1,1,1,1,1,0,1,1,1,1,1,0,411.6804782,272.1335549,217.714703,22.30260152,25.02943695,14.295894,413.2809904,275.9120011,224.1269805,20.59024079,25.33774191,16.36048378
2598,64,32,16,1,1,1,1,1,1,1,1,1,1,1,1,250.1015463,276.9629413,173.7209407,2.451092224,5.320238113,6.244246174,250.3507416,277.8022522,174.6322992,3.0659443,5.078583523,5.721571368
2599,64,32,16,1,1,1,1,1,1,0,1,1,1,1,1,250.2150558,276.8840871,174.1194875,5.356741038,9.507926816,6.00102381,250.9886009,276.4347449,176.3641747,3.696991181,8.622346099,10.52627308
2600,64,32,16,1,1,1,1,1,1,1,0,1,1,1,1,250.2209668,276.8807609,174.1145122,5.361810251,9.542637673,6.018201979,250.9978045,276.4251769,176.3654104,3.699809692,8.641584063,10.55851558
2601,64,32,16,1,1,1,1,1,1,1,1,0,1,1,1,250.9065955,276.4944355,173.2834893,7.437140752,9.442642428,12.54074075,252.2730716,277.470799,172.4453734,10.36928292,4.651500683,10.73898173
2602,64,32,16,1,1,1,1,1,1,1,1,1,0,1,1,250.9163526,276.4877185,173.2801327,7.454468162,9.442487209,12.55480025,252.2827691,277.4652872,172.4432837,10.38067213,4.651643768,10.75250877
2603,64,32,16,1,1,1,1,1,1,1,1,1,1,0,1,249.301661,277.6204627,173.6268591,10.25159679,7.151119127,10.29354378,247.8092835,280.1873477,174.3176986,9.41694323,11.30131564,3.891530663
2604,64,32,16,1,1,1,1,1,1,1,1,1,1,1,0,249.3042212,277.6214754,173.625901,10.26003561,7.166472971,10.29368543,247.8132927,280.193795,174.3166397,9.433077271,11.31854658,3.89222472
2605,64,32,16,0,1,1,1,1,1,1,1,1,1,1,1,250.6600519,276.0341387,174.9981186,3.582640566,7.894112733,10.04741968,250.464195,277.9286969,174.841418,5.542807024,8.4245031,5.263749253
2606,64,32,16,0,1,1,1,1,1,0,1,1,1,1,1,244.2992336,427.4189368,246.1359777,11.97207941,25.27990657,26.06793031,243.3266037,427.9739887,246.6955037,10.7301282,23.46787945,23.97209088
2607,64,32,16,0,1,1,1,1,1,1,0,1,1,1,1,252.6072278,274.2782242,176.1345929,5.57814479,25.59555722,21.5161534,252.8819557,274.9668187,177.2775096,5.580204996,25.46864064,21.49607034
2608,64,32,16,0,1,1,1,1,1,1,1,0,1,1,1,248.0793821,277.2169169,178.7800382,24.34805843,54.18081444,55.78952721,253.4695478,275.6902878,175.133502,27.59465591,51.50174974,55.28455583
2609,64,32,16,0,1,1,1,1,1,1,1,1,0,1,1,250.9302036,276.4780527,173.2863886,7.491876954,9.451449968,12.57763021,252.29903,277.4518463,172.44503,10.4089722,4.64607104,10.77776327
2610,64,32,16,0,1,1,1,1,1,1,1,1,1,0,1,249.3124183,277.6175834,173.6258585,10.27874162,7.197615297,10.30273607,247.818712,280.1995196,174.3142259,9.45528418,11.34385985,3.880104557
2611,64,32,16,0,1,1,1,1,1,1,1,1,1,1,0,247.7909604,277.9380178,176.4746231,3.855713709,12.05709463,13.99828497,247.5724089,279.8996894,176.0007944,6.09041124,12.13542246,10.39421212
2612,64,32,16,1,0,1,1,1,1,1,1,1,1,1,1,250.6588057,276.0365262,174.9966707,3.583169825,7.890665285,10.04105443,250.4635568,277.9291534,174.8424569,5.540454722,8.424696316,5.259621582
2613,64,32,16,1,0,1,1,1,1,0,1,1,1,1,1,252.6044936,274.2791538,176.1395356,5.57827976,25.6020123,21.5262085,252.8800152,274.9642105,177.2793309,5.580410299,25.48054896,21.50439768
2614,64,32,16,1,0,1,1,1,1,1,0,1,1,1,1,238.3875114,427.36604,244.9818352,19.74243097,23.88014944,27.72875608,244.2121056,429.697759,248.2826624,21.50354317,20.91194294,26.70895123
2615,64,32,16,1,0,1,1,1,1,1,1,0,1,1,1,250.9245478,276.4776179,173.2872554,7.457715219,9.448446756,12.55454811,252.2942079,277.4517847,172.4465544,10.38797386,4.646038145,10.75522169
2616,64,32,16,1,0,1,1,1,1,1,1,1,0,1,1,247.6527881,277.2899203,179.3117832,26.5195632,58.6334874,60.35880576,253.4311676,275.2982677,175.1202439,29.70911293,55.85340522,59.79450775
2617,64,32,16,1,0,1,1,1,1,1,1,1,1,0,1,246.8087708,279.1009604,176.7187252,4.146468503,16.52414046,18.16635852,246.6826804,281.233323,176.1823484,6.971731401,16.87055477,15.63873894
2618,64,32,16,1,0,1,1,1,1,1,1,1,1,1,0,246.080344,278.5604233,176.9032986,58.06601668,60.53487473,29.66121771,247.1365618,283.8907872,171.3051748,58.99021896,60.36811823,22.79811885
2619,64,32,16,1,1,0,1,1,1,1,1,1,1,1,1,252.3498959,276.4727389,171.2868727,10.59452541,4.693338389,11.23098104,251.4460891,277.0975421,174.0944957,7.920415705,9.306571181,12.64097872
2620,64,32,16,1,1,0,1,1,1,0,1,1,1,1,1,254.1863185,274.3066432,173.6352105,29.0670127,56.49913799,60.20715149,249.0684858,277.7272557,180.3083747,25.83483291,58.81359135,60.27563708
2621,64,32,16,1,1,0,1,1,1,1,0,1,1,1,1,252.443939,276.4046603,171.3068802,10.75351539,4.688510122,11.36951883,251.5227314,277.03037,174.1186663,8.097993934,9.328568521,12.75596722
2622,64,32,16,1,1,0,1,1,1,1,1,0,1,1,1,362.8013328,329.8675798,266.107617,20.18947924,15.1174983,20.57428493,363.1843485,331.6406089,267.6970579,20.08033466,15.17256292,19.21754706
2623,64,32,16,1,1,0,1,1,1,1,1,1,0,1,1,254.4072198,276.1031787,168.1300018,37.90717658,8.648310205,44.18492818,254.5751809,276.9023709,169.2504628,37.84610882,8.559854315,43.99347461
2624,64,32,16,1,1,0,1,1,1,1,1,1,1,0,1,259.1887887,271.3961024,172.1682727,71.6167325,31.89562655,68.3716126,251.6643467,280.0889147,169.6888446,70.92581352,36.78814074,65.28675013
2625,64,32,16,1,1,0,1,1,1,1,1,1,1,1,0,250.0277302,277.6369718,172.3735571,12.43904718,9.951431604,10.67912221,248.4252963,280.5063911,172.9497969,11.85403085,13.62639159,3.445444173
2626,64,32,16,1,1,1,0,1,1,1,1,1,1,1,1,252.3551527,276.468047,171.2851655,10.61254368,4.70003385,11.24830678,251.4526772,277.091998,174.0937999,7.945862997,9.305939474,12.66309927
2627,64,32,16,1,1,1,0,1,1,0,1,1,1,1,1,252.4323909,276.4087268,171.3087682,10.74118617,4.679232185,11.35564207,251.515622,277.036913,174.1285277,8.092126088,9.335659078,12.75574886
2628,64,32,16,1,1,1,0,1,1,1,0,1,1,1,1,254.4010141,274.0256457,173.6541001,30.9461692,58.41557764,62.55503797,248.8746203,277.6183195,180.4361342,27.72121081,60.74332587,62.53053233
2629,64,32,16,1,1,1,0,1,1,1,1,0,1,1,1,254.4094837,276.1001426,168.1200927,37.92820445,8.647273521,44.20482363,254.5790699,276.9009251,169.2443384,37.86826101,8.560141254,44.01362311
2630,64,32,16,1,1,1,0,1,1,1,1,1,0,1,1,362.575192,328.4848099,265.8407048,22.78522305,17.66001221,22.2247461,362.7113088,329.1284513,267.0907223,22.66135412,16.97431276,21.39734087
2631,64,32,16,1,1,1,0,1,1,1,1,1,1,0,1,250.4214477,277.7267547,172.2034112,13.63979977,11.36360889,10.8188102,248.8162789,280.6419219,172.7634253,13.0875124,14.63039213,3.405454362
2632,64,32,16,1,1,1,0,1,1,1,1,1,1,1,0,257.1305294,273.0828104,171.8090032,58.97412768,24.8523778,56.61867834,251.4551,280.2409317,170.9475564,58.3738832,30.11065438,54.00134026
2633,64,32,16,1,1,1,1,0,1,1,1,1,1,1,1,247.5997097,279.1160817,173.28331,9.060535129,11.05307424,4.162862575,249.4450881,278.1710387,174.7226736,9.844827408,6.990873241,10.15829422
2634,64,32,16,1,1,1,1,0,1,0,1,1,1,1,1,247.6081238,279.1200011,173.2756498,9.091878679,11.07548556,4.157350877,249.4516024,278.1703232,174.717713,9.86725921,7.026854043,10.16074701
2635,64,32,16,1,1,1,1,0,1,1,0,1,1,1,1,244.3499905,281.9996324,176.2248284,7.32378399,19.94000796,18.0041344,245.1318978,281.2338109,178.6460873,5.325930561,19.57889001,20.31129531
2636,64,32,16,1,1,1,1,0,1,1,1,0,1,1,1,250.7689257,278.447614,169.209038,74.63039879,39.01788351,68.8283552,258.8222665,270.7969748,174.6939595,75.05721061,33.96174448,71.41425634
2637,64,32,16,1,1,1,1,0,1,1,1,1,0,1,1,249.4724105,279.7916541,170.629222,13.09330909,14.75597022,3.932817638,251.2957283,278.434292,172.1053558,13.43786006,11.58401517,10.63371458
2638,64,32,16,1,1,1,1,0,1,1,1,1,1,0,1,438.566036,312.8103619,182.78623,9.83574055,10.63628309,7.501909122,438.9320718,313.5464217,183.8732773,9.699548216,10.29887577,6.549562783
2639,64,32,16,1,1,1,1,0,1,1,1,1,1,1,0,244.6371816,281.0577151,173.6652812,30.40568359,25.06674733,8.918301784,244.7729475,281.8393436,174.8089928,30.32317177,25.07572745,8.90404612
2640,64,32,16,1,1,1,1,1,0,1,1,1,1,1,1,247.6017696,279.1293633,173.2722336,9.144401826,11.12078073,4.160820858,249.4428559,278.1739633,174.7129341,9.907439753,7.078193011,10.16001931
2641,64,32,16,1,1,1,1,1,0,0,1,1,1,1,1,249.173715,277.5825793,174.3905627,5.635427585,10.70469707,7.573088539,249.9573755,277.0150243,176.8353152,3.671755646,9.990197661,11.9219313
2642,64,32,16,1,1,1,1,1,0,1,0,1,1,1,1,247.2770056,282.0811309,170.4699759,61.41759059,62.9341305,24.2456938,246.4065746,278.2340937,178.6779246,60.30430138,62.82334958,30.79281672
2643,64,32,16,1,1,1,1,1,0,1,1,0,1,1,1,248.6907017,279.2255661,171.2732077,13.70814894,15.18573067,3.645574516,250.6855001,278.1113642,172.7988829,14.3118535,12.35436516,10.65438059
2644,64,32,16,1,1,1,1,1,0,1,1,1,0,1,1,250.8971799,278.7049044,169.5172178,71.67384581,37.60658462,66.01734495,258.4487199,271.3448776,174.5011532,72.06639608,32.44849912,68.50242971
2645,64,32,16,1,1,1,1,1,0,1,1,1,1,0,1,244.6183995,281.0362908,173.667327,30.40663788,25.06716332,8.918759845,244.7696536,281.8497792,174.8106272,30.33658347,25.08718386,8.903710156
2646,64,32,16,1,1,1,1,1,0,1,1,1,1,1,0,436.1708217,308.4543793,178.1264238,21.27195101,23.03203857,16.63714106,436.7456562,310.8748864,181.8644338,19.77158092,23.26539124,17.14721826
2647,96,32,16,1,1,1,1,1,1,1,1,1,1,1,1,257.1191151,281.3635647,165.4380099,1.798210626,5.494359248,5.9469568,257.2537363,282.1964292,166.2812768,2.533081159,5.071291928,5.460396601
2648,96,32,16,1,1,1,1,1,1,0,1,1,1,1,1,257.3114146,281.2951729,165.7863241,4.614323278,9.456538005,5.632782317,258.0841406,280.8510234,167.8488086,3.647160323,8.258028899,10.10613765
2649,96,32,16,1,1,1,1,1,1,1,0,1,1,1,1,257.3056563,281.3001069,165.7864038,4.612355664,9.454250307,5.614894582,258.0773176,280.8544064,167.8434217,3.647331499,8.236449409,10.08688993
2650,96,32,16,1,1,1,1,1,1,1,1,0,1,1,1,257.9445069,280.8644815,164.9538922,7.746814247,9.626695646,12.52828338,259.1228501,281.8482665,164.0037313,10.07905274,4.701127927,10.66063715
2651,96,32,16,1,1,1,1,1,1,1,1,1,0,1,1,257.9402539,280.8662676,164.9552231,7.724978423,9.626128578,12.51634595,259.1159663,281.8475722,164.0027392,10.05811942,4.695928837,10.64320864
2652,96,32,16,1,1,1,1,1,1,1,1,1,1,0,1,256.3031091,281.9587621,165.3970831,9.638068466,6.989979305,9.807806192,254.7437099,284.4726091,166.0513657,8.962940329,11.01738462,3.700860565
2653,96,32,16,1,1,1,1,1,1,1,1,1,1,1,0,256.303574,281.9584343,165.3982506,9.613979775,6.961479611,9.800609799,254.7474667,284.4727001,166.0552127,8.942157994,11.00773078,3.713802489
2654,96,32,16,0,1,1,1,1,1,1,1,1,1,1,1,257.93515,280.431124,166.510802,3.509090537,7.570693713,9.583844591,257.474043,282.3378774,166.4258374,4.791119429,8.373359539,4.840659171
2655,96,32,16,0,1,1,1,1,1,0,1,1,1,1,1,240.4443012,425.4230387,241.3088344,21.9603077,28.13885711,33.70189506,248.9716949,428.4962895,245.3185916,23.94179455,25.18001185,32.41619441
2656,96,32,16,0,1,1,1,1,1,1,0,1,1,1,1,260.5032693,278.481709,167.5238388,5.102661668,26.75694996,22.75224201,260.629395,279.1954151,168.6240563,5.108087551,26.63792548,22.71484351
2657,96,32,16,0,1,1,1,1,1,1,1,0,1,1,1,255.4834053,281.6090571,170.1630472,23.09000689,51.19541692,52.67466236,260.2170557,280.3167175,166.6569959,25.63964954,48.52712491,52.11919637
2658,96,32,16,0,1,1,1,1,1,1,1,1,0,1,1,257.9520761,280.8580359,164.9509517,7.762288995,9.632488481,12.53504085,259.1313003,281.8398936,163.9992745,10.08870653,4.691758974,10.66724807
2659,96,32,16,0,1,1,1,1,1,1,1,1,1,0,1,256.302568,281.9599876,165.3994432,9.640192227,6.983726955,9.800573076,254.744032,284.4678726,166.0580647,8.960746519,11.00879068,3.71359043
2660,96,32,16,0,1,1,1,1,1,1,1,1,1,1,0,256.8218906,281.0501684,167.1950237,3.70293081,9.466556474,11.59634503,256.3068971,283.1147075,166.8441386,5.226847538,9.962288947,7.207664471
2661,96,32,16,1,0,1,1,1,1,1,1,1,1,1,1,257.9411041,280.4274432,166.5082172,3.506427523,7.585753909,9.58127158,257.4828232,282.3296498,166.4269923,4.786319973,8.38942353,4.856527267
2662,96,32,16,1,0,1,1,1,1,0,1,1,1,1,1,260.5002337,278.4867037,167.5214814,5.101048581,26.77962608,22.76799093,260.6257519,279.1977757,168.6184086,5.107278219,26.6461334,22.72665198
2663,96,32,16,1,0,1,1,1,1,1,0,1,1,1,1,246.1178766,426.9712033,243.7286228,20.19946193,21.72022573,25.49492497,249.8929538,428.9773595,246.1074942,21.13328138,18.95297991,23.96680941
2664,96,32,16,1,0,1,1,1,1,1,1,0,1,1,1,257.9475262,280.8608154,164.9491903,7.774596318,9.628157989,12.54486969,259.1276258,281.8458086,164.0016525,10.10249874,4.698331137,10.6851502
2665,96,32,16,1,0,1,1,1,1,1,1,1,0,1,1,254.9698796,281.744912,170.8316977,25.5360195,56.37685003,57.97198667,260.1548509,279.9126471,166.6820959,28.04287314,53.58398583,57.35299601
2666,96,32,16,1,0,1,1,1,1,1,1,1,1,0,1,253.5866496,283.6971509,169.2223381,4.414071935,15.27619953,16.86120231,253.1115247,285.5603696,168.9991078,5.773986637,15.75390704,14.46445634
2667,96,32,16,1,0,1,1,1,1,1,1,1,1,1,0,254.2654967,282.463109,168.0666175,47.54310972,48.71822783,22.97605495,254.353086,286.9547916,164.0323322,48.16833461,48.73283857,16.00938288
2668,96,32,16,1,1,0,1,1,1,1,1,1,1,1,1,259.4356384,280.7966358,162.8354839,10.49461742,4.793495402,11.37062639,258.4536889,281.4199671,165.6519111,8.426038372,9.447617971,12.86683176
2669,96,32,16,1,1,0,1,1,1,0,1,1,1,1,1,261.2587179,278.8586014,165.1714605,28.43736413,55.48889072,59.22844774,256.2248069,282.2605771,171.7851629,25.93147299,57.83096561,59.34094285
2670,96,32,16,1,1,0,1,1,1,1,0,1,1,1,1,259.4629949,280.7796379,162.845082,10.54078231,4.790760546,11.40530483,258.4724316,281.4038555,165.6607447,8.472525473,9.456853419,12.89285671
2671,96,32,16,1,1,0,1,1,1,1,1,0,1,1,1,373.7787743,341.0039167,253.8583595,17.67377966,13.68906908,18.51967524,374.2119789,342.7666283,255.437285,17.48213357,13.77381679,16.52693834
2672,96,32,16,1,1,0,1,1,1,1,1,1,0,1,1,261.5045082,280.2243814,159.5330999,38.79064253,8.824999217,45.0469938,261.5133152,281.0375122,160.6407083,38.75076189,8.724472284,44.87206443
2673,96,32,16,1,1,0,1,1,1,1,1,1,1,0,1,266.3668267,275.7748425,163.7085467,71.12826725,31.30758078,67.96587064,258.6900142,284.3479111,161.2705921,70.58206928,36.19891828,65.1152544
2674,96,32,16,1,1,0,1,1,1,1,1,1,1,1,0,257.4500979,281.9854396,163.5028799,12.25404405,10.2860931,10.23341915,255.8158874,284.8866317,164.0520254,11.87228485,13.80197769,3.317249931
2675,96,32,16,1,1,1,0,1,1,1,1,1,1,1,1,259.4339812,280.7999247,162.8335062,10.50135826,4.795729498,11.37745932,258.4529878,281.4235207,165.6515351,8.436648166,9.449709734,12.87674316
2676,96,32,16,1,1,1,0,1,1,0,1,1,1,1,1,259.4696721,280.7688238,162.8349378,10.57689016,4.778842585,11.43634288,258.4838736,281.3978531,165.6653383,8.523533913,9.469177091,12.93764258
2677,96,32,16,1,1,1,0,1,1,1,0,1,1,1,1,261.4009572,278.6739168,165.1737743,29.62056641,56.60551719,60.63143832,256.1034934,282.1763761,171.8519653,27.11353174,58.95726716,60.6820803
2678,96,32,16,1,1,1,0,1,1,1,1,0,1,1,1,261.4878889,280.2337451,159.5374963,38.67988628,8.82444454,44.93705409,261.4966009,281.0456263,160.643352,38.64096649,8.725035744,44.76271024
2679,96,32,16,1,1,1,0,1,1,1,1,1,0,1,1,373.7490486,340.700188,254.3648626,29.61350474,25.21989298,22.85707251,374.0920079,342.1069674,256.0415503,29.88505258,25.47838846,23.37075968
2680,96,32,16,1,1,1,0,1,1,1,1,1,1,0,1,258.6836064,281.9819258,162.5047883,14.18123626,12.41146594,10.47560664,257.0535802,284.9234968,163.0995932,13.83153177,15.37562681,3.587366553
2681,96,32,16,1,1,1,0,1,1,1,1,1,1,1,0,262.3567314,278.5824305,162.9996925,47.55356521,18.29965003,46.24641313,257.9744595,284.2171446,163.397908,47.08247249,23.84744871,44.27702434
2682,96,32,16,1,1,1,1,0,1,1,1,1,1,1,1,254.7078785,283.3092091,165.0547854,8.54602339,10.79139995,3.9578061,256.3712025,282.4292478,166.4199699,9.219922661,6.756613399,9.701001023
2683,96,32,16,1,1,1,1,0,1,0,1,1,1,1,1,254.7079779,283.3112248,165.0507528,8.556785758,10.79731477,3.957439125,256.3692932,282.4339624,166.4166755,9.228759625,6.772627252,9.702482956
2684,96,32,16,1,1,1,1,0,1,1,0,1,1,1,1,251.9718136,285.8340045,167.412055,7.551973078,21.11427552,19.04138066,252.6814223,284.9362388,169.8544836,6.036380194,20.8002863,21.34971409
2685,96,32,16,1,1,1,1,0,1,1,1,0,1,1,1,257.8758549,282.4593851,160.877552,74.22874135,38.47989218,68.60131306,265.78463,274.9261013,166.3374429,74.61261915,33.42266252,71.02004656
2686,96,32,16,1,1,1,1,0,1,1,1,1,0,1,1,257.5195043,284.1219819,161.6928251,15.39161092,17.05704209,4.327717971,258.8924924,282.7215388,162.9494433,15.50890778,14.48207637,10.26137485
2687,96,32,16,1,1,1,1,0,1,1,1,1,1,0,1,457.752129,307.6757414,165.0686541,15.53150795,15.1514216,8.222931723,458.2182724,310.1580539,167.8347104,16.02767311,17.6791315,10.25942083
2688,96,32,16,1,1,1,1,0,1,1,1,1,1,1,0,251.7416947,285.0818739,165.5875524,28.46979364,23.49822491,8.497134947,251.7474412,285.8805246,166.6794059,28.41574829,23.51016991,8.49412785
2689,96,32,16,1,1,1,1,1,0,1,1,1,1,1,1,254.7134346,283.3088793,165.0492031,8.554022498,10.79178292,3.963342272,256.3710353,282.4307116,166.4148692,9.220647244,6.763349655,9.694798308
2690,96,32,16,1,1,1,1,1,0,0,1,1,1,1,1,256.5282567,281.799152,166.0338117,4.846622107,10.34933405,6.839716335,257.3298473,281.2363585,168.2596022,3.674822168,9.274906734,11.20713413
2691,96,32,16,1,1,1,1,1,0,1,0,1,1,1,1,254.6008857,285.1713417,163.2898704,49.12539549,49.68741421,16.43931232,254.5535008,282.302219,169.6010132,48.41599765,49.44127387,23.21194289
2692,96,32,16,1,1,1,1,1,0,1,1,0,1,1,1,256.0225277,283.0744388,162.7290937,14.58423433,15.97421715,3.359348551,257.9165112,282.0684053,164.2023406,15.12595573,13.4766975,10.37162463
2693,96,32,16,1,1,1,1,1,0,1,1,1,0,1,1,258.0004804,282.7732385,161.2550246,70.51193629,36.71300414,65.07119179,265.2888618,275.6117863,166.0829701,70.86395015,31.53608439,67.37203872
2694,96,32,16,1,1,1,1,1,0,1,1,1,1,0,1,251.7223301,285.0814247,165.5894698,28.51555962,23.54075902,8.497527299,251.7353184,285.8966314,166.6832839,28.46692813,23.56206257,8.493743471
2695,96,32,16,1,1,1,1,1,0,1,1,1,1,1,0,457.9748954,306.5603978,164.6536649,20.48510511,22.23350303,15.53512784,458.0942595,309.2766585,168.3801087,18.70649858,22.76730369,15.50356577
2696,64,32,96,1,1,1,1,1,1,1,1,1,1,1,1,263.126304,202.5398403,228.150539,2.893808753,3.958903817,1.764792901,263.4507635,203.0189259,228.2425179,2.870114195,3.644135871,2.057905777
2697,64,32,96,1,1,1,1,1,1,0,1,1,1,1,1,263.0018662,202.1322953,228.6679664,5.744867545,8.875158608,5.037776509,263.8258609,201.2129798,229.4535827,3.856513896,7.152875416,7.16141055
2698,64,32,96,1,1,1,1,1,1,1,0,1,1,1,1,263.0000384,202.1318548,228.6696751,5.752300957,8.881681852,5.057501364,263.8227987,201.2098854,229.4580477,3.852244196,7.163110188,7.181040614
2699,64,32,96,1,1,1,1,1,1,1,1,0,1,1,1,263.6554113,202.53183,227.5547999,4.826811463,6.837633827,7.786963294,265.075706,203.2196329,226.2256813,7.855067916,3.405810793,6.85692349
2700,64,32,96,1,1,1,1,1,1,1,1,1,0,1,1,263.6564186,202.5311406,227.5574452,4.831273744,6.831954222,7.794355595,265.068701,203.2224544,226.2280934,7.846372071,3.413861709,6.858722677
2701,64,32,96,1,1,1,1,1,1,1,1,1,1,0,1,262.8636414,202.9011962,228.2586022,7.247408517,4.178975942,4.125253603,261.9929535,204.3137985,228.9139513,6.089998137,7.662057813,3.195368632
2702,64,32,96,1,1,1,1,1,1,1,1,1,1,1,0,262.8667493,202.8995983,228.257319,7.239246737,4.166690651,4.12315395,261.997297,204.3117316,228.9134801,6.081041006,7.653319915,3.196380893
2703,64,32,96,0,1,1,1,1,1,1,1,1,1,1,1,263.4731569,200.6052533,229.48206,3.837471826,7.336396237,7.192622262,263.2327199,202.5599115,228.8859299,5.689554154,8.885689079,5.187651306
2704,64,32,96,0,1,1,1,1,1,0,1,1,1,1,1,307.3493727,306.1223055,330.5480978,8.796761475,16.66723471,16.91039768,310.8123158,308.0762307,331.7867044,11.19470776,14.86442495,16.59463316
2705,64,32,96,0,1,1,1,1,1,1,0,1,1,1,1,264.7155516,197.1578316,230.9835842,5.957317292,33.99841825,29.59779286,265.0061731,197.7287448,231.039841,5.933628572,33.9252522,29.57366892
2706,64,32,96,0,1,1,1,1,1,1,1,0,1,1,1,261.2591709,201.0552948,232.682918,16.96272309,42.54608701,43.74658399,265.5391382,200.6894283,228.6446013,20.16202256,41.11486283,43.34738432
2707,64,32,96,0,1,1,1,1,1,1,1,1,0,1,1,263.577414,201.650665,228.4721292,12.26065944,7.648476469,13.82734347,265.4828315,202.1863372,226.9765816,14.03444228,3.211534539,13.37801168
2708,64,32,96,0,1,1,1,1,1,1,1,1,1,0,1,261.7972321,202.2238864,230.3615521,32.33054783,33.32643546,14.52381368,261.834052,205.4500869,228.1495265,33.0304176,33.64554979,12.20271653
2709,64,32,96,0,1,1,1,1,1,1,1,1,1,1,0,263.3442986,200.5175206,229.7309653,3.836654252,8.139810511,8.101718437,263.1202687,202.5037597,229.0785444,5.808917963,9.538257033,6.307399201
2710,64,32,96,1,0,1,1,1,1,1,1,1,1,1,1,263.4727868,200.6000118,229.4861238,3.835763343,7.346320402,7.209157726,263.2324105,202.5581003,228.8853586,5.694051657,8.889033748,5.199312912
2711,64,32,96,1,0,1,1,1,1,0,1,1,1,1,1,264.7166822,197.1766994,230.9666849,5.957153266,33.87363205,29.47225769,265.0031803,197.7389277,231.0247422,5.933339305,33.80430288,29.44943048
2712,64,32,96,1,0,1,1,1,1,1,0,1,1,1,1,307.3116488,306.049503,330.8343296,8.600227372,15.74652192,15.75614855,310.0987268,307.6321067,331.6943335,10.46038918,13.9483111,15.35335071
2713,64,32,96,1,0,1,1,1,1,1,1,0,1,1,1,264.0130883,201.9868552,227.6618374,9.509497199,7.157923468,11.14811766,265.4955797,202.5600811,226.2857692,11.34260233,3.33001979,10.52672196
2714,64,32,96,1,0,1,1,1,1,1,1,1,0,1,1,259.9967143,201.1499363,234.3651994,22.63555517,53.62379092,55.33619408,265.5479873,199.7159632,228.8155808,25.66038973,51.95075727,54.92459901
2715,64,32,96,1,0,1,1,1,1,1,1,1,1,0,1,263.3535786,200.5169541,229.717528,3.832555472,8.059412612,8.030976919,263.1267815,202.513182,229.0661978,5.807330026,9.494581572,6.215530553
2716,64,32,96,1,0,1,1,1,1,1,1,1,1,1,0,261.5332961,202.3876604,230.5880929,39.31016802,40.59046626,17.38907166,262.4218856,206.4486493,227.4984882,40.27828861,40.87086674,15.07197814
2717,64,32,96,1,1,0,1,1,1,1,1,1,1,1,1,264.7622514,202.6615174,226.1036542,7.868003689,3.529548483,6.821739979,263.9092964,203.0828882,227.5861054,4.891350256,6.812819904,7.745162543
2718,64,32,96,1,1,0,1,1,1,0,1,1,1,1,1,264.7443566,199.9696482,228.4035841,22.39614518,48.82220053,50.98313782,260.5693755,202.3604271,233.7116827,19.28169452,50.25499096,51.37253185
2719,64,32,96,1,1,0,1,1,1,1,0,1,1,1,1,265.1878269,201.8678061,226.3268557,12.07918438,3.392578903,11.20117717,264.217832,202.4160875,227.8442073,10.3365619,7.146997032,11.7466136
2720,64,32,96,1,1,0,1,1,1,1,1,0,1,1,1,312.5417796,209.3056216,402.0087296,22.52715981,15.0771589,17.92733956,309.4816903,204.8934938,401.5995321,21.47481439,12.80052096,19.36505879
2721,64,32,96,1,1,0,1,1,1,1,1,1,0,1,1,266.6409881,203.9412631,222.7338848,24.48141045,6.289287426,28.88907798,266.9201672,204.5361067,222.7836528,24.47423811,6.28382264,28.86060347
2722,64,32,96,1,1,0,1,1,1,1,1,1,1,0,1,267.8686977,199.7073128,226.1626625,55.21908069,21.35580075,53.70416279,263.5484314,205.7254231,225.2256256,54.9981773,25.38766173,52.97987334
2723,64,32,96,1,1,0,1,1,1,1,1,1,1,1,0,263.0620304,203.1627479,227.8145158,8.175468116,5.501449276,4.333099826,262.0581503,204.718278,228.5096577,7.10617903,8.776548254,3.236445006
2724,64,32,96,1,1,1,0,1,1,1,1,1,1,1,1,264.7698931,202.6661402,226.0872745,7.873885065,3.532095976,6.845424052,263.9243589,203.0847353,227.5710859,4.920305196,6.812023342,7.772786633
2725,64,32,96,1,1,1,0,1,1,0,1,1,1,1,1,265.420842,201.9101931,226.2564603,11.40924196,3.526930574,10.5713745,264.1985953,202.3806286,227.7797114,9.225238928,7.233049575,11.0559321
2726,64,32,96,1,1,1,0,1,1,1,0,1,1,1,1,265.0001172,199.3386272,228.5241862,27.25648987,54.47972142,57.63339836,259.643951,202.2833912,234.3878183,24.20810296,55.97170639,57.94384202
2727,64,32,96,1,1,1,0,1,1,1,1,0,1,1,1,266.6549082,203.937422,222.7282807,24.5146408,6.28868092,28.92293245,266.9240552,204.5317272,222.7735277,24.50554792,6.283899147,28.89165388
2728,64,32,96,1,1,1,0,1,1,1,1,1,0,1,1,312.4114052,208.7216092,401.237495,23.13432298,15.29038912,18.93571477,309.0298696,203.615767,400.7020436,22.15257365,12.72747476,20.49091689
2729,64,32,96,1,1,1,0,1,1,1,1,1,1,0,1,263.3522613,203.2731314,227.5426103,10.04064548,8.290338335,4.512918386,262.3696028,204.9158574,228.1856881,9.271585027,10.75205018,3.231252582
2730,64,32,96,1,1,1,0,1,1,1,1,1,1,1,0,266.3954572,201.1258525,225.8360789,39.76087331,13.8690454,38.87499037,263.6107487,205.4007152,226.2493946,39.52918885,18.23886571,38.37357004
2731,64,32,96,1,1,1,1,0,1,1,1,1,1,1,1,261.9307148,203.6160938,228.7565881,5.695366255,7.476709678,3.153671889,263.3213786,203.2750114,228.3354511,6.786300502,3.796671941,4.231783323
2732,64,32,96,1,1,1,1,0,1,0,1,1,1,1,1,261.7201658,204.8113602,227.8723997,31.50826228,32.1824228,11.66845929,262.2824219,202.8075647,230.1492264,30.72136511,31.6782794,14.00257846
2733,64,32,96,1,1,1,1,0,1,1,0,1,1,1,1,262.9136616,202.0678755,228.8435337,5.852443233,9.502769213,6.11879511,263.7140313,201.1185602,229.6795321,3.8392929,7.912475556,8.004603683
2734,64,32,96,1,1,1,1,0,1,1,1,0,1,1,1,263.7614266,204.8255541,225.1074597,52.28938672,23.92842743,50.49052129,268.4798432,200.340422,225.9941449,52.43509403,19.7198927,51.13172222
2735,64,32,96,1,1,1,1,0,1,1,1,1,0,1,1,262.9427479,204.2725994,227.5546053,12.50561035,13.63677655,3.540540141,264.6060178,203.4590598,227.1835469,13.03621262,11.56220257,5.291209088
2736,64,32,96,1,1,1,1,0,1,1,1,1,1,0,1,409.8624262,268.8033887,225.5828092,22.33340096,25.56738325,15.03663613,411.6942861,272.2689991,231.911654,20.80527444,25.51577743,16.77192007
2737,64,32,96,1,1,1,1,0,1,1,1,1,1,1,0,259.388608,204.7184364,231.110384,24.06295637,20.57955028,4.481805076,259.6169781,205.3127023,231.2209959,24.01662975,20.56095991,4.485225191
2738,64,32,96,1,1,1,1,1,0,1,1,1,1,1,1,261.93184,203.6271207,228.7517324,5.697920256,7.488137299,3.152793426,263.3239629,203.2801083,228.3297747,6.783095998,3.794169201,4.235144649
2739,64,32,96,1,1,1,1,1,0,0,1,1,1,1,1,262.8907117,202.0566577,228.8773591,5.864248775,9.603593619,6.322293196,263.6866806,201.1198091,229.7153559,3.853960702,8.076557097,8.161884941
2740,64,32,96,1,1,1,1,1,0,1,0,1,1,1,1,262.3581011,205.9490206,227.0523611,39.68316768,40.36231339,15.00639698,262.0015876,203.070474,230.3073049,38.58377556,39.89645372,17.32261884
2741,64,32,96,1,1,1,1,1,0,1,1,0,1,1,1,262.1074312,204.2071916,228.1377865,7.280895057,9.139911762,3.257334648,263.6232534,203.6543206,227.6847829,8.131254803,5.872693339,4.535783196
2742,64,32,96,1,1,1,1,1,0,1,1,1,0,1,1,263.505605,204.3041314,226.5948528,30.93739464,14.40146692,30.45555654,266.2194582,202.2583243,225.8406391,31.22676147,9.703347463,30.76260659
2743,64,32,96,1,1,1,1,1,0,1,1,1,1,0,1,259.3869572,204.7174091,231.1141414,24.07498181,20.59078422,4.481238073,259.6134357,205.3090531,231.2280716,24.02561373,20.57026943,4.487182233
2744,64,32,96,1,1,1,1,1,0,1,1,1,1,1,0,410.939773,270.7688403,232.7417297,18.2919339,21.59699547,15.11859406,411.9791634,272.688636,235.2032685,17.02922601,21.46632962,15.96580968
2745,64,32,48,1,1,1,1,1,1,1,1,1,1,1,1,254.4086898,220.9852031,215.7931461,2.668206085,4.314609133,2.90270296,254.7323464,221.5512039,216.0826804,2.899392825,3.972603461,2.964269629
2746,64,32,48,1,1,1,1,1,1,0,1,1,1,1,1,254.3220754,220.6572496,216.2813959,5.526322307,8.926060417,4.744060753,255.1239685,219.8643497,217.4328854,3.754658357,7.294999385,7.852263194
2747,64,32,48,1,1,1,1,1,1,1,0,1,1,1,1,254.3217673,220.6558869,216.2843684,5.5262734,8.952819859,4.777235412,255.1232892,219.8598037,217.430854,3.753758626,7.316009944,7.869430857
2748,64,32,48,1,1,1,1,1,1,1,1,0,1,1,1,255.0390123,220.8864108,215.2161133,5.442998928,7.491674829,8.942704394,256.5096517,221.6496015,213.9898108,8.454577337,3.713301099,7.664997522
2749,64,32,48,1,1,1,1,1,1,1,1,1,0,1,1,255.0389904,220.8916845,215.2127742,5.448812188,7.491143431,8.94954693,256.5037015,221.6548465,213.9839465,8.446955261,3.711120259,7.667051206
2750,64,32,48,1,1,1,1,1,1,1,1,1,1,0,1,254.066176,221.4178067,215.8197587,7.630201074,4.709560492,5.473728587,253.1099383,223.0975796,216.4983059,6.718524406,8.39157535,3.322961041
2751,64,32,48,1,1,1,1,1,1,1,1,1,1,1,0,254.0642313,221.4196566,215.8206009,7.636880633,4.724524235,5.477890095,253.106645,223.1045305,216.4964244,6.729299132,8.404507757,3.31521545
2752,64,32,48,0,1,1,1,1,1,1,1,1,1,1,1,254.811003,219.3233542,217.0928743,3.677626487,7.223493427,7.696052015,254.5967233,221.2442047,216.5977821,5.530063656,8.641906069,4.629147492
2753,64,32,48,0,1,1,1,1,1,0,1,1,1,1,1,286.7796247,334.8672253,309.7724756,9.317391282,17.26837378,17.67199174,289.9954998,336.6340693,311.26995,11.32817627,15.28083491,17.13037682
2754,64,32,48,0,1,1,1,1,1,1,0,1,1,1,1,256.3131439,216.2897224,218.5433272,5.687628833,31.92578571,27.51931811,256.593349,216.8724961,218.8786894,5.677240604,31.83239761,27.47713614
2755,64,32,48,0,1,1,1,1,1,1,1,0,1,1,1,252.0478976,219.9137641,220.9131576,20.45089847,48.32514066,49.90393607,257.0829789,219.0292777,216.5502312,23.56206716,46.53253995,49.37252572
2756,64,32,48,0,1,1,1,1,1,1,1,1,0,1,1,255.2850466,220.3310598,215.5449529,11.15169095,7.863740543,12.95012583,256.9768301,220.946768,214.3213674,12.98785615,3.461025811,12.21775408
2757,64,32,48,0,1,1,1,1,1,1,1,1,1,0,1,253.1501225,220.8044465,217.6954412,27.21536565,27.57085625,12.63694429,252.5673336,223.4928202,216.1659283,27.61660356,28.02883729,8.912543306
2758,64,32,48,0,1,1,1,1,1,1,1,1,1,1,0,254.5732771,219.2962821,217.4176652,3.691992922,8.138857721,8.709906143,254.3590554,221.2791382,216.8484006,5.680973496,9.423639154,5.966700168
2759,64,32,48,1,0,1,1,1,1,1,1,1,1,1,1,254.8097485,219.3231096,217.0925874,3.682611937,7.214936665,7.691669748,254.593586,221.2461927,216.5969271,5.528180035,8.643430382,4.616624065
2760,64,32,48,1,0,1,1,1,1,0,1,1,1,1,1,256.3109242,216.2858192,218.5623983,5.686478156,31.97395388,27.57073868,256.5898291,216.8617802,218.8866172,5.673097344,31.88487039,27.52535783
2761,64,32,48,1,0,1,1,1,1,1,0,1,1,1,1,284.943981,334.8644156,309.633541,11.26553983,18.25181709,19.16573269,288.6035398,336.4553839,311.1011019,12.99674564,15.85473336,18.61635746
2762,64,32,48,1,0,1,1,1,1,1,1,0,1,1,1,255.2974355,220.6079788,215.2239019,7.043410107,7.640337246,10.03005807,256.8015018,221.3274666,213.9380347,9.587401092,3.603351753,8.877403973
2763,64,32,48,1,0,1,1,1,1,1,1,1,0,1,1,251.2867121,219.9443252,221.8628564,23.69682476,54.82091662,56.63034627,256.991354,218.4108911,216.5865038,26.70547027,52.88295581,56.06542615
2764,64,32,48,1,0,1,1,1,1,1,1,1,1,0,1,254.6091638,219.2833513,217.3893016,3.692137521,7.818057235,8.409812418,254.3801093,221.2784441,216.8222089,5.659052874,9.200244465,5.507258319
2765,64,32,48,1,0,1,1,1,1,1,1,1,1,1,0,252.395674,221.1616588,218.3420084,43.06131793,44.46583056,19.76259036,253.3888236,225.5279976,214.7685097,44.0210501,44.67982931,16.1620887
2766,64,32,48,1,1,0,1,1,1,1,1,1,1,1,1,256.326488,221.0160639,213.5871806,8.489879278,3.822399637,7.765816698,255.4083023,221.4817368,215.4139124,5.631772529,7.431712466,8.953728055
2767,64,32,48,1,1,0,1,1,1,0,1,1,1,1,1,256.5659065,218.3973676,215.96825,24.38858815,51.10730185,53.6604004,251.9900298,221.0228373,221.7063913,21.32487898,52.74880374,54.0887645
2768,64,32,48,1,1,0,1,1,1,1,0,1,1,1,1,256.6441837,220.6072844,213.6325612,10.05418732,3.711646863,9.409973828,255.6724134,221.1291857,215.4852149,7.749155133,7.572510649,10.38609145
2769,64,32,48,1,1,0,1,1,1,1,1,0,1,1,1,316.5691978,238.8649371,361.5877596,19.29945182,11.98697524,18.13143305,319.202825,243.4524748,362.668165,19.77921385,14.06229706,15.96433731
2770,64,32,48,1,1,0,1,1,1,1,1,1,0,1,1,258.3955342,221.971081,210.2329612,27.76309054,6.863946693,32.68282279,258.6487477,222.6153932,210.5271984,27.74694551,6.839462445,32.61406799
2771,64,32,48,1,1,0,1,1,1,1,1,1,1,0,1,260.3577487,217.524255,213.7891999,60.34815764,24.46462058,58.35798892,255.2551153,224.3275008,212.4542638,60.03896658,28.73266133,57.1001911
2772,64,32,48,1,1,0,1,1,1,1,1,1,1,1,0,254.3832521,221.6935118,215.1915377,8.933558032,6.476190328,5.745248364,253.28318,223.5453984,215.8677341,8.134280162,9.819498316,3.24152466
2773,64,32,48,1,1,1,0,1,1,1,1,1,1,1,1,256.3167561,221.0265805,213.5878951,8.45410036,3.823543541,7.727617812,255.4024884,221.4915081,215.4146738,5.590184646,7.430178379,8.924094857
2774,64,32,48,1,1,1,0,1,1,0,1,1,1,1,1,256.7275337,220.429454,213.8696582,11.74969953,3.626654638,11.08435025,255.6443809,220.9945103,215.6661161,9.781809253,7.652089739,11.81243957
2775,64,32,48,1,1,1,0,1,1,1,0,1,1,1,1,256.8283437,217.8842127,216.0566248,28.23353534,55.49876737,58.86451817,251.3268526,220.9239559,222.1757201,25.20434894,57.18084278,59.19526228
2776,64,32,48,1,1,1,0,1,1,1,1,0,1,1,1,258.3886257,221.9637662,210.2437835,27.70413749,6.861989324,32.62262166,258.6498896,222.607762,210.5439002,27.69151237,6.840584522,32.5584643
2777,64,32,48,1,1,1,0,1,1,1,1,1,0,1,1,319.2908393,243.5807951,362.7322736,18.44066012,13.81839167,15.3968476,317.264227,240.3813357,362.3796931,17.62647851,10.67464175,16.58959949
2778,64,32,48,1,1,1,0,1,1,1,1,1,1,0,1,255.0545414,221.7492675,214.7886573,12.14324594,10.61021551,6.144535277,253.9310798,223.8223082,215.3937309,11.63919814,13.03918477,3.177004216
2779,64,32,48,1,1,1,0,1,1,1,1,1,1,1,0,259.1324794,218.6515124,213.5147184,49.51155725,18.96362529,48.01505435,255.3063046,224.2309174,213.2949542,49.24512716,23.48181294,46.98018115
2780,64,32,48,1,1,1,1,0,1,1,1,1,1,1,1,253.0498793,222.359313,216.0673124,6.271959368,8.203457975,3.321546287,254.5000976,221.8737059,216.0978777,7.159905626,4.35390606,5.561488861
2781,64,32,48,1,1,1,1,0,1,0,1,1,1,1,1,252.5291564,222.9120979,215.5937048,28.58428421,29.14299778,9.670828692,253.5193506,221.3439667,217.9991384,28.03191985,28.59363453,13.34899951
2782,64,32,48,1,1,1,1,0,1,1,0,1,1,1,1,254.1967429,220.6769984,216.4184226,5.601893878,9.285000132,5.290090739,255.0061126,219.833648,217.615361,3.7488299,7.656301942,8.285548662
2783,64,32,48,1,1,1,1,0,1,1,1,0,1,1,1,255.3453598,223.3133386,212.1695974,59.33698451,28.3289549,56.54233275,260.8923962,217.889358,214.1372741,59.51824621,23.89627497,57.61217112
2784,64,32,48,1,1,1,1,0,1,1,1,1,0,1,1,254.6777664,223.5507241,213.8083773,12.37787188,13.57747112,3.731382277,256.1794229,222.6699992,213.8502098,12.70204462,11.2257676,6.303771147
2785,64,32,48,1,1,1,1,0,1,1,1,1,1,0,1,414.1385549,275.726287,210.7939139,21.61782737,24.0477456,14.07301397,415.5228011,279.5825955,216.922863,19.89620699,24.68678644,16.28354232
2786,64,32,48,1,1,1,1,0,1,1,1,1,1,1,0,250.6231619,223.7177113,217.6298333,23.76796831,19.95279552,5.38626216,250.818294,224.3431114,217.9990558,23.70704441,19.93702268,5.386420021
2787,64,32,48,1,1,1,1,1,0,1,1,1,1,1,1,253.0533053,222.3634576,216.0633075,6.276685012,8.213439454,3.314081507,254.5021524,221.8706478,216.0972687,7.153594855,4.358717807,5.56594018
2788,64,32,48,1,1,1,1,1,0,0,1,1,1,1,1,254.171533,220.6731597,216.4509503,5.625788391,9.380469691,5.540557873,254.9738763,219.8328835,217.6512866,3.750671667,7.832273031,8.454331363
2789,64,32,48,1,1,1,1,1,0,1,0,1,1,1,1,253.4947808,225.0114386,213.9888309,45.89393879,46.75323143,17.45019134,252.8148451,221.7491954,218.530805,44.76836383,46.3631122,20.96625022
2790,64,32,48,1,1,1,1,1,0,1,1,0,1,1,1,253.7204367,223.1621188,214.7683379,10.32615895,11.97686727,3.354989767,255.1963796,222.3862448,214.8546042,10.69822337,9.310411717,5.986302398
2791,64,32,48,1,1,1,1,1,0,1,1,1,0,1,1,255.406364,223.3671874,212.7694857,51.75738861,24.84252774,49.29915109,259.997414,218.73849,213.9114512,51.90759383,20.25205507,50.2312218
2792,64,32,48,1,1,1,1,1,0,1,1,1,1,0,1,250.6095564,223.7343729,217.623411,23.90957097,20.09176602,5.386025164,250.808715,224.3652167,217.9907589,23.85212607,20.07812685,5.386215623
2793,64,32,48,1,1,1,1,1,0,1,1,1,1,1,0,413.9285121,275.6699542,210.7120405,22.03679823,24.41797115,13.61419418,415.5021841,279.5956284,217.1645732,20.27985026,24.92537484,16.08772334
2794,96,48,32,1,1,1,1,1,1,1,1,1,1,1,1,238.3557749,255.9800559,198.5537286,1.80178631,3.56190672,3.839538164,238.4859416,256.4187477,199.0169237,2.180157406,3.375627924,3.621004011
2795,96,48,32,1,1,1,1,1,1,0,1,1,1,1,1,238.4253601,255.7366967,198.9357746,4.309497058,7.791934775,4.242251696,239.1240273,254.9483202,200.3185323,3.351347745,6.434491715,7.80060509
2796,96,48,32,1,1,1,1,1,1,1,0,1,1,1,1,238.4279678,255.7329149,198.9400476,4.306770168,7.809494513,4.259732064,239.125977,254.9444369,200.3158977,3.352567138,6.445868411,7.80002177
2797,96,48,32,1,1,1,1,1,1,1,1,0,1,1,1,238.9460993,255.8235751,198.0901818,5.397420017,6.582801305,9.197297125,239.9041918,256.6614995,197.0839228,7.643491541,3.932436695,7.56093795
2798,96,48,32,1,1,1,1,1,1,1,1,1,0,1,1,238.9493189,255.8217021,198.0898638,5.38905798,6.586456659,9.192171443,239.906051,256.6550335,197.0832558,7.631918036,3.922281322,7.554390734
2799,96,48,32,1,1,1,1,1,1,1,1,1,1,0,1,237.8111097,256.4788989,198.5562009,7.701344253,4.815555632,6.680036269,236.541129,258.0703555,199.22836,6.846675803,8.197602751,3.352518864
2800,96,48,32,1,1,1,1,1,1,1,1,1,1,1,0,237.8036263,256.4838368,198.5565476,7.734556855,4.859689823,6.680444556,236.533988,258.0752821,199.2300892,6.885107428,8.222760716,3.351078573
2801,96,48,32,0,1,1,1,1,1,1,1,1,1,1,1,238.9847428,254.7246286,199.6371877,3.273949451,6.075398848,7.559108487,238.5521599,256.2910471,199.3059675,4.400390702,7.302758303,3.852022172
2802,96,48,32,0,1,1,1,1,1,0,1,1,1,1,1,247.1333133,391.2172772,275.3591228,16.05692451,19.9839932,23.60139284,252.5003125,393.2682872,278.0577101,17.71699565,18.47266587,23.2421703
2803,96,48,32,0,1,1,1,1,1,1,0,1,1,1,1,241.3095829,252.0844455,200.7966569,4.688598997,26.39228229,22.66533984,241.424992,252.4551753,201.3697272,4.688211287,26.32465485,22.62971461
2804,96,48,32,0,1,1,1,1,1,1,1,0,1,1,1,237.1474314,255.2089883,202.2289048,16.70419745,40.86150694,41.94051108,240.7418012,254.8173022,199.1759058,19.07150592,39.47276615,41.48560362
2805,96,48,32,0,1,1,1,1,1,1,1,1,0,1,1,239.1914496,255.6769883,198.0177412,7.421722491,6.712729585,10.3720981,240.2166397,256.4423115,197.0394464,9.1971111,3.879845997,9.070282628
2806,96,48,32,0,1,1,1,1,1,1,1,1,1,0,1,237.8072905,256.4387675,198.6175685,7.863178366,5.099442188,6.763375514,236.5141941,258.079779,199.2497962,7.056082676,8.411685269,3.230835992
2807,96,48,32,0,1,1,1,1,1,1,1,1,1,1,0,238.2961933,254.9433344,200.2215166,3.360724284,8.500878474,9.985084747,237.858969,256.6248584,199.702538,4.732926993,9.37827056,7.148016696
2808,96,48,32,1,0,1,1,1,1,1,1,1,1,1,1,238.9739908,254.7258907,199.6470766,3.274765117,6.094351401,7.583367171,238.5398353,256.2942364,199.3095482,4.403415945,7.313785686,3.871752625
2809,96,48,32,1,0,1,1,1,1,0,1,1,1,1,1,241.3160874,252.08901,200.7781374,4.684599918,26.27022074,22.54299061,241.4346164,252.456507,201.3544886,4.690459261,26.20301836,22.5133809
2810,96,48,32,1,0,1,1,1,1,1,0,1,1,1,1,246.935527,391.2580974,275.2905767,18.92498388,22.6329201,26.86386173,249.5739269,392.2773286,276.6819914,19.37073848,21.02857609,26.20147938
2811,96,48,32,1,0,1,1,1,1,1,1,0,1,1,1,239.1549244,255.7132934,198.0138954,6.729842067,6.696037872,9.989294049,240.1556017,256.5070676,196.9906009,8.658217906,3.889083791,8.541137151
2812,96,48,32,1,0,1,1,1,1,1,1,1,0,1,1,236.2789887,255.3749048,203.2997644,20.6721568,49.30323228,50.59225822,240.7337203,254.2350204,199.2986414,22.97287445,47.74989268,50.12496989
2813,96,48,32,1,0,1,1,1,1,1,1,1,1,0,1,238.0046829,255.1280352,200.3571968,3.470740336,11.14285551,12.46355127,237.6261033,256.8003792,199.8086911,4.953933535,11.81795769,10.33524591
2814,96,48,32,1,0,1,1,1,1,1,1,1,1,1,0,236.6339027,256.3050599,200.5261973,36.05605314,36.60517817,16.10026606,236.5672894,259.7887723,197.843044,36.57441679,36.96385655,11.43298346
2815,96,48,32,1,1,0,1,1,1,1,1,1,1,1,1,239.9801134,256.1710715,196.4482907,7.733678295,3.962011868,7.798327114,239.2375589,256.1862208,198.4648421,5.642036494,6.517102354,9.280833647
2816,96,48,32,1,1,0,1,1,1,0,1,1,1,1,1,240.0924095,254.8614913,198.0803085,12.8712417,33.10927655,33.7745595,238.3616984,255.6492871,202.0691831,10.5416877,34.25977442,34.51326471
2817,96,48,32,1,1,0,1,1,1,1,0,1,1,1,1,240.2057066,256.0330815,196.379323,8.517290628,3.922492997,8.521955212,239.4150725,256.0757319,198.4186732,6.617458958,6.611568333,9.872142281
2818,96,48,32,1,1,0,1,1,1,1,1,0,1,1,1,332.3625963,296.4637945,309.4649348,16.48122198,9.497387331,16.48368127,333.6649693,299.9986701,311.039106,16.33007376,11.95439673,14.36228192
2819,96,48,32,1,1,0,1,1,1,1,1,1,0,1,1,241.8014702,257.117643,192.9765166,30.25767567,6.469311396,35.02070923,241.8575948,257.5528778,193.523794,30.23406087,6.435871583,34.93790233
2820,96,48,32,1,1,0,1,1,1,1,1,1,1,0,1,244.8801944,252.5293272,196.955551,58.04860015,23.68790737,56.1750364,239.1597078,258.660586,195.4427759,57.65657888,27.26203522,54.52299473
2821,96,48,32,1,1,0,1,1,1,1,1,1,1,1,0,238.240713,256.8193576,197.6617838,11.97216893,10.58391001,7.099155216,236.9087506,258.5682888,198.217916,11.45818195,12.58107985,3.223823569
2822,96,48,32,1,1,1,0,1,1,1,1,1,1,1,1,239.9859747,256.1763408,196.4521543,7.752191504,3.963587638,7.808373761,239.2375933,256.189459,198.4658701,5.656577971,6.519789225,9.284510088
2823,96,48,32,1,1,1,0,1,1,0,1,1,1,1,1,240.2517787,255.9879098,196.414978,8.893812239,3.92118612,8.901844447,239.4476088,256.0505509,198.4208856,7.110612633,6.616941425,10.14559108
2824,96,48,32,1,1,1,0,1,1,1,0,1,1,1,1,241.1821543,253.6268712,198.5555788,24.02957592,49.74619187,52.28531464,236.7213455,255.68707,203.8503534,21.73619968,51.10514285,52.48490908
2825,96,48,32,1,1,1,0,1,1,1,1,0,1,1,1,241.8049492,257.1167698,192.982707,30.33251225,6.47509657,35.09225124,241.8620051,257.5499765,193.5224799,30.30852884,6.44042406,35.01083779
2826,96,48,32,1,1,1,0,1,1,1,1,1,0,1,1,333.5272313,299.4159183,309.6893386,9.214751742,5.054789509,9.749123198,333.7335298,299.8683282,310.6956867,10.17708186,5.772765692,11.72213372
2827,96,48,32,1,1,1,0,1,1,1,1,1,1,0,1,239.0334572,256.6069306,197.5167679,14.62956966,13.32645365,7.67393355,237.5293113,258.7157291,197.984506,14.21168951,15.20844905,2.980268024
2828,96,48,32,1,1,1,0,1,1,1,1,1,1,1,0,242.994601,253.904984,196.534936,45.29312196,17.3180714,44.04180357,238.9584625,258.6117997,196.4414352,44.93993686,21.12520773,42.72611258
2829,96,48,32,1,1,1,1,0,1,1,1,1,1,1,1,236.4907797,257.5688192,198.6485982,6.655145996,8.151313401,3.445521114,237.9318006,256.8091116,199.0662861,7.516064919,4.741265985,6.693707472
2830,96,48,32,1,1,1,1,0,1,0,1,1,1,1,1,236.4439721,257.563956,198.7058998,6.977354891,8.453485352,3.254277406,237.9178947,256.732692,199.1926586,7.764166133,5.173123438,6.818766165
2831,96,48,32,1,1,1,1,0,1,1,0,1,1,1,1,237.9928662,255.9344933,199.2245207,4.561162006,9.182603165,6.45272628,238.6904453,255.0405693,200.7066048,3.414778813,8.014893908,9.378974846
2832,96,48,32,1,1,1,1,0,1,1,1,0,1,1,1,238.9574641,257.8504626,195.1099675,59.33863486,28.30525494,56.14397823,244.9009355,252.3243547,198.0146431,59.63191687,24.65965879,57.5895771
2833,96,48,32,1,1,1,1,0,1,1,1,1,0,1,1,237.2793568,258.2563058,197.5406736,12.33530545,13.25385605,3.404577613,238.7806577,257.0576129,198.0616815,12.70536616,11.118145,7.355999176
2834,96,48,32,1,1,1,1,0,1,1,1,1,1,0,1,416.0300821,303.0255868,201.7580315,18.35732238,22.86516807,15.33172111,415.4284574,300.051119,197.10984,19.68218328,21.72157382,12.88254505
2835,96,48,32,1,1,1,1,0,1,1,1,1,1,1,0,233.4965272,259.2555935,199.8776678,26.35359234,22.1280907,6.165431378,233.5449845,259.6866808,200.4599336,26.32198466,22.12508967,6.164338988
2836,96,48,32,1,1,1,1,1,0,1,1,1,1,1,1,236.4915819,257.5722401,198.6439189,6.656991384,8.153906161,3.442720201,237.9316718,256.8112869,199.0631169,7.515224133,4.743390993,6.694395106
2837,96,48,32,1,1,1,1,1,0,0,1,1,1,1,1,238.0489996,255.9014336,199.174359,4.498647221,8.693231751,5.678884675,238.7705764,255.0122461,200.6789929,3.382472754,7.475170149,8.918855637
2838,96,48,32,1,1,1,1,1,0,1,0,1,1,1,1,236.6888181,259.690645,196.7125533,43.9384968,44.65682221,15.40416599,236.433025,256.4837472,201.4930247,43.26702358,44.31573257,19.79662854
2839,96,48,32,1,1,1,1,1,0,1,1,0,1,1,1,236.8042901,257.9994508,197.7239713,10.40476512,11.60947421,3.25651765,238.3246622,257.1002497,198.2395856,10.95864361,9.379644599,7.037151383
2840,96,48,32,1,1,1,1,1,0,1,1,1,0,1,1,238.999705,258.0224657,195.5031707,54.40020844,26.09775946,51.39223273,244.1848902,253.0002118,197.758375,54.66191266,22.36556519,52.71864016
2841,96,48,32,1,1,1,1,1,0,1,1,1,1,0,1,233.4911315,259.2471618,199.8817619,26.40010866,22.17382177,6.16598057,233.5473576,259.6912506,200.4652107,26.37332416,22.17659708,6.164751427
2842,96,48,32,1,1,1,1,1,0,1,1,1,1,1,0,415.5569174,302.5267138,200.7098076,19.04552449,23.88014485,17.42734331,414.7415624,299.6548464,196.0096035,20.27490405,22.86457377,15.20652807
2843,96,24,32,1,1,1,1,1,1,1,1,1,1,1,1,272.5748026,229.2749001,194.7821715,1.912642652,5.885007911,3.748177065,272.8426956,230.1000168,195.1565026,2.637720276,5.098977138,3.629322245
2844,96,24,32,1,1,1,1,1,1,0,1,1,1,1,1,272.526202,229.0687607,195.19038,4.949928325,9.916866347,4.908256246,273.3764235,228.5560192,196.3648357,3.894681314,7.952727317,8.475292669
2845,96,24,32,1,1,1,1,1,1,1,0,1,1,1,1,272.5238087,229.0726089,195.1915027,4.952159713,9.903486541,4.893964884,273.3719311,228.5600809,196.3659422,3.889797898,7.943057254,8.466473436
2846,96,24,32,1,1,1,1,1,1,1,1,0,1,1,1,273.4332661,229.0332047,194.0508173,7.083992363,9.795275165,11.00049484,275.0071833,229.8679686,192.640212,9.613208794,4.161261688,9.327744426
2847,96,24,32,1,1,1,1,1,1,1,1,1,0,1,1,273.4317809,229.0332787,194.0542678,7.063350242,9.798017032,10.9815036,275.0072771,229.8652306,192.6412133,9.598354353,4.161217012,9.303727092
2848,96,24,32,1,1,1,1,1,1,1,1,1,1,0,1,272.2033742,229.6723858,194.8352939,7.69942635,5.957073649,6.516955696,271.1390271,231.8785504,195.4665118,7.271941019,9.668459761,3.263803275
2849,96,24,32,1,1,1,1,1,1,1,1,1,1,1,0,272.1994987,229.6719763,194.8327043,7.68345789,5.947547359,6.510029977,271.1426772,231.877282,195.4656444,7.265252751,9.659549656,3.270217872
2850,96,24,32,0,1,1,1,1,1,1,1,1,1,1,1,273.2489324,227.827956,195.6812222,3.688876906,7.796684731,8.141436163,272.7689423,230.0028185,195.4757824,4.984626635,9.318094377,4.477562209
2851,96,24,32,0,1,1,1,1,1,0,1,1,1,1,1,299.5131094,333.3363232,302.87243,23.68492718,25.12637746,29.55778286,299.8618623,334.1083578,303.3823262,23.4550847,22.61946129,28.23061495
2852,96,24,32,0,1,1,1,1,1,1,0,1,1,1,1,275.2323761,225.10208,196.5699648,5.490686847,32.71361767,28.34718376,275.37082,225.9691962,197.0984057,5.489399877,32.57877361,28.27075635
2853,96,24,32,0,1,1,1,1,1,1,1,0,1,1,1,270.0039742,228.6930929,200.2910083,23.17847972,51.31385805,53.14307655,275.248845,227.4445673,195.4254514,25.71556255,48.6514204,52.31099796
2854,96,24,32,0,1,1,1,1,1,1,1,1,0,1,1,273.7626122,228.7300031,194.0323675,11.92342343,9.929912449,14.26874105,275.4139693,229.4095402,192.7776826,13.52219053,4.093480767,13.22014358
2855,96,24,32,0,1,1,1,1,1,1,1,1,1,0,1,272.2035318,229.6630024,194.8468536,7.772541183,6.063870905,6.537619856,271.1384303,231.882607,195.4723866,7.365228651,9.749133931,3.233482717
2856,96,24,32,0,1,1,1,1,1,1,1,1,1,1,0,273.063747,227.8511533,195.9081804,3.739721208,8.166609249,8.673293806,272.5499609,230.1010255,195.6539928,5.093631256,9.703141383,5.095893024
2857,96,24,32,1,0,1,1,1,1,1,1,1,1,1,1,273.2540118,227.8293107,195.6785435,3.687539477,7.805564034,8.141674541,272.7745683,229.9988653,195.4707355,4.979500416,9.320506013,4.478508888
2858,96,24,32,1,0,1,1,1,1,0,1,1,1,1,1,275.2247708,225.0967579,196.5912587,5.496992791,32.88745366,28.51963812,275.365578,225.9577723,197.1239125,5.499312455,32.75213679,28.44659622
2859,96,24,32,1,0,1,1,1,1,1,0,1,1,1,1,304.9820083,333.3111939,302.3071541,23.28980561,25.5283602,30.12304992,306.2100845,334.5051118,303.0169195,23.36970996,23.37880828,29.20874708
2860,96,24,32,1,0,1,1,1,1,1,1,0,1,1,1,273.6997903,228.8447972,193.9616543,9.570736334,9.857131429,12.63654116,275.2772172,229.5991389,192.6119117,11.50839805,4.113654805,11.2930984
2861,96,24,32,1,0,1,1,1,1,1,1,1,0,1,1,269.4104886,228.7595598,201.036878,25.40599409,56.01971845,57.97514134,275.0987764,227.0069683,195.4515081,27.89352285,53.23514901,57.09599241
2862,96,24,32,1,0,1,1,1,1,1,1,1,1,0,1,269.8686427,230.7044604,197.7293163,8.321363746,25.27631308,24.54499661,269.9573859,233.628588,196.2758617,10.50884563,25.12085517,22.55399752
2863,96,24,32,1,0,1,1,1,1,1,1,1,1,1,0,272.1957591,229.5339134,194.985122,8.375701135,6.879590294,6.7508685,271.1120709,231.8651482,195.5242912,8.108280982,10.33122167,3.01299756
2864,96,24,32,1,1,0,1,1,1,1,1,1,1,1,1,275.1930382,228.950301,191.8802854,9.940591344,4.443502876,9.977729803,273.938119,229.9091761,194.1661043,7.716523815,9.573776144,11.38706357
2865,96,24,32,1,1,0,1,1,1,0,1,1,1,1,1,275.4647481,226.4013751,194.4614844,29.51233211,56.72304152,60.71568623,269.7126874,230.316808,201.3733967,27.0474475,59.10325204,61.22503036
2866,96,24,32,1,1,0,1,1,1,1,0,1,1,1,1,275.3745804,228.7930032,191.8737539,10.6227681,4.380164889,10.62822338,274.0662365,229.7723616,194.1636517,8.521920017,9.633132874,11.92989078
2867,96,24,32,1,1,0,1,1,1,1,1,0,1,1,1,344.6912925,264.3394762,325.7956559,14.91958427,9.759153019,15.08140914,346.3743606,267.8565772,326.9978538,15.55118196,12.38642653,13.42130809
2868,96,24,32,1,1,0,1,1,1,1,1,1,0,1,1,277.932587,229.2208311,188.0494436,34.88438362,8.633732892,40.92786424,278.0040342,230.1612879,188.5423987,34.86776468,8.560162941,40.81322482
2869,96,24,32,1,1,0,1,1,1,1,1,1,1,0,1,280.1720197,224.7360996,191.8505143,68.80970869,29.01103312,65.96829358,273.9776909,233.1424394,190.276853,68.53108029,34.1284297,64.34636029
2870,96,24,32,1,1,0,1,1,1,1,1,1,1,1,0,273.847374,230.0661817,192.5921974,10.42239824,9.268390129,6.984980336,272.722125,232.6738521,193.1690336,10.31326098,12.52449566,3.117851277
2871,96,24,32,1,1,1,0,1,1,1,1,1,1,1,1,275.1813183,228.9560085,191.8855037,9.870148724,4.444787529,9.913207106,273.9340485,229.915425,194.1703642,7.638990007,9.570105892,11.33567294
2872,96,24,32,1,1,1,0,1,1,0,1,1,1,1,1,275.3895198,228.7248684,191.9477045,11.48021746,4.385999029,11.49411471,274.1037502,229.7327766,194.1880197,9.638623201,9.622034101,12.66491518
2873,96,24,32,1,1,1,0,1,1,1,0,1,1,1,1,275.5166448,226.2645282,194.4455524,30.44435922,57.57446783,61.77692449,269.5516887,230.2602346,201.4397547,27.98173569,59.96114266,62.26000052
2874,96,24,32,1,1,1,0,1,1,1,1,0,1,1,1,277.9485757,229.2187744,188.0374229,35.00774759,8.634137625,41.04881918,278.0226217,230.1596055,188.5331793,34.99302154,8.563042941,40.93518843
2875,96,24,32,1,1,1,0,1,1,1,1,1,0,1,1,344.1817651,262.4335437,325.3415904,16.18467183,10.73704276,15.79605324,345.775404,265.6298591,326.5681549,17.50099511,12.92772092,16.22719049
2876,96,24,32,1,1,1,0,1,1,1,1,1,1,0,1,278.158182,231.3996414,188.7641004,16.71646924,15.87557406,7.662227791,277.1806911,234.097049,189.581274,16.75337587,17.95450239,4.449223727
2877,96,24,32,1,1,1,0,1,1,1,1,1,1,1,0,274.9944232,228.7550985,191.62832,26.01232333,7.239125383,26.10327704,273.2258665,231.7078067,193.5997525,25.58714805,13.84859298,25.9725369
2878,96,24,32,1,1,1,1,0,1,1,1,1,1,1,1,271.3699836,230.7311594,194.7409774,6.717832766,9.580375576,3.324829137,272.6781664,230.2826106,195.1636807,7.159971664,5.610741948,6.640029071
2879,96,24,32,1,1,1,1,0,1,0,1,1,1,1,1,271.360926,230.7308217,194.7595031,6.811530773,9.685086671,3.262088285,272.6845779,230.2464229,195.1989097,7.227126103,5.715619899,6.696015426
2880,96,24,32,1,1,1,1,0,1,1,0,1,1,1,1,269.7245977,233.3887155,195.73891,12.82423641,29.56139419,26.27594686,269.6572524,232.040776,198.6700076,10.62267036,29.66370944,28.13783817
2881,96,24,32,1,1,1,1,0,1,1,1,0,1,1,1,274.3099925,231.303779,190.1026593,68.54587267,34.23160443,64.54142067,280.6454982,224.7130109,192.8857843,68.73007276,28.82464118,65.87871535
2882,96,24,32,1,1,1,1,0,1,1,1,1,0,1,1,278.5853977,234.1530266,188.5287094,19.31640947,20.87101147,5.24786355,279.1253191,233.0591156,188.5148394,19.07189985,19.12094943,7.914965491
2883,96,24,32,1,1,1,1,0,1,1,1,1,1,0,1,465.6546532,266.7397358,178.8565689,21.50077028,26.65890914,15.88014967,464.671735,263.5266928,172.7972849,22.79828618,25.16603763,12.94327289
2884,96,24,32,1,1,1,1,0,1,1,1,1,1,1,0,269.3771151,231.9503918,195.8704084,21.29059586,17.75552383,6.062149271,269.4201912,232.8862908,196.4402526,21.24383436,17.77874679,6.06345397
2885,96,24,32,1,1,1,1,1,0,1,1,1,1,1,1,271.3722364,230.730256,194.7421231,6.722677859,9.592285077,3.323494184,272.6816806,230.2757132,195.162913,7.160894582,5.613384983,6.642607576
2886,96,24,32,1,1,1,1,1,0,0,1,1,1,1,1,272.4313263,229.1049469,195.2772829,4.991979856,10.0899185,5.189534054,273.2927958,228.5641174,196.4722608,3.909143764,8.142740553,8.707672877
2887,96,24,32,1,1,1,1,1,0,1,0,1,1,1,1,271.5605652,231.1764603,194.4195474,27.22926722,27.63045757,7.704806479,272.1287344,229.8806585,197.0438773,26.63274126,26.8872265,12.54928764
2888,96,24,32,1,1,1,1,1,0,1,1,0,1,1,1,273.6339283,230.3396303,191.5641337,15.57456499,16.62340287,3.594814426,275.5234199,229.8971496,192.0561054,16.04526822,14.68458938,7.9144761
2889,96,24,32,1,1,1,1,1,0,1,1,1,0,1,1,274.4751503,231.460745,190.5485155,63.68295483,32.01705838,59.87358384,280.1134979,225.3943193,192.753544,63.83409206,26.46905696,61.10527324
2890,96,24,32,1,1,1,1,1,0,1,1,1,1,0,1,269.3704335,231.9352833,195.8752612,21.24440183,17.70817077,6.064027319,269.421497,232.8869819,196.4451253,21.20566428,17.74633646,6.063482439
2891,96,24,32,1,1,1,1,1,0,1,1,1,1,1,0,465.4438452,266.7403407,178.7233175,21.52864144,26.57142673,15.83013179,464.4640735,263.5375798,172.7893406,22.86086978,25.2296308,13.01535486
2892,32,32,64,1,1,1,1,1,1,1,1,1,1,1,1,237.5498674,204.1347935,249.5234437,4.627606581,3.907945181,2.517544693,238.1955832,204.6003099,249.8370557,4.280696433,3.772417692,2.94321098
2893,32,32,64,1,1,1,1,1,1,0,1,1,1,1,1,237.3573173,203.5807386,250.2355078,8.077510226,9.983866644,5.997024862,238.1844804,202.4528182,251.7127818,3.985826291,8.475634035,8.9869089
2894,32,32,64,1,1,1,1,1,1,1,0,1,1,1,1,237.3603116,203.583052,250.2320569,8.07779688,9.98085512,5.983145956,238.1854272,202.4572558,251.7091481,3.979849192,8.463723561,8.974430724
2895,32,32,64,1,1,1,1,1,1,1,1,0,1,1,1,238.0517722,204.1085911,249.078873,5.367212879,6.849436089,8.238606165,239.9983294,204.7999019,247.9922963,9.21254295,3.450487707,7.440289699
2896,32,32,64,1,1,1,1,1,1,1,1,1,0,1,1,238.0517499,204.1093387,249.0795422,5.381388818,6.854452621,8.253238353,239.9976244,204.8008732,247.9900523,9.219989407,3.450630381,7.449245512
2897,32,32,64,1,1,1,1,1,1,1,1,1,1,0,1,237.2904909,204.6034635,249.4806792,9.065090821,4.839290898,5.391838197,236.6027118,206.0723647,250.2718337,7.585899783,8.591443221,3.702997191
2898,32,32,64,1,1,1,1,1,1,1,1,1,1,1,0,237.2859077,204.6029085,249.4844862,9.050763959,4.810695428,5.39186013,236.5950754,206.0706331,250.2753131,7.562404312,8.571440977,3.700505472
2899,32,32,64,0,1,1,1,1,1,1,1,1,1,1,1,237.4669933,201.8284616,251.6299178,4.08488059,8.660112947,9.018288244,237.9767512,203.9472748,250.6872391,7.978686041,9.987494092,6.230291692
2900,32,32,64,0,1,1,1,1,1,0,1,1,1,1,1,268.6264038,330.0929316,327.5631502,9.430747235,17.98784838,17.71811554,272.4244181,331.5434694,329.6329164,11.88529882,15.44079466,17.83483048
2901,32,32,64,0,1,1,1,1,1,1,0,1,1,1,1,238.0844883,198.4717808,253.8372622,7.38025214,36.20599742,30.83924755,238.7741388,198.9967437,254.0768835,7.339891963,36.10549835,30.81417013
2902,32,32,64,0,1,1,1,1,1,1,1,0,1,1,1,234.1811499,202.2403308,255.8295631,24.18206965,56.28286078,58.49659418,241.0428771,201.1001726,250.8200883,28.79623599,54.62271107,58.12290625
2903,32,32,64,0,1,1,1,1,1,1,1,1,0,1,1,238.6988667,202.2787989,250.1734262,10.33847262,7.337132301,12.02405998,241.0138161,202.946586,249.0877878,13.11148934,3.658724941,11.68868475
2904,32,32,64,0,1,1,1,1,1,1,1,1,1,0,1,234.9288073,204.2732773,252.4520881,51.21757613,54.45584153,26.34047857,237.3450171,209.7917536,247.4493934,52.91260717,54.72085198,23.22605912
2905,32,32,64,0,1,1,1,1,1,1,1,1,1,1,0,237.1824549,201.8705199,251.9086336,4.008033873,9.741722776,10.090978,237.7283068,203.9932526,250.9075225,8.064602005,10.87471037,7.638105829
2906,32,32,64,1,0,1,1,1,1,1,1,1,1,1,1,237.4714231,201.8262424,251.6253248,4.08413603,8.695104517,9.054646874,237.9811093,203.9491366,250.6803088,7.983491208,10.0266632,6.275746491
2907,32,32,64,1,0,1,1,1,1,0,1,1,1,1,1,238.0822707,198.4855247,253.8452541,7.380058861,36.16867165,30.80464324,238.7720191,199.0030792,254.068307,7.340226794,36.06246622,30.77504862
2908,32,32,64,1,0,1,1,1,1,1,0,1,1,1,1,267.9848279,330.6536225,327.4470689,10.47342729,17.52978433,17.53457731,271.816828,332.009591,329.2702896,12.58991102,14.98588372,17.63489205
2909,32,32,64,1,0,1,1,1,1,1,1,0,1,1,1,238.3081948,203.2550301,249.5575035,7.90046745,7.160677236,10.1449624,240.4308454,203.8971898,248.3518532,11.15069066,3.265992068,9.507296646
2910,32,32,64,1,0,1,1,1,1,1,1,1,0,1,1,233.4619347,202.1771477,256.5766315,27.26858792,62.23107336,64.69800546,240.9586833,200.4437798,250.7318346,31.7196251,60.45390673,64.29575336
2911,32,32,64,1,0,1,1,1,1,1,1,1,1,0,1,237.2581548,201.8246123,251.8545282,4.020077783,9.182361457,9.557267251,237.7830928,203.9808828,250.8632088,8.064390992,10.46452449,6.899666224
2912,32,32,64,1,0,1,1,1,1,1,1,1,1,1,0,234.8342641,204.2702034,252.4479272,53.14970883,56.19065089,26.73371333,237.6480947,210.2009926,247.2498704,54.95603162,56.53148308,23.61141029
2913,32,32,64,1,1,0,1,1,1,1,1,1,1,1,1,239.194266,204.1530639,247.9262045,9.052128458,3.497254728,7.027725951,238.5494284,204.5980772,249.4715792,5.09898085,6.90045304,7.798605342
2914,32,32,64,1,1,0,1,1,1,0,1,1,1,1,1,239.0856766,201.5257737,250.214248,21.34624946,48.2249561,49.73729451,235.5528161,203.3435789,255.5048517,16.45403264,49.59090164,50.24493441
2915,32,32,64,1,1,0,1,1,1,1,0,1,1,1,1,240.1083148,202.2943115,249.0536224,13.37825482,3.467003389,11.71599585,239.1547442,202.7946553,250.5765228,10.65515312,7.339472952,12.02973649
2916,32,32,64,1,1,0,1,1,1,1,1,0,1,1,1,286.3825671,205.3407681,421.5101077,14.60442366,8.635555745,13.8629481,286.9694058,205.381729,421.3315888,14.55942284,8.491959823,13.58586244
2917,32,32,64,1,1,0,1,1,1,1,1,1,0,1,1,240.7188179,205.206455,245.485272,20.63738504,6.345495386,24.82794451,241.4061887,205.8034124,245.6688253,20.6389802,6.340378807,24.77017332
2918,32,32,64,1,1,0,1,1,1,1,1,1,1,0,1,242.558228,201.2660188,248.2450837,58.32765113,23.52661075,56.70278726,238.5100994,207.6160159,246.8927803,58.09091825,27.82854384,55.49204263
2919,32,32,64,1,1,0,1,1,1,1,1,1,1,1,0,237.3903257,204.7825227,249.2429123,9.550710621,5.588129268,5.524867254,236.6231564,206.3260184,250.0441547,8.116035059,9.212801972,3.692883097
2920,32,32,64,1,1,1,0,1,1,1,1,1,1,1,1,239.1910591,204.1547485,247.9317003,9.030865352,3.50273902,7.005188336,238.5497294,204.5956557,249.4783497,5.079216157,6.898907518,7.783225243
2921,32,32,64,1,1,1,0,1,1,0,1,1,1,1,1,240.8981365,201.1810981,250.1701826,16.81690161,4.039847692,15.38891778,239.8230969,201.6053439,251.4695332,14.78404162,7.541875367,15.49496663
2922,32,32,64,1,1,1,0,1,1,1,0,1,1,1,1,239.807582,200.0521553,250.6545815,32.29235902,61.37787144,65.20886717,233.5312282,203.074501,256.9757799,27.67428036,62.8753378,65.43603076
2923,32,32,64,1,1,1,0,1,1,1,1,0,1,1,1,240.7191271,205.2102306,245.4841593,20.65142838,6.344698606,24.83931011,241.3995451,205.8070188,245.6655073,20.64773548,6.341411468,24.78008099
2924,32,32,64,1,1,1,0,1,1,1,1,1,0,1,1,287.1879088,205.2688589,419.8739675,22.71696481,14.50897564,18.71984707,284.6572132,200.3770448,419.2486993,21.71035087,11.38606315,20.34848131
2925,32,32,64,1,1,1,0,1,1,1,1,1,1,0,1,237.4131235,204.7837531,249.2321914,9.602875562,5.699043019,5.539470737,236.6481809,206.3338462,250.0271534,8.178874023,9.269444735,3.683014506
2926,32,32,64,1,1,1,0,1,1,1,1,1,1,1,0,241.9580476,201.88387,248.0337423,52.11391961,20.62460712,50.62829281,238.6084268,207.5991506,247.3462075,51.93996807,25.04788647,49.53229259
2927,32,32,64,1,1,1,1,0,1,1,1,1,1,1,1,236.1154391,205.4133287,249.9759344,7.238654222,8.253940795,3.59219705,238.0160809,205.0158811,249.7745681,8.473431715,4.393631332,5.449317779
2928,32,32,64,1,1,1,1,0,1,0,1,1,1,1,1,236.880871,208.372552,248.0507039,42.39692842,42.72499342,14.77705476,236.5340572,204.5541449,251.5848567,40.54292709,41.79372316,18.03034685
2929,32,32,64,1,1,1,1,0,1,1,0,1,1,1,1,237.2057381,203.5695214,250.4065528,8.169507077,10.43118364,6.651162748,238.0147728,202.4024887,251.9307876,3.915785557,8.972140068,9.495993768
2930,32,32,64,1,1,1,1,0,1,1,1,0,1,1,1,238.1582686,207.0546617,246.3311546,56.8740012,26.99314795,54.37421226,243.523111,202.082914,247.9973395,56.85920131,22.5442091,55.41182561
2931,32,32,64,1,1,1,1,0,1,1,1,1,0,1,1,236.3196472,205.9467913,249.4630534,8.998056708,10.10314884,3.594783116,238.3115914,205.4008645,249.271983,9.988354449,6.931764418,5.727296337
2932,32,32,64,1,1,1,1,0,1,1,1,1,1,0,1,360.7044842,290.7075573,266.9226555,18.84095232,20.0198362,15.02993661,361.768258,291.8188493,269.2343275,16.16786073,18.90247196,15.69108196
2933,32,32,64,1,1,1,1,0,1,1,1,1,1,1,0,233.4547042,206.7868103,251.6752654,29.95208797,25.57750316,5.53713332,234.0545968,207.3526345,251.9492223,29.84080284,25.52356871,5.533109373
2934,32,32,64,1,1,1,1,1,0,1,1,1,1,1,1,236.1120553,205.4171036,249.9757014,7.247124549,8.266136164,3.59224693,238.0160107,205.0180512,249.7746517,8.487225483,4.412607554,5.451842401
2935,32,32,64,1,1,1,1,1,0,0,1,1,1,1,1,237.1103686,203.6026778,250.4779443,8.170317331,11.27840728,8.132098851,237.8702362,202.5136588,252.0065699,3.917122588,10.0748883,10.52785026
2936,32,32,64,1,1,1,1,1,0,1,0,1,1,1,1,236.8559175,209.6693792,246.8169462,52.98096979,54.48144162,22.52541036,235.5149549,205.0233293,252.2970018,50.86614889,53.81977133,25.62633822
2937,32,32,64,1,1,1,1,1,0,1,1,0,1,1,1,236.170873,205.8121643,249.5973188,8.110074092,9.285695463,3.609307345,238.1989738,205.3025294,249.3723794,9.295209509,5.666304413,5.666619996
2938,32,32,64,1,1,1,1,1,0,1,1,1,0,1,1,238.1685658,206.9042968,247.0729127,47.01797347,22.35704914,44.99648838,242.4712141,202.9795387,247.7498698,46.9943567,17.73425031,45.87056186
2939,32,32,64,1,1,1,1,1,0,1,1,1,1,0,1,233.4233591,206.8143177,251.6860832,30.25064304,25.87276233,5.538976913,234.0170945,207.3746642,251.9612994,30.13532365,25.81854575,5.535304763
2940,32,32,64,1,1,1,1,1,0,1,1,1,1,1,0,361.2496655,291.1564318,270.2935657,18.4594002,20.24981278,12.96558672,363.1094661,293.1869208,274.3452975,16.52547107,19.91290439,14.88468952
2941,96,32,64,1,1,1,1,1,1,1,1,1,1,1,1,265.5203842,217.1490198,211.3342145,2.072287254,4.304334539,2.276644643,265.7309819,217.6862707,211.4848983,2.36232562,3.83912113,2.384033232
2942,96,32,64,1,1,1,1,1,1,0,1,1,1,1,1,265.4586779,216.8284604,211.764986,4.840734911,8.694834338,4.590194015,266.2575131,216.0450651,212.5603089,3.736027102,6.854336601,7.074689872
2943,96,32,64,1,1,1,1,1,1,1,0,1,1,1,1,265.4566832,216.8304062,211.764881,4.840074415,8.696491252,4.581880263,266.2560451,216.0455203,212.5586279,3.735507396,6.84761729,7.066432213
2944,96,32,64,1,1,1,1,1,1,1,1,0,1,1,1,266.1361184,217.0845236,210.7081687,5.298846981,7.363164131,8.463530099,267.3898912,217.8321772,209.3574556,7.791596147,3.640059723,7.255046506
2945,96,32,64,1,1,1,1,1,1,1,1,1,0,1,1,266.1414185,217.0918185,210.6927508,5.323620697,7.361875531,8.480541902,267.3952606,217.837064,209.3438612,7.805832561,3.638429136,7.277264558
2946,96,32,64,1,1,1,1,1,1,1,1,1,1,0,1,265.2139134,217.5095117,211.4321559,6.845331266,4.373034318,4.557802781,264.2238586,219.0617501,212.0528714,6.029464959,7.835263626,3.084967311
2947,96,32,64,1,1,1,1,1,1,1,1,1,1,1,0,265.2111359,217.5143695,211.4315132,6.861129131,4.399278725,4.557852621,264.2237528,219.073946,212.0528516,6.056817095,7.859849917,3.085943047
2948,96,32,64,0,1,1,1,1,1,1,1,1,1,1,1,266.0802322,215.4875224,212.3532138,3.630491645,6.885277347,6.951662529,265.5929008,217.3875994,211.945082,4.822400715,8.49568118,4.511347074
2949,96,32,64,0,1,1,1,1,1,0,1,1,1,1,1,308.8551847,318.3765963,318.8067767,7.660138475,16.34902312,15.81844862,310.3938773,319.6665051,319.4407069,8.557203928,14.89675537,15.14815633
2950,96,32,64,0,1,1,1,1,1,1,0,1,1,1,1,267.8483038,212.299286,213.4124858,5.362716719,31.87091923,27.81268756,267.9803128,212.8879797,213.5949455,5.354324255,31.79860898,27.77572642
2951,96,32,64,0,1,1,1,1,1,1,1,0,1,1,1,263.8141005,215.9623341,215.6739427,17.3183609,42.19649292,43.38821622,267.7800849,215.5239763,211.7077987,19.82266584,40.5838263,42.88132942
2952,96,32,64,0,1,1,1,1,1,1,1,1,0,1,1,266.3586983,216.5171165,211.0591219,12.92942466,7.973616924,14.21100854,267.9315987,217.0257787,209.643088,14.2490221,3.22286712,13.59744363
2953,96,32,64,0,1,1,1,1,1,1,1,1,1,0,1,265.0319178,216.7568938,212.3697309,14.11310717,12.91655356,6.270152756,263.7607156,218.4680431,212.4261506,13.77496391,14.32523208,3.516429968
2954,96,32,64,0,1,1,1,1,1,1,1,1,1,1,0,265.9656904,215.415023,212.5807255,3.669917991,7.448070167,7.641914205,265.4641702,217.3669881,212.1253628,4.93081627,8.989144638,5.378658033
2955,96,32,64,1,0,1,1,1,1,1,1,1,1,1,1,266.0834608,215.4864979,212.3512416,3.637577412,6.896442864,6.962397272,265.5929399,217.3857713,211.9437403,4.820789799,8.513528555,4.528573369
2956,96,32,64,1,0,1,1,1,1,0,1,1,1,1,1,267.850472,212.2866054,213.4268518,5.366575876,31.95955939,27.89959066,267.9841001,212.8821755,213.6174387,5.359830064,31.88245277,27.86339417
2957,96,32,64,1,0,1,1,1,1,1,0,1,1,1,1,306.8500428,318.2279306,318.7027544,11.3323516,17.21904858,18.2686241,310.0684888,319.923513,319.6648267,12.7651233,15.07515669,17.5680411
2958,96,32,64,1,0,1,1,1,1,1,1,0,1,1,1,266.5214837,216.714904,210.6486394,10.22055898,7.650677617,11.91546848,267.8564551,217.3076432,209.335698,11.68014912,3.578462691,11.17362223
2959,96,32,64,1,0,1,1,1,1,1,1,1,0,1,1,262.793455,216.0733216,217.0408601,21.68893363,51.05771701,52.59408173,267.7219629,214.7768154,211.8537817,24.09594665,49.24050952,52.06631338
2960,96,32,64,1,0,1,1,1,1,1,1,1,1,0,1,265.7679651,215.63766,212.7188688,3.7091738,9.163761225,9.520656334,265.2971301,217.7684555,212.1528749,5.305759123,10.62435062,7.606694501
2961,96,32,64,1,0,1,1,1,1,1,1,1,1,1,0,264.3852523,216.9487952,213.3513622,30.75102026,31.25687084,13.0906926,264.3759942,220.1543144,211.3285499,31.34911889,31.6628503,10.15394036
2962,96,32,64,1,1,0,1,1,1,1,1,1,1,1,1,267.3668067,217.2570049,208.9918083,7.923286521,3.795209119,7.483148527,266.3970952,217.6999745,210.695564,5.591011821,7.284410312,8.628909808
2963,96,32,64,1,1,0,1,1,1,0,1,1,1,1,1,267.4777071,214.7116313,211.3072185,23.12903583,49.12025501,51.60243853,263.067474,217.2789841,216.8018827,20.71933804,50.70612076,52.02071854
2964,96,32,64,1,1,0,1,1,1,1,0,1,1,1,1,267.746313,216.7654255,209.0494294,11.26052969,3.699978209,10.82914722,266.7038444,217.332901,210.7111823,9.777994635,7.491188252,11.56416259
2965,96,32,64,1,1,0,1,1,1,1,1,0,1,1,1,325.2768967,236.2868981,366.251555,18.830119,12.2542437,16.02821614,322.7614126,232.9537319,365.9971093,18.30962029,9.419611285,17.80210389
2966,96,32,64,1,1,0,1,1,1,1,1,1,0,1,1,269.5660588,218.3674222,205.2407919,28.66685967,6.750889319,33.48551232,269.6667681,219.0027582,205.4156798,28.65854496,6.727475408,33.44006924
2967,96,32,64,1,1,0,1,1,1,1,1,1,1,0,1,271.0288008,213.937075,209.072276,57.79374326,22.79734568,55.99158858,266.0767434,220.3656729,207.9902052,57.56477756,26.92784192,55.07800815
2968,96,32,64,1,1,0,1,1,1,1,1,1,1,1,0,265.5815742,217.8250156,210.7067404,8.59534583,6.679678871,4.846035488,264.4276954,219.5409184,211.3429229,7.898454682,9.633651623,3.077490376
2969,96,32,64,1,1,1,0,1,1,1,1,1,1,1,1,267.3786773,217.2581435,208.9847284,7.982846719,3.790824269,7.549710827,266.4035726,217.7026116,210.6876729,5.671225998,7.29254838,8.684071603
2970,96,32,64,1,1,1,0,1,1,0,1,1,1,1,1,267.8083585,216.5778922,209.2637236,12.9752026,3.529353689,12.43337241,266.6335983,217.1876336,210.9458704,11.62580926,7.628284502,13.04758459
2971,96,32,64,1,1,1,0,1,1,1,0,1,1,1,1,267.6467611,214.3133689,211.3795143,26.16667922,52.70693584,55.79689241,262.5093725,217.2190749,217.2272355,23.77578817,54.32838516,56.15669296
2972,96,32,64,1,1,1,0,1,1,1,1,0,1,1,1,269.549047,218.3707225,205.2544316,28.61532674,6.751106771,33.43449684,269.6610282,219.005918,205.4346093,28.61006109,6.728611139,33.39196542
2973,96,32,64,1,1,1,0,1,1,1,1,1,0,1,1,324.9899132,236.0127477,366.4881543,20.20760188,14.35676359,16.65423275,322.300935,232.2274024,366.1895519,19.57649615,11.68628528,18.32779784
2974,96,32,64,1,1,1,0,1,1,1,1,1,1,0,1,266.5805646,217.7646605,210.2122534,12.95292295,11.7455082,5.544540626,265.3362474,219.8212067,210.7602667,12.54910299,13.80227345,3.181118138
2975,96,32,64,1,1,1,0,1,1,1,1,1,1,1,0,268.5693146,216.0756487,208.7356219,34.9238648,11.46357642,34.29654974,265.9711988,219.788684,209.6030328,34.65431402,16.16602498,33.81673247
2976,96,32,64,1,1,1,1,0,1,1,1,1,1,1,1,264.3271649,218.3299639,211.7353878,5.63376271,7.77082083,3.091900361,265.5670625,217.9243948,211.5516541,6.454169381,4.063445636,4.690411101
2977,96,32,64,1,1,1,1,0,1,0,1,1,1,1,1,263.8392388,218.2193025,211.7310325,21.39138228,21.91343157,6.696599755,265.0320513,217.1913322,213.0415639,21.19414312,21.15129629,9.638854578
2978,96,32,64,1,1,1,1,0,1,1,0,1,1,1,1,263.774566,220.305582,211.3374592,11.42614625,27.72081644,25.09960764,263.6625009,218.8063149,213.872579,9.159679495,27.64472662,26.27315637
2979,96,32,64,1,1,1,1,0,1,1,1,0,1,1,1,266.4084984,219.2702596,207.9035316,55.62424659,25.90519496,53.37814988,271.4458582,214.3413846,209.2714851,55.80755564,21.58303171,54.16930301
2980,96,32,64,1,1,1,1,0,1,1,1,1,0,1,1,267.9724922,220.054677,207.4137432,16.28637432,17.13511177,4.279089448,269.2932741,219.2684777,207.1361663,16.47586927,15.44957719,5.958259419
2981,96,32,64,1,1,1,1,0,1,1,1,1,1,0,1,433.7055426,268.3399836,199.3033212,20.18339771,22.79933809,13.97738464,435.0355898,271.7858924,204.445349,18.92609983,22.96231889,15.56788881
2982,96,32,64,1,1,1,1,0,1,1,1,1,1,1,0,261.9432362,219.4720102,213.7104106,21.57232212,18.23247837,4.682698132,262.0106343,220.0967107,213.9436549,21.53673157,18.2251795,4.686733332
2983,96,32,64,1,1,1,1,1,0,1,1,1,1,1,1,264.3265603,218.3253616,211.7439857,5.608121855,7.753828433,3.093610494,265.5658271,217.9205623,211.5587474,6.432311293,4.035070638,4.688840091
2984,96,32,64,1,1,1,1,1,0,0,1,1,1,1,1,265.3757282,216.8066149,211.8900774,4.907318954,8.989161289,5.117994467,266.1822873,215.9893309,212.7183858,3.751466574,7.205190318,7.49097531
2985,96,32,64,1,1,1,1,1,0,1,0,1,1,1,1,264.6303575,219.9749618,210.5009046,35.92997138,36.44087916,12.61690764,264.5477942,217.6122783,213.500261,35.18234556,36.00745867,15.50225125
2986,96,32,64,1,1,1,1,1,0,1,1,0,1,1,1,264.5758078,218.8736313,210.9271655,7.486237035,9.536894369,3.096164583,265.98557,218.2700809,210.7349206,8.149061674,6.325047791,5.02743716
2987,96,32,64,1,1,1,1,1,0,1,1,1,0,1,1,266.3664773,219.1515594,208.8719012,42.8108491,19.918852,41.33351994,269.9798013,215.6283866,208.9844991,43.00063934,15.30100972,41.91556086
2988,96,32,64,1,1,1,1,1,0,1,1,1,1,0,1,261.9342748,219.4631873,213.7166029,21.51059377,18.17096802,4.682042958,262.0046211,220.0950589,213.9520296,21.47653394,18.16435025,4.686042704
2989,96,32,64,1,1,1,1,1,0,1,1,1,1,1,0,433.0878574,267.4598036,196.4196983,22.76519896,25.72368014,14.65488963,434.5320689,271.7773255,203.1274598,21.42745766,26.30241165,16.56475358
2990,32,16,32,1,1,1,1,1,1,1,1,1,1,1,1,267.7746072,196.0028919,230.8683245,4.921521006,7.045230675,4.232174997,268.6200003,197.1002528,231.4210648,5.125172052,6.431484183,4.473270213
2991,32,16,32,1,1,1,1,1,1,0,1,1,1,1,1,267.3789809,195.6864384,231.6320368,9.031660914,12.63861791,6.975533008,268.334763,195.1507643,233.5025041,4.565477053,11.14112675,11.29246107
2992,32,16,32,1,1,1,1,1,1,1,0,1,1,1,1,267.3729932,195.6989137,231.6335322,9.032294696,12.61592963,6.931504812,268.326962,195.1601545,233.5017475,4.560781859,11.10432553,11.26006338
2993,32,16,32,1,1,1,1,1,1,1,1,0,1,1,1,268.6218334,195.7525066,230.1224071,7.858867403,11.61805313,12.10638968,271.3424716,196.5366456,228.8164377,12.28060778,4.383402442,10.94192666
2994,32,16,32,1,1,1,1,1,1,1,1,1,0,1,1,268.6145792,195.7535052,230.128962,7.867480514,11.62668435,12.10537179,271.3380624,196.535862,228.8222006,12.28168614,4.368230136,10.94398515
2995,32,16,32,1,1,1,1,1,1,1,1,1,1,0,1,267.6105014,196.5018389,230.8292071,9.979099857,7.139643154,7.655601851,267.1121438,199.2160276,231.5915825,9.716155687,11.71207023,3.908659358
2996,32,16,32,1,1,1,1,1,1,1,1,1,1,1,0,267.6121869,196.5082266,230.8257553,10.02745743,7.197016874,7.661475617,267.1116112,199.2294135,231.5893927,9.767917646,11.75566492,3.903951223
2997,32,16,32,0,1,1,1,1,1,1,1,1,1,1,1,267.4582387,194.0083179,232.9946555,4.478190523,11.16842973,11.18838115,268.0852233,196.7885464,232.297225,9.024883796,12.17328143,6.988445819
2998,32,16,32,0,1,1,1,1,1,0,1,1,1,1,1,302.8413207,298.6803116,333.5270919,21.29044701,24.48988466,26.96345373,303.5351944,300.0705887,333.8760483,20.75478494,22.39996114,25.91532538
2999,32,16,32,0,1,1,1,1,1,1,0,1,1,1,1,267.5140085,191.4006,234.941461,8.303256623,40.36540155,34.13729048,268.287517,192.5693669,235.5335629,8.251829934,40.13426479,34.04113145
3000,32,16,32,0,1,1,1,1,1,1,1,0,1,1,1,262.5826897,195.0804822,239.4080535,32.6080136,68.38921552,71.7022821,271.4445157,192.612223,232.5379324,37.63833421,64.7080452,70.71511848
3001,32,16,32,0,1,1,1,1,1,1,1,1,0,1,1,268.7381328,194.929825,230.672373,10.1911966,11.92236009,13.82330658,271.6783881,195.6333525,229.2829828,14.13850332,4.047592062,12.88369292
3002,32,16,32,0,1,1,1,1,1,1,1,1,1,0,1,264.4894304,196.586504,235.1806411,58.61898907,62.90718644,32.18529231,267.5574277,202.9381004,229.4831069,60.73153416,62.59662844,26.93169368
3003,32,16,32,0,1,1,1,1,1,1,1,1,1,1,0,267.1436639,194.1451283,233.285088,4.419816578,11.59585546,11.69629465,267.7796833,196.977354,232.5378062,9.133898411,12.57705749,7.592303996
3004,32,16,32,1,0,1,1,1,1,1,1,1,1,1,1,267.4565563,194.006783,232.9930283,4.476836819,11.1589169,11.1801772,268.0837078,196.7903537,232.2971893,9.024231402,12.19138074,6.985520463
3005,32,16,32,1,0,1,1,1,1,0,1,1,1,1,1,267.5097277,191.4026106,234.9582086,8.303861142,40.37640364,34.15083905,268.2834971,192.561048,235.5298698,8.250820802,40.13732091,34.04611645
3006,32,16,32,1,0,1,1,1,1,1,0,1,1,1,1,304.941413,299.4699168,333.8371311,19.52867069,24.06327653,25.23676123,306.4161752,300.9773889,334.7445044,19.1409562,21.6502772,24.66156917
3007,32,16,32,1,0,1,1,1,1,1,1,0,1,1,1,268.746578,194.9939531,230.610716,9.579666951,11.88088788,13.41919735,271.6118131,195.7046234,229.1984095,13.65155496,4.064844168,12.3539845
3008,32,16,32,1,0,1,1,1,1,1,1,1,0,1,1,262.342882,195.0383978,239.586643,33.26383056,69.8486146,73.17013769,271.2981648,192.3857032,232.451168,38.2341663,66.12047837,72.15069162
3009,32,16,32,1,0,1,1,1,1,1,1,1,1,0,1,267.1470524,194.1436177,233.2829955,4.413919925,11.57959168,11.67841154,267.7855663,196.9782473,232.5350874,9.136330447,12.61060197,7.586726536
3010,32,16,32,1,0,1,1,1,1,1,1,1,1,1,0,264.3332442,196.5356186,235.1698247,60.73489438,64.80189992,32.71781908,267.8321009,203.2831038,229.2799581,62.95977098,64.58879246,27.48830917
3011,32,16,32,1,1,0,1,1,1,1,1,1,1,1,1,270.5332918,195.3337459,228.1879837,12.16937066,4.690445729,10.94617652,269.3831364,196.9791599,230.5243658,8.0662494,11.42155593,11.86119881
3012,32,16,32,1,1,0,1,1,1,0,1,1,1,1,1,270.375839,191.6609152,231.3451616,40.05126797,69.44384058,75.54874099,262.5557944,197.2935317,239.7858425,34.92542522,72.48581959,76.03439233
3013,32,16,32,1,1,0,1,1,1,1,0,1,1,1,1,270.8895676,194.066998,228.8111966,13.95039106,4.247534903,12.76186212,269.5877436,195.7910551,231.289445,10.27756761,11.75529611,13.59842563
3014,32,16,32,1,1,0,1,1,1,1,1,0,1,1,1,318.551451,213.5202873,384.3544865,22.17659441,15.42833526,20.18570407,320.3299915,216.2254062,385.3237442,23.573319,17.45946944,20.55673523
3015,32,16,32,1,1,0,1,1,1,1,1,1,0,1,1,272.8336753,195.3190157,225.1983876,29.33308362,10.04954466,35.65808032,273.596614,196.6004101,225.7092387,29.32746738,9.99739263,35.50104626
3016,32,16,32,1,1,0,1,1,1,1,1,1,1,0,1,275.0381915,191.2425604,227.7296489,76.22567282,33.24755435,72.99617513,269.7250064,201.3522443,225.9103876,75.99593647,39.85784208,70.89545249
3017,32,16,32,1,1,0,1,1,1,1,1,1,1,1,0,269.3244921,196.9355007,228.5466239,12.06234105,9.627528412,8.080335306,268.6646704,199.9125183,229.2734196,11.90842102,13.85213991,3.670575325
3018,32,16,32,1,1,1,0,1,1,1,1,1,1,1,1,270.523325,195.3386091,228.181669,12.13275299,4.692881168,10.91686852,269.3833272,196.9806986,230.520862,8.040036748,11.41941039,11.84646818
3019,32,16,32,1,1,1,0,1,1,0,1,1,1,1,1,270.9910099,193.9643565,228.9156323,14.02996294,4.317599652,12.83952216,269.6494803,195.675661,231.3491583,10.32706581,11.72419568,13.59661694
3020,32,16,32,1,1,1,0,1,1,1,0,1,1,1,1,270.358586,191.5872945,231.305897,40.34276408,69.64855559,75.8618839,262.4737111,197.2656491,239.770955,35.22552308,72.70186409,76.340852
3021,32,16,32,1,1,1,0,1,1,1,1,0,1,1,1,272.8336975,195.3235616,225.2036739,29.26590242,10.04778571,35.58404747,273.5759261,196.6041924,225.704806,29.24328508,9.998908303,35.42203765
3022,32,16,32,1,1,1,0,1,1,1,1,1,0,1,1,317.7158336,211.8337214,384.3841611,18.07611346,12.50907695,17.81537506,320.9046609,216.6674645,386.1036626,20.34220663,15.84902564,17.32689473
3023,32,16,32,1,1,1,0,1,1,1,1,1,1,0,1,269.9952018,197.1754288,228.1517724,12.95188375,10.74481124,8.357327191,269.3121534,200.2536443,228.8384216,12.8295115,14.66043088,3.667424516
3024,32,16,32,1,1,1,0,1,1,1,1,1,1,1,0,273.8719305,192.7204704,227.709154,62.28560214,25.38067979,59.98642044,269.982675,201.0828649,227.3437169,62.16877201,32.51560757,58.24574337
3025,32,16,32,1,1,1,1,0,1,1,1,1,1,1,1,266.7859888,197.7601507,230.7819974,8.970259104,11.39234224,3.856809343,268.6940803,197.4148076,231.3148708,8.964862452,6.599531549,7.817231619
3026,32,16,32,1,1,1,1,0,1,0,1,1,1,1,1,266.7195123,197.7853837,230.9495193,10.14489222,12.34643041,3.617475831,268.5932873,197.2251259,231.6045002,9.670220351,7.803224517,8.184734254
3027,32,16,32,1,1,1,1,0,1,1,0,1,1,1,1,265.0648234,200.8275737,232.2604332,15.47689024,32.74929187,28.87113951,264.9853868,199.5090785,235.796285,9.608758952,32.87032807,31.22216028
3028,32,16,32,1,1,1,1,0,1,1,1,0,1,1,1,269.9904699,199.3189779,225.3220122,75.54678044,39.61683461,70.55129702,276.7681962,191.8463936,228.2701816,75.35613697,32.58346002,72.21883216
3029,32,16,32,1,1,1,1,0,1,1,1,1,0,1,1,274.6913618,202.7023215,223.4808087,19.0949996,20.60976806,5.48037224,276.1910167,201.7726391,223.6285948,18.37172548,17.69807597,8.943602369
3030,32,16,32,1,1,1,1,0,1,1,1,1,1,0,1,429.8962108,252.0264382,219.7849695,23.7201348,27.82378447,19.28204541,431.7467492,255.5602754,225.6898359,19.88804428,26.96472035,21.49504378
3031,32,16,32,1,1,1,1,0,1,1,1,1,1,1,0,265.2703348,199.1249058,231.6132715,25.46845498,21.05696447,7.184080588,265.9110088,200.4088434,232.2849071,25.33193158,21.08095382,7.174814501
3032,32,16,32,1,1,1,1,1,0,1,1,1,1,1,1,266.7874268,197.7611341,230.7849664,8.980974261,11.39840742,3.858712285,268.6910349,197.4121947,231.3179132,8.962216618,6.607347509,7.816956379
3033,32,16,32,1,1,1,1,1,0,0,1,1,1,1,1,267.2267841,195.7921644,231.7472944,9.092023559,12.85018863,7.3074112,268.1742947,195.2298404,233.6448421,4.531118854,11.38174973,11.56433092
3034,32,16,32,1,1,1,1,1,0,1,0,1,1,1,1,267.7918897,201.8836387,227.877629,62.94798346,64.68160674,27.56875533,265.6519639,197.7892639,235.02848,60.25424316,64.25378274,32.63926415
3035,32,16,32,1,1,1,1,1,0,1,1,0,1,1,1,272.1562657,199.4297785,225.0497496,18.09720279,19.06868605,4.927444896,274.60871,199.1735411,225.435521,18.22665654,16.28022719,9.20174779
3036,32,16,32,1,1,1,1,1,0,1,1,1,0,1,1,270.1653236,199.4217898,225.7963895,71.94606583,37.90095379,67.07996314,276.4635741,192.3107455,228.3039806,71.70020203,30.70223623,68.66012091
3037,32,16,32,1,1,1,1,1,0,1,1,1,1,0,1,265.2754918,199.1145331,231.6088723,25.44876175,21.03704304,7.18337248,265.9186957,200.4060343,232.282985,25.31771267,21.07108031,7.173987193
3038,32,16,32,1,1,1,1,1,0,1,1,1,1,1,0,430.8335423,252.6019274,223.009051,23.22634732,26.92590952,18.36416286,432.7774829,256.2318923,228.129619,20.3202236,26.88607913,20.63797761
3039,96,96,96,1,1,1,1,1,1,1,1,1,1,1,1,229.7372392,229.7596294,229.7643795,1.920090806,1.919044779,1.904533814,229.8413967,229.8589854,229.8708197,1.909994189,1.911904618,1.926236019
3040,96,96,96,1,1,1,1,1,1,0,1,1,1,1,1,229.7967001,229.3613564,230.1458207,4.190433647,6.613248858,3.83102345,230.4450895,228.2836241,230.8988641,3.178724005,5.497678421,5.962040733
3041,96,96,96,1,1,1,1,1,1,1,0,1,1,1,1,229.7968049,229.3651696,230.1432501,4.197082732,6.621174942,3.852820125,230.4431473,228.2866974,230.8971484,3.17524809,5.512364257,5.977453784
3042,96,96,96,1,1,1,1,1,1,1,1,0,1,1,1,230.122531,229.8103342,229.3697948,3.82087299,4.194517709,6.600233765,230.877473,230.4578406,228.2889292,5.957934581,3.177664488,5.485688497
3043,96,96,96,1,1,1,1,1,1,1,1,1,0,1,1,230.1232529,229.8179872,229.3658209,3.835070076,4.194873233,6.612770238,230.877754,230.4665858,228.2867448,5.967509307,3.180866043,5.499198662
3044,96,96,96,1,1,1,1,1,1,1,1,1,1,0,1,229.3522259,230.1349951,229.8168943,6.609768253,3.831929922,4.196914824,228.2704456,230.8891013,230.4632184,5.49380237,5.964675588,3.174046636
3045,96,96,96,1,1,1,1,1,1,1,1,1,1,1,0,229.3504209,230.1358141,229.8171155,6.594897964,3.812813387,4.194559641,228.2708856,230.8906075,230.4654464,5.477261316,5.950732609,3.177615807
3046,96,96,96,0,1,1,1,1,1,1,1,1,1,1,1,230.3253891,228.2015313,230.7885734,3.184258117,5.437874653,5.920773537,229.8953595,229.4733333,230.2416165,4.199178587,6.539033627,3.782344935
3047,96,96,96,0,1,1,1,1,1,0,1,1,1,1,1,244.6745365,368.6965148,300.1261819,10.78262553,18.3377538,20.04671506,249.1968932,369.8528334,302.5357564,12.38321319,17.1814006,20.16196357
3048,96,96,96,0,1,1,1,1,1,1,0,1,1,1,1,232.6071658,224.8883713,231.954948,4.545740078,26.25335572,22.81941335,232.7187042,224.9856477,232.0596563,4.541985014,26.23931055,22.81124654
3049,96,96,96,0,1,1,1,1,1,1,1,0,1,1,1,230.1914368,228.2424245,230.9497815,5.653933785,19.17010521,19.3779234,231.1436344,229.3225607,229.4418345,8.026798206,19.02744046,18.83832443
3050,96,96,96,0,1,1,1,1,1,1,1,1,0,1,1,230.5036638,229.4850357,229.3406711,8.259681027,4.538591287,9.576677758,231.426069,230.0500344,228.2254794,9.534102281,3.226475869,8.910645987
3051,96,96,96,0,1,1,1,1,1,1,1,1,1,0,1,229.2811277,229.4482191,230.5590217,12.44205576,11.02917398,5.34725776,227.9343514,230.3935132,230.7405649,11.90182896,11.94845403,3.28694846
3052,96,96,96,0,1,1,1,1,1,1,1,1,1,1,0,229.9015599,228.1027103,231.3628889,3.269556091,9.00593184,9.602103345,229.5540615,229.4084018,230.6733789,4.550750251,9.653610866,8.358577702
3053,96,96,96,1,0,1,1,1,1,1,1,1,1,1,1,230.3264829,228.2036175,230.7847073,3.180440999,5.455098323,5.927769074,229.8982195,229.474086,230.2415224,4.196954012,6.552427718,3.801831792
3054,96,96,96,1,0,1,1,1,1,0,1,1,1,1,1,232.601352,224.894702,231.9614779,4.545664449,26.25296333,22.8206715,232.7147631,224.9820491,232.0649321,4.545643158,26.23688975,22.81326582
3055,96,96,96,1,0,1,1,1,1,1,0,1,1,1,1,243.9978237,368.7459827,300.0575875,10.14831277,18.03943484,19.39372839,248.3171686,369.910289,302.3873797,11.75787871,16.87900793,19.46118622
3056,96,96,96,1,0,1,1,1,1,1,1,0,1,1,1,230.455258,229.5845415,229.2516506,5.685908939,4.386399635,7.710883246,231.3831275,230.2397771,228.1297429,7.51635801,3.2676279,6.836118055
3057,96,96,96,1,0,1,1,1,1,1,1,1,0,1,1,228.2535055,228.4492412,233.4646683,15.15493941,40.71293647,41.53285845,231.6732093,227.9950281,229.8411032,17.34717349,40.06155566,41.24282059
3058,96,96,96,1,0,1,1,1,1,1,1,1,1,0,1,229.9136531,228.0741871,231.398507,3.319418721,8.987439964,9.540851188,229.5621778,229.3614269,230.7086976,4.557233478,9.65049502,8.294958537
3059,96,96,96,1,0,1,1,1,1,1,1,1,1,1,0,228.7412253,229.5015566,231.287669,26.93296457,27.19262178,10.87359992,228.4604384,231.9873025,229.5897808,27.32523612,27.60477164,8.51570857
3060,96,96,96,1,1,0,1,1,1,1,1,1,1,1,1,230.7649489,230.3442633,228.2058642,5.92855053,3.182339202,5.455788612,230.2207122,229.9152345,229.4780104,3.80174295,4.198125993,6.55369983
3061,96,96,96,1,1,0,1,1,1,0,1,1,1,1,1,230.8317368,229.3500836,229.3497479,6.606174541,15.61298108,14.99807211,230.548124,228.3191558,230.7346795,4.283161079,15.54076833,15.67392203
3062,96,96,96,1,1,0,1,1,1,1,0,1,1,1,1,231.3065802,229.9635524,228.069357,9.159902662,3.293061294,8.616488853,230.6624262,229.6034382,229.388163,7.881835444,4.532907384,9.324067008
3063,96,96,96,1,1,0,1,1,1,1,1,0,1,1,1,300.1239388,243.9860832,368.1829697,19.64061809,10.16760358,18.17759704,302.5269762,248.4277924,369.3554287,19.71811254,11.80646383,17.00130643
3064,96,96,96,1,1,0,1,1,1,1,1,1,0,1,1,231.9217193,232.617231,224.9090169,22.65908657,4.538568186,26.09598931,232.0273771,232.7309053,224.9990174,22.65197495,4.537503086,26.07943657
3065,96,96,96,1,1,0,1,1,1,1,1,1,1,0,1,233.3090949,228.3622924,228.4233618,40.39801729,14.4973191,39.66054463,229.7736384,231.6034375,228.0481768,40.09592124,16.70100858,39.02461206
3066,96,96,96,1,1,0,1,1,1,1,1,1,1,1,0,229.250794,230.5516884,229.5312944,9.290716783,7.8285252,4.519065534,228.1307737,231.4196309,230.1082252,8.570638874,9.133125265,3.274542083
3067,96,96,96,1,1,1,0,1,1,1,1,1,1,1,1,230.7652983,230.3494715,228.2045992,5.922735663,3.185655685,5.437837635,230.2194453,229.9186017,229.4765399,3.785353625,4.199786138,6.539947206
3068,96,96,96,1,1,1,0,1,1,0,1,1,1,1,1,231.3485865,229.8915376,228.1543074,9.83087037,3.237892716,9.197122914,230.6279877,229.5520999,229.4618176,8.600083204,4.563036639,9.81968238
3069,96,96,96,1,1,1,0,1,1,1,0,1,1,1,1,231.571949,227.8622979,229.7666881,17.46735483,40.41699271,41.60163391,228.3425182,228.5384071,233.6177125,15.2633003,41.02811715,41.85087101
3070,96,96,96,1,1,1,0,1,1,1,1,0,1,1,1,231.9491324,232.620132,224.8920193,22.86058904,4.54756397,26.29248518,232.0464661,232.7314437,224.9805947,22.84970485,4.545122481,26.27495358
3071,96,96,96,1,1,1,0,1,1,1,1,1,0,1,1,300.0018369,244.0759414,368.9274932,19.45512634,10.47798818,17.73273655,302.4313707,248.5607704,370.129514,19.68434509,12.1537075,16.71707816
3072,96,96,96,1,1,1,0,1,1,1,1,1,1,0,1,229.2867796,230.5692148,229.503491,9.684942,8.368080738,4.54775839,228.1787077,231.4682232,230.0673788,9.019872676,9.608085895,3.262806444
3073,96,96,96,1,1,1,0,1,1,1,1,1,1,1,0,231.417298,229.8243573,228.1030745,24.72021118,7.810488886,24.40257962,229.508956,231.3642494,228.9559826,24.32374816,10.15180471,24.11707584
3074,96,96,96,1,1,1,1,0,1,1,1,1,1,1,1,228.1839927,230.7894776,230.3482029,5.455818632,5.942625421,3.18336568,229.4572326,230.2397207,229.916596,6.552505746,3.808658257,4.203618536
3075,96,96,96,1,1,1,1,0,1,0,1,1,1,1,1,227.9047612,230.4164462,230.645267,9.126023487,9.36456532,3.096962308,229.4223009,229.7004276,230.4880405,9.841560783,8.10157193,4.921182922
3076,96,96,96,1,1,1,1,0,1,1,0,1,1,1,1,229.5142632,229.2319862,230.5684347,4.5200152,9.247194316,7.715918263,230.1013227,228.1308455,231.462885,3.308698871,8.511571393,9.050829837
3077,96,96,96,1,1,1,1,0,1,1,1,0,1,1,1,229.6856175,231.4956423,227.9366875,40.11003852,16.68415243,39.05777233,233.4280568,228.4781679,228.519718,40.37456166,14.46572096,39.65389517
3078,96,96,96,1,1,1,1,0,1,1,1,1,0,1,1,228.1297115,231.4006162,229.8937756,9.443188472,10.0583467,3.266189418,229.4309158,230.6922442,229.5604309,10.05364451,8.877485134,4.58770928
3079,96,96,96,1,1,1,1,0,1,1,1,1,1,0,1,369.3226307,299.8697942,244.1986552,18.40186645,19.83427065,9.980806912,370.5645305,302.2664789,248.7486919,17.2419503,19.90305166,11.73906441
3080,96,96,96,1,1,1,1,0,1,1,1,1,1,1,0,224.8842755,231.9505048,232.6245258,26.18769085,22.75381413,4.54144727,224.9764697,232.0539509,232.7386534,26.17141924,22.74573964,4.540025987
3081,96,96,96,1,1,1,1,1,0,1,1,1,1,1,1,228.17956,230.792304,230.3493447,5.449232639,5.939128869,3.182380143,229.4539241,230.2421631,229.9189909,6.547450488,3.801676014,4.202000111
3082,96,96,96,1,1,1,1,1,0,0,1,1,1,1,1,229.4914261,229.2854241,230.5464813,4.530427674,9.455045372,8.073830315,230.0611655,228.1730429,231.4418557,3.257624214,8.77017455,9.357766106
3083,96,96,96,1,1,1,1,1,0,1,0,1,1,1,1,228.3676703,231.9016209,229.4589996,27.5927688,27.882972,8.66027345,228.8351289,229.5956808,231.4035746,27.16497387,27.45064554,11.00479258
3084,96,96,96,1,1,1,1,1,0,1,1,0,1,1,1,228.0691813,231.3379625,229.9449217,8.760729761,9.341917409,3.2795894,229.3845093,230.6716845,229.590776,9.445316439,8.071916052,4.539368909
3085,96,96,96,1,1,1,1,1,0,1,1,1,0,1,1,229.3876921,231.2122782,228.9147667,23.01380308,9.58409504,22.93670286,231.3844835,230.0509725,228.1867644,23.41367828,7.225360979,23.15289901
3086,96,96,96,1,1,1,1,1,0,1,1,1,1,0,1,224.8695889,231.9583493,232.6289265,26.30381854,22.87231045,4.549507902,224.9609505,232.0603639,232.7396758,26.28736365,22.86318503,4.54597519
3087,96,96,96,1,1,1,1,1,0,1,1,1,1,1,0,368.3668772,300.2133076,244.3947141,18.41627064,20.01795955,10.60941847,369.4779754,302.5315874,248.5990149,17.19795192,20.06533671,12.1267116
3088,96,32,24,1,1,1,1,1,1,1,1,1,1,1,1,254.7743244,256.8353053,184.1401976,1.801935937,5.051174616,4.562507669,254.9545525,257.550706,184.7186376,2.452659354,4.584576079,4.297451483
3089,96,32,24,1,1,1,1,1,1,0,1,1,1,1,1,254.8426572,256.6641256,184.5301521,4.592755685,9.072978572,4.798306042,255.6144195,256.0996193,186.1023739,3.618045037,7.523364869,8.820141647
3090,96,32,24,1,1,1,1,1,1,1,0,1,1,1,1,254.8375413,256.6685067,184.5317965,4.594276821,9.064574246,4.780592201,255.610573,256.1028016,186.1041338,3.621001826,7.509545509,8.81571658
3091,96,32,24,1,1,1,1,1,1,1,1,0,1,1,1,255.5644386,256.5273181,183.5766504,6.82947498,8.780474604,10.98921214,256.8370617,257.4210039,182.4516136,9.207787165,4.281360909,9.252106905
3092,96,32,24,1,1,1,1,1,1,1,1,1,0,1,1,255.558753,256.5287617,183.5799252,6.801887481,8.771572442,10.98103976,256.8233648,257.4239319,182.4571133,9.178171189,4.289573175,9.232992587
3093,96,32,24,1,1,1,1,1,1,1,1,1,1,0,1,254.1959661,257.3377991,184.1347094,8.32731638,5.865895609,7.741223042,252.8961411,259.4792851,184.7877318,7.696336518,9.702526844,3.408286698
3094,96,32,24,1,1,1,1,1,1,1,1,1,1,1,0,254.1965297,257.3369921,184.1354766,8.32764658,5.879289811,7.746256383,252.8987616,259.4841789,184.7872278,7.705331883,9.717848709,3.40330334
3095,96,32,24,0,1,1,1,1,1,1,1,1,1,1,1,255.4920999,255.6360285,185.1847896,3.462519383,7.110165814,8.443934315,255.0429358,257.5241325,184.9670742,4.705415742,8.311836768,4.210961692
3096,96,32,24,0,1,1,1,1,1,0,1,1,1,1,1,261.228526,383.2043042,271.0592331,18.47146629,23.69864055,27.62587303,267.7816983,385.6808566,273.9523779,20.3009733,21.20747545,26.881562
3097,96,32,24,0,1,1,1,1,1,1,0,1,1,1,1,257.866621,253.1815367,186.2841255,5.036631766,28.9433166,24.84689723,257.9938292,253.8290934,187.0261132,5.041247913,28.83214832,24.7883635
3098,96,32,24,0,1,1,1,1,1,1,1,0,1,1,1,252.8401447,256.4916204,188.9426299,21.71858001,49.10679045,50.65229225,257.5542326,255.4237987,185.0221306,24.19485288,46.81584621,50.00886654
3099,96,32,24,0,1,1,1,1,1,1,1,1,0,1,1,255.7406006,256.4176887,183.531127,8.37504778,8.798217994,11.90010872,257.0392186,257.2550583,182.4775181,10.37248316,4.249739104,10.44593305
3100,96,32,24,0,1,1,1,1,1,1,1,1,1,0,1,254.1905784,257.3407586,184.1379359,8.379278032,5.936233837,7.746225512,252.8919433,259.4877852,184.7908521,7.758001198,9.753002125,3.405276815
3101,96,32,24,0,1,1,1,1,1,1,1,1,1,1,0,254.9828639,255.8021981,185.6504058,3.571274164,8.179882361,9.720651283,254.4808356,257.8396489,185.2877697,4.971475062,9.30079401,5.763852512
3102,96,32,24,1,0,1,1,1,1,1,1,1,1,1,1,255.4850544,255.638947,185.1935457,3.464845944,7.11773884,8.448676636,255.0346812,257.5264093,184.9763762,4.702894579,8.326518,4.220088634
3103,96,32,24,1,0,1,1,1,1,0,1,1,1,1,1,257.8624073,253.1854324,186.2798505,5.036208558,28.83560703,24.73956787,257.9876389,253.8342553,187.0295117,5.040966866,28.72223712,24.68301276
3104,96,32,24,1,0,1,1,1,1,1,0,1,1,1,1,262.8359658,383.4672217,271.6674538,18.48088802,23.56329966,27.54846017,268.2482561,385.5334734,273.860296,19.99156828,21.15539973,26.60671948
3105,96,32,24,1,0,1,1,1,1,1,1,0,1,1,1,255.6860189,256.4506363,183.5394556,7.401642792,8.806685995,11.33640854,256.9783733,257.3257242,182.4215589,9.648018641,4.255805684,9.695390423
3106,96,32,24,1,0,1,1,1,1,1,1,1,0,1,1,252.2899408,256.571782,189.6527354,24.0572918,54.17624362,55.82027634,257.4504904,255.000127,185.0520978,26.48624884,51.76929817,55.12413993
3107,96,32,24,1,0,1,1,1,1,1,1,1,1,0,1,254.6575908,255.9893113,185.8290042,3.685183773,10.15032499,11.47792708,254.2148265,257.9836356,185.4703497,5.129628641,11.041605,8.488883365
3108,96,32,24,1,0,1,1,1,1,1,1,1,1,1,0,253.2505437,257.186127,186.1224847,33.62519671,33.9777946,15.53113588,252.970043,260.6775544,183.8201628,34.1520742,34.38239841,9.715417006
3109,96,32,24,1,1,0,1,1,1,1,1,1,1,1,1,257.0635553,256.5864345,181.5882248,9.46732582,4.415907819,9.780347947,256.0367707,257.1391354,183.9883444,7.338338091,8.616279593,11.24791359
3110,96,32,24,1,1,0,1,1,1,0,1,1,1,1,1,258.0761729,254.3380762,183.9784357,26.79449234,53.48008113,56.76892132,253.1096828,257.4062734,190.237182,24.3748153,55.52291885,57.09616093
3111,96,32,24,1,1,0,1,1,1,1,0,1,1,1,1,257.1641846,256.5160811,181.586639,9.687539697,4.395866038,9.972558055,256.1111625,257.0733522,183.9952981,7.581003911,8.647146309,11.40182544
3112,96,32,24,1,1,0,1,1,1,1,1,0,1,1,1,349.9532115,302.4419742,292.31409,14.59430712,9.359698797,15.82227278,350.9170422,305.3696837,293.6251731,14.61484438,11.68742702,13.601786
3113,96,32,24,1,1,0,1,1,1,1,1,1,0,1,1,259.3998666,256.7445712,178.03187,35.18693082,8.021719951,40.95641483,259.4624481,257.4885185,178.7745386,35.16320418,7.947487261,40.83607259
3114,96,32,24,1,1,0,1,1,1,1,1,1,1,0,1,262.8133785,252.221193,182.0807065,66.90388336,28.43762603,64.22403077,256.1546146,260.0657138,180.1422481,66.49380627,33.06245678,62.14620637
3115,96,32,24,1,1,0,1,1,1,1,1,1,1,1,0,254.9228901,257.4528547,182.921266,10.85369856,9.053264088,8.143252867,253.5170856,259.9011032,183.479972,10.46812886,12.29107298,3.073220841
3116,96,32,24,1,1,1,0,1,1,1,1,1,1,1,1,257.0566227,256.5874703,181.5874963,9.45784143,4.412600056,9.764792428,256.0323132,257.1415748,183.9949308,7.328237542,8.62256811,11.24464518
3117,96,32,24,1,1,1,0,1,1,0,1,1,1,1,1,257.1716737,256.5133854,181.5969359,9.776760113,4.387991469,10.05854572,256.1146834,257.0739867,184.0035801,7.701988497,8.657385989,11.47341835
3118,96,32,24,1,1,1,0,1,1,1,0,1,1,1,1,258.2266459,254.1169905,183.9955162,28.43719638,55.23842559,58.89207966,252.889905,257.3419902,190.3893165,26.0209327,57.29707444,59.15889839
3119,96,32,24,1,1,1,0,1,1,1,1,0,1,1,1,259.3898984,256.7537276,178.0341071,35.14312386,8.016789243,40.91495905,259.4412267,257.4982025,178.7633714,35.11874831,7.947060799,40.79044061
3120,96,32,24,1,1,1,0,1,1,1,1,1,0,1,1,350.2323119,303.3743019,292.0741903,14.66126354,9.11287126,15.57999647,351.051881,305.9151861,293.727415,14.63196701,11.0102242,14.31917469
3121,96,32,24,1,1,1,0,1,1,1,1,1,1,0,1,256.5801784,257.7777483,181.3435487,13.49799008,11.99328149,8.45746444,255.2204987,260.32102,181.9515881,13.21795412,14.56158587,3.568069327
3122,96,32,24,1,1,1,0,1,1,1,1,1,1,1,0,260.0970194,254.2662373,181.6175173,48.46856755,18.53123784,47.02549065,255.8359453,259.8827283,181.7360469,48.11022229,23.63505371,45.49432999
3123,96,32,24,1,1,1,1,0,1,1,1,1,1,1,1,252.9713992,258.5219069,183.9961045,7.262901744,9.553298339,3.53388405,254.4413139,257.8141446,184.7668087,7.907574097,5.601394505,7.751727136
3124,96,32,24,1,1,1,1,0,1,0,1,1,1,1,1,252.9749329,258.5225436,183.9950326,7.290737921,9.576137743,3.501221348,254.4450024,257.8060088,184.7759409,7.922410129,5.641902352,7.765557616
3125,96,32,24,1,1,1,1,0,1,1,0,1,1,1,1,251.4125319,260.243763,185.0834577,8.461724475,22.8641958,20.4767445,251.9244906,259.1014284,187.4383681,6.709202776,22.57028445,22.44707859
3126,96,32,24,1,1,1,1,0,1,1,1,0,1,1,1,255.9335926,258.5277521,179.8132607,68.31454835,34.2207752,63.95225653,262.7739317,251.8565857,183.6418762,68.60309027,29.41976247,65.71028144
3127,96,32,24,1,1,1,1,0,1,1,1,1,0,1,1,256.8834607,260.287278,179.9074919,16.01137504,17.47695799,4.578097546,257.9010714,259.0424623,180.4989172,15.9946076,15.37702169,8.482011347
3128,96,32,24,1,1,1,1,0,1,1,1,1,1,0,1,446.3943808,292.7109379,179.5726866,20.30207167,26.01362888,17.67741926,445.6727971,289.2019185,173.7879155,21.69638899,24.14223141,14.85227327
3129,96,32,24,1,1,1,1,0,1,1,1,1,1,1,0,250.4211158,260.0653389,184.8639247,24.78199376,20.53551966,6.931874638,250.4535842,260.807034,185.6291213,24.73977362,20.55000335,6.93203138
3130,96,32,24,1,1,1,1,1,0,1,1,1,1,1,1,252.9764978,258.5237234,183.9890609,7.280654132,9.565629127,3.525685757,254.4455113,257.8150979,184.7641174,7.919447344,5.627257118,7.754590134
3131,96,32,24,1,1,1,1,1,0,0,1,1,1,1,1,254.5130791,256.8449656,184.7153126,4.752293224,9.607454965,5.611508162,255.3125268,256.1848107,186.3891028,3.644336368,8.127985118,9.548105103
3132,96,32,24,1,1,1,1,1,0,1,0,1,1,1,1,253.1805393,260.2954717,182.4025616,43.99506856,44.51365948,14.7869867,253.0299923,257.5772712,187.4331266,43.2676189,44.17476417,20.21470619
3133,96,32,24,1,1,1,1,1,0,1,1,0,1,1,1,254.6388328,259.2032011,181.3772492,14.12363877,15.70326226,3.390148246,256.1468351,258.1773449,182.2094184,14.40064478,13.37661386,8.375969916
3134,96,32,24,1,1,1,1,1,0,1,1,1,0,1,1,256.0420086,258.7333752,180.1179704,65.14531809,32.87788012,60.85314264,262.3510737,252.3714562,183.4872928,65.40284187,27.99360389,62.52571734
3135,96,32,24,1,1,1,1,1,0,1,1,1,1,0,1,250.4300398,260.0624066,184.8549857,24.70404125,20.46062947,6.931953477,250.4634664,260.8024397,185.6181087,24.66128114,20.47373028,6.93027988
3136,96,32,24,1,1,1,1,1,0,1,1,1,1,1,0,451.0619207,293.8356931,184.3829035,9.714552557,10.62961948,6.279994101,451.0926766,294.5126016,184.924163,7.558451314,8.500879327,4.751944247
3137,24,16,32,1,1,1,1,1,1,1,1,1,1,1,1,254.4665493,195.3300396,242.4231362,6.156651381,6.948651507,4.345699225,255.514161,196.4088499,243.0737772,6.036540896,6.492577061,4.769650104
3138,24,16,32,1,1,1,1,1,1,0,1,1,1,1,1,254.002931,194.9176418,243.3290574,10.71961781,13.41128644,7.696065812,254.9486499,194.2310785,245.5717868,4.742203782,11.99549679,12.23062903
3139,24,16,32,1,1,1,1,1,1,1,0,1,1,1,1,254.0022646,194.913606,243.3330009,10.7137993,13.41111156,7.685355282,254.9480488,194.2320247,245.573247,4.747912033,11.98466058,12.21266233
3140,24,16,32,1,1,1,1,1,1,1,1,0,1,1,1,255.2353828,195.0869608,241.786869,8.175948501,11.51223294,11.91279643,258.2370848,195.8574919,240.6859176,12.85540142,4.407461225,11.19674131
3141,24,16,32,1,1,1,1,1,1,1,1,1,0,1,1,255.2290909,195.0867905,241.7931756,8.194909797,11.51955243,11.922183,258.2332876,195.8532423,240.6890296,12.86423533,4.396573546,11.20661428
3142,24,16,32,1,1,1,1,1,1,1,1,1,1,0,1,254.3369505,195.9044751,242.2939905,11.05484285,7.197126061,8.035080455,254.0028599,198.6178703,243.1207296,10.63806838,12.19217363,4.14420769
3143,24,16,32,1,1,1,1,1,1,1,1,1,1,1,0,254.3365721,195.9030848,242.2937623,11.05111377,7.192024697,8.035232523,254.0018402,198.6161333,243.1179632,10.63691849,12.19092771,4.14291904
3144,24,16,32,0,1,1,1,1,1,1,1,1,1,1,1,253.802121,193.062978,245.1290416,4.78419247,12.17052611,12.20990994,254.9293453,195.9368906,244.1764376,10.62729915,13.08449188,7.964198776
3145,24,16,32,0,1,1,1,1,1,0,1,1,1,1,1,289.4716177,304.1304064,336.2420344,20.82392819,24.22661086,26.29267036,290.9839041,305.7122873,337.0842147,20.28681767,21.27673567,25.29718231
3146,24,16,32,0,1,1,1,1,1,1,0,1,1,1,1,253.4451401,190.4127549,247.5042213,9.546122333,41.53383226,34.74211139,254.4837267,191.5511366,248.1252977,9.470863854,41.27358807,34.65403153
3147,24,16,32,0,1,1,1,1,1,1,1,0,1,1,1,248.7896932,193.8607821,251.5551077,34.68184502,72.61229591,76.28985566,258.6560806,191.3430043,244.5573235,40.61952773,68.94205219,75.41118119
3148,24,16,32,0,1,1,1,1,1,1,1,1,0,1,1,255.6345048,192.8496701,243.4452794,11.0932147,11.88672783,14.18423113,258.9283092,193.5662037,242.2861142,15.26166042,4.093795799,13.68197419
3149,24,16,32,0,1,1,1,1,1,1,1,1,1,0,1,250.8655333,195.7919138,246.6715151,64.06692816,68.73021518,35.2343798,255.2358536,203.4675391,240.2655324,66.85690308,68.80422235,29.92435979
3150,24,16,32,0,1,1,1,1,1,1,1,1,1,1,0,253.3536594,193.3032801,245.4931494,4.657775521,12.80778324,12.93739514,254.5030535,196.2480334,244.4654243,10.78070441,13.68880382,8.813693354
3151,24,16,32,1,0,1,1,1,1,1,1,1,1,1,1,253.8056462,193.0718,245.11896,4.78779451,12.10216129,12.15056115,254.9305722,195.9452048,244.1675065,10.62201621,13.0545661,7.886046349
3152,24,16,32,1,0,1,1,1,1,0,1,1,1,1,1,253.4525009,190.4139368,247.4859046,9.545563265,41.45528619,34.66047721,254.4911956,191.5573349,248.1192518,9.470901829,41.19391615,34.57513236
3153,24,16,32,1,0,1,1,1,1,1,0,1,1,1,1,290.6463071,304.5893417,336.4008931,21.65701669,25.03210862,26.9413714,291.9921343,306.0866818,337.2671435,20.87895016,22.98616884,26.45685931
3154,24,16,32,1,0,1,1,1,1,1,1,0,1,1,1,255.4686886,193.2624357,243.0878527,10.48659732,11.89197868,13.79656814,258.6698958,193.9492323,241.8264303,14.7472738,3.925217502,13.13066546
3155,24,16,32,1,0,1,1,1,1,1,1,1,0,1,1,248.6328237,193.8078996,251.6350432,35.11053787,73.50390561,77.17692991,258.5359413,191.1723636,244.4737048,40.9843796,69.80307216,76.27503829
3156,24,16,32,1,0,1,1,1,1,1,1,1,1,0,1,253.3478442,193.3096937,245.4976433,4.65249521,12.74953484,12.88261786,254.4995136,196.2552175,244.4695443,10.78096101,13.6855767,8.757908345
3157,24,16,32,1,0,1,1,1,1,1,1,1,1,1,0,250.7003901,195.831798,246.9264246,64.77357052,69.78301933,36.20320295,255.1465746,203.4356431,240.1862386,67.56846535,69.7803203,30.87298538
3158,24,16,32,1,1,0,1,1,1,1,1,1,1,1,1,257.0312953,194.6076683,240.1953649,12.58014452,4.646772188,10.82397543,256.0921015,196.2548998,242.4240866,8.079094283,11.3678735,11.33029016
3159,24,16,32,1,1,0,1,1,1,0,1,1,1,1,1,257.0690657,190.4065019,243.5822582,42.48076481,72.49598163,78.96687011,248.8860186,195.9406448,252.046427,36.32972679,75.46256878,79.31844627
3160,24,16,32,1,1,0,1,1,1,1,0,1,1,1,1,257.1614752,191.6731536,242.1931906,15.15253693,3.851406457,13.66653645,256.1462552,193.4368722,244.8318692,11.59932987,12.11161785,14.38749656
3161,24,16,32,1,1,0,1,1,1,1,1,0,1,1,1,299.4426924,203.2669626,403.8096837,22.68854731,15.43630965,21.42285303,303.6453716,209.2790037,405.4872369,23.99363767,18.37329264,18.40826166
3162,24,16,32,1,1,0,1,1,1,1,1,1,0,1,1,259.0101323,194.5560169,237.7235949,26.64687987,10.00558819,32.61756679,260.0414358,195.8331814,238.253321,26.66060081,9.963951438,32.44956954
3163,24,16,32,1,1,0,1,1,1,1,1,1,1,0,1,261.4188011,190.8197614,239.9495562,76.16794513,33.14455966,73.21729015,256.5237569,200.8498801,237.8721494,75.97051479,40.10350765,70.91354215
3164,24,16,32,1,1,0,1,1,1,1,1,1,1,1,0,255.4544191,196.244275,240.8227341,12.5303378,9.053434365,8.393204672,254.9710706,199.1666714,241.6132658,12.19843886,13.80379538,3.915302478
3165,24,16,32,1,1,1,0,1,1,1,1,1,1,1,1,257.0208836,194.6049894,240.1977935,12.53851797,4.647150806,10.78439701,256.0892493,196.250285,242.43034,8.044571569,11.36855184,11.30593859
3166,24,16,32,1,1,1,0,1,1,0,1,1,1,1,1,257.4059543,191.8927528,242.2358962,15.70321881,4.098614582,14.11487665,256.2299303,193.6056555,244.6977766,11.81401257,11.95934033,14.64419192
3167,24,16,32,1,1,1,0,1,1,1,0,1,1,1,1,257.033773,190.3295431,243.5349619,42.69299231,72.60590591,79.1661654,248.8199302,195.8940054,252.0074843,36.5620059,75.58380658,79.51572832
3168,24,16,32,1,1,1,0,1,1,1,1,0,1,1,1,259.0111862,194.5570222,237.7258906,26.61993222,10.00504208,32.58241671,260.0384647,195.8327095,238.248825,26.61869902,9.965692953,32.41639899
3169,24,16,32,1,1,1,0,1,1,1,1,1,0,1,1,299.1941035,203.1064706,403.7164765,23.21265628,14.29796291,22.27114943,303.4595082,209.241058,405.3644058,24.26858099,17.56044124,18.86569501
3170,24,16,32,1,1,1,0,1,1,1,1,1,1,0,1,255.9503263,196.5962362,240.3791746,13.05319948,9.812029399,8.511303647,255.4442683,199.5237758,241.1445849,12.6194235,14.23154299,3.898066788
3171,24,16,32,1,1,1,0,1,1,1,1,1,1,1,0,261.0218695,191.4605705,239.9578519,70.45535059,30.09187447,67.71958432,256.795636,200.8782606,238.5663245,70.37925526,37.31312224,65.5741347
3172,24,16,32,1,1,1,1,0,1,1,1,1,1,1,1,253.3553525,197.2002734,242.3423334,9.931895792,11.80745862,4.010698872,255.5722529,196.8211516,242.9171559,9.924494393,6.584921596,8.212538481
3173,24,16,32,1,1,1,1,0,1,0,1,1,1,1,1,254.7022207,201.7509,239.3032723,62.10893615,63.37697987,25.95055494,252.7412659,196.9376188,246.1712826,58.77750233,62.41145581,31.21077091
3174,24,16,32,1,1,1,1,0,1,1,0,1,1,1,1,253.7463198,195.111973,243.4936347,10.8150887,13.78028532,8.207371243,254.6747016,194.3897788,245.7929011,4.663830168,12.36100098,12.64788885
3175,24,16,32,1,1,1,1,0,1,1,1,0,1,1,1,256.4683138,199.1070742,236.9647875,75.80089543,39.99211915,70.7133395,263.4237586,191.678748,240.2016425,75.43745275,32.61647406,72.55650209
3176,24,16,32,1,1,1,1,0,1,1,1,1,0,1,1,257.9499135,200.026911,237.2325672,15.36964799,16.83307561,4.57887838,260.2793771,199.2934231,237.7375519,14.97529307,12.90583682,9.119686591
3177,24,16,32,1,1,1,1,0,1,1,1,1,1,0,1,401.8220509,264.5956704,244.5640436,27.19822795,31.48223758,22.74599155,403.2793596,266.6538997,247.9944946,22.92682354,29.49327498,23.42841735
3178,24,16,32,1,1,1,1,0,1,1,1,1,1,1,0,251.8187715,198.6914721,243.0234385,28.14546131,23.1770144,7.536249011,252.7024146,199.9485723,243.7302767,27.95056978,23.15580045,7.523284903
3179,24,16,32,1,1,1,1,1,0,1,1,1,1,1,1,253.3586532,197.2104738,242.335854,9.962787049,11.83210564,4.011315206,255.5711089,196.8259171,242.9119315,9.935794785,6.612408364,8.212095415
3180,24,16,32,1,1,1,1,1,0,0,1,1,1,1,1,253.7417008,195.1071417,243.5025705,10.80870356,13.75222542,8.201653483,254.6735441,194.3826876,245.7892439,4.674482971,12.37051108,12.64529468
3181,24,16,32,1,1,1,1,1,0,1,0,1,1,1,1,254.5248112,202.0810908,238.7652038,66.63462959,68.92379635,30.50358601,252.0600386,197.1302761,246.7111308,63.19579702,68.17777904,35.64948346
3182,24,16,32,1,1,1,1,1,0,1,1,0,1,1,1,255.0286757,197.6488772,239.5921075,13.45324899,14.9822473,3.943170889,257.7597249,197.2452138,240.1808405,14.05391735,11.0746913,9.01754564
3183,24,16,32,1,1,1,1,1,0,1,1,1,0,1,1,256.6220914,199.1927973,237.3214818,73.2430373,38.87247227,68.16575165,263.2085269,191.9915356,240.2372559,72.81466755,31.3816388,69.94619858
3184,24,16,32,1,1,1,1,1,0,1,1,1,1,0,1,251.8139345,198.7142584,243.0210731,28.33767993,23.36696344,7.538377477,252.6962811,199.9677395,243.7265977,28.140733,23.34348667,7.524006411
3185,24,16,32,1,1,1,1,1,0,1,1,1,1,1,0,400.6531273,263.4890418,240.90881,25.76289929,29.21218061,19.94353712,402.7385456,266.0359153,244.1503762,22.32914871,28.15705446,21.4378685
3186,48,48,48,1,1,1,1,1,1,1,1,1,1,1,1,229.6103542,229.6213481,229.6208112,3.110429141,3.117758509,3.108670852,229.9728331,229.9805767,229.9808533,3.110313896,3.103523911,3.112657911
3187,48,48,48,1,1,1,1,1,1,0,1,1,1,1,1,229.5730157,229.2162137,230.1186388,5.854335778,8.151382549,4.599552972,230.3084071,228.2299704,231.4671759,3.532419849,6.883444297,7.843975458
3188,48,48,48,1,1,1,1,1,1,1,0,1,1,1,1,229.5687259,229.2150534,230.1226985,5.857119854,8.149231657,4.608048677,230.3046578,228.2289536,231.4784908,3.531351435,6.886402167,7.85649854
3189,48,48,48,1,1,1,1,1,1,1,1,0,1,1,1,230.1189728,229.572479,229.2142186,4.650308671,5.861543572,8.172142937,231.4766028,230.3080332,228.2266883,7.886549636,3.53208583,6.917364382
3190,48,48,48,1,1,1,1,1,1,1,1,1,0,1,1,230.1204038,229.5731153,229.2150771,4.661749989,5.865529305,8.180537546,231.4785128,230.3102722,228.2242586,7.893851782,3.530489632,6.922630791
3191,48,48,48,1,1,1,1,1,1,1,1,1,1,0,1,229.2079891,230.1180927,229.581983,8.146739136,4.607583372,5.857436485,228.2219088,231.4734762,230.31748,6.886903749,7.856655238,3.532014962
3192,48,48,48,1,1,1,1,1,1,1,1,1,1,1,0,229.2064412,230.1193398,229.5789888,8.154893719,4.627403726,5.86016824,228.2211571,231.4760631,230.3142627,6.902501821,7.87315001,3.531932282
3193,48,48,48,0,1,1,1,1,1,1,1,1,1,1,1,229.8877656,227.9357824,231.0977594,3.536373113,6.728040639,7.738001223,229.9171867,229.5970326,230.471757,5.871822783,7.907561938,4.502537744
3194,48,48,48,0,1,1,1,1,1,0,1,1,1,1,1,244.6704155,368.2763657,299.1971367,11.07205938,19.66265693,20.95282376,249.829619,369.8757725,302.0701113,13.70615321,17.73583914,21.15610095
3195,48,48,48,0,1,1,1,1,1,1,0,1,1,1,1,231.3384267,224.9061496,232.7748998,5.724792389,29.30854231,25.00242807,231.7302629,225.2273624,233.1436281,5.716715695,29.2427037,24.9765249
3196,48,48,48,0,1,1,1,1,1,1,1,0,1,1,1,227.6415772,228.3264622,233.9933643,18.21520488,45.2351508,46.58643559,232.4247332,227.7839778,230.3803331,21.76329216,44.01478702,46.21415198
3197,48,48,48,0,1,1,1,1,1,1,1,1,0,1,1,230.3749905,229.1215644,229.4329376,7.724645329,6.103572428,10.1028733,231.9129177,229.8082983,228.4169486,10.18497017,3.432423571,9.224153441
3198,48,48,48,0,1,1,1,1,1,1,1,1,1,0,1,227.6225471,229.8324355,231.7190467,37.84401549,39.20387455,18.00795738,227.9925103,233.4036797,228.6834292,38.63972787,39.49569316,14.29920826
3199,48,48,48,0,1,1,1,1,1,1,1,1,1,1,0,229.3338099,228.0525875,231.5768625,3.464982084,8.999582303,9.987239746,229.4113669,229.7742454,230.8142707,6.125102586,9.857315634,7.542085038
3200,48,48,48,1,0,1,1,1,1,1,1,1,1,1,1,229.8920455,227.9342076,231.0952229,3.538266626,6.70816289,7.720437288,229.9202921,229.595702,230.4704472,5.869285117,7.894530557,4.475977551
3201,48,48,48,1,0,1,1,1,1,0,1,1,1,1,1,231.332799,224.9263084,232.7456722,5.72289755,29.15389358,24.84359288,231.723375,225.2522854,233.1194562,5.714306329,29.085108,24.81820851
3202,48,48,48,1,0,1,1,1,1,1,0,1,1,1,1,245.3099474,368.268989,300.0465428,12.74224447,17.09828397,18.95770345,248.7894892,369.3221206,301.8437911,13.99776604,15.2286108,18.95052072
3203,48,48,48,1,0,1,1,1,1,1,1,0,1,1,1,230.3864542,229.2596151,229.2681615,6.098733346,6.032034236,9.089216625,231.8589672,229.9890335,228.2144187,9.009396552,3.49768806,7.9883828
3204,48,48,48,1,0,1,1,1,1,1,1,1,0,1,1,226.7217568,228.3624466,235.0625165,22.62120646,54.12599668,55.79129318,232.4616794,227.0418549,230.3956684,26.02160835,52.75602626,55.39985784
3205,48,48,48,1,0,1,1,1,1,1,1,1,1,0,1,229.2214298,228.1288111,231.6293482,3.508504933,10.08108016,11.02599799,229.3327833,229.8330055,230.8703273,6.2043196,10.84882474,8.909091432
3206,48,48,48,1,0,1,1,1,1,1,1,1,1,1,0,227.1149686,230.0105482,232.0110572,47.67536649,49.58107792,22.53858337,228.6612095,234.8285169,227.6753975,48.78082999,49.86490929,18.91451985
3207,48,48,48,1,1,0,1,1,1,1,1,1,1,1,1,231.0928277,229.8997516,227.9370876,7.72598561,3.541114945,6.70957487,230.4631951,229.9275531,229.5917741,4.472435336,5.866187815,7.880529408
3208,48,48,48,1,1,0,1,1,1,0,1,1,1,1,1,231.8979902,227.7871615,229.9341961,18.64615938,38.32160396,39.9947083,228.6641286,228.524032,233.690089,14.94988596,39.2766962,40.27228367
3209,48,48,48,1,1,0,1,1,1,1,0,1,1,1,1,231.4988596,229.4634492,227.9520748,9.150157795,3.471702847,8.148169243,230.7868523,229.5145963,229.7148753,6.443294853,6.089137858,9.183305048
3210,48,48,48,1,1,0,1,1,1,1,1,0,1,1,1,299.3080588,244.5672894,368.5266546,19.93329812,11.20163883,18.66728757,301.8530798,249.038815,369.9608864,20.04310687,13.34259043,16.72489635
3211,48,48,48,1,1,0,1,1,1,1,1,1,0,1,1,232.7490106,231.3424244,224.9236341,24.80267731,5.72375548,29.11053126,233.1193086,231.7349733,225.2471576,24.77715376,5.713714003,29.04535345
3212,48,48,48,1,1,0,1,1,1,1,1,1,1,0,1,234.9652578,226.794123,228.3498247,54.9967916,22.08994855,53.42642502,230.3451224,232.4114934,227.0945826,54.59534802,25.50765271,52.06636527
3213,48,48,48,1,1,0,1,1,1,1,1,1,1,1,0,229.2729493,230.386224,229.2690615,9.200632728,6.225373429,6.035919294,228.2014615,231.8185854,229.9904139,8.060154568,9.029917929,3.489086612
3214,48,48,48,1,1,1,0,1,1,1,1,1,1,1,1,231.0895733,229.8972696,227.9343957,7.718874774,3.546722762,6.712222459,230.4669018,229.9245509,229.592278,4.477264783,5.864050831,7.893662098
3215,48,48,48,1,1,1,0,1,1,0,1,1,1,1,1,231.6116425,229.3150082,228.1778592,10.3256803,3.432261734,9.325263685,230.7306177,229.3821718,229.887019,7.827299824,6.172102393,10.06841826
3216,48,48,48,1,1,1,0,1,1,1,0,1,1,1,1,232.1001246,226.6090196,230.0975058,26.25827812,53.23761972,55.89606857,227.080967,228.6789186,235.5228064,22.79060479,54.42512971,56.1022877
3217,48,48,48,1,1,1,0,1,1,1,1,0,1,1,1,232.7554112,231.3354462,224.9219802,24.81891436,5.722503969,29.12469777,233.129242,231.7263339,225.2439786,24.7946995,5.714492238,29.06117258
3218,48,48,48,1,1,1,0,1,1,1,1,1,0,1,1,301.7197979,249.6051595,369.6040178,17.96288807,11.4695108,15.5222696,300.1473683,246.4992268,369.2242667,17.63558008,8.968858819,16.89203141
3219,48,48,48,1,1,1,0,1,1,1,1,1,1,0,1,229.3859921,230.464659,229.1494893,10.18530267,7.830684564,6.111200037,228.3628388,231.9485938,229.8275014,9.266691051,10.20240103,3.469941557
3220,48,48,48,1,1,1,0,1,1,1,1,1,1,1,0,234.0781523,227.5549628,228.0618872,47.84400904,18.7570466,46.4703824,230.3557535,232.4448359,227.595464,47.49342069,22.28478406,45.27332314
3221,48,48,48,1,1,1,1,0,1,1,1,1,1,1,1,227.9288098,231.0960107,229.9006981,6.727692128,7.731676479,3.538450847,229.5887504,230.4720113,229.92864,7.908466481,4.500898694,5.870358675
3222,48,48,48,1,1,1,1,0,1,0,1,1,1,1,1,227.3895513,231.1760817,229.5805722,24.52790008,24.82012218,7.517099912,228.8334002,229.7282976,231.562056,24.22209506,24.18177697,11.42991971
3223,48,48,48,1,1,1,1,0,1,1,0,1,1,1,1,229.1711406,229.3183589,230.4380801,6.087412885,9.845054944,7.277429841,229.8586126,228.2849705,231.8987068,3.50519911,8.843577188,9.773166471
3224,48,48,48,1,1,1,1,0,1,1,1,0,1,1,1,230.0478523,232.0533587,226.6619617,55.09629237,25.76624321,52.5541208,235.4252491,227.1516334,228.6709793,55.3140917,22.28793351,53.73473108
3225,48,48,48,1,1,1,1,0,1,1,1,1,0,1,1,228.2632889,231.7100698,229.1851407,10.55603001,11.54987299,3.41621139,229.9890498,230.8696269,229.3028203,11.25767727,9.45687374,6.275489847
3226,48,48,48,1,1,1,1,0,1,1,1,1,1,0,1,368.0382702,299.5414772,244.9025111,17.52697563,19.33105767,12.69950047,369.1772235,301.6194131,248.9088683,15.25016191,19.1654211,14.31159317
3227,48,48,48,1,1,1,1,0,1,1,1,1,1,1,0,224.9050391,232.7561417,231.3390753,29.12941163,24.82446476,5.722786817,225.2349578,233.1348664,231.7284178,29.06921692,24.80196009,5.714289788
3228,48,48,48,1,1,1,1,1,0,1,1,1,1,1,1,227.9268057,231.1050812,229.891883,6.72234085,7.732001163,3.535509788,229.5856308,230.4795443,229.923113,7.898605863,4.495034061,5.870667657
3229,48,48,48,1,1,1,1,1,0,0,1,1,1,1,1,229.1644212,229.3369154,230.4133952,6.073396149,9.711706854,7.128355834,229.8585773,228.301492,231.8881339,3.472151035,8.732207951,9.691866553
3230,48,48,48,1,1,1,1,1,0,1,0,1,1,1,1,228.3391446,234.4381042,227.2565915,48.90689969,50.05103101,19.14312382,227.4941175,230.3243453,232.3836138,47.62398147,49.60928574,22.69318762
3231,48,48,48,1,1,1,1,1,0,1,1,0,1,1,1,227.94162,231.4977862,229.4826148,8.108518626,9.108711291,3.489972507,229.7017072,230.7874158,229.5266805,9.153736044,6.377537319,6.073726571
3232,48,48,48,1,1,1,1,1,0,1,1,1,0,1,1,230.0685013,232.1223896,227.1311373,48.63322804,22.81643278,46.351247,234.5952557,227.875995,228.4001368,48.81836063,19.2402552,47.39747804
3233,48,48,48,1,1,1,1,1,0,1,1,1,1,0,1,224.9246174,232.7443932,231.3376737,29.07263226,24.76498254,5.722851373,225.250529,233.1196367,231.727043,29.01092369,24.74251368,5.714423904
3234,48,48,48,1,1,1,1,1,0,1,1,1,1,1,0,368.5203407,299.8691241,246.5781274,18.29448943,19.73293923,12.415274,369.5710868,301.9993395,249.92462,16.31010345,19.84807043,13.86144419
3235,64,64,32,1,1,1,1,1,1,1,1,1,1,1,1,221.888138,258.2470505,211.9904568,2.359145767,2.76602251,4.141237879,222.0790216,258.5711383,212.5139813,2.516002116,2.887724196,3.810968372
3236,64,64,32,1,1,1,1,1,1,0,1,1,1,1,1,221.9537832,257.943673,212.3910695,4.789802268,7.414796081,4.447232231,222.6203382,257.0341303,213.9423991,3.250948092,6.406241195,8.02952764
3237,64,64,32,1,1,1,1,1,1,1,0,1,1,1,1,221.9467805,257.9475579,212.3885659,4.780146822,7.403872225,4.419646292,222.6156109,257.0421025,213.9341017,3.260681744,6.389622066,8.007694102
3238,64,64,32,1,1,1,1,1,1,1,1,0,1,1,1,222.3923905,258.1371418,211.6213865,4.857745257,5.623826487,8.90029683,223.3665646,258.9507435,210.7686392,7.512826102,3.802644782,7.214523592
3239,64,64,32,1,1,1,1,1,1,1,1,1,0,1,1,222.3929306,258.1397163,211.62079,4.853902339,5.626524823,8.89628707,223.3668252,258.9551116,210.7661862,7.50950727,3.801125838,7.206617317
3240,64,64,32,1,1,1,1,1,1,1,1,1,1,0,1,221.3002687,258.8310867,211.9392122,8.361201002,5.104509776,7.166438559,220.0223773,260.2723469,212.6666368,7.228624654,8.122182781,3.562392711
3241,64,64,32,1,1,1,1,1,1,1,1,1,1,1,0,221.292933,258.8326117,211.9400116,8.368959141,5.138642632,7.174615449,220.0161461,260.2833788,212.6643183,7.249002707,8.154516683,3.557843383
3242,64,64,32,0,1,1,1,1,1,1,1,1,1,1,1,222.3167197,256.9777833,213.2239252,3.231907632,5.975863365,7.838172856,222.1281467,258.3937309,212.8084071,4.888796571,6.945999768,4.067096227
3243,64,64,32,0,1,1,1,1,1,0,1,1,1,1,1,217.3265939,411.9392417,271.944815,13.84855721,22.41989699,25.03576709,223.8360257,413.5985774,275.7372986,16.03696731,20.67856389,25.24107627
3244,64,64,32,0,1,1,1,1,1,1,0,1,1,1,1,224.2267654,254.4949526,214.4778378,4.918382764,23.82266578,20.17617068,224.4704435,254.7130316,215.0994545,4.920901719,23.77164572,20.16525722
3245,64,64,32,0,1,1,1,1,1,1,1,0,1,1,1,220.7697446,257.3434002,215.3501338,15.45451828,39.43158207,40.40822516,224.3774144,257.1102297,212.6621139,18.39420902,38.37328689,40.05820173
3246,64,64,32,0,1,1,1,1,1,1,1,1,0,1,1,222.5744214,258.0146283,211.5952998,6.047258371,5.738505827,9.547809756,223.6088105,258.804907,210.7244443,8.3954702,3.791486118,8.045700365
3247,64,64,32,0,1,1,1,1,1,1,1,1,1,0,1,221.0978905,258.3671101,212.6980176,13.69840061,11.63098221,8.130478145,219.5931343,259.7268746,212.8852015,12.9567217,12.9999085,3.108133029
3248,64,64,32,0,1,1,1,1,1,1,1,1,1,1,0,221.4393892,257.2966355,213.8600495,3.227952768,8.525188172,10.29186547,221.2530856,258.8412495,213.1645379,5.279004893,9.098478436,7.234145359
3249,64,64,32,1,0,1,1,1,1,1,1,1,1,1,1,222.308836,256.9841753,213.2218172,3.229656282,5.969552395,7.842300932,222.1202606,258.4035984,212.8053044,4.896548191,6.941450708,4.068146884
3250,64,64,32,1,0,1,1,1,1,0,1,1,1,1,1,224.2192558,254.5055795,214.4713825,4.917310988,23.79453067,20.14931616,224.4641137,254.7218654,215.0895417,4.920581953,23.74629654,20.13761239
3251,64,64,32,1,0,1,1,1,1,1,0,1,1,1,1,216.8664825,411.6673062,271.8051003,14.63417041,22.51907556,25.27330695,223.4821387,413.4337271,275.6149845,16.80912735,20.91767788,25.53298254
3252,64,64,32,1,0,1,1,1,1,1,1,0,1,1,1,222.5538728,258.0297495,211.5998868,5.631828766,5.722724017,9.34743119,223.5694951,258.8367749,210.7029857,8.103770994,3.795294805,7.740423507
3253,64,64,32,1,0,1,1,1,1,1,1,1,0,1,1,219.7820402,257.5380237,216.4928044,20.38517251,49.7649493,51.01147373,224.4805728,256.4253195,212.770376,23.21392334,48.53969654,50.67419372
3254,64,64,32,1,0,1,1,1,1,1,1,1,1,0,1,220.7834486,258.0160428,213.4148466,3.424078207,14.37773169,15.54079921,220.7906633,259.8507693,212.6699651,6.205279281,14.82875533,13.65942201
3255,64,64,32,1,0,1,1,1,1,1,1,1,1,1,0,219.3130713,258.9372538,214.1715155,45.58845334,46.95678323,21.24479549,220.0689469,263.2546636,210.1738857,46.34389895,47.21901238,16.62056748
3256,64,64,32,1,1,0,1,1,1,1,1,1,1,1,1,223.1988032,258.6212075,210.1981736,7.406126649,3.748957436,7.222948479,222.6515985,258.3945052,212.1360207,4.818283276,5.599491977,8.723426939
3257,64,64,32,1,1,0,1,1,1,0,1,1,1,1,1,224.1982066,256.9963557,211.8871746,14.85845421,31.633389,32.78984684,221.9454446,257.0921172,215.148873,11.84228062,32.42643868,33.07189371
3258,64,64,32,1,1,0,1,1,1,1,0,1,1,1,1,223.4624601,258.4632577,210.1290464,8.234857822,3.751464863,7.961245967,222.862398,258.2419245,212.1188148,5.890386997,5.726712179,9.357573337
3259,64,64,32,1,1,0,1,1,1,1,1,0,1,1,1,319.9671342,296.1836084,321.0854844,18.39038832,12.07511564,17.39467888,320.9553641,299.127998,322.4446242,18.22092323,13.33672184,15.74935781
3260,64,64,32,1,1,0,1,1,1,1,1,1,0,1,1,224.6871725,260.0006953,206.9749149,28.50201999,5.821075833,32.90611691,224.8831062,260.2871537,207.5433664,28.46512352,5.805152751,32.82040763
3261,64,64,32,1,1,0,1,1,1,1,1,1,1,0,1,227.9261014,255.1709473,210.7589351,55.38110371,22.7709587,53.68418605,222.5630506,260.7178781,209.3400455,54.87618459,25.79457959,51.88728464
3262,64,64,32,1,1,0,1,1,1,1,1,1,1,1,0,221.4255367,259.1730099,211.4258924,11.65164908,9.846703295,7.462737165,220.1480431,260.7138004,212.0287667,10.92225983,11.71547349,3.478627561
3263,64,64,32,1,1,1,0,1,1,1,1,1,1,1,1,223.1926075,258.6243927,210.2041204,7.418268727,3.751839034,7.251825174,222.6495225,258.3975395,212.1394412,4.847817085,5.59526518,8.747727858
3264,64,64,32,1,1,1,0,1,1,0,1,1,1,1,1,223.5038078,258.4320481,210.1534584,8.526672049,3.749476845,8.251984024,222.8847472,258.2239017,212.1214429,6.287010819,5.740899596,9.556028558
3265,64,64,32,1,1,1,0,1,1,1,0,1,1,1,1,224.6597314,255.865403,212.1176763,23.39952689,49.13578863,51.31964763,220.3923354,257.470926,217.1135486,20.54167277,50.21114743,51.42072678
3266,64,64,32,1,1,1,0,1,1,1,1,0,1,1,1,224.6569959,260.0027857,206.9712258,28.36157532,5.813966246,32.76697681,224.8629155,260.2874126,207.5500524,28.32788684,5.796355846,32.68758457
3267,64,64,32,1,1,1,0,1,1,1,1,1,0,1,1,319.6395735,294.8893139,320.2498626,18.25877791,9.631298281,17.73143883,321.1180081,298.5978199,322.1648511,17.76859167,11.89691738,15.58607055
3268,64,64,32,1,1,1,0,1,1,1,1,1,1,0,1,221.6635255,259.1621826,211.2803429,13.30342397,11.88204858,7.646713751,220.3512609,260.8175333,211.839991,12.67988551,13.54286385,3.341034686
3269,64,64,32,1,1,1,0,1,1,1,1,1,1,1,0,226.6756651,256.1024454,210.4442976,47.23553615,18.846379,45.83222873,222.451818,260.7881945,209.9829248,46.7818687,21.98728028,44.26984592
3270,64,64,32,1,1,1,1,0,1,1,1,1,1,1,1,219.7435309,260.0332422,212.0767152,7.288787661,8.167251108,3.675834945,221.4027108,259.1493882,212.5215217,8.367145208,5.268955681,7.128587094
3271,64,64,32,1,1,1,1,0,1,0,1,1,1,1,1,219.7257034,260.0415714,212.1084758,7.581580055,8.466760513,3.520209665,221.3968781,259.0870695,212.61056,8.562496184,5.652112956,7.220901253
3272,64,64,32,1,1,1,1,0,1,1,0,1,1,1,1,221.0249565,258.5398063,212.7242487,5.271745883,11.28420884,9.811287447,221.6350075,257.4990399,214.4632854,3.276870145,10.64279859,12.06907319
3273,64,64,32,1,1,1,1,0,1,1,1,0,1,1,1,222.15861,260.3530251,208.8921357,57.57082626,27.28633756,54.4334873,228.1062961,255.0271308,211.8135597,57.90919032,24.24222007,56.01238549
3274,64,64,32,1,1,1,1,0,1,1,1,1,0,1,1,220.1651387,260.5299986,211.2543523,12.42239002,13.25095425,3.409716573,221.8598643,259.421954,211.8481716,13.00845649,11.55443988,7.555361928
3275,64,64,32,1,1,1,1,0,1,1,1,1,1,0,1,379.1575702,312.3081629,221.9111476,18.87541979,20.08108642,11.73627894,380.1044605,315.4531702,226.8515492,16.89701085,20.64570815,13.94852603
3276,64,64,32,1,1,1,1,0,1,1,1,1,1,1,0,216.4004645,262.0210678,213.1778027,30.78378267,26.11302827,6.58359277,216.5731497,262.2865091,213.7987854,30.73508555,26.10336927,6.569598208
3277,64,64,32,1,1,1,1,1,0,1,1,1,1,1,1,219.7475434,260.0297994,212.0806724,7.264992918,8.156098487,3.68162963,221.4064593,259.1422421,212.523119,8.343324195,5.240278224,7.126756454
3278,64,64,32,1,1,1,1,1,0,0,1,1,1,1,1,221.2408686,258.311082,212.6790382,5.083935525,9.23078395,7.128763705,221.9048179,257.2905576,214.4487089,3.210682425,8.519904184,10.1076816
3279,64,64,32,1,1,1,1,1,0,1,0,1,1,1,1,219.9459653,262.9368315,209.4970226,49.6433283,50.74678242,18.61116999,219.3492388,258.8897503,215.1531733,48.73907545,50.42241416,23.02253721
3280,64,64,32,1,1,1,1,1,0,1,1,0,1,1,1,219.8750983,260.4113239,211.4876449,10.19528849,10.95075663,3.569224269,221.5473315,259.4522959,212.0179207,10.95071053,8.960442497,7.338393885
3281,64,64,32,1,1,1,1,1,0,1,1,1,0,1,1,222.1935142,260.5144802,209.2202064,53.50348712,25.5567483,50.46358759,227.4899977,255.5715213,211.5939114,53.8036838,22.45911986,51.93728739
3282,64,64,32,1,1,1,1,1,0,1,1,1,1,0,1,216.3975648,262.0035089,213.1819314,30.73410701,26.06405598,6.581774685,216.577477,262.2783707,213.7995809,30.68948948,26.05672455,6.567822055
3283,64,64,32,1,1,1,1,1,0,1,1,1,1,1,0,380.8285663,315.7315315,227.6965833,15.26898977,18.48438785,12.67733271,380.5402367,313.3959118,224.1950242,16.73866174,17.71874448,9.803765811
3284,24,32,32,1,1,1,1,1,1,1,1,1,1,1,1,217.3769127,227.9467138,243.8667018,5.333659163,4.226473234,4.532128715,218.1718332,228.5394327,244.5710751,5.085403167,4.335680626,4.613054477
3285,24,32,32,1,1,1,1,1,1,0,1,1,1,1,1,217.1794178,227.4277465,244.5828148,9.146004669,10.59779745,6.53664665,217.9714741,226.4069955,246.8331988,4.03498294,9.520722062,10.77674913
3286,24,32,32,1,1,1,1,1,1,1,0,1,1,1,1,217.1817613,227.4317168,244.5797672,9.150100078,10.55656611,6.474744493,217.971602,226.4072882,246.8315886,4.02504713,9.467443738,10.74259476
3287,24,32,32,1,1,1,1,1,1,1,1,0,1,1,1,217.963319,227.8245352,243.5510543,6.124008238,7.622096152,9.888150346,220.2162857,228.6075718,242.8113771,10.58101257,3.868978139,9.04374793
3288,24,32,32,1,1,1,1,1,1,1,1,1,0,1,1,217.9626308,227.8225227,243.5506729,6.153386969,7.624102272,9.90588703,220.2173,228.6055561,242.8108144,10.59725406,3.869561454,9.06337534
3289,24,32,32,1,1,1,1,1,1,1,1,1,1,0,1,216.9988269,228.6359143,243.635791,10.87686519,6.186779564,8.214573182,216.2386912,230.5875738,244.4903351,9.578961843,10.40408311,4.131227645
3290,24,32,32,1,1,1,1,1,1,1,1,1,1,1,0,216.9993559,228.6305713,243.6373602,10.87370213,6.184248314,8.207015798,216.243812,230.5815015,244.4961427,9.581868109,10.40198592,4.145134278
3291,24,32,32,0,1,1,1,1,1,1,1,1,1,1,1,217.0612103,225.8859787,246.1326327,4.148962934,9.284188034,10.56646824,217.9901435,228.0087263,245.255342,9.079006521,10.17761962,6.457777571
3292,24,32,32,0,1,1,1,1,1,0,1,1,1,1,1,232.190373,372.9917883,304.6633713,11.52645434,20.87899059,21.35284141,237.6464278,374.6859803,308.1332834,14.89376795,17.95597938,22.01911722
3293,24,32,32,0,1,1,1,1,1,1,0,1,1,1,1,217.4295077,223.2825338,248.1549743,8.172698578,31.70709038,26.23947216,218.3249295,223.8130015,248.8363268,8.142938352,31.57046098,26.21606
3294,24,32,32,0,1,1,1,1,1,1,1,0,1,1,1,213.4102387,226.2059957,250.5693144,28.78990796,64.45079111,67.09235127,221.7242994,224.5027765,245.6031324,34.28314027,62.37708751,66.72054668
3295,24,32,32,0,1,1,1,1,1,1,1,1,0,1,1,218.2350382,226.9378822,244.148553,8.048739719,7.899558592,11.25084648,220.6977701,227.6886858,243.3446881,12.13269744,3.742014474,10.63968433
3296,24,32,32,0,1,1,1,1,1,1,1,1,1,0,1,213.4613978,228.7982374,246.7213216,63.6544814,68.01629285,34.40292474,217.4082821,236.0037076,240.1259302,65.86742806,68.32275684,29.45849906
3297,24,32,32,0,1,1,1,1,1,1,1,1,1,1,0,216.1595486,226.3130332,246.5859807,3.910673263,11.04318549,12.27121533,217.1505855,228.5268233,245.5463753,9.349253113,11.74712975,8.641357175
3298,24,32,32,1,0,1,1,1,1,1,1,1,1,1,1,217.0611715,225.8843298,246.1354123,4.145309018,9.28716856,10.55625165,217.9934502,228.0028881,245.2592042,9.074269144,10.18931936,6.45716
3299,24,32,32,1,0,1,1,1,1,0,1,1,1,1,1,217.4250262,223.2852041,248.1462701,8.171772058,31.74111982,26.27226945,218.3200748,223.822965,248.8414027,8.142839029,31.61302127,26.25628917
3300,24,32,32,1,0,1,1,1,1,1,0,1,1,1,1,231.3258238,372.9317118,304.6429677,14.71416997,20.49740121,22.15036029,236.7172264,374.4499574,307.6630922,17.50958649,17.94860806,22.83434735
3301,24,32,32,1,0,1,1,1,1,1,1,0,1,1,1,218.2205204,226.9890919,244.1276304,7.6818058,7.883173507,11.04756737,220.6016194,227.7347136,243.2683638,11.78545155,3.693245083,10.26948821
3302,24,32,32,1,0,1,1,1,1,1,1,1,0,1,1,213.1196237,226.1329685,250.8146704,30.02569322,67.07011148,69.76112033,221.6452572,224.1611933,245.4697864,35.42666928,64.94509983,69.34888367
3303,24,32,32,1,0,1,1,1,1,1,1,1,1,0,1,216.0651923,226.4046016,246.5623724,3.853672218,11.70035889,12.89922214,217.0798829,228.630392,245.5641148,9.425132869,12.42410719,9.602948346
3304,24,32,32,1,0,1,1,1,1,1,1,1,1,1,0,213.4353258,228.7919789,246.8536528,63.40848653,67.86979741,34.52321262,217.3506694,235.8831471,240.1090202,65.61560356,68.15468533,29.5388165
3305,24,32,32,1,1,0,1,1,1,1,1,1,1,1,1,219.256247,227.8803496,242.3758599,10.30048319,3.842049185,8.551534022,218.6637186,228.3973566,244.3568202,5.754491798,7.693557864,9.179953001
3306,24,32,32,1,1,0,1,1,1,0,1,1,1,1,1,220.143786,225.4399466,245.0148003,24.47221274,45.12041717,47.74952456,215.9720899,226.7331132,249.5127523,18.34311562,46.51862392,47.88651597
3307,24,32,32,1,1,0,1,1,1,1,0,1,1,1,1,219.7168199,226.498144,243.0828122,12.78292922,3.600568394,11.23224972,219.013518,227.0784202,245.2654647,9.264403156,8.144163882,11.8231294
3308,24,32,32,1,1,0,1,1,1,1,1,0,1,1,1,281.8451319,233.9877116,390.5207544,23.67533313,16.75861354,21.42435972,284.3608634,238.064549,391.9856868,24.02790109,18.24430106,19.55381299
3309,24,32,32,1,1,0,1,1,1,1,1,1,0,1,1,220.8902833,228.635487,240.2567982,23.25000687,7.085872654,28.06184002,221.7842218,229.3002078,240.8514668,23.24232253,7.07242572,27.94313106
3310,24,32,32,1,1,0,1,1,1,1,1,1,1,0,1,223.7794256,224.3125929,243.0688619,65.77720885,28.24569959,63.55531399,218.8617247,231.7816691,241.0197403,65.26697489,32.96549703,61.19740971
3311,24,32,32,1,1,0,1,1,1,1,1,1,1,1,0,217.1864495,228.8254097,243.313424,11.3870676,6.950585371,8.338186263,216.3726837,230.8388915,244.1513943,10.14111069,10.98944643,4.053060939
3312,24,32,32,1,1,1,0,1,1,1,1,1,1,1,1,219.2473157,227.8742276,242.3761444,10.27965474,3.840668531,8.537495944,218.6621931,228.3928004,244.3625531,5.753414675,7.695096164,9.180728745
3313,24,32,32,1,1,1,0,1,1,0,1,1,1,1,1,220.5119356,225.5757216,243.925391,14.48497893,3.89058999,12.9518144,219.6281201,226.1259407,245.8990354,11.23090203,8.150199896,13.16345303
3314,24,32,32,1,1,1,0,1,1,1,0,1,1,1,1,220.5263638,223.4215515,245.22268,35.68735968,65.41681338,69.82987753,213.7327774,226.6315777,251.9318919,30.04964204,67.15584881,69.84861715
3315,24,32,32,1,1,1,0,1,1,1,1,0,1,1,1,220.8892071,228.6332699,240.2748961,23.20314729,7.083995418,28.01592742,221.7635462,229.2972296,240.8531802,23.18306139,7.071399711,27.88390407
3316,24,32,32,1,1,1,0,1,1,1,1,1,0,1,1,280.9425201,231.993939,390.1485631,24.59693,13.32926381,23.03717272,284.7741722,238.5718691,392.2630188,24.89253875,16.91997594,20.07653368
3317,24,32,32,1,1,1,0,1,1,1,1,1,1,0,1,217.1967198,228.8371527,243.3064472,11.40462869,6.995953215,8.340034428,216.3896244,230.8608245,244.1445734,10.18180093,11.03080473,4.055126366
3318,24,32,32,1,1,1,0,1,1,1,1,1,1,1,0,223.4402604,224.685316,242.9582054,62.81399496,26.97959602,60.58183802,218.9525219,231.887416,241.2846965,62.38310456,31.76967399,58.31190645
3319,24,32,32,1,1,1,1,0,1,1,1,1,1,1,1,215.4960628,230.0113071,243.7259693,9.429560402,10.23005454,4.116353111,217.8080274,229.2808767,244.2794895,10.43163887,6.109647239,8.211254878
3320,24,32,32,1,1,1,1,0,1,0,1,1,1,1,1,216.393588,234.8290238,240.3063039,59.53202129,60.91360455,24.06699088,214.8742561,229.3052361,247.0704062,56.96606826,60.0600277,29.03507049
3321,24,32,32,1,1,1,1,0,1,1,0,1,1,1,1,216.5853117,227.8130142,244.7981174,9.375783704,11.78109863,8.227529201,217.3241866,226.6956325,247.1350838,3.829066539,10.80467749,12.02052088
3322,24,32,32,1,1,1,1,0,1,1,1,0,1,1,1,218.1049344,231.4886658,240.041184,66.41481333,33.5338681,62.23986089,224.8462227,225.2114677,243.4340439,66.43654702,28.66977715,64.19416033
3323,24,32,32,1,1,1,1,0,1,1,1,1,0,1,1,215.7448053,230.4332058,243.2019213,10.37565753,11.22495052,3.992839068,218.1234262,229.5903396,243.7840192,11.25389838,7.366926134,8.406798922
3324,24,32,32,1,1,1,1,0,1,1,1,1,1,0,1,340.8539207,310.4238801,268.7406163,19.11098059,19.6461426,13.36138102,342.47018,312.1362273,272.5645713,15.46884796,18.91979939,15.25907229
3325,24,32,32,1,1,1,1,0,1,1,1,1,1,1,0,212.9296553,231.9267015,244.2261272,33.8482344,28.35906554,7.570724775,213.7102031,232.559586,244.9372754,33.69382805,28.30993212,7.540619418
3326,24,32,32,1,1,1,1,1,0,1,1,1,1,1,1,215.5012841,230.0063211,243.7314592,9.409444871,10.20983591,4.11951864,217.8103645,229.274694,244.2840308,10.40871729,6.078977656,8.206597599
3327,24,32,32,1,1,1,1,1,0,0,1,1,1,1,1,216.5416947,227.7988739,244.8082249,9.367419586,11.69016602,8.150773368,217.287771,226.7119148,247.2194146,3.844989634,10.82136975,12.06078268
3328,24,32,32,1,1,1,1,1,0,1,0,1,1,1,1,216.2293797,235.3067483,239.5940752,64.65699585,67.17266321,29.03338528,214.1584179,229.476323,247.5772084,61.97068434,66.47150041,33.85439955
3329,24,32,32,1,1,1,1,1,0,1,1,0,1,1,1,215.7081902,230.3845771,243.2090941,10.28218733,11.12449711,4.004471516,218.1015327,229.5655369,243.7841677,11.21539738,7.250697746,8.388851685
3330,24,32,32,1,1,1,1,1,0,1,1,1,0,1,1,218.194666,231.5883034,240.2427045,64.4278188,32.75719564,60.21234542,224.591281,225.4885527,243.3623766,64.39523982,27.84955989,62.10861004
3331,24,32,32,1,1,1,1,1,0,1,1,1,1,0,1,212.939493,231.9299393,244.2290632,33.82731875,28.33846678,7.570242157,213.7215011,232.5640063,244.9380641,33.67499901,28.29081475,7.540061787
3332,24,32,32,1,1,1,1,1,0,1,1,1,1,1,0,341.780881,310.9211376,271.07978,18.89097096,19.35229328,12.54927057,343.3493507,312.2490362,273.0472315,16.64976654,19.11632821,13.84102048
3333,48,32,32,1,1,1,1,1,1,1,1,1,1,1,1,242.5638141,233.9679368,213.1311524,3.149048647,4.493579645,4.051856205,242.9850854,234.6069111,213.6522908,3.423285458,4.279928936,3.95551538
3334,48,32,32,1,1,1,1,1,1,0,1,1,1,1,1,242.4845722,233.6569903,213.6610913,6.178986271,9.290359611,5.148228869,243.278996,232.9055091,215.3074774,3.756798301,7.960110906,9.047308835
3335,48,32,32,1,1,1,1,1,1,1,0,1,1,1,1,242.4821002,233.6603516,213.6599354,6.176506301,9.275259688,5.126492167,243.2789851,232.9104642,215.3050799,3.763958123,7.943688764,9.035109294
3336,48,32,32,1,1,1,1,1,1,1,1,0,1,1,1,243.246595,233.7870902,212.6315,5.845100896,7.925425712,9.933412553,244.9042674,234.6037125,211.5949071,9.313504171,3.941991381,8.540253935
3337,48,32,32,1,1,1,1,1,1,1,1,1,0,1,1,243.2521832,233.7845819,212.6333933,5.842963215,7.926988652,9.93939517,244.9031852,234.599526,211.5897185,9.30052016,3.938948878,8.532566613
3338,48,32,32,1,1,1,1,1,1,1,1,1,1,0,1,242.1299707,234.5202045,213.0644392,8.809045273,5.50493015,7.162916353,241.1093153,236.4806155,213.7935465,7.86840374,9.45602735,3.599930092
3339,48,32,32,1,1,1,1,1,1,1,1,1,1,1,0,242.1181556,234.5246551,213.0761314,8.8330233,5.544281272,7.167340729,241.0981439,236.4869262,213.7998704,7.902846563,9.478838688,3.590691617
3340,48,32,32,0,1,1,1,1,1,1,1,1,1,1,1,242.8273825,232.4275162,214.650969,3.692976725,7.624504594,8.751696322,242.8722626,234.3689839,214.1433201,6.22085662,8.742488219,4.797355869
3341,48,32,32,0,1,1,1,1,1,0,1,1,1,1,1,263.0747075,363.433212,294.1094901,7.912596036,18.70059081,17.86736219,264.6956321,364.4019147,295.3336182,8.503992144,16.93178077,17.41767882
3342,48,32,32,0,1,1,1,1,1,1,0,1,1,1,1,244.1164152,229.8393909,216.227556,6.05318597,29.96681096,25.36727229,244.5290565,230.4231188,216.8240327,6.043803207,29.85946029,25.32506174
3343,48,32,32,0,1,1,1,1,1,1,1,0,1,1,1,239.7604825,233.1259316,218.7450563,23.59205282,53.9169639,55.82023961,245.7451502,231.8128951,214.2649878,27.27269382,51.84453069,55.27095004
3344,48,32,32,0,1,1,1,1,1,1,1,1,0,1,1,243.4660255,233.45991,212.7756435,7.94033923,8.049441678,11.20231145,245.2127287,234.2209934,211.7490529,10.80620327,3.841201085,10.09025568
3345,48,32,32,0,1,1,1,1,1,1,1,1,1,0,1,240.4867901,234.368766,215.4365755,37.5878515,38.88008178,18.60566171,240.5892457,237.9892971,212.5541725,38.36053067,39.09923951,13.67212152
3346,48,32,32,0,1,1,1,1,1,1,1,1,1,1,0,242.3397378,232.5508893,215.0974058,3.647395447,8.697498457,9.927958169,242.3849463,234.6005181,214.4512694,6.456554669,9.676306956,6.259009908
3347,48,32,32,1,0,1,1,1,1,1,1,1,1,1,1,242.8254301,232.4334531,214.6492816,3.695750463,7.584236566,8.71047976,242.8707013,234.3691894,214.1447748,6.211363083,8.705690546,4.737816683
3348,48,32,32,1,0,1,1,1,1,0,1,1,1,1,1,244.1305107,229.8423708,216.2045046,6.052279485,29.80558131,25.20364857,244.5434302,230.4266088,216.7970319,6.043356626,29.68926211,25.15765974
3349,48,32,32,1,0,1,1,1,1,1,0,1,1,1,1,259.7869311,363.1117288,293.6232924,13.8728714,18.90374824,20.53410866,263.0609851,364.6303121,295.1948174,15.20385771,16.73819475,19.98518443
3350,48,32,32,1,0,1,1,1,1,1,1,0,1,1,1,243.4291435,233.5688629,212.6856069,6.624470969,8.034849379,10.46039599,245.1337589,234.3648395,211.5952375,9.892026704,3.861572059,9.123441914
3351,48,32,32,1,0,1,1,1,1,1,1,1,0,1,1,239.2179045,233.1380923,219.3653532,25.83878315,58.64266001,60.67366394,245.6442977,231.3593858,214.2377403,29.44019973,56.47435207,60.07847116
3352,48,32,32,1,0,1,1,1,1,1,1,1,1,0,1,242.1422454,232.6962898,215.1451469,3.641394288,9.724528272,10.86165632,242.2309545,234.7365334,214.5215486,6.525561428,10.59870837,7.751103745
3353,48,32,32,1,0,1,1,1,1,1,1,1,1,1,0,239.5986709,234.6551192,216.042854,52.59189426,54.94059144,26.02058523,241.3773239,239.9604284,211.1106715,53.82141523,55.05610138,21.29544096
3354,48,32,32,1,1,0,1,1,1,1,1,1,1,1,1,244.6018237,233.8962022,211.0144108,9.230632044,4.001765652,8.544159229,243.7406166,234.4043392,213.1064659,5.934003912,7.867313046,9.777851114
3355,48,32,32,1,1,0,1,1,1,0,1,1,1,1,1,245.1622361,231.2816853,213.4080641,25.75055215,53.06715686,55.73952507,240.4523575,234.0073779,219.452714,22.04528743,54.8563343,56.14162054
3356,48,32,32,1,1,0,1,1,1,1,0,1,1,1,1,244.9106263,233.5588526,211.0693772,10.01667547,3.904991931,9.311201964,243.9660494,234.0935778,213.2130501,6.912489251,8.001838672,10.43299287
3357,48,32,32,1,1,0,1,1,1,1,1,0,1,1,1,317.515587,259.3482105,343.4629848,19.77918008,12.64314276,18.80982969,319.4370103,263.2716967,345.0065882,19.82466004,14.62511942,16.69013366
3358,48,32,32,1,1,0,1,1,1,1,1,1,0,1,1,246.669631,234.5544708,207.9701807,28.67517512,7.264025306,33.93226543,247.0569194,235.2333915,208.5060532,28.64721051,7.232897229,33.82542644
3359,48,32,32,1,1,0,1,1,1,1,1,1,1,0,1,249.4325178,229.9723459,211.4171891,64.57856748,27.22300591,62.20843041,243.7982376,237.4308865,209.6643718,64.11727169,31.72769923,60.30977882
3360,48,32,32,1,1,0,1,1,1,1,1,1,1,1,0,242.5038237,234.7642397,212.3864677,10.07222011,7.226328445,7.401519998,241.3795481,236.8658046,213.0809533,9.25835354,10.78297698,3.442915243
3361,48,32,32,1,1,1,0,1,1,1,1,1,1,1,1,244.6109385,233.8924103,211.0122455,9.259431482,4.006580638,8.570788755,243.7406088,234.4034737,213.103195,5.96108593,7.868843367,9.786928013
3362,48,32,32,1,1,1,0,1,1,0,1,1,1,1,1,244.973641,233.4760711,211.1659678,10.64244998,3.886857552,9.980589191,243.9953234,234.0275907,213.2665316,7.796398066,8.008508994,10.95090027
3363,48,32,32,1,1,1,0,1,1,1,0,1,1,1,1,245.5672377,230.6287507,213.5398299,30.61301947,58.43617519,62.20837243,239.6987971,233.8553495,219.9807805,26.95661555,60.27503541,62.44297625
3364,48,32,32,1,1,1,0,1,1,1,1,0,1,1,1,246.6831038,234.5557025,207.953014,28.7993355,7.263436371,34.05614424,247.07702,235.2353262,208.4929929,28.77585584,7.233480378,33.95467278
3365,48,32,32,1,1,1,0,1,1,1,1,1,0,1,1,319.113058,263.4822994,344.0067225,12.0376888,7.826444532,11.7295574,319.1091419,263.1445532,344.6046597,13.32169687,6.767602532,14.1332509
3366,48,32,32,1,1,1,0,1,1,1,1,1,1,0,1,242.8841942,234.8380668,212.2134825,11.93542699,9.804582735,7.5948281,241.7920107,237.0804711,212.8652288,11.35266424,12.71941407,3.349159104
3367,48,32,32,1,1,1,0,1,1,1,1,1,1,1,0,248.5762705,230.7831839,211.2429914,57.78948257,23.78360844,55.68439992,243.8531528,237.4963436,210.2770219,57.3962633,28.45698459,53.96761027
3368,48,32,32,1,1,1,1,0,1,1,1,1,1,1,1,240.8956403,235.7273478,213.1294665,7.480325216,9.241883493,3.646171334,242.6102646,235.0572387,213.5946078,8.33699117,5.241321382,7.185117468
3369,48,32,32,1,1,1,1,0,1,0,1,1,1,1,1,240.1764331,234.9736995,213.6016222,13.36863535,13.92099767,3.406525631,242.2154384,234.4636344,214.649978,14.02587289,12.10657942,8.483446773
3370,48,32,32,1,1,1,1,0,1,1,0,1,1,1,1,242.1636215,233.8256032,213.8637483,6.344223362,9.96551965,6.185824342,242.9499884,232.9887843,215.5835629,3.707912398,8.69672756,9.833305196
3371,48,32,32,1,1,1,1,0,1,1,1,0,1,1,1,243.5783767,236.4689419,209.1536317,65.06177879,32.2633312,61.24822146,249.9879008,230.2202626,212.2000397,65.27811214,27.59979195,62.84046404
3372,48,32,32,1,1,1,1,0,1,1,1,1,0,1,1,241.6589829,236.4784861,211.9898656,10.77168708,12.23049646,3.517479966,243.4220181,235.4709784,212.5237171,11.19218693,9.117483095,7.66637239
3373,48,32,32,1,1,1,1,0,1,1,1,1,1,0,1,400.0700532,287.5815629,214.9420097,21.72824558,23.30263274,12.48867855,401.578237,291.556907,221.1504986,19.48101814,24.05819478,15.53976754
3374,48,32,32,1,1,1,1,0,1,1,1,1,1,1,0,238.4312646,237.3661791,214.0734354,26.67508449,22.18424758,6.623904185,238.7408126,238.0268278,214.6940822,26.59182815,22.17171678,6.615209572
3375,48,32,32,1,1,1,1,1,0,1,1,1,1,1,1,240.897568,235.7331638,213.1269321,7.503952806,9.272174018,3.645867053,242.6117131,235.0517918,213.5927058,8.348785141,5.268536681,7.189616847
3376,48,32,32,1,1,1,1,1,0,0,1,1,1,1,1,242.151439,233.8151879,213.8678838,6.334263771,9.893384221,6.105885034,242.9451238,232.9929977,215.615926,3.714557113,8.673440483,9.826850113
3377,48,32,32,1,1,1,1,1,0,1,0,1,1,1,1,241.3260549,239.1902476,210.271058,55.55489024,57.01502381,22.61436375,240.1002558,235.0844845,216.6631336,54.08378716,56.6486339,27.16440262
3378,48,32,32,1,1,1,1,1,0,1,1,0,1,1,1,241.5341338,236.3560089,211.8803653,10.91485379,12.41939273,3.499850845,243.3120142,235.4670745,212.4134803,11.40527088,9.4662687,7.547210164
3379,48,32,32,1,1,1,1,1,0,1,1,1,0,1,1,243.6711495,236.604265,209.4527904,61.89102353,30.89161594,58.1478241,249.570205,230.6829532,212.0855324,62.06538222,26.15614066,59.65677895
3380,48,32,32,1,1,1,1,1,0,1,1,1,1,0,1,238.4223245,237.3668882,214.0711665,26.709817,22.21779022,6.624268865,238.737644,238.0394882,214.6947718,26.63224548,22.21128444,6.615542399
3381,48,32,32,1,1,1,1,1,0,1,1,1,1,1,0,400.7708625,289.0993769,219.0373131,18.71130499,20.48986219,14.04495393,401.8638693,291.8103947,222.8949745,16.86086026,21.10307619,15.82898675
3382,48,24,32,1,1,1,1,1,1,1,1,1,1,1,1,257.617718,221.5007484,212.4465547,3.306830118,5.533185324,4.00439277,258.1100367,222.3166933,212.9389734,3.671768529,5.078878696,3.994937085
3383,48,24,32,1,1,1,1,1,1,0,1,1,1,1,1,257.4605509,221.218702,213.0152179,6.588010667,10.28521312,5.519640283,258.3229112,220.5861912,214.6104185,4.009127167,8.767663044,9.494669671
3384,48,24,32,1,1,1,1,1,1,1,0,1,1,1,1,257.4635001,221.2224466,213.0093935,6.581969813,10.28557447,5.506692635,258.3260076,220.5909794,214.6010255,4.012566897,8.759862654,9.480883233
3385,48,24,32,1,1,1,1,1,1,1,1,0,1,1,1,258.4028927,221.2816744,211.8219549,6.560389468,9.385826328,10.73627534,260.3390593,222.0942781,210.6184976,10.16653675,4.07191195,9.335838078
3386,48,24,32,1,1,1,1,1,1,1,1,1,0,1,1,258.3972212,221.2872966,211.8274953,6.569163347,9.391477802,10.73556598,260.3357239,222.0961572,210.618753,10.17146499,4.070490431,9.334451871
3387,48,24,32,1,1,1,1,1,1,1,1,1,1,0,1,257.2687262,222.0034642,212.4166904,8.825346994,5.996386148,7.107964926,256.3709517,224.2459157,213.127716,8.164879095,10.12564298,3.578484271
3388,48,24,32,1,1,1,1,1,1,1,1,1,1,1,0,257.2656234,222.005674,212.4111823,8.837450961,6.020650254,7.111177195,256.3693791,224.2576398,213.1248167,8.189920644,10.15876449,3.582854449
3389,48,24,32,0,1,1,1,1,1,1,1,1,1,1,1,257.8562102,219.8657726,213.9717113,3.904098916,8.527581343,9.176771221,257.9085277,222.0909177,213.4892148,6.604864188,9.717258731,5.187337722
3390,48,24,32,0,1,1,1,1,1,0,1,1,1,1,1,285.2314173,336.7935939,306.5427419,22.77283712,22.79567805,26.85455044,285.6598549,337.8800505,307.1219327,22.35393564,20.23392109,25.41054683
3391,48,24,32,0,1,1,1,1,1,1,0,1,1,1,1,258.9632938,217.2008938,215.5518758,6.43084113,33.67337641,28.66743565,259.4024095,218.0198934,216.1382362,6.416808136,33.52600336,28.60387709
3392,48,24,32,0,1,1,1,1,1,1,1,0,1,1,1,254.1595564,220.7328728,218.9503933,26.32570909,57.99096619,60.28078714,260.8382709,219.0451473,213.6324585,30.10999542,55.32609268,59.5376049
3393,48,24,32,0,1,1,1,1,1,1,1,1,0,1,1,258.6333168,220.8473666,212.0462612,9.950751745,9.54504182,12.93592554,260.6781814,221.5751958,210.8829365,12.65857779,3.926140771,11.91942496
3394,48,24,32,0,1,1,1,1,1,1,1,1,1,0,1,255.6071258,221.7915508,215.0116398,37.90839283,39.36959579,18.98584213,255.8514269,225.6096692,212.1639957,38.80565379,39.48419276,13.95314608
3395,48,24,32,0,1,1,1,1,1,1,1,1,1,1,0,257.5153873,219.9383338,214.3222071,3.870098153,9.208811418,9.993277477,257.5665221,222.2549122,213.7476627,6.786851326,10.33296724,6.176229823
3396,48,24,32,1,0,1,1,1,1,1,1,1,1,1,1,257.8459993,219.8717128,213.9793972,3.903843966,8.505898144,9.157356845,257.8985262,222.095095,213.4953566,6.602395571,9.701922265,5.155336455
3397,48,24,32,1,0,1,1,1,1,0,1,1,1,1,1,258.9623231,217.2071235,215.5566771,6.433595273,33.68847987,28.68258935,259.3997515,218.0225362,216.1351815,6.416370928,33.53799925,28.61488886
3398,48,24,32,1,0,1,1,1,1,1,0,1,1,1,1,285.6841793,336.8594185,305.9356739,18.76630405,23.31707882,25.94133056,287.5249066,338.1970446,306.8472851,19.01395448,21.08245411,25.08827066
3399,48,24,32,1,0,1,1,1,1,1,1,0,1,1,1,258.5879145,220.9877797,211.9250545,7.457993844,9.509300203,11.35797869,260.5860515,221.7667201,210.6705308,10.85024587,3.958527847,10.03325406
3400,48,24,32,1,0,1,1,1,1,1,1,1,0,1,1,253.7226315,220.7414314,219.4357373,27.92712443,61.42717024,63.78921287,260.7068938,218.6730842,213.5869032,31.64691428,58.6788291,63.00288452
3401,48,24,32,1,0,1,1,1,1,1,1,1,1,0,1,257.5205175,219.9306441,214.3084289,3.867169014,9.247727694,10.02488559,257.5768381,222.2551938,213.7488473,6.799370227,10.40796765,6.267111876
3402,48,24,32,1,0,1,1,1,1,1,1,1,1,1,0,254.7233547,222.0748355,215.698213,53.24167327,55.75209348,26.59728378,256.700121,227.5459029,210.8013701,54.60721584,55.72577211,21.75357842
3403,48,24,32,1,1,0,1,1,1,1,1,1,1,1,1,260.0346147,221.1890819,209.9940083,10.12794019,4.255773564,9.457452231,258.978654,222.1293853,212.1918291,6.77860268,9.246199913,10.65245489
3404,48,24,32,1,1,0,1,1,1,0,1,1,1,1,1,260.4923573,218.1045878,212.7311838,32.17310183,60.44719885,64.68639552,254.2781626,222.1035586,219.8173914,28.39180784,62.74640858,65.09041178
3405,48,24,32,1,1,0,1,1,1,1,0,1,1,1,1,260.3393123,220.7644229,210.1184687,11.04045098,4.108555035,10.35898189,259.1858531,221.7367761,212.3677276,7.887276872,9.395136049,11.44030999
3406,48,24,32,1,1,0,1,1,1,1,1,0,1,1,1,323.5984562,245.07133,350.1730534,19.85619193,13.148526,19.23174209,326.1016547,249.7738841,351.6269842,20.33139197,15.62095038,16.76871899
3407,48,24,32,1,1,0,1,1,1,1,1,1,0,1,1,262.370938,221.5230325,206.8282721,29.7870865,8.328654007,35.54003262,262.7733806,222.4343983,207.3368484,29.75991323,8.283865198,35.41642534
3408,48,24,32,1,1,0,1,1,1,1,1,1,1,0,1,264.8727148,217.0575836,210.0937986,69.29330456,29.54809752,66.51136092,259.1102206,225.555369,208.321445,68.91175953,34.79098282,64.62451737
3409,48,24,32,1,1,0,1,1,1,1,1,1,1,1,0,258.0529103,222.2397576,211.271992,10.59898016,8.240499095,7.434521957,257.0231345,224.6789112,211.9419115,10.07254907,11.92109549,3.378238781
3410,48,24,32,1,1,1,0,1,1,1,1,1,1,1,1,260.0342023,221.1924744,209.9916595,10.1321882,4.251312476,9.456576791,258.9768431,222.1313164,212.1921161,6.783435451,9.252519489,10.65594512
3411,48,24,32,1,1,1,0,1,1,0,1,1,1,1,1,260.3709838,220.7240973,210.1723399,11.65380131,4.074223716,11.00185263,259.1882651,221.7141584,212.4019279,8.734221031,9.420467756,11.97153575
3412,48,24,32,1,1,1,0,1,1,1,0,1,1,1,1,260.5518289,217.9099167,212.7184363,33.38361979,61.64490349,66.17426974,254.0559053,222.033266,219.9025001,29.61033235,63.9541616,66.5430657
3413,48,24,32,1,1,1,0,1,1,1,1,0,1,1,1,262.3837598,221.5219109,206.8172842,29.94005583,8.32875823,35.69308495,262.7968285,222.4320736,207.3311843,29.91919205,8.285469771,35.57403655
3414,48,24,32,1,1,1,0,1,1,1,1,1,0,1,1,323.8881255,245.6082832,350.199023,19.47081445,12.45033634,18.99232384,326.2022217,250.0016433,351.5129133,19.68104042,14.47264826,16.029714
3415,48,24,32,1,1,1,0,1,1,1,1,1,1,0,1,258.4562549,222.3550136,211.1063392,11.99290047,10.0060212,7.671761967,257.4571458,224.9429633,211.7447065,11.63182125,13.26360803,3.366860033
3416,48,24,32,1,1,1,0,1,1,1,1,1,1,1,0,263.7550998,218.2223352,209.9446398,59.18159356,24.15570228,56.95577149,259.2112456,225.5239619,209.2722578,58.87446492,29.69769204,55.32556882
3417,48,24,32,1,1,1,1,0,1,1,1,1,1,1,1,256.2504885,223.1926234,212.4094954,7.595942703,9.885441765,3.595728954,257.9146299,222.6578155,212.885337,8.167768197,5.60823132,7.195000002
3418,48,24,32,1,1,1,1,0,1,0,1,1,1,1,1,255.2882492,222.4066676,212.9929447,14.94318009,15.70913933,3.9870485,257.3055175,222.0585183,214.1852109,15.35935963,14.01601005,9.118919273
3419,48,24,32,1,1,1,1,0,1,1,0,1,1,1,1,257.2746541,221.3088213,213.153944,6.691609887,10.73317055,6.124270219,258.1270019,220.637223,214.8185531,3.971136765,9.18665434,9.957669253
3420,48,24,32,1,1,1,1,0,1,1,1,0,1,1,1,259.1375908,224.090214,207.87054,68.95811039,34.85314748,64.76865005,265.6623734,217.3888222,210.8393355,69.08768377,29.35251225,66.31321731
3421,48,24,32,1,1,1,1,0,1,1,1,1,0,1,1,260.6658265,225.7478168,207.7286763,15.37535656,16.91081711,4.622109229,262.0221742,224.6807909,208.035005,15.22030301,14.35523489,7.99078899
3422,48,24,32,1,1,1,1,0,1,1,1,1,1,0,1,422.8082049,270.3978614,204.1145742,23.27343762,25.34399056,13.55041881,424.6790322,274.8386327,211.1280867,20.95671847,25.84627076,16.92243117
3423,48,24,32,1,1,1,1,0,1,1,1,1,1,1,0,254.2115425,224.6389446,213.3496575,24.57503018,20.35032561,6.606556162,254.5387749,225.5425232,213.9677185,24.48836371,20.35929552,6.601187554
3424,48,24,32,1,1,1,1,1,0,1,1,1,1,1,1,256.2631988,223.1880311,212.4034163,7.576750331,9.885360259,3.602883657,257.9269677,222.649104,212.874867,8.14539708,5.586988434,7.196741718
3425,48,24,32,1,1,1,1,1,0,0,1,1,1,1,1,257.277934,221.3039306,213.153522,6.669542925,10.62017768,6.056241626,258.1363441,220.6345306,214.7951401,3.98274937,9.161363381,9.917159407
3426,48,24,32,1,1,1,1,1,0,1,0,1,1,1,1,256.8159546,226.5259781,209.8054275,55.92455692,57.25079228,22.8423722,255.4551924,222.7972197,216.0946047,54.29725851,56.93442804,27.52222286
3427,48,24,32,1,1,1,1,1,0,1,1,0,1,1,1,257.4215723,223.5158558,210.3224332,12.34095243,13.95727577,3.382611705,259.411679,222.8709972,210.861176,12.9579628,11.13583682,7.846746913
3428,48,24,32,1,1,1,1,1,0,1,1,1,0,1,1,259.2737806,224.2321217,208.2151258,65.68000606,33.42360388,61.56961471,265.2985918,217.8605235,210.7669918,65.76691506,27.82260993,63.03266428
3429,48,24,32,1,1,1,1,1,0,1,1,1,1,0,1,254.2060586,224.6389395,213.3521445,24.58992587,20.36545784,6.605994721,254.5325551,225.5417318,213.9726138,24.50040979,20.37045882,6.600674699
3430,48,24,32,1,1,1,1,1,0,1,1,1,1,1,0,423.1162825,270.6232712,205.088932,22.91400625,25.23461853,14.29932641,424.8314096,274.9965164,211.8858797,20.62683956,25.93906613,17.38442377
3431,16,32,64,1,1,1,1,1,1,1,1,1,1,1,1,202.162848,210.8727516,290.0955835,7.470875988,4.085933884,2.780265117,203.2904987,211.2406336,290.6010776,6.420908249,3.937779891,3.586423338
3432,16,32,64,1,1,1,1,1,1,0,1,1,1,1,1,201.9010479,209.9424231,291.0983202,12.12389548,12.61266323,8.177391351,202.7082816,208.3012204,293.3216785,4.408817774,10.81479818,11.46341247
3433,16,32,64,1,1,1,1,1,1,1,0,1,1,1,1,201.9017896,209.952607,291.0897594,12.1193145,12.57491603,8.122841355,202.7099889,208.3134415,293.3148135,4.411583001,10.76815345,11.4246632
3434,16,32,64,1,1,1,1,1,1,1,1,0,1,1,1,202.5274944,210.9518261,289.9004415,7.42582106,7.022041507,8.406924558,205.2229802,211.6052045,289.1292471,11.10728411,3.496638713,8.38484567
3435,16,32,64,1,1,1,1,1,1,1,1,1,0,1,1,202.5292164,210.9446578,289.9089603,7.431761266,7.01799034,8.410367429,205.2211968,211.6010772,289.1358905,11.09636734,3.502135504,8.382849558
3436,16,32,64,1,1,1,1,1,1,1,1,1,1,0,1,201.9733361,211.3482848,289.8615053,11.82675378,6.009148012,6.333658369,201.6218865,212.5430743,290.8345074,9.795324556,9.738605226,4.370861626
3437,16,32,64,1,1,1,1,1,1,1,1,1,1,1,0,201.9719562,211.3522812,289.8587934,11.81804604,6.014703545,6.342500004,201.6207873,212.5556096,290.8310021,9.804655569,9.76260067,4.369460197
3438,16,32,64,0,1,1,1,1,1,1,1,1,1,1,1,201.5513942,207.3980046,293.2343372,4.890557186,11.63278388,11.82784906,203.2291551,209.9052264,291.7498493,11.80074119,13.07117206,9.001465257
3439,16,32,64,0,1,1,1,1,1,0,1,1,1,1,1,229.8525838,353.8942992,348.1569613,11.91491852,14.50471481,15.37909875,233.2982505,355.2578019,349.7404749,14.58796773,16.1139441,17.3185361
3440,16,32,64,0,1,1,1,1,1,1,0,1,1,1,1,201.549142,203.4086996,296.2870363,10.38095394,43.23986565,36.34625392,202.8669239,203.8896394,296.56022,10.29393606,43.08824531,36.32778744
3441,16,32,64,0,1,1,1,1,1,1,1,0,1,1,1,197.6751421,206.8995584,297.6240488,30.61892519,68.11609837,71.44582237,207.2885833,205.948824,292.2510778,36.98945029,66.46037715,71.27460377
3442,16,32,64,0,1,1,1,1,1,1,1,1,0,1,1,205.792237,203.2306864,297.8003175,18.86576977,8.215288906,18.86371857,209.1497828,204.3307316,297.4932753,20.90955444,4.974129691,19.13913164
3443,16,32,64,0,1,1,1,1,1,1,1,1,1,0,1,198.7171094,210.1795822,292.7801214,63.37787398,68.83324791,35.52170232,204.251758,218.3777107,285.6953465,66.55918677,69.52888517,32.24069824
3444,16,32,64,0,1,1,1,1,1,1,1,1,1,1,0,201.2198355,207.4997857,293.4136575,4.72382886,12.80430652,13.03929826,202.9403056,210.0353635,291.8408282,11.92382791,14.08699047,10.44721599
3445,16,32,64,1,0,1,1,1,1,1,1,1,1,1,1,201.5549851,207.4112714,293.2312109,4.895727257,11.6263548,11.80997673,203.2335598,209.911714,291.7427176,11.79291766,13.07521682,8.984093317
3446,16,32,64,1,0,1,1,1,1,0,1,1,1,1,1,201.5451429,203.4134001,296.2750009,10.37914432,43.20893162,36.3140604,202.8634654,203.8959686,296.5580474,10.29267295,43.06000745,36.29844465
3447,16,32,64,1,0,1,1,1,1,1,0,1,1,1,1,230.3535319,354.0688367,347.8371558,13.73739675,17.36466371,19.00027543,232.646631,355.1338327,348.7407291,15.57391897,18.5975249,20.00077282
3448,16,32,64,1,0,1,1,1,1,1,1,0,1,1,1,204.4313,204.2808782,295.9408799,15.5724061,8.010963821,15.76032932,207.6779582,205.1690807,295.3027916,17.97523337,4.246474267,15.92242997
3449,16,32,64,1,0,1,1,1,1,1,1,1,0,1,1,197.1058154,206.5998272,297.9759643,33.22421803,72.78905841,76.36733912,207.2028161,205.2238592,291.9563422,39.34800483,71.04083941,76.16356292
3450,16,32,64,1,0,1,1,1,1,1,1,1,1,0,1,201.2151454,207.5197214,293.4161795,4.745518655,12.97241585,13.19928274,202.9349538,210.0412545,291.8407679,11.90298868,14.29337299,10.66812328
3451,16,32,64,1,0,1,1,1,1,1,1,1,1,1,0,198.7342926,210.2072681,292.7919867,63.51510007,68.99974795,35.55996909,204.2828419,218.4217398,285.7109839,66.70210029,69.69465063,32.28064117
3452,16,32,64,1,1,0,1,1,1,1,1,1,1,1,1,203.6564869,210.7189941,289.3647648,10.97925008,3.56663612,7.652226712,203.4186926,211.1810836,290.7507063,6.992909241,7.181845383,7.629502874
3453,16,32,64,1,1,0,1,1,1,0,1,1,1,1,1,204.4285861,205.8859743,292.628848,34.64350668,66.67366036,70.31341216,198.1033278,208.0375145,299.0374497,27.91810772,68.00936777,70.45352339
3454,16,32,64,1,1,0,1,1,1,1,0,1,1,1,1,207.8816188,201.1732852,300.7995367,21.91141714,6.59967858,20.70698538,208.2418796,201.023534,302.5832067,20.76403983,9.579508932,20.76778827
3455,16,32,64,1,1,0,1,1,1,1,1,0,1,1,1,240.5294404,185.8957943,484.566458,29.53768269,17.52286595,23.30895811,237.5165784,179.0704282,483.7971242,28.03261315,14.05995348,25.06170697
3456,16,32,64,1,1,0,1,1,1,1,1,1,0,1,1,204.7120162,211.7237391,287.9467786,17.91541833,6.568943014,21.31353995,206.050008,212.3409738,288.1574428,18.00039597,6.562502011,21.24487224
3457,16,32,64,1,1,0,1,1,1,1,1,1,1,0,1,206.6561945,208.7413592,290.1172014,59.15948701,24.08419117,58.01025585,203.7144704,214.6352333,288.3179187,59.26138363,28.87013457,56.45404139
3458,16,32,64,1,1,0,1,1,1,1,1,1,1,1,0,201.9819469,211.3736621,289.8380513,11.86504354,6.093040127,6.35396081,201.6254882,212.5816187,290.8099717,9.860419454,9.823805043,4.367640651
3459,16,32,64,1,1,1,0,1,1,1,1,1,1,1,1,203.6528008,210.7224607,289.3615111,10.95914169,3.574784328,7.624104074,203.4184996,211.1819483,290.7463902,6.974726989,7.176876418,7.606692816
3460,16,32,64,1,1,1,0,1,1,0,1,1,1,1,1,206.6691523,201.3619589,300.1077309,23.36672701,7.838898877,21.95770463,206.5805042,201.3314877,302.2698133,21.1116473,10.93011269,21.94398639
3461,16,32,64,1,1,1,0,1,1,1,0,1,1,1,1,204.7106028,205.126442,292.7390207,39.3641776,70.96473209,75.90573223,197.2387585,207.6672298,299.2683877,32.79778247,72.34479392,75.92284635
3462,16,32,64,1,1,1,0,1,1,1,1,0,1,1,1,204.7222067,211.7334505,287.9399544,17.98099933,6.568136878,21.37184356,206.0591585,212.3515206,288.1519237,18.05167636,6.563064432,21.30421802
3463,16,32,64,1,1,1,0,1,1,1,1,1,0,1,1,240.6013207,185.6956189,484.1427001,29.56359932,17.37601453,23.42061301,237.6030629,178.9305912,483.4016227,28.1392584,13.94022474,25.20357523
3464,16,32,64,1,1,1,0,1,1,1,1,1,1,0,1,201.9850896,211.3784388,289.8364939,11.86330767,6.057296549,6.337278803,201.6242894,212.5638877,290.8026264,9.808392402,9.751882502,4.361305125
3465,16,32,64,1,1,1,0,1,1,1,1,1,1,1,0,206.1117901,209.2538849,289.8040965,52.94829415,21.23282599,51.8753486,203.7685917,214.5597128,288.7171686,53.14369504,26.1279723,50.44032661
3466,16,32,64,1,1,1,1,0,1,1,1,1,1,1,1,200.5143502,211.8273058,290.4869672,9.748252378,9.452358038,4.120426481,203.1993651,211.6334081,290.2648886,11.18755271,5.630241185,6.3541966
3467,16,32,64,1,1,1,1,0,1,0,1,1,1,1,1,201.7976005,218.0435682,286.0860779,60.09001715,62.14298451,27.26576828,199.7517451,211.491778,292.7261669,56.38022214,60.8942559,30.60208687
3468,16,32,64,1,1,1,1,0,1,1,0,1,1,1,1,201.6647188,209.9183462,291.2822783,12.25111426,13.88320931,10.02135837,202.4223845,208.256277,293.5679597,4.266665641,12.27354009,12.88576608
3469,16,32,64,1,1,1,1,0,1,1,1,0,1,1,1,202.4604357,214.6386476,287.1661518,58.36042219,28.1425535,55.45793748,208.1277156,210.0435983,289.33547,57.77720074,23.19061397,56.79855603
3470,16,32,64,1,1,1,1,0,1,1,1,1,0,1,1,200.5193797,211.9471981,290.3844311,9.898667553,9.690319881,4.133186499,203.2455954,211.7399305,290.1529543,11.3671046,5.905665346,6.409612932
3471,16,32,64,1,1,1,1,0,1,1,1,1,1,0,1,293.0660084,331.895415,332.2781925,18.73291042,17.33915416,10.40100759,295.1481879,332.770441,334.4656988,15.96914485,16.08625134,11.84795946
3472,16,32,64,1,1,1,1,0,1,1,1,1,1,1,0,197.8990147,212.659509,291.5231486,37.94250844,32.81282195,6.563240775,199.1476855,213.1991579,291.8463733,37.75263411,32.70867844,6.548503591
3473,16,32,64,1,1,1,1,1,0,1,1,1,1,1,1,200.5102113,211.8243353,290.4930417,9.754522755,9.459606058,4.123120824,203.1914051,211.6281821,290.2722608,11.18206375,5.631441677,6.352468516
3474,16,32,64,1,1,1,1,1,0,0,1,1,1,1,1,201.419343,209.9990116,291.4235473,12.27199629,16.61649399,13.94138392,202.092274,208.5134397,293.7096752,4.348803103,15.44109161,16.02074709
3475,16,32,64,1,1,1,1,1,0,1,0,1,1,1,1,201.7399862,218.1583885,285.8502693,61.36067127,63.78371492,28.67960869,199.5369849,211.5151222,292.897063,57.61527299,62.57770097,32.00209849
3476,16,32,64,1,1,1,1,1,0,1,1,0,1,1,1,200.5257761,211.949664,290.3907593,9.929348205,9.719257116,4.137165472,203.2448478,211.7350915,290.1589511,11.36703093,5.929210159,6.410968596
3477,16,32,64,1,1,1,1,1,0,1,1,1,0,1,1,202.4657503,214.2814383,287.9246776,48.0209684,23.20531662,45.56122396,207.1365923,210.7206355,289.0198518,47.44223123,18.0939052,46.73229959
3478,16,32,64,1,1,1,1,1,0,1,1,1,1,0,1,197.9021941,212.6554992,291.5275851,37.80790697,32.67441854,6.563140314,199.1389165,213.1730386,291.8524232,37.59920129,32.55725397,6.545078549
3479,16,32,64,1,1,1,1,1,0,1,1,1,1,1,0,293.6169519,332.3294409,334.3867354,19.32987337,19.11636593,13.37133595,295.439217,333.1531564,335.9090248,17.14413848,18.49801132,14.2276702
3480,16,64,32,1,1,1,1,1,1,1,1,1,1,1,1,173.7124499,250.1136101,276.9560231,6.246411819,2.448121682,5.329117729,174.6203567,250.3647981,277.7946126,5.720015047,3.069058206,5.069594232
3481,16,64,32,1,1,1,1,1,1,0,1,1,1,1,1,173.6234776,249.3045271,277.6212511,10.29541922,10.28731219,7.196697431,174.3134696,247.8122683,280.1934238,3.891056162,9.459819122,11.33593763
3482,16,64,32,1,1,1,1,1,1,1,0,1,1,1,1,173.6210976,249.3017914,277.6233511,10.29802498,10.2889114,7.189385079,174.3101702,247.8080127,280.2013057,3.884716274,9.454897583,11.33872236
3483,16,64,32,1,1,1,1,1,1,1,1,0,1,1,1,174.1136948,250.2210824,276.8791432,6.002399374,5.358226219,9.514405433,176.3591291,250.9946854,276.4279698,10.5344936,3.698415307,8.626924066
3484,16,64,32,1,1,1,1,1,1,1,1,1,0,1,1,174.1060974,250.2362048,276.8742915,6.015864613,5.358871306,9.518482523,176.3499166,251.0052833,276.4211706,10.52763426,3.693550932,8.632937311
3485,16,64,32,1,1,1,1,1,1,1,1,1,1,0,1,173.2775565,250.9164834,276.4879652,12.52828667,7.408968237,9.44155955,172.4361539,252.2787533,277.4615368,10.71625237,10.34344023,4.649753268
3486,16,64,32,1,1,1,1,1,1,1,1,1,1,1,0,173.2752243,250.9165357,276.4862489,12.54455811,7.451812328,9.444571514,172.4360704,252.2862363,277.4630855,10.75083931,10.38664015,4.654024441
3487,16,64,32,0,1,1,1,1,1,1,1,1,1,1,1,173.2669881,247.6194876,279.1163164,4.156618016,9.106512591,11.0985842,174.7079295,249.4655602,278.1619631,10.16577171,9.877974425,7.04747271
3488,16,64,32,0,1,1,1,1,1,0,1,1,1,1,1,179.8483381,437.479815,310.7133545,11.56131085,16.92427704,18.10169892,182.6107785,438.0090082,312.607868,11.38182689,14.82492152,17.32086367
3489,16,64,32,0,1,1,1,1,1,1,0,1,1,1,1,173.6649694,244.63232,281.0339554,8.918736745,30.33954364,25.00099906,174.8091561,244.7801268,281.8334057,8.903525095,30.26640325,25.01579548
3490,16,64,32,0,1,1,1,1,1,1,1,0,1,1,1,170.3467473,247.2281338,282.1887724,26.97695176,62.8954292,65.23367519,178.9352451,246.2344559,278.4549172,33.29961341,61.76401763,65.29672017
3491,16,64,32,0,1,1,1,1,1,1,1,1,0,1,1,174.400021,249.1304545,277.6112274,7.7964931,5.66141538,10.81465535,176.8819426,249.9138369,277.0812823,12.09859352,3.706117869,10.20443924
3492,16,64,32,0,1,1,1,1,1,1,1,1,1,0,1,169.2896647,250.8085476,278.4541697,68.4085591,74.03659465,38.5059837,174.7093248,258.8218324,270.9143651,70.98378923,74.47337501,33.42865433
3493,16,64,32,0,1,1,1,1,1,1,1,1,1,1,0,171.1864404,248.7916745,279.3450204,3.687735847,14.13097251,15.60405649,172.713297,250.7474915,278.1604185,10.65831671,14.70119288,12.76131786
3494,16,64,32,1,0,1,1,1,1,1,1,1,1,1,1,173.2663814,247.6142464,279.1208585,4.156825415,9.090809036,11.08400242,174.707457,249.458315,278.1638161,10.16233094,9.87305823,7.022606991
3495,16,64,32,1,0,1,1,1,1,0,1,1,1,1,1,173.6609537,244.6283542,281.0312771,8.918058226,30.39001511,25.04567355,174.8050564,244.7730864,281.8386878,8.903896927,30.31093465,25.06366415
3496,16,64,32,1,0,1,1,1,1,1,0,1,1,1,1,174.9757541,434.6011334,307.714923,18.52498958,20.52667005,24.48080886,175.598987,434.8691798,308.4203855,19.12395717,21.32797473,24.82234313
3497,16,64,32,1,0,1,1,1,1,1,1,0,1,1,1,174.3912649,249.1646265,277.6027066,7.488266573,5.646779967,10.65514432,176.8108669,249.9479419,277.0148929,11.82149395,3.654469865,9.873928377
3498,16,64,32,1,0,1,1,1,1,1,1,1,0,1,1,169.8954166,246.9642602,282.4862333,29.59152685,67.96128951,70.47730733,178.9956329,245.5350008,278.1810277,35.71551969,66.76677475,70.49094048
3499,16,64,32,1,0,1,1,1,1,1,1,1,1,0,1,171.0134005,249.215988,278.9463043,3.286893517,14.86903515,16.28184481,172.6881783,251.3387607,277.8198591,11.08023054,15.40609312,13.74445873
3500,16,64,32,1,0,1,1,1,1,1,1,1,1,1,0,169.4569795,250.8018159,278.5740475,67.09097578,72.35911185,37.33438465,174.672826,258.6358671,271.1361162,69.63428126,72.81236064,32.14391981
3501,16,64,32,1,1,0,1,1,1,1,1,1,1,1,1,174.9931072,250.6679672,276.0338352,10.0554616,3.582990983,7.903211552,174.8330376,250.4713398,277.92275,5.264973574,5.542013406,8.428903902
3502,16,64,32,1,1,0,1,1,1,0,1,1,1,1,1,173.6177344,249.3103869,277.6139584,10.2954936,10.3189101,7.250425776,174.3076431,247.8208142,280.1962089,3.888498392,9.50878838,11.38431707
3503,16,64,32,1,1,0,1,1,1,1,0,1,1,1,1,175.8044199,247.9892342,277.324463,14.99225598,3.795832041,13.17726395,175.4266647,247.8111092,279.6130594,11.88314537,6.491064543,13.71979926
3504,16,64,32,1,1,0,1,1,1,1,1,0,1,1,1,245.1644521,239.3834438,428.275308,25.19871754,19.97638546,21.88007805,247.91841,243.8905191,430.2278979,24.55594694,21.18486901,19.30070602
3505,16,64,32,1,1,0,1,1,1,1,1,1,0,1,1,176.1383907,252.607278,274.2803776,21.56191622,5.579044132,25.64163158,177.2733029,252.8837986,274.9617734,21.53146488,5.581321247,25.50640994
3506,16,64,32,1,1,0,1,1,1,1,1,1,1,0,1,179.2750396,247.6794817,277.2774891,60.01681061,26.23364926,58.35500226,175.0919626,253.401727,275.3139596,59.44240672,29.42922163,55.5819559
3507,16,64,32,1,1,0,1,1,1,1,1,1,1,1,0,173.2806845,250.9350831,276.4712613,12.55444443,7.455405061,9.444357278,172.438737,252.3032998,277.4488909,10.75438856,10.38539009,4.651663756
3508,16,64,32,1,1,1,0,1,1,1,1,1,1,1,1,174.9909189,250.6669222,276.0329696,10.04903829,3.581378646,7.897815263,174.8326099,250.4706438,277.9242063,5.263323475,5.540362457,8.428242905
3509,16,64,32,1,1,1,0,1,1,0,1,1,1,1,1,178.637588,245.1447377,280.576632,17.79315435,4.75223708,16.2185119,178.0262124,244.7795188,282.2667408,15.13990999,6.521449681,16.14300033
3510,16,64,32,1,1,1,0,1,1,1,0,1,1,1,1,177.164111,245.2052398,278.6762995,34.49979099,64.65828009,68.28731325,170.6876327,246.8014813,284.498901,28.02149736,65.65231461,67.95482114
3511,16,64,32,1,1,1,0,1,1,1,1,0,1,1,1,176.1328174,252.6033956,274.2868707,21.49568358,5.577857051,25.57459376,177.2693192,252.8769487,274.9678555,21.4684165,5.580281992,25.44263935
3512,16,64,32,1,1,1,0,1,1,1,1,1,0,1,1,243.5644106,234.3406105,426.0437506,32.01379475,20.05528374,27.4618676,247.6304262,242.5359713,428.8521508,30.79010073,22.49254619,24.14279886
3513,16,64,32,1,1,1,0,1,1,1,1,1,1,0,1,173.2789968,250.9324241,276.474957,12.56636574,7.444819406,9.449317872,172.4274127,252.2856896,277.4467528,10.73313757,10.36229541,4.643118315
3514,16,64,32,1,1,1,0,1,1,1,1,1,1,1,0,178.9590741,247.9810676,277.1181131,57.65874086,25.29120324,55.95758156,175.1299321,253.507112,275.4913581,57.16247976,28.51716835,53.27455705
3515,16,64,32,1,1,1,1,0,1,1,1,1,1,1,1,171.2757728,252.364911,276.465883,11.22074693,10.58495818,4.691347909,174.0847533,251.4602165,277.0912673,12.63514829,7.91045068,9.309618344
3516,16,64,32,1,1,1,1,0,1,0,1,1,1,1,1,172.2926808,258.8083209,272.0800847,64.58878242,66.74945868,27.77766972,170.2778493,251.6596946,279.896208,61.61481366,65.99069149,32.85713223
3517,16,64,32,1,1,1,1,0,1,1,0,1,1,1,1,172.1346003,250.3382641,277.6183676,10.84187817,14.49001565,12.55548448,172.6949896,248.7050504,280.3545581,3.356152139,13.87745427,15.41612045
3518,16,64,32,1,1,1,1,0,1,1,1,0,1,1,1,173.6265251,254.3699896,274.041844,62.15726515,30.64041438,58.10755597,180.3897197,248.9038573,277.59798,62.14421874,27.4104044,60.42897022
3519,16,64,32,1,1,1,1,0,1,1,1,1,0,1,1,171.2925086,252.4269879,276.401368,11.34075726,10.72651105,4.674242719,174.1188534,251.5191406,277.0310858,12.76034089,8.080899045,9.337963255
3520,16,64,32,1,1,1,1,0,1,1,1,1,1,0,1,265.807831,363.0215279,329.6675066,17.26143098,15.25391627,12.04381417,267.1578813,363.2302068,331.0747449,14.32609637,14.42184748,11.72255449
3521,16,64,32,1,1,1,1,0,1,1,1,1,1,1,0,168.1167866,254.4232579,276.0953359,44.29880632,38.02104035,8.644688302,169.2307901,254.5898267,276.8954106,44.10570733,37.96020703,8.558001992
3522,16,64,32,1,1,1,1,1,0,1,1,1,1,1,1,171.2830553,252.3669219,276.4639532,11.24806051,10.61218842,4.69760485,174.0868972,251.4606962,277.0884102,12.6475718,7.941479048,9.306048075
3523,16,64,32,1,1,1,1,1,0,0,1,1,1,1,1,171.5760297,250.4957219,277.8211619,10.71546982,13.13538154,11.00919667,172.2039506,248.9652052,280.7612167,3.677410717,12.71387687,14.4362713
3524,16,64,32,1,1,1,1,1,0,1,0,1,1,1,1,172.1918575,259.0895704,271.5313693,67.48360608,70.53299861,31.04543801,169.8184807,251.6916553,280.1472627,64.42560769,69.83492336,36.01343121
3525,16,64,32,1,1,1,1,1,0,1,1,0,1,1,1,171.3040933,252.4413946,276.4015317,11.34831146,10.73306592,4.684563756,174.1189493,251.5232902,277.0279787,12.73815225,8.076320588,9.330678948
3526,16,64,32,1,1,1,1,1,0,1,1,1,0,1,1,173.6887141,254.4763546,274.171967,60.86491497,30.26314554,56.68745282,180.1793153,249.0830207,277.525041,60.7913682,27.0142416,58.96261823
3527,16,64,32,1,1,1,1,1,0,1,1,1,1,0,1,168.1260577,254.4228138,276.0940794,44.20851104,37.93128906,8.648062359,169.2350395,254.581796,276.8921196,44.01049194,37.86839175,8.56166712
3528,16,64,32,1,1,1,1,1,0,1,1,1,1,1,0,265.9813493,362.6427672,329.1558305,20.93965949,20.81127082,15.82070999,267.354249,362.7912924,329.7845235,19.83304956,20.66278899,15.41268837
3529,96,32,48,1,1,1,1,1,1,1,1,1,1,1,1,261.6611097,225.917883,205.5893543,1.990281681,4.48072787,2.782523401,261.8725014,226.4869746,205.8361139,2.376801811,3.990697909,2.823940662
3530,96,32,48,1,1,1,1,1,1,0,1,1,1,1,1,261.6235223,225.626001,206.0124384,4.759075819,8.755913935,4.503866409,262.4151973,224.893646,206.9829402,3.695337524,6.945658621,7.426646375
3531,96,32,48,1,1,1,1,1,1,1,0,1,1,1,1,261.6225922,225.6292477,206.0120677,4.76559148,8.760913281,4.511438632,262.4139681,224.8911569,206.9824845,3.693618966,6.948498127,7.434764507
3532,96,32,48,1,1,1,1,1,1,1,1,0,1,1,1,262.3287771,225.8029071,204.9622804,5.663371626,7.682305684,9.032466532,263.6126126,226.5813557,203.6586374,8.128742735,3.776218831,7.67336939
3533,96,32,48,1,1,1,1,1,1,1,1,1,0,1,1,262.3229679,225.811263,204.9659421,5.653400932,7.685453042,9.028735098,263.6006299,226.5884417,203.6589221,8.109679141,3.774408564,7.662322582
3534,96,32,48,1,1,1,1,1,1,1,1,1,1,0,1,261.3084607,226.3103968,205.6563598,7.092568189,4.666528246,5.2109789,260.2745277,227.9819692,206.28949,6.359867402,8.198600928,3.158268059
3535,96,32,48,1,1,1,1,1,1,1,1,1,1,1,0,261.3062682,226.305202,205.6599409,7.081916572,4.65541972,5.21197217,260.2724608,227.9824396,206.2925084,6.353476653,8.200022345,3.154871036
3536,96,32,48,0,1,1,1,1,1,1,1,1,1,1,1,262.2618808,224.3679864,206.6012379,3.568480419,6.859869262,7.206396497,261.7899601,226.2561086,206.2369853,4.76422582,8.41895831,4.279890887
3537,96,32,48,0,1,1,1,1,1,0,1,1,1,1,1,298.2686218,332.8693369,308.3395244,8.01148916,17.11412244,16.67500424,299.9867229,334.1687851,309.1597176,8.970193377,15.50793119,15.88101683
3538,96,32,48,0,1,1,1,1,1,1,0,1,1,1,1,264.185629,221.3327414,207.6855566,5.265789991,31.13054129,27.05438688,264.3185478,221.9427367,208.0145693,5.263328508,31.04403648,27.01286804
3539,96,32,48,0,1,1,1,1,1,1,1,0,1,1,1,259.8135502,224.9165972,210.1233372,18.54775502,44.28325962,45.59445183,264.0331818,224.2972584,206.0788172,21.029988,42.51372352,45.02641194
3540,96,32,48,0,1,1,1,1,1,1,1,1,0,1,1,262.6593652,225.3936409,205.0503259,11.41081975,7.999633926,13.06275795,264.1110395,225.9966318,203.8158422,12.8321805,3.597897303,12.30512979
3541,96,32,48,0,1,1,1,1,1,1,1,1,1,0,1,261.2735535,226.0431552,205.98929,8.324453173,6.348133349,5.654752708,260.1162917,227.8902317,206.4781139,7.770326251,9.399263732,2.897799119
3542,96,32,48,0,1,1,1,1,1,1,1,1,1,1,0,262.09631,224.3087252,206.8845691,3.615352006,7.529150101,8.027632319,261.6053488,226.2690864,206.4543372,4.90484145,9.000045691,5.325523761
3543,96,32,48,1,0,1,1,1,1,1,1,1,1,1,1,262.2651083,224.3593749,206.6044138,3.572173412,6.888695422,7.241315825,261.7908174,226.2511939,206.2393229,4.767607828,8.446842743,4.32459637
3544,96,32,48,1,0,1,1,1,1,0,1,1,1,1,1,264.1905733,221.336916,207.6908853,5.263826914,31.20240136,27.1257863,264.321089,221.9382959,208.0075785,5.259835335,31.11697142,27.08157295
3545,96,32,48,1,0,1,1,1,1,1,0,1,1,1,1,295.8176533,332.6577584,308.283905,13.21194426,18.20425329,19.87568873,298.7494685,334.0462589,309.2897739,14.2319981,16.08121688,19.26528404
3546,96,32,48,1,0,1,1,1,1,1,1,0,1,1,1,262.6892971,225.5109888,204.8880727,9.604786193,7.888489736,11.71022704,264.0183241,226.1615814,203.63162,11.18825137,3.726275779,10.78481509
3547,96,32,48,1,0,1,1,1,1,1,1,1,0,1,1,258.9414345,225.0020524,211.2591861,22.27874708,51.80738365,53.39729455,263.9564918,223.6470854,206.1849322,24.67773466,49.86056771,52.80136032
3548,96,32,48,1,0,1,1,1,1,1,1,1,1,0,1,262.1133621,224.3369095,206.8602165,3.609685119,7.344376988,7.875345969,261.6105948,226.3026061,206.4135903,4.882314377,8.950909318,5.084457465
3549,96,32,48,1,0,1,1,1,1,1,1,1,1,1,0,260.468285,225.830528,207.5815022,31.0972758,31.54595761,13.46071797,260.4012474,229.0760073,205.5182884,31.67700006,31.96489864,9.863241322
3550,96,32,48,1,1,0,1,1,1,1,1,1,1,1,1,263.6505804,225.9597571,203.1816598,8.28598885,3.933969299,7.97686866,262.6495889,226.4252527,205.0455554,6.014327764,7.58283821,9.233562017
3551,96,32,48,1,1,0,1,1,1,0,1,1,1,1,1,263.876334,223.4783882,205.5427053,23.94392777,50.16377102,52.80627568,259.3189535,226.1494508,211.236149,21.54664049,51.84897223,53.24011657
3552,96,32,48,1,1,0,1,1,1,1,0,1,1,1,1,263.9516841,225.6176687,203.1931159,10.36985954,3.863154307,10.09113328,262.9148219,226.1627624,205.0241707,8.688717847,7.693908405,11.03966576
3553,96,32,48,1,1,0,1,1,1,1,1,0,1,1,1,326.819813,248.7090974,347.3367821,18.27362759,10.34538238,17.76808007,329.3018954,253.0318948,348.3888707,18.68383552,12.64722046,15.59986944
3554,96,32,48,1,1,0,1,1,1,1,1,1,0,1,1,265.9107519,226.8834589,199.4769421,30.09334287,7.028826581,35.13494447,266.0007755,227.5429404,199.769354,30.08153261,6.993990511,35.07170024
3555,96,32,48,1,1,0,1,1,1,1,1,1,1,0,1,267.754478,222.4120386,203.3430679,60.16695858,24.21626847,58.16327699,262.4323788,229.187959,202.0598183,59.90444996,28.45616452,57.00368479
3556,96,32,48,1,1,0,1,1,1,1,1,1,1,1,0,261.7048529,226.5843842,204.8879021,8.674945377,6.730411728,5.535595825,260.5112301,228.4849505,205.5172527,8.081918351,9.927325655,3.061811116
3557,96,32,48,1,1,1,0,1,1,1,1,1,1,1,1,263.6587482,225.9561396,203.1737015,8.317125963,3.928262411,7.998340753,262.6534931,226.4227203,205.0442501,6.051073703,7.593984768,9.256397089
3558,96,32,48,1,1,1,0,1,1,0,1,1,1,1,1,264.0221727,225.489329,203.3317461,11.64003585,3.822489521,11.28980958,262.9226625,226.0763072,205.1166859,10.15296691,7.748111626,12.07278126
3559,96,32,48,1,1,1,0,1,1,1,0,1,1,1,1,264.0636692,223.1028797,205.5994579,26.76690207,53.39997103,56.62940485,258.8387156,226.0781561,211.5911758,24.38620458,55.11572731,56.99610152
3560,96,32,48,1,1,1,0,1,1,1,1,0,1,1,1,265.903825,226.8774097,199.4706276,30.0820979,7.027637293,35.1239174,266.0084621,227.5368831,199.7687846,30.0744777,6.994925606,35.06457008
3561,96,32,48,1,1,1,0,1,1,1,1,1,0,1,1,329.1286682,252.6468726,348.4486812,18.55270863,12.86068452,15.840116,326.8777844,249.484287,348.2366168,18.13284568,9.756584564,17.67681033
3562,96,32,48,1,1,1,0,1,1,1,1,1,1,0,1,262.6132635,226.5601258,204.3725419,12.78967002,11.44049921,6.091439021,261.3818818,228.6722946,204.9373247,12.41694849,13.6182368,3.213675299
3563,96,32,48,1,1,1,0,1,1,1,1,1,1,1,0,265.6397538,224.1878666,202.9734188,41.96476761,14.91800248,40.94146164,262.3443513,228.8348797,203.4397548,41.70992846,19.60888143,40.1593693
3564,96,32,48,1,1,1,1,0,1,1,1,1,1,1,1,260.3872603,227.2102262,205.8495345,5.902067107,8.106685682,3.169554989,261.661491,226.7388057,205.8768497,6.650471867,4.320251155,5.334620238
3565,96,32,48,1,1,1,1,0,1,0,1,1,1,1,1,259.7263301,226.5803872,206.2516409,15.87645613,16.46173304,4.301630754,261.2731171,226.0156313,207.1239172,16.08575652,15.26338742,7.843346362
3566,96,32,48,1,1,1,1,0,1,1,0,1,1,1,1,259.5500535,229.2161505,205.7790242,11.05201792,27.05430747,24.40239879,259.5580179,227.7444264,208.3187266,8.894901536,26.95499593,25.78069849
3567,96,32,48,1,1,1,1,0,1,1,1,0,1,1,1,262.6992141,228.0132407,201.8783181,59.15161242,28.08699433,56.40709255,268.1639097,222.6142837,203.8022107,59.34913921,23.65926738,57.40236509
3568,96,32,48,1,1,1,1,0,1,1,1,1,0,1,1,264.785928,229.3760792,200.9684224,16.52148159,17.47927448,4.451133171,266.0004429,228.4350561,200.84529,16.60746868,15.68239634,6.533880837
3569,96,32,48,1,1,1,1,0,1,1,1,1,1,0,1,435.2175493,271.465304,190.4267864,22.6189214,25.05855521,13.5262252,436.5519949,276.0852157,197.4455927,21.1771246,25.89165879,15.85136955
3570,96,32,48,1,1,1,1,0,1,1,1,1,1,1,0,258.0105663,228.4524724,207.4935514,21.75653038,18.25037387,5.130170838,258.0754841,229.1118582,207.8466235,21.72423248,18.25490996,5.133974694
3571,96,32,48,1,1,1,1,1,0,1,1,1,1,1,1,260.3792452,227.2153632,205.8505378,5.916230861,8.118704257,3.169140574,261.6560188,226.7424943,205.8760739,6.665025035,4.334504109,5.336997964
3572,96,32,48,1,1,1,1,1,0,0,1,1,1,1,1,261.5179288,225.6446575,206.1295024,4.821130699,8.99915919,4.940943323,262.3191435,224.8744789,207.1331508,3.704445007,7.234983117,7.779192052
3573,96,32,48,1,1,1,1,1,0,1,0,1,1,1,1,260.7072799,229.0117875,204.4330193,38.88632802,39.43329468,13.63565012,260.502802,226.4729526,208.021017,38.12388844,39.04033181,17.10377532
3574,96,32,48,1,1,1,1,1,0,1,1,0,1,1,1,261.5986998,228.3326551,203.9183835,11.14179355,12.91624157,3.355052927,262.7881644,227.4847544,203.994538,11.29595955,10.48637547,5.811892583
3575,96,32,48,1,1,1,1,1,0,1,1,1,0,1,1,262.7311966,228.0644636,202.5725047,50.32105634,23.95723423,48.05723757,267.0976685,223.6249474,203.5364054,50.49676598,19.3374623,48.8939817
3576,96,32,48,1,1,1,1,1,0,1,1,1,1,0,1,258.0076508,228.4550713,207.4935756,21.79302523,18.28764776,5.131489269,258.0751627,229.115899,207.8439775,21.76214134,18.29172646,5.134035173
3577,96,32,48,1,1,1,1,1,0,1,1,1,1,1,0,436.5948289,275.7830541,198.4999992,19.18445031,23.14766799,13.91251322,435.6726151,273.1986521,193.2511529,20.44062828,22.32138485,11.61437619
3578,48,32,64,1,1,1,1,1,1,1,1,1,1,1,1,251.1392068,208.1854863,231.7538025,3.416569947,4.03082149,2.424574911,251.5792235,208.6926203,231.9836994,3.38762653,3.782640404,2.65708592
3579,48,32,64,1,1,1,1,1,1,0,1,1,1,1,1,251.0010284,207.7588893,232.3284471,6.445220235,9.198081355,5.198379004,251.8217056,206.8232223,233.475083,3.862590055,7.616186374,7.985295303
3580,48,32,64,1,1,1,1,1,1,1,0,1,1,1,1,251.0027017,207.7640719,232.3242509,6.438808075,9.174369766,5.151185939,251.824663,206.8291785,233.4674039,3.866681451,7.580802057,7.951496243
3581,48,32,64,1,1,1,1,1,1,1,1,0,1,1,1,251.6908417,208.1426562,231.2118987,5.083516974,7.018971592,8.297890909,253.3149172,208.8552145,230.004442,8.497963612,3.513120613,7.270468478
3582,48,32,64,1,1,1,1,1,1,1,1,1,0,1,1,251.6955046,208.1420512,231.2139979,5.084899327,7.016633272,8.300987485,253.3153233,208.8539931,230.0045912,8.490963849,3.514910795,7.270052011
3583,48,32,64,1,1,1,1,1,1,1,1,1,1,0,1,250.854503,208.6099533,231.7789979,7.964384332,4.516069456,4.993092187,250.0264611,210.1340204,232.4913141,6.76773496,8.179093438,3.417660722
3584,48,32,64,1,1,1,1,1,1,1,1,1,1,1,0,250.8544155,208.6123864,231.7771628,7.962039286,4.519943752,4.998874563,250.0249343,210.1428204,232.4885804,6.772187078,8.191753451,3.411987262
3585,48,32,64,0,1,1,1,1,1,1,1,1,1,1,1,251.3495908,206.2361355,233.3509006,3.867690195,7.720199266,7.986452374,251.3744305,208.227579,232.6629666,6.407401166,9.125535122,5.321689221
3586,48,32,64,0,1,1,1,1,1,0,1,1,1,1,1,286.9244732,323.657693,322.0988091,8.361466512,16.61440621,16.3688417,289.8415667,325.2217608,323.4694175,10.4611051,14.56710806,15.9778634
3587,48,32,64,0,1,1,1,1,1,1,0,1,1,1,1,252.4185824,202.9628607,235.12164,6.295494381,34.02927757,29.27527387,252.8448403,203.5277573,235.3457332,6.270431118,33.941206,29.24516213
3588,48,32,64,0,1,1,1,1,1,1,1,0,1,1,1,248.490589,206.7696502,237.2216263,20.89908682,49.83916508,51.55203345,254.0094596,205.8761155,232.6424039,24.59366178,48.19171684,51.11061285
3589,48,32,64,0,1,1,1,1,1,1,1,1,0,1,1,251.8268518,207.3959838,231.739877,9.919862387,7.488864432,11.92748072,253.8161513,208.0326536,230.4642198,12.33778568,3.344086079,11.3599989
3590,48,32,64,0,1,1,1,1,1,1,1,1,1,0,1,249.1522369,208.2385569,234.3516672,41.73235135,43.62765315,20.04558404,250.1033996,212.4252145,230.8390487,42.80523968,43.83543378,17.00486423
3591,48,32,64,0,1,1,1,1,1,1,1,1,1,1,0,251.1295492,206.2194924,233.6288164,3.82629629,8.618575264,8.925218776,251.1821463,208.233982,232.8830425,6.516430855,9.858520458,6.559835907
3592,48,32,64,1,0,1,1,1,1,1,1,1,1,1,1,251.3498674,206.2440526,233.3413772,3.865123606,7.676866576,7.947614698,251.3767738,208.2355008,232.6545268,6.406422383,9.09223147,5.268288939
3593,48,32,64,1,0,1,1,1,1,0,1,1,1,1,1,252.4106771,202.9639088,235.1464883,6.300181142,34.17626704,29.42560644,252.8384043,203.5136845,235.354519,6.275864637,34.08407978,29.39164805
3594,48,32,64,1,0,1,1,1,1,1,0,1,1,1,1,285.5175511,323.836001,322.0121459,9.772362398,16.92604474,17.07106618,289.0036862,325.4004745,323.4794063,11.82040441,14.48843167,16.73763285
3595,48,32,64,1,0,1,1,1,1,1,1,0,1,1,1,251.971766,207.6762208,231.3228586,6.954218393,7.245476497,9.60404758,253.7411355,208.351999,230.0276324,9.943231494,3.377202048,8.734952308
3596,48,32,64,1,0,1,1,1,1,1,1,1,0,1,1,247.6281516,206.7759513,238.2711044,24.71469754,57.25828233,59.28922381,253.950874,205.1522206,232.6605509,28.26336006,55.45832594,58.82006425
3597,48,32,64,1,0,1,1,1,1,1,1,1,1,0,1,251.1893687,206.1827735,233.576154,3.831389986,8.219895141,8.552859224,251.22021,208.2337634,232.8475218,6.51204928,9.588641918,6.029869339
3598,48,32,64,1,0,1,1,1,1,1,1,1,1,1,0,248.9344013,208.3052474,234.4873551,46.7313677,48.73769509,22.09798022,250.6098708,213.2012355,230.3383262,47.99943514,48.98126723,19.07147433
3599,48,32,64,1,1,0,1,1,1,1,1,1,1,1,1,252.8709922,208.2475741,229.8098043,8.41594132,3.605284768,7.107270121,252.0703697,208.6876325,231.4219047,5.029508616,7.005447932,8.102969314
3600,48,32,64,1,1,0,1,1,1,0,1,1,1,1,1,252.9547313,205.4953639,232.1793826,23.50159217,50.57295787,52.77208916,248.6439162,207.8838511,237.7296609,19.79363033,52.06220269,53.19933295
3601,48,32,64,1,1,0,1,1,1,1,0,1,1,1,1,253.2854,207.6181453,229.9153376,10.18465647,3.427669674,8.998614227,252.3629291,208.1138846,231.617519,7.417451881,7.242811375,9.798042779
3602,48,32,64,1,1,0,1,1,1,1,1,0,1,1,1,302.1160137,213.1278009,393.6829611,21.23298522,12.02650751,19.813813,305.675129,218.6749737,394.819103,22.01792689,14.51204658,17.94217596
3603,48,32,64,1,1,0,1,1,1,1,1,1,0,1,1,254.6827698,209.3355196,226.7971427,23.8462949,6.465925811,28.35360438,255.0985544,209.9422972,226.9721626,23.83527034,6.457267705,28.30214019
3604,48,32,64,1,1,0,1,1,1,1,1,1,1,0,1,256.3446424,205.1282264,229.9917889,57.91894596,23.13603241,56.18883568,251.8779583,211.5360393,228.797236,57.6480275,27.32442105,55.12173113
3605,48,32,64,1,1,0,1,1,1,1,1,1,1,1,0,251.0474325,208.8601205,231.363078,8.832653379,5.764243306,5.203145265,250.093018,210.5085142,232.0923386,7.706284874,9.205533417,3.399717521
3606,48,32,64,1,1,1,0,1,1,1,1,1,1,1,1,252.8770108,208.2497958,229.798463,8.451918477,3.59596972,7.160945618,252.0764112,208.6933488,231.4156868,5.099941349,7.012207615,8.151447776
3607,48,32,64,1,1,1,0,1,1,0,1,1,1,1,1,253.6335712,207.3201271,230.1014722,11.77575153,3.664781808,10.65628195,252.5191575,207.8058271,231.7274748,9.303070721,7.402490815,11.16330719
3608,48,32,64,1,1,1,0,1,1,1,0,1,1,1,1,253.3155488,204.7215758,232.3435268,29.3707668,57.32885247,60.77456967,247.5764202,207.7621615,238.47505,25.75634458,58.88463037,61.071318
3609,48,32,64,1,1,1,0,1,1,1,1,0,1,1,1,254.6680125,209.3354673,226.8035195,23.69925881,6.466077108,28.20512494,255.0866466,209.941829,226.981003,23.69040735,6.45700105,28.15512021
3610,48,32,64,1,1,1,0,1,1,1,1,1,0,1,1,305.5515141,218.0007104,393.8003758,21.56489866,14.57524764,17.75343288,302.9287039,213.7018714,393.2903623,20.65595902,11.72210843,19.30499317
3611,48,32,64,1,1,1,0,1,1,1,1,1,1,0,1,251.2149514,208.9387247,231.2240611,9.71519031,7.242513979,5.277921047,250.3016124,210.6388012,231.9162247,8.800700897,10.18719582,3.370301878
3612,48,32,64,1,1,1,0,1,1,1,1,1,1,1,0,255.4069995,206.0534168,229.724285,48.58374968,18.5563397,47.2041354,251.9736563,211.4460011,229.471186,48.35658042,22.94774125,46.30437849
3613,48,32,64,1,1,1,1,0,1,1,1,1,1,1,1,249.807079,209.456337,232.1934922,6.381547934,7.957078286,3.356892892,251.395667,209.0373852,232.0026642,7.467622477,4.147203148,5.087866042
3614,48,32,64,1,1,1,1,0,1,0,1,1,1,1,1,249.6736729,211.2940599,230.7811384,37.66160881,38.52909506,14.45890104,249.9422431,208.7258433,234.1391198,36.54476706,38.04845352,17.52472239
3615,48,32,64,1,1,1,1,0,1,1,0,1,1,1,1,250.872376,207.7457671,232.5011404,6.543715722,9.688275265,6.008873131,251.6806334,206.7673057,233.6849512,3.831845261,8.183802842,8.596243898
3616,48,32,64,1,1,1,1,0,1,1,1,0,1,1,1,251.8741711,210.7373737,228.4456511,56.4152797,26.59352185,54.02227441,257.0974233,205.7163938,229.9620268,56.52771488,22.25092742,54.94221314
3617,48,32,64,1,1,1,1,0,1,1,1,1,0,1,1,250.6247948,210.2560863,231.1831926,11.50153876,12.82513573,3.403677559,252.394353,209.3915128,231.0416873,12.02775268,10.3220038,5.866195611
3618,48,32,64,1,1,1,1,0,1,1,1,1,1,0,1,392.9926709,277.938148,237.2709236,20.24318081,22.29651334,12.84807965,394.7810308,280.7347365,242.2211604,18.32505023,21.92107307,14.87285901
3619,48,32,64,1,1,1,1,0,1,1,1,1,1,1,0,247.2482545,210.7795454,234.0429343,26.07011541,22.14858859,5.138282374,247.605326,211.3899334,234.2979958,26.00791755,22.12884852,5.138316371
3620,48,32,64,1,1,1,1,1,0,1,1,1,1,1,1,249.8186172,209.4513932,232.1847343,6.369819545,7.939514938,3.354258618,251.4002351,209.0335434,231.9963111,7.444767839,4.123845354,5.083960308
3621,48,32,64,1,1,1,1,1,0,0,1,1,1,1,1,250.8373322,207.74105,232.5350374,6.550934946,9.924143514,6.482634307,251.6264692,206.7932883,233.737531,3.830128344,8.532244195,8.926154793
3622,48,32,64,1,1,1,1,1,0,1,0,1,1,1,1,250.3742726,212.6273593,229.7960696,47.33357769,48.36760796,18.84564375,249.511664,208.9599353,234.3664493,45.87023706,47.87978472,21.84559449
3623,48,32,64,1,1,1,1,1,0,1,1,0,1,1,1,250.0781688,210.0700269,231.4373507,8.60400217,10.14854331,3.40299213,251.755289,209.4528028,231.2540921,9.354271821,7.075055479,5.40548869
3624,48,32,64,1,1,1,1,1,0,1,1,1,0,1,1,251.8697573,210.613966,229.2517611,45.72196167,21.57163229,43.90801688,255.9197495,206.7497001,229.704823,45.8333061,17.01941901,44.65224575
3625,48,32,64,1,1,1,1,1,0,1,1,1,1,0,1,247.2472111,210.7934833,234.0420903,26.13870441,22.21726362,5.137981409,247.5994076,211.3941232,234.2964851,26.07059508,22.19203647,5.138259157
3626,48,32,64,1,1,1,1,1,0,1,1,1,1,1,0,393.6397453,278.4552053,239.3406932,18.91114503,21.25793899,13.41713062,395.1513464,281.1344476,244.0511029,17.23054575,21.32435126,15.26338717
3627,32,32,48,1,1,1,1,1,1,1,1,1,1,1,1,233.9459936,213.1306827,242.5858313,4.487424952,4.042198438,3.166098123,234.5808449,213.6567264,243.0043722,4.285427638,3.963687293,3.406828273
3628,32,32,48,1,1,1,1,1,1,0,1,1,1,1,1,233.7741067,212.6277914,243.2669488,7.923250807,9.913821533,5.810211036,234.5896684,211.5857172,244.9151047,3.940426634,8.50768203,9.277797867
3629,32,32,48,1,1,1,1,1,1,1,0,1,1,1,1,233.7724069,212.6288079,243.2652534,7.922732091,9.937380675,5.832502016,234.5870627,211.5898732,244.9210214,3.93961968,8.530307177,9.294557466
3630,32,32,48,1,1,1,1,1,1,1,1,0,1,1,1,234.5021634,213.0619055,242.1503957,5.554309784,7.168796112,8.841817348,236.4675216,213.7897413,241.1278247,9.494422722,3.596001503,7.910406441
3631,32,32,48,1,1,1,1,1,1,1,1,1,0,1,1,234.5014469,213.0635867,242.1484727,5.523312495,7.16566652,8.821018396,236.4645952,213.7907901,241.1263387,9.471695454,3.59750605,7.8843435
3632,32,32,48,1,1,1,1,1,1,1,1,1,1,0,1,233.6460128,213.6608186,242.4988127,9.2995317,5.164608773,6.183647319,232.8923839,215.3099517,243.2941716,7.971865619,9.064189057,3.757425388
3633,32,32,48,1,1,1,1,1,1,1,1,1,1,1,0,233.6455109,213.6537432,242.5010335,9.25488521,5.105154368,6.176916327,232.8975446,215.3005517,243.2956691,7.930551783,9.026225628,3.760518287
3634,32,32,48,0,1,1,1,1,1,1,1,1,1,1,1,233.873696,211.0097047,244.6309023,4.001051208,8.557974002,9.241249678,234.3843956,213.0971594,243.7636689,7.865914828,9.773595238,5.943198018
3635,32,32,48,0,1,1,1,1,1,0,1,1,1,1,1,260.3349896,343.1259597,317.7929517,11.15228612,18.57444764,18.74797051,263.4432148,344.356657,319.4203796,12.53194346,15.94656723,18.41538243
3636,32,32,48,0,1,1,1,1,1,1,0,1,1,1,1,234.542531,207.964847,246.6946588,7.263378694,33.91817887,28.66174944,235.22228,208.4923073,247.0679196,7.232761643,33.80661954,28.62858359
3637,32,32,48,0,1,1,1,1,1,1,1,0,1,1,1,230.4825428,211.4660187,248.9097544,25.1414595,57.73883826,60.02792938,237.5322591,210.1588062,243.9420586,29.75747186,55.92832347,59.61074171
3638,32,32,48,0,1,1,1,1,1,1,1,1,0,1,1,234.7701776,212.2316143,242.6251702,8.354467567,7.508463986,10.84780278,237.0130248,212.9158452,241.5502892,11.68608112,3.511947483,10.26731201
3639,32,32,48,0,1,1,1,1,1,1,1,1,1,0,1,231.1374656,213.5115498,245.5160706,52.30660838,55.58795209,27.17038263,233.4777785,219.0314842,240.3755234,53.94816182,55.80407625,23.40843974
3640,32,32,48,0,1,1,1,1,1,1,1,1,1,1,0,233.4987357,211.0877855,244.9705758,3.895493517,9.564394003,10.26607122,234.0379006,213.2195194,244.0086782,8.010156005,10.60646014,7.252493221
3641,32,32,48,1,0,1,1,1,1,1,1,1,1,1,1,233.8812888,211.0087573,244.6276235,4.016295862,8.538408806,9.226043947,234.3860534,213.0976799,243.764394,7.858861859,9.773448983,5.922514694
3642,32,32,48,1,0,1,1,1,1,0,1,1,1,1,1,234.5422611,207.9658136,246.6875074,7.264414834,33.94946907,28.69238986,235.2218009,208.497968,247.0681509,7.233487299,33.83582438,28.65952712
3643,32,32,48,1,0,1,1,1,1,1,0,1,1,1,1,259.0742138,343.5055098,317.4335261,11.72635857,18.76931824,19.23008886,263.3074107,344.9217271,319.4763704,13.96844513,16.1955253,19.30070882
3644,32,32,48,1,0,1,1,1,1,1,1,0,1,1,1,234.7385229,212.3909139,242.5287478,7.245155916,7.416059729,10.09117234,236.824986,213.0822762,241.3915474,10.76980278,3.424334379,9.251474636
3645,32,32,48,1,0,1,1,1,1,1,1,1,0,1,1,229.9111975,211.4053949,249.5057325,27.56812923,62.58557766,65.03431166,237.4447461,209.6098858,243.8501263,32.05805867,60.67915189,64.57968863
3646,32,32,48,1,0,1,1,1,1,1,1,1,1,0,1,233.5327838,211.065868,244.9248042,3.907385979,9.338449987,10.03339237,234.066976,213.2152229,243.9996422,8.002856058,10.48263433,6.974107221
3647,32,32,48,1,0,1,1,1,1,1,1,1,1,1,0,230.9369538,213.5122244,245.5411327,55.27255703,58.51229946,28.29037785,233.8221795,219.5840333,240.0462389,57.06109581,58.7989721,24.5483389
3648,32,32,48,1,1,0,1,1,1,1,1,1,1,1,1,235.7132891,213.1246151,240.9165422,9.267347548,3.645630727,7.486138273,235.0329843,213.5905235,242.6365996,5.254298122,7.194252586,8.342951111
3649,32,32,48,1,1,0,1,1,1,0,1,1,1,1,1,235.0331633,212.3648095,242.7032371,9.748458642,15.48283024,13.95477786,234.94318,211.427348,244.4915792,4.132466155,15.24496906,15.31489975
3650,32,32,48,1,1,0,1,1,1,1,0,1,1,1,1,236.3692475,211.831025,241.6065695,12.49801592,3.510538984,10.97478153,235.4726586,212.3624013,243.370083,9.5363939,7.560654888,11.46756134
3651,32,32,48,1,1,0,1,1,1,1,1,0,1,1,1,288.4373931,217.1481522,400.2375884,21.02136526,10.17612096,20.08916765,291.8596343,222.4231136,401.7276082,21.32010765,13.33016676,17.84623621
3652,32,32,48,1,1,0,1,1,1,1,1,1,0,1,1,237.3633482,214.0766448,238.4271674,22.30203672,6.624381709,26.79300217,238.0323267,214.6975543,238.7400702,22.29130863,6.615050429,26.71307582
3653,32,32,48,1,1,0,1,1,1,1,1,1,1,0,1,239.5289699,209.9192987,241.3020428,61.01148423,25.16932105,59.13237275,235.0625612,216.7049573,239.743644,60.68727971,29.57691046,57.60405397
3654,32,32,48,1,1,0,1,1,1,1,1,1,1,1,0,233.7912097,213.8649094,242.1830461,9.883957611,6.053489873,6.326865629,232.9655647,215.59827,242.9757402,8.631137429,9.774116514,3.714697616
3655,32,32,48,1,1,1,0,1,1,1,1,1,1,1,1,235.7074536,213.1235621,240.9256665,9.255306469,3.641712315,7.488125177,235.0316935,213.5903606,242.6420233,5.257775725,7.191400632,8.344370576
3656,32,32,48,1,1,1,0,1,1,0,1,1,1,1,1,236.9968809,210.9682493,242.3190271,14.72495888,3.890690875,13.34292841,236.002001,211.4730295,243.918843,12.31311201,7.651621516,13.58038645
3657,32,32,48,1,1,1,0,1,1,1,0,1,1,1,1,236.475533,209.0905165,243.6370687,32.68558253,61.78036421,65.69252322,230.1452721,212.2001895,250.0745899,28.04303142,63.37778414,65.89942492
3658,32,32,48,1,1,1,0,1,1,1,1,0,1,1,1,237.3503149,214.0707418,238.4402264,22.24673905,6.622896555,26.74035643,238.0246109,214.6942433,238.7589671,22.24295424,6.615419408,26.66424233
3659,32,32,48,1,1,1,0,1,1,1,1,1,0,1,1,291.485186,222.4723738,401.5034709,20.38009991,13.48886437,16.92459516,289.6019029,218.7416202,401.0669006,19.48331439,10.22319352,18.36715037
3660,32,32,48,1,1,1,0,1,1,1,1,1,1,0,1,233.8195162,213.8772867,242.1778329,9.98493964,6.250885317,6.343449398,233.0007193,215.6226031,242.9641963,8.758229105,9.891070364,3.704648124
3661,32,32,48,1,1,1,0,1,1,1,1,1,1,1,0,239.0080439,210.4774592,241.1377547,55.97938517,22.80424276,54.20225203,235.1669504,216.7443098,240.1528513,55.72446373,27.32272963,52.78783845
3662,32,32,48,1,1,1,1,0,1,1,1,1,1,1,1,232.4072279,214.6524082,242.8510966,7.623050544,8.753622939,3.692243527,234.3465422,214.1426222,242.8974994,8.736825941,4.795184827,6.222635922
3663,32,32,48,1,1,1,1,0,1,0,1,1,1,1,1,233.2221625,218.0871907,240.5132064,47.60451715,48.15183735,17.28066362,232.5171364,213.8430677,244.9898839,45.67875281,47.30763533,21.11878875
3664,32,32,48,1,1,1,1,0,1,1,0,1,1,1,1,233.5354737,212.6866074,243.4620221,8.038760225,10.50509171,6.697523518,234.3271487,211.5986461,245.1683646,3.856733976,9.173944673,9.939674564
3665,32,32,48,1,1,1,1,0,1,1,1,0,1,1,1,234.6745553,216.1441511,239.1126624,60.3518345,29.28267383,57.30633075,240.4648572,210.6682601,241.3179463,60.38096539,24.73137685,58.59676472
3666,32,32,48,1,1,1,1,0,1,1,1,1,0,1,1,232.7218439,215.2193232,242.2248709,9.569856257,10.72932204,3.615645628,234.7376146,214.5356303,242.299459,10.40089904,7.470019785,6.51358557
3667,32,32,48,1,1,1,1,0,1,1,1,1,1,0,1,362.6569147,293.2319235,259.1560558,18.03891128,19.04427362,13.77035773,363.9160341,294.5718015,261.8836427,15.36184925,18.04332473,14.82751712
3668,32,32,48,1,1,1,1,0,1,1,1,1,1,1,0,229.8159279,216.2155967,244.1454515,29.89707729,25.29653443,6.052632476,230.4003408,216.8115518,244.5598311,29.78486162,25.25191661,6.044217739
3669,32,32,48,1,1,1,1,1,0,1,1,1,1,1,1,232.4125937,214.6528164,242.8470301,7.619252841,8.747137293,3.692439635,234.3476285,214.1409583,242.892094,8.722238183,4.780813531,6.218228044
3670,32,32,48,1,1,1,1,1,0,0,1,1,1,1,1,233.4718416,212.7194882,243.4875459,8.032824131,10.80953273,7.295162587,234.2498129,211.6672729,245.2093978,3.856570845,9.610152386,10.34482593
3671,32,32,48,1,1,1,1,1,0,1,0,1,1,1,1,233.1233207,218.9899016,239.5311302,55.81454671,57.50930516,23.86718282,231.628938,214.1885611,245.6604431,53.70134171,56.89000462,27.54900911
3672,32,32,48,1,1,1,1,1,0,1,1,0,1,1,1,232.5346883,215.0827892,242.353717,8.716449897,9.9294955,3.650908955,234.5908024,214.4548912,242.3986727,9.738407413,6.309087742,6.451565413
3673,32,32,48,1,1,1,1,1,0,1,1,1,0,1,1,234.7713691,216.172389,239.5615344,54.96552073,26.8263613,52.08258272,239.8600322,211.2432836,241.1626235,54.94248262,22.167469,53.26689003
3674,32,32,48,1,1,1,1,1,0,1,1,1,1,0,1,229.8100304,216.2118355,244.1493319,29.92720679,25.32684777,6.05452025,230.396145,216.8133529,244.5616277,29.82057034,25.28824226,6.044667103
3675,32,32,48,1,1,1,1,1,0,1,1,1,1,1,0,363.6416695,293.9726738,262.9715314,17.69873425,19.47187583,13.1440646,365.3416218,295.4624954,265.4932323,16.02917927,19.11460421,14.81453596
3676,16,96,32,1,1,1,1,1,1,1,1,1,1,1,1,165.4246166,257.1390518,281.3534358,5.948146361,1.803018805,5.488124261,166.2686848,257.2713521,282.1867001,5.45785716,2.529718064,5.077044956
3677,16,96,32,1,1,1,1,1,1,0,1,1,1,1,1,165.3933741,256.3090762,281.9546772,9.797194538,9.648110172,6.9882719,166.0499006,254.7500984,284.4601611,3.716394163,8.971497617,11.01239275
3678,16,96,32,1,1,1,1,1,1,1,0,1,1,1,1,165.3885851,256.3122583,281.952795,9.80291453,9.631637805,6.966975988,166.0444175,254.7540784,284.4668073,3.708963146,8.948813306,11.00606243
3679,16,96,32,1,1,1,1,1,1,1,1,0,1,1,1,165.7764195,257.3143881,281.2944376,5.612612765,4.609070869,9.446026042,167.8358759,258.0863869,280.8549961,10.08752925,3.646466108,8.244934514
3680,16,96,32,1,1,1,1,1,1,1,1,1,0,1,1,165.7791398,257.3177937,281.291503,5.607619136,4.611610762,9.432123738,167.8388036,258.083397,280.8532926,10.07594676,3.640446803,8.236198961
3681,16,96,32,1,1,1,1,1,1,1,1,1,1,0,1,164.9467286,257.9449335,280.8619213,12.51316049,7.710925335,9.627655131,163.9910453,259.1161481,281.8461785,10.62560304,10.04588317,4.698862944
3682,16,96,32,1,1,1,1,1,1,1,1,1,1,1,0,164.9404998,257.9487354,280.8618387,12.5117713,7.730662205,9.623158493,163.9947195,259.1280212,281.8433241,10.65466851,10.06588043,4.696814521
3683,16,96,32,0,1,1,1,1,1,1,1,1,1,1,1,165.0444538,254.7140776,283.3060007,3.970479086,8.534687487,10.7777181,166.4063899,256.3742205,282.4305955,9.693271977,9.206080301,6.74455811
3684,16,96,32,0,1,1,1,1,1,0,1,1,1,1,1,166.2636101,456.2451072,308.8047069,19.88545765,21.87771534,28.21566243,160.6406442,455.5813156,304.8738219,17.28618869,23.57318781,26.31766214
3685,16,96,32,0,1,1,1,1,1,1,0,1,1,1,1,165.5842368,251.7296001,285.078107,8.497156989,28.53887,23.56326926,166.6767046,251.7429178,285.8946577,8.493987003,28.49197434,23.58599745
3686,16,96,32,0,1,1,1,1,1,1,1,0,1,1,1,162.7291013,254.4356709,285.6983692,22.98070532,56.22296214,58.03580342,170.2923207,253.9044789,282.632075,29.22521649,55.43271814,58.15617326
3687,16,96,32,0,1,1,1,1,1,1,1,1,0,1,1,166.0284521,256.4993299,281.819675,6.97546374,4.865869873,10.40744795,168.2872683,257.303304,281.2784401,11.32651324,3.685177046,9.411709693
3688,16,96,32,0,1,1,1,1,1,1,1,1,1,0,1,160.983657,257.9291077,282.4730972,67.99340114,73.39867955,37.8129379,166.3446676,265.7724983,275.0875778,70.39850853,73.79284747,32.73012385
3689,16,96,32,0,1,1,1,1,1,1,1,1,1,1,0,162.6386886,256.2223782,283.1255477,3.392216993,15.02737526,16.37356703,164.1355907,258.1231489,281.9995679,10.43897624,15.57560962,13.73978274
3690,16,96,32,1,0,1,1,1,1,1,1,1,1,1,1,165.0447711,254.7115531,283.3083939,3.960865287,8.5392549,10.78093463,166.4098442,256.3707804,282.4278334,9.698563425,9.218276561,6.746059759
3691,16,96,32,1,0,1,1,1,1,0,1,1,1,1,1,165.5809189,251.7339395,285.0735264,8.495836322,28.52652893,23.54733905,166.6732905,251.7446362,285.8978418,8.492734649,28.47659954,23.57362801
3692,16,96,32,1,0,1,1,1,1,1,0,1,1,1,1,168.3790128,459.6065979,309.159992,10.89040475,15.69168592,17.62048886,168.3235752,459.7831758,309.755364,11.81950132,17.40591034,19.20259779
3693,16,96,32,1,0,1,1,1,1,1,1,0,1,1,1,166.0238266,256.5207602,281.8142117,6.81626091,4.854925497,10.33729742,168.23981,257.3215137,281.2403456,11.16931228,3.66947486,9.229847974
3694,16,96,32,1,0,1,1,1,1,1,1,1,0,1,1,161.9472429,254.02464,286.262523,28.09567526,65.76729699,68.00618315,170.6379965,252.7529567,282.2998409,34.02533974,64.88344851,68.09657959
3695,16,96,32,1,0,1,1,1,1,1,1,1,1,0,1,161.7609866,257.8258396,282.6284397,3.367640238,16.16737373,17.3354615,163.3815139,259.8790601,281.6834592,10.96594407,16.58804586,15.16963945
3696,16,96,32,1,0,1,1,1,1,1,1,1,1,1,0,161.1298949,257.9048847,282.6076562,66.82461022,71.97617754,36.88836906,166.3067128,265.575934,275.2641182,69.20372507,72.37836265,31.69805552
3697,16,96,32,1,1,0,1,1,1,1,1,1,1,1,1,166.506855,257.9489827,280.4227403,9.593189967,3.508494024,7.581430258,166.4190232,257.4882002,282.3298861,4.855088353,4.793894122,8.385730168
3698,16,96,32,1,1,0,1,1,1,0,1,1,1,1,1,165.3815826,256.3131856,281.9537281,9.801802748,9.645617692,6.998049641,166.0380377,254.7542394,284.4651398,3.711795362,8.972790259,11.02565456
3699,16,96,32,1,1,0,1,1,1,1,0,1,1,1,1,167.6456871,255.5927173,281.7329555,14.47837282,3.850904004,12.63464809,167.2838702,255.1041244,283.8423194,11.28133179,5.502132191,13.11774059
3700,16,96,32,1,1,0,1,1,1,1,1,0,1,1,1,242.4642814,243.9932087,426.4571958,31.95106108,24.7072604,26.05116728,244.7874469,247.4619701,428.0594227,31.27728557,25.26108087,24.06718138
3701,16,96,32,1,1,0,1,1,1,1,1,1,0,1,1,167.5211959,260.5156144,278.4739955,22.83857252,5.103109214,26.84715485,168.6209041,260.6398127,279.1835667,22.80332702,5.108383149,26.7242501
3702,16,96,32,1,1,0,1,1,1,1,1,1,1,0,1,170.7622566,255.0172142,281.707345,57.5453506,25.25315162,55.99403055,166.6349647,260.1408963,279.9220376,56.91676217,27.76285653,53.21043203
3703,16,96,32,1,1,0,1,1,1,1,1,1,1,1,0,164.9431673,257.9553489,280.8555918,12.55441921,7.797719588,9.636509443,163.9909744,259.1402827,281.8362869,10.70168518,10.12389337,4.688865648
3704,16,96,32,1,1,1,0,1,1,1,1,1,1,1,1,166.4994973,257.9439582,280.4243466,9.575124428,3.506982253,7.573856214,166.4194391,257.4848187,282.3311596,4.855315129,4.789816676,8.389127069
3705,16,96,32,1,1,1,0,1,1,0,1,1,1,1,1,168.4334794,254.7205848,282.61641,14.35256994,4.134607011,12.71171452,168.0488602,254.1947424,284.5316864,11.20766297,5.448148848,12.96451707
3706,16,96,32,1,1,1,0,1,1,1,0,1,1,1,1,168.8191778,252.5883652,282.8392468,32.15994934,61.69619666,64.75831651,162.8125661,253.6615266,288.3097883,25.88701964,62.45827061,64.39455263
3707,16,96,32,1,1,1,0,1,1,1,1,0,1,1,1,167.532764,260.5132855,278.4815026,22.86929479,5.101942971,26.87681614,168.6295925,260.6390334,279.1867506,22.83038292,5.107913668,26.75216009
3708,16,96,32,1,1,1,0,1,1,1,1,1,0,1,1,241.574295,240.8485017,425.8984675,33.06566072,24.23442705,26.28670069,245.4210496,248.820016,428.8831854,32.47480725,26.03109303,24.07993428
3709,16,96,32,1,1,1,0,1,1,1,1,1,1,0,1,164.9396674,257.9544816,280.8548844,12.53930935,7.737531859,9.625398135,163.9826479,259.1203826,281.8393033,10.64791144,10.06027396,4.696155756
3710,16,96,32,1,1,1,0,1,1,1,1,1,1,1,0,170.3708503,255.3665561,281.5082111,54.72576503,24.11618214,53.13979648,166.6610867,260.2550422,280.1098871,54.17973178,26.65012992,50.46430824
3711,16,96,32,1,1,1,1,0,1,1,1,1,1,1,1,162.8224013,259.4253713,280.7956721,11.33929907,10.45815617,4.791661072,165.6436485,258.4511406,281.4219791,12.85166087,8.389798844,9.446710346
3712,16,96,32,1,1,1,1,0,1,0,1,1,1,1,1,163.8070417,265.7991685,276.6358638,62.99476358,64.88476854,26.29825391,161.9698575,258.6536497,284.1288761,60.27720061,64.27367632,31.42108856
3713,16,96,32,1,1,1,1,0,1,1,0,1,1,1,1,163.7660448,257.5807702,281.7090671,10.49344738,14.45056617,12.86357682,164.246129,255.7997179,284.3273872,3.036288846,13.97280974,15.50852349
3714,16,96,32,1,1,1,1,0,1,1,1,0,1,1,1,165.150728,261.3800304,278.684518,60.40343846,29.40099605,56.45241264,171.8267898,256.1256955,282.163492,60.46638552,26.88911739,58.79892547
3715,16,96,32,1,1,1,1,0,1,1,1,1,0,1,1,162.8399207,259.4665708,280.7747785,11.39480884,10.53010931,4.791349927,165.6631652,258.4826218,281.3988816,12.89619362,8.465737684,9.457221611
3716,16,96,32,1,1,1,1,0,1,1,1,1,1,0,1,253.7314311,373.7171347,339.2383217,16.68774079,14.74966006,12.11528358,254.9210117,373.5931052,340.2377002,14.20286178,14.06524871,11.2980592
3717,16,96,32,1,1,1,1,0,1,1,1,1,1,1,0,159.5451693,261.5075937,280.23286,45.02282698,38.76224713,8.82080919,160.6367847,261.4987864,281.0421084,44.84124226,38.71946658,8.720745263
3718,16,96,32,1,1,1,1,1,0,1,1,1,1,1,1,162.8246115,259.4486005,280.7917301,11.40859951,10.53628424,4.795864005,165.6421008,258.4633585,281.4149579,12.89606332,8.472999917,9.45025536
3719,16,96,32,1,1,1,1,1,0,0,1,1,1,1,1,162.4474052,258.1247015,282.2383932,10.29120264,14.51739476,13.16652955,163.1467011,256.6915458,285.2121311,3.940232508,14.32278652,16.0101129
3720,16,96,32,1,1,1,1,1,0,1,0,1,1,1,1,163.7198382,266.2150501,275.947711,66.79415718,69.72058966,30.27575,161.4315298,258.7146113,284.4373779,63.97755826,69.16739103,35.26090851
3721,16,96,32,1,1,1,1,1,0,1,1,0,1,1,1,162.8337232,259.4745781,280.7705312,11.45076093,10.58722222,4.789602302,165.6561132,258.4865666,281.3941762,12.93816788,8.531834131,9.459957252
3722,16,96,32,1,1,1,1,1,0,1,1,1,0,1,1,165.201529,261.474712,278.8253529,58.82091161,28.87655775,54.7811153,171.5632803,256.3317196,282.0626011,58.82404454,26.35098052,57.06894517
3723,16,96,32,1,1,1,1,1,0,1,1,1,1,0,1,159.527647,261.5042907,280.2245835,45.05375472,38.79760337,8.822625009,160.6320052,261.5156035,281.0343067,44.88068705,38.75809633,8.722995443
3724,16,96,32,1,1,1,1,1,0,1,1,1,1,1,0,253.987126,373.5841578,339.3520182,19.39736365,18.77209335,13.87932128,255.3375557,373.5843746,340.0350885,18.41738273,18.68088332,13.47358577
3725,32,96,16,1,1,1,1,1,1,1,1,1,1,1,1,203.364505,298.2426005,205.9741035,4.019077851,2.002928562,7.692545924,203.6697504,298.6185657,207.1104586,3.754075032,3.002938643,6.460649732
3726,32,96,16,1,1,1,1,1,1,0,1,1,1,1,1,203.4847611,298.0420805,206.2800376,6.777712535,7.880914754,7.578045864,204.0995832,297.1653326,208.9437127,3.353741074,7.904944157,10.87467846
3727,32,96,16,1,1,1,1,1,1,1,0,1,1,1,1,203.4803235,298.0473406,206.2800891,6.786655868,7.900018416,7.596926536,204.091911,297.1685518,208.9457125,3.341635698,7.919950385,10.88643938
3728,32,96,16,1,1,1,1,1,1,1,1,0,1,1,1,203.7256258,298.0834319,205.8144866,5.736872581,5.457567769,11.67758531,204.6636243,299.0497262,205.5257027,9.164899102,4.311691443,9.351668736
3729,32,96,16,1,1,1,1,1,1,1,1,1,0,1,1,203.7278429,298.0813772,205.8153578,5.733496884,5.453266436,11.68084692,204.6606155,299.0454101,205.5262892,9.147786609,4.310894751,9.345243193
3730,32,96,16,1,1,1,1,1,1,1,1,1,1,0,1,202.3850417,299.2979817,205.7074558,12.82961952,8.518772947,12.39914171,200.6286165,301.3341885,206.5254314,10.84414827,11.20367291,4.448466706
3731,32,96,16,1,1,1,1,1,1,1,1,1,1,1,0,202.3776164,299.3051439,205.7033942,12.86943638,8.569370802,12.39247352,200.6249417,301.3400175,206.5239442,10.89634196,11.24189876,4.45992087
3732,32,96,16,0,1,1,1,1,1,1,1,1,1,1,1,203.1870072,297.6115957,207.3392126,3.467108489,7.210713781,10.8532696,203.6211381,298.8049501,207.1673254,6.943910442,7.195363798,7.167661183
3733,32,96,16,0,1,1,1,1,1,0,1,1,1,1,1,169.0380397,504.9325586,237.2959443,18.3115144,24.76552447,31.69168488,161.4713771,504.0122274,233.5342754,15.19299198,26.21915008,29.70836028
3734,32,96,16,0,1,1,1,1,1,1,0,1,1,1,1,204.26047,296.2211819,208.2997233,6.337012507,20.0605701,17.06690741,204.8554332,296.2757519,209.6617393,6.331943529,20.01466281,17.14588297
3735,32,96,16,0,1,1,1,1,1,1,1,0,1,1,1,203.1727448,297.6305625,207.3320755,3.459725104,7.278008997,10.92009678,203.6075607,298.8318055,207.1420526,6.969219128,7.253680879,7.219034418
3736,32,96,16,0,1,1,1,1,1,1,1,1,0,1,1,203.7366108,298.0734394,205.819977,5.774633484,5.462936141,11.70257297,204.6745794,299.0400122,205.5276419,9.186717622,4.309865319,9.370748207
3737,32,96,16,0,1,1,1,1,1,1,1,1,1,0,1,197.8149595,301.058901,208.1754278,69.7828434,74.24089919,37.81540952,200.0763423,307.4486668,201.0685537,71.03725223,74.33439841,31.2861272
3738,32,96,16,0,1,1,1,1,1,1,1,1,1,1,0,193.7387552,310.2695605,211.7957049,6.670103571,20.62430437,22.51204869,193.3086066,311.5929398,212.1268318,9.32060356,20.75092449,21.05064063
3739,32,96,16,1,0,1,1,1,1,1,1,1,1,1,1,203.1892022,297.6100689,207.3408992,3.470018541,7.2103368,10.86187873,203.6213927,298.8062486,207.1660146,6.945786423,7.195016053,7.162677991
3740,32,96,16,1,0,1,1,1,1,0,1,1,1,1,1,204.2591402,296.2279416,208.3002016,6.336728404,20.0207139,17.02596111,204.8551829,296.2740117,209.657572,6.331864702,19.96638859,17.10550883
3741,32,96,16,1,0,1,1,1,1,1,0,1,1,1,1,169.2836854,504.6280415,237.3979615,18.68550135,24.79936963,31.82898745,161.5569176,503.6656034,233.5838191,15.52348328,26.23120758,29.78180759
3742,32,96,16,1,0,1,1,1,1,1,1,0,1,1,1,203.7332916,298.0754549,205.8173457,5.742276872,5.458060569,11.67566454,204.6758878,299.0406109,205.5317765,9.175118723,4.308403849,9.364164449
3743,32,96,16,1,0,1,1,1,1,1,1,1,0,1,1,201.5947757,298.2875077,209.9096828,22.35733787,55.22341113,56.13649993,206.9603987,296.677321,207.4351248,27.04066389,54.06561542,56.41704757
3744,32,96,16,1,0,1,1,1,1,1,1,1,1,0,1,193.7458086,310.2091369,212.6955861,6.54937088,23.28969067,24.83489803,193.2070305,310.7276905,212.2730768,8.921291637,22.65385016,23.3713755
3745,32,96,16,1,0,1,1,1,1,1,1,1,1,1,0,197.9319336,301.037637,208.2921349,68.92745573,73.30364116,37.39264919,200.1022134,307.2752558,201.1204017,70.16915488,73.39540807,30.74665811
3746,32,96,16,1,1,0,1,1,1,1,1,1,1,1,1,203.8465438,298.9201044,204.4180786,8.848829348,3.999900493,9.375315185,203.8396645,298.4044013,207.0814253,5.280324134,5.457209009,11.01940519
3747,32,96,16,1,1,0,1,1,1,0,1,1,1,1,1,203.4769717,298.0503752,206.2784397,6.787250126,7.919259141,7.616301985,204.0902346,297.1704555,208.9468337,3.343641075,7.944383094,10.90591906
3748,32,96,16,1,1,0,1,1,1,1,0,1,1,1,1,203.9414435,298.8481686,204.4217572,9.036251912,4.023038466,9.479473303,203.9267129,298.3180792,207.1180046,5.496087099,5.499353678,11.15416574
3749,32,96,16,1,1,0,1,1,1,1,1,0,1,1,1,332.287206,340.4457202,292.1696007,18.53268139,13.73542197,18.70579131,333.0367796,342.036937,294.2339617,17.94570325,14.38960915,17.21006728
3750,32,96,16,1,1,0,1,1,1,1,1,1,0,1,1,204.1363588,300.3825364,201.8040741,32.19605716,6.065441051,36.91757533,204.6417689,300.5390532,203.0779448,32.08210877,6.061132501,36.72590704
3751,32,96,16,1,1,0,1,1,1,1,1,1,1,0,1,210.2127364,294.2996921,205.6269604,61.67056283,28.02720841,59.35728755,203.6187733,300.7075058,203.5171192,60.41438177,30.63564348,55.55726977
3752,32,96,16,1,1,0,1,1,1,1,1,1,1,1,0,202.2308072,299.6385031,205.4278083,16.54441497,13.84160696,12.4875812,200.6596497,301.6883895,206.1098282,15.21659202,15.53909584,4.502018794
3753,32,96,16,1,1,1,0,1,1,1,1,1,1,1,1,203.8506531,298.9183534,204.4187145,8.852278979,4.00423608,9.376796427,203.8462633,298.40026,207.0840226,5.290998866,5.458446641,11.02970175
3754,32,96,16,1,1,1,0,1,1,0,1,1,1,1,1,203.933996,298.8556332,204.4153817,9.058600934,4.023845374,9.513873573,203.9220501,298.3255922,207.1109338,5.547515879,5.497723415,11.18791873
3755,32,96,16,1,1,1,0,1,1,1,0,1,1,1,1,206.8654024,295.650393,206.1588664,25.8156986,52.32794511,54.74778223,202.8285988,297.2726594,211.372289,20.94789141,53.35525823,54.05223283
3756,32,96,16,1,1,1,0,1,1,1,1,0,1,1,1,204.1333213,300.3778159,201.8121612,32.1070478,6.064022882,36.83252787,204.6377657,300.534696,203.0854428,31.99221452,6.0595176,36.64105082
3757,32,96,16,1,1,1,0,1,1,1,1,1,0,1,1,331.7513709,341.2933745,292.4831191,25.06871128,20.33980903,22.02533295,332.6367183,343.9454833,294.6994579,25.4028508,21.37635812,22.00508358
3758,32,96,16,1,1,1,0,1,1,1,1,1,1,0,1,202.2199389,299.5130588,205.5355997,14.22914005,10.51674785,12.48558499,200.4652314,301.5681226,206.3068573,12.46642147,12.79099251,4.36414024
3759,32,96,16,1,1,1,0,1,1,1,1,1,1,1,0,209.6056192,294.8017698,205.4736806,58.39412529,26.53152319,56.13787353,203.5951653,300.8840132,203.8419657,57.21110002,29.18110576,52.4928057
3760,32,96,16,1,1,1,1,0,1,1,1,1,1,1,1,199.6283165,301.5224206,205.3768326,12.01794999,11.82352596,4.99596033,202.1923658,299.9175273,207.0810655,13.59879771,9.590184021,12.03373148
3761,32,96,16,1,1,1,1,0,1,0,1,1,1,1,1,199.660307,305.0751618,202.8423071,56.77464931,57.26109073,18.55783468,199.7730969,299.7826467,209.5593795,55.49402461,56.82909462,25.57882363
3762,32,96,16,1,1,1,1,0,1,1,0,1,1,1,1,193.4854605,309.7972212,209.7351986,9.243753104,22.19813851,22.19332166,194.5522933,308.7044609,212.3494611,5.997275555,22.47702575,23.51762648
3763,32,96,16,1,1,1,1,0,1,1,1,0,1,1,1,202.2385782,300.962052,202.7626556,66.79551934,34.20827917,61.45343387,210.351067,294.0865294,208.240992,67.55077936,31.64424464,64.69232668
3764,32,96,16,1,1,1,1,0,1,1,1,1,0,1,1,199.6617775,301.5911953,205.2211785,12.31891421,12.16505316,4.906561197,202.2633274,299.9536394,206.9443562,13.88752547,9.964258065,12.10802517
3765,32,96,16,1,1,1,1,0,1,1,1,1,1,0,1,342.2723759,357.096562,235.1268409,17.53283778,19.73891475,15.78864257,343.5104787,359.0600835,238.9408414,18.43499063,21.30669013,17.8302844
3766,32,96,16,1,1,1,1,0,1,1,1,1,1,1,0,195.2539353,304.8948504,205.3485233,46.75532811,39.65864832,10.58442201,195.7399388,305.0010621,206.6896574,46.61560313,39.65301233,10.47598381
3767,32,96,16,1,1,1,1,1,0,1,1,1,1,1,1,199.6257216,301.542992,205.3691241,12.06211851,11.87949642,4.99909161,202.1835973,299.923002,207.0742349,13.61576471,9.642654742,12.03385971
3768,32,96,16,1,1,1,1,1,0,0,1,1,1,1,1,196.6700942,304.5293914,207.87415,8.170071594,19.26975924,19.00509373,197.5486128,303.6537005,211.1175132,4.239268068,19.18843372,20.79506591
3769,32,96,16,1,1,1,1,1,0,1,0,1,1,1,1,198.8544953,306.2401922,201.0858438,70.84350618,74.03944277,31.23874716,197.8126032,300.1548411,210.9312814,69.26357975,73.85524886,37.43232087
3770,32,96,16,1,1,1,1,1,0,1,1,0,1,1,1,199.6669762,301.6517824,205.1918746,12.78001322,12.64910515,4.906192408,202.2402865,299.9801443,206.9226203,14.24169552,10.53011692,12.10646675
3771,32,96,16,1,1,1,1,1,0,1,1,1,0,1,1,202.2815564,301.083941,202.8566802,65.97097239,33.96167326,60.5696873,210.1985212,294.2575849,208.1643563,66.69614477,31.38308545,63.76526459
3772,32,96,16,1,1,1,1,1,0,1,1,1,1,0,1,195.2519152,304.9025313,205.3500149,46.7743527,39.6767978,10.58473732,195.7346337,304.9926051,206.69257,46.62895748,39.66704786,10.47558162
3773,32,96,16,1,1,1,1,1,0,1,1,1,1,1,0,342.7158462,358.5683371,236.4997784,17.52336072,18.98879233,13.87138529,344.0550526,359.7139486,239.977577,18.27471235,19.7318268,15.65499608
3774,48,32,96,1,1,1,1,1,1,1,1,1,1,1,1,255.9723167,198.5571398,238.3620481,3.557832141,3.841626046,1.80851648,256.4105144,199.0210333,238.4898479,3.379263831,3.618331207,2.173450317
3775,48,32,96,1,1,1,1,1,1,0,1,1,1,1,1,255.8168188,198.0927206,238.9535579,6.580383674,9.187847104,5.364198948,256.6514663,197.0854476,239.9050424,3.926057337,7.536257167,7.609216754
3776,48,32,96,1,1,1,1,1,1,1,0,1,1,1,1,255.8096073,198.0917395,238.9628345,6.589512448,9.197263451,5.396718892,256.6436848,197.0800225,239.9227703,3.922323617,7.553981736,7.643606016
3777,48,32,96,1,1,1,1,1,1,1,1,0,1,1,1,256.4774247,198.555399,237.8120448,4.89105271,6.690715573,7.749908637,258.0776685,199.2232779,236.5393548,8.254338955,3.34194574,6.907291306
3778,48,32,96,1,1,1,1,1,1,1,1,1,0,1,1,256.4794484,198.5541097,237.8111121,4.879587359,6.683335488,7.747143798,258.0717232,199.2293471,236.5432966,8.239334599,3.35460467,6.89721145
3779,48,32,96,1,1,1,1,1,1,1,1,1,1,0,1,255.7253022,198.9369941,238.4372636,7.812250068,4.266636139,4.310823467,254.9353825,200.3175744,239.1385768,6.450789188,7.813653458,3.355296847
3780,48,32,96,1,1,1,1,1,1,1,1,1,1,1,0,255.7286491,198.9365451,238.4324193,7.811517759,4.275570243,4.315257717,254.9372784,200.3237897,239.1325396,6.458252933,7.831774415,3.352812384
3781,48,32,96,0,1,1,1,1,1,1,1,1,1,1,1,256.1596275,196.4484926,239.9930493,3.95867912,7.807594872,7.745759387,256.1767511,198.4638549,239.2457144,6.518837935,9.284143843,5.651960292
3782,48,32,96,0,1,1,1,1,1,0,1,1,1,1,1,297.2351261,309.2946463,332.5046371,8.282214281,16.42015965,16.13943564,300.3480811,310.909634,333.7864035,10.56008942,14.37535852,15.91119765
3783,48,32,96,0,1,1,1,1,1,1,0,1,1,1,1,257.1079957,192.9750871,241.8159189,6.473608742,35.12402125,30.36455288,257.5445682,193.5216105,241.8758826,6.440172063,35.04547437,30.34286372
3784,48,32,96,0,1,1,1,1,1,1,1,0,1,1,1,253.5953549,196.9340404,243.5579358,19.01619851,46.8670626,48.36553306,258.70518,196.3109506,239.1436156,22.77062763,45.40518603,47.99560676
3785,48,32,96,0,1,1,1,1,1,1,1,1,0,1,1,256.7263408,197.5811379,238.2959739,10.38222439,7.231666236,12.13992378,258.740133,198.2049327,236.9482646,12.68977933,3.423456641,11.73566311
3786,48,32,96,0,1,1,1,1,1,1,1,1,1,0,1,254.1389043,198.4279902,240.9888867,41.14231243,43.07150266,19.51422198,255.1694695,202.6075871,237.5406884,42.25801071,43.30506943,17.15479059
3787,48,32,96,0,1,1,1,1,1,1,1,1,1,1,0,256.0004693,196.3961645,240.2380844,3.928459228,8.686835031,8.672673274,256.0492391,198.415444,239.4436531,6.606339076,9.983562943,6.825091344
3788,48,32,96,1,0,1,1,1,1,1,1,1,1,1,1,256.1588215,196.4470142,239.9969382,3.959427304,7.797159106,7.740396904,256.1758703,198.4629474,239.2496842,6.520568177,9.277824252,5.644871274
3789,48,32,96,1,0,1,1,1,1,0,1,1,1,1,1,257.109491,192.9620685,241.8221224,6.482047072,35.21988816,30.46131934,257.5454127,193.5218934,241.897987,6.447923271,35.14034362,30.44092235
3790,48,32,96,1,0,1,1,1,1,1,0,1,1,1,1,296.9342335,309.2437583,332.7551754,7.643324899,14.50050805,14.20502678,299.7289408,310.6109132,333.6722649,10.1135422,13.40102069,14.30296643
3791,48,32,96,1,0,1,1,1,1,1,1,0,1,1,1,256.7877534,197.9236004,237.9776313,7.749207256,6.956571192,9.782515808,258.603621,198.5472856,236.6546218,10.49153282,3.235396221,9.1847534
3792,48,32,96,1,0,1,1,1,1,1,1,1,0,1,1,252.4771973,196.9533881,244.9579832,24.09084154,56.5662289,58.52816166,258.6956315,195.3934238,239.2095775,27.64635814,54.90517184,58.14220638
3793,48,32,96,1,0,1,1,1,1,1,1,1,1,0,1,256.0212004,196.3866051,240.2199295,3.92547038,8.517520606,8.50920786,256.0612539,198.4219206,239.4293351,6.605936237,9.871479196,6.609262502
3794,48,32,96,1,0,1,1,1,1,1,1,1,1,1,0,254.012006,198.4809313,241.0487828,44.3200459,46.20342435,20.55432889,255.5804344,203.1791097,237.2163687,45.59361242,46.49023378,18.19070313
3795,48,32,96,1,1,0,1,1,1,1,1,1,1,1,1,257.5646992,198.6464115,236.4992894,8.166006925,3.443838796,6.669323277,256.8017983,199.0660843,237.9398755,4.753040446,6.69452395,7.525148835
3796,48,32,96,1,1,0,1,1,1,0,1,1,1,1,1,257.517503,195.8937049,238.8353893,22.34801573,49.11738648,51.11930936,253.463592,198.1322461,244.1321935,18.60016555,50.49770566,51.51836243
3797,48,32,96,1,1,0,1,1,1,1,0,1,1,1,1,257.9838835,197.741396,236.8008055,11.49909273,3.255563915,10.29065487,257.0852535,198.254638,238.3253876,9.242509668,7.030594981,10.84893908
3798,48,32,96,1,1,0,1,1,1,1,1,0,1,1,1,303.1810586,202.5317954,416.2970125,22.827848,16.38619737,17.80873062,300.4435172,198.2027774,415.783245,21.63719766,14.11999083,18.99275143
3799,48,32,96,1,1,0,1,1,1,1,1,1,0,1,1,259.2433819,199.8845414,233.4998191,22.06851211,6.166228985,26.29358238,259.6723088,200.466592,233.5474761,22.06503481,6.164430262,26.26166122
3800,48,32,96,1,1,0,1,1,1,1,1,1,1,0,1,260.5863494,195.8078138,236.6283326,55.26625929,21.5504744,53.78277165,256.5075643,201.8082926,235.6245258,55.0509391,25.61624137,52.99932651
3801,48,32,96,1,1,0,1,1,1,1,1,1,1,1,0,255.8745578,199.1622535,238.0949178,8.52348868,5.314177101,4.473442175,254.9749235,200.6464134,238.827011,7.224065511,8.678588532,3.382464629
3802,48,32,96,1,1,1,0,1,1,1,1,1,1,1,1,257.5671339,198.6445594,236.4997866,8.15980835,3.447395839,6.67472139,256.8086393,199.0622528,237.9367326,4.76351001,6.690450337,7.529729839
3803,48,32,96,1,1,1,0,1,1,0,1,1,1,1,1,258.6722129,196.9843643,237.307891,13.63989455,3.845873641,12.51780827,257.5499087,197.4207041,238.6492647,11.6410093,7.192325935,12.80351104
3804,48,32,96,1,1,1,0,1,1,1,0,1,1,1,1,257.8736567,195.046993,239.0244292,28.84735676,56.87488896,60.20285265,252.2142162,198.0383489,245.0262361,25.21646527,58.33044724,60.48827669
3805,48,32,96,1,1,1,0,1,1,1,1,0,1,1,1,259.2468405,199.8824445,233.4942193,22.13776335,6.16630869,26.36461117,259.6830413,200.4658467,233.5507589,22.13867802,6.165488649,26.33498044
3806,48,32,96,1,1,1,0,1,1,1,1,1,0,1,1,302.6912521,200.7732523,415.5508749,23.33094425,14.89364225,19.11825113,299.445266,195.6014898,414.9438769,22.22197437,12.29527802,20.64561939
3807,48,32,96,1,1,1,0,1,1,1,1,1,1,0,1,255.9588331,199.2239198,238.0092614,9.121792518,6.39739186,4.54383861,255.0816696,200.7401096,238.7122445,7.986963707,9.373229481,3.38719397
3808,48,32,96,1,1,1,0,1,1,1,1,1,1,1,0,259.5323565,196.8681727,236.3089246,43.83094723,16.06771667,42.73862616,256.6024797,201.6206303,236.3696678,43.63381682,20.36104071,42.11845438
3809,48,32,96,1,1,1,1,0,1,1,1,1,1,1,1,254.7186197,199.6405193,238.9885802,6.090071594,7.571970387,3.271600453,256.2835524,199.3072204,238.5563872,7.310799865,3.868909622,4.400735314
3810,48,32,96,1,1,1,1,0,1,0,1,1,1,1,1,254.6658962,201.5757914,237.5692588,36.80901185,37.66119294,14.37219768,254.8917295,198.9775795,240.5562913,35.64879662,37.15144822,16.76938163
3811,48,32,96,1,1,1,1,0,1,1,0,1,1,1,1,255.7031964,198.0193344,239.1593574,6.69351715,9.958125243,6.6768628,256.5006549,196.9959174,240.1615219,3.886233003,8.501340339,8.623007527
3812,48,32,96,1,1,1,1,0,1,1,1,0,1,1,1,256.5296053,201.0158815,235.3982659,52.53620565,24.12778285,50.6879508,261.330017,196.5312181,236.3557069,52.63322587,19.89348076,51.37791673
3813,48,32,96,1,1,1,1,0,1,1,1,1,0,1,1,255.2547723,200.4266439,238.0370916,11.12657046,12.51177148,3.40076445,257.0046652,199.746661,237.6439249,11.77601903,10.21434193,5.069134585
3814,48,32,96,1,1,1,1,0,1,1,1,1,1,0,1,390.9610927,275.6940839,246.9274655,17.07746956,18.94927937,13.70090983,391.8252708,277.2153121,249.5822835,14.79328555,18.08241869,14.39436271
3815,48,32,96,1,1,1,1,0,1,1,1,1,1,1,0,252.0871493,200.7752541,241.3052851,26.19664297,22.47390183,4.68826365,252.4602627,201.3588203,241.4206881,26.13608954,22.44598414,4.69094616
3816,48,32,96,1,1,1,1,1,0,1,1,1,1,1,1,254.7204826,199.6389465,238.990473,6.080136094,7.556265317,3.273342249,256.2806423,199.3055827,238.559107,7.295659677,3.846012033,4.396156258
3817,48,32,96,1,1,1,1,1,0,0,1,1,1,1,1,255.6844134,198.0076898,239.1840421,6.703848454,10.18463303,7.095038643,256.4642308,197.0096438,240.2016446,3.884557732,8.822328699,8.94661119
3818,48,32,96,1,1,1,1,1,0,1,0,1,1,1,1,255.2693838,202.6642703,236.7858394,44.27417877,45.18719493,17.6095161,254.5850678,199.1881347,240.6928712,42.8181529,44.66312967,19.97864266
3819,48,32,96,1,1,1,1,1,0,1,1,0,1,1,1,254.8562806,200.1890772,238.456489,7.647103097,9.213075034,3.378274318,256.5267407,199.6805236,237.9958566,8.619995216,5.997694491,4.674276462
3820,48,32,96,1,1,1,1,1,0,1,1,1,0,1,1,256.2948665,200.4375543,236.8337499,31.29161774,14.60869687,30.72602789,259.1640938,198.3607715,236.1637642,31.56173067,9.939175578,31.08837414
3821,48,32,96,1,1,1,1,1,0,1,1,1,1,0,1,252.0954774,200.7834057,241.2976537,26.18458978,22.46051723,4.68625735,252.4585384,201.353851,241.4170471,26.11550833,22.42860783,4.691649786
3822,48,32,96,1,1,1,1,1,0,1,1,1,1,1,0,391.9497317,276.2573872,250.2630367,17.64216684,20.30623949,13.64780293,393.4660662,278.2065568,253.3996934,16.325118,19.9334024,14.89706558
3823,32,64,32,1,1,1,1,1,1,1,1,1,1,1,1,204.1176223,249.5166744,237.5698375,3.889414735,2.524775995,4.635625531,204.5884479,249.834219,238.2080463,3.790245461,2.935237754,4.273078682
3824,32,64,32,1,1,1,1,1,1,0,1,1,1,1,1,204.0914331,249.0708357,238.073403,6.858794913,8.249281862,5.393193158,204.7801241,247.9811815,240.0237517,3.441819372,7.454818568,9.232080176
3825,32,64,32,1,1,1,1,1,1,1,0,1,1,1,1,204.0994067,249.0648244,238.0702361,6.853326945,8.252524668,5.37953658,204.7885539,247.9770051,240.0190904,3.445493065,7.45092767,9.222831455
3826,32,64,32,1,1,1,1,1,1,1,1,0,1,1,1,204.5779891,249.4853331,237.3046148,4.82089975,5.39506131,9.051207302,206.0506725,250.2738675,236.6166381,8.584763689,3.694881185,7.573660365
3827,32,64,32,1,1,1,1,1,1,1,1,1,0,1,1,204.5802841,249.4796076,237.3075956,4.823004475,5.391499918,9.054929161,206.0517824,250.2681012,236.6213443,8.583709667,3.701648389,7.576718613
3828,32,64,32,1,1,1,1,1,1,1,1,1,1,0,1,203.5684856,250.2296892,237.375593,9.987157923,5.995054378,8.079369514,202.4398555,251.7052958,238.2007179,8.471828724,8.984053388,3.981914065
3829,32,64,32,1,1,1,1,1,1,1,1,1,1,1,0,203.571744,250.2210258,237.382189,9.957126435,5.948830949,8.071947081,202.4465156,251.6945512,238.2079641,8.439672027,8.947627473,3.985276408
3830,32,64,32,0,1,1,1,1,1,1,1,1,1,1,1,204.1316728,247.9256621,239.2089297,3.499218096,6.994622227,9.022354876,204.5741866,249.4731496,238.5695329,6.898585551,7.774893934,5.071204928
3831,32,64,32,0,1,1,1,1,1,0,1,1,1,1,1,205.1775367,419.8954002,287.0627395,15.79545768,18.08325532,22.64398459,200.4744182,419.2887323,284.6041992,12.97733572,19.45956838,21.36732774
3832,32,64,32,0,1,1,1,1,1,1,0,1,1,1,1,205.1985153,245.4731526,240.7340624,6.345654348,24.86819556,20.67402942,205.7952334,245.6610009,241.4228389,6.341830511,24.8068945,20.67757801
3833,32,64,32,0,1,1,1,1,1,1,1,0,1,1,1,201.9563869,248.295864,241.8543063,19.94766769,49.25310962,50.69364435,207.557663,247.5652368,238.6225058,24.40572037,48.14441468,50.49471485
3834,32,64,32,0,1,1,1,1,1,1,1,1,0,1,1,204.764499,249.2198023,237.426417,5.730485691,5.540932303,9.601491495,206.3333683,250.0157914,236.6708715,9.319399219,3.683470962,8.221335881
3835,32,64,32,0,1,1,1,1,1,1,1,1,1,0,1,200.9208669,250.4487604,239.4317075,54.38659861,56.62393967,26.258034,203.1889219,256.2295059,234.5640534,55.77360637,56.99465261,21.40253091
3836,32,64,32,0,1,1,1,1,1,1,1,1,1,1,0,202.0382927,249.2065104,240.2847477,3.58394455,11.92855477,13.58677105,202.5293982,250.7003703,239.3207416,7.353417424,12.11829269,10.9897079
3837,32,64,32,1,0,1,1,1,1,1,1,1,1,1,1,204.1315859,247.9242134,239.21016,3.504513339,6.999152912,9.02952149,204.5724142,249.4723426,238.5679799,6.895953393,7.784082055,5.063295054
3838,32,64,32,1,0,1,1,1,1,0,1,1,1,1,1,205.1955928,245.4719365,240.7444052,6.343956321,24.82648738,20.63745091,205.7926843,245.6525893,241.4265325,6.340443273,24.77181839,20.63835807
3839,32,64,32,1,0,1,1,1,1,1,0,1,1,1,1,199.3956729,419.026482,283.6278395,12.83778808,21.22034793,22.96840195,205.5019903,420.3801028,287.8041128,15.54589313,19.39279611,23.88102281
3840,32,64,32,1,0,1,1,1,1,1,1,0,1,1,1,204.7633847,249.2386579,237.409775,5.58861561,5.528752537,9.555065844,206.306635,250.0407476,236.6400745,9.210935908,3.686592967,8.114303801
3841,32,64,32,1,0,1,1,1,1,1,1,1,0,1,1,201.2139306,248.2422915,242.6230697,23.98191715,57.25174049,58.95977677,207.6709159,246.840814,238.5500144,28.26995925,56.03379758,58.73483694
3842,32,64,32,1,0,1,1,1,1,1,1,1,1,0,1,202.3046577,249.2524898,239.2787653,3.284953307,13.35226509,14.54522661,202.9426479,251.1488691,238.5741397,7.882260715,13.7947533,12.3628577
3843,32,64,32,1,0,1,1,1,1,1,1,1,1,1,0,200.436148,250.5890451,239.8427196,58.07048502,61.28837526,29.80423078,203.0917863,256.5426031,233.970924,59.51798879,61.55632197,25.03185184
3844,32,64,32,1,1,0,1,1,1,1,1,1,1,1,1,205.3958631,249.9704688,236.1341534,8.248170952,3.59271386,7.230349109,204.9987581,249.7698959,238.0348889,4.380939619,5.447114818,8.466874098
3845,32,64,32,1,1,0,1,1,1,0,1,1,1,1,1,205.9501171,248.5292215,237.687045,12.47628682,24.19651466,24.57472389,204.6653289,247.846205,240.362605,7.439725366,24.66294167,25.07466089
3846,32,64,32,1,1,0,1,1,1,1,0,1,1,1,1,205.8091742,249.5721474,236.2070938,9.354519476,3.610920722,8.184871901,205.2941546,249.3510764,238.2270645,5.76816843,5.67093064,9.341898603
3847,32,64,32,1,1,0,1,1,1,1,1,0,1,1,1,290.8751105,269.5275258,360.9322132,24.67970514,16.44243925,21.94774159,292.4527847,272.941982,362.4991927,23.85418891,17.52308124,19.72645753
3848,32,64,32,1,1,0,1,1,1,1,1,1,0,1,1,206.7856275,251.6865171,233.4386955,25.86713975,5.536655956,30.24627019,207.358004,251.9633493,234.0409413,25.81957718,5.534551539,30.13693846
3849,32,64,32,1,1,0,1,1,1,1,1,1,1,0,1,210.014749,246.5374461,236.8715233,57.40296997,24.30237385,55.62767331,205.0346148,252.2658677,235.2616349,56.75985077,27.33827735,53.45525014
3850,32,64,32,1,1,0,1,1,1,1,1,1,1,1,0,203.5610948,250.4378835,237.1843171,10.61805264,6.99201754,8.146719848,202.4207784,251.9433413,237.9831719,9.225604915,9.699951702,3.928118573
3851,32,64,32,1,1,1,0,1,1,1,1,1,1,1,1,205.401476,249.9679201,236.1274212,8.272734899,3.591339794,7.261588637,205.0054177,249.7672416,238.032046,4.433815635,5.45116531,8.503090596
3852,32,64,32,1,1,1,0,1,1,0,1,1,1,1,1,205.8386204,249.5494638,236.2464833,9.561592269,3.60093184,8.407430193,205.2863432,249.3333683,238.2452307,6.0519282,5.680646422,9.467289704
3853,32,64,32,1,1,1,0,1,1,1,0,1,1,1,1,207.1329711,246.2609543,238.2088597,27.63528172,55.13160735,57.80170795,202.0103623,247.995695,243.6121848,23.20836587,56.17818512,57.76373614
3854,32,64,32,1,1,1,0,1,1,1,1,0,1,1,1,206.7862329,251.6788676,233.4527258,25.79170884,5.53680573,30.16916687,207.3585018,251.9523155,234.0587561,25.74061987,5.532057583,30.06463518
3855,32,64,32,1,1,1,0,1,1,1,1,1,0,1,1,290.4065875,267.4029837,360.6290018,22.7117151,12.64694732,20.89694934,292.8521444,272.3937957,362.7648015,22.12684636,14.95787723,18.44959321
3856,32,64,32,1,1,1,0,1,1,1,1,1,1,0,1,203.5622234,250.4561379,237.1646806,10.87646538,7.427426049,8.154545575,202.4392323,251.9594191,237.9480167,9.544916879,9.999609425,3.934340508
3857,32,64,32,1,1,1,0,1,1,1,1,1,1,1,0,209.4191386,247.0402701,236.6823872,53.38089306,22.52474989,51.64585285,205.0412216,252.3934629,235.5916128,52.80689405,25.61440328,49.60484584
3858,32,64,32,1,1,1,1,0,1,1,1,1,1,1,1,201.8058438,251.6227,237.4925347,8.673274393,9.026281379,4.089757793,203.927606,250.6832458,237.998397,10.00959396,6.244476116,7.976026754
3859,32,64,32,1,1,1,1,0,1,0,1,1,1,1,1,202.4407119,254.4672659,235.5876018,44.27968026,44.40251146,13.62608557,202.3654012,250.214631,239.902649,42.89676715,43.714841,18.73999954
3860,32,64,32,1,1,1,1,0,1,1,0,1,1,1,1,202.7705331,250.18656,238.2019414,7.544487353,13.357839,11.88172716,203.3325072,248.8834077,240.3253951,3.149775646,12.8471096,14.23120631
3861,32,64,32,1,1,1,1,0,1,1,1,0,1,1,1,204.2586096,252.4532026,234.5564144,59.45011759,28.760363,55.94094396,210.5531646,246.9464527,237.6712438,59.74806937,25.70658218,57.7995496
3862,32,64,32,1,1,1,1,0,1,1,1,1,0,1,1,201.8194933,251.8787207,237.2747338,9.344655632,9.714445079,4.008580622,203.97213,250.8794552,237.8044252,10.57699199,7.109511032,8.076083373
3863,32,64,32,1,1,1,1,0,1,1,1,1,1,0,1,330.3389611,327.3210334,268.0186259,16.33016138,16.50989554,10.62824275,331.8957781,329.2696926,271.9235538,14.94134297,17.21372077,13.23033295
3864,32,64,32,1,1,1,1,0,1,1,1,1,1,1,0,198.484959,253.8292431,238.0980285,36.07544672,30.70831868,7.377089643,199.0007139,254.0498668,238.7874917,35.96725068,30.67857322,7.338041842
3865,32,64,32,1,1,1,1,1,0,1,1,1,1,1,1,201.8075435,251.6344813,237.4861913,8.711478322,9.069946141,4.088359372,203.9260585,250.6865794,237.9948216,10.02844874,6.29308794,7.981415384
3866,32,64,32,1,1,1,1,1,0,0,1,1,1,1,1,203.1120834,249.58933,238.3422131,7.230585581,10.26933773,8.25406658,203.7513893,248.4296686,240.5935803,3.31391371,9.866536581,11.53311273
3867,32,64,32,1,1,1,1,1,0,1,0,1,1,1,1,202.2270963,256.1948745,233.8246151,59.22191899,61.21708232,24.85904213,200.8083025,250.6981964,240.9626687,57.50457693,60.78762632,29.46408656
3868,32,64,32,1,1,1,1,1,0,1,1,0,1,1,1,201.8120525,251.8750419,237.2599324,9.309999009,9.684639736,4.01397112,203.9606235,250.8706199,237.7897208,10.52772086,7.050241691,8.070773658
3869,32,64,32,1,1,1,1,1,0,1,1,1,0,1,1,204.3207801,252.5829124,234.7665448,57.0779989,27.80752415,53.5469469,210.1844987,247.2875218,237.5418057,57.32624334,24.71942433,55.32872696
3870,32,64,32,1,1,1,1,1,0,1,1,1,1,0,1,198.4730816,253.8177674,238.1067734,36.10534687,30.74095781,7.379344347,198.9993147,254.0570797,238.7941969,36.00658875,30.71557094,7.338408568
3871,32,64,32,1,1,1,1,1,0,1,1,1,1,1,0,330.3281857,327.7633154,269.2478087,17.5828519,17.56841562,10.85231617,331.6828256,329.2673208,271.9419695,15.33484212,17.55644788,12.44440465
3872,24,32,64,1,1,1,1,1,1,1,1,1,1,1,1,224.8619181,203.8970201,264.9624751,5.691961327,3.878069976,2.624245989,225.6836404,204.3340382,265.3488347,5.08065589,3.818965425,3.175222721
3873,24,32,64,1,1,1,1,1,1,0,1,1,1,1,1,224.6332573,203.2300034,265.7800161,9.56873211,10.83520683,6.740299822,225.4526509,201.9235807,267.539426,4.109241495,9.287161025,9.864223765
3874,24,32,64,1,1,1,1,1,1,1,0,1,1,1,1,224.633077,203.2295386,265.7800291,9.566791393,10.839914,6.739016124,225.4525667,201.9236179,267.5396315,4.111747526,9.286086447,9.862968825
3875,24,32,64,1,1,1,1,1,1,1,1,0,1,1,1,225.3149933,203.909164,264.5975562,5.958958936,6.820504278,8.261791154,227.5504902,204.5850243,263.6240231,9.917250823,3.433584792,7.723830892
3876,24,32,64,1,1,1,1,1,1,1,1,1,0,1,1,225.3151318,203.9104426,264.6023149,5.992001628,6.823383091,8.286115917,227.5474363,204.5870469,263.6262128,9.923478734,3.431119779,7.743360681
3877,24,32,64,1,1,1,1,1,1,1,1,1,1,0,1,224.6197927,204.3942194,264.8563533,10.05852913,5.181462099,5.744702734,224.0541737,205.7828634,265.7149562,8.346428026,8.97063489,3.951219877
3878,24,32,64,1,1,1,1,1,1,1,1,1,1,1,0,224.6165721,204.3947294,264.8558459,10.07817619,5.219432096,5.747674645,224.0515762,205.7861679,265.7138524,8.376074518,8.995744179,3.947942623
3879,24,32,64,0,1,1,1,1,1,1,1,1,1,1,1,224.5458867,201.2321626,267.4691197,4.344466171,9.659822092,9.98610295,225.4903606,203.475544,266.3190882,9.386001745,10.98160897,7.157899501
3880,24,32,64,0,1,1,1,1,1,0,1,1,1,1,1,257.4937232,338.54814,336.1264083,9.432151848,12.39085112,13.0939994,257.1431376,339.1052943,335.6486992,7.938969604,14.92023034,13.80918834
3881,24,32,64,0,1,1,1,1,1,1,0,1,1,1,1,224.8594514,197.7407653,269.9865338,8.455677891,38.09474658,32.19146745,225.7827671,198.2453706,270.2407274,8.400368421,37.97723727,32.17037065
3882,24,32,64,0,1,1,1,1,1,1,1,0,1,1,1,220.9624042,201.3964567,271.8435441,26.78688565,61.28000073,63.91840947,228.9270244,200.2090929,266.590979,32.13197699,59.62121756,63.61311226
3883,24,32,64,0,1,1,1,1,1,1,1,1,0,1,1,226.945949,199.409302,268.2707692,14.06407593,7.549134693,14.91761142,229.6657941,200.2168255,267.5579835,16.41975831,4.316334657,14.89628575
3884,24,32,64,0,1,1,1,1,1,1,1,1,1,0,1,222.0608179,203.8777975,267.8918323,53.9628858,57.88725346,28.76949015,225.2353652,210.0329293,262.3133201,56.1028577,58.27983493,25.5462446
3885,24,32,64,0,1,1,1,1,1,1,1,1,1,1,0,224.245058,201.286718,267.7286323,4.224313629,10.81229977,11.14869427,225.2291259,203.5424339,266.5019741,9.493348359,11.9441946,8.62018805
3886,24,32,64,1,0,1,1,1,1,1,1,1,1,1,1,224.551393,201.2300013,267.4658831,4.338968786,9.633926977,9.961590017,225.4981132,203.4741504,266.3175745,9.387527164,10.96839541,7.130000027
3887,24,32,64,1,0,1,1,1,1,0,1,1,1,1,1,224.8609594,197.7364441,269.9980769,8.455579197,38.19373631,32.29021159,225.7836746,198.2344065,270.2460181,8.400437738,38.07353629,32.26699611
3888,24,32,64,1,0,1,1,1,1,1,0,1,1,1,1,255.2566326,338.4807868,334.324772,9.698565505,15.00769012,15.34594465,258.3307939,339.6304568,335.6713523,12.45657008,15.00237938,16.45460392
3889,24,32,64,1,0,1,1,1,1,1,1,0,1,1,1,225.5733899,202.3933713,265.6435439,9.05989609,7.227121648,10.79200524,228.0372309,203.0128962,264.5271538,12.37104044,3.213244242,10.40657227
3890,24,32,64,1,0,1,1,1,1,1,1,1,0,1,1,220.3390789,201.2437266,272.3981021,29.51587811,66.41749659,69.28719572,228.8426876,199.5530308,266.420243,34.67621985,64.65682655,68.95146283
3891,24,32,64,1,0,1,1,1,1,1,1,1,1,0,1,224.2786385,201.2777479,267.6965362,4.241237691,10.3002986,10.64276962,225.2494572,203.5520712,266.476993,9.479322175,11.56768326,7.959660989
3892,24,32,64,1,0,1,1,1,1,1,1,1,1,1,0,221.9480219,203.8596392,267.8789916,56.04294506,59.70669387,29.12218878,225.590471,210.4936088,262.0913097,58.3213963,60.19428185,25.88936935
3893,24,32,64,1,1,0,1,1,1,1,1,1,1,1,1,226.4496565,203.8586965,263.6779798,9.731459084,3.466970382,7.145170126,225.9489768,204.3066563,265.1690284,5.590417054,6.926933779,7.659395546
3894,24,32,64,1,1,0,1,1,1,0,1,1,1,1,1,226.4779341,200.759133,266.1582144,24.18109192,52.82840693,54.6061244,222.4442476,202.5760979,271.811079,18.43943748,54.16047336,55.04897089
3895,24,32,64,1,1,0,1,1,1,1,0,1,1,1,1,226.2941637,200.9863101,265.2585731,15.28343644,3.241102018,13.90539621,225.8188912,201.6042647,267.3181746,13.23200442,8.147229351,14.50435795
3896,24,32,64,1,1,0,1,1,1,1,1,0,1,1,1,270.4370406,199.1148169,446.0959087,16.01375192,10.43152847,13.61930483,269.7294231,197.1480772,445.7668718,15.62348466,8.843048518,14.83550898
3897,24,32,64,1,1,0,1,1,1,1,1,1,0,1,1,227.7709653,204.89711,261.6522132,19.03602418,6.345248179,22.93451321,228.7115587,205.4934247,261.8535082,19.07112658,6.341656112,22.87840091
3898,24,32,64,1,1,0,1,1,1,1,1,1,1,0,1,229.6465283,201.294988,264.1395536,58.47988402,23.74822619,56.99394739,226.009186,207.5123677,262.6504512,58.32920575,28.1935587,55.65551344
3899,24,32,64,1,1,0,1,1,1,1,1,1,1,1,0,224.6756566,204.5081124,264.7211008,10.30026021,5.574927997,5.818872125,224.0698888,205.9350627,265.5847307,8.61715202,9.301876214,3.947416909
3900,24,32,64,1,1,1,0,1,1,1,1,1,1,1,1,226.4437047,203.8598374,263.6799603,9.731845436,3.472055616,7.143558361,225.9435822,204.304381,265.1724612,5.591076224,6.925120703,7.662817175
3901,24,32,64,1,1,1,0,1,1,0,1,1,1,1,1,227.7939502,200.1022459,267.0557021,18.89390124,3.888985943,17.38025659,226.5972114,200.591806,268.4357914,16.46484399,8.18799625,17.38104619
3902,24,32,64,1,1,1,0,1,1,1,0,1,1,1,1,227.2056944,199.2256267,266.6164664,34.97348239,65.15159822,69.36383001,220.4517989,202.147136,273.0776047,29.54821944,66.59951372,69.52077523
3903,24,32,64,1,1,1,0,1,1,1,1,0,1,1,1,227.7837428,204.9040257,261.6472485,19.07997108,6.344897417,22.97264637,228.7038401,205.5011451,261.83745,19.09471481,6.3425688,22.90705444
3904,24,32,64,1,1,1,0,1,1,1,1,1,0,1,1,270.2543047,196.1000702,443.5807265,24.34021168,14.70497572,20.10762355,267.7877513,190.8038787,442.7803902,23.49163175,11.37079417,21.76406577
3905,24,32,64,1,1,1,0,1,1,1,1,1,1,0,1,224.6732306,204.5048523,264.7308151,10.3217861,5.601353706,5.819866475,224.0647106,205.9272411,265.5909522,8.630886503,9.307606344,3.940370273
3906,24,32,64,1,1,1,0,1,1,1,1,1,1,1,0,229.1926057,201.7756335,263.9373141,53.54240045,21.47667894,52.12691415,226.1168654,207.5073051,263.0062937,53.46806049,26.02299412,50.88719139
3907,24,32,64,1,1,1,1,0,1,1,1,1,1,1,1,223.3304126,205.1208823,265.4115949,8.113582604,8.62972133,3.792776862,225.5218058,204.7740947,265.2041599,9.450322632,4.764455404,5.783429134
3908,24,32,64,1,1,1,1,0,1,0,1,1,1,1,1,224.3195822,209.9488083,262.0761486,54.02775838,55.32671341,22.52114799,222.9181155,204.6609119,267.5066826,51.38623425,54.38938352,25.74718383
3909,24,32,64,1,1,1,1,0,1,1,0,1,1,1,1,224.4423816,203.2240474,265.9607984,9.662888821,11.40749347,7.553846512,225.234392,201.8822516,267.7704871,4.016994819,9.931468252,10.49041785
3910,24,32,64,1,1,1,1,0,1,1,1,0,1,1,1,225.3443957,207.1580957,261.8789937,57.35246911,27.4035576,54.71476071,230.8282016,202.2852228,263.7065141,57.16819312,22.80588975,55.86285534
3911,24,32,64,1,1,1,1,0,1,1,1,1,0,1,1,223.3723701,205.4267367,265.1475184,8.704181244,9.382539485,3.812181691,225.6553531,205.0084877,264.9215159,10.02326412,5.696480873,5.945420545
3912,24,32,64,1,1,1,1,0,1,1,1,1,1,0,1,334.1613332,303.9874436,291.075869,21.92039223,22.91226767,11.82037995,336.735453,306.1931421,296.509571,18.82912674,22.01353972,14.72178183
3913,24,32,64,1,1,1,1,0,1,1,1,1,1,1,0,220.6237897,206.4282689,266.9238922,33.43266281,28.72280104,5.907924675,221.4468645,206.9671331,267.2161939,33.27931768,28.64396599,5.901819633
3914,24,32,64,1,1,1,1,1,0,1,1,1,1,1,1,223.3372487,205.1249518,265.4054938,8.110132645,8.626057955,3.792830459,225.5256372,204.7769381,265.1978451,9.439828369,4.754218616,5.781790484
3915,24,32,64,1,1,1,1,1,0,0,1,1,1,1,1,224.2880655,203.2872737,266.0610491,9.684783132,13.18514547,10.35269469,225.0082342,202.0627147,267.8845617,4.030848327,12.07953723,12.58347677
3916,24,32,64,1,1,1,1,1,0,1,0,1,1,1,1,224.2268129,210.2076433,261.692689,56.47752808,58.3378094,24.98555674,222.5536282,204.7806333,267.8017782,53.76950152,57.48505422,28.18060722
3917,24,32,64,1,1,1,1,1,0,1,1,0,1,1,1,223.3591909,205.4133181,265.1597783,8.661115046,9.327248263,3.810992206,225.6423399,205.0000447,264.9285017,9.986096955,5.609042328,5.928684509
3918,24,32,64,1,1,1,1,1,0,1,1,1,0,1,1,225.3743649,206.9719442,262.5714127,48.10591129,23.05319687,45.88235564,229.882601,203.0533329,263.4555063,47.90653009,18.30051835,46.87633501
3919,24,32,64,1,1,1,1,1,0,1,1,1,1,0,1,220.6243421,206.4119006,266.9260531,33.30440481,28.59862842,5.913870416,221.4567799,206.9619913,267.2178947,33.16134425,28.52579317,5.906472178
3920,24,32,64,1,1,1,1,1,0,1,1,1,1,1,0,334.7008685,304.484012,293.9139768,21.58432116,23.50560224,15.75700066,336.151039,305.1903322,294.3582423,20.11018527,22.95740083,16.22449192
3921,32,96,64,1,1,1,1,1,1,1,1,1,1,1,1,202.5301157,228.1511722,263.1336224,3.967505839,1.768573443,2.883035402,203.008579,228.2382323,263.4623787,3.634592859,2.055645268,2.882134722
3922,32,96,64,1,1,1,1,1,1,0,1,1,1,1,1,202.5248965,227.5543522,263.6676919,6.836830209,7.812149868,4.85030645,203.2135496,226.2195188,265.0798164,3.408582131,6.874717458,7.862829485
3923,32,96,64,1,1,1,1,1,1,1,0,1,1,1,1,202.5220317,227.5523382,263.667475,6.836913671,7.808897983,4.853472847,203.2096323,226.2205388,265.0846155,3.406204791,6.876717602,7.866096416
3924,32,96,64,1,1,1,1,1,1,1,1,0,1,1,1,202.8948374,228.2473301,262.8764839,4.183933463,4.125932467,7.248590509,204.3100142,228.9042681,262.0069937,7.666577467,3.194561259,6.095435103
3925,32,96,64,1,1,1,1,1,1,1,1,1,0,1,1,202.8909506,228.2544601,262.8743415,4.166326545,4.122734197,7.234361766,204.3056493,228.9094692,262.0090383,7.653709099,3.195680065,6.085753102
3926,32,96,64,1,1,1,1,1,1,1,1,1,1,0,1,202.1203279,228.6631792,263.0109921,8.872473753,5.025994328,5.741574271,201.2014694,229.4459384,263.8337455,7.145773826,7.148072927,3.854265093
3927,32,96,64,1,1,1,1,1,1,1,1,1,1,1,0,202.1246722,228.6687776,263.007143,8.870550085,5.040866227,5.748031377,201.2058803,229.4577731,263.8317982,7.149811128,7.168790206,3.859671095
3928,32,96,64,0,1,1,1,1,1,1,1,1,1,1,1,202.6548545,226.0867953,264.7796929,3.529964168,6.834992247,7.870861736,203.0750486,227.5697912,263.9318631,6.811052132,7.759372877,4.908858421
3929,32,96,64,0,1,1,1,1,1,0,1,1,1,1,1,209.0155459,401.4156526,312.5784724,15.45689364,18.7719352,23.02779329,204.2984444,401.0216105,309.3737933,13.2609591,20.37655463,22.10261902
3930,32,96,64,0,1,1,1,1,1,1,0,1,1,1,1,203.9292911,222.7308799,266.6451677,6.288183132,28.87957037,24.46975517,204.5226277,222.7833182,266.9266883,6.283233526,28.85091565,24.4642811
3931,32,96,64,0,1,1,1,1,1,1,1,0,1,1,1,201.4164331,226.1547501,266.1593469,12.24589914,35.24409778,36.07280464,205.2512228,226.6346887,263.6174604,16.69974939,34.75001481,35.78253728
3932,32,96,64,0,1,1,1,1,1,1,1,1,0,1,1,203.1299721,227.6000851,263.2607149,7.088467071,4.459058886,9.215453818,204.8257072,228.2850133,262.2860987,9.953036974,3.249612412,8.419629689
3933,32,96,64,0,1,1,1,1,1,1,1,1,1,0,1,200.2125367,228.2956217,264.9217435,42.68536956,44.75220875,20.68494972,201.5692121,232.4269146,261.0859732,43.83055913,45.0618231,17.45205773
3934,32,96,64,0,1,1,1,1,1,1,1,1,1,1,0,201.7477871,226.4432094,265.2197851,3.217387914,11.96079577,12.85857249,202.3097658,227.9939796,264.1076736,7.256555042,12.44564069,11.09541607
3935,32,96,64,1,0,1,1,1,1,1,1,1,1,1,1,202.6549972,226.0956778,264.7711746,3.536971303,6.79131557,7.828340397,203.0741085,227.5767451,263.9265456,6.803747535,7.724809303,4.847324077
3936,32,96,64,1,0,1,1,1,1,0,1,1,1,1,1,203.9283305,222.7345451,266.6495591,6.287793498,28.84192813,24.43538592,204.5218824,222.7834107,266.9248936,6.282475368,28.81488597,24.42916218
3937,32,96,64,1,0,1,1,1,1,1,0,1,1,1,1,208.3556675,401.7471485,312.1373149,15.50625724,18.73136808,23.04406786,203.4299935,401.2865962,308.870351,13.07744787,20.26436398,22.05826824
3938,32,96,64,1,0,1,1,1,1,1,1,0,1,1,1,203.2032685,227.6919843,263.140707,6.567343476,4.387948449,8.835280764,204.7611295,228.3560896,262.1597199,9.441546377,3.254977998,7.895582936
3939,32,96,64,1,0,1,1,1,1,1,1,1,0,1,1,199.6319203,226.156127,267.9550966,21.88550864,54.29778501,55.92398499,205.7806928,225.1706989,263.6077196,25.89403037,53.56610369,55.71538272
3940,32,96,64,1,0,1,1,1,1,1,1,1,1,0,1,201.6407143,226.4774031,265.2942301,3.35231951,12.77198059,13.68956933,202.2219226,227.9892115,264.2304207,7.303005089,13.25627567,12.11120946
3941,32,96,64,1,0,1,1,1,1,1,1,1,1,1,0,199.7572206,228.4396018,265.0476071,50.13800137,52.63191001,24.20972815,202.2105695,233.7445994,260.2113652,51.55604694,52.97463024,21.03839496
3942,32,96,64,1,1,0,1,1,1,1,1,1,1,1,1,203.6111028,228.7495525,261.9440427,7.478988657,3.153077379,5.683870575,203.2661135,228.3301356,263.335897,3.783554029,4.234029434,6.773178552
3943,32,96,64,1,1,0,1,1,1,0,1,1,1,1,1,202.7643227,227.5542461,263.5328985,7.108633412,8.573501913,6.096597681,203.297872,226.1770429,265.0636049,3.0797381,7.820624063,8.707236018
3944,32,96,64,1,1,0,1,1,1,1,0,1,1,1,1,204.4451422,227.6834215,262.44714,11.99324202,3.369775215,10.50427047,203.8478932,227.2992896,263.8533325,9.735509092,4.695550977,10.98883897
3945,32,96,64,1,1,0,1,1,1,1,1,0,1,1,1,269.7015588,228.2019805,410.3605769,23.85810169,16.50284748,20.40128437,271.7636235,231.7014013,411.4462936,23.70883225,17.25311843,19.25717039
3946,32,96,64,1,1,0,1,1,1,1,1,1,0,1,1,204.7028616,231.1180844,259.3885548,20.54201506,4.480822718,24.02559802,205.2982097,231.2322278,259.6186327,20.52574053,4.485742108,23.97913943
3947,32,96,64,1,1,0,1,1,1,1,1,1,1,0,1,206.6632034,226.4662293,262.4860675,47.0537036,18.56095954,46.02767197,203.1643884,230.3877753,261.6050059,46.66935515,20.80710146,44.81727042
3948,32,96,64,1,1,0,1,1,1,1,1,1,1,1,0,202.0488531,228.8548326,262.9149639,9.550405322,6.213367738,5.864427921,201.1020112,229.6922542,263.7165909,7.994316379,8.084381938,3.856779917
3949,32,96,64,1,1,1,0,1,1,1,1,1,1,1,1,203.6110952,228.7531005,261.9406811,7.484679794,3.153334283,5.706648718,203.2682834,228.3325038,263.3314839,3.809598899,4.233864576,6.794591739
3950,32,96,64,1,1,1,0,1,1,0,1,1,1,1,1,204.571491,227.6747815,262.4199599,11.79698411,3.616348653,10.41003312,203.8811259,227.1918882,263.8672758,9.348519587,4.794262591,10.88293504
3951,32,96,64,1,1,1,0,1,1,1,0,1,1,1,1,204.9105916,225.0017377,263.8471472,24.73486196,51.63253444,53.61126081,200.2138765,225.9775357,268.6328369,20.56204617,52.28561022,53.73635767
3952,32,96,64,1,1,1,0,1,1,1,1,0,1,1,1,204.6987649,231.1130994,259.3984609,20.51338056,4.481734613,23.99520832,205.2833226,231.2258947,259.6209926,20.48636366,4.48558278,23.94464389
3953,32,96,64,1,1,1,0,1,1,1,1,1,0,1,1,269.0831268,226.6616753,409.8369179,25.22726959,14.83563923,21.91588523,272.4435478,232.6181802,411.5096937,25.15769839,16.46934859,20.32967852
3954,32,96,64,1,1,1,0,1,1,1,1,1,1,0,1,202.0573172,228.8330326,262.916481,9.3703492,5.873427631,5.843333858,201.0977503,229.6546506,263.7313936,7.741857636,7.823567646,3.856835929
3955,32,96,64,1,1,1,0,1,1,1,1,1,1,1,0,205.7933145,227.1714244,262.0995225,39.95498744,15.47811027,39.02342822,203.0817709,230.4263897,261.9791834,39.5985766,17.77129843,37.97869433
3956,32,96,64,1,1,1,1,0,1,1,1,1,1,1,1,200.5929293,229.4885365,263.4839452,7.349540869,7.220240686,3.836883363,202.5500165,228.8850354,263.242029,8.891145445,5.209402502,5.697773335
3957,32,96,64,1,1,1,1,0,1,0,1,1,1,1,1,201.1835613,232.691299,261.4424737,41.73071034,42.06503886,14.16249517,200.8907789,228.4254772,265.0273151,40.32738718,41.52941949,17.45068794
3958,32,96,64,1,1,1,1,0,1,1,0,1,1,1,1,201.7113629,227.8793648,264.0298239,7.36125571,13.50537087,12.40086024,202.2270194,226.5344679,265.6677479,3.290452853,13.02475249,13.93963448
3959,32,96,64,1,1,1,1,0,1,1,1,0,1,1,1,202.4468943,230.7860349,261.074985,48.1150031,21.36093115,46.17990742,207.2257298,226.9438368,262.5317229,48.27471552,19.11515824,47.25275458
3960,32,96,64,1,1,1,1,0,1,1,1,1,0,1,1,200.5084471,229.6769317,263.3823817,7.836743016,7.789532294,3.839164066,202.5128276,229.0396569,263.1397944,9.325554646,5.900123135,5.785377374
3961,32,96,64,1,1,1,1,0,1,1,1,1,1,0,1,306.5605412,331.2189435,309.0286005,17.6580447,18.37291877,12.40755898,307.5423482,331.4097234,310.3607523,15.68395467,17.64212975,12.72587425
3962,32,96,64,1,1,1,1,0,1,1,1,1,1,1,0,197.1333424,230.9715958,264.7162619,34.08944057,29.68813529,5.952099596,197.7117009,231.0458665,265.0075665,34.0241923,29.66687896,5.927764645
3963,32,96,64,1,1,1,1,1,0,1,1,1,1,1,1,200.6011396,229.4792703,263.4847474,7.32894726,7.204117222,3.834417245,202.5587301,228.8746768,263.2448278,8.872821859,5.18533229,5.699140496
3964,32,96,64,1,1,1,1,1,0,0,1,1,1,1,1,201.6394033,228.2327302,263.7610329,7.618553155,14.10945009,12.87483704,202.1212136,226.7231565,265.5913835,2.992887253,13.64660897,14.52957149
3965,32,96,64,1,1,1,1,1,0,1,0,1,1,1,1,201.1122642,233.5693605,260.5867048,48.48523307,49.63318172,19.16586323,200.193924,228.6849868,265.5254878,46.91998418,49.19345776,22.32897967
3966,32,96,64,1,1,1,1,1,0,1,1,0,1,1,1,200.4998643,229.7334558,263.3572131,8.094331558,8.066492312,3.836585446,202.4942504,229.0788085,263.1300937,9.507732026,6.250766119,5.815502186
3967,32,96,64,1,1,1,1,1,0,1,1,1,0,1,1,202.3884945,230.7067548,261.5424373,39.56807401,17.56737733,37.99560469,206.2048134,227.6969134,262.1196229,39.73902643,15.27318108,38.89586209
3968,32,96,64,1,1,1,1,1,0,1,1,1,1,0,1,197.1539297,230.9726555,264.7152062,34.00631209,29.6054227,5.956251143,197.7295291,231.0435101,265.005713,33.93967539,29.58412516,5.932496519
3969,32,96,64,1,1,1,1,1,0,1,1,1,1,1,0,306.300341,330.7274132,308.6626503,16.54474067,16.7447233,10.17196282,307.8322476,331.6589198,311.1400932,14.46003562,16.40057014,11.6121532
3970,64,32,24,1,1,1,1,1,1,1,1,1,1,1,1,247.643279,252.325156,193.2240069,2.464524537,4.887559565,4.771932786,247.9356892,253.0382796,193.8619897,2.962432404,4.577105894,4.510396317
3971,64,32,24,1,1,1,1,1,1,0,1,1,1,1,1,247.6522485,252.1213092,193.6715106,5.330912296,9.189947759,5.097308111,248.4339134,251.5218753,195.4301152,3.678296935,7.894425195,9.276353485
3972,64,32,24,1,1,1,1,1,1,1,0,1,1,1,1,247.6466478,252.1275967,193.6733451,5.328895236,9.184118651,5.083768554,248.4275279,251.5289184,195.4307728,3.678550308,7.881367161,9.260749787
3973,64,32,24,1,1,1,1,1,1,1,1,0,1,1,1,248.4001525,252.041155,192.7152776,6.515434134,8.590985458,10.92733391,249.8602188,252.923098,191.6900934,9.486901133,4.233590035,9.274717608
3974,64,32,24,1,1,1,1,1,1,1,1,1,0,1,1,248.4006252,252.0387632,192.7149987,6.473241407,8.589706755,10.90790085,249.8548352,252.9213012,191.6877445,9.450881645,4.234718615,9.240734146
3975,64,32,24,1,1,1,1,1,1,1,1,1,1,0,1,247.078571,252.8855866,193.1706775,8.90485181,5.997402687,8.127403023,245.8523991,255.0677495,193.862079,8.134169762,9.97015877,3.575593516
3976,64,32,24,1,1,1,1,1,1,1,1,1,1,1,0,247.0785572,252.8856291,193.1689138,8.921398649,6.023424397,8.128268367,245.8531063,255.0710041,193.8594027,8.156317696,9.988457038,3.575182602
3977,64,32,24,0,1,1,1,1,1,1,1,1,1,1,1,248.1324819,251.0759437,194.5066132,3.556855598,7.405022095,8.882219876,247.9370515,252.9728045,194.1946864,5.439889968,8.419448393,4.52778373
3978,64,32,24,0,1,1,1,1,1,0,1,1,1,1,1,251.4022161,384.3654698,273.330984,20.14578985,25.21728578,28.64352454,250.7598426,385.0618166,273.5522529,19.51850964,23.55046092,26.93000684
3979,64,32,24,0,1,1,1,1,1,1,0,1,1,1,1,249.9452914,248.7584814,195.8047824,5.50256554,28.16538627,23.88060887,250.2166401,249.394186,196.5917531,5.501780612,28.05103048,23.83600081
3980,64,32,24,0,1,1,1,1,1,1,1,0,1,1,1,245.2929227,251.9405205,198.4407337,23.21400536,52.44301708,54.16453741,250.7141078,250.6398636,194.3234856,26.3447233,50.14387711,53.56628936
3981,64,32,24,0,1,1,1,1,1,1,1,1,0,1,1,248.5620005,251.8980361,192.724736,7.646573948,8.620358181,11.56997339,250.0500382,252.7460418,191.7384179,10.28453016,4.195794326,10.11204455
3982,64,32,24,0,1,1,1,1,1,1,1,1,1,0,1,247.0701543,252.8799331,193.1890122,8.944542104,6.081427413,8.140574285,245.8498877,255.0762539,193.8687824,8.202530424,10.02056976,3.543644352
3983,64,32,24,0,1,1,1,1,1,1,1,1,1,1,0,247.4714804,251.3268164,195.0397767,3.597861306,8.697026495,10.32398318,247.2501926,253.3676765,194.5445153,5.745929604,9.556226477,6.258980902
3984,64,32,24,1,0,1,1,1,1,1,1,1,1,1,1,248.1286058,251.0779231,194.5062332,3.554910282,7.413960942,8.887189595,247.9336978,252.9753709,194.1966528,5.438926698,8.430661268,4.537336509
3985,64,32,24,1,0,1,1,1,1,0,1,1,1,1,1,249.9474832,248.7669451,195.7922612,5.502091033,28.03091174,23.74811861,250.2194108,249.3985316,196.5749521,5.50214367,27.9176982,23.70172323
3986,64,32,24,1,0,1,1,1,1,1,0,1,1,1,1,252.5193974,384.8178311,273.8984434,19.50828734,23.04437804,26.26205691,254.6159148,385.9850404,275.3354546,19.83461289,21.12389301,25.57857471
3987,64,32,24,1,0,1,1,1,1,1,1,0,1,1,1,248.5076197,251.951124,192.7106173,6.836069336,8.629241531,11.1439821,249.9832768,252.8256519,191.6697857,9.731439548,4.202777281,9.52225587
3988,64,32,24,1,0,1,1,1,1,1,1,1,0,1,1,244.7946118,251.9962902,199.0322941,25.29017801,56.85313561,58.67437634,250.6104068,250.2424439,194.314674,28.36222674,54.45276245,58.02589617
3989,64,32,24,1,0,1,1,1,1,1,1,1,1,0,1,246.9286198,251.7099039,195.1871213,3.654522609,11.56146227,13.00636343,246.7788368,253.7659919,194.6800967,6.014173995,12.23189934,10.11731454
3990,64,32,24,1,0,1,1,1,1,1,1,1,1,1,0,244.7826964,253.1568655,196.0030961,49.65009964,51.34148661,24.05198716,245.7730161,257.9880352,191.5672302,50.57406254,51.41052205,18.44101935
3991,64,32,24,1,1,0,1,1,1,1,1,1,1,1,1,249.8637472,252.1108986,190.8602166,9.602245288,4.317099554,9.592972077,248.9120202,252.6605256,193.2403732,6.865266472,8.476272163,10.98087171
3992,64,32,24,1,1,0,1,1,1,0,1,1,1,1,1,250.8959153,249.6509651,193.2695141,27.50819473,54.71285347,57.97311216,245.8319669,252.7355389,199.603812,24.40457966,56.72532944,58.27113918
3993,64,32,24,1,1,0,1,1,1,1,0,1,1,1,1,250.0139009,251.9761674,190.8714778,9.92424517,4.279556015,9.909687493,249.0367881,252.5382942,193.2686077,7.262278407,8.523271525,11.25149833
3994,64,32,24,1,1,0,1,1,1,1,1,0,1,1,1,339.4048451,293.0572765,305.5228105,15.41893492,10.31788384,16.53934222,340.5603308,296.1807884,306.7885057,15.30138593,12.11431397,13.60617384
3995,64,32,24,1,1,0,1,1,1,1,1,1,0,1,1,252.107581,252.3968403,187.5513699,33.52541789,7.848756536,39.26381585,252.3014593,253.1266545,188.2773527,33.48142198,7.789089278,39.12134847
3996,64,32,24,1,1,0,1,1,1,1,1,1,1,0,1,255.5418867,247.7156041,191.3851612,67.43848165,28.98503982,64.69717438,249.0549061,255.6608464,189.3742919,66.93110153,33.62135377,62.44657544
3997,64,32,24,1,1,0,1,1,1,1,1,1,1,1,0,247.6590314,253.054731,192.1713545,10.72218565,8.389902437,8.455643599,246.3344938,255.4787196,192.7871885,10.16969182,11.89954573,3.290675608
3998,64,32,24,1,1,1,0,1,1,1,1,1,1,1,1,249.8648858,252.1079991,190.8567221,9.630999569,4.313825865,9.638479138,248.9172373,252.6595201,193.2356064,6.916748406,8.476669303,11.02358558
3999,64,32,24,1,1,1,0,1,1,0,1,1,1,1,1,250.04235,251.9616383,190.8892931,10.11334179,4.259462899,10.0879332,249.0482383,252.5295527,193.278223,7.515009869,8.543551639,11.38605482
4000,64,32,24,1,1,1,0,1,1,1,0,1,1,1,1,251.1090189,249.3281692,193.3062285,29.86663675,57.27596653,61.06481469,245.5007304,252.6430488,199.8169518,26.77356914,59.30743018,61.27086612
4001,64,32,24,1,1,1,0,1,1,1,1,0,1,1,1,252.1079858,252.3909769,187.5395058,33.57122434,7.844181165,39.31001367,252.3197875,253.1231807,188.2731564,33.53417949,7.789823697,39.17467141
4002,64,32,24,1,1,1,0,1,1,1,1,1,0,1,1,340.1155359,294.3949769,305.7808626,18.56195463,13.5883879,18.25167648,340.5965961,296.2094443,306.9879903,17.67775766,13.76755358,15.53063284
4003,64,32,24,1,1,1,0,1,1,1,1,1,1,0,1,248.0333157,253.1216641,192.0964256,12.47429174,10.50917061,8.664081489,246.7241814,255.6618852,192.6872875,12.03951946,13.49342779,3.260770352
4004,64,32,24,1,1,1,0,1,1,1,1,1,1,1,0,254.0737627,248.9846814,191.1320491,57.08544719,23.41427503,54.95676247,248.9923049,255.7098897,190.3445483,56.64506485,28.3279796,53.01691373
4005,64,32,24,1,1,1,1,0,1,1,1,1,1,1,1,245.7637369,254.1751232,193.0469195,7.748117991,9.786578686,3.694843446,247.4116852,253.4134745,193.8624175,8.490823806,5.793306364,8.114814445
4006,64,32,24,1,1,1,1,0,1,0,1,1,1,1,1,245.768828,254.1727125,193.0448312,7.785452943,9.812865479,3.650612548,247.4155045,253.4009727,193.8748218,8.506724235,5.838669402,8.128904705
4007,64,32,24,1,1,1,1,0,1,1,0,1,1,1,1,247.1810805,252.4184569,193.9040315,5.555846105,10.10420993,6.474835297,247.9596679,251.706458,195.754064,3.662046389,8.865959877,10.30365819
4008,64,32,24,1,1,1,1,0,1,1,1,0,1,1,1,248.7180635,254.3356087,188.9339907,68.88563137,34.76067163,64.384038,255.6995339,247.5572507,192.8377544,69.18676498,29.95566758,66.27034809
4009,64,32,24,1,1,1,1,0,1,1,1,1,0,1,1,247.8848956,255.3582385,190.2484715,12.79685014,14.35468373,3.908251595,249.4278748,254.1908001,191.0720887,12.99801159,11.59943807,8.645365211
4010,64,32,24,1,1,1,1,0,1,1,1,1,1,0,1,425.5666582,296.0598101,197.078227,16.93437486,20.86988214,13.28618273,425.3308771,293.9867833,193.8122713,18.68506824,19.88518002,10.48127637
4011,64,32,24,1,1,1,1,0,1,1,1,1,1,1,0,243.2008572,255.8508071,193.7848346,26.53107629,21.95072755,7.270643118,243.3683266,256.5743141,194.5852438,26.46604355,21.95624456,7.263729246
4012,64,32,24,1,1,1,1,1,0,1,1,1,1,1,1,245.7705473,254.1704352,193.0420226,7.737124235,9.768201561,3.708559048,247.4136584,253.414787,193.8555389,8.47984824,5.774394649,8.10336484
4013,64,32,24,1,1,1,1,1,0,0,1,1,1,1,1,247.1945358,252.3891984,193.8951165,5.52024006,9.893382751,6.137326465,247.9885291,251.6914928,195.7750997,3.663117405,8.690992619,10.16165794
4014,64,32,24,1,1,1,1,1,0,1,0,1,1,1,1,245.9414732,257.112251,190.4554252,55.4634182,56.73362437,21.69376345,244.9783002,253.3946009,197.1557754,54.33057447,56.49716507,26.99588551
4015,64,32,24,1,1,1,1,1,0,1,1,0,1,1,1,246.9814199,254.8261652,190.974386,13.02254929,14.56745028,3.487591432,248.6934359,253.8102729,191.8620557,13.41346598,11.95540124,8.606811988
4016,64,32,24,1,1,1,1,1,0,1,1,1,0,1,1,248.8205624,254.5174823,189.1847065,66.34143903,33.73996631,61.85559665,255.3628953,247.9609054,192.7055719,66.60763509,28.86630184,63.66961458
4017,64,32,24,1,1,1,1,1,0,1,1,1,1,0,1,243.2035269,255.8512178,193.7783922,26.5029603,21.92319753,7.270879641,243.3763232,256.5831938,194.5786945,26.44131633,21.93354658,7.262868582
4018,64,32,24,1,1,1,1,1,0,1,1,1,1,1,0,427.7662239,296.7888477,199.9522391,10.04078938,11.63733074,8.464485557,427.7451956,296.2152418,198.8453647,10.0672259,10.40529514,5.233334499
4019,32,48,32,1,1,1,1,1,1,1,1,1,1,1,1,213.11509,242.5794045,233.9648426,4.047551015,3.165751708,4.479774148,213.6394816,242.9961556,234.6043004,3.957082795,3.407186335,4.293708313
4020,32,48,32,1,1,1,1,1,1,0,1,1,1,1,1,213.0439634,242.1473854,234.5217264,7.167235519,8.811713787,5.523022054,213.7709346,241.1267446,236.4873125,3.59613362,7.882998645,9.47289532
4021,32,48,32,1,1,1,1,1,1,1,0,1,1,1,1,213.0471773,242.1451948,234.5185996,7.17275998,8.849980336,5.560124232,213.7732222,241.1219148,236.4884788,3.590855724,7.91570048,9.505192019
4022,32,48,32,1,1,1,1,1,1,1,1,0,1,1,1,213.6441604,242.4990978,233.6570182,5.153374391,6.176342846,9.290191278,215.2937566,243.2955341,232.9090823,9.059958595,3.762686711,7.971229016
4023,32,48,32,1,1,1,1,1,1,1,1,1,0,1,1,213.6460544,242.4921315,233.6607675,5.179255245,6.179768532,9.306722818,215.29311,243.287793,232.9068743,9.06609541,3.762365713,7.979772084
4024,32,48,32,1,1,1,1,1,1,1,1,1,1,0,1,212.6129416,243.2634832,233.7888721,9.924638595,5.812910462,7.922846559,211.5702425,244.913203,234.6053029,8.51341686,9.278027851,3.939074026
4025,32,48,32,1,1,1,1,1,1,1,1,1,1,1,0,212.6135707,243.2632589,233.7855416,9.93116264,5.841375606,7.921837436,211.5757829,244.9176288,234.603273,8.535243612,9.303734052,3.945515914
4026,32,48,32,0,1,1,1,1,1,1,1,1,1,1,1,213.1082841,240.9160134,235.725953,3.635772457,7.48253258,9.251023471,213.5764372,242.6336157,235.0496887,7.194073554,8.336280735,5.252547177
4027,32,48,32,0,1,1,1,1,1,0,1,1,1,1,1,215.6819609,399.7646405,287.92064,12.43731247,21.58654184,23.09518371,221.7269553,401.2682763,291.7640644,15.41772236,19.31105967,23.70885151
4028,32,48,32,0,1,1,1,1,1,1,0,1,1,1,1,214.0529343,238.4324046,237.3869811,6.623392472,26.80584136,22.3133817,214.6746113,238.7478923,238.0535906,6.614255172,26.71903285,22.30164552
4029,32,48,32,0,1,1,1,1,1,1,1,0,1,1,1,210.4427439,241.340897,239.0106557,22.72708532,53.92880559,55.70634878,216.7444295,240.2576262,235.1911601,27.25123653,52.48383185,55.43003513
4030,32,48,32,0,1,1,1,1,1,1,1,1,0,1,1,213.8513874,242.1515984,233.8342026,6.314594861,6.342145412,10.00863488,215.6152452,242.9428482,233.0292234,9.959330332,3.711258686,8.831123607
4031,32,48,32,0,1,1,1,1,1,1,1,1,1,0,1,210.1795777,243.3543945,235.9479549,52.78458782,54.75635061,25.15213283,212.3427107,249.1156752,231.3833992,54.2414358,55.1845291,20.23379055
4032,32,48,32,0,1,1,1,1,1,1,1,1,1,1,0,211.8210716,241.5555565,236.4583189,3.541448834,10.53774287,12.13029349,212.3481807,243.3099957,235.5254027,7.555922211,10.93369566,9.021491115
4033,32,48,32,1,0,1,1,1,1,1,1,1,1,1,1,213.1045024,240.9168464,235.7284381,3.635791539,7.462597442,9.241095236,213.5720902,242.6372559,235.0501394,7.192814783,8.326128879,5.224093572
4034,32,48,32,1,0,1,1,1,1,0,1,1,1,1,1,214.0525729,238.4415437,237.3608308,6.623434168,26.74229816,22.24906462,214.6748589,238.7579446,238.0363796,6.615633474,26.66288344,22.24287132
4035,32,48,32,1,0,1,1,1,1,1,0,1,1,1,1,216.6196416,400.24688,288.5149617,13.40391316,19.59912262,21.41112907,221.6734185,401.7192297,291.7803967,15.7173013,17.41765615,21.76940379
4036,32,48,32,1,0,1,1,1,1,1,1,0,1,1,1,213.8488241,242.1813751,233.8140115,6.053256094,6.334185894,9.889168076,215.5776295,242.9732971,232.9796567,9.76714277,3.709046949,8.619833643
4037,32,48,32,1,0,1,1,1,1,1,1,1,0,1,1,209.8816483,241.289328,239.5821352,25.45535381,59.42024978,61.36229775,216.7274058,239.7075715,235.1058298,29.85250305,57.88795281,61.04542112
4038,32,48,32,1,0,1,1,1,1,1,1,1,1,0,1,211.7277458,241.7817355,236.0222449,3.314519017,12.67601376,14.00555316,212.3402661,243.7408933,235.2034619,7.913409076,13.18415313,11.51395293
4039,32,48,32,1,0,1,1,1,1,1,1,1,1,1,0,209.455682,243.5802028,236.4957398,58.61659968,61.97185964,30.36090486,212.2198236,249.6707828,230.5305398,60.16903619,62.22112236,25.58151434
4040,32,48,32,1,1,0,1,1,1,1,1,1,1,1,1,214.6340435,242.8451188,232.4334256,8.742384451,3.695230419,7.610993136,214.1214219,242.8915908,234.3662276,4.767625977,6.215899077,8.713050215
4041,32,48,32,1,1,0,1,1,1,0,1,1,1,1,1,215.9704019,240.1733243,234.7036005,23.4753969,45.82185948,48.2116713,211.7823375,241.3935219,239.1957808,18.7040406,46.95675615,48.27045513
4042,32,48,32,1,1,0,1,1,1,1,0,1,1,1,1,215.0707882,242.3434192,232.5541119,9.927306506,3.646464731,8.702000922,214.4393615,242.3907816,234.6105302,6.296572721,6.462332727,9.721088989
4043,32,48,32,1,1,0,1,1,1,1,1,0,1,1,1,293.3559225,261.1287093,363.0346206,23.68519314,16.14206343,21.24563377,295.127785,264.5377304,364.3642835,23.48967451,17.15182398,19.23513791
4044,32,48,32,1,1,0,1,1,1,1,1,1,0,1,1,216.2067193,244.140965,229.8295452,25.35204119,6.054094166,29.95337123,216.8108313,244.5520138,230.4179252,25.31329446,6.043587802,29.84687347
4045,32,48,32,1,1,0,1,1,1,1,1,1,1,0,1,219.2652729,239.2809333,233.123989,60.08320142,25.47741436,58.11965862,214.1804286,245.6253945,231.3962001,59.48307991,29.08486085,55.95997568
4046,32,48,32,1,1,0,1,1,1,1,1,1,1,1,0,212.6735488,243.4476186,233.5561677,10.44348863,6.615158852,8.032611055,211.5874229,245.1604516,234.3535884,9.120364758,9.897390428,3.864509396
4047,32,48,32,1,1,1,0,1,1,1,1,1,1,1,1,214.6324416,242.8524487,232.4302206,8.743391499,3.69911035,7.623497439,214.126803,242.8956662,234.364806,4.793984778,6.214631325,8.738071588
4048,32,48,32,1,1,1,0,1,1,0,1,1,1,1,1,215.1384289,242.3296743,232.5863271,10.16373782,3.66277171,8.955483358,214.4430069,242.3766778,234.6138862,6.550788116,6.485375139,9.842964156
4049,32,48,32,1,1,1,0,1,1,1,0,1,1,1,1,216.1734602,239.0548288,234.7335616,29.63735237,57.72881087,60.86416062,210.6134818,241.3081148,240.5363531,25.09812957,59.02462289,60.87843599
4050,32,48,32,1,1,1,0,1,1,1,1,0,1,1,1,216.2206874,244.1377681,229.8316293,25.39260703,6.052338735,29.99319905,216.8195167,244.5495921,230.4181361,25.35211781,6.043489801,29.88456112
4051,32,48,32,1,1,1,0,1,1,1,1,1,0,1,1,292.9683063,259.5752227,362.570565,21.20390778,13.16627773,19.65986157,295.2062127,263.8453516,364.2050683,20.68931608,15.07681439,16.79027164
4052,32,48,32,1,1,1,0,1,1,1,1,1,1,0,1,212.7106036,243.4848179,233.5252185,10.77887456,7.195644281,8.037891711,211.649069,245.1939272,234.3038908,9.529652716,10.25943302,3.854379513
4053,32,48,32,1,1,1,0,1,1,1,1,1,1,1,0,218.7471622,239.7781565,232.9614898,56.21012397,23.70511291,54.3047781,214.2288825,245.7394896,231.7261753,55.67726909,27.38210737,52.26795036
4054,32,48,32,1,1,1,1,0,1,1,1,1,1,1,1,210.9937091,244.6191204,233.8983992,8.534936839,9.222960116,4.006889841,213.0824779,243.7573809,234.4067679,9.763209931,5.918361078,7.864689534
4055,32,48,32,1,1,1,1,0,1,0,1,1,1,1,1,211.6451912,247.7712422,231.7584023,47.05069645,47.34038693,15.38803513,211.3021753,243.3929119,236.4736146,45.47681338,46.59095419,20.41263179
4056,32,48,32,1,1,1,1,0,1,1,0,1,1,1,1,212.112575,242.8224422,234.7613323,7.566192249,12.12709075,10.11042116,212.7456955,241.6982091,236.8392332,3.389444381,11.47184442,12.82115468
4057,32,48,32,1,1,1,1,0,1,1,1,0,1,1,1,213.4930498,245.5483057,230.6663666,61.7384319,30.24154643,58.07072328,219.9121738,239.7534575,233.8460181,61.98355017,26.57455484,59.90238667
4058,32,48,32,1,1,1,1,0,1,1,1,1,0,1,1,211.1087828,244.9980457,233.5118754,9.775044011,10.44930563,3.896702046,213.2288074,244.045111,234.0553947,10.81890881,7.555705444,8.00943193
4059,32,48,32,1,1,1,1,0,1,1,1,1,1,0,1,343.4581138,317.2850216,259.1267502,18.4334543,18.88801694,11.29707939,344.9490636,319.479781,263.4043012,15.88189131,19.06557067,13.67590975
4060,32,48,32,1,1,1,1,0,1,1,1,1,1,1,0,207.9538682,246.6725935,234.5590528,33.85403057,28.59859141,7.263081321,208.4888164,247.053492,235.2366527,33.74736708,28.56666471,7.232684705
4061,32,48,32,1,1,1,1,1,0,1,1,1,1,1,1,210.9911578,244.6481956,233.8873183,8.598579358,9.299815537,3.997953277,213.0764903,243.7656362,234.4005536,9.788478227,5.993951146,7.877377164
4062,32,48,32,1,1,1,1,1,0,0,1,1,1,1,1,212.2972261,242.5497879,234.7631637,7.4533852,10.27652277,7.668715355,212.9836265,241.4572465,236.956789,3.441503572,9.653341701,11.18494582
4063,32,48,32,1,1,1,1,1,0,1,0,1,1,1,1,211.439983,249.2033732,230.2183043,60.10246513,62.16099242,25.58036704,209.898556,243.8366528,237.4755716,58.24617549,61.68255056,30.19864531
4064,32,48,32,1,1,1,1,1,0,1,1,0,1,1,1,211.0518326,244.9325985,233.5524746,9.305029254,10.00693168,3.912680208,213.194285,243.9921817,234.0824179,10.4283357,6.904154192,7.995398131
4065,32,48,32,1,1,1,1,1,0,1,1,1,0,1,1,213.5796262,245.6648538,230.8841815,59.17260474,29.20006865,55.50250715,219.5567871,240.1105041,233.7138553,59.36897385,25.49272806,57.25977372
4066,32,48,32,1,1,1,1,1,0,1,1,1,1,0,1,207.9523223,246.6874843,234.5553323,33.93376557,28.67681287,7.263736906,208.4787356,247.0613377,235.2360702,33.82170201,28.64398509,7.232646573
4067,32,48,32,1,1,1,1,1,0,1,1,1,1,1,0,343.2528057,317.820281,260.4457075,18.83650968,19.1214705,12.30724384,344.5035885,319.2827938,262.6883234,16.42878646,18.90729633,13.30825373
4068,32,16,24,1,1,1,1,1,1,1,1,1,1,1,1,264.3309385,208.9687595,219.4267418,4.729354179,7.514631832,5.272874808,265.1778312,210.1740394,220.1511615,5.184937729,6.847074612,5.292288256
4069,32,16,24,1,1,1,1,1,1,0,1,1,1,1,1,263.9787322,208.738376,220.1583166,8.851481232,12.73091798,6.973385508,264.924321,208.3793588,222.3107325,4.542686776,11.47395642,11.88762813
4070,32,16,24,1,1,1,1,1,1,1,0,1,1,1,1,263.9751387,208.7386632,220.1634896,8.854752518,12.7350749,6.973558021,264.9208294,208.380241,222.3197873,4.541767804,11.47234397,11.89292367
4071,32,16,24,1,1,1,1,1,1,1,1,0,1,1,1,265.2872204,208.6176774,218.71779,8.370698839,12.39663103,13.25247046,268.0846299,209.4564797,217.5219544,12.92446538,4.661510229,11.93773278
4072,32,16,24,1,1,1,1,1,1,1,1,1,0,1,1,265.2904872,208.6181443,218.7139244,8.364440708,12.39034523,13.25032044,268.0761532,209.4558909,217.5169434,12.89592365,4.667879876,11.92760648
4073,32,16,24,1,1,1,1,1,1,1,1,1,1,0,1,264.1006599,209.5219608,219.3066302,10.49821511,7.927893299,9.098218769,263.5399332,212.511191,220.0621521,10.45656394,12.48451223,4.101286699
4074,32,16,24,1,1,1,1,1,1,1,1,1,1,1,0,264.1020084,209.5235805,219.3009639,10.50249009,7.940966579,9.102115659,263.5437675,212.5237413,220.0571968,10.48093763,12.51339158,4.096550747
4075,32,16,24,0,1,1,1,1,1,1,1,1,1,1,1,264.1021644,207.2265967,221.4821445,4.382921267,11.2731471,11.65942226,264.7343407,209.9984289,220.9134941,8.927054197,11.96941365,6.714689905
4076,32,16,24,0,1,1,1,1,1,0,1,1,1,1,1,293.3579742,319.1830989,316.9272088,14.3675992,22.7158347,22.16536449,295.9011943,321.066945,318.348493,15.14560678,18.83465533,20.75417709
4077,32,16,24,0,1,1,1,1,1,1,0,1,1,1,1,264.3422232,204.9779063,223.329276,8.200406087,37.66586776,31.56251195,265.1071606,206.2027676,224.1687131,8.162315376,37.40921619,31.45659927
4078,32,16,24,0,1,1,1,1,1,1,1,0,1,1,1,259.2909844,208.4102004,227.74335,33.34787949,69.42067929,72.70652362,268.2496672,205.8093551,221.0713756,38.44464428,65.34875233,71.56653749
4079,32,16,24,0,1,1,1,1,1,1,1,1,0,1,1,265.4553047,207.9793203,219.1681461,10.13192564,12.62748334,14.51013142,268.4033545,208.7569601,217.9012511,14.31345514,4.392636326,13.34600353
4080,32,16,24,0,1,1,1,1,1,1,1,1,1,0,1,262.1096559,209.3561285,222.4157962,38.82273447,40.74295169,21.23358516,262.6240369,213.560265,219.5548012,40.09951166,40.7010495,14.47181734
4081,32,16,24,0,1,1,1,1,1,1,1,1,1,1,0,263.5226353,207.5304548,221.9221003,4.291625393,12.02906201,12.53025802,264.1705473,210.3881467,221.2620653,9.116874404,12.68441239,7.764017194
4082,32,16,24,1,0,1,1,1,1,1,1,1,1,1,1,264.1084171,207.2285837,221.4771334,4.386060921,11.2624153,11.64729795,264.7395085,209.9961134,220.9082557,8.921128796,11.98358711,6.703963148
4083,32,16,24,1,0,1,1,1,1,0,1,1,1,1,1,264.3414413,204.9836836,223.3304328,8.199995836,37.54908917,31.45111157,265.1068381,206.1962496,224.1560476,8.161935823,37.30472966,31.34551211
4084,32,16,24,1,0,1,1,1,1,1,0,1,1,1,1,293.3242038,319.482863,317.2941933,15.55466886,22.30332369,22.55001846,296.1657393,321.4405184,318.6989419,16.54315838,18.89429524,21.5844166
4085,32,16,24,1,0,1,1,1,1,1,1,0,1,1,1,265.4524894,208.0243723,219.1236561,9.665914174,12.60738562,14.22675416,268.3595501,208.808463,217.8354144,13.96686527,4.409230674,12.97183321
4086,32,16,24,1,0,1,1,1,1,1,1,1,0,1,1,259.1206895,208.3886713,227.8758233,33.77528232,70.47954042,73.73802405,268.1369406,205.6507583,221.0110367,38.83095455,66.37408763,72.56811775
4087,32,16,24,1,0,1,1,1,1,1,1,1,1,0,1,263.5225375,207.5220626,221.9229769,4.273476837,12.00712389,12.51899981,264.1771887,210.388873,221.269476,9.137245937,12.70345413,7.776362005
4088,32,16,24,1,0,1,1,1,1,1,1,1,1,1,0,260.3990482,209.8894451,223.819288,63.87552762,68.20454543,35.03024343,263.9642045,216.7841728,217.4993987,66.06393803,67.82827837,28.66643593
4089,32,16,24,1,1,0,1,1,1,1,1,1,1,1,1,267.4322078,208.1375928,216.6423429,12.89633846,4.982888407,12.13726515,266.1850317,209.9031323,219.2667839,8.769149908,12.16638272,13.08768575
4090,32,16,24,1,1,0,1,1,1,0,1,1,1,1,1,267.6421955,204.6472634,219.7414947,40.84918863,69.91512821,76.29490388,259.7170775,210.4496679,228.4329815,35.64795278,73.24496616,76.76785367
4091,32,16,24,1,1,0,1,1,1,1,0,1,1,1,1,267.8535348,207.1190682,217.1741578,14.21320964,4.620459652,13.39899143,266.4711286,208.9460028,219.9324626,10.31564062,12.4411227,14.30976905
4092,32,16,24,1,1,0,1,1,1,1,1,0,1,1,1,325.0702623,231.170092,358.4085602,21.69897786,15.39460559,21.33268008,327.8565737,236.0983141,359.6750911,23.02610253,18.5184864,19.03647023
4093,32,16,24,1,1,0,1,1,1,1,1,1,0,1,1,269.9459334,207.8517978,213.6458659,31.9835459,10.70318541,38.8802884,270.7025638,209.2112533,214.385653,31.97110571,10.62763431,38.67928185
4094,32,16,24,1,1,0,1,1,1,1,1,1,1,0,1,272.6043459,203.6326607,216.3401452,78.97994025,35.04725053,75.3905389,266.6709278,214.2386545,214.3228979,78.58880087,41.92209152,72.72762593
4095,32,16,24,1,1,0,1,1,1,1,1,1,1,1,0,267.1121746,210.1591229,215.6091796,13.23518295,11.07039836,9.63163666,266.3597959,213.46649,216.3411584,13.21604385,15.17967911,3.772833197
4096,32,16,24,1,1,1,0,1,1,1,1,1,1,1,1,267.4170827,208.1454279,216.6338386,12.82469716,4.990880071,12.08545659,266.1852661,209.9117029,219.2645094,8.70508771,12.16032279,13.05511988
4097,32,16,24,1,1,1,0,1,1,0,1,1,1,1,1,267.8805997,207.110029,217.1999543,14.28235872,4.633539906,13.47458907,266.4763907,208.9361545,219.9429178,10.38831188,12.44007171,14.34223042
4098,32,16,24,1,1,1,0,1,1,1,0,1,1,1,1,267.6235764,204.6041051,219.7124114,40.97496162,69.95642423,76.39047167,259.6714252,210.4142699,228.4040597,35.78083159,73.29155416,76.85929812
4099,32,16,24,1,1,1,0,1,1,1,1,0,1,1,1,269.9876589,207.8463456,213.6565549,32.13736098,10.70367238,39.02734691,270.7004927,209.2054928,214.369144,32.09496548,10.62948798,38.80827672
4100,32,16,24,1,1,1,0,1,1,1,1,1,0,1,1,326.8095945,234.2483532,358.7408605,21.79783853,16.25279217,20.90044755,328.8158213,237.997113,360.2803819,21.22088418,17.18309738,17.29074205
4101,32,16,24,1,1,1,0,1,1,1,1,1,1,0,1,268.7524603,210.7496453,214.4764503,14.50317853,12.56112126,9.990733763,268.0148348,214.2076024,215.2260608,14.71896573,16.448393,4.120088079
4102,32,16,24,1,1,1,0,1,1,1,1,1,1,1,0,271.6116247,204.9354946,216.3322305,67.92846474,28.71430456,65.08017911,266.9483999,214.216933,215.5681342,67.67137706,36.07352525,62.76573822
4103,32,16,24,1,1,1,1,0,1,1,1,1,1,1,1,263.2523879,210.9326798,219.0180518,9.646467446,12.13720834,4.112176399,265.1843163,210.5086013,219.975051,9.463422839,7.421281468,9.180171614
4104,32,16,24,1,1,1,1,0,1,0,1,1,1,1,1,263.1972816,210.9629497,219.0894399,10.24525914,12.61083999,3.827481586,265.1214127,210.4104479,220.1498068,9.800394512,8.044359338,9.424913852
4105,32,16,24,1,1,1,1,0,1,1,0,1,1,1,1,260.427641,215.3278654,222.0791316,16.41813371,33.28024206,29.08067496,260.3854325,213.8782072,225.7087037,10.96515713,33.42259473,31.81433935
4106,32,16,24,1,1,1,1,0,1,1,1,0,1,1,1,266.738787,212.0695506,213.5852868,79.43066496,42.44342584,73.60810118,274.1084154,204.0731021,217.3595148,79.3415766,35.12314384,75.70083104
4107,32,16,24,1,1,1,1,0,1,1,1,1,0,1,1,270.1396024,214.196536,212.100425,18.06618619,19.99705657,4.789256011,271.8480349,212.9973584,212.7874248,17.36014462,16.65124264,10.23937431
4108,32,16,24,1,1,1,1,0,1,1,1,1,1,0,1,432.3058269,256.896055,208.8069914,24.48399769,27.90693816,17.88848357,434.4962317,261.3257973,215.5386002,21.09092334,27.90991529,21.08466089
4109,32,16,24,1,1,1,1,0,1,1,1,1,1,1,0,261.7789652,212.4068375,219.3875891,26.63083346,21.93162542,8.24873611,262.3789336,213.7536974,220.2931859,26.46374323,21.95842039,8.231505472
4110,32,16,24,1,1,1,1,1,0,1,1,1,1,1,1,263.2536412,210.93451,219.0125678,9.669333993,12.1541995,4.110888414,265.1825324,210.5067796,219.9722702,9.47109148,7.43791912,9.179938047
4111,32,16,24,1,1,1,1,1,0,0,1,1,1,1,1,263.6286233,208.989357,220.3685207,8.983997378,13.14021867,7.595005692,264.558087,208.5768489,222.5924309,4.46270447,11.93551061,12.42356215
4112,32,16,24,1,1,1,1,1,0,1,0,1,1,1,1,264.037108,215.0511757,216.0635901,66.39573865,68.30392257,29.09075892,261.7624533,210.9500367,224.1250321,63.72389977,67.99916583,35.18032206
4113,32,16,24,1,1,1,1,1,0,1,1,0,1,1,1,272.2896454,214.3387929,211.1025797,20.5721783,21.52022256,5.831595262,274.6560218,214.2111596,211.6749683,20.59167501,19.04234463,10.691718
4114,32,16,24,1,1,1,1,1,0,1,1,1,0,1,1,266.9176047,212.1844126,214.6802901,69.77329463,37.35012059,64.76665127,273.1975798,205.3476615,217.3263933,69.62794598,29.65798594,66.62005576
4115,32,16,24,1,1,1,1,1,0,1,1,1,1,0,1,261.7692684,212.3872128,219.3904315,26.5855254,21.88380757,8.248621079,262.3842323,213.7646165,220.295888,26.44220396,21.93568995,8.229892343
4116,32,16,24,1,1,1,1,1,0,1,1,1,1,1,0,432.3039307,256.7384851,208.2344474,25.47641235,28.76430782,17.52969001,434.6527991,261.4466183,215.4274677,22.3038866,29.20172664,21.20122949
4117,32,96,24,1,1,1,1,1,1,1,1,1,1,1,1,194.7623197,272.5994101,229.2619112,3.762165233,1.913383955,5.873587433,195.1368347,272.8592612,230.0942947,3.612063793,2.635531731,5.109953083
4118,32,96,24,1,1,1,1,1,1,0,1,1,1,1,1,194.8113561,272.2260505,229.6644801,6.506880738,7.688638042,5.944845678,195.4434981,271.1680432,231.863278,3.27495114,7.261930067,9.650900801
4119,32,96,24,1,1,1,1,1,1,1,0,1,1,1,1,194.8124927,272.2238119,229.6670461,6.515132034,7.713641588,5.972022216,195.4438369,271.1622015,231.8746846,3.266554224,7.288559064,9.682718118
4120,32,96,24,1,1,1,1,1,1,1,1,0,1,1,1,195.1751479,272.5444484,229.0613461,4.920975516,4.950258298,9.92286926,196.3498157,273.3931781,228.5477295,8.481854141,3.89241412,7.959652986
4121,32,96,24,1,1,1,1,1,1,1,1,1,0,1,1,195.1718116,272.5476426,229.061426,4.916030951,4.951218766,9.918275047,196.3483083,273.396037,228.5496413,8.478208944,3.890060587,7.95907049
4122,32,96,24,1,1,1,1,1,1,1,1,1,1,0,1,194.0367087,273.4559337,229.0279908,10.98118317,7.057462602,9.795612861,192.6235591,275.0302704,229.8624668,9.301291328,9.591631441,4.162746125
4123,32,96,24,1,1,1,1,1,1,1,1,1,1,1,0,194.0381403,273.451982,229.0224298,10.97806917,7.073875828,9.799829695,192.6262707,275.0340903,229.8528966,9.312664422,9.613481739,4.156893623
4124,32,96,24,0,1,1,1,1,1,1,1,1,1,1,1,194.7186103,271.3967668,230.7258522,3.326428983,6.753825619,9.612723951,195.1393277,272.7057849,230.2700822,6.641856662,7.188136858,5.64191505
4125,32,96,24,0,1,1,1,1,1,0,1,1,1,1,1,178.233099,465.3428366,266.6847001,15.67879304,22.00163535,27.09820679,172.1802835,464.362435,263.355294,12.76055778,23.34127072,25.71626089
4126,32,96,24,0,1,1,1,1,1,1,0,1,1,1,1,195.8575982,269.384951,231.9412671,6.063666133,21.31771792,17.78013227,196.4274224,269.4362894,232.8876545,6.063182961,21.2759552,17.81116145
4127,32,96,24,0,1,1,1,1,1,1,1,0,1,1,1,193.914673,271.5392699,232.0050288,13.39395848,36.75035283,37.5426662,197.6638235,271.6690605,230.1767543,18.02024149,35.97355655,37.40337288
4128,32,96,24,0,1,1,1,1,1,1,1,1,0,1,1,195.2557709,272.4501422,229.1027671,5.190811139,4.99982076,10.08747537,196.453683,273.3078121,228.5573349,8.70704917,3.902041178,8.133423034
4129,32,96,24,0,1,1,1,1,1,1,1,1,1,0,1,190.5078765,274.3002018,231.1612304,61.6518147,64.87644185,31.51947695,192.9750211,280.4454623,225.1941775,62.94543081,65.11241652,25.98111294
4130,32,96,24,0,1,1,1,1,1,1,1,1,1,1,0,191.4445395,274.0005129,230.634989,3.739765081,16.59710191,17.66171806,191.998834,275.7186681,229.8538526,7.981142105,16.96834057,15.39497923
4131,32,96,24,1,0,1,1,1,1,1,1,1,1,1,1,194.721267,271.3888732,230.7272885,3.32526943,6.717219594,9.589272004,195.1419812,272.7003135,230.2735504,6.643578903,7.161676929,5.605519913
4132,32,96,24,1,0,1,1,1,1,0,1,1,1,1,1,195.8559257,269.3908915,231.9339485,6.062650777,21.2907404,17.75190276,196.4271833,269.4381812,232.8832063,6.062623971,21.24895341,17.78470727
4133,32,96,24,1,0,1,1,1,1,1,0,1,1,1,1,180.9716745,466.5321194,267.3174457,14.61177613,19.97642542,24.85791602,176.1047623,465.6477675,264.5742852,11.97391978,21.15403108,23.4877877
4134,32,96,24,1,0,1,1,1,1,1,1,0,1,1,1,195.2506042,272.4565476,229.0979728,5.156526634,4.99253267,10.06650306,196.4476167,273.3150653,228.5589109,8.686391525,3.900892331,8.120044
4135,32,96,24,1,0,1,1,1,1,1,1,1,0,1,1,192.5026039,271.8048656,233.5139682,22.23612367,54.67758431,55.94398804,198.2839465,270.4779494,230.2965133,26.56248651,53.68413607,55.91590451
4136,32,96,24,1,0,1,1,1,1,1,1,1,1,0,1,187.0554624,280.3290476,233.2107815,5.747896274,20.80646461,21.71019119,187.1420744,281.7818619,232.9590103,8.742058113,20.67748946,20.2118051
4137,32,96,24,1,0,1,1,1,1,1,1,1,1,1,0,190.4013305,274.3378968,231.3777788,62.15839985,65.67428786,32.36365933,192.9234657,280.3875164,225.0322989,63.45815037,65.88204832,26.78205902
4138,32,96,24,1,1,0,1,1,1,1,1,1,1,1,1,195.6579208,273.2710422,227.8216273,8.14774884,3.687917782,7.813506697,195.4523007,272.7923627,229.9944065,4.490945881,4.982442244,9.327688571
4139,32,96,24,1,1,0,1,1,1,0,1,1,1,1,1,194.8400363,272.2234314,229.6393714,6.550720578,7.767954922,6.078237344,195.4569685,271.1556,231.8702918,3.212066438,7.373624348,9.765475807
4140,32,96,24,1,1,0,1,1,1,1,0,1,1,1,1,195.8798257,273.0932481,227.8413281,8.668131318,3.736243218,8.160850152,195.6280168,272.5798031,230.0937459,5.088041774,5.094901512,9.700942269
4141,32,96,24,1,1,0,1,1,1,1,1,0,1,1,1,302.5097227,303.0036335,333.2281536,29.19521631,22.39909756,25.37626751,303.3317272,303.9397917,334.4416317,28.72839195,22.39342889,24.06730472
4142,32,96,24,1,1,0,1,1,1,1,1,1,0,1,1,196.5551078,275.2422259,225.1022334,28.25507882,5.487714333,32.62805689,197.075243,275.3825035,225.9593853,28.17684647,5.486389752,32.48855582
4143,32,96,24,1,1,0,1,1,1,1,1,1,1,0,1,200.937449,269.4820481,228.738762,57.395954,24.97154321,55.54027578,195.3965079,275.0671254,227.0433963,56.50866269,27.46685012,52.77298527
4144,32,96,24,1,1,0,1,1,1,1,1,1,1,1,0,193.9442911,273.7489839,228.8095135,13.02109065,10.14393927,9.863857795,192.6229809,275.3371155,229.5480113,11.75409616,11.9817798,4.137629183
4145,32,96,24,1,1,1,0,1,1,1,1,1,1,1,1,195.6659747,273.2659035,227.8184147,8.181055989,3.692751274,7.835534884,195.4596113,272.783537,229.9966159,4.538151417,4.989160175,9.358903756
4146,32,96,24,1,1,1,0,1,1,0,1,1,1,1,1,195.8910184,273.0826639,227.8454402,8.707085792,3.738558709,8.194667944,195.6357476,272.5708334,230.099817,5.156347293,5.102365774,9.732241586
4147,32,96,24,1,1,1,0,1,1,1,0,1,1,1,1,197.9104094,269.8105913,229.6276303,25.32642975,51.80716834,53.99863331,193.5106595,271.1185061,234.6694071,20.85831266,52.6838957,53.73642518
4148,32,96,24,1,1,1,0,1,1,1,1,0,1,1,1,196.5526132,275.2488261,225.0985397,28.32146865,5.485182608,32.69023313,197.0804166,275.3867885,225.9582213,28.24629881,5.486018971,32.55647109
4149,32,96,24,1,1,1,0,1,1,1,1,1,0,1,1,303.2752085,302.1452701,332.9049183,22.27511815,15.10588588,19.91149898,304.9893988,307.0549399,335.6173563,21.61467793,17.14459425,18.05366522
4150,32,96,24,1,1,1,0,1,1,1,1,1,1,0,1,193.9251933,273.6795283,228.8390102,12.13397717,8.798833658,9.850487968,192.5334093,275.2595744,229.6198504,10.67688697,10.91798169,4.117438852
4151,32,96,24,1,1,1,0,1,1,1,1,1,1,1,0,200.3324852,269.9730045,228.5555083,53.85394269,23.46741669,51.99823993,195.3835586,275.2370904,227.3474484,53.03801001,25.99834506,49.36958406
4152,32,96,24,1,1,1,1,0,1,1,1,1,1,1,1,191.8646412,275.1875057,228.9501387,9.912266858,9.860961973,4.455187686,194.1538047,273.951844,229.9025148,11.35053275,7.635548001,9.563666175
4153,32,96,24,1,1,1,1,0,1,0,1,1,1,1,1,192.4420054,277.5125571,227.4005084,42.48427605,42.32856772,11.53953743,192.8787411,273.4028308,231.6730506,41.3948791,41.73516649,17.79629836
4154,32,96,24,1,1,1,1,0,1,1,0,1,1,1,1,190.9904071,276.1349309,229.9227411,7.779823149,15.40206616,14.36000037,191.5186411,274.6694604,232.1978051,3.55112575,15.11384482,16.32989491
4155,32,96,24,1,1,1,1,0,1,1,1,0,1,1,1,194.424184,275.4853929,226.2968838,61.30645653,30.12652479,57.18437389,201.3768572,269.5916462,230.2435287,61.79733084,27.66028263,59.56498503
4156,32,96,24,1,1,1,1,0,1,1,1,1,0,1,1,191.8606207,275.3378356,228.8122466,10.29746931,10.26669953,4.381649939,194.1724846,274.0623319,229.7865413,11.68054909,8.108339819,9.6304817
4157,32,96,24,1,1,1,1,0,1,1,1,1,1,0,1,326.2324264,345.5352833,265.0094592,13.54663459,14.13600475,9.438069087,327.3210106,346.2985325,266.943262,15.21779008,15.43796555,11.10108288
4158,32,96,24,1,1,1,1,0,1,1,1,1,1,1,0,188.0138467,277.9531761,229.2138288,41.10256027,35.05897506,8.632336316,188.5140639,278.0427867,230.1558713,40.99387067,35.0469373,8.56142466
4159,32,96,24,1,1,1,1,1,0,1,1,1,1,1,1,191.8624603,275.2069231,228.9507274,9.944380807,9.901597857,4.451739105,194.1432353,273.9559377,229.9069276,11.3517032,7.673016026,9.565799624
4160,32,96,24,1,1,1,1,1,0,0,1,1,1,1,1,189.7305982,276.4966325,231.4062519,7.3351225,15.73004446,15.39028743,190.5640027,275.756758,234.1454402,4.320002289,15.79123462,17.40206212
4161,32,96,24,1,1,1,1,1,0,1,0,1,1,1,1,191.9159391,279.9401041,225.0156203,63.59451511,66.01245201,27.0062289,190.5724462,274.0307759,233.1706928,62.018678,65.71594685,32.29789913
4162,32,96,24,1,1,1,1,1,0,1,1,0,1,1,1,191.8555574,275.3925927,228.7798419,10.68684115,10.69074919,4.368562689,194.1479739,274.085156,229.7657875,11.97432001,8.61090234,9.642468488
4163,32,96,24,1,1,1,1,1,0,1,1,1,0,1,1,194.4775103,275.6465225,226.4201534,60.07783843,29.76133271,55.85360568,201.1392319,269.8269271,230.1487788,60.52368621,27.27749477,58.17784028
4164,32,96,24,1,1,1,1,1,0,1,1,1,1,0,1,188.0425655,277.9355095,229.2120594,40.8490757,34.80517524,8.631788496,188.5351514,278.0131913,230.1524592,40.73545734,34.79086356,8.560251501
4165,32,96,24,1,1,1,1,1,0,1,1,1,1,1,0,325.450995,344.7542323,263.3385125,17.14840395,17.80260269,11.88970926,326.7832619,345.6623574,266.461153,17.14375301,18.21752719,13.71089667
4166,24,32,48,1,1,1,1,1,1,1,1,1,1,1,1,221.4872724,212.4420114,257.6325182,5.537518067,3.996830695,3.300615392,222.300801,212.9359406,258.1315947,5.074015723,4.003681128,3.678631292
4167,24,32,48,1,1,1,1,1,1,0,1,1,1,1,1,221.2607422,211.8252135,258.4229375,9.387636071,10.75362778,6.587840403,222.0718419,210.6160484,260.354654,4.075978417,9.348457229,10.18095593
4168,24,32,48,1,1,1,1,1,1,1,0,1,1,1,1,221.271331,211.8280733,258.4101012,9.376457317,10.70180896,6.498009562,222.0846849,210.6234553,260.3378417,4.085342072,9.281472586,10.11593857
4169,24,32,48,1,1,1,1,1,1,1,1,0,1,1,1,221.9877528,212.4103749,257.2857424,6.003534955,7.107190618,8.83000534,224.2349511,213.1236927,256.3915422,10.14491475,3.585206169,8.177790599
4170,24,32,48,1,1,1,1,1,1,1,1,1,0,1,1,221.9887052,212.4061517,257.2885957,6.005877665,7.102768463,8.823637263,224.2329619,213.1219867,256.3980902,10.13122347,3.589075146,8.172038317
4171,24,32,48,1,1,1,1,1,1,1,1,1,1,0,1,221.2031364,213.0098138,257.4788876,10.29126819,5.514326695,6.587467258,220.570529,214.6022591,258.3390564,8.762490116,9.482896619,4.005902346
4172,24,32,48,1,1,1,1,1,1,1,1,1,1,1,0,221.2004031,213.0117872,257.4781749,10.29288966,5.521138112,6.578753411,220.5724407,214.6009697,258.3416071,8.771293245,9.483185888,4.013444832
4173,24,32,48,0,1,1,1,1,1,1,1,1,1,1,1,221.1754232,209.9852836,260.0540015,4.250136698,9.472509874,10.14049998,222.1157193,212.1850409,258.9961841,9.249367766,10.66263151,6.798796514
4174,24,32,48,0,1,1,1,1,1,0,1,1,1,1,1,246.7309754,350.3447417,324.4225858,12.49391738,18.06758073,18.57587399,250.421622,351.766491,326.3383321,14.28930206,15.42269765,18.43938407
4175,24,32,48,0,1,1,1,1,1,1,0,1,1,1,1,221.5091856,206.8204195,262.3928392,8.327381029,35.61884215,29.86509422,222.4190619,207.3286566,262.7960799,8.283432508,35.49230666,29.83813904
4176,24,32,48,0,1,1,1,1,1,1,1,0,1,1,1,217.5026622,210.1888267,264.4831389,27.74464603,62.7055522,65.40905999,225.6580663,208.7966119,259.2850365,33.11381737,60.89372646,65.06797695
4177,24,32,48,0,1,1,1,1,1,1,1,1,0,1,1,222.9004612,209.7386641,259.1588159,10.93850777,7.57087793,12.58442247,225.5156406,210.4542285,258.3303891,14.01483895,3.847062621,12.39260468
4178,24,32,48,0,1,1,1,1,1,1,1,1,1,0,1,218.3446475,212.6877962,260.3386369,58.28712952,61.91840541,30.22469606,222.0701764,219.5919498,254.5530279,60.53754106,62.38717763,26.38369587
4179,24,32,48,0,1,1,1,1,1,1,1,1,1,1,0,220.7249775,210.1223266,260.3764699,4.094570752,10.54517127,11.22692833,221.7029423,212.3708211,259.2076539,9.407570622,11.56375468,8.13629617
4180,24,32,48,1,0,1,1,1,1,1,1,1,1,1,1,221.178915,209.9876922,260.0518065,4.256102737,9.46136813,10.132936,222.1175398,212.1875186,258.9930503,9.248024584,10.6709742,6.788197447
4181,24,32,48,1,0,1,1,1,1,0,1,1,1,1,1,221.5118437,206.8215315,262.3835748,8.3274232,35.59301451,29.83979355,222.4230665,207.3314562,262.7902215,8.283593453,35.46941013,29.81406231
4182,24,32,48,1,0,1,1,1,1,1,0,1,1,1,1,245.4648322,350.2870236,323.6357487,11.61504168,17.64253108,18.27401959,250.1480263,351.746184,325.9222367,15.1196665,16.25536057,19.24264152
4183,24,32,48,1,0,1,1,1,1,1,1,0,1,1,1,222.2175372,211.2783847,258.0713837,8.147979156,7.442822638,10.54119629,224.6313736,211.9465863,257.0251104,11.81766765,3.362773859,9.972683766
4184,24,32,48,1,0,1,1,1,1,1,1,1,0,1,1,217.0250413,210.0740716,264.9064991,29.73957898,66.67921552,69.50910734,225.5610485,208.282147,259.1437765,34.97036064,64.78919118,69.13224884
4185,24,32,48,1,0,1,1,1,1,1,1,1,1,0,1,220.7450884,210.103236,260.3430873,4.101331241,10.29301884,10.96845369,221.7215901,212.3678768,259.2069264,9.40111285,11.42928804,7.831999676
4186,24,32,48,1,0,1,1,1,1,1,1,1,1,1,0,218.1756535,212.7170978,260.5950273,59.1150947,63.1556321,31.40662131,222.0000341,219.5868967,254.3894192,61.3816014,63.56538293,27.5499634
4187,24,32,48,1,1,0,1,1,1,1,1,1,1,1,1,223.1748966,212.4057318,256.2720032,9.862178678,3.609171996,7.564921649,222.6438352,212.8767484,257.9316315,5.575269003,7.185979561,8.139126234
4188,24,32,48,1,1,0,1,1,1,0,1,1,1,1,1,222.5309421,210.6872788,258.1094756,15.3665442,37.45606978,37.69221432,220.9826859,211.3611021,262.5814477,9.118957537,38.63870237,38.61367616
4189,24,32,48,1,1,0,1,1,1,1,0,1,1,1,1,223.4479568,210.0158233,257.4902953,14.41953027,3.303005135,12.82257131,222.8287382,210.6065231,259.5483865,11.86434761,8.070180315,13.42589173
4190,24,32,48,1,1,0,1,1,1,1,1,0,1,1,1,271.1709006,206.6703095,423.9250566,23.46303742,15.22348663,20.99811216,274.9612401,212.2428416,425.4558522,24.11951252,17.49871698,18.89568583
4191,24,32,48,1,1,0,1,1,1,1,1,1,0,1,1,224.6226975,213.3457157,254.2167603,20.41059685,6.60803499,24.63728639,225.5441405,213.9650594,254.5538105,20.4304042,6.601758936,24.55979168
4192,24,32,48,1,1,0,1,1,1,1,1,1,1,0,1,226.8518644,209.481474,256.8043692,61.2677982,25.39445354,59.5309928,222.7707499,216.1592998,255.1122502,60.99679802,29.94438899,57.84583698
4193,24,32,48,1,1,0,1,1,1,1,1,1,1,1,0,221.2908336,213.1565418,257.2899526,10.62824791,6.05695206,6.671193609,220.6197931,214.7944246,258.1466214,9.156670774,9.910672614,3.978689861
4194,24,32,48,1,1,1,0,1,1,1,1,1,1,1,1,223.1786377,212.4018824,256.2782728,9.880597858,3.605482522,7.583611659,222.6422584,212.872458,257.939518,5.593963834,7.190501118,8.152452036
4195,24,32,48,1,1,1,0,1,1,0,1,1,1,1,1,224.8831572,208.741077,259.2652325,17.86524024,3.876833585,16.26247379,223.7377011,209.2298845,260.834382,15.27889656,8.182807056,16.29439188
4196,24,32,48,1,1,1,0,1,1,1,0,1,1,1,1,224.1091447,207.8135469,259.1846907,35.22242044,65.19942788,69.47983937,217.3223488,210.8269293,265.7223186,29.74140182,66.74866239,69.59982656
4197,24,32,48,1,1,1,0,1,1,1,1,0,1,1,1,224.6256227,213.3443291,254.2247511,20.38066509,6.607845896,24.60643084,225.5310673,213.965142,254.5545014,20.3898779,6.60238601,24.52018724
4198,24,32,48,1,1,1,0,1,1,1,1,1,0,1,1,274.8404337,213.723916,425.0939183,21.10545351,13.7667242,17.43419828,273.1440435,209.8386127,424.5256232,20.1517583,10.39238753,18.69155962
4199,24,32,48,1,1,1,0,1,1,1,1,1,1,0,1,221.2876489,213.1516128,257.2990866,10.64019136,6.065359002,6.676964823,220.6110347,214.7887723,258.1564587,9.151641279,9.912159685,3.978700934
4200,24,32,48,1,1,1,0,1,1,1,1,1,1,1,0,226.4353207,209.9291057,256.6497916,57.15412274,23.57061946,55.44638008,222.8736052,216.2127819,255.4375797,56.96677414,28.20525308,53.85763732
4201,24,32,48,1,1,1,1,0,1,1,1,1,1,1,1,219.852381,213.9677108,257.8657332,8.50827245,9.153523773,3.897169842,222.0771755,213.4880778,257.9210905,9.705453931,5.162180961,6.603150793
4202,24,32,48,1,1,1,1,0,1,0,1,1,1,1,1,220.8299259,218.8443197,254.4515348,56.28315552,57.65519469,23.31589918,219.3236908,213.4341984,260.4206184,53.66056551,56.75319293,27.16569752
4203,24,32,48,1,1,1,1,0,1,1,0,1,1,1,1,220.9746599,211.9105516,258.6138658,9.522665215,11.43705011,7.57591045,221.7485173,210.6488298,260.6076901,3.948235902,10.10899137,10.92527888
4204,24,32,48,1,1,1,1,0,1,1,1,0,1,1,1,222.0927058,215.8436503,254.2637652,60.72686273,29.63507428,57.55684739,227.9939703,210.4519376,256.6330387,60.6036121,24.94124334,58.97849369
4205,24,32,48,1,1,1,1,0,1,1,1,1,0,1,1,219.9423669,214.3279748,257.5229642,9.259660485,10.0373135,3.868051981,222.2526608,213.7522087,257.5777469,10.3851308,6.263334742,6.791154931
4206,24,32,48,1,1,1,1,0,1,1,1,1,1,0,1,336.2556964,305.9385864,284.1134341,20.33656744,21.31943498,12.56080076,338.6581137,308.0502077,288.777158,17.51008156,20.6132913,15.31103473
4207,24,32,48,1,1,1,1,0,1,1,1,1,1,1,0,217.1883416,215.5450714,258.9788091,33.673744,28.67232617,6.432284313,218.0084554,216.1279848,259.4154016,33.5333218,28.60770219,6.415127646
4208,24,32,48,1,1,1,1,1,0,1,1,1,1,1,1,219.8492448,213.9803153,257.867929,8.541712208,9.194155959,3.900480323,222.0733754,213.4924096,257.9204889,9.723717578,5.204940028,6.609063183
4209,24,32,48,1,1,1,1,1,0,0,1,1,1,1,1,220.8814374,211.9524237,258.6520865,9.519577963,12.30588442,9.02458601,221.6301127,210.7581987,260.6767795,3.946310144,11.2003324,11.95876496
4210,24,32,48,1,1,1,1,1,0,1,0,1,1,1,1,220.7312403,219.1984073,253.9574049,59.72971629,61.83475092,26.58950138,218.8536283,213.5702237,260.7710896,57.02447475,61.0322317,30.37570811
4211,24,32,48,1,1,1,1,1,0,1,1,0,1,1,1,219.9135747,214.3124059,257.5397616,9.200012131,9.981474815,3.869845059,222.2325972,213.7428343,257.5901571,10.34805409,6.173006103,6.785386668
4212,24,32,48,1,1,1,1,1,0,1,1,1,0,1,1,222.1694808,215.8588951,254.6874791,56.00194643,27.5151381,52.93548765,227.4541602,210.9412196,256.5072363,55.82062163,22.72991753,54.25829005
4213,24,32,48,1,1,1,1,1,0,1,1,1,1,0,1,217.1902425,215.5586418,258.9746344,33.78326153,28.77819057,6.428710858,218.0069236,216.1450722,259.4132192,33.64162553,28.7162922,6.415578704
4214,24,32,48,1,1,1,1,1,0,1,1,1,1,1,0,337.1410201,307.0591431,288.335958,17.196761,17.58382715,11.81848612,338.6223352,308.3616786,290.2813656,14.98124362,17.32732891,12.95968405
4215,32,48,64,1,1,1,1,1,1,1,1,1,1,1,1,220.984119,215.7897654,254.4088181,4.318067973,2.897964522,2.666034899,221.5479787,216.0807559,254.736274,3.969332259,2.96964139,2.901693223
4216,32,48,64,1,1,1,1,1,1,0,1,1,1,1,1,220.8831361,215.2192279,255.042737,7.48743448,8.921458626,5.396354366,221.6452645,213.9902369,256.5042313,3.709638891,7.628762488,8.41059259
4217,32,48,64,1,1,1,1,1,1,1,0,1,1,1,1,220.8831925,215.2163261,255.0442845,7.481694084,8.920577754,5.388142791,221.6466487,213.9899328,256.5054433,3.715380674,7.626342051,8.402717806
4218,32,48,64,1,1,1,1,1,1,1,1,0,1,1,1,221.4116963,215.8268778,254.0678913,4.701358404,5.478026442,7.622518107,223.0949366,216.5027758,253.1100469,8.389994611,3.315416876,6.709799018
4219,32,48,64,1,1,1,1,1,1,1,1,1,0,1,1,221.4132351,215.8237081,254.0677888,4.740387251,5.47791303,7.64912149,223.0958648,216.5013368,253.1112037,8.406082904,3.317244045,6.740287835
4220,32,48,64,1,1,1,1,1,1,1,1,1,1,0,1,220.6486405,216.2815284,254.3312888,8.938865474,4.767790873,5.528097515,219.8554763,217.433609,255.1327099,7.312171357,7.867000111,3.7535922
4221,32,48,64,1,1,1,1,1,1,1,1,1,1,1,0,220.6534264,216.2785107,254.327552,8.924658595,4.750048941,5.532206039,219.8571076,217.4328522,255.1273081,7.294458913,7.864197785,3.7513519
4222,32,48,64,0,1,1,1,1,1,1,1,1,1,1,1,221.0205117,213.5830896,256.3261416,3.828268783,7.738142378,8.459716978,221.4845207,215.4056076,255.4125567,7.425395952,8.924782033,5.600472407
4223,32,48,64,0,1,1,1,1,1,0,1,1,1,1,1,243.9482789,362.914343,319.2957726,11.34109751,13.88532238,16.13023065,241.7269121,362.8198464,317.7211811,8.608402435,15.50463117,15.7525707
4224,32,48,64,0,1,1,1,1,1,1,0,1,1,1,1,221.949987,210.2275546,258.4119715,6.864113996,32.59351542,27.67520805,222.5941535,210.5272912,258.6729226,6.841094446,32.5262296,27.66080447
4225,32,48,64,0,1,1,1,1,1,1,1,0,1,1,1,218.4406512,213.8746106,259.4036735,20.05993631,49.67563537,51.32955986,224.2868871,213.2889304,255.380552,24.53520824,48.55635408,51.04443199
4226,32,48,64,0,1,1,1,1,1,1,1,1,0,1,1,221.753999,214.9103598,254.5549054,8.481160069,5.927380062,10.42668255,223.7728159,215.5831801,253.5150171,11.36054729,3.430660835,9.925406893
4227,32,48,64,0,1,1,1,1,1,1,1,1,1,0,1,218.3977877,215.9940158,256.8111052,48.83598606,51.68125786,24.57979848,220.481172,221.075146,252.0964339,50.30740834,51.99381127,21.45311763
4228,32,48,64,0,1,1,1,1,1,1,1,1,1,1,0,220.4931811,213.7404618,256.6942979,3.702827288,10.39206666,11.03938505,221.0423708,215.5493798,255.6875045,7.598388769,11.21333713,8.983005843
4229,32,48,64,1,0,1,1,1,1,1,1,1,1,1,1,221.0214056,213.5915427,256.3200338,3.831562532,7.720141735,8.435171502,221.4852959,215.4125318,255.4066613,7.418485507,8.917310887,5.568155314
4230,32,48,64,1,0,1,1,1,1,0,1,1,1,1,1,221.9469762,210.2454402,258.3976106,6.862431974,32.62627045,27.70443288,222.5913986,210.5411258,258.6537989,6.839565626,32.5532813,27.68709273
4231,32,48,64,1,0,1,1,1,1,1,0,1,1,1,1,239.1481059,361.2581424,317.0756028,12.15450931,18.02297919,19.31535126,243.2742865,362.4323501,319.1836069,14.10688413,16.19205806,19.50325767
4232,32,48,64,1,0,1,1,1,1,1,1,0,1,1,1,221.7181232,215.1170903,254.4270122,6.968319111,5.757280158,9.259806532,223.5696375,215.7838455,253.3460744,10.13548781,3.254827237,8.508962339
4233,32,48,64,1,0,1,1,1,1,1,1,1,0,1,1,217.464772,213.7802279,260.4229911,24.95570985,58.92637532,61.01954331,224.3774728,212.3879248,255.2934318,29.19973841,57.66061665,60.7195307
4234,32,48,64,1,0,1,1,1,1,1,1,1,1,0,1,220.6255288,213.6012668,256.6835503,3.726514683,9.111170984,9.781717738,221.1338336,215.4508293,255.6810053,7.561650193,10.13231255,7.344952224
4235,32,48,64,1,0,1,1,1,1,1,1,1,1,1,0,218.2027273,216.0157438,256.847962,52.11209073,54.95214327,25.86350918,220.8685809,221.7058534,251.7274588,53.73810241,55.32278313,22.75042406
4236,32,48,64,1,1,0,1,1,1,1,1,1,1,1,1,222.3592974,216.0618055,253.058192,8.218679555,3.316117709,6.283769269,221.8677468,216.0939109,254.5119996,4.36982293,5.568336834,7.166636353
4237,32,48,64,1,1,0,1,1,1,0,1,1,1,1,1,223.0198731,213.8500304,255.1221333,18.59209516,37.30983926,38.76308162,219.9734471,214.1288609,258.5919472,13.71261391,38.07783915,39.03776221
4238,32,48,64,1,1,0,1,1,1,1,0,1,1,1,1,223.1946671,214.7389923,253.7816885,12.11789869,3.364953611,10.48166713,222.417146,214.8159664,255.2412818,9.449965861,5.978964232,10.87404786
4239,32,48,64,1,1,0,1,1,1,1,1,0,1,1,1,275.4957436,210.391707,414.0976583,24.45961718,13.56249394,22.09595527,279.4939891,216.8961166,415.6052239,25.00132911,16.03583185,20.31005101
4240,32,48,64,1,1,0,1,1,1,1,1,1,0,1,1,223.7115764,217.6227785,250.6209628,19.92912509,5.385179932,23.74358447,224.3516296,217.9926388,250.8268738,19.92189912,5.385687641,23.69156578
4241,32,48,64,1,1,0,1,1,1,1,1,1,1,0,1,225.6258339,213.4368384,253.5436379,53.1781028,21.18740517,51.85531671,221.7941355,218.6549933,252.3612604,52.86479707,24.56504833,50.63918813
4242,32,48,64,1,1,0,1,1,1,1,1,1,1,1,0,220.6706322,216.4320145,254.1893587,9.259735118,5.291229693,5.60651233,219.8288454,217.6227024,254.9995916,7.666811891,8.288559043,3.752413387
4243,32,48,64,1,1,1,0,1,1,1,1,1,1,1,1,222.3597081,216.0647917,253.0544844,8.216823163,3.31772408,6.292740993,221.8710719,216.0961365,254.5059252,4.381306738,5.565612833,7.17554419
4244,32,48,64,1,1,1,0,1,1,0,1,1,1,1,1,224.100752,213.4886547,254.7783515,14.9686359,4.036641284,13.64419261,223.2336697,213.4876618,256.0398828,12.96241573,6.208560209,13.79720194
4245,32,48,64,1,1,1,0,1,1,1,0,1,1,1,1,223.3739159,212.0897187,255.4131068,28.98600456,57.28801428,60.26246592,217.7843651,214.1351303,260.997325,24.58115299,58.36872567,60.42692888
4246,32,48,64,1,1,1,0,1,1,1,1,0,1,1,1,223.7140816,217.6195672,250.6239638,19.98062374,5.385430187,23.79664053,224.3533023,217.9879499,250.8285051,19.9719813,5.38595972,23.74464402
4247,32,48,64,1,1,1,0,1,1,1,1,1,0,1,1,275.5715788,210.4665971,414.1408422,24.1047993,13.17932463,21.90054745,279.4595809,216.7836733,415.7904518,24.48524067,15.69483325,20.19786911
4248,32,48,64,1,1,1,0,1,1,1,1,1,1,0,1,220.665958,216.4410791,254.1902766,9.367548128,5.484577924,5.622702849,219.8220069,217.6359646,254.9952969,7.794196585,8.410662365,3.750602474
4249,32,48,64,1,1,1,0,1,1,1,1,1,1,1,0,224.9368567,214.0685077,253.2484585,46.87057222,18.34851661,45.66039884,221.8232261,218.6722427,252.7520289,46.60996671,21.81229835,44.57192211
4250,32,48,64,1,1,1,1,0,1,1,1,1,1,1,1,219.3203682,217.0952511,254.8054759,7.216642442,7.69282232,3.679362536,221.2462819,216.6018286,254.5910105,8.647930534,4.622561555,5.53110882
4251,32,48,64,1,1,1,1,0,1,0,1,1,1,1,1,219.992226,220.5306918,252.5380272,44.61324573,45.1318727,16.06222239,219.4519651,216.2344347,256.4952242,42.91069184,44.40054723,19.2707636
4252,32,48,64,1,1,1,1,0,1,1,0,1,1,1,1,220.5169458,215.2164842,255.3558637,7.661868636,10.75845558,8.168533025,221.207316,214.0032867,256.9284928,3.653562253,9.758279691,10.46119902
4253,32,48,64,1,1,1,1,0,1,1,1,0,1,1,1,221.2220154,218.571827,251.7991389,52.66649942,24.29319541,50.45375919,226.3233273,214.1477781,253.4036457,52.74186591,20.85159969,51.51096018
4254,32,48,64,1,1,1,1,0,1,1,1,1,0,1,1,219.3115204,217.4372747,254.5641858,8.292606565,8.865372077,3.688223054,221.2911143,216.8580048,254.3612465,9.546690362,6.19326874,5.704730893
4255,32,48,64,1,1,1,1,0,1,1,1,1,1,0,1,335.080667,309.9860731,286.2405789,19.64952624,21.44851623,14.36347742,336.3337354,310.816815,288.8296655,17.04511759,20.36287589,15.25044937
4256,32,48,64,1,1,1,1,0,1,1,1,1,1,1,0,216.2749256,218.5366294,256.3178692,31.99436934,27.58868704,5.68887371,216.8629337,218.8802643,256.5985238,31.90803762,27.54828112,5.675558347
4257,32,48,64,1,1,1,1,1,0,1,1,1,1,1,1,219.3240934,217.0876739,254.8119922,7.210424729,7.681251374,3.680207127,221.2467368,216.5948819,254.5965934,8.637510266,4.60692463,5.528730183
4258,32,48,64,1,1,1,1,1,0,0,1,1,1,1,1,220.414692,215.3515039,255.3510446,7.740608348,11.95979309,9.927197214,221.0548724,214.1563174,256.9457857,3.573689613,11.15326728,11.87654861
4259,32,48,64,1,1,1,1,1,0,1,0,1,1,1,1,219.9324126,221.3455268,251.6915355,51.31716518,52.71475502,21.21479518,218.7605786,216.509298,257.0029683,49.45902267,52.12238458,24.32080086
4260,32,48,64,1,1,1,1,1,0,1,1,0,1,1,1,219.2799831,217.3731514,254.6141673,7.871641534,8.455356099,3.687381174,221.2799579,216.818626,254.3880207,9.242603315,5.59821284,5.66494253
4261,32,48,64,1,1,1,1,1,0,1,1,1,0,1,1,221.2223657,218.4852159,252.3656675,44.0898496,20.36907072,42.24485242,225.3569462,214.9185872,253.0743669,44.15526618,16.81988691,43.14559789
4262,32,48,64,1,1,1,1,1,0,1,1,1,1,0,1,216.2604123,218.5351069,256.3426327,31.94563422,27.54060651,5.68787319,216.8474948,218.8755823,256.6229693,31.85823804,27.50029383,5.675995765
4263,32,48,64,1,1,1,1,1,0,1,1,1,1,1,0,334.7315008,309.8004817,286.1581074,18.43664906,19.56911618,12.10994896,336.1837995,310.7848354,287.908097,16.52737344,18.99603593,13.16657941
4264,32,16,48,1,1,1,1,1,1,1,1,1,1,1,1,273.2631252,181.5589256,243.4136102,5.161650744,6.531858647,3.091570482,274.1065224,182.5377529,243.7648916,5.095491258,5.962768061,3.54819136
4265,32,16,48,1,1,1,1,1,1,0,1,1,1,1,1,272.8285133,181.1673599,244.1905553,9.278486367,12.5488256,7.167403693,273.796896,180.4320215,245.7282556,4.616747957,10.81836502,10.63419243
4266,32,16,48,1,1,1,1,1,1,1,0,1,1,1,1,272.8163028,181.1642718,244.2067988,9.280786322,12.56832563,7.203532815,273.78516,180.4342322,245.7545992,4.617411158,10.84184494,10.66478829
4267,32,16,48,1,1,1,1,1,1,1,1,0,1,1,1,273.9972057,181.4150393,242.6181558,7.408313404,10.76197109,10.90867993,276.6311991,182.1400831,241.1973756,11.66524461,4.060536306,9.959995401
4268,32,16,48,1,1,1,1,1,1,1,1,1,0,1,1,273.9899176,181.4116796,242.629657,7.426248268,10.76581618,10.91268518,276.6232552,182.1338385,241.2051361,11.66399454,4.054392763,9.965827935
4269,32,16,48,1,1,1,1,1,1,1,1,1,1,0,1,273.1600374,181.9977726,243.468346,9.640970768,6.395928657,6.130157475,272.6981207,184.4079439,244.2377115,9.005794226,10.94255297,3.752996283
4270,32,16,48,1,1,1,1,1,1,1,1,1,1,1,0,273.160173,182.0013355,243.4653835,9.665631751,6.436040503,6.136457808,272.6989502,184.4217962,244.2376246,9.047225549,10.98697607,3.756553617
4271,32,16,48,0,1,1,1,1,1,1,1,1,1,1,1,272.8375376,179.2785371,245.6112456,4.608179751,11.17515173,10.77397982,273.4623053,182.0825395,244.7832313,9.194704247,12.47939432,7.548775327
4272,32,16,48,0,1,1,1,1,1,0,1,1,1,1,1,320.4697871,277.5428738,352.7089376,14.8203283,20.7734989,19.79328574,321.9162441,278.937136,353.2540623,14.42918023,17.62188144,18.92313278
4273,32,16,48,0,1,1,1,1,1,1,0,1,1,1,1,272.6294831,176.2896541,247.6629659,8.503694688,43.17140295,36.89096096,273.4183378,177.4242146,247.9764354,8.429719032,42.95405378,36.81056164
4274,32,16,48,0,1,1,1,1,1,1,1,0,1,1,1,268.0830334,180.2371774,252.0682881,31.42327004,66.75831258,70.03866611,276.7262002,177.9667636,245.0690879,36.42111237,63.51516381,69.25315287
4275,32,16,48,0,1,1,1,1,1,1,1,1,0,1,1,274.2125531,179.7658839,243.6079123,10.89611111,11.15698947,13.55935481,277.1633937,180.4157179,242.118907,14.44308709,3.827578499,12.93670223
4276,32,16,48,0,1,1,1,1,1,1,1,1,1,0,1,270.3255433,181.731319,247.7240071,57.05001857,61.21938465,30.73574324,273.5267062,188.1185544,242.2521607,59.25039998,61.07362018,26.78212146
4277,32,16,48,0,1,1,1,1,1,1,1,1,1,1,0,272.7225722,179.320974,245.7423724,4.581473186,11.3866468,11.02728656,273.3523371,182.1444916,244.8861431,9.24600304,12.66856526,7.838306637
4278,32,16,48,1,0,1,1,1,1,1,1,1,1,1,1,272.8390715,179.2866276,245.6081634,4.614050584,11.146339,10.74184844,273.4626943,182.0814492,244.7767523,9.186547874,12.4582268,7.508892061
4279,32,16,48,1,0,1,1,1,1,0,1,1,1,1,1,272.6290561,176.2938834,247.6739905,8.497584482,43.19378922,36.91164822,273.4154072,177.4125947,247.9753231,8.423468162,42.98208094,36.83004555
4280,32,16,48,1,0,1,1,1,1,1,0,1,1,1,1,320.2401133,277.5388145,352.8665084,16.40351154,21.24715082,21.48527961,321.6611677,279.0804149,353.4037452,16.15986535,19.20969323,20.96529086
4281,32,16,48,1,0,1,1,1,1,1,1,0,1,1,1,274.0727099,180.3846613,243.2314704,9.656722242,11.07557648,12.67740298,276.9193191,181.0194197,241.697946,13.501052,3.686780307,11.88428698
4282,32,16,48,1,0,1,1,1,1,1,1,1,0,1,1,267.7090211,180.2122038,252.3935773,32.52637253,69.12010117,72.43242187,276.5331752,177.6473265,244.9777078,37.43264915,65.80836768,71.61579949
4283,32,16,48,1,0,1,1,1,1,1,1,1,1,0,1,272.7155294,179.3369626,245.754201,4.582980965,11.37199882,11.00869807,273.3454086,182.1499416,244.8897329,9.234574392,12.68149754,7.823874666
4284,32,16,48,1,0,1,1,1,1,1,1,1,1,1,0,270.3847432,181.7055862,247.6025056,56.84480299,60.54539114,29.78873848,273.7094945,188.2058687,242.2125569,59.10014019,60.51409292,25.80916237
4285,32,16,48,1,1,0,1,1,1,1,1,1,1,1,1,275.6446353,181.041826,240.8404144,11.46120367,4.349252051,9.734445463,274.6154656,182.5551275,242.8529709,7.388543453,10.60050476,10.56731154
4286,32,16,48,1,1,0,1,1,1,0,1,1,1,1,1,275.1536155,177.1670107,244.0371606,39.06582504,68.86471522,74.66043017,267.5079591,182.6658217,252.2116919,33.98951824,71.60140617,75.12491183
4287,32,16,48,1,1,0,1,1,1,1,0,1,1,1,1,275.8970667,179.2047087,241.7529915,14.78651264,3.8089278,13.33609456,274.7195478,180.8103659,243.9099419,11.74204211,11.0743138,14.02077221
4288,32,16,48,1,1,0,1,1,1,1,1,0,1,1,1,312.6445647,191.2170293,416.7888077,23.71265957,17.55679402,19.87346616,312.3280719,190.4714024,416.7927402,23.42717295,16.91899079,20.54078413
4289,32,16,48,1,1,0,1,1,1,1,1,1,0,1,1,277.6833343,181.3006071,237.8508893,26.39383552,9.3151885,32.08067284,278.478108,182.4933345,238.1271778,26.41009952,9.289828352,31.98098605
4290,32,16,48,1,1,0,1,1,1,1,1,1,1,0,1,279.4125317,177.4195886,240.2480656,72.54769115,30.80971969,69.82036506,274.7546766,186.869375,238.6885929,72.47444357,37.1234906,68.31970518
4291,32,16,48,1,1,0,1,1,1,1,1,1,1,1,0,274.1086012,182.2906237,242.140003,11.05606343,8.178776649,6.463801165,273.5003048,184.9028911,242.9046392,10.53102229,12.4784468,3.650371491
4292,32,16,48,1,1,1,0,1,1,1,1,1,1,1,1,275.6388806,181.0463566,240.8373845,11.44378389,4.346331815,9.729492711,274.6150254,182.5589698,242.8528879,7.387814729,10.6023676,10.56683733
4293,32,16,48,1,1,1,0,1,1,0,1,1,1,1,1,276.189676,179.0122267,242.0676447,15.62804859,4.004996166,14.16773469,274.8951932,180.5811642,244.0785597,12.6201267,11.0206127,14.67940128
4294,32,16,48,1,1,1,0,1,1,1,0,1,1,1,1,275.114907,177.0638772,244.0003111,39.61403623,69.29740971,75.26671276,267.3485405,182.6331678,252.2197692,34.54988226,72.04673215,75.72158476
4295,32,16,48,1,1,1,0,1,1,1,1,0,1,1,1,277.6995137,181.2963505,237.8589852,26.39403382,9.315802685,32.07607891,278.4743715,182.4878067,238.1239649,26.39373895,9.289283299,31.96992397
4296,32,16,48,1,1,1,0,1,1,1,1,1,0,1,1,308.3855621,184.7643129,414.415296,24.88011751,17.64416202,21.85906618,311.9154299,189.5466734,416.0824144,27.43650443,20.62850586,22.87554591
4297,32,16,48,1,1,1,0,1,1,1,1,1,1,0,1,274.5517962,182.5627935,241.8181801,12.08330429,9.630771963,6.64523175,273.9392699,185.2395728,242.5467974,11.59610629,13.44823991,3.637117792
4298,32,16,48,1,1,1,0,1,1,1,1,1,1,1,0,278.3089677,178.8371942,240.2477657,57.44946233,22.56883918,55.60078974,275.0411537,186.4140387,240.1395077,57.45839907,29.38620024,54.39390328
4299,32,16,48,1,1,1,1,0,1,1,1,1,1,1,1,272.3283866,183.0208439,243.7301733,8.23615321,10.5175547,3.666719259,274.2245239,182.7919795,243.7867602,8.55033977,5.697343018,6.321046676
4300,32,16,48,1,1,1,1,0,1,0,1,1,1,1,1,272.7976497,185.9245902,241.7185841,49.95339187,51.26578395,21.36221721,272.0908248,182.8978164,246.7774673,47.58741896,50.80161171,25.35600904
4301,32,16,48,1,1,1,1,0,1,1,0,1,1,1,1,272.6752103,181.5564739,244.3552761,9.571042766,14.51960171,10.17411621,273.5380885,180.7708578,246.0196937,4.374541033,12.99021233,12.95112437
4302,32,16,48,1,1,1,1,0,1,1,1,0,1,1,1,275.1711677,184.9595442,238.2773503,70.71102329,36.12144143,66.69628221,281.3249847,178.1619302,240.3242212,70.43258594,29.41985664,67.91535324
4303,32,16,48,1,1,1,1,0,1,1,1,1,0,1,1,279.1643927,187.0713717,236.3621847,19.03707655,20.10206673,5.147324801,281.1488122,186.6062981,236.242107,18.77485707,17.43474931,7.783470061
4304,32,16,48,1,1,1,1,0,1,1,1,1,1,0,1,428.2452434,247.0994886,230.522165,27.79188659,33.84783539,24.75848489,429.3554298,248.7804946,233.470346,24.11932079,31.43893219,25.18547844
4305,32,16,48,1,1,1,1,0,1,1,1,1,1,1,0,270.7110852,184.2540178,245.1914634,25.18434591,21.01069828,6.099625435,271.38174,185.4488447,245.6072549,25.05573234,21.00988909,6.098046577
4306,32,16,48,1,1,1,1,1,0,1,1,1,1,1,1,272.3384094,183.0257477,243.7220479,8.249080721,10.52801141,3.66964683,274.231894,182.7936773,243.7758871,8.554936835,5.705364163,6.319120602
4307,32,16,48,1,1,1,1,1,0,0,1,1,1,1,1,272.7810738,181.1850599,244.2393999,9.294708664,12.62645348,7.298764515,273.7455673,180.4474216,245.7884946,4.604858797,10.92107157,10.74019845
4308,32,16,48,1,1,1,1,1,0,1,0,1,1,1,1,273.5127412,187.1044864,240.877808,58.70604129,60.2471209,25.80219984,271.6080261,183.0820375,246.9833051,55.9878531,59.70412802,29.69499135
4309,32,16,48,1,1,1,1,1,0,1,1,0,1,1,1,273.7209662,183.4524525,240.9881786,13.56652793,15.17788614,3.803216783,276.1449283,183.1329868,241.0495696,14.29068542,12.06290251,7.262402342
4310,32,16,48,1,1,1,1,1,0,1,1,1,0,1,1,275.3491001,184.978231,238.8770446,65.38168709,33.62531366,61.55310589,280.8741388,178.7737548,240.3831535,65.04950972,26.7494337,62.67653906
4311,32,16,48,1,1,1,1,1,0,1,1,1,1,0,1,270.712737,184.2494044,245.1905809,25.15234171,20.97984599,6.098943169,271.3841406,185.4417626,245.6051773,25.02365954,20.97875173,6.097429122
4312,32,16,48,1,1,1,1,1,0,1,1,1,1,1,0,428.8343678,247.5287854,235.1976592,23.74850682,27.79855899,19.4655118,430.6913161,250.9132079,240.3778237,20.61555231,27.37666469,21.30120007
4313,48,64,32,1,1,1,1,1,1,1,1,1,1,1,1,215.7857307,254.414416,220.9854191,2.907579988,2.666311411,4.312931046,216.0744394,254.7376436,221.5528474,2.958828651,2.901245552,3.974157563
4314,48,64,32,1,1,1,1,1,1,0,1,1,1,1,1,215.8143617,254.069806,221.4205788,5.471764936,7.623054613,4.697199372,216.4934237,253.1122001,223.101054,3.322607326,6.708479052,8.38583814
4315,48,64,32,1,1,1,1,1,1,1,0,1,1,1,1,215.8221617,254.0685207,221.4166734,5.478740782,7.638360081,4.718765868,216.4984247,253.1085178,223.0976509,3.316067072,6.722875421,8.397308213
4316,48,64,32,1,1,1,1,1,1,1,1,0,1,1,1,216.2833089,254.3252844,220.655028,4.76847841,5.525864594,8.945570798,217.4298487,255.1299622,219.8590338,7.865723456,3.756451228,7.307497342
4317,48,64,32,1,1,1,1,1,1,1,1,1,0,1,1,216.281581,254.3232461,220.6576616,4.722845307,5.524854244,8.911161867,217.4316765,255.124807,219.8688521,7.839071201,3.752487048,7.280269149
4318,48,64,32,1,1,1,1,1,1,1,1,1,1,0,1,215.2219131,255.0329957,220.8894663,8.913149392,5.385429763,7.484487496,213.9956025,256.4920221,221.6557614,7.620655561,8.404234752,3.718321869
4319,48,64,32,1,1,1,1,1,1,1,1,1,1,1,0,215.2126131,255.0418547,220.8889489,8.950508229,5.447074611,7.49196508,213.9838014,256.5082676,221.6531011,7.668143447,8.448674271,3.708348344
4320,48,64,32,0,1,1,1,1,1,1,1,1,1,1,1,216.0579556,253.0548541,222.3659433,3.312423133,6.293410816,8.230747448,216.0910032,254.5093508,221.87219,5.573431724,7.174551093,4.385370658
4321,48,64,32,0,1,1,1,1,1,0,1,1,1,1,1,220.591061,415.9494002,279.7087809,8.93044839,15.31113406,17.10010998,218.4934874,415.8691776,278.8316208,7.282746556,16.65711008,17.0230296
4322,48,64,32,0,1,1,1,1,1,1,0,1,1,1,1,217.6223879,250.6187001,223.7114702,5.384983642,23.73817394,19.9217751,217.9914459,250.8262682,224.3569169,5.385495329,23.68658767,19.91755711
4323,48,64,32,0,1,1,1,1,1,1,1,0,1,1,1,214.3207819,253.445902,224.6539515,16.79892498,42.5026141,43.60719002,218.5810191,253.0423611,221.7966577,20.30418036,41.42667414,43.30849787
4324,48,64,32,0,1,1,1,1,1,1,1,1,0,1,1,216.4516018,254.1711527,220.6780383,5.741210754,5.632964659,9.473409236,217.6647546,254.9661418,219.8514304,8.589414775,3.745978595,7.975422409
4325,48,64,32,0,1,1,1,1,1,1,1,1,1,0,1,214.3611923,254.6082429,222.3992969,26.21999821,26.01350633,12.75936685,213.4484825,256.7930303,221.0727239,26.33292718,26.51166244,7.493805689
4326,48,64,32,0,1,1,1,1,1,1,1,1,1,1,0,215.0844359,253.4368554,223.0467063,3.29162343,8.648670345,10.50198852,215.140381,254.9766411,222.2697302,5.964236285,9.087252441,7.297787055
4327,48,64,32,1,0,1,1,1,1,1,1,1,1,1,1,216.0575271,253.0566909,222.3632927,3.313660727,6.301548069,8.227187465,216.0912763,254.5082349,221.8720749,5.567413026,7.179810939,4.386273397
4328,48,64,32,1,0,1,1,1,1,0,1,1,1,1,1,217.619897,250.6147959,223.7168869,5.385992621,23.8266671,20.00802586,217.9885148,250.8213233,224.3621397,5.386562056,23.77445878,20.00361812
4329,48,64,32,1,0,1,1,1,1,1,0,1,1,1,1,210.2053159,413.8149211,275.5882821,13.46727783,21.98224529,24.2812691,216.7356895,415.4860459,279.5312317,16.04111169,20.32530389,24.75850942
4330,48,64,32,1,0,1,1,1,1,1,1,0,1,1,1,216.4238382,254.1914506,220.6817274,5.253222139,5.604809719,9.245744265,217.6086202,255.0007049,219.8356432,8.257212103,3.748337648,7.635701446
4331,48,64,32,1,0,1,1,1,1,1,1,1,0,1,1,213.3899426,253.5449548,225.6995882,21.66038783,52.3926855,53.80703,218.7086899,252.3146264,221.8461016,25.02126491,51.16794249,53.50626346
4332,48,64,32,1,0,1,1,1,1,1,1,1,1,0,1,214.4067838,254.2575595,222.4093632,3.398227027,14.15440259,15.21137466,214.6412802,256.1442537,221.7359604,6.82264838,14.63214955,13.28631546
4333,48,64,32,1,0,1,1,1,1,1,1,1,1,1,0,212.7069367,255.2984491,223.2845904,51.13635937,53.20258194,24.78924707,214.1741565,260.2564247,218.482687,52.13550546,53.44544139,20.13710942
4334,48,64,32,1,1,0,1,1,1,1,1,1,1,1,1,217.0857875,254.8132537,219.32767,7.69041941,3.678912046,7.212942434,216.5888411,254.5978838,221.2496477,4.612276301,5.531067708,8.63424672
4335,48,64,32,1,1,0,1,1,1,0,1,1,1,1,1,218.0529231,253.1166449,221.0189388,15.08229302,31.45220352,32.55761335,215.8283588,253.0957995,224.2678438,11.40134014,32.2081549,32.83583784
4336,48,64,32,1,1,0,1,1,1,1,0,1,1,1,1,217.3572186,254.6204925,219.2912494,8.346975675,3.685781304,7.752744616,216.8041587,254.3899966,221.2925209,5.426335034,5.655611807,9.147748125
4337,48,64,32,1,1,0,1,1,1,1,1,0,1,1,1,309.7747466,286.1610831,334.8912795,19.82390027,13.09784814,18.49085309,311.0245408,289.3429936,336.2673917,19.5913138,14.33792588,16.66907773
4338,48,64,32,1,1,0,1,1,1,1,1,1,0,1,1,218.5361018,256.3222836,216.2881412,27.4927928,5.687568582,31.89639107,218.8696083,256.602018,216.8689815,27.44981472,5.677295632,31.8054361
4339,48,64,32,1,1,0,1,1,1,1,1,1,1,0,1,221.7726731,251.3517528,219.9350801,56.07349095,23.30140524,54.34248915,216.5304187,256.9750727,218.4602217,55.50130839,26.32284215,52.41514438
4340,48,64,32,1,1,0,1,1,1,1,1,1,1,1,0,215.2508445,255.3552941,220.5234947,10.92969012,8.440520582,7.672567643,214.0204959,256.8768106,221.2054829,9.94774485,10.63061415,3.636683095
4341,48,64,32,1,1,1,0,1,1,1,1,1,1,1,1,217.0856527,254.8149066,219.3248077,7.671023056,3.680453638,7.202798129,216.5930909,254.5974909,221.2429692,4.596298293,5.524516914,8.628245668
4342,48,64,32,1,1,1,0,1,1,0,1,1,1,1,1,217.4401988,254.5479424,219.3200725,8.851476151,3.683199565,8.268238056,216.8553247,254.3422041,221.2981279,6.159737795,5.696657532,9.51539465
4343,48,64,32,1,1,1,0,1,1,1,0,1,1,1,1,218.6471844,251.7357242,221.2907701,24.91041294,51.25846074,53.61487348,214.0662934,253.4112419,226.4388961,21.48124646,52.32640378,53.66825671
4344,48,64,32,1,1,1,0,1,1,1,1,0,1,1,1,218.5327984,256.3351043,216.2820761,27.6048528,5.687689147,32.01125929,218.8632065,256.6157414,216.8622488,27.56071983,5.67593565,31.91930463
4345,48,64,32,1,1,1,0,1,1,1,1,1,0,1,1,309.2186151,284.1766853,334.4022498,19.98399082,10.19039257,19.16340439,311.1265379,288.4895761,336.4244939,19.49365621,12.63234744,16.89962083
4346,48,64,32,1,1,1,0,1,1,1,1,1,1,0,1,215.3590884,255.386731,220.4233061,12.18466769,10.21632961,7.769892741,214.1614825,256.9692858,221.0513637,11.37637305,12.10210857,3.58690033
4347,48,64,32,1,1,1,0,1,1,1,1,1,1,1,0,220.8598397,252.0667052,219.679055,50.09672266,20.5139466,48.51392952,216.4862029,257.0834263,218.9376793,49.58571365,23.61958018,46.76835603
4348,48,64,32,1,1,1,1,0,1,1,1,1,1,1,1,213.5797533,256.3229258,221.0226234,7.745954354,8.460730421,3.822478677,215.4073348,255.4114753,221.488814,8.94320728,5.605994539,7.428265744
4349,48,64,32,1,1,1,1,0,1,0,1,1,1,1,1,213.7485563,256.4184672,221.1443692,14.2711284,14.46795601,3.386868056,215.3323074,254.9988804,222.0562928,14.40622898,12.8130538,8.128508078
4350,48,64,32,1,1,1,1,0,1,1,0,1,1,1,1,214.6861448,254.9219842,221.659973,6.099857411,12.36174599,10.95861044,215.2739532,253.7719971,223.5599486,3.212266166,11.79432986,13.20552846
4351,48,64,32,1,1,1,1,0,1,1,1,0,1,1,1,216.0171352,256.8006087,217.9190175,58.24034628,27.85373333,54.95541826,222.0926272,251.3907129,220.8960789,58.57933669,24.81655854,56.63114774
4352,48,64,32,1,1,1,1,0,1,1,1,1,0,1,1,213.8224083,256.7579675,220.4143121,11.18906095,11.8543495,3.697161109,215.6202059,255.74027,220.9900667,11.94776262,9.980510357,7.66028908
4353,48,64,32,1,1,1,1,0,1,1,1,1,1,0,1,361.5830633,316.8963324,239.641808,17.58702253,18.2883232,9.994685095,362.6910417,319.6522175,243.9659299,15.75833487,19.01681279,12.50477017
4354,48,64,32,1,1,1,1,0,1,1,1,1,1,1,0,210.2171691,258.414014,221.9699425,32.62266208,27.70409044,6.862790463,210.5089357,258.6643778,222.6132895,32.5543584,27.68788723,6.840579341
4355,48,64,32,1,1,1,1,1,0,1,1,1,1,1,1,213.580278,256.332791,221.0194372,7.749147753,8.470212406,3.824476415,215.4018241,255.4160322,221.4853634,8.932412939,5.610902351,7.426484779
4356,48,64,32,1,1,1,1,1,0,0,1,1,1,1,1,215.0591982,254.452884,221.6947045,5.808845112,9.4074284,7.288973035,215.7243345,253.3897282,223.6418956,3.237200504,8.833261472,10.46139336
4357,48,64,32,1,1,1,1,1,0,1,0,1,1,1,1,213.8469386,259.8525428,218.0140557,53.70586594,55.14028392,21.11977182,212.9351972,255.2576964,224.2757164,52.52224622,54.78861186,25.5980905
4358,48,64,32,1,1,1,1,1,0,1,1,0,1,1,1,213.6259099,256.6523327,220.6092707,9.359154361,10.00892906,3.726064318,215.4776953,255.6786971,221.1242637,10.34147122,7.681829639,7.566036989
4359,48,64,32,1,1,1,1,1,0,1,1,1,0,1,1,216.0620383,256.9557435,218.195242,55.0416745,26.50622547,51.80228762,221.5958287,251.8444498,220.7323588,55.33845929,23.42573134,53.38594548
4360,48,64,32,1,1,1,1,1,0,1,1,1,1,0,1,210.2136682,258.4121914,221.9697623,32.64823237,27.72939477,6.862774751,210.5031663,258.6561791,222.6125025,32.57698825,27.7107284,6.839042441
4361,48,64,32,1,1,1,1,1,0,1,1,1,1,1,0,361.2486162,316.6403036,239.279209,18.50450364,19.81614171,12.6654123,362.4649726,319.2196035,243.7484205,16.50036126,20.28178758,14.82280789
4362,32,48,48,1,1,1,1,1,1,1,1,1,1,1,1,217.2879738,225.3334144,247.3649273,4.193176624,2.994009238,3.310810156,217.8401694,225.669085,247.8003577,3.957933091,3.121500967,3.389843172
4363,32,48,48,1,1,1,1,1,1,0,1,1,1,1,1,217.2019276,224.8038185,247.9684499,7.343962921,8.866772965,5.344442897,217.9501519,223.6511319,249.6101042,3.658562089,7.689280668,8.773363195
4364,32,48,48,1,1,1,1,1,1,1,0,1,1,1,1,217.2049134,224.8041018,247.9665425,7.336689829,8.844247167,5.294165636,217.9546261,223.6499287,249.6023447,3.663409687,7.655793057,8.739612283
4365,32,48,48,1,1,1,1,1,1,1,1,0,1,1,1,217.7606843,225.3238262,247.0357408,4.842138262,5.724443233,8.206509295,219.4367273,226.041542,246.1471068,8.610884395,3.473959777,7.133393223
4366,32,48,48,1,1,1,1,1,1,1,1,1,0,1,1,217.7573218,225.3288437,247.0316983,4.844266841,5.726783111,8.203615745,219.4379329,226.0468434,246.1447253,8.618469262,3.471289158,7.136444479
4367,32,48,48,1,1,1,1,1,1,1,1,1,1,0,1,216.9089732,225.8873025,247.2443487,9.212626148,5.084322191,6.330913639,216.0371719,227.2091917,248.0559178,7.693737466,8.329710118,3.818204588
4368,32,48,48,1,1,1,1,1,1,1,1,1,1,1,0,216.9043189,225.8907755,247.2464806,9.202321816,5.068041428,6.325748489,216.0352139,227.2083213,248.0578315,7.683058532,8.316138248,3.821833742
4369,32,48,48,0,1,1,1,1,1,1,1,1,1,1,1,217.3126029,223.3210152,249.2179868,3.740764922,7.581047308,8.687709084,217.7770568,225.1084533,248.3887346,7.312232442,8.677958504,5.337657167
4370,32,48,48,0,1,1,1,1,1,0,1,1,1,1,1,229.8692633,374.6663275,306.5787763,11.74782053,19.10032641,20.36187066,235.199082,376.1017837,309.805896,14.64797127,17.14962556,21.04575789
4371,32,48,48,0,1,1,1,1,1,1,0,1,1,1,1,218.2437056,220.3068707,251.1223091,6.747735812,30.10806312,25.33401082,218.8777067,220.6139466,251.5365498,6.73211222,30.03747607,25.32159434
4372,32,48,48,0,1,1,1,1,1,1,1,0,1,1,1,214.6320789,223.6472643,252.4322309,21.30349741,51.61278829,53.36035617,220.7242526,222.8548093,248.4307227,25.76676847,50.37155387,53.06446784
4373,32,48,48,0,1,1,1,1,1,1,1,1,0,1,1,218.0163076,224.7008426,247.3789959,7.22207597,6.028601186,9.827914724,219.9384838,225.4142698,246.4202163,10.48037101,3.424601035,9.063061789
4374,32,48,48,0,1,1,1,1,1,1,1,1,1,0,1,214.7289617,225.7096795,249.6673663,46.56710675,49.07398483,23.46121173,216.3254024,230.3782401,245.2971328,47.89020639,49.37160519,19.65129594
4375,32,48,48,0,1,1,1,1,1,1,1,1,1,1,0,216.7182676,223.479293,249.6314095,3.584248486,9.610087301,10.61861626,217.2373358,225.313411,248.6678372,7.517299117,10.42973411,7.912718458
4376,32,48,48,1,0,1,1,1,1,1,1,1,1,1,1,217.3207606,223.3163114,249.2182362,3.743055844,7.593388262,8.697155376,217.7842193,225.1053836,248.3873073,7.313021235,8.696837451,5.348100645
4377,32,48,48,1,0,1,1,1,1,0,1,1,1,1,1,218.2458043,220.3111411,251.1268644,6.748178661,30.14772178,25.37327146,218.8795489,220.6072652,251.5247562,6.731931865,30.07188505,25.3537426
4378,32,48,48,1,0,1,1,1,1,1,0,1,1,1,1,230.2598459,374.7105304,307.051141,13.21880811,19.12532193,20.75192262,235.0539184,375.79536,309.8279941,15.17443468,16.93004251,21.2397287
4379,32,48,48,1,0,1,1,1,1,1,1,0,1,1,1,218.0146319,224.8189213,247.2869791,6.333090552,5.9555531,9.263551167,219.8187474,225.5341885,246.2768996,9.781476456,3.40174604,8.278952879
4380,32,48,48,1,0,1,1,1,1,1,1,1,0,1,1,213.8532389,223.5692164,253.2230029,25.11017332,59.00463039,61.05287264,220.7504833,222.1262608,248.3279597,29.39513465,57.64719663,60.72975835
4381,32,48,48,1,0,1,1,1,1,1,1,1,1,0,1,216.5635524,223.6097892,249.6709253,3.626400467,10.91231097,11.87140897,217.1237489,225.4107804,248.7192151,7.589153682,11.652962,9.5918008
4382,32,48,48,1,0,1,1,1,1,1,1,1,1,1,0,214.21523,225.81709,249.8300669,54.41645997,57.41959118,27.40227206,216.943394,231.6669626,244.4192228,56.01602826,57.7528032,23.67743708
4383,32,48,48,1,1,0,1,1,1,1,1,1,1,1,1,218.737404,225.6021873,245.94524,8.388870079,3.450544123,6.736157558,218.2295003,225.6383653,247.5661248,4.496797628,5.79565529,7.710649173
4384,32,48,48,1,1,0,1,1,1,0,1,1,1,1,1,219.6082491,223.1844622,248.1217829,20.55373337,40.91660403,42.73986309,216.0684521,223.8488817,252.0169152,15.75508718,41.82738085,42.95527058
4385,32,48,48,1,1,0,1,1,1,1,0,1,1,1,1,219.3445025,224.7297072,246.3087217,10.83692994,3.422072412,9.292236841,218.6344242,224.7991365,248.0044712,7.764659084,6.122810399,9.938287726
4386,32,48,48,1,1,0,1,1,1,1,1,0,1,1,1,281.6239218,230.2747137,395.6181016,22.12874751,15.33039538,19.52199984,283.7880176,234.1734308,397.0075519,22.1709229,16.66970931,18.1924724
4387,32,48,48,1,1,0,1,1,1,1,1,1,0,1,1,220.1752026,227.0883052,243.4560185,21.79114727,5.625264897,25.89284983,220.7946097,227.4716289,243.7886934,21.76830305,5.621842201,25.81783568
4388,32,48,48,1,1,0,1,1,1,1,1,1,1,0,1,222.4790996,222.6541816,246.4858662,55.81570677,22.80761166,54.25833357,218.2140732,228.285942,245.1087422,55.40972291,26.26781416,52.72102602
4389,32,48,48,1,1,0,1,1,1,1,1,1,1,1,0,216.9318455,226.0599428,247.0819183,9.634448501,5.751992398,6.432077913,216.0046344,227.431635,247.8915073,8.163525559,8.853905685,3.789749073
4390,32,48,48,1,1,1,0,1,1,1,1,1,1,1,1,218.7311551,225.6063541,245.9475032,8.385208467,3.45340984,6.728920017,218.2229873,225.6442039,247.5691016,4.493691043,5.794978874,7.702663088
4391,32,48,48,1,1,1,0,1,1,0,1,1,1,1,1,219.8901557,224.0297693,246.8118705,12.89078304,3.79298165,11.57859391,219.0932161,224.0811475,248.4005061,10.43394283,6.277593955,11.94037637
4392,32,48,48,1,1,1,0,1,1,1,0,1,1,1,1,219.9201645,221.6823648,248.2841602,29.27669903,57.56312813,60.59680413,214.3081577,223.7995326,253.9674181,24.83881475,58.71857903,60.72529069
4393,32,48,48,1,1,1,0,1,1,1,1,0,1,1,1,220.1862312,227.0906466,243.4498317,21.87857395,5.624587031,25.98077676,220.807583,227.4732457,243.7857556,21.85899379,5.622361353,25.90859586
4394,32,48,48,1,1,1,0,1,1,1,1,1,0,1,1,280.7643766,228.134566,394.7788595,23.84630097,14.18753839,21.33877705,284.1506855,233.9854809,396.5743652,24.06312893,16.58757695,19.42907718
4395,32,48,48,1,1,1,0,1,1,1,1,1,1,0,1,216.9333386,226.0807001,247.0733549,9.791836812,6.060977096,6.439025419,216.0252322,227.4591398,247.8689991,8.386998831,9.042393302,3.780910746
4396,32,48,48,1,1,1,0,1,1,1,1,1,1,1,0,221.8411982,223.2283088,246.264354,50.52675699,20.37064077,49.07345005,218.2369118,228.3441502,245.4928754,50.18264819,23.91296626,47.66252074
4397,32,48,48,1,1,1,1,0,1,1,1,1,1,1,1,215.4889086,226.8944663,247.5988843,7.615090958,8.177993796,3.795136092,217.4559128,226.2777056,247.6326502,8.949672911,5.004808913,6.31212353
4398,32,48,48,1,1,1,1,0,1,0,1,1,1,1,1,216.1632313,230.262487,245.3482137,45.66569926,46.11599395,15.92716524,215.6525577,225.9151029,249.6059306,44.00523247,45.37931143,19.78230204
4399,32,48,48,1,1,1,1,0,1,1,0,1,1,1,1,216.6863239,224.9782805,248.2823991,7.572240225,11.19451524,8.79165419,217.3513142,223.8162935,250.0267348,3.578010205,10.32557708,11.27019461
4400,32,48,48,1,1,1,1,0,1,1,1,0,1,1,1,217.6261402,228.2378547,244.4610548,56.34000455,26.62992373,53.59603137,223.1963352,223.2765025,246.6274688,56.46349723,23.11022417,54.91851518
4401,32,48,48,1,1,1,1,0,1,1,1,1,0,1,1,215.5427446,227.2748496,247.2717541,8.830571077,9.448800893,3.748295169,217.5555779,226.5690437,247.3329976,9.968547788,6.717760839,6.483073709
4402,32,48,48,1,1,1,1,0,1,1,1,1,1,0,1,337.6560088,312.2565054,276.7698712,18.69616186,19.85577223,12.6585567,338.8786037,313.4023803,279.8568011,15.79567119,18.98452089,13.90879276
4403,32,48,48,1,1,1,1,0,1,1,1,1,1,1,0,212.4260623,228.629522,248.7774839,32.85811657,28.13659614,6.176355728,212.9867544,228.9753169,249.1982047,32.76033648,28.09618902,6.156908437
4404,32,48,48,1,1,1,1,1,0,1,1,1,1,1,1,215.4977611,226.8998224,247.5909681,7.619218756,8.198891306,3.794176929,217.4642743,226.2713117,247.6252175,8.938197665,5.007866388,6.31930426
4405,32,48,48,1,1,1,1,1,0,0,1,1,1,1,1,216.6486894,225.0405721,248.2346595,7.578778041,11.31196002,9.009368355,217.3129843,223.8792096,250.0246032,3.505184148,10.51826883,11.48938124
4406,32,48,48,1,1,1,1,1,0,1,0,1,1,1,1,216.0713954,231.3124508,244.2518686,54.52643688,56.16346458,22.80067,214.727759,226.2528297,250.2668984,52.66488468,55.60893917,26.46558759
4407,32,48,48,1,1,1,1,1,0,1,1,0,1,1,1,215.4702435,227.2008614,247.3473415,8.323054083,8.979435315,3.751667316,217.5161138,226.5089483,247.3850442,9.584046478,6.008649205,6.463646833
4408,32,48,48,1,1,1,1,1,0,1,1,1,0,1,1,217.655609,228.2569439,244.8957413,50.71156064,24.07588012,48.15484212,222.5005034,223.8533403,246.4230522,50.79599143,20.47846751,49.36170107
4409,32,48,48,1,1,1,1,1,0,1,1,1,1,0,1,212.4218921,228.6231622,248.7820508,32.88789897,28.16514091,6.177884454,212.983629,228.9739142,249.2024968,32.79105338,28.12694774,6.16126883
4410,32,48,48,1,1,1,1,1,0,1,1,1,1,1,0,337.3348328,312.0308498,276.4055893,18.57937207,19.20006549,11.75363017,338.7459531,313.18532,278.370539,16.44882342,18.66164887,12.8709133
4411,32,64,48,1,1,1,1,1,1,1,1,1,1,1,1,208.1811075,231.7534379,251.1411075,4.02297637,2.424100702,3.417179056,208.6915007,231.9855386,251.5794234,3.790392179,2.656634474,3.38697287
4412,32,64,48,1,1,1,1,1,1,0,1,1,1,1,1,208.142516,231.2081682,251.6994444,7.023557365,8.325096762,5.115318276,208.8541084,229.9955459,253.3175953,3.509281734,7.291362224,8.509684141
4413,32,64,48,1,1,1,1,1,1,1,0,1,1,1,1,208.1403398,231.2094367,251.6967325,7.018556539,8.315791022,5.094238275,208.8521276,229.9977772,253.3223525,3.510089091,7.283081014,8.504595218
4414,32,64,48,1,1,1,1,1,1,1,1,0,1,1,1,208.6072122,231.7795038,250.8568494,4.539078934,5.000570227,7.977724924,210.1384443,232.4901181,250.0264378,8.205211499,3.409548299,6.790303259
4415,32,64,48,1,1,1,1,1,1,1,1,1,0,1,1,208.6146264,231.7753528,250.8523618,4.565253649,4.999568633,7.991892211,210.1455003,232.4844067,250.0229724,8.218642683,3.410303414,6.807163624
4416,32,64,48,1,1,1,1,1,1,1,1,1,1,0,1,207.7558528,232.3221469,251.0111325,9.204477022,5.207117498,6.450071426,206.8171935,233.4693641,251.8283273,7.620615749,7.990060906,3.854718308
4417,32,64,48,1,1,1,1,1,1,1,1,1,1,1,0,207.7556451,232.3294358,251.0044529,9.201167296,5.217978237,6.448191727,206.8206545,233.4814424,251.8245979,7.629942475,8.008690105,3.863340972
4418,32,64,48,0,1,1,1,1,1,1,1,1,1,1,1,208.2484607,229.8125057,252.8617887,3.604720407,7.077897669,8.377203686,208.6891962,231.4278147,252.0704279,7.001135776,8.082109972,4.995023851
4419,32,64,48,0,1,1,1,1,1,0,1,1,1,1,1,218.4400551,394.1127918,305.5897985,14.80892143,17.73015467,21.43604954,214.1764524,393.5055114,303.0719977,11.89075829,19.19845381,20.62033867
4420,32,64,48,0,1,1,1,1,1,1,0,1,1,1,1,209.3346157,226.7918198,254.6825759,6.466703461,28.35086566,23.84389564,209.9437305,226.9679887,255.0956014,6.458013512,28.29970303,23.83327656
4421,32,64,48,0,1,1,1,1,1,1,1,0,1,1,1,206.0324403,230.0616581,255.4513698,18.61801172,47.0352309,48.46300986,211.4440774,229.6146625,252.0177078,23.0097624,46.09559611,48.21220074
4422,32,64,48,0,1,1,1,1,1,1,1,1,0,1,1,208.8513693,231.2667278,251.1294313,6.594603788,5.250548167,9.303165345,210.5932933,231.9867149,250.2211905,9.818636161,3.390024955,8.388224702
4423,32,64,48,0,1,1,1,1,1,1,1,1,1,0,1,206.1436861,231.8861247,252.9701644,37.50021716,38.91812006,18.23638267,206.7145885,235.3740885,249.9377367,38.43118548,39.27970762,14.27165846
4424,32,64,48,0,1,1,1,1,1,1,1,1,1,1,0,207.5330015,229.9998009,253.3174825,3.400433681,9.661250507,10.82033579,208.0413106,231.6801112,252.3423841,7.270790867,10.34434191,8.219310094
4425,32,64,48,1,0,1,1,1,1,1,1,1,1,1,1,208.2499686,229.8071438,252.8722899,3.608161867,7.097247793,8.397082488,208.6886192,231.4220468,252.0747104,6.996943697,8.100863974,5.010710873
4426,32,64,48,1,0,1,1,1,1,0,1,1,1,1,1,209.3343931,226.8096706,254.6705559,6.464836319,28.17226233,23.66781806,209.9426017,226.9840462,255.0808904,6.456082231,28.12221157,23.6567813
4427,32,64,48,1,0,1,1,1,1,1,0,1,1,1,1,218.9326447,394.4943513,305.9153103,11.97510893,16.0136183,19.00002437,215.7735835,394.1692198,303.7839572,9.430966458,17.72341866,18.37592211
4428,32,64,48,1,0,1,1,1,1,1,1,0,1,1,1,208.8620622,231.3438207,251.0611,5.946062936,5.204193071,8.940675705,210.5071642,232.0662176,250.1140581,9.302876836,3.394466079,7.83844005
4429,32,64,48,1,0,1,1,1,1,1,1,1,0,1,1,205.0541461,229.9840382,256.4359793,23.68987177,56.90893347,58.73423054,211.5891944,228.7246401,251.9289187,27.85843558,55.83351437,58.47404642
4430,32,64,48,1,0,1,1,1,1,1,1,1,1,0,1,207.1181233,230.3750147,253.3445713,3.344669852,12.6836301,13.76677946,207.7050623,232.0897882,252.3448222,7.546984451,13.24534625,11.82610038
4431,32,64,48,1,0,1,1,1,1,1,1,1,1,1,0,205.1143432,232.2730477,253.3471113,53.50877481,56.34059881,26.65832869,207.7320013,237.9454293,248.0601549,55.0051098,56.67786999,22.91849045
4432,32,64,48,1,1,0,1,1,1,1,1,1,1,1,1,209.4499707,232.1822012,249.8226941,7.946317877,3.354856251,6.376636617,209.0324409,231.991294,251.4070981,4.135390902,5.083553789,7.457474466
4433,32,64,48,1,1,0,1,1,1,0,1,1,1,1,1,210.0169174,230.4751103,251.4839433,14.11685737,28.36758249,28.9851199,208.1611978,229.9150487,254.2630518,9.183840702,28.85506515,29.37559951
4434,32,64,48,1,1,0,1,1,1,1,0,1,1,1,1,210.0989537,231.341547,250.152934,10.80677304,3.418541175,9.340438217,209.4824397,231.174946,251.8113563,8.002649099,5.438822606,10.02775138
4435,32,64,48,1,1,0,1,1,1,1,1,0,1,1,1,278.3372901,237.4595991,393.2544616,23.53032036,16.4123524,20.51474408,279.9809409,240.3262198,394.5008703,23.31202643,17.17305479,19.47924765
4436,32,64,48,1,1,0,1,1,1,1,1,1,0,1,1,210.7682703,234.0428042,247.2587646,22.08998647,5.137040234,26.0116883,211.3780497,234.2998111,247.6203868,22.07154507,5.137341305,25.94886392
4437,32,64,48,1,1,0,1,1,1,1,1,1,1,0,1,213.1317666,229.37226,250.4255445,53.08884221,21.59429415,51.69277979,208.9992291,234.3997587,249.1672959,52.64811263,24.50666431,50.15116239
4438,32,64,48,1,1,0,1,1,1,1,1,1,1,1,0,207.7346544,232.510196,250.8723151,9.817077876,6.246144176,6.548494383,206.7676369,233.7014642,251.6705075,8.36110459,8.757676379,3.832386709
4439,32,64,48,1,1,1,0,1,1,1,1,1,1,1,1,209.4448537,232.1927582,249.8203822,7.933902741,3.35805021,6.35979699,209.0278697,232.0009654,251.4041217,4.116163889,5.081824315,7.442302203
4440,32,64,48,1,1,1,0,1,1,0,1,1,1,1,1,210.2990875,231.2551636,250.194703,11.30789791,3.624656388,9.953250179,209.5935648,231.047513,251.8322197,8.570969496,5.533268316,10.5019217
4441,32,64,48,1,1,1,0,1,1,1,0,1,1,1,1,210.782374,228.390369,251.9349401,27.0973435,54.65973676,57.1769436,205.6325617,229.9585681,257.190851,22.77352235,55.58702821,57.27456934
4442,32,64,48,1,1,1,0,1,1,1,1,0,1,1,1,210.7730892,234.0453725,247.2604559,22.05464546,5.137391582,25.97457592,211.3736424,234.300145,247.6123274,22.02865138,5.137330952,25.90686321
4443,32,64,48,1,1,1,0,1,1,1,1,1,0,1,1,277.6689875,236.492137,392.9854601,23.64981838,13.2135896,21.3378507,280.7559341,242.0068778,394.7758103,23.5006403,15.36213098,19.3905183
4444,32,64,48,1,1,1,0,1,1,1,1,1,1,0,1,207.7338547,232.5226626,250.8562702,9.794030876,6.197665976,6.540163752,206.7672614,233.7042482,251.6580394,8.322068606,8.715620439,3.843137506
4445,32,64,48,1,1,1,0,1,1,1,1,1,1,1,0,212.4298432,229.963967,250.1512798,47.50462872,19.10698185,46.20368574,208.9902895,234.4555927,249.5373918,47.12043535,22.08102228,44.80111751
4446,32,64,48,1,1,1,1,0,1,1,1,1,1,1,1,206.239515,233.33905,251.3553402,7.658520966,7.920426479,3.866470071,208.2286733,232.6587582,251.3820511,9.077660387,5.239619723,6.399058071
4447,32,64,48,1,1,1,1,0,1,0,1,1,1,1,1,206.8706077,236.738871,249.0982866,45.24284712,45.6756574,15.57456999,206.4053946,232.2900035,253.3229269,43.70761996,45.03539069,19.44461335
4448,32,64,48,1,1,1,1,0,1,1,0,1,1,1,1,207.3430797,231.6156962,252.0275711,7.432682007,12.60179186,11.02464725,207.9251317,230.3774877,253.8093502,3.38680667,11.98165375,13.02974589
4449,32,64,48,1,1,1,1,0,1,1,1,0,1,1,1,208.3166346,234.5754828,248.5551538,53.80612725,24.98481154,51.24297182,213.7261123,229.9412603,250.6342935,53.98083121,22.04849223,52.57727424
4450,32,64,48,1,1,1,1,0,1,1,1,1,0,1,1,206.2051087,233.6191154,251.1501819,8.536531933,8.842513881,3.831453816,208.2280204,232.8823198,251.1990212,9.813948964,6.456811897,6.517636353
4451,32,64,48,1,1,1,1,0,1,1,1,1,1,0,1,323.7409878,322.2618225,286.2027937,17.67369774,18.38467672,11.71787,324.9743517,323.2064064,289.1711953,14.97099713,17.69041472,13.06773536
4452,32,64,48,1,1,1,1,0,1,1,1,1,1,1,0,202.9485047,235.1245125,252.4347987,34.10738491,29.36030566,6.30593664,203.5053957,235.3379813,252.8626463,34.01932017,29.32732469,6.280353879
4453,32,64,48,1,1,1,1,1,0,1,1,1,1,1,1,206.2351798,233.3508476,251.3524339,7.695012371,7.96507213,3.865144141,208.2256293,232.6627182,251.3773673,9.10246244,5.290636981,6.406884316
4454,32,64,48,1,1,1,1,1,0,0,1,1,1,1,1,207.3835686,231.6230931,251.9178107,7.404917227,11.89397951,10.11011327,207.9900502,230.3545958,253.7852511,3.263384211,11.29101895,12.37895139
4455,32,64,48,1,1,1,1,1,0,1,0,1,1,1,1,206.7721046,237.7361185,248.0655736,53.48359806,55.0330909,21.98628545,205.537607,232.5875479,253.9481999,51.76084223,54.5372877,25.66510035
4456,32,64,48,1,1,1,1,1,0,1,1,0,1,1,1,206.1919699,233.6056087,251.1642439,8.406867879,8.72485872,3.829465188,208.2258557,232.8692545,251.2045672,9.716112251,6.281148335,6.514805745
4457,32,64,48,1,1,1,1,1,0,1,1,1,0,1,1,208.3340536,234.6152113,248.9344749,48.41655252,22.60285218,46.02743294,213.0269147,230.4969237,250.3946963,48.55135508,19.60888301,47.24339904
4458,32,64,48,1,1,1,1,1,0,1,1,1,1,0,1,202.9605537,235.1150779,252.4381927,34.01392798,29.2653064,6.301693272,203.5159619,235.3308395,252.8654835,33.92582243,29.23294093,6.276568076
4459,32,64,48,1,1,1,1,1,0,1,1,1,1,1,0,323.885172,322.094721,286.8691256,16.80121211,16.99246326,10.0422461,325.3110709,323.2356236,289.0074745,14.75258033,16.67660012,11.40815997
4460,16,16,32,1,1,1,1,1,1,1,1,1,1,1,1,231.1448137,199.3136327,262.0144026,8.30810357,7.040270018,4.505378283,232.5380199,200.3454596,262.8527352,7.575502873,6.715997358,5.323264099
4461,16,16,32,1,1,1,1,1,1,0,1,1,1,1,1,230.5938751,198.6818732,263.1486019,13.71505397,15.28270272,9.33486298,231.5282492,197.6776519,266.0192989,5.158944797,13.72889947,14.06514788
4462,16,16,32,1,1,1,1,1,1,1,0,1,1,1,1,230.5956222,198.6840375,263.1437315,13.71222142,15.27471996,9.299649561,231.5296781,197.6827226,266.0144552,5.162795105,13.70156913,14.03529702
4463,16,16,32,1,1,1,1,1,1,1,1,0,1,1,1,231.7612024,199.0930763,261.6158761,9.441090803,11.66876554,11.7525276,235.2439129,199.8374408,260.8813616,13.9915321,4.521520193,11.89886057
4464,16,16,32,1,1,1,1,1,1,1,1,1,0,1,1,231.7626756,199.0862972,261.615173,9.477909617,11.66293387,11.77791337,235.2449257,199.8328227,260.883172,14.00494538,4.527661592,11.9278
4465,16,16,32,1,1,1,1,1,1,1,1,1,1,0,1,231.0640137,199.9873606,261.7438349,12.97576361,7.503708917,8.685131109,231.011325,202.6427609,262.6740367,12.26004133,13.07885376,4.544759198
4466,16,16,32,1,1,1,1,1,1,1,1,1,1,1,0,231.0583479,199.9854741,261.7512641,12.99273782,7.527680803,8.679505786,231.0083033,202.6390126,262.6813003,12.28020055,13.09016527,4.551768281
4467,16,16,32,0,1,1,1,1,1,1,1,1,1,1,1,229.9804533,196.3997702,265.6266728,5.47790568,14.28608754,14.25240603,231.9569412,199.527765,264.2521977,13.44736265,15.24618624,10.06911565
4468,16,16,32,0,1,1,1,1,1,0,1,1,1,1,1,267.3997765,316.9822212,343.3144796,15.8798557,21.73617578,20.44163157,269.9039053,318.7006585,344.5025694,15.48918362,18.4661622,19.77635593
4469,16,16,32,0,1,1,1,1,1,1,0,1,1,1,1,229.1592394,193.4367867,268.5192503,11.8209136,45.27976495,37.41788299,230.652606,194.5540667,269.2014867,11.69540899,44.96809416,37.34456646
4470,16,16,32,0,1,1,1,1,1,1,1,0,1,1,1,224.8392413,196.4917398,271.8730893,37.97902324,78.82818623,83.04485616,236.2737388,194.1881222,264.9196156,45.28809851,75.15893972,82.38217724
4471,16,16,32,0,1,1,1,1,1,1,1,1,0,1,1,232.8077905,193.3216492,267.3895271,14.68118261,12.43824244,16.42734866,236.7846107,194.1933174,266.6681552,18.62656281,4.356822302,16.63491264
4472,16,16,32,0,1,1,1,1,1,1,1,1,1,0,1,226.8656321,199.3980963,266.5259747,70.50097357,77.30620561,41.99141698,232.9725945,208.4836768,258.5421839,74.33654409,77.68293269,36.59940692
4473,16,16,32,0,1,1,1,1,1,1,1,1,1,1,0,229.1561357,196.8782475,266.2180941,5.200935419,15.1782838,15.28506533,231.1696639,200.1220176,264.7272099,13.67747034,16.12727952,11.20002512
4474,16,16,32,1,0,1,1,1,1,1,1,1,1,1,1,229.9832717,196.4089967,265.6144616,5.488623532,14.24289894,14.19822522,231.9574394,199.5333237,264.2449224,13.43518882,15.25134531,10.01665231
4475,16,16,32,1,0,1,1,1,1,0,1,1,1,1,1,229.1639729,193.4226463,268.5210367,11.82102581,45.39230869,37.52467721,230.657295,194.5429912,269.2193157,11.69604051,45.068634,37.45317141
4476,16,16,32,1,0,1,1,1,1,1,0,1,1,1,1,268.5336806,317.3573777,343.5693724,16.62566057,21.78465513,21.27135742,271.7739326,319.3365657,345.09785,17.13747738,18.70795863,20.89901494
4477,16,16,32,1,0,1,1,1,1,1,1,0,1,1,1,232.2176279,193.0214766,267.2323388,12.99915863,12.56978154,15.02398397,235.9582802,193.7520603,266.0884994,16.93908151,3.750382168,14.93347103
4478,16,16,32,1,0,1,1,1,1,1,1,1,0,1,1,224.7830108,196.4144418,271.8465715,38.00145649,78.97509666,83.14869023,236.1793948,194.0881485,264.8370366,45.26243065,75.29229882,82.4672778
4479,16,16,32,1,0,1,1,1,1,1,1,1,1,0,1,229.1677193,196.8733614,266.2051893,5.204659851,15.12178936,15.22783319,231.1805207,200.1152611,264.7138263,13.67173393,16.14469729,11.14686464
4480,16,16,32,1,0,1,1,1,1,1,1,1,1,1,0,226.9096127,199.4225809,266.5424789,70.47010289,77.25479848,41.92558574,232.9984813,208.5007915,258.5711326,74.29980385,77.62993351,36.52612545
4481,16,16,32,1,1,0,1,1,1,1,1,1,1,1,1,233.397733,198.4392164,260.6198369,13.5981629,4.711643522,11.0632865,232.8309291,200.124737,262.658822,9.005724734,11.57795355,10.74167701
4482,16,16,32,1,1,0,1,1,1,0,1,1,1,1,1,233.7261608,193.3077922,264.4080157,46.5920959,77.39567588,84.4574731,225.0055681,198.4657567,272.7390269,38.84857367,80.25412561,84.55479369
4483,16,16,32,1,1,0,1,1,1,1,0,1,1,1,1,236.6072503,190.6960961,271.2136142,22.29810357,6.33719705,21.32343964,236.4822498,191.8077756,273.5777846,20.23685781,12.93380921,21.2351846
4484,16,16,32,1,1,0,1,1,1,1,1,0,1,1,1,267.0019236,190.7635312,438.4551468,27.72910373,15.77568016,25.67340327,272.6186413,198.9752037,440.7486404,29.11378874,20.68686484,22.32254141
4485,16,16,32,1,1,0,1,1,1,1,1,1,0,1,1,234.9394703,198.3128756,258.9631965,24.099932,10.19346874,29.42167906,236.4212456,199.6148131,259.5139526,24.14101063,10.15655298,29.22315642
4486,16,16,32,1,1,0,1,1,1,1,1,1,1,0,1,237.5273162,195.3251312,260.7485761,75.92046453,32.87651089,73.47521742,233.3963512,205.082734,258.247909,75.86910491,40.51799959,70.82089006
4487,16,16,32,1,1,0,1,1,1,1,1,1,1,1,0,231.8143112,200.3729911,260.7574999,13.84621329,8.696492237,8.955304527,231.6520191,203.1785015,261.660515,13.21295239,14.16987569,4.374788149
4488,16,16,32,1,1,1,0,1,1,1,1,1,1,1,1,233.3910708,198.4368213,260.624365,13.55606327,4.719995456,11.02938439,232.8331545,200.1206559,262.6617915,8.985806887,11.57164386,10.71413048
4489,16,16,32,1,1,1,0,1,1,0,1,1,1,1,1,235.6578639,190.4815752,271.2847996,25.07584922,6.788300798,24.16737182,235.1795676,191.7384421,273.9027599,22.19129843,13.61185276,23.93316275
4490,16,16,32,1,1,1,0,1,1,1,0,1,1,1,1,233.6692188,193.2639993,264.3335926,46.51416372,77.22871625,84.31048505,224.9901342,198.4273702,272.6633593,38.79021052,80.10065295,84.41581308
4491,16,16,32,1,1,1,0,1,1,1,1,0,1,1,1,234.918225,198.3083703,258.9597609,24.08944484,10.19246985,29.41343306,236.4389271,199.6098193,259.5360597,24.16332277,10.15590564,29.24556821
4492,16,16,32,1,1,1,0,1,1,1,1,1,0,1,1,266.9111482,190.6438434,438.1966967,27.94951437,15.67291652,25.91966172,272.6810299,199.0657579,440.5453922,29.40227248,20.80202136,22.59827473
4493,16,16,32,1,1,1,0,1,1,1,1,1,1,0,1,231.903876,200.384143,260.6860389,14.09384322,8.864886018,9.046125899,231.6502957,203.1193373,261.5736506,13.17878339,14.15421138,4.370721065
4494,16,16,32,1,1,1,0,1,1,1,1,1,1,1,0,237.3504542,195.7129649,260.7365362,72.53215752,31.1744674,70.14331385,233.6461099,205.170156,258.6872533,72.61706577,39.00928989,67.59317363
4495,16,16,32,1,1,1,1,0,1,1,1,1,1,1,1,229.8251,201.245633,261.931752,11.69178295,12.65233182,4.28962312,232.5813378,200.9061892,262.5755453,11.72427641,6.795223432,8.879671672
4496,16,16,32,1,1,1,1,0,1,0,1,1,1,1,1,231.3630613,207.2682395,257.4657807,70.49407676,73.29198513,33.43201374,228.586859,200.9831308,266.2766551,65.75780875,71.90592696,38.73240667
4497,16,16,32,1,1,1,1,0,1,1,0,1,1,1,1,230.1920339,199.0128722,263.3433669,13.87820386,15.90601967,10.13343845,231.0886609,197.9392218,266.3028411,4.974292755,14.33416182,14.73942711
4498,16,16,32,1,1,1,1,0,1,1,1,0,1,1,1,232.7545102,203.8598544,256.8086297,76.12074124,40.62762104,70.818511,239.9777682,196.6727537,260.5452094,75.36528849,32.56382024,72.96515274
4499,16,16,32,1,1,1,1,0,1,1,1,1,0,1,1,230.8089195,202.1446287,260.4605697,13.44202846,14.59114413,4.084921102,233.7174017,201.5632953,261.1584728,13.32998824,9.119198316,9.356162532
4500,16,16,32,1,1,1,1,0,1,1,1,1,1,0,1,354.4085364,286.7984603,273.4273868,26.41256066,27.97191759,16.69915294,357.7515473,290.2738933,280.4608275,21.79395192,27.19631216,20.76490087
4501,16,16,32,1,1,1,1,0,1,1,1,1,1,1,0,228.2007589,202.8923376,262.3803851,33.64725395,27.79487603,8.137511776,229.5298478,204.1492288,263.1398601,33.3706723,27.70248015,8.115755598
4502,16,16,32,1,1,1,1,1,0,1,1,1,1,1,1,229.8394752,201.2555042,261.9206654,11.70959329,12.67378797,4.285849069,232.5867681,200.9063751,262.5702295,11.70134413,6.796086762,8.882532195
4503,16,16,32,1,1,1,1,1,0,0,1,1,1,1,1,230.1938581,199.0145379,263.3448237,13.87833645,15.86988517,10.1421005,231.0914826,197.9395831,266.2976061,4.979737352,14.35210834,14.75400603
4504,16,16,32,1,1,1,1,1,0,1,0,1,1,1,1,231.2901838,207.2914887,257.3170722,71.30507585,74.37214096,34.41565984,228.4106755,200.974341,266.3505248,66.54432662,73.02202614,39.68097124
4505,16,16,32,1,1,1,1,1,0,1,1,0,1,1,1,230.6646438,201.9414392,260.5107486,13.19240407,14.32168077,4.11895049,233.6276709,201.4574214,261.1803529,13.31140975,8.896175766,9.280799778
4506,16,16,32,1,1,1,1,1,0,1,1,1,0,1,1,232.8912347,203.9333013,257.0583899,74.4182689,39.92404064,69.07599651,239.8515943,196.8825586,260.5567061,73.59095798,31.76245189,71.17604232
4507,16,16,32,1,1,1,1,1,0,1,1,1,1,0,1,228.2014428,202.9109147,262.3695868,33.7865317,27.93419,8.138322523,229.526916,204.1614761,263.1310254,33.50281092,27.83439677,8.115873119
4508,16,16,32,1,1,1,1,1,0,1,1,1,1,1,0,355.5674958,287.8109418,277.1943109,25.47553295,27.17669328,19.62377725,357.4398097,289.5739529,278.7163336,22.92335676,26.78236247,20.22132625
4509,96,64,32,1,1,1,1,1,1,1,1,1,1,1,1,228.1433673,263.1358619,202.538073,1.775541273,2.882567632,3.963239072,228.2306613,263.4637806,203.0199385,2.047876905,2.881614313,3.638516975
4510,96,64,32,1,1,1,1,1,1,0,1,1,1,1,1,228.2478032,262.8764842,202.8935387,4.127749513,7.244015802,4.179540969,228.9016641,262.0075419,204.3109091,3.191842819,6.094278239,7.664905471
4511,96,64,32,1,1,1,1,1,1,1,0,1,1,1,1,228.2483719,262.8772062,202.8968911,4.12292137,7.235442509,4.166334378,228.9039666,262.0085685,204.3074005,3.197604476,6.08022592,7.649401993
4512,96,64,32,1,1,1,1,1,1,1,1,0,1,1,1,228.6570667,263.0098305,202.1318099,5.011744676,5.743319582,8.853408173,229.4443438,263.8344556,201.2162526,7.145293575,3.858055478,7.133242325
4513,96,64,32,1,1,1,1,1,1,1,1,1,0,1,1,228.6563992,263.014063,202.1331994,5.057941521,5.75214857,8.887212877,229.4439888,263.8387933,201.2115152,7.179285626,3.857545264,7.163939543
4514,96,64,32,1,1,1,1,1,1,1,1,1,1,0,1,227.5495092,263.6683998,202.5298932,7.812980819,4.848207466,6.8327528,226.2168362,265.0808527,203.2190003,6.876837643,7.857359894,3.410528096
4515,96,64,32,1,1,1,1,1,1,1,1,1,1,1,0,227.5441858,263.671185,202.5242365,7.826501952,4.880931945,6.836876858,226.212995,265.0897115,203.2132413,6.898347677,7.886171375,3.408380065
4516,96,64,32,0,1,1,1,1,1,1,1,1,1,1,1,228.741414,261.9415298,203.627242,3.152749792,5.704442311,7.495172767,228.3200026,263.3352027,203.2803555,4.236573519,6.791591742,3.809742633
4517,96,64,32,0,1,1,1,1,1,0,1,1,1,1,1,226.0610472,409.7506646,268.9999768,14.53589495,22.23592165,25.20743745,232.4502531,411.5042175,272.489104,16.29078999,20.565142,25.11203263
4518,96,64,32,0,1,1,1,1,1,1,0,1,1,1,1,231.104477,259.3981016,204.7039135,4.480965808,23.9559335,20.47095154,231.2180369,259.6280969,205.3019622,4.486535373,23.91100341,20.45586489
4519,96,64,32,0,1,1,1,1,1,1,1,0,1,1,1,227.464692,262.2265652,205.498382,13.96036425,35.82323023,36.6799266,230.3523817,262.2313046,203.0363556,16.27738765,34.79755988,36.27259481
4520,96,64,32,0,1,1,1,1,1,1,1,1,0,1,1,228.8679677,262.8964097,202.0556221,6.510516048,5.873349265,9.697937501,229.7203172,263.6834113,201.1313248,8.311922565,3.846181177,8.222264553
4521,96,64,32,0,1,1,1,1,1,1,1,1,1,0,1,227.5376315,263.6090558,202.6271996,8.04065959,5.25693058,6.954165611,226.1697904,265.0923585,203.2539638,7.166247698,8.162337413,3.240096234
4522,96,64,32,0,1,1,1,1,1,1,1,1,1,1,0,227.7270495,262.3713611,204.2931196,3.255243143,9.726598014,11.32430044,227.318318,263.9150767,203.6497285,4.737510226,10.32269456,8.826299663
4523,96,64,32,1,0,1,1,1,1,1,1,1,1,1,1,228.7415104,261.9423663,203.6198223,3.152977605,5.684902822,7.474589388,228.3209631,263.3356935,203.2781017,4.235631043,6.777981756,3.785758682
4524,96,64,32,1,0,1,1,1,1,0,1,1,1,1,1,231.1109617,259.3900538,204.7213262,4.483712322,24.09434411,20.61075849,231.2222277,259.617918,205.3109888,4.486917157,24.04764724,20.58921747
4525,96,64,32,1,0,1,1,1,1,1,0,1,1,1,1,226.5277276,409.8736223,269.0005424,15.57240011,21.63601024,24.85507911,232.3318421,411.5173001,272.3123611,17.09629693,20.16009938,24.906076
4526,96,64,32,1,0,1,1,1,1,1,1,0,1,1,1,228.850516,262.9110774,202.0597474,6.202390105,5.864561941,9.545394511,229.688224,263.7150425,201.1106724,8.07854041,3.855658575,7.988207703
4527,96,64,32,1,0,1,1,1,1,1,1,1,0,1,1,226.3851994,262.5213218,206.7787551,19.06778347,46.83062196,47.92232162,230.4236103,261.5747951,203.225452,21.30741509,45.60850171,47.54959371
4528,96,64,32,1,0,1,1,1,1,1,1,1,1,0,1,227.2432704,262.738354,204.3617433,3.427144052,13.85235217,15.17255142,226.9453364,264.3639325,203.6146338,5.254798006,14.30488855,13.3315477
4529,96,64,32,1,0,1,1,1,1,1,1,1,1,1,0,226.2491326,263.5483058,204.4569574,37.71612971,38.34238528,16.81698707,226.2153101,267.0780632,201.5532327,38.20880793,38.67443862,12.17583371
4530,96,64,32,1,1,0,1,1,1,1,1,1,1,1,1,229.4761975,263.4808223,200.6040023,7.198037605,3.833176295,7.33262432,228.8736405,263.2432194,202.5600117,5.185237069,5.696733925,8.876589832
4531,96,64,32,1,1,0,1,1,1,0,1,1,1,1,1,230.4383191,262.0220331,202.2569886,13.94593158,30.37275786,31.48467295,228.3465224,262.0885737,205.4207848,11.61380207,31.16439246,31.80716686
4532,96,64,32,1,1,0,1,1,1,1,0,1,1,1,1,229.704256,263.3668923,200.5091392,8.017988432,3.835459999,8.053706981,229.0570515,263.1379545,202.5065673,6.197749795,5.809748207,9.487111561
4533,96,64,32,1,1,0,1,1,1,1,1,0,1,1,1,330.544914,307.1122694,306.2158313,16.69931232,9.603374775,16.4740949,331.534161,310.193042,307.7430172,16.38231821,11.3899797,14.4954776
4534,96,64,32,1,1,0,1,1,1,1,1,1,0,1,1,230.9599126,264.7240814,197.1544192,29.60567096,5.9503439,34.0080358,231.0302613,265.0134927,197.7242057,29.58620875,5.928870368,33.93979561
4535,96,64,32,1,1,0,1,1,1,1,1,1,1,0,1,234.2500424,260.0730514,201.1397552,54.69256963,22.16588487,53.06937493,228.7528033,265.520098,199.7654012,54.27583217,25.20689321,51.40846688
4536,96,64,32,1,1,0,1,1,1,1,1,1,1,1,0,227.800721,264.01836,201.8246397,12.47956358,11.2051488,7.265049101,226.4416501,265.5911084,202.366414,11.95591916,12.85259641,3.295105552
4537,96,64,32,1,1,1,0,1,1,1,1,1,1,1,1,229.4793618,263.4805989,200.5989165,7.211433785,3.833790225,7.344842579,228.8778241,263.2415502,202.5580112,5.203940633,5.697803933,8.891837144
4538,96,64,32,1,1,1,0,1,1,0,1,1,1,1,1,229.7435754,263.3399149,200.5184335,8.263710742,3.830705927,8.295545336,229.0815459,263.1282726,202.4969232,6.51640376,5.823422599,9.651894175
4539,96,64,32,1,1,1,0,1,1,1,0,1,1,1,1,230.8359309,261.0478712,202.500887,21.80295535,46.69504821,48.73318802,226.8903279,262.548252,207.3102764,19.56398462,47.7766449,48.87623293
4540,96,64,32,1,1,1,0,1,1,1,1,0,1,1,1,230.9693299,264.7210063,197.1573266,29.58952198,5.956836904,33.99150141,231.0270304,265.009308,197.7264003,29.56508612,5.931981374,33.92029785
4541,96,64,32,1,1,1,0,1,1,1,1,1,0,1,1,330.5460872,306.9583619,305.87894,16.80192693,8.715636747,16.57501321,331.7244165,310.3118476,307.8021881,16.44140718,11.06295824,14.74301874
4542,96,64,32,1,1,1,0,1,1,1,1,1,1,0,1,228.3658856,263.8410297,201.6460237,14.92049511,13.78744124,7.750006335,226.8154867,265.6814793,202.0876816,14.45105344,15.33422702,2.966368318
4543,96,64,32,1,1,1,0,1,1,1,1,1,1,1,0,232.4832888,261.3053085,200.7217785,43.33813246,16.58338967,42.22983845,228.5326158,265.5061744,200.6318374,42.95671539,19.79318186,40.88693924
4544,96,64,32,1,1,1,1,0,1,1,1,1,1,1,1,226.0751222,264.7783383,202.6662934,6.851648282,7.872566901,3.53201852,227.5570496,263.9354343,203.0871272,7.777156387,4.920358283,6.806860469
4545,96,64,32,1,1,1,1,0,1,0,1,1,1,1,1,226.0580397,264.7801108,202.6930543,6.947944315,7.991154482,3.425619956,227.5557135,263.8953109,203.1471723,7.840395981,5.06240408,6.862326317
4546,96,64,32,1,1,1,1,0,1,1,0,1,1,1,1,227.5321036,263.2597194,203.2665106,4.51997846,10.20032087,8.494453951,228.1567739,262.2847457,204.8299246,3.306757826,9.407354188,10.82882271
4547,96,64,32,1,1,1,1,0,1,1,1,0,1,1,1,228.4659146,264.9688892,199.3987673,56.94500785,26.71409013,53.9372886,234.280986,259.7375706,202.2752081,57.26315757,23.64857679,55.4171751
4548,96,64,32,1,1,1,1,0,1,1,1,1,0,1,1,226.908134,265.3096273,201.522682,14.57660802,15.37102424,3.053067743,228.6252803,263.9632496,202.2050639,15.008234,13.7764279,7.808703582
4549,96,64,32,1,1,1,1,0,1,1,1,1,1,0,1,401.8311266,312.4900109,208.9654166,18.16402782,22.61196861,15.28283727,401.3851047,309.2491945,204.320227,19.56387792,21.48898166,12.91160398
4550,96,64,32,1,1,1,1,0,1,1,1,1,1,1,0,222.7326222,266.6327676,203.9376414,28.77696798,24.36941244,6.287052733,222.7854426,266.9182655,204.5311777,28.74999369,24.36601333,6.281789306
4551,96,64,32,1,1,1,1,1,0,1,1,1,1,1,1,226.0891479,264.77189,202.6583249,6.795103401,7.831029449,3.531287347,227.5688989,263.9289167,203.0816011,7.723061503,4.853382121,6.805791902
4552,96,64,32,1,1,1,1,1,0,0,1,1,1,1,1,227.6724862,263.1461413,203.1933928,4.373909105,8.760470343,6.501941336,228.343985,262.1664961,204.7803464,3.225853756,7.856755127,9.432673542
4553,96,64,32,1,1,1,1,1,0,1,0,1,1,1,1,226.2431539,266.8721385,200.7161854,42.95391935,43.63525864,14.74777962,226.1093939,263.5402718,205.401528,42.35022226,43.29706252,19.15152019
4554,96,64,32,1,1,1,1,1,0,1,1,0,1,1,1,226.3601284,265.2059309,201.8202021,11.4909214,12.38785617,3.361831308,227.8796382,264.2211141,202.3752405,12.0297569,10.67774862,7.18292993
4555,96,64,32,1,1,1,1,1,0,1,1,1,0,1,1,228.4771872,265.1501714,199.7925452,51.81021854,24.49587303,48.97596165,233.4971397,260.4167161,201.9870578,52.0958882,21.36423638,50.33130151
4556,96,64,32,1,1,1,1,1,0,1,1,1,1,0,1,222.7279067,266.6405512,203.9348792,28.83052071,24.42211225,6.287808996,222.7779454,266.9157336,204.5264508,28.80163813,24.41672504,6.282612972
4557,96,64,32,1,1,1,1,1,0,1,1,1,1,1,0,401.7264015,312.3834426,209.133972,18.35357649,22.4911645,16.31618422,401.2754102,309.3863823,204.8250829,19.85082448,21.63398738,14.33899049
4558,32,48,96,1,1,1,1,1,1,1,1,1,1,1,1,225.9077346,205.5905307,261.667212,4.48546057,2.782126943,1.991901107,226.4755077,205.8380975,261.8802693,3.985651341,2.824843933,2.375607004
4559,32,48,96,1,1,1,1,1,1,0,1,1,1,1,1,225.799698,204.9589198,262.3394041,7.677411538,9.027455652,5.640978665,226.5785331,203.6524361,263.609416,3.780260432,7.655632188,8.09751851
4560,32,48,96,1,1,1,1,1,1,1,0,1,1,1,1,225.7980242,204.9732192,262.3267408,7.683827711,9.017035924,5.630694022,226.573895,203.6654714,263.6050281,3.771806026,7.644356248,8.096308532
4561,32,48,96,1,1,1,1,1,1,1,1,0,1,1,1,226.2953846,205.6594246,261.3168256,4.634663392,5.213448105,7.064044004,227.9715287,206.2899253,260.2832248,8.187203184,3.151595242,6.333249201
4562,32,48,96,1,1,1,1,1,1,1,1,1,0,1,1,226.3006259,205.657603,261.3132044,4.6575312,5.214215763,7.080365715,227.9758219,206.2890936,260.276534,8.197119274,3.156241889,6.347725778
4563,32,48,96,1,1,1,1,1,1,1,1,1,1,0,1,225.6250039,206.0086951,261.6324117,8.744185373,4.479149949,4.759250794,224.8919809,206.9755371,262.4217193,6.928210881,7.405971288,3.691901285
4564,32,48,96,1,1,1,1,1,1,1,1,1,1,1,0,225.620014,206.0118497,261.633952,8.76405509,4.513678368,4.759121003,224.8872591,206.979648,262.4231922,6.955072258,7.429803853,3.693473001
4565,32,48,96,0,1,1,1,1,1,1,1,1,1,1,1,225.9530601,203.173059,263.6574286,3.924307557,7.958908601,8.276034417,226.4206163,205.043911,262.6560258,7.589957025,9.224070861,6.001664184
4566,32,48,96,0,1,1,1,1,1,0,1,1,1,1,1,253.2062896,348.5307745,329.3151899,13.27340621,15.15379991,18.06956958,250.0259745,348.3751173,327.1267793,10.23920024,16.91718274,17.55307201
4567,32,48,96,0,1,1,1,1,1,1,0,1,1,1,1,226.8722473,199.467623,265.9153998,7.029569439,35.1546447,30.11357992,227.5305643,199.7691896,266.0211645,6.995401519,35.09520653,30.10560333
4568,32,48,96,0,1,1,1,1,1,1,1,0,1,1,1,223.8329889,203.4481495,266.2273457,17.06574232,44.61265813,45.95284131,228.9805173,203.3163223,262.5053854,21.65306241,43.6776968,45.68841021
4569,32,48,96,0,1,1,1,1,1,1,1,1,0,1,1,227.2160543,203.0738125,262.9156709,11.25900754,5.877850331,12.47621471,229.3249218,203.749966,261.8730494,13.53758971,3.701983344,12.23189753
4570,32,48,96,0,1,1,1,1,1,1,1,1,1,0,1,223.5527507,205.5179699,264.0670114,47.20179172,49.98334993,23.47842847,225.6506141,210.5335312,259.5515943,48.71997397,50.33075629,21.03448906
4571,32,48,96,0,1,1,1,1,1,1,1,1,1,1,0,225.5177821,203.2641604,264.0177263,3.85344817,10.95995248,11.28504431,226.0965572,205.0589406,262.9458383,7.73446206,11.78627381,9.759214303
4572,32,48,96,1,0,1,1,1,1,1,1,1,1,1,1,225.9546055,203.1778385,263.653721,3.938374185,7.962351882,8.263187049,226.420324,205.042075,262.655675,7.574831258,9.226232179,5.991799703
4573,32,48,96,1,0,1,1,1,1,0,1,1,1,1,1,226.8806414,199.4743347,265.9025025,7.027643386,35.1405963,30.09853106,227.5395065,199.7746972,266.008223,6.994928115,35.07659391,30.09000119
4574,32,48,96,1,0,1,1,1,1,1,0,1,1,1,1,249.7198417,348.0319577,326.708814,10.81952837,16.75938664,17.88138396,254.0316066,349.1119641,328.8674501,13.59265958,15.39812082,18.50973495
4575,32,48,96,1,0,1,1,1,1,1,1,0,1,1,1,226.6409924,204.673452,261.8552888,8.406217127,5.569753047,9.91603527,228.5509729,205.2727588,260.7265851,11.10884768,3.116265387,9.452176546
4576,32,48,96,1,0,1,1,1,1,1,1,1,0,1,1,222.3566595,203.331691,267.8282503,24.62631206,58.60897924,60.70775515,229.2263394,202.0105488,262.4800006,28.84781005,57.4430733,60.45104116
4577,32,48,96,1,0,1,1,1,1,1,1,1,1,0,1,225.6788184,203.1444362,263.9204353,3.845148598,9.377472621,9.651667788,226.2000222,205.0118362,262.8940591,7.685207725,10.42830501,7.788184477
4578,32,48,96,1,0,1,1,1,1,1,1,1,1,1,0,223.460405,205.5271825,264.0688363,49.16133634,51.78229066,23.90129748,225.9819867,210.9820737,259.3384986,50.80488345,52.19336465,21.44971378
4579,32,48,96,1,1,0,1,1,1,1,1,1,1,1,1,227.206569,205.8488134,260.3845236,8.112790762,3.169584847,5.920850764,226.7387895,205.8765112,261.6610246,4.340683143,5.332826103,6.673262149
4580,32,48,96,1,1,0,1,1,1,0,1,1,1,1,1,227.6943626,203.7635427,262.376398,17.3128595,35.08483862,36.25845005,224.9841635,203.7776409,265.5228354,12.33739674,35.72656889,36.54941527
4581,32,48,96,1,1,0,1,1,1,1,0,1,1,1,1,228.1931754,204.295939,261.3694744,11.99199178,3.273901145,10.11351876,227.3453455,204.3528572,262.5870493,9.202286192,5.728233067,10.35945268
4582,32,48,96,1,1,0,1,1,1,1,1,0,1,1,1,275.8098182,198.521261,436.6372655,23.41414176,13.84266492,19.38845049,273.1639377,193.2906305,435.7440521,22.56838036,11.54820426,20.66478915
4583,32,48,96,1,1,0,1,1,1,1,1,1,0,1,1,228.4433924,207.4963292,258.0095671,18.27029808,5.130437685,21.77601337,229.1034355,207.8491026,258.0742386,18.27419749,5.133556599,21.74374744
4584,32,48,96,1,1,0,1,1,1,1,1,1,1,0,1,229.9556746,203.6084602,260.8098932,49.84303584,19.26237004,48.76222645,226.5846916,208.3206007,259.856212,49.61210228,22.54644137,47.87248433
4585,32,48,96,1,1,0,1,1,1,1,1,1,1,1,0,225.6394813,206.1185652,261.5317589,8.95667022,4.832211519,4.810683196,224.8696638,207.1136516,262.3337077,7.15942162,7.696932553,3.702112182
4586,32,48,96,1,1,1,0,1,1,1,1,1,1,1,1,227.2021812,205.8526209,260.3863081,8.095627922,3.178372648,5.903998479,226.7385243,205.8767258,261.6601494,4.321153878,5.32586215,6.660156081
4587,32,48,96,1,1,1,0,1,1,0,1,1,1,1,1,229.6040426,202.0548441,263.4395513,16.93128409,4.382155812,15.58293655,228.6751865,201.9226401,264.3554917,15.21803215,6.21967565,15.64313943
4588,32,48,96,1,1,1,0,1,1,1,0,1,1,1,1,228.0647537,201.8102107,262.7694848,28.6261671,57.03380297,59.9279597,222.5302513,203.7908719,268.2643624,24.22575007,58.03686054,60.11499276
4589,32,48,96,1,1,1,0,1,1,1,1,0,1,1,1,228.4361077,207.4970375,258.0124405,18.19867826,5.130019178,21.70430262,229.1052015,207.8479635,258.0827385,18.21117466,5.133052075,21.67611516
4590,32,48,96,1,1,1,0,1,1,1,1,1,0,1,1,275.6796728,198.0204069,436.398996,23.66445795,14.15502525,19.54646413,272.946486,192.559201,435.4694037,22.77735564,11.80924475,20.81594668
4591,32,48,96,1,1,1,0,1,1,1,1,1,1,0,1,225.6383122,206.1223602,261.5338863,8.963632039,4.831320079,4.807759956,224.8667737,207.1117034,262.3357955,7.156253936,7.689607627,3.702269407
4592,32,48,96,1,1,1,0,1,1,1,1,1,1,1,0,229.1462163,204.3315869,260.4365718,41.9322625,15.738586,40.99527827,226.5815172,208.2655184,260.2828695,41.72991739,19.11895799,40.23861648
4593,32,48,96,1,1,1,1,0,1,1,1,1,1,1,1,224.3573549,206.6098968,262.2673936,6.881327645,7.238884815,3.575010751,226.2473608,206.2439738,261.7930235,8.433445877,4.310589683,4.767731807
4594,32,48,96,1,1,1,1,0,1,0,1,1,1,1,1,224.9900144,209.9437768,260.1007338,42.23452926,42.73860206,15.47528071,224.5579892,205.8417937,263.5550511,40.51923103,41.99950555,18.00358061
4595,32,48,96,1,1,1,1,0,1,1,0,1,1,1,1,225.620159,204.873131,262.5890004,7.836726032,9.964196868,7.026593547,226.3597501,203.507662,263.9010291,3.669831107,8.720833708,9.16633142
4596,32,48,96,1,1,1,1,0,1,1,1,0,1,1,1,226.0315349,208.1970087,259.3831817,48.43670275,21.7039557,46.76904776,230.6556232,204.3539817,260.4045734,48.47775228,18.34846504,47.56046185
4597,32,48,96,1,1,1,1,0,1,1,1,1,0,1,1,224.3081393,206.869908,262.112111,7.48073115,7.970432051,3.618950496,226.270201,206.4514056,261.6170819,8.984383542,5.259408387,4.895125288
4598,32,48,96,1,1,1,1,0,1,1,1,1,1,0,1,332.909663,308.1971312,296.6791385,19.16363016,20.42615464,13.10565044,334.4001493,309.1524305,299.6371232,16.62505561,19.29812937,14.17413236
4599,32,48,96,1,1,1,1,0,1,1,1,1,1,1,0,221.3312504,207.6771111,264.1955241,31.11420266,27.03522894,5.259022168,221.9343851,207.9907473,264.3257973,31.0261552,26.98794186,5.255147947
4600,32,48,96,1,1,1,1,1,0,1,1,1,1,1,1,224.3627425,206.6149656,262.258801,6.886112798,7.243927505,3.576871338,226.2522668,206.2465614,261.7819323,8.437106565,4.317735766,4.766940379
4601,32,48,96,1,1,1,1,1,0,0,1,1,1,1,1,225.4138857,204.9712596,262.6967214,7.955541867,12.67439246,10.9259254,226.0265003,203.7441439,264.1028293,3.660714129,11.88420739,12.37450983
4602,32,48,96,1,1,1,1,1,0,1,0,1,1,1,1,224.949364,210.6163279,259.4305882,47.53409271,48.69242506,19.45566215,224.0230749,206.0754808,263.9591546,45.68557626,48.06647687,21.93502428
4603,32,48,96,1,1,1,1,1,0,1,1,0,1,1,1,224.3305342,206.8170398,262.1254913,7.248076776,7.723220623,3.60079152,226.2888749,206.4092102,261.6257609,8.79985254,4.900971498,4.857219107
4604,32,48,96,1,1,1,1,1,0,1,1,1,0,1,1,225.8613482,207.7357899,260.3415826,31.87351202,14.36272465,31.04649062,228.9713211,205.6526995,260.0032281,32.07236993,10.83198322,31.56354224
4605,32,48,96,1,1,1,1,1,0,1,1,1,1,0,1,221.3281791,207.7068899,264.1926883,31.29508241,27.21875145,5.264497631,221.9282558,208.0213067,264.3257739,31.20473537,27.17116716,5.261746737
4606,32,48,96,1,1,1,1,1,0,1,1,1,1,1,0,332.1861949,307.7973593,295.5379137,19.89506941,21.89883062,14.41165497,333.5192214,308.4578675,296.3211771,17.98667025,21.04657121,14.83632746
4607,48,32,24,1,1,1,1,1,1,1,1,1,1,1,1,240.7916467,248.7244085,201.7732268,3.081066478,4.757843333,4.966071692,241.193752,249.4315462,202.4642437,3.450209174,4.570118996,4.717350146
4608,48,32,24,1,1,1,1,1,1,0,1,1,1,1,1,240.7593419,248.4817043,202.274594,6.110187769,9.408142843,5.471368108,241.5432344,247.8350986,204.209862,3.734083572,8.303184114,9.747775079
4609,48,32,24,1,1,1,1,1,1,1,0,1,1,1,1,240.7612588,248.4775946,202.2753896,6.114738407,9.41789613,5.48649801,241.5460557,247.8292413,204.2161172,3.734110111,8.316527219,9.768169616
4610,48,32,24,1,1,1,1,1,1,1,1,0,1,1,1,241.5285048,248.4506245,201.3138066,6.349274203,8.439155691,10.91508711,243.1668662,249.3222822,200.3850573,9.814802964,4.187900253,9.37659988
4611,48,32,24,1,1,1,1,1,1,1,1,1,0,1,1,241.5356053,248.4508195,201.3087284,6.34473593,8.44028065,10.91814374,243.168976,249.3245107,200.3725036,9.806411694,4.188756053,9.366309223
4612,48,32,24,1,1,1,1,1,1,1,1,1,1,0,1,240.2514403,249.3358426,201.6660916,9.471633357,6.141751998,8.486719935,239.0951841,251.5464041,202.3922499,8.57775481,10.2283879,3.737391681
4613,48,32,24,1,1,1,1,1,1,1,1,1,1,1,0,240.2455637,249.3368684,201.6760088,9.482446676,6.157037859,8.486547275,239.0893743,251.5479132,202.4028386,8.590962443,10.23697517,3.739692449
4614,48,32,24,0,1,1,1,1,1,1,1,1,1,1,1,241.079673,247.4072277,203.2710198,3.644776566,7.755383214,9.354517626,241.1324734,249.327269,202.8609449,6.205481766,8.60842773,4.904335224
4615,48,32,24,0,1,1,1,1,1,0,1,1,1,1,1,248.3601575,386.1509175,276.8009776,14.46261859,23.54422401,24.48421071,247.9976614,386.8393412,277.2331876,13.64610814,22.25006949,23.20296636
4616,48,32,24,0,1,1,1,1,1,1,0,1,1,1,1,242.4551556,245.1958747,204.7035748,6.018430521,27.65412597,23.20448251,242.8655867,245.8113036,205.5239689,6.013781207,27.54071411,23.17302004
4617,48,32,24,0,1,1,1,1,1,1,1,0,1,1,1,238.0513096,248.2488405,207.3680192,24.65583755,55.60899744,57.51459845,244.1452962,246.7440913,203.0775965,28.3855229,53.30363272,56.9637266
4618,48,32,24,0,1,1,1,1,1,1,1,1,0,1,1,241.6806376,248.2837777,201.3694727,7.123239348,8.504676856,11.35473126,243.3662307,249.1351046,200.4371945,10.37242768,4.133447259,9.934685116
4619,48,32,24,0,1,1,1,1,1,1,1,1,1,0,1,240.0948846,249.1620808,202.0559405,10.8217123,7.961269134,8.845350948,238.863495,251.3522885,202.5597517,10.0554711,11.23114247,3.323434791
4620,48,32,24,0,1,1,1,1,1,1,1,1,1,1,0,240.1731975,247.8244354,203.8673892,3.614625227,9.542174104,11.16272895,240.2370089,249.8661668,203.2614304,6.536222254,10.17131167,7.235813184
4621,48,32,24,1,0,1,1,1,1,1,1,1,1,1,1,241.0818816,247.4071945,203.2690121,3.647421699,7.754079577,9.343784678,241.1343917,249.3245201,202.8611087,6.198288088,8.609815886,4.898190877
4622,48,32,24,1,0,1,1,1,1,0,1,1,1,1,1,242.4578009,245.2061119,204.6969398,6.017820874,27.57047788,23.12083468,242.8675144,245.8173009,205.5108368,6.013830129,27.45012414,23.08421858
4623,48,32,24,1,0,1,1,1,1,1,0,1,1,1,1,246.5953162,386.6183658,276.3273785,19.05583975,23.37030324,26.74096588,249.1842548,387.9562864,277.8356537,19.62956395,21.39326517,25.95277098
4624,48,32,24,1,0,1,1,1,1,1,1,0,1,1,1,241.6574024,248.3196431,201.3408879,6.760933761,8.491140793,11.18812713,243.3206955,249.183069,200.3874152,10.12861251,4.153848255,9.685323044
4625,48,32,24,1,0,1,1,1,1,1,1,1,0,1,1,237.6435255,248.2736783,207.8288186,26.37808775,59.34219189,61.30635105,244.0518276,246.3815015,203.0169256,30.04382003,56.95474965,60.70145904
4626,48,32,24,1,0,1,1,1,1,1,1,1,1,0,1,239.6885966,248.214711,203.8637976,3.60138104,12.12730659,13.6185062,239.8156901,250.3561634,203.2542173,6.885515016,12.70189159,10.63324818
4627,48,32,24,1,0,1,1,1,1,1,1,1,1,1,0,237.2840114,249.8115149,204.8230136,56.12296541,58.75586391,28.49839533,239.061762,255.318441,199.4031466,57.32982713,58.77325863,22.87824649
4628,48,32,24,1,1,0,1,1,1,1,1,1,1,1,1,242.9638744,248.5331536,199.5815583,9.800721511,4.237179872,9.507067261,242.0865035,249.0849441,201.9347975,6.535213526,8.361675145,10.77951061
4629,48,32,24,1,1,0,1,1,1,0,1,1,1,1,1,243.8588331,246.0363249,201.9882757,26.97404799,54.45834783,57.42679914,238.9883214,248.9851177,208.2938134,23.21709294,56.42899922,57.74547384
4630,48,32,24,1,1,0,1,1,1,1,0,1,1,1,1,243.1848595,248.30621,199.6255712,10.28245875,4.170967535,9.95880819,242.2651733,248.8714959,202.0214212,7.132920527,8.452659748,11.18625299
4631,48,32,24,1,1,0,1,1,1,1,1,0,1,1,1,329.2392538,284.5396958,317.9782231,18.82276803,12.79010197,18.60405127,330.5427596,287.7803484,319.586682,18.79138344,14.25546119,16.48412437
4632,48,32,24,1,1,0,1,1,1,1,1,1,0,1,1,245.1279139,248.9084778,196.5137225,31.91424024,7.721979123,37.58748698,245.4661123,249.6292436,197.2475256,31.8585208,7.674915418,37.43305076
4633,48,32,24,1,1,0,1,1,1,1,1,1,1,0,1,248.548838,244.1618925,200.1514521,67.80299096,29.31717667,65.0692743,242.2338014,252.1585958,198.084014,67.21594347,33.9858732,62.65783899
4634,48,32,24,1,1,0,1,1,1,1,1,1,1,1,0,240.7284952,249.54304,200.8339252,10.98218685,8.185715538,8.769346274,239.4783927,251.9408149,201.4980024,10.26910878,11.83514342,3.49524439
4635,48,32,24,1,1,1,0,1,1,1,1,1,1,1,1,242.9547605,248.5368029,199.5806699,9.772940144,4.235433075,9.486340098,242.0844664,249.0876099,201.936962,6.512550993,8.361066883,10.77190186
4636,48,32,24,1,1,1,0,1,1,0,1,1,1,1,1,243.2057613,248.289431,199.6605592,10.41330793,4.167243724,10.09840796,242.2692119,248.8573641,202.0384748,7.316495157,8.455333261,11.27316668
4637,48,32,24,1,1,1,0,1,1,1,0,1,1,1,1,244.3043287,245.4330173,202.076295,31.26750522,59.19580986,63.14323419,238.4316657,248.8135243,208.6963533,27.54064113,61.20301262,63.28607122
4638,48,32,24,1,1,1,0,1,1,1,1,0,1,1,1,245.1079673,248.9104908,196.5184464,31.87645431,7.719968241,37.55077765,245.4672922,249.6302745,197.2639885,31.83070872,7.676581287,37.40652526
4639,48,32,24,1,1,1,0,1,1,1,1,1,0,1,1,329.7857607,285.3054139,318.2793625,19.46143783,13.48245092,19.05154884,330.6701376,287.918585,319.6284558,18.48544594,14.36405273,15.82721609
4640,48,32,24,1,1,1,0,1,1,1,1,1,1,0,1,241.0757613,249.627222,200.7434575,12.61925558,10.32965842,8.931625207,239.8449952,252.1292905,201.3743386,12.04670964,13.42562812,3.395565594
4641,48,32,24,1,1,1,0,1,1,1,1,1,1,1,0,247.7141028,244.9518626,200.0113459,61.71004952,26.19737974,59.22487515,242.276143,252.2835271,198.7012281,61.1944829,31.03329137,57.00601822
4642,48,32,24,1,1,1,1,0,1,1,1,1,1,1,1,238.8531508,250.7268059,201.5515244,8.266607274,10.04690195,3.852592921,240.6658582,249.916731,202.4089875,9.071459869,6.015316279,8.453465626
4643,48,32,24,1,1,1,1,0,1,0,1,1,1,1,1,238.8419212,250.7244616,201.560279,8.309212786,10.08088643,3.787429632,240.6582611,249.8970447,202.4383802,9.08834891,6.06551237,8.480301486
4644,48,32,24,1,1,1,1,0,1,1,0,1,1,1,1,240.1674885,248.8808818,202.5206633,6.352847731,10.4858049,7.08565313,240.9319653,248.1151222,204.545773,3.65619109,9.479105199,10.93590483
4645,48,32,24,1,1,1,1,0,1,1,1,0,1,1,1,241.7898302,251.0418745,197.5311202,69.22628482,35.15658247,64.61771193,248.8881453,244.2038619,201.4965164,69.52564134,30.3286928,66.62517118
4646,48,32,24,1,1,1,1,0,1,1,1,1,0,1,1,239.8252148,251.4794768,200.0610691,11.32354048,12.84356593,3.626495079,241.6790709,250.3524404,200.9992421,11.73563963,9.586247746,8.895238182
4647,48,32,24,1,1,1,1,0,1,1,1,1,1,0,1,405.7696324,295.658812,206.0525442,20.55844526,22.8797478,14.40448898,407.2306774,299.7596535,212.0151457,18.7978468,24.30206943,17.39963326
4648,48,32,24,1,1,1,1,0,1,1,1,1,1,1,0,236.27386,252.5139827,202.1592358,28.23427255,23.33778862,7.589693588,236.5752752,253.2367554,202.9918984,28.15360323,23.34302412,7.575743271
4649,48,32,24,1,1,1,1,1,0,1,1,1,1,1,1,238.854745,250.7266972,201.5477442,8.274016191,10.05426268,3.851510488,240.6677568,249.91403,202.404751,9.07522652,6.019769544,8.453708284
4650,48,32,24,1,1,1,1,1,0,0,1,1,1,1,1,240.1770962,248.8411766,202.51204,6.313202009,10.23065989,6.666352528,240.9567883,248.1049064,204.5816182,3.673391219,9.250500392,10.741954
4651,48,32,24,1,1,1,1,1,0,1,0,1,1,1,1,239.0604545,254.2916554,198.479052,60.09947176,61.83394473,24.79761528,237.7326796,250.0067983,205.9090704,58.63224236,61.5487734,30.14842463
4652,48,32,24,1,1,1,1,1,0,1,1,0,1,1,1,239.7078918,251.3136082,199.9809141,12.06051529,13.54228402,3.615682434,241.6000702,250.2920944,200.9082913,12.56261417,10.58563634,8.84308822
4653,48,32,24,1,1,1,1,1,0,1,1,1,0,1,1,241.8859749,251.2158411,197.7486554,67.06146202,34.3059904,62.43293893,248.5907539,244.5603773,201.3828782,67.32088061,29.42106552,64.37504534
4654,48,32,24,1,1,1,1,1,0,1,1,1,1,0,1,236.2717154,252.5257418,202.1640434,28.33899703,23.4421808,7.592120141,236.5694638,253.2389484,202.9980304,28.25313572,23.44162384,7.577294424
4655,48,32,24,1,1,1,1,1,0,1,1,1,1,1,0,405.0723544,295.2289003,204.829535,21.89936777,23.14278058,12.64520897,406.4566513,299.6096521,211.3874723,19.47244349,24.31416626,16.00506789
4656,64,32,32,1,1,1,1,1,1,1,1,1,1,1,1,249.496326,237.5783113,204.1311105,2.530318859,4.627708353,3.892746914,249.8101378,238.2195345,204.6050455,2.929677165,4.28146724,3.786305355
4657,64,32,32,1,1,1,1,1,1,0,1,1,1,1,1,249.4665739,237.3078916,204.6007804,5.396042931,9.058176087,4.823277235,250.2560526,236.6147722,206.0689505,3.701111858,7.567811975,8.58084089
4658,64,32,32,1,1,1,1,1,1,1,0,1,1,1,1,249.4601145,237.3137976,204.5990661,5.39385695,9.042167227,4.801480162,250.2489638,236.6244451,206.0711744,3.698059224,7.556803425,8.572675224
4659,64,32,32,1,1,1,1,1,1,1,1,0,1,1,1,250.2089783,237.3836705,203.5820339,5.973227107,8.071721525,9.968807544,251.687592,238.2090384,202.4627464,8.969505624,3.984133127,8.463625233
4660,64,32,32,1,1,1,1,1,1,1,1,1,0,1,1,250.2083814,237.3845523,203.5844561,5.997571361,8.080737625,9.993106752,251.6827042,238.2102008,202.4552992,8.982127785,3.980800027,8.473041199
4661,64,32,32,1,1,1,1,1,1,1,1,1,1,0,1,249.0532054,238.0768265,204.1133371,8.23919312,5.367818963,6.859274292,247.9621154,240.0253607,204.8031609,7.434999248,9.216059996,3.442776075
4662,64,32,32,1,1,1,1,1,1,1,1,1,1,1,0,249.0554176,238.0718917,204.1123743,8.257252253,5.39148347,6.855186088,247.9666587,240.0184645,204.8004675,7.459933936,9.229090039,3.445155313
4663,64,32,32,0,1,1,1,1,1,1,1,1,1,1,1,249.951868,236.1325175,205.4166018,3.585912104,7.241316761,8.256247204,249.7539545,238.0361998,205.0200774,5.451944025,8.479813937,4.405892551
4664,64,32,32,0,1,1,1,1,1,0,1,1,1,1,1,271.3082642,361.3087851,291.3154794,11.1375445,18.0755963,19.60622659,274.6268806,363.0680797,293.1241733,12.93162059,16.13396038,19.04097759
4665,64,32,32,0,1,1,1,1,1,1,0,1,1,1,1,251.6678219,233.4402091,206.810146,5.538688087,30.2064833,25.8308054,251.9424955,234.0485238,207.3849806,5.535483351,30.09971342,25.78208547
4666,64,32,32,0,1,1,1,1,1,1,1,0,1,1,1,247.0818828,236.8472561,209.3525007,22.11358236,50.79110012,52.4894651,252.383422,235.7183934,205.0588184,25.21387358,48.72403735,51.8971051
4667,64,32,32,0,1,1,1,1,1,1,1,1,0,1,1,250.4557653,237.1127154,203.6437659,8.67799154,8.189135205,11.62214083,252.008727,237.8558029,202.578361,10.95703301,3.898375914,10.49918978
4668,64,32,32,0,1,1,1,1,1,1,1,1,1,0,1,248.8291853,237.6399519,204.8619276,12.42959957,10.44741372,7.752747029,247.5198384,239.5284374,205.1303358,11.8295181,12.56820235,3.023272915
4669,64,32,32,0,1,1,1,1,1,1,1,1,1,1,0,249.5414627,236.2182893,205.8346273,3.608459788,8.24479456,9.408663899,249.322183,238.2348949,205.3152478,5.668684975,9.375470048,5.856593431
4670,64,32,32,1,0,1,1,1,1,1,1,1,1,1,1,249.9525592,236.13353,205.4147393,3.590203114,7.258855076,8.27585021,249.752602,238.0381489,205.0156848,5.452570756,8.494913226,4.421988941
4671,64,32,32,1,0,1,1,1,1,0,1,1,1,1,1,251.6559847,233.4541741,206.8174808,5.538371383,30.19073015,25.81519324,251.9306567,234.0564459,207.3862633,5.535232094,30.08484107,25.76415208
4672,64,32,32,1,0,1,1,1,1,1,0,1,1,1,1,271.4878176,361.1117972,290.7129617,19.74948254,23.16807893,26.82673108,273.913847,362.3269198,291.8081609,20.24833581,21.09012907,25.9607659
4673,64,32,32,1,0,1,1,1,1,1,1,0,1,1,1,250.3979348,237.2111126,203.5756624,6.785982518,8.163918251,10.50625381,251.9136365,238.0186879,202.4153759,9.577807525,3.918628251,9.073338994
4674,64,32,32,1,0,1,1,1,1,1,1,1,0,1,1,246.5014449,236.8836965,210.0628365,24.54941285,55.93349524,57.76596856,252.2850012,235.2480069,205.0645019,27.58024731,53.75684259,57.12842563
4675,64,32,32,1,0,1,1,1,1,1,1,1,1,0,1,249.4157089,236.2853156,205.8868967,3.627966709,9.055783946,10.13545879,249.232374,238.2955966,205.3852334,5.737982536,10.08405714,7.040079314
4676,64,32,32,1,0,1,1,1,1,1,1,1,1,1,0,247.0745825,238.071956,206.7863588,46.44917161,48.00548559,22.00713886,248.0932764,242.6945604,202.7601772,47.39340784,48.14759768,17.31443376
4677,64,32,32,1,1,0,1,1,1,1,1,1,1,1,1,251.6117513,237.4912836,201.832608,9.041410169,4.093087403,8.678665006,250.6648118,237.996607,203.9497335,6.250395105,7.976617673,10.00081429
4678,64,32,32,1,1,0,1,1,1,0,1,1,1,1,1,252.2417336,234.928716,204.2441602,26.21277079,53.16364812,56.11820335,247.3398252,237.7941768,210.3175694,23.1474877,55.00026666,56.50101093
4679,64,32,32,1,1,0,1,1,1,1,0,1,1,1,1,251.8541854,237.2683917,201.8315459,9.684782088,4.023940591,9.306560813,250.8514794,237.7945895,203.9801012,7.049209717,8.066014585,10.53593492
4680,64,32,32,1,1,0,1,1,1,1,1,0,1,1,1,327.1458685,267.8763072,330.6134265,18.52952761,11.80053238,18.17371334,329.173763,272.1185522,331.9688648,18.76069352,14.13013532,15.61982515
4681,64,32,32,1,1,0,1,1,1,1,1,1,0,1,1,253.8282098,238.099955,198.4824022,30.82587144,7.379496331,36.19242327,254.0522656,238.7898122,198.9993472,30.79612596,7.339035465,36.08477341
4682,64,32,32,1,1,0,1,1,1,1,1,1,1,0,1,256.5058604,233.529559,202.1826104,64.27382671,26.8976203,61.88837305,250.6796197,240.9519307,200.4958808,63.86457309,31.36771103,60.11954792
4683,64,32,32,1,1,0,1,1,1,1,1,1,1,1,0,249.5127723,238.3282656,203.2705721,9.883150638,7.567406947,7.155594653,248.3111892,240.4736268,203.9166016,9.258815895,10.95017022,3.262774487
4684,64,32,32,1,1,1,0,1,1,1,1,1,1,1,1,251.6098464,237.4900368,201.8274793,9.068021338,4.082360258,8.713715058,250.665067,238.0006692,203.9512707,6.296886583,7.986150189,10.04092127
4685,64,32,32,1,1,1,0,1,1,0,1,1,1,1,1,251.902087,237.1709066,201.938225,10.50411845,4.004792148,10.16723519,250.8889188,237.731152,204.0309324,8.191523829,8.07094607,11.22345993
4686,64,32,32,1,1,1,0,1,1,1,0,1,1,1,1,252.4829539,234.5214843,204.3000067,29.14795906,56.46472749,60.06056801,246.8921012,237.6936925,210.6316458,26.10154697,58.32839813,60.34808158
4687,64,32,32,1,1,1,0,1,1,1,1,0,1,1,1,253.8218068,238.1103361,198.4830193,30.78353017,7.380089979,36.14799195,254.0524716,238.7996019,199.0046937,30.75715156,7.341137552,36.04518927
4688,64,32,32,1,1,1,0,1,1,1,1,1,0,1,1,327.3047984,267.8961568,330.3915115,17.44943567,10.40998518,16.96587635,329.5610741,272.326966,332.1366987,18.12406732,13.57534725,15.33619427
4689,64,32,32,1,1,1,0,1,1,1,1,1,1,0,1,250.0320465,238.3565681,203.0865736,12.18020745,10.38446898,7.451242493,248.8390006,240.6831478,203.6897146,11.74517382,13.13306459,3.210513637
4690,64,32,32,1,1,1,0,1,1,1,1,1,1,1,0,255.2608775,234.6343328,201.9456517,54.45092986,21.8339932,52.55660173,250.7023581,240.9326408,201.3507846,54.10038141,26.54327276,51.03737834
4691,64,32,32,1,1,1,1,0,1,1,1,1,1,1,1,247.9029486,239.2187071,204.1511889,7.005657665,9.040530772,3.499813717,249.4537962,238.5748697,204.592228,7.78778346,5.080706892,6.903611315
4692,64,32,32,1,1,1,1,0,1,0,1,1,1,1,1,247.6125715,238.971579,204.4155364,8.81666197,10.31689743,3.109709645,249.3015995,238.2957191,205.0916387,9.466329225,7.26109437,7.403256693
4693,64,32,32,1,1,1,1,0,1,1,0,1,1,1,1,249.2180569,237.4177605,204.7873038,5.545303544,9.621166385,5.686010396,250.0104097,236.6434761,206.3284783,3.685856049,8.169365818,9.259010738
4694,64,32,32,1,1,1,1,0,1,1,1,0,1,1,1,250.6061527,239.7807337,200.1003222,64.68981784,31.86173368,60.98867589,256.9181818,233.5994981,203.0791971,64.92760655,27.22187597,62.47960459
4695,64,32,32,1,1,1,1,0,1,1,1,1,0,1,1,250.0352366,240.5953481,201.3095619,12.46541237,13.90336026,3.879665142,251.5096028,239.574563,201.7508057,12.6845479,11.33157683,7.503783589
4696,64,32,32,1,1,1,1,0,1,1,1,1,1,0,1,418.8324609,283.2254027,198.6881982,21.90515314,23.74665692,12.76823032,420.3693714,287.5349899,205.2675276,20.12017515,24.57655864,15.84133816
4697,64,32,32,1,1,1,1,0,1,1,1,1,1,1,0,245.4502418,240.7405183,205.2090969,24.88190714,20.68996267,6.344978912,245.6390697,241.432961,205.8060892,24.82788133,20.69554568,6.342204813
4698,64,32,32,1,1,1,1,1,0,1,1,1,1,1,1,247.907454,239.2164725,204.1449387,7.010279167,9.046708852,3.494627719,249.4582838,238.5745388,204.58843,7.789405139,5.089118062,6.905791622
4699,64,32,32,1,1,1,1,1,0,0,1,1,1,1,1,249.2036402,237.4209713,204.7910641,5.527745768,9.5415942,5.604004231,250.0033126,236.6573225,206.3400067,3.692408345,8.127193262,9.227453944
4700,64,32,32,1,1,1,1,1,0,1,0,1,1,1,1,248.2861278,242.030847,201.7663086,51.09149893,52.16626287,19.74800292,247.4133178,238.4896538,207.4642207,49.95658587,51.85257338,24.24327671
4701,64,32,32,1,1,1,1,1,0,1,1,0,1,1,1,249.0280492,240.0711199,202.2531581,12.14948865,13.74720582,3.447226224,250.5933326,239.1348713,202.7602301,12.46376023,11.18218891,7.368749532
4702,64,32,32,1,1,1,1,1,0,1,1,1,0,1,1,250.7122445,239.9438829,200.4518339,60.84954684,30.21578953,57.23755572,256.4177139,234.1524569,202.9271711,61.04764293,25.48823938,58.63452317
4703,64,32,32,1,1,1,1,1,0,1,1,1,1,0,1,245.4615883,240.732188,205.205591,24.8256532,20.63415805,6.344934096,245.6505231,241.4310702,205.8049079,24.77269403,20.64325348,6.341074302
4704,64,32,32,1,1,1,1,1,0,1,1,1,1,1,0,419.7666649,287.4401071,206.047721,18.31201669,22.15185934,14.04462718,419.1919952,285.1357302,201.5980165,20.01631586,21.33197981,11.09937223
