run_id,R_a,R_b,R_c,DG1_PWM1,DG1_PWM2,DG1_PWM3,DG1_PWM4,DG1_PWM5,DG1_PWM6,DG2_PWM1,DG2_PWM2,DG2_PWM3,DG2_PWM4,DG2_PWM5,DG2_PWM6,V1_a,V1_b,V1_c,I1_a,I1_b,I1_c,V2_a,V2_b,V2_c,I2_a,I2_b,I2_c
1,64,24,32,1,1,1,1,1,1,1,1,1,1,1,1,,,,,,,,,,,,
2,64,24,32,1,1,1,1,1,1,0,1,1,1,1,1,,,,,,,,,,,,
3,64,24,32,1,1,1,1,1,1,1,0,1,1,1,1,,,,,,,,,,,,
4,64,24,32,1,1,1,1,1,1,1,1,0,1,1,1,,,,,,,,,,,,
5,64,24,32,1,1,1,1,1,1,1,1,1,0,1,1,,,,,,,,,,,,
6,64,24,32,1,1,1,1,1,1,1,1,1,1,0,1,,,,,,,,,,,,
7,64,24,32,1,1,1,1,1,1,1,1,1,1,1,0,,,,,,,,,,,,
8,64,24,32,0,1,1,1,1,1,1,1,1,1,1,1,,,,,,,,,,,,
9,64,24,32,0,1,1,1,1,1,0,1,1,1,1,1,,,,,,,,,,,,
10,64,24,32,0,1,1,1,1,1,1,0,1,1,1,1,,,,,,,,,,,,
11,64,24,32,0,1,1,1,1,1,1,1,0,1,1,1,,,,,,,,,,,,
12,64,24,32,0,1,1,1,1,1,1,1,1,0,1,1,,,,,,,,,,,,
13,64,24,32,0,1,1,1,1,1,1,1,1,1,0,1,,,,,,,,,,,,
14,64,24,32,0,1,1,1,1,1,1,1,1,1,1,0,,,,,,,,,,,,
15,64,24,32,1,0,1,1,1,1,1,1,1,1,1,1,,,,,,,,,,,,
16,64,24,32,1,0,1,1,1,1,0,1,1,1,1,1,,,,,,,,,,,,
17,64,24,32,1,0,1,1,1,1,1,0,1,1,1,1,,,,,,,,,,,,
18,64,24,32,1,0,1,1,1,1,1,1,0,1,1,1,,,,,,,,,,,,
19,64,24,32,1,0,1,1,1,1,1,1,1,0,1,1,,,,,,,,,,,,
20,64,24,32,1,0,1,1,1,1,1,1,1,1,0,1,,,,,,,,,,,,
21,64,24,32,1,0,1,1,1,1,1,1,1,1,1,0,,,,,,,,,,,,
22,64,24,32,1,1,0,1,1,1,1,1,1,1,1,1,,,,,,,,,,,,
23,64,24,32,1,1,0,1,1,1,0,1,1,1,1,1,,,,,,,,,,,,
24,64,24,32,1,1,0,1,1,1,1,0,1,1,1,1,,,,,,,,,,,,
25,64,24,32,1,1,0,1,1,1,1,1,0,1,1,1,,,,,,,,,,,,
26,64,24,32,1,1,0,1,1,1,1,1,1,0,1,1,,,,,,,,,,,,
27,64,24,32,1,1,0,1,1,1,1,1,1,1,0,1,,,,,,,,,,,,
28,64,24,32,1,1,0,1,1,1,1,1,1,1,1,0,,,,,,,,,,,,
29,64,24,32,1,1,1,0,1,1,1,1,1,1,1,1,,,,,,,,,,,,
30,64,24,32,1,1,1,0,1,1,0,1,1,1,1,1,,,,,,,,,,,,
31,64,24,32,1,1,1,0,1,1,1,0,1,1,1,1,,,,,,,,,,,,
32,64,24,32,1,1,1,0,1,1,1,1,0,1,1,1,,,,,,,,,,,,
33,64,24,32,1,1,1,0,1,1,1,1,1,0,1,1,,,,,,,,,,,,
34,64,24,32,1,1,1,0,1,1,1,1,1,1,0,1,,,,,,,,,,,,
35,64,24,32,1,1,1,0,1,1,1,1,1,1,1,0,,,,,,,,,,,,
36,64,24,32,1,1,1,1,0,1,1,1,1,1,1,1,,,,,,,,,,,,
37,64,24,32,1,1,1,1,0,1,0,1,1,1,1,1,,,,,,,,,,,,
38,64,24,32,1,1,1,1,0,1,1,0,1,1,1,1,,,,,,,,,,,,
39,64,24,32,1,1,1,1,0,1,1,1,0,1,1,1,,,,,,,,,,,,
40,64,24,32,1,1,1,1,0,1,1,1,1,0,1,1,,,,,,,,,,,,
41,64,24,32,1,1,1,1,0,1,1,1,1,1,0,1,,,,,,,,,,,,
42,64,24,32,1,1,1,1,0,1,1,1,1,1,1,0,,,,,,,,,,,,
43,64,24,32,1,1,1,1,1,0,1,1,1,1,1,1,,,,,,,,,,,,
44,64,24,32,1,1,1,1,1,0,0,1,1,1,1,1,,,,,,,,,,,,
45,64,24,32,1,1,1,1,1,0,1,0,1,1,1,1,,,,,,,,,,,,
46,64,24,32,1,1,1,1,1,0,1,1,0,1,1,1,,,,,,,,,,,,
47,64,24,32,1,1,1,1,1,0,1,1,1,0,1,1,,,,,,,,,,,,
48,64,24,32,1,1,1,1,1,0,1,1,1,1,0,1,,,,,,,,,,,,
49,64,24,32,1,1,1,1,1,0,1,1,1,1,1,0,,,,,,,,,,,,
50,16,24,32,1,1,1,1,1,1,1,1,1,1,1,1,,,,,,,,,,,,
51,16,24,32,1,1,1,1,1,1,0,1,1,1,1,1,,,,,,,,,,,,
52,16,24,32,1,1,1,1,1,1,1,0,1,1,1,1,,,,,,,,,,,,
53,16,24,32,1,1,1,1,1,1,1,1,0,1,1,1,,,,,,,,,,,,
54,16,24,32,1,1,1,1,1,1,1,1,1,0,1,1,,,,,,,,,,,,
55,16,24,32,1,1,1,1,1,1,1,1,1,1,0,1,,,,,,,,,,,,
56,16,24,32,1,1,1,1,1,1,1,1,1,1,1,0,,,,,,,,,,,,
57,16,24,32,0,1,1,1,1,1,1,1,1,1,1,1,,,,,,,,,,,,
58,16,24,32,0,1,1,1,1,1,0,1,1,1,1,1,,,,,,,,,,,,
59,16,24,32,0,1,1,1,1,1,1,0,1,1,1,1,,,,,,,,,,,,
60,16,24,32,0,1,1,1,1,1,1,1,0,1,1,1,,,,,,,,,,,,
61,16,24,32,0,1,1,1,1,1,1,1,1,0,1,1,,,,,,,,,,,,
62,16,24,32,0,1,1,1,1,1,1,1,1,1,0,1,,,,,,,,,,,,
63,16,24,32,0,1,1,1,1,1,1,1,1,1,1,0,,,,,,,,,,,,
64,16,24,32,1,0,1,1,1,1,1,1,1,1,1,1,,,,,,,,,,,,
65,16,24,32,1,0,1,1,1,1,0,1,1,1,1,1,,,,,,,,,,,,
66,16,24,32,1,0,1,1,1,1,1,0,1,1,1,1,,,,,,,,,,,,
67,16,24,32,1,0,1,1,1,1,1,1,0,1,1,1,,,,,,,,,,,,
68,16,24,32,1,0,1,1,1,1,1,1,1,0,1,1,,,,,,,,,,,,
69,16,24,32,1,0,1,1,1,1,1,1,1,1,0,1,,,,,,,,,,,,
70,16,24,32,1,0,1,1,1,1,1,1,1,1,1,0,,,,,,,,,,,,
71,16,24,32,1,1,0,1,1,1,1,1,1,1,1,1,,,,,,,,,,,,
72,16,24,32,1,1,0,1,1,1,0,1,1,1,1,1,,,,,,,,,,,,
73,16,24,32,1,1,0,1,1,1,1,0,1,1,1,1,,,,,,,,,,,,
74,16,24,32,1,1,0,1,1,1,1,1,0,1,1,1,,,,,,,,,,,,
75,16,24,32,1,1,0,1,1,1,1,1,1,0,1,1,,,,,,,,,,,,
76,16,24,32,1,1,0,1,1,1,1,1,1,1,0,1,,,,,,,,,,,,
77,16,24,32,1,1,0,1,1,1,1,1,1,1,1,0,,,,,,,,,,,,
78,16,24,32,1,1,1,0,1,1,1,1,1,1,1,1,,,,,,,,,,,,
79,16,24,32,1,1,1,0,1,1,0,1,1,1,1,1,,,,,,,,,,,,
80,16,24,32,1,1,1,0,1,1,1,0,1,1,1,1,,,,,,,,,,,,
81,16,24,32,1,1,1,0,1,1,1,1,0,1,1,1,,,,,,,,,,,,
82,16,24,32,1,1,1,0,1,1,1,1,1,0,1,1,,,,,,,,,,,,
83,16,24,32,1,1,1,0,1,1,1,1,1,1,0,1,,,,,,,,,,,,
84,16,24,32,1,1,1,0,1,1,1,1,1,1,1,0,,,,,,,,,,,,
85,16,24,32,1,1,1,1,0,1,1,1,1,1,1,1,,,,,,,,,,,,
86,16,24,32,1,1,1,1,0,1,0,1,1,1,1,1,,,,,,,,,,,,
87,16,24,32,1,1,1,1,0,1,1,0,1,1,1,1,,,,,,,,,,,,
88,16,24,32,1,1,1,1,0,1,1,1,0,1,1,1,,,,,,,,,,,,
89,16,24,32,1,1,1,1,0,1,1,1,1,0,1,1,,,,,,,,,,,,
90,16,24,32,1,1,1,1,0,1,1,1,1,1,0,1,,,,,,,,,,,,
91,16,24,32,1,1,1,1,0,1,1,1,1,1,1,0,,,,,,,,,,,,
92,16,24,32,1,1,1,1,1,0,1,1,1,1,1,1,,,,,,,,,,,,
93,16,24,32,1,1,1,1,1,0,0,1,1,1,1,1,,,,,,,,,,,,
94,16,24,32,1,1,1,1,1,0,1,0,1,1,1,1,,,,,,,,,,,,
95,16,24,32,1,1,1,1,1,0,1,1,0,1,1,1,,,,,,,,,,,,
96,16,24,32,1,1,1,1,1,0,1,1,1,0,1,1,,,,,,,,,,,,
97,16,24,32,1,1,1,1,1,0,1,1,1,1,0,1,,,,,,,,,,,,
98,16,24,32,1,1,1,1,1,0,1,1,1,1,1,0,,,,,,,,,,,,
99,32,24,96,1,1,1,1,1,1,1,1,1,1,1,1,,,,,,,,,,,,
100,32,24,96,1,1,1,1,1,1,0,1,1,1,1,1,,,,,,,,,,,,
101,32,24,96,1,1,1,1,1,1,1,0,1,1,1,1,,,,,,,,,,,,
102,32,24,96,1,1,1,1,1,1,1,1,0,1,1,1,,,,,,,,,,,,
103,32,24,96,1,1,1,1,1,1,1,1,1,0,1,1,,,,,,,,,,,,
104,32,24,96,1,1,1,1,1,1,1,1,1,1,0,1,,,,,,,,,,,,
105,32,24,96,1,1,1,1,1,1,1,1,1,1,1,0,,,,,,,,,,,,
106,32,24,96,0,1,1,1,1,1,1,1,1,1,1,1,,,,,,,,,,,,
107,32,24,96,0,1,1,1,1,1,0,1,1,1,1,1,,,,,,,,,,,,
108,32,24,96,0,1,1,1,1,1,1,0,1,1,1,1,,,,,,,,,,,,
109,32,24,96,0,1,1,1,1,1,1,1,0,1,1,1,,,,,,,,,,,,
110,32,24,96,0,1,1,1,1,1,1,1,1,0,1,1,,,,,,,,,,,,
111,32,24,96,0,1,1,1,1,1,1,1,1,1,0,1,,,,,,,,,,,,
112,32,24,96,0,1,1,1,1,1,1,1,1,1,1,0,,,,,,,,,,,,
113,32,24,96,1,0,1,1,1,1,1,1,1,1,1,1,,,,,,,,,,,,
114,32,24,96,1,0,1,1,1,1,0,1,1,1,1,1,,,,,,,,,,,,
115,32,24,96,1,0,1,1,1,1,1,0,1,1,1,1,,,,,,,,,,,,
116,32,24,96,1,0,1,1,1,1,1,1,0,1,1,1,,,,,,,,,,,,
117,32,24,96,1,0,1,1,1,1,1,1,1,0,1,1,,,,,,,,,,,,
118,32,24,96,1,0,1,1,1,1,1,1,1,1,0,1,,,,,,,,,,,,
119,32,24,96,1,0,1,1,1,1,1,1,1,1,1,0,,,,,,,,,,,,
120,32,24,96,1,1,0,1,1,1,1,1,1,1,1,1,,,,,,,,,,,,
121,32,24,96,1,1,0,1,1,1,0,1,1,1,1,1,,,,,,,,,,,,
122,32,24,96,1,1,0,1,1,1,1,0,1,1,1,1,,,,,,,,,,,,
123,32,24,96,1,1,0,1,1,1,1,1,0,1,1,1,,,,,,,,,,,,
124,32,24,96,1,1,0,1,1,1,1,1,1,0,1,1,,,,,,,,,,,,
125,32,24,96,1,1,0,1,1,1,1,1,1,1,0,1,,,,,,,,,,,,
126,32,24,96,1,1,0,1,1,1,1,1,1,1,1,0,,,,,,,,,,,,
127,32,24,96,1,1,1,0,1,1,1,1,1,1,1,1,,,,,,,,,,,,
128,32,24,96,1,1,1,0,1,1,0,1,1,1,1,1,,,,,,,,,,,,
129,32,24,96,1,1,1,0,1,1,1,0,1,1,1,1,,,,,,,,,,,,
130,32,24,96,1,1,1,0,1,1,1,1,0,1,1,1,,,,,,,,,,,,
131,32,24,96,1,1,1,0,1,1,1,1,1,0,1,1,,,,,,,,,,,,
132,32,24,96,1,1,1,0,1,1,1,1,1,1,0,1,,,,,,,,,,,,
133,32,24,96,1,1,1,0,1,1,1,1,1,1,1,0,,,,,,,,,,,,
134,32,24,96,1,1,1,1,0,1,1,1,1,1,1,1,,,,,,,,,,,,
135,32,24,96,1,1,1,1,0,1,0,1,1,1,1,1,,,,,,,,,,,,
136,32,24,96,1,1,1,1,0,1,1,0,1,1,1,1,,,,,,,,,,,,
137,32,24,96,1,1,1,1,0,1,1,1,0,1,1,1,,,,,,,,,,,,
138,32,24,96,1,1,1,1,0,1,1,1,1,0,1,1,,,,,,,,,,,,
139,32,24,96,1,1,1,1,0,1,1,1,1,1,0,1,,,,,,,,,,,,
140,32,24,96,1,1,1,1,0,1,1,1,1,1,1,0,,,,,,,,,,,,
141,32,24,96,1,1,1,1,1,0,1,1,1,1,1,1,,,,,,,,,,,,
142,32,24,96,1,1,1,1,1,0,0,1,1,1,1,1,,,,,,,,,,,,
143,32,24,96,1,1,1,1,1,0,1,0,1,1,1,1,,,,,,,,,,,,
144,32,24,96,1,1,1,1,1,0,1,1,0,1,1,1,,,,,,,,,,,,
145,32,24,96,1,1,1,1,1,0,1,1,1,0,1,1,,,,,,,,,,,,
146,32,24,96,1,1,1,1,1,0,1,1,1,1,0,1,,,,,,,,,,,,
147,32,24,96,1,1,1,1,1,0,1,1,1,1,1,0,,,,,,,,,,,,
148,96,32,96,1,1,1,1,1,1,1,1,1,1,1,1,,,,,,,,,,,,
149,96,32,96,1,1,1,1,1,1,0,1,1,1,1,1,,,,,,,,,,,,
150,96,32,96,1,1,1,1,1,1,1,0,1,1,1,1,,,,,,,,,,,,
151,96,32,96,1,1,1,1,1,1,1,1,0,1,1,1,,,,,,,,,,,,
152,96,32,96,1,1,1,1,1,1,1,1,1,0,1,1,,,,,,,,,,,,
153,96,32,96,1,1,1,1,1,1,1,1,1,1,0,1,,,,,,,,,,,,
154,96,32,96,1,1,1,1,1,1,1,1,1,1,1,0,,,,,,,,,,,,
155,96,32,96,0,1,1,1,1,1,1,1,1,1,1,1,,,,,,,,,,,,
156,96,32,96,0,1,1,1,1,1,0,1,1,1,1,1,,,,,,,,,,,,
157,96,32,96,0,1,1,1,1,1,1,0,1,1,1,1,,,,,,,,,,,,
158,96,32,96,0,1,1,1,1,1,1,1,0,1,1,1,,,,,,,,,,,,
159,96,32,96,0,1,1,1,1,1,1,1,1,0,1,1,,,,,,,,,,,,
160,96,32,96,0,1,1,1,1,1,1,1,1,1,0,1,,,,,,,,,,,,
161,96,32,96,0,1,1,1,1,1,1,1,1,1,1,0,,,,,,,,,,,,
162,96,32,96,1,0,1,1,1,1,1,1,1,1,1,1,,,,,,,,,,,,
163,96,32,96,1,0,1,1,1,1,0,1,1,1,1,1,,,,,,,,,,,,
164,96,32,96,1,0,1,1,1,1,1,0,1,1,1,1,,,,,,,,,,,,
165,96,32,96,1,0,1,1,1,1,1,1,0,1,1,1,,,,,,,,,,,,
166,96,32,96,1,0,1,1,1,1,1,1,1,0,1,1,,,,,,,,,,,,
167,96,32,96,1,0,1,1,1,1,1,1,1,1,0,1,,,,,,,,,,,,
168,96,32,96,1,0,1,1,1,1,1,1,1,1,1,0,,,,,,,,,,,,
169,96,32,96,1,1,0,1,1,1,1,1,1,1,1,1,,,,,,,,,,,,
170,96,32,96,1,1,0,1,1,1,0,1,1,1,1,1,,,,,,,,,,,,
171,96,32,96,1,1,0,1,1,1,1,0,1,1,1,1,,,,,,,,,,,,
172,96,32,96,1,1,0,1,1,1,1,1,0,1,1,1,,,,,,,,,,,,
173,96,32,96,1,1,0,1,1,1,1,1,1,0,1,1,,,,,,,,,,,,
174,96,32,96,1,1,0,1,1,1,1,1,1,1,0,1,,,,,,,,,,,,
175,96,32,96,1,1,0,1,1,1,1,1,1,1,1,0,,,,,,,,,,,,
176,96,32,96,1,1,1,0,1,1,1,1,1,1,1,1,,,,,,,,,,,,
177,96,32,96,1,1,1,0,1,1,0,1,1,1,1,1,,,,,,,,,,,,
178,96,32,96,1,1,1,0,1,1,1,0,1,1,1,1,,,,,,,,,,,,
179,96,32,96,1,1,1,0,1,1,1,1,0,1,1,1,,,,,,,,,,,,
180,96,32,96,1,1,1,0,1,1,1,1,1,0,1,1,,,,,,,,,,,,
181,96,32,96,1,1,1,0,1,1,1,1,1,1,0,1,,,,,,,,,,,,
182,96,32,96,1,1,1,0,1,1,1,1,1,1,1,0,,,,,,,,,,,,
183,96,32,96,1,1,1,1,0,1,1,1,1,1,1,1,,,,,,,,,,,,
184,96,32,96,1,1,1,1,0,1,0,1,1,1,1,1,,,,,,,,,,,,
185,96,32,96,1,1,1,1,0,1,1,0,1,1,1,1,,,,,,,,,,,,
186,96,32,96,1,1,1,1,0,1,1,1,0,1,1,1,,,,,,,,,,,,
187,96,32,96,1,1,1,1,0,1,1,1,1,0,1,1,,,,,,,,,,,,
188,96,32,96,1,1,1,1,0,1,1,1,1,1,0,1,,,,,,,,,,,,
189,96,32,96,1,1,1,1,0,1,1,1,1,1,1,0,,,,,,,,,,,,
190,96,32,96,1,1,1,1,1,0,1,1,1,1,1,1,,,,,,,,,,,,
191,96,32,96,1,1,1,1,1,0,0,1,1,1,1,1,,,,,,,,,,,,
192,96,32,96,1,1,1,1,1,0,1,0,1,1,1,1,,,,,,,,,,,,
193,96,32,96,1,1,1,1,1,0,1,1,0,1,1,1,,,,,,,,,,,,
194,96,32,96,1,1,1,1,1,0,1,1,1,0,1,1,,,,,,,,,,,,
195,96,32,96,1,1,1,1,1,0,1,1,1,1,0,1,,,,,,,,,,,,
196,96,32,96,1,1,1,1,1,0,1,1,1,1,1,0,,,,,,,,,,,,
197,96,32,32,1,1,1,1,1,1,1,1,1,1,1,1,,,,,,,,,,,,
198,96,32,32,1,1,1,1,1,1,0,1,1,1,1,1,,,,,,,,,,,,
199,96,32,32,1,1,1,1,1,1,1,0,1,1,1,1,,,,,,,,,,,,
200,96,32,32,1,1,1,1,1,1,1,1,0,1,1,1,,,,,,,,,,,,
201,96,32,32,1,1,1,1,1,1,1,1,1,0,1,1,,,,,,,,,,,,
202,96,32,32,1,1,1,1,1,1,1,1,1,1,0,1,,,,,,,,,,,,
203,96,32,32,1,1,1,1,1,1,1,1,1,1,1,0,,,,,,,,,,,,
204,96,32,32,0,1,1,1,1,1,1,1,1,1,1,1,,,,,,,,,,,,
205,96,32,32,0,1,1,1,1,1,0,1,1,1,1,1,,,,,,,,,,,,
206,96,32,32,0,1,1,1,1,1,1,0,1,1,1,1,,,,,,,,,,,,
207,96,32,32,0,1,1,1,1,1,1,1,0,1,1,1,,,,,,,,,,,,
208,96,32,32,0,1,1,1,1,1,1,1,1,0,1,1,,,,,,,,,,,,
209,96,32,32,0,1,1,1,1,1,1,1,1,1,0,1,,,,,,,,,,,,
210,96,32,32,0,1,1,1,1,1,1,1,1,1,1,0,,,,,,,,,,,,
211,96,32,32,1,0,1,1,1,1,1,1,1,1,1,1,,,,,,,,,,,,
212,96,32,32,1,0,1,1,1,1,0,1,1,1,1,1,,,,,,,,,,,,
213,96,32,32,1,0,1,1,1,1,1,0,1,1,1,1,,,,,,,,,,,,
214,96,32,32,1,0,1,1,1,1,1,1,0,1,1,1,,,,,,,,,,,,
215,96,32,32,1,0,1,1,1,1,1,1,1,0,1,1,,,,,,,,,,,,
216,96,32,32,1,0,1,1,1,1,1,1,1,1,0,1,,,,,,,,,,,,
217,96,32,32,1,0,1,1,1,1,1,1,1,1,1,0,,,,,,,,,,,,
218,96,32,32,1,1,0,1,1,1,1,1,1,1,1,1,,,,,,,,,,,,
219,96,32,32,1,1,0,1,1,1,0,1,1,1,1,1,,,,,,,,,,,,
220,96,32,32,1,1,0,1,1,1,1,0,1,1,1,1,,,,,,,,,,,,
221,96,32,32,1,1,0,1,1,1,1,1,0,1,1,1,,,,,,,,,,,,
222,96,32,32,1,1,0,1,1,1,1,1,1,0,1,1,,,,,,,,,,,,
223,96,32,32,1,1,0,1,1,1,1,1,1,1,0,1,,,,,,,,,,,,
224,96,32,32,1,1,0,1,1,1,1,1,1,1,1,0,,,,,,,,,,,,
225,96,32,32,1,1,1,0,1,1,1,1,1,1,1,1,,,,,,,,,,,,
226,96,32,32,1,1,1,0,1,1,0,1,1,1,1,1,,,,,,,,,,,,
227,96,32,32,1,1,1,0,1,1,1,0,1,1,1,1,,,,,,,,,,,,
228,96,32,32,1,1,1,0,1,1,1,1,0,1,1,1,,,,,,,,,,,,
229,96,32,32,1,1,1,0,1,1,1,1,1,0,1,1,,,,,,,,,,,,
230,96,32,32,1,1,1,0,1,1,1,1,1,1,0,1,,,,,,,,,,,,
231,96,32,32,1,1,1,0,1,1,1,1,1,1,1,0,,,,,,,,,,,,
232,96,32,32,1,1,1,1,0,1,1,1,1,1,1,1,,,,,,,,,,,,
233,96,32,32,1,1,1,1,0,1,0,1,1,1,1,1,,,,,,,,,,,,
234,96,32,32,1,1,1,1,0,1,1,0,1,1,1,1,,,,,,,,,,,,
235,96,32,32,1,1,1,1,0,1,1,1,0,1,1,1,,,,,,,,,,,,
236,96,32,32,1,1,1,1,0,1,1,1,1,0,1,1,,,,,,,,,,,,
237,96,32,32,1,1,1,1,0,1,1,1,1,1,0,1,,,,,,,,,,,,
238,96,32,32,1,1,1,1,0,1,1,1,1,1,1,0,,,,,,,,,,,,
239,96,32,32,1,1,1,1,1,0,1,1,1,1,1,1,,,,,,,,,,,,
240,96,32,32,1,1,1,1,1,0,0,1,1,1,1,1,,,,,,,,,,,,
241,96,32,32,1,1,1,1,1,0,1,0,1,1,1,1,,,,,,,,,,,,
242,96,32,32,1,1,1,1,1,0,1,1,0,1,1,1,,,,,,,,,,,,
243,96,32,32,1,1,1,1,1,0,1,1,1,0,1,1,,,,,,,,,,,,
244,96,32,32,1,1,1,1,1,0,1,1,1,1,0,1,,,,,,,,,,,,
245,96,32,32,1,1,1,1,1,0,1,1,1,1,1,0,,,,,,,,,,,,
246,32,96,32,1,1,1,1,1,1,1,1,1,1,1,1,,,,,,,,,,,,
247,32,96,32,1,1,1,1,1,1,0,1,1,1,1,1,,,,,,,,,,,,
248,32,96,32,1,1,1,1,1,1,1,0,1,1,1,1,,,,,,,,,,,,
249,32,96,32,1,1,1,1,1,1,1,1,0,1,1,1,,,,,,,,,,,,
250,32,96,32,1,1,1,1,1,1,1,1,1,0,1,1,,,,,,,,,,,,
251,32,96,32,1,1,1,1,1,1,1,1,1,1,0,1,,,,,,,,,,,,
252,32,96,32,1,1,1,1,1,1,1,1,1,1,1,0,,,,,,,,,,,,
253,32,96,32,0,1,1,1,1,1,1,1,1,1,1,1,,,,,,,,,,,,
254,32,96,32,0,1,1,1,1,1,0,1,1,1,1,1,,,,,,,,,,,,
255,32,96,32,0,1,1,1,1,1,1,0,1,1,1,1,,,,,,,,,,,,
256,32,96,32,0,1,1,1,1,1,1,1,0,1,1,1,,,,,,,,,,,,
257,32,96,32,0,1,1,1,1,1,1,1,1,0,1,1,,,,,,,,,,,,
258,32,96,32,0,1,1,1,1,1,1,1,1,1,0,1,,,,,,,,,,,,
259,32,96,32,0,1,1,1,1,1,1,1,1,1,1,0,,,,,,,,,,,,
260,32,96,32,1,0,1,1,1,1,1,1,1,1,1,1,,,,,,,,,,,,
261,32,96,32,1,0,1,1,1,1,0,1,1,1,1,1,,,,,,,,,,,,
262,32,96,32,1,0,1,1,1,1,1,0,1,1,1,1,,,,,,,,,,,,
263,32,96,32,1,0,1,1,1,1,1,1,0,1,1,1,,,,,,,,,,,,
264,32,96,32,1,0,1,1,1,1,1,1,1,0,1,1,,,,,,,,,,,,
265,32,96,32,1,0,1,1,1,1,1,1,1,1,0,1,,,,,,,,,,,,
266,32,96,32,1,0,1,1,1,1,1,1,1,1,1,0,,,,,,,,,,,,
267,32,96,32,1,1,0,1,1,1,1,1,1,1,1,1,,,,,,,,,,,,
268,32,96,32,1,1,0,1,1,1,0,1,1,1,1,1,,,,,,,,,,,,
269,32,96,32,1,1,0,1,1,1,1,0,1,1,1,1,,,,,,,,,,,,
270,32,96,32,1,1,0,1,1,1,1,1,0,1,1,1,,,,,,,,,,,,
271,32,96,32,1,1,0,1,1,1,1,1,1,0,1,1,,,,,,,,,,,,
272,32,96,32,1,1,0,1,1,1,1,1,1,1,0,1,,,,,,,,,,,,
273,32,96,32,1,1,0,1,1,1,1,1,1,1,1,0,,,,,,,,,,,,
274,32,96,32,1,1,1,0,1,1,1,1,1,1,1,1,,,,,,,,,,,,
275,32,96,32,1,1,1,0,1,1,0,1,1,1,1,1,,,,,,,,,,,,
276,32,96,32,1,1,1,0,1,1,1,0,1,1,1,1,,,,,,,,,,,,
277,32,96,32,1,1,1,0,1,1,1,1,0,1,1,1,,,,,,,,,,,,
278,32,96,32,1,1,1,0,1,1,1,1,1,0,1,1,,,,,,,,,,,,
279,32,96,32,1,1,1,0,1,1,1,1,1,1,0,1,,,,,,,,,,,,
280,32,96,32,1,1,1,0,1,1,1,1,1,1,1,0,,,,,,,,,,,,
281,32,96,32,1,1,1,1,0,1,1,1,1,1,1,1,,,,,,,,,,,,
282,32,96,32,1,1,1,1,0,1,0,1,1,1,1,1,,,,,,,,,,,,
283,32,96,32,1,1,1,1,0,1,1,0,1,1,1,1,,,,,,,,,,,,
284,32,96,32,1,1,1,1,0,1,1,1,0,1,1,1,,,,,,,,,,,,
285,32,96,32,1,1,1,1,0,1,1,1,1,0,1,1,,,,,,,,,,,,
286,32,96,32,1,1,1,1,0,1,1,1,1,1,0,1,,,,,,,,,,,,
287,32,96,32,1,1,1,1,0,1,1,1,1,1,1,0,,,,,,,,,,,,
288,32,96,32,1,1,1,1,1,0,1,1,1,1,1,1,,,,,,,,,,,,
289,32,96,32,1,1,1,1,1,0,0,1,1,1,1,1,,,,,,,,,,,,
290,32,96,32,1,1,1,1,1,0,1,0,1,1,1,1,,,,,,,,,,,,
291,32,96,32,1,1,1,1,1,0,1,1,0,1,1,1,,,,,,,,,,,,
292,32,96,32,1,1,1,1,1,0,1,1,1,0,1,1,,,,,,,,,,,,
293,32,96,32,1,1,1,1,1,0,1,1,1,1,0,1,,,,,,,,,,,,
294,32,96,32,1,1,1,1,1,0,1,1,1,1,1,0,,,,,,,,,,,,
295,32,24,32,1,1,1,1,1,1,1,1,1,1,1,1,,,,,,,,,,,,
296,32,24,32,1,1,1,1,1,1,0,1,1,1,1,1,,,,,,,,,,,,
297,32,24,32,1,1,1,1,1,1,1,0,1,1,1,1,,,,,,,,,,,,
298,32,24,32,1,1,1,1,1,1,1,1,0,1,1,1,,,,,,,,,,,,
299,32,24,32,1,1,1,1,1,1,1,1,1,0,1,1,,,,,,,,,,,,
300,32,24,32,1,1,1,1,1,1,1,1,1,1,0,1,,,,,,,,,,,,
301,32,24,32,1,1,1,1,1,1,1,1,1,1,1,0,,,,,,,,,,,,
302,32,24,32,0,1,1,1,1,1,1,1,1,1,1,1,,,,,,,,,,,,
303,32,24,32,0,1,1,1,1,1,0,1,1,1,1,1,,,,,,,,,,,,
304,32,24,32,0,1,1,1,1,1,1,0,1,1,1,1,,,,,,,,,,,,
305,32,24,32,0,1,1,1,1,1,1,1,0,1,1,1,,,,,,,,,,,,
306,32,24,32,0,1,1,1,1,1,1,1,1,0,1,1,,,,,,,,,,,,
307,32,24,32,0,1,1,1,1,1,1,1,1,1,0,1,,,,,,,,,,,,
308,32,24,32,0,1,1,1,1,1,1,1,1,1,1,0,,,,,,,,,,,,
309,32,24,32,1,0,1,1,1,1,1,1,1,1,1,1,,,,,,,,,,,,
310,32,24,32,1,0,1,1,1,1,0,1,1,1,1,1,,,,,,,,,,,,
311,32,24,32,1,0,1,1,1,1,1,0,1,1,1,1,,,,,,,,,,,,
312,32,24,32,1,0,1,1,1,1,1,1,0,1,1,1,,,,,,,,,,,,
313,32,24,32,1,0,1,1,1,1,1,1,1,0,1,1,,,,,,,,,,,,
314,32,24,32,1,0,1,1,1,1,1,1,1,1,0,1,,,,,,,,,,,,
315,32,24,32,1,0,1,1,1,1,1,1,1,1,1,0,,,,,,,,,,,,
316,32,24,32,1,1,0,1,1,1,1,1,1,1,1,1,,,,,,,,,,,,
317,32,24,32,1,1,0,1,1,1,0,1,1,1,1,1,,,,,,,,,,,,
318,32,24,32,1,1,0,1,1,1,1,0,1,1,1,1,,,,,,,,,,,,
319,32,24,32,1,1,0,1,1,1,1,1,0,1,1,1,,,,,,,,,,,,
320,32,24,32,1,1,0,1,1,1,1,1,1,0,1,1,,,,,,,,,,,,
321,32,24,32,1,1,0,1,1,1,1,1,1,1,0,1,,,,,,,,,,,,
322,32,24,32,1,1,0,1,1,1,1,1,1,1,1,0,,,,,,,,,,,,
323,32,24,32,1,1,1,0,1,1,1,1,1,1,1,1,,,,,,,,,,,,
324,32,24,32,1,1,1,0,1,1,0,1,1,1,1,1,,,,,,,,,,,,
325,32,24,32,1,1,1,0,1,1,1,0,1,1,1,1,,,,,,,,,,,,
326,32,24,32,1,1,1,0,1,1,1,1,0,1,1,1,,,,,,,,,,,,
327,32,24,32,1,1,1,0,1,1,1,1,1,0,1,1,,,,,,,,,,,,
328,32,24,32,1,1,1,0,1,1,1,1,1,1,0,1,,,,,,,,,,,,
329,32,24,32,1,1,1,0,1,1,1,1,1,1,1,0,,,,,,,,,,,,
330,32,24,32,1,1,1,1,0,1,1,1,1,1,1,1,,,,,,,,,,,,
331,32,24,32,1,1,1,1,0,1,0,1,1,1,1,1,,,,,,,,,,,,
332,32,24,32,1,1,1,1,0,1,1,0,1,1,1,1,,,,,,,,,,,,
333,32,24,32,1,1,1,1,0,1,1,1,0,1,1,1,,,,,,,,,,,,
334,32,24,32,1,1,1,1,0,1,1,1,1,0,1,1,,,,,,,,,,,,
335,32,24,32,1,1,1,1,0,1,1,1,1,1,0,1,,,,,,,,,,,,
336,32,24,32,1,1,1,1,0,1,1,1,1,1,1,0,,,,,,,,,,,,
337,32,24,32,1,1,1,1,1,0,1,1,1,1,1,1,,,,,,,,,,,,
338,32,24,32,1,1,1,1,1,0,0,1,1,1,1,1,,,,,,,,,,,,
339,32,24,32,1,1,1,1,1,0,1,0,1,1,1,1,,,,,,,,,,,,
340,32,24,32,1,1,1,1,1,0,1,1,0,1,1,1,,,,,,,,,,,,
341,32,24,32,1,1,1,1,1,0,1,1,1,0,1,1,,,,,,,,,,,,
342,32,24,32,1,1,1,1,1,0,1,1,1,1,0,1,,,,,,,,,,,,
343,32,24,32,1,1,1,1,1,0,1,1,1,1,1,0,,,,,,,,,,,,
344,16,32,96,1,1,1,1,1,1,1,1,1,1,1,1,,,,,,,,,,,,
345,16,32,96,1,1,1,1,1,1,0,1,1,1,1,1,,,,,,,,,,,,
346,16,32,96,1,1,1,1,1,1,1,0,1,1,1,1,,,,,,,,,,,,
347,16,32,96,1,1,1,1,1,1,1,1,0,1,1,1,,,,,,,,,,,,
348,16,32,96,1,1,1,1,1,1,1,1,1,0,1,1,,,,,,,,,,,,
349,16,32,96,1,1,1,1,1,1,1,1,1,1,0,1,,,,,,,,,,,,
350,16,32,96,1,1,1,1,1,1,1,1,1,1,1,0,,,,,,,,,,,,
351,16,32,96,0,1,1,1,1,1,1,1,1,1,1,1,,,,,,,,,,,,
352,16,32,96,0,1,1,1,1,1,0,1,1,1,1,1,,,,,,,,,,,,
353,16,32,96,0,1,1,1,1,1,1,0,1,1,1,1,,,,,,,,,,,,
354,16,32,96,0,1,1,1,1,1,1,1,0,1,1,1,,,,,,,,,,,,
355,16,32,96,0,1,1,1,1,1,1,1,1,0,1,1,,,,,,,,,,,,
356,16,32,96,0,1,1,1,1,1,1,1,1,1,0,1,,,,,,,,,,,,
357,16,32,96,0,1,1,1,1,1,1,1,1,1,1,0,,,,,,,,,,,,
358,16,32,96,1,0,1,1,1,1,1,1,1,1,1,1,,,,,,,,,,,,
359,16,32,96,1,0,1,1,1,1,0,1,1,1,1,1,,,,,,,,,,,,
360,16,32,96,1,0,1,1,1,1,1,0,1,1,1,1,,,,,,,,,,,,
361,16,32,96,1,0,1,1,1,1,1,1,0,1,1,1,,,,,,,,,,,,
362,16,32,96,1,0,1,1,1,1,1,1,1,0,1,1,,,,,,,,,,,,
363,16,32,96,1,0,1,1,1,1,1,1,1,1,0,1,,,,,,,,,,,,
364,16,32,96,1,0,1,1,1,1,1,1,1,1,1,0,,,,,,,,,,,,
365,16,32,96,1,1,0,1,1,1,1,1,1,1,1,1,,,,,,,,,,,,
366,16,32,96,1,1,0,1,1,1,0,1,1,1,1,1,,,,,,,,,,,,
367,16,32,96,1,1,0,1,1,1,1,0,1,1,1,1,,,,,,,,,,,,
368,16,32,96,1,1,0,1,1,1,1,1,0,1,1,1,,,,,,,,,,,,
369,16,32,96,1,1,0,1,1,1,1,1,1,0,1,1,,,,,,,,,,,,
370,16,32,96,1,1,0,1,1,1,1,1,1,1,0,1,,,,,,,,,,,,
371,16,32,96,1,1,0,1,1,1,1,1,1,1,1,0,,,,,,,,,,,,
372,16,32,96,1,1,1,0,1,1,1,1,1,1,1,1,,,,,,,,,,,,
373,16,32,96,1,1,1,0,1,1,0,1,1,1,1,1,,,,,,,,,,,,
374,16,32,96,1,1,1,0,1,1,1,0,1,1,1,1,,,,,,,,,,,,
375,16,32,96,1,1,1,0,1,1,1,1,0,1,1,1,,,,,,,,,,,,
376,16,32,96,1,1,1,0,1,1,1,1,1,0,1,1,,,,,,,,,,,,
377,16,32,96,1,1,1,0,1,1,1,1,1,1,0,1,,,,,,,,,,,,
378,16,32,96,1,1,1,0,1,1,1,1,1,1,1,0,,,,,,,,,,,,
379,16,32,96,1,1,1,1,0,1,1,1,1,1,1,1,,,,,,,,,,,,
380,16,32,96,1,1,1,1,0,1,0,1,1,1,1,1,,,,,,,,,,,,
381,16,32,96,1,1,1,1,0,1,1,0,1,1,1,1,,,,,,,,,,,,
382,16,32,96,1,1,1,1,0,1,1,1,0,1,1,1,,,,,,,,,,,,
383,16,32,96,1,1,1,1,0,1,1,1,1,0,1,1,,,,,,,,,,,,
384,16,32,96,1,1,1,1,0,1,1,1,1,1,0,1,,,,,,,,,,,,
385,16,32,96,1,1,1,1,0,1,1,1,1,1,1,0,,,,,,,,,,,,
386,16,32,96,1,1,1,1,1,0,1,1,1,1,1,1,,,,,,,,,,,,
387,16,32,96,1,1,1,1,1,0,0,1,1,1,1,1,,,,,,,,,,,,
388,16,32,96,1,1,1,1,1,0,1,0,1,1,1,1,,,,,,,,,,,,
389,16,32,96,1,1,1,1,1,0,1,1,0,1,1,1,,,,,,,,,,,,
390,16,32,96,1,1,1,1,1,0,1,1,1,0,1,1,,,,,,,,,,,,
391,16,32,96,1,1,1,1,1,0,1,1,1,1,0,1,,,,,,,,,,,,
392,16,32,96,1,1,1,1,1,0,1,1,1,1,1,0,,,,,,,,,,,,
393,48,16,32,1,1,1,1,1,1,1,1,1,1,1,1,,,,,,,,,,,,
394,48,16,32,1,1,1,1,1,1,0,1,1,1,1,1,,,,,,,,,,,,
395,48,16,32,1,1,1,1,1,1,1,0,1,1,1,1,,,,,,,,,,,,
396,48,16,32,1,1,1,1,1,1,1,1,0,1,1,1,,,,,,,,,,,,
397,48,16,32,1,1,1,1,1,1,1,1,1,0,1,1,,,,,,,,,,,,
398,48,16,32,1,1,1,1,1,1,1,1,1,1,0,1,,,,,,,,,,,,
399,48,16,32,1,1,1,1,1,1,1,1,1,1,1,0,,,,,,,,,,,,
400,48,16,32,0,1,1,1,1,1,1,1,1,1,1,1,,,,,,,,,,,,
401,48,16,32,0,1,1,1,1,1,0,1,1,1,1,1,,,,,,,,,,,,
402,48,16,32,0,1,1,1,1,1,1,0,1,1,1,1,,,,,,,,,,,,
403,48,16,32,0,1,1,1,1,1,1,1,0,1,1,1,,,,,,,,,,,,
404,48,16,32,0,1,1,1,1,1,1,1,1,0,1,1,,,,,,,,,,,,
405,48,16,32,0,1,1,1,1,1,1,1,1,1,0,1,,,,,,,,,,,,
406,48,16,32,0,1,1,1,1,1,1,1,1,1,1,0,,,,,,,,,,,,
407,48,16,32,1,0,1,1,1,1,1,1,1,1,1,1,,,,,,,,,,,,
408,48,16,32,1,0,1,1,1,1,0,1,1,1,1,1,,,,,,,,,,,,
409,48,16,32,1,0,1,1,1,1,1,0,1,1,1,1,,,,,,,,,,,,
410,48,16,32,1,0,1,1,1,1,1,1,0,1,1,1,,,,,,,,,,,,
411,48,16,32,1,0,1,1,1,1,1,1,1,0,1,1,,,,,,,,,,,,
412,48,16,32,1,0,1,1,1,1,1,1,1,1,0,1,,,,,,,,,,,,
413,48,16,32,1,0,1,1,1,1,1,1,1,1,1,0,,,,,,,,,,,,
414,48,16,32,1,1,0,1,1,1,1,1,1,1,1,1,,,,,,,,,,,,
415,48,16,32,1,1,0,1,1,1,0,1,1,1,1,1,,,,,,,,,,,,
416,48,16,32,1,1,0,1,1,1,1,0,1,1,1,1,,,,,,,,,,,,
417,48,16,32,1,1,0,1,1,1,1,1,0,1,1,1,,,,,,,,,,,,
418,48,16,32,1,1,0,1,1,1,1,1,1,0,1,1,,,,,,,,,,,,
419,48,16,32,1,1,0,1,1,1,1,1,1,1,0,1,,,,,,,,,,,,
420,48,16,32,1,1,0,1,1,1,1,1,1,1,1,0,,,,,,,,,,,,
421,48,16,32,1,1,1,0,1,1,1,1,1,1,1,1,,,,,,,,,,,,
422,48,16,32,1,1,1,0,1,1,0,1,1,1,1,1,,,,,,,,,,,,
423,48,16,32,1,1,1,0,1,1,1,0,1,1,1,1,,,,,,,,,,,,
424,48,16,32,1,1,1,0,1,1,1,1,0,1,1,1,,,,,,,,,,,,
425,48,16,32,1,1,1,0,1,1,1,1,1,0,1,1,,,,,,,,,,,,
426,48,16,32,1,1,1,0,1,1,1,1,1,1,0,1,,,,,,,,,,,,
427,48,16,32,1,1,1,0,1,1,1,1,1,1,1,0,,,,,,,,,,,,
428,48,16,32,1,1,1,1,0,1,1,1,1,1,1,1,,,,,,,,,,,,
429,48,16,32,1,1,1,1,0,1,0,1,1,1,1,1,,,,,,,,,,,,
430,48,16,32,1,1,1,1,0,1,1,0,1,1,1,1,,,,,,,,,,,,
431,48,16,32,1,1,1,1,0,1,1,1,0,1,1,1,,,,,,,,,,,,
432,48,16,32,1,1,1,1,0,1,1,1,1,0,1,1,,,,,,,,,,,,
433,48,16,32,1,1,1,1,0,1,1,1,1,1,0,1,,,,,,,,,,,,
434,48,16,32,1,1,1,1,0,1,1,1,1,1,1,0,,,,,,,,,,,,
435,48,16,32,1,1,1,1,1,0,1,1,1,1,1,1,,,,,,,,,,,,
436,48,16,32,1,1,1,1,1,0,0,1,1,1,1,1,,,,,,,,,,,,
437,48,16,32,1,1,1,1,1,0,1,0,1,1,1,1,,,,,,,,,,,,
438,48,16,32,1,1,1,1,1,0,1,1,0,1,1,1,,,,,,,,,,,,
439,48,16,32,1,1,1,1,1,0,1,1,1,0,1,1,,,,,,,,,,,,
440,48,16,32,1,1,1,1,1,0,1,1,1,1,0,1,,,,,,,,,,,,
441,48,16,32,1,1,1,1,1,0,1,1,1,1,1,0,,,,,,,,,,,,
442,96,96,32,1,1,1,1,1,1,1,1,1,1,1,1,,,,,,,,,,,,
443,96,96,32,1,1,1,1,1,1,0,1,1,1,1,1,,,,,,,,,,,,
444,96,96,32,1,1,1,1,1,1,1,0,1,1,1,1,,,,,,,,,,,,
445,96,96,32,1,1,1,1,1,1,1,1,0,1,1,1,,,,,,,,,,,,
446,96,96,32,1,1,1,1,1,1,1,1,1,0,1,1,,,,,,,,,,,,
447,96,96,32,1,1,1,1,1,1,1,1,1,1,0,1,,,,,,,,,,,,
448,96,96,32,1,1,1,1,1,1,1,1,1,1,1,0,,,,,,,,,,,,
449,96,96,32,0,1,1,1,1,1,1,1,1,1,1,1,,,,,,,,,,,,
450,96,96,32,0,1,1,1,1,1,0,1,1,1,1,1,,,,,,,,,,,,
451,96,96,32,0,1,1,1,1,1,1,0,1,1,1,1,,,,,,,,,,,,
452,96,96,32,0,1,1,1,1,1,1,1,0,1,1,1,,,,,,,,,,,,
453,96,96,32,0,1,1,1,1,1,1,1,1,0,1,1,,,,,,,,,,,,
454,96,96,32,0,1,1,1,1,1,1,1,1,1,0,1,,,,,,,,,,,,
455,96,96,32,0,1,1,1,1,1,1,1,1,1,1,0,,,,,,,,,,,,
456,96,96,32,1,0,1,1,1,1,1,1,1,1,1,1,,,,,,,,,,,,
457,96,96,32,1,0,1,1,1,1,0,1,1,1,1,1,,,,,,,,,,,,
458,96,96,32,1,0,1,1,1,1,1,0,1,1,1,1,,,,,,,,,,,,
459,96,96,32,1,0,1,1,1,1,1,1,0,1,1,1,,,,,,,,,,,,
460,96,96,32,1,0,1,1,1,1,1,1,1,0,1,1,,,,,,,,,,,,
461,96,96,32,1,0,1,1,1,1,1,1,1,1,0,1,,,,,,,,,,,,
462,96,96,32,1,0,1,1,1,1,1,1,1,1,1,0,,,,,,,,,,,,
463,96,96,32,1,1,0,1,1,1,1,1,1,1,1,1,,,,,,,,,,,,
464,96,96,32,1,1,0,1,1,1,0,1,1,1,1,1,,,,,,,,,,,,
465,96,96,32,1,1,0,1,1,1,1,0,1,1,1,1,,,,,,,,,,,,
466,96,96,32,1,1,0,1,1,1,1,1,0,1,1,1,,,,,,,,,,,,
467,96,96,32,1,1,0,1,1,1,1,1,1,0,1,1,,,,,,,,,,,,
468,96,96,32,1,1,0,1,1,1,1,1,1,1,0,1,,,,,,,,,,,,
469,96,96,32,1,1,0,1,1,1,1,1,1,1,1,0,,,,,,,,,,,,
470,96,96,32,1,1,1,0,1,1,1,1,1,1,1,1,,,,,,,,,,,,
471,96,96,32,1,1,1,0,1,1,0,1,1,1,1,1,,,,,,,,,,,,
472,96,96,32,1,1,1,0,1,1,1,0,1,1,1,1,,,,,,,,,,,,
473,96,96,32,1,1,1,0,1,1,1,1,0,1,1,1,,,,,,,,,,,,
474,96,96,32,1,1,1,0,1,1,1,1,1,0,1,1,,,,,,,,,,,,
475,96,96,32,1,1,1,0,1,1,1,1,1,1,0,1,,,,,,,,,,,,
476,96,96,32,1,1,1,0,1,1,1,1,1,1,1,0,,,,,,,,,,,,
477,96,96,32,1,1,1,1,0,1,1,1,1,1,1,1,,,,,,,,,,,,
478,96,96,32,1,1,1,1,0,1,0,1,1,1,1,1,,,,,,,,,,,,
479,96,96,32,1,1,1,1,0,1,1,0,1,1,1,1,,,,,,,,,,,,
480,96,96,32,1,1,1,1,0,1,1,1,0,1,1,1,,,,,,,,,,,,
481,96,96,32,1,1,1,1,0,1,1,1,1,0,1,1,,,,,,,,,,,,
482,96,96,32,1,1,1,1,0,1,1,1,1,1,0,1,,,,,,,,,,,,
483,96,96,32,1,1,1,1,0,1,1,1,1,1,1,0,,,,,,,,,,,,
484,96,96,32,1,1,1,1,1,0,1,1,1,1,1,1,,,,,,,,,,,,
485,96,96,32,1,1,1,1,1,0,0,1,1,1,1,1,,,,,,,,,,,,
486,96,96,32,1,1,1,1,1,0,1,0,1,1,1,1,,,,,,,,,,,,
487,96,96,32,1,1,1,1,1,0,1,1,0,1,1,1,,,,,,,,,,,,
488,96,96,32,1,1,1,1,1,0,1,1,1,0,1,1,,,,,,,,,,,,
489,96,96,32,1,1,1,1,1,0,1,1,1,1,0,1,,,,,,,,,,,,
490,96,96,32,1,1,1,1,1,0,1,1,1,1,1,0,,,,,,,,,,,,
491,32,24,64,1,1,1,1,1,1,1,1,1,1,1,1,,,,,,,,,,,,
492,32,24,64,1,1,1,1,1,1,0,1,1,1,1,1,,,,,,,,,,,,
493,32,24,64,1,1,1,1,1,1,1,0,1,1,1,1,,,,,,,,,,,,
494,32,24,64,1,1,1,1,1,1,1,1,0,1,1,1,,,,,,,,,,,,
495,32,24,64,1,1,1,1,1,1,1,1,1,0,1,1,,,,,,,,,,,,
496,32,24,64,1,1,1,1,1,1,1,1,1,1,0,1,,,,,,,,,,,,
497,32,24,64,1,1,1,1,1,1,1,1,1,1,1,0,,,,,,,,,,,,
498,32,24,64,0,1,1,1,1,1,1,1,1,1,1,1,,,,,,,,,,,,
499,32,24,64,0,1,1,1,1,1,0,1,1,1,1,1,,,,,,,,,,,,
500,32,24,64,0,1,1,1,1,1,1,0,1,1,1,1,,,,,,,,,,,,
501,32,24,64,0,1,1,1,1,1,1,1,0,1,1,1,,,,,,,,,,,,
502,32,24,64,0,1,1,1,1,1,1,1,1,0,1,1,,,,,,,,,,,,
503,32,24,64,0,1,1,1,1,1,1,1,1,1,0,1,,,,,,,,,,,,
504,32,24,64,0,1,1,1,1,1,1,1,1,1,1,0,,,,,,,,,,,,
505,32,24,64,1,0,1,1,1,1,1,1,1,1,1,1,,,,,,,,,,,,
506,32,24,64,1,0,1,1,1,1,0,1,1,1,1,1,,,,,,,,,,,,
507,32,24,64,1,0,1,1,1,1,1,0,1,1,1,1,,,,,,,,,,,,
508,32,24,64,1,0,1,1,1,1,1,1,0,1,1,1,,,,,,,,,,,,
509,32,24,64,1,0,1,1,1,1,1,1,1,0,1,1,,,,,,,,,,,,
510,32,24,64,1,0,1,1,1,1,1,1,1,1,0,1,,,,,,,,,,,,
511,32,24,64,1,0,1,1,1,1,1,1,1,1,1,0,,,,,,,,,,,,
512,32,24,64,1,1,0,1,1,1,1,1,1,1,1,1,,,,,,,,,,,,
513,32,24,64,1,1,0,1,1,1,0,1,1,1,1,1,,,,,,,,,,,,
514,32,24,64,1,1,0,1,1,1,1,0,1,1,1,1,,,,,,,,,,,,
515,32,24,64,1,1,0,1,1,1,1,1,0,1,1,1,,,,,,,,,,,,
516,32,24,64,1,1,0,1,1,1,1,1,1,0,1,1,,,,,,,,,,,,
517,32,24,64,1,1,0,1,1,1,1,1,1,1,0,1,,,,,,,,,,,,
518,32,24,64,1,1,0,1,1,1,1,1,1,1,1,0,,,,,,,,,,,,
519,32,24,64,1,1,1,0,1,1,1,1,1,1,1,1,,,,,,,,,,,,
520,32,24,64,1,1,1,0,1,1,0,1,1,1,1,1,,,,,,,,,,,,
521,32,24,64,1,1,1,0,1,1,1,0,1,1,1,1,,,,,,,,,,,,
522,32,24,64,1,1,1,0,1,1,1,1,0,1,1,1,,,,,,,,,,,,
523,32,24,64,1,1,1,0,1,1,1,1,1,0,1,1,,,,,,,,,,,,
524,32,24,64,1,1,1,0,1,1,1,1,1,1,0,1,,,,,,,,,,,,
525,32,24,64,1,1,1,0,1,1,1,1,1,1,1,0,,,,,,,,,,,,
526,32,24,64,1,1,1,1,0,1,1,1,1,1,1,1,,,,,,,,,,,,
527,32,24,64,1,1,1,1,0,1,0,1,1,1,1,1,,,,,,,,,,,,
528,32,24,64,1,1,1,1,0,1,1,0,1,1,1,1,,,,,,,,,,,,
529,32,24,64,1,1,1,1,0,1,1,1,0,1,1,1,,,,,,,,,,,,
530,32,24,64,1,1,1,1,0,1,1,1,1,0,1,1,,,,,,,,,,,,
531,32,24,64,1,1,1,1,0,1,1,1,1,1,0,1,,,,,,,,,,,,
532,32,24,64,1,1,1,1,0,1,1,1,1,1,1,0,,,,,,,,,,,,
533,32,24,64,1,1,1,1,1,0,1,1,1,1,1,1,,,,,,,,,,,,
534,32,24,64,1,1,1,1,1,0,0,1,1,1,1,1,,,,,,,,,,,,
535,32,24,64,1,1,1,1,1,0,1,0,1,1,1,1,,,,,,,,,,,,
536,32,24,64,1,1,1,1,1,0,1,1,0,1,1,1,,,,,,,,,,,,
537,32,24,64,1,1,1,1,1,0,1,1,1,0,1,1,,,,,,,,,,,,
538,32,24,64,1,1,1,1,1,0,1,1,1,1,0,1,,,,,,,,,,,,
539,32,24,64,1,1,1,1,1,0,1,1,1,1,1,0,,,,,,,,,,,,
540,16,32,48,1,1,1,1,1,1,1,1,1,1,1,1,,,,,,,,,,,,
541,16,32,48,1,1,1,1,1,1,0,1,1,1,1,1,,,,,,,,,,,,
542,16,32,48,1,1,1,1,1,1,1,0,1,1,1,1,,,,,,,,,,,,
543,16,32,48,1,1,1,1,1,1,1,1,0,1,1,1,,,,,,,,,,,,
544,16,32,48,1,1,1,1,1,1,1,1,1,0,1,1,,,,,,,,,,,,
545,16,32,48,1,1,1,1,1,1,1,1,1,1,0,1,,,,,,,,,,,,
546,16,32,48,1,1,1,1,1,1,1,1,1,1,1,0,,,,,,,,,,,,
547,16,32,48,0,1,1,1,1,1,1,1,1,1,1,1,,,,,,,,,,,,
548,16,32,48,0,1,1,1,1,1,0,1,1,1,1,1,,,,,,,,,,,,
549,16,32,48,0,1,1,1,1,1,1,0,1,1,1,1,,,,,,,,,,,,
550,16,32,48,0,1,1,1,1,1,1,1,0,1,1,1,,,,,,,,,,,,
551,16,32,48,0,1,1,1,1,1,1,1,1,0,1,1,,,,,,,,,,,,
552,16,32,48,0,1,1,1,1,1,1,1,1,1,0,1,,,,,,,,,,,,
553,16,32,48,0,1,1,1,1,1,1,1,1,1,1,0,,,,,,,,,,,,
554,16,32,48,1,0,1,1,1,1,1,1,1,1,1,1,,,,,,,,,,,,
555,16,32,48,1,0,1,1,1,1,0,1,1,1,1,1,,,,,,,,,,,,
556,16,32,48,1,0,1,1,1,1,1,0,1,1,1,1,,,,,,,,,,,,
557,16,32,48,1,0,1,1,1,1,1,1,0,1,1,1,,,,,,,,,,,,
558,16,32,48,1,0,1,1,1,1,1,1,1,0,1,1,,,,,,,,,,,,
559,16,32,48,1,0,1,1,1,1,1,1,1,1,0,1,,,,,,,,,,,,
560,16,32,48,1,0,1,1,1,1,1,1,1,1,1,0,,,,,,,,,,,,
561,16,32,48,1,1,0,1,1,1,1,1,1,1,1,1,,,,,,,,,,,,
562,16,32,48,1,1,0,1,1,1,0,1,1,1,1,1,,,,,,,,,,,,
563,16,32,48,1,1,0,1,1,1,1,0,1,1,1,1,,,,,,,,,,,,
564,16,32,48,1,1,0,1,1,1,1,1,0,1,1,1,,,,,,,,,,,,
565,16,32,48,1,1,0,1,1,1,1,1,1,0,1,1,,,,,,,,,,,,
566,16,32,48,1,1,0,1,1,1,1,1,1,1,0,1,,,,,,,,,,,,
567,16,32,48,1,1,0,1,1,1,1,1,1,1,1,0,,,,,,,,,,,,
568,16,32,48,1,1,1,0,1,1,1,1,1,1,1,1,,,,,,,,,,,,
569,16,32,48,1,1,1,0,1,1,0,1,1,1,1,1,,,,,,,,,,,,
570,16,32,48,1,1,1,0,1,1,1,0,1,1,1,1,,,,,,,,,,,,
571,16,32,48,1,1,1,0,1,1,1,1,0,1,1,1,,,,,,,,,,,,
572,16,32,48,1,1,1,0,1,1,1,1,1,0,1,1,,,,,,,,,,,,
573,16,32,48,1,1,1,0,1,1,1,1,1,1,0,1,,,,,,,,,,,,
574,16,32,48,1,1,1,0,1,1,1,1,1,1,1,0,,,,,,,,,,,,
575,16,32,48,1,1,1,1,0,1,1,1,1,1,1,1,,,,,,,,,,,,
576,16,32,48,1,1,1,1,0,1,0,1,1,1,1,1,,,,,,,,,,,,
577,16,32,48,1,1,1,1,0,1,1,0,1,1,1,1,,,,,,,,,,,,
578,16,32,48,1,1,1,1,0,1,1,1,0,1,1,1,,,,,,,,,,,,
579,16,32,48,1,1,1,1,0,1,1,1,1,0,1,1,,,,,,,,,,,,
580,16,32,48,1,1,1,1,0,1,1,1,1,1,0,1,,,,,,,,,,,,
581,16,32,48,1,1,1,1,0,1,1,1,1,1,1,0,,,,,,,,,,,,
582,16,32,48,1,1,1,1,1,0,1,1,1,1,1,1,,,,,,,,,,,,
583,16,32,48,1,1,1,1,1,0,0,1,1,1,1,1,,,,,,,,,,,,
584,16,32,48,1,1,1,1,1,0,1,0,1,1,1,1,,,,,,,,,,,,
585,16,32,48,1,1,1,1,1,0,1,1,0,1,1,1,,,,,,,,,,,,
586,16,32,48,1,1,1,1,1,0,1,1,1,0,1,1,,,,,,,,,,,,
587,16,32,48,1,1,1,1,1,0,1,1,1,1,0,1,,,,,,,,,,,,
588,16,32,48,1,1,1,1,1,0,1,1,1,1,1,0,,,,,,,,,,,,
589,24,32,16,1,1,1,1,1,1,1,1,1,1,1,1,,,,,,,,,,,,
590,24,32,16,1,1,1,1,1,1,0,1,1,1,1,1,,,,,,,,,,,,
591,24,32,16,1,1,1,1,1,1,1,0,1,1,1,1,,,,,,,,,,,,
592,24,32,16,1,1,1,1,1,1,1,1,0,1,1,1,,,,,,,,,,,,
593,24,32,16,1,1,1,1,1,1,1,1,1,0,1,1,,,,,,,,,,,,
594,24,32,16,1,1,1,1,1,1,1,1,1,1,0,1,,,,,,,,,,,,
595,24,32,16,1,1,1,1,1,1,1,1,1,1,1,0,,,,,,,,,,,,
596,24,32,16,0,1,1,1,1,1,1,1,1,1,1,1,,,,,,,,,,,,
597,24,32,16,0,1,1,1,1,1,0,1,1,1,1,1,,,,,,,,,,,,
598,24,32,16,0,1,1,1,1,1,1,0,1,1,1,1,,,,,,,,,,,,
599,24,32,16,0,1,1,1,1,1,1,1,0,1,1,1,,,,,,,,,,,,
600,24,32,16,0,1,1,1,1,1,1,1,1,0,1,1,,,,,,,,,,,,
601,24,32,16,0,1,1,1,1,1,1,1,1,1,0,1,,,,,,,,,,,,
602,24,32,16,0,1,1,1,1,1,1,1,1,1,1,0,,,,,,,,,,,,
603,24,32,16,1,0,1,1,1,1,1,1,1,1,1,1,,,,,,,,,,,,
604,24,32,16,1,0,1,1,1,1,0,1,1,1,1,1,,,,,,,,,,,,
605,24,32,16,1,0,1,1,1,1,1,0,1,1,1,1,,,,,,,,,,,,
606,24,32,16,1,0,1,1,1,1,1,1,0,1,1,1,,,,,,,,,,,,
607,24,32,16,1,0,1,1,1,1,1,1,1,0,1,1,,,,,,,,,,,,
608,24,32,16,1,0,1,1,1,1,1,1,1,1,0,1,,,,,,,,,,,,
609,24,32,16,1,0,1,1,1,1,1,1,1,1,1,0,,,,,,,,,,,,
610,24,32,16,1,1,0,1,1,1,1,1,1,1,1,1,,,,,,,,,,,,
611,24,32,16,1,1,0,1,1,1,0,1,1,1,1,1,,,,,,,,,,,,
612,24,32,16,1,1,0,1,1,1,1,0,1,1,1,1,,,,,,,,,,,,
613,24,32,16,1,1,0,1,1,1,1,1,0,1,1,1,,,,,,,,,,,,
614,24,32,16,1,1,0,1,1,1,1,1,1,0,1,1,,,,,,,,,,,,
615,24,32,16,1,1,0,1,1,1,1,1,1,1,0,1,,,,,,,,,,,,
616,24,32,16,1,1,0,1,1,1,1,1,1,1,1,0,,,,,,,,,,,,
617,24,32,16,1,1,1,0,1,1,1,1,1,1,1,1,,,,,,,,,,,,
618,24,32,16,1,1,1,0,1,1,0,1,1,1,1,1,,,,,,,,,,,,
619,24,32,16,1,1,1,0,1,1,1,0,1,1,1,1,,,,,,,,,,,,
620,24,32,16,1,1,1,0,1,1,1,1,0,1,1,1,,,,,,,,,,,,
621,24,32,16,1,1,1,0,1,1,1,1,1,0,1,1,,,,,,,,,,,,
622,24,32,16,1,1,1,0,1,1,1,1,1,1,0,1,,,,,,,,,,,,
623,24,32,16,1,1,1,0,1,1,1,1,1,1,1,0,,,,,,,,,,,,
624,24,32,16,1,1,1,1,0,1,1,1,1,1,1,1,,,,,,,,,,,,
625,24,32,16,1,1,1,1,0,1,0,1,1,1,1,1,,,,,,,,,,,,
626,24,32,16,1,1,1,1,0,1,1,0,1,1,1,1,,,,,,,,,,,,
627,24,32,16,1,1,1,1,0,1,1,1,0,1,1,1,,,,,,,,,,,,
628,24,32,16,1,1,1,1,0,1,1,1,1,0,1,1,,,,,,,,,,,,
629,24,32,16,1,1,1,1,0,1,1,1,1,1,0,1,,,,,,,,,,,,
630,24,32,16,1,1,1,1,0,1,1,1,1,1,1,0,,,,,,,,,,,,
631,24,32,16,1,1,1,1,1,0,1,1,1,1,1,1,,,,,,,,,,,,
632,24,32,16,1,1,1,1,1,0,0,1,1,1,1,1,,,,,,,,,,,,
633,24,32,16,1,1,1,1,1,0,1,0,1,1,1,1,,,,,,,,,,,,
634,24,32,16,1,1,1,1,1,0,1,1,0,1,1,1,,,,,,,,,,,,
635,24,32,16,1,1,1,1,1,0,1,1,1,0,1,1,,,,,,,,,,,,
636,24,32,16,1,1,1,1,1,0,1,1,1,1,0,1,,,,,,,,,,,,
637,24,32,16,1,1,1,1,1,0,1,1,1,1,1,0,,,,,,,,,,,,
638,64,96,32,1,1,1,1,1,1,1,1,1,1,1,1,,,,,,,,,,,,
639,64,96,32,1,1,1,1,1,1,0,1,1,1,1,1,,,,,,,,,,,,
640,64,96,32,1,1,1,1,1,1,1,0,1,1,1,1,,,,,,,,,,,,
641,64,96,32,1,1,1,1,1,1,1,1,0,1,1,1,,,,,,,,,,,,
642,64,96,32,1,1,1,1,1,1,1,1,1,0,1,1,,,,,,,,,,,,
643,64,96,32,1,1,1,1,1,1,1,1,1,1,0,1,,,,,,,,,,,,
644,64,96,32,1,1,1,1,1,1,1,1,1,1,1,0,,,,,,,,,,,,
645,64,96,32,0,1,1,1,1,1,1,1,1,1,1,1,,,,,,,,,,,,
646,64,96,32,0,1,1,1,1,1,0,1,1,1,1,1,,,,,,,,,,,,
647,64,96,32,0,1,1,1,1,1,1,0,1,1,1,1,,,,,,,,,,,,
648,64,96,32,0,1,1,1,1,1,1,1,0,1,1,1,,,,,,,,,,,,
649,64,96,32,0,1,1,1,1,1,1,1,1,0,1,1,,,,,,,,,,,,
650,64,96,32,0,1,1,1,1,1,1,1,1,1,0,1,,,,,,,,,,,,
651,64,96,32,0,1,1,1,1,1,1,1,1,1,1,0,,,,,,,,,,,,
652,64,96,32,1,0,1,1,1,1,1,1,1,1,1,1,,,,,,,,,,,,
653,64,96,32,1,0,1,1,1,1,0,1,1,1,1,1,,,,,,,,,,,,
654,64,96,32,1,0,1,1,1,1,1,0,1,1,1,1,,,,,,,,,,,,
655,64,96,32,1,0,1,1,1,1,1,1,0,1,1,1,,,,,,,,,,,,
656,64,96,32,1,0,1,1,1,1,1,1,1,0,1,1,,,,,,,,,,,,
657,64,96,32,1,0,1,1,1,1,1,1,1,1,0,1,,,,,,,,,,,,
658,64,96,32,1,0,1,1,1,1,1,1,1,1,1,0,,,,,,,,,,,,
659,64,96,32,1,1,0,1,1,1,1,1,1,1,1,1,,,,,,,,,,,,
660,64,96,32,1,1,0,1,1,1,0,1,1,1,1,1,,,,,,,,,,,,
661,64,96,32,1,1,0,1,1,1,1,0,1,1,1,1,,,,,,,,,,,,
662,64,96,32,1,1,0,1,1,1,1,1,0,1,1,1,,,,,,,,,,,,
663,64,96,32,1,1,0,1,1,1,1,1,1,0,1,1,,,,,,,,,,,,
664,64,96,32,1,1,0,1,1,1,1,1,1,1,0,1,,,,,,,,,,,,
665,64,96,32,1,1,0,1,1,1,1,1,1,1,1,0,,,,,,,,,,,,
666,64,96,32,1,1,1,0,1,1,1,1,1,1,1,1,,,,,,,,,,,,
667,64,96,32,1,1,1,0,1,1,0,1,1,1,1,1,,,,,,,,,,,,
668,64,96,32,1,1,1,0,1,1,1,0,1,1,1,1,,,,,,,,,,,,
669,64,96,32,1,1,1,0,1,1,1,1,0,1,1,1,,,,,,,,,,,,
670,64,96,32,1,1,1,0,1,1,1,1,1,0,1,1,,,,,,,,,,,,
671,64,96,32,1,1,1,0,1,1,1,1,1,1,0,1,,,,,,,,,,,,
672,64,96,32,1,1,1,0,1,1,1,1,1,1,1,0,,,,,,,,,,,,
673,64,96,32,1,1,1,1,0,1,1,1,1,1,1,1,,,,,,,,,,,,
674,64,96,32,1,1,1,1,0,1,0,1,1,1,1,1,,,,,,,,,,,,
675,64,96,32,1,1,1,1,0,1,1,0,1,1,1,1,,,,,,,,,,,,
676,64,96,32,1,1,1,1,0,1,1,1,0,1,1,1,,,,,,,,,,,,
677,64,96,32,1,1,1,1,0,1,1,1,1,0,1,1,,,,,,,,,,,,
678,64,96,32,1,1,1,1,0,1,1,1,1,1,0,1,,,,,,,,,,,,
679,64,96,32,1,1,1,1,0,1,1,1,1,1,1,0,,,,,,,,,,,,
680,64,96,32,1,1,1,1,1,0,1,1,1,1,1,1,,,,,,,,,,,,
681,64,96,32,1,1,1,1,1,0,0,1,1,1,1,1,,,,,,,,,,,,
682,64,96,32,1,1,1,1,1,0,1,0,1,1,1,1,,,,,,,,,,,,
683,64,96,32,1,1,1,1,1,0,1,1,0,1,1,1,,,,,,,,,,,,
684,64,96,32,1,1,1,1,1,0,1,1,1,0,1,1,,,,,,,,,,,,
685,64,96,32,1,1,1,1,1,0,1,1,1,1,0,1,,,,,,,,,,,,
686,64,96,32,1,1,1,1,1,0,1,1,1,1,1,0,,,,,,,,,,,,
687,64,48,32,1,1,1,1,1,1,1,1,1,1,1,1,,,,,,,,,,,,
688,64,48,32,1,1,1,1,1,1,0,1,1,1,1,1,,,,,,,,,,,,
689,64,48,32,1,1,1,1,1,1,1,0,1,1,1,1,,,,,,,,,,,,
690,64,48,32,1,1,1,1,1,1,1,1,0,1,1,1,,,,,,,,,,,,
691,64,48,32,1,1,1,1,1,1,1,1,1,0,1,1,,,,,,,,,,,,
692,64,48,32,1,1,1,1,1,1,1,1,1,1,0,1,,,,,,,,,,,,
693,64,48,32,1,1,1,1,1,1,1,1,1,1,1,0,,,,,,,,,,,,
694,64,48,32,0,1,1,1,1,1,1,1,1,1,1,1,,,,,,,,,,,,
695,64,48,32,0,1,1,1,1,1,0,1,1,1,1,1,,,,,,,,,,,,
696,64,48,32,0,1,1,1,1,1,1,0,1,1,1,1,,,,,,,,,,,,
697,64,48,32,0,1,1,1,1,1,1,1,0,1,1,1,,,,,,,,,,,,
698,64,48,32,0,1,1,1,1,1,1,1,1,0,1,1,,,,,,,,,,,,
699,64,48,32,0,1,1,1,1,1,1,1,1,1,0,1,,,,,,,,,,,,
700,64,48,32,0,1,1,1,1,1,1,1,1,1,1,0,,,,,,,,,,,,
701,64,48,32,1,0,1,1,1,1,1,1,1,1,1,1,,,,,,,,,,,,
702,64,48,32,1,0,1,1,1,1,0,1,1,1,1,1,,,,,,,,,,,,
703,64,48,32,1,0,1,1,1,1,1,0,1,1,1,1,,,,,,,,,,,,
704,64,48,32,1,0,1,1,1,1,1,1,0,1,1,1,,,,,,,,,,,,
705,64,48,32,1,0,1,1,1,1,1,1,1,0,1,1,,,,,,,,,,,,
706,64,48,32,1,0,1,1,1,1,1,1,1,1,0,1,,,,,,,,,,,,
707,64,48,32,1,0,1,1,1,1,1,1,1,1,1,0,,,,,,,,,,,,
708,64,48,32,1,1,0,1,1,1,1,1,1,1,1,1,,,,,,,,,,,,
709,64,48,32,1,1,0,1,1,1,0,1,1,1,1,1,,,,,,,,,,,,
710,64,48,32,1,1,0,1,1,1,1,0,1,1,1,1,,,,,,,,,,,,
711,64,48,32,1,1,0,1,1,1,1,1,0,1,1,1,,,,,,,,,,,,
712,64,48,32,1,1,0,1,1,1,1,1,1,0,1,1,,,,,,,,,,,,
713,64,48,32,1,1,0,1,1,1,1,1,1,1,0,1,,,,,,,,,,,,
714,64,48,32,1,1,0,1,1,1,1,1,1,1,1,0,,,,,,,,,,,,
715,64,48,32,1,1,1,0,1,1,1,1,1,1,1,1,,,,,,,,,,,,
716,64,48,32,1,1,1,0,1,1,0,1,1,1,1,1,,,,,,,,,,,,
717,64,48,32,1,1,1,0,1,1,1,0,1,1,1,1,,,,,,,,,,,,
718,64,48,32,1,1,1,0,1,1,1,1,0,1,1,1,,,,,,,,,,,,
719,64,48,32,1,1,1,0,1,1,1,1,1,0,1,1,,,,,,,,,,,,
720,64,48,32,1,1,1,0,1,1,1,1,1,1,0,1,,,,,,,,,,,,
721,64,48,32,1,1,1,0,1,1,1,1,1,1,1,0,,,,,,,,,,,,
722,64,48,32,1,1,1,1,0,1,1,1,1,1,1,1,,,,,,,,,,,,
723,64,48,32,1,1,1,1,0,1,0,1,1,1,1,1,,,,,,,,,,,,
724,64,48,32,1,1,1,1,0,1,1,0,1,1,1,1,,,,,,,,,,,,
725,64,48,32,1,1,1,1,0,1,1,1,0,1,1,1,,,,,,,,,,,,
726,64,48,32,1,1,1,1,0,1,1,1,1,0,1,1,,,,,,,,,,,,
727,64,48,32,1,1,1,1,0,1,1,1,1,1,0,1,,,,,,,,,,,,
728,64,48,32,1,1,1,1,0,1,1,1,1,1,1,0,,,,,,,,,,,,
729,64,48,32,1,1,1,1,1,0,1,1,1,1,1,1,,,,,,,,,,,,
730,64,48,32,1,1,1,1,1,0,0,1,1,1,1,1,,,,,,,,,,,,
731,64,48,32,1,1,1,1,1,0,1,0,1,1,1,1,,,,,,,,,,,,
732,64,48,32,1,1,1,1,1,0,1,1,0,1,1,1,,,,,,,,,,,,
733,64,48,32,1,1,1,1,1,0,1,1,1,0,1,1,,,,,,,,,,,,
734,64,48,32,1,1,1,1,1,0,1,1,1,1,0,1,,,,,,,,,,,,
735,64,48,32,1,1,1,1,1,0,1,1,1,1,1,0,,,,,,,,,,,,
736,32,24,24,1,1,1,1,1,1,1,1,1,1,1,1,,,,,,,,,,,,
737,32,24,24,1,1,1,1,1,1,0,1,1,1,1,1,,,,,,,,,,,,
738,32,24,24,1,1,1,1,1,1,1,0,1,1,1,1,,,,,,,,,,,,
739,32,24,24,1,1,1,1,1,1,1,1,0,1,1,1,,,,,,,,,,,,
740,32,24,24,1,1,1,1,1,1,1,1,1,0,1,1,,,,,,,,,,,,
741,32,24,24,1,1,1,1,1,1,1,1,1,1,0,1,,,,,,,,,,,,
742,32,24,24,1,1,1,1,1,1,1,1,1,1,1,0,,,,,,,,,,,,
743,32,24,24,0,1,1,1,1,1,1,1,1,1,1,1,,,,,,,,,,,,
744,32,24,24,0,1,1,1,1,1,0,1,1,1,1,1,,,,,,,,,,,,
745,32,24,24,0,1,1,1,1,1,1,0,1,1,1,1,,,,,,,,,,,,
746,32,24,24,0,1,1,1,1,1,1,1,0,1,1,1,,,,,,,,,,,,
747,32,24,24,0,1,1,1,1,1,1,1,1,0,1,1,,,,,,,,,,,,
748,32,24,24,0,1,1,1,1,1,1,1,1,1,0,1,,,,,,,,,,,,
749,32,24,24,0,1,1,1,1,1,1,1,1,1,1,0,,,,,,,,,,,,
750,32,24,24,1,0,1,1,1,1,1,1,1,1,1,1,,,,,,,,,,,,
751,32,24,24,1,0,1,1,1,1,0,1,1,1,1,1,,,,,,,,,,,,
752,32,24,24,1,0,1,1,1,1,1,0,1,1,1,1,,,,,,,,,,,,
753,32,24,24,1,0,1,1,1,1,1,1,0,1,1,1,,,,,,,,,,,,
754,32,24,24,1,0,1,1,1,1,1,1,1,0,1,1,,,,,,,,,,,,
755,32,24,24,1,0,1,1,1,1,1,1,1,1,0,1,,,,,,,,,,,,
756,32,24,24,1,0,1,1,1,1,1,1,1,1,1,0,,,,,,,,,,,,
757,32,24,24,1,1,0,1,1,1,1,1,1,1,1,1,,,,,,,,,,,,
758,32,24,24,1,1,0,1,1,1,0,1,1,1,1,1,,,,,,,,,,,,
759,32,24,24,1,1,0,1,1,1,1,0,1,1,1,1,,,,,,,,,,,,
760,32,24,24,1,1,0,1,1,1,1,1,0,1,1,1,,,,,,,,,,,,
761,32,24,24,1,1,0,1,1,1,1,1,1,0,1,1,,,,,,,,,,,,
762,32,24,24,1,1,0,1,1,1,1,1,1,1,0,1,,,,,,,,,,,,
763,32,24,24,1,1,0,1,1,1,1,1,1,1,1,0,,,,,,,,,,,,
764,32,24,24,1,1,1,0,1,1,1,1,1,1,1,1,,,,,,,,,,,,
765,32,24,24,1,1,1,0,1,1,0,1,1,1,1,1,,,,,,,,,,,,
766,32,24,24,1,1,1,0,1,1,1,0,1,1,1,1,,,,,,,,,,,,
767,32,24,24,1,1,1,0,1,1,1,1,0,1,1,1,,,,,,,,,,,,
768,32,24,24,1,1,1,0,1,1,1,1,1,0,1,1,,,,,,,,,,,,
769,32,24,24,1,1,1,0,1,1,1,1,1,1,0,1,,,,,,,,,,,,
770,32,24,24,1,1,1,0,1,1,1,1,1,1,1,0,,,,,,,,,,,,
771,32,24,24,1,1,1,1,0,1,1,1,1,1,1,1,,,,,,,,,,,,
772,32,24,24,1,1,1,1,0,1,0,1,1,1,1,1,,,,,,,,,,,,
773,32,24,24,1,1,1,1,0,1,1,0,1,1,1,1,,,,,,,,,,,,
774,32,24,24,1,1,1,1,0,1,1,1,0,1,1,1,,,,,,,,,,,,
775,32,24,24,1,1,1,1,0,1,1,1,1,0,1,1,,,,,,,,,,,,
776,32,24,24,1,1,1,1,0,1,1,1,1,1,0,1,,,,,,,,,,,,
777,32,24,24,1,1,1,1,0,1,1,1,1,1,1,0,,,,,,,,,,,,
778,32,24,24,1,1,1,1,1,0,1,1,1,1,1,1,,,,,,,,,,,,
779,32,24,24,1,1,1,1,1,0,0,1,1,1,1,1,,,,,,,,,,,,
780,32,24,24,1,1,1,1,1,0,1,0,1,1,1,1,,,,,,,,,,,,
781,32,24,24,1,1,1,1,1,0,1,1,0,1,1,1,,,,,,,,,,,,
782,32,24,24,1,1,1,1,1,0,1,1,1,0,1,1,,,,,,,,,,,,
783,32,24,24,1,1,1,1,1,0,1,1,1,1,0,1,,,,,,,,,,,,
784,32,24,24,1,1,1,1,1,0,1,1,1,1,1,0,,,,,,,,,,,,
785,16,16,16,1,1,1,1,1,1,1,1,1,1,1,1,,,,,,,,,,,,
786,16,16,16,1,1,1,1,1,1,0,1,1,1,1,1,,,,,,,,,,,,
787,16,16,16,1,1,1,1,1,1,1,0,1,1,1,1,,,,,,,,,,,,
788,16,16,16,1,1,1,1,1,1,1,1,0,1,1,1,,,,,,,,,,,,
789,16,16,16,1,1,1,1,1,1,1,1,1,0,1,1,,,,,,,,,,,,
790,16,16,16,1,1,1,1,1,1,1,1,1,1,0,1,,,,,,,,,,,,
791,16,16,16,1,1,1,1,1,1,1,1,1,1,1,0,,,,,,,,,,,,
792,16,16,16,0,1,1,1,1,1,1,1,1,1,1,1,,,,,,,,,,,,
793,16,16,16,0,1,1,1,1,1,0,1,1,1,1,1,,,,,,,,,,,,
794,16,16,16,0,1,1,1,1,1,1,0,1,1,1,1,,,,,,,,,,,,
795,16,16,16,0,1,1,1,1,1,1,1,0,1,1,1,,,,,,,,,,,,
796,16,16,16,0,1,1,1,1,1,1,1,1,0,1,1,,,,,,,,,,,,
797,16,16,16,0,1,1,1,1,1,1,1,1,1,0,1,,,,,,,,,,,,
798,16,16,16,0,1,1,1,1,1,1,1,1,1,1,0,,,,,,,,,,,,
799,16,16,16,1,0,1,1,1,1,1,1,1,1,1,1,,,,,,,,,,,,
800,16,16,16,1,0,1,1,1,1,0,1,1,1,1,1,,,,,,,,,,,,
801,16,16,16,1,0,1,1,1,1,1,0,1,1,1,1,,,,,,,,,,,,
802,16,16,16,1,0,1,1,1,1,1,1,0,1,1,1,,,,,,,,,,,,
803,16,16,16,1,0,1,1,1,1,1,1,1,0,1,1,,,,,,,,,,,,
804,16,16,16,1,0,1,1,1,1,1,1,1,1,0,1,,,,,,,,,,,,
805,16,16,16,1,0,1,1,1,1,1,1,1,1,1,0,,,,,,,,,,,,
806,16,16,16,1,1,0,1,1,1,1,1,1,1,1,1,,,,,,,,,,,,
807,16,16,16,1,1,0,1,1,1,0,1,1,1,1,1,,,,,,,,,,,,
808,16,16,16,1,1,0,1,1,1,1,0,1,1,1,1,,,,,,,,,,,,
809,16,16,16,1,1,0,1,1,1,1,1,0,1,1,1,,,,,,,,,,,,
810,16,16,16,1,1,0,1,1,1,1,1,1,0,1,1,,,,,,,,,,,,
811,16,16,16,1,1,0,1,1,1,1,1,1,1,0,1,,,,,,,,,,,,
812,16,16,16,1,1,0,1,1,1,1,1,1,1,1,0,,,,,,,,,,,,
813,16,16,16,1,1,1,0,1,1,1,1,1,1,1,1,,,,,,,,,,,,
814,16,16,16,1,1,1,0,1,1,0,1,1,1,1,1,,,,,,,,,,,,
815,16,16,16,1,1,1,0,1,1,1,0,1,1,1,1,,,,,,,,,,,,
816,16,16,16,1,1,1,0,1,1,1,1,0,1,1,1,,,,,,,,,,,,
817,16,16,16,1,1,1,0,1,1,1,1,1,0,1,1,,,,,,,,,,,,
818,16,16,16,1,1,1,0,1,1,1,1,1,1,0,1,,,,,,,,,,,,
819,16,16,16,1,1,1,0,1,1,1,1,1,1,1,0,,,,,,,,,,,,
820,16,16,16,1,1,1,1,0,1,1,1,1,1,1,1,,,,,,,,,,,,
821,16,16,16,1,1,1,1,0,1,0,1,1,1,1,1,,,,,,,,,,,,
822,16,16,16,1,1,1,1,0,1,1,0,1,1,1,1,,,,,,,,,,,,
823,16,16,16,1,1,1,1,0,1,1,1,0,1,1,1,,,,,,,,,,,,
824,16,16,16,1,1,1,1,0,1,1,1,1,0,1,1,,,,,,,,,,,,
825,16,16,16,1,1,1,1,0,1,1,1,1,1,0,1,,,,,,,,,,,,
826,16,16,16,1,1,1,1,0,1,1,1,1,1,1,0,,,,,,,,,,,,
827,16,16,16,1,1,1,1,1,0,1,1,1,1,1,1,,,,,,,,,,,,
828,16,16,16,1,1,1,1,1,0,0,1,1,1,1,1,,,,,,,,,,,,
829,16,16,16,1,1,1,1,1,0,1,0,1,1,1,1,,,,,,,,,,,,
830,16,16,16,1,1,1,1,1,0,1,1,0,1,1,1,,,,,,,,,,,,
831,16,16,16,1,1,1,1,1,0,1,1,1,0,1,1,,,,,,,,,,,,
832,16,16,16,1,1,1,1,1,0,1,1,1,1,0,1,,,,,,,,,,,,
833,16,16,16,1,1,1,1,1,0,1,1,1,1,1,0,,,,,,,,,,,,
834,24,24,32,1,1,1,1,1,1,1,1,1,1,1,1,,,,,,,,,,,,
835,24,24,32,1,1,1,1,1,1,0,1,1,1,1,1,,,,,,,,,,,,
836,24,24,32,1,1,1,1,1,1,1,0,1,1,1,1,,,,,,,,,,,,
837,24,24,32,1,1,1,1,1,1,1,1,0,1,1,1,,,,,,,,,,,,
838,24,24,32,1,1,1,1,1,1,1,1,1,0,1,1,,,,,,,,,,,,
839,24,24,32,1,1,1,1,1,1,1,1,1,1,0,1,,,,,,,,,,,,
840,24,24,32,1,1,1,1,1,1,1,1,1,1,1,0,,,,,,,,,,,,
841,24,24,32,0,1,1,1,1,1,1,1,1,1,1,1,,,,,,,,,,,,
842,24,24,32,0,1,1,1,1,1,0,1,1,1,1,1,,,,,,,,,,,,
843,24,24,32,0,1,1,1,1,1,1,0,1,1,1,1,,,,,,,,,,,,
844,24,24,32,0,1,1,1,1,1,1,1,0,1,1,1,,,,,,,,,,,,
845,24,24,32,0,1,1,1,1,1,1,1,1,0,1,1,,,,,,,,,,,,
846,24,24,32,0,1,1,1,1,1,1,1,1,1,0,1,,,,,,,,,,,,
847,24,24,32,0,1,1,1,1,1,1,1,1,1,1,0,,,,,,,,,,,,
848,24,24,32,1,0,1,1,1,1,1,1,1,1,1,1,,,,,,,,,,,,
849,24,24,32,1,0,1,1,1,1,0,1,1,1,1,1,,,,,,,,,,,,
850,24,24,32,1,0,1,1,1,1,1,0,1,1,1,1,,,,,,,,,,,,
851,24,24,32,1,0,1,1,1,1,1,1,0,1,1,1,,,,,,,,,,,,
852,24,24,32,1,0,1,1,1,1,1,1,1,0,1,1,,,,,,,,,,,,
853,24,24,32,1,0,1,1,1,1,1,1,1,1,0,1,,,,,,,,,,,,
854,24,24,32,1,0,1,1,1,1,1,1,1,1,1,0,,,,,,,,,,,,
855,24,24,32,1,1,0,1,1,1,1,1,1,1,1,1,,,,,,,,,,,,
856,24,24,32,1,1,0,1,1,1,0,1,1,1,1,1,,,,,,,,,,,,
857,24,24,32,1,1,0,1,1,1,1,0,1,1,1,1,,,,,,,,,,,,
858,24,24,32,1,1,0,1,1,1,1,1,0,1,1,1,,,,,,,,,,,,
859,24,24,32,1,1,0,1,1,1,1,1,1,0,1,1,,,,,,,,,,,,
860,24,24,32,1,1,0,1,1,1,1,1,1,1,0,1,,,,,,,,,,,,
861,24,24,32,1,1,0,1,1,1,1,1,1,1,1,0,,,,,,,,,,,,
862,24,24,32,1,1,1,0,1,1,1,1,1,1,1,1,,,,,,,,,,,,
863,24,24,32,1,1,1,0,1,1,0,1,1,1,1,1,,,,,,,,,,,,
864,24,24,32,1,1,1,0,1,1,1,0,1,1,1,1,,,,,,,,,,,,
865,24,24,32,1,1,1,0,1,1,1,1,0,1,1,1,,,,,,,,,,,,
866,24,24,32,1,1,1,0,1,1,1,1,1,0,1,1,,,,,,,,,,,,
867,24,24,32,1,1,1,0,1,1,1,1,1,1,0,1,,,,,,,,,,,,
868,24,24,32,1,1,1,0,1,1,1,1,1,1,1,0,,,,,,,,,,,,
869,24,24,32,1,1,1,1,0,1,1,1,1,1,1,1,,,,,,,,,,,,
870,24,24,32,1,1,1,1,0,1,0,1,1,1,1,1,,,,,,,,,,,,
871,24,24,32,1,1,1,1,0,1,1,0,1,1,1,1,,,,,,,,,,,,
872,24,24,32,1,1,1,1,0,1,1,1,0,1,1,1,,,,,,,,,,,,
873,24,24,32,1,1,1,1,0,1,1,1,1,0,1,1,,,,,,,,,,,,
874,24,24,32,1,1,1,1,0,1,1,1,1,1,0,1,,,,,,,,,,,,
875,24,24,32,1,1,1,1,0,1,1,1,1,1,1,0,,,,,,,,,,,,
876,24,24,32,1,1,1,1,1,0,1,1,1,1,1,1,,,,,,,,,,,,
877,24,24,32,1,1,1,1,1,0,0,1,1,1,1,1,,,,,,,,,,,,
878,24,24,32,1,1,1,1,1,0,1,0,1,1,1,1,,,,,,,,,,,,
879,24,24,32,1,1,1,1,1,0,1,1,0,1,1,1,,,,,,,,,,,,
880,24,24,32,1,1,1,1,1,0,1,1,1,0,1,1,,,,,,,,,,,,
881,24,24,32,1,1,1,1,1,0,1,1,1,1,0,1,,,,,,,,,,,,
882,24,24,32,1,1,1,1,1,0,1,1,1,1,1,0,,,,,,,,,,,,
883,32,64,64,1,1,1,1,1,1,1,1,1,1,1,1,,,,,,,,,,,,
884,32,64,64,1,1,1,1,1,1,0,1,1,1,1,1,,,,,,,,,,,,
885,32,64,64,1,1,1,1,1,1,1,0,1,1,1,1,,,,,,,,,,,,
886,32,64,64,1,1,1,1,1,1,1,1,0,1,1,1,,,,,,,,,,,,
887,32,64,64,1,1,1,1,1,1,1,1,1,0,1,1,,,,,,,,,,,,
888,32,64,64,1,1,1,1,1,1,1,1,1,1,0,1,,,,,,,,,,,,
889,32,64,64,1,1,1,1,1,1,1,1,1,1,1,0,,,,,,,,,,,,
890,32,64,64,0,1,1,1,1,1,1,1,1,1,1,1,,,,,,,,,,,,
891,32,64,64,0,1,1,1,1,1,0,1,1,1,1,1,,,,,,,,,,,,
892,32,64,64,0,1,1,1,1,1,1,0,1,1,1,1,,,,,,,,,,,,
893,32,64,64,0,1,1,1,1,1,1,1,0,1,1,1,,,,,,,,,,,,
894,32,64,64,0,1,1,1,1,1,1,1,1,0,1,1,,,,,,,,,,,,
895,32,64,64,0,1,1,1,1,1,1,1,1,1,0,1,,,,,,,,,,,,
896,32,64,64,0,1,1,1,1,1,1,1,1,1,1,0,,,,,,,,,,,,
897,32,64,64,1,0,1,1,1,1,1,1,1,1,1,1,,,,,,,,,,,,
898,32,64,64,1,0,1,1,1,1,0,1,1,1,1,1,,,,,,,,,,,,
899,32,64,64,1,0,1,1,1,1,1,0,1,1,1,1,,,,,,,,,,,,
900,32,64,64,1,0,1,1,1,1,1,1,0,1,1,1,,,,,,,,,,,,
901,32,64,64,1,0,1,1,1,1,1,1,1,0,1,1,,,,,,,,,,,,
902,32,64,64,1,0,1,1,1,1,1,1,1,1,0,1,,,,,,,,,,,,
903,32,64,64,1,0,1,1,1,1,1,1,1,1,1,0,,,,,,,,,,,,
904,32,64,64,1,1,0,1,1,1,1,1,1,1,1,1,,,,,,,,,,,,
905,32,64,64,1,1,0,1,1,1,0,1,1,1,1,1,,,,,,,,,,,,
906,32,64,64,1,1,0,1,1,1,1,0,1,1,1,1,,,,,,,,,,,,
907,32,64,64,1,1,0,1,1,1,1,1,0,1,1,1,,,,,,,,,,,,
908,32,64,64,1,1,0,1,1,1,1,1,1,0,1,1,,,,,,,,,,,,
909,32,64,64,1,1,0,1,1,1,1,1,1,1,0,1,,,,,,,,,,,,
910,32,64,64,1,1,0,1,1,1,1,1,1,1,1,0,,,,,,,,,,,,
911,32,64,64,1,1,1,0,1,1,1,1,1,1,1,1,,,,,,,,,,,,
912,32,64,64,1,1,1,0,1,1,0,1,1,1,1,1,,,,,,,,,,,,
913,32,64,64,1,1,1,0,1,1,1,0,1,1,1,1,,,,,,,,,,,,
914,32,64,64,1,1,1,0,1,1,1,1,0,1,1,1,,,,,,,,,,,,
915,32,64,64,1,1,1,0,1,1,1,1,1,0,1,1,,,,,,,,,,,,
916,32,64,64,1,1,1,0,1,1,1,1,1,1,0,1,,,,,,,,,,,,
917,32,64,64,1,1,1,0,1,1,1,1,1,1,1,0,,,,,,,,,,,,
918,32,64,64,1,1,1,1,0,1,1,1,1,1,1,1,,,,,,,,,,,,
919,32,64,64,1,1,1,1,0,1,0,1,1,1,1,1,,,,,,,,,,,,
920,32,64,64,1,1,1,1,0,1,1,0,1,1,1,1,,,,,,,,,,,,
921,32,64,64,1,1,1,1,0,1,1,1,0,1,1,1,,,,,,,,,,,,
922,32,64,64,1,1,1,1,0,1,1,1,1,0,1,1,,,,,,,,,,,,
923,32,64,64,1,1,1,1,0,1,1,1,1,1,0,1,,,,,,,,,,,,
924,32,64,64,1,1,1,1,0,1,1,1,1,1,1,0,,,,,,,,,,,,
925,32,64,64,1,1,1,1,1,0,1,1,1,1,1,1,,,,,,,,,,,,
926,32,64,64,1,1,1,1,1,0,0,1,1,1,1,1,,,,,,,,,,,,
927,32,64,64,1,1,1,1,1,0,1,0,1,1,1,1,,,,,,,,,,,,
928,32,64,64,1,1,1,1,1,0,1,1,0,1,1,1,,,,,,,,,,,,
929,32,64,64,1,1,1,1,1,0,1,1,1,0,1,1,,,,,,,,,,,,
930,32,64,64,1,1,1,1,1,0,1,1,1,1,0,1,,,,,,,,,,,,
931,32,64,64,1,1,1,1,1,0,1,1,1,1,1,0,,,,,,,,,,,,
932,96,16,32,1,1,1,1,1,1,1,1,1,1,1,1,,,,,,,,,,,,
933,96,16,32,1,1,1,1,1,1,0,1,1,1,1,1,,,,,,,,,,,,
934,96,16,32,1,1,1,1,1,1,1,0,1,1,1,1,,,,,,,,,,,,
935,96,16,32,1,1,1,1,1,1,1,1,0,1,1,1,,,,,,,,,,,,
936,96,16,32,1,1,1,1,1,1,1,1,1,0,1,1,,,,,,,,,,,,
937,96,16,32,1,1,1,1,1,1,1,1,1,1,0,1,,,,,,,,,,,,
938,96,16,32,1,1,1,1,1,1,1,1,1,1,1,0,,,,,,,,,,,,
939,96,16,32,0,1,1,1,1,1,1,1,1,1,1,1,,,,,,,,,,,,
940,96,16,32,0,1,1,1,1,1,0,1,1,1,1,1,,,,,,,,,,,,
941,96,16,32,0,1,1,1,1,1,1,0,1,1,1,1,,,,,,,,,,,,
942,96,16,32,0,1,1,1,1,1,1,1,0,1,1,1,,,,,,,,,,,,
943,96,16,32,0,1,1,1,1,1,1,1,1,0,1,1,,,,,,,,,,,,
944,96,16,32,0,1,1,1,1,1,1,1,1,1,0,1,,,,,,,,,,,,
945,96,16,32,0,1,1,1,1,1,1,1,1,1,1,0,,,,,,,,,,,,
946,96,16,32,1,0,1,1,1,1,1,1,1,1,1,1,,,,,,,,,,,,
947,96,16,32,1,0,1,1,1,1,0,1,1,1,1,1,,,,,,,,,,,,
948,96,16,32,1,0,1,1,1,1,1,0,1,1,1,1,,,,,,,,,,,,
949,96,16,32,1,0,1,1,1,1,1,1,0,1,1,1,,,,,,,,,,,,
950,96,16,32,1,0,1,1,1,1,1,1,1,0,1,1,,,,,,,,,,,,
951,96,16,32,1,0,1,1,1,1,1,1,1,1,0,1,,,,,,,,,,,,
952,96,16,32,1,0,1,1,1,1,1,1,1,1,1,0,,,,,,,,,,,,
953,96,16,32,1,1,0,1,1,1,1,1,1,1,1,1,,,,,,,,,,,,
954,96,16,32,1,1,0,1,1,1,0,1,1,1,1,1,,,,,,,,,,,,
955,96,16,32,1,1,0,1,1,1,1,0,1,1,1,1,,,,,,,,,,,,
956,96,16,32,1,1,0,1,1,1,1,1,0,1,1,1,,,,,,,,,,,,
957,96,16,32,1,1,0,1,1,1,1,1,1,0,1,1,,,,,,,,,,,,
958,96,16,32,1,1,0,1,1,1,1,1,1,1,0,1,,,,,,,,,,,,
959,96,16,32,1,1,0,1,1,1,1,1,1,1,1,0,,,,,,,,,,,,
960,96,16,32,1,1,1,0,1,1,1,1,1,1,1,1,,,,,,,,,,,,
961,96,16,32,1,1,1,0,1,1,0,1,1,1,1,1,,,,,,,,,,,,
962,96,16,32,1,1,1,0,1,1,1,0,1,1,1,1,,,,,,,,,,,,
963,96,16,32,1,1,1,0,1,1,1,1,0,1,1,1,,,,,,,,,,,,
964,96,16,32,1,1,1,0,1,1,1,1,1,0,1,1,,,,,,,,,,,,
965,96,16,32,1,1,1,0,1,1,1,1,1,1,0,1,,,,,,,,,,,,
966,96,16,32,1,1,1,0,1,1,1,1,1,1,1,0,,,,,,,,,,,,
967,96,16,32,1,1,1,1,0,1,1,1,1,1,1,1,,,,,,,,,,,,
968,96,16,32,1,1,1,1,0,1,0,1,1,1,1,1,,,,,,,,,,,,
969,96,16,32,1,1,1,1,0,1,1,0,1,1,1,1,,,,,,,,,,,,
970,96,16,32,1,1,1,1,0,1,1,1,0,1,1,1,,,,,,,,,,,,
971,96,16,32,1,1,1,1,0,1,1,1,1,0,1,1,,,,,,,,,,,,
972,96,16,32,1,1,1,1,0,1,1,1,1,1,0,1,,,,,,,,,,,,
973,96,16,32,1,1,1,1,0,1,1,1,1,1,1,0,,,,,,,,,,,,
974,96,16,32,1,1,1,1,1,0,1,1,1,1,1,1,,,,,,,,,,,,
975,96,16,32,1,1,1,1,1,0,0,1,1,1,1,1,,,,,,,,,,,,
976,96,16,32,1,1,1,1,1,0,1,0,1,1,1,1,,,,,,,,,,,,
977,96,16,32,1,1,1,1,1,0,1,1,0,1,1,1,,,,,,,,,,,,
978,96,16,32,1,1,1,1,1,0,1,1,1,0,1,1,,,,,,,,,,,,
979,96,16,32,1,1,1,1,1,0,1,1,1,1,0,1,,,,,,,,,,,,
980,96,16,32,1,1,1,1,1,0,1,1,1,1,1,0,,,,,,,,,,,,
981,24,48,32,1,1,1,1,1,1,1,1,1,1,1,1,,,,,,,,,,,,
982,24,48,32,1,1,1,1,1,1,0,1,1,1,1,1,,,,,,,,,,,,
983,24,48,32,1,1,1,1,1,1,1,0,1,1,1,1,,,,,,,,,,,,
984,24,48,32,1,1,1,1,1,1,1,1,0,1,1,1,,,,,,,,,,,,
985,24,48,32,1,1,1,1,1,1,1,1,1,0,1,1,,,,,,,,,,,,
986,24,48,32,1,1,1,1,1,1,1,1,1,1,0,1,,,,,,,,,,,,
987,24,48,32,1,1,1,1,1,1,1,1,1,1,1,0,,,,,,,,,,,,
988,24,48,32,0,1,1,1,1,1,1,1,1,1,1,1,,,,,,,,,,,,
989,24,48,32,0,1,1,1,1,1,0,1,1,1,1,1,,,,,,,,,,,,
990,24,48,32,0,1,1,1,1,1,1,0,1,1,1,1,,,,,,,,,,,,
991,24,48,32,0,1,1,1,1,1,1,1,0,1,1,1,,,,,,,,,,,,
992,24,48,32,0,1,1,1,1,1,1,1,1,0,1,1,,,,,,,,,,,,
993,24,48,32,0,1,1,1,1,1,1,1,1,1,0,1,,,,,,,,,,,,
994,24,48,32,0,1,1,1,1,1,1,1,1,1,1,0,,,,,,,,,,,,
995,24,48,32,1,0,1,1,1,1,1,1,1,1,1,1,,,,,,,,,,,,
996,24,48,32,1,0,1,1,1,1,0,1,1,1,1,1,,,,,,,,,,,,
997,24,48,32,1,0,1,1,1,1,1,0,1,1,1,1,,,,,,,,,,,,
998,24,48,32,1,0,1,1,1,1,1,1,0,1,1,1,,,,,,,,,,,,
999,24,48,32,1,0,1,1,1,1,1,1,1,0,1,1,,,,,,,,,,,,
1000,24,48,32,1,0,1,1,1,1,1,1,1,1,0,1,,,,,,,,,,,,
1001,24,48,32,1,0,1,1,1,1,1,1,1,1,1,0,,,,,,,,,,,,
1002,24,48,32,1,1,0,1,1,1,1,1,1,1,1,1,,,,,,,,,,,,
1003,24,48,32,1,1,0,1,1,1,0,1,1,1,1,1,,,,,,,,,,,,
1004,24,48,32,1,1,0,1,1,1,1,0,1,1,1,1,,,,,,,,,,,,
1005,24,48,32,1,1,0,1,1,1,1,1,0,1,1,1,,,,,,,,,,,,
1006,24,48,32,1,1,0,1,1,1,1,1,1,0,1,1,,,,,,,,,,,,
1007,24,48,32,1,1,0,1,1,1,1,1,1,1,0,1,,,,,,,,,,,,
1008,24,48,32,1,1,0,1,1,1,1,1,1,1,1,0,,,,,,,,,,,,
1009,24,48,32,1,1,1,0,1,1,1,1,1,1,1,1,,,,,,,,,,,,
1010,24,48,32,1,1,1,0,1,1,0,1,1,1,1,1,,,,,,,,,,,,
1011,24,48,32,1,1,1,0,1,1,1,0,1,1,1,1,,,,,,,,,,,,
1012,24,48,32,1,1,1,0,1,1,1,1,0,1,1,1,,,,,,,,,,,,
1013,24,48,32,1,1,1,0,1,1,1,1,1,0,1,1,,,,,,,,,,,,
1014,24,48,32,1,1,1,0,1,1,1,1,1,1,0,1,,,,,,,,,,,,
1015,24,48,32,1,1,1,0,1,1,1,1,1,1,1,0,,,,,,,,,,,,
1016,24,48,32,1,1,1,1,0,1,1,1,1,1,1,1,,,,,,,,,,,,
1017,24,48,32,1,1,1,1,0,1,0,1,1,1,1,1,,,,,,,,,,,,
1018,24,48,32,1,1,1,1,0,1,1,0,1,1,1,1,,,,,,,,,,,,
1019,24,48,32,1,1,1,1,0,1,1,1,0,1,1,1,,,,,,,,,,,,
1020,24,48,32,1,1,1,1,0,1,1,1,1,0,1,1,,,,,,,,,,,,
1021,24,48,32,1,1,1,1,0,1,1,1,1,1,0,1,,,,,,,,,,,,
1022,24,48,32,1,1,1,1,0,1,1,1,1,1,1,0,,,,,,,,,,,,
1023,24,48,32,1,1,1,1,1,0,1,1,1,1,1,1,,,,,,,,,,,,
1024,24,48,32,1,1,1,1,1,0,0,1,1,1,1,1,,,,,,,,,,,,
1025,24,48,32,1,1,1,1,1,0,1,0,1,1,1,1,,,,,,,,,,,,
1026,24,48,32,1,1,1,1,1,0,1,1,0,1,1,1,,,,,,,,,,,,
1027,24,48,32,1,1,1,1,1,0,1,1,1,0,1,1,,,,,,,,,,,,
1028,24,48,32,1,1,1,1,1,0,1,1,1,1,0,1,,,,,,,,,,,,
1029,24,48,32,1,1,1,1,1,0,1,1,1,1,1,0,,,,,,,,,,,,
1030,32,24,48,1,1,1,1,1,1,1,1,1,1,1,1,,,,,,,,,,,,
1031,32,24,48,1,1,1,1,1,1,0,1,1,1,1,1,,,,,,,,,,,,
1032,32,24,48,1,1,1,1,1,1,1,0,1,1,1,1,,,,,,,,,,,,
1033,32,24,48,1,1,1,1,1,1,1,1,0,1,1,1,,,,,,,,,,,,
1034,32,24,48,1,1,1,1,1,1,1,1,1,0,1,1,,,,,,,,,,,,
1035,32,24,48,1,1,1,1,1,1,1,1,1,1,0,1,,,,,,,,,,,,
1036,32,24,48,1,1,1,1,1,1,1,1,1,1,1,0,,,,,,,,,,,,
1037,32,24,48,0,1,1,1,1,1,1,1,1,1,1,1,,,,,,,,,,,,
1038,32,24,48,0,1,1,1,1,1,0,1,1,1,1,1,,,,,,,,,,,,
1039,32,24,48,0,1,1,1,1,1,1,0,1,1,1,1,,,,,,,,,,,,
1040,32,24,48,0,1,1,1,1,1,1,1,0,1,1,1,,,,,,,,,,,,
1041,32,24,48,0,1,1,1,1,1,1,1,1,0,1,1,,,,,,,,,,,,
1042,32,24,48,0,1,1,1,1,1,1,1,1,1,0,1,,,,,,,,,,,,
1043,32,24,48,0,1,1,1,1,1,1,1,1,1,1,0,,,,,,,,,,,,
1044,32,24,48,1,0,1,1,1,1,1,1,1,1,1,1,,,,,,,,,,,,
1045,32,24,48,1,0,1,1,1,1,0,1,1,1,1,1,,,,,,,,,,,,
1046,32,24,48,1,0,1,1,1,1,1,0,1,1,1,1,,,,,,,,,,,,
1047,32,24,48,1,0,1,1,1,1,1,1,0,1,1,1,,,,,,,,,,,,
1048,32,24,48,1,0,1,1,1,1,1,1,1,0,1,1,,,,,,,,,,,,
1049,32,24,48,1,0,1,1,1,1,1,1,1,1,0,1,,,,,,,,,,,,
1050,32,24,48,1,0,1,1,1,1,1,1,1,1,1,0,,,,,,,,,,,,
1051,32,24,48,1,1,0,1,1,1,1,1,1,1,1,1,,,,,,,,,,,,
1052,32,24,48,1,1,0,1,1,1,0,1,1,1,1,1,,,,,,,,,,,,
1053,32,24,48,1,1,0,1,1,1,1,0,1,1,1,1,,,,,,,,,,,,
1054,32,24,48,1,1,0,1,1,1,1,1,0,1,1,1,,,,,,,,,,,,
1055,32,24,48,1,1,0,1,1,1,1,1,1,0,1,1,,,,,,,,,,,,
1056,32,24,48,1,1,0,1,1,1,1,1,1,1,0,1,,,,,,,,,,,,
1057,32,24,48,1,1,0,1,1,1,1,1,1,1,1,0,,,,,,,,,,,,
1058,32,24,48,1,1,1,0,1,1,1,1,1,1,1,1,,,,,,,,,,,,
1059,32,24,48,1,1,1,0,1,1,0,1,1,1,1,1,,,,,,,,,,,,
1060,32,24,48,1,1,1,0,1,1,1,0,1,1,1,1,,,,,,,,,,,,
1061,32,24,48,1,1,1,0,1,1,1,1,0,1,1,1,,,,,,,,,,,,
1062,32,24,48,1,1,1,0,1,1,1,1,1,0,1,1,,,,,,,,,,,,
1063,32,24,48,1,1,1,0,1,1,1,1,1,1,0,1,,,,,,,,,,,,
1064,32,24,48,1,1,1,0,1,1,1,1,1,1,1,0,,,,,,,,,,,,
1065,32,24,48,1,1,1,1,0,1,1,1,1,1,1,1,,,,,,,,,,,,
1066,32,24,48,1,1,1,1,0,1,0,1,1,1,1,1,,,,,,,,,,,,
1067,32,24,48,1,1,1,1,0,1,1,0,1,1,1,1,,,,,,,,,,,,
1068,32,24,48,1,1,1,1,0,1,1,1,0,1,1,1,,,,,,,,,,,,
1069,32,24,48,1,1,1,1,0,1,1,1,1,0,1,1,,,,,,,,,,,,
1070,32,24,48,1,1,1,1,0,1,1,1,1,1,0,1,,,,,,,,,,,,
1071,32,24,48,1,1,1,1,0,1,1,1,1,1,1,0,,,,,,,,,,,,
1072,32,24,48,1,1,1,1,1,0,1,1,1,1,1,1,,,,,,,,,,,,
1073,32,24,48,1,1,1,1,1,0,0,1,1,1,1,1,,,,,,,,,,,,
1074,32,24,48,1,1,1,1,1,0,1,0,1,1,1,1,,,,,,,,,,,,
1075,32,24,48,1,1,1,1,1,0,1,1,0,1,1,1,,,,,,,,,,,,
1076,32,24,48,1,1,1,1,1,0,1,1,1,0,1,1,,,,,,,,,,,,
1077,32,24,48,1,1,1,1,1,0,1,1,1,1,0,1,,,,,,,,,,,,
1078,32,24,48,1,1,1,1,1,0,1,1,1,1,1,0,,,,,,,,,,,,
1079,32,96,96,1,1,1,1,1,1,1,1,1,1,1,1,,,,,,,,,,,,
1080,32,96,96,1,1,1,1,1,1,0,1,1,1,1,1,,,,,,,,,,,,
1081,32,96,96,1,1,1,1,1,1,1,0,1,1,1,1,,,,,,,,,,,,
1082,32,96,96,1,1,1,1,1,1,1,1,0,1,1,1,,,,,,,,,,,,
1083,32,96,96,1,1,1,1,1,1,1,1,1,0,1,1,,,,,,,,,,,,
1084,32,96,96,1,1,1,1,1,1,1,1,1,1,0,1,,,,,,,,,,,,
1085,32,96,96,1,1,1,1,1,1,1,1,1,1,1,0,,,,,,,,,,,,
1086,32,96,96,0,1,1,1,1,1,1,1,1,1,1,1,,,,,,,,,,,,
1087,32,96,96,0,1,1,1,1,1,0,1,1,1,1,1,,,,,,,,,,,,
1088,32,96,96,0,1,1,1,1,1,1,0,1,1,1,1,,,,,,,,,,,,
1089,32,96,96,0,1,1,1,1,1,1,1,0,1,1,1,,,,,,,,,,,,
1090,32,96,96,0,1,1,1,1,1,1,1,1,0,1,1,,,,,,,,,,,,
1091,32,96,96,0,1,1,1,1,1,1,1,1,1,0,1,,,,,,,,,,,,
1092,32,96,96,0,1,1,1,1,1,1,1,1,1,1,0,,,,,,,,,,,,
1093,32,96,96,1,0,1,1,1,1,1,1,1,1,1,1,,,,,,,,,,,,
1094,32,96,96,1,0,1,1,1,1,0,1,1,1,1,1,,,,,,,,,,,,
1095,32,96,96,1,0,1,1,1,1,1,0,1,1,1,1,,,,,,,,,,,,
1096,32,96,96,1,0,1,1,1,1,1,1,0,1,1,1,,,,,,,,,,,,
1097,32,96,96,1,0,1,1,1,1,1,1,1,0,1,1,,,,,,,,,,,,
1098,32,96,96,1,0,1,1,1,1,1,1,1,1,0,1,,,,,,,,,,,,
1099,32,96,96,1,0,1,1,1,1,1,1,1,1,1,0,,,,,,,,,,,,
1100,32,96,96,1,1,0,1,1,1,1,1,1,1,1,1,,,,,,,,,,,,
1101,32,96,96,1,1,0,1,1,1,0,1,1,1,1,1,,,,,,,,,,,,
1102,32,96,96,1,1,0,1,1,1,1,0,1,1,1,1,,,,,,,,,,,,
1103,32,96,96,1,1,0,1,1,1,1,1,0,1,1,1,,,,,,,,,,,,
1104,32,96,96,1,1,0,1,1,1,1,1,1,0,1,1,,,,,,,,,,,,
1105,32,96,96,1,1,0,1,1,1,1,1,1,1,0,1,,,,,,,,,,,,
1106,32,96,96,1,1,0,1,1,1,1,1,1,1,1,0,,,,,,,,,,,,
1107,32,96,96,1,1,1,0,1,1,1,1,1,1,1,1,,,,,,,,,,,,
1108,32,96,96,1,1,1,0,1,1,0,1,1,1,1,1,,,,,,,,,,,,
1109,32,96,96,1,1,1,0,1,1,1,0,1,1,1,1,,,,,,,,,,,,
1110,32,96,96,1,1,1,0,1,1,1,1,0,1,1,1,,,,,,,,,,,,
1111,32,96,96,1,1,1,0,1,1,1,1,1,0,1,1,,,,,,,,,,,,
1112,32,96,96,1,1,1,0,1,1,1,1,1,1,0,1,,,,,,,,,,,,
1113,32,96,96,1,1,1,0,1,1,1,1,1,1,1,0,,,,,,,,,,,,
1114,32,96,96,1,1,1,1,0,1,1,1,1,1,1,1,,,,,,,,,,,,
1115,32,96,96,1,1,1,1,0,1,0,1,1,1,1,1,,,,,,,,,,,,
1116,32,96,96,1,1,1,1,0,1,1,0,1,1,1,1,,,,,,,,,,,,
1117,32,96,96,1,1,1,1,0,1,1,1,0,1,1,1,,,,,,,,,,,,
1118,32,96,96,1,1,1,1,0,1,1,1,1,0,1,1,,,,,,,,,,,,
1119,32,96,96,1,1,1,1,0,1,1,1,1,1,0,1,,,,,,,,,,,,
1120,32,96,96,1,1,1,1,0,1,1,1,1,1,1,0,,,,,,,,,,,,
1121,32,96,96,1,1,1,1,1,0,1,1,1,1,1,1,,,,,,,,,,,,
1122,32,96,96,1,1,1,1,1,0,0,1,1,1,1,1,,,,,,,,,,,,
1123,32,96,96,1,1,1,1,1,0,1,0,1,1,1,1,,,,,,,,,,,,
1124,32,96,96,1,1,1,1,1,0,1,1,0,1,1,1,,,,,,,,,,,,
1125,32,96,96,1,1,1,1,1,0,1,1,1,0,1,1,,,,,,,,,,,,
1126,32,96,96,1,1,1,1,1,0,1,1,1,1,0,1,,,,,,,,,,,,
1127,32,96,96,1,1,1,1,1,0,1,1,1,1,1,0,,,,,,,,,,,,
1128,16,48,32,1,1,1,1,1,1,1,1,1,1,1,1,,,,,,,,,,,,
1129,16,48,32,1,1,1,1,1,1,0,1,1,1,1,1,,,,,,,,,,,,
1130,16,48,32,1,1,1,1,1,1,1,0,1,1,1,1,,,,,,,,,,,,
1131,16,48,32,1,1,1,1,1,1,1,1,0,1,1,1,,,,,,,,,,,,
1132,16,48,32,1,1,1,1,1,1,1,1,1,0,1,1,,,,,,,,,,,,
1133,16,48,32,1,1,1,1,1,1,1,1,1,1,0,1,,,,,,,,,,,,
1134,16,48,32,1,1,1,1,1,1,1,1,1,1,1,0,,,,,,,,,,,,
1135,16,48,32,0,1,1,1,1,1,1,1,1,1,1,1,,,,,,,,,,,,
1136,16,48,32,0,1,1,1,1,1,0,1,1,1,1,1,,,,,,,,,,,,
1137,16,48,32,0,1,1,1,1,1,1,0,1,1,1,1,,,,,,,,,,,,
1138,16,48,32,0,1,1,1,1,1,1,1,0,1,1,1,,,,,,,,,,,,
1139,16,48,32,0,1,1,1,1,1,1,1,1,0,1,1,,,,,,,,,,,,
1140,16,48,32,0,1,1,1,1,1,1,1,1,1,0,1,,,,,,,,,,,,
1141,16,48,32,0,1,1,1,1,1,1,1,1,1,1,0,,,,,,,,,,,,
1142,16,48,32,1,0,1,1,1,1,1,1,1,1,1,1,,,,,,,,,,,,
1143,16,48,32,1,0,1,1,1,1,0,1,1,1,1,1,,,,,,,,,,,,
1144,16,48,32,1,0,1,1,1,1,1,0,1,1,1,1,,,,,,,,,,,,
1145,16,48,32,1,0,1,1,1,1,1,1,0,1,1,1,,,,,,,,,,,,
1146,16,48,32,1,0,1,1,1,1,1,1,1,0,1,1,,,,,,,,,,,,
1147,16,48,32,1,0,1,1,1,1,1,1,1,1,0,1,,,,,,,,,,,,
1148,16,48,32,1,0,1,1,1,1,1,1,1,1,1,0,,,,,,,,,,,,
1149,16,48,32,1,1,0,1,1,1,1,1,1,1,1,1,,,,,,,,,,,,
1150,16,48,32,1,1,0,1,1,1,0,1,1,1,1,1,,,,,,,,,,,,
1151,16,48,32,1,1,0,1,1,1,1,0,1,1,1,1,,,,,,,,,,,,
1152,16,48,32,1,1,0,1,1,1,1,1,0,1,1,1,,,,,,,,,,,,
1153,16,48,32,1,1,0,1,1,1,1,1,1,0,1,1,,,,,,,,,,,,
1154,16,48,32,1,1,0,1,1,1,1,1,1,1,0,1,,,,,,,,,,,,
1155,16,48,32,1,1,0,1,1,1,1,1,1,1,1,0,,,,,,,,,,,,
1156,16,48,32,1,1,1,0,1,1,1,1,1,1,1,1,,,,,,,,,,,,
1157,16,48,32,1,1,1,0,1,1,0,1,1,1,1,1,,,,,,,,,,,,
1158,16,48,32,1,1,1,0,1,1,1,0,1,1,1,1,,,,,,,,,,,,
1159,16,48,32,1,1,1,0,1,1,1,1,0,1,1,1,,,,,,,,,,,,
1160,16,48,32,1,1,1,0,1,1,1,1,1,0,1,1,,,,,,,,,,,,
1161,16,48,32,1,1,1,0,1,1,1,1,1,1,0,1,,,,,,,,,,,,
1162,16,48,32,1,1,1,0,1,1,1,1,1,1,1,0,,,,,,,,,,,,
1163,16,48,32,1,1,1,1,0,1,1,1,1,1,1,1,,,,,,,,,,,,
1164,16,48,32,1,1,1,1,0,1,0,1,1,1,1,1,,,,,,,,,,,,
1165,16,48,32,1,1,1,1,0,1,1,0,1,1,1,1,,,,,,,,,,,,
1166,16,48,32,1,1,1,1,0,1,1,1,0,1,1,1,,,,,,,,,,,,
1167,16,48,32,1,1,1,1,0,1,1,1,1,0,1,1,,,,,,,,,,,,
1168,16,48,32,1,1,1,1,0,1,1,1,1,1,0,1,,,,,,,,,,,,
1169,16,48,32,1,1,1,1,0,1,1,1,1,1,1,0,,,,,,,,,,,,
1170,16,48,32,1,1,1,1,1,0,1,1,1,1,1,1,,,,,,,,,,,,
1171,16,48,32,1,1,1,1,1,0,0,1,1,1,1,1,,,,,,,,,,,,
1172,16,48,32,1,1,1,1,1,0,1,0,1,1,1,1,,,,,,,,,,,,
1173,16,48,32,1,1,1,1,1,0,1,1,0,1,1,1,,,,,,,,,,,,
1174,16,48,32,1,1,1,1,1,0,1,1,1,0,1,1,,,,,,,,,,,,
1175,16,48,32,1,1,1,1,1,0,1,1,1,1,0,1,,,,,,,,,,,,
1176,16,48,32,1,1,1,1,1,0,1,1,1,1,1,0,,,,,,,,,,,,
1177,32,16,16,1,1,1,1,1,1,1,1,1,1,1,1,,,,,,,,,,,,
1178,32,16,16,1,1,1,1,1,1,0,1,1,1,1,1,,,,,,,,,,,,
1179,32,16,16,1,1,1,1,1,1,1,0,1,1,1,1,,,,,,,,,,,,
1180,32,16,16,1,1,1,1,1,1,1,1,0,1,1,1,,,,,,,,,,,,
1181,32,16,16,1,1,1,1,1,1,1,1,1,0,1,1,,,,,,,,,,,,
1182,32,16,16,1,1,1,1,1,1,1,1,1,1,0,1,,,,,,,,,,,,
1183,32,16,16,1,1,1,1,1,1,1,1,1,1,1,0,,,,,,,,,,,,
1184,32,16,16,0,1,1,1,1,1,1,1,1,1,1,1,,,,,,,,,,,,
1185,32,16,16,0,1,1,1,1,1,0,1,1,1,1,1,,,,,,,,,,,,
1186,32,16,16,0,1,1,1,1,1,1,0,1,1,1,1,,,,,,,,,,,,
1187,32,16,16,0,1,1,1,1,1,1,1,0,1,1,1,,,,,,,,,,,,
1188,32,16,16,0,1,1,1,1,1,1,1,1,0,1,1,,,,,,,,,,,,
1189,32,16,16,0,1,1,1,1,1,1,1,1,1,0,1,,,,,,,,,,,,
1190,32,16,16,0,1,1,1,1,1,1,1,1,1,1,0,,,,,,,,,,,,
1191,32,16,16,1,0,1,1,1,1,1,1,1,1,1,1,,,,,,,,,,,,
1192,32,16,16,1,0,1,1,1,1,0,1,1,1,1,1,,,,,,,,,,,,
1193,32,16,16,1,0,1,1,1,1,1,0,1,1,1,1,,,,,,,,,,,,
1194,32,16,16,1,0,1,1,1,1,1,1,0,1,1,1,,,,,,,,,,,,
1195,32,16,16,1,0,1,1,1,1,1,1,1,0,1,1,,,,,,,,,,,,
1196,32,16,16,1,0,1,1,1,1,1,1,1,1,0,1,,,,,,,,,,,,
1197,32,16,16,1,0,1,1,1,1,1,1,1,1,1,0,,,,,,,,,,,,
1198,32,16,16,1,1,0,1,1,1,1,1,1,1,1,1,,,,,,,,,,,,
1199,32,16,16,1,1,0,1,1,1,0,1,1,1,1,1,,,,,,,,,,,,
1200,32,16,16,1,1,0,1,1,1,1,0,1,1,1,1,,,,,,,,,,,,
1201,32,16,16,1,1,0,1,1,1,1,1,0,1,1,1,,,,,,,,,,,,
1202,32,16,16,1,1,0,1,1,1,1,1,1,0,1,1,,,,,,,,,,,,
1203,32,16,16,1,1,0,1,1,1,1,1,1,1,0,1,,,,,,,,,,,,
1204,32,16,16,1,1,0,1,1,1,1,1,1,1,1,0,,,,,,,,,,,,
1205,32,16,16,1,1,1,0,1,1,1,1,1,1,1,1,,,,,,,,,,,,
1206,32,16,16,1,1,1,0,1,1,0,1,1,1,1,1,,,,,,,,,,,,
1207,32,16,16,1,1,1,0,1,1,1,0,1,1,1,1,,,,,,,,,,,,
1208,32,16,16,1,1,1,0,1,1,1,1,0,1,1,1,,,,,,,,,,,,
1209,32,16,16,1,1,1,0,1,1,1,1,1,0,1,1,,,,,,,,,,,,
1210,32,16,16,1,1,1,0,1,1,1,1,1,1,0,1,,,,,,,,,,,,
1211,32,16,16,1,1,1,0,1,1,1,1,1,1,1,0,,,,,,,,,,,,
1212,32,16,16,1,1,1,1,0,1,1,1,1,1,1,1,,,,,,,,,,,,
1213,32,16,16,1,1,1,1,0,1,0,1,1,1,1,1,,,,,,,,,,,,
1214,32,16,16,1,1,1,1,0,1,1,0,1,1,1,1,,,,,,,,,,,,
1215,32,16,16,1,1,1,1,0,1,1,1,0,1,1,1,,,,,,,,,,,,
1216,32,16,16,1,1,1,1,0,1,1,1,1,0,1,1,,,,,,,,,,,,
1217,32,16,16,1,1,1,1,0,1,1,1,1,1,0,1,,,,,,,,,,,,
1218,32,16,16,1,1,1,1,0,1,1,1,1,1,1,0,,,,,,,,,,,,
1219,32,16,16,1,1,1,1,1,0,1,1,1,1,1,1,,,,,,,,,,,,
1220,32,16,16,1,1,1,1,1,0,0,1,1,1,1,1,,,,,,,,,,,,
1221,32,16,16,1,1,1,1,1,0,1,0,1,1,1,1,,,,,,,,,,,,
1222,32,16,16,1,1,1,1,1,0,1,1,0,1,1,1,,,,,,,,,,,,
1223,32,16,16,1,1,1,1,1,0,1,1,1,0,1,1,,,,,,,,,,,,
1224,32,16,16,1,1,1,1,1,0,1,1,1,1,0,1,,,,,,,,,,,,
1225,32,16,16,1,1,1,1,1,0,1,1,1,1,1,0,,,,,,,,,,,,
1226,32,32,96,1,1,1,1,1,1,1,1,1,1,1,1,,,,,,,,,,,,
1227,32,32,96,1,1,1,1,1,1,0,1,1,1,1,1,,,,,,,,,,,,
1228,32,32,96,1,1,1,1,1,1,1,0,1,1,1,1,,,,,,,,,,,,
1229,32,32,96,1,1,1,1,1,1,1,1,0,1,1,1,,,,,,,,,,,,
1230,32,32,96,1,1,1,1,1,1,1,1,1,0,1,1,,,,,,,,,,,,
1231,32,32,96,1,1,1,1,1,1,1,1,1,1,0,1,,,,,,,,,,,,
1232,32,32,96,1,1,1,1,1,1,1,1,1,1,1,0,,,,,,,,,,,,
1233,32,32,96,0,1,1,1,1,1,1,1,1,1,1,1,,,,,,,,,,,,
1234,32,32,96,0,1,1,1,1,1,0,1,1,1,1,1,,,,,,,,,,,,
1235,32,32,96,0,1,1,1,1,1,1,0,1,1,1,1,,,,,,,,,,,,
1236,32,32,96,0,1,1,1,1,1,1,1,0,1,1,1,,,,,,,,,,,,
1237,32,32,96,0,1,1,1,1,1,1,1,1,0,1,1,,,,,,,,,,,,
1238,32,32,96,0,1,1,1,1,1,1,1,1,1,0,1,,,,,,,,,,,,
1239,32,32,96,0,1,1,1,1,1,1,1,1,1,1,0,,,,,,,,,,,,
1240,32,32,96,1,0,1,1,1,1,1,1,1,1,1,1,,,,,,,,,,,,
1241,32,32,96,1,0,1,1,1,1,0,1,1,1,1,1,,,,,,,,,,,,
1242,32,32,96,1,0,1,1,1,1,1,0,1,1,1,1,,,,,,,,,,,,
1243,32,32,96,1,0,1,1,1,1,1,1,0,1,1,1,,,,,,,,,,,,
1244,32,32,96,1,0,1,1,1,1,1,1,1,0,1,1,,,,,,,,,,,,
1245,32,32,96,1,0,1,1,1,1,1,1,1,1,0,1,,,,,,,,,,,,
1246,32,32,96,1,0,1,1,1,1,1,1,1,1,1,0,,,,,,,,,,,,
1247,32,32,96,1,1,0,1,1,1,1,1,1,1,1,1,,,,,,,,,,,,
1248,32,32,96,1,1,0,1,1,1,0,1,1,1,1,1,,,,,,,,,,,,
1249,32,32,96,1,1,0,1,1,1,1,0,1,1,1,1,,,,,,,,,,,,
1250,32,32,96,1,1,0,1,1,1,1,1,0,1,1,1,,,,,,,,,,,,
1251,32,32,96,1,1,0,1,1,1,1,1,1,0,1,1,,,,,,,,,,,,
1252,32,32,96,1,1,0,1,1,1,1,1,1,1,0,1,,,,,,,,,,,,
1253,32,32,96,1,1,0,1,1,1,1,1,1,1,1,0,,,,,,,,,,,,
1254,32,32,96,1,1,1,0,1,1,1,1,1,1,1,1,,,,,,,,,,,,
1255,32,32,96,1,1,1,0,1,1,0,1,1,1,1,1,,,,,,,,,,,,
1256,32,32,96,1,1,1,0,1,1,1,0,1,1,1,1,,,,,,,,,,,,
1257,32,32,96,1,1,1,0,1,1,1,1,0,1,1,1,,,,,,,,,,,,
1258,32,32,96,1,1,1,0,1,1,1,1,1,0,1,1,,,,,,,,,,,,
1259,32,32,96,1,1,1,0,1,1,1,1,1,1,0,1,,,,,,,,,,,,
1260,32,32,96,1,1,1,0,1,1,1,1,1,1,1,0,,,,,,,,,,,,
1261,32,32,96,1,1,1,1,0,1,1,1,1,1,1,1,,,,,,,,,,,,
1262,32,32,96,1,1,1,1,0,1,0,1,1,1,1,1,,,,,,,,,,,,
1263,32,32,96,1,1,1,1,0,1,1,0,1,1,1,1,,,,,,,,,,,,
1264,32,32,96,1,1,1,1,0,1,1,1,0,1,1,1,,,,,,,,,,,,
1265,32,32,96,1,1,1,1,0,1,1,1,1,0,1,1,,,,,,,,,,,,
1266,32,32,96,1,1,1,1,0,1,1,1,1,1,0,1,,,,,,,,,,,,
1267,32,32,96,1,1,1,1,0,1,1,1,1,1,1,0,,,,,,,,,,,,
1268,32,32,96,1,1,1,1,1,0,1,1,1,1,1,1,,,,,,,,,,,,
1269,32,32,96,1,1,1,1,1,0,0,1,1,1,1,1,,,,,,,,,,,,
1270,32,32,96,1,1,1,1,1,0,1,0,1,1,1,1,,,,,,,,,,,,
1271,32,32,96,1,1,1,1,1,0,1,1,0,1,1,1,,,,,,,,,,,,
1272,32,32,96,1,1,1,1,1,0,1,1,1,0,1,1,,,,,,,,,,,,
1273,32,32,96,1,1,1,1,1,0,1,1,1,1,0,1,,,,,,,,,,,,
1274,32,32,96,1,1,1,1,1,0,1,1,1,1,1,0,,,,,,,,,,,,
1275,32,48,24,1,1,1,1,1,1,1,1,1,1,1,1,,,,,,,,,,,,
1276,32,48,24,1,1,1,1,1,1,0,1,1,1,1,1,,,,,,,,,,,,
1277,32,48,24,1,1,1,1,1,1,1,0,1,1,1,1,,,,,,,,,,,,
1278,32,48,24,1,1,1,1,1,1,1,1,0,1,1,1,,,,,,,,,,,,
1279,32,48,24,1,1,1,1,1,1,1,1,1,0,1,1,,,,,,,,,,,,
1280,32,48,24,1,1,1,1,1,1,1,1,1,1,0,1,,,,,,,,,,,,
1281,32,48,24,1,1,1,1,1,1,1,1,1,1,1,0,,,,,,,,,,,,
1282,32,48,24,0,1,1,1,1,1,1,1,1,1,1,1,,,,,,,,,,,,
1283,32,48,24,0,1,1,1,1,1,0,1,1,1,1,1,,,,,,,,,,,,
1284,32,48,24,0,1,1,1,1,1,1,0,1,1,1,1,,,,,,,,,,,,
1285,32,48,24,0,1,1,1,1,1,1,1,0,1,1,1,,,,,,,,,,,,
1286,32,48,24,0,1,1,1,1,1,1,1,1,0,1,1,,,,,,,,,,,,
1287,32,48,24,0,1,1,1,1,1,1,1,1,1,0,1,,,,,,,,,,,,
1288,32,48,24,0,1,1,1,1,1,1,1,1,1,1,0,,,,,,,,,,,,
1289,32,48,24,1,0,1,1,1,1,1,1,1,1,1,1,,,,,,,,,,,,
1290,32,48,24,1,0,1,1,1,1,0,1,1,1,1,1,,,,,,,,,,,,
1291,32,48,24,1,0,1,1,1,1,1,0,1,1,1,1,,,,,,,,,,,,
1292,32,48,24,1,0,1,1,1,1,1,1,0,1,1,1,,,,,,,,,,,,
1293,32,48,24,1,0,1,1,1,1,1,1,1,0,1,1,,,,,,,,,,,,
1294,32,48,24,1,0,1,1,1,1,1,1,1,1,0,1,,,,,,,,,,,,
1295,32,48,24,1,0,1,1,1,1,1,1,1,1,1,0,,,,,,,,,,,,
1296,32,48,24,1,1,0,1,1,1,1,1,1,1,1,1,,,,,,,,,,,,
1297,32,48,24,1,1,0,1,1,1,0,1,1,1,1,1,,,,,,,,,,,,
1298,32,48,24,1,1,0,1,1,1,1,0,1,1,1,1,,,,,,,,,,,,
1299,32,48,24,1,1,0,1,1,1,1,1,0,1,1,1,,,,,,,,,,,,
1300,32,48,24,1,1,0,1,1,1,1,1,1,0,1,1,,,,,,,,,,,,
1301,32,48,24,1,1,0,1,1,1,1,1,1,1,0,1,,,,,,,,,,,,
1302,32,48,24,1,1,0,1,1,1,1,1,1,1,1,0,,,,,,,,,,,,
1303,32,48,24,1,1,1,0,1,1,1,1,1,1,1,1,,,,,,,,,,,,
1304,32,48,24,1,1,1,0,1,1,0,1,1,1,1,1,,,,,,,,,,,,
1305,32,48,24,1,1,1,0,1,1,1,0,1,1,1,1,,,,,,,,,,,,
1306,32,48,24,1,1,1,0,1,1,1,1,0,1,1,1,,,,,,,,,,,,
1307,32,48,24,1,1,1,0,1,1,1,1,1,0,1,1,,,,,,,,,,,,
1308,32,48,24,1,1,1,0,1,1,1,1,1,1,0,1,,,,,,,,,,,,
1309,32,48,24,1,1,1,0,1,1,1,1,1,1,1,0,,,,,,,,,,,,
1310,32,48,24,1,1,1,1,0,1,1,1,1,1,1,1,,,,,,,,,,,,
1311,32,48,24,1,1,1,1,0,1,0,1,1,1,1,1,,,,,,,,,,,,
1312,32,48,24,1,1,1,1,0,1,1,0,1,1,1,1,,,,,,,,,,,,
1313,32,48,24,1,1,1,1,0,1,1,1,0,1,1,1,,,,,,,,,,,,
1314,32,48,24,1,1,1,1,0,1,1,1,1,0,1,1,,,,,,,,,,,,
1315,32,48,24,1,1,1,1,0,1,1,1,1,1,0,1,,,,,,,,,,,,
1316,32,48,24,1,1,1,1,0,1,1,1,1,1,1,0,,,,,,,,,,,,
1317,32,48,24,1,1,1,1,1,0,1,1,1,1,1,1,,,,,,,,,,,,
1318,32,48,24,1,1,1,1,1,0,0,1,1,1,1,1,,,,,,,,,,,,
1319,32,48,24,1,1,1,1,1,0,1,0,1,1,1,1,,,,,,,,,,,,
1320,32,48,24,1,1,1,1,1,0,1,1,0,1,1,1,,,,,,,,,,,,
1321,32,48,24,1,1,1,1,1,0,1,1,1,0,1,1,,,,,,,,,,,,
1322,32,48,24,1,1,1,1,1,0,1,1,1,1,0,1,,,,,,,,,,,,
1323,32,48,24,1,1,1,1,1,0,1,1,1,1,1,0,,,,,,,,,,,,
1324,16,32,32,1,1,1,1,1,1,1,1,1,1,1,1,,,,,,,,,,,,
1325,16,32,32,1,1,1,1,1,1,0,1,1,1,1,1,,,,,,,,,,,,
1326,16,32,32,1,1,1,1,1,1,1,0,1,1,1,1,,,,,,,,,,,,
1327,16,32,32,1,1,1,1,1,1,1,1,0,1,1,1,,,,,,,,,,,,
1328,16,32,32,1,1,1,1,1,1,1,1,1,0,1,1,,,,,,,,,,,,
1329,16,32,32,1,1,1,1,1,1,1,1,1,1,0,1,,,,,,,,,,,,
1330,16,32,32,1,1,1,1,1,1,1,1,1,1,1,0,,,,,,,,,,,,
1331,16,32,32,0,1,1,1,1,1,1,1,1,1,1,1,,,,,,,,,,,,
1332,16,32,32,0,1,1,1,1,1,0,1,1,1,1,1,,,,,,,,,,,,
1333,16,32,32,0,1,1,1,1,1,1,0,1,1,1,1,,,,,,,,,,,,
1334,16,32,32,0,1,1,1,1,1,1,1,0,1,1,1,,,,,,,,,,,,
1335,16,32,32,0,1,1,1,1,1,1,1,1,0,1,1,,,,,,,,,,,,
1336,16,32,32,0,1,1,1,1,1,1,1,1,1,0,1,,,,,,,,,,,,
1337,16,32,32,0,1,1,1,1,1,1,1,1,1,1,0,,,,,,,,,,,,
1338,16,32,32,1,0,1,1,1,1,1,1,1,1,1,1,,,,,,,,,,,,
1339,16,32,32,1,0,1,1,1,1,0,1,1,1,1,1,,,,,,,,,,,,
1340,16,32,32,1,0,1,1,1,1,1,0,1,1,1,1,,,,,,,,,,,,
1341,16,32,32,1,0,1,1,1,1,1,1,0,1,1,1,,,,,,,,,,,,
1342,16,32,32,1,0,1,1,1,1,1,1,1,0,1,1,,,,,,,,,,,,
1343,16,32,32,1,0,1,1,1,1,1,1,1,1,0,1,,,,,,,,,,,,
1344,16,32,32,1,0,1,1,1,1,1,1,1,1,1,0,,,,,,,,,,,,
1345,16,32,32,1,1,0,1,1,1,1,1,1,1,1,1,,,,,,,,,,,,
1346,16,32,32,1,1,0,1,1,1,0,1,1,1,1,1,,,,,,,,,,,,
1347,16,32,32,1,1,0,1,1,1,1,0,1,1,1,1,,,,,,,,,,,,
1348,16,32,32,1,1,0,1,1,1,1,1,0,1,1,1,,,,,,,,,,,,
1349,16,32,32,1,1,0,1,1,1,1,1,1,0,1,1,,,,,,,,,,,,
1350,16,32,32,1,1,0,1,1,1,1,1,1,1,0,1,,,,,,,,,,,,
1351,16,32,32,1,1,0,1,1,1,1,1,1,1,1,0,,,,,,,,,,,,
1352,16,32,32,1,1,1,0,1,1,1,1,1,1,1,1,,,,,,,,,,,,
1353,16,32,32,1,1,1,0,1,1,0,1,1,1,1,1,,,,,,,,,,,,
1354,16,32,32,1,1,1,0,1,1,1,0,1,1,1,1,,,,,,,,,,,,
1355,16,32,32,1,1,1,0,1,1,1,1,0,1,1,1,,,,,,,,,,,,
1356,16,32,32,1,1,1,0,1,1,1,1,1,0,1,1,,,,,,,,,,,,
1357,16,32,32,1,1,1,0,1,1,1,1,1,1,0,1,,,,,,,,,,,,
1358,16,32,32,1,1,1,0,1,1,1,1,1,1,1,0,,,,,,,,,,,,
1359,16,32,32,1,1,1,1,0,1,1,1,1,1,1,1,,,,,,,,,,,,
1360,16,32,32,1,1,1,1,0,1,0,1,1,1,1,1,,,,,,,,,,,,
1361,16,32,32,1,1,1,1,0,1,1,0,1,1,1,1,,,,,,,,,,,,
1362,16,32,32,1,1,1,1,0,1,1,1,0,1,1,1,,,,,,,,,,,,
1363,16,32,32,1,1,1,1,0,1,1,1,1,0,1,1,,,,,,,,,,,,
1364,16,32,32,1,1,1,1,0,1,1,1,1,1,0,1,,,,,,,,,,,,
1365,16,32,32,1,1,1,1,0,1,1,1,1,1,1,0,,,,,,,,,,,,
1366,16,32,32,1,1,1,1,1,0,1,1,1,1,1,1,,,,,,,,,,,,
1367,16,32,32,1,1,1,1,1,0,0,1,1,1,1,1,,,,,,,,,,,,
1368,16,32,32,1,1,1,1,1,0,1,0,1,1,1,1,,,,,,,,,,,,
1369,16,32,32,1,1,1,1,1,0,1,1,0,1,1,1,,,,,,,,,,,,
1370,16,32,32,1,1,1,1,1,0,1,1,1,0,1,1,,,,,,,,,,,,
1371,16,32,32,1,1,1,1,1,0,1,1,1,1,0,1,,,,,,,,,,,,
1372,16,32,32,1,1,1,1,1,0,1,1,1,1,1,0,,,,,,,,,,,,
1373,32,64,16,1,1,1,1,1,1,1,1,1,1,1,1,,,,,,,,,,,,
1374,32,64,16,1,1,1,1,1,1,0,1,1,1,1,1,,,,,,,,,,,,
1375,32,64,16,1,1,1,1,1,1,1,0,1,1,1,1,,,,,,,,,,,,
1376,32,64,16,1,1,1,1,1,1,1,1,0,1,1,1,,,,,,,,,,,,
1377,32,64,16,1,1,1,1,1,1,1,1,1,0,1,1,,,,,,,,,,,,
1378,32,64,16,1,1,1,1,1,1,1,1,1,1,0,1,,,,,,,,,,,,
1379,32,64,16,1,1,1,1,1,1,1,1,1,1,1,0,,,,,,,,,,,,
1380,32,64,16,0,1,1,1,1,1,1,1,1,1,1,1,,,,,,,,,,,,
1381,32,64,16,0,1,1,1,1,1,0,1,1,1,1,1,,,,,,,,,,,,
1382,32,64,16,0,1,1,1,1,1,1,0,1,1,1,1,,,,,,,,,,,,
1383,32,64,16,0,1,1,1,1,1,1,1,0,1,1,1,,,,,,,,,,,,
1384,32,64,16,0,1,1,1,1,1,1,1,1,0,1,1,,,,,,,,,,,,
1385,32,64,16,0,1,1,1,1,1,1,1,1,1,0,1,,,,,,,,,,,,
1386,32,64,16,0,1,1,1,1,1,1,1,1,1,1,0,,,,,,,,,,,,
1387,32,64,16,1,0,1,1,1,1,1,1,1,1,1,1,,,,,,,,,,,,
1388,32,64,16,1,0,1,1,1,1,0,1,1,1,1,1,,,,,,,,,,,,
1389,32,64,16,1,0,1,1,1,1,1,0,1,1,1,1,,,,,,,,,,,,
1390,32,64,16,1,0,1,1,1,1,1,1,0,1,1,1,,,,,,,,,,,,
1391,32,64,16,1,0,1,1,1,1,1,1,1,0,1,1,,,,,,,,,,,,
1392,32,64,16,1,0,1,1,1,1,1,1,1,1,0,1,,,,,,,,,,,,
1393,32,64,16,1,0,1,1,1,1,1,1,1,1,1,0,,,,,,,,,,,,
1394,32,64,16,1,1,0,1,1,1,1,1,1,1,1,1,,,,,,,,,,,,
1395,32,64,16,1,1,0,1,1,1,0,1,1,1,1,1,,,,,,,,,,,,
1396,32,64,16,1,1,0,1,1,1,1,0,1,1,1,1,,,,,,,,,,,,
1397,32,64,16,1,1,0,1,1,1,1,1,0,1,1,1,,,,,,,,,,,,
1398,32,64,16,1,1,0,1,1,1,1,1,1,0,1,1,,,,,,,,,,,,
1399,32,64,16,1,1,0,1,1,1,1,1,1,1,0,1,,,,,,,,,,,,
1400,32,64,16,1,1,0,1,1,1,1,1,1,1,1,0,,,,,,,,,,,,
1401,32,64,16,1,1,1,0,1,1,1,1,1,1,1,1,,,,,,,,,,,,
1402,32,64,16,1,1,1,0,1,1,0,1,1,1,1,1,,,,,,,,,,,,
1403,32,64,16,1,1,1,0,1,1,1,0,1,1,1,1,,,,,,,,,,,,
1404,32,64,16,1,1,1,0,1,1,1,1,0,1,1,1,,,,,,,,,,,,
1405,32,64,16,1,1,1,0,1,1,1,1,1,0,1,1,,,,,,,,,,,,
1406,32,64,16,1,1,1,0,1,1,1,1,1,1,0,1,,,,,,,,,,,,
1407,32,64,16,1,1,1,0,1,1,1,1,1,1,1,0,,,,,,,,,,,,
1408,32,64,16,1,1,1,1,0,1,1,1,1,1,1,1,,,,,,,,,,,,
1409,32,64,16,1,1,1,1,0,1,0,1,1,1,1,1,,,,,,,,,,,,
1410,32,64,16,1,1,1,1,0,1,1,0,1,1,1,1,,,,,,,,,,,,
1411,32,64,16,1,1,1,1,0,1,1,1,0,1,1,1,,,,,,,,,,,,
1412,32,64,16,1,1,1,1,0,1,1,1,1,0,1,1,,,,,,,,,,,,
1413,32,64,16,1,1,1,1,0,1,1,1,1,1,0,1,,,,,,,,,,,,
1414,32,64,16,1,1,1,1,0,1,1,1,1,1,1,0,,,,,,,,,,,,
1415,32,64,16,1,1,1,1,1,0,1,1,1,1,1,1,,,,,,,,,,,,
1416,32,64,16,1,1,1,1,1,0,0,1,1,1,1,1,,,,,,,,,,,,
1417,32,64,16,1,1,1,1,1,0,1,0,1,1,1,1,,,,,,,,,,,,
1418,32,64,16,1,1,1,1,1,0,1,1,0,1,1,1,,,,,,,,,,,,
1419,32,64,16,1,1,1,1,1,0,1,1,1,0,1,1,,,,,,,,,,,,
1420,32,64,16,1,1,1,1,1,0,1,1,1,1,0,1,,,,,,,,,,,,
1421,32,64,16,1,1,1,1,1,0,1,1,1,1,1,0,,,,,,,,,,,,
1422,48,96,32,1,1,1,1,1,1,1,1,1,1,1,1,,,,,,,,,,,,
1423,48,96,32,1,1,1,1,1,1,0,1,1,1,1,1,,,,,,,,,,,,
1424,48,96,32,1,1,1,1,1,1,1,0,1,1,1,1,,,,,,,,,,,,
1425,48,96,32,1,1,1,1,1,1,1,1,0,1,1,1,,,,,,,,,,,,
1426,48,96,32,1,1,1,1,1,1,1,1,1,0,1,1,,,,,,,,,,,,
1427,48,96,32,1,1,1,1,1,1,1,1,1,1,0,1,,,,,,,,,,,,
1428,48,96,32,1,1,1,1,1,1,1,1,1,1,1,0,,,,,,,,,,,,
1429,48,96,32,0,1,1,1,1,1,1,1,1,1,1,1,,,,,,,,,,,,
1430,48,96,32,0,1,1,1,1,1,0,1,1,1,1,1,,,,,,,,,,,,
1431,48,96,32,0,1,1,1,1,1,1,0,1,1,1,1,,,,,,,,,,,,
1432,48,96,32,0,1,1,1,1,1,1,1,0,1,1,1,,,,,,,,,,,,
1433,48,96,32,0,1,1,1,1,1,1,1,1,0,1,1,,,,,,,,,,,,
1434,48,96,32,0,1,1,1,1,1,1,1,1,1,0,1,,,,,,,,,,,,
1435,48,96,32,0,1,1,1,1,1,1,1,1,1,1,0,,,,,,,,,,,,
1436,48,96,32,1,0,1,1,1,1,1,1,1,1,1,1,,,,,,,,,,,,
1437,48,96,32,1,0,1,1,1,1,0,1,1,1,1,1,,,,,,,,,,,,
1438,48,96,32,1,0,1,1,1,1,1,0,1,1,1,1,,,,,,,,,,,,
1439,48,96,32,1,0,1,1,1,1,1,1,0,1,1,1,,,,,,,,,,,,
1440,48,96,32,1,0,1,1,1,1,1,1,1,0,1,1,,,,,,,,,,,,
1441,48,96,32,1,0,1,1,1,1,1,1,1,1,0,1,,,,,,,,,,,,
1442,48,96,32,1,0,1,1,1,1,1,1,1,1,1,0,,,,,,,,,,,,
1443,48,96,32,1,1,0,1,1,1,1,1,1,1,1,1,,,,,,,,,,,,
1444,48,96,32,1,1,0,1,1,1,0,1,1,1,1,1,,,,,,,,,,,,
1445,48,96,32,1,1,0,1,1,1,1,0,1,1,1,1,,,,,,,,,,,,
1446,48,96,32,1,1,0,1,1,1,1,1,0,1,1,1,,,,,,,,,,,,
1447,48,96,32,1,1,0,1,1,1,1,1,1,0,1,1,,,,,,,,,,,,
1448,48,96,32,1,1,0,1,1,1,1,1,1,1,0,1,,,,,,,,,,,,
1449,48,96,32,1,1,0,1,1,1,1,1,1,1,1,0,,,,,,,,,,,,
1450,48,96,32,1,1,1,0,1,1,1,1,1,1,1,1,,,,,,,,,,,,
1451,48,96,32,1,1,1,0,1,1,0,1,1,1,1,1,,,,,,,,,,,,
1452,48,96,32,1,1,1,0,1,1,1,0,1,1,1,1,,,,,,,,,,,,
1453,48,96,32,1,1,1,0,1,1,1,1,0,1,1,1,,,,,,,,,,,,
1454,48,96,32,1,1,1,0,1,1,1,1,1,0,1,1,,,,,,,,,,,,
1455,48,96,32,1,1,1,0,1,1,1,1,1,1,0,1,,,,,,,,,,,,
1456,48,96,32,1,1,1,0,1,1,1,1,1,1,1,0,,,,,,,,,,,,
1457,48,96,32,1,1,1,1,0,1,1,1,1,1,1,1,,,,,,,,,,,,
1458,48,96,32,1,1,1,1,0,1,0,1,1,1,1,1,,,,,,,,,,,,
1459,48,96,32,1,1,1,1,0,1,1,0,1,1,1,1,,,,,,,,,,,,
1460,48,96,32,1,1,1,1,0,1,1,1,0,1,1,1,,,,,,,,,,,,
1461,48,96,32,1,1,1,1,0,1,1,1,1,0,1,1,,,,,,,,,,,,
1462,48,96,32,1,1,1,1,0,1,1,1,1,1,0,1,,,,,,,,,,,,
1463,48,96,32,1,1,1,1,0,1,1,1,1,1,1,0,,,,,,,,,,,,
1464,48,96,32,1,1,1,1,1,0,1,1,1,1,1,1,,,,,,,,,,,,
1465,48,96,32,1,1,1,1,1,0,0,1,1,1,1,1,,,,,,,,,,,,
1466,48,96,32,1,1,1,1,1,0,1,0,1,1,1,1,,,,,,,,,,,,
1467,48,96,32,1,1,1,1,1,0,1,1,0,1,1,1,,,,,,,,,,,,
1468,48,96,32,1,1,1,1,1,0,1,1,1,0,1,1,,,,,,,,,,,,
1469,48,96,32,1,1,1,1,1,0,1,1,1,1,0,1,,,,,,,,,,,,
1470,48,96,32,1,1,1,1,1,0,1,1,1,1,1,0,,,,,,,,,,,,
1471,48,48,32,1,1,1,1,1,1,1,1,1,1,1,1,,,,,,,,,,,,
1472,48,48,32,1,1,1,1,1,1,0,1,1,1,1,1,,,,,,,,,,,,
1473,48,48,32,1,1,1,1,1,1,1,0,1,1,1,1,,,,,,,,,,,,
1474,48,48,32,1,1,1,1,1,1,1,1,0,1,1,1,,,,,,,,,,,,
1475,48,48,32,1,1,1,1,1,1,1,1,1,0,1,1,,,,,,,,,,,,
1476,48,48,32,1,1,1,1,1,1,1,1,1,1,0,1,,,,,,,,,,,,
1477,48,48,32,1,1,1,1,1,1,1,1,1,1,1,0,,,,,,,,,,,,
1478,48,48,32,0,1,1,1,1,1,1,1,1,1,1,1,,,,,,,,,,,,
1479,48,48,32,0,1,1,1,1,1,0,1,1,1,1,1,,,,,,,,,,,,
1480,48,48,32,0,1,1,1,1,1,1,0,1,1,1,1,,,,,,,,,,,,
1481,48,48,32,0,1,1,1,1,1,1,1,0,1,1,1,,,,,,,,,,,,
1482,48,48,32,0,1,1,1,1,1,1,1,1,0,1,1,,,,,,,,,,,,
1483,48,48,32,0,1,1,1,1,1,1,1,1,1,0,1,,,,,,,,,,,,
1484,48,48,32,0,1,1,1,1,1,1,1,1,1,1,0,,,,,,,,,,,,
1485,48,48,32,1,0,1,1,1,1,1,1,1,1,1,1,,,,,,,,,,,,
1486,48,48,32,1,0,1,1,1,1,0,1,1,1,1,1,,,,,,,,,,,,
1487,48,48,32,1,0,1,1,1,1,1,0,1,1,1,1,,,,,,,,,,,,
1488,48,48,32,1,0,1,1,1,1,1,1,0,1,1,1,,,,,,,,,,,,
1489,48,48,32,1,0,1,1,1,1,1,1,1,0,1,1,,,,,,,,,,,,
1490,48,48,32,1,0,1,1,1,1,1,1,1,1,0,1,,,,,,,,,,,,
1491,48,48,32,1,0,1,1,1,1,1,1,1,1,1,0,,,,,,,,,,,,
1492,48,48,32,1,1,0,1,1,1,1,1,1,1,1,1,,,,,,,,,,,,
1493,48,48,32,1,1,0,1,1,1,0,1,1,1,1,1,,,,,,,,,,,,
1494,48,48,32,1,1,0,1,1,1,1,0,1,1,1,1,,,,,,,,,,,,
1495,48,48,32,1,1,0,1,1,1,1,1,0,1,1,1,,,,,,,,,,,,
1496,48,48,32,1,1,0,1,1,1,1,1,1,0,1,1,,,,,,,,,,,,
1497,48,48,32,1,1,0,1,1,1,1,1,1,1,0,1,,,,,,,,,,,,
1498,48,48,32,1,1,0,1,1,1,1,1,1,1,1,0,,,,,,,,,,,,
1499,48,48,32,1,1,1,0,1,1,1,1,1,1,1,1,,,,,,,,,,,,
1500,48,48,32,1,1,1,0,1,1,0,1,1,1,1,1,,,,,,,,,,,,
1501,48,48,32,1,1,1,0,1,1,1,0,1,1,1,1,,,,,,,,,,,,
1502,48,48,32,1,1,1,0,1,1,1,1,0,1,1,1,,,,,,,,,,,,
1503,48,48,32,1,1,1,0,1,1,1,1,1,0,1,1,,,,,,,,,,,,
1504,48,48,32,1,1,1,0,1,1,1,1,1,1,0,1,,,,,,,,,,,,
1505,48,48,32,1,1,1,0,1,1,1,1,1,1,1,0,,,,,,,,,,,,
1506,48,48,32,1,1,1,1,0,1,1,1,1,1,1,1,,,,,,,,,,,,
1507,48,48,32,1,1,1,1,0,1,0,1,1,1,1,1,,,,,,,,,,,,
1508,48,48,32,1,1,1,1,0,1,1,0,1,1,1,1,,,,,,,,,,,,
1509,48,48,32,1,1,1,1,0,1,1,1,0,1,1,1,,,,,,,,,,,,
1510,48,48,32,1,1,1,1,0,1,1,1,1,0,1,1,,,,,,,,,,,,
1511,48,48,32,1,1,1,1,0,1,1,1,1,1,0,1,,,,,,,,,,,,
1512,48,48,32,1,1,1,1,0,1,1,1,1,1,1,0,,,,,,,,,,,,
1513,48,48,32,1,1,1,1,1,0,1,1,1,1,1,1,,,,,,,,,,,,
1514,48,48,32,1,1,1,1,1,0,0,1,1,1,1,1,,,,,,,,,,,,
1515,48,48,32,1,1,1,1,1,0,1,0,1,1,1,1,,,,,,,,,,,,
1516,48,48,32,1,1,1,1,1,0,1,1,0,1,1,1,,,,,,,,,,,,
1517,48,48,32,1,1,1,1,1,0,1,1,1,0,1,1,,,,,,,,,,,,
1518,48,48,32,1,1,1,1,1,0,1,1,1,1,0,1,,,,,,,,,,,,
1519,48,48,32,1,1,1,1,1,0,1,1,1,1,1,0,,,,,,,,,,,,
1520,24,96,32,1,1,1,1,1,1,1,1,1,1,1,1,,,,,,,,,,,,
1521,24,96,32,1,1,1,1,1,1,0,1,1,1,1,1,,,,,,,,,,,,
1522,24,96,32,1,1,1,1,1,1,1,0,1,1,1,1,,,,,,,,,,,,
1523,24,96,32,1,1,1,1,1,1,1,1,0,1,1,1,,,,,,,,,,,,
1524,24,96,32,1,1,1,1,1,1,1,1,1,0,1,1,,,,,,,,,,,,
1525,24,96,32,1,1,1,1,1,1,1,1,1,1,0,1,,,,,,,,,,,,
1526,24,96,32,1,1,1,1,1,1,1,1,1,1,1,0,,,,,,,,,,,,
1527,24,96,32,0,1,1,1,1,1,1,1,1,1,1,1,,,,,,,,,,,,
1528,24,96,32,0,1,1,1,1,1,0,1,1,1,1,1,,,,,,,,,,,,
1529,24,96,32,0,1,1,1,1,1,1,0,1,1,1,1,,,,,,,,,,,,
1530,24,96,32,0,1,1,1,1,1,1,1,0,1,1,1,,,,,,,,,,,,
1531,24,96,32,0,1,1,1,1,1,1,1,1,0,1,1,,,,,,,,,,,,
1532,24,96,32,0,1,1,1,1,1,1,1,1,1,0,1,,,,,,,,,,,,
1533,24,96,32,0,1,1,1,1,1,1,1,1,1,1,0,,,,,,,,,,,,
1534,24,96,32,1,0,1,1,1,1,1,1,1,1,1,1,,,,,,,,,,,,
1535,24,96,32,1,0,1,1,1,1,0,1,1,1,1,1,,,,,,,,,,,,
1536,24,96,32,1,0,1,1,1,1,1,0,1,1,1,1,,,,,,,,,,,,
1537,24,96,32,1,0,1,1,1,1,1,1,0,1,1,1,,,,,,,,,,,,
1538,24,96,32,1,0,1,1,1,1,1,1,1,0,1,1,,,,,,,,,,,,
1539,24,96,32,1,0,1,1,1,1,1,1,1,1,0,1,,,,,,,,,,,,
1540,24,96,32,1,0,1,1,1,1,1,1,1,1,1,0,,,,,,,,,,,,
1541,24,96,32,1,1,0,1,1,1,1,1,1,1,1,1,,,,,,,,,,,,
1542,24,96,32,1,1,0,1,1,1,0,1,1,1,1,1,,,,,,,,,,,,
1543,24,96,32,1,1,0,1,1,1,1,0,1,1,1,1,,,,,,,,,,,,
1544,24,96,32,1,1,0,1,1,1,1,1,0,1,1,1,,,,,,,,,,,,
1545,24,96,32,1,1,0,1,1,1,1,1,1,0,1,1,,,,,,,,,,,,
1546,24,96,32,1,1,0,1,1,1,1,1,1,1,0,1,,,,,,,,,,,,
1547,24,96,32,1,1,0,1,1,1,1,1,1,1,1,0,,,,,,,,,,,,
1548,24,96,32,1,1,1,0,1,1,1,1,1,1,1,1,,,,,,,,,,,,
1549,24,96,32,1,1,1,0,1,1,0,1,1,1,1,1,,,,,,,,,,,,
1550,24,96,32,1,1,1,0,1,1,1,0,1,1,1,1,,,,,,,,,,,,
1551,24,96,32,1,1,1,0,1,1,1,1,0,1,1,1,,,,,,,,,,,,
1552,24,96,32,1,1,1,0,1,1,1,1,1,0,1,1,,,,,,,,,,,,
1553,24,96,32,1,1,1,0,1,1,1,1,1,1,0,1,,,,,,,,,,,,
1554,24,96,32,1,1,1,0,1,1,1,1,1,1,1,0,,,,,,,,,,,,
1555,24,96,32,1,1,1,1,0,1,1,1,1,1,1,1,,,,,,,,,,,,
1556,24,96,32,1,1,1,1,0,1,0,1,1,1,1,1,,,,,,,,,,,,
1557,24,96,32,1,1,1,1,0,1,1,0,1,1,1,1,,,,,,,,,,,,
1558,24,96,32,1,1,1,1,0,1,1,1,0,1,1,1,,,,,,,,,,,,
1559,24,96,32,1,1,1,1,0,1,1,1,1,0,1,1,,,,,,,,,,,,
1560,24,96,32,1,1,1,1,0,1,1,1,1,1,0,1,,,,,,,,,,,,
1561,24,96,32,1,1,1,1,0,1,1,1,1,1,1,0,,,,,,,,,,,,
1562,24,96,32,1,1,1,1,1,0,1,1,1,1,1,1,,,,,,,,,,,,
1563,24,96,32,1,1,1,1,1,0,0,1,1,1,1,1,,,,,,,,,,,,
1564,24,96,32,1,1,1,1,1,0,1,0,1,1,1,1,,,,,,,,,,,,
1565,24,96,32,1,1,1,1,1,0,1,1,0,1,1,1,,,,,,,,,,,,
1566,24,96,32,1,1,1,1,1,0,1,1,1,0,1,1,,,,,,,,,,,,
1567,24,96,32,1,1,1,1,1,0,1,1,1,1,0,1,,,,,,,,,,,,
1568,24,96,32,1,1,1,1,1,0,1,1,1,1,1,0,,,,,,,,,,,,
1569,16,32,24,1,1,1,1,1,1,1,1,1,1,1,1,,,,,,,,,,,,
1570,16,32,24,1,1,1,1,1,1,0,1,1,1,1,1,,,,,,,,,,,,
1571,16,32,24,1,1,1,1,1,1,1,0,1,1,1,1,,,,,,,,,,,,
1572,16,32,24,1,1,1,1,1,1,1,1,0,1,1,1,,,,,,,,,,,,
1573,16,32,24,1,1,1,1,1,1,1,1,1,0,1,1,,,,,,,,,,,,
1574,16,32,24,1,1,1,1,1,1,1,1,1,1,0,1,,,,,,,,,,,,
1575,16,32,24,1,1,1,1,1,1,1,1,1,1,1,0,,,,,,,,,,,,
1576,16,32,24,0,1,1,1,1,1,1,1,1,1,1,1,,,,,,,,,,,,
1577,16,32,24,0,1,1,1,1,1,0,1,1,1,1,1,,,,,,,,,,,,
1578,16,32,24,0,1,1,1,1,1,1,0,1,1,1,1,,,,,,,,,,,,
1579,16,32,24,0,1,1,1,1,1,1,1,0,1,1,1,,,,,,,,,,,,
1580,16,32,24,0,1,1,1,1,1,1,1,1,0,1,1,,,,,,,,,,,,
1581,16,32,24,0,1,1,1,1,1,1,1,1,1,0,1,,,,,,,,,,,,
1582,16,32,24,0,1,1,1,1,1,1,1,1,1,1,0,,,,,,,,,,,,
1583,16,32,24,1,0,1,1,1,1,1,1,1,1,1,1,,,,,,,,,,,,
1584,16,32,24,1,0,1,1,1,1,0,1,1,1,1,1,,,,,,,,,,,,
1585,16,32,24,1,0,1,1,1,1,1,0,1,1,1,1,,,,,,,,,,,,
1586,16,32,24,1,0,1,1,1,1,1,1,0,1,1,1,,,,,,,,,,,,
1587,16,32,24,1,0,1,1,1,1,1,1,1,0,1,1,,,,,,,,,,,,
1588,16,32,24,1,0,1,1,1,1,1,1,1,1,0,1,,,,,,,,,,,,
1589,16,32,24,1,0,1,1,1,1,1,1,1,1,1,0,,,,,,,,,,,,
1590,16,32,24,1,1,0,1,1,1,1,1,1,1,1,1,,,,,,,,,,,,
1591,16,32,24,1,1,0,1,1,1,0,1,1,1,1,1,,,,,,,,,,,,
1592,16,32,24,1,1,0,1,1,1,1,0,1,1,1,1,,,,,,,,,,,,
1593,16,32,24,1,1,0,1,1,1,1,1,0,1,1,1,,,,,,,,,,,,
1594,16,32,24,1,1,0,1,1,1,1,1,1,0,1,1,,,,,,,,,,,,
1595,16,32,24,1,1,0,1,1,1,1,1,1,1,0,1,,,,,,,,,,,,
1596,16,32,24,1,1,0,1,1,1,1,1,1,1,1,0,,,,,,,,,,,,
1597,16,32,24,1,1,1,0,1,1,1,1,1,1,1,1,,,,,,,,,,,,
1598,16,32,24,1,1,1,0,1,1,0,1,1,1,1,1,,,,,,,,,,,,
1599,16,32,24,1,1,1,0,1,1,1,0,1,1,1,1,,,,,,,,,,,,
1600,16,32,24,1,1,1,0,1,1,1,1,0,1,1,1,,,,,,,,,,,,
1601,16,32,24,1,1,1,0,1,1,1,1,1,0,1,1,,,,,,,,,,,,
1602,16,32,24,1,1,1,0,1,1,1,1,1,1,0,1,,,,,,,,,,,,
1603,16,32,24,1,1,1,0,1,1,1,1,1,1,1,0,,,,,,,,,,,,
1604,16,32,24,1,1,1,1,0,1,1,1,1,1,1,1,,,,,,,,,,,,
1605,16,32,24,1,1,1,1,0,1,0,1,1,1,1,1,,,,,,,,,,,,
1606,16,32,24,1,1,1,1,0,1,1,0,1,1,1,1,,,,,,,,,,,,
1607,16,32,24,1,1,1,1,0,1,1,1,0,1,1,1,,,,,,,,,,,,
1608,16,32,24,1,1,1,1,0,1,1,1,1,0,1,1,,,,,,,,,,,,
1609,16,32,24,1,1,1,1,0,1,1,1,1,1,0,1,,,,,,,,,,,,
1610,16,32,24,1,1,1,1,0,1,1,1,1,1,1,0,,,,,,,,,,,,
1611,16,32,24,1,1,1,1,1,0,1,1,1,1,1,1,,,,,,,,,,,,
1612,16,32,24,1,1,1,1,1,0,0,1,1,1,1,1,,,,,,,,,,,,
1613,16,32,24,1,1,1,1,1,0,1,0,1,1,1,1,,,,,,,,,,,,
1614,16,32,24,1,1,1,1,1,0,1,1,0,1,1,1,,,,,,,,,,,,
1615,16,32,24,1,1,1,1,1,0,1,1,1,0,1,1,,,,,,,,,,,,
1616,16,32,24,1,1,1,1,1,0,1,1,1,1,0,1,,,,,,,,,,,,
1617,16,32,24,1,1,1,1,1,0,1,1,1,1,1,0,,,,,,,,,,,,
1618,64,64,64,1,1,1,1,1,1,1,1,1,1,1,1,,,,,,,,,,,,
1619,64,64,64,1,1,1,1,1,1,0,1,1,1,1,1,,,,,,,,,,,,
1620,64,64,64,1,1,1,1,1,1,1,0,1,1,1,1,,,,,,,,,,,,
1621,64,64,64,1,1,1,1,1,1,1,1,0,1,1,1,,,,,,,,,,,,
1622,64,64,64,1,1,1,1,1,1,1,1,1,0,1,1,,,,,,,,,,,,
1623,64,64,64,1,1,1,1,1,1,1,1,1,1,0,1,,,,,,,,,,,,
1624,64,64,64,1,1,1,1,1,1,1,1,1,1,1,0,,,,,,,,,,,,
1625,64,64,64,0,1,1,1,1,1,1,1,1,1,1,1,,,,,,,,,,,,
1626,64,64,64,0,1,1,1,1,1,0,1,1,1,1,1,,,,,,,,,,,,
1627,64,64,64,0,1,1,1,1,1,1,0,1,1,1,1,,,,,,,,,,,,
1628,64,64,64,0,1,1,1,1,1,1,1,0,1,1,1,,,,,,,,,,,,
1629,64,64,64,0,1,1,1,1,1,1,1,1,0,1,1,,,,,,,,,,,,
1630,64,64,64,0,1,1,1,1,1,1,1,1,1,0,1,,,,,,,,,,,,
1631,64,64,64,0,1,1,1,1,1,1,1,1,1,1,0,,,,,,,,,,,,
1632,64,64,64,1,0,1,1,1,1,1,1,1,1,1,1,,,,,,,,,,,,
1633,64,64,64,1,0,1,1,1,1,0,1,1,1,1,1,,,,,,,,,,,,
1634,64,64,64,1,0,1,1,1,1,1,0,1,1,1,1,,,,,,,,,,,,
1635,64,64,64,1,0,1,1,1,1,1,1,0,1,1,1,,,,,,,,,,,,
1636,64,64,64,1,0,1,1,1,1,1,1,1,0,1,1,,,,,,,,,,,,
1637,64,64,64,1,0,1,1,1,1,1,1,1,1,0,1,,,,,,,,,,,,
1638,64,64,64,1,0,1,1,1,1,1,1,1,1,1,0,,,,,,,,,,,,
1639,64,64,64,1,1,0,1,1,1,1,1,1,1,1,1,,,,,,,,,,,,
1640,64,64,64,1,1,0,1,1,1,0,1,1,1,1,1,,,,,,,,,,,,
1641,64,64,64,1,1,0,1,1,1,1,0,1,1,1,1,,,,,,,,,,,,
1642,64,64,64,1,1,0,1,1,1,1,1,0,1,1,1,,,,,,,,,,,,
1643,64,64,64,1,1,0,1,1,1,1,1,1,0,1,1,,,,,,,,,,,,
1644,64,64,64,1,1,0,1,1,1,1,1,1,1,0,1,,,,,,,,,,,,
1645,64,64,64,1,1,0,1,1,1,1,1,1,1,1,0,,,,,,,,,,,,
1646,64,64,64,1,1,1,0,1,1,1,1,1,1,1,1,,,,,,,,,,,,
1647,64,64,64,1,1,1,0,1,1,0,1,1,1,1,1,,,,,,,,,,,,
1648,64,64,64,1,1,1,0,1,1,1,0,1,1,1,1,,,,,,,,,,,,
1649,64,64,64,1,1,1,0,1,1,1,1,0,1,1,1,,,,,,,,,,,,
1650,64,64,64,1,1,1,0,1,1,1,1,1,0,1,1,,,,,,,,,,,,
1651,64,64,64,1,1,1,0,1,1,1,1,1,1,0,1,,,,,,,,,,,,
1652,64,64,64,1,1,1,0,1,1,1,1,1,1,1,0,,,,,,,,,,,,
1653,64,64,64,1,1,1,1,0,1,1,1,1,1,1,1,,,,,,,,,,,,
1654,64,64,64,1,1,1,1,0,1,0,1,1,1,1,1,,,,,,,,,,,,
1655,64,64,64,1,1,1,1,0,1,1,0,1,1,1,1,,,,,,,,,,,,
1656,64,64,64,1,1,1,1,0,1,1,1,0,1,1,1,,,,,,,,,,,,
1657,64,64,64,1,1,1,1,0,1,1,1,1,0,1,1,,,,,,,,,,,,
1658,64,64,64,1,1,1,1,0,1,1,1,1,1,0,1,,,,,,,,,,,,
1659,64,64,64,1,1,1,1,0,1,1,1,1,1,1,0,,,,,,,,,,,,
1660,64,64,64,1,1,1,1,1,0,1,1,1,1,1,1,,,,,,,,,,,,
1661,64,64,64,1,1,1,1,1,0,0,1,1,1,1,1,,,,,,,,,,,,
1662,64,64,64,1,1,1,1,1,0,1,0,1,1,1,1,,,,,,,,,,,,
1663,64,64,64,1,1,1,1,1,0,1,1,0,1,1,1,,,,,,,,,,,,
1664,64,64,64,1,1,1,1,1,0,1,1,1,0,1,1,,,,,,,,,,,,
1665,64,64,64,1,1,1,1,1,0,1,1,1,1,0,1,,,,,,,,,,,,
1666,64,64,64,1,1,1,1,1,0,1,1,1,1,1,0,,,,,,,,,,,,
1667,32,96,48,1,1,1,1,1,1,1,1,1,1,1,1,,,,,,,,,,,,
1668,32,96,48,1,1,1,1,1,1,0,1,1,1,1,1,,,,,,,,,,,,
1669,32,96,48,1,1,1,1,1,1,1,0,1,1,1,1,,,,,,,,,,,,
1670,32,96,48,1,1,1,1,1,1,1,1,0,1,1,1,,,,,,,,,,,,
1671,32,96,48,1,1,1,1,1,1,1,1,1,0,1,1,,,,,,,,,,,,
1672,32,96,48,1,1,1,1,1,1,1,1,1,1,0,1,,,,,,,,,,,,
1673,32,96,48,1,1,1,1,1,1,1,1,1,1,1,0,,,,,,,,,,,,
1674,32,96,48,0,1,1,1,1,1,1,1,1,1,1,1,,,,,,,,,,,,
1675,32,96,48,0,1,1,1,1,1,0,1,1,1,1,1,,,,,,,,,,,,
1676,32,96,48,0,1,1,1,1,1,1,0,1,1,1,1,,,,,,,,,,,,
1677,32,96,48,0,1,1,1,1,1,1,1,0,1,1,1,,,,,,,,,,,,
1678,32,96,48,0,1,1,1,1,1,1,1,1,0,1,1,,,,,,,,,,,,
1679,32,96,48,0,1,1,1,1,1,1,1,1,1,0,1,,,,,,,,,,,,
1680,32,96,48,0,1,1,1,1,1,1,1,1,1,1,0,,,,,,,,,,,,
1681,32,96,48,1,0,1,1,1,1,1,1,1,1,1,1,,,,,,,,,,,,
1682,32,96,48,1,0,1,1,1,1,0,1,1,1,1,1,,,,,,,,,,,,
1683,32,96,48,1,0,1,1,1,1,1,0,1,1,1,1,,,,,,,,,,,,
1684,32,96,48,1,0,1,1,1,1,1,1,0,1,1,1,,,,,,,,,,,,
1685,32,96,48,1,0,1,1,1,1,1,1,1,0,1,1,,,,,,,,,,,,
1686,32,96,48,1,0,1,1,1,1,1,1,1,1,0,1,,,,,,,,,,,,
1687,32,96,48,1,0,1,1,1,1,1,1,1,1,1,0,,,,,,,,,,,,
1688,32,96,48,1,1,0,1,1,1,1,1,1,1,1,1,,,,,,,,,,,,
1689,32,96,48,1,1,0,1,1,1,0,1,1,1,1,1,,,,,,,,,,,,
1690,32,96,48,1,1,0,1,1,1,1,0,1,1,1,1,,,,,,,,,,,,
1691,32,96,48,1,1,0,1,1,1,1,1,0,1,1,1,,,,,,,,,,,,
1692,32,96,48,1,1,0,1,1,1,1,1,1,0,1,1,,,,,,,,,,,,
1693,32,96,48,1,1,0,1,1,1,1,1,1,1,0,1,,,,,,,,,,,,
1694,32,96,48,1,1,0,1,1,1,1,1,1,1,1,0,,,,,,,,,,,,
1695,32,96,48,1,1,1,0,1,1,1,1,1,1,1,1,,,,,,,,,,,,
1696,32,96,48,1,1,1,0,1,1,0,1,1,1,1,1,,,,,,,,,,,,
1697,32,96,48,1,1,1,0,1,1,1,0,1,1,1,1,,,,,,,,,,,,
1698,32,96,48,1,1,1,0,1,1,1,1,0,1,1,1,,,,,,,,,,,,
1699,32,96,48,1,1,1,0,1,1,1,1,1,0,1,1,,,,,,,,,,,,
1700,32,96,48,1,1,1,0,1,1,1,1,1,1,0,1,,,,,,,,,,,,
1701,32,96,48,1,1,1,0,1,1,1,1,1,1,1,0,,,,,,,,,,,,
1702,32,96,48,1,1,1,1,0,1,1,1,1,1,1,1,,,,,,,,,,,,
1703,32,96,48,1,1,1,1,0,1,0,1,1,1,1,1,,,,,,,,,,,,
1704,32,96,48,1,1,1,1,0,1,1,0,1,1,1,1,,,,,,,,,,,,
1705,32,96,48,1,1,1,1,0,1,1,1,0,1,1,1,,,,,,,,,,,,
1706,32,96,48,1,1,1,1,0,1,1,1,1,0,1,1,,,,,,,,,,,,
1707,32,96,48,1,1,1,1,0,1,1,1,1,1,0,1,,,,,,,,,,,,
1708,32,96,48,1,1,1,1,0,1,1,1,1,1,1,0,,,,,,,,,,,,
1709,32,96,48,1,1,1,1,1,0,1,1,1,1,1,1,,,,,,,,,,,,
1710,32,96,48,1,1,1,1,1,0,0,1,1,1,1,1,,,,,,,,,,,,
1711,32,96,48,1,1,1,1,1,0,1,0,1,1,1,1,,,,,,,,,,,,
1712,32,96,48,1,1,1,1,1,0,1,1,0,1,1,1,,,,,,,,,,,,
1713,32,96,48,1,1,1,1,1,0,1,1,1,0,1,1,,,,,,,,,,,,
1714,32,96,48,1,1,1,1,1,0,1,1,1,1,0,1,,,,,,,,,,,,
1715,32,96,48,1,1,1,1,1,0,1,1,1,1,1,0,,,,,,,,,,,,
1716,48,32,16,1,1,1,1,1,1,1,1,1,1,1,1,,,,,,,,,,,,
1717,48,32,16,1,1,1,1,1,1,0,1,1,1,1,1,,,,,,,,,,,,
1718,48,32,16,1,1,1,1,1,1,1,0,1,1,1,1,,,,,,,,,,,,
1719,48,32,16,1,1,1,1,1,1,1,1,0,1,1,1,,,,,,,,,,,,
1720,48,32,16,1,1,1,1,1,1,1,1,1,0,1,1,,,,,,,,,,,,
1721,48,32,16,1,1,1,1,1,1,1,1,1,1,0,1,,,,,,,,,,,,
1722,48,32,16,1,1,1,1,1,1,1,1,1,1,1,0,,,,,,,,,,,,
1723,48,32,16,0,1,1,1,1,1,1,1,1,1,1,1,,,,,,,,,,,,
1724,48,32,16,0,1,1,1,1,1,0,1,1,1,1,1,,,,,,,,,,,,
1725,48,32,16,0,1,1,1,1,1,1,0,1,1,1,1,,,,,,,,,,,,
1726,48,32,16,0,1,1,1,1,1,1,1,0,1,1,1,,,,,,,,,,,,
1727,48,32,16,0,1,1,1,1,1,1,1,1,0,1,1,,,,,,,,,,,,
1728,48,32,16,0,1,1,1,1,1,1,1,1,1,0,1,,,,,,,,,,,,
1729,48,32,16,0,1,1,1,1,1,1,1,1,1,1,0,,,,,,,,,,,,
1730,48,32,16,1,0,1,1,1,1,1,1,1,1,1,1,,,,,,,,,,,,
1731,48,32,16,1,0,1,1,1,1,0,1,1,1,1,1,,,,,,,,,,,,
1732,48,32,16,1,0,1,1,1,1,1,0,1,1,1,1,,,,,,,,,,,,
1733,48,32,16,1,0,1,1,1,1,1,1,0,1,1,1,,,,,,,,,,,,
1734,48,32,16,1,0,1,1,1,1,1,1,1,0,1,1,,,,,,,,,,,,
1735,48,32,16,1,0,1,1,1,1,1,1,1,1,0,1,,,,,,,,,,,,
1736,48,32,16,1,0,1,1,1,1,1,1,1,1,1,0,,,,,,,,,,,,
1737,48,32,16,1,1,0,1,1,1,1,1,1,1,1,1,,,,,,,,,,,,
1738,48,32,16,1,1,0,1,1,1,0,1,1,1,1,1,,,,,,,,,,,,
1739,48,32,16,1,1,0,1,1,1,1,0,1,1,1,1,,,,,,,,,,,,
1740,48,32,16,1,1,0,1,1,1,1,1,0,1,1,1,,,,,,,,,,,,
1741,48,32,16,1,1,0,1,1,1,1,1,1,0,1,1,,,,,,,,,,,,
1742,48,32,16,1,1,0,1,1,1,1,1,1,1,0,1,,,,,,,,,,,,
1743,48,32,16,1,1,0,1,1,1,1,1,1,1,1,0,,,,,,,,,,,,
1744,48,32,16,1,1,1,0,1,1,1,1,1,1,1,1,,,,,,,,,,,,
1745,48,32,16,1,1,1,0,1,1,0,1,1,1,1,1,,,,,,,,,,,,
1746,48,32,16,1,1,1,0,1,1,1,0,1,1,1,1,,,,,,,,,,,,
1747,48,32,16,1,1,1,0,1,1,1,1,0,1,1,1,,,,,,,,,,,,
1748,48,32,16,1,1,1,0,1,1,1,1,1,0,1,1,,,,,,,,,,,,
1749,48,32,16,1,1,1,0,1,1,1,1,1,1,0,1,,,,,,,,,,,,
1750,48,32,16,1,1,1,0,1,1,1,1,1,1,1,0,,,,,,,,,,,,
1751,48,32,16,1,1,1,1,0,1,1,1,1,1,1,1,,,,,,,,,,,,
1752,48,32,16,1,1,1,1,0,1,0,1,1,1,1,1,,,,,,,,,,,,
1753,48,32,16,1,1,1,1,0,1,1,0,1,1,1,1,,,,,,,,,,,,
1754,48,32,16,1,1,1,1,0,1,1,1,0,1,1,1,,,,,,,,,,,,
1755,48,32,16,1,1,1,1,0,1,1,1,1,0,1,1,,,,,,,,,,,,
1756,48,32,16,1,1,1,1,0,1,1,1,1,1,0,1,,,,,,,,,,,,
1757,48,32,16,1,1,1,1,0,1,1,1,1,1,1,0,,,,,,,,,,,,
1758,48,32,16,1,1,1,1,1,0,1,1,1,1,1,1,,,,,,,,,,,,
1759,48,32,16,1,1,1,1,1,0,0,1,1,1,1,1,,,,,,,,,,,,
1760,48,32,16,1,1,1,1,1,0,1,0,1,1,1,1,,,,,,,,,,,,
1761,48,32,16,1,1,1,1,1,0,1,1,0,1,1,1,,,,,,,,,,,,
1762,48,32,16,1,1,1,1,1,0,1,1,1,0,1,1,,,,,,,,,,,,
1763,48,32,16,1,1,1,1,1,0,1,1,1,1,0,1,,,,,,,,,,,,
1764,48,32,16,1,1,1,1,1,0,1,1,1,1,1,0,,,,,,,,,,,,
1765,48,32,48,1,1,1,1,1,1,1,1,1,1,1,1,,,,,,,,,,,,
1766,48,32,48,1,1,1,1,1,1,0,1,1,1,1,1,,,,,,,,,,,,
1767,48,32,48,1,1,1,1,1,1,1,0,1,1,1,1,,,,,,,,,,,,
1768,48,32,48,1,1,1,1,1,1,1,1,0,1,1,1,,,,,,,,,,,,
1769,48,32,48,1,1,1,1,1,1,1,1,1,0,1,1,,,,,,,,,,,,
1770,48,32,48,1,1,1,1,1,1,1,1,1,1,0,1,,,,,,,,,,,,
1771,48,32,48,1,1,1,1,1,1,1,1,1,1,1,0,,,,,,,,,,,,
1772,48,32,48,0,1,1,1,1,1,1,1,1,1,1,1,,,,,,,,,,,,
1773,48,32,48,0,1,1,1,1,1,0,1,1,1,1,1,,,,,,,,,,,,
1774,48,32,48,0,1,1,1,1,1,1,0,1,1,1,1,,,,,,,,,,,,
1775,48,32,48,0,1,1,1,1,1,1,1,0,1,1,1,,,,,,,,,,,,
1776,48,32,48,0,1,1,1,1,1,1,1,1,0,1,1,,,,,,,,,,,,
1777,48,32,48,0,1,1,1,1,1,1,1,1,1,0,1,,,,,,,,,,,,
1778,48,32,48,0,1,1,1,1,1,1,1,1,1,1,0,,,,,,,,,,,,
1779,48,32,48,1,0,1,1,1,1,1,1,1,1,1,1,,,,,,,,,,,,
1780,48,32,48,1,0,1,1,1,1,0,1,1,1,1,1,,,,,,,,,,,,
1781,48,32,48,1,0,1,1,1,1,1,0,1,1,1,1,,,,,,,,,,,,
1782,48,32,48,1,0,1,1,1,1,1,1,0,1,1,1,,,,,,,,,,,,
1783,48,32,48,1,0,1,1,1,1,1,1,1,0,1,1,,,,,,,,,,,,
1784,48,32,48,1,0,1,1,1,1,1,1,1,1,0,1,,,,,,,,,,,,
1785,48,32,48,1,0,1,1,1,1,1,1,1,1,1,0,,,,,,,,,,,,
1786,48,32,48,1,1,0,1,1,1,1,1,1,1,1,1,,,,,,,,,,,,
1787,48,32,48,1,1,0,1,1,1,0,1,1,1,1,1,,,,,,,,,,,,
1788,48,32,48,1,1,0,1,1,1,1,0,1,1,1,1,,,,,,,,,,,,
1789,48,32,48,1,1,0,1,1,1,1,1,0,1,1,1,,,,,,,,,,,,
1790,48,32,48,1,1,0,1,1,1,1,1,1,0,1,1,,,,,,,,,,,,
1791,48,32,48,1,1,0,1,1,1,1,1,1,1,0,1,,,,,,,,,,,,
1792,48,32,48,1,1,0,1,1,1,1,1,1,1,1,0,,,,,,,,,,,,
1793,48,32,48,1,1,1,0,1,1,1,1,1,1,1,1,,,,,,,,,,,,
1794,48,32,48,1,1,1,0,1,1,0,1,1,1,1,1,,,,,,,,,,,,
1795,48,32,48,1,1,1,0,1,1,1,0,1,1,1,1,,,,,,,,,,,,
1796,48,32,48,1,1,1,0,1,1,1,1,0,1,1,1,,,,,,,,,,,,
1797,48,32,48,1,1,1,0,1,1,1,1,1,0,1,1,,,,,,,,,,,,
1798,48,32,48,1,1,1,0,1,1,1,1,1,1,0,1,,,,,,,,,,,,
1799,48,32,48,1,1,1,0,1,1,1,1,1,1,1,0,,,,,,,,,,,,
1800,48,32,48,1,1,1,1,0,1,1,1,1,1,1,1,,,,,,,,,,,,
1801,48,32,48,1,1,1,1,0,1,0,1,1,1,1,1,,,,,,,,,,,,
1802,48,32,48,1,1,1,1,0,1,1,0,1,1,1,1,,,,,,,,,,,,
1803,48,32,48,1,1,1,1,0,1,1,1,0,1,1,1,,,,,,,,,,,,
1804,48,32,48,1,1,1,1,0,1,1,1,1,0,1,1,,,,,,,,,,,,
1805,48,32,48,1,1,1,1,0,1,1,1,1,1,0,1,,,,,,,,,,,,
1806,48,32,48,1,1,1,1,0,1,1,1,1,1,1,0,,,,,,,,,,,,
1807,48,32,48,1,1,1,1,1,0,1,1,1,1,1,1,,,,,,,,,,,,
1808,48,32,48,1,1,1,1,1,0,0,1,1,1,1,1,,,,,,,,,,,,
1809,48,32,48,1,1,1,1,1,0,1,0,1,1,1,1,,,,,,,,,,,,
1810,48,32,48,1,1,1,1,1,0,1,1,0,1,1,1,,,,,,,,,,,,
1811,48,32,48,1,1,1,1,1,0,1,1,1,0,1,1,,,,,,,,,,,,
1812,48,32,48,1,1,1,1,1,0,1,1,1,1,0,1,,,,,,,,,,,,
1813,48,32,48,1,1,1,1,1,0,1,1,1,1,1,0,,,,,,,,,,,,
1814,16,32,16,1,1,1,1,1,1,1,1,1,1,1,1,,,,,,,,,,,,
1815,16,32,16,1,1,1,1,1,1,0,1,1,1,1,1,,,,,,,,,,,,
1816,16,32,16,1,1,1,1,1,1,1,0,1,1,1,1,,,,,,,,,,,,
1817,16,32,16,1,1,1,1,1,1,1,1,0,1,1,1,,,,,,,,,,,,
1818,16,32,16,1,1,1,1,1,1,1,1,1,0,1,1,,,,,,,,,,,,
1819,16,32,16,1,1,1,1,1,1,1,1,1,1,0,1,,,,,,,,,,,,
1820,16,32,16,1,1,1,1,1,1,1,1,1,1,1,0,,,,,,,,,,,,
1821,16,32,16,0,1,1,1,1,1,1,1,1,1,1,1,,,,,,,,,,,,
1822,16,32,16,0,1,1,1,1,1,0,1,1,1,1,1,,,,,,,,,,,,
1823,16,32,16,0,1,1,1,1,1,1,0,1,1,1,1,,,,,,,,,,,,
1824,16,32,16,0,1,1,1,1,1,1,1,0,1,1,1,,,,,,,,,,,,
1825,16,32,16,0,1,1,1,1,1,1,1,1,0,1,1,,,,,,,,,,,,
1826,16,32,16,0,1,1,1,1,1,1,1,1,1,0,1,,,,,,,,,,,,
1827,16,32,16,0,1,1,1,1,1,1,1,1,1,1,0,,,,,,,,,,,,
1828,16,32,16,1,0,1,1,1,1,1,1,1,1,1,1,,,,,,,,,,,,
1829,16,32,16,1,0,1,1,1,1,0,1,1,1,1,1,,,,,,,,,,,,
1830,16,32,16,1,0,1,1,1,1,1,0,1,1,1,1,,,,,,,,,,,,
1831,16,32,16,1,0,1,1,1,1,1,1,0,1,1,1,,,,,,,,,,,,
1832,16,32,16,1,0,1,1,1,1,1,1,1,0,1,1,,,,,,,,,,,,
1833,16,32,16,1,0,1,1,1,1,1,1,1,1,0,1,,,,,,,,,,,,
1834,16,32,16,1,0,1,1,1,1,1,1,1,1,1,0,,,,,,,,,,,,
1835,16,32,16,1,1,0,1,1,1,1,1,1,1,1,1,,,,,,,,,,,,
1836,16,32,16,1,1,0,1,1,1,0,1,1,1,1,1,,,,,,,,,,,,
1837,16,32,16,1,1,0,1,1,1,1,0,1,1,1,1,,,,,,,,,,,,
1838,16,32,16,1,1,0,1,1,1,1,1,0,1,1,1,,,,,,,,,,,,
1839,16,32,16,1,1,0,1,1,1,1,1,1,0,1,1,,,,,,,,,,,,
1840,16,32,16,1,1,0,1,1,1,1,1,1,1,0,1,,,,,,,,,,,,
1841,16,32,16,1,1,0,1,1,1,1,1,1,1,1,0,,,,,,,,,,,,
1842,16,32,16,1,1,1,0,1,1,1,1,1,1,1,1,,,,,,,,,,,,
1843,16,32,16,1,1,1,0,1,1,0,1,1,1,1,1,,,,,,,,,,,,
1844,16,32,16,1,1,1,0,1,1,1,0,1,1,1,1,,,,,,,,,,,,
1845,16,32,16,1,1,1,0,1,1,1,1,0,1,1,1,,,,,,,,,,,,
1846,16,32,16,1,1,1,0,1,1,1,1,1,0,1,1,,,,,,,,,,,,
1847,16,32,16,1,1,1,0,1,1,1,1,1,1,0,1,,,,,,,,,,,,
1848,16,32,16,1,1,1,0,1,1,1,1,1,1,1,0,,,,,,,,,,,,
1849,16,32,16,1,1,1,1,0,1,1,1,1,1,1,1,,,,,,,,,,,,
1850,16,32,16,1,1,1,1,0,1,0,1,1,1,1,1,,,,,,,,,,,,
1851,16,32,16,1,1,1,1,0,1,1,0,1,1,1,1,,,,,,,,,,,,
1852,16,32,16,1,1,1,1,0,1,1,1,0,1,1,1,,,,,,,,,,,,
1853,16,32,16,1,1,1,1,0,1,1,1,1,0,1,1,,,,,,,,,,,,
1854,16,32,16,1,1,1,1,0,1,1,1,1,1,0,1,,,,,,,,,,,,
1855,16,32,16,1,1,1,1,0,1,1,1,1,1,1,0,,,,,,,,,,,,
1856,16,32,16,1,1,1,1,1,0,1,1,1,1,1,1,,,,,,,,,,,,
1857,16,32,16,1,1,1,1,1,0,0,1,1,1,1,1,,,,,,,,,,,,
1858,16,32,16,1,1,1,1,1,0,1,0,1,1,1,1,,,,,,,,,,,,
1859,16,32,16,1,1,1,1,1,0,1,1,0,1,1,1,,,,,,,,,,,,
1860,16,32,16,1,1,1,1,1,0,1,1,1,0,1,1,,,,,,,,,,,,
1861,16,32,16,1,1,1,1,1,0,1,1,1,1,0,1,,,,,,,,,,,,
1862,16,32,16,1,1,1,1,1,0,1,1,1,1,1,0,,,,,,,,,,,,
1863,24,64,32,1,1,1,1,1,1,1,1,1,1,1,1,,,,,,,,,,,,
1864,24,64,32,1,1,1,1,1,1,0,1,1,1,1,1,,,,,,,,,,,,
1865,24,64,32,1,1,1,1,1,1,1,0,1,1,1,1,,,,,,,,,,,,
1866,24,64,32,1,1,1,1,1,1,1,1,0,1,1,1,,,,,,,,,,,,
1867,24,64,32,1,1,1,1,1,1,1,1,1,0,1,1,,,,,,,,,,,,
1868,24,64,32,1,1,1,1,1,1,1,1,1,1,0,1,,,,,,,,,,,,
1869,24,64,32,1,1,1,1,1,1,1,1,1,1,1,0,,,,,,,,,,,,
1870,24,64,32,0,1,1,1,1,1,1,1,1,1,1,1,,,,,,,,,,,,
1871,24,64,32,0,1,1,1,1,1,0,1,1,1,1,1,,,,,,,,,,,,
1872,24,64,32,0,1,1,1,1,1,1,0,1,1,1,1,,,,,,,,,,,,
1873,24,64,32,0,1,1,1,1,1,1,1,0,1,1,1,,,,,,,,,,,,
1874,24,64,32,0,1,1,1,1,1,1,1,1,0,1,1,,,,,,,,,,,,
1875,24,64,32,0,1,1,1,1,1,1,1,1,1,0,1,,,,,,,,,,,,
1876,24,64,32,0,1,1,1,1,1,1,1,1,1,1,0,,,,,,,,,,,,
1877,24,64,32,1,0,1,1,1,1,1,1,1,1,1,1,,,,,,,,,,,,
1878,24,64,32,1,0,1,1,1,1,0,1,1,1,1,1,,,,,,,,,,,,
1879,24,64,32,1,0,1,1,1,1,1,0,1,1,1,1,,,,,,,,,,,,
1880,24,64,32,1,0,1,1,1,1,1,1,0,1,1,1,,,,,,,,,,,,
1881,24,64,32,1,0,1,1,1,1,1,1,1,0,1,1,,,,,,,,,,,,
1882,24,64,32,1,0,1,1,1,1,1,1,1,1,0,1,,,,,,,,,,,,
1883,24,64,32,1,0,1,1,1,1,1,1,1,1,1,0,,,,,,,,,,,,
1884,24,64,32,1,1,0,1,1,1,1,1,1,1,1,1,,,,,,,,,,,,
1885,24,64,32,1,1,0,1,1,1,0,1,1,1,1,1,,,,,,,,,,,,
1886,24,64,32,1,1,0,1,1,1,1,0,1,1,1,1,,,,,,,,,,,,
1887,24,64,32,1,1,0,1,1,1,1,1,0,1,1,1,,,,,,,,,,,,
1888,24,64,32,1,1,0,1,1,1,1,1,1,0,1,1,,,,,,,,,,,,
1889,24,64,32,1,1,0,1,1,1,1,1,1,1,0,1,,,,,,,,,,,,
1890,24,64,32,1,1,0,1,1,1,1,1,1,1,1,0,,,,,,,,,,,,
1891,24,64,32,1,1,1,0,1,1,1,1,1,1,1,1,,,,,,,,,,,,
1892,24,64,32,1,1,1,0,1,1,0,1,1,1,1,1,,,,,,,,,,,,
1893,24,64,32,1,1,1,0,1,1,1,0,1,1,1,1,,,,,,,,,,,,
1894,24,64,32,1,1,1,0,1,1,1,1,0,1,1,1,,,,,,,,,,,,
1895,24,64,32,1,1,1,0,1,1,1,1,1,0,1,1,,,,,,,,,,,,
1896,24,64,32,1,1,1,0,1,1,1,1,1,1,0,1,,,,,,,,,,,,
1897,24,64,32,1,1,1,0,1,1,1,1,1,1,1,0,,,,,,,,,,,,
1898,24,64,32,1,1,1,1,0,1,1,1,1,1,1,1,,,,,,,,,,,,
1899,24,64,32,1,1,1,1,0,1,0,1,1,1,1,1,,,,,,,,,,,,
1900,24,64,32,1,1,1,1,0,1,1,0,1,1,1,1,,,,,,,,,,,,
1901,24,64,32,1,1,1,1,0,1,1,1,0,1,1,1,,,,,,,,,,,,
1902,24,64,32,1,1,1,1,0,1,1,1,1,0,1,1,,,,,,,,,,,,
1903,24,64,32,1,1,1,1,0,1,1,1,1,1,0,1,,,,,,,,,,,,
1904,24,64,32,1,1,1,1,0,1,1,1,1,1,1,0,,,,,,,,,,,,
1905,24,64,32,1,1,1,1,1,0,1,1,1,1,1,1,,,,,,,,,,,,
1906,24,64,32,1,1,1,1,1,0,0,1,1,1,1,1,,,,,,,,,,,,
1907,24,64,32,1,1,1,1,1,0,1,0,1,1,1,1,,,,,,,,,,,,
1908,24,64,32,1,1,1,1,1,0,1,1,0,1,1,1,,,,,,,,,,,,
1909,24,64,32,1,1,1,1,1,0,1,1,1,0,1,1,,,,,,,,,,,,
1910,24,64,32,1,1,1,1,1,0,1,1,1,1,0,1,,,,,,,,,,,,
1911,24,64,32,1,1,1,1,1,0,1,1,1,1,1,0,,,,,,,,,,,,
1912,32,32,16,1,1,1,1,1,1,1,1,1,1,1,1,,,,,,,,,,,,
1913,32,32,16,1,1,1,1,1,1,0,1,1,1,1,1,,,,,,,,,,,,
1914,32,32,16,1,1,1,1,1,1,1,0,1,1,1,1,,,,,,,,,,,,
1915,32,32,16,1,1,1,1,1,1,1,1,0,1,1,1,,,,,,,,,,,,
1916,32,32,16,1,1,1,1,1,1,1,1,1,0,1,1,,,,,,,,,,,,
1917,32,32,16,1,1,1,1,1,1,1,1,1,1,0,1,,,,,,,,,,,,
1918,32,32,16,1,1,1,1,1,1,1,1,1,1,1,0,,,,,,,,,,,,
1919,32,32,16,0,1,1,1,1,1,1,1,1,1,1,1,,,,,,,,,,,,
1920,32,32,16,0,1,1,1,1,1,0,1,1,1,1,1,,,,,,,,,,,,
1921,32,32,16,0,1,1,1,1,1,1,0,1,1,1,1,,,,,,,,,,,,
1922,32,32,16,0,1,1,1,1,1,1,1,0,1,1,1,,,,,,,,,,,,
1923,32,32,16,0,1,1,1,1,1,1,1,1,0,1,1,,,,,,,,,,,,
1924,32,32,16,0,1,1,1,1,1,1,1,1,1,0,1,,,,,,,,,,,,
1925,32,32,16,0,1,1,1,1,1,1,1,1,1,1,0,,,,,,,,,,,,
1926,32,32,16,1,0,1,1,1,1,1,1,1,1,1,1,,,,,,,,,,,,
1927,32,32,16,1,0,1,1,1,1,0,1,1,1,1,1,,,,,,,,,,,,
1928,32,32,16,1,0,1,1,1,1,1,0,1,1,1,1,,,,,,,,,,,,
1929,32,32,16,1,0,1,1,1,1,1,1,0,1,1,1,,,,,,,,,,,,
1930,32,32,16,1,0,1,1,1,1,1,1,1,0,1,1,,,,,,,,,,,,
1931,32,32,16,1,0,1,1,1,1,1,1,1,1,0,1,,,,,,,,,,,,
1932,32,32,16,1,0,1,1,1,1,1,1,1,1,1,0,,,,,,,,,,,,
1933,32,32,16,1,1,0,1,1,1,1,1,1,1,1,1,,,,,,,,,,,,
1934,32,32,16,1,1,0,1,1,1,0,1,1,1,1,1,,,,,,,,,,,,
1935,32,32,16,1,1,0,1,1,1,1,0,1,1,1,1,,,,,,,,,,,,
1936,32,32,16,1,1,0,1,1,1,1,1,0,1,1,1,,,,,,,,,,,,
1937,32,32,16,1,1,0,1,1,1,1,1,1,0,1,1,,,,,,,,,,,,
1938,32,32,16,1,1,0,1,1,1,1,1,1,1,0,1,,,,,,,,,,,,
1939,32,32,16,1,1,0,1,1,1,1,1,1,1,1,0,,,,,,,,,,,,
1940,32,32,16,1,1,1,0,1,1,1,1,1,1,1,1,,,,,,,,,,,,
1941,32,32,16,1,1,1,0,1,1,0,1,1,1,1,1,,,,,,,,,,,,
1942,32,32,16,1,1,1,0,1,1,1,0,1,1,1,1,,,,,,,,,,,,
1943,32,32,16,1,1,1,0,1,1,1,1,0,1,1,1,,,,,,,,,,,,
1944,32,32,16,1,1,1,0,1,1,1,1,1,0,1,1,,,,,,,,,,,,
1945,32,32,16,1,1,1,0,1,1,1,1,1,1,0,1,,,,,,,,,,,,
1946,32,32,16,1,1,1,0,1,1,1,1,1,1,1,0,,,,,,,,,,,,
1947,32,32,16,1,1,1,1,0,1,1,1,1,1,1,1,,,,,,,,,,,,
1948,32,32,16,1,1,1,1,0,1,0,1,1,1,1,1,,,,,,,,,,,,
1949,32,32,16,1,1,1,1,0,1,1,0,1,1,1,1,,,,,,,,,,,,
1950,32,32,16,1,1,1,1,0,1,1,1,0,1,1,1,,,,,,,,,,,,
1951,32,32,16,1,1,1,1,0,1,1,1,1,0,1,1,,,,,,,,,,,,
1952,32,32,16,1,1,1,1,0,1,1,1,1,1,0,1,,,,,,,,,,,,
1953,32,32,16,1,1,1,1,0,1,1,1,1,1,1,0,,,,,,,,,,,,
1954,32,32,16,1,1,1,1,1,0,1,1,1,1,1,1,,,,,,,,,,,,
1955,32,32,16,1,1,1,1,1,0,0,1,1,1,1,1,,,,,,,,,,,,
1956,32,32,16,1,1,1,1,1,0,1,0,1,1,1,1,,,,,,,,,,,,
1957,32,32,16,1,1,1,1,1,0,1,1,0,1,1,1,,,,,,,,,,,,
1958,32,32,16,1,1,1,1,1,0,1,1,1,0,1,1,,,,,,,,,,,,
1959,32,32,16,1,1,1,1,1,0,1,1,1,1,0,1,,,,,,,,,,,,
1960,32,32,16,1,1,1,1,1,0,1,1,1,1,1,0,,,,,,,,,,,,
1961,32,64,24,1,1,1,1,1,1,1,1,1,1,1,1,,,,,,,,,,,,
1962,32,64,24,1,1,1,1,1,1,0,1,1,1,1,1,,,,,,,,,,,,
1963,32,64,24,1,1,1,1,1,1,1,0,1,1,1,1,,,,,,,,,,,,
1964,32,64,24,1,1,1,1,1,1,1,1,0,1,1,1,,,,,,,,,,,,
1965,32,64,24,1,1,1,1,1,1,1,1,1,0,1,1,,,,,,,,,,,,
1966,32,64,24,1,1,1,1,1,1,1,1,1,1,0,1,,,,,,,,,,,,
1967,32,64,24,1,1,1,1,1,1,1,1,1,1,1,0,,,,,,,,,,,,
1968,32,64,24,0,1,1,1,1,1,1,1,1,1,1,1,,,,,,,,,,,,
1969,32,64,24,0,1,1,1,1,1,0,1,1,1,1,1,,,,,,,,,,,,
1970,32,64,24,0,1,1,1,1,1,1,0,1,1,1,1,,,,,,,,,,,,
1971,32,64,24,0,1,1,1,1,1,1,1,0,1,1,1,,,,,,,,,,,,
1972,32,64,24,0,1,1,1,1,1,1,1,1,0,1,1,,,,,,,,,,,,
1973,32,64,24,0,1,1,1,1,1,1,1,1,1,0,1,,,,,,,,,,,,
1974,32,64,24,0,1,1,1,1,1,1,1,1,1,1,0,,,,,,,,,,,,
1975,32,64,24,1,0,1,1,1,1,1,1,1,1,1,1,,,,,,,,,,,,
1976,32,64,24,1,0,1,1,1,1,0,1,1,1,1,1,,,,,,,,,,,,
1977,32,64,24,1,0,1,1,1,1,1,0,1,1,1,1,,,,,,,,,,,,
1978,32,64,24,1,0,1,1,1,1,1,1,0,1,1,1,,,,,,,,,,,,
1979,32,64,24,1,0,1,1,1,1,1,1,1,0,1,1,,,,,,,,,,,,
1980,32,64,24,1,0,1,1,1,1,1,1,1,1,0,1,,,,,,,,,,,,
1981,32,64,24,1,0,1,1,1,1,1,1,1,1,1,0,,,,,,,,,,,,
1982,32,64,24,1,1,0,1,1,1,1,1,1,1,1,1,,,,,,,,,,,,
1983,32,64,24,1,1,0,1,1,1,0,1,1,1,1,1,,,,,,,,,,,,
1984,32,64,24,1,1,0,1,1,1,1,0,1,1,1,1,,,,,,,,,,,,
1985,32,64,24,1,1,0,1,1,1,1,1,0,1,1,1,,,,,,,,,,,,
1986,32,64,24,1,1,0,1,1,1,1,1,1,0,1,1,,,,,,,,,,,,
1987,32,64,24,1,1,0,1,1,1,1,1,1,1,0,1,,,,,,,,,,,,
1988,32,64,24,1,1,0,1,1,1,1,1,1,1,1,0,,,,,,,,,,,,
1989,32,64,24,1,1,1,0,1,1,1,1,1,1,1,1,,,,,,,,,,,,
1990,32,64,24,1,1,1,0,1,1,0,1,1,1,1,1,,,,,,,,,,,,
1991,32,64,24,1,1,1,0,1,1,1,0,1,1,1,1,,,,,,,,,,,,
1992,32,64,24,1,1,1,0,1,1,1,1,0,1,1,1,,,,,,,,,,,,
1993,32,64,24,1,1,1,0,1,1,1,1,1,0,1,1,,,,,,,,,,,,
1994,32,64,24,1,1,1,0,1,1,1,1,1,1,0,1,,,,,,,,,,,,
1995,32,64,24,1,1,1,0,1,1,1,1,1,1,1,0,,,,,,,,,,,,
1996,32,64,24,1,1,1,1,0,1,1,1,1,1,1,1,,,,,,,,,,,,
1997,32,64,24,1,1,1,1,0,1,0,1,1,1,1,1,,,,,,,,,,,,
1998,32,64,24,1,1,1,1,0,1,1,0,1,1,1,1,,,,,,,,,,,,
1999,32,64,24,1,1,1,1,0,1,1,1,0,1,1,1,,,,,,,,,,,,
2000,32,64,24,1,1,1,1,0,1,1,1,1,0,1,1,,,,,,,,,,,,
2001,32,64,24,1,1,1,1,0,1,1,1,1,1,0,1,,,,,,,,,,,,
2002,32,64,24,1,1,1,1,0,1,1,1,1,1,1,0,,,,,,,,,,,,
2003,32,64,24,1,1,1,1,1,0,1,1,1,1,1,1,,,,,,,,,,,,
2004,32,64,24,1,1,1,1,1,0,0,1,1,1,1,1,,,,,,,,,,,,
2005,32,64,24,1,1,1,1,1,0,1,0,1,1,1,1,,,,,,,,,,,,
2006,32,64,24,1,1,1,1,1,0,1,1,0,1,1,1,,,,,,,,,,,,
2007,32,64,24,1,1,1,1,1,0,1,1,1,0,1,1,,,,,,,,,,,,
2008,32,64,24,1,1,1,1,1,0,1,1,1,1,0,1,,,,,,,,,,,,
2009,32,64,24,1,1,1,1,1,0,1,1,1,1,1,0,,,,,,,,,,,,
2010,24,24,24,1,1,1,1,1,1,1,1,1,1,1,1,,,,,,,,,,,,
2011,24,24,24,1,1,1,1,1,1,0,1,1,1,1,1,,,,,,,,,,,,
2012,24,24,24,1,1,1,1,1,1,1,0,1,1,1,1,,,,,,,,,,,,
2013,24,24,24,1,1,1,1,1,1,1,1,0,1,1,1,,,,,,,,,,,,
2014,24,24,24,1,1,1,1,1,1,1,1,1,0,1,1,,,,,,,,,,,,
2015,24,24,24,1,1,1,1,1,1,1,1,1,1,0,1,,,,,,,,,,,,
2016,24,24,24,1,1,1,1,1,1,1,1,1,1,1,0,,,,,,,,,,,,
2017,24,24,24,0,1,1,1,1,1,1,1,1,1,1,1,,,,,,,,,,,,
2018,24,24,24,0,1,1,1,1,1,0,1,1,1,1,1,,,,,,,,,,,,
2019,24,24,24,0,1,1,1,1,1,1,0,1,1,1,1,,,,,,,,,,,,
2020,24,24,24,0,1,1,1,1,1,1,1,0,1,1,1,,,,,,,,,,,,
2021,24,24,24,0,1,1,1,1,1,1,1,1,0,1,1,,,,,,,,,,,,
2022,24,24,24,0,1,1,1,1,1,1,1,1,1,0,1,,,,,,,,,,,,
2023,24,24,24,0,1,1,1,1,1,1,1,1,1,1,0,,,,,,,,,,,,
2024,24,24,24,1,0,1,1,1,1,1,1,1,1,1,1,,,,,,,,,,,,
2025,24,24,24,1,0,1,1,1,1,0,1,1,1,1,1,,,,,,,,,,,,
2026,24,24,24,1,0,1,1,1,1,1,0,1,1,1,1,,,,,,,,,,,,
2027,24,24,24,1,0,1,1,1,1,1,1,0,1,1,1,,,,,,,,,,,,
2028,24,24,24,1,0,1,1,1,1,1,1,1,0,1,1,,,,,,,,,,,,
2029,24,24,24,1,0,1,1,1,1,1,1,1,1,0,1,,,,,,,,,,,,
2030,24,24,24,1,0,1,1,1,1,1,1,1,1,1,0,,,,,,,,,,,,
2031,24,24,24,1,1,0,1,1,1,1,1,1,1,1,1,,,,,,,,,,,,
2032,24,24,24,1,1,0,1,1,1,0,1,1,1,1,1,,,,,,,,,,,,
2033,24,24,24,1,1,0,1,1,1,1,0,1,1,1,1,,,,,,,,,,,,
2034,24,24,24,1,1,0,1,1,1,1,1,0,1,1,1,,,,,,,,,,,,
2035,24,24,24,1,1,0,1,1,1,1,1,1,0,1,1,,,,,,,,,,,,
2036,24,24,24,1,1,0,1,1,1,1,1,1,1,0,1,,,,,,,,,,,,
2037,24,24,24,1,1,0,1,1,1,1,1,1,1,1,0,,,,,,,,,,,,
2038,24,24,24,1,1,1,0,1,1,1,1,1,1,1,1,,,,,,,,,,,,
2039,24,24,24,1,1,1,0,1,1,0,1,1,1,1,1,,,,,,,,,,,,
2040,24,24,24,1,1,1,0,1,1,1,0,1,1,1,1,,,,,,,,,,,,
2041,24,24,24,1,1,1,0,1,1,1,1,0,1,1,1,,,,,,,,,,,,
2042,24,24,24,1,1,1,0,1,1,1,1,1,0,1,1,,,,,,,,,,,,
2043,24,24,24,1,1,1,0,1,1,1,1,1,1,0,1,,,,,,,,,,,,
2044,24,24,24,1,1,1,0,1,1,1,1,1,1,1,0,,,,,,,,,,,,
2045,24,24,24,1,1,1,1,0,1,1,1,1,1,1,1,,,,,,,,,,,,
2046,24,24,24,1,1,1,1,0,1,0,1,1,1,1,1,,,,,,,,,,,,
2047,24,24,24,1,1,1,1,0,1,1,0,1,1,1,1,,,,,,,,,,,,
2048,24,24,24,1,1,1,1,0,1,1,1,0,1,1,1,,,,,,,,,,,,
2049,24,24,24,1,1,1,1,0,1,1,1,1,0,1,1,,,,,,,,,,,,
2050,24,24,24,1,1,1,1,0,1,1,1,1,1,0,1,,,,,,,,,,,,
2051,24,24,24,1,1,1,1,0,1,1,1,1,1,1,0,,,,,,,,,,,,
2052,24,24,24,1,1,1,1,1,0,1,1,1,1,1,1,,,,,,,,,,,,
2053,24,24,24,1,1,1,1,1,0,0,1,1,1,1,1,,,,,,,,,,,,
2054,24,24,24,1,1,1,1,1,0,1,0,1,1,1,1,,,,,,,,,,,,
2055,24,24,24,1,1,1,1,1,0,1,1,0,1,1,1,,,,,,,,,,,,
2056,24,24,24,1,1,1,1,1,0,1,1,1,0,1,1,,,,,,,,,,,,
2057,24,24,24,1,1,1,1,1,0,1,1,1,1,0,1,,,,,,,,,,,,
2058,24,24,24,1,1,1,1,1,0,1,1,1,1,1,0,,,,,,,,,,,,
2059,24,32,96,1,1,1,1,1,1,1,1,1,1,1,1,,,,,,,,,,,,
2060,24,32,96,1,1,1,1,1,1,0,1,1,1,1,1,,,,,,,,,,,,
2061,24,32,96,1,1,1,1,1,1,1,0,1,1,1,1,,,,,,,,,,,,
2062,24,32,96,1,1,1,1,1,1,1,1,0,1,1,1,,,,,,,,,,,,
2063,24,32,96,1,1,1,1,1,1,1,1,1,0,1,1,,,,,,,,,,,,
2064,24,32,96,1,1,1,1,1,1,1,1,1,1,0,1,,,,,,,,,,,,
2065,24,32,96,1,1,1,1,1,1,1,1,1,1,1,0,,,,,,,,,,,,
2066,24,32,96,0,1,1,1,1,1,1,1,1,1,1,1,,,,,,,,,,,,
2067,24,32,96,0,1,1,1,1,1,0,1,1,1,1,1,,,,,,,,,,,,
2068,24,32,96,0,1,1,1,1,1,1,0,1,1,1,1,,,,,,,,,,,,
2069,24,32,96,0,1,1,1,1,1,1,1,0,1,1,1,,,,,,,,,,,,
2070,24,32,96,0,1,1,1,1,1,1,1,1,0,1,1,,,,,,,,,,,,
2071,24,32,96,0,1,1,1,1,1,1,1,1,1,0,1,,,,,,,,,,,,
2072,24,32,96,0,1,1,1,1,1,1,1,1,1,1,0,,,,,,,,,,,,
2073,24,32,96,1,0,1,1,1,1,1,1,1,1,1,1,,,,,,,,,,,,
2074,24,32,96,1,0,1,1,1,1,0,1,1,1,1,1,,,,,,,,,,,,
2075,24,32,96,1,0,1,1,1,1,1,0,1,1,1,1,,,,,,,,,,,,
2076,24,32,96,1,0,1,1,1,1,1,1,0,1,1,1,,,,,,,,,,,,
2077,24,32,96,1,0,1,1,1,1,1,1,1,0,1,1,,,,,,,,,,,,
2078,24,32,96,1,0,1,1,1,1,1,1,1,1,0,1,,,,,,,,,,,,
2079,24,32,96,1,0,1,1,1,1,1,1,1,1,1,0,,,,,,,,,,,,
2080,24,32,96,1,1,0,1,1,1,1,1,1,1,1,1,,,,,,,,,,,,
2081,24,32,96,1,1,0,1,1,1,0,1,1,1,1,1,,,,,,,,,,,,
2082,24,32,96,1,1,0,1,1,1,1,0,1,1,1,1,,,,,,,,,,,,
2083,24,32,96,1,1,0,1,1,1,1,1,0,1,1,1,,,,,,,,,,,,
2084,24,32,96,1,1,0,1,1,1,1,1,1,0,1,1,,,,,,,,,,,,
2085,24,32,96,1,1,0,1,1,1,1,1,1,1,0,1,,,,,,,,,,,,
2086,24,32,96,1,1,0,1,1,1,1,1,1,1,1,0,,,,,,,,,,,,
2087,24,32,96,1,1,1,0,1,1,1,1,1,1,1,1,,,,,,,,,,,,
2088,24,32,96,1,1,1,0,1,1,0,1,1,1,1,1,,,,,,,,,,,,
2089,24,32,96,1,1,1,0,1,1,1,0,1,1,1,1,,,,,,,,,,,,
2090,24,32,96,1,1,1,0,1,1,1,1,0,1,1,1,,,,,,,,,,,,
2091,24,32,96,1,1,1,0,1,1,1,1,1,0,1,1,,,,,,,,,,,,
2092,24,32,96,1,1,1,0,1,1,1,1,1,1,0,1,,,,,,,,,,,,
2093,24,32,96,1,1,1,0,1,1,1,1,1,1,1,0,,,,,,,,,,,,
2094,24,32,96,1,1,1,1,0,1,1,1,1,1,1,1,,,,,,,,,,,,
2095,24,32,96,1,1,1,1,0,1,0,1,1,1,1,1,,,,,,,,,,,,
2096,24,32,96,1,1,1,1,0,1,1,0,1,1,1,1,,,,,,,,,,,,
2097,24,32,96,1,1,1,1,0,1,1,1,0,1,1,1,,,,,,,,,,,,
2098,24,32,96,1,1,1,1,0,1,1,1,1,0,1,1,,,,,,,,,,,,
2099,24,32,96,1,1,1,1,0,1,1,1,1,1,0,1,,,,,,,,,,,,
2100,24,32,96,1,1,1,1,0,1,1,1,1,1,1,0,,,,,,,,,,,,
2101,24,32,96,1,1,1,1,1,0,1,1,1,1,1,1,,,,,,,,,,,,
2102,24,32,96,1,1,1,1,1,0,0,1,1,1,1,1,,,,,,,,,,,,
2103,24,32,96,1,1,1,1,1,0,1,0,1,1,1,1,,,,,,,,,,,,
2104,24,32,96,1,1,1,1,1,0,1,1,0,1,1,1,,,,,,,,,,,,
2105,24,32,96,1,1,1,1,1,0,1,1,1,0,1,1,,,,,,,,,,,,
2106,24,32,96,1,1,1,1,1,0,1,1,1,1,0,1,,,,,,,,,,,,
2107,24,32,96,1,1,1,1,1,0,1,1,1,1,1,0,,,,,,,,,,,,
2108,32,32,24,1,1,1,1,1,1,1,1,1,1,1,1,,,,,,,,,,,,
2109,32,32,24,1,1,1,1,1,1,0,1,1,1,1,1,,,,,,,,,,,,
2110,32,32,24,1,1,1,1,1,1,1,0,1,1,1,1,,,,,,,,,,,,
2111,32,32,24,1,1,1,1,1,1,1,1,0,1,1,1,,,,,,,,,,,,
2112,32,32,24,1,1,1,1,1,1,1,1,1,0,1,1,,,,,,,,,,,,
2113,32,32,24,1,1,1,1,1,1,1,1,1,1,0,1,,,,,,,,,,,,
2114,32,32,24,1,1,1,1,1,1,1,1,1,1,1,0,,,,,,,,,,,,
2115,32,32,24,0,1,1,1,1,1,1,1,1,1,1,1,,,,,,,,,,,,
2116,32,32,24,0,1,1,1,1,1,0,1,1,1,1,1,,,,,,,,,,,,
2117,32,32,24,0,1,1,1,1,1,1,0,1,1,1,1,,,,,,,,,,,,
2118,32,32,24,0,1,1,1,1,1,1,1,0,1,1,1,,,,,,,,,,,,
2119,32,32,24,0,1,1,1,1,1,1,1,1,0,1,1,,,,,,,,,,,,
2120,32,32,24,0,1,1,1,1,1,1,1,1,1,0,1,,,,,,,,,,,,
2121,32,32,24,0,1,1,1,1,1,1,1,1,1,1,0,,,,,,,,,,,,
2122,32,32,24,1,0,1,1,1,1,1,1,1,1,1,1,,,,,,,,,,,,
2123,32,32,24,1,0,1,1,1,1,0,1,1,1,1,1,,,,,,,,,,,,
2124,32,32,24,1,0,1,1,1,1,1,0,1,1,1,1,,,,,,,,,,,,
2125,32,32,24,1,0,1,1,1,1,1,1,0,1,1,1,,,,,,,,,,,,
2126,32,32,24,1,0,1,1,1,1,1,1,1,0,1,1,,,,,,,,,,,,
2127,32,32,24,1,0,1,1,1,1,1,1,1,1,0,1,,,,,,,,,,,,
2128,32,32,24,1,0,1,1,1,1,1,1,1,1,1,0,,,,,,,,,,,,
2129,32,32,24,1,1,0,1,1,1,1,1,1,1,1,1,,,,,,,,,,,,
2130,32,32,24,1,1,0,1,1,1,0,1,1,1,1,1,,,,,,,,,,,,
2131,32,32,24,1,1,0,1,1,1,1,0,1,1,1,1,,,,,,,,,,,,
2132,32,32,24,1,1,0,1,1,1,1,1,0,1,1,1,,,,,,,,,,,,
2133,32,32,24,1,1,0,1,1,1,1,1,1,0,1,1,,,,,,,,,,,,
2134,32,32,24,1,1,0,1,1,1,1,1,1,1,0,1,,,,,,,,,,,,
2135,32,32,24,1,1,0,1,1,1,1,1,1,1,1,0,,,,,,,,,,,,
2136,32,32,24,1,1,1,0,1,1,1,1,1,1,1,1,,,,,,,,,,,,
2137,32,32,24,1,1,1,0,1,1,0,1,1,1,1,1,,,,,,,,,,,,
2138,32,32,24,1,1,1,0,1,1,1,0,1,1,1,1,,,,,,,,,,,,
2139,32,32,24,1,1,1,0,1,1,1,1,0,1,1,1,,,,,,,,,,,,
2140,32,32,24,1,1,1,0,1,1,1,1,1,0,1,1,,,,,,,,,,,,
2141,32,32,24,1,1,1,0,1,1,1,1,1,1,0,1,,,,,,,,,,,,
2142,32,32,24,1,1,1,0,1,1,1,1,1,1,1,0,,,,,,,,,,,,
2143,32,32,24,1,1,1,1,0,1,1,1,1,1,1,1,,,,,,,,,,,,
2144,32,32,24,1,1,1,1,0,1,0,1,1,1,1,1,,,,,,,,,,,,
2145,32,32,24,1,1,1,1,0,1,1,0,1,1,1,1,,,,,,,,,,,,
2146,32,32,24,1,1,1,1,0,1,1,1,0,1,1,1,,,,,,,,,,,,
2147,32,32,24,1,1,1,1,0,1,1,1,1,0,1,1,,,,,,,,,,,,
2148,32,32,24,1,1,1,1,0,1,1,1,1,1,0,1,,,,,,,,,,,,
2149,32,32,24,1,1,1,1,0,1,1,1,1,1,1,0,,,,,,,,,,,,
2150,32,32,24,1,1,1,1,1,0,1,1,1,1,1,1,,,,,,,,,,,,
2151,32,32,24,1,1,1,1,1,0,0,1,1,1,1,1,,,,,,,,,,,,
2152,32,32,24,1,1,1,1,1,0,1,0,1,1,1,1,,,,,,,,,,,,
2153,32,32,24,1,1,1,1,1,0,1,1,0,1,1,1,,,,,,,,,,,,
2154,32,32,24,1,1,1,1,1,0,1,1,1,0,1,1,,,,,,,,,,,,
2155,32,32,24,1,1,1,1,1,0,1,1,1,1,0,1,,,,,,,,,,,,
2156,32,32,24,1,1,1,1,1,0,1,1,1,1,1,0,,,,,,,,,,,,
2157,32,48,16,1,1,1,1,1,1,1,1,1,1,1,1,,,,,,,,,,,,
2158,32,48,16,1,1,1,1,1,1,0,1,1,1,1,1,,,,,,,,,,,,
2159,32,48,16,1,1,1,1,1,1,1,0,1,1,1,1,,,,,,,,,,,,
2160,32,48,16,1,1,1,1,1,1,1,1,0,1,1,1,,,,,,,,,,,,
2161,32,48,16,1,1,1,1,1,1,1,1,1,0,1,1,,,,,,,,,,,,
2162,32,48,16,1,1,1,1,1,1,1,1,1,1,0,1,,,,,,,,,,,,
2163,32,48,16,1,1,1,1,1,1,1,1,1,1,1,0,,,,,,,,,,,,
2164,32,48,16,0,1,1,1,1,1,1,1,1,1,1,1,,,,,,,,,,,,
2165,32,48,16,0,1,1,1,1,1,0,1,1,1,1,1,,,,,,,,,,,,
2166,32,48,16,0,1,1,1,1,1,1,0,1,1,1,1,,,,,,,,,,,,
2167,32,48,16,0,1,1,1,1,1,1,1,0,1,1,1,,,,,,,,,,,,
2168,32,48,16,0,1,1,1,1,1,1,1,1,0,1,1,,,,,,,,,,,,
2169,32,48,16,0,1,1,1,1,1,1,1,1,1,0,1,,,,,,,,,,,,
2170,32,48,16,0,1,1,1,1,1,1,1,1,1,1,0,,,,,,,,,,,,
2171,32,48,16,1,0,1,1,1,1,1,1,1,1,1,1,,,,,,,,,,,,
2172,32,48,16,1,0,1,1,1,1,0,1,1,1,1,1,,,,,,,,,,,,
2173,32,48,16,1,0,1,1,1,1,1,0,1,1,1,1,,,,,,,,,,,,
2174,32,48,16,1,0,1,1,1,1,1,1,0,1,1,1,,,,,,,,,,,,
2175,32,48,16,1,0,1,1,1,1,1,1,1,0,1,1,,,,,,,,,,,,
2176,32,48,16,1,0,1,1,1,1,1,1,1,1,0,1,,,,,,,,,,,,
2177,32,48,16,1,0,1,1,1,1,1,1,1,1,1,0,,,,,,,,,,,,
2178,32,48,16,1,1,0,1,1,1,1,1,1,1,1,1,,,,,,,,,,,,
2179,32,48,16,1,1,0,1,1,1,0,1,1,1,1,1,,,,,,,,,,,,
2180,32,48,16,1,1,0,1,1,1,1,0,1,1,1,1,,,,,,,,,,,,
2181,32,48,16,1,1,0,1,1,1,1,1,0,1,1,1,,,,,,,,,,,,
2182,32,48,16,1,1,0,1,1,1,1,1,1,0,1,1,,,,,,,,,,,,
2183,32,48,16,1,1,0,1,1,1,1,1,1,1,0,1,,,,,,,,,,,,
2184,32,48,16,1,1,0,1,1,1,1,1,1,1,1,0,,,,,,,,,,,,
2185,32,48,16,1,1,1,0,1,1,1,1,1,1,1,1,,,,,,,,,,,,
2186,32,48,16,1,1,1,0,1,1,0,1,1,1,1,1,,,,,,,,,,,,
2187,32,48,16,1,1,1,0,1,1,1,0,1,1,1,1,,,,,,,,,,,,
2188,32,48,16,1,1,1,0,1,1,1,1,0,1,1,1,,,,,,,,,,,,
2189,32,48,16,1,1,1,0,1,1,1,1,1,0,1,1,,,,,,,,,,,,
2190,32,48,16,1,1,1,0,1,1,1,1,1,1,0,1,,,,,,,,,,,,
2191,32,48,16,1,1,1,0,1,1,1,1,1,1,1,0,,,,,,,,,,,,
2192,32,48,16,1,1,1,1,0,1,1,1,1,1,1,1,,,,,,,,,,,,
2193,32,48,16,1,1,1,1,0,1,0,1,1,1,1,1,,,,,,,,,,,,
2194,32,48,16,1,1,1,1,0,1,1,0,1,1,1,1,,,,,,,,,,,,
2195,32,48,16,1,1,1,1,0,1,1,1,0,1,1,1,,,,,,,,,,,,
2196,32,48,16,1,1,1,1,0,1,1,1,1,0,1,1,,,,,,,,,,,,
2197,32,48,16,1,1,1,1,0,1,1,1,1,1,0,1,,,,,,,,,,,,
2198,32,48,16,1,1,1,1,0,1,1,1,1,1,1,0,,,,,,,,,,,,
2199,32,48,16,1,1,1,1,1,0,1,1,1,1,1,1,,,,,,,,,,,,
2200,32,48,16,1,1,1,1,1,0,0,1,1,1,1,1,,,,,,,,,,,,
2201,32,48,16,1,1,1,1,1,0,1,0,1,1,1,1,,,,,,,,,,,,
2202,32,48,16,1,1,1,1,1,0,1,1,0,1,1,1,,,,,,,,,,,,
2203,32,48,16,1,1,1,1,1,0,1,1,1,0,1,1,,,,,,,,,,,,
2204,32,48,16,1,1,1,1,1,0,1,1,1,1,0,1,,,,,,,,,,,,
2205,32,48,16,1,1,1,1,1,0,1,1,1,1,1,0,,,,,,,,,,,,
2206,32,16,96,1,1,1,1,1,1,1,1,1,1,1,1,,,,,,,,,,,,
2207,32,16,96,1,1,1,1,1,1,0,1,1,1,1,1,,,,,,,,,,,,
2208,32,16,96,1,1,1,1,1,1,1,0,1,1,1,1,,,,,,,,,,,,
2209,32,16,96,1,1,1,1,1,1,1,1,0,1,1,1,,,,,,,,,,,,
2210,32,16,96,1,1,1,1,1,1,1,1,1,0,1,1,,,,,,,,,,,,
2211,32,16,96,1,1,1,1,1,1,1,1,1,1,0,1,,,,,,,,,,,,
2212,32,16,96,1,1,1,1,1,1,1,1,1,1,1,0,,,,,,,,,,,,
2213,32,16,96,0,1,1,1,1,1,1,1,1,1,1,1,,,,,,,,,,,,
2214,32,16,96,0,1,1,1,1,1,0,1,1,1,1,1,,,,,,,,,,,,
2215,32,16,96,0,1,1,1,1,1,1,0,1,1,1,1,,,,,,,,,,,,
2216,32,16,96,0,1,1,1,1,1,1,1,0,1,1,1,,,,,,,,,,,,
2217,32,16,96,0,1,1,1,1,1,1,1,1,0,1,1,,,,,,,,,,,,
2218,32,16,96,0,1,1,1,1,1,1,1,1,1,0,1,,,,,,,,,,,,
2219,32,16,96,0,1,1,1,1,1,1,1,1,1,1,0,,,,,,,,,,,,
2220,32,16,96,1,0,1,1,1,1,1,1,1,1,1,1,,,,,,,,,,,,
2221,32,16,96,1,0,1,1,1,1,0,1,1,1,1,1,,,,,,,,,,,,
2222,32,16,96,1,0,1,1,1,1,1,0,1,1,1,1,,,,,,,,,,,,
2223,32,16,96,1,0,1,1,1,1,1,1,0,1,1,1,,,,,,,,,,,,
2224,32,16,96,1,0,1,1,1,1,1,1,1,0,1,1,,,,,,,,,,,,
2225,32,16,96,1,0,1,1,1,1,1,1,1,1,0,1,,,,,,,,,,,,
2226,32,16,96,1,0,1,1,1,1,1,1,1,1,1,0,,,,,,,,,,,,
2227,32,16,96,1,1,0,1,1,1,1,1,1,1,1,1,,,,,,,,,,,,
2228,32,16,96,1,1,0,1,1,1,0,1,1,1,1,1,,,,,,,,,,,,
2229,32,16,96,1,1,0,1,1,1,1,0,1,1,1,1,,,,,,,,,,,,
2230,32,16,96,1,1,0,1,1,1,1,1,0,1,1,1,,,,,,,,,,,,
2231,32,16,96,1,1,0,1,1,1,1,1,1,0,1,1,,,,,,,,,,,,
2232,32,16,96,1,1,0,1,1,1,1,1,1,1,0,1,,,,,,,,,,,,
2233,32,16,96,1,1,0,1,1,1,1,1,1,1,1,0,,,,,,,,,,,,
2234,32,16,96,1,1,1,0,1,1,1,1,1,1,1,1,,,,,,,,,,,,
2235,32,16,96,1,1,1,0,1,1,0,1,1,1,1,1,,,,,,,,,,,,
2236,32,16,96,1,1,1,0,1,1,1,0,1,1,1,1,,,,,,,,,,,,
2237,32,16,96,1,1,1,0,1,1,1,1,0,1,1,1,,,,,,,,,,,,
2238,32,16,96,1,1,1,0,1,1,1,1,1,0,1,1,,,,,,,,,,,,
2239,32,16,96,1,1,1,0,1,1,1,1,1,1,0,1,,,,,,,,,,,,
2240,32,16,96,1,1,1,0,1,1,1,1,1,1,1,0,,,,,,,,,,,,
2241,32,16,96,1,1,1,1,0,1,1,1,1,1,1,1,,,,,,,,,,,,
2242,32,16,96,1,1,1,1,0,1,0,1,1,1,1,1,,,,,,,,,,,,
2243,32,16,96,1,1,1,1,0,1,1,0,1,1,1,1,,,,,,,,,,,,
2244,32,16,96,1,1,1,1,0,1,1,1,0,1,1,1,,,,,,,,,,,,
2245,32,16,96,1,1,1,1,0,1,1,1,1,0,1,1,,,,,,,,,,,,
2246,32,16,96,1,1,1,1,0,1,1,1,1,1,0,1,,,,,,,,,,,,
2247,32,16,96,1,1,1,1,0,1,1,1,1,1,1,0,,,,,,,,,,,,
2248,32,16,96,1,1,1,1,1,0,1,1,1,1,1,1,,,,,,,,,,,,
2249,32,16,96,1,1,1,1,1,0,0,1,1,1,1,1,,,,,,,,,,,,
2250,32,16,96,1,1,1,1,1,0,1,0,1,1,1,1,,,,,,,,,,,,
2251,32,16,96,1,1,1,1,1,0,1,1,0,1,1,1,,,,,,,,,,,,
2252,32,16,96,1,1,1,1,1,0,1,1,1,0,1,1,,,,,,,,,,,,
2253,32,16,96,1,1,1,1,1,0,1,1,1,1,0,1,,,,,,,,,,,,
2254,32,16,96,1,1,1,1,1,0,1,1,1,1,1,0,,,,,,,,,,,,
2255,24,32,24,1,1,1,1,1,1,1,1,1,1,1,1,,,,,,,,,,,,
2256,24,32,24,1,1,1,1,1,1,0,1,1,1,1,1,,,,,,,,,,,,
2257,24,32,24,1,1,1,1,1,1,1,0,1,1,1,1,,,,,,,,,,,,
2258,24,32,24,1,1,1,1,1,1,1,1,0,1,1,1,,,,,,,,,,,,
2259,24,32,24,1,1,1,1,1,1,1,1,1,0,1,1,,,,,,,,,,,,
2260,24,32,24,1,1,1,1,1,1,1,1,1,1,0,1,,,,,,,,,,,,
2261,24,32,24,1,1,1,1,1,1,1,1,1,1,1,0,,,,,,,,,,,,
2262,24,32,24,0,1,1,1,1,1,1,1,1,1,1,1,,,,,,,,,,,,
2263,24,32,24,0,1,1,1,1,1,0,1,1,1,1,1,,,,,,,,,,,,
2264,24,32,24,0,1,1,1,1,1,1,0,1,1,1,1,,,,,,,,,,,,
2265,24,32,24,0,1,1,1,1,1,1,1,0,1,1,1,,,,,,,,,,,,
2266,24,32,24,0,1,1,1,1,1,1,1,1,0,1,1,,,,,,,,,,,,
2267,24,32,24,0,1,1,1,1,1,1,1,1,1,0,1,,,,,,,,,,,,
2268,24,32,24,0,1,1,1,1,1,1,1,1,1,1,0,,,,,,,,,,,,
2269,24,32,24,1,0,1,1,1,1,1,1,1,1,1,1,,,,,,,,,,,,
2270,24,32,24,1,0,1,1,1,1,0,1,1,1,1,1,,,,,,,,,,,,
2271,24,32,24,1,0,1,1,1,1,1,0,1,1,1,1,,,,,,,,,,,,
2272,24,32,24,1,0,1,1,1,1,1,1,0,1,1,1,,,,,,,,,,,,
2273,24,32,24,1,0,1,1,1,1,1,1,1,0,1,1,,,,,,,,,,,,
2274,24,32,24,1,0,1,1,1,1,1,1,1,1,0,1,,,,,,,,,,,,
2275,24,32,24,1,0,1,1,1,1,1,1,1,1,1,0,,,,,,,,,,,,
2276,24,32,24,1,1,0,1,1,1,1,1,1,1,1,1,,,,,,,,,,,,
2277,24,32,24,1,1,0,1,1,1,0,1,1,1,1,1,,,,,,,,,,,,
2278,24,32,24,1,1,0,1,1,1,1,0,1,1,1,1,,,,,,,,,,,,
2279,24,32,24,1,1,0,1,1,1,1,1,0,1,1,1,,,,,,,,,,,,
2280,24,32,24,1,1,0,1,1,1,1,1,1,0,1,1,,,,,,,,,,,,
2281,24,32,24,1,1,0,1,1,1,1,1,1,1,0,1,,,,,,,,,,,,
2282,24,32,24,1,1,0,1,1,1,1,1,1,1,1,0,,,,,,,,,,,,
2283,24,32,24,1,1,1,0,1,1,1,1,1,1,1,1,,,,,,,,,,,,
2284,24,32,24,1,1,1,0,1,1,0,1,1,1,1,1,,,,,,,,,,,,
2285,24,32,24,1,1,1,0,1,1,1,0,1,1,1,1,,,,,,,,,,,,
2286,24,32,24,1,1,1,0,1,1,1,1,0,1,1,1,,,,,,,,,,,,
2287,24,32,24,1,1,1,0,1,1,1,1,1,0,1,1,,,,,,,,,,,,
2288,24,32,24,1,1,1,0,1,1,1,1,1,1,0,1,,,,,,,,,,,,
2289,24,32,24,1,1,1,0,1,1,1,1,1,1,1,0,,,,,,,,,,,,
2290,24,32,24,1,1,1,1,0,1,1,1,1,1,1,1,,,,,,,,,,,,
2291,24,32,24,1,1,1,1,0,1,0,1,1,1,1,1,,,,,,,,,,,,
2292,24,32,24,1,1,1,1,0,1,1,0,1,1,1,1,,,,,,,,,,,,
2293,24,32,24,1,1,1,1,0,1,1,1,0,1,1,1,,,,,,,,,,,,
2294,24,32,24,1,1,1,1,0,1,1,1,1,0,1,1,,,,,,,,,,,,
2295,24,32,24,1,1,1,1,0,1,1,1,1,1,0,1,,,,,,,,,,,,
2296,24,32,24,1,1,1,1,0,1,1,1,1,1,1,0,,,,,,,,,,,,
2297,24,32,24,1,1,1,1,1,0,1,1,1,1,1,1,,,,,,,,,,,,
2298,24,32,24,1,1,1,1,1,0,0,1,1,1,1,1,,,,,,,,,,,,
2299,24,32,24,1,1,1,1,1,0,1,0,1,1,1,1,,,,,,,,,,,,
2300,24,32,24,1,1,1,1,1,0,1,1,0,1,1,1,,,,,,,,,,,,
2301,24,32,24,1,1,1,1,1,0,1,1,1,0,1,1,,,,,,,,,,,,
2302,24,32,24,1,1,1,1,1,0,1,1,1,1,0,1,,,,,,,,,,,,
2303,24,32,24,1,1,1,1,1,0,1,1,1,1,1,0,,,,,,,,,,,,
2304,32,16,64,1,1,1,1,1,1,1,1,1,1,1,1,,,,,,,,,,,,
2305,32,16,64,1,1,1,1,1,1,0,1,1,1,1,1,,,,,,,,,,,,
2306,32,16,64,1,1,1,1,1,1,1,0,1,1,1,1,,,,,,,,,,,,
2307,32,16,64,1,1,1,1,1,1,1,1,0,1,1,1,,,,,,,,,,,,
2308,32,16,64,1,1,1,1,1,1,1,1,1,0,1,1,,,,,,,,,,,,
2309,32,16,64,1,1,1,1,1,1,1,1,1,1,0,1,,,,,,,,,,,,
2310,32,16,64,1,1,1,1,1,1,1,1,1,1,1,0,,,,,,,,,,,,
2311,32,16,64,0,1,1,1,1,1,1,1,1,1,1,1,,,,,,,,,,,,
2312,32,16,64,0,1,1,1,1,1,0,1,1,1,1,1,,,,,,,,,,,,
2313,32,16,64,0,1,1,1,1,1,1,0,1,1,1,1,,,,,,,,,,,,
2314,32,16,64,0,1,1,1,1,1,1,1,0,1,1,1,,,,,,,,,,,,
2315,32,16,64,0,1,1,1,1,1,1,1,1,0,1,1,,,,,,,,,,,,
2316,32,16,64,0,1,1,1,1,1,1,1,1,1,0,1,,,,,,,,,,,,
2317,32,16,64,0,1,1,1,1,1,1,1,1,1,1,0,,,,,,,,,,,,
2318,32,16,64,1,0,1,1,1,1,1,1,1,1,1,1,,,,,,,,,,,,
2319,32,16,64,1,0,1,1,1,1,0,1,1,1,1,1,,,,,,,,,,,,
2320,32,16,64,1,0,1,1,1,1,1,0,1,1,1,1,,,,,,,,,,,,
2321,32,16,64,1,0,1,1,1,1,1,1,0,1,1,1,,,,,,,,,,,,
2322,32,16,64,1,0,1,1,1,1,1,1,1,0,1,1,,,,,,,,,,,,
2323,32,16,64,1,0,1,1,1,1,1,1,1,1,0,1,,,,,,,,,,,,
2324,32,16,64,1,0,1,1,1,1,1,1,1,1,1,0,,,,,,,,,,,,
2325,32,16,64,1,1,0,1,1,1,1,1,1,1,1,1,,,,,,,,,,,,
2326,32,16,64,1,1,0,1,1,1,0,1,1,1,1,1,,,,,,,,,,,,
2327,32,16,64,1,1,0,1,1,1,1,0,1,1,1,1,,,,,,,,,,,,
2328,32,16,64,1,1,0,1,1,1,1,1,0,1,1,1,,,,,,,,,,,,
2329,32,16,64,1,1,0,1,1,1,1,1,1,0,1,1,,,,,,,,,,,,
2330,32,16,64,1,1,0,1,1,1,1,1,1,1,0,1,,,,,,,,,,,,
2331,32,16,64,1,1,0,1,1,1,1,1,1,1,1,0,,,,,,,,,,,,
2332,32,16,64,1,1,1,0,1,1,1,1,1,1,1,1,,,,,,,,,,,,
2333,32,16,64,1,1,1,0,1,1,0,1,1,1,1,1,,,,,,,,,,,,
2334,32,16,64,1,1,1,0,1,1,1,0,1,1,1,1,,,,,,,,,,,,
2335,32,16,64,1,1,1,0,1,1,1,1,0,1,1,1,,,,,,,,,,,,
2336,32,16,64,1,1,1,0,1,1,1,1,1,0,1,1,,,,,,,,,,,,
2337,32,16,64,1,1,1,0,1,1,1,1,1,1,0,1,,,,,,,,,,,,
2338,32,16,64,1,1,1,0,1,1,1,1,1,1,1,0,,,,,,,,,,,,
2339,32,16,64,1,1,1,1,0,1,1,1,1,1,1,1,,,,,,,,,,,,
2340,32,16,64,1,1,1,1,0,1,0,1,1,1,1,1,,,,,,,,,,,,
2341,32,16,64,1,1,1,1,0,1,1,0,1,1,1,1,,,,,,,,,,,,
2342,32,16,64,1,1,1,1,0,1,1,1,0,1,1,1,,,,,,,,,,,,
2343,32,16,64,1,1,1,1,0,1,1,1,1,0,1,1,,,,,,,,,,,,
2344,32,16,64,1,1,1,1,0,1,1,1,1,1,0,1,,,,,,,,,,,,
2345,32,16,64,1,1,1,1,0,1,1,1,1,1,1,0,,,,,,,,,,,,
2346,32,16,64,1,1,1,1,1,0,1,1,1,1,1,1,,,,,,,,,,,,
2347,32,16,64,1,1,1,1,1,0,0,1,1,1,1,1,,,,,,,,,,,,
2348,32,16,64,1,1,1,1,1,0,1,0,1,1,1,1,,,,,,,,,,,,
2349,32,16,64,1,1,1,1,1,0,1,1,0,1,1,1,,,,,,,,,,,,
2350,32,16,64,1,1,1,1,1,0,1,1,1,0,1,1,,,,,,,,,,,,
2351,32,16,64,1,1,1,1,1,0,1,1,1,1,0,1,,,,,,,,,,,,
2352,32,16,64,1,1,1,1,1,0,1,1,1,1,1,0,,,,,,,,,,,,
2353,32,32,32,1,1,1,1,1,1,1,1,1,1,1,1,,,,,,,,,,,,
2354,32,32,32,1,1,1,1,1,1,0,1,1,1,1,1,,,,,,,,,,,,
2355,32,32,32,1,1,1,1,1,1,1,0,1,1,1,1,,,,,,,,,,,,
2356,32,32,32,1,1,1,1,1,1,1,1,0,1,1,1,,,,,,,,,,,,
2357,32,32,32,1,1,1,1,1,1,1,1,1,0,1,1,,,,,,,,,,,,
2358,32,32,32,1,1,1,1,1,1,1,1,1,1,0,1,,,,,,,,,,,,
2359,32,32,32,1,1,1,1,1,1,1,1,1,1,1,0,,,,,,,,,,,,
2360,32,32,32,0,1,1,1,1,1,1,1,1,1,1,1,,,,,,,,,,,,
2361,32,32,32,0,1,1,1,1,1,0,1,1,1,1,1,,,,,,,,,,,,
2362,32,32,32,0,1,1,1,1,1,1,0,1,1,1,1,,,,,,,,,,,,
2363,32,32,32,0,1,1,1,1,1,1,1,0,1,1,1,,,,,,,,,,,,
2364,32,32,32,0,1,1,1,1,1,1,1,1,0,1,1,,,,,,,,,,,,
2365,32,32,32,0,1,1,1,1,1,1,1,1,1,0,1,,,,,,,,,,,,
2366,32,32,32,0,1,1,1,1,1,1,1,1,1,1,0,,,,,,,,,,,,
2367,32,32,32,1,0,1,1,1,1,1,1,1,1,1,1,,,,,,,,,,,,
2368,32,32,32,1,0,1,1,1,1,0,1,1,1,1,1,,,,,,,,,,,,
2369,32,32,32,1,0,1,1,1,1,1,0,1,1,1,1,,,,,,,,,,,,
2370,32,32,32,1,0,1,1,1,1,1,1,0,1,1,1,,,,,,,,,,,,
2371,32,32,32,1,0,1,1,1,1,1,1,1,0,1,1,,,,,,,,,,,,
2372,32,32,32,1,0,1,1,1,1,1,1,1,1,0,1,,,,,,,,,,,,
2373,32,32,32,1,0,1,1,1,1,1,1,1,1,1,0,,,,,,,,,,,,
2374,32,32,32,1,1,0,1,1,1,1,1,1,1,1,1,,,,,,,,,,,,
2375,32,32,32,1,1,0,1,1,1,0,1,1,1,1,1,,,,,,,,,,,,
2376,32,32,32,1,1,0,1,1,1,1,0,1,1,1,1,,,,,,,,,,,,
2377,32,32,32,1,1,0,1,1,1,1,1,0,1,1,1,,,,,,,,,,,,
2378,32,32,32,1,1,0,1,1,1,1,1,1,0,1,1,,,,,,,,,,,,
2379,32,32,32,1,1,0,1,1,1,1,1,1,1,0,1,,,,,,,,,,,,
2380,32,32,32,1,1,0,1,1,1,1,1,1,1,1,0,,,,,,,,,,,,
2381,32,32,32,1,1,1,0,1,1,1,1,1,1,1,1,,,,,,,,,,,,
2382,32,32,32,1,1,1,0,1,1,0,1,1,1,1,1,,,,,,,,,,,,
2383,32,32,32,1,1,1,0,1,1,1,0,1,1,1,1,,,,,,,,,,,,
2384,32,32,32,1,1,1,0,1,1,1,1,0,1,1,1,,,,,,,,,,,,
2385,32,32,32,1,1,1,0,1,1,1,1,1,0,1,1,,,,,,,,,,,,
2386,32,32,32,1,1,1,0,1,1,1,1,1,1,0,1,,,,,,,,,,,,
2387,32,32,32,1,1,1,0,1,1,1,1,1,1,1,0,,,,,,,,,,,,
2388,32,32,32,1,1,1,1,0,1,1,1,1,1,1,1,,,,,,,,,,,,
2389,32,32,32,1,1,1,1,0,1,0,1,1,1,1,1,,,,,,,,,,,,
2390,32,32,32,1,1,1,1,0,1,1,0,1,1,1,1,,,,,,,,,,,,
2391,32,32,32,1,1,1,1,0,1,1,1,0,1,1,1,,,,,,,,,,,,
2392,32,32,32,1,1,1,1,0,1,1,1,1,0,1,1,,,,,,,,,,,,
2393,32,32,32,1,1,1,1,0,1,1,1,1,1,0,1,,,,,,,,,,,,
2394,32,32,32,1,1,1,1,0,1,1,1,1,1,1,0,,,,,,,,,,,,
2395,32,32,32,1,1,1,1,1,0,1,1,1,1,1,1,,,,,,,,,,,,
2396,32,32,32,1,1,1,1,1,0,0,1,1,1,1,1,,,,,,,,,,,,
2397,32,32,32,1,1,1,1,1,0,1,0,1,1,1,1,,,,,,,,,,,,
2398,32,32,32,1,1,1,1,1,0,1,1,0,1,1,1,,,,,,,,,,,,
2399,32,32,32,1,1,1,1,1,0,1,1,1,0,1,1,,,,,,,,,,,,
2400,32,32,32,1,1,1,1,1,0,1,1,1,1,0,1,,,,,,,,,,,,
2401,32,32,32,1,1,1,1,1,0,1,1,1,1,1,0,,,,,,,,,,,,
2402,32,64,96,1,1,1,1,1,1,1,1,1,1,1,1,,,,,,,,,,,,
2403,32,64,96,1,1,1,1,1,1,0,1,1,1,1,1,,,,,,,,,,,,
2404,32,64,96,1,1,1,1,1,1,1,0,1,1,1,1,,,,,,,,,,,,
2405,32,64,96,1,1,1,1,1,1,1,1,0,1,1,1,,,,,,,,,,,,
2406,32,64,96,1,1,1,1,1,1,1,1,1,0,1,1,,,,,,,,,,,,
2407,32,64,96,1,1,1,1,1,1,1,1,1,1,0,1,,,,,,,,,,,,
2408,32,64,96,1,1,1,1,1,1,1,1,1,1,1,0,,,,,,,,,,,,
2409,32,64,96,0,1,1,1,1,1,1,1,1,1,1,1,,,,,,,,,,,,
2410,32,64,96,0,1,1,1,1,1,0,1,1,1,1,1,,,,,,,,,,,,
2411,32,64,96,0,1,1,1,1,1,1,0,1,1,1,1,,,,,,,,,,,,
2412,32,64,96,0,1,1,1,1,1,1,1,0,1,1,1,,,,,,,,,,,,
2413,32,64,96,0,1,1,1,1,1,1,1,1,0,1,1,,,,,,,,,,,,
2414,32,64,96,0,1,1,1,1,1,1,1,1,1,0,1,,,,,,,,,,,,
2415,32,64,96,0,1,1,1,1,1,1,1,1,1,1,0,,,,,,,,,,,,
2416,32,64,96,1,0,1,1,1,1,1,1,1,1,1,1,,,,,,,,,,,,
2417,32,64,96,1,0,1,1,1,1,0,1,1,1,1,1,,,,,,,,,,,,
2418,32,64,96,1,0,1,1,1,1,1,0,1,1,1,1,,,,,,,,,,,,
2419,32,64,96,1,0,1,1,1,1,1,1,0,1,1,1,,,,,,,,,,,,
2420,32,64,96,1,0,1,1,1,1,1,1,1,0,1,1,,,,,,,,,,,,
2421,32,64,96,1,0,1,1,1,1,1,1,1,1,0,1,,,,,,,,,,,,
2422,32,64,96,1,0,1,1,1,1,1,1,1,1,1,0,,,,,,,,,,,,
2423,32,64,96,1,1,0,1,1,1,1,1,1,1,1,1,,,,,,,,,,,,
2424,32,64,96,1,1,0,1,1,1,0,1,1,1,1,1,,,,,,,,,,,,
2425,32,64,96,1,1,0,1,1,1,1,0,1,1,1,1,,,,,,,,,,,,
2426,32,64,96,1,1,0,1,1,1,1,1,0,1,1,1,,,,,,,,,,,,
2427,32,64,96,1,1,0,1,1,1,1,1,1,0,1,1,,,,,,,,,,,,
2428,32,64,96,1,1,0,1,1,1,1,1,1,1,0,1,,,,,,,,,,,,
2429,32,64,96,1,1,0,1,1,1,1,1,1,1,1,0,,,,,,,,,,,,
2430,32,64,96,1,1,1,0,1,1,1,1,1,1,1,1,,,,,,,,,,,,
2431,32,64,96,1,1,1,0,1,1,0,1,1,1,1,1,,,,,,,,,,,,
2432,32,64,96,1,1,1,0,1,1,1,0,1,1,1,1,,,,,,,,,,,,
2433,32,64,96,1,1,1,0,1,1,1,1,0,1,1,1,,,,,,,,,,,,
2434,32,64,96,1,1,1,0,1,1,1,1,1,0,1,1,,,,,,,,,,,,
2435,32,64,96,1,1,1,0,1,1,1,1,1,1,0,1,,,,,,,,,,,,
2436,32,64,96,1,1,1,0,1,1,1,1,1,1,1,0,,,,,,,,,,,,
2437,32,64,96,1,1,1,1,0,1,1,1,1,1,1,1,,,,,,,,,,,,
2438,32,64,96,1,1,1,1,0,1,0,1,1,1,1,1,,,,,,,,,,,,
2439,32,64,96,1,1,1,1,0,1,1,0,1,1,1,1,,,,,,,,,,,,
2440,32,64,96,1,1,1,1,0,1,1,1,0,1,1,1,,,,,,,,,,,,
2441,32,64,96,1,1,1,1,0,1,1,1,1,0,1,1,,,,,,,,,,,,
2442,32,64,96,1,1,1,1,0,1,1,1,1,1,0,1,,,,,,,,,,,,
2443,32,64,96,1,1,1,1,0,1,1,1,1,1,1,0,,,,,,,,,,,,
2444,32,64,96,1,1,1,1,1,0,1,1,1,1,1,1,,,,,,,,,,,,
2445,32,64,96,1,1,1,1,1,0,0,1,1,1,1,1,,,,,,,,,,,,
2446,32,64,96,1,1,1,1,1,0,1,0,1,1,1,1,,,,,,,,,,,,
2447,32,64,96,1,1,1,1,1,0,1,1,0,1,1,1,,,,,,,,,,,,
2448,32,64,96,1,1,1,1,1,0,1,1,1,0,1,1,,,,,,,,,,,,
2449,32,64,96,1,1,1,1,1,0,1,1,1,1,0,1,,,,,,,,,,,,
2450,32,64,96,1,1,1,1,1,0,1,1,1,1,1,0,,,,,,,,,,,,
2451,64,16,32,1,1,1,1,1,1,1,1,1,1,1,1,,,,,,,,,,,,
2452,64,16,32,1,1,1,1,1,1,0,1,1,1,1,1,,,,,,,,,,,,
2453,64,16,32,1,1,1,1,1,1,1,0,1,1,1,1,,,,,,,,,,,,
2454,64,16,32,1,1,1,1,1,1,1,1,0,1,1,1,,,,,,,,,,,,
2455,64,16,32,1,1,1,1,1,1,1,1,1,0,1,1,,,,,,,,,,,,
2456,64,16,32,1,1,1,1,1,1,1,1,1,1,0,1,,,,,,,,,,,,
2457,64,16,32,1,1,1,1,1,1,1,1,1,1,1,0,,,,,,,,,,,,
2458,64,16,32,0,1,1,1,1,1,1,1,1,1,1,1,,,,,,,,,,,,
2459,64,16,32,0,1,1,1,1,1,0,1,1,1,1,1,,,,,,,,,,,,
2460,64,16,32,0,1,1,1,1,1,1,0,1,1,1,1,,,,,,,,,,,,
2461,64,16,32,0,1,1,1,1,1,1,1,0,1,1,1,,,,,,,,,,,,
2462,64,16,32,0,1,1,1,1,1,1,1,1,0,1,1,,,,,,,,,,,,
2463,64,16,32,0,1,1,1,1,1,1,1,1,1,0,1,,,,,,,,,,,,
2464,64,16,32,0,1,1,1,1,1,1,1,1,1,1,0,,,,,,,,,,,,
2465,64,16,32,1,0,1,1,1,1,1,1,1,1,1,1,,,,,,,,,,,,
2466,64,16,32,1,0,1,1,1,1,0,1,1,1,1,1,,,,,,,,,,,,
2467,64,16,32,1,0,1,1,1,1,1,0,1,1,1,1,,,,,,,,,,,,
2468,64,16,32,1,0,1,1,1,1,1,1,0,1,1,1,,,,,,,,,,,,
2469,64,16,32,1,0,1,1,1,1,1,1,1,0,1,1,,,,,,,,,,,,
2470,64,16,32,1,0,1,1,1,1,1,1,1,1,0,1,,,,,,,,,,,,
2471,64,16,32,1,0,1,1,1,1,1,1,1,1,1,0,,,,,,,,,,,,
2472,64,16,32,1,1,0,1,1,1,1,1,1,1,1,1,,,,,,,,,,,,
2473,64,16,32,1,1,0,1,1,1,0,1,1,1,1,1,,,,,,,,,,,,
2474,64,16,32,1,1,0,1,1,1,1,0,1,1,1,1,,,,,,,,,,,,
2475,64,16,32,1,1,0,1,1,1,1,1,0,1,1,1,,,,,,,,,,,,
2476,64,16,32,1,1,0,1,1,1,1,1,1,0,1,1,,,,,,,,,,,,
2477,64,16,32,1,1,0,1,1,1,1,1,1,1,0,1,,,,,,,,,,,,
2478,64,16,32,1,1,0,1,1,1,1,1,1,1,1,0,,,,,,,,,,,,
2479,64,16,32,1,1,1,0,1,1,1,1,1,1,1,1,,,,,,,,,,,,
2480,64,16,32,1,1,1,0,1,1,0,1,1,1,1,1,,,,,,,,,,,,
2481,64,16,32,1,1,1,0,1,1,1,0,1,1,1,1,,,,,,,,,,,,
2482,64,16,32,1,1,1,0,1,1,1,1,0,1,1,1,,,,,,,,,,,,
2483,64,16,32,1,1,1,0,1,1,1,1,1,0,1,1,,,,,,,,,,,,
2484,64,16,32,1,1,1,0,1,1,1,1,1,1,0,1,,,,,,,,,,,,
2485,64,16,32,1,1,1,0,1,1,1,1,1,1,1,0,,,,,,,,,,,,
2486,64,16,32,1,1,1,1,0,1,1,1,1,1,1,1,,,,,,,,,,,,
2487,64,16,32,1,1,1,1,0,1,0,1,1,1,1,1,,,,,,,,,,,,
2488,64,16,32,1,1,1,1,0,1,1,0,1,1,1,1,,,,,,,,,,,,
2489,64,16,32,1,1,1,1,0,1,1,1,0,1,1,1,,,,,,,,,,,,
2490,64,16,32,1,1,1,1,0,1,1,1,1,0,1,1,,,,,,,,,,,,
2491,64,16,32,1,1,1,1,0,1,1,1,1,1,0,1,,,,,,,,,,,,
2492,64,16,32,1,1,1,1,0,1,1,1,1,1,1,0,,,,,,,,,,,,
2493,64,16,32,1,1,1,1,1,0,1,1,1,1,1,1,,,,,,,,,,,,
2494,64,16,32,1,1,1,1,1,0,0,1,1,1,1,1,,,,,,,,,,,,
2495,64,16,32,1,1,1,1,1,0,1,0,1,1,1,1,,,,,,,,,,,,
2496,64,16,32,1,1,1,1,1,0,1,1,0,1,1,1,,,,,,,,,,,,
2497,64,16,32,1,1,1,1,1,0,1,1,1,0,1,1,,,,,,,,,,,,
2498,64,16,32,1,1,1,1,1,0,1,1,1,1,0,1,,,,,,,,,,,,
2499,64,16,32,1,1,1,1,1,0,1,1,1,1,1,0,,,,,,,,,,,,
2500,32,24,16,1,1,1,1,1,1,1,1,1,1,1,1,,,,,,,,,,,,
2501,32,24,16,1,1,1,1,1,1,0,1,1,1,1,1,,,,,,,,,,,,
2502,32,24,16,1,1,1,1,1,1,1,0,1,1,1,1,,,,,,,,,,,,
2503,32,24,16,1,1,1,1,1,1,1,1,0,1,1,1,,,,,,,,,,,,
2504,32,24,16,1,1,1,1,1,1,1,1,1,0,1,1,,,,,,,,,,,,
2505,32,24,16,1,1,1,1,1,1,1,1,1,1,0,1,,,,,,,,,,,,
2506,32,24,16,1,1,1,1,1,1,1,1,1,1,1,0,,,,,,,,,,,,
2507,32,24,16,0,1,1,1,1,1,1,1,1,1,1,1,,,,,,,,,,,,
2508,32,24,16,0,1,1,1,1,1,0,1,1,1,1,1,,,,,,,,,,,,
2509,32,24,16,0,1,1,1,1,1,1,0,1,1,1,1,,,,,,,,,,,,
2510,32,24,16,0,1,1,1,1,1,1,1,0,1,1,1,,,,,,,,,,,,
2511,32,24,16,0,1,1,1,1,1,1,1,1,0,1,1,,,,,,,,,,,,
2512,32,24,16,0,1,1,1,1,1,1,1,1,1,0,1,,,,,,,,,,,,
2513,32,24,16,0,1,1,1,1,1,1,1,1,1,1,0,,,,,,,,,,,,
2514,32,24,16,1,0,1,1,1,1,1,1,1,1,1,1,,,,,,,,,,,,
2515,32,24,16,1,0,1,1,1,1,0,1,1,1,1,1,,,,,,,,,,,,
2516,32,24,16,1,0,1,1,1,1,1,0,1,1,1,1,,,,,,,,,,,,
2517,32,24,16,1,0,1,1,1,1,1,1,0,1,1,1,,,,,,,,,,,,
2518,32,24,16,1,0,1,1,1,1,1,1,1,0,1,1,,,,,,,,,,,,
2519,32,24,16,1,0,1,1,1,1,1,1,1,1,0,1,,,,,,,,,,,,
2520,32,24,16,1,0,1,1,1,1,1,1,1,1,1,0,,,,,,,,,,,,
2521,32,24,16,1,1,0,1,1,1,1,1,1,1,1,1,,,,,,,,,,,,
2522,32,24,16,1,1,0,1,1,1,0,1,1,1,1,1,,,,,,,,,,,,
2523,32,24,16,1,1,0,1,1,1,1,0,1,1,1,1,,,,,,,,,,,,
2524,32,24,16,1,1,0,1,1,1,1,1,0,1,1,1,,,,,,,,,,,,
2525,32,24,16,1,1,0,1,1,1,1,1,1,0,1,1,,,,,,,,,,,,
2526,32,24,16,1,1,0,1,1,1,1,1,1,1,0,1,,,,,,,,,,,,
2527,32,24,16,1,1,0,1,1,1,1,1,1,1,1,0,,,,,,,,,,,,
2528,32,24,16,1,1,1,0,1,1,1,1,1,1,1,1,,,,,,,,,,,,
2529,32,24,16,1,1,1,0,1,1,0,1,1,1,1,1,,,,,,,,,,,,
2530,32,24,16,1,1,1,0,1,1,1,0,1,1,1,1,,,,,,,,,,,,
2531,32,24,16,1,1,1,0,1,1,1,1,0,1,1,1,,,,,,,,,,,,
2532,32,24,16,1,1,1,0,1,1,1,1,1,0,1,1,,,,,,,,,,,,
2533,32,24,16,1,1,1,0,1,1,1,1,1,1,0,1,,,,,,,,,,,,
2534,32,24,16,1,1,1,0,1,1,1,1,1,1,1,0,,,,,,,,,,,,
2535,32,24,16,1,1,1,1,0,1,1,1,1,1,1,1,,,,,,,,,,,,
2536,32,24,16,1,1,1,1,0,1,0,1,1,1,1,1,,,,,,,,,,,,
2537,32,24,16,1,1,1,1,0,1,1,0,1,1,1,1,,,,,,,,,,,,
2538,32,24,16,1,1,1,1,0,1,1,1,0,1,1,1,,,,,,,,,,,,
2539,32,24,16,1,1,1,1,0,1,1,1,1,0,1,1,,,,,,,,,,,,
2540,32,24,16,1,1,1,1,0,1,1,1,1,1,0,1,,,,,,,,,,,,
2541,32,24,16,1,1,1,1,0,1,1,1,1,1,1,0,,,,,,,,,,,,
2542,32,24,16,1,1,1,1,1,0,1,1,1,1,1,1,,,,,,,,,,,,
2543,32,24,16,1,1,1,1,1,0,0,1,1,1,1,1,,,,,,,,,,,,
2544,32,24,16,1,1,1,1,1,0,1,0,1,1,1,1,,,,,,,,,,,,
2545,32,24,16,1,1,1,1,1,0,1,1,0,1,1,1,,,,,,,,,,,,
2546,32,24,16,1,1,1,1,1,0,1,1,1,0,1,1,,,,,,,,,,,,
2547,32,24,16,1,1,1,1,1,0,1,1,1,1,0,1,,,,,,,,,,,,
2548,32,24,16,1,1,1,1,1,0,1,1,1,1,1,0,,,,,,,,,,,,
2549,64,32,64,1,1,1,1,1,1,1,1,1,1,1,1,,,,,,,,,,,,
2550,64,32,64,1,1,1,1,1,1,0,1,1,1,1,1,,,,,,,,,,,,
2551,64,32,64,1,1,1,1,1,1,1,0,1,1,1,1,,,,,,,,,,,,
2552,64,32,64,1,1,1,1,1,1,1,1,0,1,1,1,,,,,,,,,,,,
2553,64,32,64,1,1,1,1,1,1,1,1,1,0,1,1,,,,,,,,,,,,
2554,64,32,64,1,1,1,1,1,1,1,1,1,1,0,1,,,,,,,,,,,,
2555,64,32,64,1,1,1,1,1,1,1,1,1,1,1,0,,,,,,,,,,,,
2556,64,32,64,0,1,1,1,1,1,1,1,1,1,1,1,,,,,,,,,,,,
2557,64,32,64,0,1,1,1,1,1,0,1,1,1,1,1,,,,,,,,,,,,
2558,64,32,64,0,1,1,1,1,1,1,0,1,1,1,1,,,,,,,,,,,,
2559,64,32,64,0,1,1,1,1,1,1,1,0,1,1,1,,,,,,,,,,,,
2560,64,32,64,0,1,1,1,1,1,1,1,1,0,1,1,,,,,,,,,,,,
2561,64,32,64,0,1,1,1,1,1,1,1,1,1,0,1,,,,,,,,,,,,
2562,64,32,64,0,1,1,1,1,1,1,1,1,1,1,0,,,,,,,,,,,,
2563,64,32,64,1,0,1,1,1,1,1,1,1,1,1,1,,,,,,,,,,,,
2564,64,32,64,1,0,1,1,1,1,0,1,1,1,1,1,,,,,,,,,,,,
2565,64,32,64,1,0,1,1,1,1,1,0,1,1,1,1,,,,,,,,,,,,
2566,64,32,64,1,0,1,1,1,1,1,1,0,1,1,1,,,,,,,,,,,,
2567,64,32,64,1,0,1,1,1,1,1,1,1,0,1,1,,,,,,,,,,,,
2568,64,32,64,1,0,1,1,1,1,1,1,1,1,0,1,,,,,,,,,,,,
2569,64,32,64,1,0,1,1,1,1,1,1,1,1,1,0,,,,,,,,,,,,
2570,64,32,64,1,1,0,1,1,1,1,1,1,1,1,1,,,,,,,,,,,,
2571,64,32,64,1,1,0,1,1,1,0,1,1,1,1,1,,,,,,,,,,,,
2572,64,32,64,1,1,0,1,1,1,1,0,1,1,1,1,,,,,,,,,,,,
2573,64,32,64,1,1,0,1,1,1,1,1,0,1,1,1,,,,,,,,,,,,
2574,64,32,64,1,1,0,1,1,1,1,1,1,0,1,1,,,,,,,,,,,,
2575,64,32,64,1,1,0,1,1,1,1,1,1,1,0,1,,,,,,,,,,,,
2576,64,32,64,1,1,0,1,1,1,1,1,1,1,1,0,,,,,,,,,,,,
2577,64,32,64,1,1,1,0,1,1,1,1,1,1,1,1,,,,,,,,,,,,
2578,64,32,64,1,1,1,0,1,1,0,1,1,1,1,1,,,,,,,,,,,,
2579,64,32,64,1,1,1,0,1,1,1,0,1,1,1,1,,,,,,,,,,,,
2580,64,32,64,1,1,1,0,1,1,1,1,0,1,1,1,,,,,,,,,,,,
2581,64,32,64,1,1,1,0,1,1,1,1,1,0,1,1,,,,,,,,,,,,
2582,64,32,64,1,1,1,0,1,1,1,1,1,1,0,1,,,,,,,,,,,,
2583,64,32,64,1,1,1,0,1,1,1,1,1,1,1,0,,,,,,,,,,,,
2584,64,32,64,1,1,1,1,0,1,1,1,1,1,1,1,,,,,,,,,,,,
2585,64,32,64,1,1,1,1,0,1,0,1,1,1,1,1,,,,,,,,,,,,
2586,64,32,64,1,1,1,1,0,1,1,0,1,1,1,1,,,,,,,,,,,,
2587,64,32,64,1,1,1,1,0,1,1,1,0,1,1,1,,,,,,,,,,,,
2588,64,32,64,1,1,1,1,0,1,1,1,1,0,1,1,,,,,,,,,,,,
2589,64,32,64,1,1,1,1,0,1,1,1,1,1,0,1,,,,,,,,,,,,
2590,64,32,64,1,1,1,1,0,1,1,1,1,1,1,0,,,,,,,,,,,,
2591,64,32,64,1,1,1,1,1,0,1,1,1,1,1,1,,,,,,,,,,,,
2592,64,32,64,1,1,1,1,1,0,0,1,1,1,1,1,,,,,,,,,,,,
2593,64,32,64,1,1,1,1,1,0,1,0,1,1,1,1,,,,,,,,,,,,
2594,64,32,64,1,1,1,1,1,0,1,1,0,1,1,1,,,,,,,,,,,,
2595,64,32,64,1,1,1,1,1,0,1,1,1,0,1,1,,,,,,,,,,,,
2596,64,32,64,1,1,1,1,1,0,1,1,1,1,0,1,,,,,,,,,,,,
2597,64,32,64,1,1,1,1,1,0,1,1,1,1,1,0,,,,,,,,,,,,
2598,64,32,16,1,1,1,1,1,1,1,1,1,1,1,1,,,,,,,,,,,,
2599,64,32,16,1,1,1,1,1,1,0,1,1,1,1,1,,,,,,,,,,,,
2600,64,32,16,1,1,1,1,1,1,1,0,1,1,1,1,,,,,,,,,,,,
2601,64,32,16,1,1,1,1,1,1,1,1,0,1,1,1,,,,,,,,,,,,
2602,64,32,16,1,1,1,1,1,1,1,1,1,0,1,1,,,,,,,,,,,,
2603,64,32,16,1,1,1,1,1,1,1,1,1,1,0,1,,,,,,,,,,,,
2604,64,32,16,1,1,1,1,1,1,1,1,1,1,1,0,,,,,,,,,,,,
2605,64,32,16,0,1,1,1,1,1,1,1,1,1,1,1,,,,,,,,,,,,
2606,64,32,16,0,1,1,1,1,1,0,1,1,1,1,1,,,,,,,,,,,,
2607,64,32,16,0,1,1,1,1,1,1,0,1,1,1,1,,,,,,,,,,,,
2608,64,32,16,0,1,1,1,1,1,1,1,0,1,1,1,,,,,,,,,,,,
2609,64,32,16,0,1,1,1,1,1,1,1,1,0,1,1,,,,,,,,,,,,
2610,64,32,16,0,1,1,1,1,1,1,1,1,1,0,1,,,,,,,,,,,,
2611,64,32,16,0,1,1,1,1,1,1,1,1,1,1,0,,,,,,,,,,,,
2612,64,32,16,1,0,1,1,1,1,1,1,1,1,1,1,,,,,,,,,,,,
2613,64,32,16,1,0,1,1,1,1,0,1,1,1,1,1,,,,,,,,,,,,
2614,64,32,16,1,0,1,1,1,1,1,0,1,1,1,1,,,,,,,,,,,,
2615,64,32,16,1,0,1,1,1,1,1,1,0,1,1,1,,,,,,,,,,,,
2616,64,32,16,1,0,1,1,1,1,1,1,1,0,1,1,,,,,,,,,,,,
2617,64,32,16,1,0,1,1,1,1,1,1,1,1,0,1,,,,,,,,,,,,
2618,64,32,16,1,0,1,1,1,1,1,1,1,1,1,0,,,,,,,,,,,,
2619,64,32,16,1,1,0,1,1,1,1,1,1,1,1,1,,,,,,,,,,,,
2620,64,32,16,1,1,0,1,1,1,0,1,1,1,1,1,,,,,,,,,,,,
2621,64,32,16,1,1,0,1,1,1,1,0,1,1,1,1,,,,,,,,,,,,
2622,64,32,16,1,1,0,1,1,1,1,1,0,1,1,1,,,,,,,,,,,,
2623,64,32,16,1,1,0,1,1,1,1,1,1,0,1,1,,,,,,,,,,,,
2624,64,32,16,1,1,0,1,1,1,1,1,1,1,0,1,,,,,,,,,,,,
2625,64,32,16,1,1,0,1,1,1,1,1,1,1,1,0,,,,,,,,,,,,
2626,64,32,16,1,1,1,0,1,1,1,1,1,1,1,1,,,,,,,,,,,,
2627,64,32,16,1,1,1,0,1,1,0,1,1,1,1,1,,,,,,,,,,,,
2628,64,32,16,1,1,1,0,1,1,1,0,1,1,1,1,,,,,,,,,,,,
2629,64,32,16,1,1,1,0,1,1,1,1,0,1,1,1,,,,,,,,,,,,
2630,64,32,16,1,1,1,0,1,1,1,1,1,0,1,1,,,,,,,,,,,,
2631,64,32,16,1,1,1,0,1,1,1,1,1,1,0,1,,,,,,,,,,,,
2632,64,32,16,1,1,1,0,1,1,1,1,1,1,1,0,,,,,,,,,,,,
2633,64,32,16,1,1,1,1,0,1,1,1,1,1,1,1,,,,,,,,,,,,
2634,64,32,16,1,1,1,1,0,1,0,1,1,1,1,1,,,,,,,,,,,,
2635,64,32,16,1,1,1,1,0,1,1,0,1,1,1,1,,,,,,,,,,,,
2636,64,32,16,1,1,1,1,0,1,1,1,0,1,1,1,,,,,,,,,,,,
2637,64,32,16,1,1,1,1,0,1,1,1,1,0,1,1,,,,,,,,,,,,
2638,64,32,16,1,1,1,1,0,1,1,1,1,1,0,1,,,,,,,,,,,,
2639,64,32,16,1,1,1,1,0,1,1,1,1,1,1,0,,,,,,,,,,,,
2640,64,32,16,1,1,1,1,1,0,1,1,1,1,1,1,,,,,,,,,,,,
2641,64,32,16,1,1,1,1,1,0,0,1,1,1,1,1,,,,,,,,,,,,
2642,64,32,16,1,1,1,1,1,0,1,0,1,1,1,1,,,,,,,,,,,,
2643,64,32,16,1,1,1,1,1,0,1,1,0,1,1,1,,,,,,,,,,,,
2644,64,32,16,1,1,1,1,1,0,1,1,1,0,1,1,,,,,,,,,,,,
2645,64,32,16,1,1,1,1,1,0,1,1,1,1,0,1,,,,,,,,,,,,
2646,64,32,16,1,1,1,1,1,0,1,1,1,1,1,0,,,,,,,,,,,,
2647,96,32,16,1,1,1,1,1,1,1,1,1,1,1,1,,,,,,,,,,,,
2648,96,32,16,1,1,1,1,1,1,0,1,1,1,1,1,,,,,,,,,,,,
2649,96,32,16,1,1,1,1,1,1,1,0,1,1,1,1,,,,,,,,,,,,
2650,96,32,16,1,1,1,1,1,1,1,1,0,1,1,1,,,,,,,,,,,,
2651,96,32,16,1,1,1,1,1,1,1,1,1,0,1,1,,,,,,,,,,,,
2652,96,32,16,1,1,1,1,1,1,1,1,1,1,0,1,,,,,,,,,,,,
2653,96,32,16,1,1,1,1,1,1,1,1,1,1,1,0,,,,,,,,,,,,
2654,96,32,16,0,1,1,1,1,1,1,1,1,1,1,1,,,,,,,,,,,,
2655,96,32,16,0,1,1,1,1,1,0,1,1,1,1,1,,,,,,,,,,,,
2656,96,32,16,0,1,1,1,1,1,1,0,1,1,1,1,,,,,,,,,,,,
2657,96,32,16,0,1,1,1,1,1,1,1,0,1,1,1,,,,,,,,,,,,
2658,96,32,16,0,1,1,1,1,1,1,1,1,0,1,1,,,,,,,,,,,,
2659,96,32,16,0,1,1,1,1,1,1,1,1,1,0,1,,,,,,,,,,,,
2660,96,32,16,0,1,1,1,1,1,1,1,1,1,1,0,,,,,,,,,,,,
2661,96,32,16,1,0,1,1,1,1,1,1,1,1,1,1,,,,,,,,,,,,
2662,96,32,16,1,0,1,1,1,1,0,1,1,1,1,1,,,,,,,,,,,,
2663,96,32,16,1,0,1,1,1,1,1,0,1,1,1,1,,,,,,,,,,,,
2664,96,32,16,1,0,1,1,1,1,1,1,0,1,1,1,,,,,,,,,,,,
2665,96,32,16,1,0,1,1,1,1,1,1,1,0,1,1,,,,,,,,,,,,
2666,96,32,16,1,0,1,1,1,1,1,1,1,1,0,1,,,,,,,,,,,,
2667,96,32,16,1,0,1,1,1,1,1,1,1,1,1,0,,,,,,,,,,,,
2668,96,32,16,1,1,0,1,1,1,1,1,1,1,1,1,,,,,,,,,,,,
2669,96,32,16,1,1,0,1,1,1,0,1,1,1,1,1,,,,,,,,,,,,
2670,96,32,16,1,1,0,1,1,1,1,0,1,1,1,1,,,,,,,,,,,,
2671,96,32,16,1,1,0,1,1,1,1,1,0,1,1,1,,,,,,,,,,,,
2672,96,32,16,1,1,0,1,1,1,1,1,1,0,1,1,,,,,,,,,,,,
2673,96,32,16,1,1,0,1,1,1,1,1,1,1,0,1,,,,,,,,,,,,
2674,96,32,16,1,1,0,1,1,1,1,1,1,1,1,0,,,,,,,,,,,,
2675,96,32,16,1,1,1,0,1,1,1,1,1,1,1,1,,,,,,,,,,,,
2676,96,32,16,1,1,1,0,1,1,0,1,1,1,1,1,,,,,,,,,,,,
2677,96,32,16,1,1,1,0,1,1,1,0,1,1,1,1,,,,,,,,,,,,
2678,96,32,16,1,1,1,0,1,1,1,1,0,1,1,1,,,,,,,,,,,,
2679,96,32,16,1,1,1,0,1,1,1,1,1,0,1,1,,,,,,,,,,,,
2680,96,32,16,1,1,1,0,1,1,1,1,1,1,0,1,,,,,,,,,,,,
2681,96,32,16,1,1,1,0,1,1,1,1,1,1,1,0,,,,,,,,,,,,
2682,96,32,16,1,1,1,1,0,1,1,1,1,1,1,1,,,,,,,,,,,,
2683,96,32,16,1,1,1,1,0,1,0,1,1,1,1,1,,,,,,,,,,,,
2684,96,32,16,1,1,1,1,0,1,1,0,1,1,1,1,,,,,,,,,,,,
2685,96,32,16,1,1,1,1,0,1,1,1,0,1,1,1,,,,,,,,,,,,
2686,96,32,16,1,1,1,1,0,1,1,1,1,0,1,1,,,,,,,,,,,,
2687,96,32,16,1,1,1,1,0,1,1,1,1,1,0,1,,,,,,,,,,,,
2688,96,32,16,1,1,1,1,0,1,1,1,1,1,1,0,,,,,,,,,,,,
2689,96,32,16,1,1,1,1,1,0,1,1,1,1,1,1,,,,,,,,,,,,
2690,96,32,16,1,1,1,1,1,0,0,1,1,1,1,1,,,,,,,,,,,,
2691,96,32,16,1,1,1,1,1,0,1,0,1,1,1,1,,,,,,,,,,,,
2692,96,32,16,1,1,1,1,1,0,1,1,0,1,1,1,,,,,,,,,,,,
2693,96,32,16,1,1,1,1,1,0,1,1,1,0,1,1,,,,,,,,,,,,
2694,96,32,16,1,1,1,1,1,0,1,1,1,1,0,1,,,,,,,,,,,,
2695,96,32,16,1,1,1,1,1,0,1,1,1,1,1,0,,,,,,,,,,,,
2696,64,32,96,1,1,1,1,1,1,1,1,1,1,1,1,,,,,,,,,,,,
2697,64,32,96,1,1,1,1,1,1,0,1,1,1,1,1,,,,,,,,,,,,
2698,64,32,96,1,1,1,1,1,1,1,0,1,1,1,1,,,,,,,,,,,,
2699,64,32,96,1,1,1,1,1,1,1,1,0,1,1,1,,,,,,,,,,,,
2700,64,32,96,1,1,1,1,1,1,1,1,1,0,1,1,,,,,,,,,,,,
2701,64,32,96,1,1,1,1,1,1,1,1,1,1,0,1,,,,,,,,,,,,
2702,64,32,96,1,1,1,1,1,1,1,1,1,1,1,0,,,,,,,,,,,,
2703,64,32,96,0,1,1,1,1,1,1,1,1,1,1,1,,,,,,,,,,,,
2704,64,32,96,0,1,1,1,1,1,0,1,1,1,1,1,,,,,,,,,,,,
2705,64,32,96,0,1,1,1,1,1,1,0,1,1,1,1,,,,,,,,,,,,
2706,64,32,96,0,1,1,1,1,1,1,1,0,1,1,1,,,,,,,,,,,,
2707,64,32,96,0,1,1,1,1,1,1,1,1,0,1,1,,,,,,,,,,,,
2708,64,32,96,0,1,1,1,1,1,1,1,1,1,0,1,,,,,,,,,,,,
2709,64,32,96,0,1,1,1,1,1,1,1,1,1,1,0,,,,,,,,,,,,
2710,64,32,96,1,0,1,1,1,1,1,1,1,1,1,1,,,,,,,,,,,,
2711,64,32,96,1,0,1,1,1,1,0,1,1,1,1,1,,,,,,,,,,,,
2712,64,32,96,1,0,1,1,1,1,1,0,1,1,1,1,,,,,,,,,,,,
2713,64,32,96,1,0,1,1,1,1,1,1,0,1,1,1,,,,,,,,,,,,
2714,64,32,96,1,0,1,1,1,1,1,1,1,0,1,1,,,,,,,,,,,,
2715,64,32,96,1,0,1,1,1,1,1,1,1,1,0,1,,,,,,,,,,,,
2716,64,32,96,1,0,1,1,1,1,1,1,1,1,1,0,,,,,,,,,,,,
2717,64,32,96,1,1,0,1,1,1,1,1,1,1,1,1,,,,,,,,,,,,
2718,64,32,96,1,1,0,1,1,1,0,1,1,1,1,1,,,,,,,,,,,,
2719,64,32,96,1,1,0,1,1,1,1,0,1,1,1,1,,,,,,,,,,,,
2720,64,32,96,1,1,0,1,1,1,1,1,0,1,1,1,,,,,,,,,,,,
2721,64,32,96,1,1,0,1,1,1,1,1,1,0,1,1,,,,,,,,,,,,
2722,64,32,96,1,1,0,1,1,1,1,1,1,1,0,1,,,,,,,,,,,,
2723,64,32,96,1,1,0,1,1,1,1,1,1,1,1,0,,,,,,,,,,,,
2724,64,32,96,1,1,1,0,1,1,1,1,1,1,1,1,,,,,,,,,,,,
2725,64,32,96,1,1,1,0,1,1,0,1,1,1,1,1,,,,,,,,,,,,
2726,64,32,96,1,1,1,0,1,1,1,0,1,1,1,1,,,,,,,,,,,,
2727,64,32,96,1,1,1,0,1,1,1,1,0,1,1,1,,,,,,,,,,,,
2728,64,32,96,1,1,1,0,1,1,1,1,1,0,1,1,,,,,,,,,,,,
2729,64,32,96,1,1,1,0,1,1,1,1,1,1,0,1,,,,,,,,,,,,
2730,64,32,96,1,1,1,0,1,1,1,1,1,1,1,0,,,,,,,,,,,,
2731,64,32,96,1,1,1,1,0,1,1,1,1,1,1,1,,,,,,,,,,,,
2732,64,32,96,1,1,1,1,0,1,0,1,1,1,1,1,,,,,,,,,,,,
2733,64,32,96,1,1,1,1,0,1,1,0,1,1,1,1,,,,,,,,,,,,
2734,64,32,96,1,1,1,1,0,1,1,1,0,1,1,1,,,,,,,,,,,,
2735,64,32,96,1,1,1,1,0,1,1,1,1,0,1,1,,,,,,,,,,,,
2736,64,32,96,1,1,1,1,0,1,1,1,1,1,0,1,,,,,,,,,,,,
2737,64,32,96,1,1,1,1,0,1,1,1,1,1,1,0,,,,,,,,,,,,
2738,64,32,96,1,1,1,1,1,0,1,1,1,1,1,1,,,,,,,,,,,,
2739,64,32,96,1,1,1,1,1,0,0,1,1,1,1,1,,,,,,,,,,,,
2740,64,32,96,1,1,1,1,1,0,1,0,1,1,1,1,,,,,,,,,,,,
2741,64,32,96,1,1,1,1,1,0,1,1,0,1,1,1,,,,,,,,,,,,
2742,64,32,96,1,1,1,1,1,0,1,1,1,0,1,1,,,,,,,,,,,,
2743,64,32,96,1,1,1,1,1,0,1,1,1,1,0,1,,,,,,,,,,,,
2744,64,32,96,1,1,1,1,1,0,1,1,1,1,1,0,,,,,,,,,,,,
2745,64,32,48,1,1,1,1,1,1,1,1,1,1,1,1,,,,,,,,,,,,
2746,64,32,48,1,1,1,1,1,1,0,1,1,1,1,1,,,,,,,,,,,,
2747,64,32,48,1,1,1,1,1,1,1,0,1,1,1,1,,,,,,,,,,,,
2748,64,32,48,1,1,1,1,1,1,1,1,0,1,1,1,,,,,,,,,,,,
2749,64,32,48,1,1,1,1,1,1,1,1,1,0,1,1,,,,,,,,,,,,
2750,64,32,48,1,1,1,1,1,1,1,1,1,1,0,1,,,,,,,,,,,,
2751,64,32,48,1,1,1,1,1,1,1,1,1,1,1,0,,,,,,,,,,,,
2752,64,32,48,0,1,1,1,1,1,1,1,1,1,1,1,,,,,,,,,,,,
2753,64,32,48,0,1,1,1,1,1,0,1,1,1,1,1,,,,,,,,,,,,
2754,64,32,48,0,1,1,1,1,1,1,0,1,1,1,1,,,,,,,,,,,,
2755,64,32,48,0,1,1,1,1,1,1,1,0,1,1,1,,,,,,,,,,,,
2756,64,32,48,0,1,1,1,1,1,1,1,1,0,1,1,,,,,,,,,,,,
2757,64,32,48,0,1,1,1,1,1,1,1,1,1,0,1,,,,,,,,,,,,
2758,64,32,48,0,1,1,1,1,1,1,1,1,1,1,0,,,,,,,,,,,,
2759,64,32,48,1,0,1,1,1,1,1,1,1,1,1,1,,,,,,,,,,,,
2760,64,32,48,1,0,1,1,1,1,0,1,1,1,1,1,,,,,,,,,,,,
2761,64,32,48,1,0,1,1,1,1,1,0,1,1,1,1,,,,,,,,,,,,
2762,64,32,48,1,0,1,1,1,1,1,1,0,1,1,1,,,,,,,,,,,,
2763,64,32,48,1,0,1,1,1,1,1,1,1,0,1,1,,,,,,,,,,,,
2764,64,32,48,1,0,1,1,1,1,1,1,1,1,0,1,,,,,,,,,,,,
2765,64,32,48,1,0,1,1,1,1,1,1,1,1,1,0,,,,,,,,,,,,
2766,64,32,48,1,1,0,1,1,1,1,1,1,1,1,1,,,,,,,,,,,,
2767,64,32,48,1,1,0,1,1,1,0,1,1,1,1,1,,,,,,,,,,,,
2768,64,32,48,1,1,0,1,1,1,1,0,1,1,1,1,,,,,,,,,,,,
2769,64,32,48,1,1,0,1,1,1,1,1,0,1,1,1,,,,,,,,,,,,
2770,64,32,48,1,1,0,1,1,1,1,1,1,0,1,1,,,,,,,,,,,,
2771,64,32,48,1,1,0,1,1,1,1,1,1,1,0,1,,,,,,,,,,,,
2772,64,32,48,1,1,0,1,1,1,1,1,1,1,1,0,,,,,,,,,,,,
2773,64,32,48,1,1,1,0,1,1,1,1,1,1,1,1,,,,,,,,,,,,
2774,64,32,48,1,1,1,0,1,1,0,1,1,1,1,1,,,,,,,,,,,,
2775,64,32,48,1,1,1,0,1,1,1,0,1,1,1,1,,,,,,,,,,,,
2776,64,32,48,1,1,1,0,1,1,1,1,0,1,1,1,,,,,,,,,,,,
2777,64,32,48,1,1,1,0,1,1,1,1,1,0,1,1,,,,,,,,,,,,
2778,64,32,48,1,1,1,0,1,1,1,1,1,1,0,1,,,,,,,,,,,,
2779,64,32,48,1,1,1,0,1,1,1,1,1,1,1,0,,,,,,,,,,,,
2780,64,32,48,1,1,1,1,0,1,1,1,1,1,1,1,,,,,,,,,,,,
2781,64,32,48,1,1,1,1,0,1,0,1,1,1,1,1,,,,,,,,,,,,
2782,64,32,48,1,1,1,1,0,1,1,0,1,1,1,1,,,,,,,,,,,,
2783,64,32,48,1,1,1,1,0,1,1,1,0,1,1,1,,,,,,,,,,,,
2784,64,32,48,1,1,1,1,0,1,1,1,1,0,1,1,,,,,,,,,,,,
2785,64,32,48,1,1,1,1,0,1,1,1,1,1,0,1,,,,,,,,,,,,
2786,64,32,48,1,1,1,1,0,1,1,1,1,1,1,0,,,,,,,,,,,,
2787,64,32,48,1,1,1,1,1,0,1,1,1,1,1,1,,,,,,,,,,,,
2788,64,32,48,1,1,1,1,1,0,0,1,1,1,1,1,,,,,,,,,,,,
2789,64,32,48,1,1,1,1,1,0,1,0,1,1,1,1,,,,,,,,,,,,
2790,64,32,48,1,1,1,1,1,0,1,1,0,1,1,1,,,,,,,,,,,,
2791,64,32,48,1,1,1,1,1,0,1,1,1,0,1,1,,,,,,,,,,,,
2792,64,32,48,1,1,1,1,1,0,1,1,1,1,0,1,,,,,,,,,,,,
2793,64,32,48,1,1,1,1,1,0,1,1,1,1,1,0,,,,,,,,,,,,
2794,96,48,32,1,1,1,1,1,1,1,1,1,1,1,1,,,,,,,,,,,,
2795,96,48,32,1,1,1,1,1,1,0,1,1,1,1,1,,,,,,,,,,,,
2796,96,48,32,1,1,1,1,1,1,1,0,1,1,1,1,,,,,,,,,,,,
2797,96,48,32,1,1,1,1,1,1,1,1,0,1,1,1,,,,,,,,,,,,
2798,96,48,32,1,1,1,1,1,1,1,1,1,0,1,1,,,,,,,,,,,,
2799,96,48,32,1,1,1,1,1,1,1,1,1,1,0,1,,,,,,,,,,,,
2800,96,48,32,1,1,1,1,1,1,1,1,1,1,1,0,,,,,,,,,,,,
2801,96,48,32,0,1,1,1,1,1,1,1,1,1,1,1,,,,,,,,,,,,
2802,96,48,32,0,1,1,1,1,1,0,1,1,1,1,1,,,,,,,,,,,,
2803,96,48,32,0,1,1,1,1,1,1,0,1,1,1,1,,,,,,,,,,,,
2804,96,48,32,0,1,1,1,1,1,1,1,0,1,1,1,,,,,,,,,,,,
2805,96,48,32,0,1,1,1,1,1,1,1,1,0,1,1,,,,,,,,,,,,
2806,96,48,32,0,1,1,1,1,1,1,1,1,1,0,1,,,,,,,,,,,,
2807,96,48,32,0,1,1,1,1,1,1,1,1,1,1,0,,,,,,,,,,,,
2808,96,48,32,1,0,1,1,1,1,1,1,1,1,1,1,,,,,,,,,,,,
2809,96,48,32,1,0,1,1,1,1,0,1,1,1,1,1,,,,,,,,,,,,
2810,96,48,32,1,0,1,1,1,1,1,0,1,1,1,1,,,,,,,,,,,,
2811,96,48,32,1,0,1,1,1,1,1,1,0,1,1,1,,,,,,,,,,,,
2812,96,48,32,1,0,1,1,1,1,1,1,1,0,1,1,,,,,,,,,,,,
2813,96,48,32,1,0,1,1,1,1,1,1,1,1,0,1,,,,,,,,,,,,
2814,96,48,32,1,0,1,1,1,1,1,1,1,1,1,0,,,,,,,,,,,,
2815,96,48,32,1,1,0,1,1,1,1,1,1,1,1,1,,,,,,,,,,,,
2816,96,48,32,1,1,0,1,1,1,0,1,1,1,1,1,,,,,,,,,,,,
2817,96,48,32,1,1,0,1,1,1,1,0,1,1,1,1,,,,,,,,,,,,
2818,96,48,32,1,1,0,1,1,1,1,1,0,1,1,1,,,,,,,,,,,,
2819,96,48,32,1,1,0,1,1,1,1,1,1,0,1,1,,,,,,,,,,,,
2820,96,48,32,1,1,0,1,1,1,1,1,1,1,0,1,,,,,,,,,,,,
2821,96,48,32,1,1,0,1,1,1,1,1,1,1,1,0,,,,,,,,,,,,
2822,96,48,32,1,1,1,0,1,1,1,1,1,1,1,1,,,,,,,,,,,,
2823,96,48,32,1,1,1,0,1,1,0,1,1,1,1,1,,,,,,,,,,,,
2824,96,48,32,1,1,1,0,1,1,1,0,1,1,1,1,,,,,,,,,,,,
2825,96,48,32,1,1,1,0,1,1,1,1,0,1,1,1,,,,,,,,,,,,
2826,96,48,32,1,1,1,0,1,1,1,1,1,0,1,1,,,,,,,,,,,,
2827,96,48,32,1,1,1,0,1,1,1,1,1,1,0,1,,,,,,,,,,,,
2828,96,48,32,1,1,1,0,1,1,1,1,1,1,1,0,,,,,,,,,,,,
2829,96,48,32,1,1,1,1,0,1,1,1,1,1,1,1,,,,,,,,,,,,
2830,96,48,32,1,1,1,1,0,1,0,1,1,1,1,1,,,,,,,,,,,,
2831,96,48,32,1,1,1,1,0,1,1,0,1,1,1,1,,,,,,,,,,,,
2832,96,48,32,1,1,1,1,0,1,1,1,0,1,1,1,,,,,,,,,,,,
2833,96,48,32,1,1,1,1,0,1,1,1,1,0,1,1,,,,,,,,,,,,
2834,96,48,32,1,1,1,1,0,1,1,1,1,1,0,1,,,,,,,,,,,,
2835,96,48,32,1,1,1,1,0,1,1,1,1,1,1,0,,,,,,,,,,,,
2836,96,48,32,1,1,1,1,1,0,1,1,1,1,1,1,,,,,,,,,,,,
2837,96,48,32,1,1,1,1,1,0,0,1,1,1,1,1,,,,,,,,,,,,
2838,96,48,32,1,1,1,1,1,0,1,0,1,1,1,1,,,,,,,,,,,,
2839,96,48,32,1,1,1,1,1,0,1,1,0,1,1,1,,,,,,,,,,,,
2840,96,48,32,1,1,1,1,1,0,1,1,1,0,1,1,,,,,,,,,,,,
2841,96,48,32,1,1,1,1,1,0,1,1,1,1,0,1,,,,,,,,,,,,
2842,96,48,32,1,1,1,1,1,0,1,1,1,1,1,0,,,,,,,,,,,,
2843,96,24,32,1,1,1,1,1,1,1,1,1,1,1,1,,,,,,,,,,,,
2844,96,24,32,1,1,1,1,1,1,0,1,1,1,1,1,,,,,,,,,,,,
2845,96,24,32,1,1,1,1,1,1,1,0,1,1,1,1,,,,,,,,,,,,
2846,96,24,32,1,1,1,1,1,1,1,1,0,1,1,1,,,,,,,,,,,,
2847,96,24,32,1,1,1,1,1,1,1,1,1,0,1,1,,,,,,,,,,,,
2848,96,24,32,1,1,1,1,1,1,1,1,1,1,0,1,,,,,,,,,,,,
2849,96,24,32,1,1,1,1,1,1,1,1,1,1,1,0,,,,,,,,,,,,
2850,96,24,32,0,1,1,1,1,1,1,1,1,1,1,1,,,,,,,,,,,,
2851,96,24,32,0,1,1,1,1,1,0,1,1,1,1,1,,,,,,,,,,,,
2852,96,24,32,0,1,1,1,1,1,1,0,1,1,1,1,,,,,,,,,,,,
2853,96,24,32,0,1,1,1,1,1,1,1,0,1,1,1,,,,,,,,,,,,
2854,96,24,32,0,1,1,1,1,1,1,1,1,0,1,1,,,,,,,,,,,,
2855,96,24,32,0,1,1,1,1,1,1,1,1,1,0,1,,,,,,,,,,,,
2856,96,24,32,0,1,1,1,1,1,1,1,1,1,1,0,,,,,,,,,,,,
2857,96,24,32,1,0,1,1,1,1,1,1,1,1,1,1,,,,,,,,,,,,
2858,96,24,32,1,0,1,1,1,1,0,1,1,1,1,1,,,,,,,,,,,,
2859,96,24,32,1,0,1,1,1,1,1,0,1,1,1,1,,,,,,,,,,,,
2860,96,24,32,1,0,1,1,1,1,1,1,0,1,1,1,,,,,,,,,,,,
2861,96,24,32,1,0,1,1,1,1,1,1,1,0,1,1,,,,,,,,,,,,
2862,96,24,32,1,0,1,1,1,1,1,1,1,1,0,1,,,,,,,,,,,,
2863,96,24,32,1,0,1,1,1,1,1,1,1,1,1,0,,,,,,,,,,,,
2864,96,24,32,1,1,0,1,1,1,1,1,1,1,1,1,,,,,,,,,,,,
2865,96,24,32,1,1,0,1,1,1,0,1,1,1,1,1,,,,,,,,,,,,
2866,96,24,32,1,1,0,1,1,1,1,0,1,1,1,1,,,,,,,,,,,,
2867,96,24,32,1,1,0,1,1,1,1,1,0,1,1,1,,,,,,,,,,,,
2868,96,24,32,1,1,0,1,1,1,1,1,1,0,1,1,,,,,,,,,,,,
2869,96,24,32,1,1,0,1,1,1,1,1,1,1,0,1,,,,,,,,,,,,
2870,96,24,32,1,1,0,1,1,1,1,1,1,1,1,0,,,,,,,,,,,,
2871,96,24,32,1,1,1,0,1,1,1,1,1,1,1,1,,,,,,,,,,,,
2872,96,24,32,1,1,1,0,1,1,0,1,1,1,1,1,,,,,,,,,,,,
2873,96,24,32,1,1,1,0,1,1,1,0,1,1,1,1,,,,,,,,,,,,
2874,96,24,32,1,1,1,0,1,1,1,1,0,1,1,1,,,,,,,,,,,,
2875,96,24,32,1,1,1,0,1,1,1,1,1,0,1,1,,,,,,,,,,,,
2876,96,24,32,1,1,1,0,1,1,1,1,1,1,0,1,,,,,,,,,,,,
2877,96,24,32,1,1,1,0,1,1,1,1,1,1,1,0,,,,,,,,,,,,
2878,96,24,32,1,1,1,1,0,1,1,1,1,1,1,1,,,,,,,,,,,,
2879,96,24,32,1,1,1,1,0,1,0,1,1,1,1,1,,,,,,,,,,,,
2880,96,24,32,1,1,1,1,0,1,1,0,1,1,1,1,,,,,,,,,,,,
2881,96,24,32,1,1,1,1,0,1,1,1,0,1,1,1,,,,,,,,,,,,
2882,96,24,32,1,1,1,1,0,1,1,1,1,0,1,1,,,,,,,,,,,,
2883,96,24,32,1,1,1,1,0,1,1,1,1,1,0,1,,,,,,,,,,,,
2884,96,24,32,1,1,1,1,0,1,1,1,1,1,1,0,,,,,,,,,,,,
2885,96,24,32,1,1,1,1,1,0,1,1,1,1,1,1,,,,,,,,,,,,
2886,96,24,32,1,1,1,1,1,0,0,1,1,1,1,1,,,,,,,,,,,,
2887,96,24,32,1,1,1,1,1,0,1,0,1,1,1,1,,,,,,,,,,,,
2888,96,24,32,1,1,1,1,1,0,1,1,0,1,1,1,,,,,,,,,,,,
2889,96,24,32,1,1,1,1,1,0,1,1,1,0,1,1,,,,,,,,,,,,
2890,96,24,32,1,1,1,1,1,0,1,1,1,1,0,1,,,,,,,,,,,,
2891,96,24,32,1,1,1,1,1,0,1,1,1,1,1,0,,,,,,,,,,,,
2892,32,32,64,1,1,1,1,1,1,1,1,1,1,1,1,,,,,,,,,,,,
2893,32,32,64,1,1,1,1,1,1,0,1,1,1,1,1,,,,,,,,,,,,
2894,32,32,64,1,1,1,1,1,1,1,0,1,1,1,1,,,,,,,,,,,,
2895,32,32,64,1,1,1,1,1,1,1,1,0,1,1,1,,,,,,,,,,,,
2896,32,32,64,1,1,1,1,1,1,1,1,1,0,1,1,,,,,,,,,,,,
2897,32,32,64,1,1,1,1,1,1,1,1,1,1,0,1,,,,,,,,,,,,
2898,32,32,64,1,1,1,1,1,1,1,1,1,1,1,0,,,,,,,,,,,,
2899,32,32,64,0,1,1,1,1,1,1,1,1,1,1,1,,,,,,,,,,,,
2900,32,32,64,0,1,1,1,1,1,0,1,1,1,1,1,,,,,,,,,,,,
2901,32,32,64,0,1,1,1,1,1,1,0,1,1,1,1,,,,,,,,,,,,
2902,32,32,64,0,1,1,1,1,1,1,1,0,1,1,1,,,,,,,,,,,,
2903,32,32,64,0,1,1,1,1,1,1,1,1,0,1,1,,,,,,,,,,,,
2904,32,32,64,0,1,1,1,1,1,1,1,1,1,0,1,,,,,,,,,,,,
2905,32,32,64,0,1,1,1,1,1,1,1,1,1,1,0,,,,,,,,,,,,
2906,32,32,64,1,0,1,1,1,1,1,1,1,1,1,1,,,,,,,,,,,,
2907,32,32,64,1,0,1,1,1,1,0,1,1,1,1,1,,,,,,,,,,,,
2908,32,32,64,1,0,1,1,1,1,1,0,1,1,1,1,,,,,,,,,,,,
2909,32,32,64,1,0,1,1,1,1,1,1,0,1,1,1,,,,,,,,,,,,
2910,32,32,64,1,0,1,1,1,1,1,1,1,0,1,1,,,,,,,,,,,,
2911,32,32,64,1,0,1,1,1,1,1,1,1,1,0,1,,,,,,,,,,,,
2912,32,32,64,1,0,1,1,1,1,1,1,1,1,1,0,,,,,,,,,,,,
2913,32,32,64,1,1,0,1,1,1,1,1,1,1,1,1,,,,,,,,,,,,
2914,32,32,64,1,1,0,1,1,1,0,1,1,1,1,1,,,,,,,,,,,,
2915,32,32,64,1,1,0,1,1,1,1,0,1,1,1,1,,,,,,,,,,,,
2916,32,32,64,1,1,0,1,1,1,1,1,0,1,1,1,,,,,,,,,,,,
2917,32,32,64,1,1,0,1,1,1,1,1,1,0,1,1,,,,,,,,,,,,
2918,32,32,64,1,1,0,1,1,1,1,1,1,1,0,1,,,,,,,,,,,,
2919,32,32,64,1,1,0,1,1,1,1,1,1,1,1,0,,,,,,,,,,,,
2920,32,32,64,1,1,1,0,1,1,1,1,1,1,1,1,,,,,,,,,,,,
2921,32,32,64,1,1,1,0,1,1,0,1,1,1,1,1,,,,,,,,,,,,
2922,32,32,64,1,1,1,0,1,1,1,0,1,1,1,1,,,,,,,,,,,,
2923,32,32,64,1,1,1,0,1,1,1,1,0,1,1,1,,,,,,,,,,,,
2924,32,32,64,1,1,1,0,1,1,1,1,1,0,1,1,,,,,,,,,,,,
2925,32,32,64,1,1,1,0,1,1,1,1,1,1,0,1,,,,,,,,,,,,
2926,32,32,64,1,1,1,0,1,1,1,1,1,1,1,0,,,,,,,,,,,,
2927,32,32,64,1,1,1,1,0,1,1,1,1,1,1,1,,,,,,,,,,,,
2928,32,32,64,1,1,1,1,0,1,0,1,1,1,1,1,,,,,,,,,,,,
2929,32,32,64,1,1,1,1,0,1,1,0,1,1,1,1,,,,,,,,,,,,
2930,32,32,64,1,1,1,1,0,1,1,1,0,1,1,1,,,,,,,,,,,,
2931,32,32,64,1,1,1,1,0,1,1,1,1,0,1,1,,,,,,,,,,,,
2932,32,32,64,1,1,1,1,0,1,1,1,1,1,0,1,,,,,,,,,,,,
2933,32,32,64,1,1,1,1,0,1,1,1,1,1,1,0,,,,,,,,,,,,
2934,32,32,64,1,1,1,1,1,0,1,1,1,1,1,1,,,,,,,,,,,,
2935,32,32,64,1,1,1,1,1,0,0,1,1,1,1,1,,,,,,,,,,,,
2936,32,32,64,1,1,1,1,1,0,1,0,1,1,1,1,,,,,,,,,,,,
2937,32,32,64,1,1,1,1,1,0,1,1,0,1,1,1,,,,,,,,,,,,
2938,32,32,64,1,1,1,1,1,0,1,1,1,0,1,1,,,,,,,,,,,,
2939,32,32,64,1,1,1,1,1,0,1,1,1,1,0,1,,,,,,,,,,,,
2940,32,32,64,1,1,1,1,1,0,1,1,1,1,1,0,,,,,,,,,,,,
2941,96,32,64,1,1,1,1,1,1,1,1,1,1,1,1,,,,,,,,,,,,
2942,96,32,64,1,1,1,1,1,1,0,1,1,1,1,1,,,,,,,,,,,,
2943,96,32,64,1,1,1,1,1,1,1,0,1,1,1,1,,,,,,,,,,,,
2944,96,32,64,1,1,1,1,1,1,1,1,0,1,1,1,,,,,,,,,,,,
2945,96,32,64,1,1,1,1,1,1,1,1,1,0,1,1,,,,,,,,,,,,
2946,96,32,64,1,1,1,1,1,1,1,1,1,1,0,1,,,,,,,,,,,,
2947,96,32,64,1,1,1,1,1,1,1,1,1,1,1,0,,,,,,,,,,,,
2948,96,32,64,0,1,1,1,1,1,1,1,1,1,1,1,,,,,,,,,,,,
2949,96,32,64,0,1,1,1,1,1,0,1,1,1,1,1,,,,,,,,,,,,
2950,96,32,64,0,1,1,1,1,1,1,0,1,1,1,1,,,,,,,,,,,,
2951,96,32,64,0,1,1,1,1,1,1,1,0,1,1,1,,,,,,,,,,,,
2952,96,32,64,0,1,1,1,1,1,1,1,1,0,1,1,,,,,,,,,,,,
2953,96,32,64,0,1,1,1,1,1,1,1,1,1,0,1,,,,,,,,,,,,
2954,96,32,64,0,1,1,1,1,1,1,1,1,1,1,0,,,,,,,,,,,,
2955,96,32,64,1,0,1,1,1,1,1,1,1,1,1,1,,,,,,,,,,,,
2956,96,32,64,1,0,1,1,1,1,0,1,1,1,1,1,,,,,,,,,,,,
2957,96,32,64,1,0,1,1,1,1,1,0,1,1,1,1,,,,,,,,,,,,
2958,96,32,64,1,0,1,1,1,1,1,1,0,1,1,1,,,,,,,,,,,,
2959,96,32,64,1,0,1,1,1,1,1,1,1,0,1,1,,,,,,,,,,,,
2960,96,32,64,1,0,1,1,1,1,1,1,1,1,0,1,,,,,,,,,,,,
2961,96,32,64,1,0,1,1,1,1,1,1,1,1,1,0,,,,,,,,,,,,
2962,96,32,64,1,1,0,1,1,1,1,1,1,1,1,1,,,,,,,,,,,,
2963,96,32,64,1,1,0,1,1,1,0,1,1,1,1,1,,,,,,,,,,,,
2964,96,32,64,1,1,0,1,1,1,1,0,1,1,1,1,,,,,,,,,,,,
2965,96,32,64,1,1,0,1,1,1,1,1,0,1,1,1,,,,,,,,,,,,
2966,96,32,64,1,1,0,1,1,1,1,1,1,0,1,1,,,,,,,,,,,,
2967,96,32,64,1,1,0,1,1,1,1,1,1,1,0,1,,,,,,,,,,,,
2968,96,32,64,1,1,0,1,1,1,1,1,1,1,1,0,,,,,,,,,,,,
2969,96,32,64,1,1,1,0,1,1,1,1,1,1,1,1,,,,,,,,,,,,
2970,96,32,64,1,1,1,0,1,1,0,1,1,1,1,1,,,,,,,,,,,,
2971,96,32,64,1,1,1,0,1,1,1,0,1,1,1,1,,,,,,,,,,,,
2972,96,32,64,1,1,1,0,1,1,1,1,0,1,1,1,,,,,,,,,,,,
2973,96,32,64,1,1,1,0,1,1,1,1,1,0,1,1,,,,,,,,,,,,
2974,96,32,64,1,1,1,0,1,1,1,1,1,1,0,1,,,,,,,,,,,,
2975,96,32,64,1,1,1,0,1,1,1,1,1,1,1,0,,,,,,,,,,,,
2976,96,32,64,1,1,1,1,0,1,1,1,1,1,1,1,,,,,,,,,,,,
2977,96,32,64,1,1,1,1,0,1,0,1,1,1,1,1,,,,,,,,,,,,
2978,96,32,64,1,1,1,1,0,1,1,0,1,1,1,1,,,,,,,,,,,,
2979,96,32,64,1,1,1,1,0,1,1,1,0,1,1,1,,,,,,,,,,,,
2980,96,32,64,1,1,1,1,0,1,1,1,1,0,1,1,,,,,,,,,,,,
2981,96,32,64,1,1,1,1,0,1,1,1,1,1,0,1,,,,,,,,,,,,
2982,96,32,64,1,1,1,1,0,1,1,1,1,1,1,0,,,,,,,,,,,,
2983,96,32,64,1,1,1,1,1,0,1,1,1,1,1,1,,,,,,,,,,,,
2984,96,32,64,1,1,1,1,1,0,0,1,1,1,1,1,,,,,,,,,,,,
2985,96,32,64,1,1,1,1,1,0,1,0,1,1,1,1,,,,,,,,,,,,
2986,96,32,64,1,1,1,1,1,0,1,1,0,1,1,1,,,,,,,,,,,,
2987,96,32,64,1,1,1,1,1,0,1,1,1,0,1,1,,,,,,,,,,,,
2988,96,32,64,1,1,1,1,1,0,1,1,1,1,0,1,,,,,,,,,,,,
2989,96,32,64,1,1,1,1,1,0,1,1,1,1,1,0,,,,,,,,,,,,
2990,32,16,32,1,1,1,1,1,1,1,1,1,1,1,1,,,,,,,,,,,,
2991,32,16,32,1,1,1,1,1,1,0,1,1,1,1,1,,,,,,,,,,,,
2992,32,16,32,1,1,1,1,1,1,1,0,1,1,1,1,,,,,,,,,,,,
2993,32,16,32,1,1,1,1,1,1,1,1,0,1,1,1,,,,,,,,,,,,
2994,32,16,32,1,1,1,1,1,1,1,1,1,0,1,1,,,,,,,,,,,,
2995,32,16,32,1,1,1,1,1,1,1,1,1,1,0,1,,,,,,,,,,,,
2996,32,16,32,1,1,1,1,1,1,1,1,1,1,1,0,,,,,,,,,,,,
2997,32,16,32,0,1,1,1,1,1,1,1,1,1,1,1,,,,,,,,,,,,
2998,32,16,32,0,1,1,1,1,1,0,1,1,1,1,1,,,,,,,,,,,,
2999,32,16,32,0,1,1,1,1,1,1,0,1,1,1,1,,,,,,,,,,,,
3000,32,16,32,0,1,1,1,1,1,1,1,0,1,1,1,,,,,,,,,,,,
3001,32,16,32,0,1,1,1,1,1,1,1,1,0,1,1,,,,,,,,,,,,
3002,32,16,32,0,1,1,1,1,1,1,1,1,1,0,1,,,,,,,,,,,,
3003,32,16,32,0,1,1,1,1,1,1,1,1,1,1,0,,,,,,,,,,,,
3004,32,16,32,1,0,1,1,1,1,1,1,1,1,1,1,,,,,,,,,,,,
3005,32,16,32,1,0,1,1,1,1,0,1,1,1,1,1,,,,,,,,,,,,
3006,32,16,32,1,0,1,1,1,1,1,0,1,1,1,1,,,,,,,,,,,,
3007,32,16,32,1,0,1,1,1,1,1,1,0,1,1,1,,,,,,,,,,,,
3008,32,16,32,1,0,1,1,1,1,1,1,1,0,1,1,,,,,,,,,,,,
3009,32,16,32,1,0,1,1,1,1,1,1,1,1,0,1,,,,,,,,,,,,
3010,32,16,32,1,0,1,1,1,1,1,1,1,1,1,0,,,,,,,,,,,,
3011,32,16,32,1,1,0,1,1,1,1,1,1,1,1,1,,,,,,,,,,,,
3012,32,16,32,1,1,0,1,1,1,0,1,1,1,1,1,,,,,,,,,,,,
3013,32,16,32,1,1,0,1,1,1,1,0,1,1,1,1,,,,,,,,,,,,
3014,32,16,32,1,1,0,1,1,1,1,1,0,1,1,1,,,,,,,,,,,,
3015,32,16,32,1,1,0,1,1,1,1,1,1,0,1,1,,,,,,,,,,,,
3016,32,16,32,1,1,0,1,1,1,1,1,1,1,0,1,,,,,,,,,,,,
3017,32,16,32,1,1,0,1,1,1,1,1,1,1,1,0,,,,,,,,,,,,
3018,32,16,32,1,1,1,0,1,1,1,1,1,1,1,1,,,,,,,,,,,,
3019,32,16,32,1,1,1,0,1,1,0,1,1,1,1,1,,,,,,,,,,,,
3020,32,16,32,1,1,1,0,1,1,1,0,1,1,1,1,,,,,,,,,,,,
3021,32,16,32,1,1,1,0,1,1,1,1,0,1,1,1,,,,,,,,,,,,
3022,32,16,32,1,1,1,0,1,1,1,1,1,0,1,1,,,,,,,,,,,,
3023,32,16,32,1,1,1,0,1,1,1,1,1,1,0,1,,,,,,,,,,,,
3024,32,16,32,1,1,1,0,1,1,1,1,1,1,1,0,,,,,,,,,,,,
3025,32,16,32,1,1,1,1,0,1,1,1,1,1,1,1,,,,,,,,,,,,
3026,32,16,32,1,1,1,1,0,1,0,1,1,1,1,1,,,,,,,,,,,,
3027,32,16,32,1,1,1,1,0,1,1,0,1,1,1,1,,,,,,,,,,,,
3028,32,16,32,1,1,1,1,0,1,1,1,0,1,1,1,,,,,,,,,,,,
3029,32,16,32,1,1,1,1,0,1,1,1,1,0,1,1,,,,,,,,,,,,
3030,32,16,32,1,1,1,1,0,1,1,1,1,1,0,1,,,,,,,,,,,,
3031,32,16,32,1,1,1,1,0,1,1,1,1,1,1,0,,,,,,,,,,,,
3032,32,16,32,1,1,1,1,1,0,1,1,1,1,1,1,,,,,,,,,,,,
3033,32,16,32,1,1,1,1,1,0,0,1,1,1,1,1,,,,,,,,,,,,
3034,32,16,32,1,1,1,1,1,0,1,0,1,1,1,1,,,,,,,,,,,,
3035,32,16,32,1,1,1,1,1,0,1,1,0,1,1,1,,,,,,,,,,,,
3036,32,16,32,1,1,1,1,1,0,1,1,1,0,1,1,,,,,,,,,,,,
3037,32,16,32,1,1,1,1,1,0,1,1,1,1,0,1,,,,,,,,,,,,
3038,32,16,32,1,1,1,1,1,0,1,1,1,1,1,0,,,,,,,,,,,,
3039,96,96,96,1,1,1,1,1,1,1,1,1,1,1,1,,,,,,,,,,,,
3040,96,96,96,1,1,1,1,1,1,0,1,1,1,1,1,,,,,,,,,,,,
3041,96,96,96,1,1,1,1,1,1,1,0,1,1,1,1,,,,,,,,,,,,
3042,96,96,96,1,1,1,1,1,1,1,1,0,1,1,1,,,,,,,,,,,,
3043,96,96,96,1,1,1,1,1,1,1,1,1,0,1,1,,,,,,,,,,,,
3044,96,96,96,1,1,1,1,1,1,1,1,1,1,0,1,,,,,,,,,,,,
3045,96,96,96,1,1,1,1,1,1,1,1,1,1,1,0,,,,,,,,,,,,
3046,96,96,96,0,1,1,1,1,1,1,1,1,1,1,1,,,,,,,,,,,,
3047,96,96,96,0,1,1,1,1,1,0,1,1,1,1,1,,,,,,,,,,,,
3048,96,96,96,0,1,1,1,1,1,1,0,1,1,1,1,,,,,,,,,,,,
3049,96,96,96,0,1,1,1,1,1,1,1,0,1,1,1,,,,,,,,,,,,
3050,96,96,96,0,1,1,1,1,1,1,1,1,0,1,1,,,,,,,,,,,,
3051,96,96,96,0,1,1,1,1,1,1,1,1,1,0,1,,,,,,,,,,,,
3052,96,96,96,0,1,1,1,1,1,1,1,1,1,1,0,,,,,,,,,,,,
3053,96,96,96,1,0,1,1,1,1,1,1,1,1,1,1,,,,,,,,,,,,
3054,96,96,96,1,0,1,1,1,1,0,1,1,1,1,1,,,,,,,,,,,,
3055,96,96,96,1,0,1,1,1,1,1,0,1,1,1,1,,,,,,,,,,,,
3056,96,96,96,1,0,1,1,1,1,1,1,0,1,1,1,,,,,,,,,,,,
3057,96,96,96,1,0,1,1,1,1,1,1,1,0,1,1,,,,,,,,,,,,
3058,96,96,96,1,0,1,1,1,1,1,1,1,1,0,1,,,,,,,,,,,,
3059,96,96,96,1,0,1,1,1,1,1,1,1,1,1,0,,,,,,,,,,,,
3060,96,96,96,1,1,0,1,1,1,1,1,1,1,1,1,,,,,,,,,,,,
3061,96,96,96,1,1,0,1,1,1,0,1,1,1,1,1,,,,,,,,,,,,
3062,96,96,96,1,1,0,1,1,1,1,0,1,1,1,1,,,,,,,,,,,,
3063,96,96,96,1,1,0,1,1,1,1,1,0,1,1,1,,,,,,,,,,,,
3064,96,96,96,1,1,0,1,1,1,1,1,1,0,1,1,,,,,,,,,,,,
3065,96,96,96,1,1,0,1,1,1,1,1,1,1,0,1,,,,,,,,,,,,
3066,96,96,96,1,1,0,1,1,1,1,1,1,1,1,0,,,,,,,,,,,,
3067,96,96,96,1,1,1,0,1,1,1,1,1,1,1,1,,,,,,,,,,,,
3068,96,96,96,1,1,1,0,1,1,0,1,1,1,1,1,,,,,,,,,,,,
3069,96,96,96,1,1,1,0,1,1,1,0,1,1,1,1,,,,,,,,,,,,
3070,96,96,96,1,1,1,0,1,1,1,1,0,1,1,1,,,,,,,,,,,,
3071,96,96,96,1,1,1,0,1,1,1,1,1,0,1,1,,,,,,,,,,,,
3072,96,96,96,1,1,1,0,1,1,1,1,1,1,0,1,,,,,,,,,,,,
3073,96,96,96,1,1,1,0,1,1,1,1,1,1,1,0,,,,,,,,,,,,
3074,96,96,96,1,1,1,1,0,1,1,1,1,1,1,1,,,,,,,,,,,,
3075,96,96,96,1,1,1,1,0,1,0,1,1,1,1,1,,,,,,,,,,,,
3076,96,96,96,1,1,1,1,0,1,1,0,1,1,1,1,,,,,,,,,,,,
3077,96,96,96,1,1,1,1,0,1,1,1,0,1,1,1,,,,,,,,,,,,
3078,96,96,96,1,1,1,1,0,1,1,1,1,0,1,1,,,,,,,,,,,,
3079,96,96,96,1,1,1,1,0,1,1,1,1,1,0,1,,,,,,,,,,,,
3080,96,96,96,1,1,1,1,0,1,1,1,1,1,1,0,,,,,,,,,,,,
3081,96,96,96,1,1,1,1,1,0,1,1,1,1,1,1,,,,,,,,,,,,
3082,96,96,96,1,1,1,1,1,0,0,1,1,1,1,1,,,,,,,,,,,,
3083,96,96,96,1,1,1,1,1,0,1,0,1,1,1,1,,,,,,,,,,,,
3084,96,96,96,1,1,1,1,1,0,1,1,0,1,1,1,,,,,,,,,,,,
3085,96,96,96,1,1,1,1,1,0,1,1,1,0,1,1,,,,,,,,,,,,
3086,96,96,96,1,1,1,1,1,0,1,1,1,1,0,1,,,,,,,,,,,,
3087,96,96,96,1,1,1,1,1,0,1,1,1,1,1,0,,,,,,,,,,,,
3088,96,32,24,1,1,1,1,1,1,1,1,1,1,1,1,,,,,,,,,,,,
3089,96,32,24,1,1,1,1,1,1,0,1,1,1,1,1,,,,,,,,,,,,
3090,96,32,24,1,1,1,1,1,1,1,0,1,1,1,1,,,,,,,,,,,,
3091,96,32,24,1,1,1,1,1,1,1,1,0,1,1,1,,,,,,,,,,,,
3092,96,32,24,1,1,1,1,1,1,1,1,1,0,1,1,,,,,,,,,,,,
3093,96,32,24,1,1,1,1,1,1,1,1,1,1,0,1,,,,,,,,,,,,
3094,96,32,24,1,1,1,1,1,1,1,1,1,1,1,0,,,,,,,,,,,,
3095,96,32,24,0,1,1,1,1,1,1,1,1,1,1,1,,,,,,,,,,,,
3096,96,32,24,0,1,1,1,1,1,0,1,1,1,1,1,,,,,,,,,,,,
3097,96,32,24,0,1,1,1,1,1,1,0,1,1,1,1,,,,,,,,,,,,
3098,96,32,24,0,1,1,1,1,1,1,1,0,1,1,1,,,,,,,,,,,,
3099,96,32,24,0,1,1,1,1,1,1,1,1,0,1,1,,,,,,,,,,,,
3100,96,32,24,0,1,1,1,1,1,1,1,1,1,0,1,,,,,,,,,,,,
3101,96,32,24,0,1,1,1,1,1,1,1,1,1,1,0,,,,,,,,,,,,
3102,96,32,24,1,0,1,1,1,1,1,1,1,1,1,1,,,,,,,,,,,,
3103,96,32,24,1,0,1,1,1,1,0,1,1,1,1,1,,,,,,,,,,,,
3104,96,32,24,1,0,1,1,1,1,1,0,1,1,1,1,,,,,,,,,,,,
3105,96,32,24,1,0,1,1,1,1,1,1,0,1,1,1,,,,,,,,,,,,
3106,96,32,24,1,0,1,1,1,1,1,1,1,0,1,1,,,,,,,,,,,,
3107,96,32,24,1,0,1,1,1,1,1,1,1,1,0,1,,,,,,,,,,,,
3108,96,32,24,1,0,1,1,1,1,1,1,1,1,1,0,,,,,,,,,,,,
3109,96,32,24,1,1,0,1,1,1,1,1,1,1,1,1,,,,,,,,,,,,
3110,96,32,24,1,1,0,1,1,1,0,1,1,1,1,1,,,,,,,,,,,,
3111,96,32,24,1,1,0,1,1,1,1,0,1,1,1,1,,,,,,,,,,,,
3112,96,32,24,1,1,0,1,1,1,1,1,0,1,1,1,,,,,,,,,,,,
3113,96,32,24,1,1,0,1,1,1,1,1,1,0,1,1,,,,,,,,,,,,
3114,96,32,24,1,1,0,1,1,1,1,1,1,1,0,1,,,,,,,,,,,,
3115,96,32,24,1,1,0,1,1,1,1,1,1,1,1,0,,,,,,,,,,,,
3116,96,32,24,1,1,1,0,1,1,1,1,1,1,1,1,,,,,,,,,,,,
3117,96,32,24,1,1,1,0,1,1,0,1,1,1,1,1,,,,,,,,,,,,
3118,96,32,24,1,1,1,0,1,1,1,0,1,1,1,1,,,,,,,,,,,,
3119,96,32,24,1,1,1,0,1,1,1,1,0,1,1,1,,,,,,,,,,,,
3120,96,32,24,1,1,1,0,1,1,1,1,1,0,1,1,,,,,,,,,,,,
3121,96,32,24,1,1,1,0,1,1,1,1,1,1,0,1,,,,,,,,,,,,
3122,96,32,24,1,1,1,0,1,1,1,1,1,1,1,0,,,,,,,,,,,,
3123,96,32,24,1,1,1,1,0,1,1,1,1,1,1,1,,,,,,,,,,,,
3124,96,32,24,1,1,1,1,0,1,0,1,1,1,1,1,,,,,,,,,,,,
3125,96,32,24,1,1,1,1,0,1,1,0,1,1,1,1,,,,,,,,,,,,
3126,96,32,24,1,1,1,1,0,1,1,1,0,1,1,1,,,,,,,,,,,,
3127,96,32,24,1,1,1,1,0,1,1,1,1,0,1,1,,,,,,,,,,,,
3128,96,32,24,1,1,1,1,0,1,1,1,1,1,0,1,,,,,,,,,,,,
3129,96,32,24,1,1,1,1,0,1,1,1,1,1,1,0,,,,,,,,,,,,
3130,96,32,24,1,1,1,1,1,0,1,1,1,1,1,1,,,,,,,,,,,,
3131,96,32,24,1,1,1,1,1,0,0,1,1,1,1,1,,,,,,,,,,,,
3132,96,32,24,1,1,1,1,1,0,1,0,1,1,1,1,,,,,,,,,,,,
3133,96,32,24,1,1,1,1,1,0,1,1,0,1,1,1,,,,,,,,,,,,
3134,96,32,24,1,1,1,1,1,0,1,1,1,0,1,1,,,,,,,,,,,,
3135,96,32,24,1,1,1,1,1,0,1,1,1,1,0,1,,,,,,,,,,,,
3136,96,32,24,1,1,1,1,1,0,1,1,1,1,1,0,,,,,,,,,,,,
3137,24,16,32,1,1,1,1,1,1,1,1,1,1,1,1,,,,,,,,,,,,
3138,24,16,32,1,1,1,1,1,1,0,1,1,1,1,1,,,,,,,,,,,,
3139,24,16,32,1,1,1,1,1,1,1,0,1,1,1,1,,,,,,,,,,,,
3140,24,16,32,1,1,1,1,1,1,1,1,0,1,1,1,,,,,,,,,,,,
3141,24,16,32,1,1,1,1,1,1,1,1,1,0,1,1,,,,,,,,,,,,
3142,24,16,32,1,1,1,1,1,1,1,1,1,1,0,1,,,,,,,,,,,,
3143,24,16,32,1,1,1,1,1,1,1,1,1,1,1,0,,,,,,,,,,,,
3144,24,16,32,0,1,1,1,1,1,1,1,1,1,1,1,,,,,,,,,,,,
3145,24,16,32,0,1,1,1,1,1,0,1,1,1,1,1,,,,,,,,,,,,
3146,24,16,32,0,1,1,1,1,1,1,0,1,1,1,1,,,,,,,,,,,,
3147,24,16,32,0,1,1,1,1,1,1,1,0,1,1,1,,,,,,,,,,,,
3148,24,16,32,0,1,1,1,1,1,1,1,1,0,1,1,,,,,,,,,,,,
3149,24,16,32,0,1,1,1,1,1,1,1,1,1,0,1,,,,,,,,,,,,
3150,24,16,32,0,1,1,1,1,1,1,1,1,1,1,0,,,,,,,,,,,,
3151,24,16,32,1,0,1,1,1,1,1,1,1,1,1,1,,,,,,,,,,,,
3152,24,16,32,1,0,1,1,1,1,0,1,1,1,1,1,,,,,,,,,,,,
3153,24,16,32,1,0,1,1,1,1,1,0,1,1,1,1,,,,,,,,,,,,
3154,24,16,32,1,0,1,1,1,1,1,1,0,1,1,1,,,,,,,,,,,,
3155,24,16,32,1,0,1,1,1,1,1,1,1,0,1,1,,,,,,,,,,,,
3156,24,16,32,1,0,1,1,1,1,1,1,1,1,0,1,,,,,,,,,,,,
3157,24,16,32,1,0,1,1,1,1,1,1,1,1,1,0,,,,,,,,,,,,
3158,24,16,32,1,1,0,1,1,1,1,1,1,1,1,1,,,,,,,,,,,,
3159,24,16,32,1,1,0,1,1,1,0,1,1,1,1,1,,,,,,,,,,,,
3160,24,16,32,1,1,0,1,1,1,1,0,1,1,1,1,,,,,,,,,,,,
3161,24,16,32,1,1,0,1,1,1,1,1,0,1,1,1,,,,,,,,,,,,
3162,24,16,32,1,1,0,1,1,1,1,1,1,0,1,1,,,,,,,,,,,,
3163,24,16,32,1,1,0,1,1,1,1,1,1,1,0,1,,,,,,,,,,,,
3164,24,16,32,1,1,0,1,1,1,1,1,1,1,1,0,,,,,,,,,,,,
3165,24,16,32,1,1,1,0,1,1,1,1,1,1,1,1,,,,,,,,,,,,
3166,24,16,32,1,1,1,0,1,1,0,1,1,1,1,1,,,,,,,,,,,,
3167,24,16,32,1,1,1,0,1,1,1,0,1,1,1,1,,,,,,,,,,,,
3168,24,16,32,1,1,1,0,1,1,1,1,0,1,1,1,,,,,,,,,,,,
3169,24,16,32,1,1,1,0,1,1,1,1,1,0,1,1,,,,,,,,,,,,
3170,24,16,32,1,1,1,0,1,1,1,1,1,1,0,1,,,,,,,,,,,,
3171,24,16,32,1,1,1,0,1,1,1,1,1,1,1,0,,,,,,,,,,,,
3172,24,16,32,1,1,1,1,0,1,1,1,1,1,1,1,,,,,,,,,,,,
3173,24,16,32,1,1,1,1,0,1,0,1,1,1,1,1,,,,,,,,,,,,
3174,24,16,32,1,1,1,1,0,1,1,0,1,1,1,1,,,,,,,,,,,,
3175,24,16,32,1,1,1,1,0,1,1,1,0,1,1,1,,,,,,,,,,,,
3176,24,16,32,1,1,1,1,0,1,1,1,1,0,1,1,,,,,,,,,,,,
3177,24,16,32,1,1,1,1,0,1,1,1,1,1,0,1,,,,,,,,,,,,
3178,24,16,32,1,1,1,1,0,1,1,1,1,1,1,0,,,,,,,,,,,,
3179,24,16,32,1,1,1,1,1,0,1,1,1,1,1,1,,,,,,,,,,,,
3180,24,16,32,1,1,1,1,1,0,0,1,1,1,1,1,,,,,,,,,,,,
3181,24,16,32,1,1,1,1,1,0,1,0,1,1,1,1,,,,,,,,,,,,
3182,24,16,32,1,1,1,1,1,0,1,1,0,1,1,1,,,,,,,,,,,,
3183,24,16,32,1,1,1,1,1,0,1,1,1,0,1,1,,,,,,,,,,,,
3184,24,16,32,1,1,1,1,1,0,1,1,1,1,0,1,,,,,,,,,,,,
3185,24,16,32,1,1,1,1,1,0,1,1,1,1,1,0,,,,,,,,,,,,
3186,48,48,48,1,1,1,1,1,1,1,1,1,1,1,1,,,,,,,,,,,,
3187,48,48,48,1,1,1,1,1,1,0,1,1,1,1,1,,,,,,,,,,,,
3188,48,48,48,1,1,1,1,1,1,1,0,1,1,1,1,,,,,,,,,,,,
3189,48,48,48,1,1,1,1,1,1,1,1,0,1,1,1,,,,,,,,,,,,
3190,48,48,48,1,1,1,1,1,1,1,1,1,0,1,1,,,,,,,,,,,,
3191,48,48,48,1,1,1,1,1,1,1,1,1,1,0,1,,,,,,,,,,,,
3192,48,48,48,1,1,1,1,1,1,1,1,1,1,1,0,,,,,,,,,,,,
3193,48,48,48,0,1,1,1,1,1,1,1,1,1,1,1,,,,,,,,,,,,
3194,48,48,48,0,1,1,1,1,1,0,1,1,1,1,1,,,,,,,,,,,,
3195,48,48,48,0,1,1,1,1,1,1,0,1,1,1,1,,,,,,,,,,,,
3196,48,48,48,0,1,1,1,1,1,1,1,0,1,1,1,,,,,,,,,,,,
3197,48,48,48,0,1,1,1,1,1,1,1,1,0,1,1,,,,,,,,,,,,
3198,48,48,48,0,1,1,1,1,1,1,1,1,1,0,1,,,,,,,,,,,,
3199,48,48,48,0,1,1,1,1,1,1,1,1,1,1,0,,,,,,,,,,,,
3200,48,48,48,1,0,1,1,1,1,1,1,1,1,1,1,,,,,,,,,,,,
3201,48,48,48,1,0,1,1,1,1,0,1,1,1,1,1,,,,,,,,,,,,
3202,48,48,48,1,0,1,1,1,1,1,0,1,1,1,1,,,,,,,,,,,,
3203,48,48,48,1,0,1,1,1,1,1,1,0,1,1,1,,,,,,,,,,,,
3204,48,48,48,1,0,1,1,1,1,1,1,1,0,1,1,,,,,,,,,,,,
3205,48,48,48,1,0,1,1,1,1,1,1,1,1,0,1,,,,,,,,,,,,
3206,48,48,48,1,0,1,1,1,1,1,1,1,1,1,0,,,,,,,,,,,,
3207,48,48,48,1,1,0,1,1,1,1,1,1,1,1,1,,,,,,,,,,,,
3208,48,48,48,1,1,0,1,1,1,0,1,1,1,1,1,,,,,,,,,,,,
3209,48,48,48,1,1,0,1,1,1,1,0,1,1,1,1,,,,,,,,,,,,
3210,48,48,48,1,1,0,1,1,1,1,1,0,1,1,1,,,,,,,,,,,,
3211,48,48,48,1,1,0,1,1,1,1,1,1,0,1,1,,,,,,,,,,,,
3212,48,48,48,1,1,0,1,1,1,1,1,1,1,0,1,,,,,,,,,,,,
3213,48,48,48,1,1,0,1,1,1,1,1,1,1,1,0,,,,,,,,,,,,
3214,48,48,48,1,1,1,0,1,1,1,1,1,1,1,1,,,,,,,,,,,,
3215,48,48,48,1,1,1,0,1,1,0,1,1,1,1,1,,,,,,,,,,,,
3216,48,48,48,1,1,1,0,1,1,1,0,1,1,1,1,,,,,,,,,,,,
3217,48,48,48,1,1,1,0,1,1,1,1,0,1,1,1,,,,,,,,,,,,
3218,48,48,48,1,1,1,0,1,1,1,1,1,0,1,1,,,,,,,,,,,,
3219,48,48,48,1,1,1,0,1,1,1,1,1,1,0,1,,,,,,,,,,,,
3220,48,48,48,1,1,1,0,1,1,1,1,1,1,1,0,,,,,,,,,,,,
3221,48,48,48,1,1,1,1,0,1,1,1,1,1,1,1,,,,,,,,,,,,
3222,48,48,48,1,1,1,1,0,1,0,1,1,1,1,1,,,,,,,,,,,,
3223,48,48,48,1,1,1,1,0,1,1,0,1,1,1,1,,,,,,,,,,,,
3224,48,48,48,1,1,1,1,0,1,1,1,0,1,1,1,,,,,,,,,,,,
3225,48,48,48,1,1,1,1,0,1,1,1,1,0,1,1,,,,,,,,,,,,
3226,48,48,48,1,1,1,1,0,1,1,1,1,1,0,1,,,,,,,,,,,,
3227,48,48,48,1,1,1,1,0,1,1,1,1,1,1,0,,,,,,,,,,,,
3228,48,48,48,1,1,1,1,1,0,1,1,1,1,1,1,,,,,,,,,,,,
3229,48,48,48,1,1,1,1,1,0,0,1,1,1,1,1,,,,,,,,,,,,
3230,48,48,48,1,1,1,1,1,0,1,0,1,1,1,1,,,,,,,,,,,,
3231,48,48,48,1,1,1,1,1,0,1,1,0,1,1,1,,,,,,,,,,,,
3232,48,48,48,1,1,1,1,1,0,1,1,1,0,1,1,,,,,,,,,,,,
3233,48,48,48,1,1,1,1,1,0,1,1,1,1,0,1,,,,,,,,,,,,
3234,48,48,48,1,1,1,1,1,0,1,1,1,1,1,0,,,,,,,,,,,,
3235,64,64,32,1,1,1,1,1,1,1,1,1,1,1,1,,,,,,,,,,,,
3236,64,64,32,1,1,1,1,1,1,0,1,1,1,1,1,,,,,,,,,,,,
3237,64,64,32,1,1,1,1,1,1,1,0,1,1,1,1,,,,,,,,,,,,
3238,64,64,32,1,1,1,1,1,1,1,1,0,1,1,1,,,,,,,,,,,,
3239,64,64,32,1,1,1,1,1,1,1,1,1,0,1,1,,,,,,,,,,,,
3240,64,64,32,1,1,1,1,1,1,1,1,1,1,0,1,,,,,,,,,,,,
3241,64,64,32,1,1,1,1,1,1,1,1,1,1,1,0,,,,,,,,,,,,
3242,64,64,32,0,1,1,1,1,1,1,1,1,1,1,1,,,,,,,,,,,,
3243,64,64,32,0,1,1,1,1,1,0,1,1,1,1,1,,,,,,,,,,,,
3244,64,64,32,0,1,1,1,1,1,1,0,1,1,1,1,,,,,,,,,,,,
3245,64,64,32,0,1,1,1,1,1,1,1,0,1,1,1,,,,,,,,,,,,
3246,64,64,32,0,1,1,1,1,1,1,1,1,0,1,1,,,,,,,,,,,,
3247,64,64,32,0,1,1,1,1,1,1,1,1,1,0,1,,,,,,,,,,,,
3248,64,64,32,0,1,1,1,1,1,1,1,1,1,1,0,,,,,,,,,,,,
3249,64,64,32,1,0,1,1,1,1,1,1,1,1,1,1,,,,,,,,,,,,
3250,64,64,32,1,0,1,1,1,1,0,1,1,1,1,1,,,,,,,,,,,,
3251,64,64,32,1,0,1,1,1,1,1,0,1,1,1,1,,,,,,,,,,,,
3252,64,64,32,1,0,1,1,1,1,1,1,0,1,1,1,,,,,,,,,,,,
3253,64,64,32,1,0,1,1,1,1,1,1,1,0,1,1,,,,,,,,,,,,
3254,64,64,32,1,0,1,1,1,1,1,1,1,1,0,1,,,,,,,,,,,,
3255,64,64,32,1,0,1,1,1,1,1,1,1,1,1,0,,,,,,,,,,,,
3256,64,64,32,1,1,0,1,1,1,1,1,1,1,1,1,,,,,,,,,,,,
3257,64,64,32,1,1,0,1,1,1,0,1,1,1,1,1,,,,,,,,,,,,
3258,64,64,32,1,1,0,1,1,1,1,0,1,1,1,1,,,,,,,,,,,,
3259,64,64,32,1,1,0,1,1,1,1,1,0,1,1,1,,,,,,,,,,,,
3260,64,64,32,1,1,0,1,1,1,1,1,1,0,1,1,,,,,,,,,,,,
3261,64,64,32,1,1,0,1,1,1,1,1,1,1,0,1,,,,,,,,,,,,
3262,64,64,32,1,1,0,1,1,1,1,1,1,1,1,0,,,,,,,,,,,,
3263,64,64,32,1,1,1,0,1,1,1,1,1,1,1,1,,,,,,,,,,,,
3264,64,64,32,1,1,1,0,1,1,0,1,1,1,1,1,,,,,,,,,,,,
3265,64,64,32,1,1,1,0,1,1,1,0,1,1,1,1,,,,,,,,,,,,
3266,64,64,32,1,1,1,0,1,1,1,1,0,1,1,1,,,,,,,,,,,,
3267,64,64,32,1,1,1,0,1,1,1,1,1,0,1,1,,,,,,,,,,,,
3268,64,64,32,1,1,1,0,1,1,1,1,1,1,0,1,,,,,,,,,,,,
3269,64,64,32,1,1,1,0,1,1,1,1,1,1,1,0,,,,,,,,,,,,
3270,64,64,32,1,1,1,1,0,1,1,1,1,1,1,1,,,,,,,,,,,,
3271,64,64,32,1,1,1,1,0,1,0,1,1,1,1,1,,,,,,,,,,,,
3272,64,64,32,1,1,1,1,0,1,1,0,1,1,1,1,,,,,,,,,,,,
3273,64,64,32,1,1,1,1,0,1,1,1,0,1,1,1,,,,,,,,,,,,
3274,64,64,32,1,1,1,1,0,1,1,1,1,0,1,1,,,,,,,,,,,,
3275,64,64,32,1,1,1,1,0,1,1,1,1,1,0,1,,,,,,,,,,,,
3276,64,64,32,1,1,1,1,0,1,1,1,1,1,1,0,,,,,,,,,,,,
3277,64,64,32,1,1,1,1,1,0,1,1,1,1,1,1,,,,,,,,,,,,
3278,64,64,32,1,1,1,1,1,0,0,1,1,1,1,1,,,,,,,,,,,,
3279,64,64,32,1,1,1,1,1,0,1,0,1,1,1,1,,,,,,,,,,,,
3280,64,64,32,1,1,1,1,1,0,1,1,0,1,1,1,,,,,,,,,,,,
3281,64,64,32,1,1,1,1,1,0,1,1,1,0,1,1,,,,,,,,,,,,
3282,64,64,32,1,1,1,1,1,0,1,1,1,1,0,1,,,,,,,,,,,,
3283,64,64,32,1,1,1,1,1,0,1,1,1,1,1,0,,,,,,,,,,,,
3284,24,32,32,1,1,1,1,1,1,1,1,1,1,1,1,,,,,,,,,,,,
3285,24,32,32,1,1,1,1,1,1,0,1,1,1,1,1,,,,,,,,,,,,
3286,24,32,32,1,1,1,1,1,1,1,0,1,1,1,1,,,,,,,,,,,,
3287,24,32,32,1,1,1,1,1,1,1,1,0,1,1,1,,,,,,,,,,,,
3288,24,32,32,1,1,1,1,1,1,1,1,1,0,1,1,,,,,,,,,,,,
3289,24,32,32,1,1,1,1,1,1,1,1,1,1,0,1,,,,,,,,,,,,
3290,24,32,32,1,1,1,1,1,1,1,1,1,1,1,0,,,,,,,,,,,,
3291,24,32,32,0,1,1,1,1,1,1,1,1,1,1,1,,,,,,,,,,,,
3292,24,32,32,0,1,1,1,1,1,0,1,1,1,1,1,,,,,,,,,,,,
3293,24,32,32,0,1,1,1,1,1,1,0,1,1,1,1,,,,,,,,,,,,
3294,24,32,32,0,1,1,1,1,1,1,1,0,1,1,1,,,,,,,,,,,,
3295,24,32,32,0,1,1,1,1,1,1,1,1,0,1,1,,,,,,,,,,,,
3296,24,32,32,0,1,1,1,1,1,1,1,1,1,0,1,,,,,,,,,,,,
3297,24,32,32,0,1,1,1,1,1,1,1,1,1,1,0,,,,,,,,,,,,
3298,24,32,32,1,0,1,1,1,1,1,1,1,1,1,1,,,,,,,,,,,,
3299,24,32,32,1,0,1,1,1,1,0,1,1,1,1,1,,,,,,,,,,,,
3300,24,32,32,1,0,1,1,1,1,1,0,1,1,1,1,,,,,,,,,,,,
3301,24,32,32,1,0,1,1,1,1,1,1,0,1,1,1,,,,,,,,,,,,
3302,24,32,32,1,0,1,1,1,1,1,1,1,0,1,1,,,,,,,,,,,,
3303,24,32,32,1,0,1,1,1,1,1,1,1,1,0,1,,,,,,,,,,,,
3304,24,32,32,1,0,1,1,1,1,1,1,1,1,1,0,,,,,,,,,,,,
3305,24,32,32,1,1,0,1,1,1,1,1,1,1,1,1,,,,,,,,,,,,
3306,24,32,32,1,1,0,1,1,1,0,1,1,1,1,1,,,,,,,,,,,,
3307,24,32,32,1,1,0,1,1,1,1,0,1,1,1,1,,,,,,,,,,,,
3308,24,32,32,1,1,0,1,1,1,1,1,0,1,1,1,,,,,,,,,,,,
3309,24,32,32,1,1,0,1,1,1,1,1,1,0,1,1,,,,,,,,,,,,
3310,24,32,32,1,1,0,1,1,1,1,1,1,1,0,1,,,,,,,,,,,,
3311,24,32,32,1,1,0,1,1,1,1,1,1,1,1,0,,,,,,,,,,,,
3312,24,32,32,1,1,1,0,1,1,1,1,1,1,1,1,,,,,,,,,,,,
3313,24,32,32,1,1,1,0,1,1,0,1,1,1,1,1,,,,,,,,,,,,
3314,24,32,32,1,1,1,0,1,1,1,0,1,1,1,1,,,,,,,,,,,,
3315,24,32,32,1,1,1,0,1,1,1,1,0,1,1,1,,,,,,,,,,,,
3316,24,32,32,1,1,1,0,1,1,1,1,1,0,1,1,,,,,,,,,,,,
3317,24,32,32,1,1,1,0,1,1,1,1,1,1,0,1,,,,,,,,,,,,
3318,24,32,32,1,1,1,0,1,1,1,1,1,1,1,0,,,,,,,,,,,,
3319,24,32,32,1,1,1,1,0,1,1,1,1,1,1,1,,,,,,,,,,,,
3320,24,32,32,1,1,1,1,0,1,0,1,1,1,1,1,,,,,,,,,,,,
3321,24,32,32,1,1,1,1,0,1,1,0,1,1,1,1,,,,,,,,,,,,
3322,24,32,32,1,1,1,1,0,1,1,1,0,1,1,1,,,,,,,,,,,,
3323,24,32,32,1,1,1,1,0,1,1,1,1,0,1,1,,,,,,,,,,,,
3324,24,32,32,1,1,1,1,0,1,1,1,1,1,0,1,,,,,,,,,,,,
3325,24,32,32,1,1,1,1,0,1,1,1,1,1,1,0,,,,,,,,,,,,
3326,24,32,32,1,1,1,1,1,0,1,1,1,1,1,1,,,,,,,,,,,,
3327,24,32,32,1,1,1,1,1,0,0,1,1,1,1,1,,,,,,,,,,,,
3328,24,32,32,1,1,1,1,1,0,1,0,1,1,1,1,,,,,,,,,,,,
3329,24,32,32,1,1,1,1,1,0,1,1,0,1,1,1,,,,,,,,,,,,
3330,24,32,32,1,1,1,1,1,0,1,1,1,0,1,1,,,,,,,,,,,,
3331,24,32,32,1,1,1,1,1,0,1,1,1,1,0,1,,,,,,,,,,,,
3332,24,32,32,1,1,1,1,1,0,1,1,1,1,1,0,,,,,,,,,,,,
3333,48,32,32,1,1,1,1,1,1,1,1,1,1,1,1,,,,,,,,,,,,
3334,48,32,32,1,1,1,1,1,1,0,1,1,1,1,1,,,,,,,,,,,,
3335,48,32,32,1,1,1,1,1,1,1,0,1,1,1,1,,,,,,,,,,,,
3336,48,32,32,1,1,1,1,1,1,1,1,0,1,1,1,,,,,,,,,,,,
3337,48,32,32,1,1,1,1,1,1,1,1,1,0,1,1,,,,,,,,,,,,
3338,48,32,32,1,1,1,1,1,1,1,1,1,1,0,1,,,,,,,,,,,,
3339,48,32,32,1,1,1,1,1,1,1,1,1,1,1,0,,,,,,,,,,,,
3340,48,32,32,0,1,1,1,1,1,1,1,1,1,1,1,,,,,,,,,,,,
3341,48,32,32,0,1,1,1,1,1,0,1,1,1,1,1,,,,,,,,,,,,
3342,48,32,32,0,1,1,1,1,1,1,0,1,1,1,1,,,,,,,,,,,,
3343,48,32,32,0,1,1,1,1,1,1,1,0,1,1,1,,,,,,,,,,,,
3344,48,32,32,0,1,1,1,1,1,1,1,1,0,1,1,,,,,,,,,,,,
3345,48,32,32,0,1,1,1,1,1,1,1,1,1,0,1,,,,,,,,,,,,
3346,48,32,32,0,1,1,1,1,1,1,1,1,1,1,0,,,,,,,,,,,,
3347,48,32,32,1,0,1,1,1,1,1,1,1,1,1,1,,,,,,,,,,,,
3348,48,32,32,1,0,1,1,1,1,0,1,1,1,1,1,,,,,,,,,,,,
3349,48,32,32,1,0,1,1,1,1,1,0,1,1,1,1,,,,,,,,,,,,
3350,48,32,32,1,0,1,1,1,1,1,1,0,1,1,1,,,,,,,,,,,,
3351,48,32,32,1,0,1,1,1,1,1,1,1,0,1,1,,,,,,,,,,,,
3352,48,32,32,1,0,1,1,1,1,1,1,1,1,0,1,,,,,,,,,,,,
3353,48,32,32,1,0,1,1,1,1,1,1,1,1,1,0,,,,,,,,,,,,
3354,48,32,32,1,1,0,1,1,1,1,1,1,1,1,1,,,,,,,,,,,,
3355,48,32,32,1,1,0,1,1,1,0,1,1,1,1,1,,,,,,,,,,,,
3356,48,32,32,1,1,0,1,1,1,1,0,1,1,1,1,,,,,,,,,,,,
3357,48,32,32,1,1,0,1,1,1,1,1,0,1,1,1,,,,,,,,,,,,
3358,48,32,32,1,1,0,1,1,1,1,1,1,0,1,1,,,,,,,,,,,,
3359,48,32,32,1,1,0,1,1,1,1,1,1,1,0,1,,,,,,,,,,,,
3360,48,32,32,1,1,0,1,1,1,1,1,1,1,1,0,,,,,,,,,,,,
3361,48,32,32,1,1,1,0,1,1,1,1,1,1,1,1,,,,,,,,,,,,
3362,48,32,32,1,1,1,0,1,1,0,1,1,1,1,1,,,,,,,,,,,,
3363,48,32,32,1,1,1,0,1,1,1,0,1,1,1,1,,,,,,,,,,,,
3364,48,32,32,1,1,1,0,1,1,1,1,0,1,1,1,,,,,,,,,,,,
3365,48,32,32,1,1,1,0,1,1,1,1,1,0,1,1,,,,,,,,,,,,
3366,48,32,32,1,1,1,0,1,1,1,1,1,1,0,1,,,,,,,,,,,,
3367,48,32,32,1,1,1,0,1,1,1,1,1,1,1,0,,,,,,,,,,,,
3368,48,32,32,1,1,1,1,0,1,1,1,1,1,1,1,,,,,,,,,,,,
3369,48,32,32,1,1,1,1,0,1,0,1,1,1,1,1,,,,,,,,,,,,
3370,48,32,32,1,1,1,1,0,1,1,0,1,1,1,1,,,,,,,,,,,,
3371,48,32,32,1,1,1,1,0,1,1,1,0,1,1,1,,,,,,,,,,,,
3372,48,32,32,1,1,1,1,0,1,1,1,1,0,1,1,,,,,,,,,,,,
3373,48,32,32,1,1,1,1,0,1,1,1,1,1,0,1,,,,,,,,,,,,
3374,48,32,32,1,1,1,1,0,1,1,1,1,1,1,0,,,,,,,,,,,,
3375,48,32,32,1,1,1,1,1,0,1,1,1,1,1,1,,,,,,,,,,,,
3376,48,32,32,1,1,1,1,1,0,0,1,1,1,1,1,,,,,,,,,,,,
3377,48,32,32,1,1,1,1,1,0,1,0,1,1,1,1,,,,,,,,,,,,
3378,48,32,32,1,1,1,1,1,0,1,1,0,1,1,1,,,,,,,,,,,,
3379,48,32,32,1,1,1,1,1,0,1,1,1,0,1,1,,,,,,,,,,,,
3380,48,32,32,1,1,1,1,1,0,1,1,1,1,0,1,,,,,,,,,,,,
3381,48,32,32,1,1,1,1,1,0,1,1,1,1,1,0,,,,,,,,,,,,
3382,48,24,32,1,1,1,1,1,1,1,1,1,1,1,1,,,,,,,,,,,,
3383,48,24,32,1,1,1,1,1,1,0,1,1,1,1,1,,,,,,,,,,,,
3384,48,24,32,1,1,1,1,1,1,1,0,1,1,1,1,,,,,,,,,,,,
3385,48,24,32,1,1,1,1,1,1,1,1,0,1,1,1,,,,,,,,,,,,
3386,48,24,32,1,1,1,1,1,1,1,1,1,0,1,1,,,,,,,,,,,,
3387,48,24,32,1,1,1,1,1,1,1,1,1,1,0,1,,,,,,,,,,,,
3388,48,24,32,1,1,1,1,1,1,1,1,1,1,1,0,,,,,,,,,,,,
3389,48,24,32,0,1,1,1,1,1,1,1,1,1,1,1,,,,,,,,,,,,
3390,48,24,32,0,1,1,1,1,1,0,1,1,1,1,1,,,,,,,,,,,,
3391,48,24,32,0,1,1,1,1,1,1,0,1,1,1,1,,,,,,,,,,,,
3392,48,24,32,0,1,1,1,1,1,1,1,0,1,1,1,,,,,,,,,,,,
3393,48,24,32,0,1,1,1,1,1,1,1,1,0,1,1,,,,,,,,,,,,
3394,48,24,32,0,1,1,1,1,1,1,1,1,1,0,1,,,,,,,,,,,,
3395,48,24,32,0,1,1,1,1,1,1,1,1,1,1,0,,,,,,,,,,,,
3396,48,24,32,1,0,1,1,1,1,1,1,1,1,1,1,,,,,,,,,,,,
3397,48,24,32,1,0,1,1,1,1,0,1,1,1,1,1,,,,,,,,,,,,
3398,48,24,32,1,0,1,1,1,1,1,0,1,1,1,1,,,,,,,,,,,,
3399,48,24,32,1,0,1,1,1,1,1,1,0,1,1,1,,,,,,,,,,,,
3400,48,24,32,1,0,1,1,1,1,1,1,1,0,1,1,,,,,,,,,,,,
3401,48,24,32,1,0,1,1,1,1,1,1,1,1,0,1,,,,,,,,,,,,
3402,48,24,32,1,0,1,1,1,1,1,1,1,1,1,0,,,,,,,,,,,,
3403,48,24,32,1,1,0,1,1,1,1,1,1,1,1,1,,,,,,,,,,,,
3404,48,24,32,1,1,0,1,1,1,0,1,1,1,1,1,,,,,,,,,,,,
3405,48,24,32,1,1,0,1,1,1,1,0,1,1,1,1,,,,,,,,,,,,
3406,48,24,32,1,1,0,1,1,1,1,1,0,1,1,1,,,,,,,,,,,,
3407,48,24,32,1,1,0,1,1,1,1,1,1,0,1,1,,,,,,,,,,,,
3408,48,24,32,1,1,0,1,1,1,1,1,1,1,0,1,,,,,,,,,,,,
3409,48,24,32,1,1,0,1,1,1,1,1,1,1,1,0,,,,,,,,,,,,
3410,48,24,32,1,1,1,0,1,1,1,1,1,1,1,1,,,,,,,,,,,,
3411,48,24,32,1,1,1,0,1,1,0,1,1,1,1,1,,,,,,,,,,,,
3412,48,24,32,1,1,1,0,1,1,1,0,1,1,1,1,,,,,,,,,,,,
3413,48,24,32,1,1,1,0,1,1,1,1,0,1,1,1,,,,,,,,,,,,
3414,48,24,32,1,1,1,0,1,1,1,1,1,0,1,1,,,,,,,,,,,,
3415,48,24,32,1,1,1,0,1,1,1,1,1,1,0,1,,,,,,,,,,,,
3416,48,24,32,1,1,1,0,1,1,1,1,1,1,1,0,,,,,,,,,,,,
3417,48,24,32,1,1,1,1,0,1,1,1,1,1,1,1,,,,,,,,,,,,
3418,48,24,32,1,1,1,1,0,1,0,1,1,1,1,1,,,,,,,,,,,,
3419,48,24,32,1,1,1,1,0,1,1,0,1,1,1,1,,,,,,,,,,,,
3420,48,24,32,1,1,1,1,0,1,1,1,0,1,1,1,,,,,,,,,,,,
3421,48,24,32,1,1,1,1,0,1,1,1,1,0,1,1,,,,,,,,,,,,
3422,48,24,32,1,1,1,1,0,1,1,1,1,1,0,1,,,,,,,,,,,,
3423,48,24,32,1,1,1,1,0,1,1,1,1,1,1,0,,,,,,,,,,,,
3424,48,24,32,1,1,1,1,1,0,1,1,1,1,1,1,,,,,,,,,,,,
3425,48,24,32,1,1,1,1,1,0,0,1,1,1,1,1,,,,,,,,,,,,
3426,48,24,32,1,1,1,1,1,0,1,0,1,1,1,1,,,,,,,,,,,,
3427,48,24,32,1,1,1,1,1,0,1,1,0,1,1,1,,,,,,,,,,,,
3428,48,24,32,1,1,1,1,1,0,1,1,1,0,1,1,,,,,,,,,,,,
3429,48,24,32,1,1,1,1,1,0,1,1,1,1,0,1,,,,,,,,,,,,
3430,48,24,32,1,1,1,1,1,0,1,1,1,1,1,0,,,,,,,,,,,,
3431,16,32,64,1,1,1,1,1,1,1,1,1,1,1,1,,,,,,,,,,,,
3432,16,32,64,1,1,1,1,1,1,0,1,1,1,1,1,,,,,,,,,,,,
3433,16,32,64,1,1,1,1,1,1,1,0,1,1,1,1,,,,,,,,,,,,
3434,16,32,64,1,1,1,1,1,1,1,1,0,1,1,1,,,,,,,,,,,,
3435,16,32,64,1,1,1,1,1,1,1,1,1,0,1,1,,,,,,,,,,,,
3436,16,32,64,1,1,1,1,1,1,1,1,1,1,0,1,,,,,,,,,,,,
3437,16,32,64,1,1,1,1,1,1,1,1,1,1,1,0,,,,,,,,,,,,
3438,16,32,64,0,1,1,1,1,1,1,1,1,1,1,1,,,,,,,,,,,,
3439,16,32,64,0,1,1,1,1,1,0,1,1,1,1,1,,,,,,,,,,,,
3440,16,32,64,0,1,1,1,1,1,1,0,1,1,1,1,,,,,,,,,,,,
3441,16,32,64,0,1,1,1,1,1,1,1,0,1,1,1,,,,,,,,,,,,
3442,16,32,64,0,1,1,1,1,1,1,1,1,0,1,1,,,,,,,,,,,,
3443,16,32,64,0,1,1,1,1,1,1,1,1,1,0,1,,,,,,,,,,,,
3444,16,32,64,0,1,1,1,1,1,1,1,1,1,1,0,,,,,,,,,,,,
3445,16,32,64,1,0,1,1,1,1,1,1,1,1,1,1,,,,,,,,,,,,
3446,16,32,64,1,0,1,1,1,1,0,1,1,1,1,1,,,,,,,,,,,,
3447,16,32,64,1,0,1,1,1,1,1,0,1,1,1,1,,,,,,,,,,,,
3448,16,32,64,1,0,1,1,1,1,1,1,0,1,1,1,,,,,,,,,,,,
3449,16,32,64,1,0,1,1,1,1,1,1,1,0,1,1,,,,,,,,,,,,
3450,16,32,64,1,0,1,1,1,1,1,1,1,1,0,1,,,,,,,,,,,,
3451,16,32,64,1,0,1,1,1,1,1,1,1,1,1,0,,,,,,,,,,,,
3452,16,32,64,1,1,0,1,1,1,1,1,1,1,1,1,,,,,,,,,,,,
3453,16,32,64,1,1,0,1,1,1,0,1,1,1,1,1,,,,,,,,,,,,
3454,16,32,64,1,1,0,1,1,1,1,0,1,1,1,1,,,,,,,,,,,,
3455,16,32,64,1,1,0,1,1,1,1,1,0,1,1,1,,,,,,,,,,,,
3456,16,32,64,1,1,0,1,1,1,1,1,1,0,1,1,,,,,,,,,,,,
3457,16,32,64,1,1,0,1,1,1,1,1,1,1,0,1,,,,,,,,,,,,
3458,16,32,64,1,1,0,1,1,1,1,1,1,1,1,0,,,,,,,,,,,,
3459,16,32,64,1,1,1,0,1,1,1,1,1,1,1,1,,,,,,,,,,,,
3460,16,32,64,1,1,1,0,1,1,0,1,1,1,1,1,,,,,,,,,,,,
3461,16,32,64,1,1,1,0,1,1,1,0,1,1,1,1,,,,,,,,,,,,
3462,16,32,64,1,1,1,0,1,1,1,1,0,1,1,1,,,,,,,,,,,,
3463,16,32,64,1,1,1,0,1,1,1,1,1,0,1,1,,,,,,,,,,,,
3464,16,32,64,1,1,1,0,1,1,1,1,1,1,0,1,,,,,,,,,,,,
3465,16,32,64,1,1,1,0,1,1,1,1,1,1,1,0,,,,,,,,,,,,
3466,16,32,64,1,1,1,1,0,1,1,1,1,1,1,1,,,,,,,,,,,,
3467,16,32,64,1,1,1,1,0,1,0,1,1,1,1,1,,,,,,,,,,,,
3468,16,32,64,1,1,1,1,0,1,1,0,1,1,1,1,,,,,,,,,,,,
3469,16,32,64,1,1,1,1,0,1,1,1,0,1,1,1,,,,,,,,,,,,
3470,16,32,64,1,1,1,1,0,1,1,1,1,0,1,1,,,,,,,,,,,,
3471,16,32,64,1,1,1,1,0,1,1,1,1,1,0,1,,,,,,,,,,,,
3472,16,32,64,1,1,1,1,0,1,1,1,1,1,1,0,,,,,,,,,,,,
3473,16,32,64,1,1,1,1,1,0,1,1,1,1,1,1,,,,,,,,,,,,
3474,16,32,64,1,1,1,1,1,0,0,1,1,1,1,1,,,,,,,,,,,,
3475,16,32,64,1,1,1,1,1,0,1,0,1,1,1,1,,,,,,,,,,,,
3476,16,32,64,1,1,1,1,1,0,1,1,0,1,1,1,,,,,,,,,,,,
3477,16,32,64,1,1,1,1,1,0,1,1,1,0,1,1,,,,,,,,,,,,
3478,16,32,64,1,1,1,1,1,0,1,1,1,1,0,1,,,,,,,,,,,,
3479,16,32,64,1,1,1,1,1,0,1,1,1,1,1,0,,,,,,,,,,,,
3480,16,64,32,1,1,1,1,1,1,1,1,1,1,1,1,,,,,,,,,,,,
3481,16,64,32,1,1,1,1,1,1,0,1,1,1,1,1,,,,,,,,,,,,
3482,16,64,32,1,1,1,1,1,1,1,0,1,1,1,1,,,,,,,,,,,,
3483,16,64,32,1,1,1,1,1,1,1,1,0,1,1,1,,,,,,,,,,,,
3484,16,64,32,1,1,1,1,1,1,1,1,1,0,1,1,,,,,,,,,,,,
3485,16,64,32,1,1,1,1,1,1,1,1,1,1,0,1,,,,,,,,,,,,
3486,16,64,32,1,1,1,1,1,1,1,1,1,1,1,0,,,,,,,,,,,,
3487,16,64,32,0,1,1,1,1,1,1,1,1,1,1,1,,,,,,,,,,,,
3488,16,64,32,0,1,1,1,1,1,0,1,1,1,1,1,,,,,,,,,,,,
3489,16,64,32,0,1,1,1,1,1,1,0,1,1,1,1,,,,,,,,,,,,
3490,16,64,32,0,1,1,1,1,1,1,1,0,1,1,1,,,,,,,,,,,,
3491,16,64,32,0,1,1,1,1,1,1,1,1,0,1,1,,,,,,,,,,,,
3492,16,64,32,0,1,1,1,1,1,1,1,1,1,0,1,,,,,,,,,,,,
3493,16,64,32,0,1,1,1,1,1,1,1,1,1,1,0,,,,,,,,,,,,
3494,16,64,32,1,0,1,1,1,1,1,1,1,1,1,1,,,,,,,,,,,,
3495,16,64,32,1,0,1,1,1,1,0,1,1,1,1,1,,,,,,,,,,,,
3496,16,64,32,1,0,1,1,1,1,1,0,1,1,1,1,,,,,,,,,,,,
3497,16,64,32,1,0,1,1,1,1,1,1,0,1,1,1,,,,,,,,,,,,
3498,16,64,32,1,0,1,1,1,1,1,1,1,0,1,1,,,,,,,,,,,,
3499,16,64,32,1,0,1,1,1,1,1,1,1,1,0,1,,,,,,,,,,,,
3500,16,64,32,1,0,1,1,1,1,1,1,1,1,1,0,,,,,,,,,,,,
3501,16,64,32,1,1,0,1,1,1,1,1,1,1,1,1,,,,,,,,,,,,
3502,16,64,32,1,1,0,1,1,1,0,1,1,1,1,1,,,,,,,,,,,,
3503,16,64,32,1,1,0,1,1,1,1,0,1,1,1,1,,,,,,,,,,,,
3504,16,64,32,1,1,0,1,1,1,1,1,0,1,1,1,,,,,,,,,,,,
3505,16,64,32,1,1,0,1,1,1,1,1,1,0,1,1,,,,,,,,,,,,
3506,16,64,32,1,1,0,1,1,1,1,1,1,1,0,1,,,,,,,,,,,,
3507,16,64,32,1,1,0,1,1,1,1,1,1,1,1,0,,,,,,,,,,,,
3508,16,64,32,1,1,1,0,1,1,1,1,1,1,1,1,,,,,,,,,,,,
3509,16,64,32,1,1,1,0,1,1,0,1,1,1,1,1,,,,,,,,,,,,
3510,16,64,32,1,1,1,0,1,1,1,0,1,1,1,1,,,,,,,,,,,,
3511,16,64,32,1,1,1,0,1,1,1,1,0,1,1,1,,,,,,,,,,,,
3512,16,64,32,1,1,1,0,1,1,1,1,1,0,1,1,,,,,,,,,,,,
3513,16,64,32,1,1,1,0,1,1,1,1,1,1,0,1,,,,,,,,,,,,
3514,16,64,32,1,1,1,0,1,1,1,1,1,1,1,0,,,,,,,,,,,,
3515,16,64,32,1,1,1,1,0,1,1,1,1,1,1,1,,,,,,,,,,,,
3516,16,64,32,1,1,1,1,0,1,0,1,1,1,1,1,,,,,,,,,,,,
3517,16,64,32,1,1,1,1,0,1,1,0,1,1,1,1,,,,,,,,,,,,
3518,16,64,32,1,1,1,1,0,1,1,1,0,1,1,1,,,,,,,,,,,,
3519,16,64,32,1,1,1,1,0,1,1,1,1,0,1,1,,,,,,,,,,,,
3520,16,64,32,1,1,1,1,0,1,1,1,1,1,0,1,,,,,,,,,,,,
3521,16,64,32,1,1,1,1,0,1,1,1,1,1,1,0,,,,,,,,,,,,
3522,16,64,32,1,1,1,1,1,0,1,1,1,1,1,1,,,,,,,,,,,,
3523,16,64,32,1,1,1,1,1,0,0,1,1,1,1,1,,,,,,,,,,,,
3524,16,64,32,1,1,1,1,1,0,1,0,1,1,1,1,,,,,,,,,,,,
3525,16,64,32,1,1,1,1,1,0,1,1,0,1,1,1,,,,,,,,,,,,
3526,16,64,32,1,1,1,1,1,0,1,1,1,0,1,1,,,,,,,,,,,,
3527,16,64,32,1,1,1,1,1,0,1,1,1,1,0,1,,,,,,,,,,,,
3528,16,64,32,1,1,1,1,1,0,1,1,1,1,1,0,,,,,,,,,,,,
3529,96,32,48,1,1,1,1,1,1,1,1,1,1,1,1,,,,,,,,,,,,
3530,96,32,48,1,1,1,1,1,1,0,1,1,1,1,1,,,,,,,,,,,,
3531,96,32,48,1,1,1,1,1,1,1,0,1,1,1,1,,,,,,,,,,,,
3532,96,32,48,1,1,1,1,1,1,1,1,0,1,1,1,,,,,,,,,,,,
3533,96,32,48,1,1,1,1,1,1,1,1,1,0,1,1,,,,,,,,,,,,
3534,96,32,48,1,1,1,1,1,1,1,1,1,1,0,1,,,,,,,,,,,,
3535,96,32,48,1,1,1,1,1,1,1,1,1,1,1,0,,,,,,,,,,,,
3536,96,32,48,0,1,1,1,1,1,1,1,1,1,1,1,,,,,,,,,,,,
3537,96,32,48,0,1,1,1,1,1,0,1,1,1,1,1,,,,,,,,,,,,
3538,96,32,48,0,1,1,1,1,1,1,0,1,1,1,1,,,,,,,,,,,,
3539,96,32,48,0,1,1,1,1,1,1,1,0,1,1,1,,,,,,,,,,,,
3540,96,32,48,0,1,1,1,1,1,1,1,1,0,1,1,,,,,,,,,,,,
3541,96,32,48,0,1,1,1,1,1,1,1,1,1,0,1,,,,,,,,,,,,
3542,96,32,48,0,1,1,1,1,1,1,1,1,1,1,0,,,,,,,,,,,,
3543,96,32,48,1,0,1,1,1,1,1,1,1,1,1,1,,,,,,,,,,,,
3544,96,32,48,1,0,1,1,1,1,0,1,1,1,1,1,,,,,,,,,,,,
3545,96,32,48,1,0,1,1,1,1,1,0,1,1,1,1,,,,,,,,,,,,
3546,96,32,48,1,0,1,1,1,1,1,1,0,1,1,1,,,,,,,,,,,,
3547,96,32,48,1,0,1,1,1,1,1,1,1,0,1,1,,,,,,,,,,,,
3548,96,32,48,1,0,1,1,1,1,1,1,1,1,0,1,,,,,,,,,,,,
3549,96,32,48,1,0,1,1,1,1,1,1,1,1,1,0,,,,,,,,,,,,
3550,96,32,48,1,1,0,1,1,1,1,1,1,1,1,1,,,,,,,,,,,,
3551,96,32,48,1,1,0,1,1,1,0,1,1,1,1,1,,,,,,,,,,,,
3552,96,32,48,1,1,0,1,1,1,1,0,1,1,1,1,,,,,,,,,,,,
3553,96,32,48,1,1,0,1,1,1,1,1,0,1,1,1,,,,,,,,,,,,
3554,96,32,48,1,1,0,1,1,1,1,1,1,0,1,1,,,,,,,,,,,,
3555,96,32,48,1,1,0,1,1,1,1,1,1,1,0,1,,,,,,,,,,,,
3556,96,32,48,1,1,0,1,1,1,1,1,1,1,1,0,,,,,,,,,,,,
3557,96,32,48,1,1,1,0,1,1,1,1,1,1,1,1,,,,,,,,,,,,
3558,96,32,48,1,1,1,0,1,1,0,1,1,1,1,1,,,,,,,,,,,,
3559,96,32,48,1,1,1,0,1,1,1,0,1,1,1,1,,,,,,,,,,,,
3560,96,32,48,1,1,1,0,1,1,1,1,0,1,1,1,,,,,,,,,,,,
3561,96,32,48,1,1,1,0,1,1,1,1,1,0,1,1,,,,,,,,,,,,
3562,96,32,48,1,1,1,0,1,1,1,1,1,1,0,1,,,,,,,,,,,,
3563,96,32,48,1,1,1,0,1,1,1,1,1,1,1,0,,,,,,,,,,,,
3564,96,32,48,1,1,1,1,0,1,1,1,1,1,1,1,,,,,,,,,,,,
3565,96,32,48,1,1,1,1,0,1,0,1,1,1,1,1,,,,,,,,,,,,
3566,96,32,48,1,1,1,1,0,1,1,0,1,1,1,1,,,,,,,,,,,,
3567,96,32,48,1,1,1,1,0,1,1,1,0,1,1,1,,,,,,,,,,,,
3568,96,32,48,1,1,1,1,0,1,1,1,1,0,1,1,,,,,,,,,,,,
3569,96,32,48,1,1,1,1,0,1,1,1,1,1,0,1,,,,,,,,,,,,
3570,96,32,48,1,1,1,1,0,1,1,1,1,1,1,0,,,,,,,,,,,,
3571,96,32,48,1,1,1,1,1,0,1,1,1,1,1,1,,,,,,,,,,,,
3572,96,32,48,1,1,1,1,1,0,0,1,1,1,1,1,,,,,,,,,,,,
3573,96,32,48,1,1,1,1,1,0,1,0,1,1,1,1,,,,,,,,,,,,
3574,96,32,48,1,1,1,1,1,0,1,1,0,1,1,1,,,,,,,,,,,,
3575,96,32,48,1,1,1,1,1,0,1,1,1,0,1,1,,,,,,,,,,,,
3576,96,32,48,1,1,1,1,1,0,1,1,1,1,0,1,,,,,,,,,,,,
3577,96,32,48,1,1,1,1,1,0,1,1,1,1,1,0,,,,,,,,,,,,
3578,48,32,64,1,1,1,1,1,1,1,1,1,1,1,1,,,,,,,,,,,,
3579,48,32,64,1,1,1,1,1,1,0,1,1,1,1,1,,,,,,,,,,,,
3580,48,32,64,1,1,1,1,1,1,1,0,1,1,1,1,,,,,,,,,,,,
3581,48,32,64,1,1,1,1,1,1,1,1,0,1,1,1,,,,,,,,,,,,
3582,48,32,64,1,1,1,1,1,1,1,1,1,0,1,1,,,,,,,,,,,,
3583,48,32,64,1,1,1,1,1,1,1,1,1,1,0,1,,,,,,,,,,,,
3584,48,32,64,1,1,1,1,1,1,1,1,1,1,1,0,,,,,,,,,,,,
3585,48,32,64,0,1,1,1,1,1,1,1,1,1,1,1,,,,,,,,,,,,
3586,48,32,64,0,1,1,1,1,1,0,1,1,1,1,1,,,,,,,,,,,,
3587,48,32,64,0,1,1,1,1,1,1,0,1,1,1,1,,,,,,,,,,,,
3588,48,32,64,0,1,1,1,1,1,1,1,0,1,1,1,,,,,,,,,,,,
3589,48,32,64,0,1,1,1,1,1,1,1,1,0,1,1,,,,,,,,,,,,
3590,48,32,64,0,1,1,1,1,1,1,1,1,1,0,1,,,,,,,,,,,,
3591,48,32,64,0,1,1,1,1,1,1,1,1,1,1,0,,,,,,,,,,,,
3592,48,32,64,1,0,1,1,1,1,1,1,1,1,1,1,,,,,,,,,,,,
3593,48,32,64,1,0,1,1,1,1,0,1,1,1,1,1,,,,,,,,,,,,
3594,48,32,64,1,0,1,1,1,1,1,0,1,1,1,1,,,,,,,,,,,,
3595,48,32,64,1,0,1,1,1,1,1,1,0,1,1,1,,,,,,,,,,,,
3596,48,32,64,1,0,1,1,1,1,1,1,1,0,1,1,,,,,,,,,,,,
3597,48,32,64,1,0,1,1,1,1,1,1,1,1,0,1,,,,,,,,,,,,
3598,48,32,64,1,0,1,1,1,1,1,1,1,1,1,0,,,,,,,,,,,,
3599,48,32,64,1,1,0,1,1,1,1,1,1,1,1,1,,,,,,,,,,,,
3600,48,32,64,1,1,0,1,1,1,0,1,1,1,1,1,,,,,,,,,,,,
3601,48,32,64,1,1,0,1,1,1,1,0,1,1,1,1,,,,,,,,,,,,
3602,48,32,64,1,1,0,1,1,1,1,1,0,1,1,1,,,,,,,,,,,,
3603,48,32,64,1,1,0,1,1,1,1,1,1,0,1,1,,,,,,,,,,,,
3604,48,32,64,1,1,0,1,1,1,1,1,1,1,0,1,,,,,,,,,,,,
3605,48,32,64,1,1,0,1,1,1,1,1,1,1,1,0,,,,,,,,,,,,
3606,48,32,64,1,1,1,0,1,1,1,1,1,1,1,1,,,,,,,,,,,,
3607,48,32,64,1,1,1,0,1,1,0,1,1,1,1,1,,,,,,,,,,,,
3608,48,32,64,1,1,1,0,1,1,1,0,1,1,1,1,,,,,,,,,,,,
3609,48,32,64,1,1,1,0,1,1,1,1,0,1,1,1,,,,,,,,,,,,
3610,48,32,64,1,1,1,0,1,1,1,1,1,0,1,1,,,,,,,,,,,,
3611,48,32,64,1,1,1,0,1,1,1,1,1,1,0,1,,,,,,,,,,,,
3612,48,32,64,1,1,1,0,1,1,1,1,1,1,1,0,,,,,,,,,,,,
3613,48,32,64,1,1,1,1,0,1,1,1,1,1,1,1,,,,,,,,,,,,
3614,48,32,64,1,1,1,1,0,1,0,1,1,1,1,1,,,,,,,,,,,,
3615,48,32,64,1,1,1,1,0,1,1,0,1,1,1,1,,,,,,,,,,,,
3616,48,32,64,1,1,1,1,0,1,1,1,0,1,1,1,,,,,,,,,,,,
3617,48,32,64,1,1,1,1,0,1,1,1,1,0,1,1,,,,,,,,,,,,
3618,48,32,64,1,1,1,1,0,1,1,1,1,1,0,1,,,,,,,,,,,,
3619,48,32,64,1,1,1,1,0,1,1,1,1,1,1,0,,,,,,,,,,,,
3620,48,32,64,1,1,1,1,1,0,1,1,1,1,1,1,,,,,,,,,,,,
3621,48,32,64,1,1,1,1,1,0,0,1,1,1,1,1,,,,,,,,,,,,
3622,48,32,64,1,1,1,1,1,0,1,0,1,1,1,1,,,,,,,,,,,,
3623,48,32,64,1,1,1,1,1,0,1,1,0,1,1,1,,,,,,,,,,,,
3624,48,32,64,1,1,1,1,1,0,1,1,1,0,1,1,,,,,,,,,,,,
3625,48,32,64,1,1,1,1,1,0,1,1,1,1,0,1,,,,,,,,,,,,
3626,48,32,64,1,1,1,1,1,0,1,1,1,1,1,0,,,,,,,,,,,,
3627,32,32,48,1,1,1,1,1,1,1,1,1,1,1,1,,,,,,,,,,,,
3628,32,32,48,1,1,1,1,1,1,0,1,1,1,1,1,,,,,,,,,,,,
3629,32,32,48,1,1,1,1,1,1,1,0,1,1,1,1,,,,,,,,,,,,
3630,32,32,48,1,1,1,1,1,1,1,1,0,1,1,1,,,,,,,,,,,,
3631,32,32,48,1,1,1,1,1,1,1,1,1,0,1,1,,,,,,,,,,,,
3632,32,32,48,1,1,1,1,1,1,1,1,1,1,0,1,,,,,,,,,,,,
3633,32,32,48,1,1,1,1,1,1,1,1,1,1,1,0,,,,,,,,,,,,
3634,32,32,48,0,1,1,1,1,1,1,1,1,1,1,1,,,,,,,,,,,,
3635,32,32,48,0,1,1,1,1,1,0,1,1,1,1,1,,,,,,,,,,,,
3636,32,32,48,0,1,1,1,1,1,1,0,1,1,1,1,,,,,,,,,,,,
3637,32,32,48,0,1,1,1,1,1,1,1,0,1,1,1,,,,,,,,,,,,
3638,32,32,48,0,1,1,1,1,1,1,1,1,0,1,1,,,,,,,,,,,,
3639,32,32,48,0,1,1,1,1,1,1,1,1,1,0,1,,,,,,,,,,,,
3640,32,32,48,0,1,1,1,1,1,1,1,1,1,1,0,,,,,,,,,,,,
3641,32,32,48,1,0,1,1,1,1,1,1,1,1,1,1,,,,,,,,,,,,
3642,32,32,48,1,0,1,1,1,1,0,1,1,1,1,1,,,,,,,,,,,,
3643,32,32,48,1,0,1,1,1,1,1,0,1,1,1,1,,,,,,,,,,,,
3644,32,32,48,1,0,1,1,1,1,1,1,0,1,1,1,,,,,,,,,,,,
3645,32,32,48,1,0,1,1,1,1,1,1,1,0,1,1,,,,,,,,,,,,
3646,32,32,48,1,0,1,1,1,1,1,1,1,1,0,1,,,,,,,,,,,,
3647,32,32,48,1,0,1,1,1,1,1,1,1,1,1,0,,,,,,,,,,,,
3648,32,32,48,1,1,0,1,1,1,1,1,1,1,1,1,,,,,,,,,,,,
3649,32,32,48,1,1,0,1,1,1,0,1,1,1,1,1,,,,,,,,,,,,
3650,32,32,48,1,1,0,1,1,1,1,0,1,1,1,1,,,,,,,,,,,,
3651,32,32,48,1,1,0,1,1,1,1,1,0,1,1,1,,,,,,,,,,,,
3652,32,32,48,1,1,0,1,1,1,1,1,1,0,1,1,,,,,,,,,,,,
3653,32,32,48,1,1,0,1,1,1,1,1,1,1,0,1,,,,,,,,,,,,
3654,32,32,48,1,1,0,1,1,1,1,1,1,1,1,0,,,,,,,,,,,,
3655,32,32,48,1,1,1,0,1,1,1,1,1,1,1,1,,,,,,,,,,,,
3656,32,32,48,1,1,1,0,1,1,0,1,1,1,1,1,,,,,,,,,,,,
3657,32,32,48,1,1,1,0,1,1,1,0,1,1,1,1,,,,,,,,,,,,
3658,32,32,48,1,1,1,0,1,1,1,1,0,1,1,1,,,,,,,,,,,,
3659,32,32,48,1,1,1,0,1,1,1,1,1,0,1,1,,,,,,,,,,,,
3660,32,32,48,1,1,1,0,1,1,1,1,1,1,0,1,,,,,,,,,,,,
3661,32,32,48,1,1,1,0,1,1,1,1,1,1,1,0,,,,,,,,,,,,
3662,32,32,48,1,1,1,1,0,1,1,1,1,1,1,1,,,,,,,,,,,,
3663,32,32,48,1,1,1,1,0,1,0,1,1,1,1,1,,,,,,,,,,,,
3664,32,32,48,1,1,1,1,0,1,1,0,1,1,1,1,,,,,,,,,,,,
3665,32,32,48,1,1,1,1,0,1,1,1,0,1,1,1,,,,,,,,,,,,
3666,32,32,48,1,1,1,1,0,1,1,1,1,0,1,1,,,,,,,,,,,,
3667,32,32,48,1,1,1,1,0,1,1,1,1,1,0,1,,,,,,,,,,,,
3668,32,32,48,1,1,1,1,0,1,1,1,1,1,1,0,,,,,,,,,,,,
3669,32,32,48,1,1,1,1,1,0,1,1,1,1,1,1,,,,,,,,,,,,
3670,32,32,48,1,1,1,1,1,0,0,1,1,1,1,1,,,,,,,,,,,,
3671,32,32,48,1,1,1,1,1,0,1,0,1,1,1,1,,,,,,,,,,,,
3672,32,32,48,1,1,1,1,1,0,1,1,0,1,1,1,,,,,,,,,,,,
3673,32,32,48,1,1,1,1,1,0,1,1,1,0,1,1,,,,,,,,,,,,
3674,32,32,48,1,1,1,1,1,0,1,1,1,1,0,1,,,,,,,,,,,,
3675,32,32,48,1,1,1,1,1,0,1,1,1,1,1,0,,,,,,,,,,,,
3676,16,96,32,1,1,1,1,1,1,1,1,1,1,1,1,,,,,,,,,,,,
3677,16,96,32,1,1,1,1,1,1,0,1,1,1,1,1,,,,,,,,,,,,
3678,16,96,32,1,1,1,1,1,1,1,0,1,1,1,1,,,,,,,,,,,,
3679,16,96,32,1,1,1,1,1,1,1,1,0,1,1,1,,,,,,,,,,,,
3680,16,96,32,1,1,1,1,1,1,1,1,1,0,1,1,,,,,,,,,,,,
3681,16,96,32,1,1,1,1,1,1,1,1,1,1,0,1,,,,,,,,,,,,
3682,16,96,32,1,1,1,1,1,1,1,1,1,1,1,0,,,,,,,,,,,,
3683,16,96,32,0,1,1,1,1,1,1,1,1,1,1,1,,,,,,,,,,,,
3684,16,96,32,0,1,1,1,1,1,0,1,1,1,1,1,,,,,,,,,,,,
3685,16,96,32,0,1,1,1,1,1,1,0,1,1,1,1,,,,,,,,,,,,
3686,16,96,32,0,1,1,1,1,1,1,1,0,1,1,1,,,,,,,,,,,,
3687,16,96,32,0,1,1,1,1,1,1,1,1,0,1,1,,,,,,,,,,,,
3688,16,96,32,0,1,1,1,1,1,1,1,1,1,0,1,,,,,,,,,,,,
3689,16,96,32,0,1,1,1,1,1,1,1,1,1,1,0,,,,,,,,,,,,
3690,16,96,32,1,0,1,1,1,1,1,1,1,1,1,1,,,,,,,,,,,,
3691,16,96,32,1,0,1,1,1,1,0,1,1,1,1,1,,,,,,,,,,,,
3692,16,96,32,1,0,1,1,1,1,1,0,1,1,1,1,,,,,,,,,,,,
3693,16,96,32,1,0,1,1,1,1,1,1,0,1,1,1,,,,,,,,,,,,
3694,16,96,32,1,0,1,1,1,1,1,1,1,0,1,1,,,,,,,,,,,,
3695,16,96,32,1,0,1,1,1,1,1,1,1,1,0,1,,,,,,,,,,,,
3696,16,96,32,1,0,1,1,1,1,1,1,1,1,1,0,,,,,,,,,,,,
3697,16,96,32,1,1,0,1,1,1,1,1,1,1,1,1,,,,,,,,,,,,
3698,16,96,32,1,1,0,1,1,1,0,1,1,1,1,1,,,,,,,,,,,,
3699,16,96,32,1,1,0,1,1,1,1,0,1,1,1,1,,,,,,,,,,,,
3700,16,96,32,1,1,0,1,1,1,1,1,0,1,1,1,,,,,,,,,,,,
3701,16,96,32,1,1,0,1,1,1,1,1,1,0,1,1,,,,,,,,,,,,
3702,16,96,32,1,1,0,1,1,1,1,1,1,1,0,1,,,,,,,,,,,,
3703,16,96,32,1,1,0,1,1,1,1,1,1,1,1,0,,,,,,,,,,,,
3704,16,96,32,1,1,1,0,1,1,1,1,1,1,1,1,,,,,,,,,,,,
3705,16,96,32,1,1,1,0,1,1,0,1,1,1,1,1,,,,,,,,,,,,
3706,16,96,32,1,1,1,0,1,1,1,0,1,1,1,1,,,,,,,,,,,,
3707,16,96,32,1,1,1,0,1,1,1,1,0,1,1,1,,,,,,,,,,,,
3708,16,96,32,1,1,1,0,1,1,1,1,1,0,1,1,,,,,,,,,,,,
3709,16,96,32,1,1,1,0,1,1,1,1,1,1,0,1,,,,,,,,,,,,
3710,16,96,32,1,1,1,0,1,1,1,1,1,1,1,0,,,,,,,,,,,,
3711,16,96,32,1,1,1,1,0,1,1,1,1,1,1,1,,,,,,,,,,,,
3712,16,96,32,1,1,1,1,0,1,0,1,1,1,1,1,,,,,,,,,,,,
3713,16,96,32,1,1,1,1,0,1,1,0,1,1,1,1,,,,,,,,,,,,
3714,16,96,32,1,1,1,1,0,1,1,1,0,1,1,1,,,,,,,,,,,,
3715,16,96,32,1,1,1,1,0,1,1,1,1,0,1,1,,,,,,,,,,,,
3716,16,96,32,1,1,1,1,0,1,1,1,1,1,0,1,,,,,,,,,,,,
3717,16,96,32,1,1,1,1,0,1,1,1,1,1,1,0,,,,,,,,,,,,
3718,16,96,32,1,1,1,1,1,0,1,1,1,1,1,1,,,,,,,,,,,,
3719,16,96,32,1,1,1,1,1,0,0,1,1,1,1,1,,,,,,,,,,,,
3720,16,96,32,1,1,1,1,1,0,1,0,1,1,1,1,,,,,,,,,,,,
3721,16,96,32,1,1,1,1,1,0,1,1,0,1,1,1,,,,,,,,,,,,
3722,16,96,32,1,1,1,1,1,0,1,1,1,0,1,1,,,,,,,,,,,,
3723,16,96,32,1,1,1,1,1,0,1,1,1,1,0,1,,,,,,,,,,,,
3724,16,96,32,1,1,1,1,1,0,1,1,1,1,1,0,,,,,,,,,,,,
3725,32,96,16,1,1,1,1,1,1,1,1,1,1,1,1,,,,,,,,,,,,
3726,32,96,16,1,1,1,1,1,1,0,1,1,1,1,1,,,,,,,,,,,,
3727,32,96,16,1,1,1,1,1,1,1,0,1,1,1,1,,,,,,,,,,,,
3728,32,96,16,1,1,1,1,1,1,1,1,0,1,1,1,,,,,,,,,,,,
3729,32,96,16,1,1,1,1,1,1,1,1,1,0,1,1,,,,,,,,,,,,
3730,32,96,16,1,1,1,1,1,1,1,1,1,1,0,1,,,,,,,,,,,,
3731,32,96,16,1,1,1,1,1,1,1,1,1,1,1,0,,,,,,,,,,,,
3732,32,96,16,0,1,1,1,1,1,1,1,1,1,1,1,,,,,,,,,,,,
3733,32,96,16,0,1,1,1,1,1,0,1,1,1,1,1,,,,,,,,,,,,
3734,32,96,16,0,1,1,1,1,1,1,0,1,1,1,1,,,,,,,,,,,,
3735,32,96,16,0,1,1,1,1,1,1,1,0,1,1,1,,,,,,,,,,,,
3736,32,96,16,0,1,1,1,1,1,1,1,1,0,1,1,,,,,,,,,,,,
3737,32,96,16,0,1,1,1,1,1,1,1,1,1,0,1,,,,,,,,,,,,
3738,32,96,16,0,1,1,1,1,1,1,1,1,1,1,0,,,,,,,,,,,,
3739,32,96,16,1,0,1,1,1,1,1,1,1,1,1,1,,,,,,,,,,,,
3740,32,96,16,1,0,1,1,1,1,0,1,1,1,1,1,,,,,,,,,,,,
3741,32,96,16,1,0,1,1,1,1,1,0,1,1,1,1,,,,,,,,,,,,
3742,32,96,16,1,0,1,1,1,1,1,1,0,1,1,1,,,,,,,,,,,,
3743,32,96,16,1,0,1,1,1,1,1,1,1,0,1,1,,,,,,,,,,,,
3744,32,96,16,1,0,1,1,1,1,1,1,1,1,0,1,,,,,,,,,,,,
3745,32,96,16,1,0,1,1,1,1,1,1,1,1,1,0,,,,,,,,,,,,
3746,32,96,16,1,1,0,1,1,1,1,1,1,1,1,1,,,,,,,,,,,,
3747,32,96,16,1,1,0,1,1,1,0,1,1,1,1,1,,,,,,,,,,,,
3748,32,96,16,1,1,0,1,1,1,1,0,1,1,1,1,,,,,,,,,,,,
3749,32,96,16,1,1,0,1,1,1,1,1,0,1,1,1,,,,,,,,,,,,
3750,32,96,16,1,1,0,1,1,1,1,1,1,0,1,1,,,,,,,,,,,,
3751,32,96,16,1,1,0,1,1,1,1,1,1,1,0,1,,,,,,,,,,,,
3752,32,96,16,1,1,0,1,1,1,1,1,1,1,1,0,,,,,,,,,,,,
3753,32,96,16,1,1,1,0,1,1,1,1,1,1,1,1,,,,,,,,,,,,
3754,32,96,16,1,1,1,0,1,1,0,1,1,1,1,1,,,,,,,,,,,,
3755,32,96,16,1,1,1,0,1,1,1,0,1,1,1,1,,,,,,,,,,,,
3756,32,96,16,1,1,1,0,1,1,1,1,0,1,1,1,,,,,,,,,,,,
3757,32,96,16,1,1,1,0,1,1,1,1,1,0,1,1,,,,,,,,,,,,
3758,32,96,16,1,1,1,0,1,1,1,1,1,1,0,1,,,,,,,,,,,,
3759,32,96,16,1,1,1,0,1,1,1,1,1,1,1,0,,,,,,,,,,,,
3760,32,96,16,1,1,1,1,0,1,1,1,1,1,1,1,,,,,,,,,,,,
3761,32,96,16,1,1,1,1,0,1,0,1,1,1,1,1,,,,,,,,,,,,
3762,32,96,16,1,1,1,1,0,1,1,0,1,1,1,1,,,,,,,,,,,,
3763,32,96,16,1,1,1,1,0,1,1,1,0,1,1,1,,,,,,,,,,,,
3764,32,96,16,1,1,1,1,0,1,1,1,1,0,1,1,,,,,,,,,,,,
3765,32,96,16,1,1,1,1,0,1,1,1,1,1,0,1,,,,,,,,,,,,
3766,32,96,16,1,1,1,1,0,1,1,1,1,1,1,0,,,,,,,,,,,,
3767,32,96,16,1,1,1,1,1,0,1,1,1,1,1,1,,,,,,,,,,,,
3768,32,96,16,1,1,1,1,1,0,0,1,1,1,1,1,,,,,,,,,,,,
3769,32,96,16,1,1,1,1,1,0,1,0,1,1,1,1,,,,,,,,,,,,
3770,32,96,16,1,1,1,1,1,0,1,1,0,1,1,1,,,,,,,,,,,,
3771,32,96,16,1,1,1,1,1,0,1,1,1,0,1,1,,,,,,,,,,,,
3772,32,96,16,1,1,1,1,1,0,1,1,1,1,0,1,,,,,,,,,,,,
3773,32,96,16,1,1,1,1,1,0,1,1,1,1,1,0,,,,,,,,,,,,
3774,48,32,96,1,1,1,1,1,1,1,1,1,1,1,1,,,,,,,,,,,,
3775,48,32,96,1,1,1,1,1,1,0,1,1,1,1,1,,,,,,,,,,,,
3776,48,32,96,1,1,1,1,1,1,1,0,1,1,1,1,,,,,,,,,,,,
3777,48,32,96,1,1,1,1,1,1,1,1,0,1,1,1,,,,,,,,,,,,
3778,48,32,96,1,1,1,1,1,1,1,1,1,0,1,1,,,,,,,,,,,,
3779,48,32,96,1,1,1,1,1,1,1,1,1,1,0,1,,,,,,,,,,,,
3780,48,32,96,1,1,1,1,1,1,1,1,1,1,1,0,,,,,,,,,,,,
3781,48,32,96,0,1,1,1,1,1,1,1,1,1,1,1,,,,,,,,,,,,
3782,48,32,96,0,1,1,1,1,1,0,1,1,1,1,1,,,,,,,,,,,,
3783,48,32,96,0,1,1,1,1,1,1,0,1,1,1,1,,,,,,,,,,,,
3784,48,32,96,0,1,1,1,1,1,1,1,0,1,1,1,,,,,,,,,,,,
3785,48,32,96,0,1,1,1,1,1,1,1,1,0,1,1,,,,,,,,,,,,
3786,48,32,96,0,1,1,1,1,1,1,1,1,1,0,1,,,,,,,,,,,,
3787,48,32,96,0,1,1,1,1,1,1,1,1,1,1,0,,,,,,,,,,,,
3788,48,32,96,1,0,1,1,1,1,1,1,1,1,1,1,,,,,,,,,,,,
3789,48,32,96,1,0,1,1,1,1,0,1,1,1,1,1,,,,,,,,,,,,
3790,48,32,96,1,0,1,1,1,1,1,0,1,1,1,1,,,,,,,,,,,,
3791,48,32,96,1,0,1,1,1,1,1,1,0,1,1,1,,,,,,,,,,,,
3792,48,32,96,1,0,1,1,1,1,1,1,1,0,1,1,,,,,,,,,,,,
3793,48,32,96,1,0,1,1,1,1,1,1,1,1,0,1,,,,,,,,,,,,
3794,48,32,96,1,0,1,1,1,1,1,1,1,1,1,0,,,,,,,,,,,,
3795,48,32,96,1,1,0,1,1,1,1,1,1,1,1,1,,,,,,,,,,,,
3796,48,32,96,1,1,0,1,1,1,0,1,1,1,1,1,,,,,,,,,,,,
3797,48,32,96,1,1,0,1,1,1,1,0,1,1,1,1,,,,,,,,,,,,
3798,48,32,96,1,1,0,1,1,1,1,1,0,1,1,1,,,,,,,,,,,,
3799,48,32,96,1,1,0,1,1,1,1,1,1,0,1,1,,,,,,,,,,,,
3800,48,32,96,1,1,0,1,1,1,1,1,1,1,0,1,,,,,,,,,,,,
3801,48,32,96,1,1,0,1,1,1,1,1,1,1,1,0,,,,,,,,,,,,
3802,48,32,96,1,1,1,0,1,1,1,1,1,1,1,1,,,,,,,,,,,,
3803,48,32,96,1,1,1,0,1,1,0,1,1,1,1,1,,,,,,,,,,,,
3804,48,32,96,1,1,1,0,1,1,1,0,1,1,1,1,,,,,,,,,,,,
3805,48,32,96,1,1,1,0,1,1,1,1,0,1,1,1,,,,,,,,,,,,
3806,48,32,96,1,1,1,0,1,1,1,1,1,0,1,1,,,,,,,,,,,,
3807,48,32,96,1,1,1,0,1,1,1,1,1,1,0,1,,,,,,,,,,,,
3808,48,32,96,1,1,1,0,1,1,1,1,1,1,1,0,,,,,,,,,,,,
3809,48,32,96,1,1,1,1,0,1,1,1,1,1,1,1,,,,,,,,,,,,
3810,48,32,96,1,1,1,1,0,1,0,1,1,1,1,1,,,,,,,,,,,,
3811,48,32,96,1,1,1,1,0,1,1,0,1,1,1,1,,,,,,,,,,,,
3812,48,32,96,1,1,1,1,0,1,1,1,0,1,1,1,,,,,,,,,,,,
3813,48,32,96,1,1,1,1,0,1,1,1,1,0,1,1,,,,,,,,,,,,
3814,48,32,96,1,1,1,1,0,1,1,1,1,1,0,1,,,,,,,,,,,,
3815,48,32,96,1,1,1,1,0,1,1,1,1,1,1,0,,,,,,,,,,,,
3816,48,32,96,1,1,1,1,1,0,1,1,1,1,1,1,,,,,,,,,,,,
3817,48,32,96,1,1,1,1,1,0,0,1,1,1,1,1,,,,,,,,,,,,
3818,48,32,96,1,1,1,1,1,0,1,0,1,1,1,1,,,,,,,,,,,,
3819,48,32,96,1,1,1,1,1,0,1,1,0,1,1,1,,,,,,,,,,,,
3820,48,32,96,1,1,1,1,1,0,1,1,1,0,1,1,,,,,,,,,,,,
3821,48,32,96,1,1,1,1,1,0,1,1,1,1,0,1,,,,,,,,,,,,
3822,48,32,96,1,1,1,1,1,0,1,1,1,1,1,0,,,,,,,,,,,,
3823,32,64,32,1,1,1,1,1,1,1,1,1,1,1,1,,,,,,,,,,,,
3824,32,64,32,1,1,1,1,1,1,0,1,1,1,1,1,,,,,,,,,,,,
3825,32,64,32,1,1,1,1,1,1,1,0,1,1,1,1,,,,,,,,,,,,
3826,32,64,32,1,1,1,1,1,1,1,1,0,1,1,1,,,,,,,,,,,,
3827,32,64,32,1,1,1,1,1,1,1,1,1,0,1,1,,,,,,,,,,,,
3828,32,64,32,1,1,1,1,1,1,1,1,1,1,0,1,,,,,,,,,,,,
3829,32,64,32,1,1,1,1,1,1,1,1,1,1,1,0,,,,,,,,,,,,
3830,32,64,32,0,1,1,1,1,1,1,1,1,1,1,1,,,,,,,,,,,,
3831,32,64,32,0,1,1,1,1,1,0,1,1,1,1,1,,,,,,,,,,,,
3832,32,64,32,0,1,1,1,1,1,1,0,1,1,1,1,,,,,,,,,,,,
3833,32,64,32,0,1,1,1,1,1,1,1,0,1,1,1,,,,,,,,,,,,
3834,32,64,32,0,1,1,1,1,1,1,1,1,0,1,1,,,,,,,,,,,,
3835,32,64,32,0,1,1,1,1,1,1,1,1,1,0,1,,,,,,,,,,,,
3836,32,64,32,0,1,1,1,1,1,1,1,1,1,1,0,,,,,,,,,,,,
3837,32,64,32,1,0,1,1,1,1,1,1,1,1,1,1,,,,,,,,,,,,
3838,32,64,32,1,0,1,1,1,1,0,1,1,1,1,1,,,,,,,,,,,,
3839,32,64,32,1,0,1,1,1,1,1,0,1,1,1,1,,,,,,,,,,,,
3840,32,64,32,1,0,1,1,1,1,1,1,0,1,1,1,,,,,,,,,,,,
3841,32,64,32,1,0,1,1,1,1,1,1,1,0,1,1,,,,,,,,,,,,
3842,32,64,32,1,0,1,1,1,1,1,1,1,1,0,1,,,,,,,,,,,,
3843,32,64,32,1,0,1,1,1,1,1,1,1,1,1,0,,,,,,,,,,,,
3844,32,64,32,1,1,0,1,1,1,1,1,1,1,1,1,,,,,,,,,,,,
3845,32,64,32,1,1,0,1,1,1,0,1,1,1,1,1,,,,,,,,,,,,
3846,32,64,32,1,1,0,1,1,1,1,0,1,1,1,1,,,,,,,,,,,,
3847,32,64,32,1,1,0,1,1,1,1,1,0,1,1,1,,,,,,,,,,,,
3848,32,64,32,1,1,0,1,1,1,1,1,1,0,1,1,,,,,,,,,,,,
3849,32,64,32,1,1,0,1,1,1,1,1,1,1,0,1,,,,,,,,,,,,
3850,32,64,32,1,1,0,1,1,1,1,1,1,1,1,0,,,,,,,,,,,,
3851,32,64,32,1,1,1,0,1,1,1,1,1,1,1,1,,,,,,,,,,,,
3852,32,64,32,1,1,1,0,1,1,0,1,1,1,1,1,,,,,,,,,,,,
3853,32,64,32,1,1,1,0,1,1,1,0,1,1,1,1,,,,,,,,,,,,
3854,32,64,32,1,1,1,0,1,1,1,1,0,1,1,1,,,,,,,,,,,,
3855,32,64,32,1,1,1,0,1,1,1,1,1,0,1,1,,,,,,,,,,,,
3856,32,64,32,1,1,1,0,1,1,1,1,1,1,0,1,,,,,,,,,,,,
3857,32,64,32,1,1,1,0,1,1,1,1,1,1,1,0,,,,,,,,,,,,
3858,32,64,32,1,1,1,1,0,1,1,1,1,1,1,1,,,,,,,,,,,,
3859,32,64,32,1,1,1,1,0,1,0,1,1,1,1,1,,,,,,,,,,,,
3860,32,64,32,1,1,1,1,0,1,1,0,1,1,1,1,,,,,,,,,,,,
3861,32,64,32,1,1,1,1,0,1,1,1,0,1,1,1,,,,,,,,,,,,
3862,32,64,32,1,1,1,1,0,1,1,1,1,0,1,1,,,,,,,,,,,,
3863,32,64,32,1,1,1,1,0,1,1,1,1,1,0,1,,,,,,,,,,,,
3864,32,64,32,1,1,1,1,0,1,1,1,1,1,1,0,,,,,,,,,,,,
3865,32,64,32,1,1,1,1,1,0,1,1,1,1,1,1,,,,,,,,,,,,
3866,32,64,32,1,1,1,1,1,0,0,1,1,1,1,1,,,,,,,,,,,,
3867,32,64,32,1,1,1,1,1,0,1,0,1,1,1,1,,,,,,,,,,,,
3868,32,64,32,1,1,1,1,1,0,1,1,0,1,1,1,,,,,,,,,,,,
3869,32,64,32,1,1,1,1,1,0,1,1,1,0,1,1,,,,,,,,,,,,
3870,32,64,32,1,1,1,1,1,0,1,1,1,1,0,1,,,,,,,,,,,,
3871,32,64,32,1,1,1,1,1,0,1,1,1,1,1,0,,,,,,,,,,,,
3872,24,32,64,1,1,1,1,1,1,1,1,1,1,1,1,,,,,,,,,,,,
3873,24,32,64,1,1,1,1,1,1,0,1,1,1,1,1,,,,,,,,,,,,
3874,24,32,64,1,1,1,1,1,1,1,0,1,1,1,1,,,,,,,,,,,,
3875,24,32,64,1,1,1,1,1,1,1,1,0,1,1,1,,,,,,,,,,,,
3876,24,32,64,1,1,1,1,1,1,1,1,1,0,1,1,,,,,,,,,,,,
3877,24,32,64,1,1,1,1,1,1,1,1,1,1,0,1,,,,,,,,,,,,
3878,24,32,64,1,1,1,1,1,1,1,1,1,1,1,0,,,,,,,,,,,,
3879,24,32,64,0,1,1,1,1,1,1,1,1,1,1,1,,,,,,,,,,,,
3880,24,32,64,0,1,1,1,1,1,0,1,1,1,1,1,,,,,,,,,,,,
3881,24,32,64,0,1,1,1,1,1,1,0,1,1,1,1,,,,,,,,,,,,
3882,24,32,64,0,1,1,1,1,1,1,1,0,1,1,1,,,,,,,,,,,,
3883,24,32,64,0,1,1,1,1,1,1,1,1,0,1,1,,,,,,,,,,,,
3884,24,32,64,0,1,1,1,1,1,1,1,1,1,0,1,,,,,,,,,,,,
3885,24,32,64,0,1,1,1,1,1,1,1,1,1,1,0,,,,,,,,,,,,
3886,24,32,64,1,0,1,1,1,1,1,1,1,1,1,1,,,,,,,,,,,,
3887,24,32,64,1,0,1,1,1,1,0,1,1,1,1,1,,,,,,,,,,,,
3888,24,32,64,1,0,1,1,1,1,1,0,1,1,1,1,,,,,,,,,,,,
3889,24,32,64,1,0,1,1,1,1,1,1,0,1,1,1,,,,,,,,,,,,
3890,24,32,64,1,0,1,1,1,1,1,1,1,0,1,1,,,,,,,,,,,,
3891,24,32,64,1,0,1,1,1,1,1,1,1,1,0,1,,,,,,,,,,,,
3892,24,32,64,1,0,1,1,1,1,1,1,1,1,1,0,,,,,,,,,,,,
3893,24,32,64,1,1,0,1,1,1,1,1,1,1,1,1,,,,,,,,,,,,
3894,24,32,64,1,1,0,1,1,1,0,1,1,1,1,1,,,,,,,,,,,,
3895,24,32,64,1,1,0,1,1,1,1,0,1,1,1,1,,,,,,,,,,,,
3896,24,32,64,1,1,0,1,1,1,1,1,0,1,1,1,,,,,,,,,,,,
3897,24,32,64,1,1,0,1,1,1,1,1,1,0,1,1,,,,,,,,,,,,
3898,24,32,64,1,1,0,1,1,1,1,1,1,1,0,1,,,,,,,,,,,,
3899,24,32,64,1,1,0,1,1,1,1,1,1,1,1,0,,,,,,,,,,,,
3900,24,32,64,1,1,1,0,1,1,1,1,1,1,1,1,,,,,,,,,,,,
3901,24,32,64,1,1,1,0,1,1,0,1,1,1,1,1,,,,,,,,,,,,
3902,24,32,64,1,1,1,0,1,1,1,0,1,1,1,1,,,,,,,,,,,,
3903,24,32,64,1,1,1,0,1,1,1,1,0,1,1,1,,,,,,,,,,,,
3904,24,32,64,1,1,1,0,1,1,1,1,1,0,1,1,,,,,,,,,,,,
3905,24,32,64,1,1,1,0,1,1,1,1,1,1,0,1,,,,,,,,,,,,
3906,24,32,64,1,1,1,0,1,1,1,1,1,1,1,0,,,,,,,,,,,,
3907,24,32,64,1,1,1,1,0,1,1,1,1,1,1,1,,,,,,,,,,,,
3908,24,32,64,1,1,1,1,0,1,0,1,1,1,1,1,,,,,,,,,,,,
3909,24,32,64,1,1,1,1,0,1,1,0,1,1,1,1,,,,,,,,,,,,
3910,24,32,64,1,1,1,1,0,1,1,1,0,1,1,1,,,,,,,,,,,,
3911,24,32,64,1,1,1,1,0,1,1,1,1,0,1,1,,,,,,,,,,,,
3912,24,32,64,1,1,1,1,0,1,1,1,1,1,0,1,,,,,,,,,,,,
3913,24,32,64,1,1,1,1,0,1,1,1,1,1,1,0,,,,,,,,,,,,
3914,24,32,64,1,1,1,1,1,0,1,1,1,1,1,1,,,,,,,,,,,,
3915,24,32,64,1,1,1,1,1,0,0,1,1,1,1,1,,,,,,,,,,,,
3916,24,32,64,1,1,1,1,1,0,1,0,1,1,1,1,,,,,,,,,,,,
3917,24,32,64,1,1,1,1,1,0,1,1,0,1,1,1,,,,,,,,,,,,
3918,24,32,64,1,1,1,1,1,0,1,1,1,0,1,1,,,,,,,,,,,,
3919,24,32,64,1,1,1,1,1,0,1,1,1,1,0,1,,,,,,,,,,,,
3920,24,32,64,1,1,1,1,1,0,1,1,1,1,1,0,,,,,,,,,,,,
3921,32,96,64,1,1,1,1,1,1,1,1,1,1,1,1,,,,,,,,,,,,
3922,32,96,64,1,1,1,1,1,1,0,1,1,1,1,1,,,,,,,,,,,,
3923,32,96,64,1,1,1,1,1,1,1,0,1,1,1,1,,,,,,,,,,,,
3924,32,96,64,1,1,1,1,1,1,1,1,0,1,1,1,,,,,,,,,,,,
3925,32,96,64,1,1,1,1,1,1,1,1,1,0,1,1,,,,,,,,,,,,
3926,32,96,64,1,1,1,1,1,1,1,1,1,1,0,1,,,,,,,,,,,,
3927,32,96,64,1,1,1,1,1,1,1,1,1,1,1,0,,,,,,,,,,,,
3928,32,96,64,0,1,1,1,1,1,1,1,1,1,1,1,,,,,,,,,,,,
3929,32,96,64,0,1,1,1,1,1,0,1,1,1,1,1,,,,,,,,,,,,
3930,32,96,64,0,1,1,1,1,1,1,0,1,1,1,1,,,,,,,,,,,,
3931,32,96,64,0,1,1,1,1,1,1,1,0,1,1,1,,,,,,,,,,,,
3932,32,96,64,0,1,1,1,1,1,1,1,1,0,1,1,,,,,,,,,,,,
3933,32,96,64,0,1,1,1,1,1,1,1,1,1,0,1,,,,,,,,,,,,
3934,32,96,64,0,1,1,1,1,1,1,1,1,1,1,0,,,,,,,,,,,,
3935,32,96,64,1,0,1,1,1,1,1,1,1,1,1,1,,,,,,,,,,,,
3936,32,96,64,1,0,1,1,1,1,0,1,1,1,1,1,,,,,,,,,,,,
3937,32,96,64,1,0,1,1,1,1,1,0,1,1,1,1,,,,,,,,,,,,
3938,32,96,64,1,0,1,1,1,1,1,1,0,1,1,1,,,,,,,,,,,,
3939,32,96,64,1,0,1,1,1,1,1,1,1,0,1,1,,,,,,,,,,,,
3940,32,96,64,1,0,1,1,1,1,1,1,1,1,0,1,,,,,,,,,,,,
3941,32,96,64,1,0,1,1,1,1,1,1,1,1,1,0,,,,,,,,,,,,
3942,32,96,64,1,1,0,1,1,1,1,1,1,1,1,1,,,,,,,,,,,,
3943,32,96,64,1,1,0,1,1,1,0,1,1,1,1,1,,,,,,,,,,,,
3944,32,96,64,1,1,0,1,1,1,1,0,1,1,1,1,,,,,,,,,,,,
3945,32,96,64,1,1,0,1,1,1,1,1,0,1,1,1,,,,,,,,,,,,
3946,32,96,64,1,1,0,1,1,1,1,1,1,0,1,1,,,,,,,,,,,,
3947,32,96,64,1,1,0,1,1,1,1,1,1,1,0,1,,,,,,,,,,,,
3948,32,96,64,1,1,0,1,1,1,1,1,1,1,1,0,,,,,,,,,,,,
3949,32,96,64,1,1,1,0,1,1,1,1,1,1,1,1,,,,,,,,,,,,
3950,32,96,64,1,1,1,0,1,1,0,1,1,1,1,1,,,,,,,,,,,,
3951,32,96,64,1,1,1,0,1,1,1,0,1,1,1,1,,,,,,,,,,,,
3952,32,96,64,1,1,1,0,1,1,1,1,0,1,1,1,,,,,,,,,,,,
3953,32,96,64,1,1,1,0,1,1,1,1,1,0,1,1,,,,,,,,,,,,
3954,32,96,64,1,1,1,0,1,1,1,1,1,1,0,1,,,,,,,,,,,,
3955,32,96,64,1,1,1,0,1,1,1,1,1,1,1,0,,,,,,,,,,,,
3956,32,96,64,1,1,1,1,0,1,1,1,1,1,1,1,,,,,,,,,,,,
3957,32,96,64,1,1,1,1,0,1,0,1,1,1,1,1,,,,,,,,,,,,
3958,32,96,64,1,1,1,1,0,1,1,0,1,1,1,1,,,,,,,,,,,,
3959,32,96,64,1,1,1,1,0,1,1,1,0,1,1,1,,,,,,,,,,,,
3960,32,96,64,1,1,1,1,0,1,1,1,1,0,1,1,,,,,,,,,,,,
3961,32,96,64,1,1,1,1,0,1,1,1,1,1,0,1,,,,,,,,,,,,
3962,32,96,64,1,1,1,1,0,1,1,1,1,1,1,0,,,,,,,,,,,,
3963,32,96,64,1,1,1,1,1,0,1,1,1,1,1,1,,,,,,,,,,,,
3964,32,96,64,1,1,1,1,1,0,0,1,1,1,1,1,,,,,,,,,,,,
3965,32,96,64,1,1,1,1,1,0,1,0,1,1,1,1,,,,,,,,,,,,
3966,32,96,64,1,1,1,1,1,0,1,1,0,1,1,1,,,,,,,,,,,,
3967,32,96,64,1,1,1,1,1,0,1,1,1,0,1,1,,,,,,,,,,,,
3968,32,96,64,1,1,1,1,1,0,1,1,1,1,0,1,,,,,,,,,,,,
3969,32,96,64,1,1,1,1,1,0,1,1,1,1,1,0,,,,,,,,,,,,
3970,64,32,24,1,1,1,1,1,1,1,1,1,1,1,1,,,,,,,,,,,,
3971,64,32,24,1,1,1,1,1,1,0,1,1,1,1,1,,,,,,,,,,,,
3972,64,32,24,1,1,1,1,1,1,1,0,1,1,1,1,,,,,,,,,,,,
3973,64,32,24,1,1,1,1,1,1,1,1,0,1,1,1,,,,,,,,,,,,
3974,64,32,24,1,1,1,1,1,1,1,1,1,0,1,1,,,,,,,,,,,,
3975,64,32,24,1,1,1,1,1,1,1,1,1,1,0,1,,,,,,,,,,,,
3976,64,32,24,1,1,1,1,1,1,1,1,1,1,1,0,,,,,,,,,,,,
3977,64,32,24,0,1,1,1,1,1,1,1,1,1,1,1,,,,,,,,,,,,
3978,64,32,24,0,1,1,1,1,1,0,1,1,1,1,1,,,,,,,,,,,,
3979,64,32,24,0,1,1,1,1,1,1,0,1,1,1,1,,,,,,,,,,,,
3980,64,32,24,0,1,1,1,1,1,1,1,0,1,1,1,,,,,,,,,,,,
3981,64,32,24,0,1,1,1,1,1,1,1,1,0,1,1,,,,,,,,,,,,
3982,64,32,24,0,1,1,1,1,1,1,1,1,1,0,1,,,,,,,,,,,,
3983,64,32,24,0,1,1,1,1,1,1,1,1,1,1,0,,,,,,,,,,,,
3984,64,32,24,1,0,1,1,1,1,1,1,1,1,1,1,,,,,,,,,,,,
3985,64,32,24,1,0,1,1,1,1,0,1,1,1,1,1,,,,,,,,,,,,
3986,64,32,24,1,0,1,1,1,1,1,0,1,1,1,1,,,,,,,,,,,,
3987,64,32,24,1,0,1,1,1,1,1,1,0,1,1,1,,,,,,,,,,,,
3988,64,32,24,1,0,1,1,1,1,1,1,1,0,1,1,,,,,,,,,,,,
3989,64,32,24,1,0,1,1,1,1,1,1,1,1,0,1,,,,,,,,,,,,
3990,64,32,24,1,0,1,1,1,1,1,1,1,1,1,0,,,,,,,,,,,,
3991,64,32,24,1,1,0,1,1,1,1,1,1,1,1,1,,,,,,,,,,,,
3992,64,32,24,1,1,0,1,1,1,0,1,1,1,1,1,,,,,,,,,,,,
3993,64,32,24,1,1,0,1,1,1,1,0,1,1,1,1,,,,,,,,,,,,
3994,64,32,24,1,1,0,1,1,1,1,1,0,1,1,1,,,,,,,,,,,,
3995,64,32,24,1,1,0,1,1,1,1,1,1,0,1,1,,,,,,,,,,,,
3996,64,32,24,1,1,0,1,1,1,1,1,1,1,0,1,,,,,,,,,,,,
3997,64,32,24,1,1,0,1,1,1,1,1,1,1,1,0,,,,,,,,,,,,
3998,64,32,24,1,1,1,0,1,1,1,1,1,1,1,1,,,,,,,,,,,,
3999,64,32,24,1,1,1,0,1,1,0,1,1,1,1,1,,,,,,,,,,,,
4000,64,32,24,1,1,1,0,1,1,1,0,1,1,1,1,,,,,,,,,,,,
4001,64,32,24,1,1,1,0,1,1,1,1,0,1,1,1,,,,,,,,,,,,
4002,64,32,24,1,1,1,0,1,1,1,1,1,0,1,1,,,,,,,,,,,,
4003,64,32,24,1,1,1,0,1,1,1,1,1,1,0,1,,,,,,,,,,,,
4004,64,32,24,1,1,1,0,1,1,1,1,1,1,1,0,,,,,,,,,,,,
4005,64,32,24,1,1,1,1,0,1,1,1,1,1,1,1,,,,,,,,,,,,
4006,64,32,24,1,1,1,1,0,1,0,1,1,1,1,1,,,,,,,,,,,,
4007,64,32,24,1,1,1,1,0,1,1,0,1,1,1,1,,,,,,,,,,,,
4008,64,32,24,1,1,1,1,0,1,1,1,0,1,1,1,,,,,,,,,,,,
4009,64,32,24,1,1,1,1,0,1,1,1,1,0,1,1,,,,,,,,,,,,
4010,64,32,24,1,1,1,1,0,1,1,1,1,1,0,1,,,,,,,,,,,,
4011,64,32,24,1,1,1,1,0,1,1,1,1,1,1,0,,,,,,,,,,,,
4012,64,32,24,1,1,1,1,1,0,1,1,1,1,1,1,,,,,,,,,,,,
4013,64,32,24,1,1,1,1,1,0,0,1,1,1,1,1,,,,,,,,,,,,
4014,64,32,24,1,1,1,1,1,0,1,0,1,1,1,1,,,,,,,,,,,,
4015,64,32,24,1,1,1,1,1,0,1,1,0,1,1,1,,,,,,,,,,,,
4016,64,32,24,1,1,1,1,1,0,1,1,1,0,1,1,,,,,,,,,,,,
4017,64,32,24,1,1,1,1,1,0,1,1,1,1,0,1,,,,,,,,,,,,
4018,64,32,24,1,1,1,1,1,0,1,1,1,1,1,0,,,,,,,,,,,,
4019,32,48,32,1,1,1,1,1,1,1,1,1,1,1,1,,,,,,,,,,,,
4020,32,48,32,1,1,1,1,1,1,0,1,1,1,1,1,,,,,,,,,,,,
4021,32,48,32,1,1,1,1,1,1,1,0,1,1,1,1,,,,,,,,,,,,
4022,32,48,32,1,1,1,1,1,1,1,1,0,1,1,1,,,,,,,,,,,,
4023,32,48,32,1,1,1,1,1,1,1,1,1,0,1,1,,,,,,,,,,,,
4024,32,48,32,1,1,1,1,1,1,1,1,1,1,0,1,,,,,,,,,,,,
4025,32,48,32,1,1,1,1,1,1,1,1,1,1,1,0,,,,,,,,,,,,
4026,32,48,32,0,1,1,1,1,1,1,1,1,1,1,1,,,,,,,,,,,,
4027,32,48,32,0,1,1,1,1,1,0,1,1,1,1,1,,,,,,,,,,,,
4028,32,48,32,0,1,1,1,1,1,1,0,1,1,1,1,,,,,,,,,,,,
4029,32,48,32,0,1,1,1,1,1,1,1,0,1,1,1,,,,,,,,,,,,
4030,32,48,32,0,1,1,1,1,1,1,1,1,0,1,1,,,,,,,,,,,,
4031,32,48,32,0,1,1,1,1,1,1,1,1,1,0,1,,,,,,,,,,,,
4032,32,48,32,0,1,1,1,1,1,1,1,1,1,1,0,,,,,,,,,,,,
4033,32,48,32,1,0,1,1,1,1,1,1,1,1,1,1,,,,,,,,,,,,
4034,32,48,32,1,0,1,1,1,1,0,1,1,1,1,1,,,,,,,,,,,,
4035,32,48,32,1,0,1,1,1,1,1,0,1,1,1,1,,,,,,,,,,,,
4036,32,48,32,1,0,1,1,1,1,1,1,0,1,1,1,,,,,,,,,,,,
4037,32,48,32,1,0,1,1,1,1,1,1,1,0,1,1,,,,,,,,,,,,
4038,32,48,32,1,0,1,1,1,1,1,1,1,1,0,1,,,,,,,,,,,,
4039,32,48,32,1,0,1,1,1,1,1,1,1,1,1,0,,,,,,,,,,,,
4040,32,48,32,1,1,0,1,1,1,1,1,1,1,1,1,,,,,,,,,,,,
4041,32,48,32,1,1,0,1,1,1,0,1,1,1,1,1,,,,,,,,,,,,
4042,32,48,32,1,1,0,1,1,1,1,0,1,1,1,1,,,,,,,,,,,,
4043,32,48,32,1,1,0,1,1,1,1,1,0,1,1,1,,,,,,,,,,,,
4044,32,48,32,1,1,0,1,1,1,1,1,1,0,1,1,,,,,,,,,,,,
4045,32,48,32,1,1,0,1,1,1,1,1,1,1,0,1,,,,,,,,,,,,
4046,32,48,32,1,1,0,1,1,1,1,1,1,1,1,0,,,,,,,,,,,,
4047,32,48,32,1,1,1,0,1,1,1,1,1,1,1,1,,,,,,,,,,,,
4048,32,48,32,1,1,1,0,1,1,0,1,1,1,1,1,,,,,,,,,,,,
4049,32,48,32,1,1,1,0,1,1,1,0,1,1,1,1,,,,,,,,,,,,
4050,32,48,32,1,1,1,0,1,1,1,1,0,1,1,1,,,,,,,,,,,,
4051,32,48,32,1,1,1,0,1,1,1,1,1,0,1,1,,,,,,,,,,,,
4052,32,48,32,1,1,1,0,1,1,1,1,1,1,0,1,,,,,,,,,,,,
4053,32,48,32,1,1,1,0,1,1,1,1,1,1,1,0,,,,,,,,,,,,
4054,32,48,32,1,1,1,1,0,1,1,1,1,1,1,1,,,,,,,,,,,,
4055,32,48,32,1,1,1,1,0,1,0,1,1,1,1,1,,,,,,,,,,,,
4056,32,48,32,1,1,1,1,0,1,1,0,1,1,1,1,,,,,,,,,,,,
4057,32,48,32,1,1,1,1,0,1,1,1,0,1,1,1,,,,,,,,,,,,
4058,32,48,32,1,1,1,1,0,1,1,1,1,0,1,1,,,,,,,,,,,,
4059,32,48,32,1,1,1,1,0,1,1,1,1,1,0,1,,,,,,,,,,,,
4060,32,48,32,1,1,1,1,0,1,1,1,1,1,1,0,,,,,,,,,,,,
4061,32,48,32,1,1,1,1,1,0,1,1,1,1,1,1,,,,,,,,,,,,
4062,32,48,32,1,1,1,1,1,0,0,1,1,1,1,1,,,,,,,,,,,,
4063,32,48,32,1,1,1,1,1,0,1,0,1,1,1,1,,,,,,,,,,,,
4064,32,48,32,1,1,1,1,1,0,1,1,0,1,1,1,,,,,,,,,,,,
4065,32,48,32,1,1,1,1,1,0,1,1,1,0,1,1,,,,,,,,,,,,
4066,32,48,32,1,1,1,1,1,0,1,1,1,1,0,1,,,,,,,,,,,,
4067,32,48,32,1,1,1,1,1,0,1,1,1,1,1,0,,,,,,,,,,,,
4068,32,16,24,1,1,1,1,1,1,1,1,1,1,1,1,,,,,,,,,,,,
4069,32,16,24,1,1,1,1,1,1,0,1,1,1,1,1,,,,,,,,,,,,
4070,32,16,24,1,1,1,1,1,1,1,0,1,1,1,1,,,,,,,,,,,,
4071,32,16,24,1,1,1,1,1,1,1,1,0,1,1,1,,,,,,,,,,,,
4072,32,16,24,1,1,1,1,1,1,1,1,1,0,1,1,,,,,,,,,,,,
4073,32,16,24,1,1,1,1,1,1,1,1,1,1,0,1,,,,,,,,,,,,
4074,32,16,24,1,1,1,1,1,1,1,1,1,1,1,0,,,,,,,,,,,,
4075,32,16,24,0,1,1,1,1,1,1,1,1,1,1,1,,,,,,,,,,,,
4076,32,16,24,0,1,1,1,1,1,0,1,1,1,1,1,,,,,,,,,,,,
4077,32,16,24,0,1,1,1,1,1,1,0,1,1,1,1,,,,,,,,,,,,
4078,32,16,24,0,1,1,1,1,1,1,1,0,1,1,1,,,,,,,,,,,,
4079,32,16,24,0,1,1,1,1,1,1,1,1,0,1,1,,,,,,,,,,,,
4080,32,16,24,0,1,1,1,1,1,1,1,1,1,0,1,,,,,,,,,,,,
4081,32,16,24,0,1,1,1,1,1,1,1,1,1,1,0,,,,,,,,,,,,
4082,32,16,24,1,0,1,1,1,1,1,1,1,1,1,1,,,,,,,,,,,,
4083,32,16,24,1,0,1,1,1,1,0,1,1,1,1,1,,,,,,,,,,,,
4084,32,16,24,1,0,1,1,1,1,1,0,1,1,1,1,,,,,,,,,,,,
4085,32,16,24,1,0,1,1,1,1,1,1,0,1,1,1,,,,,,,,,,,,
4086,32,16,24,1,0,1,1,1,1,1,1,1,0,1,1,,,,,,,,,,,,
4087,32,16,24,1,0,1,1,1,1,1,1,1,1,0,1,,,,,,,,,,,,
4088,32,16,24,1,0,1,1,1,1,1,1,1,1,1,0,,,,,,,,,,,,
4089,32,16,24,1,1,0,1,1,1,1,1,1,1,1,1,,,,,,,,,,,,
4090,32,16,24,1,1,0,1,1,1,0,1,1,1,1,1,,,,,,,,,,,,
4091,32,16,24,1,1,0,1,1,1,1,0,1,1,1,1,,,,,,,,,,,,
4092,32,16,24,1,1,0,1,1,1,1,1,0,1,1,1,,,,,,,,,,,,
4093,32,16,24,1,1,0,1,1,1,1,1,1,0,1,1,,,,,,,,,,,,
4094,32,16,24,1,1,0,1,1,1,1,1,1,1,0,1,,,,,,,,,,,,
4095,32,16,24,1,1,0,1,1,1,1,1,1,1,1,0,,,,,,,,,,,,
4096,32,16,24,1,1,1,0,1,1,1,1,1,1,1,1,,,,,,,,,,,,
4097,32,16,24,1,1,1,0,1,1,0,1,1,1,1,1,,,,,,,,,,,,
4098,32,16,24,1,1,1,0,1,1,1,0,1,1,1,1,,,,,,,,,,,,
4099,32,16,24,1,1,1,0,1,1,1,1,0,1,1,1,,,,,,,,,,,,
4100,32,16,24,1,1,1,0,1,1,1,1,1,0,1,1,,,,,,,,,,,,
4101,32,16,24,1,1,1,0,1,1,1,1,1,1,0,1,,,,,,,,,,,,
4102,32,16,24,1,1,1,0,1,1,1,1,1,1,1,0,,,,,,,,,,,,
4103,32,16,24,1,1,1,1,0,1,1,1,1,1,1,1,,,,,,,,,,,,
4104,32,16,24,1,1,1,1,0,1,0,1,1,1,1,1,,,,,,,,,,,,
4105,32,16,24,1,1,1,1,0,1,1,0,1,1,1,1,,,,,,,,,,,,
4106,32,16,24,1,1,1,1,0,1,1,1,0,1,1,1,,,,,,,,,,,,
4107,32,16,24,1,1,1,1,0,1,1,1,1,0,1,1,,,,,,,,,,,,
4108,32,16,24,1,1,1,1,0,1,1,1,1,1,0,1,,,,,,,,,,,,
4109,32,16,24,1,1,1,1,0,1,1,1,1,1,1,0,,,,,,,,,,,,
4110,32,16,24,1,1,1,1,1,0,1,1,1,1,1,1,,,,,,,,,,,,
4111,32,16,24,1,1,1,1,1,0,0,1,1,1,1,1,,,,,,,,,,,,
4112,32,16,24,1,1,1,1,1,0,1,0,1,1,1,1,,,,,,,,,,,,
4113,32,16,24,1,1,1,1,1,0,1,1,0,1,1,1,,,,,,,,,,,,
4114,32,16,24,1,1,1,1,1,0,1,1,1,0,1,1,,,,,,,,,,,,
4115,32,16,24,1,1,1,1,1,0,1,1,1,1,0,1,,,,,,,,,,,,
4116,32,16,24,1,1,1,1,1,0,1,1,1,1,1,0,,,,,,,,,,,,
4117,32,96,24,1,1,1,1,1,1,1,1,1,1,1,1,,,,,,,,,,,,
4118,32,96,24,1,1,1,1,1,1,0,1,1,1,1,1,,,,,,,,,,,,
4119,32,96,24,1,1,1,1,1,1,1,0,1,1,1,1,,,,,,,,,,,,
4120,32,96,24,1,1,1,1,1,1,1,1,0,1,1,1,,,,,,,,,,,,
4121,32,96,24,1,1,1,1,1,1,1,1,1,0,1,1,,,,,,,,,,,,
4122,32,96,24,1,1,1,1,1,1,1,1,1,1,0,1,,,,,,,,,,,,
4123,32,96,24,1,1,1,1,1,1,1,1,1,1,1,0,,,,,,,,,,,,
4124,32,96,24,0,1,1,1,1,1,1,1,1,1,1,1,,,,,,,,,,,,
4125,32,96,24,0,1,1,1,1,1,0,1,1,1,1,1,,,,,,,,,,,,
4126,32,96,24,0,1,1,1,1,1,1,0,1,1,1,1,,,,,,,,,,,,
4127,32,96,24,0,1,1,1,1,1,1,1,0,1,1,1,,,,,,,,,,,,
4128,32,96,24,0,1,1,1,1,1,1,1,1,0,1,1,,,,,,,,,,,,
4129,32,96,24,0,1,1,1,1,1,1,1,1,1,0,1,,,,,,,,,,,,
4130,32,96,24,0,1,1,1,1,1,1,1,1,1,1,0,,,,,,,,,,,,
4131,32,96,24,1,0,1,1,1,1,1,1,1,1,1,1,,,,,,,,,,,,
4132,32,96,24,1,0,1,1,1,1,0,1,1,1,1,1,,,,,,,,,,,,
4133,32,96,24,1,0,1,1,1,1,1,0,1,1,1,1,,,,,,,,,,,,
4134,32,96,24,1,0,1,1,1,1,1,1,0,1,1,1,,,,,,,,,,,,
4135,32,96,24,1,0,1,1,1,1,1,1,1,0,1,1,,,,,,,,,,,,
4136,32,96,24,1,0,1,1,1,1,1,1,1,1,0,1,,,,,,,,,,,,
4137,32,96,24,1,0,1,1,1,1,1,1,1,1,1,0,,,,,,,,,,,,
4138,32,96,24,1,1,0,1,1,1,1,1,1,1,1,1,,,,,,,,,,,,
4139,32,96,24,1,1,0,1,1,1,0,1,1,1,1,1,,,,,,,,,,,,
4140,32,96,24,1,1,0,1,1,1,1,0,1,1,1,1,,,,,,,,,,,,
4141,32,96,24,1,1,0,1,1,1,1,1,0,1,1,1,,,,,,,,,,,,
4142,32,96,24,1,1,0,1,1,1,1,1,1,0,1,1,,,,,,,,,,,,
4143,32,96,24,1,1,0,1,1,1,1,1,1,1,0,1,,,,,,,,,,,,
4144,32,96,24,1,1,0,1,1,1,1,1,1,1,1,0,,,,,,,,,,,,
4145,32,96,24,1,1,1,0,1,1,1,1,1,1,1,1,,,,,,,,,,,,
4146,32,96,24,1,1,1,0,1,1,0,1,1,1,1,1,,,,,,,,,,,,
4147,32,96,24,1,1,1,0,1,1,1,0,1,1,1,1,,,,,,,,,,,,
4148,32,96,24,1,1,1,0,1,1,1,1,0,1,1,1,,,,,,,,,,,,
4149,32,96,24,1,1,1,0,1,1,1,1,1,0,1,1,,,,,,,,,,,,
4150,32,96,24,1,1,1,0,1,1,1,1,1,1,0,1,,,,,,,,,,,,
4151,32,96,24,1,1,1,0,1,1,1,1,1,1,1,0,,,,,,,,,,,,
4152,32,96,24,1,1,1,1,0,1,1,1,1,1,1,1,,,,,,,,,,,,
4153,32,96,24,1,1,1,1,0,1,0,1,1,1,1,1,,,,,,,,,,,,
4154,32,96,24,1,1,1,1,0,1,1,0,1,1,1,1,,,,,,,,,,,,
4155,32,96,24,1,1,1,1,0,1,1,1,0,1,1,1,,,,,,,,,,,,
4156,32,96,24,1,1,1,1,0,1,1,1,1,0,1,1,,,,,,,,,,,,
4157,32,96,24,1,1,1,1,0,1,1,1,1,1,0,1,,,,,,,,,,,,
4158,32,96,24,1,1,1,1,0,1,1,1,1,1,1,0,,,,,,,,,,,,
4159,32,96,24,1,1,1,1,1,0,1,1,1,1,1,1,,,,,,,,,,,,
4160,32,96,24,1,1,1,1,1,0,0,1,1,1,1,1,,,,,,,,,,,,
4161,32,96,24,1,1,1,1,1,0,1,0,1,1,1,1,,,,,,,,,,,,
4162,32,96,24,1,1,1,1,1,0,1,1,0,1,1,1,,,,,,,,,,,,
4163,32,96,24,1,1,1,1,1,0,1,1,1,0,1,1,,,,,,,,,,,,
4164,32,96,24,1,1,1,1,1,0,1,1,1,1,0,1,,,,,,,,,,,,
4165,32,96,24,1,1,1,1,1,0,1,1,1,1,1,0,,,,,,,,,,,,
4166,24,32,48,1,1,1,1,1,1,1,1,1,1,1,1,,,,,,,,,,,,
4167,24,32,48,1,1,1,1,1,1,0,1,1,1,1,1,,,,,,,,,,,,
4168,24,32,48,1,1,1,1,1,1,1,0,1,1,1,1,,,,,,,,,,,,
4169,24,32,48,1,1,1,1,1,1,1,1,0,1,1,1,,,,,,,,,,,,
4170,24,32,48,1,1,1,1,1,1,1,1,1,0,1,1,,,,,,,,,,,,
4171,24,32,48,1,1,1,1,1,1,1,1,1,1,0,1,,,,,,,,,,,,
4172,24,32,48,1,1,1,1,1,1,1,1,1,1,1,0,,,,,,,,,,,,
4173,24,32,48,0,1,1,1,1,1,1,1,1,1,1,1,,,,,,,,,,,,
4174,24,32,48,0,1,1,1,1,1,0,1,1,1,1,1,,,,,,,,,,,,
4175,24,32,48,0,1,1,1,1,1,1,0,1,1,1,1,,,,,,,,,,,,
4176,24,32,48,0,1,1,1,1,1,1,1,0,1,1,1,,,,,,,,,,,,
4177,24,32,48,0,1,1,1,1,1,1,1,1,0,1,1,,,,,,,,,,,,
4178,24,32,48,0,1,1,1,1,1,1,1,1,1,0,1,,,,,,,,,,,,
4179,24,32,48,0,1,1,1,1,1,1,1,1,1,1,0,,,,,,,,,,,,
4180,24,32,48,1,0,1,1,1,1,1,1,1,1,1,1,,,,,,,,,,,,
4181,24,32,48,1,0,1,1,1,1,0,1,1,1,1,1,,,,,,,,,,,,
4182,24,32,48,1,0,1,1,1,1,1,0,1,1,1,1,,,,,,,,,,,,
4183,24,32,48,1,0,1,1,1,1,1,1,0,1,1,1,,,,,,,,,,,,
4184,24,32,48,1,0,1,1,1,1,1,1,1,0,1,1,,,,,,,,,,,,
4185,24,32,48,1,0,1,1,1,1,1,1,1,1,0,1,,,,,,,,,,,,
4186,24,32,48,1,0,1,1,1,1,1,1,1,1,1,0,,,,,,,,,,,,
4187,24,32,48,1,1,0,1,1,1,1,1,1,1,1,1,,,,,,,,,,,,
4188,24,32,48,1,1,0,1,1,1,0,1,1,1,1,1,,,,,,,,,,,,
4189,24,32,48,1,1,0,1,1,1,1,0,1,1,1,1,,,,,,,,,,,,
4190,24,32,48,1,1,0,1,1,1,1,1,0,1,1,1,,,,,,,,,,,,
4191,24,32,48,1,1,0,1,1,1,1,1,1,0,1,1,,,,,,,,,,,,
4192,24,32,48,1,1,0,1,1,1,1,1,1,1,0,1,,,,,,,,,,,,
4193,24,32,48,1,1,0,1,1,1,1,1,1,1,1,0,,,,,,,,,,,,
4194,24,32,48,1,1,1,0,1,1,1,1,1,1,1,1,,,,,,,,,,,,
4195,24,32,48,1,1,1,0,1,1,0,1,1,1,1,1,,,,,,,,,,,,
4196,24,32,48,1,1,1,0,1,1,1,0,1,1,1,1,,,,,,,,,,,,
4197,24,32,48,1,1,1,0,1,1,1,1,0,1,1,1,,,,,,,,,,,,
4198,24,32,48,1,1,1,0,1,1,1,1,1,0,1,1,,,,,,,,,,,,
4199,24,32,48,1,1,1,0,1,1,1,1,1,1,0,1,,,,,,,,,,,,
4200,24,32,48,1,1,1,0,1,1,1,1,1,1,1,0,,,,,,,,,,,,
4201,24,32,48,1,1,1,1,0,1,1,1,1,1,1,1,,,,,,,,,,,,
4202,24,32,48,1,1,1,1,0,1,0,1,1,1,1,1,,,,,,,,,,,,
4203,24,32,48,1,1,1,1,0,1,1,0,1,1,1,1,,,,,,,,,,,,
4204,24,32,48,1,1,1,1,0,1,1,1,0,1,1,1,,,,,,,,,,,,
4205,24,32,48,1,1,1,1,0,1,1,1,1,0,1,1,,,,,,,,,,,,
4206,24,32,48,1,1,1,1,0,1,1,1,1,1,0,1,,,,,,,,,,,,
4207,24,32,48,1,1,1,1,0,1,1,1,1,1,1,0,,,,,,,,,,,,
4208,24,32,48,1,1,1,1,1,0,1,1,1,1,1,1,,,,,,,,,,,,
4209,24,32,48,1,1,1,1,1,0,0,1,1,1,1,1,,,,,,,,,,,,
4210,24,32,48,1,1,1,1,1,0,1,0,1,1,1,1,,,,,,,,,,,,
4211,24,32,48,1,1,1,1,1,0,1,1,0,1,1,1,,,,,,,,,,,,
4212,24,32,48,1,1,1,1,1,0,1,1,1,0,1,1,,,,,,,,,,,,
4213,24,32,48,1,1,1,1,1,0,1,1,1,1,0,1,,,,,,,,,,,,
4214,24,32,48,1,1,1,1,1,0,1,1,1,1,1,0,,,,,,,,,,,,
4215,32,48,64,1,1,1,1,1,1,1,1,1,1,1,1,,,,,,,,,,,,
4216,32,48,64,1,1,1,1,1,1,0,1,1,1,1,1,,,,,,,,,,,,
4217,32,48,64,1,1,1,1,1,1,1,0,1,1,1,1,,,,,,,,,,,,
4218,32,48,64,1,1,1,1,1,1,1,1,0,1,1,1,,,,,,,,,,,,
4219,32,48,64,1,1,1,1,1,1,1,1,1,0,1,1,,,,,,,,,,,,
4220,32,48,64,1,1,1,1,1,1,1,1,1,1,0,1,,,,,,,,,,,,
4221,32,48,64,1,1,1,1,1,1,1,1,1,1,1,0,,,,,,,,,,,,
4222,32,48,64,0,1,1,1,1,1,1,1,1,1,1,1,,,,,,,,,,,,
4223,32,48,64,0,1,1,1,1,1,0,1,1,1,1,1,,,,,,,,,,,,
4224,32,48,64,0,1,1,1,1,1,1,0,1,1,1,1,,,,,,,,,,,,
4225,32,48,64,0,1,1,1,1,1,1,1,0,1,1,1,,,,,,,,,,,,
4226,32,48,64,0,1,1,1,1,1,1,1,1,0,1,1,,,,,,,,,,,,
4227,32,48,64,0,1,1,1,1,1,1,1,1,1,0,1,,,,,,,,,,,,
4228,32,48,64,0,1,1,1,1,1,1,1,1,1,1,0,,,,,,,,,,,,
4229,32,48,64,1,0,1,1,1,1,1,1,1,1,1,1,,,,,,,,,,,,
4230,32,48,64,1,0,1,1,1,1,0,1,1,1,1,1,,,,,,,,,,,,
4231,32,48,64,1,0,1,1,1,1,1,0,1,1,1,1,,,,,,,,,,,,
4232,32,48,64,1,0,1,1,1,1,1,1,0,1,1,1,,,,,,,,,,,,
4233,32,48,64,1,0,1,1,1,1,1,1,1,0,1,1,,,,,,,,,,,,
4234,32,48,64,1,0,1,1,1,1,1,1,1,1,0,1,,,,,,,,,,,,
4235,32,48,64,1,0,1,1,1,1,1,1,1,1,1,0,,,,,,,,,,,,
4236,32,48,64,1,1,0,1,1,1,1,1,1,1,1,1,,,,,,,,,,,,
4237,32,48,64,1,1,0,1,1,1,0,1,1,1,1,1,,,,,,,,,,,,
4238,32,48,64,1,1,0,1,1,1,1,0,1,1,1,1,,,,,,,,,,,,
4239,32,48,64,1,1,0,1,1,1,1,1,0,1,1,1,,,,,,,,,,,,
4240,32,48,64,1,1,0,1,1,1,1,1,1,0,1,1,,,,,,,,,,,,
4241,32,48,64,1,1,0,1,1,1,1,1,1,1,0,1,,,,,,,,,,,,
4242,32,48,64,1,1,0,1,1,1,1,1,1,1,1,0,,,,,,,,,,,,
4243,32,48,64,1,1,1,0,1,1,1,1,1,1,1,1,,,,,,,,,,,,
4244,32,48,64,1,1,1,0,1,1,0,1,1,1,1,1,,,,,,,,,,,,
4245,32,48,64,1,1,1,0,1,1,1,0,1,1,1,1,,,,,,,,,,,,
4246,32,48,64,1,1,1,0,1,1,1,1,0,1,1,1,,,,,,,,,,,,
4247,32,48,64,1,1,1,0,1,1,1,1,1,0,1,1,,,,,,,,,,,,
4248,32,48,64,1,1,1,0,1,1,1,1,1,1,0,1,,,,,,,,,,,,
4249,32,48,64,1,1,1,0,1,1,1,1,1,1,1,0,,,,,,,,,,,,
4250,32,48,64,1,1,1,1,0,1,1,1,1,1,1,1,,,,,,,,,,,,
4251,32,48,64,1,1,1,1,0,1,0,1,1,1,1,1,,,,,,,,,,,,
4252,32,48,64,1,1,1,1,0,1,1,0,1,1,1,1,,,,,,,,,,,,
4253,32,48,64,1,1,1,1,0,1,1,1,0,1,1,1,,,,,,,,,,,,
4254,32,48,64,1,1,1,1,0,1,1,1,1,0,1,1,,,,,,,,,,,,
4255,32,48,64,1,1,1,1,0,1,1,1,1,1,0,1,,,,,,,,,,,,
4256,32,48,64,1,1,1,1,0,1,1,1,1,1,1,0,,,,,,,,,,,,
4257,32,48,64,1,1,1,1,1,0,1,1,1,1,1,1,,,,,,,,,,,,
4258,32,48,64,1,1,1,1,1,0,0,1,1,1,1,1,,,,,,,,,,,,
4259,32,48,64,1,1,1,1,1,0,1,0,1,1,1,1,,,,,,,,,,,,
4260,32,48,64,1,1,1,1,1,0,1,1,0,1,1,1,,,,,,,,,,,,
4261,32,48,64,1,1,1,1,1,0,1,1,1,0,1,1,,,,,,,,,,,,
4262,32,48,64,1,1,1,1,1,0,1,1,1,1,0,1,,,,,,,,,,,,
4263,32,48,64,1,1,1,1,1,0,1,1,1,1,1,0,,,,,,,,,,,,
4264,32,16,48,1,1,1,1,1,1,1,1,1,1,1,1,,,,,,,,,,,,
4265,32,16,48,1,1,1,1,1,1,0,1,1,1,1,1,,,,,,,,,,,,
4266,32,16,48,1,1,1,1,1,1,1,0,1,1,1,1,,,,,,,,,,,,
4267,32,16,48,1,1,1,1,1,1,1,1,0,1,1,1,,,,,,,,,,,,
4268,32,16,48,1,1,1,1,1,1,1,1,1,0,1,1,,,,,,,,,,,,
4269,32,16,48,1,1,1,1,1,1,1,1,1,1,0,1,,,,,,,,,,,,
4270,32,16,48,1,1,1,1,1,1,1,1,1,1,1,0,,,,,,,,,,,,
4271,32,16,48,0,1,1,1,1,1,1,1,1,1,1,1,,,,,,,,,,,,
4272,32,16,48,0,1,1,1,1,1,0,1,1,1,1,1,,,,,,,,,,,,
4273,32,16,48,0,1,1,1,1,1,1,0,1,1,1,1,,,,,,,,,,,,
4274,32,16,48,0,1,1,1,1,1,1,1,0,1,1,1,,,,,,,,,,,,
4275,32,16,48,0,1,1,1,1,1,1,1,1,0,1,1,,,,,,,,,,,,
4276,32,16,48,0,1,1,1,1,1,1,1,1,1,0,1,,,,,,,,,,,,
4277,32,16,48,0,1,1,1,1,1,1,1,1,1,1,0,,,,,,,,,,,,
4278,32,16,48,1,0,1,1,1,1,1,1,1,1,1,1,,,,,,,,,,,,
4279,32,16,48,1,0,1,1,1,1,0,1,1,1,1,1,,,,,,,,,,,,
4280,32,16,48,1,0,1,1,1,1,1,0,1,1,1,1,,,,,,,,,,,,
4281,32,16,48,1,0,1,1,1,1,1,1,0,1,1,1,,,,,,,,,,,,
4282,32,16,48,1,0,1,1,1,1,1,1,1,0,1,1,,,,,,,,,,,,
4283,32,16,48,1,0,1,1,1,1,1,1,1,1,0,1,,,,,,,,,,,,
4284,32,16,48,1,0,1,1,1,1,1,1,1,1,1,0,,,,,,,,,,,,
4285,32,16,48,1,1,0,1,1,1,1,1,1,1,1,1,,,,,,,,,,,,
4286,32,16,48,1,1,0,1,1,1,0,1,1,1,1,1,,,,,,,,,,,,
4287,32,16,48,1,1,0,1,1,1,1,0,1,1,1,1,,,,,,,,,,,,
4288,32,16,48,1,1,0,1,1,1,1,1,0,1,1,1,,,,,,,,,,,,
4289,32,16,48,1,1,0,1,1,1,1,1,1,0,1,1,,,,,,,,,,,,
4290,32,16,48,1,1,0,1,1,1,1,1,1,1,0,1,,,,,,,,,,,,
4291,32,16,48,1,1,0,1,1,1,1,1,1,1,1,0,,,,,,,,,,,,
4292,32,16,48,1,1,1,0,1,1,1,1,1,1,1,1,,,,,,,,,,,,
4293,32,16,48,1,1,1,0,1,1,0,1,1,1,1,1,,,,,,,,,,,,
4294,32,16,48,1,1,1,0,1,1,1,0,1,1,1,1,,,,,,,,,,,,
4295,32,16,48,1,1,1,0,1,1,1,1,0,1,1,1,,,,,,,,,,,,
4296,32,16,48,1,1,1,0,1,1,1,1,1,0,1,1,,,,,,,,,,,,
4297,32,16,48,1,1,1,0,1,1,1,1,1,1,0,1,,,,,,,,,,,,
4298,32,16,48,1,1,1,0,1,1,1,1,1,1,1,0,,,,,,,,,,,,
4299,32,16,48,1,1,1,1,0,1,1,1,1,1,1,1,,,,,,,,,,,,
4300,32,16,48,1,1,1,1,0,1,0,1,1,1,1,1,,,,,,,,,,,,
4301,32,16,48,1,1,1,1,0,1,1,0,1,1,1,1,,,,,,,,,,,,
4302,32,16,48,1,1,1,1,0,1,1,1,0,1,1,1,,,,,,,,,,,,
4303,32,16,48,1,1,1,1,0,1,1,1,1,0,1,1,,,,,,,,,,,,
4304,32,16,48,1,1,1,1,0,1,1,1,1,1,0,1,,,,,,,,,,,,
4305,32,16,48,1,1,1,1,0,1,1,1,1,1,1,0,,,,,,,,,,,,
4306,32,16,48,1,1,1,1,1,0,1,1,1,1,1,1,,,,,,,,,,,,
4307,32,16,48,1,1,1,1,1,0,0,1,1,1,1,1,,,,,,,,,,,,
4308,32,16,48,1,1,1,1,1,0,1,0,1,1,1,1,,,,,,,,,,,,
4309,32,16,48,1,1,1,1,1,0,1,1,0,1,1,1,,,,,,,,,,,,
4310,32,16,48,1,1,1,1,1,0,1,1,1,0,1,1,,,,,,,,,,,,
4311,32,16,48,1,1,1,1,1,0,1,1,1,1,0,1,,,,,,,,,,,,
4312,32,16,48,1,1,1,1,1,0,1,1,1,1,1,0,,,,,,,,,,,,
4313,48,64,32,1,1,1,1,1,1,1,1,1,1,1,1,,,,,,,,,,,,
4314,48,64,32,1,1,1,1,1,1,0,1,1,1,1,1,,,,,,,,,,,,
4315,48,64,32,1,1,1,1,1,1,1,0,1,1,1,1,,,,,,,,,,,,
4316,48,64,32,1,1,1,1,1,1,1,1,0,1,1,1,,,,,,,,,,,,
4317,48,64,32,1,1,1,1,1,1,1,1,1,0,1,1,,,,,,,,,,,,
4318,48,64,32,1,1,1,1,1,1,1,1,1,1,0,1,,,,,,,,,,,,
4319,48,64,32,1,1,1,1,1,1,1,1,1,1,1,0,,,,,,,,,,,,
4320,48,64,32,0,1,1,1,1,1,1,1,1,1,1,1,,,,,,,,,,,,
4321,48,64,32,0,1,1,1,1,1,0,1,1,1,1,1,,,,,,,,,,,,
4322,48,64,32,0,1,1,1,1,1,1,0,1,1,1,1,,,,,,,,,,,,
4323,48,64,32,0,1,1,1,1,1,1,1,0,1,1,1,,,,,,,,,,,,
4324,48,64,32,0,1,1,1,1,1,1,1,1,0,1,1,,,,,,,,,,,,
4325,48,64,32,0,1,1,1,1,1,1,1,1,1,0,1,,,,,,,,,,,,
4326,48,64,32,0,1,1,1,1,1,1,1,1,1,1,0,,,,,,,,,,,,
4327,48,64,32,1,0,1,1,1,1,1,1,1,1,1,1,,,,,,,,,,,,
4328,48,64,32,1,0,1,1,1,1,0,1,1,1,1,1,,,,,,,,,,,,
4329,48,64,32,1,0,1,1,1,1,1,0,1,1,1,1,,,,,,,,,,,,
4330,48,64,32,1,0,1,1,1,1,1,1,0,1,1,1,,,,,,,,,,,,
4331,48,64,32,1,0,1,1,1,1,1,1,1,0,1,1,,,,,,,,,,,,
4332,48,64,32,1,0,1,1,1,1,1,1,1,1,0,1,,,,,,,,,,,,
4333,48,64,32,1,0,1,1,1,1,1,1,1,1,1,0,,,,,,,,,,,,
4334,48,64,32,1,1,0,1,1,1,1,1,1,1,1,1,,,,,,,,,,,,
4335,48,64,32,1,1,0,1,1,1,0,1,1,1,1,1,,,,,,,,,,,,
4336,48,64,32,1,1,0,1,1,1,1,0,1,1,1,1,,,,,,,,,,,,
4337,48,64,32,1,1,0,1,1,1,1,1,0,1,1,1,,,,,,,,,,,,
4338,48,64,32,1,1,0,1,1,1,1,1,1,0,1,1,,,,,,,,,,,,
4339,48,64,32,1,1,0,1,1,1,1,1,1,1,0,1,,,,,,,,,,,,
4340,48,64,32,1,1,0,1,1,1,1,1,1,1,1,0,,,,,,,,,,,,
4341,48,64,32,1,1,1,0,1,1,1,1,1,1,1,1,,,,,,,,,,,,
4342,48,64,32,1,1,1,0,1,1,0,1,1,1,1,1,,,,,,,,,,,,
4343,48,64,32,1,1,1,0,1,1,1,0,1,1,1,1,,,,,,,,,,,,
4344,48,64,32,1,1,1,0,1,1,1,1,0,1,1,1,,,,,,,,,,,,
4345,48,64,32,1,1,1,0,1,1,1,1,1,0,1,1,,,,,,,,,,,,
4346,48,64,32,1,1,1,0,1,1,1,1,1,1,0,1,,,,,,,,,,,,
4347,48,64,32,1,1,1,0,1,1,1,1,1,1,1,0,,,,,,,,,,,,
4348,48,64,32,1,1,1,1,0,1,1,1,1,1,1,1,,,,,,,,,,,,
4349,48,64,32,1,1,1,1,0,1,0,1,1,1,1,1,,,,,,,,,,,,
4350,48,64,32,1,1,1,1,0,1,1,0,1,1,1,1,,,,,,,,,,,,
4351,48,64,32,1,1,1,1,0,1,1,1,0,1,1,1,,,,,,,,,,,,
4352,48,64,32,1,1,1,1,0,1,1,1,1,0,1,1,,,,,,,,,,,,
4353,48,64,32,1,1,1,1,0,1,1,1,1,1,0,1,,,,,,,,,,,,
4354,48,64,32,1,1,1,1,0,1,1,1,1,1,1,0,,,,,,,,,,,,
4355,48,64,32,1,1,1,1,1,0,1,1,1,1,1,1,,,,,,,,,,,,
4356,48,64,32,1,1,1,1,1,0,0,1,1,1,1,1,,,,,,,,,,,,
4357,48,64,32,1,1,1,1,1,0,1,0,1,1,1,1,,,,,,,,,,,,
4358,48,64,32,1,1,1,1,1,0,1,1,0,1,1,1,,,,,,,,,,,,
4359,48,64,32,1,1,1,1,1,0,1,1,1,0,1,1,,,,,,,,,,,,
4360,48,64,32,1,1,1,1,1,0,1,1,1,1,0,1,,,,,,,,,,,,
4361,48,64,32,1,1,1,1,1,0,1,1,1,1,1,0,,,,,,,,,,,,
4362,32,48,48,1,1,1,1,1,1,1,1,1,1,1,1,,,,,,,,,,,,
4363,32,48,48,1,1,1,1,1,1,0,1,1,1,1,1,,,,,,,,,,,,
4364,32,48,48,1,1,1,1,1,1,1,0,1,1,1,1,,,,,,,,,,,,
4365,32,48,48,1,1,1,1,1,1,1,1,0,1,1,1,,,,,,,,,,,,
4366,32,48,48,1,1,1,1,1,1,1,1,1,0,1,1,,,,,,,,,,,,
4367,32,48,48,1,1,1,1,1,1,1,1,1,1,0,1,,,,,,,,,,,,
4368,32,48,48,1,1,1,1,1,1,1,1,1,1,1,0,,,,,,,,,,,,
4369,32,48,48,0,1,1,1,1,1,1,1,1,1,1,1,,,,,,,,,,,,
4370,32,48,48,0,1,1,1,1,1,0,1,1,1,1,1,,,,,,,,,,,,
4371,32,48,48,0,1,1,1,1,1,1,0,1,1,1,1,,,,,,,,,,,,
4372,32,48,48,0,1,1,1,1,1,1,1,0,1,1,1,,,,,,,,,,,,
4373,32,48,48,0,1,1,1,1,1,1,1,1,0,1,1,,,,,,,,,,,,
4374,32,48,48,0,1,1,1,1,1,1,1,1,1,0,1,,,,,,,,,,,,
4375,32,48,48,0,1,1,1,1,1,1,1,1,1,1,0,,,,,,,,,,,,
4376,32,48,48,1,0,1,1,1,1,1,1,1,1,1,1,,,,,,,,,,,,
4377,32,48,48,1,0,1,1,1,1,0,1,1,1,1,1,,,,,,,,,,,,
4378,32,48,48,1,0,1,1,1,1,1,0,1,1,1,1,,,,,,,,,,,,
4379,32,48,48,1,0,1,1,1,1,1,1,0,1,1,1,,,,,,,,,,,,
4380,32,48,48,1,0,1,1,1,1,1,1,1,0,1,1,,,,,,,,,,,,
4381,32,48,48,1,0,1,1,1,1,1,1,1,1,0,1,,,,,,,,,,,,
4382,32,48,48,1,0,1,1,1,1,1,1,1,1,1,0,,,,,,,,,,,,
4383,32,48,48,1,1,0,1,1,1,1,1,1,1,1,1,,,,,,,,,,,,
4384,32,48,48,1,1,0,1,1,1,0,1,1,1,1,1,,,,,,,,,,,,
4385,32,48,48,1,1,0,1,1,1,1,0,1,1,1,1,,,,,,,,,,,,
4386,32,48,48,1,1,0,1,1,1,1,1,0,1,1,1,,,,,,,,,,,,
4387,32,48,48,1,1,0,1,1,1,1,1,1,0,1,1,,,,,,,,,,,,
4388,32,48,48,1,1,0,1,1,1,1,1,1,1,0,1,,,,,,,,,,,,
4389,32,48,48,1,1,0,1,1,1,1,1,1,1,1,0,,,,,,,,,,,,
4390,32,48,48,1,1,1,0,1,1,1,1,1,1,1,1,,,,,,,,,,,,
4391,32,48,48,1,1,1,0,1,1,0,1,1,1,1,1,,,,,,,,,,,,
4392,32,48,48,1,1,1,0,1,1,1,0,1,1,1,1,,,,,,,,,,,,
4393,32,48,48,1,1,1,0,1,1,1,1,0,1,1,1,,,,,,,,,,,,
4394,32,48,48,1,1,1,0,1,1,1,1,1,0,1,1,,,,,,,,,,,,
4395,32,48,48,1,1,1,0,1,1,1,1,1,1,0,1,,,,,,,,,,,,
4396,32,48,48,1,1,1,0,1,1,1,1,1,1,1,0,,,,,,,,,,,,
4397,32,48,48,1,1,1,1,0,1,1,1,1,1,1,1,,,,,,,,,,,,
4398,32,48,48,1,1,1,1,0,1,0,1,1,1,1,1,,,,,,,,,,,,
4399,32,48,48,1,1,1,1,0,1,1,0,1,1,1,1,,,,,,,,,,,,
4400,32,48,48,1,1,1,1,0,1,1,1,0,1,1,1,,,,,,,,,,,,
4401,32,48,48,1,1,1,1,0,1,1,1,1,0,1,1,,,,,,,,,,,,
4402,32,48,48,1,1,1,1,0,1,1,1,1,1,0,1,,,,,,,,,,,,
4403,32,48,48,1,1,1,1,0,1,1,1,1,1,1,0,,,,,,,,,,,,
4404,32,48,48,1,1,1,1,1,0,1,1,1,1,1,1,,,,,,,,,,,,
4405,32,48,48,1,1,1,1,1,0,0,1,1,1,1,1,,,,,,,,,,,,
4406,32,48,48,1,1,1,1,1,0,1,0,1,1,1,1,,,,,,,,,,,,
4407,32,48,48,1,1,1,1,1,0,1,1,0,1,1,1,,,,,,,,,,,,
4408,32,48,48,1,1,1,1,1,0,1,1,1,0,1,1,,,,,,,,,,,,
4409,32,48,48,1,1,1,1,1,0,1,1,1,1,0,1,,,,,,,,,,,,
4410,32,48,48,1,1,1,1,1,0,1,1,1,1,1,0,,,,,,,,,,,,
4411,32,64,48,1,1,1,1,1,1,1,1,1,1,1,1,,,,,,,,,,,,
4412,32,64,48,1,1,1,1,1,1,0,1,1,1,1,1,,,,,,,,,,,,
4413,32,64,48,1,1,1,1,1,1,1,0,1,1,1,1,,,,,,,,,,,,
4414,32,64,48,1,1,1,1,1,1,1,1,0,1,1,1,,,,,,,,,,,,
4415,32,64,48,1,1,1,1,1,1,1,1,1,0,1,1,,,,,,,,,,,,
4416,32,64,48,1,1,1,1,1,1,1,1,1,1,0,1,,,,,,,,,,,,
4417,32,64,48,1,1,1,1,1,1,1,1,1,1,1,0,,,,,,,,,,,,
4418,32,64,48,0,1,1,1,1,1,1,1,1,1,1,1,,,,,,,,,,,,
4419,32,64,48,0,1,1,1,1,1,0,1,1,1,1,1,,,,,,,,,,,,
4420,32,64,48,0,1,1,1,1,1,1,0,1,1,1,1,,,,,,,,,,,,
4421,32,64,48,0,1,1,1,1,1,1,1,0,1,1,1,,,,,,,,,,,,
4422,32,64,48,0,1,1,1,1,1,1,1,1,0,1,1,,,,,,,,,,,,
4423,32,64,48,0,1,1,1,1,1,1,1,1,1,0,1,,,,,,,,,,,,
4424,32,64,48,0,1,1,1,1,1,1,1,1,1,1,0,,,,,,,,,,,,
4425,32,64,48,1,0,1,1,1,1,1,1,1,1,1,1,,,,,,,,,,,,
4426,32,64,48,1,0,1,1,1,1,0,1,1,1,1,1,,,,,,,,,,,,
4427,32,64,48,1,0,1,1,1,1,1,0,1,1,1,1,,,,,,,,,,,,
4428,32,64,48,1,0,1,1,1,1,1,1,0,1,1,1,,,,,,,,,,,,
4429,32,64,48,1,0,1,1,1,1,1,1,1,0,1,1,,,,,,,,,,,,
4430,32,64,48,1,0,1,1,1,1,1,1,1,1,0,1,,,,,,,,,,,,
4431,32,64,48,1,0,1,1,1,1,1,1,1,1,1,0,,,,,,,,,,,,
4432,32,64,48,1,1,0,1,1,1,1,1,1,1,1,1,,,,,,,,,,,,
4433,32,64,48,1,1,0,1,1,1,0,1,1,1,1,1,,,,,,,,,,,,
4434,32,64,48,1,1,0,1,1,1,1,0,1,1,1,1,,,,,,,,,,,,
4435,32,64,48,1,1,0,1,1,1,1,1,0,1,1,1,,,,,,,,,,,,
4436,32,64,48,1,1,0,1,1,1,1,1,1,0,1,1,,,,,,,,,,,,
4437,32,64,48,1,1,0,1,1,1,1,1,1,1,0,1,,,,,,,,,,,,
4438,32,64,48,1,1,0,1,1,1,1,1,1,1,1,0,,,,,,,,,,,,
4439,32,64,48,1,1,1,0,1,1,1,1,1,1,1,1,,,,,,,,,,,,
4440,32,64,48,1,1,1,0,1,1,0,1,1,1,1,1,,,,,,,,,,,,
4441,32,64,48,1,1,1,0,1,1,1,0,1,1,1,1,,,,,,,,,,,,
4442,32,64,48,1,1,1,0,1,1,1,1,0,1,1,1,,,,,,,,,,,,
4443,32,64,48,1,1,1,0,1,1,1,1,1,0,1,1,,,,,,,,,,,,
4444,32,64,48,1,1,1,0,1,1,1,1,1,1,0,1,,,,,,,,,,,,
4445,32,64,48,1,1,1,0,1,1,1,1,1,1,1,0,,,,,,,,,,,,
4446,32,64,48,1,1,1,1,0,1,1,1,1,1,1,1,,,,,,,,,,,,
4447,32,64,48,1,1,1,1,0,1,0,1,1,1,1,1,,,,,,,,,,,,
4448,32,64,48,1,1,1,1,0,1,1,0,1,1,1,1,,,,,,,,,,,,
4449,32,64,48,1,1,1,1,0,1,1,1,0,1,1,1,,,,,,,,,,,,
4450,32,64,48,1,1,1,1,0,1,1,1,1,0,1,1,,,,,,,,,,,,
4451,32,64,48,1,1,1,1,0,1,1,1,1,1,0,1,,,,,,,,,,,,
4452,32,64,48,1,1,1,1,0,1,1,1,1,1,1,0,,,,,,,,,,,,
4453,32,64,48,1,1,1,1,1,0,1,1,1,1,1,1,,,,,,,,,,,,
4454,32,64,48,1,1,1,1,1,0,0,1,1,1,1,1,,,,,,,,,,,,
4455,32,64,48,1,1,1,1,1,0,1,0,1,1,1,1,,,,,,,,,,,,
4456,32,64,48,1,1,1,1,1,0,1,1,0,1,1,1,,,,,,,,,,,,
4457,32,64,48,1,1,1,1,1,0,1,1,1,0,1,1,,,,,,,,,,,,
4458,32,64,48,1,1,1,1,1,0,1,1,1,1,0,1,,,,,,,,,,,,
4459,32,64,48,1,1,1,1,1,0,1,1,1,1,1,0,,,,,,,,,,,,
4460,16,16,32,1,1,1,1,1,1,1,1,1,1,1,1,,,,,,,,,,,,
4461,16,16,32,1,1,1,1,1,1,0,1,1,1,1,1,,,,,,,,,,,,
4462,16,16,32,1,1,1,1,1,1,1,0,1,1,1,1,,,,,,,,,,,,
4463,16,16,32,1,1,1,1,1,1,1,1,0,1,1,1,,,,,,,,,,,,
4464,16,16,32,1,1,1,1,1,1,1,1,1,0,1,1,,,,,,,,,,,,
4465,16,16,32,1,1,1,1,1,1,1,1,1,1,0,1,,,,,,,,,,,,
4466,16,16,32,1,1,1,1,1,1,1,1,1,1,1,0,,,,,,,,,,,,
4467,16,16,32,0,1,1,1,1,1,1,1,1,1,1,1,,,,,,,,,,,,
4468,16,16,32,0,1,1,1,1,1,0,1,1,1,1,1,,,,,,,,,,,,
4469,16,16,32,0,1,1,1,1,1,1,0,1,1,1,1,,,,,,,,,,,,
4470,16,16,32,0,1,1,1,1,1,1,1,0,1,1,1,,,,,,,,,,,,
4471,16,16,32,0,1,1,1,1,1,1,1,1,0,1,1,,,,,,,,,,,,
4472,16,16,32,0,1,1,1,1,1,1,1,1,1,0,1,,,,,,,,,,,,
4473,16,16,32,0,1,1,1,1,1,1,1,1,1,1,0,,,,,,,,,,,,
4474,16,16,32,1,0,1,1,1,1,1,1,1,1,1,1,,,,,,,,,,,,
4475,16,16,32,1,0,1,1,1,1,0,1,1,1,1,1,,,,,,,,,,,,
4476,16,16,32,1,0,1,1,1,1,1,0,1,1,1,1,,,,,,,,,,,,
4477,16,16,32,1,0,1,1,1,1,1,1,0,1,1,1,,,,,,,,,,,,
4478,16,16,32,1,0,1,1,1,1,1,1,1,0,1,1,,,,,,,,,,,,
4479,16,16,32,1,0,1,1,1,1,1,1,1,1,0,1,,,,,,,,,,,,
4480,16,16,32,1,0,1,1,1,1,1,1,1,1,1,0,,,,,,,,,,,,
4481,16,16,32,1,1,0,1,1,1,1,1,1,1,1,1,,,,,,,,,,,,
4482,16,16,32,1,1,0,1,1,1,0,1,1,1,1,1,,,,,,,,,,,,
4483,16,16,32,1,1,0,1,1,1,1,0,1,1,1,1,,,,,,,,,,,,
4484,16,16,32,1,1,0,1,1,1,1,1,0,1,1,1,,,,,,,,,,,,
4485,16,16,32,1,1,0,1,1,1,1,1,1,0,1,1,,,,,,,,,,,,
4486,16,16,32,1,1,0,1,1,1,1,1,1,1,0,1,,,,,,,,,,,,
4487,16,16,32,1,1,0,1,1,1,1,1,1,1,1,0,,,,,,,,,,,,
4488,16,16,32,1,1,1,0,1,1,1,1,1,1,1,1,,,,,,,,,,,,
4489,16,16,32,1,1,1,0,1,1,0,1,1,1,1,1,,,,,,,,,,,,
4490,16,16,32,1,1,1,0,1,1,1,0,1,1,1,1,,,,,,,,,,,,
4491,16,16,32,1,1,1,0,1,1,1,1,0,1,1,1,,,,,,,,,,,,
4492,16,16,32,1,1,1,0,1,1,1,1,1,0,1,1,,,,,,,,,,,,
4493,16,16,32,1,1,1,0,1,1,1,1,1,1,0,1,,,,,,,,,,,,
4494,16,16,32,1,1,1,0,1,1,1,1,1,1,1,0,,,,,,,,,,,,
4495,16,16,32,1,1,1,1,0,1,1,1,1,1,1,1,,,,,,,,,,,,
4496,16,16,32,1,1,1,1,0,1,0,1,1,1,1,1,,,,,,,,,,,,
4497,16,16,32,1,1,1,1,0,1,1,0,1,1,1,1,,,,,,,,,,,,
4498,16,16,32,1,1,1,1,0,1,1,1,0,1,1,1,,,,,,,,,,,,
4499,16,16,32,1,1,1,1,0,1,1,1,1,0,1,1,,,,,,,,,,,,
4500,16,16,32,1,1,1,1,0,1,1,1,1,1,0,1,,,,,,,,,,,,
4501,16,16,32,1,1,1,1,0,1,1,1,1,1,1,0,,,,,,,,,,,,
4502,16,16,32,1,1,1,1,1,0,1,1,1,1,1,1,,,,,,,,,,,,
4503,16,16,32,1,1,1,1,1,0,0,1,1,1,1,1,,,,,,,,,,,,
4504,16,16,32,1,1,1,1,1,0,1,0,1,1,1,1,,,,,,,,,,,,
4505,16,16,32,1,1,1,1,1,0,1,1,0,1,1,1,,,,,,,,,,,,
4506,16,16,32,1,1,1,1,1,0,1,1,1,0,1,1,,,,,,,,,,,,
4507,16,16,32,1,1,1,1,1,0,1,1,1,1,0,1,,,,,,,,,,,,
4508,16,16,32,1,1,1,1,1,0,1,1,1,1,1,0,,,,,,,,,,,,
4509,96,64,32,1,1,1,1,1,1,1,1,1,1,1,1,,,,,,,,,,,,
4510,96,64,32,1,1,1,1,1,1,0,1,1,1,1,1,,,,,,,,,,,,
4511,96,64,32,1,1,1,1,1,1,1,0,1,1,1,1,,,,,,,,,,,,
4512,96,64,32,1,1,1,1,1,1,1,1,0,1,1,1,,,,,,,,,,,,
4513,96,64,32,1,1,1,1,1,1,1,1,1,0,1,1,,,,,,,,,,,,
4514,96,64,32,1,1,1,1,1,1,1,1,1,1,0,1,,,,,,,,,,,,
4515,96,64,32,1,1,1,1,1,1,1,1,1,1,1,0,,,,,,,,,,,,
4516,96,64,32,0,1,1,1,1,1,1,1,1,1,1,1,,,,,,,,,,,,
4517,96,64,32,0,1,1,1,1,1,0,1,1,1,1,1,,,,,,,,,,,,
4518,96,64,32,0,1,1,1,1,1,1,0,1,1,1,1,,,,,,,,,,,,
4519,96,64,32,0,1,1,1,1,1,1,1,0,1,1,1,,,,,,,,,,,,
4520,96,64,32,0,1,1,1,1,1,1,1,1,0,1,1,,,,,,,,,,,,
4521,96,64,32,0,1,1,1,1,1,1,1,1,1,0,1,,,,,,,,,,,,
4522,96,64,32,0,1,1,1,1,1,1,1,1,1,1,0,,,,,,,,,,,,
4523,96,64,32,1,0,1,1,1,1,1,1,1,1,1,1,,,,,,,,,,,,
4524,96,64,32,1,0,1,1,1,1,0,1,1,1,1,1,,,,,,,,,,,,
4525,96,64,32,1,0,1,1,1,1,1,0,1,1,1,1,,,,,,,,,,,,
4526,96,64,32,1,0,1,1,1,1,1,1,0,1,1,1,,,,,,,,,,,,
4527,96,64,32,1,0,1,1,1,1,1,1,1,0,1,1,,,,,,,,,,,,
4528,96,64,32,1,0,1,1,1,1,1,1,1,1,0,1,,,,,,,,,,,,
4529,96,64,32,1,0,1,1,1,1,1,1,1,1,1,0,,,,,,,,,,,,
4530,96,64,32,1,1,0,1,1,1,1,1,1,1,1,1,,,,,,,,,,,,
4531,96,64,32,1,1,0,1,1,1,0,1,1,1,1,1,,,,,,,,,,,,
4532,96,64,32,1,1,0,1,1,1,1,0,1,1,1,1,,,,,,,,,,,,
4533,96,64,32,1,1,0,1,1,1,1,1,0,1,1,1,,,,,,,,,,,,
4534,96,64,32,1,1,0,1,1,1,1,1,1,0,1,1,,,,,,,,,,,,
4535,96,64,32,1,1,0,1,1,1,1,1,1,1,0,1,,,,,,,,,,,,
4536,96,64,32,1,1,0,1,1,1,1,1,1,1,1,0,,,,,,,,,,,,
4537,96,64,32,1,1,1,0,1,1,1,1,1,1,1,1,,,,,,,,,,,,
4538,96,64,32,1,1,1,0,1,1,0,1,1,1,1,1,,,,,,,,,,,,
4539,96,64,32,1,1,1,0,1,1,1,0,1,1,1,1,,,,,,,,,,,,
4540,96,64,32,1,1,1,0,1,1,1,1,0,1,1,1,,,,,,,,,,,,
4541,96,64,32,1,1,1,0,1,1,1,1,1,0,1,1,,,,,,,,,,,,
4542,96,64,32,1,1,1,0,1,1,1,1,1,1,0,1,,,,,,,,,,,,
4543,96,64,32,1,1,1,0,1,1,1,1,1,1,1,0,,,,,,,,,,,,
4544,96,64,32,1,1,1,1,0,1,1,1,1,1,1,1,,,,,,,,,,,,
4545,96,64,32,1,1,1,1,0,1,0,1,1,1,1,1,,,,,,,,,,,,
4546,96,64,32,1,1,1,1,0,1,1,0,1,1,1,1,,,,,,,,,,,,
4547,96,64,32,1,1,1,1,0,1,1,1,0,1,1,1,,,,,,,,,,,,
4548,96,64,32,1,1,1,1,0,1,1,1,1,0,1,1,,,,,,,,,,,,
4549,96,64,32,1,1,1,1,0,1,1,1,1,1,0,1,,,,,,,,,,,,
4550,96,64,32,1,1,1,1,0,1,1,1,1,1,1,0,,,,,,,,,,,,
4551,96,64,32,1,1,1,1,1,0,1,1,1,1,1,1,,,,,,,,,,,,
4552,96,64,32,1,1,1,1,1,0,0,1,1,1,1,1,,,,,,,,,,,,
4553,96,64,32,1,1,1,1,1,0,1,0,1,1,1,1,,,,,,,,,,,,
4554,96,64,32,1,1,1,1,1,0,1,1,0,1,1,1,,,,,,,,,,,,
4555,96,64,32,1,1,1,1,1,0,1,1,1,0,1,1,,,,,,,,,,,,
4556,96,64,32,1,1,1,1,1,0,1,1,1,1,0,1,,,,,,,,,,,,
4557,96,64,32,1,1,1,1,1,0,1,1,1,1,1,0,,,,,,,,,,,,
4558,32,48,96,1,1,1,1,1,1,1,1,1,1,1,1,,,,,,,,,,,,
4559,32,48,96,1,1,1,1,1,1,0,1,1,1,1,1,,,,,,,,,,,,
4560,32,48,96,1,1,1,1,1,1,1,0,1,1,1,1,,,,,,,,,,,,
4561,32,48,96,1,1,1,1,1,1,1,1,0,1,1,1,,,,,,,,,,,,
4562,32,48,96,1,1,1,1,1,1,1,1,1,0,1,1,,,,,,,,,,,,
4563,32,48,96,1,1,1,1,1,1,1,1,1,1,0,1,,,,,,,,,,,,
4564,32,48,96,1,1,1,1,1,1,1,1,1,1,1,0,,,,,,,,,,,,
4565,32,48,96,0,1,1,1,1,1,1,1,1,1,1,1,,,,,,,,,,,,
4566,32,48,96,0,1,1,1,1,1,0,1,1,1,1,1,,,,,,,,,,,,
4567,32,48,96,0,1,1,1,1,1,1,0,1,1,1,1,,,,,,,,,,,,
4568,32,48,96,0,1,1,1,1,1,1,1,0,1,1,1,,,,,,,,,,,,
4569,32,48,96,0,1,1,1,1,1,1,1,1,0,1,1,,,,,,,,,,,,
4570,32,48,96,0,1,1,1,1,1,1,1,1,1,0,1,,,,,,,,,,,,
4571,32,48,96,0,1,1,1,1,1,1,1,1,1,1,0,,,,,,,,,,,,
4572,32,48,96,1,0,1,1,1,1,1,1,1,1,1,1,,,,,,,,,,,,
4573,32,48,96,1,0,1,1,1,1,0,1,1,1,1,1,,,,,,,,,,,,
4574,32,48,96,1,0,1,1,1,1,1,0,1,1,1,1,,,,,,,,,,,,
4575,32,48,96,1,0,1,1,1,1,1,1,0,1,1,1,,,,,,,,,,,,
4576,32,48,96,1,0,1,1,1,1,1,1,1,0,1,1,,,,,,,,,,,,
4577,32,48,96,1,0,1,1,1,1,1,1,1,1,0,1,,,,,,,,,,,,
4578,32,48,96,1,0,1,1,1,1,1,1,1,1,1,0,,,,,,,,,,,,
4579,32,48,96,1,1,0,1,1,1,1,1,1,1,1,1,,,,,,,,,,,,
4580,32,48,96,1,1,0,1,1,1,0,1,1,1,1,1,,,,,,,,,,,,
4581,32,48,96,1,1,0,1,1,1,1,0,1,1,1,1,,,,,,,,,,,,
4582,32,48,96,1,1,0,1,1,1,1,1,0,1,1,1,,,,,,,,,,,,
4583,32,48,96,1,1,0,1,1,1,1,1,1,0,1,1,,,,,,,,,,,,
4584,32,48,96,1,1,0,1,1,1,1,1,1,1,0,1,,,,,,,,,,,,
4585,32,48,96,1,1,0,1,1,1,1,1,1,1,1,0,,,,,,,,,,,,
4586,32,48,96,1,1,1,0,1,1,1,1,1,1,1,1,,,,,,,,,,,,
4587,32,48,96,1,1,1,0,1,1,0,1,1,1,1,1,,,,,,,,,,,,
4588,32,48,96,1,1,1,0,1,1,1,0,1,1,1,1,,,,,,,,,,,,
4589,32,48,96,1,1,1,0,1,1,1,1,0,1,1,1,,,,,,,,,,,,
4590,32,48,96,1,1,1,0,1,1,1,1,1,0,1,1,,,,,,,,,,,,
4591,32,48,96,1,1,1,0,1,1,1,1,1,1,0,1,,,,,,,,,,,,
4592,32,48,96,1,1,1,0,1,1,1,1,1,1,1,0,,,,,,,,,,,,
4593,32,48,96,1,1,1,1,0,1,1,1,1,1,1,1,,,,,,,,,,,,
4594,32,48,96,1,1,1,1,0,1,0,1,1,1,1,1,,,,,,,,,,,,
4595,32,48,96,1,1,1,1,0,1,1,0,1,1,1,1,,,,,,,,,,,,
4596,32,48,96,1,1,1,1,0,1,1,1,0,1,1,1,,,,,,,,,,,,
4597,32,48,96,1,1,1,1,0,1,1,1,1,0,1,1,,,,,,,,,,,,
4598,32,48,96,1,1,1,1,0,1,1,1,1,1,0,1,,,,,,,,,,,,
4599,32,48,96,1,1,1,1,0,1,1,1,1,1,1,0,,,,,,,,,,,,
4600,32,48,96,1,1,1,1,1,0,1,1,1,1,1,1,,,,,,,,,,,,
4601,32,48,96,1,1,1,1,1,0,0,1,1,1,1,1,,,,,,,,,,,,
4602,32,48,96,1,1,1,1,1,0,1,0,1,1,1,1,,,,,,,,,,,,
4603,32,48,96,1,1,1,1,1,0,1,1,0,1,1,1,,,,,,,,,,,,
4604,32,48,96,1,1,1,1,1,0,1,1,1,0,1,1,,,,,,,,,,,,
4605,32,48,96,1,1,1,1,1,0,1,1,1,1,0,1,,,,,,,,,,,,
4606,32,48,96,1,1,1,1,1,0,1,1,1,1,1,0,,,,,,,,,,,,
4607,48,32,24,1,1,1,1,1,1,1,1,1,1,1,1,,,,,,,,,,,,
4608,48,32,24,1,1,1,1,1,1,0,1,1,1,1,1,,,,,,,,,,,,
4609,48,32,24,1,1,1,1,1,1,1,0,1,1,1,1,,,,,,,,,,,,
4610,48,32,24,1,1,1,1,1,1,1,1,0,1,1,1,,,,,,,,,,,,
4611,48,32,24,1,1,1,1,1,1,1,1,1,0,1,1,,,,,,,,,,,,
4612,48,32,24,1,1,1,1,1,1,1,1,1,1,0,1,,,,,,,,,,,,
4613,48,32,24,1,1,1,1,1,1,1,1,1,1,1,0,,,,,,,,,,,,
4614,48,32,24,0,1,1,1,1,1,1,1,1,1,1,1,,,,,,,,,,,,
4615,48,32,24,0,1,1,1,1,1,0,1,1,1,1,1,,,,,,,,,,,,
4616,48,32,24,0,1,1,1,1,1,1,0,1,1,1,1,,,,,,,,,,,,
4617,48,32,24,0,1,1,1,1,1,1,1,0,1,1,1,,,,,,,,,,,,
4618,48,32,24,0,1,1,1,1,1,1,1,1,0,1,1,,,,,,,,,,,,
4619,48,32,24,0,1,1,1,1,1,1,1,1,1,0,1,,,,,,,,,,,,
4620,48,32,24,0,1,1,1,1,1,1,1,1,1,1,0,,,,,,,,,,,,
4621,48,32,24,1,0,1,1,1,1,1,1,1,1,1,1,,,,,,,,,,,,
4622,48,32,24,1,0,1,1,1,1,0,1,1,1,1,1,,,,,,,,,,,,
4623,48,32,24,1,0,1,1,1,1,1,0,1,1,1,1,,,,,,,,,,,,
4624,48,32,24,1,0,1,1,1,1,1,1,0,1,1,1,,,,,,,,,,,,
4625,48,32,24,1,0,1,1,1,1,1,1,1,0,1,1,,,,,,,,,,,,
4626,48,32,24,1,0,1,1,1,1,1,1,1,1,0,1,,,,,,,,,,,,
4627,48,32,24,1,0,1,1,1,1,1,1,1,1,1,0,,,,,,,,,,,,
4628,48,32,24,1,1,0,1,1,1,1,1,1,1,1,1,,,,,,,,,,,,
4629,48,32,24,1,1,0,1,1,1,0,1,1,1,1,1,,,,,,,,,,,,
4630,48,32,24,1,1,0,1,1,1,1,0,1,1,1,1,,,,,,,,,,,,
4631,48,32,24,1,1,0,1,1,1,1,1,0,1,1,1,,,,,,,,,,,,
4632,48,32,24,1,1,0,1,1,1,1,1,1,0,1,1,,,,,,,,,,,,
4633,48,32,24,1,1,0,1,1,1,1,1,1,1,0,1,,,,,,,,,,,,
4634,48,32,24,1,1,0,1,1,1,1,1,1,1,1,0,,,,,,,,,,,,
4635,48,32,24,1,1,1,0,1,1,1,1,1,1,1,1,,,,,,,,,,,,
4636,48,32,24,1,1,1,0,1,1,0,1,1,1,1,1,,,,,,,,,,,,
4637,48,32,24,1,1,1,0,1,1,1,0,1,1,1,1,,,,,,,,,,,,
4638,48,32,24,1,1,1,0,1,1,1,1,0,1,1,1,,,,,,,,,,,,
4639,48,32,24,1,1,1,0,1,1,1,1,1,0,1,1,,,,,,,,,,,,
4640,48,32,24,1,1,1,0,1,1,1,1,1,1,0,1,,,,,,,,,,,,
4641,48,32,24,1,1,1,0,1,1,1,1,1,1,1,0,,,,,,,,,,,,
4642,48,32,24,1,1,1,1,0,1,1,1,1,1,1,1,,,,,,,,,,,,
4643,48,32,24,1,1,1,1,0,1,0,1,1,1,1,1,,,,,,,,,,,,
4644,48,32,24,1,1,1,1,0,1,1,0,1,1,1,1,,,,,,,,,,,,
4645,48,32,24,1,1,1,1,0,1,1,1,0,1,1,1,,,,,,,,,,,,
4646,48,32,24,1,1,1,1,0,1,1,1,1,0,1,1,,,,,,,,,,,,
4647,48,32,24,1,1,1,1,0,1,1,1,1,1,0,1,,,,,,,,,,,,
4648,48,32,24,1,1,1,1,0,1,1,1,1,1,1,0,,,,,,,,,,,,
4649,48,32,24,1,1,1,1,1,0,1,1,1,1,1,1,,,,,,,,,,,,
4650,48,32,24,1,1,1,1,1,0,0,1,1,1,1,1,,,,,,,,,,,,
4651,48,32,24,1,1,1,1,1,0,1,0,1,1,1,1,,,,,,,,,,,,
4652,48,32,24,1,1,1,1,1,0,1,1,0,1,1,1,,,,,,,,,,,,
4653,48,32,24,1,1,1,1,1,0,1,1,1,0,1,1,,,,,,,,,,,,
4654,48,32,24,1,1,1,1,1,0,1,1,1,1,0,1,,,,,,,,,,,,
4655,48,32,24,1,1,1,1,1,0,1,1,1,1,1,0,,,,,,,,,,,,
4656,64,32,32,1,1,1,1,1,1,1,1,1,1,1,1,,,,,,,,,,,,
4657,64,32,32,1,1,1,1,1,1,0,1,1,1,1,1,,,,,,,,,,,,
4658,64,32,32,1,1,1,1,1,1,1,0,1,1,1,1,,,,,,,,,,,,
4659,64,32,32,1,1,1,1,1,1,1,1,0,1,1,1,,,,,,,,,,,,
4660,64,32,32,1,1,1,1,1,1,1,1,1,0,1,1,,,,,,,,,,,,
4661,64,32,32,1,1,1,1,1,1,1,1,1,1,0,1,,,,,,,,,,,,
4662,64,32,32,1,1,1,1,1,1,1,1,1,1,1,0,,,,,,,,,,,,
4663,64,32,32,0,1,1,1,1,1,1,1,1,1,1,1,,,,,,,,,,,,
4664,64,32,32,0,1,1,1,1,1,0,1,1,1,1,1,,,,,,,,,,,,
4665,64,32,32,0,1,1,1,1,1,1,0,1,1,1,1,,,,,,,,,,,,
4666,64,32,32,0,1,1,1,1,1,1,1,0,1,1,1,,,,,,,,,,,,
4667,64,32,32,0,1,1,1,1,1,1,1,1,0,1,1,,,,,,,,,,,,
4668,64,32,32,0,1,1,1,1,1,1,1,1,1,0,1,,,,,,,,,,,,
4669,64,32,32,0,1,1,1,1,1,1,1,1,1,1,0,,,,,,,,,,,,
4670,64,32,32,1,0,1,1,1,1,1,1,1,1,1,1,,,,,,,,,,,,
4671,64,32,32,1,0,1,1,1,1,0,1,1,1,1,1,,,,,,,,,,,,
4672,64,32,32,1,0,1,1,1,1,1,0,1,1,1,1,,,,,,,,,,,,
4673,64,32,32,1,0,1,1,1,1,1,1,0,1,1,1,,,,,,,,,,,,
4674,64,32,32,1,0,1,1,1,1,1,1,1,0,1,1,,,,,,,,,,,,
4675,64,32,32,1,0,1,1,1,1,1,1,1,1,0,1,,,,,,,,,,,,
4676,64,32,32,1,0,1,1,1,1,1,1,1,1,1,0,,,,,,,,,,,,
4677,64,32,32,1,1,0,1,1,1,1,1,1,1,1,1,,,,,,,,,,,,
4678,64,32,32,1,1,0,1,1,1,0,1,1,1,1,1,,,,,,,,,,,,
4679,64,32,32,1,1,0,1,1,1,1,0,1,1,1,1,,,,,,,,,,,,
4680,64,32,32,1,1,0,1,1,1,1,1,0,1,1,1,,,,,,,,,,,,
4681,64,32,32,1,1,0,1,1,1,1,1,1,0,1,1,,,,,,,,,,,,
4682,64,32,32,1,1,0,1,1,1,1,1,1,1,0,1,,,,,,,,,,,,
4683,64,32,32,1,1,0,1,1,1,1,1,1,1,1,0,,,,,,,,,,,,
4684,64,32,32,1,1,1,0,1,1,1,1,1,1,1,1,,,,,,,,,,,,
4685,64,32,32,1,1,1,0,1,1,0,1,1,1,1,1,,,,,,,,,,,,
4686,64,32,32,1,1,1,0,1,1,1,0,1,1,1,1,,,,,,,,,,,,
4687,64,32,32,1,1,1,0,1,1,1,1,0,1,1,1,,,,,,,,,,,,
4688,64,32,32,1,1,1,0,1,1,1,1,1,0,1,1,,,,,,,,,,,,
4689,64,32,32,1,1,1,0,1,1,1,1,1,1,0,1,,,,,,,,,,,,
4690,64,32,32,1,1,1,0,1,1,1,1,1,1,1,0,,,,,,,,,,,,
4691,64,32,32,1,1,1,1,0,1,1,1,1,1,1,1,,,,,,,,,,,,
4692,64,32,32,1,1,1,1,0,1,0,1,1,1,1,1,,,,,,,,,,,,
4693,64,32,32,1,1,1,1,0,1,1,0,1,1,1,1,,,,,,,,,,,,
4694,64,32,32,1,1,1,1,0,1,1,1,0,1,1,1,,,,,,,,,,,,
4695,64,32,32,1,1,1,1,0,1,1,1,1,0,1,1,,,,,,,,,,,,
4696,64,32,32,1,1,1,1,0,1,1,1,1,1,0,1,,,,,,,,,,,,
4697,64,32,32,1,1,1,1,0,1,1,1,1,1,1,0,,,,,,,,,,,,
4698,64,32,32,1,1,1,1,1,0,1,1,1,1,1,1,,,,,,,,,,,,
4699,64,32,32,1,1,1,1,1,0,0,1,1,1,1,1,,,,,,,,,,,,
4700,64,32,32,1,1,1,1,1,0,1,0,1,1,1,1,,,,,,,,,,,,
4701,64,32,32,1,1,1,1,1,0,1,1,0,1,1,1,,,,,,,,,,,,
4702,64,32,32,1,1,1,1,1,0,1,1,1,0,1,1,,,,,,,,,,,,
4703,64,32,32,1,1,1,1,1,0,1,1,1,1,0,1,,,,,,,,,,,,
4704,64,32,32,1,1,1,1,1,0,1,1,1,1,1,0,,,,,,,,,,,,
