run_id,R_a,R_b,R_c,DG1_PWM1,DG1_PWM2,DG1_PWM3,DG1_PWM4,DG1_PWM5,DG1_PWM6,DG2_PWM1,DG2_PWM2,DG2_PWM3,DG2_PWM4,DG2_PWM5,DG2_PWM6,V1_a,V1_b,V1_c,I1_a,I1_b,I1_c,V2_a,V2_b,V2_c,I2_a,I2_b,I2_c
4705,24,64,96,1,1,1,1,1,1,1,1,1,1,1,1,,,,,,,,,,,,
4706,24,64,96,1,1,1,1,1,1,0,1,1,1,1,1,,,,,,,,,,,,
4707,24,64,96,1,1,1,1,1,1,1,0,1,1,1,1,,,,,,,,,,,,
4708,24,64,96,1,1,1,1,1,1,1,1,0,1,1,1,,,,,,,,,,,,
4709,24,64,96,1,1,1,1,1,1,1,1,1,0,1,1,,,,,,,,,,,,
4710,24,64,96,1,1,1,1,1,1,1,1,1,1,0,1,,,,,,,,,,,,
4711,24,64,96,1,1,1,1,1,1,1,1,1,1,1,0,,,,,,,,,,,,
4712,24,64,96,0,1,1,1,1,1,1,1,1,1,1,1,,,,,,,,,,,,
4713,24,64,96,0,1,1,1,1,1,0,1,1,1,1,1,,,,,,,,,,,,
4714,24,64,96,0,1,1,1,1,1,1,0,1,1,1,1,,,,,,,,,,,,
4715,24,64,96,0,1,1,1,1,1,1,1,0,1,1,1,,,,,,,,,,,,
4716,24,64,96,0,1,1,1,1,1,1,1,1,0,1,1,,,,,,,,,,,,
4717,24,64,96,0,1,1,1,1,1,1,1,1,1,0,1,,,,,,,,,,,,
4718,24,64,96,0,1,1,1,1,1,1,1,1,1,1,0,,,,,,,,,,,,
4719,24,64,96,1,0,1,1,1,1,1,1,1,1,1,1,,,,,,,,,,,,
4720,24,64,96,1,0,1,1,1,1,0,1,1,1,1,1,,,,,,,,,,,,
4721,24,64,96,1,0,1,1,1,1,1,0,1,1,1,1,,,,,,,,,,,,
4722,24,64,96,1,0,1,1,1,1,1,1,0,1,1,1,,,,,,,,,,,,
4723,24,64,96,1,0,1,1,1,1,1,1,1,0,1,1,,,,,,,,,,,,
4724,24,64,96,1,0,1,1,1,1,1,1,1,1,0,1,,,,,,,,,,,,
4725,24,64,96,1,0,1,1,1,1,1,1,1,1,1,0,,,,,,,,,,,,
4726,24,64,96,1,1,0,1,1,1,1,1,1,1,1,1,,,,,,,,,,,,
4727,24,64,96,1,1,0,1,1,1,0,1,1,1,1,1,,,,,,,,,,,,
4728,24,64,96,1,1,0,1,1,1,1,0,1,1,1,1,,,,,,,,,,,,
4729,24,64,96,1,1,0,1,1,1,1,1,0,1,1,1,,,,,,,,,,,,
4730,24,64,96,1,1,0,1,1,1,1,1,1,0,1,1,,,,,,,,,,,,
4731,24,64,96,1,1,0,1,1,1,1,1,1,1,0,1,,,,,,,,,,,,
4732,24,64,96,1,1,0,1,1,1,1,1,1,1,1,0,,,,,,,,,,,,
4733,24,64,96,1,1,1,0,1,1,1,1,1,1,1,1,,,,,,,,,,,,
4734,24,64,96,1,1,1,0,1,1,0,1,1,1,1,1,,,,,,,,,,,,
4735,24,64,96,1,1,1,0,1,1,1,0,1,1,1,1,,,,,,,,,,,,
4736,24,64,96,1,1,1,0,1,1,1,1,0,1,1,1,,,,,,,,,,,,
4737,24,64,96,1,1,1,0,1,1,1,1,1,0,1,1,,,,,,,,,,,,
4738,24,64,96,1,1,1,0,1,1,1,1,1,1,0,1,,,,,,,,,,,,
4739,24,64,96,1,1,1,0,1,1,1,1,1,1,1,0,,,,,,,,,,,,
4740,24,64,96,1,1,1,1,0,1,1,1,1,1,1,1,,,,,,,,,,,,
4741,24,64,96,1,1,1,1,0,1,0,1,1,1,1,1,,,,,,,,,,,,
4742,24,64,96,1,1,1,1,0,1,1,0,1,1,1,1,,,,,,,,,,,,
4743,24,64,96,1,1,1,1,0,1,1,1,0,1,1,1,,,,,,,,,,,,
4744,24,64,96,1,1,1,1,0,1,1,1,1,0,1,1,,,,,,,,,,,,
4745,24,64,96,1,1,1,1,0,1,1,1,1,1,0,1,,,,,,,,,,,,
4746,24,64,96,1,1,1,1,0,1,1,1,1,1,1,0,,,,,,,,,,,,
4747,24,64,96,1,1,1,1,1,0,1,1,1,1,1,1,,,,,,,,,,,,
4748,24,64,96,1,1,1,1,1,0,0,1,1,1,1,1,,,,,,,,,,,,
4749,24,64,96,1,1,1,1,1,0,1,0,1,1,1,1,,,,,,,,,,,,
4750,24,64,96,1,1,1,1,1,0,1,1,0,1,1,1,,,,,,,,,,,,
4751,24,64,96,1,1,1,1,1,0,1,1,1,0,1,1,,,,,,,,,,,,
4752,24,64,96,1,1,1,1,1,0,1,1,1,1,0,1,,,,,,,,,,,,
4753,24,64,96,1,1,1,1,1,0,1,1,1,1,1,0,,,,,,,,,,,,
4754,24,64,24,1,1,1,1,1,1,1,1,1,1,1,1,,,,,,,,,,,,
4755,24,64,24,1,1,1,1,1,1,0,1,1,1,1,1,,,,,,,,,,,,
4756,24,64,24,1,1,1,1,1,1,1,0,1,1,1,1,,,,,,,,,,,,
4757,24,64,24,1,1,1,1,1,1,1,1,0,1,1,1,,,,,,,,,,,,
4758,24,64,24,1,1,1,1,1,1,1,1,1,0,1,1,,,,,,,,,,,,
4759,24,64,24,1,1,1,1,1,1,1,1,1,1,0,1,,,,,,,,,,,,
4760,24,64,24,1,1,1,1,1,1,1,1,1,1,1,0,,,,,,,,,,,,
4761,24,64,24,0,1,1,1,1,1,1,1,1,1,1,1,,,,,,,,,,,,
4762,24,64,24,0,1,1,1,1,1,0,1,1,1,1,1,,,,,,,,,,,,
4763,24,64,24,0,1,1,1,1,1,1,0,1,1,1,1,,,,,,,,,,,,
4764,24,64,24,0,1,1,1,1,1,1,1,0,1,1,1,,,,,,,,,,,,
4765,24,64,24,0,1,1,1,1,1,1,1,1,0,1,1,,,,,,,,,,,,
4766,24,64,24,0,1,1,1,1,1,1,1,1,1,0,1,,,,,,,,,,,,
4767,24,64,24,0,1,1,1,1,1,1,1,1,1,1,0,,,,,,,,,,,,
4768,24,64,24,1,0,1,1,1,1,1,1,1,1,1,1,,,,,,,,,,,,
4769,24,64,24,1,0,1,1,1,1,0,1,1,1,1,1,,,,,,,,,,,,
4770,24,64,24,1,0,1,1,1,1,1,0,1,1,1,1,,,,,,,,,,,,
4771,24,64,24,1,0,1,1,1,1,1,1,0,1,1,1,,,,,,,,,,,,
4772,24,64,24,1,0,1,1,1,1,1,1,1,0,1,1,,,,,,,,,,,,
4773,24,64,24,1,0,1,1,1,1,1,1,1,1,0,1,,,,,,,,,,,,
4774,24,64,24,1,0,1,1,1,1,1,1,1,1,1,0,,,,,,,,,,,,
4775,24,64,24,1,1,0,1,1,1,1,1,1,1,1,1,,,,,,,,,,,,
4776,24,64,24,1,1,0,1,1,1,0,1,1,1,1,1,,,,,,,,,,,,
4777,24,64,24,1,1,0,1,1,1,1,0,1,1,1,1,,,,,,,,,,,,
4778,24,64,24,1,1,0,1,1,1,1,1,0,1,1,1,,,,,,,,,,,,
4779,24,64,24,1,1,0,1,1,1,1,1,1,0,1,1,,,,,,,,,,,,
4780,24,64,24,1,1,0,1,1,1,1,1,1,1,0,1,,,,,,,,,,,,
4781,24,64,24,1,1,0,1,1,1,1,1,1,1,1,0,,,,,,,,,,,,
4782,24,64,24,1,1,1,0,1,1,1,1,1,1,1,1,,,,,,,,,,,,
4783,24,64,24,1,1,1,0,1,1,0,1,1,1,1,1,,,,,,,,,,,,
4784,24,64,24,1,1,1,0,1,1,1,0,1,1,1,1,,,,,,,,,,,,
4785,24,64,24,1,1,1,0,1,1,1,1,0,1,1,1,,,,,,,,,,,,
4786,24,64,24,1,1,1,0,1,1,1,1,1,0,1,1,,,,,,,,,,,,
4787,24,64,24,1,1,1,0,1,1,1,1,1,1,0,1,,,,,,,,,,,,
4788,24,64,24,1,1,1,0,1,1,1,1,1,1,1,0,,,,,,,,,,,,
4789,24,64,24,1,1,1,1,0,1,1,1,1,1,1,1,,,,,,,,,,,,
4790,24,64,24,1,1,1,1,0,1,0,1,1,1,1,1,,,,,,,,,,,,
4791,24,64,24,1,1,1,1,0,1,1,0,1,1,1,1,,,,,,,,,,,,
4792,24,64,24,1,1,1,1,0,1,1,1,0,1,1,1,,,,,,,,,,,,
4793,24,64,24,1,1,1,1,0,1,1,1,1,0,1,1,,,,,,,,,,,,
4794,24,64,24,1,1,1,1,0,1,1,1,1,1,0,1,,,,,,,,,,,,
4795,24,64,24,1,1,1,1,0,1,1,1,1,1,1,0,,,,,,,,,,,,
4796,24,64,24,1,1,1,1,1,0,1,1,1,1,1,1,,,,,,,,,,,,
4797,24,64,24,1,1,1,1,1,0,0,1,1,1,1,1,,,,,,,,,,,,
4798,24,64,24,1,1,1,1,1,0,1,0,1,1,1,1,,,,,,,,,,,,
4799,24,64,24,1,1,1,1,1,0,1,1,0,1,1,1,,,,,,,,,,,,
4800,24,64,24,1,1,1,1,1,0,1,1,1,0,1,1,,,,,,,,,,,,
4801,24,64,24,1,1,1,1,1,0,1,1,1,1,0,1,,,,,,,,,,,,
4802,24,64,24,1,1,1,1,1,0,1,1,1,1,1,0,,,,,,,,,,,,
4803,64,48,48,1,1,1,1,1,1,1,1,1,1,1,1,,,,,,,,,,,,
4804,64,48,48,1,1,1,1,1,1,0,1,1,1,1,1,,,,,,,,,,,,
4805,64,48,48,1,1,1,1,1,1,1,0,1,1,1,1,,,,,,,,,,,,
4806,64,48,48,1,1,1,1,1,1,1,1,0,1,1,1,,,,,,,,,,,,
4807,64,48,48,1,1,1,1,1,1,1,1,1,0,1,1,,,,,,,,,,,,
4808,64,48,48,1,1,1,1,1,1,1,1,1,1,0,1,,,,,,,,,,,,
4809,64,48,48,1,1,1,1,1,1,1,1,1,1,1,0,,,,,,,,,,,,
4810,64,48,48,0,1,1,1,1,1,1,1,1,1,1,1,,,,,,,,,,,,
4811,64,48,48,0,1,1,1,1,1,0,1,1,1,1,1,,,,,,,,,,,,
4812,64,48,48,0,1,1,1,1,1,1,0,1,1,1,1,,,,,,,,,,,,
4813,64,48,48,0,1,1,1,1,1,1,1,0,1,1,1,,,,,,,,,,,,
4814,64,48,48,0,1,1,1,1,1,1,1,1,0,1,1,,,,,,,,,,,,
4815,64,48,48,0,1,1,1,1,1,1,1,1,1,0,1,,,,,,,,,,,,
4816,64,48,48,0,1,1,1,1,1,1,1,1,1,1,0,,,,,,,,,,,,
4817,64,48,48,1,0,1,1,1,1,1,1,1,1,1,1,,,,,,,,,,,,
4818,64,48,48,1,0,1,1,1,1,0,1,1,1,1,1,,,,,,,,,,,,
4819,64,48,48,1,0,1,1,1,1,1,0,1,1,1,1,,,,,,,,,,,,
4820,64,48,48,1,0,1,1,1,1,1,1,0,1,1,1,,,,,,,,,,,,
4821,64,48,48,1,0,1,1,1,1,1,1,1,0,1,1,,,,,,,,,,,,
4822,64,48,48,1,0,1,1,1,1,1,1,1,1,0,1,,,,,,,,,,,,
4823,64,48,48,1,0,1,1,1,1,1,1,1,1,1,0,,,,,,,,,,,,
4824,64,48,48,1,1,0,1,1,1,1,1,1,1,1,1,,,,,,,,,,,,
4825,64,48,48,1,1,0,1,1,1,0,1,1,1,1,1,,,,,,,,,,,,
4826,64,48,48,1,1,0,1,1,1,1,0,1,1,1,1,,,,,,,,,,,,
4827,64,48,48,1,1,0,1,1,1,1,1,0,1,1,1,,,,,,,,,,,,
4828,64,48,48,1,1,0,1,1,1,1,1,1,0,1,1,,,,,,,,,,,,
4829,64,48,48,1,1,0,1,1,1,1,1,1,1,0,1,,,,,,,,,,,,
4830,64,48,48,1,1,0,1,1,1,1,1,1,1,1,0,,,,,,,,,,,,
4831,64,48,48,1,1,1,0,1,1,1,1,1,1,1,1,,,,,,,,,,,,
4832,64,48,48,1,1,1,0,1,1,0,1,1,1,1,1,,,,,,,,,,,,
4833,64,48,48,1,1,1,0,1,1,1,0,1,1,1,1,,,,,,,,,,,,
4834,64,48,48,1,1,1,0,1,1,1,1,0,1,1,1,,,,,,,,,,,,
4835,64,48,48,1,1,1,0,1,1,1,1,1,0,1,1,,,,,,,,,,,,
4836,64,48,48,1,1,1,0,1,1,1,1,1,1,0,1,,,,,,,,,,,,
4837,64,48,48,1,1,1,0,1,1,1,1,1,1,1,0,,,,,,,,,,,,
4838,64,48,48,1,1,1,1,0,1,1,1,1,1,1,1,,,,,,,,,,,,
4839,64,48,48,1,1,1,1,0,1,0,1,1,1,1,1,,,,,,,,,,,,
4840,64,48,48,1,1,1,1,0,1,1,0,1,1,1,1,,,,,,,,,,,,
4841,64,48,48,1,1,1,1,0,1,1,1,0,1,1,1,,,,,,,,,,,,
4842,64,48,48,1,1,1,1,0,1,1,1,1,0,1,1,,,,,,,,,,,,
4843,64,48,48,1,1,1,1,0,1,1,1,1,1,0,1,,,,,,,,,,,,
4844,64,48,48,1,1,1,1,0,1,1,1,1,1,1,0,,,,,,,,,,,,
4845,64,48,48,1,1,1,1,1,0,1,1,1,1,1,1,,,,,,,,,,,,
4846,64,48,48,1,1,1,1,1,0,0,1,1,1,1,1,,,,,,,,,,,,
4847,64,48,48,1,1,1,1,1,0,1,0,1,1,1,1,,,,,,,,,,,,
4848,64,48,48,1,1,1,1,1,0,1,1,0,1,1,1,,,,,,,,,,,,
4849,64,48,48,1,1,1,1,1,0,1,1,1,0,1,1,,,,,,,,,,,,
4850,64,48,48,1,1,1,1,1,0,1,1,1,1,0,1,,,,,,,,,,,,
4851,64,48,48,1,1,1,1,1,0,1,1,1,1,1,0,,,,,,,,,,,,
4852,16,48,48,1,1,1,1,1,1,1,1,1,1,1,1,,,,,,,,,,,,
4853,16,48,48,1,1,1,1,1,1,0,1,1,1,1,1,,,,,,,,,,,,
4854,16,48,48,1,1,1,1,1,1,1,0,1,1,1,1,,,,,,,,,,,,
4855,16,48,48,1,1,1,1,1,1,1,1,0,1,1,1,,,,,,,,,,,,
4856,16,48,48,1,1,1,1,1,1,1,1,1,0,1,1,,,,,,,,,,,,
4857,16,48,48,1,1,1,1,1,1,1,1,1,1,0,1,,,,,,,,,,,,
4858,16,48,48,1,1,1,1,1,1,1,1,1,1,1,0,,,,,,,,,,,,
4859,16,48,48,0,1,1,1,1,1,1,1,1,1,1,1,,,,,,,,,,,,
4860,16,48,48,0,1,1,1,1,1,0,1,1,1,1,1,,,,,,,,,,,,
4861,16,48,48,0,1,1,1,1,1,1,0,1,1,1,1,,,,,,,,,,,,
4862,16,48,48,0,1,1,1,1,1,1,1,0,1,1,1,,,,,,,,,,,,
4863,16,48,48,0,1,1,1,1,1,1,1,1,0,1,1,,,,,,,,,,,,
4864,16,48,48,0,1,1,1,1,1,1,1,1,1,0,1,,,,,,,,,,,,
4865,16,48,48,0,1,1,1,1,1,1,1,1,1,1,0,,,,,,,,,,,,
4866,16,48,48,1,0,1,1,1,1,1,1,1,1,1,1,,,,,,,,,,,,
4867,16,48,48,1,0,1,1,1,1,0,1,1,1,1,1,,,,,,,,,,,,
4868,16,48,48,1,0,1,1,1,1,1,0,1,1,1,1,,,,,,,,,,,,
4869,16,48,48,1,0,1,1,1,1,1,1,0,1,1,1,,,,,,,,,,,,
4870,16,48,48,1,0,1,1,1,1,1,1,1,0,1,1,,,,,,,,,,,,
4871,16,48,48,1,0,1,1,1,1,1,1,1,1,0,1,,,,,,,,,,,,
4872,16,48,48,1,0,1,1,1,1,1,1,1,1,1,0,,,,,,,,,,,,
4873,16,48,48,1,1,0,1,1,1,1,1,1,1,1,1,,,,,,,,,,,,
4874,16,48,48,1,1,0,1,1,1,0,1,1,1,1,1,,,,,,,,,,,,
4875,16,48,48,1,1,0,1,1,1,1,0,1,1,1,1,,,,,,,,,,,,
4876,16,48,48,1,1,0,1,1,1,1,1,0,1,1,1,,,,,,,,,,,,
4877,16,48,48,1,1,0,1,1,1,1,1,1,0,1,1,,,,,,,,,,,,
4878,16,48,48,1,1,0,1,1,1,1,1,1,1,0,1,,,,,,,,,,,,
4879,16,48,48,1,1,0,1,1,1,1,1,1,1,1,0,,,,,,,,,,,,
4880,16,48,48,1,1,1,0,1,1,1,1,1,1,1,1,,,,,,,,,,,,
4881,16,48,48,1,1,1,0,1,1,0,1,1,1,1,1,,,,,,,,,,,,
4882,16,48,48,1,1,1,0,1,1,1,0,1,1,1,1,,,,,,,,,,,,
4883,16,48,48,1,1,1,0,1,1,1,1,0,1,1,1,,,,,,,,,,,,
4884,16,48,48,1,1,1,0,1,1,1,1,1,0,1,1,,,,,,,,,,,,
4885,16,48,48,1,1,1,0,1,1,1,1,1,1,0,1,,,,,,,,,,,,
4886,16,48,48,1,1,1,0,1,1,1,1,1,1,1,0,,,,,,,,,,,,
4887,16,48,48,1,1,1,1,0,1,1,1,1,1,1,1,,,,,,,,,,,,
4888,16,48,48,1,1,1,1,0,1,0,1,1,1,1,1,,,,,,,,,,,,
4889,16,48,48,1,1,1,1,0,1,1,0,1,1,1,1,,,,,,,,,,,,
4890,16,48,48,1,1,1,1,0,1,1,1,0,1,1,1,,,,,,,,,,,,
4891,16,48,48,1,1,1,1,0,1,1,1,1,0,1,1,,,,,,,,,,,,
4892,16,48,48,1,1,1,1,0,1,1,1,1,1,0,1,,,,,,,,,,,,
4893,16,48,48,1,1,1,1,0,1,1,1,1,1,1,0,,,,,,,,,,,,
4894,16,48,48,1,1,1,1,1,0,1,1,1,1,1,1,,,,,,,,,,,,
4895,16,48,48,1,1,1,1,1,0,0,1,1,1,1,1,,,,,,,,,,,,
4896,16,48,48,1,1,1,1,1,0,1,0,1,1,1,1,,,,,,,,,,,,
4897,16,48,48,1,1,1,1,1,0,1,1,0,1,1,1,,,,,,,,,,,,
4898,16,48,48,1,1,1,1,1,0,1,1,1,0,1,1,,,,,,,,,,,,
4899,16,48,48,1,1,1,1,1,0,1,1,1,1,0,1,,,,,,,,,,,,
4900,16,48,48,1,1,1,1,1,0,1,1,1,1,1,0,,,,,,,,,,,,
4901,24,48,96,1,1,1,1,1,1,1,1,1,1,1,1,,,,,,,,,,,,
4902,24,48,96,1,1,1,1,1,1,0,1,1,1,1,1,,,,,,,,,,,,
4903,24,48,96,1,1,1,1,1,1,1,0,1,1,1,1,,,,,,,,,,,,
4904,24,48,96,1,1,1,1,1,1,1,1,0,1,1,1,,,,,,,,,,,,
4905,24,48,96,1,1,1,1,1,1,1,1,1,0,1,1,,,,,,,,,,,,
4906,24,48,96,1,1,1,1,1,1,1,1,1,1,0,1,,,,,,,,,,,,
4907,24,48,96,1,1,1,1,1,1,1,1,1,1,1,0,,,,,,,,,,,,
4908,24,48,96,0,1,1,1,1,1,1,1,1,1,1,1,,,,,,,,,,,,
4909,24,48,96,0,1,1,1,1,1,0,1,1,1,1,1,,,,,,,,,,,,
4910,24,48,96,0,1,1,1,1,1,1,0,1,1,1,1,,,,,,,,,,,,
4911,24,48,96,0,1,1,1,1,1,1,1,0,1,1,1,,,,,,,,,,,,
4912,24,48,96,0,1,1,1,1,1,1,1,1,0,1,1,,,,,,,,,,,,
4913,24,48,96,0,1,1,1,1,1,1,1,1,1,0,1,,,,,,,,,,,,
4914,24,48,96,0,1,1,1,1,1,1,1,1,1,1,0,,,,,,,,,,,,
4915,24,48,96,1,0,1,1,1,1,1,1,1,1,1,1,,,,,,,,,,,,
4916,24,48,96,1,0,1,1,1,1,0,1,1,1,1,1,,,,,,,,,,,,
4917,24,48,96,1,0,1,1,1,1,1,0,1,1,1,1,,,,,,,,,,,,
4918,24,48,96,1,0,1,1,1,1,1,1,0,1,1,1,,,,,,,,,,,,
4919,24,48,96,1,0,1,1,1,1,1,1,1,0,1,1,,,,,,,,,,,,
4920,24,48,96,1,0,1,1,1,1,1,1,1,1,0,1,,,,,,,,,,,,
4921,24,48,96,1,0,1,1,1,1,1,1,1,1,1,0,,,,,,,,,,,,
4922,24,48,96,1,1,0,1,1,1,1,1,1,1,1,1,,,,,,,,,,,,
4923,24,48,96,1,1,0,1,1,1,0,1,1,1,1,1,,,,,,,,,,,,
4924,24,48,96,1,1,0,1,1,1,1,0,1,1,1,1,,,,,,,,,,,,
4925,24,48,96,1,1,0,1,1,1,1,1,0,1,1,1,,,,,,,,,,,,
4926,24,48,96,1,1,0,1,1,1,1,1,1,0,1,1,,,,,,,,,,,,
4927,24,48,96,1,1,0,1,1,1,1,1,1,1,0,1,,,,,,,,,,,,
4928,24,48,96,1,1,0,1,1,1,1,1,1,1,1,0,,,,,,,,,,,,
4929,24,48,96,1,1,1,0,1,1,1,1,1,1,1,1,,,,,,,,,,,,
4930,24,48,96,1,1,1,0,1,1,0,1,1,1,1,1,,,,,,,,,,,,
4931,24,48,96,1,1,1,0,1,1,1,0,1,1,1,1,,,,,,,,,,,,
4932,24,48,96,1,1,1,0,1,1,1,1,0,1,1,1,,,,,,,,,,,,
4933,24,48,96,1,1,1,0,1,1,1,1,1,0,1,1,,,,,,,,,,,,
4934,24,48,96,1,1,1,0,1,1,1,1,1,1,0,1,,,,,,,,,,,,
4935,24,48,96,1,1,1,0,1,1,1,1,1,1,1,0,,,,,,,,,,,,
4936,24,48,96,1,1,1,1,0,1,1,1,1,1,1,1,,,,,,,,,,,,
4937,24,48,96,1,1,1,1,0,1,0,1,1,1,1,1,,,,,,,,,,,,
4938,24,48,96,1,1,1,1,0,1,1,0,1,1,1,1,,,,,,,,,,,,
4939,24,48,96,1,1,1,1,0,1,1,1,0,1,1,1,,,,,,,,,,,,
4940,24,48,96,1,1,1,1,0,1,1,1,1,0,1,1,,,,,,,,,,,,
4941,24,48,96,1,1,1,1,0,1,1,1,1,1,0,1,,,,,,,,,,,,
4942,24,48,96,1,1,1,1,0,1,1,1,1,1,1,0,,,,,,,,,,,,
4943,24,48,96,1,1,1,1,1,0,1,1,1,1,1,1,,,,,,,,,,,,
4944,24,48,96,1,1,1,1,1,0,0,1,1,1,1,1,,,,,,,,,,,,
4945,24,48,96,1,1,1,1,1,0,1,0,1,1,1,1,,,,,,,,,,,,
4946,24,48,96,1,1,1,1,1,0,1,1,0,1,1,1,,,,,,,,,,,,
4947,24,48,96,1,1,1,1,1,0,1,1,1,0,1,1,,,,,,,,,,,,
4948,24,48,96,1,1,1,1,1,0,1,1,1,1,0,1,,,,,,,,,,,,
4949,24,48,96,1,1,1,1,1,0,1,1,1,1,1,0,,,,,,,,,,,,
4950,48,96,16,1,1,1,1,1,1,1,1,1,1,1,1,,,,,,,,,,,,
4951,48,96,16,1,1,1,1,1,1,0,1,1,1,1,1,,,,,,,,,,,,
4952,48,96,16,1,1,1,1,1,1,1,0,1,1,1,1,,,,,,,,,,,,
4953,48,96,16,1,1,1,1,1,1,1,1,0,1,1,1,,,,,,,,,,,,
4954,48,96,16,1,1,1,1,1,1,1,1,1,0,1,1,,,,,,,,,,,,
4955,48,96,16,1,1,1,1,1,1,1,1,1,1,0,1,,,,,,,,,,,,
4956,48,96,16,1,1,1,1,1,1,1,1,1,1,1,0,,,,,,,,,,,,
4957,48,96,16,0,1,1,1,1,1,1,1,1,1,1,1,,,,,,,,,,,,
4958,48,96,16,0,1,1,1,1,1,0,1,1,1,1,1,,,,,,,,,,,,
4959,48,96,16,0,1,1,1,1,1,1,0,1,1,1,1,,,,,,,,,,,,
4960,48,96,16,0,1,1,1,1,1,1,1,0,1,1,1,,,,,,,,,,,,
4961,48,96,16,0,1,1,1,1,1,1,1,1,0,1,1,,,,,,,,,,,,
4962,48,96,16,0,1,1,1,1,1,1,1,1,1,0,1,,,,,,,,,,,,
4963,48,96,16,0,1,1,1,1,1,1,1,1,1,1,0,,,,,,,,,,,,
4964,48,96,16,1,0,1,1,1,1,1,1,1,1,1,1,,,,,,,,,,,,
4965,48,96,16,1,0,1,1,1,1,0,1,1,1,1,1,,,,,,,,,,,,
4966,48,96,16,1,0,1,1,1,1,1,0,1,1,1,1,,,,,,,,,,,,
4967,48,96,16,1,0,1,1,1,1,1,1,0,1,1,1,,,,,,,,,,,,
4968,48,96,16,1,0,1,1,1,1,1,1,1,0,1,1,,,,,,,,,,,,
4969,48,96,16,1,0,1,1,1,1,1,1,1,1,0,1,,,,,,,,,,,,
4970,48,96,16,1,0,1,1,1,1,1,1,1,1,1,0,,,,,,,,,,,,
4971,48,96,16,1,1,0,1,1,1,1,1,1,1,1,1,,,,,,,,,,,,
4972,48,96,16,1,1,0,1,1,1,0,1,1,1,1,1,,,,,,,,,,,,
4973,48,96,16,1,1,0,1,1,1,1,0,1,1,1,1,,,,,,,,,,,,
4974,48,96,16,1,1,0,1,1,1,1,1,0,1,1,1,,,,,,,,,,,,
4975,48,96,16,1,1,0,1,1,1,1,1,1,0,1,1,,,,,,,,,,,,
4976,48,96,16,1,1,0,1,1,1,1,1,1,1,0,1,,,,,,,,,,,,
4977,48,96,16,1,1,0,1,1,1,1,1,1,1,1,0,,,,,,,,,,,,
4978,48,96,16,1,1,1,0,1,1,1,1,1,1,1,1,,,,,,,,,,,,
4979,48,96,16,1,1,1,0,1,1,0,1,1,1,1,1,,,,,,,,,,,,
4980,48,96,16,1,1,1,0,1,1,1,0,1,1,1,1,,,,,,,,,,,,
4981,48,96,16,1,1,1,0,1,1,1,1,0,1,1,1,,,,,,,,,,,,
4982,48,96,16,1,1,1,0,1,1,1,1,1,0,1,1,,,,,,,,,,,,
4983,48,96,16,1,1,1,0,1,1,1,1,1,1,0,1,,,,,,,,,,,,
4984,48,96,16,1,1,1,0,1,1,1,1,1,1,1,0,,,,,,,,,,,,
4985,48,96,16,1,1,1,1,0,1,1,1,1,1,1,1,,,,,,,,,,,,
4986,48,96,16,1,1,1,1,0,1,0,1,1,1,1,1,,,,,,,,,,,,
4987,48,96,16,1,1,1,1,0,1,1,0,1,1,1,1,,,,,,,,,,,,
4988,48,96,16,1,1,1,1,0,1,1,1,0,1,1,1,,,,,,,,,,,,
4989,48,96,16,1,1,1,1,0,1,1,1,1,0,1,1,,,,,,,,,,,,
4990,48,96,16,1,1,1,1,0,1,1,1,1,1,0,1,,,,,,,,,,,,
4991,48,96,16,1,1,1,1,0,1,1,1,1,1,1,0,,,,,,,,,,,,
4992,48,96,16,1,1,1,1,1,0,1,1,1,1,1,1,,,,,,,,,,,,
4993,48,96,16,1,1,1,1,1,0,0,1,1,1,1,1,,,,,,,,,,,,
4994,48,96,16,1,1,1,1,1,0,1,0,1,1,1,1,,,,,,,,,,,,
4995,48,96,16,1,1,1,1,1,0,1,1,0,1,1,1,,,,,,,,,,,,
4996,48,96,16,1,1,1,1,1,0,1,1,1,0,1,1,,,,,,,,,,,,
4997,48,96,16,1,1,1,1,1,0,1,1,1,1,0,1,,,,,,,,,,,,
4998,48,96,16,1,1,1,1,1,0,1,1,1,1,1,0,,,,,,,,,,,,
4999,24,16,64,1,1,1,1,1,1,1,1,1,1,1,1,,,,,,,,,,,,
5000,24,16,64,1,1,1,1,1,1,0,1,1,1,1,1,,,,,,,,,,,,
5001,24,16,64,1,1,1,1,1,1,1,0,1,1,1,1,,,,,,,,,,,,
5002,24,16,64,1,1,1,1,1,1,1,1,0,1,1,1,,,,,,,,,,,,
5003,24,16,64,1,1,1,1,1,1,1,1,1,0,1,1,,,,,,,,,,,,
5004,24,16,64,1,1,1,1,1,1,1,1,1,1,0,1,,,,,,,,,,,,
5005,24,16,64,1,1,1,1,1,1,1,1,1,1,1,0,,,,,,,,,,,,
5006,24,16,64,0,1,1,1,1,1,1,1,1,1,1,1,,,,,,,,,,,,
5007,24,16,64,0,1,1,1,1,1,0,1,1,1,1,1,,,,,,,,,,,,
5008,24,16,64,0,1,1,1,1,1,1,0,1,1,1,1,,,,,,,,,,,,
5009,24,16,64,0,1,1,1,1,1,1,1,0,1,1,1,,,,,,,,,,,,
5010,24,16,64,0,1,1,1,1,1,1,1,1,0,1,1,,,,,,,,,,,,
5011,24,16,64,0,1,1,1,1,1,1,1,1,1,0,1,,,,,,,,,,,,
5012,24,16,64,0,1,1,1,1,1,1,1,1,1,1,0,,,,,,,,,,,,
5013,24,16,64,1,0,1,1,1,1,1,1,1,1,1,1,,,,,,,,,,,,
5014,24,16,64,1,0,1,1,1,1,0,1,1,1,1,1,,,,,,,,,,,,
5015,24,16,64,1,0,1,1,1,1,1,0,1,1,1,1,,,,,,,,,,,,
5016,24,16,64,1,0,1,1,1,1,1,1,0,1,1,1,,,,,,,,,,,,
5017,24,16,64,1,0,1,1,1,1,1,1,1,0,1,1,,,,,,,,,,,,
5018,24,16,64,1,0,1,1,1,1,1,1,1,1,0,1,,,,,,,,,,,,
5019,24,16,64,1,0,1,1,1,1,1,1,1,1,1,0,,,,,,,,,,,,
5020,24,16,64,1,1,0,1,1,1,1,1,1,1,1,1,,,,,,,,,,,,
5021,24,16,64,1,1,0,1,1,1,0,1,1,1,1,1,,,,,,,,,,,,
5022,24,16,64,1,1,0,1,1,1,1,0,1,1,1,1,,,,,,,,,,,,
5023,24,16,64,1,1,0,1,1,1,1,1,0,1,1,1,,,,,,,,,,,,
5024,24,16,64,1,1,0,1,1,1,1,1,1,0,1,1,,,,,,,,,,,,
5025,24,16,64,1,1,0,1,1,1,1,1,1,1,0,1,,,,,,,,,,,,
5026,24,16,64,1,1,0,1,1,1,1,1,1,1,1,0,,,,,,,,,,,,
5027,24,16,64,1,1,1,0,1,1,1,1,1,1,1,1,,,,,,,,,,,,
5028,24,16,64,1,1,1,0,1,1,0,1,1,1,1,1,,,,,,,,,,,,
5029,24,16,64,1,1,1,0,1,1,1,0,1,1,1,1,,,,,,,,,,,,
5030,24,16,64,1,1,1,0,1,1,1,1,0,1,1,1,,,,,,,,,,,,
5031,24,16,64,1,1,1,0,1,1,1,1,1,0,1,1,,,,,,,,,,,,
5032,24,16,64,1,1,1,0,1,1,1,1,1,1,0,1,,,,,,,,,,,,
5033,24,16,64,1,1,1,0,1,1,1,1,1,1,1,0,,,,,,,,,,,,
5034,24,16,64,1,1,1,1,0,1,1,1,1,1,1,1,,,,,,,,,,,,
5035,24,16,64,1,1,1,1,0,1,0,1,1,1,1,1,,,,,,,,,,,,
5036,24,16,64,1,1,1,1,0,1,1,0,1,1,1,1,,,,,,,,,,,,
5037,24,16,64,1,1,1,1,0,1,1,1,0,1,1,1,,,,,,,,,,,,
5038,24,16,64,1,1,1,1,0,1,1,1,1,0,1,1,,,,,,,,,,,,
5039,24,16,64,1,1,1,1,0,1,1,1,1,1,0,1,,,,,,,,,,,,
5040,24,16,64,1,1,1,1,0,1,1,1,1,1,1,0,,,,,,,,,,,,
5041,24,16,64,1,1,1,1,1,0,1,1,1,1,1,1,,,,,,,,,,,,
5042,24,16,64,1,1,1,1,1,0,0,1,1,1,1,1,,,,,,,,,,,,
5043,24,16,64,1,1,1,1,1,0,1,0,1,1,1,1,,,,,,,,,,,,
5044,24,16,64,1,1,1,1,1,0,1,1,0,1,1,1,,,,,,,,,,,,
5045,24,16,64,1,1,1,1,1,0,1,1,1,0,1,1,,,,,,,,,,,,
5046,24,16,64,1,1,1,1,1,0,1,1,1,1,0,1,,,,,,,,,,,,
5047,24,16,64,1,1,1,1,1,0,1,1,1,1,1,0,,,,,,,,,,,,
5048,16,96,24,1,1,1,1,1,1,1,1,1,1,1,1,,,,,,,,,,,,
5049,16,96,24,1,1,1,1,1,1,0,1,1,1,1,1,,,,,,,,,,,,
5050,16,96,24,1,1,1,1,1,1,1,0,1,1,1,1,,,,,,,,,,,,
5051,16,96,24,1,1,1,1,1,1,1,1,0,1,1,1,,,,,,,,,,,,
5052,16,96,24,1,1,1,1,1,1,1,1,1,0,1,1,,,,,,,,,,,,
5053,16,96,24,1,1,1,1,1,1,1,1,1,1,0,1,,,,,,,,,,,,
5054,16,96,24,1,1,1,1,1,1,1,1,1,1,1,0,,,,,,,,,,,,
5055,16,96,24,0,1,1,1,1,1,1,1,1,1,1,1,,,,,,,,,,,,
5056,16,96,24,0,1,1,1,1,1,0,1,1,1,1,1,,,,,,,,,,,,
5057,16,96,24,0,1,1,1,1,1,1,0,1,1,1,1,,,,,,,,,,,,
5058,16,96,24,0,1,1,1,1,1,1,1,0,1,1,1,,,,,,,,,,,,
5059,16,96,24,0,1,1,1,1,1,1,1,1,0,1,1,,,,,,,,,,,,
5060,16,96,24,0,1,1,1,1,1,1,1,1,1,0,1,,,,,,,,,,,,
5061,16,96,24,0,1,1,1,1,1,1,1,1,1,1,0,,,,,,,,,,,,
5062,16,96,24,1,0,1,1,1,1,1,1,1,1,1,1,,,,,,,,,,,,
5063,16,96,24,1,0,1,1,1,1,0,1,1,1,1,1,,,,,,,,,,,,
5064,16,96,24,1,0,1,1,1,1,1,0,1,1,1,1,,,,,,,,,,,,
5065,16,96,24,1,0,1,1,1,1,1,1,0,1,1,1,,,,,,,,,,,,
5066,16,96,24,1,0,1,1,1,1,1,1,1,0,1,1,,,,,,,,,,,,
5067,16,96,24,1,0,1,1,1,1,1,1,1,1,0,1,,,,,,,,,,,,
5068,16,96,24,1,0,1,1,1,1,1,1,1,1,1,0,,,,,,,,,,,,
5069,16,96,24,1,1,0,1,1,1,1,1,1,1,1,1,,,,,,,,,,,,
5070,16,96,24,1,1,0,1,1,1,0,1,1,1,1,1,,,,,,,,,,,,
5071,16,96,24,1,1,0,1,1,1,1,0,1,1,1,1,,,,,,,,,,,,
5072,16,96,24,1,1,0,1,1,1,1,1,0,1,1,1,,,,,,,,,,,,
5073,16,96,24,1,1,0,1,1,1,1,1,1,0,1,1,,,,,,,,,,,,
5074,16,96,24,1,1,0,1,1,1,1,1,1,1,0,1,,,,,,,,,,,,
5075,16,96,24,1,1,0,1,1,1,1,1,1,1,1,0,,,,,,,,,,,,
5076,16,96,24,1,1,1,0,1,1,1,1,1,1,1,1,,,,,,,,,,,,
5077,16,96,24,1,1,1,0,1,1,0,1,1,1,1,1,,,,,,,,,,,,
5078,16,96,24,1,1,1,0,1,1,1,0,1,1,1,1,,,,,,,,,,,,
5079,16,96,24,1,1,1,0,1,1,1,1,0,1,1,1,,,,,,,,,,,,
5080,16,96,24,1,1,1,0,1,1,1,1,1,0,1,1,,,,,,,,,,,,
5081,16,96,24,1,1,1,0,1,1,1,1,1,1,0,1,,,,,,,,,,,,
5082,16,96,24,1,1,1,0,1,1,1,1,1,1,1,0,,,,,,,,,,,,
5083,16,96,24,1,1,1,1,0,1,1,1,1,1,1,1,,,,,,,,,,,,
5084,16,96,24,1,1,1,1,0,1,0,1,1,1,1,1,,,,,,,,,,,,
5085,16,96,24,1,1,1,1,0,1,1,0,1,1,1,1,,,,,,,,,,,,
5086,16,96,24,1,1,1,1,0,1,1,1,0,1,1,1,,,,,,,,,,,,
5087,16,96,24,1,1,1,1,0,1,1,1,1,0,1,1,,,,,,,,,,,,
5088,16,96,24,1,1,1,1,0,1,1,1,1,1,0,1,,,,,,,,,,,,
5089,16,96,24,1,1,1,1,0,1,1,1,1,1,1,0,,,,,,,,,,,,
5090,16,96,24,1,1,1,1,1,0,1,1,1,1,1,1,,,,,,,,,,,,
5091,16,96,24,1,1,1,1,1,0,0,1,1,1,1,1,,,,,,,,,,,,
5092,16,96,24,1,1,1,1,1,0,1,0,1,1,1,1,,,,,,,,,,,,
5093,16,96,24,1,1,1,1,1,0,1,1,0,1,1,1,,,,,,,,,,,,
5094,16,96,24,1,1,1,1,1,0,1,1,1,0,1,1,,,,,,,,,,,,
5095,16,96,24,1,1,1,1,1,0,1,1,1,1,0,1,,,,,,,,,,,,
5096,16,96,24,1,1,1,1,1,0,1,1,1,1,1,0,,,,,,,,,,,,
5097,24,96,16,1,1,1,1,1,1,1,1,1,1,1,1,,,,,,,,,,,,
5098,24,96,16,1,1,1,1,1,1,0,1,1,1,1,1,,,,,,,,,,,,
5099,24,96,16,1,1,1,1,1,1,1,0,1,1,1,1,,,,,,,,,,,,
5100,24,96,16,1,1,1,1,1,1,1,1,0,1,1,1,,,,,,,,,,,,
5101,24,96,16,1,1,1,1,1,1,1,1,1,0,1,1,,,,,,,,,,,,
5102,24,96,16,1,1,1,1,1,1,1,1,1,1,0,1,,,,,,,,,,,,
5103,24,96,16,1,1,1,1,1,1,1,1,1,1,1,0,,,,,,,,,,,,
5104,24,96,16,0,1,1,1,1,1,1,1,1,1,1,1,,,,,,,,,,,,
5105,24,96,16,0,1,1,1,1,1,0,1,1,1,1,1,,,,,,,,,,,,
5106,24,96,16,0,1,1,1,1,1,1,0,1,1,1,1,,,,,,,,,,,,
5107,24,96,16,0,1,1,1,1,1,1,1,0,1,1,1,,,,,,,,,,,,
5108,24,96,16,0,1,1,1,1,1,1,1,1,0,1,1,,,,,,,,,,,,
5109,24,96,16,0,1,1,1,1,1,1,1,1,1,0,1,,,,,,,,,,,,
5110,24,96,16,0,1,1,1,1,1,1,1,1,1,1,0,,,,,,,,,,,,
5111,24,96,16,1,0,1,1,1,1,1,1,1,1,1,1,,,,,,,,,,,,
5112,24,96,16,1,0,1,1,1,1,0,1,1,1,1,1,,,,,,,,,,,,
5113,24,96,16,1,0,1,1,1,1,1,0,1,1,1,1,,,,,,,,,,,,
5114,24,96,16,1,0,1,1,1,1,1,1,0,1,1,1,,,,,,,,,,,,
5115,24,96,16,1,0,1,1,1,1,1,1,1,0,1,1,,,,,,,,,,,,
5116,24,96,16,1,0,1,1,1,1,1,1,1,1,0,1,,,,,,,,,,,,
5117,24,96,16,1,0,1,1,1,1,1,1,1,1,1,0,,,,,,,,,,,,
5118,24,96,16,1,1,0,1,1,1,1,1,1,1,1,1,,,,,,,,,,,,
5119,24,96,16,1,1,0,1,1,1,0,1,1,1,1,1,,,,,,,,,,,,
5120,24,96,16,1,1,0,1,1,1,1,0,1,1,1,1,,,,,,,,,,,,
5121,24,96,16,1,1,0,1,1,1,1,1,0,1,1,1,,,,,,,,,,,,
5122,24,96,16,1,1,0,1,1,1,1,1,1,0,1,1,,,,,,,,,,,,
5123,24,96,16,1,1,0,1,1,1,1,1,1,1,0,1,,,,,,,,,,,,
5124,24,96,16,1,1,0,1,1,1,1,1,1,1,1,0,,,,,,,,,,,,
5125,24,96,16,1,1,1,0,1,1,1,1,1,1,1,1,,,,,,,,,,,,
5126,24,96,16,1,1,1,0,1,1,0,1,1,1,1,1,,,,,,,,,,,,
5127,24,96,16,1,1,1,0,1,1,1,0,1,1,1,1,,,,,,,,,,,,
5128,24,96,16,1,1,1,0,1,1,1,1,0,1,1,1,,,,,,,,,,,,
5129,24,96,16,1,1,1,0,1,1,1,1,1,0,1,1,,,,,,,,,,,,
5130,24,96,16,1,1,1,0,1,1,1,1,1,1,0,1,,,,,,,,,,,,
5131,24,96,16,1,1,1,0,1,1,1,1,1,1,1,0,,,,,,,,,,,,
5132,24,96,16,1,1,1,1,0,1,1,1,1,1,1,1,,,,,,,,,,,,
5133,24,96,16,1,1,1,1,0,1,0,1,1,1,1,1,,,,,,,,,,,,
5134,24,96,16,1,1,1,1,0,1,1,0,1,1,1,1,,,,,,,,,,,,
5135,24,96,16,1,1,1,1,0,1,1,1,0,1,1,1,,,,,,,,,,,,
5136,24,96,16,1,1,1,1,0,1,1,1,1,0,1,1,,,,,,,,,,,,
5137,24,96,16,1,1,1,1,0,1,1,1,1,1,0,1,,,,,,,,,,,,
5138,24,96,16,1,1,1,1,0,1,1,1,1,1,1,0,,,,,,,,,,,,
5139,24,96,16,1,1,1,1,1,0,1,1,1,1,1,1,,,,,,,,,,,,
5140,24,96,16,1,1,1,1,1,0,0,1,1,1,1,1,,,,,,,,,,,,
5141,24,96,16,1,1,1,1,1,0,1,0,1,1,1,1,,,,,,,,,,,,
5142,24,96,16,1,1,1,1,1,0,1,1,0,1,1,1,,,,,,,,,,,,
5143,24,96,16,1,1,1,1,1,0,1,1,1,0,1,1,,,,,,,,,,,,
5144,24,96,16,1,1,1,1,1,0,1,1,1,1,0,1,,,,,,,,,,,,
5145,24,96,16,1,1,1,1,1,0,1,1,1,1,1,0,,,,,,,,,,,,
5146,64,16,48,1,1,1,1,1,1,1,1,1,1,1,1,,,,,,,,,,,,
5147,64,16,48,1,1,1,1,1,1,0,1,1,1,1,1,,,,,,,,,,,,
5148,64,16,48,1,1,1,1,1,1,1,0,1,1,1,1,,,,,,,,,,,,
5149,64,16,48,1,1,1,1,1,1,1,1,0,1,1,1,,,,,,,,,,,,
5150,64,16,48,1,1,1,1,1,1,1,1,1,0,1,1,,,,,,,,,,,,
5151,64,16,48,1,1,1,1,1,1,1,1,1,1,0,1,,,,,,,,,,,,
5152,64,16,48,1,1,1,1,1,1,1,1,1,1,1,0,,,,,,,,,,,,
5153,64,16,48,0,1,1,1,1,1,1,1,1,1,1,1,,,,,,,,,,,,
5154,64,16,48,0,1,1,1,1,1,0,1,1,1,1,1,,,,,,,,,,,,
5155,64,16,48,0,1,1,1,1,1,1,0,1,1,1,1,,,,,,,,,,,,
5156,64,16,48,0,1,1,1,1,1,1,1,0,1,1,1,,,,,,,,,,,,
5157,64,16,48,0,1,1,1,1,1,1,1,1,0,1,1,,,,,,,,,,,,
5158,64,16,48,0,1,1,1,1,1,1,1,1,1,0,1,,,,,,,,,,,,
5159,64,16,48,0,1,1,1,1,1,1,1,1,1,1,0,,,,,,,,,,,,
5160,64,16,48,1,0,1,1,1,1,1,1,1,1,1,1,,,,,,,,,,,,
5161,64,16,48,1,0,1,1,1,1,0,1,1,1,1,1,,,,,,,,,,,,
5162,64,16,48,1,0,1,1,1,1,1,0,1,1,1,1,,,,,,,,,,,,
5163,64,16,48,1,0,1,1,1,1,1,1,0,1,1,1,,,,,,,,,,,,
5164,64,16,48,1,0,1,1,1,1,1,1,1,0,1,1,,,,,,,,,,,,
5165,64,16,48,1,0,1,1,1,1,1,1,1,1,0,1,,,,,,,,,,,,
5166,64,16,48,1,0,1,1,1,1,1,1,1,1,1,0,,,,,,,,,,,,
5167,64,16,48,1,1,0,1,1,1,1,1,1,1,1,1,,,,,,,,,,,,
5168,64,16,48,1,1,0,1,1,1,0,1,1,1,1,1,,,,,,,,,,,,
5169,64,16,48,1,1,0,1,1,1,1,0,1,1,1,1,,,,,,,,,,,,
5170,64,16,48,1,1,0,1,1,1,1,1,0,1,1,1,,,,,,,,,,,,
5171,64,16,48,1,1,0,1,1,1,1,1,1,0,1,1,,,,,,,,,,,,
5172,64,16,48,1,1,0,1,1,1,1,1,1,1,0,1,,,,,,,,,,,,
5173,64,16,48,1,1,0,1,1,1,1,1,1,1,1,0,,,,,,,,,,,,
5174,64,16,48,1,1,1,0,1,1,1,1,1,1,1,1,,,,,,,,,,,,
5175,64,16,48,1,1,1,0,1,1,0,1,1,1,1,1,,,,,,,,,,,,
5176,64,16,48,1,1,1,0,1,1,1,0,1,1,1,1,,,,,,,,,,,,
5177,64,16,48,1,1,1,0,1,1,1,1,0,1,1,1,,,,,,,,,,,,
5178,64,16,48,1,1,1,0,1,1,1,1,1,0,1,1,,,,,,,,,,,,
5179,64,16,48,1,1,1,0,1,1,1,1,1,1,0,1,,,,,,,,,,,,
5180,64,16,48,1,1,1,0,1,1,1,1,1,1,1,0,,,,,,,,,,,,
5181,64,16,48,1,1,1,1,0,1,1,1,1,1,1,1,,,,,,,,,,,,
5182,64,16,48,1,1,1,1,0,1,0,1,1,1,1,1,,,,,,,,,,,,
5183,64,16,48,1,1,1,1,0,1,1,0,1,1,1,1,,,,,,,,,,,,
5184,64,16,48,1,1,1,1,0,1,1,1,0,1,1,1,,,,,,,,,,,,
5185,64,16,48,1,1,1,1,0,1,1,1,1,0,1,1,,,,,,,,,,,,
5186,64,16,48,1,1,1,1,0,1,1,1,1,1,0,1,,,,,,,,,,,,
5187,64,16,48,1,1,1,1,0,1,1,1,1,1,1,0,,,,,,,,,,,,
5188,64,16,48,1,1,1,1,1,0,1,1,1,1,1,1,,,,,,,,,,,,
5189,64,16,48,1,1,1,1,1,0,0,1,1,1,1,1,,,,,,,,,,,,
5190,64,16,48,1,1,1,1,1,0,1,0,1,1,1,1,,,,,,,,,,,,
5191,64,16,48,1,1,1,1,1,0,1,1,0,1,1,1,,,,,,,,,,,,
5192,64,16,48,1,1,1,1,1,0,1,1,1,0,1,1,,,,,,,,,,,,
5193,64,16,48,1,1,1,1,1,0,1,1,1,1,0,1,,,,,,,,,,,,
5194,64,16,48,1,1,1,1,1,0,1,1,1,1,1,0,,,,,,,,,,,,
5195,16,64,64,1,1,1,1,1,1,1,1,1,1,1,1,,,,,,,,,,,,
5196,16,64,64,1,1,1,1,1,1,0,1,1,1,1,1,,,,,,,,,,,,
5197,16,64,64,1,1,1,1,1,1,1,0,1,1,1,1,,,,,,,,,,,,
5198,16,64,64,1,1,1,1,1,1,1,1,0,1,1,1,,,,,,,,,,,,
5199,16,64,64,1,1,1,1,1,1,1,1,1,0,1,1,,,,,,,,,,,,
5200,16,64,64,1,1,1,1,1,1,1,1,1,1,0,1,,,,,,,,,,,,
5201,16,64,64,1,1,1,1,1,1,1,1,1,1,1,0,,,,,,,,,,,,
5202,16,64,64,0,1,1,1,1,1,1,1,1,1,1,1,,,,,,,,,,,,
5203,16,64,64,0,1,1,1,1,1,0,1,1,1,1,1,,,,,,,,,,,,
5204,16,64,64,0,1,1,1,1,1,1,0,1,1,1,1,,,,,,,,,,,,
5205,16,64,64,0,1,1,1,1,1,1,1,0,1,1,1,,,,,,,,,,,,
5206,16,64,64,0,1,1,1,1,1,1,1,1,0,1,1,,,,,,,,,,,,
5207,16,64,64,0,1,1,1,1,1,1,1,1,1,0,1,,,,,,,,,,,,
5208,16,64,64,0,1,1,1,1,1,1,1,1,1,1,0,,,,,,,,,,,,
5209,16,64,64,1,0,1,1,1,1,1,1,1,1,1,1,,,,,,,,,,,,
5210,16,64,64,1,0,1,1,1,1,0,1,1,1,1,1,,,,,,,,,,,,
5211,16,64,64,1,0,1,1,1,1,1,0,1,1,1,1,,,,,,,,,,,,
5212,16,64,64,1,0,1,1,1,1,1,1,0,1,1,1,,,,,,,,,,,,
5213,16,64,64,1,0,1,1,1,1,1,1,1,0,1,1,,,,,,,,,,,,
5214,16,64,64,1,0,1,1,1,1,1,1,1,1,0,1,,,,,,,,,,,,
5215,16,64,64,1,0,1,1,1,1,1,1,1,1,1,0,,,,,,,,,,,,
5216,16,64,64,1,1,0,1,1,1,1,1,1,1,1,1,,,,,,,,,,,,
5217,16,64,64,1,1,0,1,1,1,0,1,1,1,1,1,,,,,,,,,,,,
5218,16,64,64,1,1,0,1,1,1,1,0,1,1,1,1,,,,,,,,,,,,
5219,16,64,64,1,1,0,1,1,1,1,1,0,1,1,1,,,,,,,,,,,,
5220,16,64,64,1,1,0,1,1,1,1,1,1,0,1,1,,,,,,,,,,,,
5221,16,64,64,1,1,0,1,1,1,1,1,1,1,0,1,,,,,,,,,,,,
5222,16,64,64,1,1,0,1,1,1,1,1,1,1,1,0,,,,,,,,,,,,
5223,16,64,64,1,1,1,0,1,1,1,1,1,1,1,1,,,,,,,,,,,,
5224,16,64,64,1,1,1,0,1,1,0,1,1,1,1,1,,,,,,,,,,,,
5225,16,64,64,1,1,1,0,1,1,1,0,1,1,1,1,,,,,,,,,,,,
5226,16,64,64,1,1,1,0,1,1,1,1,0,1,1,1,,,,,,,,,,,,
5227,16,64,64,1,1,1,0,1,1,1,1,1,0,1,1,,,,,,,,,,,,
5228,16,64,64,1,1,1,0,1,1,1,1,1,1,0,1,,,,,,,,,,,,
5229,16,64,64,1,1,1,0,1,1,1,1,1,1,1,0,,,,,,,,,,,,
5230,16,64,64,1,1,1,1,0,1,1,1,1,1,1,1,,,,,,,,,,,,
5231,16,64,64,1,1,1,1,0,1,0,1,1,1,1,1,,,,,,,,,,,,
5232,16,64,64,1,1,1,1,0,1,1,0,1,1,1,1,,,,,,,,,,,,
5233,16,64,64,1,1,1,1,0,1,1,1,0,1,1,1,,,,,,,,,,,,
5234,16,64,64,1,1,1,1,0,1,1,1,1,0,1,1,,,,,,,,,,,,
5235,16,64,64,1,1,1,1,0,1,1,1,1,1,0,1,,,,,,,,,,,,
5236,16,64,64,1,1,1,1,0,1,1,1,1,1,1,0,,,,,,,,,,,,
5237,16,64,64,1,1,1,1,1,0,1,1,1,1,1,1,,,,,,,,,,,,
5238,16,64,64,1,1,1,1,1,0,0,1,1,1,1,1,,,,,,,,,,,,
5239,16,64,64,1,1,1,1,1,0,1,0,1,1,1,1,,,,,,,,,,,,
5240,16,64,64,1,1,1,1,1,0,1,1,0,1,1,1,,,,,,,,,,,,
5241,16,64,64,1,1,1,1,1,0,1,1,1,0,1,1,,,,,,,,,,,,
5242,16,64,64,1,1,1,1,1,0,1,1,1,1,0,1,,,,,,,,,,,,
5243,16,64,64,1,1,1,1,1,0,1,1,1,1,1,0,,,,,,,,,,,,
5244,96,64,64,1,1,1,1,1,1,1,1,1,1,1,1,,,,,,,,,,,,
5245,96,64,64,1,1,1,1,1,1,0,1,1,1,1,1,,,,,,,,,,,,
5246,96,64,64,1,1,1,1,1,1,1,0,1,1,1,1,,,,,,,,,,,,
5247,96,64,64,1,1,1,1,1,1,1,1,0,1,1,1,,,,,,,,,,,,
5248,96,64,64,1,1,1,1,1,1,1,1,1,0,1,1,,,,,,,,,,,,
5249,96,64,64,1,1,1,1,1,1,1,1,1,1,0,1,,,,,,,,,,,,
5250,96,64,64,1,1,1,1,1,1,1,1,1,1,1,0,,,,,,,,,,,,
5251,96,64,64,0,1,1,1,1,1,1,1,1,1,1,1,,,,,,,,,,,,
5252,96,64,64,0,1,1,1,1,1,0,1,1,1,1,1,,,,,,,,,,,,
5253,96,64,64,0,1,1,1,1,1,1,0,1,1,1,1,,,,,,,,,,,,
5254,96,64,64,0,1,1,1,1,1,1,1,0,1,1,1,,,,,,,,,,,,
5255,96,64,64,0,1,1,1,1,1,1,1,1,0,1,1,,,,,,,,,,,,
5256,96,64,64,0,1,1,1,1,1,1,1,1,1,0,1,,,,,,,,,,,,
5257,96,64,64,0,1,1,1,1,1,1,1,1,1,1,0,,,,,,,,,,,,
5258,96,64,64,1,0,1,1,1,1,1,1,1,1,1,1,,,,,,,,,,,,
5259,96,64,64,1,0,1,1,1,1,0,1,1,1,1,1,,,,,,,,,,,,
5260,96,64,64,1,0,1,1,1,1,1,0,1,1,1,1,,,,,,,,,,,,
5261,96,64,64,1,0,1,1,1,1,1,1,0,1,1,1,,,,,,,,,,,,
5262,96,64,64,1,0,1,1,1,1,1,1,1,0,1,1,,,,,,,,,,,,
5263,96,64,64,1,0,1,1,1,1,1,1,1,1,0,1,,,,,,,,,,,,
5264,96,64,64,1,0,1,1,1,1,1,1,1,1,1,0,,,,,,,,,,,,
5265,96,64,64,1,1,0,1,1,1,1,1,1,1,1,1,,,,,,,,,,,,
5266,96,64,64,1,1,0,1,1,1,0,1,1,1,1,1,,,,,,,,,,,,
5267,96,64,64,1,1,0,1,1,1,1,0,1,1,1,1,,,,,,,,,,,,
5268,96,64,64,1,1,0,1,1,1,1,1,0,1,1,1,,,,,,,,,,,,
5269,96,64,64,1,1,0,1,1,1,1,1,1,0,1,1,,,,,,,,,,,,
5270,96,64,64,1,1,0,1,1,1,1,1,1,1,0,1,,,,,,,,,,,,
5271,96,64,64,1,1,0,1,1,1,1,1,1,1,1,0,,,,,,,,,,,,
5272,96,64,64,1,1,1,0,1,1,1,1,1,1,1,1,,,,,,,,,,,,
5273,96,64,64,1,1,1,0,1,1,0,1,1,1,1,1,,,,,,,,,,,,
5274,96,64,64,1,1,1,0,1,1,1,0,1,1,1,1,,,,,,,,,,,,
5275,96,64,64,1,1,1,0,1,1,1,1,0,1,1,1,,,,,,,,,,,,
5276,96,64,64,1,1,1,0,1,1,1,1,1,0,1,1,,,,,,,,,,,,
5277,96,64,64,1,1,1,0,1,1,1,1,1,1,0,1,,,,,,,,,,,,
5278,96,64,64,1,1,1,0,1,1,1,1,1,1,1,0,,,,,,,,,,,,
5279,96,64,64,1,1,1,1,0,1,1,1,1,1,1,1,,,,,,,,,,,,
5280,96,64,64,1,1,1,1,0,1,0,1,1,1,1,1,,,,,,,,,,,,
5281,96,64,64,1,1,1,1,0,1,1,0,1,1,1,1,,,,,,,,,,,,
5282,96,64,64,1,1,1,1,0,1,1,1,0,1,1,1,,,,,,,,,,,,
5283,96,64,64,1,1,1,1,0,1,1,1,1,0,1,1,,,,,,,,,,,,
5284,96,64,64,1,1,1,1,0,1,1,1,1,1,0,1,,,,,,,,,,,,
5285,96,64,64,1,1,1,1,0,1,1,1,1,1,1,0,,,,,,,,,,,,
5286,96,64,64,1,1,1,1,1,0,1,1,1,1,1,1,,,,,,,,,,,,
5287,96,64,64,1,1,1,1,1,0,0,1,1,1,1,1,,,,,,,,,,,,
5288,96,64,64,1,1,1,1,1,0,1,0,1,1,1,1,,,,,,,,,,,,
5289,96,64,64,1,1,1,1,1,0,1,1,0,1,1,1,,,,,,,,,,,,
5290,96,64,64,1,1,1,1,1,0,1,1,1,0,1,1,,,,,,,,,,,,
5291,96,64,64,1,1,1,1,1,0,1,1,1,1,0,1,,,,,,,,,,,,
5292,96,64,64,1,1,1,1,1,0,1,1,1,1,1,0,,,,,,,,,,,,
5293,24,96,24,1,1,1,1,1,1,1,1,1,1,1,1,,,,,,,,,,,,
5294,24,96,24,1,1,1,1,1,1,0,1,1,1,1,1,,,,,,,,,,,,
5295,24,96,24,1,1,1,1,1,1,1,0,1,1,1,1,,,,,,,,,,,,
5296,24,96,24,1,1,1,1,1,1,1,1,0,1,1,1,,,,,,,,,,,,
5297,24,96,24,1,1,1,1,1,1,1,1,1,0,1,1,,,,,,,,,,,,
5298,24,96,24,1,1,1,1,1,1,1,1,1,1,0,1,,,,,,,,,,,,
5299,24,96,24,1,1,1,1,1,1,1,1,1,1,1,0,,,,,,,,,,,,
5300,24,96,24,0,1,1,1,1,1,1,1,1,1,1,1,,,,,,,,,,,,
5301,24,96,24,0,1,1,1,1,1,0,1,1,1,1,1,,,,,,,,,,,,
5302,24,96,24,0,1,1,1,1,1,1,0,1,1,1,1,,,,,,,,,,,,
5303,24,96,24,0,1,1,1,1,1,1,1,0,1,1,1,,,,,,,,,,,,
5304,24,96,24,0,1,1,1,1,1,1,1,1,0,1,1,,,,,,,,,,,,
5305,24,96,24,0,1,1,1,1,1,1,1,1,1,0,1,,,,,,,,,,,,
5306,24,96,24,0,1,1,1,1,1,1,1,1,1,1,0,,,,,,,,,,,,
5307,24,96,24,1,0,1,1,1,1,1,1,1,1,1,1,,,,,,,,,,,,
5308,24,96,24,1,0,1,1,1,1,0,1,1,1,1,1,,,,,,,,,,,,
5309,24,96,24,1,0,1,1,1,1,1,0,1,1,1,1,,,,,,,,,,,,
5310,24,96,24,1,0,1,1,1,1,1,1,0,1,1,1,,,,,,,,,,,,
5311,24,96,24,1,0,1,1,1,1,1,1,1,0,1,1,,,,,,,,,,,,
5312,24,96,24,1,0,1,1,1,1,1,1,1,1,0,1,,,,,,,,,,,,
5313,24,96,24,1,0,1,1,1,1,1,1,1,1,1,0,,,,,,,,,,,,
5314,24,96,24,1,1,0,1,1,1,1,1,1,1,1,1,,,,,,,,,,,,
5315,24,96,24,1,1,0,1,1,1,0,1,1,1,1,1,,,,,,,,,,,,
5316,24,96,24,1,1,0,1,1,1,1,0,1,1,1,1,,,,,,,,,,,,
5317,24,96,24,1,1,0,1,1,1,1,1,0,1,1,1,,,,,,,,,,,,
5318,24,96,24,1,1,0,1,1,1,1,1,1,0,1,1,,,,,,,,,,,,
5319,24,96,24,1,1,0,1,1,1,1,1,1,1,0,1,,,,,,,,,,,,
5320,24,96,24,1,1,0,1,1,1,1,1,1,1,1,0,,,,,,,,,,,,
5321,24,96,24,1,1,1,0,1,1,1,1,1,1,1,1,,,,,,,,,,,,
5322,24,96,24,1,1,1,0,1,1,0,1,1,1,1,1,,,,,,,,,,,,
5323,24,96,24,1,1,1,0,1,1,1,0,1,1,1,1,,,,,,,,,,,,
5324,24,96,24,1,1,1,0,1,1,1,1,0,1,1,1,,,,,,,,,,,,
5325,24,96,24,1,1,1,0,1,1,1,1,1,0,1,1,,,,,,,,,,,,
5326,24,96,24,1,1,1,0,1,1,1,1,1,1,0,1,,,,,,,,,,,,
5327,24,96,24,1,1,1,0,1,1,1,1,1,1,1,0,,,,,,,,,,,,
5328,24,96,24,1,1,1,1,0,1,1,1,1,1,1,1,,,,,,,,,,,,
5329,24,96,24,1,1,1,1,0,1,0,1,1,1,1,1,,,,,,,,,,,,
5330,24,96,24,1,1,1,1,0,1,1,0,1,1,1,1,,,,,,,,,,,,
5331,24,96,24,1,1,1,1,0,1,1,1,0,1,1,1,,,,,,,,,,,,
5332,24,96,24,1,1,1,1,0,1,1,1,1,0,1,1,,,,,,,,,,,,
5333,24,96,24,1,1,1,1,0,1,1,1,1,1,0,1,,,,,,,,,,,,
5334,24,96,24,1,1,1,1,0,1,1,1,1,1,1,0,,,,,,,,,,,,
5335,24,96,24,1,1,1,1,1,0,1,1,1,1,1,1,,,,,,,,,,,,
5336,24,96,24,1,1,1,1,1,0,0,1,1,1,1,1,,,,,,,,,,,,
5337,24,96,24,1,1,1,1,1,0,1,0,1,1,1,1,,,,,,,,,,,,
5338,24,96,24,1,1,1,1,1,0,1,1,0,1,1,1,,,,,,,,,,,,
5339,24,96,24,1,1,1,1,1,0,1,1,1,0,1,1,,,,,,,,,,,,
5340,24,96,24,1,1,1,1,1,0,1,1,1,1,0,1,,,,,,,,,,,,
5341,24,96,24,1,1,1,1,1,0,1,1,1,1,1,0,,,,,,,,,,,,
5342,24,96,96,1,1,1,1,1,1,1,1,1,1,1,1,,,,,,,,,,,,
5343,24,96,96,1,1,1,1,1,1,0,1,1,1,1,1,,,,,,,,,,,,
5344,24,96,96,1,1,1,1,1,1,1,0,1,1,1,1,,,,,,,,,,,,
5345,24,96,96,1,1,1,1,1,1,1,1,0,1,1,1,,,,,,,,,,,,
5346,24,96,96,1,1,1,1,1,1,1,1,1,0,1,1,,,,,,,,,,,,
5347,24,96,96,1,1,1,1,1,1,1,1,1,1,0,1,,,,,,,,,,,,
5348,24,96,96,1,1,1,1,1,1,1,1,1,1,1,0,,,,,,,,,,,,
5349,24,96,96,0,1,1,1,1,1,1,1,1,1,1,1,,,,,,,,,,,,
5350,24,96,96,0,1,1,1,1,1,0,1,1,1,1,1,,,,,,,,,,,,
5351,24,96,96,0,1,1,1,1,1,1,0,1,1,1,1,,,,,,,,,,,,
5352,24,96,96,0,1,1,1,1,1,1,1,0,1,1,1,,,,,,,,,,,,
5353,24,96,96,0,1,1,1,1,1,1,1,1,0,1,1,,,,,,,,,,,,
5354,24,96,96,0,1,1,1,1,1,1,1,1,1,0,1,,,,,,,,,,,,
5355,24,96,96,0,1,1,1,1,1,1,1,1,1,1,0,,,,,,,,,,,,
5356,24,96,96,1,0,1,1,1,1,1,1,1,1,1,1,,,,,,,,,,,,
5357,24,96,96,1,0,1,1,1,1,0,1,1,1,1,1,,,,,,,,,,,,
5358,24,96,96,1,0,1,1,1,1,1,0,1,1,1,1,,,,,,,,,,,,
5359,24,96,96,1,0,1,1,1,1,1,1,0,1,1,1,,,,,,,,,,,,
5360,24,96,96,1,0,1,1,1,1,1,1,1,0,1,1,,,,,,,,,,,,
5361,24,96,96,1,0,1,1,1,1,1,1,1,1,0,1,,,,,,,,,,,,
5362,24,96,96,1,0,1,1,1,1,1,1,1,1,1,0,,,,,,,,,,,,
5363,24,96,96,1,1,0,1,1,1,1,1,1,1,1,1,,,,,,,,,,,,
5364,24,96,96,1,1,0,1,1,1,0,1,1,1,1,1,,,,,,,,,,,,
5365,24,96,96,1,1,0,1,1,1,1,0,1,1,1,1,,,,,,,,,,,,
5366,24,96,96,1,1,0,1,1,1,1,1,0,1,1,1,,,,,,,,,,,,
5367,24,96,96,1,1,0,1,1,1,1,1,1,0,1,1,,,,,,,,,,,,
5368,24,96,96,1,1,0,1,1,1,1,1,1,1,0,1,,,,,,,,,,,,
5369,24,96,96,1,1,0,1,1,1,1,1,1,1,1,0,,,,,,,,,,,,
5370,24,96,96,1,1,1,0,1,1,1,1,1,1,1,1,,,,,,,,,,,,
5371,24,96,96,1,1,1,0,1,1,0,1,1,1,1,1,,,,,,,,,,,,
5372,24,96,96,1,1,1,0,1,1,1,0,1,1,1,1,,,,,,,,,,,,
5373,24,96,96,1,1,1,0,1,1,1,1,0,1,1,1,,,,,,,,,,,,
5374,24,96,96,1,1,1,0,1,1,1,1,1,0,1,1,,,,,,,,,,,,
5375,24,96,96,1,1,1,0,1,1,1,1,1,1,0,1,,,,,,,,,,,,
5376,24,96,96,1,1,1,0,1,1,1,1,1,1,1,0,,,,,,,,,,,,
5377,24,96,96,1,1,1,1,0,1,1,1,1,1,1,1,,,,,,,,,,,,
5378,24,96,96,1,1,1,1,0,1,0,1,1,1,1,1,,,,,,,,,,,,
5379,24,96,96,1,1,1,1,0,1,1,0,1,1,1,1,,,,,,,,,,,,
5380,24,96,96,1,1,1,1,0,1,1,1,0,1,1,1,,,,,,,,,,,,
5381,24,96,96,1,1,1,1,0,1,1,1,1,0,1,1,,,,,,,,,,,,
5382,24,96,96,1,1,1,1,0,1,1,1,1,1,0,1,,,,,,,,,,,,
5383,24,96,96,1,1,1,1,0,1,1,1,1,1,1,0,,,,,,,,,,,,
5384,24,96,96,1,1,1,1,1,0,1,1,1,1,1,1,,,,,,,,,,,,
5385,24,96,96,1,1,1,1,1,0,0,1,1,1,1,1,,,,,,,,,,,,
5386,24,96,96,1,1,1,1,1,0,1,0,1,1,1,1,,,,,,,,,,,,
5387,24,96,96,1,1,1,1,1,0,1,1,0,1,1,1,,,,,,,,,,,,
5388,24,96,96,1,1,1,1,1,0,1,1,1,0,1,1,,,,,,,,,,,,
5389,24,96,96,1,1,1,1,1,0,1,1,1,1,0,1,,,,,,,,,,,,
5390,24,96,96,1,1,1,1,1,0,1,1,1,1,1,0,,,,,,,,,,,,
5391,48,48,64,1,1,1,1,1,1,1,1,1,1,1,1,,,,,,,,,,,,
5392,48,48,64,1,1,1,1,1,1,0,1,1,1,1,1,,,,,,,,,,,,
5393,48,48,64,1,1,1,1,1,1,1,0,1,1,1,1,,,,,,,,,,,,
5394,48,48,64,1,1,1,1,1,1,1,1,0,1,1,1,,,,,,,,,,,,
5395,48,48,64,1,1,1,1,1,1,1,1,1,0,1,1,,,,,,,,,,,,
5396,48,48,64,1,1,1,1,1,1,1,1,1,1,0,1,,,,,,,,,,,,
5397,48,48,64,1,1,1,1,1,1,1,1,1,1,1,0,,,,,,,,,,,,
5398,48,48,64,0,1,1,1,1,1,1,1,1,1,1,1,,,,,,,,,,,,
5399,48,48,64,0,1,1,1,1,1,0,1,1,1,1,1,,,,,,,,,,,,
5400,48,48,64,0,1,1,1,1,1,1,0,1,1,1,1,,,,,,,,,,,,
5401,48,48,64,0,1,1,1,1,1,1,1,0,1,1,1,,,,,,,,,,,,
5402,48,48,64,0,1,1,1,1,1,1,1,1,0,1,1,,,,,,,,,,,,
5403,48,48,64,0,1,1,1,1,1,1,1,1,1,0,1,,,,,,,,,,,,
5404,48,48,64,0,1,1,1,1,1,1,1,1,1,1,0,,,,,,,,,,,,
5405,48,48,64,1,0,1,1,1,1,1,1,1,1,1,1,,,,,,,,,,,,
5406,48,48,64,1,0,1,1,1,1,0,1,1,1,1,1,,,,,,,,,,,,
5407,48,48,64,1,0,1,1,1,1,1,0,1,1,1,1,,,,,,,,,,,,
5408,48,48,64,1,0,1,1,1,1,1,1,0,1,1,1,,,,,,,,,,,,
5409,48,48,64,1,0,1,1,1,1,1,1,1,0,1,1,,,,,,,,,,,,
5410,48,48,64,1,0,1,1,1,1,1,1,1,1,0,1,,,,,,,,,,,,
5411,48,48,64,1,0,1,1,1,1,1,1,1,1,1,0,,,,,,,,,,,,
5412,48,48,64,1,1,0,1,1,1,1,1,1,1,1,1,,,,,,,,,,,,
5413,48,48,64,1,1,0,1,1,1,0,1,1,1,1,1,,,,,,,,,,,,
5414,48,48,64,1,1,0,1,1,1,1,0,1,1,1,1,,,,,,,,,,,,
5415,48,48,64,1,1,0,1,1,1,1,1,0,1,1,1,,,,,,,,,,,,
5416,48,48,64,1,1,0,1,1,1,1,1,1,0,1,1,,,,,,,,,,,,
5417,48,48,64,1,1,0,1,1,1,1,1,1,1,0,1,,,,,,,,,,,,
5418,48,48,64,1,1,0,1,1,1,1,1,1,1,1,0,,,,,,,,,,,,
5419,48,48,64,1,1,1,0,1,1,1,1,1,1,1,1,,,,,,,,,,,,
5420,48,48,64,1,1,1,0,1,1,0,1,1,1,1,1,,,,,,,,,,,,
5421,48,48,64,1,1,1,0,1,1,1,0,1,1,1,1,,,,,,,,,,,,
5422,48,48,64,1,1,1,0,1,1,1,1,0,1,1,1,,,,,,,,,,,,
5423,48,48,64,1,1,1,0,1,1,1,1,1,0,1,1,,,,,,,,,,,,
5424,48,48,64,1,1,1,0,1,1,1,1,1,1,0,1,,,,,,,,,,,,
5425,48,48,64,1,1,1,0,1,1,1,1,1,1,1,0,,,,,,,,,,,,
5426,48,48,64,1,1,1,1,0,1,1,1,1,1,1,1,,,,,,,,,,,,
5427,48,48,64,1,1,1,1,0,1,0,1,1,1,1,1,,,,,,,,,,,,
5428,48,48,64,1,1,1,1,0,1,1,0,1,1,1,1,,,,,,,,,,,,
5429,48,48,64,1,1,1,1,0,1,1,1,0,1,1,1,,,,,,,,,,,,
5430,48,48,64,1,1,1,1,0,1,1,1,1,0,1,1,,,,,,,,,,,,
5431,48,48,64,1,1,1,1,0,1,1,1,1,1,0,1,,,,,,,,,,,,
5432,48,48,64,1,1,1,1,0,1,1,1,1,1,1,0,,,,,,,,,,,,
5433,48,48,64,1,1,1,1,1,0,1,1,1,1,1,1,,,,,,,,,,,,
5434,48,48,64,1,1,1,1,1,0,0,1,1,1,1,1,,,,,,,,,,,,
5435,48,48,64,1,1,1,1,1,0,1,0,1,1,1,1,,,,,,,,,,,,
5436,48,48,64,1,1,1,1,1,0,1,1,0,1,1,1,,,,,,,,,,,,
5437,48,48,64,1,1,1,1,1,0,1,1,1,0,1,1,,,,,,,,,,,,
5438,48,48,64,1,1,1,1,1,0,1,1,1,1,0,1,,,,,,,,,,,,
5439,48,48,64,1,1,1,1,1,0,1,1,1,1,1,0,,,,,,,,,,,,
5440,64,16,16,1,1,1,1,1,1,1,1,1,1,1,1,,,,,,,,,,,,
5441,64,16,16,1,1,1,1,1,1,0,1,1,1,1,1,,,,,,,,,,,,
5442,64,16,16,1,1,1,1,1,1,1,0,1,1,1,1,,,,,,,,,,,,
5443,64,16,16,1,1,1,1,1,1,1,1,0,1,1,1,,,,,,,,,,,,
5444,64,16,16,1,1,1,1,1,1,1,1,1,0,1,1,,,,,,,,,,,,
5445,64,16,16,1,1,1,1,1,1,1,1,1,1,0,1,,,,,,,,,,,,
5446,64,16,16,1,1,1,1,1,1,1,1,1,1,1,0,,,,,,,,,,,,
5447,64,16,16,0,1,1,1,1,1,1,1,1,1,1,1,,,,,,,,,,,,
5448,64,16,16,0,1,1,1,1,1,0,1,1,1,1,1,,,,,,,,,,,,
5449,64,16,16,0,1,1,1,1,1,1,0,1,1,1,1,,,,,,,,,,,,
5450,64,16,16,0,1,1,1,1,1,1,1,0,1,1,1,,,,,,,,,,,,
5451,64,16,16,0,1,1,1,1,1,1,1,1,0,1,1,,,,,,,,,,,,
5452,64,16,16,0,1,1,1,1,1,1,1,1,1,0,1,,,,,,,,,,,,
5453,64,16,16,0,1,1,1,1,1,1,1,1,1,1,0,,,,,,,,,,,,
5454,64,16,16,1,0,1,1,1,1,1,1,1,1,1,1,,,,,,,,,,,,
5455,64,16,16,1,0,1,1,1,1,0,1,1,1,1,1,,,,,,,,,,,,
5456,64,16,16,1,0,1,1,1,1,1,0,1,1,1,1,,,,,,,,,,,,
5457,64,16,16,1,0,1,1,1,1,1,1,0,1,1,1,,,,,,,,,,,,
5458,64,16,16,1,0,1,1,1,1,1,1,1,0,1,1,,,,,,,,,,,,
5459,64,16,16,1,0,1,1,1,1,1,1,1,1,0,1,,,,,,,,,,,,
5460,64,16,16,1,0,1,1,1,1,1,1,1,1,1,0,,,,,,,,,,,,
5461,64,16,16,1,1,0,1,1,1,1,1,1,1,1,1,,,,,,,,,,,,
5462,64,16,16,1,1,0,1,1,1,0,1,1,1,1,1,,,,,,,,,,,,
5463,64,16,16,1,1,0,1,1,1,1,0,1,1,1,1,,,,,,,,,,,,
5464,64,16,16,1,1,0,1,1,1,1,1,0,1,1,1,,,,,,,,,,,,
5465,64,16,16,1,1,0,1,1,1,1,1,1,0,1,1,,,,,,,,,,,,
5466,64,16,16,1,1,0,1,1,1,1,1,1,1,0,1,,,,,,,,,,,,
5467,64,16,16,1,1,0,1,1,1,1,1,1,1,1,0,,,,,,,,,,,,
5468,64,16,16,1,1,1,0,1,1,1,1,1,1,1,1,,,,,,,,,,,,
5469,64,16,16,1,1,1,0,1,1,0,1,1,1,1,1,,,,,,,,,,,,
5470,64,16,16,1,1,1,0,1,1,1,0,1,1,1,1,,,,,,,,,,,,
5471,64,16,16,1,1,1,0,1,1,1,1,0,1,1,1,,,,,,,,,,,,
5472,64,16,16,1,1,1,0,1,1,1,1,1,0,1,1,,,,,,,,,,,,
5473,64,16,16,1,1,1,0,1,1,1,1,1,1,0,1,,,,,,,,,,,,
5474,64,16,16,1,1,1,0,1,1,1,1,1,1,1,0,,,,,,,,,,,,
5475,64,16,16,1,1,1,1,0,1,1,1,1,1,1,1,,,,,,,,,,,,
5476,64,16,16,1,1,1,1,0,1,0,1,1,1,1,1,,,,,,,,,,,,
5477,64,16,16,1,1,1,1,0,1,1,0,1,1,1,1,,,,,,,,,,,,
5478,64,16,16,1,1,1,1,0,1,1,1,0,1,1,1,,,,,,,,,,,,
5479,64,16,16,1,1,1,1,0,1,1,1,1,0,1,1,,,,,,,,,,,,
5480,64,16,16,1,1,1,1,0,1,1,1,1,1,0,1,,,,,,,,,,,,
5481,64,16,16,1,1,1,1,0,1,1,1,1,1,1,0,,,,,,,,,,,,
5482,64,16,16,1,1,1,1,1,0,1,1,1,1,1,1,,,,,,,,,,,,
5483,64,16,16,1,1,1,1,1,0,0,1,1,1,1,1,,,,,,,,,,,,
5484,64,16,16,1,1,1,1,1,0,1,0,1,1,1,1,,,,,,,,,,,,
5485,64,16,16,1,1,1,1,1,0,1,1,0,1,1,1,,,,,,,,,,,,
5486,64,16,16,1,1,1,1,1,0,1,1,1,0,1,1,,,,,,,,,,,,
5487,64,16,16,1,1,1,1,1,0,1,1,1,1,0,1,,,,,,,,,,,,
5488,64,16,16,1,1,1,1,1,0,1,1,1,1,1,0,,,,,,,,,,,,
5489,24,48,64,1,1,1,1,1,1,1,1,1,1,1,1,,,,,,,,,,,,
5490,24,48,64,1,1,1,1,1,1,0,1,1,1,1,1,,,,,,,,,,,,
5491,24,48,64,1,1,1,1,1,1,1,0,1,1,1,1,,,,,,,,,,,,
5492,24,48,64,1,1,1,1,1,1,1,1,0,1,1,1,,,,,,,,,,,,
5493,24,48,64,1,1,1,1,1,1,1,1,1,0,1,1,,,,,,,,,,,,
5494,24,48,64,1,1,1,1,1,1,1,1,1,1,0,1,,,,,,,,,,,,
5495,24,48,64,1,1,1,1,1,1,1,1,1,1,1,0,,,,,,,,,,,,
5496,24,48,64,0,1,1,1,1,1,1,1,1,1,1,1,,,,,,,,,,,,
5497,24,48,64,0,1,1,1,1,1,0,1,1,1,1,1,,,,,,,,,,,,
5498,24,48,64,0,1,1,1,1,1,1,0,1,1,1,1,,,,,,,,,,,,
5499,24,48,64,0,1,1,1,1,1,1,1,0,1,1,1,,,,,,,,,,,,
5500,24,48,64,0,1,1,1,1,1,1,1,1,0,1,1,,,,,,,,,,,,
5501,24,48,64,0,1,1,1,1,1,1,1,1,1,0,1,,,,,,,,,,,,
5502,24,48,64,0,1,1,1,1,1,1,1,1,1,1,0,,,,,,,,,,,,
5503,24,48,64,1,0,1,1,1,1,1,1,1,1,1,1,,,,,,,,,,,,
5504,24,48,64,1,0,1,1,1,1,0,1,1,1,1,1,,,,,,,,,,,,
5505,24,48,64,1,0,1,1,1,1,1,0,1,1,1,1,,,,,,,,,,,,
5506,24,48,64,1,0,1,1,1,1,1,1,0,1,1,1,,,,,,,,,,,,
5507,24,48,64,1,0,1,1,1,1,1,1,1,0,1,1,,,,,,,,,,,,
5508,24,48,64,1,0,1,1,1,1,1,1,1,1,0,1,,,,,,,,,,,,
5509,24,48,64,1,0,1,1,1,1,1,1,1,1,1,0,,,,,,,,,,,,
5510,24,48,64,1,1,0,1,1,1,1,1,1,1,1,1,,,,,,,,,,,,
5511,24,48,64,1,1,0,1,1,1,0,1,1,1,1,1,,,,,,,,,,,,
5512,24,48,64,1,1,0,1,1,1,1,0,1,1,1,1,,,,,,,,,,,,
5513,24,48,64,1,1,0,1,1,1,1,1,0,1,1,1,,,,,,,,,,,,
5514,24,48,64,1,1,0,1,1,1,1,1,1,0,1,1,,,,,,,,,,,,
5515,24,48,64,1,1,0,1,1,1,1,1,1,1,0,1,,,,,,,,,,,,
5516,24,48,64,1,1,0,1,1,1,1,1,1,1,1,0,,,,,,,,,,,,
5517,24,48,64,1,1,1,0,1,1,1,1,1,1,1,1,,,,,,,,,,,,
5518,24,48,64,1,1,1,0,1,1,0,1,1,1,1,1,,,,,,,,,,,,
5519,24,48,64,1,1,1,0,1,1,1,0,1,1,1,1,,,,,,,,,,,,
5520,24,48,64,1,1,1,0,1,1,1,1,0,1,1,1,,,,,,,,,,,,
5521,24,48,64,1,1,1,0,1,1,1,1,1,0,1,1,,,,,,,,,,,,
5522,24,48,64,1,1,1,0,1,1,1,1,1,1,0,1,,,,,,,,,,,,
5523,24,48,64,1,1,1,0,1,1,1,1,1,1,1,0,,,,,,,,,,,,
5524,24,48,64,1,1,1,1,0,1,1,1,1,1,1,1,,,,,,,,,,,,
5525,24,48,64,1,1,1,1,0,1,0,1,1,1,1,1,,,,,,,,,,,,
5526,24,48,64,1,1,1,1,0,1,1,0,1,1,1,1,,,,,,,,,,,,
5527,24,48,64,1,1,1,1,0,1,1,1,0,1,1,1,,,,,,,,,,,,
5528,24,48,64,1,1,1,1,0,1,1,1,1,0,1,1,,,,,,,,,,,,
5529,24,48,64,1,1,1,1,0,1,1,1,1,1,0,1,,,,,,,,,,,,
5530,24,48,64,1,1,1,1,0,1,1,1,1,1,1,0,,,,,,,,,,,,
5531,24,48,64,1,1,1,1,1,0,1,1,1,1,1,1,,,,,,,,,,,,
5532,24,48,64,1,1,1,1,1,0,0,1,1,1,1,1,,,,,,,,,,,,
5533,24,48,64,1,1,1,1,1,0,1,0,1,1,1,1,,,,,,,,,,,,
5534,24,48,64,1,1,1,1,1,0,1,1,0,1,1,1,,,,,,,,,,,,
5535,24,48,64,1,1,1,1,1,0,1,1,1,0,1,1,,,,,,,,,,,,
5536,24,48,64,1,1,1,1,1,0,1,1,1,1,0,1,,,,,,,,,,,,
5537,24,48,64,1,1,1,1,1,0,1,1,1,1,1,0,,,,,,,,,,,,
5538,96,64,16,1,1,1,1,1,1,1,1,1,1,1,1,,,,,,,,,,,,
5539,96,64,16,1,1,1,1,1,1,0,1,1,1,1,1,,,,,,,,,,,,
5540,96,64,16,1,1,1,1,1,1,1,0,1,1,1,1,,,,,,,,,,,,
5541,96,64,16,1,1,1,1,1,1,1,1,0,1,1,1,,,,,,,,,,,,
5542,96,64,16,1,1,1,1,1,1,1,1,1,0,1,1,,,,,,,,,,,,
5543,96,64,16,1,1,1,1,1,1,1,1,1,1,0,1,,,,,,,,,,,,
5544,96,64,16,1,1,1,1,1,1,1,1,1,1,1,0,,,,,,,,,,,,
5545,96,64,16,0,1,1,1,1,1,1,1,1,1,1,1,,,,,,,,,,,,
5546,96,64,16,0,1,1,1,1,1,0,1,1,1,1,1,,,,,,,,,,,,
5547,96,64,16,0,1,1,1,1,1,1,0,1,1,1,1,,,,,,,,,,,,
5548,96,64,16,0,1,1,1,1,1,1,1,0,1,1,1,,,,,,,,,,,,
5549,96,64,16,0,1,1,1,1,1,1,1,1,0,1,1,,,,,,,,,,,,
5550,96,64,16,0,1,1,1,1,1,1,1,1,1,0,1,,,,,,,,,,,,
5551,96,64,16,0,1,1,1,1,1,1,1,1,1,1,0,,,,,,,,,,,,
5552,96,64,16,1,0,1,1,1,1,1,1,1,1,1,1,,,,,,,,,,,,
5553,96,64,16,1,0,1,1,1,1,0,1,1,1,1,1,,,,,,,,,,,,
5554,96,64,16,1,0,1,1,1,1,1,0,1,1,1,1,,,,,,,,,,,,
5555,96,64,16,1,0,1,1,1,1,1,1,0,1,1,1,,,,,,,,,,,,
5556,96,64,16,1,0,1,1,1,1,1,1,1,0,1,1,,,,,,,,,,,,
5557,96,64,16,1,0,1,1,1,1,1,1,1,1,0,1,,,,,,,,,,,,
5558,96,64,16,1,0,1,1,1,1,1,1,1,1,1,0,,,,,,,,,,,,
5559,96,64,16,1,1,0,1,1,1,1,1,1,1,1,1,,,,,,,,,,,,
5560,96,64,16,1,1,0,1,1,1,0,1,1,1,1,1,,,,,,,,,,,,
5561,96,64,16,1,1,0,1,1,1,1,0,1,1,1,1,,,,,,,,,,,,
5562,96,64,16,1,1,0,1,1,1,1,1,0,1,1,1,,,,,,,,,,,,
5563,96,64,16,1,1,0,1,1,1,1,1,1,0,1,1,,,,,,,,,,,,
5564,96,64,16,1,1,0,1,1,1,1,1,1,1,0,1,,,,,,,,,,,,
5565,96,64,16,1,1,0,1,1,1,1,1,1,1,1,0,,,,,,,,,,,,
5566,96,64,16,1,1,1,0,1,1,1,1,1,1,1,1,,,,,,,,,,,,
5567,96,64,16,1,1,1,0,1,1,0,1,1,1,1,1,,,,,,,,,,,,
5568,96,64,16,1,1,1,0,1,1,1,0,1,1,1,1,,,,,,,,,,,,
5569,96,64,16,1,1,1,0,1,1,1,1,0,1,1,1,,,,,,,,,,,,
5570,96,64,16,1,1,1,0,1,1,1,1,1,0,1,1,,,,,,,,,,,,
5571,96,64,16,1,1,1,0,1,1,1,1,1,1,0,1,,,,,,,,,,,,
5572,96,64,16,1,1,1,0,1,1,1,1,1,1,1,0,,,,,,,,,,,,
5573,96,64,16,1,1,1,1,0,1,1,1,1,1,1,1,,,,,,,,,,,,
5574,96,64,16,1,1,1,1,0,1,0,1,1,1,1,1,,,,,,,,,,,,
5575,96,64,16,1,1,1,1,0,1,1,0,1,1,1,1,,,,,,,,,,,,
5576,96,64,16,1,1,1,1,0,1,1,1,0,1,1,1,,,,,,,,,,,,
5577,96,64,16,1,1,1,1,0,1,1,1,1,0,1,1,,,,,,,,,,,,
5578,96,64,16,1,1,1,1,0,1,1,1,1,1,0,1,,,,,,,,,,,,
5579,96,64,16,1,1,1,1,0,1,1,1,1,1,1,0,,,,,,,,,,,,
5580,96,64,16,1,1,1,1,1,0,1,1,1,1,1,1,,,,,,,,,,,,
5581,96,64,16,1,1,1,1,1,0,0,1,1,1,1,1,,,,,,,,,,,,
5582,96,64,16,1,1,1,1,1,0,1,0,1,1,1,1,,,,,,,,,,,,
5583,96,64,16,1,1,1,1,1,0,1,1,0,1,1,1,,,,,,,,,,,,
5584,96,64,16,1,1,1,1,1,0,1,1,1,0,1,1,,,,,,,,,,,,
5585,96,64,16,1,1,1,1,1,0,1,1,1,1,0,1,,,,,,,,,,,,
5586,96,64,16,1,1,1,1,1,0,1,1,1,1,1,0,,,,,,,,,,,,
5587,48,64,96,1,1,1,1,1,1,1,1,1,1,1,1,,,,,,,,,,,,
5588,48,64,96,1,1,1,1,1,1,0,1,1,1,1,1,,,,,,,,,,,,
5589,48,64,96,1,1,1,1,1,1,1,0,1,1,1,1,,,,,,,,,,,,
5590,48,64,96,1,1,1,1,1,1,1,1,0,1,1,1,,,,,,,,,,,,
5591,48,64,96,1,1,1,1,1,1,1,1,1,0,1,1,,,,,,,,,,,,
5592,48,64,96,1,1,1,1,1,1,1,1,1,1,0,1,,,,,,,,,,,,
5593,48,64,96,1,1,1,1,1,1,1,1,1,1,1,0,,,,,,,,,,,,
5594,48,64,96,0,1,1,1,1,1,1,1,1,1,1,1,,,,,,,,,,,,
5595,48,64,96,0,1,1,1,1,1,0,1,1,1,1,1,,,,,,,,,,,,
5596,48,64,96,0,1,1,1,1,1,1,0,1,1,1,1,,,,,,,,,,,,
5597,48,64,96,0,1,1,1,1,1,1,1,0,1,1,1,,,,,,,,,,,,
5598,48,64,96,0,1,1,1,1,1,1,1,1,0,1,1,,,,,,,,,,,,
5599,48,64,96,0,1,1,1,1,1,1,1,1,1,0,1,,,,,,,,,,,,
5600,48,64,96,0,1,1,1,1,1,1,1,1,1,1,0,,,,,,,,,,,,
5601,48,64,96,1,0,1,1,1,1,1,1,1,1,1,1,,,,,,,,,,,,
5602,48,64,96,1,0,1,1,1,1,0,1,1,1,1,1,,,,,,,,,,,,
5603,48,64,96,1,0,1,1,1,1,1,0,1,1,1,1,,,,,,,,,,,,
5604,48,64,96,1,0,1,1,1,1,1,1,0,1,1,1,,,,,,,,,,,,
5605,48,64,96,1,0,1,1,1,1,1,1,1,0,1,1,,,,,,,,,,,,
5606,48,64,96,1,0,1,1,1,1,1,1,1,1,0,1,,,,,,,,,,,,
5607,48,64,96,1,0,1,1,1,1,1,1,1,1,1,0,,,,,,,,,,,,
5608,48,64,96,1,1,0,1,1,1,1,1,1,1,1,1,,,,,,,,,,,,
5609,48,64,96,1,1,0,1,1,1,0,1,1,1,1,1,,,,,,,,,,,,
5610,48,64,96,1,1,0,1,1,1,1,0,1,1,1,1,,,,,,,,,,,,
5611,48,64,96,1,1,0,1,1,1,1,1,0,1,1,1,,,,,,,,,,,,
5612,48,64,96,1,1,0,1,1,1,1,1,1,0,1,1,,,,,,,,,,,,
5613,48,64,96,1,1,0,1,1,1,1,1,1,1,0,1,,,,,,,,,,,,
5614,48,64,96,1,1,0,1,1,1,1,1,1,1,1,0,,,,,,,,,,,,
5615,48,64,96,1,1,1,0,1,1,1,1,1,1,1,1,,,,,,,,,,,,
5616,48,64,96,1,1,1,0,1,1,0,1,1,1,1,1,,,,,,,,,,,,
5617,48,64,96,1,1,1,0,1,1,1,0,1,1,1,1,,,,,,,,,,,,
5618,48,64,96,1,1,1,0,1,1,1,1,0,1,1,1,,,,,,,,,,,,
5619,48,64,96,1,1,1,0,1,1,1,1,1,0,1,1,,,,,,,,,,,,
5620,48,64,96,1,1,1,0,1,1,1,1,1,1,0,1,,,,,,,,,,,,
5621,48,64,96,1,1,1,0,1,1,1,1,1,1,1,0,,,,,,,,,,,,
5622,48,64,96,1,1,1,1,0,1,1,1,1,1,1,1,,,,,,,,,,,,
5623,48,64,96,1,1,1,1,0,1,0,1,1,1,1,1,,,,,,,,,,,,
5624,48,64,96,1,1,1,1,0,1,1,0,1,1,1,1,,,,,,,,,,,,
5625,48,64,96,1,1,1,1,0,1,1,1,0,1,1,1,,,,,,,,,,,,
5626,48,64,96,1,1,1,1,0,1,1,1,1,0,1,1,,,,,,,,,,,,
5627,48,64,96,1,1,1,1,0,1,1,1,1,1,0,1,,,,,,,,,,,,
5628,48,64,96,1,1,1,1,0,1,1,1,1,1,1,0,,,,,,,,,,,,
5629,48,64,96,1,1,1,1,1,0,1,1,1,1,1,1,,,,,,,,,,,,
5630,48,64,96,1,1,1,1,1,0,0,1,1,1,1,1,,,,,,,,,,,,
5631,48,64,96,1,1,1,1,1,0,1,0,1,1,1,1,,,,,,,,,,,,
5632,48,64,96,1,1,1,1,1,0,1,1,0,1,1,1,,,,,,,,,,,,
5633,48,64,96,1,1,1,1,1,0,1,1,1,0,1,1,,,,,,,,,,,,
5634,48,64,96,1,1,1,1,1,0,1,1,1,1,0,1,,,,,,,,,,,,
5635,48,64,96,1,1,1,1,1,0,1,1,1,1,1,0,,,,,,,,,,,,
5636,16,64,24,1,1,1,1,1,1,1,1,1,1,1,1,,,,,,,,,,,,
5637,16,64,24,1,1,1,1,1,1,0,1,1,1,1,1,,,,,,,,,,,,
5638,16,64,24,1,1,1,1,1,1,1,0,1,1,1,1,,,,,,,,,,,,
5639,16,64,24,1,1,1,1,1,1,1,1,0,1,1,1,,,,,,,,,,,,
5640,16,64,24,1,1,1,1,1,1,1,1,1,0,1,1,,,,,,,,,,,,
5641,16,64,24,1,1,1,1,1,1,1,1,1,1,0,1,,,,,,,,,,,,
5642,16,64,24,1,1,1,1,1,1,1,1,1,1,1,0,,,,,,,,,,,,
5643,16,64,24,0,1,1,1,1,1,1,1,1,1,1,1,,,,,,,,,,,,
5644,16,64,24,0,1,1,1,1,1,0,1,1,1,1,1,,,,,,,,,,,,
5645,16,64,24,0,1,1,1,1,1,1,0,1,1,1,1,,,,,,,,,,,,
5646,16,64,24,0,1,1,1,1,1,1,1,0,1,1,1,,,,,,,,,,,,
5647,16,64,24,0,1,1,1,1,1,1,1,1,0,1,1,,,,,,,,,,,,
5648,16,64,24,0,1,1,1,1,1,1,1,1,1,0,1,,,,,,,,,,,,
5649,16,64,24,0,1,1,1,1,1,1,1,1,1,1,0,,,,,,,,,,,,
5650,16,64,24,1,0,1,1,1,1,1,1,1,1,1,1,,,,,,,,,,,,
5651,16,64,24,1,0,1,1,1,1,0,1,1,1,1,1,,,,,,,,,,,,
5652,16,64,24,1,0,1,1,1,1,1,0,1,1,1,1,,,,,,,,,,,,
5653,16,64,24,1,0,1,1,1,1,1,1,0,1,1,1,,,,,,,,,,,,
5654,16,64,24,1,0,1,1,1,1,1,1,1,0,1,1,,,,,,,,,,,,
5655,16,64,24,1,0,1,1,1,1,1,1,1,1,0,1,,,,,,,,,,,,
5656,16,64,24,1,0,1,1,1,1,1,1,1,1,1,0,,,,,,,,,,,,
5657,16,64,24,1,1,0,1,1,1,1,1,1,1,1,1,,,,,,,,,,,,
5658,16,64,24,1,1,0,1,1,1,0,1,1,1,1,1,,,,,,,,,,,,
5659,16,64,24,1,1,0,1,1,1,1,0,1,1,1,1,,,,,,,,,,,,
5660,16,64,24,1,1,0,1,1,1,1,1,0,1,1,1,,,,,,,,,,,,
5661,16,64,24,1,1,0,1,1,1,1,1,1,0,1,1,,,,,,,,,,,,
5662,16,64,24,1,1,0,1,1,1,1,1,1,1,0,1,,,,,,,,,,,,
5663,16,64,24,1,1,0,1,1,1,1,1,1,1,1,0,,,,,,,,,,,,
5664,16,64,24,1,1,1,0,1,1,1,1,1,1,1,1,,,,,,,,,,,,
5665,16,64,24,1,1,1,0,1,1,0,1,1,1,1,1,,,,,,,,,,,,
5666,16,64,24,1,1,1,0,1,1,1,0,1,1,1,1,,,,,,,,,,,,
5667,16,64,24,1,1,1,0,1,1,1,1,0,1,1,1,,,,,,,,,,,,
5668,16,64,24,1,1,1,0,1,1,1,1,1,0,1,1,,,,,,,,,,,,
5669,16,64,24,1,1,1,0,1,1,1,1,1,1,0,1,,,,,,,,,,,,
5670,16,64,24,1,1,1,0,1,1,1,1,1,1,1,0,,,,,,,,,,,,
5671,16,64,24,1,1,1,1,0,1,1,1,1,1,1,1,,,,,,,,,,,,
5672,16,64,24,1,1,1,1,0,1,0,1,1,1,1,1,,,,,,,,,,,,
5673,16,64,24,1,1,1,1,0,1,1,0,1,1,1,1,,,,,,,,,,,,
5674,16,64,24,1,1,1,1,0,1,1,1,0,1,1,1,,,,,,,,,,,,
5675,16,64,24,1,1,1,1,0,1,1,1,1,0,1,1,,,,,,,,,,,,
5676,16,64,24,1,1,1,1,0,1,1,1,1,1,0,1,,,,,,,,,,,,
5677,16,64,24,1,1,1,1,0,1,1,1,1,1,1,0,,,,,,,,,,,,
5678,16,64,24,1,1,1,1,1,0,1,1,1,1,1,1,,,,,,,,,,,,
5679,16,64,24,1,1,1,1,1,0,0,1,1,1,1,1,,,,,,,,,,,,
5680,16,64,24,1,1,1,1,1,0,1,0,1,1,1,1,,,,,,,,,,,,
5681,16,64,24,1,1,1,1,1,0,1,1,0,1,1,1,,,,,,,,,,,,
5682,16,64,24,1,1,1,1,1,0,1,1,1,0,1,1,,,,,,,,,,,,
5683,16,64,24,1,1,1,1,1,0,1,1,1,1,0,1,,,,,,,,,,,,
5684,16,64,24,1,1,1,1,1,0,1,1,1,1,1,0,,,,,,,,,,,,
5685,16,16,48,1,1,1,1,1,1,1,1,1,1,1,1,,,,,,,,,,,,
5686,16,16,48,1,1,1,1,1,1,0,1,1,1,1,1,,,,,,,,,,,,
5687,16,16,48,1,1,1,1,1,1,1,0,1,1,1,1,,,,,,,,,,,,
5688,16,16,48,1,1,1,1,1,1,1,1,0,1,1,1,,,,,,,,,,,,
5689,16,16,48,1,1,1,1,1,1,1,1,1,0,1,1,,,,,,,,,,,,
5690,16,16,48,1,1,1,1,1,1,1,1,1,1,0,1,,,,,,,,,,,,
5691,16,16,48,1,1,1,1,1,1,1,1,1,1,1,0,,,,,,,,,,,,
5692,16,16,48,0,1,1,1,1,1,1,1,1,1,1,1,,,,,,,,,,,,
5693,16,16,48,0,1,1,1,1,1,0,1,1,1,1,1,,,,,,,,,,,,
5694,16,16,48,0,1,1,1,1,1,1,0,1,1,1,1,,,,,,,,,,,,
5695,16,16,48,0,1,1,1,1,1,1,1,0,1,1,1,,,,,,,,,,,,
5696,16,16,48,0,1,1,1,1,1,1,1,1,0,1,1,,,,,,,,,,,,
5697,16,16,48,0,1,1,1,1,1,1,1,1,1,0,1,,,,,,,,,,,,
5698,16,16,48,0,1,1,1,1,1,1,1,1,1,1,0,,,,,,,,,,,,
5699,16,16,48,1,0,1,1,1,1,1,1,1,1,1,1,,,,,,,,,,,,
5700,16,16,48,1,0,1,1,1,1,0,1,1,1,1,1,,,,,,,,,,,,
5701,16,16,48,1,0,1,1,1,1,1,0,1,1,1,1,,,,,,,,,,,,
5702,16,16,48,1,0,1,1,1,1,1,1,0,1,1,1,,,,,,,,,,,,
5703,16,16,48,1,0,1,1,1,1,1,1,1,0,1,1,,,,,,,,,,,,
5704,16,16,48,1,0,1,1,1,1,1,1,1,1,0,1,,,,,,,,,,,,
5705,16,16,48,1,0,1,1,1,1,1,1,1,1,1,0,,,,,,,,,,,,
5706,16,16,48,1,1,0,1,1,1,1,1,1,1,1,1,,,,,,,,,,,,
5707,16,16,48,1,1,0,1,1,1,0,1,1,1,1,1,,,,,,,,,,,,
5708,16,16,48,1,1,0,1,1,1,1,0,1,1,1,1,,,,,,,,,,,,
5709,16,16,48,1,1,0,1,1,1,1,1,0,1,1,1,,,,,,,,,,,,
5710,16,16,48,1,1,0,1,1,1,1,1,1,0,1,1,,,,,,,,,,,,
5711,16,16,48,1,1,0,1,1,1,1,1,1,1,0,1,,,,,,,,,,,,
5712,16,16,48,1,1,0,1,1,1,1,1,1,1,1,0,,,,,,,,,,,,
5713,16,16,48,1,1,1,0,1,1,1,1,1,1,1,1,,,,,,,,,,,,
5714,16,16,48,1,1,1,0,1,1,0,1,1,1,1,1,,,,,,,,,,,,
5715,16,16,48,1,1,1,0,1,1,1,0,1,1,1,1,,,,,,,,,,,,
5716,16,16,48,1,1,1,0,1,1,1,1,0,1,1,1,,,,,,,,,,,,
5717,16,16,48,1,1,1,0,1,1,1,1,1,0,1,1,,,,,,,,,,,,
5718,16,16,48,1,1,1,0,1,1,1,1,1,1,0,1,,,,,,,,,,,,
5719,16,16,48,1,1,1,0,1,1,1,1,1,1,1,0,,,,,,,,,,,,
5720,16,16,48,1,1,1,1,0,1,1,1,1,1,1,1,,,,,,,,,,,,
5721,16,16,48,1,1,1,1,0,1,0,1,1,1,1,1,,,,,,,,,,,,
5722,16,16,48,1,1,1,1,0,1,1,0,1,1,1,1,,,,,,,,,,,,
5723,16,16,48,1,1,1,1,0,1,1,1,0,1,1,1,,,,,,,,,,,,
5724,16,16,48,1,1,1,1,0,1,1,1,1,0,1,1,,,,,,,,,,,,
5725,16,16,48,1,1,1,1,0,1,1,1,1,1,0,1,,,,,,,,,,,,
5726,16,16,48,1,1,1,1,0,1,1,1,1,1,1,0,,,,,,,,,,,,
5727,16,16,48,1,1,1,1,1,0,1,1,1,1,1,1,,,,,,,,,,,,
5728,16,16,48,1,1,1,1,1,0,0,1,1,1,1,1,,,,,,,,,,,,
5729,16,16,48,1,1,1,1,1,0,1,0,1,1,1,1,,,,,,,,,,,,
5730,16,16,48,1,1,1,1,1,0,1,1,0,1,1,1,,,,,,,,,,,,
5731,16,16,48,1,1,1,1,1,0,1,1,1,0,1,1,,,,,,,,,,,,
5732,16,16,48,1,1,1,1,1,0,1,1,1,1,0,1,,,,,,,,,,,,
5733,16,16,48,1,1,1,1,1,0,1,1,1,1,1,0,,,,,,,,,,,,
5734,64,16,96,1,1,1,1,1,1,1,1,1,1,1,1,,,,,,,,,,,,
5735,64,16,96,1,1,1,1,1,1,0,1,1,1,1,1,,,,,,,,,,,,
5736,64,16,96,1,1,1,1,1,1,1,0,1,1,1,1,,,,,,,,,,,,
5737,64,16,96,1,1,1,1,1,1,1,1,0,1,1,1,,,,,,,,,,,,
5738,64,16,96,1,1,1,1,1,1,1,1,1,0,1,1,,,,,,,,,,,,
5739,64,16,96,1,1,1,1,1,1,1,1,1,1,0,1,,,,,,,,,,,,
5740,64,16,96,1,1,1,1,1,1,1,1,1,1,1,0,,,,,,,,,,,,
5741,64,16,96,0,1,1,1,1,1,1,1,1,1,1,1,,,,,,,,,,,,
5742,64,16,96,0,1,1,1,1,1,0,1,1,1,1,1,,,,,,,,,,,,
5743,64,16,96,0,1,1,1,1,1,1,0,1,1,1,1,,,,,,,,,,,,
5744,64,16,96,0,1,1,1,1,1,1,1,0,1,1,1,,,,,,,,,,,,
5745,64,16,96,0,1,1,1,1,1,1,1,1,0,1,1,,,,,,,,,,,,
5746,64,16,96,0,1,1,1,1,1,1,1,1,1,0,1,,,,,,,,,,,,
5747,64,16,96,0,1,1,1,1,1,1,1,1,1,1,0,,,,,,,,,,,,
5748,64,16,96,1,0,1,1,1,1,1,1,1,1,1,1,,,,,,,,,,,,
5749,64,16,96,1,0,1,1,1,1,0,1,1,1,1,1,,,,,,,,,,,,
5750,64,16,96,1,0,1,1,1,1,1,0,1,1,1,1,,,,,,,,,,,,
5751,64,16,96,1,0,1,1,1,1,1,1,0,1,1,1,,,,,,,,,,,,
5752,64,16,96,1,0,1,1,1,1,1,1,1,0,1,1,,,,,,,,,,,,
5753,64,16,96,1,0,1,1,1,1,1,1,1,1,0,1,,,,,,,,,,,,
5754,64,16,96,1,0,1,1,1,1,1,1,1,1,1,0,,,,,,,,,,,,
5755,64,16,96,1,1,0,1,1,1,1,1,1,1,1,1,,,,,,,,,,,,
5756,64,16,96,1,1,0,1,1,1,0,1,1,1,1,1,,,,,,,,,,,,
5757,64,16,96,1,1,0,1,1,1,1,0,1,1,1,1,,,,,,,,,,,,
5758,64,16,96,1,1,0,1,1,1,1,1,0,1,1,1,,,,,,,,,,,,
5759,64,16,96,1,1,0,1,1,1,1,1,1,0,1,1,,,,,,,,,,,,
5760,64,16,96,1,1,0,1,1,1,1,1,1,1,0,1,,,,,,,,,,,,
5761,64,16,96,1,1,0,1,1,1,1,1,1,1,1,0,,,,,,,,,,,,
5762,64,16,96,1,1,1,0,1,1,1,1,1,1,1,1,,,,,,,,,,,,
5763,64,16,96,1,1,1,0,1,1,0,1,1,1,1,1,,,,,,,,,,,,
5764,64,16,96,1,1,1,0,1,1,1,0,1,1,1,1,,,,,,,,,,,,
5765,64,16,96,1,1,1,0,1,1,1,1,0,1,1,1,,,,,,,,,,,,
5766,64,16,96,1,1,1,0,1,1,1,1,1,0,1,1,,,,,,,,,,,,
5767,64,16,96,1,1,1,0,1,1,1,1,1,1,0,1,,,,,,,,,,,,
5768,64,16,96,1,1,1,0,1,1,1,1,1,1,1,0,,,,,,,,,,,,
5769,64,16,96,1,1,1,1,0,1,1,1,1,1,1,1,,,,,,,,,,,,
5770,64,16,96,1,1,1,1,0,1,0,1,1,1,1,1,,,,,,,,,,,,
5771,64,16,96,1,1,1,1,0,1,1,0,1,1,1,1,,,,,,,,,,,,
5772,64,16,96,1,1,1,1,0,1,1,1,0,1,1,1,,,,,,,,,,,,
5773,64,16,96,1,1,1,1,0,1,1,1,1,0,1,1,,,,,,,,,,,,
5774,64,16,96,1,1,1,1,0,1,1,1,1,1,0,1,,,,,,,,,,,,
5775,64,16,96,1,1,1,1,0,1,1,1,1,1,1,0,,,,,,,,,,,,
5776,64,16,96,1,1,1,1,1,0,1,1,1,1,1,1,,,,,,,,,,,,
5777,64,16,96,1,1,1,1,1,0,0,1,1,1,1,1,,,,,,,,,,,,
5778,64,16,96,1,1,1,1,1,0,1,0,1,1,1,1,,,,,,,,,,,,
5779,64,16,96,1,1,1,1,1,0,1,1,0,1,1,1,,,,,,,,,,,,
5780,64,16,96,1,1,1,1,1,0,1,1,1,0,1,1,,,,,,,,,,,,
5781,64,16,96,1,1,1,1,1,0,1,1,1,1,0,1,,,,,,,,,,,,
5782,64,16,96,1,1,1,1,1,0,1,1,1,1,1,0,,,,,,,,,,,,
5783,96,24,64,1,1,1,1,1,1,1,1,1,1,1,1,,,,,,,,,,,,
5784,96,24,64,1,1,1,1,1,1,0,1,1,1,1,1,,,,,,,,,,,,
5785,96,24,64,1,1,1,1,1,1,1,0,1,1,1,1,,,,,,,,,,,,
5786,96,24,64,1,1,1,1,1,1,1,1,0,1,1,1,,,,,,,,,,,,
5787,96,24,64,1,1,1,1,1,1,1,1,1,0,1,1,,,,,,,,,,,,
5788,96,24,64,1,1,1,1,1,1,1,1,1,1,0,1,,,,,,,,,,,,
5789,96,24,64,1,1,1,1,1,1,1,1,1,1,1,0,,,,,,,,,,,,
5790,96,24,64,0,1,1,1,1,1,1,1,1,1,1,1,,,,,,,,,,,,
5791,96,24,64,0,1,1,1,1,1,0,1,1,1,1,1,,,,,,,,,,,,
5792,96,24,64,0,1,1,1,1,1,1,0,1,1,1,1,,,,,,,,,,,,
5793,96,24,64,0,1,1,1,1,1,1,1,0,1,1,1,,,,,,,,,,,,
5794,96,24,64,0,1,1,1,1,1,1,1,1,0,1,1,,,,,,,,,,,,
5795,96,24,64,0,1,1,1,1,1,1,1,1,1,0,1,,,,,,,,,,,,
5796,96,24,64,0,1,1,1,1,1,1,1,1,1,1,0,,,,,,,,,,,,
5797,96,24,64,1,0,1,1,1,1,1,1,1,1,1,1,,,,,,,,,,,,
5798,96,24,64,1,0,1,1,1,1,0,1,1,1,1,1,,,,,,,,,,,,
5799,96,24,64,1,0,1,1,1,1,1,0,1,1,1,1,,,,,,,,,,,,
5800,96,24,64,1,0,1,1,1,1,1,1,0,1,1,1,,,,,,,,,,,,
5801,96,24,64,1,0,1,1,1,1,1,1,1,0,1,1,,,,,,,,,,,,
5802,96,24,64,1,0,1,1,1,1,1,1,1,1,0,1,,,,,,,,,,,,
5803,96,24,64,1,0,1,1,1,1,1,1,1,1,1,0,,,,,,,,,,,,
5804,96,24,64,1,1,0,1,1,1,1,1,1,1,1,1,,,,,,,,,,,,
5805,96,24,64,1,1,0,1,1,1,0,1,1,1,1,1,,,,,,,,,,,,
5806,96,24,64,1,1,0,1,1,1,1,0,1,1,1,1,,,,,,,,,,,,
5807,96,24,64,1,1,0,1,1,1,1,1,0,1,1,1,,,,,,,,,,,,
5808,96,24,64,1,1,0,1,1,1,1,1,1,0,1,1,,,,,,,,,,,,
5809,96,24,64,1,1,0,1,1,1,1,1,1,1,0,1,,,,,,,,,,,,
5810,96,24,64,1,1,0,1,1,1,1,1,1,1,1,0,,,,,,,,,,,,
5811,96,24,64,1,1,1,0,1,1,1,1,1,1,1,1,,,,,,,,,,,,
5812,96,24,64,1,1,1,0,1,1,0,1,1,1,1,1,,,,,,,,,,,,
5813,96,24,64,1,1,1,0,1,1,1,0,1,1,1,1,,,,,,,,,,,,
5814,96,24,64,1,1,1,0,1,1,1,1,0,1,1,1,,,,,,,,,,,,
5815,96,24,64,1,1,1,0,1,1,1,1,1,0,1,1,,,,,,,,,,,,
5816,96,24,64,1,1,1,0,1,1,1,1,1,1,0,1,,,,,,,,,,,,
5817,96,24,64,1,1,1,0,1,1,1,1,1,1,1,0,,,,,,,,,,,,
5818,96,24,64,1,1,1,1,0,1,1,1,1,1,1,1,,,,,,,,,,,,
5819,96,24,64,1,1,1,1,0,1,0,1,1,1,1,1,,,,,,,,,,,,
5820,96,24,64,1,1,1,1,0,1,1,0,1,1,1,1,,,,,,,,,,,,
5821,96,24,64,1,1,1,1,0,1,1,1,0,1,1,1,,,,,,,,,,,,
5822,96,24,64,1,1,1,1,0,1,1,1,1,0,1,1,,,,,,,,,,,,
5823,96,24,64,1,1,1,1,0,1,1,1,1,1,0,1,,,,,,,,,,,,
5824,96,24,64,1,1,1,1,0,1,1,1,1,1,1,0,,,,,,,,,,,,
5825,96,24,64,1,1,1,1,1,0,1,1,1,1,1,1,,,,,,,,,,,,
5826,96,24,64,1,1,1,1,1,0,0,1,1,1,1,1,,,,,,,,,,,,
5827,96,24,64,1,1,1,1,1,0,1,0,1,1,1,1,,,,,,,,,,,,
5828,96,24,64,1,1,1,1,1,0,1,1,0,1,1,1,,,,,,,,,,,,
5829,96,24,64,1,1,1,1,1,0,1,1,1,0,1,1,,,,,,,,,,,,
5830,96,24,64,1,1,1,1,1,0,1,1,1,1,0,1,,,,,,,,,,,,
5831,96,24,64,1,1,1,1,1,0,1,1,1,1,1,0,,,,,,,,,,,,
5832,48,96,24,1,1,1,1,1,1,1,1,1,1,1,1,,,,,,,,,,,,
5833,48,96,24,1,1,1,1,1,1,0,1,1,1,1,1,,,,,,,,,,,,
5834,48,96,24,1,1,1,1,1,1,1,0,1,1,1,1,,,,,,,,,,,,
5835,48,96,24,1,1,1,1,1,1,1,1,0,1,1,1,,,,,,,,,,,,
5836,48,96,24,1,1,1,1,1,1,1,1,1,0,1,1,,,,,,,,,,,,
5837,48,96,24,1,1,1,1,1,1,1,1,1,1,0,1,,,,,,,,,,,,
5838,48,96,24,1,1,1,1,1,1,1,1,1,1,1,0,,,,,,,,,,,,
5839,48,96,24,0,1,1,1,1,1,1,1,1,1,1,1,,,,,,,,,,,,
5840,48,96,24,0,1,1,1,1,1,0,1,1,1,1,1,,,,,,,,,,,,
5841,48,96,24,0,1,1,1,1,1,1,0,1,1,1,1,,,,,,,,,,,,
5842,48,96,24,0,1,1,1,1,1,1,1,0,1,1,1,,,,,,,,,,,,
5843,48,96,24,0,1,1,1,1,1,1,1,1,0,1,1,,,,,,,,,,,,
5844,48,96,24,0,1,1,1,1,1,1,1,1,1,0,1,,,,,,,,,,,,
5845,48,96,24,0,1,1,1,1,1,1,1,1,1,1,0,,,,,,,,,,,,
5846,48,96,24,1,0,1,1,1,1,1,1,1,1,1,1,,,,,,,,,,,,
5847,48,96,24,1,0,1,1,1,1,0,1,1,1,1,1,,,,,,,,,,,,
5848,48,96,24,1,0,1,1,1,1,1,0,1,1,1,1,,,,,,,,,,,,
5849,48,96,24,1,0,1,1,1,1,1,1,0,1,1,1,,,,,,,,,,,,
5850,48,96,24,1,0,1,1,1,1,1,1,1,0,1,1,,,,,,,,,,,,
5851,48,96,24,1,0,1,1,1,1,1,1,1,1,0,1,,,,,,,,,,,,
5852,48,96,24,1,0,1,1,1,1,1,1,1,1,1,0,,,,,,,,,,,,
5853,48,96,24,1,1,0,1,1,1,1,1,1,1,1,1,,,,,,,,,,,,
5854,48,96,24,1,1,0,1,1,1,0,1,1,1,1,1,,,,,,,,,,,,
5855,48,96,24,1,1,0,1,1,1,1,0,1,1,1,1,,,,,,,,,,,,
5856,48,96,24,1,1,0,1,1,1,1,1,0,1,1,1,,,,,,,,,,,,
5857,48,96,24,1,1,0,1,1,1,1,1,1,0,1,1,,,,,,,,,,,,
5858,48,96,24,1,1,0,1,1,1,1,1,1,1,0,1,,,,,,,,,,,,
5859,48,96,24,1,1,0,1,1,1,1,1,1,1,1,0,,,,,,,,,,,,
5860,48,96,24,1,1,1,0,1,1,1,1,1,1,1,1,,,,,,,,,,,,
5861,48,96,24,1,1,1,0,1,1,0,1,1,1,1,1,,,,,,,,,,,,
5862,48,96,24,1,1,1,0,1,1,1,0,1,1,1,1,,,,,,,,,,,,
5863,48,96,24,1,1,1,0,1,1,1,1,0,1,1,1,,,,,,,,,,,,
5864,48,96,24,1,1,1,0,1,1,1,1,1,0,1,1,,,,,,,,,,,,
5865,48,96,24,1,1,1,0,1,1,1,1,1,1,0,1,,,,,,,,,,,,
5866,48,96,24,1,1,1,0,1,1,1,1,1,1,1,0,,,,,,,,,,,,
5867,48,96,24,1,1,1,1,0,1,1,1,1,1,1,1,,,,,,,,,,,,
5868,48,96,24,1,1,1,1,0,1,0,1,1,1,1,1,,,,,,,,,,,,
5869,48,96,24,1,1,1,1,0,1,1,0,1,1,1,1,,,,,,,,,,,,
5870,48,96,24,1,1,1,1,0,1,1,1,0,1,1,1,,,,,,,,,,,,
5871,48,96,24,1,1,1,1,0,1,1,1,1,0,1,1,,,,,,,,,,,,
5872,48,96,24,1,1,1,1,0,1,1,1,1,1,0,1,,,,,,,,,,,,
5873,48,96,24,1,1,1,1,0,1,1,1,1,1,1,0,,,,,,,,,,,,
5874,48,96,24,1,1,1,1,1,0,1,1,1,1,1,1,,,,,,,,,,,,
5875,48,96,24,1,1,1,1,1,0,0,1,1,1,1,1,,,,,,,,,,,,
5876,48,96,24,1,1,1,1,1,0,1,0,1,1,1,1,,,,,,,,,,,,
5877,48,96,24,1,1,1,1,1,0,1,1,0,1,1,1,,,,,,,,,,,,
5878,48,96,24,1,1,1,1,1,0,1,1,1,0,1,1,,,,,,,,,,,,
5879,48,96,24,1,1,1,1,1,0,1,1,1,1,0,1,,,,,,,,,,,,
5880,48,96,24,1,1,1,1,1,0,1,1,1,1,1,0,,,,,,,,,,,,
5881,48,16,96,1,1,1,1,1,1,1,1,1,1,1,1,,,,,,,,,,,,
5882,48,16,96,1,1,1,1,1,1,0,1,1,1,1,1,,,,,,,,,,,,
5883,48,16,96,1,1,1,1,1,1,1,0,1,1,1,1,,,,,,,,,,,,
5884,48,16,96,1,1,1,1,1,1,1,1,0,1,1,1,,,,,,,,,,,,
5885,48,16,96,1,1,1,1,1,1,1,1,1,0,1,1,,,,,,,,,,,,
5886,48,16,96,1,1,1,1,1,1,1,1,1,1,0,1,,,,,,,,,,,,
5887,48,16,96,1,1,1,1,1,1,1,1,1,1,1,0,,,,,,,,,,,,
5888,48,16,96,0,1,1,1,1,1,1,1,1,1,1,1,,,,,,,,,,,,
5889,48,16,96,0,1,1,1,1,1,0,1,1,1,1,1,,,,,,,,,,,,
5890,48,16,96,0,1,1,1,1,1,1,0,1,1,1,1,,,,,,,,,,,,
5891,48,16,96,0,1,1,1,1,1,1,1,0,1,1,1,,,,,,,,,,,,
5892,48,16,96,0,1,1,1,1,1,1,1,1,0,1,1,,,,,,,,,,,,
5893,48,16,96,0,1,1,1,1,1,1,1,1,1,0,1,,,,,,,,,,,,
5894,48,16,96,0,1,1,1,1,1,1,1,1,1,1,0,,,,,,,,,,,,
5895,48,16,96,1,0,1,1,1,1,1,1,1,1,1,1,,,,,,,,,,,,
5896,48,16,96,1,0,1,1,1,1,0,1,1,1,1,1,,,,,,,,,,,,
5897,48,16,96,1,0,1,1,1,1,1,0,1,1,1,1,,,,,,,,,,,,
5898,48,16,96,1,0,1,1,1,1,1,1,0,1,1,1,,,,,,,,,,,,
5899,48,16,96,1,0,1,1,1,1,1,1,1,0,1,1,,,,,,,,,,,,
5900,48,16,96,1,0,1,1,1,1,1,1,1,1,0,1,,,,,,,,,,,,
5901,48,16,96,1,0,1,1,1,1,1,1,1,1,1,0,,,,,,,,,,,,
5902,48,16,96,1,1,0,1,1,1,1,1,1,1,1,1,,,,,,,,,,,,
5903,48,16,96,1,1,0,1,1,1,0,1,1,1,1,1,,,,,,,,,,,,
5904,48,16,96,1,1,0,1,1,1,1,0,1,1,1,1,,,,,,,,,,,,
5905,48,16,96,1,1,0,1,1,1,1,1,0,1,1,1,,,,,,,,,,,,
5906,48,16,96,1,1,0,1,1,1,1,1,1,0,1,1,,,,,,,,,,,,
5907,48,16,96,1,1,0,1,1,1,1,1,1,1,0,1,,,,,,,,,,,,
5908,48,16,96,1,1,0,1,1,1,1,1,1,1,1,0,,,,,,,,,,,,
5909,48,16,96,1,1,1,0,1,1,1,1,1,1,1,1,,,,,,,,,,,,
5910,48,16,96,1,1,1,0,1,1,0,1,1,1,1,1,,,,,,,,,,,,
5911,48,16,96,1,1,1,0,1,1,1,0,1,1,1,1,,,,,,,,,,,,
5912,48,16,96,1,1,1,0,1,1,1,1,0,1,1,1,,,,,,,,,,,,
5913,48,16,96,1,1,1,0,1,1,1,1,1,0,1,1,,,,,,,,,,,,
5914,48,16,96,1,1,1,0,1,1,1,1,1,1,0,1,,,,,,,,,,,,
5915,48,16,96,1,1,1,0,1,1,1,1,1,1,1,0,,,,,,,,,,,,
5916,48,16,96,1,1,1,1,0,1,1,1,1,1,1,1,,,,,,,,,,,,
5917,48,16,96,1,1,1,1,0,1,0,1,1,1,1,1,,,,,,,,,,,,
5918,48,16,96,1,1,1,1,0,1,1,0,1,1,1,1,,,,,,,,,,,,
5919,48,16,96,1,1,1,1,0,1,1,1,0,1,1,1,,,,,,,,,,,,
5920,48,16,96,1,1,1,1,0,1,1,1,1,0,1,1,,,,,,,,,,,,
5921,48,16,96,1,1,1,1,0,1,1,1,1,1,0,1,,,,,,,,,,,,
5922,48,16,96,1,1,1,1,0,1,1,1,1,1,1,0,,,,,,,,,,,,
5923,48,16,96,1,1,1,1,1,0,1,1,1,1,1,1,,,,,,,,,,,,
5924,48,16,96,1,1,1,1,1,0,0,1,1,1,1,1,,,,,,,,,,,,
5925,48,16,96,1,1,1,1,1,0,1,0,1,1,1,1,,,,,,,,,,,,
5926,48,16,96,1,1,1,1,1,0,1,1,0,1,1,1,,,,,,,,,,,,
5927,48,16,96,1,1,1,1,1,0,1,1,1,0,1,1,,,,,,,,,,,,
5928,48,16,96,1,1,1,1,1,0,1,1,1,1,0,1,,,,,,,,,,,,
5929,48,16,96,1,1,1,1,1,0,1,1,1,1,1,0,,,,,,,,,,,,
5930,48,64,16,1,1,1,1,1,1,1,1,1,1,1,1,,,,,,,,,,,,
5931,48,64,16,1,1,1,1,1,1,0,1,1,1,1,1,,,,,,,,,,,,
5932,48,64,16,1,1,1,1,1,1,1,0,1,1,1,1,,,,,,,,,,,,
5933,48,64,16,1,1,1,1,1,1,1,1,0,1,1,1,,,,,,,,,,,,
5934,48,64,16,1,1,1,1,1,1,1,1,1,0,1,1,,,,,,,,,,,,
5935,48,64,16,1,1,1,1,1,1,1,1,1,1,0,1,,,,,,,,,,,,
5936,48,64,16,1,1,1,1,1,1,1,1,1,1,1,0,,,,,,,,,,,,
5937,48,64,16,0,1,1,1,1,1,1,1,1,1,1,1,,,,,,,,,,,,
5938,48,64,16,0,1,1,1,1,1,0,1,1,1,1,1,,,,,,,,,,,,
5939,48,64,16,0,1,1,1,1,1,1,0,1,1,1,1,,,,,,,,,,,,
5940,48,64,16,0,1,1,1,1,1,1,1,0,1,1,1,,,,,,,,,,,,
5941,48,64,16,0,1,1,1,1,1,1,1,1,0,1,1,,,,,,,,,,,,
5942,48,64,16,0,1,1,1,1,1,1,1,1,1,0,1,,,,,,,,,,,,
5943,48,64,16,0,1,1,1,1,1,1,1,1,1,1,0,,,,,,,,,,,,
5944,48,64,16,1,0,1,1,1,1,1,1,1,1,1,1,,,,,,,,,,,,
5945,48,64,16,1,0,1,1,1,1,0,1,1,1,1,1,,,,,,,,,,,,
5946,48,64,16,1,0,1,1,1,1,1,0,1,1,1,1,,,,,,,,,,,,
5947,48,64,16,1,0,1,1,1,1,1,1,0,1,1,1,,,,,,,,,,,,
5948,48,64,16,1,0,1,1,1,1,1,1,1,0,1,1,,,,,,,,,,,,
5949,48,64,16,1,0,1,1,1,1,1,1,1,1,0,1,,,,,,,,,,,,
5950,48,64,16,1,0,1,1,1,1,1,1,1,1,1,0,,,,,,,,,,,,
5951,48,64,16,1,1,0,1,1,1,1,1,1,1,1,1,,,,,,,,,,,,
5952,48,64,16,1,1,0,1,1,1,0,1,1,1,1,1,,,,,,,,,,,,
5953,48,64,16,1,1,0,1,1,1,1,0,1,1,1,1,,,,,,,,,,,,
5954,48,64,16,1,1,0,1,1,1,1,1,0,1,1,1,,,,,,,,,,,,
5955,48,64,16,1,1,0,1,1,1,1,1,1,0,1,1,,,,,,,,,,,,
5956,48,64,16,1,1,0,1,1,1,1,1,1,1,0,1,,,,,,,,,,,,
5957,48,64,16,1,1,0,1,1,1,1,1,1,1,1,0,,,,,,,,,,,,
5958,48,64,16,1,1,1,0,1,1,1,1,1,1,1,1,,,,,,,,,,,,
5959,48,64,16,1,1,1,0,1,1,0,1,1,1,1,1,,,,,,,,,,,,
5960,48,64,16,1,1,1,0,1,1,1,0,1,1,1,1,,,,,,,,,,,,
5961,48,64,16,1,1,1,0,1,1,1,1,0,1,1,1,,,,,,,,,,,,
5962,48,64,16,1,1,1,0,1,1,1,1,1,0,1,1,,,,,,,,,,,,
5963,48,64,16,1,1,1,0,1,1,1,1,1,1,0,1,,,,,,,,,,,,
5964,48,64,16,1,1,1,0,1,1,1,1,1,1,1,0,,,,,,,,,,,,
5965,48,64,16,1,1,1,1,0,1,1,1,1,1,1,1,,,,,,,,,,,,
5966,48,64,16,1,1,1,1,0,1,0,1,1,1,1,1,,,,,,,,,,,,
5967,48,64,16,1,1,1,1,0,1,1,0,1,1,1,1,,,,,,,,,,,,
5968,48,64,16,1,1,1,1,0,1,1,1,0,1,1,1,,,,,,,,,,,,
5969,48,64,16,1,1,1,1,0,1,1,1,1,0,1,1,,,,,,,,,,,,
5970,48,64,16,1,1,1,1,0,1,1,1,1,1,0,1,,,,,,,,,,,,
5971,48,64,16,1,1,1,1,0,1,1,1,1,1,1,0,,,,,,,,,,,,
5972,48,64,16,1,1,1,1,1,0,1,1,1,1,1,1,,,,,,,,,,,,
5973,48,64,16,1,1,1,1,1,0,0,1,1,1,1,1,,,,,,,,,,,,
5974,48,64,16,1,1,1,1,1,0,1,0,1,1,1,1,,,,,,,,,,,,
5975,48,64,16,1,1,1,1,1,0,1,1,0,1,1,1,,,,,,,,,,,,
5976,48,64,16,1,1,1,1,1,0,1,1,1,0,1,1,,,,,,,,,,,,
5977,48,64,16,1,1,1,1,1,0,1,1,1,1,0,1,,,,,,,,,,,,
5978,48,64,16,1,1,1,1,1,0,1,1,1,1,1,0,,,,,,,,,,,,
5979,16,24,24,1,1,1,1,1,1,1,1,1,1,1,1,,,,,,,,,,,,
5980,16,24,24,1,1,1,1,1,1,0,1,1,1,1,1,,,,,,,,,,,,
5981,16,24,24,1,1,1,1,1,1,1,0,1,1,1,1,,,,,,,,,,,,
5982,16,24,24,1,1,1,1,1,1,1,1,0,1,1,1,,,,,,,,,,,,
5983,16,24,24,1,1,1,1,1,1,1,1,1,0,1,1,,,,,,,,,,,,
5984,16,24,24,1,1,1,1,1,1,1,1,1,1,0,1,,,,,,,,,,,,
5985,16,24,24,1,1,1,1,1,1,1,1,1,1,1,0,,,,,,,,,,,,
5986,16,24,24,0,1,1,1,1,1,1,1,1,1,1,1,,,,,,,,,,,,
5987,16,24,24,0,1,1,1,1,1,0,1,1,1,1,1,,,,,,,,,,,,
5988,16,24,24,0,1,1,1,1,1,1,0,1,1,1,1,,,,,,,,,,,,
5989,16,24,24,0,1,1,1,1,1,1,1,0,1,1,1,,,,,,,,,,,,
5990,16,24,24,0,1,1,1,1,1,1,1,1,0,1,1,,,,,,,,,,,,
5991,16,24,24,0,1,1,1,1,1,1,1,1,1,0,1,,,,,,,,,,,,
5992,16,24,24,0,1,1,1,1,1,1,1,1,1,1,0,,,,,,,,,,,,
5993,16,24,24,1,0,1,1,1,1,1,1,1,1,1,1,,,,,,,,,,,,
5994,16,24,24,1,0,1,1,1,1,0,1,1,1,1,1,,,,,,,,,,,,
5995,16,24,24,1,0,1,1,1,1,1,0,1,1,1,1,,,,,,,,,,,,
5996,16,24,24,1,0,1,1,1,1,1,1,0,1,1,1,,,,,,,,,,,,
5997,16,24,24,1,0,1,1,1,1,1,1,1,0,1,1,,,,,,,,,,,,
5998,16,24,24,1,0,1,1,1,1,1,1,1,1,0,1,,,,,,,,,,,,
5999,16,24,24,1,0,1,1,1,1,1,1,1,1,1,0,,,,,,,,,,,,
6000,16,24,24,1,1,0,1,1,1,1,1,1,1,1,1,,,,,,,,,,,,
6001,16,24,24,1,1,0,1,1,1,0,1,1,1,1,1,,,,,,,,,,,,
6002,16,24,24,1,1,0,1,1,1,1,0,1,1,1,1,,,,,,,,,,,,
6003,16,24,24,1,1,0,1,1,1,1,1,0,1,1,1,,,,,,,,,,,,
6004,16,24,24,1,1,0,1,1,1,1,1,1,0,1,1,,,,,,,,,,,,
6005,16,24,24,1,1,0,1,1,1,1,1,1,1,0,1,,,,,,,,,,,,
6006,16,24,24,1,1,0,1,1,1,1,1,1,1,1,0,,,,,,,,,,,,
6007,16,24,24,1,1,1,0,1,1,1,1,1,1,1,1,,,,,,,,,,,,
6008,16,24,24,1,1,1,0,1,1,0,1,1,1,1,1,,,,,,,,,,,,
6009,16,24,24,1,1,1,0,1,1,1,0,1,1,1,1,,,,,,,,,,,,
6010,16,24,24,1,1,1,0,1,1,1,1,0,1,1,1,,,,,,,,,,,,
6011,16,24,24,1,1,1,0,1,1,1,1,1,0,1,1,,,,,,,,,,,,
6012,16,24,24,1,1,1,0,1,1,1,1,1,1,0,1,,,,,,,,,,,,
6013,16,24,24,1,1,1,0,1,1,1,1,1,1,1,0,,,,,,,,,,,,
6014,16,24,24,1,1,1,1,0,1,1,1,1,1,1,1,,,,,,,,,,,,
6015,16,24,24,1,1,1,1,0,1,0,1,1,1,1,1,,,,,,,,,,,,
6016,16,24,24,1,1,1,1,0,1,1,0,1,1,1,1,,,,,,,,,,,,
6017,16,24,24,1,1,1,1,0,1,1,1,0,1,1,1,,,,,,,,,,,,
6018,16,24,24,1,1,1,1,0,1,1,1,1,0,1,1,,,,,,,,,,,,
6019,16,24,24,1,1,1,1,0,1,1,1,1,1,0,1,,,,,,,,,,,,
6020,16,24,24,1,1,1,1,0,1,1,1,1,1,1,0,,,,,,,,,,,,
6021,16,24,24,1,1,1,1,1,0,1,1,1,1,1,1,,,,,,,,,,,,
6022,16,24,24,1,1,1,1,1,0,0,1,1,1,1,1,,,,,,,,,,,,
6023,16,24,24,1,1,1,1,1,0,1,0,1,1,1,1,,,,,,,,,,,,
6024,16,24,24,1,1,1,1,1,0,1,1,0,1,1,1,,,,,,,,,,,,
6025,16,24,24,1,1,1,1,1,0,1,1,1,0,1,1,,,,,,,,,,,,
6026,16,24,24,1,1,1,1,1,0,1,1,1,1,0,1,,,,,,,,,,,,
6027,16,24,24,1,1,1,1,1,0,1,1,1,1,1,0,,,,,,,,,,,,
6028,96,96,24,1,1,1,1,1,1,1,1,1,1,1,1,,,,,,,,,,,,
6029,96,96,24,1,1,1,1,1,1,0,1,1,1,1,1,,,,,,,,,,,,
6030,96,96,24,1,1,1,1,1,1,1,0,1,1,1,1,,,,,,,,,,,,
6031,96,96,24,1,1,1,1,1,1,1,1,0,1,1,1,,,,,,,,,,,,
6032,96,96,24,1,1,1,1,1,1,1,1,1,0,1,1,,,,,,,,,,,,
6033,96,96,24,1,1,1,1,1,1,1,1,1,1,0,1,,,,,,,,,,,,
6034,96,96,24,1,1,1,1,1,1,1,1,1,1,1,0,,,,,,,,,,,,
6035,96,96,24,0,1,1,1,1,1,1,1,1,1,1,1,,,,,,,,,,,,
6036,96,96,24,0,1,1,1,1,1,0,1,1,1,1,1,,,,,,,,,,,,
6037,96,96,24,0,1,1,1,1,1,1,0,1,1,1,1,,,,,,,,,,,,
6038,96,96,24,0,1,1,1,1,1,1,1,0,1,1,1,,,,,,,,,,,,
6039,96,96,24,0,1,1,1,1,1,1,1,1,0,1,1,,,,,,,,,,,,
6040,96,96,24,0,1,1,1,1,1,1,1,1,1,0,1,,,,,,,,,,,,
6041,96,96,24,0,1,1,1,1,1,1,1,1,1,1,0,,,,,,,,,,,,
6042,96,96,24,1,0,1,1,1,1,1,1,1,1,1,1,,,,,,,,,,,,
6043,96,96,24,1,0,1,1,1,1,0,1,1,1,1,1,,,,,,,,,,,,
6044,96,96,24,1,0,1,1,1,1,1,0,1,1,1,1,,,,,,,,,,,,
6045,96,96,24,1,0,1,1,1,1,1,1,0,1,1,1,,,,,,,,,,,,
6046,96,96,24,1,0,1,1,1,1,1,1,1,0,1,1,,,,,,,,,,,,
6047,96,96,24,1,0,1,1,1,1,1,1,1,1,0,1,,,,,,,,,,,,
6048,96,96,24,1,0,1,1,1,1,1,1,1,1,1,0,,,,,,,,,,,,
6049,96,96,24,1,1,0,1,1,1,1,1,1,1,1,1,,,,,,,,,,,,
6050,96,96,24,1,1,0,1,1,1,0,1,1,1,1,1,,,,,,,,,,,,
6051,96,96,24,1,1,0,1,1,1,1,0,1,1,1,1,,,,,,,,,,,,
6052,96,96,24,1,1,0,1,1,1,1,1,0,1,1,1,,,,,,,,,,,,
6053,96,96,24,1,1,0,1,1,1,1,1,1,0,1,1,,,,,,,,,,,,
6054,96,96,24,1,1,0,1,1,1,1,1,1,1,0,1,,,,,,,,,,,,
6055,96,96,24,1,1,0,1,1,1,1,1,1,1,1,0,,,,,,,,,,,,
6056,96,96,24,1,1,1,0,1,1,1,1,1,1,1,1,,,,,,,,,,,,
6057,96,96,24,1,1,1,0,1,1,0,1,1,1,1,1,,,,,,,,,,,,
6058,96,96,24,1,1,1,0,1,1,1,0,1,1,1,1,,,,,,,,,,,,
6059,96,96,24,1,1,1,0,1,1,1,1,0,1,1,1,,,,,,,,,,,,
6060,96,96,24,1,1,1,0,1,1,1,1,1,0,1,1,,,,,,,,,,,,
6061,96,96,24,1,1,1,0,1,1,1,1,1,1,0,1,,,,,,,,,,,,
6062,96,96,24,1,1,1,0,1,1,1,1,1,1,1,0,,,,,,,,,,,,
6063,96,96,24,1,1,1,1,0,1,1,1,1,1,1,1,,,,,,,,,,,,
6064,96,96,24,1,1,1,1,0,1,0,1,1,1,1,1,,,,,,,,,,,,
6065,96,96,24,1,1,1,1,0,1,1,0,1,1,1,1,,,,,,,,,,,,
6066,96,96,24,1,1,1,1,0,1,1,1,0,1,1,1,,,,,,,,,,,,
6067,96,96,24,1,1,1,1,0,1,1,1,1,0,1,1,,,,,,,,,,,,
6068,96,96,24,1,1,1,1,0,1,1,1,1,1,0,1,,,,,,,,,,,,
6069,96,96,24,1,1,1,1,0,1,1,1,1,1,1,0,,,,,,,,,,,,
6070,96,96,24,1,1,1,1,1,0,1,1,1,1,1,1,,,,,,,,,,,,
6071,96,96,24,1,1,1,1,1,0,0,1,1,1,1,1,,,,,,,,,,,,
6072,96,96,24,1,1,1,1,1,0,1,0,1,1,1,1,,,,,,,,,,,,
6073,96,96,24,1,1,1,1,1,0,1,1,0,1,1,1,,,,,,,,,,,,
6074,96,96,24,1,1,1,1,1,0,1,1,1,0,1,1,,,,,,,,,,,,
6075,96,96,24,1,1,1,1,1,0,1,1,1,1,0,1,,,,,,,,,,,,
6076,96,96,24,1,1,1,1,1,0,1,1,1,1,1,0,,,,,,,,,,,,
6077,24,96,48,1,1,1,1,1,1,1,1,1,1,1,1,,,,,,,,,,,,
6078,24,96,48,1,1,1,1,1,1,0,1,1,1,1,1,,,,,,,,,,,,
6079,24,96,48,1,1,1,1,1,1,1,0,1,1,1,1,,,,,,,,,,,,
6080,24,96,48,1,1,1,1,1,1,1,1,0,1,1,1,,,,,,,,,,,,
6081,24,96,48,1,1,1,1,1,1,1,1,1,0,1,1,,,,,,,,,,,,
6082,24,96,48,1,1,1,1,1,1,1,1,1,1,0,1,,,,,,,,,,,,
6083,24,96,48,1,1,1,1,1,1,1,1,1,1,1,0,,,,,,,,,,,,
6084,24,96,48,0,1,1,1,1,1,1,1,1,1,1,1,,,,,,,,,,,,
6085,24,96,48,0,1,1,1,1,1,0,1,1,1,1,1,,,,,,,,,,,,
6086,24,96,48,0,1,1,1,1,1,1,0,1,1,1,1,,,,,,,,,,,,
6087,24,96,48,0,1,1,1,1,1,1,1,0,1,1,1,,,,,,,,,,,,
6088,24,96,48,0,1,1,1,1,1,1,1,1,0,1,1,,,,,,,,,,,,
6089,24,96,48,0,1,1,1,1,1,1,1,1,1,0,1,,,,,,,,,,,,
6090,24,96,48,0,1,1,1,1,1,1,1,1,1,1,0,,,,,,,,,,,,
6091,24,96,48,1,0,1,1,1,1,1,1,1,1,1,1,,,,,,,,,,,,
6092,24,96,48,1,0,1,1,1,1,0,1,1,1,1,1,,,,,,,,,,,,
6093,24,96,48,1,0,1,1,1,1,1,0,1,1,1,1,,,,,,,,,,,,
6094,24,96,48,1,0,1,1,1,1,1,1,0,1,1,1,,,,,,,,,,,,
6095,24,96,48,1,0,1,1,1,1,1,1,1,0,1,1,,,,,,,,,,,,
6096,24,96,48,1,0,1,1,1,1,1,1,1,1,0,1,,,,,,,,,,,,
6097,24,96,48,1,0,1,1,1,1,1,1,1,1,1,0,,,,,,,,,,,,
6098,24,96,48,1,1,0,1,1,1,1,1,1,1,1,1,,,,,,,,,,,,
6099,24,96,48,1,1,0,1,1,1,0,1,1,1,1,1,,,,,,,,,,,,
6100,24,96,48,1,1,0,1,1,1,1,0,1,1,1,1,,,,,,,,,,,,
6101,24,96,48,1,1,0,1,1,1,1,1,0,1,1,1,,,,,,,,,,,,
6102,24,96,48,1,1,0,1,1,1,1,1,1,0,1,1,,,,,,,,,,,,
6103,24,96,48,1,1,0,1,1,1,1,1,1,1,0,1,,,,,,,,,,,,
6104,24,96,48,1,1,0,1,1,1,1,1,1,1,1,0,,,,,,,,,,,,
6105,24,96,48,1,1,1,0,1,1,1,1,1,1,1,1,,,,,,,,,,,,
6106,24,96,48,1,1,1,0,1,1,0,1,1,1,1,1,,,,,,,,,,,,
6107,24,96,48,1,1,1,0,1,1,1,0,1,1,1,1,,,,,,,,,,,,
6108,24,96,48,1,1,1,0,1,1,1,1,0,1,1,1,,,,,,,,,,,,
6109,24,96,48,1,1,1,0,1,1,1,1,1,0,1,1,,,,,,,,,,,,
6110,24,96,48,1,1,1,0,1,1,1,1,1,1,0,1,,,,,,,,,,,,
6111,24,96,48,1,1,1,0,1,1,1,1,1,1,1,0,,,,,,,,,,,,
6112,24,96,48,1,1,1,1,0,1,1,1,1,1,1,1,,,,,,,,,,,,
6113,24,96,48,1,1,1,1,0,1,0,1,1,1,1,1,,,,,,,,,,,,
6114,24,96,48,1,1,1,1,0,1,1,0,1,1,1,1,,,,,,,,,,,,
6115,24,96,48,1,1,1,1,0,1,1,1,0,1,1,1,,,,,,,,,,,,
6116,24,96,48,1,1,1,1,0,1,1,1,1,0,1,1,,,,,,,,,,,,
6117,24,96,48,1,1,1,1,0,1,1,1,1,1,0,1,,,,,,,,,,,,
6118,24,96,48,1,1,1,1,0,1,1,1,1,1,1,0,,,,,,,,,,,,
6119,24,96,48,1,1,1,1,1,0,1,1,1,1,1,1,,,,,,,,,,,,
6120,24,96,48,1,1,1,1,1,0,0,1,1,1,1,1,,,,,,,,,,,,
6121,24,96,48,1,1,1,1,1,0,1,0,1,1,1,1,,,,,,,,,,,,
6122,24,96,48,1,1,1,1,1,0,1,1,0,1,1,1,,,,,,,,,,,,
6123,24,96,48,1,1,1,1,1,0,1,1,1,0,1,1,,,,,,,,,,,,
6124,24,96,48,1,1,1,1,1,0,1,1,1,1,0,1,,,,,,,,,,,,
6125,24,96,48,1,1,1,1,1,0,1,1,1,1,1,0,,,,,,,,,,,,
6126,64,96,48,1,1,1,1,1,1,1,1,1,1,1,1,,,,,,,,,,,,
6127,64,96,48,1,1,1,1,1,1,0,1,1,1,1,1,,,,,,,,,,,,
6128,64,96,48,1,1,1,1,1,1,1,0,1,1,1,1,,,,,,,,,,,,
6129,64,96,48,1,1,1,1,1,1,1,1,0,1,1,1,,,,,,,,,,,,
6130,64,96,48,1,1,1,1,1,1,1,1,1,0,1,1,,,,,,,,,,,,
6131,64,96,48,1,1,1,1,1,1,1,1,1,1,0,1,,,,,,,,,,,,
6132,64,96,48,1,1,1,1,1,1,1,1,1,1,1,0,,,,,,,,,,,,
6133,64,96,48,0,1,1,1,1,1,1,1,1,1,1,1,,,,,,,,,,,,
6134,64,96,48,0,1,1,1,1,1,0,1,1,1,1,1,,,,,,,,,,,,
6135,64,96,48,0,1,1,1,1,1,1,0,1,1,1,1,,,,,,,,,,,,
6136,64,96,48,0,1,1,1,1,1,1,1,0,1,1,1,,,,,,,,,,,,
6137,64,96,48,0,1,1,1,1,1,1,1,1,0,1,1,,,,,,,,,,,,
6138,64,96,48,0,1,1,1,1,1,1,1,1,1,0,1,,,,,,,,,,,,
6139,64,96,48,0,1,1,1,1,1,1,1,1,1,1,0,,,,,,,,,,,,
6140,64,96,48,1,0,1,1,1,1,1,1,1,1,1,1,,,,,,,,,,,,
6141,64,96,48,1,0,1,1,1,1,0,1,1,1,1,1,,,,,,,,,,,,
6142,64,96,48,1,0,1,1,1,1,1,0,1,1,1,1,,,,,,,,,,,,
6143,64,96,48,1,0,1,1,1,1,1,1,0,1,1,1,,,,,,,,,,,,
6144,64,96,48,1,0,1,1,1,1,1,1,1,0,1,1,,,,,,,,,,,,
6145,64,96,48,1,0,1,1,1,1,1,1,1,1,0,1,,,,,,,,,,,,
6146,64,96,48,1,0,1,1,1,1,1,1,1,1,1,0,,,,,,,,,,,,
6147,64,96,48,1,1,0,1,1,1,1,1,1,1,1,1,,,,,,,,,,,,
6148,64,96,48,1,1,0,1,1,1,0,1,1,1,1,1,,,,,,,,,,,,
6149,64,96,48,1,1,0,1,1,1,1,0,1,1,1,1,,,,,,,,,,,,
6150,64,96,48,1,1,0,1,1,1,1,1,0,1,1,1,,,,,,,,,,,,
6151,64,96,48,1,1,0,1,1,1,1,1,1,0,1,1,,,,,,,,,,,,
6152,64,96,48,1,1,0,1,1,1,1,1,1,1,0,1,,,,,,,,,,,,
6153,64,96,48,1,1,0,1,1,1,1,1,1,1,1,0,,,,,,,,,,,,
6154,64,96,48,1,1,1,0,1,1,1,1,1,1,1,1,,,,,,,,,,,,
6155,64,96,48,1,1,1,0,1,1,0,1,1,1,1,1,,,,,,,,,,,,
6156,64,96,48,1,1,1,0,1,1,1,0,1,1,1,1,,,,,,,,,,,,
6157,64,96,48,1,1,1,0,1,1,1,1,0,1,1,1,,,,,,,,,,,,
6158,64,96,48,1,1,1,0,1,1,1,1,1,0,1,1,,,,,,,,,,,,
6159,64,96,48,1,1,1,0,1,1,1,1,1,1,0,1,,,,,,,,,,,,
6160,64,96,48,1,1,1,0,1,1,1,1,1,1,1,0,,,,,,,,,,,,
6161,64,96,48,1,1,1,1,0,1,1,1,1,1,1,1,,,,,,,,,,,,
6162,64,96,48,1,1,1,1,0,1,0,1,1,1,1,1,,,,,,,,,,,,
6163,64,96,48,1,1,1,1,0,1,1,0,1,1,1,1,,,,,,,,,,,,
6164,64,96,48,1,1,1,1,0,1,1,1,0,1,1,1,,,,,,,,,,,,
6165,64,96,48,1,1,1,1,0,1,1,1,1,0,1,1,,,,,,,,,,,,
6166,64,96,48,1,1,1,1,0,1,1,1,1,1,0,1,,,,,,,,,,,,
6167,64,96,48,1,1,1,1,0,1,1,1,1,1,1,0,,,,,,,,,,,,
6168,64,96,48,1,1,1,1,1,0,1,1,1,1,1,1,,,,,,,,,,,,
6169,64,96,48,1,1,1,1,1,0,0,1,1,1,1,1,,,,,,,,,,,,
6170,64,96,48,1,1,1,1,1,0,1,0,1,1,1,1,,,,,,,,,,,,
6171,64,96,48,1,1,1,1,1,0,1,1,0,1,1,1,,,,,,,,,,,,
6172,64,96,48,1,1,1,1,1,0,1,1,1,0,1,1,,,,,,,,,,,,
6173,64,96,48,1,1,1,1,1,0,1,1,1,1,0,1,,,,,,,,,,,,
6174,64,96,48,1,1,1,1,1,0,1,1,1,1,1,0,,,,,,,,,,,,
6175,64,24,24,1,1,1,1,1,1,1,1,1,1,1,1,,,,,,,,,,,,
6176,64,24,24,1,1,1,1,1,1,0,1,1,1,1,1,,,,,,,,,,,,
6177,64,24,24,1,1,1,1,1,1,1,0,1,1,1,1,,,,,,,,,,,,
6178,64,24,24,1,1,1,1,1,1,1,1,0,1,1,1,,,,,,,,,,,,
6179,64,24,24,1,1,1,1,1,1,1,1,1,0,1,1,,,,,,,,,,,,
6180,64,24,24,1,1,1,1,1,1,1,1,1,1,0,1,,,,,,,,,,,,
6181,64,24,24,1,1,1,1,1,1,1,1,1,1,1,0,,,,,,,,,,,,
6182,64,24,24,0,1,1,1,1,1,1,1,1,1,1,1,,,,,,,,,,,,
6183,64,24,24,0,1,1,1,1,1,0,1,1,1,1,1,,,,,,,,,,,,
6184,64,24,24,0,1,1,1,1,1,1,0,1,1,1,1,,,,,,,,,,,,
6185,64,24,24,0,1,1,1,1,1,1,1,0,1,1,1,,,,,,,,,,,,
6186,64,24,24,0,1,1,1,1,1,1,1,1,0,1,1,,,,,,,,,,,,
6187,64,24,24,0,1,1,1,1,1,1,1,1,1,0,1,,,,,,,,,,,,
6188,64,24,24,0,1,1,1,1,1,1,1,1,1,1,0,,,,,,,,,,,,
6189,64,24,24,1,0,1,1,1,1,1,1,1,1,1,1,,,,,,,,,,,,
6190,64,24,24,1,0,1,1,1,1,0,1,1,1,1,1,,,,,,,,,,,,
6191,64,24,24,1,0,1,1,1,1,1,0,1,1,1,1,,,,,,,,,,,,
6192,64,24,24,1,0,1,1,1,1,1,1,0,1,1,1,,,,,,,,,,,,
6193,64,24,24,1,0,1,1,1,1,1,1,1,0,1,1,,,,,,,,,,,,
6194,64,24,24,1,0,1,1,1,1,1,1,1,1,0,1,,,,,,,,,,,,
6195,64,24,24,1,0,1,1,1,1,1,1,1,1,1,0,,,,,,,,,,,,
6196,64,24,24,1,1,0,1,1,1,1,1,1,1,1,1,,,,,,,,,,,,
6197,64,24,24,1,1,0,1,1,1,0,1,1,1,1,1,,,,,,,,,,,,
6198,64,24,24,1,1,0,1,1,1,1,0,1,1,1,1,,,,,,,,,,,,
6199,64,24,24,1,1,0,1,1,1,1,1,0,1,1,1,,,,,,,,,,,,
6200,64,24,24,1,1,0,1,1,1,1,1,1,0,1,1,,,,,,,,,,,,
6201,64,24,24,1,1,0,1,1,1,1,1,1,1,0,1,,,,,,,,,,,,
6202,64,24,24,1,1,0,1,1,1,1,1,1,1,1,0,,,,,,,,,,,,
6203,64,24,24,1,1,1,0,1,1,1,1,1,1,1,1,,,,,,,,,,,,
6204,64,24,24,1,1,1,0,1,1,0,1,1,1,1,1,,,,,,,,,,,,
6205,64,24,24,1,1,1,0,1,1,1,0,1,1,1,1,,,,,,,,,,,,
6206,64,24,24,1,1,1,0,1,1,1,1,0,1,1,1,,,,,,,,,,,,
6207,64,24,24,1,1,1,0,1,1,1,1,1,0,1,1,,,,,,,,,,,,
6208,64,24,24,1,1,1,0,1,1,1,1,1,1,0,1,,,,,,,,,,,,
6209,64,24,24,1,1,1,0,1,1,1,1,1,1,1,0,,,,,,,,,,,,
6210,64,24,24,1,1,1,1,0,1,1,1,1,1,1,1,,,,,,,,,,,,
6211,64,24,24,1,1,1,1,0,1,0,1,1,1,1,1,,,,,,,,,,,,
6212,64,24,24,1,1,1,1,0,1,1,0,1,1,1,1,,,,,,,,,,,,
6213,64,24,24,1,1,1,1,0,1,1,1,0,1,1,1,,,,,,,,,,,,
6214,64,24,24,1,1,1,1,0,1,1,1,1,0,1,1,,,,,,,,,,,,
6215,64,24,24,1,1,1,1,0,1,1,1,1,1,0,1,,,,,,,,,,,,
6216,64,24,24,1,1,1,1,0,1,1,1,1,1,1,0,,,,,,,,,,,,
6217,64,24,24,1,1,1,1,1,0,1,1,1,1,1,1,,,,,,,,,,,,
6218,64,24,24,1,1,1,1,1,0,0,1,1,1,1,1,,,,,,,,,,,,
6219,64,24,24,1,1,1,1,1,0,1,0,1,1,1,1,,,,,,,,,,,,
6220,64,24,24,1,1,1,1,1,0,1,1,0,1,1,1,,,,,,,,,,,,
6221,64,24,24,1,1,1,1,1,0,1,1,1,0,1,1,,,,,,,,,,,,
6222,64,24,24,1,1,1,1,1,0,1,1,1,1,0,1,,,,,,,,,,,,
6223,64,24,24,1,1,1,1,1,0,1,1,1,1,1,0,,,,,,,,,,,,
6224,96,64,96,1,1,1,1,1,1,1,1,1,1,1,1,,,,,,,,,,,,
6225,96,64,96,1,1,1,1,1,1,0,1,1,1,1,1,,,,,,,,,,,,
6226,96,64,96,1,1,1,1,1,1,1,0,1,1,1,1,,,,,,,,,,,,
6227,96,64,96,1,1,1,1,1,1,1,1,0,1,1,1,,,,,,,,,,,,
6228,96,64,96,1,1,1,1,1,1,1,1,1,0,1,1,,,,,,,,,,,,
6229,96,64,96,1,1,1,1,1,1,1,1,1,1,0,1,,,,,,,,,,,,
6230,96,64,96,1,1,1,1,1,1,1,1,1,1,1,0,,,,,,,,,,,,
6231,96,64,96,0,1,1,1,1,1,1,1,1,1,1,1,,,,,,,,,,,,
6232,96,64,96,0,1,1,1,1,1,0,1,1,1,1,1,,,,,,,,,,,,
6233,96,64,96,0,1,1,1,1,1,1,0,1,1,1,1,,,,,,,,,,,,
6234,96,64,96,0,1,1,1,1,1,1,1,0,1,1,1,,,,,,,,,,,,
6235,96,64,96,0,1,1,1,1,1,1,1,1,0,1,1,,,,,,,,,,,,
6236,96,64,96,0,1,1,1,1,1,1,1,1,1,0,1,,,,,,,,,,,,
6237,96,64,96,0,1,1,1,1,1,1,1,1,1,1,0,,,,,,,,,,,,
6238,96,64,96,1,0,1,1,1,1,1,1,1,1,1,1,,,,,,,,,,,,
6239,96,64,96,1,0,1,1,1,1,0,1,1,1,1,1,,,,,,,,,,,,
6240,96,64,96,1,0,1,1,1,1,1,0,1,1,1,1,,,,,,,,,,,,
6241,96,64,96,1,0,1,1,1,1,1,1,0,1,1,1,,,,,,,,,,,,
6242,96,64,96,1,0,1,1,1,1,1,1,1,0,1,1,,,,,,,,,,,,
6243,96,64,96,1,0,1,1,1,1,1,1,1,1,0,1,,,,,,,,,,,,
6244,96,64,96,1,0,1,1,1,1,1,1,1,1,1,0,,,,,,,,,,,,
6245,96,64,96,1,1,0,1,1,1,1,1,1,1,1,1,,,,,,,,,,,,
6246,96,64,96,1,1,0,1,1,1,0,1,1,1,1,1,,,,,,,,,,,,
6247,96,64,96,1,1,0,1,1,1,1,0,1,1,1,1,,,,,,,,,,,,
6248,96,64,96,1,1,0,1,1,1,1,1,0,1,1,1,,,,,,,,,,,,
6249,96,64,96,1,1,0,1,1,1,1,1,1,0,1,1,,,,,,,,,,,,
6250,96,64,96,1,1,0,1,1,1,1,1,1,1,0,1,,,,,,,,,,,,
6251,96,64,96,1,1,0,1,1,1,1,1,1,1,1,0,,,,,,,,,,,,
6252,96,64,96,1,1,1,0,1,1,1,1,1,1,1,1,,,,,,,,,,,,
6253,96,64,96,1,1,1,0,1,1,0,1,1,1,1,1,,,,,,,,,,,,
6254,96,64,96,1,1,1,0,1,1,1,0,1,1,1,1,,,,,,,,,,,,
6255,96,64,96,1,1,1,0,1,1,1,1,0,1,1,1,,,,,,,,,,,,
6256,96,64,96,1,1,1,0,1,1,1,1,1,0,1,1,,,,,,,,,,,,
6257,96,64,96,1,1,1,0,1,1,1,1,1,1,0,1,,,,,,,,,,,,
6258,96,64,96,1,1,1,0,1,1,1,1,1,1,1,0,,,,,,,,,,,,
6259,96,64,96,1,1,1,1,0,1,1,1,1,1,1,1,,,,,,,,,,,,
6260,96,64,96,1,1,1,1,0,1,0,1,1,1,1,1,,,,,,,,,,,,
6261,96,64,96,1,1,1,1,0,1,1,0,1,1,1,1,,,,,,,,,,,,
6262,96,64,96,1,1,1,1,0,1,1,1,0,1,1,1,,,,,,,,,,,,
6263,96,64,96,1,1,1,1,0,1,1,1,1,0,1,1,,,,,,,,,,,,
6264,96,64,96,1,1,1,1,0,1,1,1,1,1,0,1,,,,,,,,,,,,
6265,96,64,96,1,1,1,1,0,1,1,1,1,1,1,0,,,,,,,,,,,,
6266,96,64,96,1,1,1,1,1,0,1,1,1,1,1,1,,,,,,,,,,,,
6267,96,64,96,1,1,1,1,1,0,0,1,1,1,1,1,,,,,,,,,,,,
6268,96,64,96,1,1,1,1,1,0,1,0,1,1,1,1,,,,,,,,,,,,
6269,96,64,96,1,1,1,1,1,0,1,1,0,1,1,1,,,,,,,,,,,,
6270,96,64,96,1,1,1,1,1,0,1,1,1,0,1,1,,,,,,,,,,,,
6271,96,64,96,1,1,1,1,1,0,1,1,1,1,0,1,,,,,,,,,,,,
6272,96,64,96,1,1,1,1,1,0,1,1,1,1,1,0,,,,,,,,,,,,
6273,24,64,64,1,1,1,1,1,1,1,1,1,1,1,1,,,,,,,,,,,,
6274,24,64,64,1,1,1,1,1,1,0,1,1,1,1,1,,,,,,,,,,,,
6275,24,64,64,1,1,1,1,1,1,1,0,1,1,1,1,,,,,,,,,,,,
6276,24,64,64,1,1,1,1,1,1,1,1,0,1,1,1,,,,,,,,,,,,
6277,24,64,64,1,1,1,1,1,1,1,1,1,0,1,1,,,,,,,,,,,,
6278,24,64,64,1,1,1,1,1,1,1,1,1,1,0,1,,,,,,,,,,,,
6279,24,64,64,1,1,1,1,1,1,1,1,1,1,1,0,,,,,,,,,,,,
6280,24,64,64,0,1,1,1,1,1,1,1,1,1,1,1,,,,,,,,,,,,
6281,24,64,64,0,1,1,1,1,1,0,1,1,1,1,1,,,,,,,,,,,,
6282,24,64,64,0,1,1,1,1,1,1,0,1,1,1,1,,,,,,,,,,,,
6283,24,64,64,0,1,1,1,1,1,1,1,0,1,1,1,,,,,,,,,,,,
6284,24,64,64,0,1,1,1,1,1,1,1,1,0,1,1,,,,,,,,,,,,
6285,24,64,64,0,1,1,1,1,1,1,1,1,1,0,1,,,,,,,,,,,,
6286,24,64,64,0,1,1,1,1,1,1,1,1,1,1,0,,,,,,,,,,,,
6287,24,64,64,1,0,1,1,1,1,1,1,1,1,1,1,,,,,,,,,,,,
6288,24,64,64,1,0,1,1,1,1,0,1,1,1,1,1,,,,,,,,,,,,
6289,24,64,64,1,0,1,1,1,1,1,0,1,1,1,1,,,,,,,,,,,,
6290,24,64,64,1,0,1,1,1,1,1,1,0,1,1,1,,,,,,,,,,,,
6291,24,64,64,1,0,1,1,1,1,1,1,1,0,1,1,,,,,,,,,,,,
6292,24,64,64,1,0,1,1,1,1,1,1,1,1,0,1,,,,,,,,,,,,
6293,24,64,64,1,0,1,1,1,1,1,1,1,1,1,0,,,,,,,,,,,,
6294,24,64,64,1,1,0,1,1,1,1,1,1,1,1,1,,,,,,,,,,,,
6295,24,64,64,1,1,0,1,1,1,0,1,1,1,1,1,,,,,,,,,,,,
6296,24,64,64,1,1,0,1,1,1,1,0,1,1,1,1,,,,,,,,,,,,
6297,24,64,64,1,1,0,1,1,1,1,1,0,1,1,1,,,,,,,,,,,,
6298,24,64,64,1,1,0,1,1,1,1,1,1,0,1,1,,,,,,,,,,,,
6299,24,64,64,1,1,0,1,1,1,1,1,1,1,0,1,,,,,,,,,,,,
6300,24,64,64,1,1,0,1,1,1,1,1,1,1,1,0,,,,,,,,,,,,
6301,24,64,64,1,1,1,0,1,1,1,1,1,1,1,1,,,,,,,,,,,,
6302,24,64,64,1,1,1,0,1,1,0,1,1,1,1,1,,,,,,,,,,,,
6303,24,64,64,1,1,1,0,1,1,1,0,1,1,1,1,,,,,,,,,,,,
6304,24,64,64,1,1,1,0,1,1,1,1,0,1,1,1,,,,,,,,,,,,
6305,24,64,64,1,1,1,0,1,1,1,1,1,0,1,1,,,,,,,,,,,,
6306,24,64,64,1,1,1,0,1,1,1,1,1,1,0,1,,,,,,,,,,,,
6307,24,64,64,1,1,1,0,1,1,1,1,1,1,1,0,,,,,,,,,,,,
6308,24,64,64,1,1,1,1,0,1,1,1,1,1,1,1,,,,,,,,,,,,
6309,24,64,64,1,1,1,1,0,1,0,1,1,1,1,1,,,,,,,,,,,,
6310,24,64,64,1,1,1,1,0,1,1,0,1,1,1,1,,,,,,,,,,,,
6311,24,64,64,1,1,1,1,0,1,1,1,0,1,1,1,,,,,,,,,,,,
6312,24,64,64,1,1,1,1,0,1,1,1,1,0,1,1,,,,,,,,,,,,
6313,24,64,64,1,1,1,1,0,1,1,1,1,1,0,1,,,,,,,,,,,,
6314,24,64,64,1,1,1,1,0,1,1,1,1,1,1,0,,,,,,,,,,,,
6315,24,64,64,1,1,1,1,1,0,1,1,1,1,1,1,,,,,,,,,,,,
6316,24,64,64,1,1,1,1,1,0,0,1,1,1,1,1,,,,,,,,,,,,
6317,24,64,64,1,1,1,1,1,0,1,0,1,1,1,1,,,,,,,,,,,,
6318,24,64,64,1,1,1,1,1,0,1,1,0,1,1,1,,,,,,,,,,,,
6319,24,64,64,1,1,1,1,1,0,1,1,1,0,1,1,,,,,,,,,,,,
6320,24,64,64,1,1,1,1,1,0,1,1,1,1,0,1,,,,,,,,,,,,
6321,24,64,64,1,1,1,1,1,0,1,1,1,1,1,0,,,,,,,,,,,,
6322,24,16,16,1,1,1,1,1,1,1,1,1,1,1,1,,,,,,,,,,,,
6323,24,16,16,1,1,1,1,1,1,0,1,1,1,1,1,,,,,,,,,,,,
6324,24,16,16,1,1,1,1,1,1,1,0,1,1,1,1,,,,,,,,,,,,
6325,24,16,16,1,1,1,1,1,1,1,1,0,1,1,1,,,,,,,,,,,,
6326,24,16,16,1,1,1,1,1,1,1,1,1,0,1,1,,,,,,,,,,,,
6327,24,16,16,1,1,1,1,1,1,1,1,1,1,0,1,,,,,,,,,,,,
6328,24,16,16,1,1,1,1,1,1,1,1,1,1,1,0,,,,,,,,,,,,
6329,24,16,16,0,1,1,1,1,1,1,1,1,1,1,1,,,,,,,,,,,,
6330,24,16,16,0,1,1,1,1,1,0,1,1,1,1,1,,,,,,,,,,,,
6331,24,16,16,0,1,1,1,1,1,1,0,1,1,1,1,,,,,,,,,,,,
6332,24,16,16,0,1,1,1,1,1,1,1,0,1,1,1,,,,,,,,,,,,
6333,24,16,16,0,1,1,1,1,1,1,1,1,0,1,1,,,,,,,,,,,,
6334,24,16,16,0,1,1,1,1,1,1,1,1,1,0,1,,,,,,,,,,,,
6335,24,16,16,0,1,1,1,1,1,1,1,1,1,1,0,,,,,,,,,,,,
6336,24,16,16,1,0,1,1,1,1,1,1,1,1,1,1,,,,,,,,,,,,
6337,24,16,16,1,0,1,1,1,1,0,1,1,1,1,1,,,,,,,,,,,,
6338,24,16,16,1,0,1,1,1,1,1,0,1,1,1,1,,,,,,,,,,,,
6339,24,16,16,1,0,1,1,1,1,1,1,0,1,1,1,,,,,,,,,,,,
6340,24,16,16,1,0,1,1,1,1,1,1,1,0,1,1,,,,,,,,,,,,
6341,24,16,16,1,0,1,1,1,1,1,1,1,1,0,1,,,,,,,,,,,,
6342,24,16,16,1,0,1,1,1,1,1,1,1,1,1,0,,,,,,,,,,,,
6343,24,16,16,1,1,0,1,1,1,1,1,1,1,1,1,,,,,,,,,,,,
6344,24,16,16,1,1,0,1,1,1,0,1,1,1,1,1,,,,,,,,,,,,
6345,24,16,16,1,1,0,1,1,1,1,0,1,1,1,1,,,,,,,,,,,,
6346,24,16,16,1,1,0,1,1,1,1,1,0,1,1,1,,,,,,,,,,,,
6347,24,16,16,1,1,0,1,1,1,1,1,1,0,1,1,,,,,,,,,,,,
6348,24,16,16,1,1,0,1,1,1,1,1,1,1,0,1,,,,,,,,,,,,
6349,24,16,16,1,1,0,1,1,1,1,1,1,1,1,0,,,,,,,,,,,,
6350,24,16,16,1,1,1,0,1,1,1,1,1,1,1,1,,,,,,,,,,,,
6351,24,16,16,1,1,1,0,1,1,0,1,1,1,1,1,,,,,,,,,,,,
6352,24,16,16,1,1,1,0,1,1,1,0,1,1,1,1,,,,,,,,,,,,
6353,24,16,16,1,1,1,0,1,1,1,1,0,1,1,1,,,,,,,,,,,,
6354,24,16,16,1,1,1,0,1,1,1,1,1,0,1,1,,,,,,,,,,,,
6355,24,16,16,1,1,1,0,1,1,1,1,1,1,0,1,,,,,,,,,,,,
6356,24,16,16,1,1,1,0,1,1,1,1,1,1,1,0,,,,,,,,,,,,
6357,24,16,16,1,1,1,1,0,1,1,1,1,1,1,1,,,,,,,,,,,,
6358,24,16,16,1,1,1,1,0,1,0,1,1,1,1,1,,,,,,,,,,,,
6359,24,16,16,1,1,1,1,0,1,1,0,1,1,1,1,,,,,,,,,,,,
6360,24,16,16,1,1,1,1,0,1,1,1,0,1,1,1,,,,,,,,,,,,
6361,24,16,16,1,1,1,1,0,1,1,1,1,0,1,1,,,,,,,,,,,,
6362,24,16,16,1,1,1,1,0,1,1,1,1,1,0,1,,,,,,,,,,,,
6363,24,16,16,1,1,1,1,0,1,1,1,1,1,1,0,,,,,,,,,,,,
6364,24,16,16,1,1,1,1,1,0,1,1,1,1,1,1,,,,,,,,,,,,
6365,24,16,16,1,1,1,1,1,0,0,1,1,1,1,1,,,,,,,,,,,,
6366,24,16,16,1,1,1,1,1,0,1,0,1,1,1,1,,,,,,,,,,,,
6367,24,16,16,1,1,1,1,1,0,1,1,0,1,1,1,,,,,,,,,,,,
6368,24,16,16,1,1,1,1,1,0,1,1,1,0,1,1,,,,,,,,,,,,
6369,24,16,16,1,1,1,1,1,0,1,1,1,1,0,1,,,,,,,,,,,,
6370,24,16,16,1,1,1,1,1,0,1,1,1,1,1,0,,,,,,,,,,,,
6371,24,48,48,1,1,1,1,1,1,1,1,1,1,1,1,,,,,,,,,,,,
6372,24,48,48,1,1,1,1,1,1,0,1,1,1,1,1,,,,,,,,,,,,
6373,24,48,48,1,1,1,1,1,1,1,0,1,1,1,1,,,,,,,,,,,,
6374,24,48,48,1,1,1,1,1,1,1,1,0,1,1,1,,,,,,,,,,,,
6375,24,48,48,1,1,1,1,1,1,1,1,1,0,1,1,,,,,,,,,,,,
6376,24,48,48,1,1,1,1,1,1,1,1,1,1,0,1,,,,,,,,,,,,
6377,24,48,48,1,1,1,1,1,1,1,1,1,1,1,0,,,,,,,,,,,,
6378,24,48,48,0,1,1,1,1,1,1,1,1,1,1,1,,,,,,,,,,,,
6379,24,48,48,0,1,1,1,1,1,0,1,1,1,1,1,,,,,,,,,,,,
6380,24,48,48,0,1,1,1,1,1,1,0,1,1,1,1,,,,,,,,,,,,
6381,24,48,48,0,1,1,1,1,1,1,1,0,1,1,1,,,,,,,,,,,,
6382,24,48,48,0,1,1,1,1,1,1,1,1,0,1,1,,,,,,,,,,,,
6383,24,48,48,0,1,1,1,1,1,1,1,1,1,0,1,,,,,,,,,,,,
6384,24,48,48,0,1,1,1,1,1,1,1,1,1,1,0,,,,,,,,,,,,
6385,24,48,48,1,0,1,1,1,1,1,1,1,1,1,1,,,,,,,,,,,,
6386,24,48,48,1,0,1,1,1,1,0,1,1,1,1,1,,,,,,,,,,,,
6387,24,48,48,1,0,1,1,1,1,1,0,1,1,1,1,,,,,,,,,,,,
6388,24,48,48,1,0,1,1,1,1,1,1,0,1,1,1,,,,,,,,,,,,
6389,24,48,48,1,0,1,1,1,1,1,1,1,0,1,1,,,,,,,,,,,,
6390,24,48,48,1,0,1,1,1,1,1,1,1,1,0,1,,,,,,,,,,,,
6391,24,48,48,1,0,1,1,1,1,1,1,1,1,1,0,,,,,,,,,,,,
6392,24,48,48,1,1,0,1,1,1,1,1,1,1,1,1,,,,,,,,,,,,
6393,24,48,48,1,1,0,1,1,1,0,1,1,1,1,1,,,,,,,,,,,,
6394,24,48,48,1,1,0,1,1,1,1,0,1,1,1,1,,,,,,,,,,,,
6395,24,48,48,1,1,0,1,1,1,1,1,0,1,1,1,,,,,,,,,,,,
6396,24,48,48,1,1,0,1,1,1,1,1,1,0,1,1,,,,,,,,,,,,
6397,24,48,48,1,1,0,1,1,1,1,1,1,1,0,1,,,,,,,,,,,,
6398,24,48,48,1,1,0,1,1,1,1,1,1,1,1,0,,,,,,,,,,,,
6399,24,48,48,1,1,1,0,1,1,1,1,1,1,1,1,,,,,,,,,,,,
6400,24,48,48,1,1,1,0,1,1,0,1,1,1,1,1,,,,,,,,,,,,
6401,24,48,48,1,1,1,0,1,1,1,0,1,1,1,1,,,,,,,,,,,,
6402,24,48,48,1,1,1,0,1,1,1,1,0,1,1,1,,,,,,,,,,,,
6403,24,48,48,1,1,1,0,1,1,1,1,1,0,1,1,,,,,,,,,,,,
6404,24,48,48,1,1,1,0,1,1,1,1,1,1,0,1,,,,,,,,,,,,
6405,24,48,48,1,1,1,0,1,1,1,1,1,1,1,0,,,,,,,,,,,,
6406,24,48,48,1,1,1,1,0,1,1,1,1,1,1,1,,,,,,,,,,,,
6407,24,48,48,1,1,1,1,0,1,0,1,1,1,1,1,,,,,,,,,,,,
6408,24,48,48,1,1,1,1,0,1,1,0,1,1,1,1,,,,,,,,,,,,
6409,24,48,48,1,1,1,1,0,1,1,1,0,1,1,1,,,,,,,,,,,,
6410,24,48,48,1,1,1,1,0,1,1,1,1,0,1,1,,,,,,,,,,,,
6411,24,48,48,1,1,1,1,0,1,1,1,1,1,0,1,,,,,,,,,,,,
6412,24,48,48,1,1,1,1,0,1,1,1,1,1,1,0,,,,,,,,,,,,
6413,24,48,48,1,1,1,1,1,0,1,1,1,1,1,1,,,,,,,,,,,,
6414,24,48,48,1,1,1,1,1,0,0,1,1,1,1,1,,,,,,,,,,,,
6415,24,48,48,1,1,1,1,1,0,1,0,1,1,1,1,,,,,,,,,,,,
6416,24,48,48,1,1,1,1,1,0,1,1,0,1,1,1,,,,,,,,,,,,
6417,24,48,48,1,1,1,1,1,0,1,1,1,0,1,1,,,,,,,,,,,,
6418,24,48,48,1,1,1,1,1,0,1,1,1,1,0,1,,,,,,,,,,,,
6419,24,48,48,1,1,1,1,1,0,1,1,1,1,1,0,,,,,,,,,,,,
6420,24,64,16,1,1,1,1,1,1,1,1,1,1,1,1,,,,,,,,,,,,
6421,24,64,16,1,1,1,1,1,1,0,1,1,1,1,1,,,,,,,,,,,,
6422,24,64,16,1,1,1,1,1,1,1,0,1,1,1,1,,,,,,,,,,,,
6423,24,64,16,1,1,1,1,1,1,1,1,0,1,1,1,,,,,,,,,,,,
6424,24,64,16,1,1,1,1,1,1,1,1,1,0,1,1,,,,,,,,,,,,
6425,24,64,16,1,1,1,1,1,1,1,1,1,1,0,1,,,,,,,,,,,,
6426,24,64,16,1,1,1,1,1,1,1,1,1,1,1,0,,,,,,,,,,,,
6427,24,64,16,0,1,1,1,1,1,1,1,1,1,1,1,,,,,,,,,,,,
6428,24,64,16,0,1,1,1,1,1,0,1,1,1,1,1,,,,,,,,,,,,
6429,24,64,16,0,1,1,1,1,1,1,0,1,1,1,1,,,,,,,,,,,,
6430,24,64,16,0,1,1,1,1,1,1,1,0,1,1,1,,,,,,,,,,,,
6431,24,64,16,0,1,1,1,1,1,1,1,1,0,1,1,,,,,,,,,,,,
6432,24,64,16,0,1,1,1,1,1,1,1,1,1,0,1,,,,,,,,,,,,
6433,24,64,16,0,1,1,1,1,1,1,1,1,1,1,0,,,,,,,,,,,,
6434,24,64,16,1,0,1,1,1,1,1,1,1,1,1,1,,,,,,,,,,,,
6435,24,64,16,1,0,1,1,1,1,0,1,1,1,1,1,,,,,,,,,,,,
6436,24,64,16,1,0,1,1,1,1,1,0,1,1,1,1,,,,,,,,,,,,
6437,24,64,16,1,0,1,1,1,1,1,1,0,1,1,1,,,,,,,,,,,,
6438,24,64,16,1,0,1,1,1,1,1,1,1,0,1,1,,,,,,,,,,,,
6439,24,64,16,1,0,1,1,1,1,1,1,1,1,0,1,,,,,,,,,,,,
6440,24,64,16,1,0,1,1,1,1,1,1,1,1,1,0,,,,,,,,,,,,
6441,24,64,16,1,1,0,1,1,1,1,1,1,1,1,1,,,,,,,,,,,,
6442,24,64,16,1,1,0,1,1,1,0,1,1,1,1,1,,,,,,,,,,,,
6443,24,64,16,1,1,0,1,1,1,1,0,1,1,1,1,,,,,,,,,,,,
6444,24,64,16,1,1,0,1,1,1,1,1,0,1,1,1,,,,,,,,,,,,
6445,24,64,16,1,1,0,1,1,1,1,1,1,0,1,1,,,,,,,,,,,,
6446,24,64,16,1,1,0,1,1,1,1,1,1,1,0,1,,,,,,,,,,,,
6447,24,64,16,1,1,0,1,1,1,1,1,1,1,1,0,,,,,,,,,,,,
6448,24,64,16,1,1,1,0,1,1,1,1,1,1,1,1,,,,,,,,,,,,
6449,24,64,16,1,1,1,0,1,1,0,1,1,1,1,1,,,,,,,,,,,,
6450,24,64,16,1,1,1,0,1,1,1,0,1,1,1,1,,,,,,,,,,,,
6451,24,64,16,1,1,1,0,1,1,1,1,0,1,1,1,,,,,,,,,,,,
6452,24,64,16,1,1,1,0,1,1,1,1,1,0,1,1,,,,,,,,,,,,
6453,24,64,16,1,1,1,0,1,1,1,1,1,1,0,1,,,,,,,,,,,,
6454,24,64,16,1,1,1,0,1,1,1,1,1,1,1,0,,,,,,,,,,,,
6455,24,64,16,1,1,1,1,0,1,1,1,1,1,1,1,,,,,,,,,,,,
6456,24,64,16,1,1,1,1,0,1,0,1,1,1,1,1,,,,,,,,,,,,
6457,24,64,16,1,1,1,1,0,1,1,0,1,1,1,1,,,,,,,,,,,,
6458,24,64,16,1,1,1,1,0,1,1,1,0,1,1,1,,,,,,,,,,,,
6459,24,64,16,1,1,1,1,0,1,1,1,1,0,1,1,,,,,,,,,,,,
6460,24,64,16,1,1,1,1,0,1,1,1,1,1,0,1,,,,,,,,,,,,
6461,24,64,16,1,1,1,1,0,1,1,1,1,1,1,0,,,,,,,,,,,,
6462,24,64,16,1,1,1,1,1,0,1,1,1,1,1,1,,,,,,,,,,,,
6463,24,64,16,1,1,1,1,1,0,0,1,1,1,1,1,,,,,,,,,,,,
6464,24,64,16,1,1,1,1,1,0,1,0,1,1,1,1,,,,,,,,,,,,
6465,24,64,16,1,1,1,1,1,0,1,1,0,1,1,1,,,,,,,,,,,,
6466,24,64,16,1,1,1,1,1,0,1,1,1,0,1,1,,,,,,,,,,,,
6467,24,64,16,1,1,1,1,1,0,1,1,1,1,0,1,,,,,,,,,,,,
6468,24,64,16,1,1,1,1,1,0,1,1,1,1,1,0,,,,,,,,,,,,
6469,16,16,64,1,1,1,1,1,1,1,1,1,1,1,1,,,,,,,,,,,,
6470,16,16,64,1,1,1,1,1,1,0,1,1,1,1,1,,,,,,,,,,,,
6471,16,16,64,1,1,1,1,1,1,1,0,1,1,1,1,,,,,,,,,,,,
6472,16,16,64,1,1,1,1,1,1,1,1,0,1,1,1,,,,,,,,,,,,
6473,16,16,64,1,1,1,1,1,1,1,1,1,0,1,1,,,,,,,,,,,,
6474,16,16,64,1,1,1,1,1,1,1,1,1,1,0,1,,,,,,,,,,,,
6475,16,16,64,1,1,1,1,1,1,1,1,1,1,1,0,,,,,,,,,,,,
6476,16,16,64,0,1,1,1,1,1,1,1,1,1,1,1,,,,,,,,,,,,
6477,16,16,64,0,1,1,1,1,1,0,1,1,1,1,1,,,,,,,,,,,,
6478,16,16,64,0,1,1,1,1,1,1,0,1,1,1,1,,,,,,,,,,,,
6479,16,16,64,0,1,1,1,1,1,1,1,0,1,1,1,,,,,,,,,,,,
6480,16,16,64,0,1,1,1,1,1,1,1,1,0,1,1,,,,,,,,,,,,
6481,16,16,64,0,1,1,1,1,1,1,1,1,1,0,1,,,,,,,,,,,,
6482,16,16,64,0,1,1,1,1,1,1,1,1,1,1,0,,,,,,,,,,,,
6483,16,16,64,1,0,1,1,1,1,1,1,1,1,1,1,,,,,,,,,,,,
6484,16,16,64,1,0,1,1,1,1,0,1,1,1,1,1,,,,,,,,,,,,
6485,16,16,64,1,0,1,1,1,1,1,0,1,1,1,1,,,,,,,,,,,,
6486,16,16,64,1,0,1,1,1,1,1,1,0,1,1,1,,,,,,,,,,,,
6487,16,16,64,1,0,1,1,1,1,1,1,1,0,1,1,,,,,,,,,,,,
6488,16,16,64,1,0,1,1,1,1,1,1,1,1,0,1,,,,,,,,,,,,
6489,16,16,64,1,0,1,1,1,1,1,1,1,1,1,0,,,,,,,,,,,,
6490,16,16,64,1,1,0,1,1,1,1,1,1,1,1,1,,,,,,,,,,,,
6491,16,16,64,1,1,0,1,1,1,0,1,1,1,1,1,,,,,,,,,,,,
6492,16,16,64,1,1,0,1,1,1,1,0,1,1,1,1,,,,,,,,,,,,
6493,16,16,64,1,1,0,1,1,1,1,1,0,1,1,1,,,,,,,,,,,,
6494,16,16,64,1,1,0,1,1,1,1,1,1,0,1,1,,,,,,,,,,,,
6495,16,16,64,1,1,0,1,1,1,1,1,1,1,0,1,,,,,,,,,,,,
6496,16,16,64,1,1,0,1,1,1,1,1,1,1,1,0,,,,,,,,,,,,
6497,16,16,64,1,1,1,0,1,1,1,1,1,1,1,1,,,,,,,,,,,,
6498,16,16,64,1,1,1,0,1,1,0,1,1,1,1,1,,,,,,,,,,,,
6499,16,16,64,1,1,1,0,1,1,1,0,1,1,1,1,,,,,,,,,,,,
6500,16,16,64,1,1,1,0,1,1,1,1,0,1,1,1,,,,,,,,,,,,
6501,16,16,64,1,1,1,0,1,1,1,1,1,0,1,1,,,,,,,,,,,,
6502,16,16,64,1,1,1,0,1,1,1,1,1,1,0,1,,,,,,,,,,,,
6503,16,16,64,1,1,1,0,1,1,1,1,1,1,1,0,,,,,,,,,,,,
6504,16,16,64,1,1,1,1,0,1,1,1,1,1,1,1,,,,,,,,,,,,
6505,16,16,64,1,1,1,1,0,1,0,1,1,1,1,1,,,,,,,,,,,,
6506,16,16,64,1,1,1,1,0,1,1,0,1,1,1,1,,,,,,,,,,,,
6507,16,16,64,1,1,1,1,0,1,1,1,0,1,1,1,,,,,,,,,,,,
6508,16,16,64,1,1,1,1,0,1,1,1,1,0,1,1,,,,,,,,,,,,
6509,16,16,64,1,1,1,1,0,1,1,1,1,1,0,1,,,,,,,,,,,,
6510,16,16,64,1,1,1,1,0,1,1,1,1,1,1,0,,,,,,,,,,,,
6511,16,16,64,1,1,1,1,1,0,1,1,1,1,1,1,,,,,,,,,,,,
6512,16,16,64,1,1,1,1,1,0,0,1,1,1,1,1,,,,,,,,,,,,
6513,16,16,64,1,1,1,1,1,0,1,0,1,1,1,1,,,,,,,,,,,,
6514,16,16,64,1,1,1,1,1,0,1,1,0,1,1,1,,,,,,,,,,,,
6515,16,16,64,1,1,1,1,1,0,1,1,1,0,1,1,,,,,,,,,,,,
6516,16,16,64,1,1,1,1,1,0,1,1,1,1,0,1,,,,,,,,,,,,
6517,16,16,64,1,1,1,1,1,0,1,1,1,1,1,0,,,,,,,,,,,,
6518,96,24,16,1,1,1,1,1,1,1,1,1,1,1,1,,,,,,,,,,,,
6519,96,24,16,1,1,1,1,1,1,0,1,1,1,1,1,,,,,,,,,,,,
6520,96,24,16,1,1,1,1,1,1,1,0,1,1,1,1,,,,,,,,,,,,
6521,96,24,16,1,1,1,1,1,1,1,1,0,1,1,1,,,,,,,,,,,,
6522,96,24,16,1,1,1,1,1,1,1,1,1,0,1,1,,,,,,,,,,,,
6523,96,24,16,1,1,1,1,1,1,1,1,1,1,0,1,,,,,,,,,,,,
6524,96,24,16,1,1,1,1,1,1,1,1,1,1,1,0,,,,,,,,,,,,
6525,96,24,16,0,1,1,1,1,1,1,1,1,1,1,1,,,,,,,,,,,,
6526,96,24,16,0,1,1,1,1,1,0,1,1,1,1,1,,,,,,,,,,,,
6527,96,24,16,0,1,1,1,1,1,1,0,1,1,1,1,,,,,,,,,,,,
6528,96,24,16,0,1,1,1,1,1,1,1,0,1,1,1,,,,,,,,,,,,
6529,96,24,16,0,1,1,1,1,1,1,1,1,0,1,1,,,,,,,,,,,,
6530,96,24,16,0,1,1,1,1,1,1,1,1,1,0,1,,,,,,,,,,,,
6531,96,24,16,0,1,1,1,1,1,1,1,1,1,1,0,,,,,,,,,,,,
6532,96,24,16,1,0,1,1,1,1,1,1,1,1,1,1,,,,,,,,,,,,
6533,96,24,16,1,0,1,1,1,1,0,1,1,1,1,1,,,,,,,,,,,,
6534,96,24,16,1,0,1,1,1,1,1,0,1,1,1,1,,,,,,,,,,,,
6535,96,24,16,1,0,1,1,1,1,1,1,0,1,1,1,,,,,,,,,,,,
6536,96,24,16,1,0,1,1,1,1,1,1,1,0,1,1,,,,,,,,,,,,
6537,96,24,16,1,0,1,1,1,1,1,1,1,1,0,1,,,,,,,,,,,,
6538,96,24,16,1,0,1,1,1,1,1,1,1,1,1,0,,,,,,,,,,,,
6539,96,24,16,1,1,0,1,1,1,1,1,1,1,1,1,,,,,,,,,,,,
6540,96,24,16,1,1,0,1,1,1,0,1,1,1,1,1,,,,,,,,,,,,
6541,96,24,16,1,1,0,1,1,1,1,0,1,1,1,1,,,,,,,,,,,,
6542,96,24,16,1,1,0,1,1,1,1,1,0,1,1,1,,,,,,,,,,,,
6543,96,24,16,1,1,0,1,1,1,1,1,1,0,1,1,,,,,,,,,,,,
6544,96,24,16,1,1,0,1,1,1,1,1,1,1,0,1,,,,,,,,,,,,
6545,96,24,16,1,1,0,1,1,1,1,1,1,1,1,0,,,,,,,,,,,,
6546,96,24,16,1,1,1,0,1,1,1,1,1,1,1,1,,,,,,,,,,,,
6547,96,24,16,1,1,1,0,1,1,0,1,1,1,1,1,,,,,,,,,,,,
6548,96,24,16,1,1,1,0,1,1,1,0,1,1,1,1,,,,,,,,,,,,
6549,96,24,16,1,1,1,0,1,1,1,1,0,1,1,1,,,,,,,,,,,,
6550,96,24,16,1,1,1,0,1,1,1,1,1,0,1,1,,,,,,,,,,,,
6551,96,24,16,1,1,1,0,1,1,1,1,1,1,0,1,,,,,,,,,,,,
6552,96,24,16,1,1,1,0,1,1,1,1,1,1,1,0,,,,,,,,,,,,
6553,96,24,16,1,1,1,1,0,1,1,1,1,1,1,1,,,,,,,,,,,,
6554,96,24,16,1,1,1,1,0,1,0,1,1,1,1,1,,,,,,,,,,,,
6555,96,24,16,1,1,1,1,0,1,1,0,1,1,1,1,,,,,,,,,,,,
6556,96,24,16,1,1,1,1,0,1,1,1,0,1,1,1,,,,,,,,,,,,
6557,96,24,16,1,1,1,1,0,1,1,1,1,0,1,1,,,,,,,,,,,,
6558,96,24,16,1,1,1,1,0,1,1,1,1,1,0,1,,,,,,,,,,,,
6559,96,24,16,1,1,1,1,0,1,1,1,1,1,1,0,,,,,,,,,,,,
6560,96,24,16,1,1,1,1,1,0,1,1,1,1,1,1,,,,,,,,,,,,
6561,96,24,16,1,1,1,1,1,0,0,1,1,1,1,1,,,,,,,,,,,,
6562,96,24,16,1,1,1,1,1,0,1,0,1,1,1,1,,,,,,,,,,,,
6563,96,24,16,1,1,1,1,1,0,1,1,0,1,1,1,,,,,,,,,,,,
6564,96,24,16,1,1,1,1,1,0,1,1,1,0,1,1,,,,,,,,,,,,
6565,96,24,16,1,1,1,1,1,0,1,1,1,1,0,1,,,,,,,,,,,,
6566,96,24,16,1,1,1,1,1,0,1,1,1,1,1,0,,,,,,,,,,,,
6567,16,64,16,1,1,1,1,1,1,1,1,1,1,1,1,,,,,,,,,,,,
6568,16,64,16,1,1,1,1,1,1,0,1,1,1,1,1,,,,,,,,,,,,
6569,16,64,16,1,1,1,1,1,1,1,0,1,1,1,1,,,,,,,,,,,,
6570,16,64,16,1,1,1,1,1,1,1,1,0,1,1,1,,,,,,,,,,,,
6571,16,64,16,1,1,1,1,1,1,1,1,1,0,1,1,,,,,,,,,,,,
6572,16,64,16,1,1,1,1,1,1,1,1,1,1,0,1,,,,,,,,,,,,
6573,16,64,16,1,1,1,1,1,1,1,1,1,1,1,0,,,,,,,,,,,,
6574,16,64,16,0,1,1,1,1,1,1,1,1,1,1,1,,,,,,,,,,,,
6575,16,64,16,0,1,1,1,1,1,0,1,1,1,1,1,,,,,,,,,,,,
6576,16,64,16,0,1,1,1,1,1,1,0,1,1,1,1,,,,,,,,,,,,
6577,16,64,16,0,1,1,1,1,1,1,1,0,1,1,1,,,,,,,,,,,,
6578,16,64,16,0,1,1,1,1,1,1,1,1,0,1,1,,,,,,,,,,,,
6579,16,64,16,0,1,1,1,1,1,1,1,1,1,0,1,,,,,,,,,,,,
6580,16,64,16,0,1,1,1,1,1,1,1,1,1,1,0,,,,,,,,,,,,
6581,16,64,16,1,0,1,1,1,1,1,1,1,1,1,1,,,,,,,,,,,,
6582,16,64,16,1,0,1,1,1,1,0,1,1,1,1,1,,,,,,,,,,,,
6583,16,64,16,1,0,1,1,1,1,1,0,1,1,1,1,,,,,,,,,,,,
6584,16,64,16,1,0,1,1,1,1,1,1,0,1,1,1,,,,,,,,,,,,
6585,16,64,16,1,0,1,1,1,1,1,1,1,0,1,1,,,,,,,,,,,,
6586,16,64,16,1,0,1,1,1,1,1,1,1,1,0,1,,,,,,,,,,,,
6587,16,64,16,1,0,1,1,1,1,1,1,1,1,1,0,,,,,,,,,,,,
6588,16,64,16,1,1,0,1,1,1,1,1,1,1,1,1,,,,,,,,,,,,
6589,16,64,16,1,1,0,1,1,1,0,1,1,1,1,1,,,,,,,,,,,,
6590,16,64,16,1,1,0,1,1,1,1,0,1,1,1,1,,,,,,,,,,,,
6591,16,64,16,1,1,0,1,1,1,1,1,0,1,1,1,,,,,,,,,,,,
6592,16,64,16,1,1,0,1,1,1,1,1,1,0,1,1,,,,,,,,,,,,
6593,16,64,16,1,1,0,1,1,1,1,1,1,1,0,1,,,,,,,,,,,,
6594,16,64,16,1,1,0,1,1,1,1,1,1,1,1,0,,,,,,,,,,,,
6595,16,64,16,1,1,1,0,1,1,1,1,1,1,1,1,,,,,,,,,,,,
6596,16,64,16,1,1,1,0,1,1,0,1,1,1,1,1,,,,,,,,,,,,
6597,16,64,16,1,1,1,0,1,1,1,0,1,1,1,1,,,,,,,,,,,,
6598,16,64,16,1,1,1,0,1,1,1,1,0,1,1,1,,,,,,,,,,,,
6599,16,64,16,1,1,1,0,1,1,1,1,1,0,1,1,,,,,,,,,,,,
6600,16,64,16,1,1,1,0,1,1,1,1,1,1,0,1,,,,,,,,,,,,
6601,16,64,16,1,1,1,0,1,1,1,1,1,1,1,0,,,,,,,,,,,,
6602,16,64,16,1,1,1,1,0,1,1,1,1,1,1,1,,,,,,,,,,,,
6603,16,64,16,1,1,1,1,0,1,0,1,1,1,1,1,,,,,,,,,,,,
6604,16,64,16,1,1,1,1,0,1,1,0,1,1,1,1,,,,,,,,,,,,
6605,16,64,16,1,1,1,1,0,1,1,1,0,1,1,1,,,,,,,,,,,,
6606,16,64,16,1,1,1,1,0,1,1,1,1,0,1,1,,,,,,,,,,,,
6607,16,64,16,1,1,1,1,0,1,1,1,1,1,0,1,,,,,,,,,,,,
6608,16,64,16,1,1,1,1,0,1,1,1,1,1,1,0,,,,,,,,,,,,
6609,16,64,16,1,1,1,1,1,0,1,1,1,1,1,1,,,,,,,,,,,,
6610,16,64,16,1,1,1,1,1,0,0,1,1,1,1,1,,,,,,,,,,,,
6611,16,64,16,1,1,1,1,1,0,1,0,1,1,1,1,,,,,,,,,,,,
6612,16,64,16,1,1,1,1,1,0,1,1,0,1,1,1,,,,,,,,,,,,
6613,16,64,16,1,1,1,1,1,0,1,1,1,0,1,1,,,,,,,,,,,,
6614,16,64,16,1,1,1,1,1,0,1,1,1,1,0,1,,,,,,,,,,,,
6615,16,64,16,1,1,1,1,1,0,1,1,1,1,1,0,,,,,,,,,,,,
6616,96,48,48,1,1,1,1,1,1,1,1,1,1,1,1,,,,,,,,,,,,
6617,96,48,48,1,1,1,1,1,1,0,1,1,1,1,1,,,,,,,,,,,,
6618,96,48,48,1,1,1,1,1,1,1,0,1,1,1,1,,,,,,,,,,,,
6619,96,48,48,1,1,1,1,1,1,1,1,0,1,1,1,,,,,,,,,,,,
6620,96,48,48,1,1,1,1,1,1,1,1,1,0,1,1,,,,,,,,,,,,
6621,96,48,48,1,1,1,1,1,1,1,1,1,1,0,1,,,,,,,,,,,,
6622,96,48,48,1,1,1,1,1,1,1,1,1,1,1,0,,,,,,,,,,,,
6623,96,48,48,0,1,1,1,1,1,1,1,1,1,1,1,,,,,,,,,,,,
6624,96,48,48,0,1,1,1,1,1,0,1,1,1,1,1,,,,,,,,,,,,
6625,96,48,48,0,1,1,1,1,1,1,0,1,1,1,1,,,,,,,,,,,,
6626,96,48,48,0,1,1,1,1,1,1,1,0,1,1,1,,,,,,,,,,,,
6627,96,48,48,0,1,1,1,1,1,1,1,1,0,1,1,,,,,,,,,,,,
6628,96,48,48,0,1,1,1,1,1,1,1,1,1,0,1,,,,,,,,,,,,
6629,96,48,48,0,1,1,1,1,1,1,1,1,1,1,0,,,,,,,,,,,,
6630,96,48,48,1,0,1,1,1,1,1,1,1,1,1,1,,,,,,,,,,,,
6631,96,48,48,1,0,1,1,1,1,0,1,1,1,1,1,,,,,,,,,,,,
6632,96,48,48,1,0,1,1,1,1,1,0,1,1,1,1,,,,,,,,,,,,
6633,96,48,48,1,0,1,1,1,1,1,1,0,1,1,1,,,,,,,,,,,,
6634,96,48,48,1,0,1,1,1,1,1,1,1,0,1,1,,,,,,,,,,,,
6635,96,48,48,1,0,1,1,1,1,1,1,1,1,0,1,,,,,,,,,,,,
6636,96,48,48,1,0,1,1,1,1,1,1,1,1,1,0,,,,,,,,,,,,
6637,96,48,48,1,1,0,1,1,1,1,1,1,1,1,1,,,,,,,,,,,,
6638,96,48,48,1,1,0,1,1,1,0,1,1,1,1,1,,,,,,,,,,,,
6639,96,48,48,1,1,0,1,1,1,1,0,1,1,1,1,,,,,,,,,,,,
6640,96,48,48,1,1,0,1,1,1,1,1,0,1,1,1,,,,,,,,,,,,
6641,96,48,48,1,1,0,1,1,1,1,1,1,0,1,1,,,,,,,,,,,,
6642,96,48,48,1,1,0,1,1,1,1,1,1,1,0,1,,,,,,,,,,,,
6643,96,48,48,1,1,0,1,1,1,1,1,1,1,1,0,,,,,,,,,,,,
6644,96,48,48,1,1,1,0,1,1,1,1,1,1,1,1,,,,,,,,,,,,
6645,96,48,48,1,1,1,0,1,1,0,1,1,1,1,1,,,,,,,,,,,,
6646,96,48,48,1,1,1,0,1,1,1,0,1,1,1,1,,,,,,,,,,,,
6647,96,48,48,1,1,1,0,1,1,1,1,0,1,1,1,,,,,,,,,,,,
6648,96,48,48,1,1,1,0,1,1,1,1,1,0,1,1,,,,,,,,,,,,
6649,96,48,48,1,1,1,0,1,1,1,1,1,1,0,1,,,,,,,,,,,,
6650,96,48,48,1,1,1,0,1,1,1,1,1,1,1,0,,,,,,,,,,,,
6651,96,48,48,1,1,1,1,0,1,1,1,1,1,1,1,,,,,,,,,,,,
6652,96,48,48,1,1,1,1,0,1,0,1,1,1,1,1,,,,,,,,,,,,
6653,96,48,48,1,1,1,1,0,1,1,0,1,1,1,1,,,,,,,,,,,,
6654,96,48,48,1,1,1,1,0,1,1,1,0,1,1,1,,,,,,,,,,,,
6655,96,48,48,1,1,1,1,0,1,1,1,1,0,1,1,,,,,,,,,,,,
6656,96,48,48,1,1,1,1,0,1,1,1,1,1,0,1,,,,,,,,,,,,
6657,96,48,48,1,1,1,1,0,1,1,1,1,1,1,0,,,,,,,,,,,,
6658,96,48,48,1,1,1,1,1,0,1,1,1,1,1,1,,,,,,,,,,,,
6659,96,48,48,1,1,1,1,1,0,0,1,1,1,1,1,,,,,,,,,,,,
6660,96,48,48,1,1,1,1,1,0,1,0,1,1,1,1,,,,,,,,,,,,
6661,96,48,48,1,1,1,1,1,0,1,1,0,1,1,1,,,,,,,,,,,,
6662,96,48,48,1,1,1,1,1,0,1,1,1,0,1,1,,,,,,,,,,,,
6663,96,48,48,1,1,1,1,1,0,1,1,1,1,0,1,,,,,,,,,,,,
6664,96,48,48,1,1,1,1,1,0,1,1,1,1,1,0,,,,,,,,,,,,
6665,24,24,96,1,1,1,1,1,1,1,1,1,1,1,1,,,,,,,,,,,,
6666,24,24,96,1,1,1,1,1,1,0,1,1,1,1,1,,,,,,,,,,,,
6667,24,24,96,1,1,1,1,1,1,1,0,1,1,1,1,,,,,,,,,,,,
6668,24,24,96,1,1,1,1,1,1,1,1,0,1,1,1,,,,,,,,,,,,
6669,24,24,96,1,1,1,1,1,1,1,1,1,0,1,1,,,,,,,,,,,,
6670,24,24,96,1,1,1,1,1,1,1,1,1,1,0,1,,,,,,,,,,,,
6671,24,24,96,1,1,1,1,1,1,1,1,1,1,1,0,,,,,,,,,,,,
6672,24,24,96,0,1,1,1,1,1,1,1,1,1,1,1,,,,,,,,,,,,
6673,24,24,96,0,1,1,1,1,1,0,1,1,1,1,1,,,,,,,,,,,,
6674,24,24,96,0,1,1,1,1,1,1,0,1,1,1,1,,,,,,,,,,,,
6675,24,24,96,0,1,1,1,1,1,1,1,0,1,1,1,,,,,,,,,,,,
6676,24,24,96,0,1,1,1,1,1,1,1,1,0,1,1,,,,,,,,,,,,
6677,24,24,96,0,1,1,1,1,1,1,1,1,1,0,1,,,,,,,,,,,,
6678,24,24,96,0,1,1,1,1,1,1,1,1,1,1,0,,,,,,,,,,,,
6679,24,24,96,1,0,1,1,1,1,1,1,1,1,1,1,,,,,,,,,,,,
6680,24,24,96,1,0,1,1,1,1,0,1,1,1,1,1,,,,,,,,,,,,
6681,24,24,96,1,0,1,1,1,1,1,0,1,1,1,1,,,,,,,,,,,,
6682,24,24,96,1,0,1,1,1,1,1,1,0,1,1,1,,,,,,,,,,,,
6683,24,24,96,1,0,1,1,1,1,1,1,1,0,1,1,,,,,,,,,,,,
6684,24,24,96,1,0,1,1,1,1,1,1,1,1,0,1,,,,,,,,,,,,
6685,24,24,96,1,0,1,1,1,1,1,1,1,1,1,0,,,,,,,,,,,,
6686,24,24,96,1,1,0,1,1,1,1,1,1,1,1,1,,,,,,,,,,,,
6687,24,24,96,1,1,0,1,1,1,0,1,1,1,1,1,,,,,,,,,,,,
6688,24,24,96,1,1,0,1,1,1,1,0,1,1,1,1,,,,,,,,,,,,
6689,24,24,96,1,1,0,1,1,1,1,1,0,1,1,1,,,,,,,,,,,,
6690,24,24,96,1,1,0,1,1,1,1,1,1,0,1,1,,,,,,,,,,,,
6691,24,24,96,1,1,0,1,1,1,1,1,1,1,0,1,,,,,,,,,,,,
6692,24,24,96,1,1,0,1,1,1,1,1,1,1,1,0,,,,,,,,,,,,
6693,24,24,96,1,1,1,0,1,1,1,1,1,1,1,1,,,,,,,,,,,,
6694,24,24,96,1,1,1,0,1,1,0,1,1,1,1,1,,,,,,,,,,,,
6695,24,24,96,1,1,1,0,1,1,1,0,1,1,1,1,,,,,,,,,,,,
6696,24,24,96,1,1,1,0,1,1,1,1,0,1,1,1,,,,,,,,,,,,
6697,24,24,96,1,1,1,0,1,1,1,1,1,0,1,1,,,,,,,,,,,,
6698,24,24,96,1,1,1,0,1,1,1,1,1,1,0,1,,,,,,,,,,,,
6699,24,24,96,1,1,1,0,1,1,1,1,1,1,1,0,,,,,,,,,,,,
6700,24,24,96,1,1,1,1,0,1,1,1,1,1,1,1,,,,,,,,,,,,
6701,24,24,96,1,1,1,1,0,1,0,1,1,1,1,1,,,,,,,,,,,,
6702,24,24,96,1,1,1,1,0,1,1,0,1,1,1,1,,,,,,,,,,,,
6703,24,24,96,1,1,1,1,0,1,1,1,0,1,1,1,,,,,,,,,,,,
6704,24,24,96,1,1,1,1,0,1,1,1,1,0,1,1,,,,,,,,,,,,
6705,24,24,96,1,1,1,1,0,1,1,1,1,1,0,1,,,,,,,,,,,,
6706,24,24,96,1,1,1,1,0,1,1,1,1,1,1,0,,,,,,,,,,,,
6707,24,24,96,1,1,1,1,1,0,1,1,1,1,1,1,,,,,,,,,,,,
6708,24,24,96,1,1,1,1,1,0,0,1,1,1,1,1,,,,,,,,,,,,
6709,24,24,96,1,1,1,1,1,0,1,0,1,1,1,1,,,,,,,,,,,,
6710,24,24,96,1,1,1,1,1,0,1,1,0,1,1,1,,,,,,,,,,,,
6711,24,24,96,1,1,1,1,1,0,1,1,1,0,1,1,,,,,,,,,,,,
6712,24,24,96,1,1,1,1,1,0,1,1,1,1,0,1,,,,,,,,,,,,
6713,24,24,96,1,1,1,1,1,0,1,1,1,1,1,0,,,,,,,,,,,,
6714,16,48,16,1,1,1,1,1,1,1,1,1,1,1,1,,,,,,,,,,,,
6715,16,48,16,1,1,1,1,1,1,0,1,1,1,1,1,,,,,,,,,,,,
6716,16,48,16,1,1,1,1,1,1,1,0,1,1,1,1,,,,,,,,,,,,
6717,16,48,16,1,1,1,1,1,1,1,1,0,1,1,1,,,,,,,,,,,,
6718,16,48,16,1,1,1,1,1,1,1,1,1,0,1,1,,,,,,,,,,,,
6719,16,48,16,1,1,1,1,1,1,1,1,1,1,0,1,,,,,,,,,,,,
6720,16,48,16,1,1,1,1,1,1,1,1,1,1,1,0,,,,,,,,,,,,
6721,16,48,16,0,1,1,1,1,1,1,1,1,1,1,1,,,,,,,,,,,,
6722,16,48,16,0,1,1,1,1,1,0,1,1,1,1,1,,,,,,,,,,,,
6723,16,48,16,0,1,1,1,1,1,1,0,1,1,1,1,,,,,,,,,,,,
6724,16,48,16,0,1,1,1,1,1,1,1,0,1,1,1,,,,,,,,,,,,
6725,16,48,16,0,1,1,1,1,1,1,1,1,0,1,1,,,,,,,,,,,,
6726,16,48,16,0,1,1,1,1,1,1,1,1,1,0,1,,,,,,,,,,,,
6727,16,48,16,0,1,1,1,1,1,1,1,1,1,1,0,,,,,,,,,,,,
6728,16,48,16,1,0,1,1,1,1,1,1,1,1,1,1,,,,,,,,,,,,
6729,16,48,16,1,0,1,1,1,1,0,1,1,1,1,1,,,,,,,,,,,,
6730,16,48,16,1,0,1,1,1,1,1,0,1,1,1,1,,,,,,,,,,,,
6731,16,48,16,1,0,1,1,1,1,1,1,0,1,1,1,,,,,,,,,,,,
6732,16,48,16,1,0,1,1,1,1,1,1,1,0,1,1,,,,,,,,,,,,
6733,16,48,16,1,0,1,1,1,1,1,1,1,1,0,1,,,,,,,,,,,,
6734,16,48,16,1,0,1,1,1,1,1,1,1,1,1,0,,,,,,,,,,,,
6735,16,48,16,1,1,0,1,1,1,1,1,1,1,1,1,,,,,,,,,,,,
6736,16,48,16,1,1,0,1,1,1,0,1,1,1,1,1,,,,,,,,,,,,
6737,16,48,16,1,1,0,1,1,1,1,0,1,1,1,1,,,,,,,,,,,,
6738,16,48,16,1,1,0,1,1,1,1,1,0,1,1,1,,,,,,,,,,,,
6739,16,48,16,1,1,0,1,1,1,1,1,1,0,1,1,,,,,,,,,,,,
6740,16,48,16,1,1,0,1,1,1,1,1,1,1,0,1,,,,,,,,,,,,
6741,16,48,16,1,1,0,1,1,1,1,1,1,1,1,0,,,,,,,,,,,,
6742,16,48,16,1,1,1,0,1,1,1,1,1,1,1,1,,,,,,,,,,,,
6743,16,48,16,1,1,1,0,1,1,0,1,1,1,1,1,,,,,,,,,,,,
6744,16,48,16,1,1,1,0,1,1,1,0,1,1,1,1,,,,,,,,,,,,
6745,16,48,16,1,1,1,0,1,1,1,1,0,1,1,1,,,,,,,,,,,,
6746,16,48,16,1,1,1,0,1,1,1,1,1,0,1,1,,,,,,,,,,,,
6747,16,48,16,1,1,1,0,1,1,1,1,1,1,0,1,,,,,,,,,,,,
6748,16,48,16,1,1,1,0,1,1,1,1,1,1,1,0,,,,,,,,,,,,
6749,16,48,16,1,1,1,1,0,1,1,1,1,1,1,1,,,,,,,,,,,,
6750,16,48,16,1,1,1,1,0,1,0,1,1,1,1,1,,,,,,,,,,,,
6751,16,48,16,1,1,1,1,0,1,1,0,1,1,1,1,,,,,,,,,,,,
6752,16,48,16,1,1,1,1,0,1,1,1,0,1,1,1,,,,,,,,,,,,
6753,16,48,16,1,1,1,1,0,1,1,1,1,0,1,1,,,,,,,,,,,,
6754,16,48,16,1,1,1,1,0,1,1,1,1,1,0,1,,,,,,,,,,,,
6755,16,48,16,1,1,1,1,0,1,1,1,1,1,1,0,,,,,,,,,,,,
6756,16,48,16,1,1,1,1,1,0,1,1,1,1,1,1,,,,,,,,,,,,
6757,16,48,16,1,1,1,1,1,0,0,1,1,1,1,1,,,,,,,,,,,,
6758,16,48,16,1,1,1,1,1,0,1,0,1,1,1,1,,,,,,,,,,,,
6759,16,48,16,1,1,1,1,1,0,1,1,0,1,1,1,,,,,,,,,,,,
6760,16,48,16,1,1,1,1,1,0,1,1,1,0,1,1,,,,,,,,,,,,
6761,16,48,16,1,1,1,1,1,0,1,1,1,1,0,1,,,,,,,,,,,,
6762,16,48,16,1,1,1,1,1,0,1,1,1,1,1,0,,,,,,,,,,,,
6763,24,24,64,1,1,1,1,1,1,1,1,1,1,1,1,,,,,,,,,,,,
6764,24,24,64,1,1,1,1,1,1,0,1,1,1,1,1,,,,,,,,,,,,
6765,24,24,64,1,1,1,1,1,1,1,0,1,1,1,1,,,,,,,,,,,,
6766,24,24,64,1,1,1,1,1,1,1,1,0,1,1,1,,,,,,,,,,,,
6767,24,24,64,1,1,1,1,1,1,1,1,1,0,1,1,,,,,,,,,,,,
6768,24,24,64,1,1,1,1,1,1,1,1,1,1,0,1,,,,,,,,,,,,
6769,24,24,64,1,1,1,1,1,1,1,1,1,1,1,0,,,,,,,,,,,,
6770,24,24,64,0,1,1,1,1,1,1,1,1,1,1,1,,,,,,,,,,,,
6771,24,24,64,0,1,1,1,1,1,0,1,1,1,1,1,,,,,,,,,,,,
6772,24,24,64,0,1,1,1,1,1,1,0,1,1,1,1,,,,,,,,,,,,
6773,24,24,64,0,1,1,1,1,1,1,1,0,1,1,1,,,,,,,,,,,,
6774,24,24,64,0,1,1,1,1,1,1,1,1,0,1,1,,,,,,,,,,,,
6775,24,24,64,0,1,1,1,1,1,1,1,1,1,0,1,,,,,,,,,,,,
6776,24,24,64,0,1,1,1,1,1,1,1,1,1,1,0,,,,,,,,,,,,
6777,24,24,64,1,0,1,1,1,1,1,1,1,1,1,1,,,,,,,,,,,,
6778,24,24,64,1,0,1,1,1,1,0,1,1,1,1,1,,,,,,,,,,,,
6779,24,24,64,1,0,1,1,1,1,1,0,1,1,1,1,,,,,,,,,,,,
6780,24,24,64,1,0,1,1,1,1,1,1,0,1,1,1,,,,,,,,,,,,
6781,24,24,64,1,0,1,1,1,1,1,1,1,0,1,1,,,,,,,,,,,,
6782,24,24,64,1,0,1,1,1,1,1,1,1,1,0,1,,,,,,,,,,,,
6783,24,24,64,1,0,1,1,1,1,1,1,1,1,1,0,,,,,,,,,,,,
6784,24,24,64,1,1,0,1,1,1,1,1,1,1,1,1,,,,,,,,,,,,
6785,24,24,64,1,1,0,1,1,1,0,1,1,1,1,1,,,,,,,,,,,,
6786,24,24,64,1,1,0,1,1,1,1,0,1,1,1,1,,,,,,,,,,,,
6787,24,24,64,1,1,0,1,1,1,1,1,0,1,1,1,,,,,,,,,,,,
6788,24,24,64,1,1,0,1,1,1,1,1,1,0,1,1,,,,,,,,,,,,
6789,24,24,64,1,1,0,1,1,1,1,1,1,1,0,1,,,,,,,,,,,,
6790,24,24,64,1,1,0,1,1,1,1,1,1,1,1,0,,,,,,,,,,,,
6791,24,24,64,1,1,1,0,1,1,1,1,1,1,1,1,,,,,,,,,,,,
6792,24,24,64,1,1,1,0,1,1,0,1,1,1,1,1,,,,,,,,,,,,
6793,24,24,64,1,1,1,0,1,1,1,0,1,1,1,1,,,,,,,,,,,,
6794,24,24,64,1,1,1,0,1,1,1,1,0,1,1,1,,,,,,,,,,,,
6795,24,24,64,1,1,1,0,1,1,1,1,1,0,1,1,,,,,,,,,,,,
6796,24,24,64,1,1,1,0,1,1,1,1,1,1,0,1,,,,,,,,,,,,
6797,24,24,64,1,1,1,0,1,1,1,1,1,1,1,0,,,,,,,,,,,,
6798,24,24,64,1,1,1,1,0,1,1,1,1,1,1,1,,,,,,,,,,,,
6799,24,24,64,1,1,1,1,0,1,0,1,1,1,1,1,,,,,,,,,,,,
6800,24,24,64,1,1,1,1,0,1,1,0,1,1,1,1,,,,,,,,,,,,
6801,24,24,64,1,1,1,1,0,1,1,1,0,1,1,1,,,,,,,,,,,,
6802,24,24,64,1,1,1,1,0,1,1,1,1,0,1,1,,,,,,,,,,,,
6803,24,24,64,1,1,1,1,0,1,1,1,1,1,0,1,,,,,,,,,,,,
6804,24,24,64,1,1,1,1,0,1,1,1,1,1,1,0,,,,,,,,,,,,
6805,24,24,64,1,1,1,1,1,0,1,1,1,1,1,1,,,,,,,,,,,,
6806,24,24,64,1,1,1,1,1,0,0,1,1,1,1,1,,,,,,,,,,,,
6807,24,24,64,1,1,1,1,1,0,1,0,1,1,1,1,,,,,,,,,,,,
6808,24,24,64,1,1,1,1,1,0,1,1,0,1,1,1,,,,,,,,,,,,
6809,24,24,64,1,1,1,1,1,0,1,1,1,0,1,1,,,,,,,,,,,,
6810,24,24,64,1,1,1,1,1,0,1,1,1,1,0,1,,,,,,,,,,,,
6811,24,24,64,1,1,1,1,1,0,1,1,1,1,1,0,,,,,,,,,,,,
6812,64,48,24,1,1,1,1,1,1,1,1,1,1,1,1,,,,,,,,,,,,
6813,64,48,24,1,1,1,1,1,1,0,1,1,1,1,1,,,,,,,,,,,,
6814,64,48,24,1,1,1,1,1,1,1,0,1,1,1,1,,,,,,,,,,,,
6815,64,48,24,1,1,1,1,1,1,1,1,0,1,1,1,,,,,,,,,,,,
6816,64,48,24,1,1,1,1,1,1,1,1,1,0,1,1,,,,,,,,,,,,
6817,64,48,24,1,1,1,1,1,1,1,1,1,1,0,1,,,,,,,,,,,,
6818,64,48,24,1,1,1,1,1,1,1,1,1,1,1,0,,,,,,,,,,,,
6819,64,48,24,0,1,1,1,1,1,1,1,1,1,1,1,,,,,,,,,,,,
6820,64,48,24,0,1,1,1,1,1,0,1,1,1,1,1,,,,,,,,,,,,
6821,64,48,24,0,1,1,1,1,1,1,0,1,1,1,1,,,,,,,,,,,,
6822,64,48,24,0,1,1,1,1,1,1,1,0,1,1,1,,,,,,,,,,,,
6823,64,48,24,0,1,1,1,1,1,1,1,1,0,1,1,,,,,,,,,,,,
6824,64,48,24,0,1,1,1,1,1,1,1,1,1,0,1,,,,,,,,,,,,
6825,64,48,24,0,1,1,1,1,1,1,1,1,1,1,0,,,,,,,,,,,,
6826,64,48,24,1,0,1,1,1,1,1,1,1,1,1,1,,,,,,,,,,,,
6827,64,48,24,1,0,1,1,1,1,0,1,1,1,1,1,,,,,,,,,,,,
6828,64,48,24,1,0,1,1,1,1,1,0,1,1,1,1,,,,,,,,,,,,
6829,64,48,24,1,0,1,1,1,1,1,1,0,1,1,1,,,,,,,,,,,,
6830,64,48,24,1,0,1,1,1,1,1,1,1,0,1,1,,,,,,,,,,,,
6831,64,48,24,1,0,1,1,1,1,1,1,1,1,0,1,,,,,,,,,,,,
6832,64,48,24,1,0,1,1,1,1,1,1,1,1,1,0,,,,,,,,,,,,
6833,64,48,24,1,1,0,1,1,1,1,1,1,1,1,1,,,,,,,,,,,,
6834,64,48,24,1,1,0,1,1,1,0,1,1,1,1,1,,,,,,,,,,,,
6835,64,48,24,1,1,0,1,1,1,1,0,1,1,1,1,,,,,,,,,,,,
6836,64,48,24,1,1,0,1,1,1,1,1,0,1,1,1,,,,,,,,,,,,
6837,64,48,24,1,1,0,1,1,1,1,1,1,0,1,1,,,,,,,,,,,,
6838,64,48,24,1,1,0,1,1,1,1,1,1,1,0,1,,,,,,,,,,,,
6839,64,48,24,1,1,0,1,1,1,1,1,1,1,1,0,,,,,,,,,,,,
6840,64,48,24,1,1,1,0,1,1,1,1,1,1,1,1,,,,,,,,,,,,
6841,64,48,24,1,1,1,0,1,1,0,1,1,1,1,1,,,,,,,,,,,,
6842,64,48,24,1,1,1,0,1,1,1,0,1,1,1,1,,,,,,,,,,,,
6843,64,48,24,1,1,1,0,1,1,1,1,0,1,1,1,,,,,,,,,,,,
6844,64,48,24,1,1,1,0,1,1,1,1,1,0,1,1,,,,,,,,,,,,
6845,64,48,24,1,1,1,0,1,1,1,1,1,1,0,1,,,,,,,,,,,,
6846,64,48,24,1,1,1,0,1,1,1,1,1,1,1,0,,,,,,,,,,,,
6847,64,48,24,1,1,1,1,0,1,1,1,1,1,1,1,,,,,,,,,,,,
6848,64,48,24,1,1,1,1,0,1,0,1,1,1,1,1,,,,,,,,,,,,
6849,64,48,24,1,1,1,1,0,1,1,0,1,1,1,1,,,,,,,,,,,,
6850,64,48,24,1,1,1,1,0,1,1,1,0,1,1,1,,,,,,,,,,,,
6851,64,48,24,1,1,1,1,0,1,1,1,1,0,1,1,,,,,,,,,,,,
6852,64,48,24,1,1,1,1,0,1,1,1,1,1,0,1,,,,,,,,,,,,
6853,64,48,24,1,1,1,1,0,1,1,1,1,1,1,0,,,,,,,,,,,,
6854,64,48,24,1,1,1,1,1,0,1,1,1,1,1,1,,,,,,,,,,,,
6855,64,48,24,1,1,1,1,1,0,0,1,1,1,1,1,,,,,,,,,,,,
6856,64,48,24,1,1,1,1,1,0,1,0,1,1,1,1,,,,,,,,,,,,
6857,64,48,24,1,1,1,1,1,0,1,1,0,1,1,1,,,,,,,,,,,,
6858,64,48,24,1,1,1,1,1,0,1,1,1,0,1,1,,,,,,,,,,,,
6859,64,48,24,1,1,1,1,1,0,1,1,1,1,0,1,,,,,,,,,,,,
6860,64,48,24,1,1,1,1,1,0,1,1,1,1,1,0,,,,,,,,,,,,
6861,24,24,16,1,1,1,1,1,1,1,1,1,1,1,1,,,,,,,,,,,,
6862,24,24,16,1,1,1,1,1,1,0,1,1,1,1,1,,,,,,,,,,,,
6863,24,24,16,1,1,1,1,1,1,1,0,1,1,1,1,,,,,,,,,,,,
6864,24,24,16,1,1,1,1,1,1,1,1,0,1,1,1,,,,,,,,,,,,
6865,24,24,16,1,1,1,1,1,1,1,1,1,0,1,1,,,,,,,,,,,,
6866,24,24,16,1,1,1,1,1,1,1,1,1,1,0,1,,,,,,,,,,,,
6867,24,24,16,1,1,1,1,1,1,1,1,1,1,1,0,,,,,,,,,,,,
6868,24,24,16,0,1,1,1,1,1,1,1,1,1,1,1,,,,,,,,,,,,
6869,24,24,16,0,1,1,1,1,1,0,1,1,1,1,1,,,,,,,,,,,,
6870,24,24,16,0,1,1,1,1,1,1,0,1,1,1,1,,,,,,,,,,,,
6871,24,24,16,0,1,1,1,1,1,1,1,0,1,1,1,,,,,,,,,,,,
6872,24,24,16,0,1,1,1,1,1,1,1,1,0,1,1,,,,,,,,,,,,
6873,24,24,16,0,1,1,1,1,1,1,1,1,1,0,1,,,,,,,,,,,,
6874,24,24,16,0,1,1,1,1,1,1,1,1,1,1,0,,,,,,,,,,,,
6875,24,24,16,1,0,1,1,1,1,1,1,1,1,1,1,,,,,,,,,,,,
6876,24,24,16,1,0,1,1,1,1,0,1,1,1,1,1,,,,,,,,,,,,
6877,24,24,16,1,0,1,1,1,1,1,0,1,1,1,1,,,,,,,,,,,,
6878,24,24,16,1,0,1,1,1,1,1,1,0,1,1,1,,,,,,,,,,,,
6879,24,24,16,1,0,1,1,1,1,1,1,1,0,1,1,,,,,,,,,,,,
6880,24,24,16,1,0,1,1,1,1,1,1,1,1,0,1,,,,,,,,,,,,
6881,24,24,16,1,0,1,1,1,1,1,1,1,1,1,0,,,,,,,,,,,,
6882,24,24,16,1,1,0,1,1,1,1,1,1,1,1,1,,,,,,,,,,,,
6883,24,24,16,1,1,0,1,1,1,0,1,1,1,1,1,,,,,,,,,,,,
6884,24,24,16,1,1,0,1,1,1,1,0,1,1,1,1,,,,,,,,,,,,
6885,24,24,16,1,1,0,1,1,1,1,1,0,1,1,1,,,,,,,,,,,,
6886,24,24,16,1,1,0,1,1,1,1,1,1,0,1,1,,,,,,,,,,,,
6887,24,24,16,1,1,0,1,1,1,1,1,1,1,0,1,,,,,,,,,,,,
6888,24,24,16,1,1,0,1,1,1,1,1,1,1,1,0,,,,,,,,,,,,
6889,24,24,16,1,1,1,0,1,1,1,1,1,1,1,1,,,,,,,,,,,,
6890,24,24,16,1,1,1,0,1,1,0,1,1,1,1,1,,,,,,,,,,,,
6891,24,24,16,1,1,1,0,1,1,1,0,1,1,1,1,,,,,,,,,,,,
6892,24,24,16,1,1,1,0,1,1,1,1,0,1,1,1,,,,,,,,,,,,
6893,24,24,16,1,1,1,0,1,1,1,1,1,0,1,1,,,,,,,,,,,,
6894,24,24,16,1,1,1,0,1,1,1,1,1,1,0,1,,,,,,,,,,,,
6895,24,24,16,1,1,1,0,1,1,1,1,1,1,1,0,,,,,,,,,,,,
6896,24,24,16,1,1,1,1,0,1,1,1,1,1,1,1,,,,,,,,,,,,
6897,24,24,16,1,1,1,1,0,1,0,1,1,1,1,1,,,,,,,,,,,,
6898,24,24,16,1,1,1,1,0,1,1,0,1,1,1,1,,,,,,,,,,,,
6899,24,24,16,1,1,1,1,0,1,1,1,0,1,1,1,,,,,,,,,,,,
6900,24,24,16,1,1,1,1,0,1,1,1,1,0,1,1,,,,,,,,,,,,
6901,24,24,16,1,1,1,1,0,1,1,1,1,1,0,1,,,,,,,,,,,,
6902,24,24,16,1,1,1,1,0,1,1,1,1,1,1,0,,,,,,,,,,,,
6903,24,24,16,1,1,1,1,1,0,1,1,1,1,1,1,,,,,,,,,,,,
6904,24,24,16,1,1,1,1,1,0,0,1,1,1,1,1,,,,,,,,,,,,
6905,24,24,16,1,1,1,1,1,0,1,0,1,1,1,1,,,,,,,,,,,,
6906,24,24,16,1,1,1,1,1,0,1,1,0,1,1,1,,,,,,,,,,,,
6907,24,24,16,1,1,1,1,1,0,1,1,1,0,1,1,,,,,,,,,,,,
6908,24,24,16,1,1,1,1,1,0,1,1,1,1,0,1,,,,,,,,,,,,
6909,24,24,16,1,1,1,1,1,0,1,1,1,1,1,0,,,,,,,,,,,,
6910,16,48,96,1,1,1,1,1,1,1,1,1,1,1,1,,,,,,,,,,,,
6911,16,48,96,1,1,1,1,1,1,0,1,1,1,1,1,,,,,,,,,,,,
6912,16,48,96,1,1,1,1,1,1,1,0,1,1,1,1,,,,,,,,,,,,
6913,16,48,96,1,1,1,1,1,1,1,1,0,1,1,1,,,,,,,,,,,,
6914,16,48,96,1,1,1,1,1,1,1,1,1,0,1,1,,,,,,,,,,,,
6915,16,48,96,1,1,1,1,1,1,1,1,1,1,0,1,,,,,,,,,,,,
6916,16,48,96,1,1,1,1,1,1,1,1,1,1,1,0,,,,,,,,,,,,
6917,16,48,96,0,1,1,1,1,1,1,1,1,1,1,1,,,,,,,,,,,,
6918,16,48,96,0,1,1,1,1,1,0,1,1,1,1,1,,,,,,,,,,,,
6919,16,48,96,0,1,1,1,1,1,1,0,1,1,1,1,,,,,,,,,,,,
6920,16,48,96,0,1,1,1,1,1,1,1,0,1,1,1,,,,,,,,,,,,
6921,16,48,96,0,1,1,1,1,1,1,1,1,0,1,1,,,,,,,,,,,,
6922,16,48,96,0,1,1,1,1,1,1,1,1,1,0,1,,,,,,,,,,,,
6923,16,48,96,0,1,1,1,1,1,1,1,1,1,1,0,,,,,,,,,,,,
6924,16,48,96,1,0,1,1,1,1,1,1,1,1,1,1,,,,,,,,,,,,
6925,16,48,96,1,0,1,1,1,1,0,1,1,1,1,1,,,,,,,,,,,,
6926,16,48,96,1,0,1,1,1,1,1,0,1,1,1,1,,,,,,,,,,,,
6927,16,48,96,1,0,1,1,1,1,1,1,0,1,1,1,,,,,,,,,,,,
6928,16,48,96,1,0,1,1,1,1,1,1,1,0,1,1,,,,,,,,,,,,
6929,16,48,96,1,0,1,1,1,1,1,1,1,1,0,1,,,,,,,,,,,,
6930,16,48,96,1,0,1,1,1,1,1,1,1,1,1,0,,,,,,,,,,,,
6931,16,48,96,1,1,0,1,1,1,1,1,1,1,1,1,,,,,,,,,,,,
6932,16,48,96,1,1,0,1,1,1,0,1,1,1,1,1,,,,,,,,,,,,
6933,16,48,96,1,1,0,1,1,1,1,0,1,1,1,1,,,,,,,,,,,,
6934,16,48,96,1,1,0,1,1,1,1,1,0,1,1,1,,,,,,,,,,,,
6935,16,48,96,1,1,0,1,1,1,1,1,1,0,1,1,,,,,,,,,,,,
6936,16,48,96,1,1,0,1,1,1,1,1,1,1,0,1,,,,,,,,,,,,
6937,16,48,96,1,1,0,1,1,1,1,1,1,1,1,0,,,,,,,,,,,,
6938,16,48,96,1,1,1,0,1,1,1,1,1,1,1,1,,,,,,,,,,,,
6939,16,48,96,1,1,1,0,1,1,0,1,1,1,1,1,,,,,,,,,,,,
6940,16,48,96,1,1,1,0,1,1,1,0,1,1,1,1,,,,,,,,,,,,
6941,16,48,96,1,1,1,0,1,1,1,1,0,1,1,1,,,,,,,,,,,,
6942,16,48,96,1,1,1,0,1,1,1,1,1,0,1,1,,,,,,,,,,,,
6943,16,48,96,1,1,1,0,1,1,1,1,1,1,0,1,,,,,,,,,,,,
6944,16,48,96,1,1,1,0,1,1,1,1,1,1,1,0,,,,,,,,,,,,
6945,16,48,96,1,1,1,1,0,1,1,1,1,1,1,1,,,,,,,,,,,,
6946,16,48,96,1,1,1,1,0,1,0,1,1,1,1,1,,,,,,,,,,,,
6947,16,48,96,1,1,1,1,0,1,1,0,1,1,1,1,,,,,,,,,,,,
6948,16,48,96,1,1,1,1,0,1,1,1,0,1,1,1,,,,,,,,,,,,
6949,16,48,96,1,1,1,1,0,1,1,1,1,0,1,1,,,,,,,,,,,,
6950,16,48,96,1,1,1,1,0,1,1,1,1,1,0,1,,,,,,,,,,,,
6951,16,48,96,1,1,1,1,0,1,1,1,1,1,1,0,,,,,,,,,,,,
6952,16,48,96,1,1,1,1,1,0,1,1,1,1,1,1,,,,,,,,,,,,
6953,16,48,96,1,1,1,1,1,0,0,1,1,1,1,1,,,,,,,,,,,,
6954,16,48,96,1,1,1,1,1,0,1,0,1,1,1,1,,,,,,,,,,,,
6955,16,48,96,1,1,1,1,1,0,1,1,0,1,1,1,,,,,,,,,,,,
6956,16,48,96,1,1,1,1,1,0,1,1,1,0,1,1,,,,,,,,,,,,
6957,16,48,96,1,1,1,1,1,0,1,1,1,1,0,1,,,,,,,,,,,,
6958,16,48,96,1,1,1,1,1,0,1,1,1,1,1,0,,,,,,,,,,,,
6959,64,24,48,1,1,1,1,1,1,1,1,1,1,1,1,,,,,,,,,,,,
6960,64,24,48,1,1,1,1,1,1,0,1,1,1,1,1,,,,,,,,,,,,
6961,64,24,48,1,1,1,1,1,1,1,0,1,1,1,1,,,,,,,,,,,,
6962,64,24,48,1,1,1,1,1,1,1,1,0,1,1,1,,,,,,,,,,,,
6963,64,24,48,1,1,1,1,1,1,1,1,1,0,1,1,,,,,,,,,,,,
6964,64,24,48,1,1,1,1,1,1,1,1,1,1,0,1,,,,,,,,,,,,
6965,64,24,48,1,1,1,1,1,1,1,1,1,1,1,0,,,,,,,,,,,,
6966,64,24,48,0,1,1,1,1,1,1,1,1,1,1,1,,,,,,,,,,,,
6967,64,24,48,0,1,1,1,1,1,0,1,1,1,1,1,,,,,,,,,,,,
6968,64,24,48,0,1,1,1,1,1,1,0,1,1,1,1,,,,,,,,,,,,
6969,64,24,48,0,1,1,1,1,1,1,1,0,1,1,1,,,,,,,,,,,,
6970,64,24,48,0,1,1,1,1,1,1,1,1,0,1,1,,,,,,,,,,,,
6971,64,24,48,0,1,1,1,1,1,1,1,1,1,0,1,,,,,,,,,,,,
6972,64,24,48,0,1,1,1,1,1,1,1,1,1,1,0,,,,,,,,,,,,
6973,64,24,48,1,0,1,1,1,1,1,1,1,1,1,1,,,,,,,,,,,,
6974,64,24,48,1,0,1,1,1,1,0,1,1,1,1,1,,,,,,,,,,,,
6975,64,24,48,1,0,1,1,1,1,1,0,1,1,1,1,,,,,,,,,,,,
6976,64,24,48,1,0,1,1,1,1,1,1,0,1,1,1,,,,,,,,,,,,
6977,64,24,48,1,0,1,1,1,1,1,1,1,0,1,1,,,,,,,,,,,,
6978,64,24,48,1,0,1,1,1,1,1,1,1,1,0,1,,,,,,,,,,,,
6979,64,24,48,1,0,1,1,1,1,1,1,1,1,1,0,,,,,,,,,,,,
6980,64,24,48,1,1,0,1,1,1,1,1,1,1,1,1,,,,,,,,,,,,
6981,64,24,48,1,1,0,1,1,1,0,1,1,1,1,1,,,,,,,,,,,,
6982,64,24,48,1,1,0,1,1,1,1,0,1,1,1,1,,,,,,,,,,,,
6983,64,24,48,1,1,0,1,1,1,1,1,0,1,1,1,,,,,,,,,,,,
6984,64,24,48,1,1,0,1,1,1,1,1,1,0,1,1,,,,,,,,,,,,
6985,64,24,48,1,1,0,1,1,1,1,1,1,1,0,1,,,,,,,,,,,,
6986,64,24,48,1,1,0,1,1,1,1,1,1,1,1,0,,,,,,,,,,,,
6987,64,24,48,1,1,1,0,1,1,1,1,1,1,1,1,,,,,,,,,,,,
6988,64,24,48,1,1,1,0,1,1,0,1,1,1,1,1,,,,,,,,,,,,
6989,64,24,48,1,1,1,0,1,1,1,0,1,1,1,1,,,,,,,,,,,,
6990,64,24,48,1,1,1,0,1,1,1,1,0,1,1,1,,,,,,,,,,,,
6991,64,24,48,1,1,1,0,1,1,1,1,1,0,1,1,,,,,,,,,,,,
6992,64,24,48,1,1,1,0,1,1,1,1,1,1,0,1,,,,,,,,,,,,
6993,64,24,48,1,1,1,0,1,1,1,1,1,1,1,0,,,,,,,,,,,,
6994,64,24,48,1,1,1,1,0,1,1,1,1,1,1,1,,,,,,,,,,,,
6995,64,24,48,1,1,1,1,0,1,0,1,1,1,1,1,,,,,,,,,,,,
6996,64,24,48,1,1,1,1,0,1,1,0,1,1,1,1,,,,,,,,,,,,
6997,64,24,48,1,1,1,1,0,1,1,1,0,1,1,1,,,,,,,,,,,,
6998,64,24,48,1,1,1,1,0,1,1,1,1,0,1,1,,,,,,,,,,,,
6999,64,24,48,1,1,1,1,0,1,1,1,1,1,0,1,,,,,,,,,,,,
7000,64,24,48,1,1,1,1,0,1,1,1,1,1,1,0,,,,,,,,,,,,
7001,64,24,48,1,1,1,1,1,0,1,1,1,1,1,1,,,,,,,,,,,,
7002,64,24,48,1,1,1,1,1,0,0,1,1,1,1,1,,,,,,,,,,,,
7003,64,24,48,1,1,1,1,1,0,1,0,1,1,1,1,,,,,,,,,,,,
7004,64,24,48,1,1,1,1,1,0,1,1,0,1,1,1,,,,,,,,,,,,
7005,64,24,48,1,1,1,1,1,0,1,1,1,0,1,1,,,,,,,,,,,,
7006,64,24,48,1,1,1,1,1,0,1,1,1,1,0,1,,,,,,,,,,,,
7007,64,24,48,1,1,1,1,1,0,1,1,1,1,1,0,,,,,,,,,,,,
7008,16,24,96,1,1,1,1,1,1,1,1,1,1,1,1,,,,,,,,,,,,
7009,16,24,96,1,1,1,1,1,1,0,1,1,1,1,1,,,,,,,,,,,,
7010,16,24,96,1,1,1,1,1,1,1,0,1,1,1,1,,,,,,,,,,,,
7011,16,24,96,1,1,1,1,1,1,1,1,0,1,1,1,,,,,,,,,,,,
7012,16,24,96,1,1,1,1,1,1,1,1,1,0,1,1,,,,,,,,,,,,
7013,16,24,96,1,1,1,1,1,1,1,1,1,1,0,1,,,,,,,,,,,,
7014,16,24,96,1,1,1,1,1,1,1,1,1,1,1,0,,,,,,,,,,,,
7015,16,24,96,0,1,1,1,1,1,1,1,1,1,1,1,,,,,,,,,,,,
7016,16,24,96,0,1,1,1,1,1,0,1,1,1,1,1,,,,,,,,,,,,
7017,16,24,96,0,1,1,1,1,1,1,0,1,1,1,1,,,,,,,,,,,,
7018,16,24,96,0,1,1,1,1,1,1,1,0,1,1,1,,,,,,,,,,,,
7019,16,24,96,0,1,1,1,1,1,1,1,1,0,1,1,,,,,,,,,,,,
7020,16,24,96,0,1,1,1,1,1,1,1,1,1,0,1,,,,,,,,,,,,
7021,16,24,96,0,1,1,1,1,1,1,1,1,1,1,0,,,,,,,,,,,,
7022,16,24,96,1,0,1,1,1,1,1,1,1,1,1,1,,,,,,,,,,,,
7023,16,24,96,1,0,1,1,1,1,0,1,1,1,1,1,,,,,,,,,,,,
7024,16,24,96,1,0,1,1,1,1,1,0,1,1,1,1,,,,,,,,,,,,
7025,16,24,96,1,0,1,1,1,1,1,1,0,1,1,1,,,,,,,,,,,,
7026,16,24,96,1,0,1,1,1,1,1,1,1,0,1,1,,,,,,,,,,,,
7027,16,24,96,1,0,1,1,1,1,1,1,1,1,0,1,,,,,,,,,,,,
7028,16,24,96,1,0,1,1,1,1,1,1,1,1,1,0,,,,,,,,,,,,
7029,16,24,96,1,1,0,1,1,1,1,1,1,1,1,1,,,,,,,,,,,,
7030,16,24,96,1,1,0,1,1,1,0,1,1,1,1,1,,,,,,,,,,,,
7031,16,24,96,1,1,0,1,1,1,1,0,1,1,1,1,,,,,,,,,,,,
7032,16,24,96,1,1,0,1,1,1,1,1,0,1,1,1,,,,,,,,,,,,
7033,16,24,96,1,1,0,1,1,1,1,1,1,0,1,1,,,,,,,,,,,,
7034,16,24,96,1,1,0,1,1,1,1,1,1,1,0,1,,,,,,,,,,,,
7035,16,24,96,1,1,0,1,1,1,1,1,1,1,1,0,,,,,,,,,,,,
7036,16,24,96,1,1,1,0,1,1,1,1,1,1,1,1,,,,,,,,,,,,
7037,16,24,96,1,1,1,0,1,1,0,1,1,1,1,1,,,,,,,,,,,,
7038,16,24,96,1,1,1,0,1,1,1,0,1,1,1,1,,,,,,,,,,,,
7039,16,24,96,1,1,1,0,1,1,1,1,0,1,1,1,,,,,,,,,,,,
7040,16,24,96,1,1,1,0,1,1,1,1,1,0,1,1,,,,,,,,,,,,
7041,16,24,96,1,1,1,0,1,1,1,1,1,1,0,1,,,,,,,,,,,,
7042,16,24,96,1,1,1,0,1,1,1,1,1,1,1,0,,,,,,,,,,,,
7043,16,24,96,1,1,1,1,0,1,1,1,1,1,1,1,,,,,,,,,,,,
7044,16,24,96,1,1,1,1,0,1,0,1,1,1,1,1,,,,,,,,,,,,
7045,16,24,96,1,1,1,1,0,1,1,0,1,1,1,1,,,,,,,,,,,,
7046,16,24,96,1,1,1,1,0,1,1,1,0,1,1,1,,,,,,,,,,,,
7047,16,24,96,1,1,1,1,0,1,1,1,1,0,1,1,,,,,,,,,,,,
7048,16,24,96,1,1,1,1,0,1,1,1,1,1,0,1,,,,,,,,,,,,
7049,16,24,96,1,1,1,1,0,1,1,1,1,1,1,0,,,,,,,,,,,,
7050,16,24,96,1,1,1,1,1,0,1,1,1,1,1,1,,,,,,,,,,,,
7051,16,24,96,1,1,1,1,1,0,0,1,1,1,1,1,,,,,,,,,,,,
7052,16,24,96,1,1,1,1,1,0,1,0,1,1,1,1,,,,,,,,,,,,
7053,16,24,96,1,1,1,1,1,0,1,1,0,1,1,1,,,,,,,,,,,,
7054,16,24,96,1,1,1,1,1,0,1,1,1,0,1,1,,,,,,,,,,,,
7055,16,24,96,1,1,1,1,1,0,1,1,1,1,0,1,,,,,,,,,,,,
7056,16,24,96,1,1,1,1,1,0,1,1,1,1,1,0,,,,,,,,,,,,
7057,96,24,24,1,1,1,1,1,1,1,1,1,1,1,1,,,,,,,,,,,,
7058,96,24,24,1,1,1,1,1,1,0,1,1,1,1,1,,,,,,,,,,,,
7059,96,24,24,1,1,1,1,1,1,1,0,1,1,1,1,,,,,,,,,,,,
7060,96,24,24,1,1,1,1,1,1,1,1,0,1,1,1,,,,,,,,,,,,
7061,96,24,24,1,1,1,1,1,1,1,1,1,0,1,1,,,,,,,,,,,,
7062,96,24,24,1,1,1,1,1,1,1,1,1,1,0,1,,,,,,,,,,,,
7063,96,24,24,1,1,1,1,1,1,1,1,1,1,1,0,,,,,,,,,,,,
7064,96,24,24,0,1,1,1,1,1,1,1,1,1,1,1,,,,,,,,,,,,
7065,96,24,24,0,1,1,1,1,1,0,1,1,1,1,1,,,,,,,,,,,,
7066,96,24,24,0,1,1,1,1,1,1,0,1,1,1,1,,,,,,,,,,,,
7067,96,24,24,0,1,1,1,1,1,1,1,0,1,1,1,,,,,,,,,,,,
7068,96,24,24,0,1,1,1,1,1,1,1,1,0,1,1,,,,,,,,,,,,
7069,96,24,24,0,1,1,1,1,1,1,1,1,1,0,1,,,,,,,,,,,,
7070,96,24,24,0,1,1,1,1,1,1,1,1,1,1,0,,,,,,,,,,,,
7071,96,24,24,1,0,1,1,1,1,1,1,1,1,1,1,,,,,,,,,,,,
7072,96,24,24,1,0,1,1,1,1,0,1,1,1,1,1,,,,,,,,,,,,
7073,96,24,24,1,0,1,1,1,1,1,0,1,1,1,1,,,,,,,,,,,,
7074,96,24,24,1,0,1,1,1,1,1,1,0,1,1,1,,,,,,,,,,,,
7075,96,24,24,1,0,1,1,1,1,1,1,1,0,1,1,,,,,,,,,,,,
7076,96,24,24,1,0,1,1,1,1,1,1,1,1,0,1,,,,,,,,,,,,
7077,96,24,24,1,0,1,1,1,1,1,1,1,1,1,0,,,,,,,,,,,,
7078,96,24,24,1,1,0,1,1,1,1,1,1,1,1,1,,,,,,,,,,,,
7079,96,24,24,1,1,0,1,1,1,0,1,1,1,1,1,,,,,,,,,,,,
7080,96,24,24,1,1,0,1,1,1,1,0,1,1,1,1,,,,,,,,,,,,
7081,96,24,24,1,1,0,1,1,1,1,1,0,1,1,1,,,,,,,,,,,,
7082,96,24,24,1,1,0,1,1,1,1,1,1,0,1,1,,,,,,,,,,,,
7083,96,24,24,1,1,0,1,1,1,1,1,1,1,0,1,,,,,,,,,,,,
7084,96,24,24,1,1,0,1,1,1,1,1,1,1,1,0,,,,,,,,,,,,
7085,96,24,24,1,1,1,0,1,1,1,1,1,1,1,1,,,,,,,,,,,,
7086,96,24,24,1,1,1,0,1,1,0,1,1,1,1,1,,,,,,,,,,,,
7087,96,24,24,1,1,1,0,1,1,1,0,1,1,1,1,,,,,,,,,,,,
7088,96,24,24,1,1,1,0,1,1,1,1,0,1,1,1,,,,,,,,,,,,
7089,96,24,24,1,1,1,0,1,1,1,1,1,0,1,1,,,,,,,,,,,,
7090,96,24,24,1,1,1,0,1,1,1,1,1,1,0,1,,,,,,,,,,,,
7091,96,24,24,1,1,1,0,1,1,1,1,1,1,1,0,,,,,,,,,,,,
7092,96,24,24,1,1,1,1,0,1,1,1,1,1,1,1,,,,,,,,,,,,
7093,96,24,24,1,1,1,1,0,1,0,1,1,1,1,1,,,,,,,,,,,,
7094,96,24,24,1,1,1,1,0,1,1,0,1,1,1,1,,,,,,,,,,,,
7095,96,24,24,1,1,1,1,0,1,1,1,0,1,1,1,,,,,,,,,,,,
7096,96,24,24,1,1,1,1,0,1,1,1,1,0,1,1,,,,,,,,,,,,
7097,96,24,24,1,1,1,1,0,1,1,1,1,1,0,1,,,,,,,,,,,,
7098,96,24,24,1,1,1,1,0,1,1,1,1,1,1,0,,,,,,,,,,,,
7099,96,24,24,1,1,1,1,1,0,1,1,1,1,1,1,,,,,,,,,,,,
7100,96,24,24,1,1,1,1,1,0,0,1,1,1,1,1,,,,,,,,,,,,
7101,96,24,24,1,1,1,1,1,0,1,0,1,1,1,1,,,,,,,,,,,,
7102,96,24,24,1,1,1,1,1,0,1,1,0,1,1,1,,,,,,,,,,,,
7103,96,24,24,1,1,1,1,1,0,1,1,1,0,1,1,,,,,,,,,,,,
7104,96,24,24,1,1,1,1,1,0,1,1,1,1,0,1,,,,,,,,,,,,
7105,96,24,24,1,1,1,1,1,0,1,1,1,1,1,0,,,,,,,,,,,,
7106,16,64,96,1,1,1,1,1,1,1,1,1,1,1,1,,,,,,,,,,,,
7107,16,64,96,1,1,1,1,1,1,0,1,1,1,1,1,,,,,,,,,,,,
7108,16,64,96,1,1,1,1,1,1,1,0,1,1,1,1,,,,,,,,,,,,
7109,16,64,96,1,1,1,1,1,1,1,1,0,1,1,1,,,,,,,,,,,,
7110,16,64,96,1,1,1,1,1,1,1,1,1,0,1,1,,,,,,,,,,,,
7111,16,64,96,1,1,1,1,1,1,1,1,1,1,0,1,,,,,,,,,,,,
7112,16,64,96,1,1,1,1,1,1,1,1,1,1,1,0,,,,,,,,,,,,
7113,16,64,96,0,1,1,1,1,1,1,1,1,1,1,1,,,,,,,,,,,,
7114,16,64,96,0,1,1,1,1,1,0,1,1,1,1,1,,,,,,,,,,,,
7115,16,64,96,0,1,1,1,1,1,1,0,1,1,1,1,,,,,,,,,,,,
7116,16,64,96,0,1,1,1,1,1,1,1,0,1,1,1,,,,,,,,,,,,
7117,16,64,96,0,1,1,1,1,1,1,1,1,0,1,1,,,,,,,,,,,,
7118,16,64,96,0,1,1,1,1,1,1,1,1,1,0,1,,,,,,,,,,,,
7119,16,64,96,0,1,1,1,1,1,1,1,1,1,1,0,,,,,,,,,,,,
7120,16,64,96,1,0,1,1,1,1,1,1,1,1,1,1,,,,,,,,,,,,
7121,16,64,96,1,0,1,1,1,1,0,1,1,1,1,1,,,,,,,,,,,,
7122,16,64,96,1,0,1,1,1,1,1,0,1,1,1,1,,,,,,,,,,,,
7123,16,64,96,1,0,1,1,1,1,1,1,0,1,1,1,,,,,,,,,,,,
7124,16,64,96,1,0,1,1,1,1,1,1,1,0,1,1,,,,,,,,,,,,
7125,16,64,96,1,0,1,1,1,1,1,1,1,1,0,1,,,,,,,,,,,,
7126,16,64,96,1,0,1,1,1,1,1,1,1,1,1,0,,,,,,,,,,,,
7127,16,64,96,1,1,0,1,1,1,1,1,1,1,1,1,,,,,,,,,,,,
7128,16,64,96,1,1,0,1,1,1,0,1,1,1,1,1,,,,,,,,,,,,
7129,16,64,96,1,1,0,1,1,1,1,0,1,1,1,1,,,,,,,,,,,,
7130,16,64,96,1,1,0,1,1,1,1,1,0,1,1,1,,,,,,,,,,,,
7131,16,64,96,1,1,0,1,1,1,1,1,1,0,1,1,,,,,,,,,,,,
7132,16,64,96,1,1,0,1,1,1,1,1,1,1,0,1,,,,,,,,,,,,
7133,16,64,96,1,1,0,1,1,1,1,1,1,1,1,0,,,,,,,,,,,,
7134,16,64,96,1,1,1,0,1,1,1,1,1,1,1,1,,,,,,,,,,,,
7135,16,64,96,1,1,1,0,1,1,0,1,1,1,1,1,,,,,,,,,,,,
7136,16,64,96,1,1,1,0,1,1,1,0,1,1,1,1,,,,,,,,,,,,
7137,16,64,96,1,1,1,0,1,1,1,1,0,1,1,1,,,,,,,,,,,,
7138,16,64,96,1,1,1,0,1,1,1,1,1,0,1,1,,,,,,,,,,,,
7139,16,64,96,1,1,1,0,1,1,1,1,1,1,0,1,,,,,,,,,,,,
7140,16,64,96,1,1,1,0,1,1,1,1,1,1,1,0,,,,,,,,,,,,
7141,16,64,96,1,1,1,1,0,1,1,1,1,1,1,1,,,,,,,,,,,,
7142,16,64,96,1,1,1,1,0,1,0,1,1,1,1,1,,,,,,,,,,,,
7143,16,64,96,1,1,1,1,0,1,1,0,1,1,1,1,,,,,,,,,,,,
7144,16,64,96,1,1,1,1,0,1,1,1,0,1,1,1,,,,,,,,,,,,
7145,16,64,96,1,1,1,1,0,1,1,1,1,0,1,1,,,,,,,,,,,,
7146,16,64,96,1,1,1,1,0,1,1,1,1,1,0,1,,,,,,,,,,,,
7147,16,64,96,1,1,1,1,0,1,1,1,1,1,1,0,,,,,,,,,,,,
7148,16,64,96,1,1,1,1,1,0,1,1,1,1,1,1,,,,,,,,,,,,
7149,16,64,96,1,1,1,1,1,0,0,1,1,1,1,1,,,,,,,,,,,,
7150,16,64,96,1,1,1,1,1,0,1,0,1,1,1,1,,,,,,,,,,,,
7151,16,64,96,1,1,1,1,1,0,1,1,0,1,1,1,,,,,,,,,,,,
7152,16,64,96,1,1,1,1,1,0,1,1,1,0,1,1,,,,,,,,,,,,
7153,16,64,96,1,1,1,1,1,0,1,1,1,1,0,1,,,,,,,,,,,,
7154,16,64,96,1,1,1,1,1,0,1,1,1,1,1,0,,,,,,,,,,,,
7155,64,64,96,1,1,1,1,1,1,1,1,1,1,1,1,,,,,,,,,,,,
7156,64,64,96,1,1,1,1,1,1,0,1,1,1,1,1,,,,,,,,,,,,
7157,64,64,96,1,1,1,1,1,1,1,0,1,1,1,1,,,,,,,,,,,,
7158,64,64,96,1,1,1,1,1,1,1,1,0,1,1,1,,,,,,,,,,,,
7159,64,64,96,1,1,1,1,1,1,1,1,1,0,1,1,,,,,,,,,,,,
7160,64,64,96,1,1,1,1,1,1,1,1,1,1,0,1,,,,,,,,,,,,
7161,64,64,96,1,1,1,1,1,1,1,1,1,1,1,0,,,,,,,,,,,,
7162,64,64,96,0,1,1,1,1,1,1,1,1,1,1,1,,,,,,,,,,,,
7163,64,64,96,0,1,1,1,1,1,0,1,1,1,1,1,,,,,,,,,,,,
7164,64,64,96,0,1,1,1,1,1,1,0,1,1,1,1,,,,,,,,,,,,
7165,64,64,96,0,1,1,1,1,1,1,1,0,1,1,1,,,,,,,,,,,,
7166,64,64,96,0,1,1,1,1,1,1,1,1,0,1,1,,,,,,,,,,,,
7167,64,64,96,0,1,1,1,1,1,1,1,1,1,0,1,,,,,,,,,,,,
7168,64,64,96,0,1,1,1,1,1,1,1,1,1,1,0,,,,,,,,,,,,
7169,64,64,96,1,0,1,1,1,1,1,1,1,1,1,1,,,,,,,,,,,,
7170,64,64,96,1,0,1,1,1,1,0,1,1,1,1,1,,,,,,,,,,,,
7171,64,64,96,1,0,1,1,1,1,1,0,1,1,1,1,,,,,,,,,,,,
7172,64,64,96,1,0,1,1,1,1,1,1,0,1,1,1,,,,,,,,,,,,
7173,64,64,96,1,0,1,1,1,1,1,1,1,0,1,1,,,,,,,,,,,,
7174,64,64,96,1,0,1,1,1,1,1,1,1,1,0,1,,,,,,,,,,,,
7175,64,64,96,1,0,1,1,1,1,1,1,1,1,1,0,,,,,,,,,,,,
7176,64,64,96,1,1,0,1,1,1,1,1,1,1,1,1,,,,,,,,,,,,
7177,64,64,96,1,1,0,1,1,1,0,1,1,1,1,1,,,,,,,,,,,,
7178,64,64,96,1,1,0,1,1,1,1,0,1,1,1,1,,,,,,,,,,,,
7179,64,64,96,1,1,0,1,1,1,1,1,0,1,1,1,,,,,,,,,,,,
7180,64,64,96,1,1,0,1,1,1,1,1,1,0,1,1,,,,,,,,,,,,
7181,64,64,96,1,1,0,1,1,1,1,1,1,1,0,1,,,,,,,,,,,,
7182,64,64,96,1,1,0,1,1,1,1,1,1,1,1,0,,,,,,,,,,,,
7183,64,64,96,1,1,1,0,1,1,1,1,1,1,1,1,,,,,,,,,,,,
7184,64,64,96,1,1,1,0,1,1,0,1,1,1,1,1,,,,,,,,,,,,
7185,64,64,96,1,1,1,0,1,1,1,0,1,1,1,1,,,,,,,,,,,,
7186,64,64,96,1,1,1,0,1,1,1,1,0,1,1,1,,,,,,,,,,,,
7187,64,64,96,1,1,1,0,1,1,1,1,1,0,1,1,,,,,,,,,,,,
7188,64,64,96,1,1,1,0,1,1,1,1,1,1,0,1,,,,,,,,,,,,
7189,64,64,96,1,1,1,0,1,1,1,1,1,1,1,0,,,,,,,,,,,,
7190,64,64,96,1,1,1,1,0,1,1,1,1,1,1,1,,,,,,,,,,,,
7191,64,64,96,1,1,1,1,0,1,0,1,1,1,1,1,,,,,,,,,,,,
7192,64,64,96,1,1,1,1,0,1,1,0,1,1,1,1,,,,,,,,,,,,
7193,64,64,96,1,1,1,1,0,1,1,1,0,1,1,1,,,,,,,,,,,,
7194,64,64,96,1,1,1,1,0,1,1,1,1,0,1,1,,,,,,,,,,,,
7195,64,64,96,1,1,1,1,0,1,1,1,1,1,0,1,,,,,,,,,,,,
7196,64,64,96,1,1,1,1,0,1,1,1,1,1,1,0,,,,,,,,,,,,
7197,64,64,96,1,1,1,1,1,0,1,1,1,1,1,1,,,,,,,,,,,,
7198,64,64,96,1,1,1,1,1,0,0,1,1,1,1,1,,,,,,,,,,,,
7199,64,64,96,1,1,1,1,1,0,1,0,1,1,1,1,,,,,,,,,,,,
7200,64,64,96,1,1,1,1,1,0,1,1,0,1,1,1,,,,,,,,,,,,
7201,64,64,96,1,1,1,1,1,0,1,1,1,0,1,1,,,,,,,,,,,,
7202,64,64,96,1,1,1,1,1,0,1,1,1,1,0,1,,,,,,,,,,,,
7203,64,64,96,1,1,1,1,1,0,1,1,1,1,1,0,,,,,,,,,,,,
7204,96,96,16,1,1,1,1,1,1,1,1,1,1,1,1,,,,,,,,,,,,
7205,96,96,16,1,1,1,1,1,1,0,1,1,1,1,1,,,,,,,,,,,,
7206,96,96,16,1,1,1,1,1,1,1,0,1,1,1,1,,,,,,,,,,,,
7207,96,96,16,1,1,1,1,1,1,1,1,0,1,1,1,,,,,,,,,,,,
7208,96,96,16,1,1,1,1,1,1,1,1,1,0,1,1,,,,,,,,,,,,
7209,96,96,16,1,1,1,1,1,1,1,1,1,1,0,1,,,,,,,,,,,,
7210,96,96,16,1,1,1,1,1,1,1,1,1,1,1,0,,,,,,,,,,,,
7211,96,96,16,0,1,1,1,1,1,1,1,1,1,1,1,,,,,,,,,,,,
7212,96,96,16,0,1,1,1,1,1,0,1,1,1,1,1,,,,,,,,,,,,
7213,96,96,16,0,1,1,1,1,1,1,0,1,1,1,1,,,,,,,,,,,,
7214,96,96,16,0,1,1,1,1,1,1,1,0,1,1,1,,,,,,,,,,,,
7215,96,96,16,0,1,1,1,1,1,1,1,1,0,1,1,,,,,,,,,,,,
7216,96,96,16,0,1,1,1,1,1,1,1,1,1,0,1,,,,,,,,,,,,
7217,96,96,16,0,1,1,1,1,1,1,1,1,1,1,0,,,,,,,,,,,,
7218,96,96,16,1,0,1,1,1,1,1,1,1,1,1,1,,,,,,,,,,,,
7219,96,96,16,1,0,1,1,1,1,0,1,1,1,1,1,,,,,,,,,,,,
7220,96,96,16,1,0,1,1,1,1,1,0,1,1,1,1,,,,,,,,,,,,
7221,96,96,16,1,0,1,1,1,1,1,1,0,1,1,1,,,,,,,,,,,,
7222,96,96,16,1,0,1,1,1,1,1,1,1,0,1,1,,,,,,,,,,,,
7223,96,96,16,1,0,1,1,1,1,1,1,1,1,0,1,,,,,,,,,,,,
7224,96,96,16,1,0,1,1,1,1,1,1,1,1,1,0,,,,,,,,,,,,
7225,96,96,16,1,1,0,1,1,1,1,1,1,1,1,1,,,,,,,,,,,,
7226,96,96,16,1,1,0,1,1,1,0,1,1,1,1,1,,,,,,,,,,,,
7227,96,96,16,1,1,0,1,1,1,1,0,1,1,1,1,,,,,,,,,,,,
7228,96,96,16,1,1,0,1,1,1,1,1,0,1,1,1,,,,,,,,,,,,
7229,96,96,16,1,1,0,1,1,1,1,1,1,0,1,1,,,,,,,,,,,,
7230,96,96,16,1,1,0,1,1,1,1,1,1,1,0,1,,,,,,,,,,,,
7231,96,96,16,1,1,0,1,1,1,1,1,1,1,1,0,,,,,,,,,,,,
7232,96,96,16,1,1,1,0,1,1,1,1,1,1,1,1,,,,,,,,,,,,
7233,96,96,16,1,1,1,0,1,1,0,1,1,1,1,1,,,,,,,,,,,,
7234,96,96,16,1,1,1,0,1,1,1,0,1,1,1,1,,,,,,,,,,,,
7235,96,96,16,1,1,1,0,1,1,1,1,0,1,1,1,,,,,,,,,,,,
7236,96,96,16,1,1,1,0,1,1,1,1,1,0,1,1,,,,,,,,,,,,
7237,96,96,16,1,1,1,0,1,1,1,1,1,1,0,1,,,,,,,,,,,,
7238,96,96,16,1,1,1,0,1,1,1,1,1,1,1,0,,,,,,,,,,,,
7239,96,96,16,1,1,1,1,0,1,1,1,1,1,1,1,,,,,,,,,,,,
7240,96,96,16,1,1,1,1,0,1,0,1,1,1,1,1,,,,,,,,,,,,
7241,96,96,16,1,1,1,1,0,1,1,0,1,1,1,1,,,,,,,,,,,,
7242,96,96,16,1,1,1,1,0,1,1,1,0,1,1,1,,,,,,,,,,,,
7243,96,96,16,1,1,1,1,0,1,1,1,1,0,1,1,,,,,,,,,,,,
7244,96,96,16,1,1,1,1,0,1,1,1,1,1,0,1,,,,,,,,,,,,
7245,96,96,16,1,1,1,1,0,1,1,1,1,1,1,0,,,,,,,,,,,,
7246,96,96,16,1,1,1,1,1,0,1,1,1,1,1,1,,,,,,,,,,,,
7247,96,96,16,1,1,1,1,1,0,0,1,1,1,1,1,,,,,,,,,,,,
7248,96,96,16,1,1,1,1,1,0,1,0,1,1,1,1,,,,,,,,,,,,
7249,96,96,16,1,1,1,1,1,0,1,1,0,1,1,1,,,,,,,,,,,,
7250,96,96,16,1,1,1,1,1,0,1,1,1,0,1,1,,,,,,,,,,,,
7251,96,96,16,1,1,1,1,1,0,1,1,1,1,0,1,,,,,,,,,,,,
7252,96,96,16,1,1,1,1,1,0,1,1,1,1,1,0,,,,,,,,,,,,
7253,96,16,48,1,1,1,1,1,1,1,1,1,1,1,1,,,,,,,,,,,,
7254,96,16,48,1,1,1,1,1,1,0,1,1,1,1,1,,,,,,,,,,,,
7255,96,16,48,1,1,1,1,1,1,1,0,1,1,1,1,,,,,,,,,,,,
7256,96,16,48,1,1,1,1,1,1,1,1,0,1,1,1,,,,,,,,,,,,
7257,96,16,48,1,1,1,1,1,1,1,1,1,0,1,1,,,,,,,,,,,,
7258,96,16,48,1,1,1,1,1,1,1,1,1,1,0,1,,,,,,,,,,,,
7259,96,16,48,1,1,1,1,1,1,1,1,1,1,1,0,,,,,,,,,,,,
7260,96,16,48,0,1,1,1,1,1,1,1,1,1,1,1,,,,,,,,,,,,
7261,96,16,48,0,1,1,1,1,1,0,1,1,1,1,1,,,,,,,,,,,,
7262,96,16,48,0,1,1,1,1,1,1,0,1,1,1,1,,,,,,,,,,,,
7263,96,16,48,0,1,1,1,1,1,1,1,0,1,1,1,,,,,,,,,,,,
7264,96,16,48,0,1,1,1,1,1,1,1,1,0,1,1,,,,,,,,,,,,
7265,96,16,48,0,1,1,1,1,1,1,1,1,1,0,1,,,,,,,,,,,,
7266,96,16,48,0,1,1,1,1,1,1,1,1,1,1,0,,,,,,,,,,,,
7267,96,16,48,1,0,1,1,1,1,1,1,1,1,1,1,,,,,,,,,,,,
7268,96,16,48,1,0,1,1,1,1,0,1,1,1,1,1,,,,,,,,,,,,
7269,96,16,48,1,0,1,1,1,1,1,0,1,1,1,1,,,,,,,,,,,,
7270,96,16,48,1,0,1,1,1,1,1,1,0,1,1,1,,,,,,,,,,,,
7271,96,16,48,1,0,1,1,1,1,1,1,1,0,1,1,,,,,,,,,,,,
7272,96,16,48,1,0,1,1,1,1,1,1,1,1,0,1,,,,,,,,,,,,
7273,96,16,48,1,0,1,1,1,1,1,1,1,1,1,0,,,,,,,,,,,,
7274,96,16,48,1,1,0,1,1,1,1,1,1,1,1,1,,,,,,,,,,,,
7275,96,16,48,1,1,0,1,1,1,0,1,1,1,1,1,,,,,,,,,,,,
7276,96,16,48,1,1,0,1,1,1,1,0,1,1,1,1,,,,,,,,,,,,
7277,96,16,48,1,1,0,1,1,1,1,1,0,1,1,1,,,,,,,,,,,,
7278,96,16,48,1,1,0,1,1,1,1,1,1,0,1,1,,,,,,,,,,,,
7279,96,16,48,1,1,0,1,1,1,1,1,1,1,0,1,,,,,,,,,,,,
7280,96,16,48,1,1,0,1,1,1,1,1,1,1,1,0,,,,,,,,,,,,
7281,96,16,48,1,1,1,0,1,1,1,1,1,1,1,1,,,,,,,,,,,,
7282,96,16,48,1,1,1,0,1,1,0,1,1,1,1,1,,,,,,,,,,,,
7283,96,16,48,1,1,1,0,1,1,1,0,1,1,1,1,,,,,,,,,,,,
7284,96,16,48,1,1,1,0,1,1,1,1,0,1,1,1,,,,,,,,,,,,
7285,96,16,48,1,1,1,0,1,1,1,1,1,0,1,1,,,,,,,,,,,,
7286,96,16,48,1,1,1,0,1,1,1,1,1,1,0,1,,,,,,,,,,,,
7287,96,16,48,1,1,1,0,1,1,1,1,1,1,1,0,,,,,,,,,,,,
7288,96,16,48,1,1,1,1,0,1,1,1,1,1,1,1,,,,,,,,,,,,
7289,96,16,48,1,1,1,1,0,1,0,1,1,1,1,1,,,,,,,,,,,,
7290,96,16,48,1,1,1,1,0,1,1,0,1,1,1,1,,,,,,,,,,,,
7291,96,16,48,1,1,1,1,0,1,1,1,0,1,1,1,,,,,,,,,,,,
7292,96,16,48,1,1,1,1,0,1,1,1,1,0,1,1,,,,,,,,,,,,
7293,96,16,48,1,1,1,1,0,1,1,1,1,1,0,1,,,,,,,,,,,,
7294,96,16,48,1,1,1,1,0,1,1,1,1,1,1,0,,,,,,,,,,,,
7295,96,16,48,1,1,1,1,1,0,1,1,1,1,1,1,,,,,,,,,,,,
7296,96,16,48,1,1,1,1,1,0,0,1,1,1,1,1,,,,,,,,,,,,
7297,96,16,48,1,1,1,1,1,0,1,0,1,1,1,1,,,,,,,,,,,,
7298,96,16,48,1,1,1,1,1,0,1,1,0,1,1,1,,,,,,,,,,,,
7299,96,16,48,1,1,1,1,1,0,1,1,1,0,1,1,,,,,,,,,,,,
7300,96,16,48,1,1,1,1,1,0,1,1,1,1,0,1,,,,,,,,,,,,
7301,96,16,48,1,1,1,1,1,0,1,1,1,1,1,0,,,,,,,,,,,,
7302,48,24,16,1,1,1,1,1,1,1,1,1,1,1,1,,,,,,,,,,,,
7303,48,24,16,1,1,1,1,1,1,0,1,1,1,1,1,,,,,,,,,,,,
7304,48,24,16,1,1,1,1,1,1,1,0,1,1,1,1,,,,,,,,,,,,
7305,48,24,16,1,1,1,1,1,1,1,1,0,1,1,1,,,,,,,,,,,,
7306,48,24,16,1,1,1,1,1,1,1,1,1,0,1,1,,,,,,,,,,,,
7307,48,24,16,1,1,1,1,1,1,1,1,1,1,0,1,,,,,,,,,,,,
7308,48,24,16,1,1,1,1,1,1,1,1,1,1,1,0,,,,,,,,,,,,
7309,48,24,16,0,1,1,1,1,1,1,1,1,1,1,1,,,,,,,,,,,,
7310,48,24,16,0,1,1,1,1,1,0,1,1,1,1,1,,,,,,,,,,,,
7311,48,24,16,0,1,1,1,1,1,1,0,1,1,1,1,,,,,,,,,,,,
7312,48,24,16,0,1,1,1,1,1,1,1,0,1,1,1,,,,,,,,,,,,
7313,48,24,16,0,1,1,1,1,1,1,1,1,0,1,1,,,,,,,,,,,,
7314,48,24,16,0,1,1,1,1,1,1,1,1,1,0,1,,,,,,,,,,,,
7315,48,24,16,0,1,1,1,1,1,1,1,1,1,1,0,,,,,,,,,,,,
7316,48,24,16,1,0,1,1,1,1,1,1,1,1,1,1,,,,,,,,,,,,
7317,48,24,16,1,0,1,1,1,1,0,1,1,1,1,1,,,,,,,,,,,,
7318,48,24,16,1,0,1,1,1,1,1,0,1,1,1,1,,,,,,,,,,,,
7319,48,24,16,1,0,1,1,1,1,1,1,0,1,1,1,,,,,,,,,,,,
7320,48,24,16,1,0,1,1,1,1,1,1,1,0,1,1,,,,,,,,,,,,
7321,48,24,16,1,0,1,1,1,1,1,1,1,1,0,1,,,,,,,,,,,,
7322,48,24,16,1,0,1,1,1,1,1,1,1,1,1,0,,,,,,,,,,,,
7323,48,24,16,1,1,0,1,1,1,1,1,1,1,1,1,,,,,,,,,,,,
7324,48,24,16,1,1,0,1,1,1,0,1,1,1,1,1,,,,,,,,,,,,
7325,48,24,16,1,1,0,1,1,1,1,0,1,1,1,1,,,,,,,,,,,,
7326,48,24,16,1,1,0,1,1,1,1,1,0,1,1,1,,,,,,,,,,,,
7327,48,24,16,1,1,0,1,1,1,1,1,1,0,1,1,,,,,,,,,,,,
7328,48,24,16,1,1,0,1,1,1,1,1,1,1,0,1,,,,,,,,,,,,
7329,48,24,16,1,1,0,1,1,1,1,1,1,1,1,0,,,,,,,,,,,,
7330,48,24,16,1,1,1,0,1,1,1,1,1,1,1,1,,,,,,,,,,,,
7331,48,24,16,1,1,1,0,1,1,0,1,1,1,1,1,,,,,,,,,,,,
7332,48,24,16,1,1,1,0,1,1,1,0,1,1,1,1,,,,,,,,,,,,
7333,48,24,16,1,1,1,0,1,1,1,1,0,1,1,1,,,,,,,,,,,,
7334,48,24,16,1,1,1,0,1,1,1,1,1,0,1,1,,,,,,,,,,,,
7335,48,24,16,1,1,1,0,1,1,1,1,1,1,0,1,,,,,,,,,,,,
7336,48,24,16,1,1,1,0,1,1,1,1,1,1,1,0,,,,,,,,,,,,
7337,48,24,16,1,1,1,1,0,1,1,1,1,1,1,1,,,,,,,,,,,,
7338,48,24,16,1,1,1,1,0,1,0,1,1,1,1,1,,,,,,,,,,,,
7339,48,24,16,1,1,1,1,0,1,1,0,1,1,1,1,,,,,,,,,,,,
7340,48,24,16,1,1,1,1,0,1,1,1,0,1,1,1,,,,,,,,,,,,
7341,48,24,16,1,1,1,1,0,1,1,1,1,0,1,1,,,,,,,,,,,,
7342,48,24,16,1,1,1,1,0,1,1,1,1,1,0,1,,,,,,,,,,,,
7343,48,24,16,1,1,1,1,0,1,1,1,1,1,1,0,,,,,,,,,,,,
7344,48,24,16,1,1,1,1,1,0,1,1,1,1,1,1,,,,,,,,,,,,
7345,48,24,16,1,1,1,1,1,0,0,1,1,1,1,1,,,,,,,,,,,,
7346,48,24,16,1,1,1,1,1,0,1,0,1,1,1,1,,,,,,,,,,,,
7347,48,24,16,1,1,1,1,1,0,1,1,0,1,1,1,,,,,,,,,,,,
7348,48,24,16,1,1,1,1,1,0,1,1,1,0,1,1,,,,,,,,,,,,
7349,48,24,16,1,1,1,1,1,0,1,1,1,1,0,1,,,,,,,,,,,,
7350,48,24,16,1,1,1,1,1,0,1,1,1,1,1,0,,,,,,,,,,,,
7351,48,24,64,1,1,1,1,1,1,1,1,1,1,1,1,,,,,,,,,,,,
7352,48,24,64,1,1,1,1,1,1,0,1,1,1,1,1,,,,,,,,,,,,
7353,48,24,64,1,1,1,1,1,1,1,0,1,1,1,1,,,,,,,,,,,,
7354,48,24,64,1,1,1,1,1,1,1,1,0,1,1,1,,,,,,,,,,,,
7355,48,24,64,1,1,1,1,1,1,1,1,1,0,1,1,,,,,,,,,,,,
7356,48,24,64,1,1,1,1,1,1,1,1,1,1,0,1,,,,,,,,,,,,
7357,48,24,64,1,1,1,1,1,1,1,1,1,1,1,0,,,,,,,,,,,,
7358,48,24,64,0,1,1,1,1,1,1,1,1,1,1,1,,,,,,,,,,,,
7359,48,24,64,0,1,1,1,1,1,0,1,1,1,1,1,,,,,,,,,,,,
7360,48,24,64,0,1,1,1,1,1,1,0,1,1,1,1,,,,,,,,,,,,
7361,48,24,64,0,1,1,1,1,1,1,1,0,1,1,1,,,,,,,,,,,,
7362,48,24,64,0,1,1,1,1,1,1,1,1,0,1,1,,,,,,,,,,,,
7363,48,24,64,0,1,1,1,1,1,1,1,1,1,0,1,,,,,,,,,,,,
7364,48,24,64,0,1,1,1,1,1,1,1,1,1,1,0,,,,,,,,,,,,
7365,48,24,64,1,0,1,1,1,1,1,1,1,1,1,1,,,,,,,,,,,,
7366,48,24,64,1,0,1,1,1,1,0,1,1,1,1,1,,,,,,,,,,,,
7367,48,24,64,1,0,1,1,1,1,1,0,1,1,1,1,,,,,,,,,,,,
7368,48,24,64,1,0,1,1,1,1,1,1,0,1,1,1,,,,,,,,,,,,
7369,48,24,64,1,0,1,1,1,1,1,1,1,0,1,1,,,,,,,,,,,,
7370,48,24,64,1,0,1,1,1,1,1,1,1,1,0,1,,,,,,,,,,,,
7371,48,24,64,1,0,1,1,1,1,1,1,1,1,1,0,,,,,,,,,,,,
7372,48,24,64,1,1,0,1,1,1,1,1,1,1,1,1,,,,,,,,,,,,
7373,48,24,64,1,1,0,1,1,1,0,1,1,1,1,1,,,,,,,,,,,,
7374,48,24,64,1,1,0,1,1,1,1,0,1,1,1,1,,,,,,,,,,,,
7375,48,24,64,1,1,0,1,1,1,1,1,0,1,1,1,,,,,,,,,,,,
7376,48,24,64,1,1,0,1,1,1,1,1,1,0,1,1,,,,,,,,,,,,
7377,48,24,64,1,1,0,1,1,1,1,1,1,1,0,1,,,,,,,,,,,,
7378,48,24,64,1,1,0,1,1,1,1,1,1,1,1,0,,,,,,,,,,,,
7379,48,24,64,1,1,1,0,1,1,1,1,1,1,1,1,,,,,,,,,,,,
7380,48,24,64,1,1,1,0,1,1,0,1,1,1,1,1,,,,,,,,,,,,
7381,48,24,64,1,1,1,0,1,1,1,0,1,1,1,1,,,,,,,,,,,,
7382,48,24,64,1,1,1,0,1,1,1,1,0,1,1,1,,,,,,,,,,,,
7383,48,24,64,1,1,1,0,1,1,1,1,1,0,1,1,,,,,,,,,,,,
7384,48,24,64,1,1,1,0,1,1,1,1,1,1,0,1,,,,,,,,,,,,
7385,48,24,64,1,1,1,0,1,1,1,1,1,1,1,0,,,,,,,,,,,,
7386,48,24,64,1,1,1,1,0,1,1,1,1,1,1,1,,,,,,,,,,,,
7387,48,24,64,1,1,1,1,0,1,0,1,1,1,1,1,,,,,,,,,,,,
7388,48,24,64,1,1,1,1,0,1,1,0,1,1,1,1,,,,,,,,,,,,
7389,48,24,64,1,1,1,1,0,1,1,1,0,1,1,1,,,,,,,,,,,,
7390,48,24,64,1,1,1,1,0,1,1,1,1,0,1,1,,,,,,,,,,,,
7391,48,24,64,1,1,1,1,0,1,1,1,1,1,0,1,,,,,,,,,,,,
7392,48,24,64,1,1,1,1,0,1,1,1,1,1,1,0,,,,,,,,,,,,
7393,48,24,64,1,1,1,1,1,0,1,1,1,1,1,1,,,,,,,,,,,,
7394,48,24,64,1,1,1,1,1,0,0,1,1,1,1,1,,,,,,,,,,,,
7395,48,24,64,1,1,1,1,1,0,1,0,1,1,1,1,,,,,,,,,,,,
7396,48,24,64,1,1,1,1,1,0,1,1,0,1,1,1,,,,,,,,,,,,
7397,48,24,64,1,1,1,1,1,0,1,1,1,0,1,1,,,,,,,,,,,,
7398,48,24,64,1,1,1,1,1,0,1,1,1,1,0,1,,,,,,,,,,,,
7399,48,24,64,1,1,1,1,1,0,1,1,1,1,1,0,,,,,,,,,,,,
7400,16,24,48,1,1,1,1,1,1,1,1,1,1,1,1,,,,,,,,,,,,
7401,16,24,48,1,1,1,1,1,1,0,1,1,1,1,1,,,,,,,,,,,,
7402,16,24,48,1,1,1,1,1,1,1,0,1,1,1,1,,,,,,,,,,,,
7403,16,24,48,1,1,1,1,1,1,1,1,0,1,1,1,,,,,,,,,,,,
7404,16,24,48,1,1,1,1,1,1,1,1,1,0,1,1,,,,,,,,,,,,
7405,16,24,48,1,1,1,1,1,1,1,1,1,1,0,1,,,,,,,,,,,,
7406,16,24,48,1,1,1,1,1,1,1,1,1,1,1,0,,,,,,,,,,,,
7407,16,24,48,0,1,1,1,1,1,1,1,1,1,1,1,,,,,,,,,,,,
7408,16,24,48,0,1,1,1,1,1,0,1,1,1,1,1,,,,,,,,,,,,
7409,16,24,48,0,1,1,1,1,1,1,0,1,1,1,1,,,,,,,,,,,,
7410,16,24,48,0,1,1,1,1,1,1,1,0,1,1,1,,,,,,,,,,,,
7411,16,24,48,0,1,1,1,1,1,1,1,1,0,1,1,,,,,,,,,,,,
7412,16,24,48,0,1,1,1,1,1,1,1,1,1,0,1,,,,,,,,,,,,
7413,16,24,48,0,1,1,1,1,1,1,1,1,1,1,0,,,,,,,,,,,,
7414,16,24,48,1,0,1,1,1,1,1,1,1,1,1,1,,,,,,,,,,,,
7415,16,24,48,1,0,1,1,1,1,0,1,1,1,1,1,,,,,,,,,,,,
7416,16,24,48,1,0,1,1,1,1,1,0,1,1,1,1,,,,,,,,,,,,
7417,16,24,48,1,0,1,1,1,1,1,1,0,1,1,1,,,,,,,,,,,,
7418,16,24,48,1,0,1,1,1,1,1,1,1,0,1,1,,,,,,,,,,,,
7419,16,24,48,1,0,1,1,1,1,1,1,1,1,0,1,,,,,,,,,,,,
7420,16,24,48,1,0,1,1,1,1,1,1,1,1,1,0,,,,,,,,,,,,
7421,16,24,48,1,1,0,1,1,1,1,1,1,1,1,1,,,,,,,,,,,,
7422,16,24,48,1,1,0,1,1,1,0,1,1,1,1,1,,,,,,,,,,,,
7423,16,24,48,1,1,0,1,1,1,1,0,1,1,1,1,,,,,,,,,,,,
7424,16,24,48,1,1,0,1,1,1,1,1,0,1,1,1,,,,,,,,,,,,
7425,16,24,48,1,1,0,1,1,1,1,1,1,0,1,1,,,,,,,,,,,,
7426,16,24,48,1,1,0,1,1,1,1,1,1,1,0,1,,,,,,,,,,,,
7427,16,24,48,1,1,0,1,1,1,1,1,1,1,1,0,,,,,,,,,,,,
7428,16,24,48,1,1,1,0,1,1,1,1,1,1,1,1,,,,,,,,,,,,
7429,16,24,48,1,1,1,0,1,1,0,1,1,1,1,1,,,,,,,,,,,,
7430,16,24,48,1,1,1,0,1,1,1,0,1,1,1,1,,,,,,,,,,,,
7431,16,24,48,1,1,1,0,1,1,1,1,0,1,1,1,,,,,,,,,,,,
7432,16,24,48,1,1,1,0,1,1,1,1,1,0,1,1,,,,,,,,,,,,
7433,16,24,48,1,1,1,0,1,1,1,1,1,1,0,1,,,,,,,,,,,,
7434,16,24,48,1,1,1,0,1,1,1,1,1,1,1,0,,,,,,,,,,,,
7435,16,24,48,1,1,1,1,0,1,1,1,1,1,1,1,,,,,,,,,,,,
7436,16,24,48,1,1,1,1,0,1,0,1,1,1,1,1,,,,,,,,,,,,
7437,16,24,48,1,1,1,1,0,1,1,0,1,1,1,1,,,,,,,,,,,,
7438,16,24,48,1,1,1,1,0,1,1,1,0,1,1,1,,,,,,,,,,,,
7439,16,24,48,1,1,1,1,0,1,1,1,1,0,1,1,,,,,,,,,,,,
7440,16,24,48,1,1,1,1,0,1,1,1,1,1,0,1,,,,,,,,,,,,
7441,16,24,48,1,1,1,1,0,1,1,1,1,1,1,0,,,,,,,,,,,,
7442,16,24,48,1,1,1,1,1,0,1,1,1,1,1,1,,,,,,,,,,,,
7443,16,24,48,1,1,1,1,1,0,0,1,1,1,1,1,,,,,,,,,,,,
7444,16,24,48,1,1,1,1,1,0,1,0,1,1,1,1,,,,,,,,,,,,
7445,16,24,48,1,1,1,1,1,0,1,1,0,1,1,1,,,,,,,,,,,,
7446,16,24,48,1,1,1,1,1,0,1,1,1,0,1,1,,,,,,,,,,,,
7447,16,24,48,1,1,1,1,1,0,1,1,1,1,0,1,,,,,,,,,,,,
7448,16,24,48,1,1,1,1,1,0,1,1,1,1,1,0,,,,,,,,,,,,
7449,64,48,16,1,1,1,1,1,1,1,1,1,1,1,1,,,,,,,,,,,,
7450,64,48,16,1,1,1,1,1,1,0,1,1,1,1,1,,,,,,,,,,,,
7451,64,48,16,1,1,1,1,1,1,1,0,1,1,1,1,,,,,,,,,,,,
7452,64,48,16,1,1,1,1,1,1,1,1,0,1,1,1,,,,,,,,,,,,
7453,64,48,16,1,1,1,1,1,1,1,1,1,0,1,1,,,,,,,,,,,,
7454,64,48,16,1,1,1,1,1,1,1,1,1,1,0,1,,,,,,,,,,,,
7455,64,48,16,1,1,1,1,1,1,1,1,1,1,1,0,,,,,,,,,,,,
7456,64,48,16,0,1,1,1,1,1,1,1,1,1,1,1,,,,,,,,,,,,
7457,64,48,16,0,1,1,1,1,1,0,1,1,1,1,1,,,,,,,,,,,,
7458,64,48,16,0,1,1,1,1,1,1,0,1,1,1,1,,,,,,,,,,,,
7459,64,48,16,0,1,1,1,1,1,1,1,0,1,1,1,,,,,,,,,,,,
7460,64,48,16,0,1,1,1,1,1,1,1,1,0,1,1,,,,,,,,,,,,
7461,64,48,16,0,1,1,1,1,1,1,1,1,1,0,1,,,,,,,,,,,,
7462,64,48,16,0,1,1,1,1,1,1,1,1,1,1,0,,,,,,,,,,,,
7463,64,48,16,1,0,1,1,1,1,1,1,1,1,1,1,,,,,,,,,,,,
7464,64,48,16,1,0,1,1,1,1,0,1,1,1,1,1,,,,,,,,,,,,
7465,64,48,16,1,0,1,1,1,1,1,0,1,1,1,1,,,,,,,,,,,,
7466,64,48,16,1,0,1,1,1,1,1,1,0,1,1,1,,,,,,,,,,,,
7467,64,48,16,1,0,1,1,1,1,1,1,1,0,1,1,,,,,,,,,,,,
7468,64,48,16,1,0,1,1,1,1,1,1,1,1,0,1,,,,,,,,,,,,
7469,64,48,16,1,0,1,1,1,1,1,1,1,1,1,0,,,,,,,,,,,,
7470,64,48,16,1,1,0,1,1,1,1,1,1,1,1,1,,,,,,,,,,,,
7471,64,48,16,1,1,0,1,1,1,0,1,1,1,1,1,,,,,,,,,,,,
7472,64,48,16,1,1,0,1,1,1,1,0,1,1,1,1,,,,,,,,,,,,
7473,64,48,16,1,1,0,1,1,1,1,1,0,1,1,1,,,,,,,,,,,,
7474,64,48,16,1,1,0,1,1,1,1,1,1,0,1,1,,,,,,,,,,,,
7475,64,48,16,1,1,0,1,1,1,1,1,1,1,0,1,,,,,,,,,,,,
7476,64,48,16,1,1,0,1,1,1,1,1,1,1,1,0,,,,,,,,,,,,
7477,64,48,16,1,1,1,0,1,1,1,1,1,1,1,1,,,,,,,,,,,,
7478,64,48,16,1,1,1,0,1,1,0,1,1,1,1,1,,,,,,,,,,,,
7479,64,48,16,1,1,1,0,1,1,1,0,1,1,1,1,,,,,,,,,,,,
7480,64,48,16,1,1,1,0,1,1,1,1,0,1,1,1,,,,,,,,,,,,
7481,64,48,16,1,1,1,0,1,1,1,1,1,0,1,1,,,,,,,,,,,,
7482,64,48,16,1,1,1,0,1,1,1,1,1,1,0,1,,,,,,,,,,,,
7483,64,48,16,1,1,1,0,1,1,1,1,1,1,1,0,,,,,,,,,,,,
7484,64,48,16,1,1,1,1,0,1,1,1,1,1,1,1,,,,,,,,,,,,
7485,64,48,16,1,1,1,1,0,1,0,1,1,1,1,1,,,,,,,,,,,,
7486,64,48,16,1,1,1,1,0,1,1,0,1,1,1,1,,,,,,,,,,,,
7487,64,48,16,1,1,1,1,0,1,1,1,0,1,1,1,,,,,,,,,,,,
7488,64,48,16,1,1,1,1,0,1,1,1,1,0,1,1,,,,,,,,,,,,
7489,64,48,16,1,1,1,1,0,1,1,1,1,1,0,1,,,,,,,,,,,,
7490,64,48,16,1,1,1,1,0,1,1,1,1,1,1,0,,,,,,,,,,,,
7491,64,48,16,1,1,1,1,1,0,1,1,1,1,1,1,,,,,,,,,,,,
7492,64,48,16,1,1,1,1,1,0,0,1,1,1,1,1,,,,,,,,,,,,
7493,64,48,16,1,1,1,1,1,0,1,0,1,1,1,1,,,,,,,,,,,,
7494,64,48,16,1,1,1,1,1,0,1,1,0,1,1,1,,,,,,,,,,,,
7495,64,48,16,1,1,1,1,1,0,1,1,1,0,1,1,,,,,,,,,,,,
7496,64,48,16,1,1,1,1,1,0,1,1,1,1,0,1,,,,,,,,,,,,
7497,64,48,16,1,1,1,1,1,0,1,1,1,1,1,0,,,,,,,,,,,,
7498,48,96,48,1,1,1,1,1,1,1,1,1,1,1,1,,,,,,,,,,,,
7499,48,96,48,1,1,1,1,1,1,0,1,1,1,1,1,,,,,,,,,,,,
7500,48,96,48,1,1,1,1,1,1,1,0,1,1,1,1,,,,,,,,,,,,
7501,48,96,48,1,1,1,1,1,1,1,1,0,1,1,1,,,,,,,,,,,,
7502,48,96,48,1,1,1,1,1,1,1,1,1,0,1,1,,,,,,,,,,,,
7503,48,96,48,1,1,1,1,1,1,1,1,1,1,0,1,,,,,,,,,,,,
7504,48,96,48,1,1,1,1,1,1,1,1,1,1,1,0,,,,,,,,,,,,
7505,48,96,48,0,1,1,1,1,1,1,1,1,1,1,1,,,,,,,,,,,,
7506,48,96,48,0,1,1,1,1,1,0,1,1,1,1,1,,,,,,,,,,,,
7507,48,96,48,0,1,1,1,1,1,1,0,1,1,1,1,,,,,,,,,,,,
7508,48,96,48,0,1,1,1,1,1,1,1,0,1,1,1,,,,,,,,,,,,
7509,48,96,48,0,1,1,1,1,1,1,1,1,0,1,1,,,,,,,,,,,,
7510,48,96,48,0,1,1,1,1,1,1,1,1,1,0,1,,,,,,,,,,,,
7511,48,96,48,0,1,1,1,1,1,1,1,1,1,1,0,,,,,,,,,,,,
7512,48,96,48,1,0,1,1,1,1,1,1,1,1,1,1,,,,,,,,,,,,
7513,48,96,48,1,0,1,1,1,1,0,1,1,1,1,1,,,,,,,,,,,,
7514,48,96,48,1,0,1,1,1,1,1,0,1,1,1,1,,,,,,,,,,,,
7515,48,96,48,1,0,1,1,1,1,1,1,0,1,1,1,,,,,,,,,,,,
7516,48,96,48,1,0,1,1,1,1,1,1,1,0,1,1,,,,,,,,,,,,
7517,48,96,48,1,0,1,1,1,1,1,1,1,1,0,1,,,,,,,,,,,,
7518,48,96,48,1,0,1,1,1,1,1,1,1,1,1,0,,,,,,,,,,,,
7519,48,96,48,1,1,0,1,1,1,1,1,1,1,1,1,,,,,,,,,,,,
7520,48,96,48,1,1,0,1,1,1,0,1,1,1,1,1,,,,,,,,,,,,
7521,48,96,48,1,1,0,1,1,1,1,0,1,1,1,1,,,,,,,,,,,,
7522,48,96,48,1,1,0,1,1,1,1,1,0,1,1,1,,,,,,,,,,,,
7523,48,96,48,1,1,0,1,1,1,1,1,1,0,1,1,,,,,,,,,,,,
7524,48,96,48,1,1,0,1,1,1,1,1,1,1,0,1,,,,,,,,,,,,
7525,48,96,48,1,1,0,1,1,1,1,1,1,1,1,0,,,,,,,,,,,,
7526,48,96,48,1,1,1,0,1,1,1,1,1,1,1,1,,,,,,,,,,,,
7527,48,96,48,1,1,1,0,1,1,0,1,1,1,1,1,,,,,,,,,,,,
7528,48,96,48,1,1,1,0,1,1,1,0,1,1,1,1,,,,,,,,,,,,
7529,48,96,48,1,1,1,0,1,1,1,1,0,1,1,1,,,,,,,,,,,,
7530,48,96,48,1,1,1,0,1,1,1,1,1,0,1,1,,,,,,,,,,,,
7531,48,96,48,1,1,1,0,1,1,1,1,1,1,0,1,,,,,,,,,,,,
7532,48,96,48,1,1,1,0,1,1,1,1,1,1,1,0,,,,,,,,,,,,
7533,48,96,48,1,1,1,1,0,1,1,1,1,1,1,1,,,,,,,,,,,,
7534,48,96,48,1,1,1,1,0,1,0,1,1,1,1,1,,,,,,,,,,,,
7535,48,96,48,1,1,1,1,0,1,1,0,1,1,1,1,,,,,,,,,,,,
7536,48,96,48,1,1,1,1,0,1,1,1,0,1,1,1,,,,,,,,,,,,
7537,48,96,48,1,1,1,1,0,1,1,1,1,0,1,1,,,,,,,,,,,,
7538,48,96,48,1,1,1,1,0,1,1,1,1,1,0,1,,,,,,,,,,,,
7539,48,96,48,1,1,1,1,0,1,1,1,1,1,1,0,,,,,,,,,,,,
7540,48,96,48,1,1,1,1,1,0,1,1,1,1,1,1,,,,,,,,,,,,
7541,48,96,48,1,1,1,1,1,0,0,1,1,1,1,1,,,,,,,,,,,,
7542,48,96,48,1,1,1,1,1,0,1,0,1,1,1,1,,,,,,,,,,,,
7543,48,96,48,1,1,1,1,1,0,1,1,0,1,1,1,,,,,,,,,,,,
7544,48,96,48,1,1,1,1,1,0,1,1,1,0,1,1,,,,,,,,,,,,
7545,48,96,48,1,1,1,1,1,0,1,1,1,1,0,1,,,,,,,,,,,,
7546,48,96,48,1,1,1,1,1,0,1,1,1,1,1,0,,,,,,,,,,,,
7547,96,64,24,1,1,1,1,1,1,1,1,1,1,1,1,,,,,,,,,,,,
7548,96,64,24,1,1,1,1,1,1,0,1,1,1,1,1,,,,,,,,,,,,
7549,96,64,24,1,1,1,1,1,1,1,0,1,1,1,1,,,,,,,,,,,,
7550,96,64,24,1,1,1,1,1,1,1,1,0,1,1,1,,,,,,,,,,,,
7551,96,64,24,1,1,1,1,1,1,1,1,1,0,1,1,,,,,,,,,,,,
7552,96,64,24,1,1,1,1,1,1,1,1,1,1,0,1,,,,,,,,,,,,
7553,96,64,24,1,1,1,1,1,1,1,1,1,1,1,0,,,,,,,,,,,,
7554,96,64,24,0,1,1,1,1,1,1,1,1,1,1,1,,,,,,,,,,,,
7555,96,64,24,0,1,1,1,1,1,0,1,1,1,1,1,,,,,,,,,,,,
7556,96,64,24,0,1,1,1,1,1,1,0,1,1,1,1,,,,,,,,,,,,
7557,96,64,24,0,1,1,1,1,1,1,1,0,1,1,1,,,,,,,,,,,,
7558,96,64,24,0,1,1,1,1,1,1,1,1,0,1,1,,,,,,,,,,,,
7559,96,64,24,0,1,1,1,1,1,1,1,1,1,0,1,,,,,,,,,,,,
7560,96,64,24,0,1,1,1,1,1,1,1,1,1,1,0,,,,,,,,,,,,
7561,96,64,24,1,0,1,1,1,1,1,1,1,1,1,1,,,,,,,,,,,,
7562,96,64,24,1,0,1,1,1,1,0,1,1,1,1,1,,,,,,,,,,,,
7563,96,64,24,1,0,1,1,1,1,1,0,1,1,1,1,,,,,,,,,,,,
7564,96,64,24,1,0,1,1,1,1,1,1,0,1,1,1,,,,,,,,,,,,
7565,96,64,24,1,0,1,1,1,1,1,1,1,0,1,1,,,,,,,,,,,,
7566,96,64,24,1,0,1,1,1,1,1,1,1,1,0,1,,,,,,,,,,,,
7567,96,64,24,1,0,1,1,1,1,1,1,1,1,1,0,,,,,,,,,,,,
7568,96,64,24,1,1,0,1,1,1,1,1,1,1,1,1,,,,,,,,,,,,
7569,96,64,24,1,1,0,1,1,1,0,1,1,1,1,1,,,,,,,,,,,,
7570,96,64,24,1,1,0,1,1,1,1,0,1,1,1,1,,,,,,,,,,,,
7571,96,64,24,1,1,0,1,1,1,1,1,0,1,1,1,,,,,,,,,,,,
7572,96,64,24,1,1,0,1,1,1,1,1,1,0,1,1,,,,,,,,,,,,
7573,96,64,24,1,1,0,1,1,1,1,1,1,1,0,1,,,,,,,,,,,,
7574,96,64,24,1,1,0,1,1,1,1,1,1,1,1,0,,,,,,,,,,,,
7575,96,64,24,1,1,1,0,1,1,1,1,1,1,1,1,,,,,,,,,,,,
7576,96,64,24,1,1,1,0,1,1,0,1,1,1,1,1,,,,,,,,,,,,
7577,96,64,24,1,1,1,0,1,1,1,0,1,1,1,1,,,,,,,,,,,,
7578,96,64,24,1,1,1,0,1,1,1,1,0,1,1,1,,,,,,,,,,,,
7579,96,64,24,1,1,1,0,1,1,1,1,1,0,1,1,,,,,,,,,,,,
7580,96,64,24,1,1,1,0,1,1,1,1,1,1,0,1,,,,,,,,,,,,
7581,96,64,24,1,1,1,0,1,1,1,1,1,1,1,0,,,,,,,,,,,,
7582,96,64,24,1,1,1,1,0,1,1,1,1,1,1,1,,,,,,,,,,,,
7583,96,64,24,1,1,1,1,0,1,0,1,1,1,1,1,,,,,,,,,,,,
7584,96,64,24,1,1,1,1,0,1,1,0,1,1,1,1,,,,,,,,,,,,
7585,96,64,24,1,1,1,1,0,1,1,1,0,1,1,1,,,,,,,,,,,,
7586,96,64,24,1,1,1,1,0,1,1,1,1,0,1,1,,,,,,,,,,,,
7587,96,64,24,1,1,1,1,0,1,1,1,1,1,0,1,,,,,,,,,,,,
7588,96,64,24,1,1,1,1,0,1,1,1,1,1,1,0,,,,,,,,,,,,
7589,96,64,24,1,1,1,1,1,0,1,1,1,1,1,1,,,,,,,,,,,,
7590,96,64,24,1,1,1,1,1,0,0,1,1,1,1,1,,,,,,,,,,,,
7591,96,64,24,1,1,1,1,1,0,1,0,1,1,1,1,,,,,,,,,,,,
7592,96,64,24,1,1,1,1,1,0,1,1,0,1,1,1,,,,,,,,,,,,
7593,96,64,24,1,1,1,1,1,0,1,1,1,0,1,1,,,,,,,,,,,,
7594,96,64,24,1,1,1,1,1,0,1,1,1,1,0,1,,,,,,,,,,,,
7595,96,64,24,1,1,1,1,1,0,1,1,1,1,1,0,,,,,,,,,,,,
7596,64,96,24,1,1,1,1,1,1,1,1,1,1,1,1,,,,,,,,,,,,
7597,64,96,24,1,1,1,1,1,1,0,1,1,1,1,1,,,,,,,,,,,,
7598,64,96,24,1,1,1,1,1,1,1,0,1,1,1,1,,,,,,,,,,,,
7599,64,96,24,1,1,1,1,1,1,1,1,0,1,1,1,,,,,,,,,,,,
7600,64,96,24,1,1,1,1,1,1,1,1,1,0,1,1,,,,,,,,,,,,
7601,64,96,24,1,1,1,1,1,1,1,1,1,1,0,1,,,,,,,,,,,,
7602,64,96,24,1,1,1,1,1,1,1,1,1,1,1,0,,,,,,,,,,,,
7603,64,96,24,0,1,1,1,1,1,1,1,1,1,1,1,,,,,,,,,,,,
7604,64,96,24,0,1,1,1,1,1,0,1,1,1,1,1,,,,,,,,,,,,
7605,64,96,24,0,1,1,1,1,1,1,0,1,1,1,1,,,,,,,,,,,,
7606,64,96,24,0,1,1,1,1,1,1,1,0,1,1,1,,,,,,,,,,,,
7607,64,96,24,0,1,1,1,1,1,1,1,1,0,1,1,,,,,,,,,,,,
7608,64,96,24,0,1,1,1,1,1,1,1,1,1,0,1,,,,,,,,,,,,
7609,64,96,24,0,1,1,1,1,1,1,1,1,1,1,0,,,,,,,,,,,,
7610,64,96,24,1,0,1,1,1,1,1,1,1,1,1,1,,,,,,,,,,,,
7611,64,96,24,1,0,1,1,1,1,0,1,1,1,1,1,,,,,,,,,,,,
7612,64,96,24,1,0,1,1,1,1,1,0,1,1,1,1,,,,,,,,,,,,
7613,64,96,24,1,0,1,1,1,1,1,1,0,1,1,1,,,,,,,,,,,,
7614,64,96,24,1,0,1,1,1,1,1,1,1,0,1,1,,,,,,,,,,,,
7615,64,96,24,1,0,1,1,1,1,1,1,1,1,0,1,,,,,,,,,,,,
7616,64,96,24,1,0,1,1,1,1,1,1,1,1,1,0,,,,,,,,,,,,
7617,64,96,24,1,1,0,1,1,1,1,1,1,1,1,1,,,,,,,,,,,,
7618,64,96,24,1,1,0,1,1,1,0,1,1,1,1,1,,,,,,,,,,,,
7619,64,96,24,1,1,0,1,1,1,1,0,1,1,1,1,,,,,,,,,,,,
7620,64,96,24,1,1,0,1,1,1,1,1,0,1,1,1,,,,,,,,,,,,
7621,64,96,24,1,1,0,1,1,1,1,1,1,0,1,1,,,,,,,,,,,,
7622,64,96,24,1,1,0,1,1,1,1,1,1,1,0,1,,,,,,,,,,,,
7623,64,96,24,1,1,0,1,1,1,1,1,1,1,1,0,,,,,,,,,,,,
7624,64,96,24,1,1,1,0,1,1,1,1,1,1,1,1,,,,,,,,,,,,
7625,64,96,24,1,1,1,0,1,1,0,1,1,1,1,1,,,,,,,,,,,,
7626,64,96,24,1,1,1,0,1,1,1,0,1,1,1,1,,,,,,,,,,,,
7627,64,96,24,1,1,1,0,1,1,1,1,0,1,1,1,,,,,,,,,,,,
7628,64,96,24,1,1,1,0,1,1,1,1,1,0,1,1,,,,,,,,,,,,
7629,64,96,24,1,1,1,0,1,1,1,1,1,1,0,1,,,,,,,,,,,,
7630,64,96,24,1,1,1,0,1,1,1,1,1,1,1,0,,,,,,,,,,,,
7631,64,96,24,1,1,1,1,0,1,1,1,1,1,1,1,,,,,,,,,,,,
7632,64,96,24,1,1,1,1,0,1,0,1,1,1,1,1,,,,,,,,,,,,
7633,64,96,24,1,1,1,1,0,1,1,0,1,1,1,1,,,,,,,,,,,,
7634,64,96,24,1,1,1,1,0,1,1,1,0,1,1,1,,,,,,,,,,,,
7635,64,96,24,1,1,1,1,0,1,1,1,1,0,1,1,,,,,,,,,,,,
7636,64,96,24,1,1,1,1,0,1,1,1,1,1,0,1,,,,,,,,,,,,
7637,64,96,24,1,1,1,1,0,1,1,1,1,1,1,0,,,,,,,,,,,,
7638,64,96,24,1,1,1,1,1,0,1,1,1,1,1,1,,,,,,,,,,,,
7639,64,96,24,1,1,1,1,1,0,0,1,1,1,1,1,,,,,,,,,,,,
7640,64,96,24,1,1,1,1,1,0,1,0,1,1,1,1,,,,,,,,,,,,
7641,64,96,24,1,1,1,1,1,0,1,1,0,1,1,1,,,,,,,,,,,,
7642,64,96,24,1,1,1,1,1,0,1,1,1,0,1,1,,,,,,,,,,,,
7643,64,96,24,1,1,1,1,1,0,1,1,1,1,0,1,,,,,,,,,,,,
7644,64,96,24,1,1,1,1,1,0,1,1,1,1,1,0,,,,,,,,,,,,
7645,64,24,64,1,1,1,1,1,1,1,1,1,1,1,1,,,,,,,,,,,,
7646,64,24,64,1,1,1,1,1,1,0,1,1,1,1,1,,,,,,,,,,,,
7647,64,24,64,1,1,1,1,1,1,1,0,1,1,1,1,,,,,,,,,,,,
7648,64,24,64,1,1,1,1,1,1,1,1,0,1,1,1,,,,,,,,,,,,
7649,64,24,64,1,1,1,1,1,1,1,1,1,0,1,1,,,,,,,,,,,,
7650,64,24,64,1,1,1,1,1,1,1,1,1,1,0,1,,,,,,,,,,,,
7651,64,24,64,1,1,1,1,1,1,1,1,1,1,1,0,,,,,,,,,,,,
7652,64,24,64,0,1,1,1,1,1,1,1,1,1,1,1,,,,,,,,,,,,
7653,64,24,64,0,1,1,1,1,1,0,1,1,1,1,1,,,,,,,,,,,,
7654,64,24,64,0,1,1,1,1,1,1,0,1,1,1,1,,,,,,,,,,,,
7655,64,24,64,0,1,1,1,1,1,1,1,0,1,1,1,,,,,,,,,,,,
7656,64,24,64,0,1,1,1,1,1,1,1,1,0,1,1,,,,,,,,,,,,
7657,64,24,64,0,1,1,1,1,1,1,1,1,1,0,1,,,,,,,,,,,,
7658,64,24,64,0,1,1,1,1,1,1,1,1,1,1,0,,,,,,,,,,,,
7659,64,24,64,1,0,1,1,1,1,1,1,1,1,1,1,,,,,,,,,,,,
7660,64,24,64,1,0,1,1,1,1,0,1,1,1,1,1,,,,,,,,,,,,
7661,64,24,64,1,0,1,1,1,1,1,0,1,1,1,1,,,,,,,,,,,,
7662,64,24,64,1,0,1,1,1,1,1,1,0,1,1,1,,,,,,,,,,,,
7663,64,24,64,1,0,1,1,1,1,1,1,1,0,1,1,,,,,,,,,,,,
7664,64,24,64,1,0,1,1,1,1,1,1,1,1,0,1,,,,,,,,,,,,
7665,64,24,64,1,0,1,1,1,1,1,1,1,1,1,0,,,,,,,,,,,,
7666,64,24,64,1,1,0,1,1,1,1,1,1,1,1,1,,,,,,,,,,,,
7667,64,24,64,1,1,0,1,1,1,0,1,1,1,1,1,,,,,,,,,,,,
7668,64,24,64,1,1,0,1,1,1,1,0,1,1,1,1,,,,,,,,,,,,
7669,64,24,64,1,1,0,1,1,1,1,1,0,1,1,1,,,,,,,,,,,,
7670,64,24,64,1,1,0,1,1,1,1,1,1,0,1,1,,,,,,,,,,,,
7671,64,24,64,1,1,0,1,1,1,1,1,1,1,0,1,,,,,,,,,,,,
7672,64,24,64,1,1,0,1,1,1,1,1,1,1,1,0,,,,,,,,,,,,
7673,64,24,64,1,1,1,0,1,1,1,1,1,1,1,1,,,,,,,,,,,,
7674,64,24,64,1,1,1,0,1,1,0,1,1,1,1,1,,,,,,,,,,,,
7675,64,24,64,1,1,1,0,1,1,1,0,1,1,1,1,,,,,,,,,,,,
7676,64,24,64,1,1,1,0,1,1,1,1,0,1,1,1,,,,,,,,,,,,
7677,64,24,64,1,1,1,0,1,1,1,1,1,0,1,1,,,,,,,,,,,,
7678,64,24,64,1,1,1,0,1,1,1,1,1,1,0,1,,,,,,,,,,,,
7679,64,24,64,1,1,1,0,1,1,1,1,1,1,1,0,,,,,,,,,,,,
7680,64,24,64,1,1,1,1,0,1,1,1,1,1,1,1,,,,,,,,,,,,
7681,64,24,64,1,1,1,1,0,1,0,1,1,1,1,1,,,,,,,,,,,,
7682,64,24,64,1,1,1,1,0,1,1,0,1,1,1,1,,,,,,,,,,,,
7683,64,24,64,1,1,1,1,0,1,1,1,0,1,1,1,,,,,,,,,,,,
7684,64,24,64,1,1,1,1,0,1,1,1,1,0,1,1,,,,,,,,,,,,
7685,64,24,64,1,1,1,1,0,1,1,1,1,1,0,1,,,,,,,,,,,,
7686,64,24,64,1,1,1,1,0,1,1,1,1,1,1,0,,,,,,,,,,,,
7687,64,24,64,1,1,1,1,1,0,1,1,1,1,1,1,,,,,,,,,,,,
7688,64,24,64,1,1,1,1,1,0,0,1,1,1,1,1,,,,,,,,,,,,
7689,64,24,64,1,1,1,1,1,0,1,0,1,1,1,1,,,,,,,,,,,,
7690,64,24,64,1,1,1,1,1,0,1,1,0,1,1,1,,,,,,,,,,,,
7691,64,24,64,1,1,1,1,1,0,1,1,1,0,1,1,,,,,,,,,,,,
7692,64,24,64,1,1,1,1,1,0,1,1,1,1,0,1,,,,,,,,,,,,
7693,64,24,64,1,1,1,1,1,0,1,1,1,1,1,0,,,,,,,,,,,,
7694,16,96,16,1,1,1,1,1,1,1,1,1,1,1,1,,,,,,,,,,,,
7695,16,96,16,1,1,1,1,1,1,0,1,1,1,1,1,,,,,,,,,,,,
7696,16,96,16,1,1,1,1,1,1,1,0,1,1,1,1,,,,,,,,,,,,
7697,16,96,16,1,1,1,1,1,1,1,1,0,1,1,1,,,,,,,,,,,,
7698,16,96,16,1,1,1,1,1,1,1,1,1,0,1,1,,,,,,,,,,,,
7699,16,96,16,1,1,1,1,1,1,1,1,1,1,0,1,,,,,,,,,,,,
7700,16,96,16,1,1,1,1,1,1,1,1,1,1,1,0,,,,,,,,,,,,
7701,16,96,16,0,1,1,1,1,1,1,1,1,1,1,1,,,,,,,,,,,,
7702,16,96,16,0,1,1,1,1,1,0,1,1,1,1,1,,,,,,,,,,,,
7703,16,96,16,0,1,1,1,1,1,1,0,1,1,1,1,,,,,,,,,,,,
7704,16,96,16,0,1,1,1,1,1,1,1,0,1,1,1,,,,,,,,,,,,
7705,16,96,16,0,1,1,1,1,1,1,1,1,0,1,1,,,,,,,,,,,,
7706,16,96,16,0,1,1,1,1,1,1,1,1,1,0,1,,,,,,,,,,,,
7707,16,96,16,0,1,1,1,1,1,1,1,1,1,1,0,,,,,,,,,,,,
7708,16,96,16,1,0,1,1,1,1,1,1,1,1,1,1,,,,,,,,,,,,
7709,16,96,16,1,0,1,1,1,1,0,1,1,1,1,1,,,,,,,,,,,,
7710,16,96,16,1,0,1,1,1,1,1,0,1,1,1,1,,,,,,,,,,,,
7711,16,96,16,1,0,1,1,1,1,1,1,0,1,1,1,,,,,,,,,,,,
7712,16,96,16,1,0,1,1,1,1,1,1,1,0,1,1,,,,,,,,,,,,
7713,16,96,16,1,0,1,1,1,1,1,1,1,1,0,1,,,,,,,,,,,,
7714,16,96,16,1,0,1,1,1,1,1,1,1,1,1,0,,,,,,,,,,,,
7715,16,96,16,1,1,0,1,1,1,1,1,1,1,1,1,,,,,,,,,,,,
7716,16,96,16,1,1,0,1,1,1,0,1,1,1,1,1,,,,,,,,,,,,
7717,16,96,16,1,1,0,1,1,1,1,0,1,1,1,1,,,,,,,,,,,,
7718,16,96,16,1,1,0,1,1,1,1,1,0,1,1,1,,,,,,,,,,,,
7719,16,96,16,1,1,0,1,1,1,1,1,1,0,1,1,,,,,,,,,,,,
7720,16,96,16,1,1,0,1,1,1,1,1,1,1,0,1,,,,,,,,,,,,
7721,16,96,16,1,1,0,1,1,1,1,1,1,1,1,0,,,,,,,,,,,,
7722,16,96,16,1,1,1,0,1,1,1,1,1,1,1,1,,,,,,,,,,,,
7723,16,96,16,1,1,1,0,1,1,0,1,1,1,1,1,,,,,,,,,,,,
7724,16,96,16,1,1,1,0,1,1,1,0,1,1,1,1,,,,,,,,,,,,
7725,16,96,16,1,1,1,0,1,1,1,1,0,1,1,1,,,,,,,,,,,,
7726,16,96,16,1,1,1,0,1,1,1,1,1,0,1,1,,,,,,,,,,,,
7727,16,96,16,1,1,1,0,1,1,1,1,1,1,0,1,,,,,,,,,,,,
7728,16,96,16,1,1,1,0,1,1,1,1,1,1,1,0,,,,,,,,,,,,
7729,16,96,16,1,1,1,1,0,1,1,1,1,1,1,1,,,,,,,,,,,,
7730,16,96,16,1,1,1,1,0,1,0,1,1,1,1,1,,,,,,,,,,,,
7731,16,96,16,1,1,1,1,0,1,1,0,1,1,1,1,,,,,,,,,,,,
7732,16,96,16,1,1,1,1,0,1,1,1,0,1,1,1,,,,,,,,,,,,
7733,16,96,16,1,1,1,1,0,1,1,1,1,0,1,1,,,,,,,,,,,,
7734,16,96,16,1,1,1,1,0,1,1,1,1,1,0,1,,,,,,,,,,,,
7735,16,96,16,1,1,1,1,0,1,1,1,1,1,1,0,,,,,,,,,,,,
7736,16,96,16,1,1,1,1,1,0,1,1,1,1,1,1,,,,,,,,,,,,
7737,16,96,16,1,1,1,1,1,0,0,1,1,1,1,1,,,,,,,,,,,,
7738,16,96,16,1,1,1,1,1,0,1,0,1,1,1,1,,,,,,,,,,,,
7739,16,96,16,1,1,1,1,1,0,1,1,0,1,1,1,,,,,,,,,,,,
7740,16,96,16,1,1,1,1,1,0,1,1,1,0,1,1,,,,,,,,,,,,
7741,16,96,16,1,1,1,1,1,0,1,1,1,1,0,1,,,,,,,,,,,,
7742,16,96,16,1,1,1,1,1,0,1,1,1,1,1,0,,,,,,,,,,,,
7743,64,24,16,1,1,1,1,1,1,1,1,1,1,1,1,,,,,,,,,,,,
7744,64,24,16,1,1,1,1,1,1,0,1,1,1,1,1,,,,,,,,,,,,
7745,64,24,16,1,1,1,1,1,1,1,0,1,1,1,1,,,,,,,,,,,,
7746,64,24,16,1,1,1,1,1,1,1,1,0,1,1,1,,,,,,,,,,,,
7747,64,24,16,1,1,1,1,1,1,1,1,1,0,1,1,,,,,,,,,,,,
7748,64,24,16,1,1,1,1,1,1,1,1,1,1,0,1,,,,,,,,,,,,
7749,64,24,16,1,1,1,1,1,1,1,1,1,1,1,0,,,,,,,,,,,,
7750,64,24,16,0,1,1,1,1,1,1,1,1,1,1,1,,,,,,,,,,,,
7751,64,24,16,0,1,1,1,1,1,0,1,1,1,1,1,,,,,,,,,,,,
7752,64,24,16,0,1,1,1,1,1,1,0,1,1,1,1,,,,,,,,,,,,
7753,64,24,16,0,1,1,1,1,1,1,1,0,1,1,1,,,,,,,,,,,,
7754,64,24,16,0,1,1,1,1,1,1,1,1,0,1,1,,,,,,,,,,,,
7755,64,24,16,0,1,1,1,1,1,1,1,1,1,0,1,,,,,,,,,,,,
7756,64,24,16,0,1,1,1,1,1,1,1,1,1,1,0,,,,,,,,,,,,
7757,64,24,16,1,0,1,1,1,1,1,1,1,1,1,1,,,,,,,,,,,,
7758,64,24,16,1,0,1,1,1,1,0,1,1,1,1,1,,,,,,,,,,,,
7759,64,24,16,1,0,1,1,1,1,1,0,1,1,1,1,,,,,,,,,,,,
7760,64,24,16,1,0,1,1,1,1,1,1,0,1,1,1,,,,,,,,,,,,
7761,64,24,16,1,0,1,1,1,1,1,1,1,0,1,1,,,,,,,,,,,,
7762,64,24,16,1,0,1,1,1,1,1,1,1,1,0,1,,,,,,,,,,,,
7763,64,24,16,1,0,1,1,1,1,1,1,1,1,1,0,,,,,,,,,,,,
7764,64,24,16,1,1,0,1,1,1,1,1,1,1,1,1,,,,,,,,,,,,
7765,64,24,16,1,1,0,1,1,1,0,1,1,1,1,1,,,,,,,,,,,,
7766,64,24,16,1,1,0,1,1,1,1,0,1,1,1,1,,,,,,,,,,,,
7767,64,24,16,1,1,0,1,1,1,1,1,0,1,1,1,,,,,,,,,,,,
7768,64,24,16,1,1,0,1,1,1,1,1,1,0,1,1,,,,,,,,,,,,
7769,64,24,16,1,1,0,1,1,1,1,1,1,1,0,1,,,,,,,,,,,,
7770,64,24,16,1,1,0,1,1,1,1,1,1,1,1,0,,,,,,,,,,,,
7771,64,24,16,1,1,1,0,1,1,1,1,1,1,1,1,,,,,,,,,,,,
7772,64,24,16,1,1,1,0,1,1,0,1,1,1,1,1,,,,,,,,,,,,
7773,64,24,16,1,1,1,0,1,1,1,0,1,1,1,1,,,,,,,,,,,,
7774,64,24,16,1,1,1,0,1,1,1,1,0,1,1,1,,,,,,,,,,,,
7775,64,24,16,1,1,1,0,1,1,1,1,1,0,1,1,,,,,,,,,,,,
7776,64,24,16,1,1,1,0,1,1,1,1,1,1,0,1,,,,,,,,,,,,
7777,64,24,16,1,1,1,0,1,1,1,1,1,1,1,0,,,,,,,,,,,,
7778,64,24,16,1,1,1,1,0,1,1,1,1,1,1,1,,,,,,,,,,,,
7779,64,24,16,1,1,1,1,0,1,0,1,1,1,1,1,,,,,,,,,,,,
7780,64,24,16,1,1,1,1,0,1,1,0,1,1,1,1,,,,,,,,,,,,
7781,64,24,16,1,1,1,1,0,1,1,1,0,1,1,1,,,,,,,,,,,,
7782,64,24,16,1,1,1,1,0,1,1,1,1,0,1,1,,,,,,,,,,,,
7783,64,24,16,1,1,1,1,0,1,1,1,1,1,0,1,,,,,,,,,,,,
7784,64,24,16,1,1,1,1,0,1,1,1,1,1,1,0,,,,,,,,,,,,
7785,64,24,16,1,1,1,1,1,0,1,1,1,1,1,1,,,,,,,,,,,,
7786,64,24,16,1,1,1,1,1,0,0,1,1,1,1,1,,,,,,,,,,,,
7787,64,24,16,1,1,1,1,1,0,1,0,1,1,1,1,,,,,,,,,,,,
7788,64,24,16,1,1,1,1,1,0,1,1,0,1,1,1,,,,,,,,,,,,
7789,64,24,16,1,1,1,1,1,0,1,1,1,0,1,1,,,,,,,,,,,,
7790,64,24,16,1,1,1,1,1,0,1,1,1,1,0,1,,,,,,,,,,,,
7791,64,24,16,1,1,1,1,1,0,1,1,1,1,1,0,,,,,,,,,,,,
7792,64,24,96,1,1,1,1,1,1,1,1,1,1,1,1,,,,,,,,,,,,
7793,64,24,96,1,1,1,1,1,1,0,1,1,1,1,1,,,,,,,,,,,,
7794,64,24,96,1,1,1,1,1,1,1,0,1,1,1,1,,,,,,,,,,,,
7795,64,24,96,1,1,1,1,1,1,1,1,0,1,1,1,,,,,,,,,,,,
7796,64,24,96,1,1,1,1,1,1,1,1,1,0,1,1,,,,,,,,,,,,
7797,64,24,96,1,1,1,1,1,1,1,1,1,1,0,1,,,,,,,,,,,,
7798,64,24,96,1,1,1,1,1,1,1,1,1,1,1,0,,,,,,,,,,,,
7799,64,24,96,0,1,1,1,1,1,1,1,1,1,1,1,,,,,,,,,,,,
7800,64,24,96,0,1,1,1,1,1,0,1,1,1,1,1,,,,,,,,,,,,
7801,64,24,96,0,1,1,1,1,1,1,0,1,1,1,1,,,,,,,,,,,,
7802,64,24,96,0,1,1,1,1,1,1,1,0,1,1,1,,,,,,,,,,,,
7803,64,24,96,0,1,1,1,1,1,1,1,1,0,1,1,,,,,,,,,,,,
7804,64,24,96,0,1,1,1,1,1,1,1,1,1,0,1,,,,,,,,,,,,
7805,64,24,96,0,1,1,1,1,1,1,1,1,1,1,0,,,,,,,,,,,,
7806,64,24,96,1,0,1,1,1,1,1,1,1,1,1,1,,,,,,,,,,,,
7807,64,24,96,1,0,1,1,1,1,0,1,1,1,1,1,,,,,,,,,,,,
7808,64,24,96,1,0,1,1,1,1,1,0,1,1,1,1,,,,,,,,,,,,
7809,64,24,96,1,0,1,1,1,1,1,1,0,1,1,1,,,,,,,,,,,,
7810,64,24,96,1,0,1,1,1,1,1,1,1,0,1,1,,,,,,,,,,,,
7811,64,24,96,1,0,1,1,1,1,1,1,1,1,0,1,,,,,,,,,,,,
7812,64,24,96,1,0,1,1,1,1,1,1,1,1,1,0,,,,,,,,,,,,
7813,64,24,96,1,1,0,1,1,1,1,1,1,1,1,1,,,,,,,,,,,,
7814,64,24,96,1,1,0,1,1,1,0,1,1,1,1,1,,,,,,,,,,,,
7815,64,24,96,1,1,0,1,1,1,1,0,1,1,1,1,,,,,,,,,,,,
7816,64,24,96,1,1,0,1,1,1,1,1,0,1,1,1,,,,,,,,,,,,
7817,64,24,96,1,1,0,1,1,1,1,1,1,0,1,1,,,,,,,,,,,,
7818,64,24,96,1,1,0,1,1,1,1,1,1,1,0,1,,,,,,,,,,,,
7819,64,24,96,1,1,0,1,1,1,1,1,1,1,1,0,,,,,,,,,,,,
7820,64,24,96,1,1,1,0,1,1,1,1,1,1,1,1,,,,,,,,,,,,
7821,64,24,96,1,1,1,0,1,1,0,1,1,1,1,1,,,,,,,,,,,,
7822,64,24,96,1,1,1,0,1,1,1,0,1,1,1,1,,,,,,,,,,,,
7823,64,24,96,1,1,1,0,1,1,1,1,0,1,1,1,,,,,,,,,,,,
7824,64,24,96,1,1,1,0,1,1,1,1,1,0,1,1,,,,,,,,,,,,
7825,64,24,96,1,1,1,0,1,1,1,1,1,1,0,1,,,,,,,,,,,,
7826,64,24,96,1,1,1,0,1,1,1,1,1,1,1,0,,,,,,,,,,,,
7827,64,24,96,1,1,1,1,0,1,1,1,1,1,1,1,,,,,,,,,,,,
7828,64,24,96,1,1,1,1,0,1,0,1,1,1,1,1,,,,,,,,,,,,
7829,64,24,96,1,1,1,1,0,1,1,0,1,1,1,1,,,,,,,,,,,,
7830,64,24,96,1,1,1,1,0,1,1,1,0,1,1,1,,,,,,,,,,,,
7831,64,24,96,1,1,1,1,0,1,1,1,1,0,1,1,,,,,,,,,,,,
7832,64,24,96,1,1,1,1,0,1,1,1,1,1,0,1,,,,,,,,,,,,
7833,64,24,96,1,1,1,1,0,1,1,1,1,1,1,0,,,,,,,,,,,,
7834,64,24,96,1,1,1,1,1,0,1,1,1,1,1,1,,,,,,,,,,,,
7835,64,24,96,1,1,1,1,1,0,0,1,1,1,1,1,,,,,,,,,,,,
7836,64,24,96,1,1,1,1,1,0,1,0,1,1,1,1,,,,,,,,,,,,
7837,64,24,96,1,1,1,1,1,0,1,1,0,1,1,1,,,,,,,,,,,,
7838,64,24,96,1,1,1,1,1,0,1,1,1,0,1,1,,,,,,,,,,,,
7839,64,24,96,1,1,1,1,1,0,1,1,1,1,0,1,,,,,,,,,,,,
7840,64,24,96,1,1,1,1,1,0,1,1,1,1,1,0,,,,,,,,,,,,
7841,64,48,96,1,1,1,1,1,1,1,1,1,1,1,1,,,,,,,,,,,,
7842,64,48,96,1,1,1,1,1,1,0,1,1,1,1,1,,,,,,,,,,,,
7843,64,48,96,1,1,1,1,1,1,1,0,1,1,1,1,,,,,,,,,,,,
7844,64,48,96,1,1,1,1,1,1,1,1,0,1,1,1,,,,,,,,,,,,
7845,64,48,96,1,1,1,1,1,1,1,1,1,0,1,1,,,,,,,,,,,,
7846,64,48,96,1,1,1,1,1,1,1,1,1,1,0,1,,,,,,,,,,,,
7847,64,48,96,1,1,1,1,1,1,1,1,1,1,1,0,,,,,,,,,,,,
7848,64,48,96,0,1,1,1,1,1,1,1,1,1,1,1,,,,,,,,,,,,
7849,64,48,96,0,1,1,1,1,1,0,1,1,1,1,1,,,,,,,,,,,,
7850,64,48,96,0,1,1,1,1,1,1,0,1,1,1,1,,,,,,,,,,,,
7851,64,48,96,0,1,1,1,1,1,1,1,0,1,1,1,,,,,,,,,,,,
7852,64,48,96,0,1,1,1,1,1,1,1,1,0,1,1,,,,,,,,,,,,
7853,64,48,96,0,1,1,1,1,1,1,1,1,1,0,1,,,,,,,,,,,,
7854,64,48,96,0,1,1,1,1,1,1,1,1,1,1,0,,,,,,,,,,,,
7855,64,48,96,1,0,1,1,1,1,1,1,1,1,1,1,,,,,,,,,,,,
7856,64,48,96,1,0,1,1,1,1,0,1,1,1,1,1,,,,,,,,,,,,
7857,64,48,96,1,0,1,1,1,1,1,0,1,1,1,1,,,,,,,,,,,,
7858,64,48,96,1,0,1,1,1,1,1,1,0,1,1,1,,,,,,,,,,,,
7859,64,48,96,1,0,1,1,1,1,1,1,1,0,1,1,,,,,,,,,,,,
7860,64,48,96,1,0,1,1,1,1,1,1,1,1,0,1,,,,,,,,,,,,
7861,64,48,96,1,0,1,1,1,1,1,1,1,1,1,0,,,,,,,,,,,,
7862,64,48,96,1,1,0,1,1,1,1,1,1,1,1,1,,,,,,,,,,,,
7863,64,48,96,1,1,0,1,1,1,0,1,1,1,1,1,,,,,,,,,,,,
7864,64,48,96,1,1,0,1,1,1,1,0,1,1,1,1,,,,,,,,,,,,
7865,64,48,96,1,1,0,1,1,1,1,1,0,1,1,1,,,,,,,,,,,,
7866,64,48,96,1,1,0,1,1,1,1,1,1,0,1,1,,,,,,,,,,,,
7867,64,48,96,1,1,0,1,1,1,1,1,1,1,0,1,,,,,,,,,,,,
7868,64,48,96,1,1,0,1,1,1,1,1,1,1,1,0,,,,,,,,,,,,
7869,64,48,96,1,1,1,0,1,1,1,1,1,1,1,1,,,,,,,,,,,,
7870,64,48,96,1,1,1,0,1,1,0,1,1,1,1,1,,,,,,,,,,,,
7871,64,48,96,1,1,1,0,1,1,1,0,1,1,1,1,,,,,,,,,,,,
7872,64,48,96,1,1,1,0,1,1,1,1,0,1,1,1,,,,,,,,,,,,
7873,64,48,96,1,1,1,0,1,1,1,1,1,0,1,1,,,,,,,,,,,,
7874,64,48,96,1,1,1,0,1,1,1,1,1,1,0,1,,,,,,,,,,,,
7875,64,48,96,1,1,1,0,1,1,1,1,1,1,1,0,,,,,,,,,,,,
7876,64,48,96,1,1,1,1,0,1,1,1,1,1,1,1,,,,,,,,,,,,
7877,64,48,96,1,1,1,1,0,1,0,1,1,1,1,1,,,,,,,,,,,,
7878,64,48,96,1,1,1,1,0,1,1,0,1,1,1,1,,,,,,,,,,,,
7879,64,48,96,1,1,1,1,0,1,1,1,0,1,1,1,,,,,,,,,,,,
7880,64,48,96,1,1,1,1,0,1,1,1,1,0,1,1,,,,,,,,,,,,
7881,64,48,96,1,1,1,1,0,1,1,1,1,1,0,1,,,,,,,,,,,,
7882,64,48,96,1,1,1,1,0,1,1,1,1,1,1,0,,,,,,,,,,,,
7883,64,48,96,1,1,1,1,1,0,1,1,1,1,1,1,,,,,,,,,,,,
7884,64,48,96,1,1,1,1,1,0,0,1,1,1,1,1,,,,,,,,,,,,
7885,64,48,96,1,1,1,1,1,0,1,0,1,1,1,1,,,,,,,,,,,,
7886,64,48,96,1,1,1,1,1,0,1,1,0,1,1,1,,,,,,,,,,,,
7887,64,48,96,1,1,1,1,1,0,1,1,1,0,1,1,,,,,,,,,,,,
7888,64,48,96,1,1,1,1,1,0,1,1,1,1,0,1,,,,,,,,,,,,
7889,64,48,96,1,1,1,1,1,0,1,1,1,1,1,0,,,,,,,,,,,,
7890,64,96,64,1,1,1,1,1,1,1,1,1,1,1,1,,,,,,,,,,,,
7891,64,96,64,1,1,1,1,1,1,0,1,1,1,1,1,,,,,,,,,,,,
7892,64,96,64,1,1,1,1,1,1,1,0,1,1,1,1,,,,,,,,,,,,
7893,64,96,64,1,1,1,1,1,1,1,1,0,1,1,1,,,,,,,,,,,,
7894,64,96,64,1,1,1,1,1,1,1,1,1,0,1,1,,,,,,,,,,,,
7895,64,96,64,1,1,1,1,1,1,1,1,1,1,0,1,,,,,,,,,,,,
7896,64,96,64,1,1,1,1,1,1,1,1,1,1,1,0,,,,,,,,,,,,
7897,64,96,64,0,1,1,1,1,1,1,1,1,1,1,1,,,,,,,,,,,,
7898,64,96,64,0,1,1,1,1,1,0,1,1,1,1,1,,,,,,,,,,,,
7899,64,96,64,0,1,1,1,1,1,1,0,1,1,1,1,,,,,,,,,,,,
7900,64,96,64,0,1,1,1,1,1,1,1,0,1,1,1,,,,,,,,,,,,
7901,64,96,64,0,1,1,1,1,1,1,1,1,0,1,1,,,,,,,,,,,,
7902,64,96,64,0,1,1,1,1,1,1,1,1,1,0,1,,,,,,,,,,,,
7903,64,96,64,0,1,1,1,1,1,1,1,1,1,1,0,,,,,,,,,,,,
7904,64,96,64,1,0,1,1,1,1,1,1,1,1,1,1,,,,,,,,,,,,
7905,64,96,64,1,0,1,1,1,1,0,1,1,1,1,1,,,,,,,,,,,,
7906,64,96,64,1,0,1,1,1,1,1,0,1,1,1,1,,,,,,,,,,,,
7907,64,96,64,1,0,1,1,1,1,1,1,0,1,1,1,,,,,,,,,,,,
7908,64,96,64,1,0,1,1,1,1,1,1,1,0,1,1,,,,,,,,,,,,
7909,64,96,64,1,0,1,1,1,1,1,1,1,1,0,1,,,,,,,,,,,,
7910,64,96,64,1,0,1,1,1,1,1,1,1,1,1,0,,,,,,,,,,,,
7911,64,96,64,1,1,0,1,1,1,1,1,1,1,1,1,,,,,,,,,,,,
7912,64,96,64,1,1,0,1,1,1,0,1,1,1,1,1,,,,,,,,,,,,
7913,64,96,64,1,1,0,1,1,1,1,0,1,1,1,1,,,,,,,,,,,,
7914,64,96,64,1,1,0,1,1,1,1,1,0,1,1,1,,,,,,,,,,,,
7915,64,96,64,1,1,0,1,1,1,1,1,1,0,1,1,,,,,,,,,,,,
7916,64,96,64,1,1,0,1,1,1,1,1,1,1,0,1,,,,,,,,,,,,
7917,64,96,64,1,1,0,1,1,1,1,1,1,1,1,0,,,,,,,,,,,,
7918,64,96,64,1,1,1,0,1,1,1,1,1,1,1,1,,,,,,,,,,,,
7919,64,96,64,1,1,1,0,1,1,0,1,1,1,1,1,,,,,,,,,,,,
7920,64,96,64,1,1,1,0,1,1,1,0,1,1,1,1,,,,,,,,,,,,
7921,64,96,64,1,1,1,0,1,1,1,1,0,1,1,1,,,,,,,,,,,,
7922,64,96,64,1,1,1,0,1,1,1,1,1,0,1,1,,,,,,,,,,,,
7923,64,96,64,1,1,1,0,1,1,1,1,1,1,0,1,,,,,,,,,,,,
7924,64,96,64,1,1,1,0,1,1,1,1,1,1,1,0,,,,,,,,,,,,
7925,64,96,64,1,1,1,1,0,1,1,1,1,1,1,1,,,,,,,,,,,,
7926,64,96,64,1,1,1,1,0,1,0,1,1,1,1,1,,,,,,,,,,,,
7927,64,96,64,1,1,1,1,0,1,1,0,1,1,1,1,,,,,,,,,,,,
7928,64,96,64,1,1,1,1,0,1,1,1,0,1,1,1,,,,,,,,,,,,
7929,64,96,64,1,1,1,1,0,1,1,1,1,0,1,1,,,,,,,,,,,,
7930,64,96,64,1,1,1,1,0,1,1,1,1,1,0,1,,,,,,,,,,,,
7931,64,96,64,1,1,1,1,0,1,1,1,1,1,1,0,,,,,,,,,,,,
7932,64,96,64,1,1,1,1,1,0,1,1,1,1,1,1,,,,,,,,,,,,
7933,64,96,64,1,1,1,1,1,0,0,1,1,1,1,1,,,,,,,,,,,,
7934,64,96,64,1,1,1,1,1,0,1,0,1,1,1,1,,,,,,,,,,,,
7935,64,96,64,1,1,1,1,1,0,1,1,0,1,1,1,,,,,,,,,,,,
7936,64,96,64,1,1,1,1,1,0,1,1,1,0,1,1,,,,,,,,,,,,
7937,64,96,64,1,1,1,1,1,0,1,1,1,1,0,1,,,,,,,,,,,,
7938,64,96,64,1,1,1,1,1,0,1,1,1,1,1,0,,,,,,,,,,,,
7939,96,48,64,1,1,1,1,1,1,1,1,1,1,1,1,,,,,,,,,,,,
7940,96,48,64,1,1,1,1,1,1,0,1,1,1,1,1,,,,,,,,,,,,
7941,96,48,64,1,1,1,1,1,1,1,0,1,1,1,1,,,,,,,,,,,,
7942,96,48,64,1,1,1,1,1,1,1,1,0,1,1,1,,,,,,,,,,,,
7943,96,48,64,1,1,1,1,1,1,1,1,1,0,1,1,,,,,,,,,,,,
7944,96,48,64,1,1,1,1,1,1,1,1,1,1,0,1,,,,,,,,,,,,
7945,96,48,64,1,1,1,1,1,1,1,1,1,1,1,0,,,,,,,,,,,,
7946,96,48,64,0,1,1,1,1,1,1,1,1,1,1,1,,,,,,,,,,,,
7947,96,48,64,0,1,1,1,1,1,0,1,1,1,1,1,,,,,,,,,,,,
7948,96,48,64,0,1,1,1,1,1,1,0,1,1,1,1,,,,,,,,,,,,
7949,96,48,64,0,1,1,1,1,1,1,1,0,1,1,1,,,,,,,,,,,,
7950,96,48,64,0,1,1,1,1,1,1,1,1,0,1,1,,,,,,,,,,,,
7951,96,48,64,0,1,1,1,1,1,1,1,1,1,0,1,,,,,,,,,,,,
7952,96,48,64,0,1,1,1,1,1,1,1,1,1,1,0,,,,,,,,,,,,
7953,96,48,64,1,0,1,1,1,1,1,1,1,1,1,1,,,,,,,,,,,,
7954,96,48,64,1,0,1,1,1,1,0,1,1,1,1,1,,,,,,,,,,,,
7955,96,48,64,1,0,1,1,1,1,1,0,1,1,1,1,,,,,,,,,,,,
7956,96,48,64,1,0,1,1,1,1,1,1,0,1,1,1,,,,,,,,,,,,
7957,96,48,64,1,0,1,1,1,1,1,1,1,0,1,1,,,,,,,,,,,,
7958,96,48,64,1,0,1,1,1,1,1,1,1,1,0,1,,,,,,,,,,,,
7959,96,48,64,1,0,1,1,1,1,1,1,1,1,1,0,,,,,,,,,,,,
7960,96,48,64,1,1,0,1,1,1,1,1,1,1,1,1,,,,,,,,,,,,
7961,96,48,64,1,1,0,1,1,1,0,1,1,1,1,1,,,,,,,,,,,,
7962,96,48,64,1,1,0,1,1,1,1,0,1,1,1,1,,,,,,,,,,,,
7963,96,48,64,1,1,0,1,1,1,1,1,0,1,1,1,,,,,,,,,,,,
7964,96,48,64,1,1,0,1,1,1,1,1,1,0,1,1,,,,,,,,,,,,
7965,96,48,64,1,1,0,1,1,1,1,1,1,1,0,1,,,,,,,,,,,,
7966,96,48,64,1,1,0,1,1,1,1,1,1,1,1,0,,,,,,,,,,,,
7967,96,48,64,1,1,1,0,1,1,1,1,1,1,1,1,,,,,,,,,,,,
7968,96,48,64,1,1,1,0,1,1,0,1,1,1,1,1,,,,,,,,,,,,
7969,96,48,64,1,1,1,0,1,1,1,0,1,1,1,1,,,,,,,,,,,,
7970,96,48,64,1,1,1,0,1,1,1,1,0,1,1,1,,,,,,,,,,,,
7971,96,48,64,1,1,1,0,1,1,1,1,1,0,1,1,,,,,,,,,,,,
7972,96,48,64,1,1,1,0,1,1,1,1,1,1,0,1,,,,,,,,,,,,
7973,96,48,64,1,1,1,0,1,1,1,1,1,1,1,0,,,,,,,,,,,,
7974,96,48,64,1,1,1,1,0,1,1,1,1,1,1,1,,,,,,,,,,,,
7975,96,48,64,1,1,1,1,0,1,0,1,1,1,1,1,,,,,,,,,,,,
7976,96,48,64,1,1,1,1,0,1,1,0,1,1,1,1,,,,,,,,,,,,
7977,96,48,64,1,1,1,1,0,1,1,1,0,1,1,1,,,,,,,,,,,,
7978,96,48,64,1,1,1,1,0,1,1,1,1,0,1,1,,,,,,,,,,,,
7979,96,48,64,1,1,1,1,0,1,1,1,1,1,0,1,,,,,,,,,,,,
7980,96,48,64,1,1,1,1,0,1,1,1,1,1,1,0,,,,,,,,,,,,
7981,96,48,64,1,1,1,1,1,0,1,1,1,1,1,1,,,,,,,,,,,,
7982,96,48,64,1,1,1,1,1,0,0,1,1,1,1,1,,,,,,,,,,,,
7983,96,48,64,1,1,1,1,1,0,1,0,1,1,1,1,,,,,,,,,,,,
7984,96,48,64,1,1,1,1,1,0,1,1,0,1,1,1,,,,,,,,,,,,
7985,96,48,64,1,1,1,1,1,0,1,1,1,0,1,1,,,,,,,,,,,,
7986,96,48,64,1,1,1,1,1,0,1,1,1,1,0,1,,,,,,,,,,,,
7987,96,48,64,1,1,1,1,1,0,1,1,1,1,1,0,,,,,,,,,,,,
7988,64,96,96,1,1,1,1,1,1,1,1,1,1,1,1,,,,,,,,,,,,
7989,64,96,96,1,1,1,1,1,1,0,1,1,1,1,1,,,,,,,,,,,,
7990,64,96,96,1,1,1,1,1,1,1,0,1,1,1,1,,,,,,,,,,,,
7991,64,96,96,1,1,1,1,1,1,1,1,0,1,1,1,,,,,,,,,,,,
7992,64,96,96,1,1,1,1,1,1,1,1,1,0,1,1,,,,,,,,,,,,
7993,64,96,96,1,1,1,1,1,1,1,1,1,1,0,1,,,,,,,,,,,,
7994,64,96,96,1,1,1,1,1,1,1,1,1,1,1,0,,,,,,,,,,,,
7995,64,96,96,0,1,1,1,1,1,1,1,1,1,1,1,,,,,,,,,,,,
7996,64,96,96,0,1,1,1,1,1,0,1,1,1,1,1,,,,,,,,,,,,
7997,64,96,96,0,1,1,1,1,1,1,0,1,1,1,1,,,,,,,,,,,,
7998,64,96,96,0,1,1,1,1,1,1,1,0,1,1,1,,,,,,,,,,,,
7999,64,96,96,0,1,1,1,1,1,1,1,1,0,1,1,,,,,,,,,,,,
8000,64,96,96,0,1,1,1,1,1,1,1,1,1,0,1,,,,,,,,,,,,
8001,64,96,96,0,1,1,1,1,1,1,1,1,1,1,0,,,,,,,,,,,,
8002,64,96,96,1,0,1,1,1,1,1,1,1,1,1,1,,,,,,,,,,,,
8003,64,96,96,1,0,1,1,1,1,0,1,1,1,1,1,,,,,,,,,,,,
8004,64,96,96,1,0,1,1,1,1,1,0,1,1,1,1,,,,,,,,,,,,
8005,64,96,96,1,0,1,1,1,1,1,1,0,1,1,1,,,,,,,,,,,,
8006,64,96,96,1,0,1,1,1,1,1,1,1,0,1,1,,,,,,,,,,,,
8007,64,96,96,1,0,1,1,1,1,1,1,1,1,0,1,,,,,,,,,,,,
8008,64,96,96,1,0,1,1,1,1,1,1,1,1,1,0,,,,,,,,,,,,
8009,64,96,96,1,1,0,1,1,1,1,1,1,1,1,1,,,,,,,,,,,,
8010,64,96,96,1,1,0,1,1,1,0,1,1,1,1,1,,,,,,,,,,,,
8011,64,96,96,1,1,0,1,1,1,1,0,1,1,1,1,,,,,,,,,,,,
8012,64,96,96,1,1,0,1,1,1,1,1,0,1,1,1,,,,,,,,,,,,
8013,64,96,96,1,1,0,1,1,1,1,1,1,0,1,1,,,,,,,,,,,,
8014,64,96,96,1,1,0,1,1,1,1,1,1,1,0,1,,,,,,,,,,,,
8015,64,96,96,1,1,0,1,1,1,1,1,1,1,1,0,,,,,,,,,,,,
8016,64,96,96,1,1,1,0,1,1,1,1,1,1,1,1,,,,,,,,,,,,
8017,64,96,96,1,1,1,0,1,1,0,1,1,1,1,1,,,,,,,,,,,,
8018,64,96,96,1,1,1,0,1,1,1,0,1,1,1,1,,,,,,,,,,,,
8019,64,96,96,1,1,1,0,1,1,1,1,0,1,1,1,,,,,,,,,,,,
8020,64,96,96,1,1,1,0,1,1,1,1,1,0,1,1,,,,,,,,,,,,
8021,64,96,96,1,1,1,0,1,1,1,1,1,1,0,1,,,,,,,,,,,,
8022,64,96,96,1,1,1,0,1,1,1,1,1,1,1,0,,,,,,,,,,,,
8023,64,96,96,1,1,1,1,0,1,1,1,1,1,1,1,,,,,,,,,,,,
8024,64,96,96,1,1,1,1,0,1,0,1,1,1,1,1,,,,,,,,,,,,
8025,64,96,96,1,1,1,1,0,1,1,0,1,1,1,1,,,,,,,,,,,,
8026,64,96,96,1,1,1,1,0,1,1,1,0,1,1,1,,,,,,,,,,,,
8027,64,96,96,1,1,1,1,0,1,1,1,1,0,1,1,,,,,,,,,,,,
8028,64,96,96,1,1,1,1,0,1,1,1,1,1,0,1,,,,,,,,,,,,
8029,64,96,96,1,1,1,1,0,1,1,1,1,1,1,0,,,,,,,,,,,,
8030,64,96,96,1,1,1,1,1,0,1,1,1,1,1,1,,,,,,,,,,,,
8031,64,96,96,1,1,1,1,1,0,0,1,1,1,1,1,,,,,,,,,,,,
8032,64,96,96,1,1,1,1,1,0,1,0,1,1,1,1,,,,,,,,,,,,
8033,64,96,96,1,1,1,1,1,0,1,1,0,1,1,1,,,,,,,,,,,,
8034,64,96,96,1,1,1,1,1,0,1,1,1,0,1,1,,,,,,,,,,,,
8035,64,96,96,1,1,1,1,1,0,1,1,1,1,0,1,,,,,,,,,,,,
8036,64,96,96,1,1,1,1,1,0,1,1,1,1,1,0,,,,,,,,,,,,
8037,16,16,24,1,1,1,1,1,1,1,1,1,1,1,1,,,,,,,,,,,,
8038,16,16,24,1,1,1,1,1,1,0,1,1,1,1,1,,,,,,,,,,,,
8039,16,16,24,1,1,1,1,1,1,1,0,1,1,1,1,,,,,,,,,,,,
8040,16,16,24,1,1,1,1,1,1,1,1,0,1,1,1,,,,,,,,,,,,
8041,16,16,24,1,1,1,1,1,1,1,1,1,0,1,1,,,,,,,,,,,,
8042,16,16,24,1,1,1,1,1,1,1,1,1,1,0,1,,,,,,,,,,,,
8043,16,16,24,1,1,1,1,1,1,1,1,1,1,1,0,,,,,,,,,,,,
8044,16,16,24,0,1,1,1,1,1,1,1,1,1,1,1,,,,,,,,,,,,
8045,16,16,24,0,1,1,1,1,1,0,1,1,1,1,1,,,,,,,,,,,,
8046,16,16,24,0,1,1,1,1,1,1,0,1,1,1,1,,,,,,,,,,,,
8047,16,16,24,0,1,1,1,1,1,1,1,0,1,1,1,,,,,,,,,,,,
8048,16,16,24,0,1,1,1,1,1,1,1,1,0,1,1,,,,,,,,,,,,
8049,16,16,24,0,1,1,1,1,1,1,1,1,1,0,1,,,,,,,,,,,,
8050,16,16,24,0,1,1,1,1,1,1,1,1,1,1,0,,,,,,,,,,,,
8051,16,16,24,1,0,1,1,1,1,1,1,1,1,1,1,,,,,,,,,,,,
8052,16,16,24,1,0,1,1,1,1,0,1,1,1,1,1,,,,,,,,,,,,
8053,16,16,24,1,0,1,1,1,1,1,0,1,1,1,1,,,,,,,,,,,,
8054,16,16,24,1,0,1,1,1,1,1,1,0,1,1,1,,,,,,,,,,,,
8055,16,16,24,1,0,1,1,1,1,1,1,1,0,1,1,,,,,,,,,,,,
8056,16,16,24,1,0,1,1,1,1,1,1,1,1,0,1,,,,,,,,,,,,
8057,16,16,24,1,0,1,1,1,1,1,1,1,1,1,0,,,,,,,,,,,,
8058,16,16,24,1,1,0,1,1,1,1,1,1,1,1,1,,,,,,,,,,,,
8059,16,16,24,1,1,0,1,1,1,0,1,1,1,1,1,,,,,,,,,,,,
8060,16,16,24,1,1,0,1,1,1,1,0,1,1,1,1,,,,,,,,,,,,
8061,16,16,24,1,1,0,1,1,1,1,1,0,1,1,1,,,,,,,,,,,,
8062,16,16,24,1,1,0,1,1,1,1,1,1,0,1,1,,,,,,,,,,,,
8063,16,16,24,1,1,0,1,1,1,1,1,1,1,0,1,,,,,,,,,,,,
8064,16,16,24,1,1,0,1,1,1,1,1,1,1,1,0,,,,,,,,,,,,
8065,16,16,24,1,1,1,0,1,1,1,1,1,1,1,1,,,,,,,,,,,,
8066,16,16,24,1,1,1,0,1,1,0,1,1,1,1,1,,,,,,,,,,,,
8067,16,16,24,1,1,1,0,1,1,1,0,1,1,1,1,,,,,,,,,,,,
8068,16,16,24,1,1,1,0,1,1,1,1,0,1,1,1,,,,,,,,,,,,
8069,16,16,24,1,1,1,0,1,1,1,1,1,0,1,1,,,,,,,,,,,,
8070,16,16,24,1,1,1,0,1,1,1,1,1,1,0,1,,,,,,,,,,,,
8071,16,16,24,1,1,1,0,1,1,1,1,1,1,1,0,,,,,,,,,,,,
8072,16,16,24,1,1,1,1,0,1,1,1,1,1,1,1,,,,,,,,,,,,
8073,16,16,24,1,1,1,1,0,1,0,1,1,1,1,1,,,,,,,,,,,,
8074,16,16,24,1,1,1,1,0,1,1,0,1,1,1,1,,,,,,,,,,,,
8075,16,16,24,1,1,1,1,0,1,1,1,0,1,1,1,,,,,,,,,,,,
8076,16,16,24,1,1,1,1,0,1,1,1,1,0,1,1,,,,,,,,,,,,
8077,16,16,24,1,1,1,1,0,1,1,1,1,1,0,1,,,,,,,,,,,,
8078,16,16,24,1,1,1,1,0,1,1,1,1,1,1,0,,,,,,,,,,,,
8079,16,16,24,1,1,1,1,1,0,1,1,1,1,1,1,,,,,,,,,,,,
8080,16,16,24,1,1,1,1,1,0,0,1,1,1,1,1,,,,,,,,,,,,
8081,16,16,24,1,1,1,1,1,0,1,0,1,1,1,1,,,,,,,,,,,,
8082,16,16,24,1,1,1,1,1,0,1,1,0,1,1,1,,,,,,,,,,,,
8083,16,16,24,1,1,1,1,1,0,1,1,1,0,1,1,,,,,,,,,,,,
8084,16,16,24,1,1,1,1,1,0,1,1,1,1,0,1,,,,,,,,,,,,
8085,16,16,24,1,1,1,1,1,0,1,1,1,1,1,0,,,,,,,,,,,,
8086,16,64,48,1,1,1,1,1,1,1,1,1,1,1,1,,,,,,,,,,,,
8087,16,64,48,1,1,1,1,1,1,0,1,1,1,1,1,,,,,,,,,,,,
8088,16,64,48,1,1,1,1,1,1,1,0,1,1,1,1,,,,,,,,,,,,
8089,16,64,48,1,1,1,1,1,1,1,1,0,1,1,1,,,,,,,,,,,,
8090,16,64,48,1,1,1,1,1,1,1,1,1,0,1,1,,,,,,,,,,,,
8091,16,64,48,1,1,1,1,1,1,1,1,1,1,0,1,,,,,,,,,,,,
8092,16,64,48,1,1,1,1,1,1,1,1,1,1,1,0,,,,,,,,,,,,
8093,16,64,48,0,1,1,1,1,1,1,1,1,1,1,1,,,,,,,,,,,,
8094,16,64,48,0,1,1,1,1,1,0,1,1,1,1,1,,,,,,,,,,,,
8095,16,64,48,0,1,1,1,1,1,1,0,1,1,1,1,,,,,,,,,,,,
8096,16,64,48,0,1,1,1,1,1,1,1,0,1,1,1,,,,,,,,,,,,
8097,16,64,48,0,1,1,1,1,1,1,1,1,0,1,1,,,,,,,,,,,,
8098,16,64,48,0,1,1,1,1,1,1,1,1,1,0,1,,,,,,,,,,,,
8099,16,64,48,0,1,1,1,1,1,1,1,1,1,1,0,,,,,,,,,,,,
8100,16,64,48,1,0,1,1,1,1,1,1,1,1,1,1,,,,,,,,,,,,
8101,16,64,48,1,0,1,1,1,1,0,1,1,1,1,1,,,,,,,,,,,,
8102,16,64,48,1,0,1,1,1,1,1,0,1,1,1,1,,,,,,,,,,,,
8103,16,64,48,1,0,1,1,1,1,1,1,0,1,1,1,,,,,,,,,,,,
8104,16,64,48,1,0,1,1,1,1,1,1,1,0,1,1,,,,,,,,,,,,
8105,16,64,48,1,0,1,1,1,1,1,1,1,1,0,1,,,,,,,,,,,,
8106,16,64,48,1,0,1,1,1,1,1,1,1,1,1,0,,,,,,,,,,,,
8107,16,64,48,1,1,0,1,1,1,1,1,1,1,1,1,,,,,,,,,,,,
8108,16,64,48,1,1,0,1,1,1,0,1,1,1,1,1,,,,,,,,,,,,
8109,16,64,48,1,1,0,1,1,1,1,0,1,1,1,1,,,,,,,,,,,,
8110,16,64,48,1,1,0,1,1,1,1,1,0,1,1,1,,,,,,,,,,,,
8111,16,64,48,1,1,0,1,1,1,1,1,1,0,1,1,,,,,,,,,,,,
8112,16,64,48,1,1,0,1,1,1,1,1,1,1,0,1,,,,,,,,,,,,
8113,16,64,48,1,1,0,1,1,1,1,1,1,1,1,0,,,,,,,,,,,,
8114,16,64,48,1,1,1,0,1,1,1,1,1,1,1,1,,,,,,,,,,,,
8115,16,64,48,1,1,1,0,1,1,0,1,1,1,1,1,,,,,,,,,,,,
8116,16,64,48,1,1,1,0,1,1,1,0,1,1,1,1,,,,,,,,,,,,
8117,16,64,48,1,1,1,0,1,1,1,1,0,1,1,1,,,,,,,,,,,,
8118,16,64,48,1,1,1,0,1,1,1,1,1,0,1,1,,,,,,,,,,,,
8119,16,64,48,1,1,1,0,1,1,1,1,1,1,0,1,,,,,,,,,,,,
8120,16,64,48,1,1,1,0,1,1,1,1,1,1,1,0,,,,,,,,,,,,
8121,16,64,48,1,1,1,1,0,1,1,1,1,1,1,1,,,,,,,,,,,,
8122,16,64,48,1,1,1,1,0,1,0,1,1,1,1,1,,,,,,,,,,,,
8123,16,64,48,1,1,1,1,0,1,1,0,1,1,1,1,,,,,,,,,,,,
8124,16,64,48,1,1,1,1,0,1,1,1,0,1,1,1,,,,,,,,,,,,
8125,16,64,48,1,1,1,1,0,1,1,1,1,0,1,1,,,,,,,,,,,,
8126,16,64,48,1,1,1,1,0,1,1,1,1,1,0,1,,,,,,,,,,,,
8127,16,64,48,1,1,1,1,0,1,1,1,1,1,1,0,,,,,,,,,,,,
8128,16,64,48,1,1,1,1,1,0,1,1,1,1,1,1,,,,,,,,,,,,
8129,16,64,48,1,1,1,1,1,0,0,1,1,1,1,1,,,,,,,,,,,,
8130,16,64,48,1,1,1,1,1,0,1,0,1,1,1,1,,,,,,,,,,,,
8131,16,64,48,1,1,1,1,1,0,1,1,0,1,1,1,,,,,,,,,,,,
8132,16,64,48,1,1,1,1,1,0,1,1,1,0,1,1,,,,,,,,,,,,
8133,16,64,48,1,1,1,1,1,0,1,1,1,1,0,1,,,,,,,,,,,,
8134,16,64,48,1,1,1,1,1,0,1,1,1,1,1,0,,,,,,,,,,,,
8135,16,96,48,1,1,1,1,1,1,1,1,1,1,1,1,,,,,,,,,,,,
8136,16,96,48,1,1,1,1,1,1,0,1,1,1,1,1,,,,,,,,,,,,
8137,16,96,48,1,1,1,1,1,1,1,0,1,1,1,1,,,,,,,,,,,,
8138,16,96,48,1,1,1,1,1,1,1,1,0,1,1,1,,,,,,,,,,,,
8139,16,96,48,1,1,1,1,1,1,1,1,1,0,1,1,,,,,,,,,,,,
8140,16,96,48,1,1,1,1,1,1,1,1,1,1,0,1,,,,,,,,,,,,
8141,16,96,48,1,1,1,1,1,1,1,1,1,1,1,0,,,,,,,,,,,,
8142,16,96,48,0,1,1,1,1,1,1,1,1,1,1,1,,,,,,,,,,,,
8143,16,96,48,0,1,1,1,1,1,0,1,1,1,1,1,,,,,,,,,,,,
8144,16,96,48,0,1,1,1,1,1,1,0,1,1,1,1,,,,,,,,,,,,
8145,16,96,48,0,1,1,1,1,1,1,1,0,1,1,1,,,,,,,,,,,,
8146,16,96,48,0,1,1,1,1,1,1,1,1,0,1,1,,,,,,,,,,,,
8147,16,96,48,0,1,1,1,1,1,1,1,1,1,0,1,,,,,,,,,,,,
8148,16,96,48,0,1,1,1,1,1,1,1,1,1,1,0,,,,,,,,,,,,
8149,16,96,48,1,0,1,1,1,1,1,1,1,1,1,1,,,,,,,,,,,,
8150,16,96,48,1,0,1,1,1,1,0,1,1,1,1,1,,,,,,,,,,,,
8151,16,96,48,1,0,1,1,1,1,1,0,1,1,1,1,,,,,,,,,,,,
8152,16,96,48,1,0,1,1,1,1,1,1,0,1,1,1,,,,,,,,,,,,
8153,16,96,48,1,0,1,1,1,1,1,1,1,0,1,1,,,,,,,,,,,,
8154,16,96,48,1,0,1,1,1,1,1,1,1,1,0,1,,,,,,,,,,,,
8155,16,96,48,1,0,1,1,1,1,1,1,1,1,1,0,,,,,,,,,,,,
8156,16,96,48,1,1,0,1,1,1,1,1,1,1,1,1,,,,,,,,,,,,
8157,16,96,48,1,1,0,1,1,1,0,1,1,1,1,1,,,,,,,,,,,,
8158,16,96,48,1,1,0,1,1,1,1,0,1,1,1,1,,,,,,,,,,,,
8159,16,96,48,1,1,0,1,1,1,1,1,0,1,1,1,,,,,,,,,,,,
8160,16,96,48,1,1,0,1,1,1,1,1,1,0,1,1,,,,,,,,,,,,
8161,16,96,48,1,1,0,1,1,1,1,1,1,1,0,1,,,,,,,,,,,,
8162,16,96,48,1,1,0,1,1,1,1,1,1,1,1,0,,,,,,,,,,,,
8163,16,96,48,1,1,1,0,1,1,1,1,1,1,1,1,,,,,,,,,,,,
8164,16,96,48,1,1,1,0,1,1,0,1,1,1,1,1,,,,,,,,,,,,
8165,16,96,48,1,1,1,0,1,1,1,0,1,1,1,1,,,,,,,,,,,,
8166,16,96,48,1,1,1,0,1,1,1,1,0,1,1,1,,,,,,,,,,,,
8167,16,96,48,1,1,1,0,1,1,1,1,1,0,1,1,,,,,,,,,,,,
8168,16,96,48,1,1,1,0,1,1,1,1,1,1,0,1,,,,,,,,,,,,
8169,16,96,48,1,1,1,0,1,1,1,1,1,1,1,0,,,,,,,,,,,,
8170,16,96,48,1,1,1,1,0,1,1,1,1,1,1,1,,,,,,,,,,,,
8171,16,96,48,1,1,1,1,0,1,0,1,1,1,1,1,,,,,,,,,,,,
8172,16,96,48,1,1,1,1,0,1,1,0,1,1,1,1,,,,,,,,,,,,
8173,16,96,48,1,1,1,1,0,1,1,1,0,1,1,1,,,,,,,,,,,,
8174,16,96,48,1,1,1,1,0,1,1,1,1,0,1,1,,,,,,,,,,,,
8175,16,96,48,1,1,1,1,0,1,1,1,1,1,0,1,,,,,,,,,,,,
8176,16,96,48,1,1,1,1,0,1,1,1,1,1,1,0,,,,,,,,,,,,
8177,16,96,48,1,1,1,1,1,0,1,1,1,1,1,1,,,,,,,,,,,,
8178,16,96,48,1,1,1,1,1,0,0,1,1,1,1,1,,,,,,,,,,,,
8179,16,96,48,1,1,1,1,1,0,1,0,1,1,1,1,,,,,,,,,,,,
8180,16,96,48,1,1,1,1,1,0,1,1,0,1,1,1,,,,,,,,,,,,
8181,16,96,48,1,1,1,1,1,0,1,1,1,0,1,1,,,,,,,,,,,,
8182,16,96,48,1,1,1,1,1,0,1,1,1,1,0,1,,,,,,,,,,,,
8183,16,96,48,1,1,1,1,1,0,1,1,1,1,1,0,,,,,,,,,,,,
8184,64,64,16,1,1,1,1,1,1,1,1,1,1,1,1,,,,,,,,,,,,
8185,64,64,16,1,1,1,1,1,1,0,1,1,1,1,1,,,,,,,,,,,,
8186,64,64,16,1,1,1,1,1,1,1,0,1,1,1,1,,,,,,,,,,,,
8187,64,64,16,1,1,1,1,1,1,1,1,0,1,1,1,,,,,,,,,,,,
8188,64,64,16,1,1,1,1,1,1,1,1,1,0,1,1,,,,,,,,,,,,
8189,64,64,16,1,1,1,1,1,1,1,1,1,1,0,1,,,,,,,,,,,,
8190,64,64,16,1,1,1,1,1,1,1,1,1,1,1,0,,,,,,,,,,,,
8191,64,64,16,0,1,1,1,1,1,1,1,1,1,1,1,,,,,,,,,,,,
8192,64,64,16,0,1,1,1,1,1,0,1,1,1,1,1,,,,,,,,,,,,
8193,64,64,16,0,1,1,1,1,1,1,0,1,1,1,1,,,,,,,,,,,,
8194,64,64,16,0,1,1,1,1,1,1,1,0,1,1,1,,,,,,,,,,,,
8195,64,64,16,0,1,1,1,1,1,1,1,1,0,1,1,,,,,,,,,,,,
8196,64,64,16,0,1,1,1,1,1,1,1,1,1,0,1,,,,,,,,,,,,
8197,64,64,16,0,1,1,1,1,1,1,1,1,1,1,0,,,,,,,,,,,,
8198,64,64,16,1,0,1,1,1,1,1,1,1,1,1,1,,,,,,,,,,,,
8199,64,64,16,1,0,1,1,1,1,0,1,1,1,1,1,,,,,,,,,,,,
8200,64,64,16,1,0,1,1,1,1,1,0,1,1,1,1,,,,,,,,,,,,
8201,64,64,16,1,0,1,1,1,1,1,1,0,1,1,1,,,,,,,,,,,,
8202,64,64,16,1,0,1,1,1,1,1,1,1,0,1,1,,,,,,,,,,,,
8203,64,64,16,1,0,1,1,1,1,1,1,1,1,0,1,,,,,,,,,,,,
8204,64,64,16,1,0,1,1,1,1,1,1,1,1,1,0,,,,,,,,,,,,
8205,64,64,16,1,1,0,1,1,1,1,1,1,1,1,1,,,,,,,,,,,,
8206,64,64,16,1,1,0,1,1,1,0,1,1,1,1,1,,,,,,,,,,,,
8207,64,64,16,1,1,0,1,1,1,1,0,1,1,1,1,,,,,,,,,,,,
8208,64,64,16,1,1,0,1,1,1,1,1,0,1,1,1,,,,,,,,,,,,
8209,64,64,16,1,1,0,1,1,1,1,1,1,0,1,1,,,,,,,,,,,,
8210,64,64,16,1,1,0,1,1,1,1,1,1,1,0,1,,,,,,,,,,,,
8211,64,64,16,1,1,0,1,1,1,1,1,1,1,1,0,,,,,,,,,,,,
8212,64,64,16,1,1,1,0,1,1,1,1,1,1,1,1,,,,,,,,,,,,
8213,64,64,16,1,1,1,0,1,1,0,1,1,1,1,1,,,,,,,,,,,,
8214,64,64,16,1,1,1,0,1,1,1,0,1,1,1,1,,,,,,,,,,,,
8215,64,64,16,1,1,1,0,1,1,1,1,0,1,1,1,,,,,,,,,,,,
8216,64,64,16,1,1,1,0,1,1,1,1,1,0,1,1,,,,,,,,,,,,
8217,64,64,16,1,1,1,0,1,1,1,1,1,1,0,1,,,,,,,,,,,,
8218,64,64,16,1,1,1,0,1,1,1,1,1,1,1,0,,,,,,,,,,,,
8219,64,64,16,1,1,1,1,0,1,1,1,1,1,1,1,,,,,,,,,,,,
8220,64,64,16,1,1,1,1,0,1,0,1,1,1,1,1,,,,,,,,,,,,
8221,64,64,16,1,1,1,1,0,1,1,0,1,1,1,1,,,,,,,,,,,,
8222,64,64,16,1,1,1,1,0,1,1,1,0,1,1,1,,,,,,,,,,,,
8223,64,64,16,1,1,1,1,0,1,1,1,1,0,1,1,,,,,,,,,,,,
8224,64,64,16,1,1,1,1,0,1,1,1,1,1,0,1,,,,,,,,,,,,
8225,64,64,16,1,1,1,1,0,1,1,1,1,1,1,0,,,,,,,,,,,,
8226,64,64,16,1,1,1,1,1,0,1,1,1,1,1,1,,,,,,,,,,,,
8227,64,64,16,1,1,1,1,1,0,0,1,1,1,1,1,,,,,,,,,,,,
8228,64,64,16,1,1,1,1,1,0,1,0,1,1,1,1,,,,,,,,,,,,
8229,64,64,16,1,1,1,1,1,0,1,1,0,1,1,1,,,,,,,,,,,,
8230,64,64,16,1,1,1,1,1,0,1,1,1,0,1,1,,,,,,,,,,,,
8231,64,64,16,1,1,1,1,1,0,1,1,1,1,0,1,,,,,,,,,,,,
8232,64,64,16,1,1,1,1,1,0,1,1,1,1,1,0,,,,,,,,,,,,
8233,64,96,16,1,1,1,1,1,1,1,1,1,1,1,1,,,,,,,,,,,,
8234,64,96,16,1,1,1,1,1,1,0,1,1,1,1,1,,,,,,,,,,,,
8235,64,96,16,1,1,1,1,1,1,1,0,1,1,1,1,,,,,,,,,,,,
8236,64,96,16,1,1,1,1,1,1,1,1,0,1,1,1,,,,,,,,,,,,
8237,64,96,16,1,1,1,1,1,1,1,1,1,0,1,1,,,,,,,,,,,,
8238,64,96,16,1,1,1,1,1,1,1,1,1,1,0,1,,,,,,,,,,,,
8239,64,96,16,1,1,1,1,1,1,1,1,1,1,1,0,,,,,,,,,,,,
8240,64,96,16,0,1,1,1,1,1,1,1,1,1,1,1,,,,,,,,,,,,
8241,64,96,16,0,1,1,1,1,1,0,1,1,1,1,1,,,,,,,,,,,,
8242,64,96,16,0,1,1,1,1,1,1,0,1,1,1,1,,,,,,,,,,,,
8243,64,96,16,0,1,1,1,1,1,1,1,0,1,1,1,,,,,,,,,,,,
8244,64,96,16,0,1,1,1,1,1,1,1,1,0,1,1,,,,,,,,,,,,
8245,64,96,16,0,1,1,1,1,1,1,1,1,1,0,1,,,,,,,,,,,,
8246,64,96,16,0,1,1,1,1,1,1,1,1,1,1,0,,,,,,,,,,,,
8247,64,96,16,1,0,1,1,1,1,1,1,1,1,1,1,,,,,,,,,,,,
8248,64,96,16,1,0,1,1,1,1,0,1,1,1,1,1,,,,,,,,,,,,
8249,64,96,16,1,0,1,1,1,1,1,0,1,1,1,1,,,,,,,,,,,,
8250,64,96,16,1,0,1,1,1,1,1,1,0,1,1,1,,,,,,,,,,,,
8251,64,96,16,1,0,1,1,1,1,1,1,1,0,1,1,,,,,,,,,,,,
8252,64,96,16,1,0,1,1,1,1,1,1,1,1,0,1,,,,,,,,,,,,
8253,64,96,16,1,0,1,1,1,1,1,1,1,1,1,0,,,,,,,,,,,,
8254,64,96,16,1,1,0,1,1,1,1,1,1,1,1,1,,,,,,,,,,,,
8255,64,96,16,1,1,0,1,1,1,0,1,1,1,1,1,,,,,,,,,,,,
8256,64,96,16,1,1,0,1,1,1,1,0,1,1,1,1,,,,,,,,,,,,
8257,64,96,16,1,1,0,1,1,1,1,1,0,1,1,1,,,,,,,,,,,,
8258,64,96,16,1,1,0,1,1,1,1,1,1,0,1,1,,,,,,,,,,,,
8259,64,96,16,1,1,0,1,1,1,1,1,1,1,0,1,,,,,,,,,,,,
8260,64,96,16,1,1,0,1,1,1,1,1,1,1,1,0,,,,,,,,,,,,
8261,64,96,16,1,1,1,0,1,1,1,1,1,1,1,1,,,,,,,,,,,,
8262,64,96,16,1,1,1,0,1,1,0,1,1,1,1,1,,,,,,,,,,,,
8263,64,96,16,1,1,1,0,1,1,1,0,1,1,1,1,,,,,,,,,,,,
8264,64,96,16,1,1,1,0,1,1,1,1,0,1,1,1,,,,,,,,,,,,
8265,64,96,16,1,1,1,0,1,1,1,1,1,0,1,1,,,,,,,,,,,,
8266,64,96,16,1,1,1,0,1,1,1,1,1,1,0,1,,,,,,,,,,,,
8267,64,96,16,1,1,1,0,1,1,1,1,1,1,1,0,,,,,,,,,,,,
8268,64,96,16,1,1,1,1,0,1,1,1,1,1,1,1,,,,,,,,,,,,
8269,64,96,16,1,1,1,1,0,1,0,1,1,1,1,1,,,,,,,,,,,,
8270,64,96,16,1,1,1,1,0,1,1,0,1,1,1,1,,,,,,,,,,,,
8271,64,96,16,1,1,1,1,0,1,1,1,0,1,1,1,,,,,,,,,,,,
8272,64,96,16,1,1,1,1,0,1,1,1,1,0,1,1,,,,,,,,,,,,
8273,64,96,16,1,1,1,1,0,1,1,1,1,1,0,1,,,,,,,,,,,,
8274,64,96,16,1,1,1,1,0,1,1,1,1,1,1,0,,,,,,,,,,,,
8275,64,96,16,1,1,1,1,1,0,1,1,1,1,1,1,,,,,,,,,,,,
8276,64,96,16,1,1,1,1,1,0,0,1,1,1,1,1,,,,,,,,,,,,
8277,64,96,16,1,1,1,1,1,0,1,0,1,1,1,1,,,,,,,,,,,,
8278,64,96,16,1,1,1,1,1,0,1,1,0,1,1,1,,,,,,,,,,,,
8279,64,96,16,1,1,1,1,1,0,1,1,1,0,1,1,,,,,,,,,,,,
8280,64,96,16,1,1,1,1,1,0,1,1,1,1,0,1,,,,,,,,,,,,
8281,64,96,16,1,1,1,1,1,0,1,1,1,1,1,0,,,,,,,,,,,,
8282,96,24,48,1,1,1,1,1,1,1,1,1,1,1,1,,,,,,,,,,,,
8283,96,24,48,1,1,1,1,1,1,0,1,1,1,1,1,,,,,,,,,,,,
8284,96,24,48,1,1,1,1,1,1,1,0,1,1,1,1,,,,,,,,,,,,
8285,96,24,48,1,1,1,1,1,1,1,1,0,1,1,1,,,,,,,,,,,,
8286,96,24,48,1,1,1,1,1,1,1,1,1,0,1,1,,,,,,,,,,,,
8287,96,24,48,1,1,1,1,1,1,1,1,1,1,0,1,,,,,,,,,,,,
8288,96,24,48,1,1,1,1,1,1,1,1,1,1,1,0,,,,,,,,,,,,
8289,96,24,48,0,1,1,1,1,1,1,1,1,1,1,1,,,,,,,,,,,,
8290,96,24,48,0,1,1,1,1,1,0,1,1,1,1,1,,,,,,,,,,,,
8291,96,24,48,0,1,1,1,1,1,1,0,1,1,1,1,,,,,,,,,,,,
8292,96,24,48,0,1,1,1,1,1,1,1,0,1,1,1,,,,,,,,,,,,
8293,96,24,48,0,1,1,1,1,1,1,1,1,0,1,1,,,,,,,,,,,,
8294,96,24,48,0,1,1,1,1,1,1,1,1,1,0,1,,,,,,,,,,,,
8295,96,24,48,0,1,1,1,1,1,1,1,1,1,1,0,,,,,,,,,,,,
8296,96,24,48,1,0,1,1,1,1,1,1,1,1,1,1,,,,,,,,,,,,
8297,96,24,48,1,0,1,1,1,1,0,1,1,1,1,1,,,,,,,,,,,,
8298,96,24,48,1,0,1,1,1,1,1,0,1,1,1,1,,,,,,,,,,,,
8299,96,24,48,1,0,1,1,1,1,1,1,0,1,1,1,,,,,,,,,,,,
8300,96,24,48,1,0,1,1,1,1,1,1,1,0,1,1,,,,,,,,,,,,
8301,96,24,48,1,0,1,1,1,1,1,1,1,1,0,1,,,,,,,,,,,,
8302,96,24,48,1,0,1,1,1,1,1,1,1,1,1,0,,,,,,,,,,,,
8303,96,24,48,1,1,0,1,1,1,1,1,1,1,1,1,,,,,,,,,,,,
8304,96,24,48,1,1,0,1,1,1,0,1,1,1,1,1,,,,,,,,,,,,
8305,96,24,48,1,1,0,1,1,1,1,0,1,1,1,1,,,,,,,,,,,,
8306,96,24,48,1,1,0,1,1,1,1,1,0,1,1,1,,,,,,,,,,,,
8307,96,24,48,1,1,0,1,1,1,1,1,1,0,1,1,,,,,,,,,,,,
8308,96,24,48,1,1,0,1,1,1,1,1,1,1,0,1,,,,,,,,,,,,
8309,96,24,48,1,1,0,1,1,1,1,1,1,1,1,0,,,,,,,,,,,,
8310,96,24,48,1,1,1,0,1,1,1,1,1,1,1,1,,,,,,,,,,,,
8311,96,24,48,1,1,1,0,1,1,0,1,1,1,1,1,,,,,,,,,,,,
8312,96,24,48,1,1,1,0,1,1,1,0,1,1,1,1,,,,,,,,,,,,
8313,96,24,48,1,1,1,0,1,1,1,1,0,1,1,1,,,,,,,,,,,,
8314,96,24,48,1,1,1,0,1,1,1,1,1,0,1,1,,,,,,,,,,,,
8315,96,24,48,1,1,1,0,1,1,1,1,1,1,0,1,,,,,,,,,,,,
8316,96,24,48,1,1,1,0,1,1,1,1,1,1,1,0,,,,,,,,,,,,
8317,96,24,48,1,1,1,1,0,1,1,1,1,1,1,1,,,,,,,,,,,,
8318,96,24,48,1,1,1,1,0,1,0,1,1,1,1,1,,,,,,,,,,,,
8319,96,24,48,1,1,1,1,0,1,1,0,1,1,1,1,,,,,,,,,,,,
8320,96,24,48,1,1,1,1,0,1,1,1,0,1,1,1,,,,,,,,,,,,
8321,96,24,48,1,1,1,1,0,1,1,1,1,0,1,1,,,,,,,,,,,,
8322,96,24,48,1,1,1,1,0,1,1,1,1,1,0,1,,,,,,,,,,,,
8323,96,24,48,1,1,1,1,0,1,1,1,1,1,1,0,,,,,,,,,,,,
8324,96,24,48,1,1,1,1,1,0,1,1,1,1,1,1,,,,,,,,,,,,
8325,96,24,48,1,1,1,1,1,0,0,1,1,1,1,1,,,,,,,,,,,,
8326,96,24,48,1,1,1,1,1,0,1,0,1,1,1,1,,,,,,,,,,,,
8327,96,24,48,1,1,1,1,1,0,1,1,0,1,1,1,,,,,,,,,,,,
8328,96,24,48,1,1,1,1,1,0,1,1,1,0,1,1,,,,,,,,,,,,
8329,96,24,48,1,1,1,1,1,0,1,1,1,1,0,1,,,,,,,,,,,,
8330,96,24,48,1,1,1,1,1,0,1,1,1,1,1,0,,,,,,,,,,,,
8331,48,64,24,1,1,1,1,1,1,1,1,1,1,1,1,,,,,,,,,,,,
8332,48,64,24,1,1,1,1,1,1,0,1,1,1,1,1,,,,,,,,,,,,
8333,48,64,24,1,1,1,1,1,1,1,0,1,1,1,1,,,,,,,,,,,,
8334,48,64,24,1,1,1,1,1,1,1,1,0,1,1,1,,,,,,,,,,,,
8335,48,64,24,1,1,1,1,1,1,1,1,1,0,1,1,,,,,,,,,,,,
8336,48,64,24,1,1,1,1,1,1,1,1,1,1,0,1,,,,,,,,,,,,
8337,48,64,24,1,1,1,1,1,1,1,1,1,1,1,0,,,,,,,,,,,,
8338,48,64,24,0,1,1,1,1,1,1,1,1,1,1,1,,,,,,,,,,,,
8339,48,64,24,0,1,1,1,1,1,0,1,1,1,1,1,,,,,,,,,,,,
8340,48,64,24,0,1,1,1,1,1,1,0,1,1,1,1,,,,,,,,,,,,
8341,48,64,24,0,1,1,1,1,1,1,1,0,1,1,1,,,,,,,,,,,,
8342,48,64,24,0,1,1,1,1,1,1,1,1,0,1,1,,,,,,,,,,,,
8343,48,64,24,0,1,1,1,1,1,1,1,1,1,0,1,,,,,,,,,,,,
8344,48,64,24,0,1,1,1,1,1,1,1,1,1,1,0,,,,,,,,,,,,
8345,48,64,24,1,0,1,1,1,1,1,1,1,1,1,1,,,,,,,,,,,,
8346,48,64,24,1,0,1,1,1,1,0,1,1,1,1,1,,,,,,,,,,,,
8347,48,64,24,1,0,1,1,1,1,1,0,1,1,1,1,,,,,,,,,,,,
8348,48,64,24,1,0,1,1,1,1,1,1,0,1,1,1,,,,,,,,,,,,
8349,48,64,24,1,0,1,1,1,1,1,1,1,0,1,1,,,,,,,,,,,,
8350,48,64,24,1,0,1,1,1,1,1,1,1,1,0,1,,,,,,,,,,,,
8351,48,64,24,1,0,1,1,1,1,1,1,1,1,1,0,,,,,,,,,,,,
8352,48,64,24,1,1,0,1,1,1,1,1,1,1,1,1,,,,,,,,,,,,
8353,48,64,24,1,1,0,1,1,1,0,1,1,1,1,1,,,,,,,,,,,,
8354,48,64,24,1,1,0,1,1,1,1,0,1,1,1,1,,,,,,,,,,,,
8355,48,64,24,1,1,0,1,1,1,1,1,0,1,1,1,,,,,,,,,,,,
8356,48,64,24,1,1,0,1,1,1,1,1,1,0,1,1,,,,,,,,,,,,
8357,48,64,24,1,1,0,1,1,1,1,1,1,1,0,1,,,,,,,,,,,,
8358,48,64,24,1,1,0,1,1,1,1,1,1,1,1,0,,,,,,,,,,,,
8359,48,64,24,1,1,1,0,1,1,1,1,1,1,1,1,,,,,,,,,,,,
8360,48,64,24,1,1,1,0,1,1,0,1,1,1,1,1,,,,,,,,,,,,
8361,48,64,24,1,1,1,0,1,1,1,0,1,1,1,1,,,,,,,,,,,,
8362,48,64,24,1,1,1,0,1,1,1,1,0,1,1,1,,,,,,,,,,,,
8363,48,64,24,1,1,1,0,1,1,1,1,1,0,1,1,,,,,,,,,,,,
8364,48,64,24,1,1,1,0,1,1,1,1,1,1,0,1,,,,,,,,,,,,
8365,48,64,24,1,1,1,0,1,1,1,1,1,1,1,0,,,,,,,,,,,,
8366,48,64,24,1,1,1,1,0,1,1,1,1,1,1,1,,,,,,,,,,,,
8367,48,64,24,1,1,1,1,0,1,0,1,1,1,1,1,,,,,,,,,,,,
8368,48,64,24,1,1,1,1,0,1,1,0,1,1,1,1,,,,,,,,,,,,
8369,48,64,24,1,1,1,1,0,1,1,1,0,1,1,1,,,,,,,,,,,,
8370,48,64,24,1,1,1,1,0,1,1,1,1,0,1,1,,,,,,,,,,,,
8371,48,64,24,1,1,1,1,0,1,1,1,1,1,0,1,,,,,,,,,,,,
8372,48,64,24,1,1,1,1,0,1,1,1,1,1,1,0,,,,,,,,,,,,
8373,48,64,24,1,1,1,1,1,0,1,1,1,1,1,1,,,,,,,,,,,,
8374,48,64,24,1,1,1,1,1,0,0,1,1,1,1,1,,,,,,,,,,,,
8375,48,64,24,1,1,1,1,1,0,1,0,1,1,1,1,,,,,,,,,,,,
8376,48,64,24,1,1,1,1,1,0,1,1,0,1,1,1,,,,,,,,,,,,
8377,48,64,24,1,1,1,1,1,0,1,1,1,0,1,1,,,,,,,,,,,,
8378,48,64,24,1,1,1,1,1,0,1,1,1,1,0,1,,,,,,,,,,,,
8379,48,64,24,1,1,1,1,1,0,1,1,1,1,1,0,,,,,,,,,,,,
8380,24,48,16,1,1,1,1,1,1,1,1,1,1,1,1,,,,,,,,,,,,
8381,24,48,16,1,1,1,1,1,1,0,1,1,1,1,1,,,,,,,,,,,,
8382,24,48,16,1,1,1,1,1,1,1,0,1,1,1,1,,,,,,,,,,,,
8383,24,48,16,1,1,1,1,1,1,1,1,0,1,1,1,,,,,,,,,,,,
8384,24,48,16,1,1,1,1,1,1,1,1,1,0,1,1,,,,,,,,,,,,
8385,24,48,16,1,1,1,1,1,1,1,1,1,1,0,1,,,,,,,,,,,,
8386,24,48,16,1,1,1,1,1,1,1,1,1,1,1,0,,,,,,,,,,,,
8387,24,48,16,0,1,1,1,1,1,1,1,1,1,1,1,,,,,,,,,,,,
8388,24,48,16,0,1,1,1,1,1,0,1,1,1,1,1,,,,,,,,,,,,
8389,24,48,16,0,1,1,1,1,1,1,0,1,1,1,1,,,,,,,,,,,,
8390,24,48,16,0,1,1,1,1,1,1,1,0,1,1,1,,,,,,,,,,,,
8391,24,48,16,0,1,1,1,1,1,1,1,1,0,1,1,,,,,,,,,,,,
8392,24,48,16,0,1,1,1,1,1,1,1,1,1,0,1,,,,,,,,,,,,
8393,24,48,16,0,1,1,1,1,1,1,1,1,1,1,0,,,,,,,,,,,,
8394,24,48,16,1,0,1,1,1,1,1,1,1,1,1,1,,,,,,,,,,,,
8395,24,48,16,1,0,1,1,1,1,0,1,1,1,1,1,,,,,,,,,,,,
8396,24,48,16,1,0,1,1,1,1,1,0,1,1,1,1,,,,,,,,,,,,
8397,24,48,16,1,0,1,1,1,1,1,1,0,1,1,1,,,,,,,,,,,,
8398,24,48,16,1,0,1,1,1,1,1,1,1,0,1,1,,,,,,,,,,,,
8399,24,48,16,1,0,1,1,1,1,1,1,1,1,0,1,,,,,,,,,,,,
8400,24,48,16,1,0,1,1,1,1,1,1,1,1,1,0,,,,,,,,,,,,
8401,24,48,16,1,1,0,1,1,1,1,1,1,1,1,1,,,,,,,,,,,,
8402,24,48,16,1,1,0,1,1,1,0,1,1,1,1,1,,,,,,,,,,,,
8403,24,48,16,1,1,0,1,1,1,1,0,1,1,1,1,,,,,,,,,,,,
8404,24,48,16,1,1,0,1,1,1,1,1,0,1,1,1,,,,,,,,,,,,
8405,24,48,16,1,1,0,1,1,1,1,1,1,0,1,1,,,,,,,,,,,,
8406,24,48,16,1,1,0,1,1,1,1,1,1,1,0,1,,,,,,,,,,,,
8407,24,48,16,1,1,0,1,1,1,1,1,1,1,1,0,,,,,,,,,,,,
8408,24,48,16,1,1,1,0,1,1,1,1,1,1,1,1,,,,,,,,,,,,
8409,24,48,16,1,1,1,0,1,1,0,1,1,1,1,1,,,,,,,,,,,,
8410,24,48,16,1,1,1,0,1,1,1,0,1,1,1,1,,,,,,,,,,,,
8411,24,48,16,1,1,1,0,1,1,1,1,0,1,1,1,,,,,,,,,,,,
8412,24,48,16,1,1,1,0,1,1,1,1,1,0,1,1,,,,,,,,,,,,
8413,24,48,16,1,1,1,0,1,1,1,1,1,1,0,1,,,,,,,,,,,,
8414,24,48,16,1,1,1,0,1,1,1,1,1,1,1,0,,,,,,,,,,,,
8415,24,48,16,1,1,1,1,0,1,1,1,1,1,1,1,,,,,,,,,,,,
8416,24,48,16,1,1,1,1,0,1,0,1,1,1,1,1,,,,,,,,,,,,
8417,24,48,16,1,1,1,1,0,1,1,0,1,1,1,1,,,,,,,,,,,,
8418,24,48,16,1,1,1,1,0,1,1,1,0,1,1,1,,,,,,,,,,,,
8419,24,48,16,1,1,1,1,0,1,1,1,1,0,1,1,,,,,,,,,,,,
8420,24,48,16,1,1,1,1,0,1,1,1,1,1,0,1,,,,,,,,,,,,
8421,24,48,16,1,1,1,1,0,1,1,1,1,1,1,0,,,,,,,,,,,,
8422,24,48,16,1,1,1,1,1,0,1,1,1,1,1,1,,,,,,,,,,,,
8423,24,48,16,1,1,1,1,1,0,0,1,1,1,1,1,,,,,,,,,,,,
8424,24,48,16,1,1,1,1,1,0,1,0,1,1,1,1,,,,,,,,,,,,
8425,24,48,16,1,1,1,1,1,0,1,1,0,1,1,1,,,,,,,,,,,,
8426,24,48,16,1,1,1,1,1,0,1,1,1,0,1,1,,,,,,,,,,,,
8427,24,48,16,1,1,1,1,1,0,1,1,1,1,0,1,,,,,,,,,,,,
8428,24,48,16,1,1,1,1,1,0,1,1,1,1,1,0,,,,,,,,,,,,
8429,48,24,24,1,1,1,1,1,1,1,1,1,1,1,1,,,,,,,,,,,,
8430,48,24,24,1,1,1,1,1,1,0,1,1,1,1,1,,,,,,,,,,,,
8431,48,24,24,1,1,1,1,1,1,1,0,1,1,1,1,,,,,,,,,,,,
8432,48,24,24,1,1,1,1,1,1,1,1,0,1,1,1,,,,,,,,,,,,
8433,48,24,24,1,1,1,1,1,1,1,1,1,0,1,1,,,,,,,,,,,,
8434,48,24,24,1,1,1,1,1,1,1,1,1,1,0,1,,,,,,,,,,,,
8435,48,24,24,1,1,1,1,1,1,1,1,1,1,1,0,,,,,,,,,,,,
8436,48,24,24,0,1,1,1,1,1,1,1,1,1,1,1,,,,,,,,,,,,
8437,48,24,24,0,1,1,1,1,1,0,1,1,1,1,1,,,,,,,,,,,,
8438,48,24,24,0,1,1,1,1,1,1,0,1,1,1,1,,,,,,,,,,,,
8439,48,24,24,0,1,1,1,1,1,1,1,0,1,1,1,,,,,,,,,,,,
8440,48,24,24,0,1,1,1,1,1,1,1,1,0,1,1,,,,,,,,,,,,
8441,48,24,24,0,1,1,1,1,1,1,1,1,1,0,1,,,,,,,,,,,,
8442,48,24,24,0,1,1,1,1,1,1,1,1,1,1,0,,,,,,,,,,,,
8443,48,24,24,1,0,1,1,1,1,1,1,1,1,1,1,,,,,,,,,,,,
8444,48,24,24,1,0,1,1,1,1,0,1,1,1,1,1,,,,,,,,,,,,
8445,48,24,24,1,0,1,1,1,1,1,0,1,1,1,1,,,,,,,,,,,,
8446,48,24,24,1,0,1,1,1,1,1,1,0,1,1,1,,,,,,,,,,,,
8447,48,24,24,1,0,1,1,1,1,1,1,1,0,1,1,,,,,,,,,,,,
8448,48,24,24,1,0,1,1,1,1,1,1,1,1,0,1,,,,,,,,,,,,
8449,48,24,24,1,0,1,1,1,1,1,1,1,1,1,0,,,,,,,,,,,,
8450,48,24,24,1,1,0,1,1,1,1,1,1,1,1,1,,,,,,,,,,,,
8451,48,24,24,1,1,0,1,1,1,0,1,1,1,1,1,,,,,,,,,,,,
8452,48,24,24,1,1,0,1,1,1,1,0,1,1,1,1,,,,,,,,,,,,
8453,48,24,24,1,1,0,1,1,1,1,1,0,1,1,1,,,,,,,,,,,,
8454,48,24,24,1,1,0,1,1,1,1,1,1,0,1,1,,,,,,,,,,,,
8455,48,24,24,1,1,0,1,1,1,1,1,1,1,0,1,,,,,,,,,,,,
8456,48,24,24,1,1,0,1,1,1,1,1,1,1,1,0,,,,,,,,,,,,
8457,48,24,24,1,1,1,0,1,1,1,1,1,1,1,1,,,,,,,,,,,,
8458,48,24,24,1,1,1,0,1,1,0,1,1,1,1,1,,,,,,,,,,,,
8459,48,24,24,1,1,1,0,1,1,1,0,1,1,1,1,,,,,,,,,,,,
8460,48,24,24,1,1,1,0,1,1,1,1,0,1,1,1,,,,,,,,,,,,
8461,48,24,24,1,1,1,0,1,1,1,1,1,0,1,1,,,,,,,,,,,,
8462,48,24,24,1,1,1,0,1,1,1,1,1,1,0,1,,,,,,,,,,,,
8463,48,24,24,1,1,1,0,1,1,1,1,1,1,1,0,,,,,,,,,,,,
8464,48,24,24,1,1,1,1,0,1,1,1,1,1,1,1,,,,,,,,,,,,
8465,48,24,24,1,1,1,1,0,1,0,1,1,1,1,1,,,,,,,,,,,,
8466,48,24,24,1,1,1,1,0,1,1,0,1,1,1,1,,,,,,,,,,,,
8467,48,24,24,1,1,1,1,0,1,1,1,0,1,1,1,,,,,,,,,,,,
8468,48,24,24,1,1,1,1,0,1,1,1,1,0,1,1,,,,,,,,,,,,
8469,48,24,24,1,1,1,1,0,1,1,1,1,1,0,1,,,,,,,,,,,,
8470,48,24,24,1,1,1,1,0,1,1,1,1,1,1,0,,,,,,,,,,,,
8471,48,24,24,1,1,1,1,1,0,1,1,1,1,1,1,,,,,,,,,,,,
8472,48,24,24,1,1,1,1,1,0,0,1,1,1,1,1,,,,,,,,,,,,
8473,48,24,24,1,1,1,1,1,0,1,0,1,1,1,1,,,,,,,,,,,,
8474,48,24,24,1,1,1,1,1,0,1,1,0,1,1,1,,,,,,,,,,,,
8475,48,24,24,1,1,1,1,1,0,1,1,1,0,1,1,,,,,,,,,,,,
8476,48,24,24,1,1,1,1,1,0,1,1,1,1,0,1,,,,,,,,,,,,
8477,48,24,24,1,1,1,1,1,0,1,1,1,1,1,0,,,,,,,,,,,,
8478,48,16,64,1,1,1,1,1,1,1,1,1,1,1,1,,,,,,,,,,,,
8479,48,16,64,1,1,1,1,1,1,0,1,1,1,1,1,,,,,,,,,,,,
8480,48,16,64,1,1,1,1,1,1,1,0,1,1,1,1,,,,,,,,,,,,
8481,48,16,64,1,1,1,1,1,1,1,1,0,1,1,1,,,,,,,,,,,,
8482,48,16,64,1,1,1,1,1,1,1,1,1,0,1,1,,,,,,,,,,,,
8483,48,16,64,1,1,1,1,1,1,1,1,1,1,0,1,,,,,,,,,,,,
8484,48,16,64,1,1,1,1,1,1,1,1,1,1,1,0,,,,,,,,,,,,
8485,48,16,64,0,1,1,1,1,1,1,1,1,1,1,1,,,,,,,,,,,,
8486,48,16,64,0,1,1,1,1,1,0,1,1,1,1,1,,,,,,,,,,,,
8487,48,16,64,0,1,1,1,1,1,1,0,1,1,1,1,,,,,,,,,,,,
8488,48,16,64,0,1,1,1,1,1,1,1,0,1,1,1,,,,,,,,,,,,
8489,48,16,64,0,1,1,1,1,1,1,1,1,0,1,1,,,,,,,,,,,,
8490,48,16,64,0,1,1,1,1,1,1,1,1,1,0,1,,,,,,,,,,,,
8491,48,16,64,0,1,1,1,1,1,1,1,1,1,1,0,,,,,,,,,,,,
8492,48,16,64,1,0,1,1,1,1,1,1,1,1,1,1,,,,,,,,,,,,
8493,48,16,64,1,0,1,1,1,1,0,1,1,1,1,1,,,,,,,,,,,,
8494,48,16,64,1,0,1,1,1,1,1,0,1,1,1,1,,,,,,,,,,,,
8495,48,16,64,1,0,1,1,1,1,1,1,0,1,1,1,,,,,,,,,,,,
8496,48,16,64,1,0,1,1,1,1,1,1,1,0,1,1,,,,,,,,,,,,
8497,48,16,64,1,0,1,1,1,1,1,1,1,1,0,1,,,,,,,,,,,,
8498,48,16,64,1,0,1,1,1,1,1,1,1,1,1,0,,,,,,,,,,,,
8499,48,16,64,1,1,0,1,1,1,1,1,1,1,1,1,,,,,,,,,,,,
8500,48,16,64,1,1,0,1,1,1,0,1,1,1,1,1,,,,,,,,,,,,
8501,48,16,64,1,1,0,1,1,1,1,0,1,1,1,1,,,,,,,,,,,,
8502,48,16,64,1,1,0,1,1,1,1,1,0,1,1,1,,,,,,,,,,,,
8503,48,16,64,1,1,0,1,1,1,1,1,1,0,1,1,,,,,,,,,,,,
8504,48,16,64,1,1,0,1,1,1,1,1,1,1,0,1,,,,,,,,,,,,
8505,48,16,64,1,1,0,1,1,1,1,1,1,1,1,0,,,,,,,,,,,,
8506,48,16,64,1,1,1,0,1,1,1,1,1,1,1,1,,,,,,,,,,,,
8507,48,16,64,1,1,1,0,1,1,0,1,1,1,1,1,,,,,,,,,,,,
8508,48,16,64,1,1,1,0,1,1,1,0,1,1,1,1,,,,,,,,,,,,
8509,48,16,64,1,1,1,0,1,1,1,1,0,1,1,1,,,,,,,,,,,,
8510,48,16,64,1,1,1,0,1,1,1,1,1,0,1,1,,,,,,,,,,,,
8511,48,16,64,1,1,1,0,1,1,1,1,1,1,0,1,,,,,,,,,,,,
8512,48,16,64,1,1,1,0,1,1,1,1,1,1,1,0,,,,,,,,,,,,
8513,48,16,64,1,1,1,1,0,1,1,1,1,1,1,1,,,,,,,,,,,,
8514,48,16,64,1,1,1,1,0,1,0,1,1,1,1,1,,,,,,,,,,,,
8515,48,16,64,1,1,1,1,0,1,1,0,1,1,1,1,,,,,,,,,,,,
8516,48,16,64,1,1,1,1,0,1,1,1,0,1,1,1,,,,,,,,,,,,
8517,48,16,64,1,1,1,1,0,1,1,1,1,0,1,1,,,,,,,,,,,,
8518,48,16,64,1,1,1,1,0,1,1,1,1,1,0,1,,,,,,,,,,,,
8519,48,16,64,1,1,1,1,0,1,1,1,1,1,1,0,,,,,,,,,,,,
8520,48,16,64,1,1,1,1,1,0,1,1,1,1,1,1,,,,,,,,,,,,
8521,48,16,64,1,1,1,1,1,0,0,1,1,1,1,1,,,,,,,,,,,,
8522,48,16,64,1,1,1,1,1,0,1,0,1,1,1,1,,,,,,,,,,,,
8523,48,16,64,1,1,1,1,1,0,1,1,0,1,1,1,,,,,,,,,,,,
8524,48,16,64,1,1,1,1,1,0,1,1,1,0,1,1,,,,,,,,,,,,
8525,48,16,64,1,1,1,1,1,0,1,1,1,1,0,1,,,,,,,,,,,,
8526,48,16,64,1,1,1,1,1,0,1,1,1,1,1,0,,,,,,,,,,,,
8527,48,16,16,1,1,1,1,1,1,1,1,1,1,1,1,,,,,,,,,,,,
8528,48,16,16,1,1,1,1,1,1,0,1,1,1,1,1,,,,,,,,,,,,
8529,48,16,16,1,1,1,1,1,1,1,0,1,1,1,1,,,,,,,,,,,,
8530,48,16,16,1,1,1,1,1,1,1,1,0,1,1,1,,,,,,,,,,,,
8531,48,16,16,1,1,1,1,1,1,1,1,1,0,1,1,,,,,,,,,,,,
8532,48,16,16,1,1,1,1,1,1,1,1,1,1,0,1,,,,,,,,,,,,
8533,48,16,16,1,1,1,1,1,1,1,1,1,1,1,0,,,,,,,,,,,,
8534,48,16,16,0,1,1,1,1,1,1,1,1,1,1,1,,,,,,,,,,,,
8535,48,16,16,0,1,1,1,1,1,0,1,1,1,1,1,,,,,,,,,,,,
8536,48,16,16,0,1,1,1,1,1,1,0,1,1,1,1,,,,,,,,,,,,
8537,48,16,16,0,1,1,1,1,1,1,1,0,1,1,1,,,,,,,,,,,,
8538,48,16,16,0,1,1,1,1,1,1,1,1,0,1,1,,,,,,,,,,,,
8539,48,16,16,0,1,1,1,1,1,1,1,1,1,0,1,,,,,,,,,,,,
8540,48,16,16,0,1,1,1,1,1,1,1,1,1,1,0,,,,,,,,,,,,
8541,48,16,16,1,0,1,1,1,1,1,1,1,1,1,1,,,,,,,,,,,,
8542,48,16,16,1,0,1,1,1,1,0,1,1,1,1,1,,,,,,,,,,,,
8543,48,16,16,1,0,1,1,1,1,1,0,1,1,1,1,,,,,,,,,,,,
8544,48,16,16,1,0,1,1,1,1,1,1,0,1,1,1,,,,,,,,,,,,
8545,48,16,16,1,0,1,1,1,1,1,1,1,0,1,1,,,,,,,,,,,,
8546,48,16,16,1,0,1,1,1,1,1,1,1,1,0,1,,,,,,,,,,,,
8547,48,16,16,1,0,1,1,1,1,1,1,1,1,1,0,,,,,,,,,,,,
8548,48,16,16,1,1,0,1,1,1,1,1,1,1,1,1,,,,,,,,,,,,
8549,48,16,16,1,1,0,1,1,1,0,1,1,1,1,1,,,,,,,,,,,,
8550,48,16,16,1,1,0,1,1,1,1,0,1,1,1,1,,,,,,,,,,,,
8551,48,16,16,1,1,0,1,1,1,1,1,0,1,1,1,,,,,,,,,,,,
8552,48,16,16,1,1,0,1,1,1,1,1,1,0,1,1,,,,,,,,,,,,
8553,48,16,16,1,1,0,1,1,1,1,1,1,1,0,1,,,,,,,,,,,,
8554,48,16,16,1,1,0,1,1,1,1,1,1,1,1,0,,,,,,,,,,,,
8555,48,16,16,1,1,1,0,1,1,1,1,1,1,1,1,,,,,,,,,,,,
8556,48,16,16,1,1,1,0,1,1,0,1,1,1,1,1,,,,,,,,,,,,
8557,48,16,16,1,1,1,0,1,1,1,0,1,1,1,1,,,,,,,,,,,,
8558,48,16,16,1,1,1,0,1,1,1,1,0,1,1,1,,,,,,,,,,,,
8559,48,16,16,1,1,1,0,1,1,1,1,1,0,1,1,,,,,,,,,,,,
8560,48,16,16,1,1,1,0,1,1,1,1,1,1,0,1,,,,,,,,,,,,
8561,48,16,16,1,1,1,0,1,1,1,1,1,1,1,0,,,,,,,,,,,,
8562,48,16,16,1,1,1,1,0,1,1,1,1,1,1,1,,,,,,,,,,,,
8563,48,16,16,1,1,1,1,0,1,0,1,1,1,1,1,,,,,,,,,,,,
8564,48,16,16,1,1,1,1,0,1,1,0,1,1,1,1,,,,,,,,,,,,
8565,48,16,16,1,1,1,1,0,1,1,1,0,1,1,1,,,,,,,,,,,,
8566,48,16,16,1,1,1,1,0,1,1,1,1,0,1,1,,,,,,,,,,,,
8567,48,16,16,1,1,1,1,0,1,1,1,1,1,0,1,,,,,,,,,,,,
8568,48,16,16,1,1,1,1,0,1,1,1,1,1,1,0,,,,,,,,,,,,
8569,48,16,16,1,1,1,1,1,0,1,1,1,1,1,1,,,,,,,,,,,,
8570,48,16,16,1,1,1,1,1,0,0,1,1,1,1,1,,,,,,,,,,,,
8571,48,16,16,1,1,1,1,1,0,1,0,1,1,1,1,,,,,,,,,,,,
8572,48,16,16,1,1,1,1,1,0,1,1,0,1,1,1,,,,,,,,,,,,
8573,48,16,16,1,1,1,1,1,0,1,1,1,0,1,1,,,,,,,,,,,,
8574,48,16,16,1,1,1,1,1,0,1,1,1,1,0,1,,,,,,,,,,,,
8575,48,16,16,1,1,1,1,1,0,1,1,1,1,1,0,,,,,,,,,,,,
8576,96,48,96,1,1,1,1,1,1,1,1,1,1,1,1,,,,,,,,,,,,
8577,96,48,96,1,1,1,1,1,1,0,1,1,1,1,1,,,,,,,,,,,,
8578,96,48,96,1,1,1,1,1,1,1,0,1,1,1,1,,,,,,,,,,,,
8579,96,48,96,1,1,1,1,1,1,1,1,0,1,1,1,,,,,,,,,,,,
8580,96,48,96,1,1,1,1,1,1,1,1,1,0,1,1,,,,,,,,,,,,
8581,96,48,96,1,1,1,1,1,1,1,1,1,1,0,1,,,,,,,,,,,,
8582,96,48,96,1,1,1,1,1,1,1,1,1,1,1,0,,,,,,,,,,,,
8583,96,48,96,0,1,1,1,1,1,1,1,1,1,1,1,,,,,,,,,,,,
8584,96,48,96,0,1,1,1,1,1,0,1,1,1,1,1,,,,,,,,,,,,
8585,96,48,96,0,1,1,1,1,1,1,0,1,1,1,1,,,,,,,,,,,,
8586,96,48,96,0,1,1,1,1,1,1,1,0,1,1,1,,,,,,,,,,,,
8587,96,48,96,0,1,1,1,1,1,1,1,1,0,1,1,,,,,,,,,,,,
8588,96,48,96,0,1,1,1,1,1,1,1,1,1,0,1,,,,,,,,,,,,
8589,96,48,96,0,1,1,1,1,1,1,1,1,1,1,0,,,,,,,,,,,,
8590,96,48,96,1,0,1,1,1,1,1,1,1,1,1,1,,,,,,,,,,,,
8591,96,48,96,1,0,1,1,1,1,0,1,1,1,1,1,,,,,,,,,,,,
8592,96,48,96,1,0,1,1,1,1,1,0,1,1,1,1,,,,,,,,,,,,
8593,96,48,96,1,0,1,1,1,1,1,1,0,1,1,1,,,,,,,,,,,,
8594,96,48,96,1,0,1,1,1,1,1,1,1,0,1,1,,,,,,,,,,,,
8595,96,48,96,1,0,1,1,1,1,1,1,1,1,0,1,,,,,,,,,,,,
8596,96,48,96,1,0,1,1,1,1,1,1,1,1,1,0,,,,,,,,,,,,
8597,96,48,96,1,1,0,1,1,1,1,1,1,1,1,1,,,,,,,,,,,,
8598,96,48,96,1,1,0,1,1,1,0,1,1,1,1,1,,,,,,,,,,,,
8599,96,48,96,1,1,0,1,1,1,1,0,1,1,1,1,,,,,,,,,,,,
8600,96,48,96,1,1,0,1,1,1,1,1,0,1,1,1,,,,,,,,,,,,
8601,96,48,96,1,1,0,1,1,1,1,1,1,0,1,1,,,,,,,,,,,,
8602,96,48,96,1,1,0,1,1,1,1,1,1,1,0,1,,,,,,,,,,,,
8603,96,48,96,1,1,0,1,1,1,1,1,1,1,1,0,,,,,,,,,,,,
8604,96,48,96,1,1,1,0,1,1,1,1,1,1,1,1,,,,,,,,,,,,
8605,96,48,96,1,1,1,0,1,1,0,1,1,1,1,1,,,,,,,,,,,,
8606,96,48,96,1,1,1,0,1,1,1,0,1,1,1,1,,,,,,,,,,,,
8607,96,48,96,1,1,1,0,1,1,1,1,0,1,1,1,,,,,,,,,,,,
8608,96,48,96,1,1,1,0,1,1,1,1,1,0,1,1,,,,,,,,,,,,
8609,96,48,96,1,1,1,0,1,1,1,1,1,1,0,1,,,,,,,,,,,,
8610,96,48,96,1,1,1,0,1,1,1,1,1,1,1,0,,,,,,,,,,,,
8611,96,48,96,1,1,1,1,0,1,1,1,1,1,1,1,,,,,,,,,,,,
8612,96,48,96,1,1,1,1,0,1,0,1,1,1,1,1,,,,,,,,,,,,
8613,96,48,96,1,1,1,1,0,1,1,0,1,1,1,1,,,,,,,,,,,,
8614,96,48,96,1,1,1,1,0,1,1,1,0,1,1,1,,,,,,,,,,,,
8615,96,48,96,1,1,1,1,0,1,1,1,1,0,1,1,,,,,,,,,,,,
8616,96,48,96,1,1,1,1,0,1,1,1,1,1,0,1,,,,,,,,,,,,
8617,96,48,96,1,1,1,1,0,1,1,1,1,1,1,0,,,,,,,,,,,,
8618,96,48,96,1,1,1,1,1,0,1,1,1,1,1,1,,,,,,,,,,,,
8619,96,48,96,1,1,1,1,1,0,0,1,1,1,1,1,,,,,,,,,,,,
8620,96,48,96,1,1,1,1,1,0,1,0,1,1,1,1,,,,,,,,,,,,
8621,96,48,96,1,1,1,1,1,0,1,1,0,1,1,1,,,,,,,,,,,,
8622,96,48,96,1,1,1,1,1,0,1,1,1,0,1,1,,,,,,,,,,,,
8623,96,48,96,1,1,1,1,1,0,1,1,1,1,0,1,,,,,,,,,,,,
8624,96,48,96,1,1,1,1,1,0,1,1,1,1,1,0,,,,,,,,,,,,
8625,24,96,64,1,1,1,1,1,1,1,1,1,1,1,1,,,,,,,,,,,,
8626,24,96,64,1,1,1,1,1,1,0,1,1,1,1,1,,,,,,,,,,,,
8627,24,96,64,1,1,1,1,1,1,1,0,1,1,1,1,,,,,,,,,,,,
8628,24,96,64,1,1,1,1,1,1,1,1,0,1,1,1,,,,,,,,,,,,
8629,24,96,64,1,1,1,1,1,1,1,1,1,0,1,1,,,,,,,,,,,,
8630,24,96,64,1,1,1,1,1,1,1,1,1,1,0,1,,,,,,,,,,,,
8631,24,96,64,1,1,1,1,1,1,1,1,1,1,1,0,,,,,,,,,,,,
8632,24,96,64,0,1,1,1,1,1,1,1,1,1,1,1,,,,,,,,,,,,
8633,24,96,64,0,1,1,1,1,1,0,1,1,1,1,1,,,,,,,,,,,,
8634,24,96,64,0,1,1,1,1,1,1,0,1,1,1,1,,,,,,,,,,,,
8635,24,96,64,0,1,1,1,1,1,1,1,0,1,1,1,,,,,,,,,,,,
8636,24,96,64,0,1,1,1,1,1,1,1,1,0,1,1,,,,,,,,,,,,
8637,24,96,64,0,1,1,1,1,1,1,1,1,1,0,1,,,,,,,,,,,,
8638,24,96,64,0,1,1,1,1,1,1,1,1,1,1,0,,,,,,,,,,,,
8639,24,96,64,1,0,1,1,1,1,1,1,1,1,1,1,,,,,,,,,,,,
8640,24,96,64,1,0,1,1,1,1,0,1,1,1,1,1,,,,,,,,,,,,
8641,24,96,64,1,0,1,1,1,1,1,0,1,1,1,1,,,,,,,,,,,,
8642,24,96,64,1,0,1,1,1,1,1,1,0,1,1,1,,,,,,,,,,,,
8643,24,96,64,1,0,1,1,1,1,1,1,1,0,1,1,,,,,,,,,,,,
8644,24,96,64,1,0,1,1,1,1,1,1,1,1,0,1,,,,,,,,,,,,
8645,24,96,64,1,0,1,1,1,1,1,1,1,1,1,0,,,,,,,,,,,,
8646,24,96,64,1,1,0,1,1,1,1,1,1,1,1,1,,,,,,,,,,,,
8647,24,96,64,1,1,0,1,1,1,0,1,1,1,1,1,,,,,,,,,,,,
8648,24,96,64,1,1,0,1,1,1,1,0,1,1,1,1,,,,,,,,,,,,
8649,24,96,64,1,1,0,1,1,1,1,1,0,1,1,1,,,,,,,,,,,,
8650,24,96,64,1,1,0,1,1,1,1,1,1,0,1,1,,,,,,,,,,,,
8651,24,96,64,1,1,0,1,1,1,1,1,1,1,0,1,,,,,,,,,,,,
8652,24,96,64,1,1,0,1,1,1,1,1,1,1,1,0,,,,,,,,,,,,
8653,24,96,64,1,1,1,0,1,1,1,1,1,1,1,1,,,,,,,,,,,,
8654,24,96,64,1,1,1,0,1,1,0,1,1,1,1,1,,,,,,,,,,,,
8655,24,96,64,1,1,1,0,1,1,1,0,1,1,1,1,,,,,,,,,,,,
8656,24,96,64,1,1,1,0,1,1,1,1,0,1,1,1,,,,,,,,,,,,
8657,24,96,64,1,1,1,0,1,1,1,1,1,0,1,1,,,,,,,,,,,,
8658,24,96,64,1,1,1,0,1,1,1,1,1,1,0,1,,,,,,,,,,,,
8659,24,96,64,1,1,1,0,1,1,1,1,1,1,1,0,,,,,,,,,,,,
8660,24,96,64,1,1,1,1,0,1,1,1,1,1,1,1,,,,,,,,,,,,
8661,24,96,64,1,1,1,1,0,1,0,1,1,1,1,1,,,,,,,,,,,,
8662,24,96,64,1,1,1,1,0,1,1,0,1,1,1,1,,,,,,,,,,,,
8663,24,96,64,1,1,1,1,0,1,1,1,0,1,1,1,,,,,,,,,,,,
8664,24,96,64,1,1,1,1,0,1,1,1,1,0,1,1,,,,,,,,,,,,
8665,24,96,64,1,1,1,1,0,1,1,1,1,1,0,1,,,,,,,,,,,,
8666,24,96,64,1,1,1,1,0,1,1,1,1,1,1,0,,,,,,,,,,,,
8667,24,96,64,1,1,1,1,1,0,1,1,1,1,1,1,,,,,,,,,,,,
8668,24,96,64,1,1,1,1,1,0,0,1,1,1,1,1,,,,,,,,,,,,
8669,24,96,64,1,1,1,1,1,0,1,0,1,1,1,1,,,,,,,,,,,,
8670,24,96,64,1,1,1,1,1,0,1,1,0,1,1,1,,,,,,,,,,,,
8671,24,96,64,1,1,1,1,1,0,1,1,1,0,1,1,,,,,,,,,,,,
8672,24,96,64,1,1,1,1,1,0,1,1,1,1,0,1,,,,,,,,,,,,
8673,24,96,64,1,1,1,1,1,0,1,1,1,1,1,0,,,,,,,,,,,,
8674,48,64,48,1,1,1,1,1,1,1,1,1,1,1,1,,,,,,,,,,,,
8675,48,64,48,1,1,1,1,1,1,0,1,1,1,1,1,,,,,,,,,,,,
8676,48,64,48,1,1,1,1,1,1,1,0,1,1,1,1,,,,,,,,,,,,
8677,48,64,48,1,1,1,1,1,1,1,1,0,1,1,1,,,,,,,,,,,,
8678,48,64,48,1,1,1,1,1,1,1,1,1,0,1,1,,,,,,,,,,,,
8679,48,64,48,1,1,1,1,1,1,1,1,1,1,0,1,,,,,,,,,,,,
8680,48,64,48,1,1,1,1,1,1,1,1,1,1,1,0,,,,,,,,,,,,
8681,48,64,48,0,1,1,1,1,1,1,1,1,1,1,1,,,,,,,,,,,,
8682,48,64,48,0,1,1,1,1,1,0,1,1,1,1,1,,,,,,,,,,,,
8683,48,64,48,0,1,1,1,1,1,1,0,1,1,1,1,,,,,,,,,,,,
8684,48,64,48,0,1,1,1,1,1,1,1,0,1,1,1,,,,,,,,,,,,
8685,48,64,48,0,1,1,1,1,1,1,1,1,0,1,1,,,,,,,,,,,,
8686,48,64,48,0,1,1,1,1,1,1,1,1,1,0,1,,,,,,,,,,,,
8687,48,64,48,0,1,1,1,1,1,1,1,1,1,1,0,,,,,,,,,,,,
8688,48,64,48,1,0,1,1,1,1,1,1,1,1,1,1,,,,,,,,,,,,
8689,48,64,48,1,0,1,1,1,1,0,1,1,1,1,1,,,,,,,,,,,,
8690,48,64,48,1,0,1,1,1,1,1,0,1,1,1,1,,,,,,,,,,,,
8691,48,64,48,1,0,1,1,1,1,1,1,0,1,1,1,,,,,,,,,,,,
8692,48,64,48,1,0,1,1,1,1,1,1,1,0,1,1,,,,,,,,,,,,
8693,48,64,48,1,0,1,1,1,1,1,1,1,1,0,1,,,,,,,,,,,,
8694,48,64,48,1,0,1,1,1,1,1,1,1,1,1,0,,,,,,,,,,,,
8695,48,64,48,1,1,0,1,1,1,1,1,1,1,1,1,,,,,,,,,,,,
8696,48,64,48,1,1,0,1,1,1,0,1,1,1,1,1,,,,,,,,,,,,
8697,48,64,48,1,1,0,1,1,1,1,0,1,1,1,1,,,,,,,,,,,,
8698,48,64,48,1,1,0,1,1,1,1,1,0,1,1,1,,,,,,,,,,,,
8699,48,64,48,1,1,0,1,1,1,1,1,1,0,1,1,,,,,,,,,,,,
8700,48,64,48,1,1,0,1,1,1,1,1,1,1,0,1,,,,,,,,,,,,
8701,48,64,48,1,1,0,1,1,1,1,1,1,1,1,0,,,,,,,,,,,,
8702,48,64,48,1,1,1,0,1,1,1,1,1,1,1,1,,,,,,,,,,,,
8703,48,64,48,1,1,1,0,1,1,0,1,1,1,1,1,,,,,,,,,,,,
8704,48,64,48,1,1,1,0,1,1,1,0,1,1,1,1,,,,,,,,,,,,
8705,48,64,48,1,1,1,0,1,1,1,1,0,1,1,1,,,,,,,,,,,,
8706,48,64,48,1,1,1,0,1,1,1,1,1,0,1,1,,,,,,,,,,,,
8707,48,64,48,1,1,1,0,1,1,1,1,1,1,0,1,,,,,,,,,,,,
8708,48,64,48,1,1,1,0,1,1,1,1,1,1,1,0,,,,,,,,,,,,
8709,48,64,48,1,1,1,1,0,1,1,1,1,1,1,1,,,,,,,,,,,,
8710,48,64,48,1,1,1,1,0,1,0,1,1,1,1,1,,,,,,,,,,,,
8711,48,64,48,1,1,1,1,0,1,1,0,1,1,1,1,,,,,,,,,,,,
8712,48,64,48,1,1,1,1,0,1,1,1,0,1,1,1,,,,,,,,,,,,
8713,48,64,48,1,1,1,1,0,1,1,1,1,0,1,1,,,,,,,,,,,,
8714,48,64,48,1,1,1,1,0,1,1,1,1,1,0,1,,,,,,,,,,,,
8715,48,64,48,1,1,1,1,0,1,1,1,1,1,1,0,,,,,,,,,,,,
8716,48,64,48,1,1,1,1,1,0,1,1,1,1,1,1,,,,,,,,,,,,
8717,48,64,48,1,1,1,1,1,0,0,1,1,1,1,1,,,,,,,,,,,,
8718,48,64,48,1,1,1,1,1,0,1,0,1,1,1,1,,,,,,,,,,,,
8719,48,64,48,1,1,1,1,1,0,1,1,0,1,1,1,,,,,,,,,,,,
8720,48,64,48,1,1,1,1,1,0,1,1,1,0,1,1,,,,,,,,,,,,
8721,48,64,48,1,1,1,1,1,0,1,1,1,1,0,1,,,,,,,,,,,,
8722,48,64,48,1,1,1,1,1,0,1,1,1,1,1,0,,,,,,,,,,,,
8723,96,16,96,1,1,1,1,1,1,1,1,1,1,1,1,,,,,,,,,,,,
8724,96,16,96,1,1,1,1,1,1,0,1,1,1,1,1,,,,,,,,,,,,
8725,96,16,96,1,1,1,1,1,1,1,0,1,1,1,1,,,,,,,,,,,,
8726,96,16,96,1,1,1,1,1,1,1,1,0,1,1,1,,,,,,,,,,,,
8727,96,16,96,1,1,1,1,1,1,1,1,1,0,1,1,,,,,,,,,,,,
8728,96,16,96,1,1,1,1,1,1,1,1,1,1,0,1,,,,,,,,,,,,
8729,96,16,96,1,1,1,1,1,1,1,1,1,1,1,0,,,,,,,,,,,,
8730,96,16,96,0,1,1,1,1,1,1,1,1,1,1,1,,,,,,,,,,,,
8731,96,16,96,0,1,1,1,1,1,0,1,1,1,1,1,,,,,,,,,,,,
8732,96,16,96,0,1,1,1,1,1,1,0,1,1,1,1,,,,,,,,,,,,
8733,96,16,96,0,1,1,1,1,1,1,1,0,1,1,1,,,,,,,,,,,,
8734,96,16,96,0,1,1,1,1,1,1,1,1,0,1,1,,,,,,,,,,,,
8735,96,16,96,0,1,1,1,1,1,1,1,1,1,0,1,,,,,,,,,,,,
8736,96,16,96,0,1,1,1,1,1,1,1,1,1,1,0,,,,,,,,,,,,
8737,96,16,96,1,0,1,1,1,1,1,1,1,1,1,1,,,,,,,,,,,,
8738,96,16,96,1,0,1,1,1,1,0,1,1,1,1,1,,,,,,,,,,,,
8739,96,16,96,1,0,1,1,1,1,1,0,1,1,1,1,,,,,,,,,,,,
8740,96,16,96,1,0,1,1,1,1,1,1,0,1,1,1,,,,,,,,,,,,
8741,96,16,96,1,0,1,1,1,1,1,1,1,0,1,1,,,,,,,,,,,,
8742,96,16,96,1,0,1,1,1,1,1,1,1,1,0,1,,,,,,,,,,,,
8743,96,16,96,1,0,1,1,1,1,1,1,1,1,1,0,,,,,,,,,,,,
8744,96,16,96,1,1,0,1,1,1,1,1,1,1,1,1,,,,,,,,,,,,
8745,96,16,96,1,1,0,1,1,1,0,1,1,1,1,1,,,,,,,,,,,,
8746,96,16,96,1,1,0,1,1,1,1,0,1,1,1,1,,,,,,,,,,,,
8747,96,16,96,1,1,0,1,1,1,1,1,0,1,1,1,,,,,,,,,,,,
8748,96,16,96,1,1,0,1,1,1,1,1,1,0,1,1,,,,,,,,,,,,
8749,96,16,96,1,1,0,1,1,1,1,1,1,1,0,1,,,,,,,,,,,,
8750,96,16,96,1,1,0,1,1,1,1,1,1,1,1,0,,,,,,,,,,,,
8751,96,16,96,1,1,1,0,1,1,1,1,1,1,1,1,,,,,,,,,,,,
8752,96,16,96,1,1,1,0,1,1,0,1,1,1,1,1,,,,,,,,,,,,
8753,96,16,96,1,1,1,0,1,1,1,0,1,1,1,1,,,,,,,,,,,,
8754,96,16,96,1,1,1,0,1,1,1,1,0,1,1,1,,,,,,,,,,,,
8755,96,16,96,1,1,1,0,1,1,1,1,1,0,1,1,,,,,,,,,,,,
8756,96,16,96,1,1,1,0,1,1,1,1,1,1,0,1,,,,,,,,,,,,
8757,96,16,96,1,1,1,0,1,1,1,1,1,1,1,0,,,,,,,,,,,,
8758,96,16,96,1,1,1,1,0,1,1,1,1,1,1,1,,,,,,,,,,,,
8759,96,16,96,1,1,1,1,0,1,0,1,1,1,1,1,,,,,,,,,,,,
8760,96,16,96,1,1,1,1,0,1,1,0,1,1,1,1,,,,,,,,,,,,
8761,96,16,96,1,1,1,1,0,1,1,1,0,1,1,1,,,,,,,,,,,,
8762,96,16,96,1,1,1,1,0,1,1,1,1,0,1,1,,,,,,,,,,,,
8763,96,16,96,1,1,1,1,0,1,1,1,1,1,0,1,,,,,,,,,,,,
8764,96,16,96,1,1,1,1,0,1,1,1,1,1,1,0,,,,,,,,,,,,
8765,96,16,96,1,1,1,1,1,0,1,1,1,1,1,1,,,,,,,,,,,,
8766,96,16,96,1,1,1,1,1,0,0,1,1,1,1,1,,,,,,,,,,,,
8767,96,16,96,1,1,1,1,1,0,1,0,1,1,1,1,,,,,,,,,,,,
8768,96,16,96,1,1,1,1,1,0,1,1,0,1,1,1,,,,,,,,,,,,
8769,96,16,96,1,1,1,1,1,0,1,1,1,0,1,1,,,,,,,,,,,,
8770,96,16,96,1,1,1,1,1,0,1,1,1,1,0,1,,,,,,,,,,,,
8771,96,16,96,1,1,1,1,1,0,1,1,1,1,1,0,,,,,,,,,,,,
8772,24,16,96,1,1,1,1,1,1,1,1,1,1,1,1,,,,,,,,,,,,
8773,24,16,96,1,1,1,1,1,1,0,1,1,1,1,1,,,,,,,,,,,,
8774,24,16,96,1,1,1,1,1,1,1,0,1,1,1,1,,,,,,,,,,,,
8775,24,16,96,1,1,1,1,1,1,1,1,0,1,1,1,,,,,,,,,,,,
8776,24,16,96,1,1,1,1,1,1,1,1,1,0,1,1,,,,,,,,,,,,
8777,24,16,96,1,1,1,1,1,1,1,1,1,1,0,1,,,,,,,,,,,,
8778,24,16,96,1,1,1,1,1,1,1,1,1,1,1,0,,,,,,,,,,,,
8779,24,16,96,0,1,1,1,1,1,1,1,1,1,1,1,,,,,,,,,,,,
8780,24,16,96,0,1,1,1,1,1,0,1,1,1,1,1,,,,,,,,,,,,
8781,24,16,96,0,1,1,1,1,1,1,0,1,1,1,1,,,,,,,,,,,,
8782,24,16,96,0,1,1,1,1,1,1,1,0,1,1,1,,,,,,,,,,,,
8783,24,16,96,0,1,1,1,1,1,1,1,1,0,1,1,,,,,,,,,,,,
8784,24,16,96,0,1,1,1,1,1,1,1,1,1,0,1,,,,,,,,,,,,
8785,24,16,96,0,1,1,1,1,1,1,1,1,1,1,0,,,,,,,,,,,,
8786,24,16,96,1,0,1,1,1,1,1,1,1,1,1,1,,,,,,,,,,,,
8787,24,16,96,1,0,1,1,1,1,0,1,1,1,1,1,,,,,,,,,,,,
8788,24,16,96,1,0,1,1,1,1,1,0,1,1,1,1,,,,,,,,,,,,
8789,24,16,96,1,0,1,1,1,1,1,1,0,1,1,1,,,,,,,,,,,,
8790,24,16,96,1,0,1,1,1,1,1,1,1,0,1,1,,,,,,,,,,,,
8791,24,16,96,1,0,1,1,1,1,1,1,1,1,0,1,,,,,,,,,,,,
8792,24,16,96,1,0,1,1,1,1,1,1,1,1,1,0,,,,,,,,,,,,
8793,24,16,96,1,1,0,1,1,1,1,1,1,1,1,1,,,,,,,,,,,,
8794,24,16,96,1,1,0,1,1,1,0,1,1,1,1,1,,,,,,,,,,,,
8795,24,16,96,1,1,0,1,1,1,1,0,1,1,1,1,,,,,,,,,,,,
8796,24,16,96,1,1,0,1,1,1,1,1,0,1,1,1,,,,,,,,,,,,
8797,24,16,96,1,1,0,1,1,1,1,1,1,0,1,1,,,,,,,,,,,,
8798,24,16,96,1,1,0,1,1,1,1,1,1,1,0,1,,,,,,,,,,,,
8799,24,16,96,1,1,0,1,1,1,1,1,1,1,1,0,,,,,,,,,,,,
8800,24,16,96,1,1,1,0,1,1,1,1,1,1,1,1,,,,,,,,,,,,
8801,24,16,96,1,1,1,0,1,1,0,1,1,1,1,1,,,,,,,,,,,,
8802,24,16,96,1,1,1,0,1,1,1,0,1,1,1,1,,,,,,,,,,,,
8803,24,16,96,1,1,1,0,1,1,1,1,0,1,1,1,,,,,,,,,,,,
8804,24,16,96,1,1,1,0,1,1,1,1,1,0,1,1,,,,,,,,,,,,
8805,24,16,96,1,1,1,0,1,1,1,1,1,1,0,1,,,,,,,,,,,,
8806,24,16,96,1,1,1,0,1,1,1,1,1,1,1,0,,,,,,,,,,,,
8807,24,16,96,1,1,1,1,0,1,1,1,1,1,1,1,,,,,,,,,,,,
8808,24,16,96,1,1,1,1,0,1,0,1,1,1,1,1,,,,,,,,,,,,
8809,24,16,96,1,1,1,1,0,1,1,0,1,1,1,1,,,,,,,,,,,,
8810,24,16,96,1,1,1,1,0,1,1,1,0,1,1,1,,,,,,,,,,,,
8811,24,16,96,1,1,1,1,0,1,1,1,1,0,1,1,,,,,,,,,,,,
8812,24,16,96,1,1,1,1,0,1,1,1,1,1,0,1,,,,,,,,,,,,
8813,24,16,96,1,1,1,1,0,1,1,1,1,1,1,0,,,,,,,,,,,,
8814,24,16,96,1,1,1,1,1,0,1,1,1,1,1,1,,,,,,,,,,,,
8815,24,16,96,1,1,1,1,1,0,0,1,1,1,1,1,,,,,,,,,,,,
8816,24,16,96,1,1,1,1,1,0,1,0,1,1,1,1,,,,,,,,,,,,
8817,24,16,96,1,1,1,1,1,0,1,1,0,1,1,1,,,,,,,,,,,,
8818,24,16,96,1,1,1,1,1,0,1,1,1,0,1,1,,,,,,,,,,,,
8819,24,16,96,1,1,1,1,1,0,1,1,1,1,0,1,,,,,,,,,,,,
8820,24,16,96,1,1,1,1,1,0,1,1,1,1,1,0,,,,,,,,,,,,
8821,24,16,24,1,1,1,1,1,1,1,1,1,1,1,1,,,,,,,,,,,,
8822,24,16,24,1,1,1,1,1,1,0,1,1,1,1,1,,,,,,,,,,,,
8823,24,16,24,1,1,1,1,1,1,1,0,1,1,1,1,,,,,,,,,,,,
8824,24,16,24,1,1,1,1,1,1,1,1,0,1,1,1,,,,,,,,,,,,
8825,24,16,24,1,1,1,1,1,1,1,1,1,0,1,1,,,,,,,,,,,,
8826,24,16,24,1,1,1,1,1,1,1,1,1,1,0,1,,,,,,,,,,,,
8827,24,16,24,1,1,1,1,1,1,1,1,1,1,1,0,,,,,,,,,,,,
8828,24,16,24,0,1,1,1,1,1,1,1,1,1,1,1,,,,,,,,,,,,
8829,24,16,24,0,1,1,1,1,1,0,1,1,1,1,1,,,,,,,,,,,,
8830,24,16,24,0,1,1,1,1,1,1,0,1,1,1,1,,,,,,,,,,,,
8831,24,16,24,0,1,1,1,1,1,1,1,0,1,1,1,,,,,,,,,,,,
8832,24,16,24,0,1,1,1,1,1,1,1,1,0,1,1,,,,,,,,,,,,
8833,24,16,24,0,1,1,1,1,1,1,1,1,1,0,1,,,,,,,,,,,,
8834,24,16,24,0,1,1,1,1,1,1,1,1,1,1,0,,,,,,,,,,,,
8835,24,16,24,1,0,1,1,1,1,1,1,1,1,1,1,,,,,,,,,,,,
8836,24,16,24,1,0,1,1,1,1,0,1,1,1,1,1,,,,,,,,,,,,
8837,24,16,24,1,0,1,1,1,1,1,0,1,1,1,1,,,,,,,,,,,,
8838,24,16,24,1,0,1,1,1,1,1,1,0,1,1,1,,,,,,,,,,,,
8839,24,16,24,1,0,1,1,1,1,1,1,1,0,1,1,,,,,,,,,,,,
8840,24,16,24,1,0,1,1,1,1,1,1,1,1,0,1,,,,,,,,,,,,
8841,24,16,24,1,0,1,1,1,1,1,1,1,1,1,0,,,,,,,,,,,,
8842,24,16,24,1,1,0,1,1,1,1,1,1,1,1,1,,,,,,,,,,,,
8843,24,16,24,1,1,0,1,1,1,0,1,1,1,1,1,,,,,,,,,,,,
8844,24,16,24,1,1,0,1,1,1,1,0,1,1,1,1,,,,,,,,,,,,
8845,24,16,24,1,1,0,1,1,1,1,1,0,1,1,1,,,,,,,,,,,,
8846,24,16,24,1,1,0,1,1,1,1,1,1,0,1,1,,,,,,,,,,,,
8847,24,16,24,1,1,0,1,1,1,1,1,1,1,0,1,,,,,,,,,,,,
8848,24,16,24,1,1,0,1,1,1,1,1,1,1,1,0,,,,,,,,,,,,
8849,24,16,24,1,1,1,0,1,1,1,1,1,1,1,1,,,,,,,,,,,,
8850,24,16,24,1,1,1,0,1,1,0,1,1,1,1,1,,,,,,,,,,,,
8851,24,16,24,1,1,1,0,1,1,1,0,1,1,1,1,,,,,,,,,,,,
8852,24,16,24,1,1,1,0,1,1,1,1,0,1,1,1,,,,,,,,,,,,
8853,24,16,24,1,1,1,0,1,1,1,1,1,0,1,1,,,,,,,,,,,,
8854,24,16,24,1,1,1,0,1,1,1,1,1,1,0,1,,,,,,,,,,,,
8855,24,16,24,1,1,1,0,1,1,1,1,1,1,1,0,,,,,,,,,,,,
8856,24,16,24,1,1,1,1,0,1,1,1,1,1,1,1,,,,,,,,,,,,
8857,24,16,24,1,1,1,1,0,1,0,1,1,1,1,1,,,,,,,,,,,,
8858,24,16,24,1,1,1,1,0,1,1,0,1,1,1,1,,,,,,,,,,,,
8859,24,16,24,1,1,1,1,0,1,1,1,0,1,1,1,,,,,,,,,,,,
8860,24,16,24,1,1,1,1,0,1,1,1,1,0,1,1,,,,,,,,,,,,
8861,24,16,24,1,1,1,1,0,1,1,1,1,1,0,1,,,,,,,,,,,,
8862,24,16,24,1,1,1,1,0,1,1,1,1,1,1,0,,,,,,,,,,,,
8863,24,16,24,1,1,1,1,1,0,1,1,1,1,1,1,,,,,,,,,,,,
8864,24,16,24,1,1,1,1,1,0,0,1,1,1,1,1,,,,,,,,,,,,
8865,24,16,24,1,1,1,1,1,0,1,0,1,1,1,1,,,,,,,,,,,,
8866,24,16,24,1,1,1,1,1,0,1,1,0,1,1,1,,,,,,,,,,,,
8867,24,16,24,1,1,1,1,1,0,1,1,1,0,1,1,,,,,,,,,,,,
8868,24,16,24,1,1,1,1,1,0,1,1,1,1,0,1,,,,,,,,,,,,
8869,24,16,24,1,1,1,1,1,0,1,1,1,1,1,0,,,,,,,,,,,,
8870,96,16,24,1,1,1,1,1,1,1,1,1,1,1,1,,,,,,,,,,,,
8871,96,16,24,1,1,1,1,1,1,0,1,1,1,1,1,,,,,,,,,,,,
8872,96,16,24,1,1,1,1,1,1,1,0,1,1,1,1,,,,,,,,,,,,
8873,96,16,24,1,1,1,1,1,1,1,1,0,1,1,1,,,,,,,,,,,,
8874,96,16,24,1,1,1,1,1,1,1,1,1,0,1,1,,,,,,,,,,,,
8875,96,16,24,1,1,1,1,1,1,1,1,1,1,0,1,,,,,,,,,,,,
8876,96,16,24,1,1,1,1,1,1,1,1,1,1,1,0,,,,,,,,,,,,
8877,96,16,24,0,1,1,1,1,1,1,1,1,1,1,1,,,,,,,,,,,,
8878,96,16,24,0,1,1,1,1,1,0,1,1,1,1,1,,,,,,,,,,,,
8879,96,16,24,0,1,1,1,1,1,1,0,1,1,1,1,,,,,,,,,,,,
8880,96,16,24,0,1,1,1,1,1,1,1,0,1,1,1,,,,,,,,,,,,
8881,96,16,24,0,1,1,1,1,1,1,1,1,0,1,1,,,,,,,,,,,,
8882,96,16,24,0,1,1,1,1,1,1,1,1,1,0,1,,,,,,,,,,,,
8883,96,16,24,0,1,1,1,1,1,1,1,1,1,1,0,,,,,,,,,,,,
8884,96,16,24,1,0,1,1,1,1,1,1,1,1,1,1,,,,,,,,,,,,
8885,96,16,24,1,0,1,1,1,1,0,1,1,1,1,1,,,,,,,,,,,,
8886,96,16,24,1,0,1,1,1,1,1,0,1,1,1,1,,,,,,,,,,,,
8887,96,16,24,1,0,1,1,1,1,1,1,0,1,1,1,,,,,,,,,,,,
8888,96,16,24,1,0,1,1,1,1,1,1,1,0,1,1,,,,,,,,,,,,
8889,96,16,24,1,0,1,1,1,1,1,1,1,1,0,1,,,,,,,,,,,,
8890,96,16,24,1,0,1,1,1,1,1,1,1,1,1,0,,,,,,,,,,,,
8891,96,16,24,1,1,0,1,1,1,1,1,1,1,1,1,,,,,,,,,,,,
8892,96,16,24,1,1,0,1,1,1,0,1,1,1,1,1,,,,,,,,,,,,
8893,96,16,24,1,1,0,1,1,1,1,0,1,1,1,1,,,,,,,,,,,,
8894,96,16,24,1,1,0,1,1,1,1,1,0,1,1,1,,,,,,,,,,,,
8895,96,16,24,1,1,0,1,1,1,1,1,1,0,1,1,,,,,,,,,,,,
8896,96,16,24,1,1,0,1,1,1,1,1,1,1,0,1,,,,,,,,,,,,
8897,96,16,24,1,1,0,1,1,1,1,1,1,1,1,0,,,,,,,,,,,,
8898,96,16,24,1,1,1,0,1,1,1,1,1,1,1,1,,,,,,,,,,,,
8899,96,16,24,1,1,1,0,1,1,0,1,1,1,1,1,,,,,,,,,,,,
8900,96,16,24,1,1,1,0,1,1,1,0,1,1,1,1,,,,,,,,,,,,
8901,96,16,24,1,1,1,0,1,1,1,1,0,1,1,1,,,,,,,,,,,,
8902,96,16,24,1,1,1,0,1,1,1,1,1,0,1,1,,,,,,,,,,,,
8903,96,16,24,1,1,1,0,1,1,1,1,1,1,0,1,,,,,,,,,,,,
8904,96,16,24,1,1,1,0,1,1,1,1,1,1,1,0,,,,,,,,,,,,
8905,96,16,24,1,1,1,1,0,1,1,1,1,1,1,1,,,,,,,,,,,,
8906,96,16,24,1,1,1,1,0,1,0,1,1,1,1,1,,,,,,,,,,,,
8907,96,16,24,1,1,1,1,0,1,1,0,1,1,1,1,,,,,,,,,,,,
8908,96,16,24,1,1,1,1,0,1,1,1,0,1,1,1,,,,,,,,,,,,
8909,96,16,24,1,1,1,1,0,1,1,1,1,0,1,1,,,,,,,,,,,,
8910,96,16,24,1,1,1,1,0,1,1,1,1,1,0,1,,,,,,,,,,,,
8911,96,16,24,1,1,1,1,0,1,1,1,1,1,1,0,,,,,,,,,,,,
8912,96,16,24,1,1,1,1,1,0,1,1,1,1,1,1,,,,,,,,,,,,
8913,96,16,24,1,1,1,1,1,0,0,1,1,1,1,1,,,,,,,,,,,,
8914,96,16,24,1,1,1,1,1,0,1,0,1,1,1,1,,,,,,,,,,,,
8915,96,16,24,1,1,1,1,1,0,1,1,0,1,1,1,,,,,,,,,,,,
8916,96,16,24,1,1,1,1,1,0,1,1,1,0,1,1,,,,,,,,,,,,
8917,96,16,24,1,1,1,1,1,0,1,1,1,1,0,1,,,,,,,,,,,,
8918,96,16,24,1,1,1,1,1,0,1,1,1,1,1,0,,,,,,,,,,,,
8919,64,64,48,1,1,1,1,1,1,1,1,1,1,1,1,,,,,,,,,,,,
8920,64,64,48,1,1,1,1,1,1,0,1,1,1,1,1,,,,,,,,,,,,
8921,64,64,48,1,1,1,1,1,1,1,0,1,1,1,1,,,,,,,,,,,,
8922,64,64,48,1,1,1,1,1,1,1,1,0,1,1,1,,,,,,,,,,,,
8923,64,64,48,1,1,1,1,1,1,1,1,1,0,1,1,,,,,,,,,,,,
8924,64,64,48,1,1,1,1,1,1,1,1,1,1,0,1,,,,,,,,,,,,
8925,64,64,48,1,1,1,1,1,1,1,1,1,1,1,0,,,,,,,,,,,,
8926,64,64,48,0,1,1,1,1,1,1,1,1,1,1,1,,,,,,,,,,,,
8927,64,64,48,0,1,1,1,1,1,0,1,1,1,1,1,,,,,,,,,,,,
8928,64,64,48,0,1,1,1,1,1,1,0,1,1,1,1,,,,,,,,,,,,
8929,64,64,48,0,1,1,1,1,1,1,1,0,1,1,1,,,,,,,,,,,,
8930,64,64,48,0,1,1,1,1,1,1,1,1,0,1,1,,,,,,,,,,,,
8931,64,64,48,0,1,1,1,1,1,1,1,1,1,0,1,,,,,,,,,,,,
8932,64,64,48,0,1,1,1,1,1,1,1,1,1,1,0,,,,,,,,,,,,
8933,64,64,48,1,0,1,1,1,1,1,1,1,1,1,1,,,,,,,,,,,,
8934,64,64,48,1,0,1,1,1,1,0,1,1,1,1,1,,,,,,,,,,,,
8935,64,64,48,1,0,1,1,1,1,1,0,1,1,1,1,,,,,,,,,,,,
8936,64,64,48,1,0,1,1,1,1,1,1,0,1,1,1,,,,,,,,,,,,
8937,64,64,48,1,0,1,1,1,1,1,1,1,0,1,1,,,,,,,,,,,,
8938,64,64,48,1,0,1,1,1,1,1,1,1,1,0,1,,,,,,,,,,,,
8939,64,64,48,1,0,1,1,1,1,1,1,1,1,1,0,,,,,,,,,,,,
8940,64,64,48,1,1,0,1,1,1,1,1,1,1,1,1,,,,,,,,,,,,
8941,64,64,48,1,1,0,1,1,1,0,1,1,1,1,1,,,,,,,,,,,,
8942,64,64,48,1,1,0,1,1,1,1,0,1,1,1,1,,,,,,,,,,,,
8943,64,64,48,1,1,0,1,1,1,1,1,0,1,1,1,,,,,,,,,,,,
8944,64,64,48,1,1,0,1,1,1,1,1,1,0,1,1,,,,,,,,,,,,
8945,64,64,48,1,1,0,1,1,1,1,1,1,1,0,1,,,,,,,,,,,,
8946,64,64,48,1,1,0,1,1,1,1,1,1,1,1,0,,,,,,,,,,,,
8947,64,64,48,1,1,1,0,1,1,1,1,1,1,1,1,,,,,,,,,,,,
8948,64,64,48,1,1,1,0,1,1,0,1,1,1,1,1,,,,,,,,,,,,
8949,64,64,48,1,1,1,0,1,1,1,0,1,1,1,1,,,,,,,,,,,,
8950,64,64,48,1,1,1,0,1,1,1,1,0,1,1,1,,,,,,,,,,,,
8951,64,64,48,1,1,1,0,1,1,1,1,1,0,1,1,,,,,,,,,,,,
8952,64,64,48,1,1,1,0,1,1,1,1,1,1,0,1,,,,,,,,,,,,
8953,64,64,48,1,1,1,0,1,1,1,1,1,1,1,0,,,,,,,,,,,,
8954,64,64,48,1,1,1,1,0,1,1,1,1,1,1,1,,,,,,,,,,,,
8955,64,64,48,1,1,1,1,0,1,0,1,1,1,1,1,,,,,,,,,,,,
8956,64,64,48,1,1,1,1,0,1,1,0,1,1,1,1,,,,,,,,,,,,
8957,64,64,48,1,1,1,1,0,1,1,1,0,1,1,1,,,,,,,,,,,,
8958,64,64,48,1,1,1,1,0,1,1,1,1,0,1,1,,,,,,,,,,,,
8959,64,64,48,1,1,1,1,0,1,1,1,1,1,0,1,,,,,,,,,,,,
8960,64,64,48,1,1,1,1,0,1,1,1,1,1,1,0,,,,,,,,,,,,
8961,64,64,48,1,1,1,1,1,0,1,1,1,1,1,1,,,,,,,,,,,,
8962,64,64,48,1,1,1,1,1,0,0,1,1,1,1,1,,,,,,,,,,,,
8963,64,64,48,1,1,1,1,1,0,1,0,1,1,1,1,,,,,,,,,,,,
8964,64,64,48,1,1,1,1,1,0,1,1,0,1,1,1,,,,,,,,,,,,
8965,64,64,48,1,1,1,1,1,0,1,1,1,0,1,1,,,,,,,,,,,,
8966,64,64,48,1,1,1,1,1,0,1,1,1,1,0,1,,,,,,,,,,,,
8967,64,64,48,1,1,1,1,1,0,1,1,1,1,1,0,,,,,,,,,,,,
8968,48,96,96,1,1,1,1,1,1,1,1,1,1,1,1,,,,,,,,,,,,
8969,48,96,96,1,1,1,1,1,1,0,1,1,1,1,1,,,,,,,,,,,,
8970,48,96,96,1,1,1,1,1,1,1,0,1,1,1,1,,,,,,,,,,,,
8971,48,96,96,1,1,1,1,1,1,1,1,0,1,1,1,,,,,,,,,,,,
8972,48,96,96,1,1,1,1,1,1,1,1,1,0,1,1,,,,,,,,,,,,
8973,48,96,96,1,1,1,1,1,1,1,1,1,1,0,1,,,,,,,,,,,,
8974,48,96,96,1,1,1,1,1,1,1,1,1,1,1,0,,,,,,,,,,,,
8975,48,96,96,0,1,1,1,1,1,1,1,1,1,1,1,,,,,,,,,,,,
8976,48,96,96,0,1,1,1,1,1,0,1,1,1,1,1,,,,,,,,,,,,
8977,48,96,96,0,1,1,1,1,1,1,0,1,1,1,1,,,,,,,,,,,,
8978,48,96,96,0,1,1,1,1,1,1,1,0,1,1,1,,,,,,,,,,,,
8979,48,96,96,0,1,1,1,1,1,1,1,1,0,1,1,,,,,,,,,,,,
8980,48,96,96,0,1,1,1,1,1,1,1,1,1,0,1,,,,,,,,,,,,
8981,48,96,96,0,1,1,1,1,1,1,1,1,1,1,0,,,,,,,,,,,,
8982,48,96,96,1,0,1,1,1,1,1,1,1,1,1,1,,,,,,,,,,,,
8983,48,96,96,1,0,1,1,1,1,0,1,1,1,1,1,,,,,,,,,,,,
8984,48,96,96,1,0,1,1,1,1,1,0,1,1,1,1,,,,,,,,,,,,
8985,48,96,96,1,0,1,1,1,1,1,1,0,1,1,1,,,,,,,,,,,,
8986,48,96,96,1,0,1,1,1,1,1,1,1,0,1,1,,,,,,,,,,,,
8987,48,96,96,1,0,1,1,1,1,1,1,1,1,0,1,,,,,,,,,,,,
8988,48,96,96,1,0,1,1,1,1,1,1,1,1,1,0,,,,,,,,,,,,
8989,48,96,96,1,1,0,1,1,1,1,1,1,1,1,1,,,,,,,,,,,,
8990,48,96,96,1,1,0,1,1,1,0,1,1,1,1,1,,,,,,,,,,,,
8991,48,96,96,1,1,0,1,1,1,1,0,1,1,1,1,,,,,,,,,,,,
8992,48,96,96,1,1,0,1,1,1,1,1,0,1,1,1,,,,,,,,,,,,
8993,48,96,96,1,1,0,1,1,1,1,1,1,0,1,1,,,,,,,,,,,,
8994,48,96,96,1,1,0,1,1,1,1,1,1,1,0,1,,,,,,,,,,,,
8995,48,96,96,1,1,0,1,1,1,1,1,1,1,1,0,,,,,,,,,,,,
8996,48,96,96,1,1,1,0,1,1,1,1,1,1,1,1,,,,,,,,,,,,
8997,48,96,96,1,1,1,0,1,1,0,1,1,1,1,1,,,,,,,,,,,,
8998,48,96,96,1,1,1,0,1,1,1,0,1,1,1,1,,,,,,,,,,,,
8999,48,96,96,1,1,1,0,1,1,1,1,0,1,1,1,,,,,,,,,,,,
9000,48,96,96,1,1,1,0,1,1,1,1,1,0,1,1,,,,,,,,,,,,
9001,48,96,96,1,1,1,0,1,1,1,1,1,1,0,1,,,,,,,,,,,,
9002,48,96,96,1,1,1,0,1,1,1,1,1,1,1,0,,,,,,,,,,,,
9003,48,96,96,1,1,1,1,0,1,1,1,1,1,1,1,,,,,,,,,,,,
9004,48,96,96,1,1,1,1,0,1,0,1,1,1,1,1,,,,,,,,,,,,
9005,48,96,96,1,1,1,1,0,1,1,0,1,1,1,1,,,,,,,,,,,,
9006,48,96,96,1,1,1,1,0,1,1,1,0,1,1,1,,,,,,,,,,,,
9007,48,96,96,1,1,1,1,0,1,1,1,1,0,1,1,,,,,,,,,,,,
9008,48,96,96,1,1,1,1,0,1,1,1,1,1,0,1,,,,,,,,,,,,
9009,48,96,96,1,1,1,1,0,1,1,1,1,1,1,0,,,,,,,,,,,,
9010,48,96,96,1,1,1,1,1,0,1,1,1,1,1,1,,,,,,,,,,,,
9011,48,96,96,1,1,1,1,1,0,0,1,1,1,1,1,,,,,,,,,,,,
9012,48,96,96,1,1,1,1,1,0,1,0,1,1,1,1,,,,,,,,,,,,
9013,48,96,96,1,1,1,1,1,0,1,1,0,1,1,1,,,,,,,,,,,,
9014,48,96,96,1,1,1,1,1,0,1,1,1,0,1,1,,,,,,,,,,,,
9015,48,96,96,1,1,1,1,1,0,1,1,1,1,0,1,,,,,,,,,,,,
9016,48,96,96,1,1,1,1,1,0,1,1,1,1,1,0,,,,,,,,,,,,
9017,48,16,24,1,1,1,1,1,1,1,1,1,1,1,1,,,,,,,,,,,,
9018,48,16,24,1,1,1,1,1,1,0,1,1,1,1,1,,,,,,,,,,,,
9019,48,16,24,1,1,1,1,1,1,1,0,1,1,1,1,,,,,,,,,,,,
9020,48,16,24,1,1,1,1,1,1,1,1,0,1,1,1,,,,,,,,,,,,
9021,48,16,24,1,1,1,1,1,1,1,1,1,0,1,1,,,,,,,,,,,,
9022,48,16,24,1,1,1,1,1,1,1,1,1,1,0,1,,,,,,,,,,,,
9023,48,16,24,1,1,1,1,1,1,1,1,1,1,1,0,,,,,,,,,,,,
9024,48,16,24,0,1,1,1,1,1,1,1,1,1,1,1,,,,,,,,,,,,
9025,48,16,24,0,1,1,1,1,1,0,1,1,1,1,1,,,,,,,,,,,,
9026,48,16,24,0,1,1,1,1,1,1,0,1,1,1,1,,,,,,,,,,,,
9027,48,16,24,0,1,1,1,1,1,1,1,0,1,1,1,,,,,,,,,,,,
9028,48,16,24,0,1,1,1,1,1,1,1,1,0,1,1,,,,,,,,,,,,
9029,48,16,24,0,1,1,1,1,1,1,1,1,1,0,1,,,,,,,,,,,,
9030,48,16,24,0,1,1,1,1,1,1,1,1,1,1,0,,,,,,,,,,,,
9031,48,16,24,1,0,1,1,1,1,1,1,1,1,1,1,,,,,,,,,,,,
9032,48,16,24,1,0,1,1,1,1,0,1,1,1,1,1,,,,,,,,,,,,
9033,48,16,24,1,0,1,1,1,1,1,0,1,1,1,1,,,,,,,,,,,,
9034,48,16,24,1,0,1,1,1,1,1,1,0,1,1,1,,,,,,,,,,,,
9035,48,16,24,1,0,1,1,1,1,1,1,1,0,1,1,,,,,,,,,,,,
9036,48,16,24,1,0,1,1,1,1,1,1,1,1,0,1,,,,,,,,,,,,
9037,48,16,24,1,0,1,1,1,1,1,1,1,1,1,0,,,,,,,,,,,,
9038,48,16,24,1,1,0,1,1,1,1,1,1,1,1,1,,,,,,,,,,,,
9039,48,16,24,1,1,0,1,1,1,0,1,1,1,1,1,,,,,,,,,,,,
9040,48,16,24,1,1,0,1,1,1,1,0,1,1,1,1,,,,,,,,,,,,
9041,48,16,24,1,1,0,1,1,1,1,1,0,1,1,1,,,,,,,,,,,,
9042,48,16,24,1,1,0,1,1,1,1,1,1,0,1,1,,,,,,,,,,,,
9043,48,16,24,1,1,0,1,1,1,1,1,1,1,0,1,,,,,,,,,,,,
9044,48,16,24,1,1,0,1,1,1,1,1,1,1,1,0,,,,,,,,,,,,
9045,48,16,24,1,1,1,0,1,1,1,1,1,1,1,1,,,,,,,,,,,,
9046,48,16,24,1,1,1,0,1,1,0,1,1,1,1,1,,,,,,,,,,,,
9047,48,16,24,1,1,1,0,1,1,1,0,1,1,1,1,,,,,,,,,,,,
9048,48,16,24,1,1,1,0,1,1,1,1,0,1,1,1,,,,,,,,,,,,
9049,48,16,24,1,1,1,0,1,1,1,1,1,0,1,1,,,,,,,,,,,,
9050,48,16,24,1,1,1,0,1,1,1,1,1,1,0,1,,,,,,,,,,,,
9051,48,16,24,1,1,1,0,1,1,1,1,1,1,1,0,,,,,,,,,,,,
9052,48,16,24,1,1,1,1,0,1,1,1,1,1,1,1,,,,,,,,,,,,
9053,48,16,24,1,1,1,1,0,1,0,1,1,1,1,1,,,,,,,,,,,,
9054,48,16,24,1,1,1,1,0,1,1,0,1,1,1,1,,,,,,,,,,,,
9055,48,16,24,1,1,1,1,0,1,1,1,0,1,1,1,,,,,,,,,,,,
9056,48,16,24,1,1,1,1,0,1,1,1,1,0,1,1,,,,,,,,,,,,
9057,48,16,24,1,1,1,1,0,1,1,1,1,1,0,1,,,,,,,,,,,,
9058,48,16,24,1,1,1,1,0,1,1,1,1,1,1,0,,,,,,,,,,,,
9059,48,16,24,1,1,1,1,1,0,1,1,1,1,1,1,,,,,,,,,,,,
9060,48,16,24,1,1,1,1,1,0,0,1,1,1,1,1,,,,,,,,,,,,
9061,48,16,24,1,1,1,1,1,0,1,0,1,1,1,1,,,,,,,,,,,,
9062,48,16,24,1,1,1,1,1,0,1,1,0,1,1,1,,,,,,,,,,,,
9063,48,16,24,1,1,1,1,1,0,1,1,1,0,1,1,,,,,,,,,,,,
9064,48,16,24,1,1,1,1,1,0,1,1,1,1,0,1,,,,,,,,,,,,
9065,48,16,24,1,1,1,1,1,0,1,1,1,1,1,0,,,,,,,,,,,,
9066,16,48,24,1,1,1,1,1,1,1,1,1,1,1,1,,,,,,,,,,,,
9067,16,48,24,1,1,1,1,1,1,0,1,1,1,1,1,,,,,,,,,,,,
9068,16,48,24,1,1,1,1,1,1,1,0,1,1,1,1,,,,,,,,,,,,
9069,16,48,24,1,1,1,1,1,1,1,1,0,1,1,1,,,,,,,,,,,,
9070,16,48,24,1,1,1,1,1,1,1,1,1,0,1,1,,,,,,,,,,,,
9071,16,48,24,1,1,1,1,1,1,1,1,1,1,0,1,,,,,,,,,,,,
9072,16,48,24,1,1,1,1,1,1,1,1,1,1,1,0,,,,,,,,,,,,
9073,16,48,24,0,1,1,1,1,1,1,1,1,1,1,1,,,,,,,,,,,,
9074,16,48,24,0,1,1,1,1,1,0,1,1,1,1,1,,,,,,,,,,,,
9075,16,48,24,0,1,1,1,1,1,1,0,1,1,1,1,,,,,,,,,,,,
9076,16,48,24,0,1,1,1,1,1,1,1,0,1,1,1,,,,,,,,,,,,
9077,16,48,24,0,1,1,1,1,1,1,1,1,0,1,1,,,,,,,,,,,,
9078,16,48,24,0,1,1,1,1,1,1,1,1,1,0,1,,,,,,,,,,,,
9079,16,48,24,0,1,1,1,1,1,1,1,1,1,1,0,,,,,,,,,,,,
9080,16,48,24,1,0,1,1,1,1,1,1,1,1,1,1,,,,,,,,,,,,
9081,16,48,24,1,0,1,1,1,1,0,1,1,1,1,1,,,,,,,,,,,,
9082,16,48,24,1,0,1,1,1,1,1,0,1,1,1,1,,,,,,,,,,,,
9083,16,48,24,1,0,1,1,1,1,1,1,0,1,1,1,,,,,,,,,,,,
9084,16,48,24,1,0,1,1,1,1,1,1,1,0,1,1,,,,,,,,,,,,
9085,16,48,24,1,0,1,1,1,1,1,1,1,1,0,1,,,,,,,,,,,,
9086,16,48,24,1,0,1,1,1,1,1,1,1,1,1,0,,,,,,,,,,,,
9087,16,48,24,1,1,0,1,1,1,1,1,1,1,1,1,,,,,,,,,,,,
9088,16,48,24,1,1,0,1,1,1,0,1,1,1,1,1,,,,,,,,,,,,
9089,16,48,24,1,1,0,1,1,1,1,0,1,1,1,1,,,,,,,,,,,,
9090,16,48,24,1,1,0,1,1,1,1,1,0,1,1,1,,,,,,,,,,,,
9091,16,48,24,1,1,0,1,1,1,1,1,1,0,1,1,,,,,,,,,,,,
9092,16,48,24,1,1,0,1,1,1,1,1,1,1,0,1,,,,,,,,,,,,
9093,16,48,24,1,1,0,1,1,1,1,1,1,1,1,0,,,,,,,,,,,,
9094,16,48,24,1,1,1,0,1,1,1,1,1,1,1,1,,,,,,,,,,,,
9095,16,48,24,1,1,1,0,1,1,0,1,1,1,1,1,,,,,,,,,,,,
9096,16,48,24,1,1,1,0,1,1,1,0,1,1,1,1,,,,,,,,,,,,
9097,16,48,24,1,1,1,0,1,1,1,1,0,1,1,1,,,,,,,,,,,,
9098,16,48,24,1,1,1,0,1,1,1,1,1,0,1,1,,,,,,,,,,,,
9099,16,48,24,1,1,1,0,1,1,1,1,1,1,0,1,,,,,,,,,,,,
9100,16,48,24,1,1,1,0,1,1,1,1,1,1,1,0,,,,,,,,,,,,
9101,16,48,24,1,1,1,1,0,1,1,1,1,1,1,1,,,,,,,,,,,,
9102,16,48,24,1,1,1,1,0,1,0,1,1,1,1,1,,,,,,,,,,,,
9103,16,48,24,1,1,1,1,0,1,1,0,1,1,1,1,,,,,,,,,,,,
9104,16,48,24,1,1,1,1,0,1,1,1,0,1,1,1,,,,,,,,,,,,
9105,16,48,24,1,1,1,1,0,1,1,1,1,0,1,1,,,,,,,,,,,,
9106,16,48,24,1,1,1,1,0,1,1,1,1,1,0,1,,,,,,,,,,,,
9107,16,48,24,1,1,1,1,0,1,1,1,1,1,1,0,,,,,,,,,,,,
9108,16,48,24,1,1,1,1,1,0,1,1,1,1,1,1,,,,,,,,,,,,
9109,16,48,24,1,1,1,1,1,0,0,1,1,1,1,1,,,,,,,,,,,,
9110,16,48,24,1,1,1,1,1,0,1,0,1,1,1,1,,,,,,,,,,,,
9111,16,48,24,1,1,1,1,1,0,1,1,0,1,1,1,,,,,,,,,,,,
9112,16,48,24,1,1,1,1,1,0,1,1,1,0,1,1,,,,,,,,,,,,
9113,16,48,24,1,1,1,1,1,0,1,1,1,1,0,1,,,,,,,,,,,,
9114,16,48,24,1,1,1,1,1,0,1,1,1,1,1,0,,,,,,,,,,,,
9115,48,64,64,1,1,1,1,1,1,1,1,1,1,1,1,,,,,,,,,,,,
9116,48,64,64,1,1,1,1,1,1,0,1,1,1,1,1,,,,,,,,,,,,
9117,48,64,64,1,1,1,1,1,1,1,0,1,1,1,1,,,,,,,,,,,,
9118,48,64,64,1,1,1,1,1,1,1,1,0,1,1,1,,,,,,,,,,,,
9119,48,64,64,1,1,1,1,1,1,1,1,1,0,1,1,,,,,,,,,,,,
9120,48,64,64,1,1,1,1,1,1,1,1,1,1,0,1,,,,,,,,,,,,
9121,48,64,64,1,1,1,1,1,1,1,1,1,1,1,0,,,,,,,,,,,,
9122,48,64,64,0,1,1,1,1,1,1,1,1,1,1,1,,,,,,,,,,,,
9123,48,64,64,0,1,1,1,1,1,0,1,1,1,1,1,,,,,,,,,,,,
9124,48,64,64,0,1,1,1,1,1,1,0,1,1,1,1,,,,,,,,,,,,
9125,48,64,64,0,1,1,1,1,1,1,1,0,1,1,1,,,,,,,,,,,,
9126,48,64,64,0,1,1,1,1,1,1,1,1,0,1,1,,,,,,,,,,,,
9127,48,64,64,0,1,1,1,1,1,1,1,1,1,0,1,,,,,,,,,,,,
9128,48,64,64,0,1,1,1,1,1,1,1,1,1,1,0,,,,,,,,,,,,
9129,48,64,64,1,0,1,1,1,1,1,1,1,1,1,1,,,,,,,,,,,,
9130,48,64,64,1,0,1,1,1,1,0,1,1,1,1,1,,,,,,,,,,,,
9131,48,64,64,1,0,1,1,1,1,1,0,1,1,1,1,,,,,,,,,,,,
9132,48,64,64,1,0,1,1,1,1,1,1,0,1,1,1,,,,,,,,,,,,
9133,48,64,64,1,0,1,1,1,1,1,1,1,0,1,1,,,,,,,,,,,,
9134,48,64,64,1,0,1,1,1,1,1,1,1,1,0,1,,,,,,,,,,,,
9135,48,64,64,1,0,1,1,1,1,1,1,1,1,1,0,,,,,,,,,,,,
9136,48,64,64,1,1,0,1,1,1,1,1,1,1,1,1,,,,,,,,,,,,
9137,48,64,64,1,1,0,1,1,1,0,1,1,1,1,1,,,,,,,,,,,,
9138,48,64,64,1,1,0,1,1,1,1,0,1,1,1,1,,,,,,,,,,,,
9139,48,64,64,1,1,0,1,1,1,1,1,0,1,1,1,,,,,,,,,,,,
9140,48,64,64,1,1,0,1,1,1,1,1,1,0,1,1,,,,,,,,,,,,
9141,48,64,64,1,1,0,1,1,1,1,1,1,1,0,1,,,,,,,,,,,,
9142,48,64,64,1,1,0,1,1,1,1,1,1,1,1,0,,,,,,,,,,,,
9143,48,64,64,1,1,1,0,1,1,1,1,1,1,1,1,,,,,,,,,,,,
9144,48,64,64,1,1,1,0,1,1,0,1,1,1,1,1,,,,,,,,,,,,
9145,48,64,64,1,1,1,0,1,1,1,0,1,1,1,1,,,,,,,,,,,,
9146,48,64,64,1,1,1,0,1,1,1,1,0,1,1,1,,,,,,,,,,,,
9147,48,64,64,1,1,1,0,1,1,1,1,1,0,1,1,,,,,,,,,,,,
9148,48,64,64,1,1,1,0,1,1,1,1,1,1,0,1,,,,,,,,,,,,
9149,48,64,64,1,1,1,0,1,1,1,1,1,1,1,0,,,,,,,,,,,,
9150,48,64,64,1,1,1,1,0,1,1,1,1,1,1,1,,,,,,,,,,,,
9151,48,64,64,1,1,1,1,0,1,0,1,1,1,1,1,,,,,,,,,,,,
9152,48,64,64,1,1,1,1,0,1,1,0,1,1,1,1,,,,,,,,,,,,
9153,48,64,64,1,1,1,1,0,1,1,1,0,1,1,1,,,,,,,,,,,,
9154,48,64,64,1,1,1,1,0,1,1,1,1,0,1,1,,,,,,,,,,,,
9155,48,64,64,1,1,1,1,0,1,1,1,1,1,0,1,,,,,,,,,,,,
9156,48,64,64,1,1,1,1,0,1,1,1,1,1,1,0,,,,,,,,,,,,
9157,48,64,64,1,1,1,1,1,0,1,1,1,1,1,1,,,,,,,,,,,,
9158,48,64,64,1,1,1,1,1,0,0,1,1,1,1,1,,,,,,,,,,,,
9159,48,64,64,1,1,1,1,1,0,1,0,1,1,1,1,,,,,,,,,,,,
9160,48,64,64,1,1,1,1,1,0,1,1,0,1,1,1,,,,,,,,,,,,
9161,48,64,64,1,1,1,1,1,0,1,1,1,0,1,1,,,,,,,,,,,,
9162,48,64,64,1,1,1,1,1,0,1,1,1,1,0,1,,,,,,,,,,,,
9163,48,64,64,1,1,1,1,1,0,1,1,1,1,1,0,,,,,,,,,,,,
9164,96,48,24,1,1,1,1,1,1,1,1,1,1,1,1,,,,,,,,,,,,
9165,96,48,24,1,1,1,1,1,1,0,1,1,1,1,1,,,,,,,,,,,,
9166,96,48,24,1,1,1,1,1,1,1,0,1,1,1,1,,,,,,,,,,,,
9167,96,48,24,1,1,1,1,1,1,1,1,0,1,1,1,,,,,,,,,,,,
9168,96,48,24,1,1,1,1,1,1,1,1,1,0,1,1,,,,,,,,,,,,
9169,96,48,24,1,1,1,1,1,1,1,1,1,1,0,1,,,,,,,,,,,,
9170,96,48,24,1,1,1,1,1,1,1,1,1,1,1,0,,,,,,,,,,,,
9171,96,48,24,0,1,1,1,1,1,1,1,1,1,1,1,,,,,,,,,,,,
9172,96,48,24,0,1,1,1,1,1,0,1,1,1,1,1,,,,,,,,,,,,
9173,96,48,24,0,1,1,1,1,1,1,0,1,1,1,1,,,,,,,,,,,,
9174,96,48,24,0,1,1,1,1,1,1,1,0,1,1,1,,,,,,,,,,,,
9175,96,48,24,0,1,1,1,1,1,1,1,1,0,1,1,,,,,,,,,,,,
9176,96,48,24,0,1,1,1,1,1,1,1,1,1,0,1,,,,,,,,,,,,
9177,96,48,24,0,1,1,1,1,1,1,1,1,1,1,0,,,,,,,,,,,,
9178,96,48,24,1,0,1,1,1,1,1,1,1,1,1,1,,,,,,,,,,,,
9179,96,48,24,1,0,1,1,1,1,0,1,1,1,1,1,,,,,,,,,,,,
9180,96,48,24,1,0,1,1,1,1,1,0,1,1,1,1,,,,,,,,,,,,
9181,96,48,24,1,0,1,1,1,1,1,1,0,1,1,1,,,,,,,,,,,,
9182,96,48,24,1,0,1,1,1,1,1,1,1,0,1,1,,,,,,,,,,,,
9183,96,48,24,1,0,1,1,1,1,1,1,1,1,0,1,,,,,,,,,,,,
9184,96,48,24,1,0,1,1,1,1,1,1,1,1,1,0,,,,,,,,,,,,
9185,96,48,24,1,1,0,1,1,1,1,1,1,1,1,1,,,,,,,,,,,,
9186,96,48,24,1,1,0,1,1,1,0,1,1,1,1,1,,,,,,,,,,,,
9187,96,48,24,1,1,0,1,1,1,1,0,1,1,1,1,,,,,,,,,,,,
9188,96,48,24,1,1,0,1,1,1,1,1,0,1,1,1,,,,,,,,,,,,
9189,96,48,24,1,1,0,1,1,1,1,1,1,0,1,1,,,,,,,,,,,,
9190,96,48,24,1,1,0,1,1,1,1,1,1,1,0,1,,,,,,,,,,,,
9191,96,48,24,1,1,0,1,1,1,1,1,1,1,1,0,,,,,,,,,,,,
9192,96,48,24,1,1,1,0,1,1,1,1,1,1,1,1,,,,,,,,,,,,
9193,96,48,24,1,1,1,0,1,1,0,1,1,1,1,1,,,,,,,,,,,,
9194,96,48,24,1,1,1,0,1,1,1,0,1,1,1,1,,,,,,,,,,,,
9195,96,48,24,1,1,1,0,1,1,1,1,0,1,1,1,,,,,,,,,,,,
9196,96,48,24,1,1,1,0,1,1,1,1,1,0,1,1,,,,,,,,,,,,
9197,96,48,24,1,1,1,0,1,1,1,1,1,1,0,1,,,,,,,,,,,,
9198,96,48,24,1,1,1,0,1,1,1,1,1,1,1,0,,,,,,,,,,,,
9199,96,48,24,1,1,1,1,0,1,1,1,1,1,1,1,,,,,,,,,,,,
9200,96,48,24,1,1,1,1,0,1,0,1,1,1,1,1,,,,,,,,,,,,
9201,96,48,24,1,1,1,1,0,1,1,0,1,1,1,1,,,,,,,,,,,,
9202,96,48,24,1,1,1,1,0,1,1,1,0,1,1,1,,,,,,,,,,,,
9203,96,48,24,1,1,1,1,0,1,1,1,1,0,1,1,,,,,,,,,,,,
9204,96,48,24,1,1,1,1,0,1,1,1,1,1,0,1,,,,,,,,,,,,
9205,96,48,24,1,1,1,1,0,1,1,1,1,1,1,0,,,,,,,,,,,,
9206,96,48,24,1,1,1,1,1,0,1,1,1,1,1,1,,,,,,,,,,,,
9207,96,48,24,1,1,1,1,1,0,0,1,1,1,1,1,,,,,,,,,,,,
9208,96,48,24,1,1,1,1,1,0,1,0,1,1,1,1,,,,,,,,,,,,
9209,96,48,24,1,1,1,1,1,0,1,1,0,1,1,1,,,,,,,,,,,,
9210,96,48,24,1,1,1,1,1,0,1,1,1,0,1,1,,,,,,,,,,,,
9211,96,48,24,1,1,1,1,1,0,1,1,1,1,0,1,,,,,,,,,,,,
9212,96,48,24,1,1,1,1,1,0,1,1,1,1,1,0,,,,,,,,,,,,
9213,24,24,48,1,1,1,1,1,1,1,1,1,1,1,1,,,,,,,,,,,,
9214,24,24,48,1,1,1,1,1,1,0,1,1,1,1,1,,,,,,,,,,,,
9215,24,24,48,1,1,1,1,1,1,1,0,1,1,1,1,,,,,,,,,,,,
9216,24,24,48,1,1,1,1,1,1,1,1,0,1,1,1,,,,,,,,,,,,
9217,24,24,48,1,1,1,1,1,1,1,1,1,0,1,1,,,,,,,,,,,,
9218,24,24,48,1,1,1,1,1,1,1,1,1,1,0,1,,,,,,,,,,,,
9219,24,24,48,1,1,1,1,1,1,1,1,1,1,1,0,,,,,,,,,,,,
9220,24,24,48,0,1,1,1,1,1,1,1,1,1,1,1,,,,,,,,,,,,
9221,24,24,48,0,1,1,1,1,1,0,1,1,1,1,1,,,,,,,,,,,,
9222,24,24,48,0,1,1,1,1,1,1,0,1,1,1,1,,,,,,,,,,,,
9223,24,24,48,0,1,1,1,1,1,1,1,0,1,1,1,,,,,,,,,,,,
9224,24,24,48,0,1,1,1,1,1,1,1,1,0,1,1,,,,,,,,,,,,
9225,24,24,48,0,1,1,1,1,1,1,1,1,1,0,1,,,,,,,,,,,,
9226,24,24,48,0,1,1,1,1,1,1,1,1,1,1,0,,,,,,,,,,,,
9227,24,24,48,1,0,1,1,1,1,1,1,1,1,1,1,,,,,,,,,,,,
9228,24,24,48,1,0,1,1,1,1,0,1,1,1,1,1,,,,,,,,,,,,
9229,24,24,48,1,0,1,1,1,1,1,0,1,1,1,1,,,,,,,,,,,,
9230,24,24,48,1,0,1,1,1,1,1,1,0,1,1,1,,,,,,,,,,,,
9231,24,24,48,1,0,1,1,1,1,1,1,1,0,1,1,,,,,,,,,,,,
9232,24,24,48,1,0,1,1,1,1,1,1,1,1,0,1,,,,,,,,,,,,
9233,24,24,48,1,0,1,1,1,1,1,1,1,1,1,0,,,,,,,,,,,,
9234,24,24,48,1,1,0,1,1,1,1,1,1,1,1,1,,,,,,,,,,,,
9235,24,24,48,1,1,0,1,1,1,0,1,1,1,1,1,,,,,,,,,,,,
9236,24,24,48,1,1,0,1,1,1,1,0,1,1,1,1,,,,,,,,,,,,
9237,24,24,48,1,1,0,1,1,1,1,1,0,1,1,1,,,,,,,,,,,,
9238,24,24,48,1,1,0,1,1,1,1,1,1,0,1,1,,,,,,,,,,,,
9239,24,24,48,1,1,0,1,1,1,1,1,1,1,0,1,,,,,,,,,,,,
9240,24,24,48,1,1,0,1,1,1,1,1,1,1,1,0,,,,,,,,,,,,
9241,24,24,48,1,1,1,0,1,1,1,1,1,1,1,1,,,,,,,,,,,,
9242,24,24,48,1,1,1,0,1,1,0,1,1,1,1,1,,,,,,,,,,,,
9243,24,24,48,1,1,1,0,1,1,1,0,1,1,1,1,,,,,,,,,,,,
9244,24,24,48,1,1,1,0,1,1,1,1,0,1,1,1,,,,,,,,,,,,
9245,24,24,48,1,1,1,0,1,1,1,1,1,0,1,1,,,,,,,,,,,,
9246,24,24,48,1,1,1,0,1,1,1,1,1,1,0,1,,,,,,,,,,,,
9247,24,24,48,1,1,1,0,1,1,1,1,1,1,1,0,,,,,,,,,,,,
9248,24,24,48,1,1,1,1,0,1,1,1,1,1,1,1,,,,,,,,,,,,
9249,24,24,48,1,1,1,1,0,1,0,1,1,1,1,1,,,,,,,,,,,,
9250,24,24,48,1,1,1,1,0,1,1,0,1,1,1,1,,,,,,,,,,,,
9251,24,24,48,1,1,1,1,0,1,1,1,0,1,1,1,,,,,,,,,,,,
9252,24,24,48,1,1,1,1,0,1,1,1,1,0,1,1,,,,,,,,,,,,
9253,24,24,48,1,1,1,1,0,1,1,1,1,1,0,1,,,,,,,,,,,,
9254,24,24,48,1,1,1,1,0,1,1,1,1,1,1,0,,,,,,,,,,,,
9255,24,24,48,1,1,1,1,1,0,1,1,1,1,1,1,,,,,,,,,,,,
9256,24,24,48,1,1,1,1,1,0,0,1,1,1,1,1,,,,,,,,,,,,
9257,24,24,48,1,1,1,1,1,0,1,0,1,1,1,1,,,,,,,,,,,,
9258,24,24,48,1,1,1,1,1,0,1,1,0,1,1,1,,,,,,,,,,,,
9259,24,24,48,1,1,1,1,1,0,1,1,1,0,1,1,,,,,,,,,,,,
9260,24,24,48,1,1,1,1,1,0,1,1,1,1,0,1,,,,,,,,,,,,
9261,24,24,48,1,1,1,1,1,0,1,1,1,1,1,0,,,,,,,,,,,,
9262,96,24,96,1,1,1,1,1,1,1,1,1,1,1,1,,,,,,,,,,,,
9263,96,24,96,1,1,1,1,1,1,0,1,1,1,1,1,,,,,,,,,,,,
9264,96,24,96,1,1,1,1,1,1,1,0,1,1,1,1,,,,,,,,,,,,
9265,96,24,96,1,1,1,1,1,1,1,1,0,1,1,1,,,,,,,,,,,,
9266,96,24,96,1,1,1,1,1,1,1,1,1,0,1,1,,,,,,,,,,,,
9267,96,24,96,1,1,1,1,1,1,1,1,1,1,0,1,,,,,,,,,,,,
9268,96,24,96,1,1,1,1,1,1,1,1,1,1,1,0,,,,,,,,,,,,
9269,96,24,96,0,1,1,1,1,1,1,1,1,1,1,1,,,,,,,,,,,,
9270,96,24,96,0,1,1,1,1,1,0,1,1,1,1,1,,,,,,,,,,,,
9271,96,24,96,0,1,1,1,1,1,1,0,1,1,1,1,,,,,,,,,,,,
9272,96,24,96,0,1,1,1,1,1,1,1,0,1,1,1,,,,,,,,,,,,
9273,96,24,96,0,1,1,1,1,1,1,1,1,0,1,1,,,,,,,,,,,,
9274,96,24,96,0,1,1,1,1,1,1,1,1,1,0,1,,,,,,,,,,,,
9275,96,24,96,0,1,1,1,1,1,1,1,1,1,1,0,,,,,,,,,,,,
9276,96,24,96,1,0,1,1,1,1,1,1,1,1,1,1,,,,,,,,,,,,
9277,96,24,96,1,0,1,1,1,1,0,1,1,1,1,1,,,,,,,,,,,,
9278,96,24,96,1,0,1,1,1,1,1,0,1,1,1,1,,,,,,,,,,,,
9279,96,24,96,1,0,1,1,1,1,1,1,0,1,1,1,,,,,,,,,,,,
9280,96,24,96,1,0,1,1,1,1,1,1,1,0,1,1,,,,,,,,,,,,
9281,96,24,96,1,0,1,1,1,1,1,1,1,1,0,1,,,,,,,,,,,,
9282,96,24,96,1,0,1,1,1,1,1,1,1,1,1,0,,,,,,,,,,,,
9283,96,24,96,1,1,0,1,1,1,1,1,1,1,1,1,,,,,,,,,,,,
9284,96,24,96,1,1,0,1,1,1,0,1,1,1,1,1,,,,,,,,,,,,
9285,96,24,96,1,1,0,1,1,1,1,0,1,1,1,1,,,,,,,,,,,,
9286,96,24,96,1,1,0,1,1,1,1,1,0,1,1,1,,,,,,,,,,,,
9287,96,24,96,1,1,0,1,1,1,1,1,1,0,1,1,,,,,,,,,,,,
9288,96,24,96,1,1,0,1,1,1,1,1,1,1,0,1,,,,,,,,,,,,
9289,96,24,96,1,1,0,1,1,1,1,1,1,1,1,0,,,,,,,,,,,,
9290,96,24,96,1,1,1,0,1,1,1,1,1,1,1,1,,,,,,,,,,,,
9291,96,24,96,1,1,1,0,1,1,0,1,1,1,1,1,,,,,,,,,,,,
9292,96,24,96,1,1,1,0,1,1,1,0,1,1,1,1,,,,,,,,,,,,
9293,96,24,96,1,1,1,0,1,1,1,1,0,1,1,1,,,,,,,,,,,,
9294,96,24,96,1,1,1,0,1,1,1,1,1,0,1,1,,,,,,,,,,,,
9295,96,24,96,1,1,1,0,1,1,1,1,1,1,0,1,,,,,,,,,,,,
9296,96,24,96,1,1,1,0,1,1,1,1,1,1,1,0,,,,,,,,,,,,
9297,96,24,96,1,1,1,1,0,1,1,1,1,1,1,1,,,,,,,,,,,,
9298,96,24,96,1,1,1,1,0,1,0,1,1,1,1,1,,,,,,,,,,,,
9299,96,24,96,1,1,1,1,0,1,1,0,1,1,1,1,,,,,,,,,,,,
9300,96,24,96,1,1,1,1,0,1,1,1,0,1,1,1,,,,,,,,,,,,
9301,96,24,96,1,1,1,1,0,1,1,1,1,0,1,1,,,,,,,,,,,,
9302,96,24,96,1,1,1,1,0,1,1,1,1,1,0,1,,,,,,,,,,,,
9303,96,24,96,1,1,1,1,0,1,1,1,1,1,1,0,,,,,,,,,,,,
9304,96,24,96,1,1,1,1,1,0,1,1,1,1,1,1,,,,,,,,,,,,
9305,96,24,96,1,1,1,1,1,0,0,1,1,1,1,1,,,,,,,,,,,,
9306,96,24,96,1,1,1,1,1,0,1,0,1,1,1,1,,,,,,,,,,,,
9307,96,24,96,1,1,1,1,1,0,1,1,0,1,1,1,,,,,,,,,,,,
9308,96,24,96,1,1,1,1,1,0,1,1,1,0,1,1,,,,,,,,,,,,
9309,96,24,96,1,1,1,1,1,0,1,1,1,1,0,1,,,,,,,,,,,,
9310,96,24,96,1,1,1,1,1,0,1,1,1,1,1,0,,,,,,,,,,,,
9311,24,48,24,1,1,1,1,1,1,1,1,1,1,1,1,,,,,,,,,,,,
9312,24,48,24,1,1,1,1,1,1,0,1,1,1,1,1,,,,,,,,,,,,
9313,24,48,24,1,1,1,1,1,1,1,0,1,1,1,1,,,,,,,,,,,,
9314,24,48,24,1,1,1,1,1,1,1,1,0,1,1,1,,,,,,,,,,,,
9315,24,48,24,1,1,1,1,1,1,1,1,1,0,1,1,,,,,,,,,,,,
9316,24,48,24,1,1,1,1,1,1,1,1,1,1,0,1,,,,,,,,,,,,
9317,24,48,24,1,1,1,1,1,1,1,1,1,1,1,0,,,,,,,,,,,,
9318,24,48,24,0,1,1,1,1,1,1,1,1,1,1,1,,,,,,,,,,,,
9319,24,48,24,0,1,1,1,1,1,0,1,1,1,1,1,,,,,,,,,,,,
9320,24,48,24,0,1,1,1,1,1,1,0,1,1,1,1,,,,,,,,,,,,
9321,24,48,24,0,1,1,1,1,1,1,1,0,1,1,1,,,,,,,,,,,,
9322,24,48,24,0,1,1,1,1,1,1,1,1,0,1,1,,,,,,,,,,,,
9323,24,48,24,0,1,1,1,1,1,1,1,1,1,0,1,,,,,,,,,,,,
9324,24,48,24,0,1,1,1,1,1,1,1,1,1,1,0,,,,,,,,,,,,
9325,24,48,24,1,0,1,1,1,1,1,1,1,1,1,1,,,,,,,,,,,,
9326,24,48,24,1,0,1,1,1,1,0,1,1,1,1,1,,,,,,,,,,,,
9327,24,48,24,1,0,1,1,1,1,1,0,1,1,1,1,,,,,,,,,,,,
9328,24,48,24,1,0,1,1,1,1,1,1,0,1,1,1,,,,,,,,,,,,
9329,24,48,24,1,0,1,1,1,1,1,1,1,0,1,1,,,,,,,,,,,,
9330,24,48,24,1,0,1,1,1,1,1,1,1,1,0,1,,,,,,,,,,,,
9331,24,48,24,1,0,1,1,1,1,1,1,1,1,1,0,,,,,,,,,,,,
9332,24,48,24,1,1,0,1,1,1,1,1,1,1,1,1,,,,,,,,,,,,
9333,24,48,24,1,1,0,1,1,1,0,1,1,1,1,1,,,,,,,,,,,,
9334,24,48,24,1,1,0,1,1,1,1,0,1,1,1,1,,,,,,,,,,,,
9335,24,48,24,1,1,0,1,1,1,1,1,0,1,1,1,,,,,,,,,,,,
9336,24,48,24,1,1,0,1,1,1,1,1,1,0,1,1,,,,,,,,,,,,
9337,24,48,24,1,1,0,1,1,1,1,1,1,1,0,1,,,,,,,,,,,,
9338,24,48,24,1,1,0,1,1,1,1,1,1,1,1,0,,,,,,,,,,,,
9339,24,48,24,1,1,1,0,1,1,1,1,1,1,1,1,,,,,,,,,,,,
9340,24,48,24,1,1,1,0,1,1,0,1,1,1,1,1,,,,,,,,,,,,
9341,24,48,24,1,1,1,0,1,1,1,0,1,1,1,1,,,,,,,,,,,,
9342,24,48,24,1,1,1,0,1,1,1,1,0,1,1,1,,,,,,,,,,,,
9343,24,48,24,1,1,1,0,1,1,1,1,1,0,1,1,,,,,,,,,,,,
9344,24,48,24,1,1,1,0,1,1,1,1,1,1,0,1,,,,,,,,,,,,
9345,24,48,24,1,1,1,0,1,1,1,1,1,1,1,0,,,,,,,,,,,,
9346,24,48,24,1,1,1,1,0,1,1,1,1,1,1,1,,,,,,,,,,,,
9347,24,48,24,1,1,1,1,0,1,0,1,1,1,1,1,,,,,,,,,,,,
9348,24,48,24,1,1,1,1,0,1,1,0,1,1,1,1,,,,,,,,,,,,
9349,24,48,24,1,1,1,1,0,1,1,1,0,1,1,1,,,,,,,,,,,,
9350,24,48,24,1,1,1,1,0,1,1,1,1,0,1,1,,,,,,,,,,,,
9351,24,48,24,1,1,1,1,0,1,1,1,1,1,0,1,,,,,,,,,,,,
9352,24,48,24,1,1,1,1,0,1,1,1,1,1,1,0,,,,,,,,,,,,
9353,24,48,24,1,1,1,1,1,0,1,1,1,1,1,1,,,,,,,,,,,,
9354,24,48,24,1,1,1,1,1,0,0,1,1,1,1,1,,,,,,,,,,,,
9355,24,48,24,1,1,1,1,1,0,1,0,1,1,1,1,,,,,,,,,,,,
9356,24,48,24,1,1,1,1,1,0,1,1,0,1,1,1,,,,,,,,,,,,
9357,24,48,24,1,1,1,1,1,0,1,1,1,0,1,1,,,,,,,,,,,,
9358,24,48,24,1,1,1,1,1,0,1,1,1,1,0,1,,,,,,,,,,,,
9359,24,48,24,1,1,1,1,1,0,1,1,1,1,1,0,,,,,,,,,,,,
9360,48,96,64,1,1,1,1,1,1,1,1,1,1,1,1,,,,,,,,,,,,
9361,48,96,64,1,1,1,1,1,1,0,1,1,1,1,1,,,,,,,,,,,,
9362,48,96,64,1,1,1,1,1,1,1,0,1,1,1,1,,,,,,,,,,,,
9363,48,96,64,1,1,1,1,1,1,1,1,0,1,1,1,,,,,,,,,,,,
9364,48,96,64,1,1,1,1,1,1,1,1,1,0,1,1,,,,,,,,,,,,
9365,48,96,64,1,1,1,1,1,1,1,1,1,1,0,1,,,,,,,,,,,,
9366,48,96,64,1,1,1,1,1,1,1,1,1,1,1,0,,,,,,,,,,,,
9367,48,96,64,0,1,1,1,1,1,1,1,1,1,1,1,,,,,,,,,,,,
9368,48,96,64,0,1,1,1,1,1,0,1,1,1,1,1,,,,,,,,,,,,
9369,48,96,64,0,1,1,1,1,1,1,0,1,1,1,1,,,,,,,,,,,,
9370,48,96,64,0,1,1,1,1,1,1,1,0,1,1,1,,,,,,,,,,,,
9371,48,96,64,0,1,1,1,1,1,1,1,1,0,1,1,,,,,,,,,,,,
9372,48,96,64,0,1,1,1,1,1,1,1,1,1,0,1,,,,,,,,,,,,
9373,48,96,64,0,1,1,1,1,1,1,1,1,1,1,0,,,,,,,,,,,,
9374,48,96,64,1,0,1,1,1,1,1,1,1,1,1,1,,,,,,,,,,,,
9375,48,96,64,1,0,1,1,1,1,0,1,1,1,1,1,,,,,,,,,,,,
9376,48,96,64,1,0,1,1,1,1,1,0,1,1,1,1,,,,,,,,,,,,
9377,48,96,64,1,0,1,1,1,1,1,1,0,1,1,1,,,,,,,,,,,,
9378,48,96,64,1,0,1,1,1,1,1,1,1,0,1,1,,,,,,,,,,,,
9379,48,96,64,1,0,1,1,1,1,1,1,1,1,0,1,,,,,,,,,,,,
9380,48,96,64,1,0,1,1,1,1,1,1,1,1,1,0,,,,,,,,,,,,
9381,48,96,64,1,1,0,1,1,1,1,1,1,1,1,1,,,,,,,,,,,,
9382,48,96,64,1,1,0,1,1,1,0,1,1,1,1,1,,,,,,,,,,,,
9383,48,96,64,1,1,0,1,1,1,1,0,1,1,1,1,,,,,,,,,,,,
9384,48,96,64,1,1,0,1,1,1,1,1,0,1,1,1,,,,,,,,,,,,
9385,48,96,64,1,1,0,1,1,1,1,1,1,0,1,1,,,,,,,,,,,,
9386,48,96,64,1,1,0,1,1,1,1,1,1,1,0,1,,,,,,,,,,,,
9387,48,96,64,1,1,0,1,1,1,1,1,1,1,1,0,,,,,,,,,,,,
9388,48,96,64,1,1,1,0,1,1,1,1,1,1,1,1,,,,,,,,,,,,
9389,48,96,64,1,1,1,0,1,1,0,1,1,1,1,1,,,,,,,,,,,,
9390,48,96,64,1,1,1,0,1,1,1,0,1,1,1,1,,,,,,,,,,,,
9391,48,96,64,1,1,1,0,1,1,1,1,0,1,1,1,,,,,,,,,,,,
9392,48,96,64,1,1,1,0,1,1,1,1,1,0,1,1,,,,,,,,,,,,
9393,48,96,64,1,1,1,0,1,1,1,1,1,1,0,1,,,,,,,,,,,,
9394,48,96,64,1,1,1,0,1,1,1,1,1,1,1,0,,,,,,,,,,,,
9395,48,96,64,1,1,1,1,0,1,1,1,1,1,1,1,,,,,,,,,,,,
9396,48,96,64,1,1,1,1,0,1,0,1,1,1,1,1,,,,,,,,,,,,
9397,48,96,64,1,1,1,1,0,1,1,0,1,1,1,1,,,,,,,,,,,,
9398,48,96,64,1,1,1,1,0,1,1,1,0,1,1,1,,,,,,,,,,,,
9399,48,96,64,1,1,1,1,0,1,1,1,1,0,1,1,,,,,,,,,,,,
9400,48,96,64,1,1,1,1,0,1,1,1,1,1,0,1,,,,,,,,,,,,
9401,48,96,64,1,1,1,1,0,1,1,1,1,1,1,0,,,,,,,,,,,,
9402,48,96,64,1,1,1,1,1,0,1,1,1,1,1,1,,,,,,,,,,,,
9403,48,96,64,1,1,1,1,1,0,0,1,1,1,1,1,,,,,,,,,,,,
9404,48,96,64,1,1,1,1,1,0,1,0,1,1,1,1,,,,,,,,,,,,
9405,48,96,64,1,1,1,1,1,0,1,1,0,1,1,1,,,,,,,,,,,,
9406,48,96,64,1,1,1,1,1,0,1,1,1,0,1,1,,,,,,,,,,,,
9407,48,96,64,1,1,1,1,1,0,1,1,1,1,0,1,,,,,,,,,,,,
9408,48,96,64,1,1,1,1,1,0,1,1,1,1,1,0,,,,,,,,,,,,
9409,16,96,96,1,1,1,1,1,1,1,1,1,1,1,1,,,,,,,,,,,,
9410,16,96,96,1,1,1,1,1,1,0,1,1,1,1,1,,,,,,,,,,,,
9411,16,96,96,1,1,1,1,1,1,1,0,1,1,1,1,,,,,,,,,,,,
9412,16,96,96,1,1,1,1,1,1,1,1,0,1,1,1,,,,,,,,,,,,
9413,16,96,96,1,1,1,1,1,1,1,1,1,0,1,1,,,,,,,,,,,,
9414,16,96,96,1,1,1,1,1,1,1,1,1,1,0,1,,,,,,,,,,,,
9415,16,96,96,1,1,1,1,1,1,1,1,1,1,1,0,,,,,,,,,,,,
9416,16,96,96,0,1,1,1,1,1,1,1,1,1,1,1,,,,,,,,,,,,
9417,16,96,96,0,1,1,1,1,1,0,1,1,1,1,1,,,,,,,,,,,,
9418,16,96,96,0,1,1,1,1,1,1,0,1,1,1,1,,,,,,,,,,,,
9419,16,96,96,0,1,1,1,1,1,1,1,0,1,1,1,,,,,,,,,,,,
9420,16,96,96,0,1,1,1,1,1,1,1,1,0,1,1,,,,,,,,,,,,
9421,16,96,96,0,1,1,1,1,1,1,1,1,1,0,1,,,,,,,,,,,,
9422,16,96,96,0,1,1,1,1,1,1,1,1,1,1,0,,,,,,,,,,,,
9423,16,96,96,1,0,1,1,1,1,1,1,1,1,1,1,,,,,,,,,,,,
9424,16,96,96,1,0,1,1,1,1,0,1,1,1,1,1,,,,,,,,,,,,
9425,16,96,96,1,0,1,1,1,1,1,0,1,1,1,1,,,,,,,,,,,,
9426,16,96,96,1,0,1,1,1,1,1,1,0,1,1,1,,,,,,,,,,,,
9427,16,96,96,1,0,1,1,1,1,1,1,1,0,1,1,,,,,,,,,,,,
9428,16,96,96,1,0,1,1,1,1,1,1,1,1,0,1,,,,,,,,,,,,
9429,16,96,96,1,0,1,1,1,1,1,1,1,1,1,0,,,,,,,,,,,,
9430,16,96,96,1,1,0,1,1,1,1,1,1,1,1,1,,,,,,,,,,,,
9431,16,96,96,1,1,0,1,1,1,0,1,1,1,1,1,,,,,,,,,,,,
9432,16,96,96,1,1,0,1,1,1,1,0,1,1,1,1,,,,,,,,,,,,
9433,16,96,96,1,1,0,1,1,1,1,1,0,1,1,1,,,,,,,,,,,,
9434,16,96,96,1,1,0,1,1,1,1,1,1,0,1,1,,,,,,,,,,,,
9435,16,96,96,1,1,0,1,1,1,1,1,1,1,0,1,,,,,,,,,,,,
9436,16,96,96,1,1,0,1,1,1,1,1,1,1,1,0,,,,,,,,,,,,
9437,16,96,96,1,1,1,0,1,1,1,1,1,1,1,1,,,,,,,,,,,,
9438,16,96,96,1,1,1,0,1,1,0,1,1,1,1,1,,,,,,,,,,,,
9439,16,96,96,1,1,1,0,1,1,1,0,1,1,1,1,,,,,,,,,,,,
9440,16,96,96,1,1,1,0,1,1,1,1,0,1,1,1,,,,,,,,,,,,
9441,16,96,96,1,1,1,0,1,1,1,1,1,0,1,1,,,,,,,,,,,,
9442,16,96,96,1,1,1,0,1,1,1,1,1,1,0,1,,,,,,,,,,,,
9443,16,96,96,1,1,1,0,1,1,1,1,1,1,1,0,,,,,,,,,,,,
9444,16,96,96,1,1,1,1,0,1,1,1,1,1,1,1,,,,,,,,,,,,
9445,16,96,96,1,1,1,1,0,1,0,1,1,1,1,1,,,,,,,,,,,,
9446,16,96,96,1,1,1,1,0,1,1,0,1,1,1,1,,,,,,,,,,,,
9447,16,96,96,1,1,1,1,0,1,1,1,0,1,1,1,,,,,,,,,,,,
9448,16,96,96,1,1,1,1,0,1,1,1,1,0,1,1,,,,,,,,,,,,
9449,16,96,96,1,1,1,1,0,1,1,1,1,1,0,1,,,,,,,,,,,,
9450,16,96,96,1,1,1,1,0,1,1,1,1,1,1,0,,,,,,,,,,,,
9451,16,96,96,1,1,1,1,1,0,1,1,1,1,1,1,,,,,,,,,,,,
9452,16,96,96,1,1,1,1,1,0,0,1,1,1,1,1,,,,,,,,,,,,
9453,16,96,96,1,1,1,1,1,0,1,0,1,1,1,1,,,,,,,,,,,,
9454,16,96,96,1,1,1,1,1,0,1,1,0,1,1,1,,,,,,,,,,,,
9455,16,96,96,1,1,1,1,1,0,1,1,1,0,1,1,,,,,,,,,,,,
9456,16,96,96,1,1,1,1,1,0,1,1,1,1,0,1,,,,,,,,,,,,
9457,16,96,96,1,1,1,1,1,0,1,1,1,1,1,0,,,,,,,,,,,,
9458,96,16,64,1,1,1,1,1,1,1,1,1,1,1,1,,,,,,,,,,,,
9459,96,16,64,1,1,1,1,1,1,0,1,1,1,1,1,,,,,,,,,,,,
9460,96,16,64,1,1,1,1,1,1,1,0,1,1,1,1,,,,,,,,,,,,
9461,96,16,64,1,1,1,1,1,1,1,1,0,1,1,1,,,,,,,,,,,,
9462,96,16,64,1,1,1,1,1,1,1,1,1,0,1,1,,,,,,,,,,,,
9463,96,16,64,1,1,1,1,1,1,1,1,1,1,0,1,,,,,,,,,,,,
9464,96,16,64,1,1,1,1,1,1,1,1,1,1,1,0,,,,,,,,,,,,
9465,96,16,64,0,1,1,1,1,1,1,1,1,1,1,1,,,,,,,,,,,,
9466,96,16,64,0,1,1,1,1,1,0,1,1,1,1,1,,,,,,,,,,,,
9467,96,16,64,0,1,1,1,1,1,1,0,1,1,1,1,,,,,,,,,,,,
9468,96,16,64,0,1,1,1,1,1,1,1,0,1,1,1,,,,,,,,,,,,
9469,96,16,64,0,1,1,1,1,1,1,1,1,0,1,1,,,,,,,,,,,,
9470,96,16,64,0,1,1,1,1,1,1,1,1,1,0,1,,,,,,,,,,,,
9471,96,16,64,0,1,1,1,1,1,1,1,1,1,1,0,,,,,,,,,,,,
9472,96,16,64,1,0,1,1,1,1,1,1,1,1,1,1,,,,,,,,,,,,
9473,96,16,64,1,0,1,1,1,1,0,1,1,1,1,1,,,,,,,,,,,,
9474,96,16,64,1,0,1,1,1,1,1,0,1,1,1,1,,,,,,,,,,,,
9475,96,16,64,1,0,1,1,1,1,1,1,0,1,1,1,,,,,,,,,,,,
9476,96,16,64,1,0,1,1,1,1,1,1,1,0,1,1,,,,,,,,,,,,
9477,96,16,64,1,0,1,1,1,1,1,1,1,1,0,1,,,,,,,,,,,,
9478,96,16,64,1,0,1,1,1,1,1,1,1,1,1,0,,,,,,,,,,,,
9479,96,16,64,1,1,0,1,1,1,1,1,1,1,1,1,,,,,,,,,,,,
9480,96,16,64,1,1,0,1,1,1,0,1,1,1,1,1,,,,,,,,,,,,
9481,96,16,64,1,1,0,1,1,1,1,0,1,1,1,1,,,,,,,,,,,,
9482,96,16,64,1,1,0,1,1,1,1,1,0,1,1,1,,,,,,,,,,,,
9483,96,16,64,1,1,0,1,1,1,1,1,1,0,1,1,,,,,,,,,,,,
9484,96,16,64,1,1,0,1,1,1,1,1,1,1,0,1,,,,,,,,,,,,
9485,96,16,64,1,1,0,1,1,1,1,1,1,1,1,0,,,,,,,,,,,,
9486,96,16,64,1,1,1,0,1,1,1,1,1,1,1,1,,,,,,,,,,,,
9487,96,16,64,1,1,1,0,1,1,0,1,1,1,1,1,,,,,,,,,,,,
9488,96,16,64,1,1,1,0,1,1,1,0,1,1,1,1,,,,,,,,,,,,
9489,96,16,64,1,1,1,0,1,1,1,1,0,1,1,1,,,,,,,,,,,,
9490,96,16,64,1,1,1,0,1,1,1,1,1,0,1,1,,,,,,,,,,,,
9491,96,16,64,1,1,1,0,1,1,1,1,1,1,0,1,,,,,,,,,,,,
9492,96,16,64,1,1,1,0,1,1,1,1,1,1,1,0,,,,,,,,,,,,
9493,96,16,64,1,1,1,1,0,1,1,1,1,1,1,1,,,,,,,,,,,,
9494,96,16,64,1,1,1,1,0,1,0,1,1,1,1,1,,,,,,,,,,,,
9495,96,16,64,1,1,1,1,0,1,1,0,1,1,1,1,,,,,,,,,,,,
9496,96,16,64,1,1,1,1,0,1,1,1,0,1,1,1,,,,,,,,,,,,
9497,96,16,64,1,1,1,1,0,1,1,1,1,0,1,1,,,,,,,,,,,,
9498,96,16,64,1,1,1,1,0,1,1,1,1,1,0,1,,,,,,,,,,,,
9499,96,16,64,1,1,1,1,0,1,1,1,1,1,1,0,,,,,,,,,,,,
9500,96,16,64,1,1,1,1,1,0,1,1,1,1,1,1,,,,,,,,,,,,
9501,96,16,64,1,1,1,1,1,0,0,1,1,1,1,1,,,,,,,,,,,,
9502,96,16,64,1,1,1,1,1,0,1,0,1,1,1,1,,,,,,,,,,,,
9503,96,16,64,1,1,1,1,1,0,1,1,0,1,1,1,,,,,,,,,,,,
9504,96,16,64,1,1,1,1,1,0,1,1,1,0,1,1,,,,,,,,,,,,
9505,96,16,64,1,1,1,1,1,0,1,1,1,1,0,1,,,,,,,,,,,,
9506,96,16,64,1,1,1,1,1,0,1,1,1,1,1,0,,,,,,,,,,,,
9507,96,64,48,1,1,1,1,1,1,1,1,1,1,1,1,,,,,,,,,,,,
9508,96,64,48,1,1,1,1,1,1,0,1,1,1,1,1,,,,,,,,,,,,
9509,96,64,48,1,1,1,1,1,1,1,0,1,1,1,1,,,,,,,,,,,,
9510,96,64,48,1,1,1,1,1,1,1,1,0,1,1,1,,,,,,,,,,,,
9511,96,64,48,1,1,1,1,1,1,1,1,1,0,1,1,,,,,,,,,,,,
9512,96,64,48,1,1,1,1,1,1,1,1,1,1,0,1,,,,,,,,,,,,
9513,96,64,48,1,1,1,1,1,1,1,1,1,1,1,0,,,,,,,,,,,,
9514,96,64,48,0,1,1,1,1,1,1,1,1,1,1,1,,,,,,,,,,,,
9515,96,64,48,0,1,1,1,1,1,0,1,1,1,1,1,,,,,,,,,,,,
9516,96,64,48,0,1,1,1,1,1,1,0,1,1,1,1,,,,,,,,,,,,
9517,96,64,48,0,1,1,1,1,1,1,1,0,1,1,1,,,,,,,,,,,,
9518,96,64,48,0,1,1,1,1,1,1,1,1,0,1,1,,,,,,,,,,,,
9519,96,64,48,0,1,1,1,1,1,1,1,1,1,0,1,,,,,,,,,,,,
9520,96,64,48,0,1,1,1,1,1,1,1,1,1,1,0,,,,,,,,,,,,
9521,96,64,48,1,0,1,1,1,1,1,1,1,1,1,1,,,,,,,,,,,,
9522,96,64,48,1,0,1,1,1,1,0,1,1,1,1,1,,,,,,,,,,,,
9523,96,64,48,1,0,1,1,1,1,1,0,1,1,1,1,,,,,,,,,,,,
9524,96,64,48,1,0,1,1,1,1,1,1,0,1,1,1,,,,,,,,,,,,
9525,96,64,48,1,0,1,1,1,1,1,1,1,0,1,1,,,,,,,,,,,,
9526,96,64,48,1,0,1,1,1,1,1,1,1,1,0,1,,,,,,,,,,,,
9527,96,64,48,1,0,1,1,1,1,1,1,1,1,1,0,,,,,,,,,,,,
9528,96,64,48,1,1,0,1,1,1,1,1,1,1,1,1,,,,,,,,,,,,
9529,96,64,48,1,1,0,1,1,1,0,1,1,1,1,1,,,,,,,,,,,,
9530,96,64,48,1,1,0,1,1,1,1,0,1,1,1,1,,,,,,,,,,,,
9531,96,64,48,1,1,0,1,1,1,1,1,0,1,1,1,,,,,,,,,,,,
9532,96,64,48,1,1,0,1,1,1,1,1,1,0,1,1,,,,,,,,,,,,
9533,96,64,48,1,1,0,1,1,1,1,1,1,1,0,1,,,,,,,,,,,,
9534,96,64,48,1,1,0,1,1,1,1,1,1,1,1,0,,,,,,,,,,,,
9535,96,64,48,1,1,1,0,1,1,1,1,1,1,1,1,,,,,,,,,,,,
9536,96,64,48,1,1,1,0,1,1,0,1,1,1,1,1,,,,,,,,,,,,
9537,96,64,48,1,1,1,0,1,1,1,0,1,1,1,1,,,,,,,,,,,,
9538,96,64,48,1,1,1,0,1,1,1,1,0,1,1,1,,,,,,,,,,,,
9539,96,64,48,1,1,1,0,1,1,1,1,1,0,1,1,,,,,,,,,,,,
9540,96,64,48,1,1,1,0,1,1,1,1,1,1,0,1,,,,,,,,,,,,
9541,96,64,48,1,1,1,0,1,1,1,1,1,1,1,0,,,,,,,,,,,,
9542,96,64,48,1,1,1,1,0,1,1,1,1,1,1,1,,,,,,,,,,,,
9543,96,64,48,1,1,1,1,0,1,0,1,1,1,1,1,,,,,,,,,,,,
9544,96,64,48,1,1,1,1,0,1,1,0,1,1,1,1,,,,,,,,,,,,
9545,96,64,48,1,1,1,1,0,1,1,1,0,1,1,1,,,,,,,,,,,,
9546,96,64,48,1,1,1,1,0,1,1,1,1,0,1,1,,,,,,,,,,,,
9547,96,64,48,1,1,1,1,0,1,1,1,1,1,0,1,,,,,,,,,,,,
9548,96,64,48,1,1,1,1,0,1,1,1,1,1,1,0,,,,,,,,,,,,
9549,96,64,48,1,1,1,1,1,0,1,1,1,1,1,1,,,,,,,,,,,,
9550,96,64,48,1,1,1,1,1,0,0,1,1,1,1,1,,,,,,,,,,,,
9551,96,64,48,1,1,1,1,1,0,1,0,1,1,1,1,,,,,,,,,,,,
9552,96,64,48,1,1,1,1,1,0,1,1,0,1,1,1,,,,,,,,,,,,
9553,96,64,48,1,1,1,1,1,0,1,1,1,0,1,1,,,,,,,,,,,,
9554,96,64,48,1,1,1,1,1,0,1,1,1,1,0,1,,,,,,,,,,,,
9555,96,64,48,1,1,1,1,1,0,1,1,1,1,1,0,,,,,,,,,,,,
9556,48,48,24,1,1,1,1,1,1,1,1,1,1,1,1,,,,,,,,,,,,
9557,48,48,24,1,1,1,1,1,1,0,1,1,1,1,1,,,,,,,,,,,,
9558,48,48,24,1,1,1,1,1,1,1,0,1,1,1,1,,,,,,,,,,,,
9559,48,48,24,1,1,1,1,1,1,1,1,0,1,1,1,,,,,,,,,,,,
9560,48,48,24,1,1,1,1,1,1,1,1,1,0,1,1,,,,,,,,,,,,
9561,48,48,24,1,1,1,1,1,1,1,1,1,1,0,1,,,,,,,,,,,,
9562,48,48,24,1,1,1,1,1,1,1,1,1,1,1,0,,,,,,,,,,,,
9563,48,48,24,0,1,1,1,1,1,1,1,1,1,1,1,,,,,,,,,,,,
9564,48,48,24,0,1,1,1,1,1,0,1,1,1,1,1,,,,,,,,,,,,
9565,48,48,24,0,1,1,1,1,1,1,0,1,1,1,1,,,,,,,,,,,,
9566,48,48,24,0,1,1,1,1,1,1,1,0,1,1,1,,,,,,,,,,,,
9567,48,48,24,0,1,1,1,1,1,1,1,1,0,1,1,,,,,,,,,,,,
9568,48,48,24,0,1,1,1,1,1,1,1,1,1,0,1,,,,,,,,,,,,
9569,48,48,24,0,1,1,1,1,1,1,1,1,1,1,0,,,,,,,,,,,,
9570,48,48,24,1,0,1,1,1,1,1,1,1,1,1,1,,,,,,,,,,,,
9571,48,48,24,1,0,1,1,1,1,0,1,1,1,1,1,,,,,,,,,,,,
9572,48,48,24,1,0,1,1,1,1,1,0,1,1,1,1,,,,,,,,,,,,
9573,48,48,24,1,0,1,1,1,1,1,1,0,1,1,1,,,,,,,,,,,,
9574,48,48,24,1,0,1,1,1,1,1,1,1,0,1,1,,,,,,,,,,,,
9575,48,48,24,1,0,1,1,1,1,1,1,1,1,0,1,,,,,,,,,,,,
9576,48,48,24,1,0,1,1,1,1,1,1,1,1,1,0,,,,,,,,,,,,
9577,48,48,24,1,1,0,1,1,1,1,1,1,1,1,1,,,,,,,,,,,,
9578,48,48,24,1,1,0,1,1,1,0,1,1,1,1,1,,,,,,,,,,,,
9579,48,48,24,1,1,0,1,1,1,1,0,1,1,1,1,,,,,,,,,,,,
9580,48,48,24,1,1,0,1,1,1,1,1,0,1,1,1,,,,,,,,,,,,
9581,48,48,24,1,1,0,1,1,1,1,1,1,0,1,1,,,,,,,,,,,,
9582,48,48,24,1,1,0,1,1,1,1,1,1,1,0,1,,,,,,,,,,,,
9583,48,48,24,1,1,0,1,1,1,1,1,1,1,1,0,,,,,,,,,,,,
9584,48,48,24,1,1,1,0,1,1,1,1,1,1,1,1,,,,,,,,,,,,
9585,48,48,24,1,1,1,0,1,1,0,1,1,1,1,1,,,,,,,,,,,,
9586,48,48,24,1,1,1,0,1,1,1,0,1,1,1,1,,,,,,,,,,,,
9587,48,48,24,1,1,1,0,1,1,1,1,0,1,1,1,,,,,,,,,,,,
9588,48,48,24,1,1,1,0,1,1,1,1,1,0,1,1,,,,,,,,,,,,
9589,48,48,24,1,1,1,0,1,1,1,1,1,1,0,1,,,,,,,,,,,,
9590,48,48,24,1,1,1,0,1,1,1,1,1,1,1,0,,,,,,,,,,,,
9591,48,48,24,1,1,1,1,0,1,1,1,1,1,1,1,,,,,,,,,,,,
9592,48,48,24,1,1,1,1,0,1,0,1,1,1,1,1,,,,,,,,,,,,
9593,48,48,24,1,1,1,1,0,1,1,0,1,1,1,1,,,,,,,,,,,,
9594,48,48,24,1,1,1,1,0,1,1,1,0,1,1,1,,,,,,,,,,,,
9595,48,48,24,1,1,1,1,0,1,1,1,1,0,1,1,,,,,,,,,,,,
9596,48,48,24,1,1,1,1,0,1,1,1,1,1,0,1,,,,,,,,,,,,
9597,48,48,24,1,1,1,1,0,1,1,1,1,1,1,0,,,,,,,,,,,,
9598,48,48,24,1,1,1,1,1,0,1,1,1,1,1,1,,,,,,,,,,,,
9599,48,48,24,1,1,1,1,1,0,0,1,1,1,1,1,,,,,,,,,,,,
9600,48,48,24,1,1,1,1,1,0,1,0,1,1,1,1,,,,,,,,,,,,
9601,48,48,24,1,1,1,1,1,0,1,1,0,1,1,1,,,,,,,,,,,,
9602,48,48,24,1,1,1,1,1,0,1,1,1,0,1,1,,,,,,,,,,,,
9603,48,48,24,1,1,1,1,1,0,1,1,1,1,0,1,,,,,,,,,,,,
9604,48,48,24,1,1,1,1,1,0,1,1,1,1,1,0,,,,,,,,,,,,
9605,96,96,48,1,1,1,1,1,1,1,1,1,1,1,1,,,,,,,,,,,,
9606,96,96,48,1,1,1,1,1,1,0,1,1,1,1,1,,,,,,,,,,,,
9607,96,96,48,1,1,1,1,1,1,1,0,1,1,1,1,,,,,,,,,,,,
9608,96,96,48,1,1,1,1,1,1,1,1,0,1,1,1,,,,,,,,,,,,
9609,96,96,48,1,1,1,1,1,1,1,1,1,0,1,1,,,,,,,,,,,,
9610,96,96,48,1,1,1,1,1,1,1,1,1,1,0,1,,,,,,,,,,,,
9611,96,96,48,1,1,1,1,1,1,1,1,1,1,1,0,,,,,,,,,,,,
9612,96,96,48,0,1,1,1,1,1,1,1,1,1,1,1,,,,,,,,,,,,
9613,96,96,48,0,1,1,1,1,1,0,1,1,1,1,1,,,,,,,,,,,,
9614,96,96,48,0,1,1,1,1,1,1,0,1,1,1,1,,,,,,,,,,,,
9615,96,96,48,0,1,1,1,1,1,1,1,0,1,1,1,,,,,,,,,,,,
9616,96,96,48,0,1,1,1,1,1,1,1,1,0,1,1,,,,,,,,,,,,
9617,96,96,48,0,1,1,1,1,1,1,1,1,1,0,1,,,,,,,,,,,,
9618,96,96,48,0,1,1,1,1,1,1,1,1,1,1,0,,,,,,,,,,,,
9619,96,96,48,1,0,1,1,1,1,1,1,1,1,1,1,,,,,,,,,,,,
9620,96,96,48,1,0,1,1,1,1,0,1,1,1,1,1,,,,,,,,,,,,
9621,96,96,48,1,0,1,1,1,1,1,0,1,1,1,1,,,,,,,,,,,,
9622,96,96,48,1,0,1,1,1,1,1,1,0,1,1,1,,,,,,,,,,,,
9623,96,96,48,1,0,1,1,1,1,1,1,1,0,1,1,,,,,,,,,,,,
9624,96,96,48,1,0,1,1,1,1,1,1,1,1,0,1,,,,,,,,,,,,
9625,96,96,48,1,0,1,1,1,1,1,1,1,1,1,0,,,,,,,,,,,,
9626,96,96,48,1,1,0,1,1,1,1,1,1,1,1,1,,,,,,,,,,,,
9627,96,96,48,1,1,0,1,1,1,0,1,1,1,1,1,,,,,,,,,,,,
9628,96,96,48,1,1,0,1,1,1,1,0,1,1,1,1,,,,,,,,,,,,
9629,96,96,48,1,1,0,1,1,1,1,1,0,1,1,1,,,,,,,,,,,,
9630,96,96,48,1,1,0,1,1,1,1,1,1,0,1,1,,,,,,,,,,,,
9631,96,96,48,1,1,0,1,1,1,1,1,1,1,0,1,,,,,,,,,,,,
9632,96,96,48,1,1,0,1,1,1,1,1,1,1,1,0,,,,,,,,,,,,
9633,96,96,48,1,1,1,0,1,1,1,1,1,1,1,1,,,,,,,,,,,,
9634,96,96,48,1,1,1,0,1,1,0,1,1,1,1,1,,,,,,,,,,,,
9635,96,96,48,1,1,1,0,1,1,1,0,1,1,1,1,,,,,,,,,,,,
9636,96,96,48,1,1,1,0,1,1,1,1,0,1,1,1,,,,,,,,,,,,
9637,96,96,48,1,1,1,0,1,1,1,1,1,0,1,1,,,,,,,,,,,,
9638,96,96,48,1,1,1,0,1,1,1,1,1,1,0,1,,,,,,,,,,,,
9639,96,96,48,1,1,1,0,1,1,1,1,1,1,1,0,,,,,,,,,,,,
9640,96,96,48,1,1,1,1,0,1,1,1,1,1,1,1,,,,,,,,,,,,
9641,96,96,48,1,1,1,1,0,1,0,1,1,1,1,1,,,,,,,,,,,,
9642,96,96,48,1,1,1,1,0,1,1,0,1,1,1,1,,,,,,,,,,,,
9643,96,96,48,1,1,1,1,0,1,1,1,0,1,1,1,,,,,,,,,,,,
9644,96,96,48,1,1,1,1,0,1,1,1,1,0,1,1,,,,,,,,,,,,
9645,96,96,48,1,1,1,1,0,1,1,1,1,1,0,1,,,,,,,,,,,,
9646,96,96,48,1,1,1,1,0,1,1,1,1,1,1,0,,,,,,,,,,,,
9647,96,96,48,1,1,1,1,1,0,1,1,1,1,1,1,,,,,,,,,,,,
9648,96,96,48,1,1,1,1,1,0,0,1,1,1,1,1,,,,,,,,,,,,
9649,96,96,48,1,1,1,1,1,0,1,0,1,1,1,1,,,,,,,,,,,,
9650,96,96,48,1,1,1,1,1,0,1,1,0,1,1,1,,,,,,,,,,,,
9651,96,96,48,1,1,1,1,1,0,1,1,1,0,1,1,,,,,,,,,,,,
9652,96,96,48,1,1,1,1,1,0,1,1,1,1,0,1,,,,,,,,,,,,
9653,96,96,48,1,1,1,1,1,0,1,1,1,1,1,0,,,,,,,,,,,,
9654,64,16,64,1,1,1,1,1,1,1,1,1,1,1,1,,,,,,,,,,,,
9655,64,16,64,1,1,1,1,1,1,0,1,1,1,1,1,,,,,,,,,,,,
9656,64,16,64,1,1,1,1,1,1,1,0,1,1,1,1,,,,,,,,,,,,
9657,64,16,64,1,1,1,1,1,1,1,1,0,1,1,1,,,,,,,,,,,,
9658,64,16,64,1,1,1,1,1,1,1,1,1,0,1,1,,,,,,,,,,,,
9659,64,16,64,1,1,1,1,1,1,1,1,1,1,0,1,,,,,,,,,,,,
9660,64,16,64,1,1,1,1,1,1,1,1,1,1,1,0,,,,,,,,,,,,
9661,64,16,64,0,1,1,1,1,1,1,1,1,1,1,1,,,,,,,,,,,,
9662,64,16,64,0,1,1,1,1,1,0,1,1,1,1,1,,,,,,,,,,,,
9663,64,16,64,0,1,1,1,1,1,1,0,1,1,1,1,,,,,,,,,,,,
9664,64,16,64,0,1,1,1,1,1,1,1,0,1,1,1,,,,,,,,,,,,
9665,64,16,64,0,1,1,1,1,1,1,1,1,0,1,1,,,,,,,,,,,,
9666,64,16,64,0,1,1,1,1,1,1,1,1,1,0,1,,,,,,,,,,,,
9667,64,16,64,0,1,1,1,1,1,1,1,1,1,1,0,,,,,,,,,,,,
9668,64,16,64,1,0,1,1,1,1,1,1,1,1,1,1,,,,,,,,,,,,
9669,64,16,64,1,0,1,1,1,1,0,1,1,1,1,1,,,,,,,,,,,,
9670,64,16,64,1,0,1,1,1,1,1,0,1,1,1,1,,,,,,,,,,,,
9671,64,16,64,1,0,1,1,1,1,1,1,0,1,1,1,,,,,,,,,,,,
9672,64,16,64,1,0,1,1,1,1,1,1,1,0,1,1,,,,,,,,,,,,
9673,64,16,64,1,0,1,1,1,1,1,1,1,1,0,1,,,,,,,,,,,,
9674,64,16,64,1,0,1,1,1,1,1,1,1,1,1,0,,,,,,,,,,,,
9675,64,16,64,1,1,0,1,1,1,1,1,1,1,1,1,,,,,,,,,,,,
9676,64,16,64,1,1,0,1,1,1,0,1,1,1,1,1,,,,,,,,,,,,
9677,64,16,64,1,1,0,1,1,1,1,0,1,1,1,1,,,,,,,,,,,,
9678,64,16,64,1,1,0,1,1,1,1,1,0,1,1,1,,,,,,,,,,,,
9679,64,16,64,1,1,0,1,1,1,1,1,1,0,1,1,,,,,,,,,,,,
9680,64,16,64,1,1,0,1,1,1,1,1,1,1,0,1,,,,,,,,,,,,
9681,64,16,64,1,1,0,1,1,1,1,1,1,1,1,0,,,,,,,,,,,,
9682,64,16,64,1,1,1,0,1,1,1,1,1,1,1,1,,,,,,,,,,,,
9683,64,16,64,1,1,1,0,1,1,0,1,1,1,1,1,,,,,,,,,,,,
9684,64,16,64,1,1,1,0,1,1,1,0,1,1,1,1,,,,,,,,,,,,
9685,64,16,64,1,1,1,0,1,1,1,1,0,1,1,1,,,,,,,,,,,,
9686,64,16,64,1,1,1,0,1,1,1,1,1,0,1,1,,,,,,,,,,,,
9687,64,16,64,1,1,1,0,1,1,1,1,1,1,0,1,,,,,,,,,,,,
9688,64,16,64,1,1,1,0,1,1,1,1,1,1,1,0,,,,,,,,,,,,
9689,64,16,64,1,1,1,1,0,1,1,1,1,1,1,1,,,,,,,,,,,,
9690,64,16,64,1,1,1,1,0,1,0,1,1,1,1,1,,,,,,,,,,,,
9691,64,16,64,1,1,1,1,0,1,1,0,1,1,1,1,,,,,,,,,,,,
9692,64,16,64,1,1,1,1,0,1,1,1,0,1,1,1,,,,,,,,,,,,
9693,64,16,64,1,1,1,1,0,1,1,1,1,0,1,1,,,,,,,,,,,,
9694,64,16,64,1,1,1,1,0,1,1,1,1,1,0,1,,,,,,,,,,,,
9695,64,16,64,1,1,1,1,0,1,1,1,1,1,1,0,,,,,,,,,,,,
9696,64,16,64,1,1,1,1,1,0,1,1,1,1,1,1,,,,,,,,,,,,
9697,64,16,64,1,1,1,1,1,0,0,1,1,1,1,1,,,,,,,,,,,,
9698,64,16,64,1,1,1,1,1,0,1,0,1,1,1,1,,,,,,,,,,,,
9699,64,16,64,1,1,1,1,1,0,1,1,0,1,1,1,,,,,,,,,,,,
9700,64,16,64,1,1,1,1,1,0,1,1,1,0,1,1,,,,,,,,,,,,
9701,64,16,64,1,1,1,1,1,0,1,1,1,1,0,1,,,,,,,,,,,,
9702,64,16,64,1,1,1,1,1,0,1,1,1,1,1,0,,,,,,,,,,,,
9703,16,24,64,1,1,1,1,1,1,1,1,1,1,1,1,,,,,,,,,,,,
9704,16,24,64,1,1,1,1,1,1,0,1,1,1,1,1,,,,,,,,,,,,
9705,16,24,64,1,1,1,1,1,1,1,0,1,1,1,1,,,,,,,,,,,,
9706,16,24,64,1,1,1,1,1,1,1,1,0,1,1,1,,,,,,,,,,,,
9707,16,24,64,1,1,1,1,1,1,1,1,1,0,1,1,,,,,,,,,,,,
9708,16,24,64,1,1,1,1,1,1,1,1,1,1,0,1,,,,,,,,,,,,
9709,16,24,64,1,1,1,1,1,1,1,1,1,1,1,0,,,,,,,,,,,,
9710,16,24,64,0,1,1,1,1,1,1,1,1,1,1,1,,,,,,,,,,,,
9711,16,24,64,0,1,1,1,1,1,0,1,1,1,1,1,,,,,,,,,,,,
9712,16,24,64,0,1,1,1,1,1,1,0,1,1,1,1,,,,,,,,,,,,
9713,16,24,64,0,1,1,1,1,1,1,1,0,1,1,1,,,,,,,,,,,,
9714,16,24,64,0,1,1,1,1,1,1,1,1,0,1,1,,,,,,,,,,,,
9715,16,24,64,0,1,1,1,1,1,1,1,1,1,0,1,,,,,,,,,,,,
9716,16,24,64,0,1,1,1,1,1,1,1,1,1,1,0,,,,,,,,,,,,
9717,16,24,64,1,0,1,1,1,1,1,1,1,1,1,1,,,,,,,,,,,,
9718,16,24,64,1,0,1,1,1,1,0,1,1,1,1,1,,,,,,,,,,,,
9719,16,24,64,1,0,1,1,1,1,1,0,1,1,1,1,,,,,,,,,,,,
9720,16,24,64,1,0,1,1,1,1,1,1,0,1,1,1,,,,,,,,,,,,
9721,16,24,64,1,0,1,1,1,1,1,1,1,0,1,1,,,,,,,,,,,,
9722,16,24,64,1,0,1,1,1,1,1,1,1,1,0,1,,,,,,,,,,,,
9723,16,24,64,1,0,1,1,1,1,1,1,1,1,1,0,,,,,,,,,,,,
9724,16,24,64,1,1,0,1,1,1,1,1,1,1,1,1,,,,,,,,,,,,
9725,16,24,64,1,1,0,1,1,1,0,1,1,1,1,1,,,,,,,,,,,,
9726,16,24,64,1,1,0,1,1,1,1,0,1,1,1,1,,,,,,,,,,,,
9727,16,24,64,1,1,0,1,1,1,1,1,0,1,1,1,,,,,,,,,,,,
9728,16,24,64,1,1,0,1,1,1,1,1,1,0,1,1,,,,,,,,,,,,
9729,16,24,64,1,1,0,1,1,1,1,1,1,1,0,1,,,,,,,,,,,,
9730,16,24,64,1,1,0,1,1,1,1,1,1,1,1,0,,,,,,,,,,,,
9731,16,24,64,1,1,1,0,1,1,1,1,1,1,1,1,,,,,,,,,,,,
9732,16,24,64,1,1,1,0,1,1,0,1,1,1,1,1,,,,,,,,,,,,
9733,16,24,64,1,1,1,0,1,1,1,0,1,1,1,1,,,,,,,,,,,,
9734,16,24,64,1,1,1,0,1,1,1,1,0,1,1,1,,,,,,,,,,,,
9735,16,24,64,1,1,1,0,1,1,1,1,1,0,1,1,,,,,,,,,,,,
9736,16,24,64,1,1,1,0,1,1,1,1,1,1,0,1,,,,,,,,,,,,
9737,16,24,64,1,1,1,0,1,1,1,1,1,1,1,0,,,,,,,,,,,,
9738,16,24,64,1,1,1,1,0,1,1,1,1,1,1,1,,,,,,,,,,,,
9739,16,24,64,1,1,1,1,0,1,0,1,1,1,1,1,,,,,,,,,,,,
9740,16,24,64,1,1,1,1,0,1,1,0,1,1,1,1,,,,,,,,,,,,
9741,16,24,64,1,1,1,1,0,1,1,1,0,1,1,1,,,,,,,,,,,,
9742,16,24,64,1,1,1,1,0,1,1,1,1,0,1,1,,,,,,,,,,,,
9743,16,24,64,1,1,1,1,0,1,1,1,1,1,0,1,,,,,,,,,,,,
9744,16,24,64,1,1,1,1,0,1,1,1,1,1,1,0,,,,,,,,,,,,
9745,16,24,64,1,1,1,1,1,0,1,1,1,1,1,1,,,,,,,,,,,,
9746,16,24,64,1,1,1,1,1,0,0,1,1,1,1,1,,,,,,,,,,,,
9747,16,24,64,1,1,1,1,1,0,1,0,1,1,1,1,,,,,,,,,,,,
9748,16,24,64,1,1,1,1,1,0,1,1,0,1,1,1,,,,,,,,,,,,
9749,16,24,64,1,1,1,1,1,0,1,1,1,0,1,1,,,,,,,,,,,,
9750,16,24,64,1,1,1,1,1,0,1,1,1,1,0,1,,,,,,,,,,,,
9751,16,24,64,1,1,1,1,1,0,1,1,1,1,1,0,,,,,,,,,,,,
9752,24,16,48,1,1,1,1,1,1,1,1,1,1,1,1,,,,,,,,,,,,
9753,24,16,48,1,1,1,1,1,1,0,1,1,1,1,1,,,,,,,,,,,,
9754,24,16,48,1,1,1,1,1,1,1,0,1,1,1,1,,,,,,,,,,,,
9755,24,16,48,1,1,1,1,1,1,1,1,0,1,1,1,,,,,,,,,,,,
9756,24,16,48,1,1,1,1,1,1,1,1,1,0,1,1,,,,,,,,,,,,
9757,24,16,48,1,1,1,1,1,1,1,1,1,1,0,1,,,,,,,,,,,,
9758,24,16,48,1,1,1,1,1,1,1,1,1,1,1,0,,,,,,,,,,,,
9759,24,16,48,0,1,1,1,1,1,1,1,1,1,1,1,,,,,,,,,,,,
9760,24,16,48,0,1,1,1,1,1,0,1,1,1,1,1,,,,,,,,,,,,
9761,24,16,48,0,1,1,1,1,1,1,0,1,1,1,1,,,,,,,,,,,,
9762,24,16,48,0,1,1,1,1,1,1,1,0,1,1,1,,,,,,,,,,,,
9763,24,16,48,0,1,1,1,1,1,1,1,1,0,1,1,,,,,,,,,,,,
9764,24,16,48,0,1,1,1,1,1,1,1,1,1,0,1,,,,,,,,,,,,
9765,24,16,48,0,1,1,1,1,1,1,1,1,1,1,0,,,,,,,,,,,,
9766,24,16,48,1,0,1,1,1,1,1,1,1,1,1,1,,,,,,,,,,,,
9767,24,16,48,1,0,1,1,1,1,0,1,1,1,1,1,,,,,,,,,,,,
9768,24,16,48,1,0,1,1,1,1,1,0,1,1,1,1,,,,,,,,,,,,
9769,24,16,48,1,0,1,1,1,1,1,1,0,1,1,1,,,,,,,,,,,,
9770,24,16,48,1,0,1,1,1,1,1,1,1,0,1,1,,,,,,,,,,,,
9771,24,16,48,1,0,1,1,1,1,1,1,1,1,0,1,,,,,,,,,,,,
9772,24,16,48,1,0,1,1,1,1,1,1,1,1,1,0,,,,,,,,,,,,
9773,24,16,48,1,1,0,1,1,1,1,1,1,1,1,1,,,,,,,,,,,,
9774,24,16,48,1,1,0,1,1,1,0,1,1,1,1,1,,,,,,,,,,,,
9775,24,16,48,1,1,0,1,1,1,1,0,1,1,1,1,,,,,,,,,,,,
9776,24,16,48,1,1,0,1,1,1,1,1,0,1,1,1,,,,,,,,,,,,
9777,24,16,48,1,1,0,1,1,1,1,1,1,0,1,1,,,,,,,,,,,,
9778,24,16,48,1,1,0,1,1,1,1,1,1,1,0,1,,,,,,,,,,,,
9779,24,16,48,1,1,0,1,1,1,1,1,1,1,1,0,,,,,,,,,,,,
9780,24,16,48,1,1,1,0,1,1,1,1,1,1,1,1,,,,,,,,,,,,
9781,24,16,48,1,1,1,0,1,1,0,1,1,1,1,1,,,,,,,,,,,,
9782,24,16,48,1,1,1,0,1,1,1,0,1,1,1,1,,,,,,,,,,,,
9783,24,16,48,1,1,1,0,1,1,1,1,0,1,1,1,,,,,,,,,,,,
9784,24,16,48,1,1,1,0,1,1,1,1,1,0,1,1,,,,,,,,,,,,
9785,24,16,48,1,1,1,0,1,1,1,1,1,1,0,1,,,,,,,,,,,,
9786,24,16,48,1,1,1,0,1,1,1,1,1,1,1,0,,,,,,,,,,,,
9787,24,16,48,1,1,1,1,0,1,1,1,1,1,1,1,,,,,,,,,,,,
9788,24,16,48,1,1,1,1,0,1,0,1,1,1,1,1,,,,,,,,,,,,
9789,24,16,48,1,1,1,1,0,1,1,0,1,1,1,1,,,,,,,,,,,,
9790,24,16,48,1,1,1,1,0,1,1,1,0,1,1,1,,,,,,,,,,,,
9791,24,16,48,1,1,1,1,0,1,1,1,1,0,1,1,,,,,,,,,,,,
9792,24,16,48,1,1,1,1,0,1,1,1,1,1,0,1,,,,,,,,,,,,
9793,24,16,48,1,1,1,1,0,1,1,1,1,1,1,0,,,,,,,,,,,,
9794,24,16,48,1,1,1,1,1,0,1,1,1,1,1,1,,,,,,,,,,,,
9795,24,16,48,1,1,1,1,1,0,0,1,1,1,1,1,,,,,,,,,,,,
9796,24,16,48,1,1,1,1,1,0,1,0,1,1,1,1,,,,,,,,,,,,
9797,24,16,48,1,1,1,1,1,0,1,1,0,1,1,1,,,,,,,,,,,,
9798,24,16,48,1,1,1,1,1,0,1,1,1,0,1,1,,,,,,,,,,,,
9799,24,16,48,1,1,1,1,1,0,1,1,1,1,0,1,,,,,,,,,,,,
9800,24,16,48,1,1,1,1,1,0,1,1,1,1,1,0,,,,,,,,,,,,
9801,96,96,64,1,1,1,1,1,1,1,1,1,1,1,1,,,,,,,,,,,,
9802,96,96,64,1,1,1,1,1,1,0,1,1,1,1,1,,,,,,,,,,,,
9803,96,96,64,1,1,1,1,1,1,1,0,1,1,1,1,,,,,,,,,,,,
9804,96,96,64,1,1,1,1,1,1,1,1,0,1,1,1,,,,,,,,,,,,
9805,96,96,64,1,1,1,1,1,1,1,1,1,0,1,1,,,,,,,,,,,,
9806,96,96,64,1,1,1,1,1,1,1,1,1,1,0,1,,,,,,,,,,,,
9807,96,96,64,1,1,1,1,1,1,1,1,1,1,1,0,,,,,,,,,,,,
9808,96,96,64,0,1,1,1,1,1,1,1,1,1,1,1,,,,,,,,,,,,
9809,96,96,64,0,1,1,1,1,1,0,1,1,1,1,1,,,,,,,,,,,,
9810,96,96,64,0,1,1,1,1,1,1,0,1,1,1,1,,,,,,,,,,,,
9811,96,96,64,0,1,1,1,1,1,1,1,0,1,1,1,,,,,,,,,,,,
9812,96,96,64,0,1,1,1,1,1,1,1,1,0,1,1,,,,,,,,,,,,
9813,96,96,64,0,1,1,1,1,1,1,1,1,1,0,1,,,,,,,,,,,,
9814,96,96,64,0,1,1,1,1,1,1,1,1,1,1,0,,,,,,,,,,,,
9815,96,96,64,1,0,1,1,1,1,1,1,1,1,1,1,,,,,,,,,,,,
9816,96,96,64,1,0,1,1,1,1,0,1,1,1,1,1,,,,,,,,,,,,
9817,96,96,64,1,0,1,1,1,1,1,0,1,1,1,1,,,,,,,,,,,,
9818,96,96,64,1,0,1,1,1,1,1,1,0,1,1,1,,,,,,,,,,,,
9819,96,96,64,1,0,1,1,1,1,1,1,1,0,1,1,,,,,,,,,,,,
9820,96,96,64,1,0,1,1,1,1,1,1,1,1,0,1,,,,,,,,,,,,
9821,96,96,64,1,0,1,1,1,1,1,1,1,1,1,0,,,,,,,,,,,,
9822,96,96,64,1,1,0,1,1,1,1,1,1,1,1,1,,,,,,,,,,,,
9823,96,96,64,1,1,0,1,1,1,0,1,1,1,1,1,,,,,,,,,,,,
9824,96,96,64,1,1,0,1,1,1,1,0,1,1,1,1,,,,,,,,,,,,
9825,96,96,64,1,1,0,1,1,1,1,1,0,1,1,1,,,,,,,,,,,,
9826,96,96,64,1,1,0,1,1,1,1,1,1,0,1,1,,,,,,,,,,,,
9827,96,96,64,1,1,0,1,1,1,1,1,1,1,0,1,,,,,,,,,,,,
9828,96,96,64,1,1,0,1,1,1,1,1,1,1,1,0,,,,,,,,,,,,
9829,96,96,64,1,1,1,0,1,1,1,1,1,1,1,1,,,,,,,,,,,,
9830,96,96,64,1,1,1,0,1,1,0,1,1,1,1,1,,,,,,,,,,,,
9831,96,96,64,1,1,1,0,1,1,1,0,1,1,1,1,,,,,,,,,,,,
9832,96,96,64,1,1,1,0,1,1,1,1,0,1,1,1,,,,,,,,,,,,
9833,96,96,64,1,1,1,0,1,1,1,1,1,0,1,1,,,,,,,,,,,,
9834,96,96,64,1,1,1,0,1,1,1,1,1,1,0,1,,,,,,,,,,,,
9835,96,96,64,1,1,1,0,1,1,1,1,1,1,1,0,,,,,,,,,,,,
9836,96,96,64,1,1,1,1,0,1,1,1,1,1,1,1,,,,,,,,,,,,
9837,96,96,64,1,1,1,1,0,1,0,1,1,1,1,1,,,,,,,,,,,,
9838,96,96,64,1,1,1,1,0,1,1,0,1,1,1,1,,,,,,,,,,,,
9839,96,96,64,1,1,1,1,0,1,1,1,0,1,1,1,,,,,,,,,,,,
9840,96,96,64,1,1,1,1,0,1,1,1,1,0,1,1,,,,,,,,,,,,
9841,96,96,64,1,1,1,1,0,1,1,1,1,1,0,1,,,,,,,,,,,,
9842,96,96,64,1,1,1,1,0,1,1,1,1,1,1,0,,,,,,,,,,,,
9843,96,96,64,1,1,1,1,1,0,1,1,1,1,1,1,,,,,,,,,,,,
9844,96,96,64,1,1,1,1,1,0,0,1,1,1,1,1,,,,,,,,,,,,
9845,96,96,64,1,1,1,1,1,0,1,0,1,1,1,1,,,,,,,,,,,,
9846,96,96,64,1,1,1,1,1,0,1,1,0,1,1,1,,,,,,,,,,,,
9847,96,96,64,1,1,1,1,1,0,1,1,1,0,1,1,,,,,,,,,,,,
9848,96,96,64,1,1,1,1,1,0,1,1,1,1,0,1,,,,,,,,,,,,
9849,96,96,64,1,1,1,1,1,0,1,1,1,1,1,0,,,,,,,,,,,,
9850,48,24,48,1,1,1,1,1,1,1,1,1,1,1,1,,,,,,,,,,,,
9851,48,24,48,1,1,1,1,1,1,0,1,1,1,1,1,,,,,,,,,,,,
9852,48,24,48,1,1,1,1,1,1,1,0,1,1,1,1,,,,,,,,,,,,
9853,48,24,48,1,1,1,1,1,1,1,1,0,1,1,1,,,,,,,,,,,,
9854,48,24,48,1,1,1,1,1,1,1,1,1,0,1,1,,,,,,,,,,,,
9855,48,24,48,1,1,1,1,1,1,1,1,1,1,0,1,,,,,,,,,,,,
9856,48,24,48,1,1,1,1,1,1,1,1,1,1,1,0,,,,,,,,,,,,
9857,48,24,48,0,1,1,1,1,1,1,1,1,1,1,1,,,,,,,,,,,,
9858,48,24,48,0,1,1,1,1,1,0,1,1,1,1,1,,,,,,,,,,,,
9859,48,24,48,0,1,1,1,1,1,1,0,1,1,1,1,,,,,,,,,,,,
9860,48,24,48,0,1,1,1,1,1,1,1,0,1,1,1,,,,,,,,,,,,
9861,48,24,48,0,1,1,1,1,1,1,1,1,0,1,1,,,,,,,,,,,,
9862,48,24,48,0,1,1,1,1,1,1,1,1,1,0,1,,,,,,,,,,,,
9863,48,24,48,0,1,1,1,1,1,1,1,1,1,1,0,,,,,,,,,,,,
9864,48,24,48,1,0,1,1,1,1,1,1,1,1,1,1,,,,,,,,,,,,
9865,48,24,48,1,0,1,1,1,1,0,1,1,1,1,1,,,,,,,,,,,,
9866,48,24,48,1,0,1,1,1,1,1,0,1,1,1,1,,,,,,,,,,,,
9867,48,24,48,1,0,1,1,1,1,1,1,0,1,1,1,,,,,,,,,,,,
9868,48,24,48,1,0,1,1,1,1,1,1,1,0,1,1,,,,,,,,,,,,
9869,48,24,48,1,0,1,1,1,1,1,1,1,1,0,1,,,,,,,,,,,,
9870,48,24,48,1,0,1,1,1,1,1,1,1,1,1,0,,,,,,,,,,,,
9871,48,24,48,1,1,0,1,1,1,1,1,1,1,1,1,,,,,,,,,,,,
9872,48,24,48,1,1,0,1,1,1,0,1,1,1,1,1,,,,,,,,,,,,
9873,48,24,48,1,1,0,1,1,1,1,0,1,1,1,1,,,,,,,,,,,,
9874,48,24,48,1,1,0,1,1,1,1,1,0,1,1,1,,,,,,,,,,,,
9875,48,24,48,1,1,0,1,1,1,1,1,1,0,1,1,,,,,,,,,,,,
9876,48,24,48,1,1,0,1,1,1,1,1,1,1,0,1,,,,,,,,,,,,
9877,48,24,48,1,1,0,1,1,1,1,1,1,1,1,0,,,,,,,,,,,,
9878,48,24,48,1,1,1,0,1,1,1,1,1,1,1,1,,,,,,,,,,,,
9879,48,24,48,1,1,1,0,1,1,0,1,1,1,1,1,,,,,,,,,,,,
9880,48,24,48,1,1,1,0,1,1,1,0,1,1,1,1,,,,,,,,,,,,
9881,48,24,48,1,1,1,0,1,1,1,1,0,1,1,1,,,,,,,,,,,,
9882,48,24,48,1,1,1,0,1,1,1,1,1,0,1,1,,,,,,,,,,,,
9883,48,24,48,1,1,1,0,1,1,1,1,1,1,0,1,,,,,,,,,,,,
9884,48,24,48,1,1,1,0,1,1,1,1,1,1,1,0,,,,,,,,,,,,
9885,48,24,48,1,1,1,1,0,1,1,1,1,1,1,1,,,,,,,,,,,,
9886,48,24,48,1,1,1,1,0,1,0,1,1,1,1,1,,,,,,,,,,,,
9887,48,24,48,1,1,1,1,0,1,1,0,1,1,1,1,,,,,,,,,,,,
9888,48,24,48,1,1,1,1,0,1,1,1,0,1,1,1,,,,,,,,,,,,
9889,48,24,48,1,1,1,1,0,1,1,1,1,0,1,1,,,,,,,,,,,,
9890,48,24,48,1,1,1,1,0,1,1,1,1,1,0,1,,,,,,,,,,,,
9891,48,24,48,1,1,1,1,0,1,1,1,1,1,1,0,,,,,,,,,,,,
9892,48,24,48,1,1,1,1,1,0,1,1,1,1,1,1,,,,,,,,,,,,
9893,48,24,48,1,1,1,1,1,0,0,1,1,1,1,1,,,,,,,,,,,,
9894,48,24,48,1,1,1,1,1,0,1,0,1,1,1,1,,,,,,,,,,,,
9895,48,24,48,1,1,1,1,1,0,1,1,0,1,1,1,,,,,,,,,,,,
9896,48,24,48,1,1,1,1,1,0,1,1,1,0,1,1,,,,,,,,,,,,
9897,48,24,48,1,1,1,1,1,0,1,1,1,1,0,1,,,,,,,,,,,,
9898,48,24,48,1,1,1,1,1,0,1,1,1,1,1,0,,,,,,,,,,,,
9899,16,96,64,1,1,1,1,1,1,1,1,1,1,1,1,,,,,,,,,,,,
9900,16,96,64,1,1,1,1,1,1,0,1,1,1,1,1,,,,,,,,,,,,
9901,16,96,64,1,1,1,1,1,1,1,0,1,1,1,1,,,,,,,,,,,,
9902,16,96,64,1,1,1,1,1,1,1,1,0,1,1,1,,,,,,,,,,,,
9903,16,96,64,1,1,1,1,1,1,1,1,1,0,1,1,,,,,,,,,,,,
9904,16,96,64,1,1,1,1,1,1,1,1,1,1,0,1,,,,,,,,,,,,
9905,16,96,64,1,1,1,1,1,1,1,1,1,1,1,0,,,,,,,,,,,,
9906,16,96,64,0,1,1,1,1,1,1,1,1,1,1,1,,,,,,,,,,,,
9907,16,96,64,0,1,1,1,1,1,0,1,1,1,1,1,,,,,,,,,,,,
9908,16,96,64,0,1,1,1,1,1,1,0,1,1,1,1,,,,,,,,,,,,
9909,16,96,64,0,1,1,1,1,1,1,1,0,1,1,1,,,,,,,,,,,,
9910,16,96,64,0,1,1,1,1,1,1,1,1,0,1,1,,,,,,,,,,,,
9911,16,96,64,0,1,1,1,1,1,1,1,1,1,0,1,,,,,,,,,,,,
9912,16,96,64,0,1,1,1,1,1,1,1,1,1,1,0,,,,,,,,,,,,
9913,16,96,64,1,0,1,1,1,1,1,1,1,1,1,1,,,,,,,,,,,,
9914,16,96,64,1,0,1,1,1,1,0,1,1,1,1,1,,,,,,,,,,,,
9915,16,96,64,1,0,1,1,1,1,1,0,1,1,1,1,,,,,,,,,,,,
9916,16,96,64,1,0,1,1,1,1,1,1,0,1,1,1,,,,,,,,,,,,
9917,16,96,64,1,0,1,1,1,1,1,1,1,0,1,1,,,,,,,,,,,,
9918,16,96,64,1,0,1,1,1,1,1,1,1,1,0,1,,,,,,,,,,,,
9919,16,96,64,1,0,1,1,1,1,1,1,1,1,1,0,,,,,,,,,,,,
9920,16,96,64,1,1,0,1,1,1,1,1,1,1,1,1,,,,,,,,,,,,
9921,16,96,64,1,1,0,1,1,1,0,1,1,1,1,1,,,,,,,,,,,,
9922,16,96,64,1,1,0,1,1,1,1,0,1,1,1,1,,,,,,,,,,,,
9923,16,96,64,1,1,0,1,1,1,1,1,0,1,1,1,,,,,,,,,,,,
9924,16,96,64,1,1,0,1,1,1,1,1,1,0,1,1,,,,,,,,,,,,
9925,16,96,64,1,1,0,1,1,1,1,1,1,1,0,1,,,,,,,,,,,,
9926,16,96,64,1,1,0,1,1,1,1,1,1,1,1,0,,,,,,,,,,,,
9927,16,96,64,1,1,1,0,1,1,1,1,1,1,1,1,,,,,,,,,,,,
9928,16,96,64,1,1,1,0,1,1,0,1,1,1,1,1,,,,,,,,,,,,
9929,16,96,64,1,1,1,0,1,1,1,0,1,1,1,1,,,,,,,,,,,,
9930,16,96,64,1,1,1,0,1,1,1,1,0,1,1,1,,,,,,,,,,,,
9931,16,96,64,1,1,1,0,1,1,1,1,1,0,1,1,,,,,,,,,,,,
9932,16,96,64,1,1,1,0,1,1,1,1,1,1,0,1,,,,,,,,,,,,
9933,16,96,64,1,1,1,0,1,1,1,1,1,1,1,0,,,,,,,,,,,,
9934,16,96,64,1,1,1,1,0,1,1,1,1,1,1,1,,,,,,,,,,,,
9935,16,96,64,1,1,1,1,0,1,0,1,1,1,1,1,,,,,,,,,,,,
9936,16,96,64,1,1,1,1,0,1,1,0,1,1,1,1,,,,,,,,,,,,
9937,16,96,64,1,1,1,1,0,1,1,1,0,1,1,1,,,,,,,,,,,,
9938,16,96,64,1,1,1,1,0,1,1,1,1,0,1,1,,,,,,,,,,,,
9939,16,96,64,1,1,1,1,0,1,1,1,1,1,0,1,,,,,,,,,,,,
9940,16,96,64,1,1,1,1,0,1,1,1,1,1,1,0,,,,,,,,,,,,
9941,16,96,64,1,1,1,1,1,0,1,1,1,1,1,1,,,,,,,,,,,,
9942,16,96,64,1,1,1,1,1,0,0,1,1,1,1,1,,,,,,,,,,,,
9943,16,96,64,1,1,1,1,1,0,1,0,1,1,1,1,,,,,,,,,,,,
9944,16,96,64,1,1,1,1,1,0,1,1,0,1,1,1,,,,,,,,,,,,
9945,16,96,64,1,1,1,1,1,0,1,1,1,0,1,1,,,,,,,,,,,,
9946,16,96,64,1,1,1,1,1,0,1,1,1,1,0,1,,,,,,,,,,,,
9947,16,96,64,1,1,1,1,1,0,1,1,1,1,1,0,,,,,,,,,,,,
9948,64,64,24,1,1,1,1,1,1,1,1,1,1,1,1,,,,,,,,,,,,
9949,64,64,24,1,1,1,1,1,1,0,1,1,1,1,1,,,,,,,,,,,,
9950,64,64,24,1,1,1,1,1,1,1,0,1,1,1,1,,,,,,,,,,,,
9951,64,64,24,1,1,1,1,1,1,1,1,0,1,1,1,,,,,,,,,,,,
9952,64,64,24,1,1,1,1,1,1,1,1,1,0,1,1,,,,,,,,,,,,
9953,64,64,24,1,1,1,1,1,1,1,1,1,1,0,1,,,,,,,,,,,,
9954,64,64,24,1,1,1,1,1,1,1,1,1,1,1,0,,,,,,,,,,,,
9955,64,64,24,0,1,1,1,1,1,1,1,1,1,1,1,,,,,,,,,,,,
9956,64,64,24,0,1,1,1,1,1,0,1,1,1,1,1,,,,,,,,,,,,
9957,64,64,24,0,1,1,1,1,1,1,0,1,1,1,1,,,,,,,,,,,,
9958,64,64,24,0,1,1,1,1,1,1,1,0,1,1,1,,,,,,,,,,,,
9959,64,64,24,0,1,1,1,1,1,1,1,1,0,1,1,,,,,,,,,,,,
9960,64,64,24,0,1,1,1,1,1,1,1,1,1,0,1,,,,,,,,,,,,
9961,64,64,24,0,1,1,1,1,1,1,1,1,1,1,0,,,,,,,,,,,,
9962,64,64,24,1,0,1,1,1,1,1,1,1,1,1,1,,,,,,,,,,,,
9963,64,64,24,1,0,1,1,1,1,0,1,1,1,1,1,,,,,,,,,,,,
9964,64,64,24,1,0,1,1,1,1,1,0,1,1,1,1,,,,,,,,,,,,
9965,64,64,24,1,0,1,1,1,1,1,1,0,1,1,1,,,,,,,,,,,,
9966,64,64,24,1,0,1,1,1,1,1,1,1,0,1,1,,,,,,,,,,,,
9967,64,64,24,1,0,1,1,1,1,1,1,1,1,0,1,,,,,,,,,,,,
9968,64,64,24,1,0,1,1,1,1,1,1,1,1,1,0,,,,,,,,,,,,
9969,64,64,24,1,1,0,1,1,1,1,1,1,1,1,1,,,,,,,,,,,,
9970,64,64,24,1,1,0,1,1,1,0,1,1,1,1,1,,,,,,,,,,,,
9971,64,64,24,1,1,0,1,1,1,1,0,1,1,1,1,,,,,,,,,,,,
9972,64,64,24,1,1,0,1,1,1,1,1,0,1,1,1,,,,,,,,,,,,
9973,64,64,24,1,1,0,1,1,1,1,1,1,0,1,1,,,,,,,,,,,,
9974,64,64,24,1,1,0,1,1,1,1,1,1,1,0,1,,,,,,,,,,,,
9975,64,64,24,1,1,0,1,1,1,1,1,1,1,1,0,,,,,,,,,,,,
9976,64,64,24,1,1,1,0,1,1,1,1,1,1,1,1,,,,,,,,,,,,
9977,64,64,24,1,1,1,0,1,1,0,1,1,1,1,1,,,,,,,,,,,,
9978,64,64,24,1,1,1,0,1,1,1,0,1,1,1,1,,,,,,,,,,,,
9979,64,64,24,1,1,1,0,1,1,1,1,0,1,1,1,,,,,,,,,,,,
9980,64,64,24,1,1,1,0,1,1,1,1,1,0,1,1,,,,,,,,,,,,
9981,64,64,24,1,1,1,0,1,1,1,1,1,1,0,1,,,,,,,,,,,,
9982,64,64,24,1,1,1,0,1,1,1,1,1,1,1,0,,,,,,,,,,,,
9983,64,64,24,1,1,1,1,0,1,1,1,1,1,1,1,,,,,,,,,,,,
9984,64,64,24,1,1,1,1,0,1,0,1,1,1,1,1,,,,,,,,,,,,
9985,64,64,24,1,1,1,1,0,1,1,0,1,1,1,1,,,,,,,,,,,,
9986,64,64,24,1,1,1,1,0,1,1,1,0,1,1,1,,,,,,,,,,,,
9987,64,64,24,1,1,1,1,0,1,1,1,1,0,1,1,,,,,,,,,,,,
9988,64,64,24,1,1,1,1,0,1,1,1,1,1,0,1,,,,,,,,,,,,
9989,64,64,24,1,1,1,1,0,1,1,1,1,1,1,0,,,,,,,,,,,,
9990,64,64,24,1,1,1,1,1,0,1,1,1,1,1,1,,,,,,,,,,,,
9991,64,64,24,1,1,1,1,1,0,0,1,1,1,1,1,,,,,,,,,,,,
9992,64,64,24,1,1,1,1,1,0,1,0,1,1,1,1,,,,,,,,,,,,
9993,64,64,24,1,1,1,1,1,0,1,1,0,1,1,1,,,,,,,,,,,,
9994,64,64,24,1,1,1,1,1,0,1,1,1,0,1,1,,,,,,,,,,,,
9995,64,64,24,1,1,1,1,1,0,1,1,1,1,0,1,,,,,,,,,,,,
9996,64,64,24,1,1,1,1,1,0,1,1,1,1,1,0,,,,,,,,,,,,
9997,64,16,24,1,1,1,1,1,1,1,1,1,1,1,1,,,,,,,,,,,,
9998,64,16,24,1,1,1,1,1,1,0,1,1,1,1,1,,,,,,,,,,,,
9999,64,16,24,1,1,1,1,1,1,1,0,1,1,1,1,,,,,,,,,,,,
10000,64,16,24,1,1,1,1,1,1,1,1,0,1,1,1,,,,,,,,,,,,
10001,64,16,24,1,1,1,1,1,1,1,1,1,0,1,1,,,,,,,,,,,,
10002,64,16,24,1,1,1,1,1,1,1,1,1,1,0,1,,,,,,,,,,,,
10003,64,16,24,1,1,1,1,1,1,1,1,1,1,1,0,,,,,,,,,,,,
10004,64,16,24,0,1,1,1,1,1,1,1,1,1,1,1,,,,,,,,,,,,
10005,64,16,24,0,1,1,1,1,1,0,1,1,1,1,1,,,,,,,,,,,,
10006,64,16,24,0,1,1,1,1,1,1,0,1,1,1,1,,,,,,,,,,,,
10007,64,16,24,0,1,1,1,1,1,1,1,0,1,1,1,,,,,,,,,,,,
10008,64,16,24,0,1,1,1,1,1,1,1,1,0,1,1,,,,,,,,,,,,
10009,64,16,24,0,1,1,1,1,1,1,1,1,1,0,1,,,,,,,,,,,,
10010,64,16,24,0,1,1,1,1,1,1,1,1,1,1,0,,,,,,,,,,,,
10011,64,16,24,1,0,1,1,1,1,1,1,1,1,1,1,,,,,,,,,,,,
10012,64,16,24,1,0,1,1,1,1,0,1,1,1,1,1,,,,,,,,,,,,
10013,64,16,24,1,0,1,1,1,1,1,0,1,1,1,1,,,,,,,,,,,,
10014,64,16,24,1,0,1,1,1,1,1,1,0,1,1,1,,,,,,,,,,,,
10015,64,16,24,1,0,1,1,1,1,1,1,1,0,1,1,,,,,,,,,,,,
10016,64,16,24,1,0,1,1,1,1,1,1,1,1,0,1,,,,,,,,,,,,
10017,64,16,24,1,0,1,1,1,1,1,1,1,1,1,0,,,,,,,,,,,,
10018,64,16,24,1,1,0,1,1,1,1,1,1,1,1,1,,,,,,,,,,,,
10019,64,16,24,1,1,0,1,1,1,0,1,1,1,1,1,,,,,,,,,,,,
10020,64,16,24,1,1,0,1,1,1,1,0,1,1,1,1,,,,,,,,,,,,
10021,64,16,24,1,1,0,1,1,1,1,1,0,1,1,1,,,,,,,,,,,,
10022,64,16,24,1,1,0,1,1,1,1,1,1,0,1,1,,,,,,,,,,,,
10023,64,16,24,1,1,0,1,1,1,1,1,1,1,0,1,,,,,,,,,,,,
10024,64,16,24,1,1,0,1,1,1,1,1,1,1,1,0,,,,,,,,,,,,
10025,64,16,24,1,1,1,0,1,1,1,1,1,1,1,1,,,,,,,,,,,,
10026,64,16,24,1,1,1,0,1,1,0,1,1,1,1,1,,,,,,,,,,,,
10027,64,16,24,1,1,1,0,1,1,1,0,1,1,1,1,,,,,,,,,,,,
10028,64,16,24,1,1,1,0,1,1,1,1,0,1,1,1,,,,,,,,,,,,
10029,64,16,24,1,1,1,0,1,1,1,1,1,0,1,1,,,,,,,,,,,,
10030,64,16,24,1,1,1,0,1,1,1,1,1,1,0,1,,,,,,,,,,,,
10031,64,16,24,1,1,1,0,1,1,1,1,1,1,1,0,,,,,,,,,,,,
10032,64,16,24,1,1,1,1,0,1,1,1,1,1,1,1,,,,,,,,,,,,
10033,64,16,24,1,1,1,1,0,1,0,1,1,1,1,1,,,,,,,,,,,,
10034,64,16,24,1,1,1,1,0,1,1,0,1,1,1,1,,,,,,,,,,,,
10035,64,16,24,1,1,1,1,0,1,1,1,0,1,1,1,,,,,,,,,,,,
10036,64,16,24,1,1,1,1,0,1,1,1,1,0,1,1,,,,,,,,,,,,
10037,64,16,24,1,1,1,1,0,1,1,1,1,1,0,1,,,,,,,,,,,,
10038,64,16,24,1,1,1,1,0,1,1,1,1,1,1,0,,,,,,,,,,,,
10039,64,16,24,1,1,1,1,1,0,1,1,1,1,1,1,,,,,,,,,,,,
10040,64,16,24,1,1,1,1,1,0,0,1,1,1,1,1,,,,,,,,,,,,
10041,64,16,24,1,1,1,1,1,0,1,0,1,1,1,1,,,,,,,,,,,,
10042,64,16,24,1,1,1,1,1,0,1,1,0,1,1,1,,,,,,,,,,,,
10043,64,16,24,1,1,1,1,1,0,1,1,1,0,1,1,,,,,,,,,,,,
10044,64,16,24,1,1,1,1,1,0,1,1,1,1,0,1,,,,,,,,,,,,
10045,64,16,24,1,1,1,1,1,0,1,1,1,1,1,0,,,,,,,,,,,,
10046,16,16,96,1,1,1,1,1,1,1,1,1,1,1,1,,,,,,,,,,,,
10047,16,16,96,1,1,1,1,1,1,0,1,1,1,1,1,,,,,,,,,,,,
10048,16,16,96,1,1,1,1,1,1,1,0,1,1,1,1,,,,,,,,,,,,
10049,16,16,96,1,1,1,1,1,1,1,1,0,1,1,1,,,,,,,,,,,,
10050,16,16,96,1,1,1,1,1,1,1,1,1,0,1,1,,,,,,,,,,,,
10051,16,16,96,1,1,1,1,1,1,1,1,1,1,0,1,,,,,,,,,,,,
10052,16,16,96,1,1,1,1,1,1,1,1,1,1,1,0,,,,,,,,,,,,
10053,16,16,96,0,1,1,1,1,1,1,1,1,1,1,1,,,,,,,,,,,,
10054,16,16,96,0,1,1,1,1,1,0,1,1,1,1,1,,,,,,,,,,,,
10055,16,16,96,0,1,1,1,1,1,1,0,1,1,1,1,,,,,,,,,,,,
10056,16,16,96,0,1,1,1,1,1,1,1,0,1,1,1,,,,,,,,,,,,
10057,16,16,96,0,1,1,1,1,1,1,1,1,0,1,1,,,,,,,,,,,,
10058,16,16,96,0,1,1,1,1,1,1,1,1,1,0,1,,,,,,,,,,,,
10059,16,16,96,0,1,1,1,1,1,1,1,1,1,1,0,,,,,,,,,,,,
10060,16,16,96,1,0,1,1,1,1,1,1,1,1,1,1,,,,,,,,,,,,
10061,16,16,96,1,0,1,1,1,1,0,1,1,1,1,1,,,,,,,,,,,,
10062,16,16,96,1,0,1,1,1,1,1,0,1,1,1,1,,,,,,,,,,,,
10063,16,16,96,1,0,1,1,1,1,1,1,0,1,1,1,,,,,,,,,,,,
10064,16,16,96,1,0,1,1,1,1,1,1,1,0,1,1,,,,,,,,,,,,
10065,16,16,96,1,0,1,1,1,1,1,1,1,1,0,1,,,,,,,,,,,,
10066,16,16,96,1,0,1,1,1,1,1,1,1,1,1,0,,,,,,,,,,,,
10067,16,16,96,1,1,0,1,1,1,1,1,1,1,1,1,,,,,,,,,,,,
10068,16,16,96,1,1,0,1,1,1,0,1,1,1,1,1,,,,,,,,,,,,
10069,16,16,96,1,1,0,1,1,1,1,0,1,1,1,1,,,,,,,,,,,,
10070,16,16,96,1,1,0,1,1,1,1,1,0,1,1,1,,,,,,,,,,,,
10071,16,16,96,1,1,0,1,1,1,1,1,1,0,1,1,,,,,,,,,,,,
10072,16,16,96,1,1,0,1,1,1,1,1,1,1,0,1,,,,,,,,,,,,
10073,16,16,96,1,1,0,1,1,1,1,1,1,1,1,0,,,,,,,,,,,,
10074,16,16,96,1,1,1,0,1,1,1,1,1,1,1,1,,,,,,,,,,,,
10075,16,16,96,1,1,1,0,1,1,0,1,1,1,1,1,,,,,,,,,,,,
10076,16,16,96,1,1,1,0,1,1,1,0,1,1,1,1,,,,,,,,,,,,
10077,16,16,96,1,1,1,0,1,1,1,1,0,1,1,1,,,,,,,,,,,,
10078,16,16,96,1,1,1,0,1,1,1,1,1,0,1,1,,,,,,,,,,,,
10079,16,16,96,1,1,1,0,1,1,1,1,1,1,0,1,,,,,,,,,,,,
10080,16,16,96,1,1,1,0,1,1,1,1,1,1,1,0,,,,,,,,,,,,
10081,16,16,96,1,1,1,1,0,1,1,1,1,1,1,1,,,,,,,,,,,,
10082,16,16,96,1,1,1,1,0,1,0,1,1,1,1,1,,,,,,,,,,,,
10083,16,16,96,1,1,1,1,0,1,1,0,1,1,1,1,,,,,,,,,,,,
10084,16,16,96,1,1,1,1,0,1,1,1,0,1,1,1,,,,,,,,,,,,
10085,16,16,96,1,1,1,1,0,1,1,1,1,0,1,1,,,,,,,,,,,,
10086,16,16,96,1,1,1,1,0,1,1,1,1,1,0,1,,,,,,,,,,,,
10087,16,16,96,1,1,1,1,0,1,1,1,1,1,1,0,,,,,,,,,,,,
10088,16,16,96,1,1,1,1,1,0,1,1,1,1,1,1,,,,,,,,,,,,
10089,16,16,96,1,1,1,1,1,0,0,1,1,1,1,1,,,,,,,,,,,,
10090,16,16,96,1,1,1,1,1,0,1,0,1,1,1,1,,,,,,,,,,,,
10091,16,16,96,1,1,1,1,1,0,1,1,0,1,1,1,,,,,,,,,,,,
10092,16,16,96,1,1,1,1,1,0,1,1,1,0,1,1,,,,,,,,,,,,
10093,16,16,96,1,1,1,1,1,0,1,1,1,1,0,1,,,,,,,,,,,,
10094,16,16,96,1,1,1,1,1,0,1,1,1,1,1,0,,,,,,,,,,,,
10095,48,48,96,1,1,1,1,1,1,1,1,1,1,1,1,,,,,,,,,,,,
10096,48,48,96,1,1,1,1,1,1,0,1,1,1,1,1,,,,,,,,,,,,
10097,48,48,96,1,1,1,1,1,1,1,0,1,1,1,1,,,,,,,,,,,,
10098,48,48,96,1,1,1,1,1,1,1,1,0,1,1,1,,,,,,,,,,,,
10099,48,48,96,1,1,1,1,1,1,1,1,1,0,1,1,,,,,,,,,,,,
10100,48,48,96,1,1,1,1,1,1,1,1,1,1,0,1,,,,,,,,,,,,
10101,48,48,96,1,1,1,1,1,1,1,1,1,1,1,0,,,,,,,,,,,,
10102,48,48,96,0,1,1,1,1,1,1,1,1,1,1,1,,,,,,,,,,,,
10103,48,48,96,0,1,1,1,1,1,0,1,1,1,1,1,,,,,,,,,,,,
10104,48,48,96,0,1,1,1,1,1,1,0,1,1,1,1,,,,,,,,,,,,
10105,48,48,96,0,1,1,1,1,1,1,1,0,1,1,1,,,,,,,,,,,,
10106,48,48,96,0,1,1,1,1,1,1,1,1,0,1,1,,,,,,,,,,,,
10107,48,48,96,0,1,1,1,1,1,1,1,1,1,0,1,,,,,,,,,,,,
10108,48,48,96,0,1,1,1,1,1,1,1,1,1,1,0,,,,,,,,,,,,
10109,48,48,96,1,0,1,1,1,1,1,1,1,1,1,1,,,,,,,,,,,,
10110,48,48,96,1,0,1,1,1,1,0,1,1,1,1,1,,,,,,,,,,,,
10111,48,48,96,1,0,1,1,1,1,1,0,1,1,1,1,,,,,,,,,,,,
10112,48,48,96,1,0,1,1,1,1,1,1,0,1,1,1,,,,,,,,,,,,
10113,48,48,96,1,0,1,1,1,1,1,1,1,0,1,1,,,,,,,,,,,,
10114,48,48,96,1,0,1,1,1,1,1,1,1,1,0,1,,,,,,,,,,,,
10115,48,48,96,1,0,1,1,1,1,1,1,1,1,1,0,,,,,,,,,,,,
10116,48,48,96,1,1,0,1,1,1,1,1,1,1,1,1,,,,,,,,,,,,
10117,48,48,96,1,1,0,1,1,1,0,1,1,1,1,1,,,,,,,,,,,,
10118,48,48,96,1,1,0,1,1,1,1,0,1,1,1,1,,,,,,,,,,,,
10119,48,48,96,1,1,0,1,1,1,1,1,0,1,1,1,,,,,,,,,,,,
10120,48,48,96,1,1,0,1,1,1,1,1,1,0,1,1,,,,,,,,,,,,
10121,48,48,96,1,1,0,1,1,1,1,1,1,1,0,1,,,,,,,,,,,,
10122,48,48,96,1,1,0,1,1,1,1,1,1,1,1,0,,,,,,,,,,,,
10123,48,48,96,1,1,1,0,1,1,1,1,1,1,1,1,,,,,,,,,,,,
10124,48,48,96,1,1,1,0,1,1,0,1,1,1,1,1,,,,,,,,,,,,
10125,48,48,96,1,1,1,0,1,1,1,0,1,1,1,1,,,,,,,,,,,,
10126,48,48,96,1,1,1,0,1,1,1,1,0,1,1,1,,,,,,,,,,,,
10127,48,48,96,1,1,1,0,1,1,1,1,1,0,1,1,,,,,,,,,,,,
10128,48,48,96,1,1,1,0,1,1,1,1,1,1,0,1,,,,,,,,,,,,
10129,48,48,96,1,1,1,0,1,1,1,1,1,1,1,0,,,,,,,,,,,,
10130,48,48,96,1,1,1,1,0,1,1,1,1,1,1,1,,,,,,,,,,,,
10131,48,48,96,1,1,1,1,0,1,0,1,1,1,1,1,,,,,,,,,,,,
10132,48,48,96,1,1,1,1,0,1,1,0,1,1,1,1,,,,,,,,,,,,
10133,48,48,96,1,1,1,1,0,1,1,1,0,1,1,1,,,,,,,,,,,,
10134,48,48,96,1,1,1,1,0,1,1,1,1,0,1,1,,,,,,,,,,,,
10135,48,48,96,1,1,1,1,0,1,1,1,1,1,0,1,,,,,,,,,,,,
10136,48,48,96,1,1,1,1,0,1,1,1,1,1,1,0,,,,,,,,,,,,
10137,48,48,96,1,1,1,1,1,0,1,1,1,1,1,1,,,,,,,,,,,,
10138,48,48,96,1,1,1,1,1,0,0,1,1,1,1,1,,,,,,,,,,,,
10139,48,48,96,1,1,1,1,1,0,1,0,1,1,1,1,,,,,,,,,,,,
10140,48,48,96,1,1,1,1,1,0,1,1,0,1,1,1,,,,,,,,,,,,
10141,48,48,96,1,1,1,1,1,0,1,1,1,0,1,1,,,,,,,,,,,,
10142,48,48,96,1,1,1,1,1,0,1,1,1,1,0,1,,,,,,,,,,,,
10143,48,48,96,1,1,1,1,1,0,1,1,1,1,1,0,,,,,,,,,,,,
10144,96,48,16,1,1,1,1,1,1,1,1,1,1,1,1,,,,,,,,,,,,
10145,96,48,16,1,1,1,1,1,1,0,1,1,1,1,1,,,,,,,,,,,,
10146,96,48,16,1,1,1,1,1,1,1,0,1,1,1,1,,,,,,,,,,,,
10147,96,48,16,1,1,1,1,1,1,1,1,0,1,1,1,,,,,,,,,,,,
10148,96,48,16,1,1,1,1,1,1,1,1,1,0,1,1,,,,,,,,,,,,
10149,96,48,16,1,1,1,1,1,1,1,1,1,1,0,1,,,,,,,,,,,,
10150,96,48,16,1,1,1,1,1,1,1,1,1,1,1,0,,,,,,,,,,,,
10151,96,48,16,0,1,1,1,1,1,1,1,1,1,1,1,,,,,,,,,,,,
10152,96,48,16,0,1,1,1,1,1,0,1,1,1,1,1,,,,,,,,,,,,
10153,96,48,16,0,1,1,1,1,1,1,0,1,1,1,1,,,,,,,,,,,,
10154,96,48,16,0,1,1,1,1,1,1,1,0,1,1,1,,,,,,,,,,,,
10155,96,48,16,0,1,1,1,1,1,1,1,1,0,1,1,,,,,,,,,,,,
10156,96,48,16,0,1,1,1,1,1,1,1,1,1,0,1,,,,,,,,,,,,
10157,96,48,16,0,1,1,1,1,1,1,1,1,1,1,0,,,,,,,,,,,,
10158,96,48,16,1,0,1,1,1,1,1,1,1,1,1,1,,,,,,,,,,,,
10159,96,48,16,1,0,1,1,1,1,0,1,1,1,1,1,,,,,,,,,,,,
10160,96,48,16,1,0,1,1,1,1,1,0,1,1,1,1,,,,,,,,,,,,
10161,96,48,16,1,0,1,1,1,1,1,1,0,1,1,1,,,,,,,,,,,,
10162,96,48,16,1,0,1,1,1,1,1,1,1,0,1,1,,,,,,,,,,,,
10163,96,48,16,1,0,1,1,1,1,1,1,1,1,0,1,,,,,,,,,,,,
10164,96,48,16,1,0,1,1,1,1,1,1,1,1,1,0,,,,,,,,,,,,
10165,96,48,16,1,1,0,1,1,1,1,1,1,1,1,1,,,,,,,,,,,,
10166,96,48,16,1,1,0,1,1,1,0,1,1,1,1,1,,,,,,,,,,,,
10167,96,48,16,1,1,0,1,1,1,1,0,1,1,1,1,,,,,,,,,,,,
10168,96,48,16,1,1,0,1,1,1,1,1,0,1,1,1,,,,,,,,,,,,
10169,96,48,16,1,1,0,1,1,1,1,1,1,0,1,1,,,,,,,,,,,,
10170,96,48,16,1,1,0,1,1,1,1,1,1,1,0,1,,,,,,,,,,,,
10171,96,48,16,1,1,0,1,1,1,1,1,1,1,1,0,,,,,,,,,,,,
10172,96,48,16,1,1,1,0,1,1,1,1,1,1,1,1,,,,,,,,,,,,
10173,96,48,16,1,1,1,0,1,1,0,1,1,1,1,1,,,,,,,,,,,,
10174,96,48,16,1,1,1,0,1,1,1,0,1,1,1,1,,,,,,,,,,,,
10175,96,48,16,1,1,1,0,1,1,1,1,0,1,1,1,,,,,,,,,,,,
10176,96,48,16,1,1,1,0,1,1,1,1,1,0,1,1,,,,,,,,,,,,
10177,96,48,16,1,1,1,0,1,1,1,1,1,1,0,1,,,,,,,,,,,,
10178,96,48,16,1,1,1,0,1,1,1,1,1,1,1,0,,,,,,,,,,,,
10179,96,48,16,1,1,1,1,0,1,1,1,1,1,1,1,,,,,,,,,,,,
10180,96,48,16,1,1,1,1,0,1,0,1,1,1,1,1,,,,,,,,,,,,
10181,96,48,16,1,1,1,1,0,1,1,0,1,1,1,1,,,,,,,,,,,,
10182,96,48,16,1,1,1,1,0,1,1,1,0,1,1,1,,,,,,,,,,,,
10183,96,48,16,1,1,1,1,0,1,1,1,1,0,1,1,,,,,,,,,,,,
10184,96,48,16,1,1,1,1,0,1,1,1,1,1,0,1,,,,,,,,,,,,
10185,96,48,16,1,1,1,1,0,1,1,1,1,1,1,0,,,,,,,,,,,,
10186,96,48,16,1,1,1,1,1,0,1,1,1,1,1,1,,,,,,,,,,,,
10187,96,48,16,1,1,1,1,1,0,0,1,1,1,1,1,,,,,,,,,,,,
10188,96,48,16,1,1,1,1,1,0,1,0,1,1,1,1,,,,,,,,,,,,
10189,96,48,16,1,1,1,1,1,0,1,1,0,1,1,1,,,,,,,,,,,,
10190,96,48,16,1,1,1,1,1,0,1,1,1,0,1,1,,,,,,,,,,,,
10191,96,48,16,1,1,1,1,1,0,1,1,1,1,0,1,,,,,,,,,,,,
10192,96,48,16,1,1,1,1,1,0,1,1,1,1,1,0,,,,,,,,,,,,
10193,96,16,16,1,1,1,1,1,1,1,1,1,1,1,1,,,,,,,,,,,,
10194,96,16,16,1,1,1,1,1,1,0,1,1,1,1,1,,,,,,,,,,,,
10195,96,16,16,1,1,1,1,1,1,1,0,1,1,1,1,,,,,,,,,,,,
10196,96,16,16,1,1,1,1,1,1,1,1,0,1,1,1,,,,,,,,,,,,
10197,96,16,16,1,1,1,1,1,1,1,1,1,0,1,1,,,,,,,,,,,,
10198,96,16,16,1,1,1,1,1,1,1,1,1,1,0,1,,,,,,,,,,,,
10199,96,16,16,1,1,1,1,1,1,1,1,1,1,1,0,,,,,,,,,,,,
10200,96,16,16,0,1,1,1,1,1,1,1,1,1,1,1,,,,,,,,,,,,
10201,96,16,16,0,1,1,1,1,1,0,1,1,1,1,1,,,,,,,,,,,,
10202,96,16,16,0,1,1,1,1,1,1,0,1,1,1,1,,,,,,,,,,,,
10203,96,16,16,0,1,1,1,1,1,1,1,0,1,1,1,,,,,,,,,,,,
10204,96,16,16,0,1,1,1,1,1,1,1,1,0,1,1,,,,,,,,,,,,
10205,96,16,16,0,1,1,1,1,1,1,1,1,1,0,1,,,,,,,,,,,,
10206,96,16,16,0,1,1,1,1,1,1,1,1,1,1,0,,,,,,,,,,,,
10207,96,16,16,1,0,1,1,1,1,1,1,1,1,1,1,,,,,,,,,,,,
10208,96,16,16,1,0,1,1,1,1,0,1,1,1,1,1,,,,,,,,,,,,
10209,96,16,16,1,0,1,1,1,1,1,0,1,1,1,1,,,,,,,,,,,,
10210,96,16,16,1,0,1,1,1,1,1,1,0,1,1,1,,,,,,,,,,,,
10211,96,16,16,1,0,1,1,1,1,1,1,1,0,1,1,,,,,,,,,,,,
10212,96,16,16,1,0,1,1,1,1,1,1,1,1,0,1,,,,,,,,,,,,
10213,96,16,16,1,0,1,1,1,1,1,1,1,1,1,0,,,,,,,,,,,,
10214,96,16,16,1,1,0,1,1,1,1,1,1,1,1,1,,,,,,,,,,,,
10215,96,16,16,1,1,0,1,1,1,0,1,1,1,1,1,,,,,,,,,,,,
10216,96,16,16,1,1,0,1,1,1,1,0,1,1,1,1,,,,,,,,,,,,
10217,96,16,16,1,1,0,1,1,1,1,1,0,1,1,1,,,,,,,,,,,,
10218,96,16,16,1,1,0,1,1,1,1,1,1,0,1,1,,,,,,,,,,,,
10219,96,16,16,1,1,0,1,1,1,1,1,1,1,0,1,,,,,,,,,,,,
10220,96,16,16,1,1,0,1,1,1,1,1,1,1,1,0,,,,,,,,,,,,
10221,96,16,16,1,1,1,0,1,1,1,1,1,1,1,1,,,,,,,,,,,,
10222,96,16,16,1,1,1,0,1,1,0,1,1,1,1,1,,,,,,,,,,,,
10223,96,16,16,1,1,1,0,1,1,1,0,1,1,1,1,,,,,,,,,,,,
10224,96,16,16,1,1,1,0,1,1,1,1,0,1,1,1,,,,,,,,,,,,
10225,96,16,16,1,1,1,0,1,1,1,1,1,0,1,1,,,,,,,,,,,,
10226,96,16,16,1,1,1,0,1,1,1,1,1,1,0,1,,,,,,,,,,,,
10227,96,16,16,1,1,1,0,1,1,1,1,1,1,1,0,,,,,,,,,,,,
10228,96,16,16,1,1,1,1,0,1,1,1,1,1,1,1,,,,,,,,,,,,
10229,96,16,16,1,1,1,1,0,1,0,1,1,1,1,1,,,,,,,,,,,,
10230,96,16,16,1,1,1,1,0,1,1,0,1,1,1,1,,,,,,,,,,,,
10231,96,16,16,1,1,1,1,0,1,1,1,0,1,1,1,,,,,,,,,,,,
10232,96,16,16,1,1,1,1,0,1,1,1,1,0,1,1,,,,,,,,,,,,
10233,96,16,16,1,1,1,1,0,1,1,1,1,1,0,1,,,,,,,,,,,,
10234,96,16,16,1,1,1,1,0,1,1,1,1,1,1,0,,,,,,,,,,,,
10235,96,16,16,1,1,1,1,1,0,1,1,1,1,1,1,,,,,,,,,,,,
10236,96,16,16,1,1,1,1,1,0,0,1,1,1,1,1,,,,,,,,,,,,
10237,96,16,16,1,1,1,1,1,0,1,0,1,1,1,1,,,,,,,,,,,,
10238,96,16,16,1,1,1,1,1,0,1,1,0,1,1,1,,,,,,,,,,,,
10239,96,16,16,1,1,1,1,1,0,1,1,1,0,1,1,,,,,,,,,,,,
10240,96,16,16,1,1,1,1,1,0,1,1,1,1,0,1,,,,,,,,,,,,
10241,96,16,16,1,1,1,1,1,0,1,1,1,1,1,0,,,,,,,,,,,,
10242,48,24,96,1,1,1,1,1,1,1,1,1,1,1,1,,,,,,,,,,,,
10243,48,24,96,1,1,1,1,1,1,0,1,1,1,1,1,,,,,,,,,,,,
10244,48,24,96,1,1,1,1,1,1,1,0,1,1,1,1,,,,,,,,,,,,
10245,48,24,96,1,1,1,1,1,1,1,1,0,1,1,1,,,,,,,,,,,,
10246,48,24,96,1,1,1,1,1,1,1,1,1,0,1,1,,,,,,,,,,,,
10247,48,24,96,1,1,1,1,1,1,1,1,1,1,0,1,,,,,,,,,,,,
10248,48,24,96,1,1,1,1,1,1,1,1,1,1,1,0,,,,,,,,,,,,
10249,48,24,96,0,1,1,1,1,1,1,1,1,1,1,1,,,,,,,,,,,,
10250,48,24,96,0,1,1,1,1,1,0,1,1,1,1,1,,,,,,,,,,,,
10251,48,24,96,0,1,1,1,1,1,1,0,1,1,1,1,,,,,,,,,,,,
10252,48,24,96,0,1,1,1,1,1,1,1,0,1,1,1,,,,,,,,,,,,
10253,48,24,96,0,1,1,1,1,1,1,1,1,0,1,1,,,,,,,,,,,,
10254,48,24,96,0,1,1,1,1,1,1,1,1,1,0,1,,,,,,,,,,,,
10255,48,24,96,0,1,1,1,1,1,1,1,1,1,1,0,,,,,,,,,,,,
10256,48,24,96,1,0,1,1,1,1,1,1,1,1,1,1,,,,,,,,,,,,
10257,48,24,96,1,0,1,1,1,1,0,1,1,1,1,1,,,,,,,,,,,,
10258,48,24,96,1,0,1,1,1,1,1,0,1,1,1,1,,,,,,,,,,,,
10259,48,24,96,1,0,1,1,1,1,1,1,0,1,1,1,,,,,,,,,,,,
10260,48,24,96,1,0,1,1,1,1,1,1,1,0,1,1,,,,,,,,,,,,
10261,48,24,96,1,0,1,1,1,1,1,1,1,1,0,1,,,,,,,,,,,,
10262,48,24,96,1,0,1,1,1,1,1,1,1,1,1,0,,,,,,,,,,,,
10263,48,24,96,1,1,0,1,1,1,1,1,1,1,1,1,,,,,,,,,,,,
10264,48,24,96,1,1,0,1,1,1,0,1,1,1,1,1,,,,,,,,,,,,
10265,48,24,96,1,1,0,1,1,1,1,0,1,1,1,1,,,,,,,,,,,,
10266,48,24,96,1,1,0,1,1,1,1,1,0,1,1,1,,,,,,,,,,,,
10267,48,24,96,1,1,0,1,1,1,1,1,1,0,1,1,,,,,,,,,,,,
10268,48,24,96,1,1,0,1,1,1,1,1,1,1,0,1,,,,,,,,,,,,
10269,48,24,96,1,1,0,1,1,1,1,1,1,1,1,0,,,,,,,,,,,,
10270,48,24,96,1,1,1,0,1,1,1,1,1,1,1,1,,,,,,,,,,,,
10271,48,24,96,1,1,1,0,1,1,0,1,1,1,1,1,,,,,,,,,,,,
10272,48,24,96,1,1,1,0,1,1,1,0,1,1,1,1,,,,,,,,,,,,
10273,48,24,96,1,1,1,0,1,1,1,1,0,1,1,1,,,,,,,,,,,,
10274,48,24,96,1,1,1,0,1,1,1,1,1,0,1,1,,,,,,,,,,,,
10275,48,24,96,1,1,1,0,1,1,1,1,1,1,0,1,,,,,,,,,,,,
10276,48,24,96,1,1,1,0,1,1,1,1,1,1,1,0,,,,,,,,,,,,
10277,48,24,96,1,1,1,1,0,1,1,1,1,1,1,1,,,,,,,,,,,,
10278,48,24,96,1,1,1,1,0,1,0,1,1,1,1,1,,,,,,,,,,,,
10279,48,24,96,1,1,1,1,0,1,1,0,1,1,1,1,,,,,,,,,,,,
10280,48,24,96,1,1,1,1,0,1,1,1,0,1,1,1,,,,,,,,,,,,
10281,48,24,96,1,1,1,1,0,1,1,1,1,0,1,1,,,,,,,,,,,,
10282,48,24,96,1,1,1,1,0,1,1,1,1,1,0,1,,,,,,,,,,,,
10283,48,24,96,1,1,1,1,0,1,1,1,1,1,1,0,,,,,,,,,,,,
10284,48,24,96,1,1,1,1,1,0,1,1,1,1,1,1,,,,,,,,,,,,
10285,48,24,96,1,1,1,1,1,0,0,1,1,1,1,1,,,,,,,,,,,,
10286,48,24,96,1,1,1,1,1,0,1,0,1,1,1,1,,,,,,,,,,,,
10287,48,24,96,1,1,1,1,1,0,1,1,0,1,1,1,,,,,,,,,,,,
10288,48,24,96,1,1,1,1,1,0,1,1,1,0,1,1,,,,,,,,,,,,
10289,48,24,96,1,1,1,1,1,0,1,1,1,1,0,1,,,,,,,,,,,,
10290,48,24,96,1,1,1,1,1,0,1,1,1,1,1,0,,,,,,,,,,,,
10291,16,48,64,1,1,1,1,1,1,1,1,1,1,1,1,,,,,,,,,,,,
10292,16,48,64,1,1,1,1,1,1,0,1,1,1,1,1,,,,,,,,,,,,
10293,16,48,64,1,1,1,1,1,1,1,0,1,1,1,1,,,,,,,,,,,,
10294,16,48,64,1,1,1,1,1,1,1,1,0,1,1,1,,,,,,,,,,,,
10295,16,48,64,1,1,1,1,1,1,1,1,1,0,1,1,,,,,,,,,,,,
10296,16,48,64,1,1,1,1,1,1,1,1,1,1,0,1,,,,,,,,,,,,
10297,16,48,64,1,1,1,1,1,1,1,1,1,1,1,0,,,,,,,,,,,,
10298,16,48,64,0,1,1,1,1,1,1,1,1,1,1,1,,,,,,,,,,,,
10299,16,48,64,0,1,1,1,1,1,0,1,1,1,1,1,,,,,,,,,,,,
10300,16,48,64,0,1,1,1,1,1,1,0,1,1,1,1,,,,,,,,,,,,
10301,16,48,64,0,1,1,1,1,1,1,1,0,1,1,1,,,,,,,,,,,,
10302,16,48,64,0,1,1,1,1,1,1,1,1,0,1,1,,,,,,,,,,,,
10303,16,48,64,0,1,1,1,1,1,1,1,1,1,0,1,,,,,,,,,,,,
10304,16,48,64,0,1,1,1,1,1,1,1,1,1,1,0,,,,,,,,,,,,
10305,16,48,64,1,0,1,1,1,1,1,1,1,1,1,1,,,,,,,,,,,,
10306,16,48,64,1,0,1,1,1,1,0,1,1,1,1,1,,,,,,,,,,,,
10307,16,48,64,1,0,1,1,1,1,1,0,1,1,1,1,,,,,,,,,,,,
10308,16,48,64,1,0,1,1,1,1,1,1,0,1,1,1,,,,,,,,,,,,
10309,16,48,64,1,0,1,1,1,1,1,1,1,0,1,1,,,,,,,,,,,,
10310,16,48,64,1,0,1,1,1,1,1,1,1,1,0,1,,,,,,,,,,,,
10311,16,48,64,1,0,1,1,1,1,1,1,1,1,1,0,,,,,,,,,,,,
10312,16,48,64,1,1,0,1,1,1,1,1,1,1,1,1,,,,,,,,,,,,
10313,16,48,64,1,1,0,1,1,1,0,1,1,1,1,1,,,,,,,,,,,,
10314,16,48,64,1,1,0,1,1,1,1,0,1,1,1,1,,,,,,,,,,,,
10315,16,48,64,1,1,0,1,1,1,1,1,0,1,1,1,,,,,,,,,,,,
10316,16,48,64,1,1,0,1,1,1,1,1,1,0,1,1,,,,,,,,,,,,
10317,16,48,64,1,1,0,1,1,1,1,1,1,1,0,1,,,,,,,,,,,,
10318,16,48,64,1,1,0,1,1,1,1,1,1,1,1,0,,,,,,,,,,,,
10319,16,48,64,1,1,1,0,1,1,1,1,1,1,1,1,,,,,,,,,,,,
10320,16,48,64,1,1,1,0,1,1,0,1,1,1,1,1,,,,,,,,,,,,
10321,16,48,64,1,1,1,0,1,1,1,0,1,1,1,1,,,,,,,,,,,,
10322,16,48,64,1,1,1,0,1,1,1,1,0,1,1,1,,,,,,,,,,,,
10323,16,48,64,1,1,1,0,1,1,1,1,1,0,1,1,,,,,,,,,,,,
10324,16,48,64,1,1,1,0,1,1,1,1,1,1,0,1,,,,,,,,,,,,
10325,16,48,64,1,1,1,0,1,1,1,1,1,1,1,0,,,,,,,,,,,,
10326,16,48,64,1,1,1,1,0,1,1,1,1,1,1,1,,,,,,,,,,,,
10327,16,48,64,1,1,1,1,0,1,0,1,1,1,1,1,,,,,,,,,,,,
10328,16,48,64,1,1,1,1,0,1,1,0,1,1,1,1,,,,,,,,,,,,
10329,16,48,64,1,1,1,1,0,1,1,1,0,1,1,1,,,,,,,,,,,,
10330,16,48,64,1,1,1,1,0,1,1,1,1,0,1,1,,,,,,,,,,,,
10331,16,48,64,1,1,1,1,0,1,1,1,1,1,0,1,,,,,,,,,,,,
10332,16,48,64,1,1,1,1,0,1,1,1,1,1,1,0,,,,,,,,,,,,
10333,16,48,64,1,1,1,1,1,0,1,1,1,1,1,1,,,,,,,,,,,,
10334,16,48,64,1,1,1,1,1,0,0,1,1,1,1,1,,,,,,,,,,,,
10335,16,48,64,1,1,1,1,1,0,1,0,1,1,1,1,,,,,,,,,,,,
10336,16,48,64,1,1,1,1,1,0,1,1,0,1,1,1,,,,,,,,,,,,
10337,16,48,64,1,1,1,1,1,0,1,1,1,0,1,1,,,,,,,,,,,,
10338,16,48,64,1,1,1,1,1,0,1,1,1,1,0,1,,,,,,,,,,,,
10339,16,48,64,1,1,1,1,1,0,1,1,1,1,1,0,,,,,,,,,,,,
10340,48,16,48,1,1,1,1,1,1,1,1,1,1,1,1,,,,,,,,,,,,
10341,48,16,48,1,1,1,1,1,1,0,1,1,1,1,1,,,,,,,,,,,,
10342,48,16,48,1,1,1,1,1,1,1,0,1,1,1,1,,,,,,,,,,,,
10343,48,16,48,1,1,1,1,1,1,1,1,0,1,1,1,,,,,,,,,,,,
10344,48,16,48,1,1,1,1,1,1,1,1,1,0,1,1,,,,,,,,,,,,
10345,48,16,48,1,1,1,1,1,1,1,1,1,1,0,1,,,,,,,,,,,,
10346,48,16,48,1,1,1,1,1,1,1,1,1,1,1,0,,,,,,,,,,,,
10347,48,16,48,0,1,1,1,1,1,1,1,1,1,1,1,,,,,,,,,,,,
10348,48,16,48,0,1,1,1,1,1,0,1,1,1,1,1,,,,,,,,,,,,
10349,48,16,48,0,1,1,1,1,1,1,0,1,1,1,1,,,,,,,,,,,,
10350,48,16,48,0,1,1,1,1,1,1,1,0,1,1,1,,,,,,,,,,,,
10351,48,16,48,0,1,1,1,1,1,1,1,1,0,1,1,,,,,,,,,,,,
10352,48,16,48,0,1,1,1,1,1,1,1,1,1,0,1,,,,,,,,,,,,
10353,48,16,48,0,1,1,1,1,1,1,1,1,1,1,0,,,,,,,,,,,,
10354,48,16,48,1,0,1,1,1,1,1,1,1,1,1,1,,,,,,,,,,,,
10355,48,16,48,1,0,1,1,1,1,0,1,1,1,1,1,,,,,,,,,,,,
10356,48,16,48,1,0,1,1,1,1,1,0,1,1,1,1,,,,,,,,,,,,
10357,48,16,48,1,0,1,1,1,1,1,1,0,1,1,1,,,,,,,,,,,,
10358,48,16,48,1,0,1,1,1,1,1,1,1,0,1,1,,,,,,,,,,,,
10359,48,16,48,1,0,1,1,1,1,1,1,1,1,0,1,,,,,,,,,,,,
10360,48,16,48,1,0,1,1,1,1,1,1,1,1,1,0,,,,,,,,,,,,
10361,48,16,48,1,1,0,1,1,1,1,1,1,1,1,1,,,,,,,,,,,,
10362,48,16,48,1,1,0,1,1,1,0,1,1,1,1,1,,,,,,,,,,,,
10363,48,16,48,1,1,0,1,1,1,1,0,1,1,1,1,,,,,,,,,,,,
10364,48,16,48,1,1,0,1,1,1,1,1,0,1,1,1,,,,,,,,,,,,
10365,48,16,48,1,1,0,1,1,1,1,1,1,0,1,1,,,,,,,,,,,,
10366,48,16,48,1,1,0,1,1,1,1,1,1,1,0,1,,,,,,,,,,,,
10367,48,16,48,1,1,0,1,1,1,1,1,1,1,1,0,,,,,,,,,,,,
10368,48,16,48,1,1,1,0,1,1,1,1,1,1,1,1,,,,,,,,,,,,
10369,48,16,48,1,1,1,0,1,1,0,1,1,1,1,1,,,,,,,,,,,,
10370,48,16,48,1,1,1,0,1,1,1,0,1,1,1,1,,,,,,,,,,,,
10371,48,16,48,1,1,1,0,1,1,1,1,0,1,1,1,,,,,,,,,,,,
10372,48,16,48,1,1,1,0,1,1,1,1,1,0,1,1,,,,,,,,,,,,
10373,48,16,48,1,1,1,0,1,1,1,1,1,1,0,1,,,,,,,,,,,,
10374,48,16,48,1,1,1,0,1,1,1,1,1,1,1,0,,,,,,,,,,,,
10375,48,16,48,1,1,1,1,0,1,1,1,1,1,1,1,,,,,,,,,,,,
10376,48,16,48,1,1,1,1,0,1,0,1,1,1,1,1,,,,,,,,,,,,
10377,48,16,48,1,1,1,1,0,1,1,0,1,1,1,1,,,,,,,,,,,,
10378,48,16,48,1,1,1,1,0,1,1,1,0,1,1,1,,,,,,,,,,,,
10379,48,16,48,1,1,1,1,0,1,1,1,1,0,1,1,,,,,,,,,,,,
10380,48,16,48,1,1,1,1,0,1,1,1,1,1,0,1,,,,,,,,,,,,
10381,48,16,48,1,1,1,1,0,1,1,1,1,1,1,0,,,,,,,,,,,,
10382,48,16,48,1,1,1,1,1,0,1,1,1,1,1,1,,,,,,,,,,,,
10383,48,16,48,1,1,1,1,1,0,0,1,1,1,1,1,,,,,,,,,,,,
10384,48,16,48,1,1,1,1,1,0,1,0,1,1,1,1,,,,,,,,,,,,
10385,48,16,48,1,1,1,1,1,0,1,1,0,1,1,1,,,,,,,,,,,,
10386,48,16,48,1,1,1,1,1,0,1,1,1,0,1,1,,,,,,,,,,,,
10387,48,16,48,1,1,1,1,1,0,1,1,1,1,0,1,,,,,,,,,,,,
10388,48,16,48,1,1,1,1,1,0,1,1,1,1,1,0,,,,,,,,,,,,
10389,16,24,16,1,1,1,1,1,1,1,1,1,1,1,1,,,,,,,,,,,,
10390,16,24,16,1,1,1,1,1,1,0,1,1,1,1,1,,,,,,,,,,,,
10391,16,24,16,1,1,1,1,1,1,1,0,1,1,1,1,,,,,,,,,,,,
10392,16,24,16,1,1,1,1,1,1,1,1,0,1,1,1,,,,,,,,,,,,
10393,16,24,16,1,1,1,1,1,1,1,1,1,0,1,1,,,,,,,,,,,,
10394,16,24,16,1,1,1,1,1,1,1,1,1,1,0,1,,,,,,,,,,,,
10395,16,24,16,1,1,1,1,1,1,1,1,1,1,1,0,,,,,,,,,,,,
10396,16,24,16,0,1,1,1,1,1,1,1,1,1,1,1,,,,,,,,,,,,
10397,16,24,16,0,1,1,1,1,1,0,1,1,1,1,1,,,,,,,,,,,,
10398,16,24,16,0,1,1,1,1,1,1,0,1,1,1,1,,,,,,,,,,,,
10399,16,24,16,0,1,1,1,1,1,1,1,0,1,1,1,,,,,,,,,,,,
10400,16,24,16,0,1,1,1,1,1,1,1,1,0,1,1,,,,,,,,,,,,
10401,16,24,16,0,1,1,1,1,1,1,1,1,1,0,1,,,,,,,,,,,,
10402,16,24,16,0,1,1,1,1,1,1,1,1,1,1,0,,,,,,,,,,,,
10403,16,24,16,1,0,1,1,1,1,1,1,1,1,1,1,,,,,,,,,,,,
10404,16,24,16,1,0,1,1,1,1,0,1,1,1,1,1,,,,,,,,,,,,
10405,16,24,16,1,0,1,1,1,1,1,0,1,1,1,1,,,,,,,,,,,,
10406,16,24,16,1,0,1,1,1,1,1,1,0,1,1,1,,,,,,,,,,,,
10407,16,24,16,1,0,1,1,1,1,1,1,1,0,1,1,,,,,,,,,,,,
10408,16,24,16,1,0,1,1,1,1,1,1,1,1,0,1,,,,,,,,,,,,
10409,16,24,16,1,0,1,1,1,1,1,1,1,1,1,0,,,,,,,,,,,,
10410,16,24,16,1,1,0,1,1,1,1,1,1,1,1,1,,,,,,,,,,,,
10411,16,24,16,1,1,0,1,1,1,0,1,1,1,1,1,,,,,,,,,,,,
10412,16,24,16,1,1,0,1,1,1,1,0,1,1,1,1,,,,,,,,,,,,
10413,16,24,16,1,1,0,1,1,1,1,1,0,1,1,1,,,,,,,,,,,,
10414,16,24,16,1,1,0,1,1,1,1,1,1,0,1,1,,,,,,,,,,,,
10415,16,24,16,1,1,0,1,1,1,1,1,1,1,0,1,,,,,,,,,,,,
10416,16,24,16,1,1,0,1,1,1,1,1,1,1,1,0,,,,,,,,,,,,
10417,16,24,16,1,1,1,0,1,1,1,1,1,1,1,1,,,,,,,,,,,,
10418,16,24,16,1,1,1,0,1,1,0,1,1,1,1,1,,,,,,,,,,,,
10419,16,24,16,1,1,1,0,1,1,1,0,1,1,1,1,,,,,,,,,,,,
10420,16,24,16,1,1,1,0,1,1,1,1,0,1,1,1,,,,,,,,,,,,
10421,16,24,16,1,1,1,0,1,1,1,1,1,0,1,1,,,,,,,,,,,,
10422,16,24,16,1,1,1,0,1,1,1,1,1,1,0,1,,,,,,,,,,,,
10423,16,24,16,1,1,1,0,1,1,1,1,1,1,1,0,,,,,,,,,,,,
10424,16,24,16,1,1,1,1,0,1,1,1,1,1,1,1,,,,,,,,,,,,
10425,16,24,16,1,1,1,1,0,1,0,1,1,1,1,1,,,,,,,,,,,,
10426,16,24,16,1,1,1,1,0,1,1,0,1,1,1,1,,,,,,,,,,,,
10427,16,24,16,1,1,1,1,0,1,1,1,0,1,1,1,,,,,,,,,,,,
10428,16,24,16,1,1,1,1,0,1,1,1,1,0,1,1,,,,,,,,,,,,
10429,16,24,16,1,1,1,1,0,1,1,1,1,1,0,1,,,,,,,,,,,,
10430,16,24,16,1,1,1,1,0,1,1,1,1,1,1,0,,,,,,,,,,,,
10431,16,24,16,1,1,1,1,1,0,1,1,1,1,1,1,,,,,,,,,,,,
10432,16,24,16,1,1,1,1,1,0,0,1,1,1,1,1,,,,,,,,,,,,
10433,16,24,16,1,1,1,1,1,0,1,0,1,1,1,1,,,,,,,,,,,,
10434,16,24,16,1,1,1,1,1,0,1,1,0,1,1,1,,,,,,,,,,,,
10435,16,24,16,1,1,1,1,1,0,1,1,1,0,1,1,,,,,,,,,,,,
10436,16,24,16,1,1,1,1,1,0,1,1,1,1,0,1,,,,,,,,,,,,
10437,16,24,16,1,1,1,1,1,0,1,1,1,1,1,0,,,,,,,,,,,,
10438,64,48,64,1,1,1,1,1,1,1,1,1,1,1,1,,,,,,,,,,,,
10439,64,48,64,1,1,1,1,1,1,0,1,1,1,1,1,,,,,,,,,,,,
10440,64,48,64,1,1,1,1,1,1,1,0,1,1,1,1,,,,,,,,,,,,
10441,64,48,64,1,1,1,1,1,1,1,1,0,1,1,1,,,,,,,,,,,,
10442,64,48,64,1,1,1,1,1,1,1,1,1,0,1,1,,,,,,,,,,,,
10443,64,48,64,1,1,1,1,1,1,1,1,1,1,0,1,,,,,,,,,,,,
10444,64,48,64,1,1,1,1,1,1,1,1,1,1,1,0,,,,,,,,,,,,
10445,64,48,64,0,1,1,1,1,1,1,1,1,1,1,1,,,,,,,,,,,,
10446,64,48,64,0,1,1,1,1,1,0,1,1,1,1,1,,,,,,,,,,,,
10447,64,48,64,0,1,1,1,1,1,1,0,1,1,1,1,,,,,,,,,,,,
10448,64,48,64,0,1,1,1,1,1,1,1,0,1,1,1,,,,,,,,,,,,
10449,64,48,64,0,1,1,1,1,1,1,1,1,0,1,1,,,,,,,,,,,,
10450,64,48,64,0,1,1,1,1,1,1,1,1,1,0,1,,,,,,,,,,,,
10451,64,48,64,0,1,1,1,1,1,1,1,1,1,1,0,,,,,,,,,,,,
10452,64,48,64,1,0,1,1,1,1,1,1,1,1,1,1,,,,,,,,,,,,
10453,64,48,64,1,0,1,1,1,1,0,1,1,1,1,1,,,,,,,,,,,,
10454,64,48,64,1,0,1,1,1,1,1,0,1,1,1,1,,,,,,,,,,,,
10455,64,48,64,1,0,1,1,1,1,1,1,0,1,1,1,,,,,,,,,,,,
10456,64,48,64,1,0,1,1,1,1,1,1,1,0,1,1,,,,,,,,,,,,
10457,64,48,64,1,0,1,1,1,1,1,1,1,1,0,1,,,,,,,,,,,,
10458,64,48,64,1,0,1,1,1,1,1,1,1,1,1,0,,,,,,,,,,,,
10459,64,48,64,1,1,0,1,1,1,1,1,1,1,1,1,,,,,,,,,,,,
10460,64,48,64,1,1,0,1,1,1,0,1,1,1,1,1,,,,,,,,,,,,
10461,64,48,64,1,1,0,1,1,1,1,0,1,1,1,1,,,,,,,,,,,,
10462,64,48,64,1,1,0,1,1,1,1,1,0,1,1,1,,,,,,,,,,,,
10463,64,48,64,1,1,0,1,1,1,1,1,1,0,1,1,,,,,,,,,,,,
10464,64,48,64,1,1,0,1,1,1,1,1,1,1,0,1,,,,,,,,,,,,
10465,64,48,64,1,1,0,1,1,1,1,1,1,1,1,0,,,,,,,,,,,,
10466,64,48,64,1,1,1,0,1,1,1,1,1,1,1,1,,,,,,,,,,,,
10467,64,48,64,1,1,1,0,1,1,0,1,1,1,1,1,,,,,,,,,,,,
10468,64,48,64,1,1,1,0,1,1,1,0,1,1,1,1,,,,,,,,,,,,
10469,64,48,64,1,1,1,0,1,1,1,1,0,1,1,1,,,,,,,,,,,,
10470,64,48,64,1,1,1,0,1,1,1,1,1,0,1,1,,,,,,,,,,,,
10471,64,48,64,1,1,1,0,1,1,1,1,1,1,0,1,,,,,,,,,,,,
10472,64,48,64,1,1,1,0,1,1,1,1,1,1,1,0,,,,,,,,,,,,
10473,64,48,64,1,1,1,1,0,1,1,1,1,1,1,1,,,,,,,,,,,,
10474,64,48,64,1,1,1,1,0,1,0,1,1,1,1,1,,,,,,,,,,,,
10475,64,48,64,1,1,1,1,0,1,1,0,1,1,1,1,,,,,,,,,,,,
10476,64,48,64,1,1,1,1,0,1,1,1,0,1,1,1,,,,,,,,,,,,
10477,64,48,64,1,1,1,1,0,1,1,1,1,0,1,1,,,,,,,,,,,,
10478,64,48,64,1,1,1,1,0,1,1,1,1,1,0,1,,,,,,,,,,,,
10479,64,48,64,1,1,1,1,0,1,1,1,1,1,1,0,,,,,,,,,,,,
10480,64,48,64,1,1,1,1,1,0,1,1,1,1,1,1,,,,,,,,,,,,
10481,64,48,64,1,1,1,1,1,0,0,1,1,1,1,1,,,,,,,,,,,,
10482,64,48,64,1,1,1,1,1,0,1,0,1,1,1,1,,,,,,,,,,,,
10483,64,48,64,1,1,1,1,1,0,1,1,0,1,1,1,,,,,,,,,,,,
10484,64,48,64,1,1,1,1,1,0,1,1,1,0,1,1,,,,,,,,,,,,
10485,64,48,64,1,1,1,1,1,0,1,1,1,1,0,1,,,,,,,,,,,,
10486,64,48,64,1,1,1,1,1,0,1,1,1,1,1,0,,,,,,,,,,,,
10487,24,64,48,1,1,1,1,1,1,1,1,1,1,1,1,,,,,,,,,,,,
10488,24,64,48,1,1,1,1,1,1,0,1,1,1,1,1,,,,,,,,,,,,
10489,24,64,48,1,1,1,1,1,1,1,0,1,1,1,1,,,,,,,,,,,,
10490,24,64,48,1,1,1,1,1,1,1,1,0,1,1,1,,,,,,,,,,,,
10491,24,64,48,1,1,1,1,1,1,1,1,1,0,1,1,,,,,,,,,,,,
10492,24,64,48,1,1,1,1,1,1,1,1,1,1,0,1,,,,,,,,,,,,
10493,24,64,48,1,1,1,1,1,1,1,1,1,1,1,0,,,,,,,,,,,,
10494,24,64,48,0,1,1,1,1,1,1,1,1,1,1,1,,,,,,,,,,,,
10495,24,64,48,0,1,1,1,1,1,0,1,1,1,1,1,,,,,,,,,,,,
10496,24,64,48,0,1,1,1,1,1,1,0,1,1,1,1,,,,,,,,,,,,
10497,24,64,48,0,1,1,1,1,1,1,1,0,1,1,1,,,,,,,,,,,,
10498,24,64,48,0,1,1,1,1,1,1,1,1,0,1,1,,,,,,,,,,,,
10499,24,64,48,0,1,1,1,1,1,1,1,1,1,0,1,,,,,,,,,,,,
10500,24,64,48,0,1,1,1,1,1,1,1,1,1,1,0,,,,,,,,,,,,
10501,24,64,48,1,0,1,1,1,1,1,1,1,1,1,1,,,,,,,,,,,,
10502,24,64,48,1,0,1,1,1,1,0,1,1,1,1,1,,,,,,,,,,,,
10503,24,64,48,1,0,1,1,1,1,1,0,1,1,1,1,,,,,,,,,,,,
10504,24,64,48,1,0,1,1,1,1,1,1,0,1,1,1,,,,,,,,,,,,
10505,24,64,48,1,0,1,1,1,1,1,1,1,0,1,1,,,,,,,,,,,,
10506,24,64,48,1,0,1,1,1,1,1,1,1,1,0,1,,,,,,,,,,,,
10507,24,64,48,1,0,1,1,1,1,1,1,1,1,1,0,,,,,,,,,,,,
10508,24,64,48,1,1,0,1,1,1,1,1,1,1,1,1,,,,,,,,,,,,
10509,24,64,48,1,1,0,1,1,1,0,1,1,1,1,1,,,,,,,,,,,,
10510,24,64,48,1,1,0,1,1,1,1,0,1,1,1,1,,,,,,,,,,,,
10511,24,64,48,1,1,0,1,1,1,1,1,0,1,1,1,,,,,,,,,,,,
10512,24,64,48,1,1,0,1,1,1,1,1,1,0,1,1,,,,,,,,,,,,
10513,24,64,48,1,1,0,1,1,1,1,1,1,1,0,1,,,,,,,,,,,,
10514,24,64,48,1,1,0,1,1,1,1,1,1,1,1,0,,,,,,,,,,,,
10515,24,64,48,1,1,1,0,1,1,1,1,1,1,1,1,,,,,,,,,,,,
10516,24,64,48,1,1,1,0,1,1,0,1,1,1,1,1,,,,,,,,,,,,
10517,24,64,48,1,1,1,0,1,1,1,0,1,1,1,1,,,,,,,,,,,,
10518,24,64,48,1,1,1,0,1,1,1,1,0,1,1,1,,,,,,,,,,,,
10519,24,64,48,1,1,1,0,1,1,1,1,1,0,1,1,,,,,,,,,,,,
10520,24,64,48,1,1,1,0,1,1,1,1,1,1,0,1,,,,,,,,,,,,
10521,24,64,48,1,1,1,0,1,1,1,1,1,1,1,0,,,,,,,,,,,,
10522,24,64,48,1,1,1,1,0,1,1,1,1,1,1,1,,,,,,,,,,,,
10523,24,64,48,1,1,1,1,0,1,0,1,1,1,1,1,,,,,,,,,,,,
10524,24,64,48,1,1,1,1,0,1,1,0,1,1,1,1,,,,,,,,,,,,
10525,24,64,48,1,1,1,1,0,1,1,1,0,1,1,1,,,,,,,,,,,,
10526,24,64,48,1,1,1,1,0,1,1,1,1,0,1,1,,,,,,,,,,,,
10527,24,64,48,1,1,1,1,0,1,1,1,1,1,0,1,,,,,,,,,,,,
10528,24,64,48,1,1,1,1,0,1,1,1,1,1,1,0,,,,,,,,,,,,
10529,24,64,48,1,1,1,1,1,0,1,1,1,1,1,1,,,,,,,,,,,,
10530,24,64,48,1,1,1,1,1,0,0,1,1,1,1,1,,,,,,,,,,,,
10531,24,64,48,1,1,1,1,1,0,1,0,1,1,1,1,,,,,,,,,,,,
10532,24,64,48,1,1,1,1,1,0,1,1,0,1,1,1,,,,,,,,,,,,
10533,24,64,48,1,1,1,1,1,0,1,1,1,0,1,1,,,,,,,,,,,,
10534,24,64,48,1,1,1,1,1,0,1,1,1,1,0,1,,,,,,,,,,,,
10535,24,64,48,1,1,1,1,1,0,1,1,1,1,1,0,,,,,,,,,,,,
10536,48,48,16,1,1,1,1,1,1,1,1,1,1,1,1,,,,,,,,,,,,
10537,48,48,16,1,1,1,1,1,1,0,1,1,1,1,1,,,,,,,,,,,,
10538,48,48,16,1,1,1,1,1,1,1,0,1,1,1,1,,,,,,,,,,,,
10539,48,48,16,1,1,1,1,1,1,1,1,0,1,1,1,,,,,,,,,,,,
10540,48,48,16,1,1,1,1,1,1,1,1,1,0,1,1,,,,,,,,,,,,
10541,48,48,16,1,1,1,1,1,1,1,1,1,1,0,1,,,,,,,,,,,,
10542,48,48,16,1,1,1,1,1,1,1,1,1,1,1,0,,,,,,,,,,,,
10543,48,48,16,0,1,1,1,1,1,1,1,1,1,1,1,,,,,,,,,,,,
10544,48,48,16,0,1,1,1,1,1,0,1,1,1,1,1,,,,,,,,,,,,
10545,48,48,16,0,1,1,1,1,1,1,0,1,1,1,1,,,,,,,,,,,,
10546,48,48,16,0,1,1,1,1,1,1,1,0,1,1,1,,,,,,,,,,,,
10547,48,48,16,0,1,1,1,1,1,1,1,1,0,1,1,,,,,,,,,,,,
10548,48,48,16,0,1,1,1,1,1,1,1,1,1,0,1,,,,,,,,,,,,
10549,48,48,16,0,1,1,1,1,1,1,1,1,1,1,0,,,,,,,,,,,,
10550,48,48,16,1,0,1,1,1,1,1,1,1,1,1,1,,,,,,,,,,,,
10551,48,48,16,1,0,1,1,1,1,0,1,1,1,1,1,,,,,,,,,,,,
10552,48,48,16,1,0,1,1,1,1,1,0,1,1,1,1,,,,,,,,,,,,
10553,48,48,16,1,0,1,1,1,1,1,1,0,1,1,1,,,,,,,,,,,,
10554,48,48,16,1,0,1,1,1,1,1,1,1,0,1,1,,,,,,,,,,,,
10555,48,48,16,1,0,1,1,1,1,1,1,1,1,0,1,,,,,,,,,,,,
10556,48,48,16,1,0,1,1,1,1,1,1,1,1,1,0,,,,,,,,,,,,
10557,48,48,16,1,1,0,1,1,1,1,1,1,1,1,1,,,,,,,,,,,,
10558,48,48,16,1,1,0,1,1,1,0,1,1,1,1,1,,,,,,,,,,,,
10559,48,48,16,1,1,0,1,1,1,1,0,1,1,1,1,,,,,,,,,,,,
10560,48,48,16,1,1,0,1,1,1,1,1,0,1,1,1,,,,,,,,,,,,
10561,48,48,16,1,1,0,1,1,1,1,1,1,0,1,1,,,,,,,,,,,,
10562,48,48,16,1,1,0,1,1,1,1,1,1,1,0,1,,,,,,,,,,,,
10563,48,48,16,1,1,0,1,1,1,1,1,1,1,1,0,,,,,,,,,,,,
10564,48,48,16,1,1,1,0,1,1,1,1,1,1,1,1,,,,,,,,,,,,
10565,48,48,16,1,1,1,0,1,1,0,1,1,1,1,1,,,,,,,,,,,,
10566,48,48,16,1,1,1,0,1,1,1,0,1,1,1,1,,,,,,,,,,,,
10567,48,48,16,1,1,1,0,1,1,1,1,0,1,1,1,,,,,,,,,,,,
10568,48,48,16,1,1,1,0,1,1,1,1,1,0,1,1,,,,,,,,,,,,
10569,48,48,16,1,1,1,0,1,1,1,1,1,1,0,1,,,,,,,,,,,,
10570,48,48,16,1,1,1,0,1,1,1,1,1,1,1,0,,,,,,,,,,,,
10571,48,48,16,1,1,1,1,0,1,1,1,1,1,1,1,,,,,,,,,,,,
10572,48,48,16,1,1,1,1,0,1,0,1,1,1,1,1,,,,,,,,,,,,
10573,48,48,16,1,1,1,1,0,1,1,0,1,1,1,1,,,,,,,,,,,,
10574,48,48,16,1,1,1,1,0,1,1,1,0,1,1,1,,,,,,,,,,,,
10575,48,48,16,1,1,1,1,0,1,1,1,1,0,1,1,,,,,,,,,,,,
10576,48,48,16,1,1,1,1,0,1,1,1,1,1,0,1,,,,,,,,,,,,
10577,48,48,16,1,1,1,1,0,1,1,1,1,1,1,0,,,,,,,,,,,,
10578,48,48,16,1,1,1,1,1,0,1,1,1,1,1,1,,,,,,,,,,,,
10579,48,48,16,1,1,1,1,1,0,0,1,1,1,1,1,,,,,,,,,,,,
10580,48,48,16,1,1,1,1,1,0,1,0,1,1,1,1,,,,,,,,,,,,
10581,48,48,16,1,1,1,1,1,0,1,1,0,1,1,1,,,,,,,,,,,,
10582,48,48,16,1,1,1,1,1,0,1,1,1,0,1,1,,,,,,,,,,,,
10583,48,48,16,1,1,1,1,1,0,1,1,1,1,0,1,,,,,,,,,,,,
10584,48,48,16,1,1,1,1,1,0,1,1,1,1,1,0,,,,,,,,,,,,
