run_id,R_a,R_b,R_c,DG1_PWM1,DG1_PWM2,DG1_PWM3,DG1_PWM4,DG1_PWM5,DG1_PWM6,DG2_PWM1,DG2_PWM2,DG2_PWM3,DG2_PWM4,DG2_PWM5,DG2_PWM6,V1_a,V1_b,V1_c,I1_a,I1_b,I1_c,V2_a,V2_b,V2_c,I2_a,I2_b,I2_c,I1mean_a,I1mean_b,I1mean_c,I2mean_a,I2mean_b,I2mean_c,V1f_a,V1f_b,V1f_c,I1f_a,I1f_b,I1f_c,V2f_a,V2f_b,V2f_c,I2f_a,I2f_b,I2f_c,V1ang_a,V1ang_b,V1ang_c,I1ang_a,I1ang_b,I1ang_c,V2ang_a,V2ang_b,V2ang_c,I2ang_a,I2ang_b,I2ang_c,f1,f2,P1,P2,Q1,Q2,wall_s,ok
4705,24,64,96,1,1,1,1,1,1,1,1,1,1,1,1,205.7890632,211.8464049,282.3509177,5.274826408,2.308197863,2.152621929,206.4943668,211.9532573,282.6181351,4.585433177,2.405131492,2.575923712,0.007135811442,-0.01259971133,0.005524004448,-0.006955806083,0.01242872817,-0.005406348897,205.7855934,211.8462118,282.3530783,5.27441605,2.307363096,2.15187233,206.4909007,211.9530826,282.6202925,4.58500428,2.404373877,2.57532326,0,-144.8140983,108.4628269,-1.261023193,-155.5682049,114.2436905,0.0752511312,-144.7502483,108.4750923,1.131927105,-134.5937159,103.5486932,49.98914329,49.98914076,2174.120705,2168.935658,-73.16894901,-172.7562775,45.2894996,1
4706,24,64,96,1,1,1,1,1,1,0,1,1,1,1,1,205.7066299,211.0568264,283.0821994,8.776469385,9.396077071,6.146225396,206.4555773,209.5048112,284.5816176,3.755846931,8.134213118,8.739101008,1.477738591,-7.227486771,5.749792668,-1.466088791,7.245454097,-5.779320592,205.702513,211.0561824,283.0816463,8.537399557,5.845516828,1.773146087,206.4500238,209.4904695,284.5686089,3.162268139,3.433379451,6.434094184,0,-144.6332301,108.5886185,17.71622452,179.3647081,-89.74822607,-0.3956652602,-144.5455892,108.8261314,-56.86592674,-52.50567822,103.6579565,49.98905119,49.98904893,2192.205219,2187.668313,-74.53155758,-172.3410631,8.3199956,1
4707,24,64,96,1,1,1,1,1,1,1,0,1,1,1,1,205.7058163,211.0657562,283.0753213,8.78110894,9.378743052,6.123582195,206.4540375,209.5102332,284.5791123,3.750923426,8.109728783,8.727721262,-1.473362102,7.194904901,-5.72148424,1.461924074,-7.213149971,5.751286618,205.7017315,211.0650974,283.0748054,8.544346123,5.857311134,1.780485214,206.4484813,209.4959531,284.5661923,3.16206381,3.443229139,6.442460284,0,-144.6352629,108.5858103,17.72733694,179.3308977,-89.5681864,-0.396813861,-144.547124,108.8236952,-56.99648872,-52.38952101,103.6892418,49.98905279,49.98904688,2192.814151,2187.015998,-74.25692244,-172.6985859,8.2528206,1
4708,24,64,96,1,1,1,1,1,1,1,1,0,1,1,1,206.1167895,211.9869923,282.1149571,5.00188715,4.553221812,6.952188287,207.9558101,212.6010794,281.1821394,8.573820626,3.084617842,6.302454808,4.16966782,1.343147026,-5.512787407,-4.2012134,-1.331551666,5.532805566,206.112843,211.9855671,282.1162532,2.658728856,4.217639476,4.150475178,207.9453526,212.5994516,281.1755047,7.436461669,2.569292914,2.897327612,0,-144.9993553,108.5341473,19.55993157,-111.8852728,70.90333324,0.2395353279,-145.2571082,108.6346487,-6.968034421,150.5744765,169.4840192,49.98905816,49.98905826,2190.831477,2185.800888,-79.22198331,-177.5609909,7.9390677,1
4709,24,64,96,1,1,1,1,1,1,1,1,1,0,1,1,206.1228915,211.9803278,282.1152001,5.000711596,4.550580287,6.952013529,207.9653685,212.5960138,281.1844851,8.583004119,3.089736784,6.3063311,-4.170606687,-1.345979633,5.516645386,4.202145255,1.334213572,-5.536287823,206.1189524,211.9789265,282.1165054,2.652141342,4.214177245,4.146461065,207.9549334,212.5943688,281.1778508,7.445577899,2.574349091,2.900446661,0,-145.0009204,108.5362204,19.699359,-111.8104641,70.85378214,0.2394298841,-145.2586341,108.6370744,-6.989482072,150.66313,169.3964415,49.98906045,49.989056,2190.479811,2186.083127,-79.03656684,-177.6882064,8.3036987,1
4710,24,64,96,1,1,1,1,1,1,1,1,1,1,0,1,205.4885738,212.2642898,282.2243203,9.638892531,5.036548659,5.158116396,204.8126107,212.9409333,283.0924557,7.564671804,7.43367406,3.996030274,-6.015355952,4.646364546,1.369050909,6.041313135,-4.675313452,-1.36593357,205.484848,212.2619109,282.2259072,7.433960336,1.772925315,4.82886809,204.7987921,212.9279128,283.0931036,4.390126487,5.724107609,3.561907899,0,-144.705702,108.2909794,-25.05071799,96.16393883,151.9619044,0.1908242565,-144.2865694,108.0335427,45.3343479,-128.9266739,38.26699113,49.98908912,49.98909548,2184.379101,2178.498852,-80.83152178,-179.3165911,7.4615751,1
4711,24,64,96,1,1,1,1,1,1,1,1,1,1,1,0,205.4889198,212.2701316,282.2215721,9.623538128,5.006202436,5.154412989,204.8141331,212.9445883,283.0905572,7.544496015,7.409057536,3.995324162,5.99269024,-4.615203498,-1.377427345,-6.018353499,4.643743514,1.374665689,205.4851919,212.2677474,282.2231654,7.43197607,1.770099625,4.823566935,204.8003609,212.9317071,283.0911871,4.386043998,5.718200736,3.559336021,0,-144.7069155,108.2896534,-25.01186542,96.3459788,151.9551268,0.1899760414,-144.2882924,108.0325474,45.2870407,-128.9084333,38.34029461,49.98909048,49.98909475,2184.552845,2178.316299,-80.96540608,-179.2827615,7.7958103,1
4712,24,64,96,0,1,1,1,1,1,1,1,1,1,1,1,205.7189425,209.0530807,284.5509985,4.004881208,8.550780168,8.954991749,206.5649711,210.9035711,283.381979,8.627904233,9.692877354,6.594410029,-1.608006673,7.842494642,-6.234404668,1.608118011,-7.805105278,6.197061952,205.7130274,209.0356351,284.5350663,3.341508125,3.037781011,6.219539597,206.5608224,210.9028213,283.3812142,8.34299936,5.537179676,1.567948405,0,-144.0338042,109.2157351,-54.14263179,-53.27800555,103.7882366,0.5767187194,-144.0459565,109.0160647,18.9526799,-177.3550752,-92.3408843,49.9890317,49.98904151,2196.273535,2189.001961,-67.96407778,-169.5308399,8.6199672,1
4713,24,64,96,0,1,1,1,1,1,0,1,1,1,1,1,221.7671075,374.5306308,333.9570347,19.5590799,18.05319015,22.37094988,220.9608062,374.440132,333.2953252,17.83106816,16.55402139,21.29160251,-5.044671358,7.278097921,-2.219815053,0.04973133151,-1.4686235,1.431487959,157.4037048,247.0383008,299.5659415,6.409861144,3.341150192,7.15647466,156.811274,247.5055228,299.263324,2.225229852,3.771010472,4.176288138,0,-131.5434056,94.17462154,-16.13855813,-88.09393979,128.7255509,0.04294498783,-131.7287539,93.79888881,52.10601314,-169.3331992,-8.326899624,49.96837208,49.99390709,4048.449187,3507.429459,-465.565339,-358.9820063,7.2872507,1
4714,24,64,96,0,1,1,1,1,1,1,0,1,1,1,1,206.5755609,205.0915265,287.0432205,7.751473338,36.3128597,30.96090238,207.4273238,205.2552791,287.168815,7.720467158,36.26368519,30.96078579,-4.933018444,34.04041505,-29.10718696,4.910697757,-34.00294386,29.09245401,206.4251024,204.9219671,286.8931383,4.951969435,2.319330043,2.283875366,207.2687922,205.0841602,287.0336891,4.937661252,2.170380724,2.501463675,0,-143.5255384,110.2538205,0.02706371265,-146.7781216,107.807209,0.09561191457,-143.4956778,110.2770866,-0.3048880341,-140.175366,112.4051393,49.98747849,49.98748104,2507.158892,2501.75654,-7.279085095,-109.3645563,7.3751322,1
4715,24,64,96,0,1,1,1,1,1,1,1,0,1,1,1,204.133251,209.2038436,286.236615,14.28657587,40.20277365,41.27124783,208.9944833,209.711684,283.1693841,19.65821261,39.60106517,41.04323164,-0.5550032482,27.91342163,-27.36010991,0.482699577,-27.76770793,27.28370815,203.9875335,208.26755,285.5495897,5.969920223,8.902556495,9.192375646,208.7867312,209.6378956,282.984919,14.67788794,6.812955227,8.952782117,0,-143.3735707,109.2341882,135.3457603,-95.060543,37.28331588,0.5220303481,-144.174278,109.7054136,-16.54622151,115.183064,-172.9551122,49.98534912,49.98799146,2828.631957,2321.746488,55.08069489,-201.5944105,7.5348513,1
4716,24,64,96,0,1,1,1,1,1,1,1,1,0,1,1,207.8468692,206.8594562,286.0906573,14.30591234,5.714415212,15.13168898,210.1855376,207.6383021,285.1788775,16.30977619,4.256615486,15.01682576,-12.05668281,-0.6549910186,12.71181765,12.1766488,0.6527708801,-12.82928497,207.1311051,206.3786275,285.837401,2.620565005,4.711853728,4.247947321,209.2587072,206.9889654,284.8390231,7.912213946,2.770105611,3.401071506,0,-144.1188893,110.0738444,34.16976907,-109.4677416,66.13428154,0.2249557567,-144.4502132,110.2144028,-10.8063203,139.3081674,170.1515784,49.9892188,49.98827349,2153.236643,2343.693309,-66.06182831,-149.0594911,8.0516458,1
4717,24,64,96,0,1,1,1,1,1,1,1,1,1,0,1,203.0912458,211.599669,284.4577461,50.96012818,54.41927336,26.22267548,206.0982629,217.2728141,279.2734437,52.83714379,54.83155995,23.69329714,-35.67047575,36.84393347,-1.172482001,35.80896162,-36.9212241,1.113116829,203.0157561,211.1271532,284.0146252,7.029645562,11.44737131,15.82177541,204.6987422,215.6573071,278.9745881,14.99005016,12.33817483,11.40477302,0,-143.361107,108.3808125,-125.9940553,-53.90651927,91.29838563,1.368204076,-144.0285508,107.8382132,22.48943587,148.2728626,-95.52458986,49.98497547,49.98453011,2925.960985,3033.013205,-16.79374496,-3.566964927,12.6642404,1
4718,24,64,96,0,1,1,1,1,1,1,1,1,1,1,0,205.1118454,209.274295,284.8631507,3.876973372,13.0543834,13.49867825,206.1029986,211.0252394,283.6010921,8.819782954,13.71927923,12.08715802,-1.632066797,10.09286887,-8.460739551,1.617702579,-10.02925178,8.411596258,205.0951775,209.177352,284.7763673,2.979027767,3.136444012,6.067718392,206.0934728,211.0132535,283.5846089,8.470862198,5.418457721,1.534435707,0,-143.7940163,109.0894646,-54.98257441,-56.93050811,100.7814965,0.5768685863,-143.8318316,108.9191082,16.75456439,-179.1682533,-105.2507245,49.98891446,49.98890301,2221.325525,2215.291517,-64.89128924,-172.3282429,17.7114543,1
4719,24,64,96,1,0,1,1,1,1,1,1,1,1,1,1,205.7193079,209.0591661,284.5460951,4.009888485,8.52140497,8.918817641,206.5642976,210.9054758,283.3784047,8.618472414,9.673168341,6.552880367,1.620408436,-7.807624231,6.187263239,-1.62007897,7.769949518,-6.149810553,205.7132909,209.0416755,284.5302837,3.342909622,3.03342127,6.207506887,206.5601207,210.9047067,283.377706,8.33149172,5.545361331,1.550587256,0,-144.0356273,109.2145689,-53.94364012,-53.03914797,103.9843192,0.5757224563,-144.0479052,109.0152657,18.93816705,-177.2451681,-91.70708281,49.98904616,49.9890274,2194.102959,2191.196838,-68.596392,-168.8915857,25.3231431,1
4720,24,64,96,1,0,1,1,1,1,0,1,1,1,1,1,206.5878776,205.1064105,287.0318476,7.749906743,36.22330861,30.87092289,207.4384492,205.2663681,287.1489844,7.719273747,36.17350462,30.86860871,4.934486556,-33.96105402,29.02656367,-4.91189895,33.92317567,-29.01128954,206.4494643,204.9378929,286.874281,4.9524852,2.324922783,2.299794211,207.2936495,205.0962342,287.0046567,4.938340516,2.163208726,2.485175674,0,-143.5311655,110.2585759,0.05905667912,-146.3408001,107.8219484,0.09527311738,-143.504301,110.2819887,-0.3370200934,-140.6399515,112.4305648,49.98750878,49.9874761,2502.868362,2501.640941,-8.411364839,-109.0002461,15.2606015,1
4721,24,64,96,1,0,1,1,1,1,1,0,1,1,1,1,219.1282141,374.6947245,332.3709689,13.21272051,17.17171496,18.48563993,221.1161428,375.0891432,333.1558937,14.47985551,17.11762007,18.74449633,1.075773079,-5.846985847,4.769627712,3.905158168,0.04695461421,-3.953849391,155.2836551,247.4568166,298.1749175,2.589151097,2.158159731,2.746315929,156.5201786,248.945994,299.2254301,5.031100363,6.408927126,4.984162515,0,-131.4848416,93.86862101,17.02039976,-24.07626497,167.9797728,0.1598674836,-131.4015894,93.86425754,-8.812252106,-150.2470016,61.81116349,49.9869379,49.97539027,2814.095209,4725.057538,-239.5976997,-589.6439301,15.1656778,1
4722,24,64,96,1,0,1,1,1,1,1,1,0,1,1,1,206.6059669,210.3366282,283.1717912,9.653347112,5.007155005,10.71395515,208.7356425,210.9488343,282.1478591,12.3000093,3.180929799,10.37013545,7.534343275,0.8019757096,-8.336591604,-7.589456632,-0.7973275595,8.386506163,206.5625141,210.3106413,283.1565778,2.452828157,4.748032302,4.485901126,208.6346865,210.9123932,282.0827181,7.92168969,2.752941663,3.448318811,0,-144.8036111,109.0304714,31.32746492,-110.8043639,65.06667288,0.2352529489,-145.1279152,109.1655735,-9.34772417,139.2591053,173.5897194,49.98894598,49.98895084,2211.612486,2206.012164,-69.71792326,-174.9237856,16.0407032,1
4723,24,64,96,1,0,1,1,1,1,1,1,1,0,1,1,202.0321197,208.8123126,288.2962306,25.94110714,61.37239375,63.70941871,209.6452224,207.6907476,283.0894755,30.63243146,60.45711327,63.54109486,-0.05927274913,-41.43196097,41.49145665,0.1789237295,41.2120872,-41.39080573,201.6939958,206.7025179,286.8186507,11.96441177,14.22636171,14.75488116,209.0752305,207.5169862,282.5929649,20.00096643,11.25497118,15.06474687,0,-142.3429344,109.2854861,134.0748106,-101.2544556,25.050541,0.561810192,-143.8076607,110.2179861,-25.35916544,94.29079277,-173.2279437,49.9829742,49.98319787,3391.641077,3321.310249,186.230155,-34.067979,15.6720169,1
4724,24,64,96,1,0,1,1,1,1,1,1,1,1,0,1,205.3050872,209.0923847,284.8043368,3.913798347,11.23047068,11.58613901,206.2402248,210.8935032,283.6107625,8.746705113,12.05167946,9.910587106,1.587306342,-9.377161176,7.789991697,-1.577804101,9.32219157,-7.744254252,205.2941418,209.0324496,284.7515688,3.116193498,3.07572939,6.099023156,206.2336947,210.8869263,283.6019522,8.425880547,5.461941042,1.514555699,0,-143.8522383,109.1517399,-54.76823254,-55.26037086,101.9464406,0.5749939761,-143.874924,108.969597,17.59586938,-178.1704765,-100.6785104,49.98893733,49.98900838,2214.991572,2194.367789,-62.36392683,-173.8280422,16.0345387,1
4725,24,64,96,1,0,1,1,1,1,1,1,1,1,1,0,203.1004695,211.581714,284.4252044,51.63558312,54.73109061,25.7384547,206.3970463,217.5577637,279.2082165,53.61218461,55.2115225,23.17776312,36.00018659,-36.6995975,0.6995299029,-36.13406275,36.77662719,-0.6424437251,203.0258478,211.0982969,283.9802153,7.235687317,12.1359714,15.6379443,204.9922961,215.9091564,278.9265066,15.52313034,13.252169,11.18491279,0,-143.3802542,108.4088883,-131.6731085,-50.29837971,92.52122366,1.395415049,-144.071662,107.8676864,20.56843896,150.2491987,-93.9511045,49.98521286,49.9841395,2861.062542,3139.486913,-22.47120003,8.18282548,16.2812634,1
4726,24,64,96,1,1,0,1,1,1,1,1,1,1,1,1,206.9621905,212.2320632,281.3700632,8.478607663,3.112017521,5.728647647,206.6679947,212.0412315,282.5859158,4.55995299,4.727994098,6.388002452,-3.65733719,-1.170650867,4.828037095,3.615955901,1.184858256,-4.800770839,206.9554608,212.2305906,281.3633741,7.614512963,2.75847097,3.008940216,206.6644876,212.0389976,282.5867193,2.681910963,4.499935771,4.159924542,0,-145.4119782,108.5172841,-9.471032256,144.9245247,169.1780986,-0.02758450645,-145.0658466,108.4305269,27.00204514,-110.2557896,69.30472478,49.98906911,49.98906493,2189.446939,2183.690134,-76.28846396,-176.6747089,16.2839228,1
4727,24,64,96,1,1,0,1,1,1,0,1,1,1,1,1,206.9124828,210.8872226,282.8419447,11.55037783,20.55562178,19.98207209,206.2085688,209.6222485,284.7449972,5.08027285,20.50707456,20.61811041,1.194777062,-15.13667551,13.9390395,-1.217434345,15.1883358,-13.9740875,206.877858,210.8621485,282.8133325,10.35988234,5.202853883,3.459436258,206.171504,209.363715,284.5750796,0.4781754155,4.75691107,5.902610825,0,-144.9891187,108.8457532,0.3247482591,157.3404772,-160.2485894,-0.4056337744,-144.7074688,108.8293602,-165.9678222,-77.40850446,72.92301685,49.98919976,49.98777906,2167.105578,2367.829703,-113.4049098,-119.3676313,17.7323274,1
4728,24,64,96,1,1,0,1,1,1,1,0,1,1,1,1,208.8269704,208.7307303,283.9844732,16.3371954,3.668717083,14.49337513,208.0016249,208.491958,285.0650133,14.16179319,5.588135258,14.55621856,-9.609197975,-0.6312643073,10.23928788,9.480921385,0.6447007265,-10.12673231,208.1976471,208.3395056,283.6972132,8.163365283,2.916965869,3.74685142,207.6211476,208.2088958,284.958444,2.699395325,5.127650973,4.431945901,0,-145.0176502,109.6938637,-13.0548509,131.4349062,171.2810922,0.01042787933,-144.5914342,109.5611186,42.09450088,-110.5018111,61.49119509,49.98866891,49.9888845,2265.698416,2207.019503,-71.53372331,-149.3166009,15.5459249,1
4729,24,64,96,1,1,0,1,1,1,1,1,0,1,1,1,250.8305957,185.6473359,459.6741017,28.82910777,16.32371168,25.02360445,255.9683593,193.1506765,461.2745133,29.44700251,18.24301552,23.68616327,-25.60180166,6.021971191,19.58004047,23.12314984,-8.252648271,-14.87053085,215.7207093,117.9847338,345.3160423,10.26676369,8.229143175,11.12783922,222.1333605,121.9825644,351.0660681,16.75498451,10.37022489,15.45613701,0,-123.9835022,130.0315623,108.1874359,16.3332693,-100.7631117,0.05918350396,-123.5400468,130.152221,-35.61558344,-154.3696376,96.13419342,49.98125382,49.97936917,3865.173283,3989.349718,1262.485501,-246.5330773,14.6215712,1
4730,24,64,96,1,1,0,1,1,1,1,1,1,0,1,1,208.0198894,214.212224,279.311612,17.09151081,4.711932222,20.21211092,208.8730482,214.4461231,279.3854923,17.09623284,4.715887151,20.17685405,-15.92621089,-3.474134375,19.40033545,15.90088162,3.482215197,-19.38308986,207.984827,214.1678385,279.2830236,4.931294389,2.345048023,2.406909824,208.8175998,214.3971731,279.3642797,5.034438602,2.339981952,2.250294164,0,-146.3485447,108.2601801,-1.259561238,-146.4913615,106.2507131,0.1110689585,-146.3224127,108.2720467,0.9681011161,-146.3283843,110.3096127,49.9885566,49.98854938,2289.907076,2288.415373,-78.00478207,-176.05015,19.8342114,1
4731,24,64,96,1,1,0,1,1,1,1,1,1,1,0,1,209.5283979,210.3487954,281.9817213,47.60604299,18.49503115,46.73366973,206.6475992,214.3398176,281.0284568,47.44132151,21.31113289,45.74668583,-31.13501151,-0.3743760474,31.50969409,30.94739526,0.3965575598,-31.343664,208.6363271,209.9847185,280.8414264,11.49693223,9.410803714,11.74666159,206.4584234,213.8250234,280.9069692,12.67338234,14.02235353,8.284079715,0,-145.7433274,109.3981226,-71.99375238,30.39359356,142.8923733,1.102212385,-144.7726166,108.5432899,59.76645192,-148.2164811,-18.72315352,49.98538336,49.98592623,2908.069262,2774.675773,61.75398243,-122.3320696,14.9988053,1
4732,24,64,96,1,1,0,1,1,1,1,1,1,1,1,0,205.4868285,212.3113097,282.189536,9.69662874,5.142950489,5.171666465,204.8037944,212.9960791,283.0646676,7.639274709,7.528720631,4.005701502,6.090050892,-4.7489716,-1.341006765,-6.116540354,4.778263132,1.338355114,205.4830202,212.3088638,282.1911441,7.44241023,1.791993294,4.851536443,204.7896853,212.9824643,283.0653593,4.405380695,5.758562967,3.583782541,0,-144.7157873,108.2786654,-25.19954647,95.24698511,152.1153366,0.1917286793,-144.2939997,108.0191394,45.52409763,-129.0052099,38.00503145,49.98908735,49.98909334,2184.564683,2179.10896,-80.64383752,-180.0333325,16.4465756,1
4733,24,64,96,1,1,1,0,1,1,1,1,1,1,1,1,206.9728574,212.2278605,281.3664131,8.493815953,3.108925119,5.749885211,206.6773337,212.0350673,282.5844954,4.581162912,4.731787254,6.409519828,3.683472078,1.163550471,-4.84697279,-3.641802777,-1.17812471,4.819982126,206.9660601,212.2263157,281.3596223,7.617569244,2.758930044,3.01427232,206.6738341,212.0328042,282.5852836,2.679345076,4.506359785,4.167818242,0,-145.4159141,108.5196923,-9.464514249,144.7830092,169.3157992,-0.02857446907,-145.0698123,108.4327992,27.01993047,-110.2749095,69.25138493,49.98906592,49.98906673,2189.115806,2184.238959,-76.17091759,-176.7760801,15.3605629,1
4734,24,64,96,1,1,1,0,1,1,0,1,1,1,1,1,210.5513013,206.9123348,286.2391157,19.79625115,4.683801753,18.20235693,209.6007145,206.4666458,286.9172054,18.19096935,6.033905783,18.11488664,12.69902513,0.9714891482,-13.67164943,-12.51275679,-0.9914985792,13.50318618,208.6837026,205.583067,285.5428159,7.498854255,2.648515409,3.103776216,208.3199334,205.4738068,286.5662901,3.200828209,4.645687482,3.750302038,0,-144.5824492,110.4470793,-13.59712514,139.1454888,162.1916786,0.04824172927,-144.2015874,110.348893,32.74190539,-110.8707727,69.76300857,49.98821593,49.98878968,2405.851636,2183.512409,-40.44606962,-149.6432696,15.3940604,1
4735,24,64,96,1,1,1,0,1,1,1,0,1,1,1,1,208.1419529,207.6893504,283.7619557,29.60029253,58.74769977,61.57805657,202.4589608,209.0720596,289.0967692,24.63352327,59.52706625,61.69652798,-0.1293462606,40.0771271,-39.94760361,0.2138190475,-40.21419453,40.00053325,207.664596,207.4903214,283.3084701,19.72648138,11.22261235,14.49210974,202.1204349,206.9141944,287.7856771,11.52599293,14.02684838,14.30920405,0,-144.759273,109.5766329,-25.12489131,96.03941547,-172.492191,-0.3778924457,-143.2653671,108.7280699,133.9363074,-100.2375451,26.50047755,49.9836461,49.98326038,3229.279351,3326.382947,58.29288864,72.92930406,15.2287578,1
4736,24,64,96,1,1,1,0,1,1,1,1,0,1,1,1,208.0234564,214.197361,279.3111373,17.09892842,4.711977453,20.22289175,208.8744612,214.4319653,279.3865249,17.10809331,4.715876337,20.18613128,15.93822445,3.473858404,-19.41201779,-15.91288512,-3.482054473,19.39500331,207.9885939,214.1528414,279.2824583,4.924120376,2.344887228,2.413638846,208.8189129,214.3829725,279.3652155,5.042109,2.33982274,2.24432596,0,-146.3488843,108.2628938,-1.37048228,-146.4964091,106.019635,0.110671079,-146.3225328,108.274084,1.072515916,-146.3238219,110.5745144,49.98854831,49.98855335,2292.493366,2286.882112,-77.50262743,-176.3781413,15.1021222,1
4737,24,64,96,1,1,1,0,1,1,1,1,1,0,1,1,250.6708005,185.075065,459.6049514,28.92777607,16.3919313,25.04750854,255.9335471,192.588555,461.1970328,29.6811822,18.26635242,23.74130986,25.57371657,-5.921875031,-19.65164888,-23.09280666,8.151342226,14.94158097,215.6608837,118.0237362,345.2156881,10.46246141,8.160425267,10.98474766,222.1976632,122.0146306,350.9439577,17.07395927,10.27572564,15.41147379,0,-123.9751684,130.0220843,109.7220109,15.16012707,-99.07057742,0.07270930898,-123.5620583,130.1619729,-35.23683694,-155.2240599,97.44386259,49.9805834,49.9800989,3895.285831,3965.57185,1272.307279,-250.3708159,14.739095,1
4738,24,64,96,1,1,1,0,1,1,1,1,1,1,0,1,205.4905461,212.3052685,282.1923222,9.690379231,5.117672411,5.168903285,204.8047864,212.9841906,283.0656248,7.612965035,7.501095181,4.002806165,-6.066117016,4.720886205,1.345299316,6.092791942,-4.750341668,-1.34236731,205.4867444,212.3028384,282.193941,7.454326879,1.790966269,4.848448633,204.7907186,212.9706862,283.06627,4.393855256,5.744946887,3.580359642,0,-144.7159402,108.2806451,-25.13693716,95.82692371,152.0893453,0.1910676248,-144.2945316,108.021482,45.63379425,-128.8833334,38.03719493,49.98908186,49.98909882,2185.115077,2178.640015,-80.90156588,-179.7312143,14.4119573,1
4739,24,64,96,1,1,1,0,1,1,1,1,1,1,1,0,208.7132603,211.0415456,281.5184568,39.58024685,15.00917604,38.79286266,206.578761,214.2832998,281.3812455,39.42476539,17.88496962,37.95098792,26.30942455,0.1649594874,-26.47306094,-26.14587388,-0.1846074127,26.33176387,208.0810787,210.7685841,280.7042097,9.554392775,7.609694527,9.616145948,206.4515844,213.9297581,281.2973051,10.49134523,12.24143748,6.57200021,0,-145.6930836,109.0800462,-65.13327536,34.11712679,146.4846346,0.8531949913,-144.8177351,108.3896868,55.76298352,-145.693265,-7.644864484,49.98635181,49.98716073,2687.053062,2510.747193,23.12918705,-168.0570361,11.6211945,1
4740,24,64,96,1,1,1,1,0,1,1,1,1,1,1,1,204.0437315,212.7248378,282.8783695,7.722356373,7.379188701,3.853142645,206.225323,212.3993999,282.3583648,9.456476608,5.038397145,5.130935964,6.205744534,-4.841425743,-1.364266822,-6.150749146,4.791766942,1.359036619,204.0329705,212.7058035,282.8784906,4.396451367,5.509872072,3.382337491,206.2214728,212.3945149,282.3602348,7.058063317,1.332239898,4.789584168,0,-144.2635306,108.0075869,40.38920331,-132.9296202,37.65223125,0.003765957839,-144.5856001,108.2849356,-24.00635561,91.3445945,149.7793513,49.98910719,49.98910505,2181.58726,2175.889519,-82.81089504,-182.3270948,17.3101446,1
4741,24,64,96,1,1,1,1,0,1,0,1,1,1,1,1,204.8194039,217.2490253,279.9850217,47.60623345,48.47038055,18.79707403,203.8945972,212.1345082,284.3048583,45.44641647,47.75553424,21.39714917,32.18880908,-32.35371536,0.1654959505,-31.90994976,32.15700193,-0.2464810477,203.8488438,215.7689604,279.7697031,14.20108847,11.91781889,8.972671177,203.8199148,211.7287324,284.0360125,6.106496585,10.35764484,13.50052245,0,-145.2281199,106.9629801,20.03830083,155.362344,-91.52573375,-1.060237882,-144.7029216,107.4946539,-125.7879475,-47.55435176,94.86860201,49.98523309,49.98645711,2920.828621,2616.919218,26.71768759,-133.5004187,16.0972746,1
4742,24,64,96,1,1,1,1,0,1,1,0,1,1,1,1,205.4042016,210.8749799,283.3764117,8.883931396,10.99923587,8.376000711,206.0971608,209.3509187,285.0021812,3.701626914,9.956349203,10.47987352,-1.395287074,8.497816804,-7.102343548,1.392141803,-8.530235613,7.138296952,205.3988657,210.8703593,283.3716389,8.628257481,5.97358013,1.847371605,206.0885488,209.3070754,284.966329,3.035157173,3.635202623,6.513427384,0,-144.4563117,108.5810056,17.05492436,178.0436057,-89.55546075,-0.4010419665,-144.3356096,108.8128105,-58.25536349,-52.22313886,103.5567233,49.98895578,49.98907107,2209.562433,2182.827826,-65.59360154,-179.0960197,12.104219,1
4743,24,64,96,1,1,1,1,0,1,1,1,0,1,1,1,205.6873722,214.6262441,280.4046081,46.80669937,20.68103091,45.13288375,210.2538833,211.1858538,281.4737651,46.73159452,17.8253963,46.00988769,30.56938079,0.3855813564,-30.95469624,-30.63272804,-0.4150762465,31.04805031,205.4873665,214.2238213,280.3485951,12.27027664,13.66809233,8.007058674,209.1843277,210.8844381,280.5556152,10.95201174,9.024938769,11.45617469,0,-145.5899289,107.7614797,57.66650262,-149.964802,-19.20937057,-0.8679485613,-146.455139,108.615421,-72.25358171,28.01139085,141.8634036,49.98608702,49.98553701,2744.465411,2875.78279,-39.2254149,-56.17310782,7.2747317,1
4744,24,64,96,1,1,1,1,0,1,1,1,1,0,1,1,204.0237485,212.8053558,282.8306216,7.838299206,7.538857,3.859213076,206.2266425,212.4712168,282.3036395,9.574268215,5.23029484,5.157378827,6.331670604,-5.0322096,-1.299419068,-6.274460859,4.980692487,1.293835716,204.0125802,212.7848779,282.8307716,4.408288534,5.552349156,3.41390833,206.2226939,212.4660762,282.305529,7.099009625,1.367322308,4.835349488,0,-144.2747454,107.9848189,41.05844429,-132.8625232,37.00499134,0.001887596603,-144.6016303,108.2663315,-24.27206692,90.3807134,149.9428639,49.98910796,49.9890974,2182.218435,2176.602915,-83.18171813,-182.8496883,7.6962372,1
4745,24,64,96,1,1,1,1,0,1,1,1,1,1,0,1,295.7454115,333.8589446,333.1828671,21.14974534,22.24182199,16.45269182,296.3893954,333.9725274,333.9142816,18.59670571,21.38686462,16.30714463,6.205105201,-4.657429486,-1.555811118,0.6617214144,1.179013909,-1.848139184,239.094348,266.0759549,228.3177652,8.000174551,3.96798414,2.338175813,239.7523625,266.3204407,228.82644,3.545757456,1.861661162,2.259443754,0,-165.8250349,103.6075156,4.611231963,-163.7388954,136.934251,-0.03162853444,-165.8091316,103.5208521,-11.03763475,-170.4765858,68.77769436,49.96562601,49.99076481,4609.809475,4088.212486,-139.7793441,-251.5257488,5.327677,1
4746,24,64,96,1,1,1,1,0,1,1,1,1,1,1,0,200.8945953,213.5485379,284.2862998,34.53171316,30.2508583,5.746255434,201.7152191,213.7199387,284.4320317,34.43389289,30.20357518,5.734343022,32.28227286,-28.94162066,-3.340626358,-32.20683571,28.88606749,3.32078111,200.7504059,213.3644252,284.1788442,4.861973398,2.277969334,2.364196271,201.5131574,213.5710198,284.3261402,4.758055595,2.396697367,2.37239263,0,-142.921115,107.3217862,-1.615145198,-146.2983621,107.8509175,0.1029543359,-142.8794834,107.3319692,1.371733512,-139.8199929,106.6972241,49.9877787,49.98777681,2444.428431,2442.590111,-56.97056277,-155.2176316,4.2096361,1
4747,24,64,96,1,1,1,1,1,0,1,1,1,1,1,1,204.0427547,212.7175167,282.8838797,7.705077959,7.351025929,3.84581645,206.2210381,212.3909481,282.3662171,9.439908968,5.009351127,5.126198334,-6.184279586,4.815923476,1.368408031,6.129570289,-4.766692203,-1.362830792,204.0319728,212.6985768,282.8839873,4.394223456,5.496521414,3.371278132,206.2171921,212.3860836,282.3680948,7.053094975,1.321826522,4.782582123,0,-144.2613766,108.0091162,40.304407,-132.9419186,37.70728069,0.003121660863,-144.5830223,108.2860053,-23.96792308,91.70104952,149.6713361,49.98910912,49.98910368,2181.417857,2175.883071,-82.81532425,-182.2679281,3.96181,1
4748,24,64,96,1,1,1,1,1,0,0,1,1,1,1,1,205.1000189,211.3634094,283.3023817,9.305352086,15.65652393,14.34782609,205.592649,209.8262124,285.0523907,3.348478262,15.0093856,15.68148196,1.267750399,-10.49924799,9.23151778,-1.275119604,10.55088096,-9.27574506,205.0859905,211.3436853,283.280136,9.076245814,5.999837638,1.989481826,205.5684634,209.6841916,284.9296717,2.636330386,3.845978642,6.494210821,0,-144.4033415,108.4113311,15.06438599,175.6816981,-104.3330866,-0.4362578785,-144.2718045,108.6177655,-66.20019238,-54.47760989,98.90733868,49.98884106,49.98882304,2233.559511,2232.031419,-80.8485006,-166.152221,3.9662615,1
4749,24,64,96,1,1,1,1,1,0,1,0,1,1,1,1,204.7622835,217.519044,279.6156649,49.96840057,51.28357641,20.95593532,203.5990119,212.2227433,284.5760973,47.75209976,50.62053237,23.53825723,-33.68249682,34.12160422,-0.438841519,33.39492223,-33.92195603,0.5272964861,203.6922341,215.8902251,279.3673058,14.79449809,12.61687874,10.19324979,203.5136999,211.7258029,284.2334577,6.5390617,11.35203934,14.67359284,0,-145.295378,106.8830565,19.47361096,151.0661399,-93.59228322,-1.118441285,-144.6309073,107.4307998,-129.8099421,-50.65030476,92.89027312,49.98484905,49.98579842,3002.96937,2763.900689,72.39320838,-138.1941762,5.3602061,1
4750,24,64,96,1,1,1,1,1,0,1,1,0,1,1,1,204.0307975,212.8091158,282.8254791,7.807010593,7.510277204,3.85915245,206.2304291,212.4728724,282.2994296,9.540103039,5.185775857,5.15706695,-6.289865576,4.987798169,1.302121476,6.233026701,-4.936852226,-1.296117827,204.0196932,212.7888445,282.8256383,4.412755958,5.555181735,3.413184183,206.2264839,212.4677901,282.3013026,7.089730382,1.363898562,4.834579121,0,-144.2783419,107.9849414,40.94837991,-132.9482374,37.0128873,0.001599529708,-144.6047437,108.2663149,-24.27541693,90.05416352,149.9377963,49.98910313,49.98910314,2182.415418,2176.260105,-83.34278577,-182.7351067,5.5825506,1
4751,24,64,96,1,1,1,1,1,0,1,1,1,0,1,1,205.5442302,214.1623531,281.1525933,32.31014564,14.27523206,31.31240615,208.8269586,212.1775804,280.9785353,32.40618523,11.3314031,31.9325657,-21.75896293,-0.2552705124,22.01465703,21.81150573,0.2740581672,-22.0851358,205.4669888,213.9800048,281.1198166,8.330708888,10.21966786,5.280599509,208.2976394,212.0078984,280.496249,7.970094548,5.559473116,7.791301152,0,-145.2784268,107.8793378,50.79761321,-143.6979019,5.282196648,-0.4125996935,-145.958212,108.4394545,-54.6115806,37.93350744,149.4384972,49.9880204,49.98711769,2356.433582,2520.455537,-96.47961265,-113.0066606,4.3802233,1
4752,24,64,96,1,1,1,1,1,0,1,1,1,1,0,1,200.9136217,213.5329075,284.2908058,34.33728485,30.0512776,5.747030243,201.7309827,213.6931609,284.4348322,34.23452303,30.00126444,5.734067482,-32.10406215,28.76001765,3.344051856,32.02874806,-28.70443932,-3.3243057,200.7719536,213.3509628,284.1851928,4.880645537,2.295487783,2.365659008,201.5288748,213.5470019,284.3283523,4.740495847,2.380341801,2.370932345,0,-142.9249957,107.3287969,-1.642027821,-146.6038428,107.7638697,0.1017418398,-142.884176,107.3393826,1.409822956,-139.4877815,106.7977184,49.98779071,49.98779799,2444.057061,2437.724654,-57.37201557,-155.3057267,4.0550715,1
4753,24,64,96,1,1,1,1,1,0,1,1,1,1,1,0,294.8173074,333.1659054,331.8443375,19.28673362,20.18809262,14.40866355,296.0813637,333.3437668,331.7879446,17.7103912,19.6000652,14.43297463,-7.019116631,6.070709294,0.9644093679,0.1323746798,-2.558204297,2.439511585,237.6045142,264.2632233,227.2090295,5.811559179,2.340999554,1.967269487,239.4049061,265.119161,227.2179964,6.29666093,4.326447384,2.767585274,0,-165.7725705,103.2458712,20.43087352,-124.2007295,148.1664139,0.05224203448,-165.8500119,103.3047625,-19.04540073,173.048317,73.08543336,49.96734106,49.98918272,4460.878356,4234.048027,-122.363792,-264.7444073,4.0153086,1
4901,24,48,96,1,1,1,1,1,1,1,1,1,1,1,1,213.9632134,205.964634,278.2848149,5.492484774,2.82628388,2.053475015,214.7119299,206.1626618,278.5534981,4.757887946,2.828695288,2.600922305,-0.003241507837,0.005884823129,-0.002632878767,0.003211413255,-0.005933397863,0.002740764423,213.9610791,205.9644804,278.2859762,5.492159637,2.82566829,2.052579372,214.709808,206.1625174,278.5546731,4.75754469,2.828111603,2.600233905,0,-142.7226346,107.3806574,-0.6776437023,-152.268148,112.3061385,0.07059123345,-142.6446462,107.3995913,0.4607470421,-133.3156778,103.4155299,49.98840627,49.98840695,2321.713166,2315.475201,-47.26441999,-160.3395699,4.0542686,1
4902,24,48,96,1,1,1,1,1,1,0,1,1,1,1,1,213.8323716,205.190716,279.0614663,9.138514823,9.959520454,6.482713442,214.6108899,203.6839416,280.5993167,3.894700884,8.529441026,9.053208586,1.509123832,-7.522806591,6.013692637,-1.498037143,7.543114504,-6.045044804,213.8295879,205.1901039,279.0595538,8.896149014,6.357416923,1.977512073,214.6065807,203.6679868,280.5832518,3.290447314,3.69745893,6.592688295,0,-142.5447707,107.5136447,17.77453177,-177.9983236,-87.05446176,-0.3981099783,-142.4185743,107.7707055,-57.26840266,-58.13277199,103.2344406,49.98831522,49.98831368,2339.076547,2334.97995,-48.86069745,-160.37922,4.1666125,1
4903,24,48,96,1,1,1,1,1,1,1,0,1,1,1,1,213.8300449,205.1970082,279.0606951,9.133988137,9.943294459,6.449669257,214.6091427,203.6900976,280.593261,3.896891194,8.502697365,9.024708763,-1.514016406,7.495103488,-5.981072582,1.50299388,-7.515521461,6.012540605,213.8272897,205.1963805,279.0588025,8.890615862,6.364530767,1.96497955,214.6048114,203.6741986,280.5772507,3.290794085,3.692103556,6.582495052,0,-142.5443982,107.5118886,17.76789639,-177.9056046,-86.69546178,-0.3975036786,-142.4191355,107.7689992,-57.17199362,-57.96036288,103.3581308,49.98831005,49.98831934,2340.242972,2333.70348,-48.812196,-160.481887,4.1870694,1
4904,24,48,96,1,1,1,1,1,1,1,1,0,1,1,1,214.3143337,206.0620951,278.013703,5.265872511,5.208984055,7.119278991,216.2813509,206.6815316,277.0504458,8.912510752,3.14306708,6.576505848,4.327231379,1.384548449,-5.711776796,-4.36176594,-1.37009288,5.731866508,214.3116851,206.0607004,278.0140099,2.875370132,4.896912299,4.165087863,216.2716285,206.6798774,277.0423154,7.725137697,2.600437932,3.11214199,0,-142.8982979,107.4753868,23.24747451,-115.3419075,66.41602572,0.2185096897,-143.1772809,107.5964279,-8.548958763,155.6851806,168.9822281,49.98831327,49.98831874,2339.952857,2333.573444,-51.54435604,-165.0986984,4.2311172,1
4905,24,48,96,1,1,1,1,1,1,1,1,1,0,1,1,214.3171356,206.0714363,278.0054214,5.295576561,5.204874344,7.138638146,216.2763096,206.6907885,277.0404709,8.905003518,3.145737651,6.592201795,-4.351089905,-1.390090949,5.741192684,4.3857508,1.375393917,-5.76112146,214.3144728,206.070021,278.0057511,2.891822959,4.889156356,4.157131077,216.266548,206.6891196,277.0322728,7.702125345,2.597460622,3.090005783,0,-142.901162,107.4733146,22.90485983,-115.382428,66.70053888,0.2193998547,-143.1790164,107.593299,-8.503581477,155.8598359,168.9212326,49.98831826,49.9883126,2338.92016,2334.692637,-52.51904968,-164.1219285,4.1789715,1
4906,24,48,96,1,1,1,1,1,1,1,1,1,1,0,1,213.6957369,206.3817788,278.1837216,9.744006185,4.96427775,5.073520003,213.079168,207.2348897,279.0438244,7.697262108,7.797671912,3.952465073,-6.051554472,4.679752151,1.371819505,6.080357487,-4.712525404,-1.367804163,213.6932908,206.3795976,278.1842395,7.542917314,1.437457106,4.738624545,213.0665395,207.2219788,279.0434532,4.566621075,6.157686067,3.513571856,0,-142.6309868,107.1917236,-24.50433521,110.8809478,151.0095918,0.1914928843,-142.1987809,106.9362319,42.79697561,-129.6275946,37.56336404,49.9883485,49.98835525,2332.391439,2326.699784,-55.96570553,-168.1411457,3.9225159,1
4907,24,48,96,1,1,1,1,1,1,1,1,1,1,1,0,213.6982926,206.3836787,278.1792114,9.731539628,4.955899501,5.078406285,213.0810236,207.2420919,279.0410809,7.690814168,7.80224472,3.953305698,6.037014143,-4.671358497,-1.365619869,-6.065614411,4.703838838,1.361804756,213.6958481,206.3815061,278.1797357,7.539551337,1.437061506,4.745827959,213.0684468,207.2292437,279.0406997,4.577066022,6.170255369,3.517205506,0,-142.6327017,107.1915034,-24.57890801,110.2978917,151.0193294,0.1922835802,-142.1996721,106.9352285,42.80496377,-129.6996082,37.45975996,49.98834977,49.98835427,2332.561536,2326.436541,-55.56882782,-168.5668078,4.484654,1
4908,24,48,96,0,1,1,1,1,1,1,1,1,1,1,1,213.8237975,203.1277071,280.631194,4.165946584,9.022154615,9.279132469,214.7070864,205.1332288,279.4332201,8.952007781,10.28467887,6.978082584,-1.679822304,8.241644164,-6.561809355,1.673346269,-8.193663452,6.520327295,213.8188778,203.1092264,280.6102442,3.460265583,3.245877192,6.30353456,214.704465,205.132572,279.4305489,8.650050027,5.976336288,1.700548337,0,-141.9469766,108.1562158,-53.70007604,-60.46277807,103.0885625,0.5738744015,-141.9644148,107.9438239,18.81766968,-174.5078064,-90.51173923,49.98829997,49.9883029,2342.941391,2336.309027,-42.96387703,-158.3021105,4.2998226,1
4909,24,48,96,0,1,1,1,1,1,0,1,1,1,1,1,240.0778503,357.5144628,338.63816,14.90693505,12.15401489,15.77400082,237.5282369,357.4200102,336.7151939,11.64431722,12.78048109,14.56191906,-7.048507757,-1.459463767,8.514346668,1.312384571,8.250069667,-9.556367812,169.9743636,237.9572021,301.8971715,8.450119768,7.989562533,8.065536999,168.4195356,235.8686605,299.5837162,3.945468859,2.951645131,3.355421097,0,-129.5274748,93.67276015,-27.67782683,-149.8092127,80.92210878,0.09451074989,-129.6691069,93.47646789,80.85772538,-18.20492858,-118.1047752,49.97313874,49.98562434,4277.41866,3952.971048,-793.5094268,-205.7982829,4.2014234,1
4910,24,48,96,0,1,1,1,1,1,1,0,1,1,1,1,214.4735908,199.2009655,283.2447164,8.060809399,37.93929484,32.34559617,215.3570216,199.4810411,283.348557,8.0153624,37.86711412,32.33886645,-5.130978909,35.47183645,-30.34072058,5.096880324,-35.41762301,30.32086514,214.3168501,199.0137056,283.0681364,5.14533165,2.796477662,2.257500129,215.1920205,199.2780104,283.1955556,5.122387037,2.600029401,2.466586197,0,-141.4285828,109.2372164,0.03708177978,-144.3495025,106.0704791,0.09545700731,-141.385713,109.262197,-0.3152946887,-138.445388,112.0541478,49.98663767,49.98663681,2675.772686,2669.503813,22.10465742,-92.12545798,4.0092588,1
4911,24,48,96,0,1,1,1,1,1,1,1,0,1,1,1,211.3143874,203.2361508,283.4993818,19.98252278,50.31887065,52.08221838,217.6216711,203.0140726,279.4373614,25.23339263,49.36332584,51.87881358,-0.1617980635,34.4531528,-34.29181723,0.04110546277,-34.23565719,34.19418549,211.1187717,201.8448312,282.3889579,8.997130712,11.79021895,11.97641478,217.2770348,202.9050861,279.0878645,17.69834734,8.521414551,12.05220106,0,-140.8648715,108.1418795,134.6617338,-99.61447785,28.68512211,0.4869146201,-142.0163084,108.8390828,-21.13189272,105.7395179,-173.7735909,49.98328834,49.98571923,3260.770586,2726.213211,134.9440711,-158.5371814,3.9339824,1
4912,24,48,96,0,1,1,1,1,1,1,1,1,0,1,1,216.3215752,200.4048493,282.7240741,15.30016362,6.370436949,15.98024512,218.8039045,201.2421863,281.8980139,17.26953667,4.446086934,15.93785142,-12.7051172,-0.7731757224,13.47785036,12.83860034,0.772257815,-13.61130145,215.2873431,199.657248,282.370068,2.956338586,5.288398548,4.200413043,217.4791374,200.248538,281.4070777,8.062635787,2.687005542,3.499188327,0,-141.9253673,109.3125517,34.20077209,-113.0793326,63.42564555,0.1896677718,-142.2726881,109.4624237,-11.99749024,144.9513255,168.8496418,49.9884057,49.98752305,2294.347294,2517.477839,-32.53834967,-131.3391429,3.8654146,1
4913,24,48,96,0,1,1,1,1,1,1,1,1,1,0,1,211.2816991,205.7034346,280.6696928,52.00623872,55.64003124,27.00690992,214.4267632,211.6228394,275.3294416,54.0116737,56.07856582,24.49150098,-36.35596483,37.65074439,-1.293915066,36.49932495,-37.73203238,1.233476658,211.2092788,205.2142644,280.1724288,7.209963131,12.03205829,16.22884909,213.023795,209.920803,275.0080218,15.57774546,12.87747791,11.85052156,0,-141.2794211,107.2389684,-127.0598633,-55.9686752,90.71478009,1.357793396,-142.0302445,106.6553591,21.86526141,149.752281,-95.54175031,49.98399255,49.98361096,3120.569737,3223.603034,9.361115528,13.02712536,3.959932,1
4914,24,48,96,0,1,1,1,1,1,1,1,1,1,1,0,213.3661414,203.2760506,280.9185944,4.085747874,12.39049891,12.67576003,214.3617239,205.1804161,279.6605085,9.06675701,13.21828804,11.13908331,-1.728860929,9.956180137,-8.227286373,1.708662324,-9.884550967,8.175920277,213.3545973,203.1993712,280.8424381,3.174906569,3.308170596,6.141192575,214.3558563,205.1725311,279.6457748,8.702675916,5.829558588,1.613584733,0,-141.7656322,108.0530466,-53.35828329,-63.57434663,100.7807825,0.5675386061,-141.8033287,107.8663981,17.0320211,-175.5932532,-100.2793007,49.98820968,49.98820583,2362.124012,2354.921315,-40.8642083,-160.9186838,6.0879788,1
4915,24,48,96,1,0,1,1,1,1,1,1,1,1,1,1,213.8214122,203.1310988,280.6322216,4.155392974,9.006225283,9.266242991,214.707799,205.135714,279.4283861,8.955290669,10.2799531,6.961284607,1.675995097,-8.21716845,6.541153873,-1.66941299,8.168932701,-6.499520706,213.8165314,203.1125661,280.6112418,3.453164765,3.255049308,6.301915757,214.7051688,205.1350568,279.4257044,8.655672547,5.997176886,1.695655713,0,-141.9462833,108.1555202,-53.76187884,-60.13366361,103.2189251,0.5740050553,-141.9655358,107.943457,18.78048194,-174.5142087,-90.05222844,49.98830819,49.98829481,2341.035653,2338.218778,-43.20605981,-158.0825954,6.5453358,1
4916,24,48,96,1,0,1,1,1,1,0,1,1,1,1,1,214.4728298,199.2026046,283.2424035,8.0591234,37.91942627,32.32487916,215.3550029,199.4767694,283.348706,8.013801258,37.84627837,32.31871056,5.132141442,-35.45316599,30.32119659,-5.097153157,35.39768765,-30.30034768,214.3158353,199.0144924,283.0661719,5.145329648,2.802746564,2.255715531,215.1924886,199.2757715,283.1959306,5.122417208,2.593520702,2.468683618,0,-141.4290715,109.2360059,0.1104818558,-144.2961237,105.9884561,0.09528720155,-141.3855078,109.2619716,-0.3889536252,-138.4888565,112.1229175,49.9866592,49.98663477,2674.107421,2669.238287,22.17423164,-92.40333875,5.5774088,1
4917,24,48,96,1,0,1,1,1,1,1,0,1,1,1,1,237.6614442,356.5282691,337.7123838,12.14537188,14.2149515,16.00382416,237.0306136,356.7937158,337.1437505,11.37519589,15.50157052,16.05227996,4.526786614,-0.6102938715,-3.917976043,1.16594136,-6.127941352,4.96042385,168.2135214,238.134689,301.1359173,5.610290567,3.965784274,3.550744255,167.8599921,237.5827236,300.519612,3.685113232,3.752556921,1.669802781,0,-129.3853709,93.40397567,-23.92326464,-161.8654245,82.3923436,0.2033694144,-129.2355905,93.40775485,37.74300129,-94.91127202,117.1909819,49.98643829,49.97250753,3612.501056,4624.395973,-516.3341555,-472.1770157,5.8769783,1
4918,24,48,96,1,0,1,1,1,1,1,1,0,1,1,1,214.7631929,204.3683756,279.1385321,9.246398851,5.645612544,10.40859513,217.0296946,204.9738754,278.0696259,12.14679291,3.133889328,10.11250698,7.606485621,0.7886130746,-8.395609407,-7.663088341,-0.7831433143,8.445758654,214.7208155,204.3412645,279.1208892,2.691569592,5.441121804,4.546021378,216.9376089,204.9377933,278.005453,8.250000782,2.745786733,3.694753383,0,-142.6973803,108.0139576,35.06478928,-113.9640376,60.61658872,0.2155486331,-143.0481063,108.1727328,-10.89253504,143.5461509,172.9479395,49.9882405,49.98821675,2355.078087,2350.884574,-41.6305038,-161.4472765,6.380725,1
4919,24,48,96,1,0,1,1,1,1,1,1,1,0,1,1,209.9282625,202.9454846,284.8386766,27.23258775,63.36617599,65.91875675,217.8699111,201.6412721,279.2722407,32.0735728,62.2074764,65.71538162,-0.2618260159,-42.71008007,42.97207793,0.4225027415,42.43587053,-42.85821492,209.5787471,200.754051,283.1693064,12.49258098,15.15140564,15.41279625,217.2747894,201.4671927,278.6921309,20.82106836,11.41600346,15.65993316,0,-140.2222567,108.1928267,133.8275462,-102.1944354,24.19686033,0.5554122336,-141.7850288,109.1663877,-25.55643179,95.16265481,-173.1176246,49.98183913,49.98205743,3616.101332,3553.11032,226.2874616,-13.48911887,6.3277107,1
4920,24,48,96,1,0,1,1,1,1,1,1,1,1,0,1,213.4875363,203.1561864,280.8816052,4.07158191,11.1619821,11.40869974,214.4462804,205.1209026,279.6472384,9.0473776,12.14025261,9.649564928,1.64458583,-9.433743024,7.789187683,-1.62854563,9.368782816,-7.740207607,213.4789972,203.1034551,280.8283972,3.272769539,3.305060897,6.218171983,214.4420027,205.1162168,279.6377072,8.723897455,5.931095442,1.654229812,0,-141.7989424,108.0990656,-54.25361851,-61.6373373,101.7153027,0.5740553642,-141.8278117,107.9011782,17.73869041,-175.1787547,-96.14965637,49.98823613,49.98826187,2355.346453,2344.423141,-39.95542528,-161.1693496,6.0211344,1
4921,24,48,96,1,0,1,1,1,1,1,1,1,1,1,0,211.4592227,205.6292749,280.6068929,50.52343357,53.4613598,25.04173545,214.6140836,211.5487819,275.5538336,52.57709972,54.0015357,22.46962071,35.31498329,-35.94389481,0.6286425648,-35.44972593,36.02352547,-0.5740579832,211.3895029,205.1729674,280.1541969,6.978120484,11.94759266,15.32930421,213.3077618,209.9415641,275.2736513,15.49966696,13.19679558,10.88417126,0,-141.3453464,107.2974413,-128.8251298,-51.61089317,93.20490514,1.326301582,-142.0572604,106.7282478,20.71706368,153.5169063,-92.60989017,49.98487235,49.98341798,2909.218161,3277.533012,-15.04365687,8.085333205,6.3365903,1
4922,24,48,96,1,1,0,1,1,1,1,1,1,1,1,1,215.2469249,206.1835011,277.2460523,8.852491835,3.172835958,6.0559106,214.8996692,206.2064651,278.4877284,4.920039212,5.380988238,6.621280611,-3.90716784,-1.203498322,5.110701779,3.861458071,1.221068608,-5.082493254,215.2409643,206.1819298,277.2374412,7.895524047,2.79819793,3.175436648,214.8975225,206.2040515,278.4874661,2.922805004,5.165670194,4.187809045,0,-143.3220446,107.5159176,-10.81325753,149.8617349,169.0463995,-0.009377832433,-142.9256987,107.413244,29.63761988,-113.4009776,65.57883924,49.98832306,49.98832347,2337.759716,2332.856505,-47.94191231,-162.5692013,6.5649972,1
4923,24,48,96,1,1,0,1,1,1,0,1,1,1,1,1,215.3703966,204.6511646,278.9838101,14.22530752,26.93777562,27.10288151,213.8435536,203.7574345,281.3708622,7.834906858,27.20068409,27.53001732,0.9906760713,-19.47643003,18.4819784,-1.029208215,19.54823119,-18.52303574,215.30248,204.6110465,278.9157621,11.99837842,5.641870328,5.111089579,213.7696661,203.2772978,281.0523362,2.094475059,6.432933599,6.6503404,0,-142.8957928,107.9376313,-6.582891239,146.7942042,-166.5483603,-0.4102186896,-142.4081757,107.7918145,141.2032597,-87.14965846,57.81238493,49.98831181,49.98626918,2317.978547,2653.588723,-93.50314729,-83.1425728,6.6704481,1
4924,24,48,96,1,1,0,1,1,1,1,0,1,1,1,1,217.0520564,202.2487657,280.2160365,16.78514815,3.706771197,14.95156797,216.1833029,202.2156253,281.3367458,14.60374264,6.278978287,15.00820451,-9.966483218,-0.613763807,10.58078197,9.829595215,0.630703518,-10.4597734,216.3074602,201.7470994,279.8715521,8.343385686,2.894144074,3.84689837,215.7197694,201.851276,281.1997381,2.994472788,5.835233037,4.549394269,0,-142.8503089,108.8455668,-13.97398555,134.7324081,172.4178128,0.02594425131,-142.3648214,108.7028351,41.38922777,-113.3168741,59.45722573,49.98795935,49.98809871,2417.611701,2354.746976,-34.73211043,-133.621083,6.4750806,1
4925,24,48,96,1,1,0,1,1,1,1,1,0,1,1,1,254.351925,180.1743518,461.4197422,28.04718377,15.51754857,24.5772106,259.7476128,187.5923501,462.8458398,29.08049892,17.71101864,23.24359543,-24.73530582,5.364573254,19.37091131,22.53862123,-7.980227356,-14.55819131,220.6035459,115.8211446,342.9935379,10.25108008,7.555942658,10.6701362,227.0518458,119.6597312,348.5397593,16.8763312,10.06539993,15.15884509,0,-122.7436458,128.9326914,107.648255,12.88827853,-98.61613875,0.04851964368,-122.3984532,129.0982609,-35.38851153,-154.3506093,97.66369099,49.97693353,49.98279158,3976.156753,4097.41512,1196.850444,-300.0143165,5.7804971,1
4926,24,48,96,1,1,0,1,1,1,1,1,1,0,1,1,216.3576074,207.825486,275.232423,17.02998087,5.153537377,20.27457384,217.2397412,208.1769518,275.2934114,17.04639833,5.15639665,20.2353947,-15.76194969,-3.707601701,19.46954029,15.73693191,3.715588957,-19.45251557,216.3243379,207.7783856,275.2014604,5.11481245,2.816323779,2.393104589,217.1876763,208.1243725,275.2692855,5.251274421,2.811079062,2.197870424,0,-144.1677997,107.358904,-1.484953212,-144.2979232,104.8002152,0.1129850013,-144.1276286,107.3706554,1.182385963,-144.1896959,110.0438646,49.98780746,49.98779878,2442.353866,2437.069698,-43.61416041,-156.6831095,6.0888667,1
4927,24,48,96,1,1,0,1,1,1,1,1,1,1,0,1,217.8888172,204.1859212,277.8144299,50.4007917,19.6793863,49.42605783,214.8775203,208.7736848,276.7259621,50.27514496,23.04721383,48.43649723,-32.90364358,-0.3696808849,33.27356736,32.70528333,0.3950654754,-33.10011483,216.9366092,203.7995983,276.5274024,12.16928082,9.795537821,12.3320655,214.6593886,208.1948436,276.5880672,13.59692724,15.31403663,8.916327317,0,-143.6938035,108.4722119,-73.74835607,28.73124483,142.4084377,1.151266685,-142.666399,107.5485227,59.38770797,-148.4012014,-20.61034764,49.98425206,49.98473202,3137.746316,3007.701929,108.0407484,-97.31001856,6.2705632,1
4928,24,48,96,1,1,0,1,1,1,1,1,1,1,1,0,213.7075663,206.4323453,278.1388962,9.802545929,5.062958266,5.093657,213.0770408,207.2925398,279.0032201,7.757434738,7.885663531,3.957270781,6.110622417,-4.778893392,-1.331726174,-6.140380582,4.812187029,1.328198523,213.7050492,206.4301393,278.1394511,7.567110968,1.452799657,4.772408086,213.0641083,207.2790283,279.0028761,4.581771914,6.191811954,3.535369106,0,-142.6461495,107.1806671,-24.70223682,109.71853,151.1084359,0.1928069753,-142.2109596,106.9221457,43.19896917,-129.6559065,37.09779595,49.9883483,49.98835051,2332.907788,2327.234633,-56.18813997,-168.5184507,5.9844354,1
4929,24,48,96,1,1,1,0,1,1,1,1,1,1,1,1,215.2499293,206.184989,277.2459338,8.87024374,3.174035908,6.075459474,214.8973571,206.2080508,278.4868659,4.937890625,5.382475302,6.633252468,3.930746291,1.199734198,-5.130469014,-3.884767766,-1.217553838,5.102333859,215.2439604,206.1834596,277.2372653,7.904026062,2.801752106,3.181357182,214.8952137,206.2056377,278.4865924,2.922584104,5.168367802,4.183196816,0,-143.3226998,107.5163882,-10.88210237,149.815129,168.9355469,-0.008958246051,-142.9256786,107.4129146,29.88682678,-113.3654382,65.48045856,49.98832532,49.98832069,2338.145318,2332.516896,-48.02122744,-162.5314806,6.0486885,1
4930,24,48,96,1,1,1,0,1,1,0,1,1,1,1,1,218.3827196,201.0155445,282.0598294,20.56577891,4.444319978,18.99277926,217.2843652,200.8562068,282.8454012,18.86980777,6.705029236,18.90171615,12.47013248,0.8209798677,-13.29277353,-12.28757261,-0.8406488115,13.12661543,216.6146025,199.7294908,281.3395532,7.948324514,2.75508566,3.516890531,216.1099695,199.8978757,282.5110071,3.45192156,5.719610595,4.090674583,0,-142.522574,109.4603498,-15.83178215,135.4537451,166.9721437,0.07500015511,-142.0385542,109.3311672,38.23788563,-113.9451481,62.80456573,49.98784637,49.98764181,2500.587895,2394.367114,-12.84747059,-129.6556785,5.9342631,1
4931,24,48,96,1,1,1,0,1,1,1,0,1,1,1,1,216.2544461,201.554809,279.8712642,31.48840885,61.18020508,64.47522546,210.1922486,203.4494971,285.5606636,26.37554974,62.15098092,64.60967441,0.1279871054,41.75182438,-41.87967526,-0.02586528502,-41.9088076,41.93478648,215.7307873,201.3463861,279.3410385,20.76588482,11.5586075,15.27321179,209.8352514,201.0971032,284.0878719,12.28929672,15.10349583,15.11964429,0,-142.6843936,108.6151721,-25.58581833,96.68552362,-172.5335681,-0.3720846471,-141.0427473,107.7110311,133.6706805,-101.2650757,25.2152267,49.98234612,49.98203283,3488.726288,3576.128172,101.1916619,110.7207754,5.9535041,1
4932,24,48,96,1,1,1,0,1,1,1,1,0,1,1,1,216.3663944,207.8154676,275.2341937,17.04918306,5.154087356,20.29412548,217.248675,208.1698719,275.2986704,17.06532258,5.156924733,20.25508715,15.77806027,3.707508423,-19.48557495,-15.7528852,-3.715600026,19.46847297,216.3327596,207.7684179,275.2031706,5.115075883,2.816177389,2.392133485,217.1963302,208.1165704,275.2742799,5.251361791,2.81097953,2.198848163,0,-144.1694628,107.3631236,-1.471311934,-144.2959405,104.8155067,0.1127635695,-144.1287688,107.3745644,1.168998504,-144.1945765,110.0334168,49.98779729,49.9878063,2442.700413,2436.846887,-43.63305978,-156.5687335,6.0838334,1
4933,24,48,96,1,1,1,0,1,1,1,1,1,0,1,1,254.1541804,179.4253965,461.2773966,28.23101988,15.02987555,24.85951019,259.5724855,187.0253021,462.822865,29.14364597,17.34711714,23.50240866,25.31054678,-5.601434397,-19.70920149,-23.10650873,8.197319157,14.90920034,220.4088393,115.2334312,343.3551068,10.39991894,7.74203292,11.04294699,226.8947567,119.2058065,349.1258593,16.93303653,10.25509525,15.48042806,0,-122.4326154,129.0371031,107.1328524,13.92726842,-99.33029042,0.03224627392,-122.0414994,129.184569,-35.96220239,-153.7698845,96.83443532,49.98046738,49.97917773,4018.644409,4051.744085,1215.530376,-306.8527505,5.964433,1
4934,24,48,96,1,1,1,0,1,1,1,1,1,1,0,1,213.7065057,206.427532,278.1416013,9.800580183,5.062579243,5.095874442,213.0737307,207.2882965,279.0061785,7.751483466,7.885963675,3.955540211,-6.103418417,4.775241213,1.328211074,6.133250631,-4.80875682,-1.324466477,213.703975,206.4253213,278.1421487,7.571386386,1.45410446,4.776281939,213.060824,207.2747904,279.0058066,4.583076562,6.192874117,3.535459406,0,-142.644925,107.1811396,-24.72655791,109.6960869,151.0889503,0.1929019468,-142.2094244,106.9221814,43.26427109,-129.6467652,37.03059401,49.98834088,49.98835765,2333.29901,2326.920722,-56.11479239,-168.5866315,6.4516737,1
4935,24,48,96,1,1,1,0,1,1,1,1,1,1,1,0,217.1691559,204.8282769,277.4097247,42.92906726,16.37660074,42.03903945,214.8693208,208.7161562,277.0919368,42.83658053,19.82657421,41.17339182,28.4085551,0.19160206,-28.59877331,-28.23252737,-0.2140813895,28.44787098,216.4630783,204.5290808,276.4480228,10.28696613,8.137862084,10.33177216,214.7151129,208.3004599,276.9905896,11.59524689,13.69079591,7.246989351,0,-143.6440835,108.1676823,-68.44127498,31.42032632,145.392871,0.9310155508,-142.7016886,107.4020571,55.67799019,-146.4480639,-11.75221068,49.98518862,49.98601057,2922.70584,2729.098029,68.66887259,-147.5732054,6.185377,1
4936,24,48,96,1,1,1,1,0,1,1,1,1,1,1,1,212.333025,206.8518354,278.8605348,7.731180008,7.631455558,3.785191933,214.5080139,206.564934,278.355009,9.400967798,4.798192387,5.067177399,6.059417294,-4.704323583,-1.355077064,-5.998912212,4.646747049,1.352182285,212.323297,206.8350725,278.8598392,4.627761092,5.95988717,3.320723509,214.5056791,206.5609865,278.3558778,7.125339676,0.9209444414,4.731757639,0,-142.2118548,106.899989,37.66643351,-134.0130795,36.26076214,-0.0006034484127,-142.5128546,107.1783474,-23.59545075,108.7121243,148.4440968,49.98836244,49.9883728,2329.995019,2322.754202,-58.72513787,-171.4818466,6.086927,1
4937,24,48,96,1,1,1,1,0,1,0,1,1,1,1,1,213.1645421,211.4392668,275.8543665,48.92411295,49.89236561,19.71780315,212.1366961,206.318083,280.3477071,46.59633404,49.0698218,22.29212213,32.97998414,-33.26549829,0.2860196656,-32.66411598,33.02426107,-0.3596659734,212.1472392,209.9326542,275.6251838,14.82117475,12.5219162,9.49318563,212.071061,205.9180715,280.0422503,6.334896891,10.89926029,13.96730522,0,-143.1737024,105.8217586,19.65247981,156.5030134,-91.72697036,-1.060084997,-142.540058,106.3935472,-126.750385,-50.22913772,94.07172629,49.9843037,49.98548545,3107.437781,2805.968285,58.84309495,-118.6566393,5.9595125,1
4938,24,48,96,1,1,1,1,0,1,1,0,1,1,1,1,213.5779242,205.0823313,279.3676001,9.278338901,12.07066617,9.55105226,214.2614438,203.6168066,280.9078422,3.805434314,10.99822761,11.40809685,-1.474187474,9.120303805,-7.646042769,1.471267826,-9.156040172,7.684846442,213.5730306,205.07737,279.3597618,8.999820292,6.27272075,1.88175444,214.2526812,203.563943,280.8602378,3.0618424,3.7215003,6.450093336,0,-142.3924178,107.495369,16.48475283,-178.5300324,-94.2800327,-0.3957512845,-142.2603364,107.7338655,-58.33975805,-59.64426332,101.3255211,49.98833739,49.98818014,2334.604789,2358.965192,-56.34828496,-151.3868565,5.9808552,1
4939,24,48,96,1,1,1,1,0,1,1,1,0,1,1,1,213.9956878,208.8278091,276.0870489,49.0548915,22.08399249,47.263883,218.7377128,205.1051563,277.2370028,48.93023067,18.63641145,48.14029459,31.87899226,0.4426990468,-32.32145541,-31.93954186,-0.4795885433,32.41934297,213.7743135,208.3933695,276.0201705,13.05358678,14.84589454,8.587416461,217.6295944,204.7879934,276.2059009,11.53520212,9.283662214,11.97294948,0,-143.5187856,106.693951,57.3897371,-149.9928757,-20.8144766,-0.9006433848,-144.4023652,107.6110709,-73.55264255,26.38485631,141.5328646,49.98504141,49.98444832,2948.889544,3090.406241,-5.906830942,-29.89872132,6.2038268,1
4940,24,48,96,1,1,1,1,0,1,1,1,1,0,1,1,212.3191709,206.9593416,278.785553,7.863786924,7.829209413,3.799002619,214.531111,206.6649671,278.2690329,9.563427481,5.043022907,5.107659435,6.212119295,-4.947490826,-1.264605574,-6.148058573,4.887047047,1.261037923,212.3087536,206.9408691,278.7849513,4.63124017,6.017137454,3.372442511,214.5286165,206.6608538,278.2699395,7.202190329,0.970140162,4.80045562,0,-142.2313161,106.8700316,38.7685941,-133.7864513,35.31122223,-0.002528155048,-142.5399143,107.1546001,-23.95458036,106.5537225,148.749543,49.98836915,49.9883558,2329.686556,2325.243004,-58.98049686,-172.5547779,5.9048463,1
4941,24,48,96,1,1,1,1,0,1,1,1,1,1,0,1,308.9703142,322.8242012,321.0858957,23.33481232,25.76792406,19.64700327,309.6454872,323.0398751,321.7375333,20.65968711,24.68531669,19.49224116,6.367071798,-4.814337328,-1.559463233,0.9368720614,0.7631791481,-1.706278999,249.8836409,258.6066353,219.0212021,8.742095277,5.158549774,2.308664735,250.4979543,258.8876158,219.4735858,3.358117376,1.858349451,2.052899985,0,-163.6184062,103.7083885,4.984692615,-161.6312198,134.6032069,-0.05116644363,-163.6175967,103.6148066,-13.75111796,-169.483452,68.239,49.96137777,49.99136667,5068.249497,4351.901921,31.38502661,-84.5931254,6.1917702,1
4942,24,48,96,1,1,1,1,0,1,1,1,1,1,1,0,209.3168081,207.6961985,280.4954952,33.89736275,29.58706182,5.639460892,210.1498477,207.9952614,280.6381415,33.78824297,29.52922017,5.633244657,31.66646948,-28.25474806,-3.411568573,-31.58122254,28.18454374,3.39683139,209.1735624,207.5236276,280.3995673,5.069146656,2.744137118,2.329598817,209.9645016,207.8448632,280.5446989,4.954813018,2.88337929,2.344018669,0,-140.9594461,106.1354598,-1.689313151,-144.0350353,106.6920654,0.1029568419,-140.9015369,106.1459453,1.449227544,-138.1693257,105.4854616,49.98708996,49.98708674,2581.900181,2580.148059,-40.10624353,-151.9499473,6.2320565,1
4943,24,48,96,1,1,1,1,1,0,1,1,1,1,1,1,212.3275629,206.8441055,278.8658997,7.71648071,7.618700339,3.783730428,214.5063698,206.5621576,278.3622905,9.401425334,4.789017557,5.067628885,-6.048189951,4.694674838,1.353536108,5.987902945,-4.637509923,-1.350372606,212.3178708,206.8274166,278.8652468,4.619861194,5.951795685,3.319361881,214.5040261,206.5582661,278.3631902,7.136521632,0.9248756848,4.732457905,0,-142.2088237,106.9009739,37.77385489,-133.9283758,36.24054435,-0.000117737183,-142.5096287,107.1792597,-23.57362771,109.3921922,148.4233368,49.98836793,49.98836815,2329.434308,2323.296184,-58.52453174,-171.6463813,6.2835744,1
4944,24,48,96,1,1,1,1,1,0,0,1,1,1,1,1,213.3534937,205.3089909,279.370626,9.459971686,14.883765,13.25756563,213.9234022,203.9043836,281.0570662,3.691469725,14.09953836,14.67138611,1.504997525,-10.32831042,8.823317319,-1.511321355,10.37900762,-8.867678202,213.3440912,205.2951087,279.3513521,9.155167739,6.267045602,1.95217974,213.9060714,203.7870331,280.9517587,2.809866548,3.903953015,6.456078014,0,-142.335227,107.3930232,15.13483632,179.6113857,-100.4577759,-0.4070360913,-142.1732669,107.6133389,-60.42658806,-61.27333468,99.30997055,49.9881489,49.98813577,2372.299507,2369.864446,-53.5528892,-156.0350613,5.9294691,1
4945,24,48,96,1,1,1,1,1,0,1,0,1,1,1,1,213.0893691,211.6971935,275.5016311,51.14790857,52.58142484,21.84705127,211.8304627,206.4132046,280.6264637,48.75991544,51.81832735,24.40841428,-34.36408744,34.96616991,-0.6020092156,34.03957327,-34.72180801,0.6823158788,211.9774677,210.0518355,275.2428152,15.41856174,13.19199808,10.70046549,211.7574918,205.9250029,280.2439414,6.785596894,11.89702241,15.13323303,0,-143.2331873,105.7394118,19.18787361,152.4697084,-93.63398527,-1.117406591,-142.4602887,106.3309268,-130.4663757,-52.84671137,92.24787764,49.98394534,49.98480823,3185.972302,2963.447529,103.5139009,-121.1405482,5.6334581,1
4946,24,48,96,1,1,1,1,1,0,1,1,0,1,1,1,212.3210371,206.9663392,278.7847616,7.887659225,7.854695543,3.795005795,214.527811,206.6611527,278.2695421,9.556385249,5.058775664,5.110636236,-6.223633821,4.965386127,1.258274552,6.159560019,-4.904987009,-1.254556977,212.3106326,206.9477967,278.7841713,4.654098064,6.035445458,3.370726876,214.5253495,206.6570448,278.2704275,7.181603914,0.9619883225,4.805540941,0,-142.232414,106.8685443,38.62677355,-133.9790977,35.20303084,-0.00464616499,-142.5413017,107.1536173,-24.07521817,105.0175138,148.6996537,49.98836127,49.98836343,2330.811839,2324.077896,-59.26259928,-172.2691386,5.7760571,1
4947,24,48,96,1,1,1,1,1,0,1,1,1,0,1,1,213.8043279,208.1998932,277.0845196,31.00608328,14.05300372,30.11500587,216.9929231,206.3523881,276.7436071,31.11062576,10.44747153,30.67841416,-20.86870362,-0.3462661267,21.21585625,20.9187908,0.3663781694,-21.28423197,213.723108,208.0397996,277.0607766,8.172659027,10.49899629,5.199252528,216.5153839,206.1994507,276.2922331,7.885182782,4.883463053,7.439421467,0,-143.1399145,106.8157582,48.76641597,-142.4501912,8.519463962,-0.3552628848,-143.793525,107.3563007,-51.68835912,38.76017553,150.7218656,49.98747664,49.98642422,2468.997889,2647.350008,-77.18570646,-102.0722258,5.9253611,1
4948,24,48,96,1,1,1,1,1,0,1,1,1,1,0,1,209.3244951,207.6834365,280.5082685,33.84555294,29.53026913,5.638154771,210.1508956,207.9721125,280.6483737,33.72928427,29.46861369,5.630518203,-31.61423924,28.19939068,3.414993391,31.52952699,-28.13038448,-3.398999218,209.1819545,207.5110268,280.4126786,5.09388982,2.763922201,2.331618083,209.9659787,207.822166,280.5549066,4.930696411,2.865201347,2.34214079,0,-140.9580284,106.1405437,-1.741092305,-144.4019388,106.6282513,0.1017956101,-140.9004583,106.1512226,1.517206935,-137.7743766,105.5582885,49.98708686,49.9871031,2584.191312,2576.796591,-40.29500715,-151.9111556,6.4250142,1
4949,24,48,96,1,1,1,1,1,0,1,1,1,1,1,0,308.2088573,322.4887377,320.9263358,20.20255995,21.61910016,14.63228829,309.647491,322.8079032,320.9992463,18.94442914,21.06075135,14.94418622,-6.225099934,6.089140748,0.1451446089,-1.141195342,-1.988215007,3.137619948,247.9647733,257.1325001,218.6746089,6.321889156,2.552787474,1.843563249,249.818613,257.9465637,218.8504109,6.400639877,4.792666237,3.451159009,0,-163.3635291,103.2406703,20.77706219,-137.9041091,172.4410016,0.03533475742,-163.4127572,103.3448097,-20.77919572,-176.7550079,73.28494364,49.96675029,49.9864624,4911.181058,4460.985208,39.71453822,-108.6295605,5.7724689,1
5097,24,96,16,1,1,1,1,1,1,1,1,1,1,1,1,192.7548874,293.6324906,218.6878016,4.891696822,1.850602422,8.171281458,193.2183327,294.0110664,219.9195813,4.486516151,3.064118295,6.855930246,0.002968595597,-0.0032324064,0.0003983381205,-0.003117584655,0.002957984244,0.0003246132998,192.750501,293.634787,218.6875837,4.890951798,1.848715719,8.170806624,193.2139484,294.0134174,219.9194001,4.485717641,3.063013732,6.855409001,0,-108.3968001,150.2842206,-9.87906067,-102.4339464,150.24081,0.1496303021,-108.3585358,150.3821936,10.50804079,-112.0478698,149.8472113,49.98371361,49.98371489,3262.417531,3251.668088,-83.89416256,-276.4660276,5.7765409,1
5098,24,96,16,1,1,1,1,1,1,0,1,1,1,1,1,192.8167284,293.349204,219.0163275,8.03657495,8.397248022,8.311201699,193.4243211,292.426329,221.8878567,3.503188183,8.53663295,11.51930038,1.732132926,-7.170025497,5.438010483,-1.700079345,7.19539714,-5.4952014,192.8106093,293.350329,219.0151997,7.717922531,4.224229963,6.054425875,193.41768,292.414096,221.8741213,2.709360923,4.454296371,9.982156611,0,-108.031194,150.4423161,14.96979047,-166.0346475,176.0616352,-0.3423127247,-107.803581,150.5687048,-48.79259429,-54.41865612,134.9678311,49.98356625,49.98356485,3290.936416,3282.557968,-84.55915744,-275.2055031,6.043563,1
5099,24,96,16,1,1,1,1,1,1,1,0,1,1,1,1,192.8171432,293.352243,219.0126001,8.029257395,8.369196276,8.270865457,193.4271323,292.4290593,221.8833981,3.510544053,8.50284792,11.49754995,-1.742194807,7.136161518,-5.393799649,1.709620843,-7.161804846,5.452315261,192.8110214,293.3534054,219.0114511,7.708749966,4.229877818,6.042366766,193.4206535,292.4170887,221.8698339,2.714761595,4.448410418,9.983597373,0,-108.034954,150.4400504,14.98084636,-165.9219402,175.9528638,-0.3415521571,-107.8076418,150.5672978,-48.63155254,-54.31474072,135.059354,49.98356525,49.98356809,3291.547503,3281.478215,-84.38367464,-275.5134667,6.0696801,1
5100,24,96,16,1,1,1,1,1,1,1,1,0,1,1,1,193.1310215,293.5227079,218.5892405,5.8296309,5.347923094,11.97093959,194.3564425,294.4810235,218.4185364,9.820203442,4.267191334,9.706614946,5.307385501,1.424708049,-6.731947448,-5.361578394,-1.418772763,6.78050928,193.1245956,293.5240445,218.5883986,2.162349171,4.987609197,9.809248136,194.3356415,294.481298,218.4046243,8.157066854,3.807564438,6.819083607,0,-108.7316724,150.1938999,-53.60484197,-63.59686558,128.8985554,0.5591333696,-108.9857563,150.4804812,12.33749282,-177.4799433,-178.8411392,49.98363425,49.9836377,3277.858454,3267.472312,-100.3121827,-292.0733843,5.7770148,1
5101,24,96,16,1,1,1,1,1,1,1,1,1,0,1,1,193.1245719,293.5276283,218.5870813,5.789874974,5.345443853,11.94799411,194.3493947,294.4867239,218.4170228,9.794972752,4.265398161,9.679902572,-5.265914719,-1.4311599,6.697217177,5.31945679,1.42475775,-6.744069687,193.1181493,293.528984,218.5862434,2.162301082,4.985612888,9.807285875,194.3287918,294.4869989,218.4032446,8.155574876,3.806409004,6.818948484,0,-108.7315016,150.1928703,-53.56967877,-63.60132071,128.9066312,0.5595137081,-108.9852532,150.4795745,12.33403412,-177.4534509,-178.86246,49.98363601,49.98363805,3277.87893,3267.111187,-100.2288275,-292.0239594,5.8395108,1
5102,24,96,16,1,1,1,1,1,1,1,1,1,1,0,1,191.8180486,294.7774555,218.3073531,13.92938358,9.201582799,13.15906828,190.1412837,296.874277,219.1721195,11.73223931,11.84558478,4.719078728,-10.10405702,8.103654769,2.000564393,10.13804227,-8.148703351,-1.9892181,191.8134091,294.7738236,218.3061275,9.184972744,3.258078221,12.85735666,190.1015433,296.8397161,219.1674924,5.224807546,8.092015548,3.799841969,0,-108.4366094,150.1368832,-33.27278558,54.07544569,162.6892628,0.2400141735,-108.1391705,149.656674,73.63886123,-115.3321618,100.4282997,49.98358934,49.98359404,3285.34916,3277.759451,-84.89662773,-273.2757271,5.7636485,1
5103,24,96,16,1,1,1,1,1,1,1,1,1,1,1,0,191.8202857,294.7781659,218.3029958,13.91779276,9.20202911,13.16225211,190.1429806,296.8861542,219.1689406,11.72795007,11.85217564,4.718523555,10.09344766,-8.097435433,-1.995880965,-10.1276563,8.141934852,1.985854846,191.8156615,294.7745384,218.3017889,9.180053452,3.275948778,12.86081701,190.1034559,296.8516408,219.1642571,5.237677438,8.108420195,3.799812061,0,-108.4398757,150.136088,-33.36505399,53.95321334,162.69695,0.2426461683,-108.1417313,149.6551037,73.53989026,-115.4055687,100.3643959,49.98359088,49.98359276,3285.808579,3277.286132,-84.44632285,-273.8101455,5.8172389,1
5104,24,96,16,0,1,1,1,1,1,1,1,1,1,1,1,192.3210113,292.9232359,220.1094462,3.661397205,7.825722732,11.48989052,193.1315583,294.1385427,219.9121525,8.119432925,7.709558061,7.900202226,-1.588319273,6.390637297,-4.802170416,1.626506267,-6.353720849,4.727366644,192.3137993,292.9093453,220.1018208,3.095091511,4.395380609,10.27554816,193.1229229,294.138547,219.9117389,7.876184268,4.24122272,6.066989204,0,-107.3041995,150.8361476,-55.45335164,-53.39975974,133.5731992,0.5850177183,-107.5023693,151.0313272,18.89961535,-164.4528307,-179.6574834,49.98359283,49.98358512,3286.948492,3277.355554,-71.03525726,-266.9092993,5.824393,1
5105,24,96,16,0,1,1,1,1,1,0,1,1,1,1,1,161.2431902,506.5082693,243.5225006,18.72275545,24.74175466,31.91022039,153.7460547,505.6504666,239.5778481,15.11251784,26.24277564,29.48140998,-8.648677396,-16.07449233,24.72345487,4.858403393,21.37045895,-26.22842961,100.1480518,381.7520907,212.1543376,11.16073315,16.17121039,19.39081729,96.70919477,376.271427,207.4511417,7.349503153,11.05754567,11.7088789,0,-105.0173868,132.8560851,-29.00178171,-133.9553465,95.5751755,-0.3724131497,-105.1909858,133.2300063,133.0407906,30.06456563,-132.3748255,49.97497632,49.97502258,4995.645051,5003.306712,-193.4777891,1089.525585,5.5019358,1
5106,24,96,16,0,1,1,1,1,1,1,0,1,1,1,1,193.0339904,291.5233216,221.0771001,7.253439676,21.00444426,17.79359864,193.8331085,291.5571513,222.526288,7.24434914,20.95521244,17.90004996,-4.923832282,20.17576365,-15.25177428,4.932404829,-20.1565031,15.22423562,192.979013,291.4890036,221.0434061,4.631610335,2.566834431,7.43396221,193.7625693,291.5278249,222.4721571,4.613704469,2.307468482,7.75885605,0,-106.5002553,151.3704909,-0.1524387585,-111.077809,149.9374552,0.09646079046,-106.4851593,151.5493827,-0.1244438328,-101.5066468,152.3612654,49.98304188,49.98303444,3396.60268,3388.180287,-43.3769333,-238.6720713,5.7596642,1
5107,24,96,16,0,1,1,1,1,1,1,1,0,1,1,1,192.3164872,292.9286881,220.1027592,3.661978972,7.835147653,11.49942864,193.1258715,294.1490509,219.9047989,8.124543234,7.724895424,7.907690177,-1.581452182,6.405785918,-4.824186264,1.61943834,-6.368778603,4.749467229,192.3093407,292.9147085,220.0952084,3.097926785,4.394645438,10.2778372,193.1172853,294.1490454,219.9043711,7.882291091,4.251258469,6.062642543,0,-107.307679,150.8337843,-55.5893046,-53.26010523,133.5889526,0.5863956868,-107.5055193,151.0286318,18.93487201,-164.3922078,-179.6631278,49.98359069,49.98358746,3286.644979,3277.634985,-70.94405323,-267.0744776,5.5875696,1
5108,24,96,16,0,1,1,1,1,1,1,1,1,0,1,1,193.1688949,293.4739258,218.6183344,5.912066845,5.374922875,12.02617264,194.4032814,294.4369296,218.430857,9.905589965,4.272757252,9.754991335,-5.412708221,-1.381408185,6.794261948,5.467770953,1.375276495,-6.842908388,193.1624983,293.4752253,218.6175482,2.147864972,5.031735898,9.837715468,194.3818014,294.4372185,218.4165009,8.195217334,3.833635667,6.83010989,0,-108.7184903,150.2090883,-54.48884691,-63.48179304,128.7158128,0.5633683085,-108.976254,150.4979527,12.33669208,-178.026994,-178.4696698,49.98362241,49.98364077,3280.546346,3266.610049,-100.7139644,-292.0259236,5.6885609,1
5109,24,96,16,0,1,1,1,1,1,1,1,1,1,0,1,186.8730712,296.6437235,220.5971823,73.31689463,78.79240055,41.24049449,190.0260743,303.5909869,212.846219,74.92351574,78.90864514,34.42533167,-50.06435725,51.20505252,-1.140381021,50.3299796,-51.25863763,0.9289772916,186.5387503,295.7009886,219.8342275,14.07527302,19.47025915,26.94353921,186.5156737,301.5231921,212.3999474,19.74308025,19.14233303,15.7420463,0,-106.479203,150.5022043,-116.2228421,-28.12721587,120.5707553,2.26494958,-107.6077133,150.3490429,40.05147635,166.6379323,-87.21406303,49.97459146,49.97468248,5024.526174,5035.241494,169.9547069,137.4106041,5.8870729,1
5110,24,96,16,0,1,1,1,1,1,1,1,1,1,1,0,182.905557,307.335082,224.3350038,6.293997484,22.4785714,24.16778621,182.8180504,308.4437383,224.4520015,10.70372467,22.45807438,23.04095134,-0.3351070918,16.58956174,-16.2542364,0.3593160874,-16.26264504,15.90343442,177.2278437,304.9827125,218.5650805,2.824944371,3.121918745,8.095695359,178.3002796,306.4717143,219.1562364,8.924444706,5.115886325,7.557093315,0,-105.2878969,149.0355861,-89.49584006,-32.7644275,132.826872,0.7809325948,-105.3508637,149.3451583,18.53332277,-140.9733977,166.0658258,49.98042717,49.98475231,3786.48946,3150.882277,122.511129,-221.1896054,5.7670016,1
5111,24,96,16,1,0,1,1,1,1,1,1,1,1,1,1,192.319279,292.9239249,220.1126194,3.656243772,7.836687409,11.49537786,193.131195,294.139084,219.9152784,8.123009325,7.720579605,7.916396483,1.581549159,-6.404948861,4.823527959,-1.620104866,6.367382912,-4.747118619,192.3120892,292.9099485,220.1049757,3.091519771,4.395830234,10.27189534,193.1226096,294.1390552,219.9148762,7.88088196,4.241771257,6.07173152,0,-107.3015379,150.8370901,-55.52615397,-53.39176147,133.5585985,0.585791737,-107.4997069,151.0330672,18.88278779,-164.4537383,-179.6640316,49.98358851,49.98358872,3287.140632,3277.241662,-70.75351991,-267.1435619,5.777359,1
5112,24,96,16,1,0,1,1,1,1,0,1,1,1,1,1,193.0314077,291.5300668,221.0822451,7.252808169,21.04866372,17.83753806,193.82951,291.5560601,222.5151297,7.243918327,20.98827668,17.92768999,4.923496528,-20.20395838,15.28047419,-4.932813841,20.18414912,-15.25130892,192.9761943,291.4952506,221.0482325,4.63143304,2.613952967,7.453034915,193.7594102,291.5270181,222.4612781,4.613741763,2.259136149,7.741967224,0,-106.4981994,151.3717813,-0.1532598219,-110.8181675,149.5945585,0.09680151015,-106.4858022,151.55193,-0.1234069803,-101.6026436,152.6990596,49.98303761,49.98303446,3397.634521,3387.844875,-44.65544358,-237.2640693,5.6245054,1
5113,24,96,16,1,0,1,1,1,1,1,0,1,1,1,1,161.6740158,506.0843046,243.7409307,19.17616318,24.77449022,32.10695219,153.9684301,505.215798,239.7013588,15.5396893,26.28565232,29.59344786,8.836801826,16.04826161,-24.88526619,-5.047613894,-21.33858884,26.38595789,100.2822656,381.5505169,212.2945479,11.42063429,16.16493125,19.45364573,96.73774131,376.0650185,207.5699317,7.587285451,11.08697021,11.65018267,0,-104.8505526,133.0264936,-28.9038278,-134.208496,96.13861898,-0.388415213,-105.0164268,133.3841476,133.7624003,29.64426491,-131.5833969,49.97510196,49.97487049,5021.310272,4981.445084,-196.1360758,1092.147266,5.4129453,1
5114,24,96,16,1,0,1,1,1,1,1,1,0,1,1,1,193.1724431,293.4724184,218.6138714,5.954038658,5.381915794,12.03939721,194.4186054,294.4354682,218.4270953,9.962248148,4.274534973,9.799417756,5.459177848,1.369183462,-6.828217776,-5.514819485,-1.363579649,6.878528022,193.1660187,293.4737352,218.6130715,2.126606304,5.043931425,9.827500628,194.3968029,294.4357566,218.4125881,8.227421952,3.8418226,6.855102148,0,-108.7227042,150.2074958,-55.17637753,-63.44763132,128.5750051,0.5650241316,-108.9817401,150.4988383,12.26989317,-178.17628,-178.4159537,49.98362565,49.98363618,3279.098774,3268.339154,-100.0301841,-292.9931809,5.6869381,1
5115,24,96,16,1,0,1,1,1,1,1,1,1,0,1,1,190.679832,293.3468233,222.7463728,24.01398711,58.99532733,60.0460152,196.9689489,291.57605,220.190298,29.64780988,57.84646179,60.41652383,0.3471105319,-39.43918674,39.09205692,-0.4189399436,39.22252683,-38.80363427,190.1317683,291.4865075,221.5878154,11.31913065,14.894439,14.59079901,196.0102612,291.3326003,219.8475801,20.43330714,11.16730304,18.62023679,0,-105.5720185,151.4116097,172.4311164,-72.63312604,73.96184979,1.438064803,-106.651614,153.0087725,-3.99736557,121.2469239,-158.5377752,49.97794926,49.97813733,4403.506767,4333.448478,158.5029974,-151.5343473,5.8622046,1
5116,24,96,16,1,0,1,1,1,1,1,1,1,1,0,1,183.0645261,306.2065127,224.5572928,6.625877928,24.04701886,25.66588879,182.7153554,306.6613616,223.9329827,9.886068894,23.35111663,23.99275695,1.575173996,-18.62023174,17.04488932,-1.586826671,18.31340033,-16.72618419,177.5768114,303.9361385,218.8803248,2.777066256,4.622811363,9.874775442,178.3779981,304.8886093,218.9102148,7.715014101,2.524923393,7.683596817,0,-105.0370376,149.2956055,-64.28198223,-75.41622171,121.9300923,0.6625703584,-105.1766964,149.5926754,18.9698262,-170.3774706,-175.0119577,49.98011567,49.98510281,3994.372514,2954.009944,100.5509744,-204.8814614,5.495209,1
5117,24,96,16,1,0,1,1,1,1,1,1,1,1,1,0,187.0825966,296.6014007,220.6721093,72.06967832,77.22194843,40.16038635,190.0858096,303.4126865,213.0154076,73.65122947,77.35122371,33.19417732,49.31270609,-50.20328596,0.8919461658,-49.57051557,50.25607861,-0.6841690004,186.7709389,295.681759,219.9339111,13.72728465,19.20085706,26.61787733,186.7128465,301.3861502,212.5875098,19.34631037,18.92450429,15.26292112,0,-106.5080054,150.5026987,-115.3524338,-27.65867906,121.4303053,2.212108827,-107.6251417,150.3422485,40.17289742,167.3017041,-86.49345209,49.97520877,49.97479704,4839.313772,5009.931581,130.0713193,127.0193729,5.7699726,1
5118,24,96,16,1,1,0,1,1,1,1,1,1,1,1,1,193.2862912,294.4319268,217.2744412,9.388819851,3.923544019,9.594720263,193.3588879,293.9353749,219.9629418,5.122666947,5.393166587,11.06813727,-4.915639437,-1.361099029,6.276859909,4.812606569,1.360348273,-6.172824807,193.2647896,294.4321558,217.2651424,7.957642783,3.455788146,7.127736823,193.3511068,293.9373081,219.9624587,1.561816723,5.064210335,9.086688664,0,-109.5149485,149.7232379,5.543890482,178.2933935,175.2959445,-0.2799465979,-109.2310378,149.7289218,-31.3554184,-68.9118401,129.5621791,49.98368248,49.98367519,3269.390454,3258.912286,-106.8777052,-297.8780549,5.7787435,1
5119,24,96,16,1,1,0,1,1,1,0,1,1,1,1,1,192.8221536,293.3474179,219.0142838,8.03853939,8.388571412,8.305139177,193.4293942,292.4246037,221.8887657,3.501182156,8.532419898,11.51963526,1.731823947,-7.159266256,5.427583655,-1.699446334,7.184522509,-5.484919851,192.8160136,293.3485747,219.0131508,7.720504862,4.223170727,6.05503501,193.4227881,292.4124218,221.8750598,2.708607131,4.461785458,9.987954667,0,-108.0340769,150.441393,14.971447,-166.1525603,176.1518559,-0.3426631977,-107.8059086,150.5676323,-48.83985974,-54.47391484,134.9230073,49.98357052,49.98356122,3290.682337,3282.729149,-84.4804372,-275.3902515,5.9112991,1
5120,24,96,16,1,1,0,1,1,1,1,0,1,1,1,1,193.4690828,294.2667556,217.3176299,9.837882401,3.977504737,9.842378621,193.5079188,293.7392589,220.0857076,5.597862533,5.509716882,11.36599711,-5.465682659,-1.149586859,6.615403445,5.352642794,1.147779975,-6.500273647,193.444027,294.2671516,217.3065511,8.142827205,3.601271871,7.154577346,193.4998994,293.7410364,220.0851754,1.453879392,5.245600941,9.220516934,0,-109.5104854,149.7605295,5.840609652,176.0993098,176.9530136,-0.3014025589,-109.2109951,149.7573228,-36.94071197,-68.02763501,128.6247602,49.983666,49.98365408,3272.323411,3263.494572,-107.9848637,-299.7706125,6.2863398,1
5121,24,96,16,1,1,0,1,1,1,1,1,0,1,1,1,314.3998326,324.097966,313.127022,21.62615823,17.44328435,20.95917885,315.3643417,325.1710011,315.0861894,21.25581342,17.64693646,19.63028461,-6.054749411,-0.4971589463,6.558958652,-1.349013906,-2.801749921,4.155146412,248.4745111,221.899256,252.5207435,5.275333101,1.381103726,9.075525136,249.4443461,222.7814442,254.2311293,6.78247565,3.127158606,8.283662848,0,-92.73939799,166.8975646,-10.59467166,-37.63030231,167.5989325,0.2009270327,-92.70885176,166.9770305,8.026162631,-114.0222294,165.6517489,49.95979762,49.97253529,7396.611845,6167.650508,492.4315552,170.7629854,5.7473333,1
5122,24,96,16,1,1,0,1,1,1,1,1,1,0,1,1,193.6811975,296.3024429,214.8419817,31.47537722,5.943285994,36.27625282,194.3942849,296.4559333,216.1594841,31.33556113,5.944706464,36.05113069,-29.73161461,-3.694165165,33.4258224,29.58491785,3.681811398,-33.26668334,193.4770448,296.1894884,214.7021201,4.60457084,2.4548274,7.520204524,194.1874546,296.3455008,215.9741895,4.679631627,2.482108448,7.238891351,0,-111.6843064,148.5871603,-3.578758023,-111.0063459,146.6264979,0.1265083538,-111.6735891,148.7483783,3.26124741,-112.4511466,150.2099978,49.98228095,49.98227046,3547.784589,3541.806924,-110.5793072,-298.2898127,5.997566,1
5123,24,96,16,1,1,0,1,1,1,1,1,1,1,0,1,199.5089927,289.8256349,218.6246211,62.79009414,28.93444265,60.39648266,193.0607416,296.3697025,216.4584989,61.34895729,31.54729934,56.21673922,-41.79295992,2.048130093,39.74487578,41.29483637,-2.141812843,-39.15293679,197.2935697,289.449487,217.1797766,17.12099514,14.02077711,20.92997101,192.3381612,295.726838,216.3876454,15.08021661,18.62741284,7.295546071,0,-109.8827641,150.7476559,-61.42263077,48.60021445,163.5093593,1.066509724,-109.2080078,149.4506245,85.57328484,-125.8326631,11.87220762,49.97786095,49.97800184,4417.954998,4365.799851,116.1085081,-185.1904131,6.1930829,1
5124,24,96,16,1,1,0,1,1,1,1,1,1,1,1,0,191.736528,294.9550446,218.1825144,15.15354199,11.02899676,13.22794924,190.0783461,297.0948277,219.0082233,13.19292088,13.32225849,4.642194935,10.94529749,-9.02223406,-1.922951661,-10.99184653,9.071326924,1.92065245,191.7293248,294.9462005,218.1800313,9.193720815,3.2566247,12.92855834,190.0067625,297.0325379,219.0004703,5.272920504,8.079025647,3.700915418,0,-108.5265178,150.0707313,-33.57580182,52.6397944,162.3204111,0.2466037755,-108.2341421,149.586099,73.62012535,-115.9508333,99.76521792,49.98355288,49.9835424,3293.614342,3286.822291,-86.78693382,-272.2359013,6.2559323,1
5125,24,96,16,1,1,1,0,1,1,1,1,1,1,1,1,193.2846894,294.4331664,217.2801047,9.398042008,3.922220516,9.61363125,193.3576268,293.9373226,219.9652811,5.148640503,5.391576039,11.08202498,4.942221548,1.36209482,-6.304139942,-4.839107054,-1.361958614,6.201251175,193.2630307,294.4334257,217.2707588,7.951871874,3.45108058,7.127295469,193.3498606,293.9392573,219.9647837,1.565331378,5.060295998,9.083745907,0,-109.5118799,149.723838,5.531808712,178.3342818,175.2569783,-0.279078314,-109.2284436,149.7299752,-31.17963646,-68.94826984,129.5872844,49.98367992,49.98367669,3269.713318,3258.923301,-106.7237648,-298.0721547,5.8846277,1
5126,24,96,16,1,1,1,0,1,1,0,1,1,1,1,1,193.4639963,294.2689781,217.3163318,9.831605674,3.979160927,9.838707299,193.5058172,293.7404397,220.0840656,5.600380566,5.507947861,11.37311377,5.465989508,1.153980708,-6.619833579,-5.353546655,-1.152710796,6.506404057,193.4390341,294.26937,217.3052555,8.135215086,3.601821281,7.14576268,193.4978283,293.7422292,220.0835475,1.462411655,5.242855895,9.226305548,0,-109.510081,149.7598094,5.873167672,176.1527414,176.9532039,-0.3006450135,-109.2108738,149.7577574,-36.87407674,-68.00625659,128.6647542,49.98367153,49.98364902,3270.988183,3264.697885,-107.856511,-299.8317875,5.9340868,1
5127,24,96,16,1,1,1,0,1,1,1,0,1,1,1,1,196.4043077,290.5777889,219.1143316,28.1313851,55.40798974,58.06373616,191.9403101,292.2807583,224.5513684,22.24294769,56.42510686,57.23474034,-0.4302239743,37.45451941,-37.0243185,0.5027634014,-37.57215887,37.06937409,195.7589938,290.4688399,218.8021416,19.82479801,10.79296963,17.90516532,191.5268601,290.8894666,223.1724901,10.59785709,14.49607203,13.68511501,0,-108.2389438,151.0457925,-6.629921161,119.9466796,-161.4263435,-1.133205532,-107.1665727,149.8414013,168.1038559,-74.36761722,73.87208712,49.97877373,49.97841619,4209.908651,4297.711836,-5.422805209,-91.86317538,5.870723,1
5128,24,96,16,1,1,1,0,1,1,1,1,0,1,1,1,193.6670668,296.3116758,214.8339166,31.50478036,5.944565978,36.30147661,194.3947926,296.4674182,216.1667058,31.37501968,5.946262736,36.09055751,29.76071659,3.693119701,-33.45377986,-29.61420939,-3.680974337,33.29521921,193.4623525,296.1997467,214.6948501,4.56894017,2.454506343,7.484985152,194.1875604,296.3559091,215.9800007,4.713573245,2.482591789,7.27439828,0,-111.6852968,148.5838172,-3.479339134,-111.0161152,146.5442294,0.1264097656,-111.6745405,148.7469684,3.114579483,-112.4431927,150.27165,49.98228521,49.9822659,3548.73993,3540.821203,-109.0470431,-299.550282,5.9096812,1
5129,24,96,16,1,1,1,0,1,1,1,1,1,0,1,1,313.7302357,327.0243213,313.3922465,30.56093198,24.12184345,24.8925765,315.009452,329.2722743,315.4085886,31.01440871,24.76787231,24.79320563,8.554123969,-1.319683241,-7.22597763,-1.317381768,4.614564683,-3.289824115,249.6492193,224.9818335,254.9478216,2.868272994,2.830513962,7.384249024,251.3342341,226.6391739,257.0970898,10.51017312,5.164633226,10.15124264,0,-92.33234097,166.8695174,-53.47503242,9.877600038,164.6705222,0.4957091707,-92.3320755,167.0936279,12.65550379,-124.7563471,168.1584789,49.97630363,49.95527008,6936.448099,6726.407929,637.8270143,39.90455908,5.801734,1
5130,24,96,16,1,1,1,0,1,1,1,1,1,1,0,1,191.7755341,294.8829015,218.2129533,14.32555231,9.754672848,13.23033674,190.0689718,297.0059397,219.0535677,12.17283934,12.30235446,4.636758888,-10.46179011,8.557414631,1.904418682,10.50301443,-8.604602929,-1.898367747,191.7701774,294.8777107,218.211437,9.263719955,3.302460234,12.94511314,190.0204947,296.9631352,219.0479592,5.282935002,8.136499196,3.745078352,0,-108.5027977,150.0933833,-33.50276791,53.91536472,162.5912228,0.2427648031,-108.2037693,149.6047381,74.36546465,-115.4911734,99.19783016,49.98356571,49.98359639,3290.092564,3277.002812,-85.27278944,-274.1466587,5.8579713,1
5131,24,96,16,1,1,1,0,1,1,1,1,1,1,1,0,199.1559841,290.1552817,218.5163345,60.88124157,28.17786078,58.4517843,193.0816519,296.5368273,216.6568143,59.51148564,30.81772999,54.38156444,40.75906402,-2.138772741,-38.62035258,-40.27298718,2.228987159,38.04379841,197.0620164,289.7962613,217.1443038,16.46786088,13.76357483,20.21594479,192.4003979,295.9304703,216.5881863,14.59520395,18.38396548,6.780853242,0,-109.8855207,150.6817387,-61.7873492,48.93284744,164.0336368,1.042808179,-109.2185625,149.441365,83.85645101,-125.5046421,16.19888735,49.97821469,49.9784853,4330.651472,4227.500981,104.7566125,-219.4647715,5.8736486,1
5132,24,96,16,1,1,1,1,0,1,1,1,1,1,1,1,188.9790273,297.224204,217.8647631,13.06912402,12.58408651,5.299012445,191.8115443,295.5445957,219.685062,14.75915133,10.4101868,12.75022589,11.73633665,-9.35996397,-2.376269268,-11.62061734,9.292406922,2.328308272,188.9279028,297.1625012,217.857059,4.508803413,7.464320064,4.124137335,191.8064298,295.5354751,219.6842803,8.381995477,2.675342771,12.32389241,0,-108.3951704,149.4293571,66.45053895,-116.9385604,105.5793495,-0.001975335638,-108.6233617,150.1724068,-29.68456286,47.44676349,162.8054243,49.98356961,49.98355819,3290.775237,3283.552476,-76.06529659,-273.0326933,5.6763881,1
5133,24,96,16,1,1,1,1,0,1,0,1,1,1,1,1,188.673242,302.5184784,213.9590306,69.28381411,71.47806917,28.25205745,187.7829691,295.9581494,223.0344982,67.3564801,71.13966383,34.96898486,46.87650559,-46.61896056,-0.2582346895,-46.37400656,46.47052296,-0.09722020137,186.2370461,300.3769711,213.597319,17.79106599,17.25665521,12.30281605,187.5834825,295.1838206,222.4218003,11.91480242,17.22191025,23.7236025,0,-110.1262338,147.8395874,36.21807496,168.882545,-90.29439099,-1.798609706,-109.1556057,148.3262056,-116.937039,-27.67618403,121.7688068,49.97560424,49.97758107,4824.702934,4230.682299,161.066179,-141.6106126,5.5068228,1
5134,24,96,16,1,1,1,1,0,1,1,0,1,1,1,1,183.0322283,306.1470524,222.6089162,10.03744311,22.50818658,22.848271,184.347687,305.2761213,225.3263357,6.100891004,22.9352947,24.02314643,-0.7871764779,18.7889745,-18.00502406,0.7905660497,-19.05154551,18.25781035,179.5134847,304.4454751,218.1949316,8.145261117,3.154385471,7.622268492,179.9115338,303.4859734,220.6609952,2.324313946,4.398342618,9.320842839,0,-106.1208319,148.8863524,15.32737503,-165.523638,179.4498794,-0.4626398595,-105.9684809,148.93088,-71.24883241,-67.98863587,123.9870111,49.98486736,49.98072956,3102.845191,3761.486218,-49.29136332,-113.6688555,5.6647766,1
5135,24,96,16,1,1,1,1,0,1,1,1,0,1,1,1,191.578605,297.0256893,215.5179424,67.74410158,35.08202857,62.12322506,199.9629139,290.0338171,221.092459,68.54385048,32.51148566,65.63005082,45.83866243,-2.627855228,-43.21069894,-45.94034398,2.541411517,43.3990654,190.7691862,296.1066187,215.4368054,15.95051152,19.8614326,8.059656723,197.3918507,289.5182128,219.2315861,17.48806762,15.29247365,21.66762121,0,-110.4780928,148.5383055,83.05971818,-128.9983695,7.978279501,-0.9916463339,-111.1341879,150.214229,-65.28130297,45.28846671,162.4163219,49.9767263,49.97668618,4642.870463,4645.97304,36.40743392,-27.75933423,5.7455628,1
5136,24,96,16,1,1,1,1,0,1,1,1,1,0,1,1,189.0349764,297.2957909,217.7162753,13.30593929,12.85862556,5.228308798,191.9042997,295.5925651,219.5471355,15.00025361,10.70293783,12.81165161,12.0006021,-9.712877175,-2.287733661,-11.8754109,9.643597298,2.231811066,188.97589,297.2232692,217.7062619,4.55615422,7.532263536,4.087664925,191.8967844,295.5789726,219.5450844,8.475421993,2.735917347,12.40637361,0,-108.5223572,149.3680651,67.53727854,-116.9483862,104.3153932,-0.002460135273,-108.7549185,150.1209281,-29.92418058,48.00930205,162.8282911,49.98357249,49.98354385,3290.127685,3286.679201,-78.54477376,-275.5249329,5.6298784,1
5137,24,96,16,1,1,1,1,0,1,1,1,1,1,0,1,318.1760054,366.9505413,259.4703265,19.64670158,21.10922863,16.54095541,319.5493392,367.8715207,262.3819264,18.41578567,21.26901077,16.83419855,8.490918008,-5.223775217,-3.267561145,2.090671744,3.915482982,-6.007110054,209.341067,325.8319677,183.9555078,3.854633116,1.534706896,6.003341115,211.1038827,326.9881063,185.9701176,6.672568788,4.901174229,7.281134966,0,-136.6134507,136.2322234,23.03803932,-74.89381047,155.5067466,0.1033047521,-136.5613319,136.2729946,-13.24196375,-152.6494794,120.0614377,49.9672706,49.97301748,5301.552041,6650.191156,-848.879822,-1183.805199,5.7221238,1
5138,24,96,16,1,1,1,1,0,1,1,1,1,1,1,0,184.7242348,300.7380143,217.4396789,49.6578874,42.0865595,11.22702867,185.4169578,300.8069199,218.8552108,49.46448046,42.07064948,11.08158495,45.86499417,-38.87300557,-6.991672938,-45.71721513,38.83500311,6.882553257,184.3491189,300.3825691,217.2115791,4.608996816,2.305022537,7.50389806,184.966602,300.5233125,218.6199641,4.234445434,2.717854906,7.423450162,0,-107.7275467,149.0051195,-3.181081492,-112.8318897,149.1677666,0.101982162,-107.6919245,149.1523098,3.16966917,-103.4697704,148.4303604,49.98092917,49.98089609,3818.641701,3815.861729,46.80284143,-145.5059962,5.9641249,1
5139,24,96,16,1,1,1,1,1,0,1,1,1,1,1,1,188.9757789,297.2626571,217.8614988,13.19815513,12.72702406,5.297121504,191.8003109,295.5544791,219.6821368,14.83779602,10.55690014,12.75442718,-11.82905232,9.457582571,2.37156914,11.7118549,-9.390094682,-2.321665564,188.9233317,297.1995095,217.8536775,4.558602859,7.522226789,4.125353958,191.79517,295.5452222,219.6813348,8.349012241,2.741497515,12.32958294,0,-108.404609,149.4204999,65.96420453,-117.2531289,105.4619913,-0.009326633017,-108.6328987,150.1641389,-30.05458057,46.95288792,162.8213488,49.98356388,49.98356035,3291.746938,3283.289174,-77.6752874,-271.3877842,5.9385182,1
5140,24,96,16,1,1,1,1,1,0,0,1,1,1,1,1,186.023881,300.2102577,218.983322,9.915679171,20.78193594,19.75754267,186.7239329,298.8041261,222.2755091,4.438347612,20.61864621,21.7355939,0.217520101,-14.88000123,14.66659124,-0.2185084831,15.04698662,-14.82416597,185.0802762,299.6812795,217.665946,9.25577063,6.263942025,5.678992953,185.471347,298.1747291,220.7471311,2.860088528,5.196520007,10.07682817,0,-107.4689727,149.2046222,17.63753098,-161.0025444,173.0955528,-0.5854507723,-107.2125311,149.3090212,-88.99528004,-31.49330002,135.7276148,49.98085629,49.9853927,3716.414685,3065.169197,-11.86961092,-199.4005959,6.1165283,1
5141,24,96,16,1,1,1,1,1,0,1,0,1,1,1,1,188.322006,302.709399,213.1922767,73.92523559,77.62448828,33.6710682,187.0003315,296.0084434,223.5858539,71.8901542,77.38625149,40.09853074,-49.72613418,50.7157278,-0.9890801056,49.19059452,-50.57088499,1.380894819,185.5372973,300.3185923,212.7508117,19.11177586,18.92189173,15.07823546,186.7467313,295.0163001,222.7300745,13.04828516,19.31079052,26.11401654,0,-110.2739519,147.6551481,35.61088427,163.1228819,-90.25174573,-1.977279631,-109.1024956,148.0907928,-120.4629798,-31.74798761,118.4369714,49.97495794,49.9750057,4995.159976,4893.231238,285.918104,-86.39686456,6.1569146,1
5142,24,96,16,1,1,1,1,1,0,1,1,0,1,1,1,189.0545268,297.3419621,217.7115396,13.51870516,13.09282841,5.221499013,191.9058074,295.5979594,219.5479907,15.13321725,10.95562196,12.8179929,-12.10709357,9.825122168,2.282034269,11.98009657,-9.75559301,-2.224451248,188.9917986,297.265414,217.7013061,4.622228029,7.597331384,4.078505008,191.8980683,295.5836501,219.545813,8.416768271,2.816580084,12.41281341,0,-108.5414663,149.35573,66.68202639,-117.4922557,104.2722555,-0.01346415159,-108.7725783,150.108444,-30.42881695,46.960916,162.785452,49.98356714,49.98353893,3292.726904,3286.614859,-79.97239348,-274.1452916,6.1919982,1
5143,24,96,16,1,1,1,1,1,0,1,1,1,0,1,1,191.6177391,297.1154956,215.5930344,67.18638318,34.92354682,61.51219733,199.861222,290.1490967,221.0437008,67.95772809,32.34005215,64.98374404,-45.55094966,2.692513571,42.85834028,45.65136265,-2.606935133,-43.04449084,190.8192723,296.209494,215.5121924,15.83939759,19.8659616,7.856736182,197.3337331,289.6419584,219.2151476,17.27773542,15.29195302,21.40221821,0,-110.4742193,148.5423715,82.26276135,-128.8983697,9.39673853,-0.9922870685,-111.1304538,150.1978155,-65.70490456,45.4154211,162.643581,49.97691223,49.97684324,4575.92844,4600.074115,16.9553555,-31.79624363,6.3081432,1
5144,24,96,16,1,1,1,1,1,0,1,1,1,1,0,1,184.7211696,300.7417928,217.442819,49.71912587,42.14957578,11.22746837,185.4182937,300.816247,218.8589925,49.52771739,42.1344559,11.08026446,-45.9212019,38.92849204,6.99311632,45.77220942,-38.8917815,-6.880046978,184.3461072,300.3859394,217.2147741,4.596518358,2.296316627,7.505236429,184.9678969,300.5321249,218.6232195,4.24734328,2.724789763,7.422330449,0,-107.7259847,149.0048154,-3.246729574,-112.5537241,149.1655273,0.1032702188,-107.690897,149.1519722,3.222592197,-103.7286188,148.4318877,49.98092387,49.98089941,3821.317237,3815.631608,47.08768145,-145.6868897,5.8069968,1
5145,24,96,16,1,1,1,1,1,0,1,1,1,1,1,0,318.6036895,366.2022714,259.6613004,18.1403849,17.62542432,15.07808277,319.9553402,367.3173177,262.5345367,16.45068624,17.92290294,15.38639803,-10.04704974,6.97287317,3.092955915,-0.5524996236,-5.646738047,6.220159422,209.3399117,324.8987175,183.7993186,3.06415301,2.321054664,6.104402078,211.5242955,326.4374596,185.7595589,7.817878121,6.079717706,7.391654525,0,-136.6942533,136.0776177,36.84650777,-41.83722154,158.4613411,0.1643132959,-136.6744361,136.1431265,-13.70439485,-159.0887753,117.4048163,49.97601038,49.96440741,5009.414089,6896.284154,-781.5169802,-1280.947891,5.6977734,1
5293,24,96,24,1,1,1,1,1,1,1,1,1,1,1,1,184.3549603,269.5952408,243.1067666,4.570949265,1.819836253,6.220481682,184.8911321,269.8495068,244.0108093,4.331457222,2.675910981,5.428082252,-0.009009789278,0.004248659772,0.005056988827,0.008832373983,-0.004737099632,-0.003791854359,184.3464348,269.5977864,243.1085049,4.570203301,1.818838161,6.220181251,184.8826018,269.8520855,244.0125345,4.330699332,2.675260798,5.427767812,0,-121.5280409,136.5330787,-7.270031887,-121.3828483,137.2630302,0.137068001,-121.488173,136.5948999,7.403062194,-121.685609,135.3730735,49.98580079,49.98580705,2843.320347,2834.932632,-24.89563418,-183.9447383,5.9249859,1
5294,24,96,24,1,1,1,1,1,1,0,1,1,1,1,1,184.3776923,269.1115045,243.5447066,7.71876371,8.286711802,6.578867464,185.0099996,267.9457361,245.9650529,3.401049469,7.920519,10.36101688,1.579435616,-6.844199531,5.265038032,-1.553507308,6.865553812,-5.311774846,184.3678817,269.1132694,243.545198,7.437066445,4.553969947,3.700340851,184.9994949,267.9356464,245.9549614,2.715028579,3.809117141,8.789982767,0,-121.2152849,136.6802498,16.21557786,-171.0940086,169.0007532,-0.358426589,-121.0352075,136.8443129,-51.34171102,-55.07373363,123.5532596,49.98568129,49.98567945,2867.103474,2860.540275,-26.52834748,-183.8541419,5.8365644,1
5295,24,96,24,1,1,1,1,1,1,1,0,1,1,1,1,184.3770528,269.110642,243.5421441,7.715867829,8.301262623,6.582913783,185.0128101,267.9449893,245.9658086,3.408995192,7.930820226,10.37278257,-1.580496536,6.85717682,-5.276393007,1.554600924,-6.879529525,5.325205682,184.3672884,269.1123926,243.5426584,7.433196965,4.561831183,3.688285282,185.0022711,267.9348406,245.9556739,2.722396037,3.80798006,8.795846111,0,-121.2162155,136.6797835,16.26450869,-171.0307763,168.9452594,-0.3587619573,-121.0361355,136.8441788,-51.31721184,-54.93453789,123.6248406,49.98567871,49.98568142,2868.054324,2859.673182,-26.15523066,-184.2339273,5.6903501,1
5296,24,96,24,1,1,1,1,1,1,1,1,0,1,1,1,184.7660479,269.5958359,242.9551427,5.081986712,4.868907551,10.12761057,186.2280163,270.4397423,242.5400801,9.159908514,3.868989741,8.300108297,4.794794057,1.413075166,-6.207599193,-4.840120315,-1.40660696,6.246985611,184.7560968,269.5973665,242.9561764,1.41671037,4.500216473,7.922250056,186.2065244,270.440441,242.5304459,7.722792251,3.395430783,5.348645833,0,-121.8147005,136.4956771,-34.02787912,-77.63742405,113.103143,0.4844792267,-122.062073,136.6980538,5.891821387,170.1769891,172.1507374,49.98572338,49.9857315,2858.46928,2850.361652,-37.08128507,-196.3917402,5.7888218,1
5297,24,96,24,1,1,1,1,1,1,1,1,1,0,1,1,184.7658568,269.5910296,242.9573408,5.096771782,4.876280436,10.13339424,186.2285766,270.4337581,242.5385721,9.163563422,3.863430461,8.302165136,-4.810428073,-1.402321386,6.213026371,4.855303801,1.395043064,-6.2500747,184.7559036,269.5925735,242.9583797,1.416452678,4.51133868,7.926827753,186.2071351,270.434511,242.5290258,7.717354988,3.393245135,5.347687844,0,-121.8130627,136.4968337,-33.66978237,-77.72355163,113.0929968,0.4848712968,-122.0611275,136.6996633,5.840385715,169.9592696,172.2025521,49.98572821,49.98572527,2858.222647,2850.767291,-37.64824258,-195.8453213,6.4618779,1
5298,24,96,24,1,1,1,1,1,1,1,1,1,1,0,1,183.6830409,270.5093887,242.7610276,11.90956295,7.59768936,10.38866912,182.3608283,272.0953882,243.6443868,10.07488705,10.10799516,4.409410609,-8.543859457,6.866487708,1.677647482,8.572529352,-6.904138597,-1.668110917,183.6742156,270.5076278,242.761926,8.067279351,2.602307207,10.12030664,182.3296544,272.0727685,243.6434517,4.926533815,7.119646535,3.73645321,0,-121.5323528,136.3608068,-33.85183811,56.93678592,154.1696669,0.275976516,-121.2000936,135.9603153,65.19502286,-122.0279416,78.76460093,49.98571337,49.98570877,2861.01709,2854.372393,-28.60390177,-184.6155318,4.9790046,1
5299,24,96,24,1,1,1,1,1,1,1,1,1,1,1,0,183.6738255,270.5155101,242.7603871,11.93787877,7.638725109,10.38518911,182.3543642,272.1002961,243.6429685,10.11432309,10.13879919,4.413709799,8.581663563,-6.90076582,-1.680622599,-8.610742465,6.937686891,1.673324915,183.6650202,270.5137183,242.7612901,8.059886511,2.601423118,10.11500417,182.3229043,272.0773694,243.6420126,4.926213676,7.118811514,3.736906771,0,-121.5308537,136.3593051,-33.8589514,56.88820093,154.1634299,0.2762117024,-121.1990119,135.9595769,65.11272698,-122.0447221,78.84471421,49.98570909,49.98571131,2861.105635,2854.613716,-28.18993771,-184.9030031,4.0456505,1
5300,24,96,24,0,1,1,1,1,1,1,1,1,1,1,1,184.1213211,268.1838238,244.6820698,3.511998865,7.326945441,10.2217187,184.8986417,269.5642536,244.1554979,7.776382245,7.719010053,6.218926761,-1.499197475,6.278472465,-4.779007753,1.528143507,-6.246285023,4.718409886,184.1108163,268.1723814,244.6769046,2.958120568,3.679823729,8.919622678,184.8872589,269.5651803,244.1568914,7.539103684,4.454732079,3.791245723,0,-120.5225804,137.1457052,-55.40317656,-55.30013354,122.4715553,0.5847649042,-120.6701643,137.1891496,18.85791762,-169.2795947,173.0154554,49.98569403,49.98569562,2865.068806,2856.847341,-16.75014743,-178.5666585,3.9860413,1
5301,24,96,24,0,1,1,1,1,1,0,1,1,1,1,1,170.7609197,468.9466224,274.2121651,16.99843917,22.28142535,27.97898181,164.368506,468.0623342,270.5254499,13.73232827,23.7402904,26.09810046,-8.227062719,-13.89381743,22.12119783,4.30816824,18.98086781,-23.28855536,107.8381055,342.9298713,243.109597,10.32963832,15.00597576,16.52290085,104.7206624,337.7645764,238.8105204,6.646812709,10.52219533,10.09678652,0,-116.4939371,118.5545704,-33.30020137,-147.2168234,81.24082161,-0.05730787391,-116.6451263,118.7873556,121.9559229,16.85227819,-142.4784604,49.97814714,49.97698053,4520.870408,4464.324884,-379.5232329,794.847658,3.9589343,1
5302,24,96,24,0,1,1,1,1,1,1,0,1,1,1,1,184.9246795,266.1037278,245.9778299,6.942745496,22.61790575,18.76350608,185.6886269,266.1400417,246.9814373,6.940278282,22.57517716,18.80518872,-4.660122057,21.65483004,-16.99450659,4.667892689,-21.63513961,16.96745664,184.8536609,266.0590358,245.9386118,4.431976998,2.338173292,5.777144233,185.6052998,266.1031148,246.9256335,4.42407475,2.105567487,6.008152923,0,-119.7567021,137.7878937,-0.1460045027,-123.4677307,136.2719369,0.09762277664,-119.7443851,137.9039358,-0.1301046764,-115.7371256,138.9856152,49.98507453,49.98506036,2988.355022,2983.928559,9.445869464,-150.4853544,3.9027037,1
5303,24,96,24,0,1,1,1,1,1,1,1,0,1,1,1,182.9058927,268.3910805,246.3628991,16.33589727,43.39929921,44.37639665,187.9038951,268.1616636,244.2375588,21.80497419,42.57626989,44.3898791,-0.3674916844,29.45415981,-29.08735078,0.3979034126,-29.30407987,28.90574224,182.6386149,267.3521807,245.6916158,7.471317158,10.79451584,11.24063908,187.4597901,268.0443231,244.0645961,16.0900907,7.987348898,12.9377546,0,-119.611401,137.4115332,163.2431294,-78.95880375,68.89277197,0.9756581629,-120.4358358,138.3212823,-7.558638555,122.5672111,-168.5686126,49.98162207,49.98405906,3593.279503,3083.583393,116.9297936,-194.7987648,3.8923587,1
5304,24,96,24,0,1,1,1,1,1,1,1,1,0,1,1,184.8849208,269.4037775,243.064869,5.560587123,4.97803408,10.42747977,186.4062371,270.2636905,242.5879881,9.595390339,3.880724013,8.630210876,-5.338944179,-1.222350396,6.561580981,5.388461112,1.215844733,-6.604015088,184.8749532,269.4052301,243.0657058,1.270310939,4.682100784,8.01975899,186.3817884,270.2644974,242.5763902,7.88763357,3.494452209,5.431400562,0,-121.7742952,136.5550297,-37.16544623,-77.23573506,112.1094269,0.4991184755,-122.0381238,136.7676012,5.590021475,167.5895475,173.8575745,49.98569682,49.98572433,2862.396798,2853.288304,-38.49952398,-196.1402429,3.8548298,1
5305,24,96,24,0,1,1,1,1,1,1,1,1,1,0,1,179.6341341,271.4258631,244.8311313,66.61327171,71.03404766,35.85538439,183.1806714,278.299662,237.9549262,68.28934178,71.28207369,30.17252222,-45.67484058,46.42222082,-0.7470776475,45.89443135,-46.48686563,0.5927350505,179.4177626,270.6929375,244.2144081,11.91862503,16.9556841,23.26613277,180.3183946,276.3635138,237.57562,18.21857282,17.14833915,13.76720549,0,-119.8642526,136.5808426,-124.2614394,-35.5710031,110.458161,2.118157532,-120.8328167,136.2439362,33.0010685,159.7621442,-90.96137328,49.97861806,49.97825111,4188.9792,4314.34701,154.1410992,128.5870258,3.8963333,1
5306,24,96,24,0,1,1,1,1,1,1,1,1,1,1,0,178.7807537,274.4526279,244.8495929,5.124127441,19.06154162,19.83465662,179.4126064,276.2707284,244.3390081,9.345970764,19.31865996,17.70943879,-0.6973237562,15.06627357,-14.3675417,0.7199318329,-14.881029,14.16249876,177.5030177,273.7936873,243.5133262,2.747395646,4.214821275,8.975588159,178.4223688,275.546202,242.9030658,8.246193568,5.65826472,3.402692546,0,-119.9390022,135.735971,-75.34127377,-40.02712298,123.6963337,0.7127678013,-120.0988773,135.7687134,18.86493128,-167.243228,168.3590604,49.98563061,49.9849953,2737.81385,3116.689168,11.82674124,-141.8226953,3.9168559,1
5307,24,96,24,1,0,1,1,1,1,1,1,1,1,1,1,184.1125324,268.1894473,244.6850248,3.509945428,7.312039881,10.21410604,184.8902281,269.5706136,244.1595136,7.777491876,7.701274065,6.208573913,1.497405855,-6.261094365,4.763947298,-1.52662311,6.228149884,-4.701269291,184.1020557,268.1781258,244.6799316,2.957116993,3.68153536,8.920700853,184.8788865,269.5715549,244.1609232,7.540797394,4.449647215,3.796737504,0,-120.5191602,137.145374,-55.43959084,-55.39620676,122.4209375,0.5851202667,-120.6664864,137.18897,18.85562689,-169.3286309,173.101205,49.98569374,49.98569621,2865.149591,2856.791183,-16.73362095,-178.5569184,3.9507605,1
5308,24,96,24,1,0,1,1,1,1,0,1,1,1,1,1,184.9301919,266.1052699,245.9775882,6.94274301,22.66456332,18.80462223,185.6963546,266.1377838,246.982121,6.940851762,22.61350251,18.8455454,4.659837165,-21.69394881,17.03429708,-4.668180499,21.67356755,-17.00519803,184.8598323,266.0610897,245.9383144,4.431724894,2.381796056,5.779691579,185.6123186,266.1003968,246.9259782,4.424637663,2.062927532,6.007952471,0,-119.7594146,137.7877703,-0.1263936627,-123.568774,135.8471898,0.09651978212,-119.7474389,137.9042888,-0.150602943,-115.4647849,139.3939062,49.98505333,49.98507678,2991.279025,2982.224006,9.624602495,-150.6243384,3.9634794,1
5309,24,96,24,1,0,1,1,1,1,1,0,1,1,1,1,171.3811216,469.1228212,274.4015947,16.80319434,22.00564185,27.84726431,165.2987212,468.3314109,270.736468,13.64658755,23.44205999,25.87893822,7.998447873,13.67775052,-21.67719618,-4.058928822,-18.77749157,22.8353834,108.1554445,342.5054189,243.2984977,10.05009036,14.77549561,16.50741616,105.1579845,337.4772299,239.0110398,6.384909527,10.21896209,10.02073078,0,-116.3023452,118.8173355,-33.28230696,-145.8251154,81.81938961,-0.03583429682,-116.4704442,119.04158,120.7985261,18.37984618,-141.9541619,49.97633929,49.97871741,4482.851377,4503.709783,-372.7791633,781.0017189,3.7684821,1
5310,24,96,24,1,0,1,1,1,1,1,1,0,1,1,1,184.8824227,269.4038734,243.0675715,5.543226406,4.977167621,10.42119407,186.4011061,270.264443,242.5866594,9.588536152,3.885518417,8.614269287,5.322190994,1.221757237,-6.543692255,-5.371805287,-1.216229677,6.58829805,184.8724549,269.4053383,243.0684062,1.273971875,4.680068349,8.027359859,186.3767153,270.2652621,242.5751371,7.892321833,3.49833203,5.429606116,0,-121.7721308,136.5558552,-37.66284258,-77.1694769,112.0960118,0.4998728119,-122.0360788,136.7682487,5.667046176,167.6584196,173.9383438,49.98570634,49.98571512,2861.999236,2853.510127,-38.10306864,-196.5195659,3.8796825,1
5311,24,96,24,1,0,1,1,1,1,1,1,1,0,1,1,181.7382858,268.3464179,247.520827,24.22789308,58.70573527,60.2015609,188.4989686,266.9098798,244.1788751,29.3513287,57.71826684,60.2575414,0.1937625971,-39.38033005,39.18681424,-0.2244666467,39.17997429,-38.95525069,181.2580013,266.496483,246.3573053,11.39093031,14.3668712,14.47520348,187.6501334,266.7098534,243.8364686,19.81811965,11.15586883,16.91931278,0,-118.7689872,137.6487592,159.6258179,-82.11064751,58.1227828,1.206067526,-119.9264671,138.9593075,-11.37796314,111.8324619,-164.8759933,49.98010217,49.98029545,3972.478504,3903.755896,214.053102,-59.44522162,3.9240928,1
5312,24,96,24,1,0,1,1,1,1,1,1,1,1,0,1,176.9000059,277.6568213,246.8466301,5.764554024,21.20590566,22.10145738,177.1795181,278.9798554,246.5690253,9.441256081,21.01059926,20.58459046,0.8247240862,-17.56760471,16.73821619,-0.8518778657,17.32003017,-16.47269316,173.9666997,276.312457,243.8444613,2.580627472,3.529129073,8.462283965,174.8646779,277.7431233,243.6651792,7.819609299,3.540461515,5.075713588,0,-119.0617897,135.3818876,-69.68394925,-69.7899336,112.346251,0.6683682635,-119.1413292,135.4783555,18.07549627,-168.2813574,175.5623316,49.98338041,49.98687785,3215.529927,2723.014306,94.62790067,-183.7115301,5.5334389,1
5313,24,96,24,1,0,1,1,1,1,1,1,1,1,1,0,179.7246888,271.3967954,244.9505742,65.87359311,70.23592587,35.48029062,183.1704352,278.1198491,237.9993642,67.53532532,70.48190313,29.70463562,45.22293352,-45.91376316,0.6920800378,-45.43787941,45.97584078,-0.5366380755,179.5077782,270.6564238,244.3249579,11.72476339,16.92991324,23.2449686,180.3729571,276.211567,237.6308897,17.99335513,17.11806233,13.67258255,0,-119.8459711,136.5908444,-123.647659,-35.6261974,110.9585309,2.086996085,-120.8305918,136.2550484,33.11899976,159.7278808,-90.22415169,49.97887879,49.97822338,4111.464182,4328.113868,128.4893929,139.6332824,6.024999,1
5314,24,96,24,1,1,0,1,1,1,1,1,1,1,1,1,185.2744487,270.3492649,241.8168085,8.695944857,3.637325985,7.969210906,185.1436667,269.8822618,243.9967657,4.428618767,4.95153747,9.301695497,-4.256750321,-1.348264196,5.60530551,4.178515056,1.351012482,-5.529244344,185.2551828,270.3501753,241.8102336,7.554375182,3.186458991,5.561144046,185.1335327,269.8841877,243.9980675,1.316727673,4.630368746,7.402303487,0,-122.4733152,136.1450578,0.4811975598,165.8167442,166.8552043,-0.2167016697,-122.1913711,136.1239429,-4.504490908,-81.59109533,113.3307558,49.98575161,49.9857548,2853.778169,2844.843511,-41.369808,-200.410874,6.0721608,1
5315,24,96,24,1,1,0,1,1,1,0,1,1,1,1,1,184.371684,269.1138479,243.5441274,7.718111172,8.297431036,6.588796444,185.0044296,267.9499012,245.9703857,3.400575418,7.935172723,10.37355141,1.579947145,-6.854827247,5.275141734,-1.554171623,6.876297843,-5.321867574,184.3618954,269.1155953,243.5446431,7.436833866,4.553190646,3.698402764,184.993916,267.939745,245.9602571,2.715410839,3.815096294,8.796470618,0,-121.2136824,136.6799501,16.21923686,-171.1802634,169.1102668,-0.3590434793,-121.0327496,136.8435543,-51.34610092,-55.12923206,123.5295438,49.98568269,49.98567798,2867.224074,2860.465181,-26.26685713,-184.0233611,6.2316769,1
5316,24,96,24,1,1,0,1,1,1,1,0,1,1,1,1,185.6111405,270.0211923,241.8996087,9.561566858,3.724644513,8.570267039,185.3932866,269.5018123,244.216316,5.410369956,5.156359262,9.944691183,-5.357015946,-0.9701560516,6.327465424,5.2615927,0.9719548747,-6.233257771,185.586283,270.0223501,241.8890163,7.882362849,3.436426242,5.647508264,185.382875,269.5034397,244.2169919,1.008778787,4.952262782,7.649339644,0,-122.4776509,136.2319228,0.6581835657,161.6280668,170.4968389,-0.2502760771,-122.1660269,136.1968692,-7.548389243,-80.08410916,111.4190294,49.98572945,49.98571389,2858.104914,2853.121424,-42.26419189,-203.1797911,6.2280691,1
5317,24,96,24,1,1,0,1,1,1,1,1,0,1,1,1,285.0149481,288.9434298,355.6811641,33.64820498,26.73370966,28.17124107,286.0843275,289.7572416,357.0796465,33.08774554,26.67247927,26.88664524,-4.982682455,-0.9631810749,5.942861046,-0.9362627433,-1.946972369,2.880684711,229.2392823,193.6678868,287.0511041,5.441441607,1.716235012,7.864046359,230.3015211,194.3206129,288.3576377,5.548613939,2.284427155,5.967345674,0,-102.6044897,156.3304947,1.650692549,-60.11818127,161.3177236,0.05534428523,-102.6402696,156.2916313,-1.918795943,-133.2014155,149.3258735,49.94961363,49.99053493,6501.883053,5416.957583,585.6459105,483.3915704,6.0197884,1
5318,24,96,24,1,1,0,1,1,1,1,1,1,0,1,1,186.2059525,272.5880565,239.3435514,27.21933642,5.379755377,31.62809115,186.933498,272.7258724,240.2333759,27.13461931,5.386672683,31.47031181,-25.73555507,-3.699543535,29.43531498,25.63133508,3.695627016,-29.32674257,186.056871,272.4954825,239.2513663,4.393713347,2.259439977,5.857706746,186.7666511,272.6368722,240.1321568,4.52948848,2.282369733,5.608846194,0,-124.3113798,135.2373812,-2.960496546,-123.8364312,133.315998,0.1242148272,-124.300087,135.3385002,2.613238919,-124.8774539,136.9600521,49.98465144,49.98463642,3074.674821,3069.344827,-46.98812052,-203.0771599,6.0247258,1
5319,24,96,24,1,1,0,1,1,1,1,1,1,1,0,1,190.4660926,266.5930823,242.895392,58.76175819,26.01473606,56.82603803,185.1057303,272.3117077,241.084218,57.79870008,28.52243895,53.77556838,-38.95397809,1.234469396,37.71978226,38.55199783,-1.292021483,-37.25966291,188.6303187,266.244714,241.5260234,15.25061818,12.85324886,17.99399274,184.5861994,271.7287016,241.0107519,14.49692743,17.20101737,7.868541452,0,-122.7872499,137.2210608,-67.86597966,41.70184715,154.7981148,1.24697034,-122.0062895,136.0818052,77.22999272,-134.22806,2.02112737,49.98056265,49.98074749,3881.167834,3811.178831,158.424076,-104.0310113,5.8623022,1
5320,24,96,24,1,1,0,1,1,1,1,1,1,1,1,0,183.630942,270.6435012,242.6723271,12.37841634,8.326244452,10.43069822,182.3097934,272.25656,243.5341738,10.65497908,10.6838403,4.366360855,8.961481643,-7.338683375,-1.622532795,-8.996350761,7.378101944,1.618525231,183.6217313,270.6406226,242.6731091,8.067960908,2.628209598,10.16801543,182.2707504,272.2262381,243.5326886,4.977229789,7.146719126,3.695922053,0,-121.5801171,136.3166634,-34.22215015,55.80479925,153.9708216,0.2824168585,-121.2498105,135.912868,65.13598617,-122.4782781,78.05122015,49.98569917,49.98569727,2863.562715,2857.008415,-28.63269907,-185.0359772,6.1285343,1
5321,24,96,24,1,1,1,0,1,1,1,1,1,1,1,1,185.2818058,270.3487112,241.8173993,8.735477204,3.636479455,8.01068823,185.1441537,269.8836307,243.9954731,4.479928372,4.9555499,9.325195906,4.312833231,1.337337455,-5.649885915,-4.234256148,-1.341091584,5.575641716,185.2623735,270.3496263,241.8106922,7.566565622,3.188836063,5.572572296,185.134017,269.8855536,243.9967776,1.304154097,4.636924821,7.396512014,0,-122.4751277,136.1455768,0.42015636,165.7055013,166.8679884,-0.2161917468,-122.1923502,136.1233845,-4.196821904,-81.59452863,113.2541517,49.98575338,49.98575236,2854.065007,2844.766367,-41.55372601,-200.2967438,6.3158313,1
5322,24,96,24,1,1,1,0,1,1,0,1,1,1,1,1,185.6352726,270.0105235,241.914531,9.626791991,3.730590126,8.626471822,185.3980268,269.4913235,244.2226646,5.485693354,5.166943162,9.959860753,5.420755434,0.9562076445,-6.376584602,-5.324607414,-0.9590157774,6.283991309,185.6099933,270.0116543,241.9037263,7.904733722,3.448031303,5.666413577,185.3875979,269.4929077,244.2233116,0.9826738211,4.966854424,7.620950953,0,-122.4768552,136.236515,0.377798033,161.4554279,170.2735771,-0.2490784957,-122.1635159,136.199315,-5.496040368,-80.02075753,111.3897007,49.98571592,49.98572529,2861.912338,2850.188469,-41.96313944,-203.5064297,6.2935752,1
5323,24,96,24,1,1,1,0,1,1,1,0,1,1,1,1,187.6723767,266.2651586,243.7640721,27.86707466,55.43179372,57.92970928,182.7520029,267.6288172,249.0458126,22.52369175,56.2998132,57.55413257,-0.3283228909,37.58273127,-37.25420171,0.4002724472,-37.69970633,37.29963932,187.0663316,266.1454867,243.4331301,19.21849615,10.80270944,16.15365959,182.3513553,266.1228645,247.772688,10.7058288,13.95414561,13.67410899,0,-121.3164213,137.4228869,-13.06583637,111.5587657,-166.9320384,-0.9322377734,-120.1696262,136.3836849,156.599844,-83.02133238,58.45139715,49.98085139,49.98053346,3790.157757,3879.459715,64.41198305,10.14903754,6.1871554,1
5324,24,96,24,1,1,1,0,1,1,1,1,0,1,1,1,186.2057065,272.5903915,239.3417435,27.29040997,5.383351762,31.69913027,186.9440814,272.7240185,240.2389259,27.21229577,5.390015239,31.55236961,25.80009203,3.700084677,-29.49995467,-25.6959511,-3.696936299,29.39313968,186.0559438,272.4966678,239.2485237,4.372068593,2.259731624,5.82778242,186.7759419,272.6342601,240.1360035,4.549614994,2.282016659,5.638895345,0,-124.3127495,135.2360639,-2.747988758,-123.9167433,133.2735612,0.1233645493,-124.3018509,135.3392388,2.383321007,-124.801187,136.9833877,49.98463871,49.98463267,3077.252155,3068.779802,-45.91250928,-203.9614489,6.4258632,1
5325,24,96,24,1,1,1,0,1,1,1,1,1,0,1,1,286.1648851,287.6745113,356.1902287,23.36005652,18.64544363,19.67060623,288.0521724,291.3062549,358.9024652,24.71109306,20.23537742,21.16438245,9.979062948,-3.902321143,-6.069077898,-3.853524367,6.849866054,-2.987857016,228.7441921,191.9726681,284.3364426,1.927674595,4.843041244,3.444540933,231.5276169,194.5864336,287.7837111,12.45633341,7.687874899,10.99853858,0,-103.5785449,156.1353125,-137.0268687,40.78965229,-169.2778398,0.576153801,-103.2860803,156.2737065,6.083018187,-125.0653216,145.766162,49.98596531,49.95508454,5144.375157,6621.573784,891.5015467,106.874574,5.7063714,1
5326,24,96,24,1,1,1,0,1,1,1,1,1,1,0,1,183.6339329,270.634672,242.6825436,12.21274614,8.034101571,10.43474946,182.2962941,272.2404349,243.549812,10.42964592,10.45762002,4.362531261,-8.859823102,7.246197677,1.613922021,8.893241309,-7.285974496,-1.606976247,183.6249205,270.63239,242.6834928,8.102296638,2.6327214,10.1783934,182.2611852,272.2137545,243.5487735,4.970053034,7.1517572,3.708912138,0,-121.5744418,136.3202634,-34.13081574,56.38000316,154.0619573,0.2800164048,-121.2418714,135.9146893,65.54981619,-122.2635186,77.84829493,49.98570248,49.98570693,2861.947098,2856.052398,-29.23384501,-184.4374826,6.37631,1
5327,24,96,24,1,1,1,0,1,1,1,1,1,1,1,0,190.0062722,266.9929211,242.7279003,55.97366344,24.86389581,54.01645825,185.1179319,272.4575528,241.3130045,55.08382925,27.39938254,51.08464418,37.4020162,-1.37005077,-36.03171501,-37.01553865,1.423881239,35.59180451,188.3306804,266.6697137,241.4711825,14.35035291,12.36840056,17.0608737,184.6441471,271.9253749,241.2438567,13.74689491,16.73113697,7.181024767,0,-122.7932242,137.1142557,-67.75084702,42.22474315,155.5589812,1.179281113,-122.0317968,136.0458023,75.21345904,-133.7249385,7.140015935,49.98098616,49.98139696,3771.168739,3649.929481,142.7553239,-140.0199826,6.013231,1
5328,24,96,24,1,1,1,1,0,1,1,1,1,1,1,1,181.4170044,272.38115,242.6060474,10.85313048,10.50478076,4.691447504,183.9579509,271.1117283,243.6342443,12.36138345,8.335812318,10.13726417,9.601978728,-7.697497107,-1.904213616,-9.514732199,7.640031545,1.874973668,181.3851541,272.3424733,242.6032418,4.440415653,6.678252518,3.854773318,183.9486596,271.105493,243.6354322,7.514669025,2.16092985,9.787478227,0,-121.402967,135.7586594,59.40432664,-123.9911878,82.82736476,-0.04139410653,-121.6685052,136.3260803,-30.74731958,50.94894769,154.0827186,49.98571267,49.98569395,2862.023252,2856.383887,-24.38624055,-185.633129,6.0859637,1
5329,24,96,24,1,1,1,1,0,1,0,1,1,1,1,1,181.902575,276.9656734,239.5864873,57.41544987,58.28682354,20.62041852,181.1522991,271.1002839,246.1623577,55.6109324,57.77976471,26.52346174,39.05637323,-38.1511769,-0.9052271563,-38.67564234,38.00277906,0.6728420669,180.2231756,275.2792448,239.338439,15.07933803,14.05825408,8.592536274,181.0201368,270.5950077,245.8184298,8.957794089,13.17453919,18.60881705,0,-122.7862563,134.4639547,31.09131843,167.8962744,-90.79317947,-1.491497292,-122.1275676,134.9968888,-118.3794166,-30.98691476,115.3905289,49.97960705,49.98270037,3993.311218,3268.614517,112.2988326,-119.6878047,6.4047698,1
5330,24,96,24,1,1,1,1,0,1,1,0,1,1,1,1,179.0877553,274.8219363,244.201293,8.90754527,16.45915286,15.39766453,179.7566702,273.3676808,246.6867868,4.017079152,16.30348147,17.45094351,-0.5474609214,13.50807109,-12.96239971,0.5505586117,-13.64767861,13.09528974,178.3108046,274.323215,243.140267,8.28145037,5.030613294,4.042298122,178.7313426,272.8633565,245.569267,2.467310841,4.150903496,8.8008537,0,-120.3826323,135.5212811,16.43915717,-171.3731423,172.73105,-0.4947028812,-120.2077091,135.6640722,-75.85499726,-49.99844578,119.2700972,49.98613826,49.9848003,2889.605813,2913.867739,-49.26384576,-113.2430287,6.1099699,1
5331,24,96,24,1,1,1,1,0,1,1,1,0,1,1,1,183.9559335,273.0592854,240.1672756,62.50868201,31.02088643,58.13258772,191.1474545,267.0694359,244.2597524,62.96824975,28.53391221,60.71774273,41.86268914,-1.633725095,-40.22872304,-41.95654436,1.565581337,40.39122251,183.3382059,272.287957,240.093936,15.14625663,18.12593494,8.460936996,188.9194384,266.6121297,242.7154918,15.49042785,13.79283197,18.58215937,0,-123.3142975,135.0654488,74.91724279,-137.2499832,-1.232705002,-1.146474677,-124.0778162,136.4541352,-71.44390053,38.37841779,153.5927228,49.97993248,49.97975565,3987.428987,4031.617368,69.60479323,28.16754986,6.0907905,1
5332,24,96,24,1,1,1,1,0,1,1,1,1,0,1,1,181.4425204,272.471142,242.5168593,11.05376484,10.72681472,4.65718339,184.0026215,271.1823556,243.5520893,12.54680725,8.586488497,10.17700523,9.79922896,-7.951681851,-1.847239149,-9.707045461,7.892545926,1.814832163,181.4077667,272.4279352,242.5136862,4.47578815,6.72291137,3.842263663,183.9929702,271.1753566,243.5530157,7.557180453,2.204646715,9.840397006,0,-121.4680217,135.7217626,59.93013705,-124.1094393,81.96035248,-0.04445878449,-121.7359736,136.2946385,-31.00806409,50.82254458,154.0886452,49.98571034,49.98568754,2863.469649,2856.820847,-24.9344012,-187.1074258,6.1202289,1
5333,24,96,24,1,1,1,1,0,1,1,1,1,1,0,1,300.2156108,354.5570634,285.8294647,15.39786514,14.70116282,10.42537361,301.7947969,355.5695926,288.8045253,15.3385021,15.44756718,12.6471849,7.533135696,-5.918876516,-1.609332418,1.805755207,4.1355458,-5.937085511,208.2732142,308.0349348,202.1195695,2.651190858,1.57791014,3.799060048,210.455449,309.433208,204.127593,8.086762484,6.35252675,6.916454438,0,-148.2240959,124.4448418,38.29233281,-13.4859691,158.8876143,0.146141843,-148.0952287,124.5188763,-11.84350497,-158.3786564,106.175537,49.97767193,49.9695793,4468.380241,6079.572784,-562.2687839,-996.6254208,6.1903353,1
5334,24,96,24,1,1,1,1,0,1,1,1,1,1,1,0,177.67714,275.2093298,242.4905237,43.87938452,37.44757349,9.156161066,178.376958,275.2564766,243.4834053,43.72830641,37.42396514,9.059478745,40.68871358,-34.90515133,-5.783468788,-40.57342325,34.86732497,5.706225684,177.3986135,274.9160247,242.3163477,4.383267731,2.168421623,5.830078778,178.0181053,275.0261503,243.3057634,4.124034211,2.428528628,5.779212972,0,-120.6242624,135.2289637,-2.832144734,-125.6080164,135.3887325,0.1035183927,-120.5927581,135.322502,2.723041354,-116.2503734,134.7880962,49.9835908,49.98358243,3284.555205,3279.638841,61.10668605,-96.95350062,5.8094762,1
5335,24,96,24,1,1,1,1,1,0,1,1,1,1,1,1,181.4228515,272.3891616,242.6064841,10.8523581,10.50367205,4.701109919,183.9547375,271.1134801,243.6317628,12.34331041,8.329933626,10.13048886,-9.593147945,7.68036261,1.913052665,9.50560008,-7.623896903,-1.881427927,181.3909027,272.3504841,242.6036234,4.447182221,6.687338661,3.860069499,183.9454396,271.1072879,243.6329514,7.489981672,2.171193929,9.777960077,0,-121.4062599,135.7570187,59.08343111,-124.1181426,82.94791399,-0.04284548226,-121.6714094,136.323735,-30.79905756,50.58678975,154.0946128,49.98571051,49.98569724,2862.206488,2856.348139,-24.82097721,-185.1585941,5.6469623,1
5336,24,96,24,1,1,1,1,1,0,0,1,1,1,1,1,179.2219303,273.7249265,244.9782016,8.509460236,17.20674782,16.83073422,180.0990775,272.9258329,247.9363803,4.319772416,17.21575303,18.82469967,1.1415778,-13.1817168,12.04097569,-1.144607389,13.32332703,-12.17770124,178.1397858,273.3209215,243.7985362,7.705914918,4.564654454,4.015889285,178.6552765,272.1755157,246.2638153,2.480461157,3.88246096,8.679323021,0,-119.8438115,135.8398956,16.25961386,-170.2716838,169.9622744,-0.4228954985,-119.6560346,135.9671998,-62.62786095,-54.79414461,120.6585093,49.98544829,49.98531153,2840.510204,2998.029724,7.489884771,-146.0952044,5.8434086,1
5337,24,96,24,1,1,1,1,1,0,1,0,1,1,1,1,181.6265436,277.9472913,238.2445308,66.84452884,69.68693669,29.42500329,179.9378177,271.3566567,246.9687111,64.8180167,69.32803169,34.89187429,-44.94132495,45.60972393,-0.6679284378,44.50089274,-45.45676804,0.9564036751,179.3560035,275.7264947,237.8550971,17.67158674,16.986249,13.27090229,179.7408294,270.5162926,246.3084725,11.10375581,16.84326611,22.69398126,0,-123.1587689,134.0568593,29.42958124,156.7057776,-93.15298726,-1.832529756,-122.1432102,134.5655867,-127.6288515,-38.76045239,108.7263044,49.97852216,49.97896021,4278.896577,4100.815262,263.8425572,-55.19212348,5.738485,1
5338,24,96,24,1,1,1,1,1,0,1,1,0,1,1,1,181.4462938,272.5110326,242.5040558,11.17699223,10.87130666,4.652177144,183.9909683,271.1855544,243.543616,12.59921327,8.731167696,10.18471992,-9.866099984,8.026468283,1.839829781,9.772761452,-7.967785722,-1.804786093,181.4102385,272.4661342,242.500759,4.538152392,6.790178621,3.839310138,183.9812984,271.178233,243.5444784,7.503140893,2.276912392,9.84962699,0,-121.4814065,135.7120695,59.22750862,-124.6267435,81.81201836,-0.05455939917,-121.7494024,136.2853328,-31.49188468,49.46029722,154.0802582,49.98570795,49.98568507,2863.569641,2857.97814,-27.20749872,-184.6807823,5.7461398,1
5339,24,96,24,1,1,1,1,1,0,1,1,1,0,1,1,183.9932329,273.1879164,240.2861808,61.31423669,30.64107147,56.86087412,190.9165654,267.283027,244.1746676,61.72931873,28.14080841,59.39320699,-41.22864348,1.771984122,39.45675401,41.32066118,-1.705655677,-39.61494454,183.3937432,272.4407955,240.2149814,14.84289671,18.01051726,8.082294421,188.7713702,266.8356898,242.6814123,15.03698325,13.67200787,18.09457686,0,-123.3024852,135.0676657,73.54207107,-137.1170242,1.141317472,-1.124552937,-124.0586095,136.4202013,-71.92559708,38.50741198,154.0214405,49.98025429,49.97999505,3898.351192,3966.540552,46.07820465,21.76297384,5.7471199,1
5340,24,96,24,1,1,1,1,1,0,1,1,1,1,0,1,177.6670202,275.2247645,242.485537,43.92743669,37.48880167,9.152468125,178.362327,275.2650265,243.4779477,43.77219595,37.4632492,9.055153524,-40.72964921,34.94047233,5.789290228,40.61387723,-34.90303118,-5.710742166,177.3897629,274.9308506,242.3123124,4.403424149,2.18451353,5.830366933,178.0045925,275.0342805,243.3007471,4.103053676,2.41527775,5.778703536,0,-120.6261947,135.2248304,-2.770146473,-125.9847169,135.3764744,0.102269039,-120.5944425,135.3185379,2.683571289,-115.8562228,134.7922451,49.98358318,49.98359146,3285.883821,3277.634779,60.49163554,-96.7147671,5.632568,1
5341,24,96,24,1,1,1,1,1,0,1,1,1,1,1,0,300.5775725,354.8924295,286.9223181,16.40907855,15.03543224,10.72916078,302.0799269,356.1870269,290.0697867,13.94191661,15.23042639,12.4191033,-11.80329209,10.20204442,1.604584742,2.441494982,-8.417843171,5.979766444,208.1564352,307.9508803,202.8237135,3.600717162,3.502753487,4.360940161,211.1480572,310.1741387,204.8491928,9.333227661,7.382745417,7.001357854,0,-147.979512,124.5829065,68.84864033,-32.11144317,164.7477024,0.1552483343,-147.9216968,124.6233846,-21.16500395,-173.2639206,100.7159909,49.97729927,49.96993857,4728.31566,5803.718389,-457.5518314,-1112.397025,5.5878075,1
5489,24,48,64,1,1,1,1,1,1,1,1,1,1,1,1,209.2266102,215.5916154,270.4741848,5.297949503,2.887636162,2.797755494,209.9597231,215.8483424,270.8611572,4.727771144,3.001522116,3.128370351,-0.007314489058,0.002725651745,0.004587907863,0.007361503535,-0.002726394009,-0.004641363224,209.2260937,215.5913105,270.4740548,5.29752156,2.887097321,2.797191335,209.9592155,215.8480556,270.8610405,4.727312923,3.001008667,3.127881869,0,-138.8764326,111.5715645,-1.382507208,-146.5853718,114.5625993,0.08201949872,-138.8015685,111.5994953,1.240239164,-131.5900664,108.784024,49.98759455,49.9875982,2484.258744,2477.035874,-7.220721272,-136.0268397,6.1884606,1
5490,24,48,64,1,1,1,1,1,1,0,1,1,1,1,1,209.0869397,214.8841424,271.2095146,8.897742399,9.784776162,6.185433346,209.8489068,213.4709167,272.931653,3.830327775,8.464535412,9.320848197,1.533388984,-7.411957806,5.878737038,-1.519300336,7.433503844,-5.914031208,209.0731039,214.885149,271.2155557,8.646978571,6.231960775,1.319771315,209.8335202,213.4571568,272.9239831,3.211537388,3.797462339,7.066434138,0,-138.6653949,111.6969523,17.64345255,-175.3022906,-103.1785979,-0.392146077,-138.5147095,111.947069,-56.29132163,-60.84388866,105.6013193,49.98750098,49.98749816,2502.303765,2497.630831,-9.549861444,-136.5997899,6.1050559,1
5491,24,48,64,1,1,1,1,1,1,1,0,1,1,1,1,209.0897085,214.8819066,271.2096309,8.897998282,9.78019099,6.170756924,209.85235,213.469709,272.9364561,3.830732015,8.453444983,9.315601693,-1.532968724,7.396794029,-5.863657764,1.519164304,-7.419743197,5.900748939,209.0758842,214.8828984,271.2156785,8.647635185,6.243797161,1.320002136,209.8369487,213.4559587,272.9287838,3.21303503,3.804323859,7.072518091,0,-138.6660147,111.6979651,17.65448296,-175.3222415,-102.6474108,-0.3921512373,-138.5141794,111.9482918,-56.30862837,-60.69466596,105.6884362,49.9874984,49.98750059,2503.732184,2496.221662,-9.005798175,-137.1624842,5.9083359,1
5492,24,48,64,1,1,1,1,1,1,1,1,0,1,1,1,209.6102759,215.6712335,270.2074641,5.278014301,5.458688607,7.715464252,211.5790422,216.3350238,269.3272497,9.115863814,3.300100135,7.011546238,4.55166537,1.402253363,-5.953735852,-4.589313731,-1.388813425,5.978302055,209.5964381,215.6714349,270.2153108,2.501009991,5.146866447,4.822285598,211.5569291,216.3348011,269.3258357,7.819830344,2.759838352,3.549967968,0,-139.0596366,111.646675,23.18935529,-111.0773171,74.65031984,0.2541228005,-139.3416588,111.7907784,-7.316599638,159.0672804,166.3926302,49.98750204,49.98750462,2502.36806,2496.165341,-13.24233118,-141.2708514,5.7193078,1
5493,24,48,64,1,1,1,1,1,1,1,1,1,0,1,1,209.6217448,215.6696875,270.1977617,5.288836087,5.459065143,7.716271256,211.5931239,216.3354987,269.3208229,9.120989359,3.30297035,7.017586195,-4.561168814,-1.399502632,5.960666219,4.599197268,1.385228879,-5.984429252,209.6205255,215.6681974,270.1968059,2.505573949,5.146029452,4.81382963,211.5836493,216.3337301,269.3106637,7.820264663,2.761765043,3.549077357,0,-139.0649134,111.6543757,23.33179344,-111.0606858,74.66317451,0.2539690293,-139.3466018,111.7986532,-7.371630529,159.0782935,166.2691829,49.98750623,49.98750068,2501.149043,2497.370706,-13.65595401,-140.8638824,5.8251464,1
5494,24,48,64,1,1,1,1,1,1,1,1,1,1,0,1,208.9171096,216.1059432,270.3126375,9.917246069,5.239751278,5.89644703,208.2320894,217.1719463,271.183596,8.085059417,8.291501975,4.010963573,-6.417040007,5.017866948,1.39915492,6.446380422,-5.053013885,-1.39337774,208.9163003,216.103426,270.3117814,7.460101924,1.170889577,5.590179602,208.2196582,217.1575757,271.1817592,4.721984017,6.504542163,3.547458221,0,-138.8164945,111.3704437,-26.87374625,102.3340424,146.9539319,0.2208892248,-138.4050013,111.0902449,45.15535352,-129.6816751,44.14766717,49.98752898,49.98753641,2495.748467,2490.97927,-15.69374242,-143.0692413,5.3478215,1
5495,24,48,64,1,1,1,1,1,1,1,1,1,1,1,0,208.91669,216.1053515,270.3142633,9.911520451,5.220701113,5.890407158,208.2308329,217.1649558,271.1875605,8.068546925,8.273674666,4.016848574,6.404725916,-4.996232423,-1.408476435,-6.434018395,5.031242241,1.402776038,208.9158855,216.1028591,270.313432,7.464644118,1.17723668,5.5806128,208.2184968,217.1506579,271.1857215,4.713060148,6.498528082,3.549080181,0,-138.8160812,111.3701155,-26.81351088,102.9405343,146.9929698,0.219624286,-138.4044511,111.0907199,45.17792839,-129.5699769,44.31267071,49.98752992,49.98753538,2496.244189,2490.490935,-15.45803812,-143.3185748,6.2756659,1
5496,24,48,64,0,1,1,1,1,1,1,1,1,1,1,1,209.0497009,213.0009424,272.7285406,4.044082455,8.701872655,9.391183679,209.9222199,214.9564102,271.6302693,8.758332844,9.884511017,6.492713479,-1.652499789,7.857889815,-6.205207669,1.653289988,-7.808284059,6.15517413,209.0340986,212.9851485,272.7187227,3.364167463,3.414132555,6.842016446,209.9083577,214.9573726,271.6361798,8.468089226,5.867998128,1.194257698,0,-138.0370399,112.3173286,-53.80468358,-63.81152321,104.9774843,0.574286965,-138.084635,112.1415129,18.70972654,-172.1810598,-113.6118514,49.98749193,49.98749313,2505.23886,2497.686415,-3.909331684,-134.7489995,6.0924012,1
5497,24,48,64,0,1,1,1,1,1,0,1,1,1,1,1,230.3777145,370.2924086,327.4646596,7.973310352,14.59837637,14.03060346,232.3088932,370.8623834,328.4703244,8.206501692,13.68486975,14.26699046,-2.191018099,5.845228887,-3.66378789,-3.476497352,1.088177603,2.378931616,160.683084,251.0427238,291.0853618,3.65466082,2.624168916,2.111799299,161.8219612,252.0977485,292.1838916,4.393556799,4.359859258,4.578930266,0,-127.053563,97.55284559,18.29049409,-110.3081442,123.8595197,0.03563883039,-126.9827984,97.59938604,-15.38729659,-137.1292983,85.6921852,49.97733237,49.97916803,3873.771282,4848.40628,-208.5238518,-515.9273398,6.0730993,1
5498,24,48,64,0,1,1,1,1,1,1,0,1,1,1,1,209.7045691,209.4862359,275.0624429,7.873357519,34.69572278,29.27978127,210.5683168,209.7665435,275.3407156,7.841150626,34.62005796,29.26987537,-5.081584852,32.54302514,-27.46130916,5.057924768,-32.48862291,27.43082549,209.5694058,209.340072,274.9217534,5.027914657,2.947901922,2.895400891,210.4258788,209.6159927,275.2110586,5.012361336,2.729338044,3.125080721,0,-137.4326151,113.3196079,0.03214709775,-140.4829065,110.4851349,0.09553416089,-137.3890746,113.3607863,-0.3100030402,-134.2963133,115.8383065,49.9861067,49.98611423,2780.960725,2775.21813,50.6639756,-79.41718229,6.1879365,1
5499,24,48,64,0,1,1,1,1,1,1,1,0,1,1,1,206.2035197,213.102595,275.9629978,22.53880972,54.53063074,56.55213505,213.1074966,212.4793059,271.7040114,27.71560361,53.41087534,56.33258992,0.06445183483,37.06833583,-37.13301091,-0.1746389905,-36.81882692,36.99329311,205.9570983,211.5041876,274.7073746,10.36574502,13.17290357,13.33862664,212.6462536,212.3542272,271.3023388,18.98315069,9.43823137,13.73111725,0,-136.7564759,112.3761956,138.5035189,-98.19931504,31.64015065,0.581874153,-137.9998579,113.2415965,-21.12489103,104.351963,-173.8032172,49.98198472,49.98392065,3543.839584,3072.159093,200.6922758,-107.9913833,6.1886877,1
5500,24,48,64,0,1,1,1,1,1,1,1,1,0,1,1,210.7772403,212.5503812,272.3529042,11.45059878,6.077184265,12.64309641,213.1541389,213.2683384,271.543217,14.01758936,3.874414218,12.459278,-9.609563868,-0.9347810465,10.54436597,9.707361502,0.933191868,-10.64048682,210.4963121,212.3613665,272.2658947,2.478096528,5.482320309,4.793221853,212.7216973,213.0113213,271.3623815,8.259060942,2.841267894,4.009126702,0,-138.5741101,112.6904841,36.9469423,-109.6224375,70.51545701,0.2463806022,-138.9049218,112.8758807,-10.46321784,151.1646575,166.0480195,49.98770955,49.98695748,2462.273378,2600.154808,-6.796886823,-123.3990392,6.1685421,1
5501,24,48,64,0,1,1,1,1,1,1,1,1,1,0,1,206.7954981,215.5097529,272.3671847,50.47648838,52.75876905,23.91181025,209.7671533,221.5020416,267.878619,52.44216845,53.36091977,20.63162538,-35.30102607,35.40096139,-0.09980347993,35.44820734,-35.48652149,0.03843578884,206.7236503,215.1395408,271.9956629,7.207538065,11.53414576,15.19962052,208.4099021,220.0043784,267.622235,15.28087786,13.05597347,9.550793773,0,-137.6776314,111.4777795,-125.6186718,-46.67223156,97.62592123,1.369913457,-138.2675734,110.9405721,22.73755084,160.060635,-90.69998662,49.9846073,49.98258339,2936.510329,3427.185473,44.19775493,-13.40988389,6.2188117,1
5502,24,48,64,0,1,1,1,1,1,1,1,1,1,1,0,208.4809679,213.2136536,273.0391932,3.890884318,11.80392168,12.42210138,209.4446645,215.1367311,271.8476799,8.923673367,12.61088617,10.36812835,-1.547643419,9.491450372,-7.943618072,1.535547921,-9.416134797,7.880777043,208.4589571,213.1484677,272.9819214,3.146464026,3.572144735,6.849742703,209.4271927,215.1302583,271.8419714,8.631071047,5.851845343,1.335538581,0,-137.8288883,112.197342,-56.09390598,-64.82765224,103.1036817,0.5860208082,-137.8959038,112.0359767,17.6286682,-173.6494687,-120.8338995,49.98741227,49.98740996,2521.131372,2515.540461,-2.526098501,-136.8675144,6.2196072,1
5503,24,48,64,1,0,1,1,1,1,1,1,1,1,1,1,209.0548822,213.0124351,272.7182405,4.05305059,8.665482213,9.355127843,209.9252816,214.9642906,271.6231813,8.752236862,9.860359789,6.448036619,1.658865082,-7.825136668,6.166435777,-1.659222305,7.77419971,-6.114812685,209.039266,212.9967674,272.7086403,3.368099191,3.405523987,6.832166799,209.911419,214.9652433,271.6291289,8.459079126,5.875653807,1.175444444,0,-138.04185,112.3150998,-53.66147476,-63.63629692,105.1268322,0.5732449193,-138.0889748,112.1394181,18.71699344,-172.0716284,-113.2194024,49.9874946,49.98749043,2503.200043,2499.555212,-4.18815251,-134.4757865,6.1061527,1
5504,24,48,64,1,0,1,1,1,1,0,1,1,1,1,1,209.7099142,209.4886327,275.067648,7.872836173,34.63131718,29.21891221,210.5729747,209.7620491,275.3309243,7.840170241,34.55675049,29.20525504,5.081659264,-32.48690074,27.40532327,-5.057696407,32.4312247,-27.3734456,209.5754604,209.3432817,274.9275876,5.028397037,2.939994161,2.912617438,210.431647,209.6121906,275.2024306,5.012172841,2.734983871,3.10655555,0,-137.4328843,113.3210082,0.04857944269,-140.0509947,110.7944121,0.09543034017,-137.392923,113.3625793,-0.3265541453,-134.7791058,115.5823659,49.98612279,49.98610426,2777.274659,2776.35659,49.79529015,-78.78452309,6.0334959,1
5505,24,48,64,1,0,1,1,1,1,1,0,1,1,1,1,226.723233,369.1126484,324.9845471,12.40772694,17.80551201,19.25461855,231.5957625,370.1420824,327.9349682,15.14744252,16.17284705,20.30246341,-1.516554956,-13.50836763,15.02475994,7.071829215,6.644388628,-13.71601315,158.3121753,251.2826653,288.3426059,4.386046741,5.803346077,6.184785537,161.3347598,255.0457647,292.0475743,8.447882775,11.30813576,10.95584537,0,-127.5068111,96.53223315,84.82396413,-0.733811067,-141.3537276,0.03010472174,-127.293661,96.66993952,-31.22257065,-151.7551047,67.98050107,49.98423378,49.97194438,4229.076774,4488.9052,136.761016,-869.6245602,5.9310651,1
5506,24,48,64,1,0,1,1,1,1,1,1,0,1,1,1,209.8856463,214.6182504,270.8819056,7.668882997,5.806402446,9.627748359,212.0455762,215.2726079,269.8338243,11.01348179,3.200163977,9.039356727,6.897501765,0.8465783947,-7.743801161,-6.94948183,-0.8395907303,7.789364861,209.8682229,214.6156382,270.8848431,2.320030254,5.646112182,5.201928027,212.0031898,215.2700529,269.8123043,8.191462784,2.899289738,3.92584912,0,-138.8981482,111.9811105,31.78256977,-109.8567532,71.22305055,0.2668261414,-139.2399513,112.150254,-8.646971733,148.8068207,171.8091814,49.98743938,49.98745546,2514.753709,2506.160502,-13.14831067,-134.3861614,5.7172937,1
5507,24,48,64,1,0,1,1,1,1,1,1,1,0,1,1,205.2608746,212.8762841,276.8153794,27.30027754,63.18961869,65.68052605,213.19587,211.4980006,271.5272946,32.19896526,61.93378466,65.44474173,-0.3134124427,-42.51801961,42.83170736,0.4483701421,42.22842753,-42.67653053,204.8881893,210.745845,275.201745,12.54359602,15.43615732,15.53677615,212.5372263,211.334397,270.9834841,20.93087148,11.41494363,16.01122046,0,-136.3118669,112.4306274,137.4952855,-99.75822024,29.12785153,0.6504616311,-137.8168465,113.4827986,-23.77975692,97.86793004,-172.6442227,49.98110714,49.98117808,3772.039329,3728.632267,264.9709132,10.46436294,5.6933111,1
5508,24,48,64,1,0,1,1,1,1,1,1,1,1,0,1,208.6924706,213.0148413,272.9887928,3.900314146,9.577569364,10.24624489,209.601901,215.0236003,271.8078404,8.891770538,10.68805418,7.559567578,1.456390534,-8.619085391,7.162667842,-1.45048983,8.555304711,-7.104837491,208.689325,212.9871674,272.9612158,3.293881877,3.58807834,6.978260323,209.6005702,215.0210829,271.8042692,8.647253205,6.037868359,1.315470653,0,-137.8763043,112.2771874,-56.93533998,-61.73921061,104.7169959,0.5941693485,-137.9381243,112.0983551,18.63492925,-173.2105335,-111.0057685,49.98750726,49.98744786,2502.13455,2507.057769,-4.431456595,-134.1227907,5.6182804,1
5509,24,48,64,1,0,1,1,1,1,1,1,1,1,1,0,206.1979095,215.6421487,272.8330416,55.48625137,59.019517,28.56712517,209.7549898,222.0526056,267.1031642,57.55408093,59.48568406,25.3523421,38.48963215,-39.34622512,0.856550025,-38.6445493,39.42407218,-0.7795761447,206.1144461,215.098536,272.281547,8.288675974,13.62426068,17.58988521,208.1299108,220.2602285,266.7668629,16.65325801,14.50530179,12.06460409,0,-137.428516,111.4267031,-132.5088589,-51.23863947,94.02355078,1.50824261,-138.2757412,110.8552933,21.73131505,152.6180769,-94.23568206,49.98282756,49.98193304,3341.459235,3578.676867,63.12384176,71.36263787,5.5811213,1
5510,24,48,64,1,1,0,1,1,1,1,1,1,1,1,1,210.5766318,215.8515027,269.348549,8.909608618,3.30974169,6.418589286,210.2047949,215.8828129,270.7704102,4.824806806,5.591744949,7.0903084,-4.006419704,-1.276705551,5.283151414,3.953679557,1.291634198,-5.245292506,210.5712597,215.8499481,269.3387617,7.912361346,2.897573461,3.574513685,210.2041453,215.8806944,270.7690735,2.632343657,5.355334273,4.7171049,0,-139.5130341,111.6567046,-9.875936497,154.6432713,164.6137012,-0.03525131194,-139.122839,111.5606709,30.10747049,-109.8755066,74.28763654,49.98751374,49.98751258,2500.270999,2494.45561,-10.12335238,-140.3842998,5.4346188,1
5511,24,48,64,1,1,0,1,1,1,0,1,1,1,1,1,211.0675645,213.8058823,271.4037134,17.64778026,34.3096761,35.36745657,208.5110741,213.5063103,274.5431516,11.66429796,34.90379128,35.67036838,0.655583535,-24.27920904,23.62026835,-0.7053874437,24.36838078,-23.66620171,210.9153547,213.7485191,271.2809058,13.87995209,6.352134753,7.68851364,208.374381,212.7679989,274.0264554,4.546518453,8.57343436,8.431301725,0,-138.9615398,112.2779993,-12.37102322,131.3073024,-172.7677106,-0.4106544135,-138.2197851,111.9417942,140.2372493,-91.00097081,50.30022442,49.98704158,49.98442637,2542.335099,2999.217097,-51.1060978,-32.44030659,5.6617428,1
5512,24,48,64,1,1,0,1,1,1,1,0,1,1,1,1,211.69688,212.8897307,271.1934927,15.73923968,3.500314238,14.02254267,210.9469548,212.9618613,272.7617708,13.42330567,6.501597807,14.28455111,-9.356982894,-0.4894713685,9.848226376,9.224939459,0.4998861629,-9.723022928,211.3251411,212.7027341,271.0072941,8.298415936,3.089912038,4.165269294,210.7385612,212.8283306,272.7088766,2.66470208,6.28919761,5.335270585,0,-139.1037248,112.578504,-12.48998968,136.0108859,173.2232108,-0.02652129605,-138.6044056,112.4467231,41.26379682,-109.7174623,69.53611525,49.98738434,49.9871208,2542.225941,2551.522139,8.810377884,-133.3140521,5.501959,1
5513,24,48,64,1,1,0,1,1,1,1,1,0,1,1,1,258.7160146,199.0409773,438.9837925,26.82407697,14.69667119,23.93191592,263.3485622,206.3176435,440.7685671,27.26852157,17.27839773,22.12439056,-24.24158646,5.083695021,19.15805228,21.36853549,-8.103407234,-13.26491106,221.9174819,129.525126,329.9778526,9.132699411,7.292121318,9.905581994,227.9295489,133.3582077,335.562072,16.00245972,10.11584234,15.12693007,0,-119.4075731,133.5910036,107.2489195,15.86459472,-103.5797505,0.1003506444,-119.0689835,133.6945248,-33.04304614,-149.8361111,100.2162105,49.97720831,49.97773795,4516.003979,4482.260493,1185.571892,-268.1957913,5.5479208,1
5514,24,48,64,1,1,0,1,1,1,1,1,1,0,1,1,211.7828543,217.4133723,267.3047005,18.42402236,5.393002912,22.01218502,212.648065,217.782991,267.5186974,18.43316689,5.393394198,21.95458153,-17.13867767,-3.862887235,21.00172825,17.10260086,3.867623477,-20.97005994,211.7283754,217.3618667,267.2750924,4.990409909,2.946566231,3.024890762,212.5738779,217.7265612,267.4945856,5.156185525,2.940418692,2.826980376,0,-140.4345761,111.4518783,-1.667969569,-140.5082208,108.9523217,0.1154599634,-140.3940919,111.4793524,1.352556209,-140.5127407,113.9989881,49.98692213,49.98691775,2617.244678,2613.695122,-5.07010423,-133.4322841,5.8040756,1
5515,24,48,64,1,1,0,1,1,1,1,1,1,1,0,1,213.7408896,213.4522205,269.9845465,53.77631185,21.67059804,52.54243382,210.265324,218.5759459,268.6703133,53.54202847,25.12743753,51.19650685,-35.1903369,-0.08314698392,35.27365203,34.94896209,0.08636405358,-35.03518596,212.600813,213.0676044,268.582966,13.07270331,10.68077284,13.70207992,209.9907652,217.9661768,268.536081,14.34017422,16.41795382,9.157401931,0,-139.8766582,112.723614,-75.07041341,29.35230548,143.004533,1.244003892,-138.8711963,111.7188263,61.92835081,-146.7338746,-17.83997844,49.98297364,49.9833456,3394.719927,3287.267612,166.2856627,-60.84461906,5.8605645,1
5516,24,48,64,1,1,0,1,1,1,1,1,1,1,1,0,208.9262625,216.1788888,270.2487925,10.02216189,5.42169741,5.926161031,208.2238771,217.2608704,271.1242405,8.202176442,8.445625631,4.012803882,6.534742463,-5.195485606,-1.339252047,-6.566283408,5.232243993,1.334038978,208.9252607,216.1762594,270.2480081,7.490821389,1.196564421,5.63768061,208.2108212,217.2452522,271.1225539,4.747983959,6.556004691,3.574646742,0,-138.8388766,111.3511527,-27.15620083,100.2427709,147.1092526,0.2238522939,-138.4231586,111.0663888,45.64410417,-129.7662208,43.42659787,49.98752959,49.98752751,2496.700113,2491.629712,-15.83308126,-143.7892608,5.6991079,1
5517,24,48,64,1,1,1,0,1,1,1,1,1,1,1,1,210.5882135,215.8531717,269.345751,8.943725286,3.304791511,6.453476105,210.2085162,215.8839986,270.7691706,4.864210721,5.599540158,7.116312429,4.051224481,1.263183914,-5.314388958,-3.998107049,-1.278238503,5.276355521,210.5827606,215.8516339,269.3358647,7.925666578,2.90086492,3.587903108,210.2078782,215.8818842,270.7678246,2.630507252,5.36831091,4.719238699,0,-139.5165934,111.6581703,-9.965236919,154.3893677,164.6478563,-0.03526365215,-139.1251201,111.5610041,30.4942137,-109.8570411,74.12595944,49.98751214,49.98751296,2501.250348,2493.610209,-10.03605535,-140.4941321,5.967827,1
5518,24,48,64,1,1,1,0,1,1,0,1,1,1,1,1,213.6945003,211.0768533,273.6110012,18.80869602,4.545137125,17.25834485,212.7467014,210.918952,274.6027508,16.94991905,6.604519146,17.19490493,11.85912566,1.068835198,-12.92848177,-11.65827071,-1.075973163,12.73376942,212.1397582,210.0569177,273.0336778,7.85663051,2.783196069,3.718854251,211.6988451,210.1647934,274.3321097,3.045450001,5.548858361,4.464933291,0,-138.6438895,113.4776099,-13.11037992,148.4450887,161.5370647,0.02451490023,-138.2160368,113.371586,35.03295675,-109.927226,75.02145585,49.98683999,49.98722378,2673.930915,2503.602899,18.13468732,-121.6657438,5.9165027,1
5519,24,48,64,1,1,1,0,1,1,1,0,1,1,1,1,211.7540068,211.2741186,271.929688,31.71518348,61.18166276,64.52644452,205.6490389,213.2465279,277.7014699,26.55935533,62.23135222,64.62483158,0.2104483118,41.72261411,-41.93298161,-0.1055451393,-41.88025807,41.9858855,211.1815127,211.084094,271.4036054,20.90175537,11.56306043,15.64270685,205.2737407,211.0153042,276.197599,12.38671233,15.40494086,15.24352101,0,-138.7529333,112.8232424,-24.11053415,99.0949325,-172.4690657,-0.4585045395,-137.1643712,111.8656099,136.9476954,-99.07067167,29.8111585,49.98144465,49.98122923,3672.248925,3739.979108,137.1280658,130.783561,5.667827,1
5520,24,48,64,1,1,1,0,1,1,1,1,0,1,1,1,211.7828781,217.4132928,267.2981786,18.42483666,5.391808654,22.01508658,212.6536172,217.7823865,267.5172603,18.4413998,5.393708333,21.9625293,17.14197437,3.862577176,-21.00436551,-17.10572659,-3.868583685,20.97447876,211.7283539,217.3616569,267.2686952,4.976855381,2.945094672,3.006833819,212.5791261,217.7259435,267.4933169,5.169183866,2.941879622,2.845559416,0,-140.4362249,111.4513712,-1.530342518,-140.5414221,108.8050889,0.1144357478,-140.3957954,111.479667,1.21186331,-140.4828718,114.1216547,49.9869223,49.98692393,2618.569437,2612.704155,-4.3337451,-134.1487098,5.8080191,1
5521,24,48,64,1,1,1,0,1,1,1,1,1,0,1,1,258.935364,199.6087921,439.1023897,26.675975,14.74104764,23.71124137,263.4380809,206.684029,440.9363178,27.06025774,17.2797112,21.96675677,23.85014994,-5.002702248,-18.84728198,-20.97753306,8.032647561,12.94503581,222.0461581,129.7785277,329.7579196,8.987293138,7.073582316,9.810697164,227.9709453,133.5450229,335.3245136,15.79040168,9.930837834,15.04247259,0,-119.5839754,133.5428301,106.2137185,16.38143042,-103.5354545,0.09361976629,-119.2220216,133.6459148,-33.14822448,-149.2019219,100.3584307,49.97521074,49.97984634,4523.207881,4484.802078,1178.929069,-257.3751569,5.7582904,1
5522,24,48,64,1,1,1,0,1,1,1,1,1,1,0,1,208.9254047,216.1730113,270.251143,10.01522205,5.395935484,5.922754556,208.2204089,217.2471836,271.1226963,8.181992752,8.416715327,4.006093977,-6.514646868,5.171250982,1.343439504,6.546233778,-5.207754539,-1.33845264,208.9244173,216.1704459,270.2503545,7.499041094,1.19486762,5.632791136,208.2074306,217.2317162,271.1209448,4.740862885,6.540086148,3.564936016,0,-138.8377337,111.3518633,-27.11931257,101.1520065,147.0205531,0.2230685984,-138.4228438,111.0676837,45.72182521,-129.6709332,43.47068779,49.98751624,49.98754069,2498.582522,2489.908019,-15.62728037,-143.9698126,6.0181776,1
5523,24,48,64,1,1,1,0,1,1,1,1,1,1,1,0,213.150261,213.9748946,269.7019887,48.33093295,19.24957942,47.14537376,210.2802004,218.5963051,269.0089036,48.15926814,22.7783311,45.91367031,31.96807374,-0.06490080253,-31.90228503,-31.74455625,0.06121942125,31.68421103,212.2141585,213.6473639,268.5421868,11.5604859,9.541787851,12.14027032,210.0604871,218.1044268,268.8966584,12.89192401,15.30995782,7.866474561,0,-139.8481926,112.4939037,-72.58998367,30.78513993,144.8253397,1.085298315,-138.8961875,111.611913,58.96035757,-145.5453849,-11.32747087,49.98367007,49.98444778,3227.360008,3033.478928,135.7932461,-110.1875306,6.0907193,1
5524,24,48,64,1,1,1,1,0,1,1,1,1,1,1,1,207.4780139,216.8358368,270.8355871,8.078222368,8.127819834,3.897623675,209.6801385,216.3917169,270.6077112,9.596731527,5.115979949,5.884184816,6.442442092,-5.051020409,-1.391455429,-6.377299493,4.990155617,1.387111527,207.4686461,216.8177233,270.8334953,4.701542097,6.305162678,3.407634933,209.6793937,216.3875338,270.6072325,7.056751206,0.6963307789,5.57372031,0,-138.464703,111.0130531,40.06585395,-133.5721343,43.77732994,-0.02342319315,-138.7475284,111.3423825,-25.61528156,94.89860198,145.3932053,49.98754534,49.98754738,2494.294983,2487.09975,-17.35678412,-146.3247377,6.2455303,1
5525,24,48,64,1,1,1,1,0,1,0,1,1,1,1,1,208.3302582,221.5883369,267.6292534,51.88281487,53.01906445,20.94246514,207.1242185,216.22757,272.7877273,49.56380001,52.22751757,24.18248378,34.93251837,-35.16349906,0.231374497,-34.58774023,34.91788584,-0.3297655056,207.1458124,219.989829,267.3802471,15.37709536,13.30321946,9.856087528,207.0506591,215.7863106,272.4354681,7.112337854,11.90665736,15.45964251,0,-139.5517481,109.8276073,20.7762735,157.02209,-92.44767978,-1.173526774,-138.8342489,110.4223614,-128.7116971,-49.35059455,95.92632233,49.98300007,49.98423265,3365.543965,3043.862053,115.8978692,-84.80629437,5.836043,1
5526,24,48,64,1,1,1,1,0,1,1,0,1,1,1,1,208.6906673,214.869828,271.503545,9.037822418,11.88811276,9.225214187,209.376642,213.4962968,273.3260926,3.777836039,10.8681898,11.59161326,-1.457548832,8.969123483,-7.511364745,1.454841539,-9.011529228,7.556904865,208.6740276,214.864681,271.5011537,8.754493964,6.307531627,1.357766048,209.3557844,213.4420619,273.2827873,3.035752225,3.965351772,7.080203929,0,-138.4857827,111.6437958,16.71288772,-176.4853025,-105.4971117,-0.3975734983,-138.3088813,111.8834334,-57.79975166,-60.58084765,105.0261225,49.98740707,49.98747991,2520.050854,2499.868981,-4.898027516,-140.2099676,5.6168044,1
5527,24,48,64,1,1,1,1,0,1,1,1,0,1,1,1,209.3811714,218.7122227,267.9269447,53.37568049,24.76449407,51.01897796,214.6090686,214.3642261,269.6675588,53.30174514,21.23432655,52.18407582,34.86079398,0.06196759964,-34.92259618,-34.92581875,-0.1131590288,35.03911375,209.0852075,218.1871764,267.8493091,14.02277767,16.22945639,9.038060412,213.2700221,214.0084002,268.4608964,12.59925551,10.45276536,13.5433378,0,-139.8794709,110.7552986,60.02463774,-148.6030017,-18.47885092,-1.019044006,-140.7619604,111.8007937,-75.86622655,26.77796872,142.0504261,49.98348443,49.98303374,3260.896035,3376.276571,50.95487938,20.63501354,5.5502463,1
5528,24,48,64,1,1,1,1,0,1,1,1,1,0,1,1,207.456399,216.9995043,270.7228708,8.343386309,8.47426245,3.903489941,209.7057256,216.5324892,270.484162,9.868348775,5.539548061,5.949035376,6.73385673,-5.469121872,-1.264748692,-6.663168801,5.403731129,1.259422982,207.4459305,216.9785642,270.7209631,4.730834254,6.403525438,3.471021601,209.7047406,216.5279841,270.483687,7.148985152,0.7720911566,5.676794117,0,-138.5001129,110.9649884,41.44354931,-133.4838402,42.17297474,-0.02766784379,-138.792502,111.3042771,-26.19596517,90.34397942,145.7856085,49.98754436,49.9875313,2495.447374,2489.331587,-17.92372842,-147.5479749,5.9693195,1
5529,24,48,64,1,1,1,1,0,1,1,1,1,1,0,1,310.7238891,324.1921212,312.1614502,20.86471908,21.94577192,15.53408389,311.6688307,324.6201988,313.6143421,17.99288228,20.87624781,15.65401652,7.444889294,-6.209829591,-1.240481042,0.4533997809,2.409143128,-2.867356973,244.5330927,264.3909702,214.1725827,7.799863857,4.070024788,2.451004368,245.6504495,265.0689806,215.1324445,4.432732477,3.153166908,3.424869418,0,-160.2438658,106.703479,12.22345786,-153.8504585,151.5248847,-0.06098958888,-160.1959952,106.6463618,-22.38071699,-168.6647896,76.27520587,49.96414607,49.98668936,5057.051353,4761.81075,-1.93859406,-220.574203,6.0100379,1
5530,24,48,64,1,1,1,1,0,1,1,1,1,1,1,0,204.4700815,218.1367965,272.0632349,34.66017201,29.97669398,6.103580512,205.2708993,218.4418464,272.3611352,34.53802314,29.91813791,6.086500184,32.34034676,-28.46184601,-3.878367174,-32.24991603,28.39235372,3.857691386,204.3209003,217.9551857,271.9561192,4.983012972,2.894604113,2.974094791,205.077459,218.2818743,272.2545419,4.809552677,3.017889535,2.975269094,0,-137.4132018,110.2424702,-1.945119599,-140.877131,110.5509357,0.1022424283,-137.3549544,110.2674368,1.733234523,-134.2283826,109.8106194,49.98620031,49.98621026,2762.21761,2755.130267,8.767783203,-119.3314368,6.0577174,1
5531,24,48,64,1,1,1,1,1,0,1,1,1,1,1,1,207.4757425,216.8426192,270.8264409,8.086685843,8.137545666,3.897179279,209.6790141,216.3996557,270.5987702,9.607259897,5.130846255,5.88345283,-6.45419259,5.065073636,1.389126288,6.388865942,-5.00407045,-1.384781582,207.4663636,216.8244181,270.8243936,4.699268977,6.305574399,3.41001974,209.6782778,216.3954621,270.5983155,7.060191607,0.6982317254,5.57472687,0,-138.4669618,111.0099181,40.10057819,-133.5532252,43.76237374,-0.02331870093,-138.7498531,111.3392563,-25.60823686,95.01076915,145.4137469,49.98754788,49.98754431,2494.09295,2487.403516,-17.61495976,-146.0946751,6.2154281,1
5532,24,48,64,1,1,1,1,1,0,0,1,1,1,1,1,208.4758889,215.1657439,271.4702259,9.22261959,14.25814063,12.42671024,209.0739116,213.8024278,273.3552939,3.604522564,13.4938475,14.27787468,1.400604642,-9.909973358,8.509540367,-1.403869844,9.962559064,-8.558515196,208.4545296,215.1540763,271.4576183,8.957643147,6.242389653,1.522844029,209.0448435,213.7018938,273.2658296,2.853246976,4.059400279,7.076146407,0,-138.4576463,111.5323089,15.8604909,-177.6766034,-115.4738775,-0.4141882511,-138.275328,111.7577717,-61.20960252,-62.3182258,102.5035861,49.98735351,49.98734811,2532.821782,2527.684322,-13.65810944,-134.0400212,6.2544121,1
5533,24,48,64,1,1,1,1,1,0,1,0,1,1,1,1,208.249171,221.9154088,267.1917885,54.72016283,56.44278295,23.62362025,206.7366623,216.33827,273.0902377,52.32812349,55.71999636,26.82434879,-36.69810237,37.34339715,-0.6451664157,36.34005844,-37.09311698,0.7531865122,206.9325148,220.1425357,266.9007851,16.13940156,14.15698078,11.32025458,206.654641,215.7886473,272.6402553,7.712010556,13.13182814,16.85308958,0,-139.6351493,109.7154397,20.17384356,152.582733,-94.43796425,-1.250449985,-138.7620948,110.3298674,-132.719763,-52.07034176,93.84504778,49.98258926,49.98328162,3463.036968,3262.413927,169.4824897,-79.48125365,5.5915537,1
5534,24,48,64,1,1,1,1,1,0,1,1,0,1,1,1,207.4625947,217.0084714,270.7108471,8.339728069,8.476402374,3.901760454,209.7074945,216.5327476,270.4728747,9.84350478,5.523389882,5.951106086,-6.710406456,5.447620812,1.262804247,6.639764238,-5.382365855,-1.257382729,207.4521101,216.9875437,270.7089011,4.750762879,6.420871562,3.469742481,209.7064983,216.5282269,270.4723945,7.131917262,0.7745151698,5.679359301,0,-138.5054902,110.9625848,41.31578353,-133.6221939,42.11837384,-0.0296278404,-138.79822,111.3021293,-26.31144639,88.66585448,145.7647217,49.98753859,49.98753746,2495.730891,2488.963007,-18.49150598,-146.9402589,5.6508397,1
5535,24,48,64,1,1,1,1,1,0,1,1,1,0,1,1,209.3797588,218.58584,268.4655385,45.34347767,21.0903881,43.30571806,213.7219364,215.0240078,269.3560785,45.25678265,17.4711818,44.32290234,-30.01635735,-0.0009729624181,30.01771445,30.07817098,0.04328266013,-30.12111988,209.1717159,218.2164025,268.4081477,11.82006182,14.42350879,7.203391931,212.7264119,214.748513,268.4463119,10.45077655,8.604341323,11.28217,0,-139.720879,110.8051256,56.00416464,-146.4343379,-7.962830884,-0.7752415765,-140.5211717,111.6715734,-70.63365755,29.28407941,145.0034064,49.98504414,49.98398971,2916.555028,3146.189997,-8.225604116,-20.23807538,5.8224053,1
5536,24,48,64,1,1,1,1,1,0,1,1,1,1,0,1,204.4625205,218.1294083,272.0620114,34.7163634,30.03152624,6.102591232,205.2634405,218.4358795,272.3615589,34.59306578,29.97313665,6.085941629,-32.38571805,28.50719877,3.878662979,32.295305,-28.43870551,-3.856460555,204.3126475,217.946542,271.9546884,4.986019517,2.892849553,2.973712802,205.0685353,218.2748068,272.2543623,4.806391164,3.019966451,2.975653311,0,-137.4109028,110.2428719,-1.987152651,-140.9678486,110.5824873,0.1026966763,-137.3519962,110.267714,1.779419614,-134.1407676,109.7798991,49.98619546,49.98620583,2762.306876,2756.746343,8.427886264,-118.8348795,6.6097588,1
5537,24,48,64,1,1,1,1,1,0,1,1,1,1,1,0,310.2033263,323.6673563,311.0208953,19.57950191,20.45843781,13.28526397,311.6019592,324.1003817,311.6488228,18.24503993,20.03361818,13.8573605,-6.717437997,6.486883004,0.2328428018,-1.173435607,-2.683440363,3.858875659,243.8139885,263.8732907,213.3375809,6.059486804,2.132555796,2.303322642,245.6597575,264.7443107,213.8763834,6.440022688,5.26735546,4.28317951,0,-160.3005484,106.5287967,21.19075515,-136.6869938,172.4904059,0.04305372561,-160.2989946,106.6382562,-20.14002874,-169.7504993,77.10414348,49.96690193,49.98410512,5227.266013,4594.151263,-8.074368629,-214.0777245,6.0133495,1
5685,16,16,48,1,1,1,1,1,1,1,1,1,1,1,1,234.8866249,187.350812,275.0772581,8.598340943,6.715043505,3.14756474,236.2841139,188.2427917,275.6920065,7.543791089,6.252737263,4.305608539,0.001296572872,-0.0006018497626,-0.000731624811,-0.001025121988,-0.0006089597486,0.001609738401,234.8767751,187.3517747,275.085426,8.597689535,6.714575407,3.146823409,236.2742386,188.2438452,275.700198,7.543167897,6.252409708,4.305147136,0,-140.0232878,102.4402399,0.4282483909,-147.0737448,101.6227901,0.107371027,-139.8203659,102.5213882,-0.9556240644,-132.8595798,102.935304,49.97932242,49.97932436,4141.362125,4128.997561,34.52925667,-238.2627788,8.0373572,1
5686,16,16,48,1,1,1,1,1,1,0,1,1,1,1,1,234.3082778,186.6113393,276.2826981,14.0288459,15.50782524,9.683411172,235.2502523,185.3517194,278.8304423,5.159476251,13.49425602,13.51814845,2.271520893,-10.97182315,8.700315411,-2.256777206,11.02505052,-8.768274444,234.2976438,186.6117035,276.2837224,13.67548714,10.47514562,2.358161862,235.2353971,185.3039479,278.7881577,4.106082318,7.08210873,9.653843819,0,-139.8034951,102.5879174,12.40677649,-173.677927,-104.8003858,-0.4675938517,-139.353801,102.9446939,-47.94553119,-84.89296321,96.18724455,49.9791831,49.97917197,4168.390827,4160.422757,29.28604885,-239.510794,6.639597,1
5687,16,16,48,1,1,1,1,1,1,1,0,1,1,1,1,234.3121295,186.6171669,276.2736555,14.02645723,15.48821657,9.636048165,235.2537258,185.3595807,278.8217464,5.15942013,13.45280979,13.48003467,-2.273596134,10.92392848,-8.650366512,2.259555397,-10.97931941,8.719722784,234.3015454,186.6175226,276.2747161,13.67273732,10.49477601,2.341892706,235.2390073,185.3120475,278.7796939,4.10499208,7.07581197,9.644565011,0,-139.8055595,102.5870143,12.39430683,-173.6459272,-104.3797811,-0.4669217904,-139.3551151,102.9437055,-47.88858122,-84.74054043,96.31633224,49.97917009,49.97918561,4170.732287,4157.825144,29.79562635,-240.029509,6.3566829,1
5688,16,16,48,1,1,1,1,1,1,1,1,0,1,1,1,235.3719239,187.2248428,274.6496473,9.43290271,10.97384286,10.59052271,238.7453103,187.9019743,273.7601562,13.34212384,4.224269628,10.79876877,6.488190943,2.211405312,-8.699606219,-6.57049352,-2.169561045,8.740035946,235.3605975,187.2234816,274.6562224,6.316028979,10.5995476,5.739415344,238.7118022,187.8985528,273.7441457,11.30335359,3.144235921,6.058169452,0,-140.1404136,102.7220776,31.1708243,-129.8206199,49.78366936,0.1291587195,-140.5445621,103.0570086,-17.05886731,-179.2548999,151.854624,49.97913607,49.9791368,4178.413764,4166.575107,36.22305286,-234.9542462,7.0804475,1
5689,16,16,48,1,1,1,1,1,1,1,1,1,0,1,1,235.3724316,187.2252361,274.6475285,9.459368274,10.97168239,10.61643952,238.7492866,187.9065629,273.7613579,13.36333644,4.227422639,10.82692648,-6.511960513,-2.216772647,8.728683051,6.595073294,2.172419961,-8.767556516,235.3610739,187.223886,274.6541265,6.317466055,10.59741806,5.734043811,238.7154854,187.9032744,273.7452373,11.30672555,3.148979678,6.057732043,0,-140.1408273,102.7225744,31.22240169,-129.7975215,49.77709717,0.1295400127,-140.5443113,103.0576203,-17.08303134,-179.2749035,151.8042795,49.97914847,49.9791223,4176.958568,4168.465104,35.91077202,-234.6138989,6.7979148,1
5690,16,16,48,1,1,1,1,1,1,1,1,1,1,0,1,234.8537357,187.8878948,274.9304138,12.62451719,6.835623685,6.93260275,234.8533642,190.1185939,275.8724968,11.38242383,12.12473564,4.364844994,-7.746756232,6.071541057,1.675191485,7.811017511,-6.151346288,-1.659693746,234.84329,187.8865521,274.9371205,9.851752527,2.650761562,6.558543386,234.8253699,190.0969129,275.8781697,8.140226426,10.31098763,3.747721114,0,-140.0336077,102.1292974,-24.07309354,-148.9792517,132.1124134,0.3648466102,-139.4765257,101.8429158,29.17383623,-137.8137422,40.36195078,49.97918906,49.97918144,4168.637192,4156.833531,15.17207516,-256.9604362,7.0778811,1
5691,16,16,48,1,1,1,1,1,1,1,1,1,1,1,0,234.8526917,187.8848312,274.9312708,12.60827003,6.812441794,6.930007101,234.8536133,190.1137464,275.8743379,11.36751869,12.10945072,4.3653281,7.726471759,-6.049376705,-1.677116287,-7.790206756,6.126823767,1.66338383,234.8422571,187.8834906,274.9379663,9.847654497,2.65219217,6.555267279,234.8256442,190.0921835,275.8799486,8.139641261,10.30890425,3.74740967,0,-140.0332945,102.1300012,-24.05150768,-148.9299162,132.1111985,0.3640272705,-139.4768575,101.8438285,29.13489282,-137.8244496,40.41310124,49.97918756,49.97918511,4168.644657,4156.420818,15.4332553,-257.1853661,6.8339158,1
5692,16,16,48,0,1,1,1,1,1,1,1,1,1,1,1,233.6803265,184.0070499,278.8959291,5.628352737,14.54212655,14.02952198,235.6682278,187.2132767,277.3239658,13.65587453,15.94412087,10.77912379,-2.583361097,12.37360849,-9.790241796,2.526408047,-12.1935215,9.667110582,233.662193,183.952532,278.8238007,4.344928541,6.564193658,9.05676061,235.6581437,187.2131889,277.3179675,13.1970516,9.518980693,2.050038658,0,-138.994935,103.3904956,-42.83061454,-92.13168389,93.6644165,0.736038614,-139.0882936,103.1837306,12.90350482,-169.5312643,-123.84201,49.97917228,49.97915976,4172.570195,4161.188778,33.73850106,-242.7240881,6.7962422,1
5693,16,16,48,0,1,1,1,1,1,0,1,1,1,1,1,279.1802294,298.325798,361.9918535,20.7667918,21.49382129,22.20199687,280.4367888,299.7793865,362.4877798,18.96727833,18.56668446,21.30645266,-6.186621385,11.52887457,-5.342852896,-4.360673913,1.763938545,2.596311033,195.9579955,207.8833202,316.4115134,7.937854731,6.42408277,5.643071396,196.8582263,209.5623584,317.28252,5.52419203,8.343599489,5.16010072,0,-129.1275577,87.11140683,-0.6944929936,-112.6507214,122.5382169,0.05320698451,-129.1085385,86.9810374,0.4044092007,-142.1358497,47.50321864,49.95248425,49.97103262,7531.481822,7766.708348,-839.4532679,-1086.868738,6.3798608,1
5694,16,16,48,0,1,1,1,1,1,1,0,1,1,1,1,232.7162229,180.5206489,282.1443325,12.01827465,49.70914496,41.57703363,234.2285347,181.605445,282.5129394,11.85671773,49.39978733,41.51383822,-7.59526764,45.7503576,-38.15509632,7.468303261,-45.5270555,38.05872749,232.5027462,180.1651033,281.7633424,8.033168075,6.472739382,3.607134319,234.0138104,181.1506136,282.2014264,7.945229639,5.923912828,4.054871538,0,-138.308244,104.5260885,0.2243200918,-141.5705022,98.95831329,0.1462496203,-138.147925,104.6002918,-0.6376179055,-135.1749595,109.3557754,49.97665462,49.97662958,4674.984118,4667.493452,150.3078735,-120.6095032,6.7858446,1
5695,16,16,48,0,1,1,1,1,1,1,1,0,1,1,1,228.4661235,183.9306744,285.3213748,37.66890841,78.21716888,82.63347758,239.8201522,181.9122004,278.0563619,44.74207753,74.94766316,82.11230812,1.971118952,52.24301757,-54.21402296,-2.44942003,-51.45918348,53.9087025,227.9444954,181.0583366,282.4565528,16.49636991,22.56650396,20.91213482,238.7489175,181.680724,276.8356366,28.71370457,12.98542252,21.38742945,0,-137.1499463,103.4004607,125.3971433,-109.830874,20.47306619,0.5298989112,-139.3355572,104.762345,-27.83952456,97.18646001,179.8689669,49.96966683,49.9693081,6045.890177,6048.774929,436.5104106,-32.51567889,6.6254845,1
5696,16,16,48,0,1,1,1,1,1,1,1,1,0,1,1,235.4880825,180.8444557,281.595443,17.17909866,12.23212966,18.36174157,239.3563875,181.638714,280.6101756,20.31998588,4.198815457,18.52205731,-12.89652126,-0.74637858,13.64164856,13.09302119,0.7947595864,-13.88906549,234.0440013,179.7716292,281.059927,6.127225065,11.72493058,6.96097523,237.6326927,180.2160261,279.9040875,11.85891829,2.713870603,6.797102441,0,-138.6866982,105.207146,37.2559493,-126.5394714,49.74245401,0.07709617951,-139.2967008,105.5578903,-18.48229132,150.534068,162.7518537,49.97704869,49.98061722,4495.596309,4005.947657,110.9791109,-184.9895929,6.6720699,1
5697,16,16,48,0,1,1,1,1,1,1,1,1,1,0,1,231.1918347,186.7951417,279.5979784,67.15182149,73.57645687,39.3218149,237.1936663,195.8084262,272.0260162,71.05795303,74.17040442,35.24088215,-46.56075043,49.40951068,-2.84874598,46.79101532,-49.4947452,2.703752717,231.0743361,185.8957846,278.4286848,9.384563834,18.99784298,23.24934128,235.0479702,192.9639701,271.4122493,23.78455595,19.30013724,16.22364649,0,-138.3377101,101.935203,-138.8101196,-67.26231196,84.92746652,1.753570481,-139.7116775,101.152711,15.28052698,152.1685105,-102.6101198,49.9710474,49.97104529,5787.052103,5760.46332,166.9384942,38.92700759,6.767596,1
5698,16,16,48,0,1,1,1,1,1,1,1,1,1,1,0,233.3213512,184.2116089,279.2004062,5.454647394,15.1722899,14.76874439,235.3360762,187.4864545,277.5503129,13.80714133,16.54313566,11.58311311,-2.367880324,13.03614329,-10.66824189,2.290615143,-12.8258676,10.53527977,233.2956607,184.1348347,279.0896201,4.250202231,6.673340925,9.241342963,235.321309,187.4766326,277.5225355,13.3966632,9.676086358,2.203054586,0,-138.8785456,103.2209205,-45.56550602,-90.54568197,93.39843143,0.7572367644,-138.9829646,103.0052905,13.07196156,-170.2121383,-121.5267771,49.97915005,49.97913047,4177.667732,4166.549787,28.62763136,-250.3530763,6.7514274,1
5699,16,16,48,1,0,1,1,1,1,1,1,1,1,1,1,233.6765152,184.0057731,278.9073985,5.62389479,14.52841906,14.02237059,235.6653534,187.2089998,277.327116,13.6554559,15.96132833,10.7721374,2.583523967,-12.34207507,9.758319558,-2.52589543,12.15949953,-9.633798581,233.6583567,183.9500627,278.8343996,4.34270042,6.551909753,9.046659597,235.6552089,187.2088959,277.3212371,13.19776734,9.560760307,2.017686947,0,-138.9916903,103.3942134,-42.82580667,-91.7760071,93.92106884,0.7360202212,-139.0874118,103.1872644,12.89487638,-169.5099747,-123.1195772,49.97919253,49.97913755,4167.950709,4166.114731,32.46465615,-241.3876908,6.7135371,1
5700,16,16,48,1,0,1,1,1,1,0,1,1,1,1,1,232.7089454,180.5100268,282.1599515,12.01929005,49.86068426,41.72998598,234.2221902,181.5926113,282.5306323,11.8572544,49.55677662,41.66819311,7.594254817,-45.88355457,38.28934051,-7.466904797,45.65851096,-38.19156042,232.4943609,180.1518151,281.7761586,8.033308225,6.447595944,3.591613663,234.0053286,181.1362976,282.2183397,7.944530349,5.948184009,4.066911209,0,-138.3047845,104.5282414,0.2331481826,-141.5921429,99.29061979,0.1461236245,-138.1430476,104.60299,-0.6467597141,-135.1698295,109.0318072,49.97662588,49.9766174,4678.318522,4671.349377,151.4721417,-120.9658639,6.833873,1
5701,16,16,48,1,0,1,1,1,1,1,0,1,1,1,1,278.0053036,298.024994,361.3808289,22.718623,24.24254075,25.98174973,279.3051039,299.3757706,361.8834416,20.85074136,22.41643566,25.71003489,6.29288607,-7.75249968,1.461661943,4.146346358,-5.393468816,1.24953727,195.5173985,209.5875951,316.5547499,8.111063529,8.984795555,4.749728444,196.4263512,210.2747263,317.0018821,5.325000881,5.63072421,3.913589629,0,-129.3255168,86.36795292,0.8413262863,-137.4696068,78.7765859,0.01377436757,-129.1901149,86.40983355,-1.918194234,-116.8608772,95.41775643,49.94453218,49.97852516,8103.928424,7251.429317,-883.0136129,-1011.615788,6.6553959,1
5702,16,16,48,1,0,1,1,1,1,1,1,0,1,1,1,235.5041989,180.1080534,281.7544958,14.58640777,12.14406183,15.56769322,238.8835474,180.8306174,280.3272898,17.29685593,3.732134309,15.45498349,12.32353367,0.6529324159,-12.97130239,-12.52883258,-0.6910747974,13.22457241,234.1865387,179.2129951,281.2219311,6.575415128,11.75441891,6.837257349,237.4774755,179.643424,279.7673975,10.9720595,2.532285914,6.099348966,0,-138.6956833,105.380876,30.2117752,-127.356899,55.72207811,0.1478955466,-139.2845712,105.6984256,-17.79409062,149.5398724,164.0736477,49.9789991,49.97913851,4246.64104,4123.658459,39.28013973,-131.3467088,6.8512687,1
5703,16,16,48,1,0,1,1,1,1,1,1,1,0,1,1,228.354374,183.8488507,285.2976764,37.78512373,78.68523806,83.02034643,239.6663301,181.7739645,277.915421,44.77843143,75.3937641,82.47900057,-1.94006506,-52.4816006,54.42164008,2.422120269,51.69267697,-54.1147863,227.8233172,180.9476106,282.4137168,16.40553804,22.76232901,20.8890014,238.589845,181.5409041,276.6869594,28.56059992,13.15585323,21.2982027,0,-137.1257421,103.4117763,124.9024148,-109.8643948,21.00268465,0.5336501485,-139.3381684,104.7648803,-28.01793134,96.71147813,-179.6612573,49.96930505,49.96922071,6138.68784,6150.47715,450.7376841,9.227276643,6.6923806,1
5704,16,16,48,1,0,1,1,1,1,1,1,1,1,0,1,233.3148953,184.2361727,279.197567,5.458568749,15.17528417,14.78202888,235.3308778,187.5050658,277.5417263,13.79754186,16.60139973,11.61656496,2.380439628,-12.94312145,10.56227706,-2.301416689,12.72920567,-10.42816556,233.2880048,184.1562656,279.0825707,4.247120032,6.638741166,9.198435,235.3154848,187.4950452,277.5127574,13.38443354,9.751269396,2.121226758,0,-138.8777699,103.2176034,-45.35367777,-89.94916595,93.90672055,0.7561979705,-138.9841938,103.0020697,13.02575211,-170.0792378,-120.3773653,49.97918884,49.97908072,4170.038805,4177.21718,26.08314169,-248.2594852,6.7324429,1
5705,16,16,48,1,0,1,1,1,1,1,1,1,1,1,0,231.1993118,186.7983056,279.6130109,67.15209651,73.59018918,39.34965507,237.1971545,195.802991,272.0416547,71.05537909,74.17792563,35.2682298,46.57075402,-49.44085342,2.870208752,-46.79968732,49.5240197,-2.724228648,231.0824068,185.8983872,278.4437461,9.386048228,18.99344912,23.2721822,235.048519,192.9605657,271.423785,23.77953907,19.27618052,16.24862262,0,-138.3366097,101.9352315,-138.7163394,-67.35924588,84.87676652,1.753523972,-139.7104092,101.1523612,15.31499817,152.1037184,-102.6719601,49.9710119,49.97111687,5788.750761,5748.092245,165.9593904,37.40141897,6.8005378,1
5706,16,16,48,1,1,0,1,1,1,1,1,1,1,1,1,236.768397,186.5405899,273.8546596,13.06375207,4.450809424,9.93582372,236.3480536,188.1038026,275.5442277,8.977174382,10.89345754,9.686507398,-5.752559103,-2.188436158,7.940963632,5.640251457,2.225168651,-7.865483242,236.7436264,186.5371547,273.8382706,11.42998294,3.532212172,5.77025185,236.3380073,188.1004402,275.5496249,6.490502278,10.55132985,5.440568948,0,-140.5937247,103.1866105,-18.69326373,175.5613876,149.6377256,0.2023813261,-139.8508008,102.957449,33.65227796,-127.2140526,52.61527669,49.97918076,49.97915508,4171.009729,4161.744183,51.27861397,-224.8957008,6.8463932,1
5707,16,16,48,1,1,0,1,1,1,0,1,1,1,1,1,236.7675265,181.3231627,277.7176191,46.03459302,77.29584534,84.19857514,228.1581678,186.190069,285.7974197,38.52852225,79.84729213,84.35862272,-2.056159021,-53.0178432,55.07413179,1.764482846,53.35060329,-55.11496747,235.7571802,181.0436284,276.5740158,29.49357138,14.07711104,21.3862189,227.6390437,182.4796444,283.3022164,17.10348725,23.13684995,20.94472443,0,-140.032769,104.6216313,-28.60878017,98.71368174,-179.4136559,-0.2456401691,-137.4288231,103.3521227,125.2410626,-108.3752933,21.13386106,49.96874022,49.96912529,6239.568798,6132.086264,324.6601761,233.2220052,6.8077697,1
5708,16,16,48,1,1,0,1,1,1,1,0,1,1,1,1,239.9229158,178.3284705,286.9676706,24.02884595,6.916334796,22.709049,239.8305464,179.031168,288.8120461,22.49930674,12.53796301,22.53947113,-16.92798509,-1.392916514,18.32029853,16.47856302,1.333270738,-17.81225168,234.548898,173.292719,284.6877908,9.283702344,3.125454388,3.78802463,234.8497696,175.023196,286.890512,7.922295844,10.70741695,5.695358981,0,-138.2372629,107.5435894,-19.3145459,161.5069274,152.0979079,0.2260609202,-137.3178158,107.4536868,22.32524978,-123.5154501,79.55868498,49.97592059,49.98057335,4745.790133,3948.921191,255.1998585,-215.3202173,6.7482508,1
5709,16,16,48,1,1,0,1,1,1,1,1,0,1,1,1,263.1777064,177.3414883,472.7360452,27.84304388,17.74442785,21.55710845,260.3403703,171.7192325,472.38723,25.56315223,12.75308958,23.8465153,20.56543434,-8.704967915,-11.86104042,-22.56243999,2.540687015,20.02127771,230.3416652,112.4014609,350.736723,17.82036737,10.89289831,15.91023711,226.7058109,109.8307657,346.2660637,9.700016118,5.336853842,8.635560629,0,-123.1230133,126.1757278,-33.15257618,-150.4429696,98.9611601,0.3016725497,-123.192641,126.0727715,85.2364569,-10.93894238,-110.8722843,49.96592115,49.96782899,6553.414625,6673.663529,-224.0528961,779.6721715,6.6420627,1
5710,16,16,48,1,1,0,1,1,1,1,1,1,0,1,1,238.0314483,186.6002935,272.2497869,21.9250385,9.586579456,26.48235072,239.5447887,187.8288193,272.5312544,21.98995125,9.55950417,26.34475882,-18.79668449,-6.280092914,25.07673836,18.73886125,6.278185197,-25.01706363,237.9609343,186.5275079,272.1874982,8.004944738,6.422292711,3.975088356,239.4542169,187.7339206,272.4748861,8.358192345,6.395920474,3.413448191,0,-141.0663742,103.6416941,-2.468396761,-141.2233911,99.82662431,0.1915134293,-140.9135493,103.679835,1.987137301,-141.3146378,107.9147553,49.97839948,49.97836715,4326.924601,4319.526441,100.5998535,-169.6754709,6.7226742,1
5711,16,16,48,1,1,0,1,1,1,1,1,1,1,0,1,240.2058154,184.0532184,273.8425977,71.79392246,30.13533687,69.89943493,236.8176208,192.9653852,271.5976706,72.04401196,37.56798889,67.99642838,-46.91759482,0.3084055361,46.60925057,46.50805433,-0.3109175895,-46.19708335,238.5700598,183.4647179,271.3458731,17.76245005,13.42027445,18.6108337,236.2101869,191.7229395,271.3242319,22.19885745,25.66599121,12.8952305,0,-141.2027252,104.6594326,-81.12941236,17.48128677,135.2763779,1.808245025,-139.6806632,103.2905549,52.44306407,-151.9502166,-27.53429924,49.97129165,49.97127971,5730.54637,5713.571066,382.8376994,-45.20523237,7.7376597,1
5712,16,16,48,1,1,0,1,1,1,1,1,1,1,1,0,235.2951333,188.1579722,274.3118557,13.15297648,7.602710733,7.121372278,235.2115491,190.4865807,275.2489458,11.98441807,12.85389435,4.302762245,8.418813764,-7.033046778,-1.385771511,-8.506585199,7.12617402,1.380389405,235.2827363,188.1511217,274.3172287,9.986485259,2.405756326,6.835874715,235.1739185,190.4485263,275.2537905,8.301412758,10.56962871,3.813830485,0,-140.2199382,102.1438293,-25.58616094,-149.0048435,132.5744277,0.3846789186,-139.6438641,101.8307502,30.90070068,-138.2874749,36.00707455,49.97913634,49.97913208,4178.399288,4167.654501,15.1710694,-255.0488996,8.1794133,1
5713,16,16,48,1,1,1,0,1,1,1,1,1,1,1,1,236.7594158,186.5360739,273.8591258,13.0457726,4.460969208,9.927477355,236.3469742,188.0972985,275.5519146,8.97565664,10.8878975,9.688929969,5.753878422,2.195509643,-7.949397013,-5.641079625,-2.234481691,7.875530273,236.7347305,186.532649,273.8427619,11.41182026,3.537091882,5.7486404,236.33694,188.093952,275.5572912,6.49234557,10.54291305,5.437342129,0,-140.5914478,103.1855272,-18.63699941,175.6684155,149.6299177,0.2010762144,-139.8495119,102.9577918,33.46671337,-127.2085489,52.84090345,49.97917395,49.97916204,4171.693673,4160.917227,52.05492848,-225.6432474,8.1472797,1
5714,16,16,48,1,1,1,0,1,1,0,1,1,1,1,1,239.5456415,178.5322781,286.4796792,24.24352298,7.041198638,22.64610979,239.6333894,179.1825848,288.4180417,22.21653323,12.74847604,22.63656141,17.00374041,1.270688299,-18.27255142,-16.55330553,-1.207369439,17.76247801,234.4624254,173.7114113,284.2819205,9.927475079,2.965833177,4.530456447,234.7297673,175.3400744,286.3732237,6.950912168,10.85221476,6.493856426,0,-138.3032252,107.3540462,-14.8676562,159.8741463,164.4307143,0.2101666347,-137.4297337,107.2616711,20.95856377,-124.3404969,71.35757625,49.97731969,49.97922943,4419.854763,4256.617024,176.1192508,-136.9726512,8.2671136,1
5715,16,16,48,1,1,1,0,1,1,1,0,1,1,1,1,236.7106519,181.2624975,277.6478193,46.00496822,77.28508582,84.19102033,228.1323779,186.1413699,285.7399158,38.51736721,79.84647408,84.35791663,2.082885798,52.97247477,-55.05537873,-1.789551545,-53.30792548,55.09744383,235.7155852,180.9830622,276.4923025,29.42998104,14.11527288,21.37250243,227.6240043,182.4251542,283.2320708,17.0454598,23.1873213,20.957737,0,-140.0344816,104.6340935,-28.59735258,98.5336626,-179.1996113,-0.2440470543,-137.4260964,103.3694761,125.1704466,-108.4247373,21.34634726,49.96890999,49.96878332,6232.565643,6224.31696,339.4094932,247.5900614,8.1541747,1
5716,16,16,48,1,1,1,0,1,1,1,1,0,1,1,1,238.0153503,186.6013009,272.2270138,21.9175186,9.585725121,26.48629963,239.5728601,187.8289348,272.5381651,22.03042277,9.560424046,26.37787673,18.81863528,6.279528276,-25.09810208,-18.7614593,-6.278948317,25.04044218,237.9452591,186.5279242,272.1650047,7.938928883,6.420929441,3.875778368,239.4813059,187.7344078,272.4813893,8.418042487,6.397307951,3.518177038,0,-141.0689764,103.6366651,-1.845861414,-141.228784,99.15290164,0.1867643198,-140.9162848,103.6825204,1.365672771,-141.3145306,108.4174611,49.97839903,49.97836626,4325.578684,4320.664441,103.4984023,-172.6125335,8.1471551,1
5717,16,16,48,1,1,1,0,1,1,1,1,1,0,1,1,262.8207708,176.7513621,472.8855841,28.28543184,18.02326547,22.06384966,259.9052122,170.9961215,472.4778646,26.09206029,12.87430899,24.32606489,-21.19917391,8.983789343,12.21556307,23.20681504,-2.840088584,-20.36654084,230.1027246,112.0942232,351.1821502,18.03519059,11.19655062,16.34522276,226.3552345,109.4234951,346.5343734,9.968892695,5.582999852,9.132445321,0,-122.8828953,126.2171962,-33.75929978,-150.2322959,98.10760032,0.3146903399,-122.9654451,126.1181007,85.90404153,-8.497201051,-110.9225445,49.96665164,49.96721605,6581.899676,6643.251588,-236.7488174,796.2328229,7.8129542,1
5718,16,16,48,1,1,1,0,1,1,1,1,1,1,0,1,235.3245497,188.1672112,274.288329,13.2506156,7.657177815,7.156625573,235.1969909,190.4595965,275.2167469,11.93795175,12.82038497,4.292411285,-8.37779465,7.030040287,1.347730361,8.468241036,-7.126588325,-1.341670389,235.3117773,188.1591975,274.2933516,10.10750699,2.480608179,6.878889305,235.1587333,190.4203425,275.2211614,8.224301706,10.50595275,3.813578919,0,-140.2287401,102.1485869,-25.50737576,-150.1713244,132.5348043,0.3798862619,-139.6532086,101.8320178,31.54145404,-137.9539211,35.34995477,49.97910798,49.97914751,4186.584857,4164.311185,14.16754244,-252.7553726,8.2614978,1
5719,16,16,48,1,1,1,0,1,1,1,1,1,1,1,0,238.6561344,185.6612582,273.2817487,50.16533097,18.70711655,49.23076098,236.8716585,192.0007677,273.281776,50.52256242,26.75977716,47.76432577,33.14810718,0.229694531,-33.37329883,-32.83195411,-0.2345703816,33.07069946,237.7772061,185.3370646,271.9442064,12.59445884,7.90256229,12.94086359,236.5921052,191.4124519,273.1291511,16.40135896,20.45164705,8.209668664,0,-141.0429589,103.7241009,-67.91434875,20.61951069,139.3145525,1.16990255,-139.7778736,102.824795,45.38074736,-147.8555378,-8.788325375,49.97375904,49.97720181,5054.646679,4431.3819,210.9126557,-256.6618311,8.4278128,1
5720,16,16,48,1,1,1,1,0,1,1,1,1,1,1,1,233.6475571,188.6757098,275.5015816,10.86012886,11.60035037,4.057188385,236.3867061,188.586687,275.6038551,11.3258481,5.913977329,7.133846047,6.711782754,-5.268284546,-1.443500504,-6.578557855,5.128414241,1.450137744,233.6258812,188.6610837,275.5079585,8.455671438,10.28090001,3.554140532,236.376479,188.5856081,275.6111446,9.144095266,2.751719231,6.860405179,0,-139.7509076,101.6712404,24.72342886,-143.4731102,35.23533783,-0.06944536396,-139.9055983,102.0601928,-23.20356172,-127.304173,130.0761333,49.97923818,49.97922314,4159.004059,4148.679809,9.047357655,-262.9368557,8.6762171,1
5721,16,16,48,1,1,1,1,0,1,0,1,1,1,1,1,235.3299999,194.6899755,271.0887046,66.28583564,68.81082142,31.56922976,232.7817958,188.4575481,278.8043273,61.51225455,67.25519891,35.63390141,43.48643891,-45.59032521,2.10409676,-42.70971554,44.9299752,-2.220046336,233.4782234,192.3854659,270.6499272,23.13197765,19.29401534,14.88772692,232.6667411,187.7016302,277.9489559,8.611520705,18.20043716,21.93364255,0,-140.9443791,100.0596739,13.87924169,153.906296,-101.0314214,-1.376754764,-139.3838921,100.9279487,-138.1728855,-66.77389797,86.03265114,49.97233549,49.97243143,5514.142209,5420.461067,256.3329726,-133.4619609,8.4966849,1
5722,16,16,48,1,1,1,1,0,1,1,0,1,1,1,1,234.1419021,186.743436,276.3816979,14.10567042,15.86208028,10.13969131,235.0637998,185.4582845,278.9842315,5.074902905,13.83385513,13.90181774,-2.154069967,11.24839721,-9.094437399,2.150518609,-11.31733431,9.166665749,234.1303218,186.7409663,276.3776604,13.77272666,10.61875,2.412478726,235.0471773,185.39876,278.9274139,4.057345466,7.148216493,9.733360384,0,-139.7598178,102.4924589,12.43247565,-173.9728022,-103.1165178,-0.4775819288,-139.2988871,102.8539155,-49.31221257,-83.74178051,96.39463558,49.97913727,49.97918707,4179.552121,4155.562859,27.75621538,-244.4036631,8.3908906,1
5723,16,16,48,1,1,1,1,0,1,1,1,0,1,1,1,236.2163606,191.6774918,270.3710049,70.73671415,36.74324165,66.50927866,242.7360152,185.3834724,273.1637107,69.80638213,28.89872953,68.09055118,45.3077945,-0.2955162985,-45.01217343,-45.32219805,0.1300132085,45.1922455,235.6154471,190.7250808,270.2054808,21.69380675,25.49941304,12.9182941,240.8652804,184.8541801,271.0638265,16.98324725,13.11532044,18.51730191,0,-141.1374177,101.6423403,50.12927365,-154.3980176,-28.39062093,-1.436032803,-142.2648804,103.0928498,-81.87446037,13.22895453,134.132714,49.97182031,49.97158728,5601.97653,5658.998633,180.1342567,54.82885964,8.5047653,1
5724,16,16,48,1,1,1,1,0,1,1,1,1,0,1,1,234.1731868,189.3344616,274.5690922,11.99491547,13.04037408,4.04712003,237.0690089,189.0611795,274.6665049,12.37806665,7.526996928,7.519694221,8.090595473,-7.180946579,-0.9098850419,-7.900261816,6.991702435,0.908304597,234.1371773,189.2963453,274.5738422,8.697356531,10.77473496,3.769069605,237.0558756,189.0529969,274.6713242,9.380523971,2.34849696,7.374330073,0,-140.0144312,101.5808137,27.75780971,-144.1694542,27.20285602,-0.1048602771,-140.2037388,102.0196529,-26.04566214,-122.6030591,131.1393037,49.97912313,49.97916775,4181.534283,4160.752219,14.10091153,-268.8607044,8.7118218,1
5725,16,16,48,1,1,1,1,0,1,1,1,1,1,0,1,351.7090841,285.1191824,290.5875559,23.46099925,24.58548211,14.7716957,354.3065286,287.5563251,295.1900872,19.3503207,23.45458707,17.16687973,16.26213992,-18.3428858,2.081256394,-3.0012931,9.804548058,-6.801805092,276.0549,230.2722833,197.3116903,7.867884116,2.845562495,4.349717307,280.3071411,234.1742047,200.170191,13.61230925,14.03232911,8.174011714,0,-157.62692,100.9368953,37.0323954,-111.763651,-144.9468449,0.09526157176,-157.1468523,101.0554092,-20.62239641,-166.0519291,71.87948623,49.95891355,49.95712114,8569.46952,8218.679533,1230.971934,115.4385954,8.3567409,1
5726,16,16,48,1,1,1,1,0,1,1,1,1,1,1,0,231.8358251,189.9583595,276.7381479,34.26753817,28.81680844,6.878757082,233.2110974,191.1397098,277.2063733,34.00695322,28.69251752,6.872205191,31.38701107,-26.55950781,-4.827542611,-31.21012182,26.39403124,4.816058262,231.7286969,189.7943085,276.6417333,8.13332289,6.433316589,3.743211786,233.080685,190.9423596,277.1114857,7.800247807,6.625100599,3.749410405,0,-139.2385317,100.6217254,-2.408566898,-142.5014946,100.7616707,0.16366914,-139.0449691,100.6614105,2.096698518,-136.4510724,100.3299377,49.97796085,49.97794971,4411.858368,4404.584252,4.210466104,-266.5563274,8.2572415,1
5727,16,16,48,1,1,1,1,1,0,1,1,1,1,1,1,233.6520261,188.6917013,275.4974214,10.89671456,11.64476158,4.053063782,236.3874642,188.5895863,275.6005485,11.3283477,5.947599497,7.143892751,-6.734341957,5.303691463,1.430638722,6.6014606,-5.165756243,-1.435707334,233.6303219,188.6768823,275.5038263,8.479270251,10.30619712,3.557187937,236.3772466,188.5885409,275.607831,9.126167984,2.7346114,6.874869957,0,-139.7528408,101.6668248,24.70092535,-143.5991372,35.00006983,-0.07135383129,-139.9074624,102.0570864,-23.29980346,-126.715187,130.0876157,49.97923361,49.97922665,4159.934643,4147.876544,8.819793711,-262.7360945,9.0171776,1
5728,16,16,48,1,1,1,1,1,0,0,1,1,1,1,1,234.1412963,186.7460368,276.3880416,14.11530506,15.80788695,10.11087114,235.0629474,185.4512925,278.9774773,5.06771719,13.82162566,13.88642667,2.142951676,-11.3070988,9.164134776,-2.138312273,11.37321459,-9.234903156,234.1296676,186.7436616,276.3841995,13.78492394,10.5606694,2.454405955,235.046366,185.3937533,278.9222155,4.056721361,7.160487559,9.752722803,0,-139.7591524,102.4910068,12.45641295,-174.0405576,-104.4991001,-0.4786126594,-139.3024438,102.8523373,-49.50325183,-84.20599162,95.98512617,49.97917573,49.97915475,4170.268505,4163.203291,25.45113869,-242.1511735,9.2399158,1
5729,16,16,48,1,1,1,1,1,0,1,0,1,1,1,1,235.2656438,194.7370082,270.9439984,67.04022621,69.77978694,32.41166396,232.6313247,188.4768403,278.8918584,62.24666025,68.26170203,36.46880866,-43.95956368,46.22360928,-2.264097284,43.17820688,-45.56260461,2.384335246,233.3743761,192.3792844,270.4918693,23.32830695,19.49527736,15.33336337,232.5141806,187.6756733,277.9932662,8.781805227,18.57355929,22.36396062,0,-140.9602145,100.0287427,13.82294754,152.8996083,-101.3545571,-1.395456324,-139.3464873,100.9065821,-138.9301446,-67.17118806,85.66299279,49.97207827,49.97210738,5576.241218,5534.373102,283.8228128,-124.3819843,9.1726973,1
5730,16,16,48,1,1,1,1,1,0,1,1,0,1,1,1,234.1246544,189.2653329,274.5892818,11.89007338,12.92313628,4.048734564,237.0400404,189.0264049,274.6806771,12.35487982,7.405357847,7.490559546,-8.020927205,7.08314149,0.937753509,7.834131297,-6.899751756,-0.9343907393,234.0896472,189.2288992,274.5941151,8.648178194,10.72617499,3.75974538,237.0269531,189.0184169,274.6856571,9.433595869,2.364719381,7.339047737,0,-140.0016167,101.5893221,27.97830601,-143.7651469,27.73548645,-0.1012106639,-140.1947218,102.0252638,-25.92940903,-124.6481302,131.1377042,49.97917152,49.97912358,4172.165616,4168.839081,11.55163703,-266.3622553,9.0768987,1
5731,16,16,48,1,1,1,1,1,0,1,1,1,0,1,1,236.3166981,191.3405348,271.5010164,59.72512504,31.23622163,56.06553687,241.7963926,186.2896021,273.15069,58.7431758,23.07538717,57.46827875,-38.48384567,0.06789268353,38.41707308,38.513125,0.06315030216,-38.57492373,235.9133242,190.6829535,271.364521,18.83989079,23.04039248,10.21188814,240.4184594,185.8976644,271.578514,14.06852632,10.54218996,15.37713778,0,-140.9552739,101.6956643,46.00768428,-152.4392829,-19.48980634,-1.119432909,-141.9567759,102.8810537,-76.76523255,14.21469185,136.5087201,49.97516105,49.97295111,4799.547918,5305.155187,42.26269538,-32.62755078,9.0483645,1
5732,16,16,48,1,1,1,1,1,0,1,1,1,1,0,1,231.8307322,189.961703,276.7373517,34.28411967,28.83371313,6.879430345,233.2042451,191.1393677,277.205638,34.02112022,28.70790556,6.871948165,-31.40479656,26.57756253,4.827238335,31.22801433,-26.41333712,-4.814675836,231.723765,189.7972047,276.6415241,8.13744682,6.435678565,3.74395676,233.0739911,190.9428898,277.110668,7.796043519,6.623452213,3.7486483,0,-139.2379345,100.6186646,-2.433246059,-142.5473029,100.7434836,0.1634586658,-139.0443583,100.658394,2.124534668,-136.4037116,100.3419062,49.97797336,49.97793475,4412.866388,4403.463117,3.912341855,-266.4283113,8.721162,1
5733,16,16,48,1,1,1,1,1,0,1,1,1,1,1,0,351.8023579,284.7349941,287.4502454,24.68412486,27.12665392,17.56351843,355.1569304,287.5818852,293.9454565,21.02432299,25.98021322,20.60247324,-18.1680322,22.25247817,-4.079243535,4.97092033,-13.71277343,8.74546406,276.6221734,230.077467,195.3186921,8.40149694,3.114551695,6.151489549,282.1405503,235.0286133,199.4511662,16.3592072,16.25778022,10.3281846,0,-158.0563941,101.3934864,58.40893295,-66.4080525,-130.4430478,0.0221281651,-157.4548712,101.5682008,-26.15802968,-169.0829826,73.49005055,49.96426851,49.95138208,8301.170287,8514.97999,1384.901266,-21.13302945,8.7552508,1
5881,48,16,96,1,1,1,1,1,1,1,1,1,1,1,1,297.3453242,168.8665103,243.3307898,4.03061245,6.135667361,1.874506893,297.9492974,169.7577799,243.366979,4.050831867,5.48564813,2.280690191,-0.001770910583,-0.0006263240409,0.001920048589,0.001883192691,-0.001046668157,-0.00130938409,297.3294188,168.8732012,243.3426856,4.029857247,6.135573023,1.873575752,297.9333832,169.764562,243.3788961,4.050071435,5.485548451,2.279943996,0,-114.9180967,94.78562848,4.523343489,-118.3100283,80.94141898,0.02293304783,-114.7650726,94.84324167,-4.662084785,-111.5671374,106.0737128,49.98662827,49.98663181,2678.381121,2669.407123,-186.5140405,-324.9052145,9.2077846,1
5882,48,16,96,1,1,1,1,1,1,0,1,1,1,1,1,296.9296919,168.4820152,243.9295979,7.730341077,11.7096836,6.955850216,297.9291662,167.7314805,244.6743735,4.593976146,9.780707792,9.055180518,1.441954475,-7.689281993,6.246867438,-1.437603122,7.716953094,-6.279809781,296.9133724,168.4881469,243.9374785,7.452548484,8.6748909,2.73174098,297.9113733,167.7192677,244.6641016,4.110832617,5.776504354,6.375752809,0,-114.7486198,95.09705452,30.24627924,-143.9937511,-43.18581354,-0.3169469674,-114.3707163,95.534846,-66.91926632,-68.14299411,111.757246,49.98656621,49.98656026,2690.429385,2684.109053,-193.6878259,-330.5532272,8.9819533,1
5883,48,16,96,1,1,1,1,1,1,1,0,1,1,1,1,296.9342926,168.4871423,243.9212209,7.734697345,11.70107578,6.94077074,297.9302592,167.7348545,244.6742587,4.582659915,9.765687931,9.046607126,-1.434977297,7.658426558,-6.22396967,1.431058509,-7.689765702,6.258185266,296.9180115,168.4932359,243.9290665,7.461551113,8.689835497,2.744470514,297.9125149,167.7226568,244.6638567,4.106262126,5.790704746,6.38547741,0,-114.7511141,95.09556554,30.20129456,-144.1155003,-43.10148996,-0.3182076428,-114.3708145,95.53404555,-67.05324881,-67.96022573,111.8378983,49.98655304,49.98657324,2692.228163,2682.325106,-193.1901796,-331.009061,9.103162,1
5884,48,16,96,1,1,1,1,1,1,1,1,0,1,1,1,298.0595637,168.8257925,242.3770095,6.759677784,10.0854222,9.970774429,300.2600182,169.5090374,240.6393375,10.4796388,3.742742785,9.010026456,6.2943083,1.683857014,-7.978573553,-6.338914383,-1.660908833,7.999400683,298.0415367,168.8309983,242.3880618,1.726203262,9.821668856,5.756605836,300.2272505,169.5121594,240.6338016,8.156465452,2.968935627,3.817783089,0,-115.009441,94.91813657,86.19061015,-102.6425121,53.4993239,0.1820537841,-115.4720429,95.01834393,-12.19482445,-162.3373772,-170.7134206,49.98649378,49.98650157,2705.228807,2695.479445,-184.9319365,-322.568738,9.0278984,1
5885,48,16,96,1,1,1,1,1,1,1,1,1,0,1,1,298.0586849,168.8310866,242.3797983,6.756082125,10.09206778,9.965038114,300.2573976,169.5095438,240.6350503,10.46971575,3.734054227,9.000330179,-6.291757626,-1.680284394,7.971586456,6.336559462,1.654126364,-7.991134785,298.0406573,168.8363092,242.3908709,1.727313945,9.829820542,5.75903345,300.224694,169.5126609,240.6296179,8.147066393,2.962487134,3.813791003,0,-115.0092706,94.91661527,85.87133387,-102.6597772,53.57948998,0.1822876128,-115.4727795,95.01646449,-12.21218537,-162.4411228,-170.6010722,49.98649374,49.98650097,2704.129042,2696.74103,-185.7983681,-321.7514752,9.1339591,1
5886,48,16,96,1,1,1,1,1,1,1,1,1,1,0,1,297.2642287,169.1776787,243.5747217,8.266381921,5.665579072,4.352962126,296.6330156,171.3164077,244.2682881,7.400946815,9.754688564,3.401869374,-5.97563928,4.572938072,1.402230205,6.007144655,-4.616453729,-1.391194383,297.247704,169.1835576,243.5850052,5.633068917,3.225256656,3.95202501,296.6073032,171.313214,244.2784144,4.219133559,8.548919058,2.875676651,0,-114.9719365,94.50343257,-29.90230831,-101.0534536,136.3660985,0.1449249022,-114.6088324,94.26752835,41.59258524,-120.3257703,27.44963653,49.98652983,49.9865315,2698.02636,2689.489243,-198.0241018,-334.5526294,9.0242541,1
5887,48,16,96,1,1,1,1,1,1,1,1,1,1,1,0,297.2661474,169.1765611,243.570681,8.256081652,5.666768667,4.355356173,296.6381419,171.3178303,244.2610017,7.406839603,9.760686593,3.397983743,5.972517041,-4.575055932,-1.397921495,-6.003661241,4.615185338,1.388014057,297.2496313,169.1824538,243.5809349,5.620324748,3.225196528,3.957193907,296.6124359,171.3146098,244.2710546,4.232811971,8.554988711,2.874523494,0,-114.9725137,94.50347672,-30.00489051,-100.7328564,136.3230908,0.1456081509,-114.6110107,94.26710286,41.47185299,-120.4407598,27.33123829,49.98652843,49.98653255,2697.963684,2689.556635,-197.4251931,-335.1607233,8.7653268,1
5888,48,16,96,0,1,1,1,1,1,1,1,1,1,1,1,297.1798861,166.5831928,244.7926983,4.534768177,10.27217248,9.362290662,297.2161488,169.3169559,244.1764903,7.658063651,11.87571363,7.420873082,-1.452548082,8.392230275,-6.940122427,1.429862293,-8.313539021,6.883242403,297.1602187,166.5775404,244.7644852,3.989169824,5.599785654,6.085557843,297.1995937,169.3210733,244.1771222,7.354161211,8.262085947,2.293845204,0,-114.329294,95.96413088,-65.57722664,-72.13008483,108.4786473,0.3887943281,-114.3760232,95.59501201,29.65120737,-141.7288984,-48.4704371,49.9865762,49.98658172,2688.800788,2679.378205,-194.228809,-333.0649524,8.6916044,1
5889,48,16,96,0,1,1,1,1,1,0,1,1,1,1,1,357.5913278,248.3576798,372.6252491,14.53634512,19.06930529,18.72315913,358.0986169,249.5008965,372.5299884,13.9644307,17.17356855,18.26946118,-3.144484523,7.083960673,-3.944406241,-2.580961872,1.474091346,1.100290966,252.9640736,193.0171963,304.8378642,3.857647225,6.968944629,2.961375149,253.3940292,194.130297,304.9785615,3.037580199,6.535570912,3.009519198,0,-107.2729382,81.1449172,5.618686545,-96.97515006,113.0423322,-0.008680836525,-107.268799,81.07323787,-7.35411744,-118.7514407,49.65529184,49.96441355,49.98413295,5339.795394,4945.475064,-743.6687438,-871.855762,8.3975524,1
5890,48,16,96,0,1,1,1,1,1,1,0,1,1,1,1,297.0060648,163.4275444,246.0164057,7.544976547,42.06238442,36.62981389,297.5093659,164.5507279,246.0073823,7.48510593,41.91592107,36.58541731,-4.375507215,38.97755835,-34.60235015,4.314380008,-38.8664204,34.55176593,296.8517024,163.1790056,245.7202921,4.030985935,5.678131413,1.98693037,297.3577165,164.1484752,245.7920736,4.009295878,5.539581663,2.124494766,0,-113.6889008,97.9363721,0.4253933654,-115.7453447,92.58508219,0.03734930494,-113.5254462,97.96552798,-0.5820837123,-111.9908654,102.8614097,49.98465966,49.98466882,3069.278858,3065.142475,-127.6530985,-262.7001745,8.9477137,1
5891,48,16,96,0,1,1,1,1,1,1,1,0,1,1,1,293.3546433,167.6286034,250.4941045,25.28668432,56.43291908,58.71970799,300.0369853,166.0623357,244.224081,29.33959894,53.71988545,58.13750547,1.198909433,37.94815706,-39.14743893,-1.403466993,-37.56794767,38.97097801,293.0178387,166.2073281,248.4136848,11.62321866,17.11707141,14.47315088,299.5446682,165.8894511,243.4706621,18.68793187,7.170564182,13.41227709,0,-113.064773,95.94174059,144.1523098,-95.84352125,29.13229918,0.4369800926,-114.592831,96.57962066,-21.29562802,113.5694016,-167.2190719,49.98110482,49.98245328,3732.426937,3379.127578,10.66128122,-294.8234023,9.0261919,1
5892,48,16,96,0,1,1,1,1,1,1,1,1,0,1,1,297.9089379,167.8060749,242.9714099,12.90278987,10.64208565,15.01450254,300.5255081,168.344058,241.138142,15.45739726,3.4051765,14.47309649,-9.897195038,-1.072185211,10.96786148,9.954597723,1.058798423,-11.01492138,297.8802093,167.8030592,242.9658758,2.481360076,10.43266808,6.019683683,300.4321364,168.3373151,241.0607291,8.771679333,2.678745217,4.391841357,0,-114.7361121,95.53193112,97.72395602,-102.3780168,48.69210905,0.173074466,-115.2844054,95.6889575,-16.28127308,-174.637832,-173.3817957,49.98642103,49.98632608,2735.026569,2733.807449,-192.9254774,-310.1599863,8.8434568,1
5893,48,16,96,0,1,1,1,1,1,1,1,1,1,0,1,295.4373519,168.6629566,246.9718582,46.26988857,48.97433569,22.74897117,297.1475798,173.5865006,243.2575304,47.79989208,48.78485632,20.26393606,-32.17135668,32.73512097,-0.5632862899,32.29017713,-32.81552601,0.5260153123,295.3633776,168.4053729,246.472587,7.184991396,13.1545346,14.52019705,296.2069164,172.1783135,242.9123187,13.28140171,11.0254769,10.43736569,0,-114.0028282,94.66571537,-121.7539888,-62.12121258,93.66513185,0.8671479824,-115.0951557,93.76111871,27.54013794,174.6679567,-86.54303825,49.9832992,49.98278106,3269.901902,3387.516165,-171.6338917,-213.5299286,8.6223856,1
5894,48,16,96,0,1,1,1,1,1,1,1,1,1,1,0,297.173567,166.5817202,244.8041369,4.535047491,10.32534373,9.414994361,297.2104852,169.3133454,244.1837413,7.661428037,11.91136416,7.479841425,-1.447485878,8.443949324,-6.996923586,1.424664901,-8.364694662,6.939550352,297.1538673,166.5758328,244.7751866,3.987993642,5.611508664,6.096411667,297.1939024,169.3174101,244.1842251,7.356906688,8.256098876,2.301702981,0,-114.3262798,95.96554647,-65.62055209,-72.14710565,108.4312467,0.3886489908,-114.3748547,95.59572727,29.64051719,-141.7985481,-48.69104895,49.98658036,49.98657643,2688.940261,2679.61615,-194.8087193,-332.6296677,8.9030104,1
5895,48,16,96,1,0,1,1,1,1,1,1,1,1,1,1,297.1826823,166.5834222,244.7908479,4.528072139,10.292881,9.38448714,297.2222116,169.3149466,244.1674011,7.663965934,11.88502939,7.442252099,1.443207315,-8.406558226,6.96286081,-1.420268853,8.324389102,-6.90457758,297.1629626,166.5776916,244.762391,3.983440354,5.615493411,6.09640255,297.2056263,169.3190402,244.1679954,7.361338714,8.260705326,2.30228815,0,-114.3294787,95.9655224,-65.68698442,-72.0863989,108.4410089,0.389124513,-114.3786942,95.59597428,29.6010761,-141.8424634,-48.67074652,49.98658626,49.98657134,2687.983414,2680.445907,-194.8257197,-332.4719613,9.0017154,1
5896,48,16,96,1,0,1,1,1,1,0,1,1,1,1,1,297.0187937,163.4259264,245.9910516,7.545972856,41.95670597,36.52388857,297.5207511,164.5593415,245.9953056,7.484436913,41.80963909,36.47982159,4.375599081,-38.88541979,34.50955596,-4.314576642,38.77264593,-34.45834126,296.8657043,163.1808179,245.6983825,4.033111597,5.682587146,1.986798084,297.3693625,164.1598075,245.7818216,4.007457739,5.536676004,2.127116428,0,-113.6951129,97.93439636,0.3679277716,-115.918235,92.15346418,0.03791603204,-113.527079,97.9645465,-0.5243239024,-111.820648,103.2547963,49.98467503,49.98466994,3068.270827,3061.631778,-127.2796443,-263.5832905,9.0855592,1
5897,48,16,96,1,0,1,1,1,1,1,0,1,1,1,1,358.300319,248.7119172,372.8962844,13.93986086,19.16168656,18.74342301,359.3194125,250.0774513,373.0189835,13.77418798,17.52876467,18.45879839,2.521235821,-5.587803352,3.068012332,3.205710128,-2.968066387,-0.2364036107,253.6722513,193.4460076,305.7481936,3.556593219,7.712961482,2.595097277,254.4459826,194.5498603,305.945313,3.637994877,5.585591817,2.613894289,0,-107.2867513,81.05858477,17.26729719,-108.7814928,69.03030217,-0.02607216232,-107.2082954,81.0997322,-17.05603819,-105.7784207,92.92691586,49.96321329,49.98540299,5533.570127,4737.13126,-740.9490334,-879.2561181,8.7640711,1
5898,48,16,96,1,0,1,1,1,1,1,1,0,1,1,1,298.204129,167.7310518,242.7687561,13.34247878,10.42402018,15.00736512,300.5273199,168.2994197,241.0607381,15.54704686,3.568705398,14.4219919,9.462169476,1.429800695,-10.89261533,-9.521839158,-1.426434804,10.94762781,298.1170722,167.6820054,242.7475553,1.951156142,10.1323979,5.876472277,300.3288341,168.1980814,240.9165771,8.061690618,2.597098255,3.967174233,0,-114.782366,95.61080171,82.2391073,-103.5456904,53.29526615,0.1645256921,-115.2794579,95.72028951,-13.88548343,-167.131677,-169.8509991,49.98642083,49.98630172,2717.025266,2735.610124,-189.5659376,-308.287857,8.9399653,1
5899,48,16,96,1,0,1,1,1,1,1,1,1,0,1,1,292.4080735,167.6821715,251.6634287,28.80673635,62.97855979,65.62704897,299.8153158,165.3066192,244.2895316,32.70125576,60.0858412,65.01610356,-1.38719213,-41.97928941,43.36617225,1.618430109,41.55372398,-43.1724467,291.9702643,165.9200728,249.1326437,13.20075723,18.94959096,16.18605965,299.204594,165.1008286,243.3434973,20.11143498,8.656909896,15.14415304,0,-112.7761862,95.99321612,142.5732916,-97.00301654,28.07521032,0.4740695488,-114.5292891,96.72836198,-23.43788651,105.0738988,-166.5052416,49.98030898,49.9804598,3927.299073,3872.269338,53.17453745,-200.6152236,8.5130664,1
5900,48,16,96,1,0,1,1,1,1,1,1,1,1,0,1,297.1622017,166.6199594,244.8162926,4.540719681,10.30589816,9.369186682,297.2069784,169.3186563,244.1719883,7.616808337,11.87119219,7.440747868,1.514466032,-8.348713419,6.833329851,-1.490544678,8.264954213,-6.775312405,297.1422204,166.6134152,244.7868764,3.951286227,5.63347816,6.073876772,297.1902475,169.3228176,244.1726521,7.287437371,8.238173476,2.30094511,0,-114.3260349,95.9567343,-64.66052572,-72.27866611,108.8975748,0.3862074623,-114.3806144,95.58868154,29.39666099,-141.9068996,-47.32534036,49.98660626,49.98654676,2681.844777,2688.333544,-198.4656593,-328.4471975,8.7278888,1
5901,48,16,96,1,0,1,1,1,1,1,1,1,1,1,0,295.4973667,168.6531835,246.8057253,46.06393094,48.34222296,21.77397329,297.4096546,173.721834,243.1526894,47.67648508,48.27709338,19.27318816,31.94607497,-32.00576182,0.05704456795,-32.06209516,32.08353982,-0.0241739561,295.4247462,168.3998231,246.3208484,7.213847822,13.39219356,14.05848289,296.4939721,172.342222,242.8357763,13.58241432,11.85281893,9.978427909,0,-114.0240191,94.72634384,-126.1543475,-58.51981361,95.30020897,0.8733428199,-115.1473343,93.83701182,25.54396898,176.0426722,-84.27701921,49.98380901,49.98244134,3148.77498,3475.653752,-185.4475116,-204.9854041,8.80232,1
5902,48,16,96,1,1,0,1,1,1,1,1,1,1,1,1,299.5550007,168.5937113,240.3520293,10.38334648,4.06383054,8.981567326,298.4174552,169.9805983,242.1355629,6.828980834,9.919696715,9.882219883,-6.320510282,-1.84208984,8.162155594,6.264000319,1.862467833,-8.126889118,299.5241761,168.5965123,240.3414231,7.965362332,3.245117389,3.353819873,298.4005001,169.9847291,242.1457685,1.745931485,9.613745271,5.367632058,0,-115.6480159,95.0788689,-12.58674695,-161.6859297,-171.9676054,-0.08914890477,-114.887358,95.02456125,79.31389094,-101.6098269,56.4086413,49.9865049,49.98647996,2703.968119,2699.135273,-174.7220738,-313.7882846,8.9468181,1
5903,48,16,96,1,1,0,1,1,1,0,1,1,1,1,1,298.5580871,165.0037371,243.2895047,34.71933904,63.80008666,68.80953282,291.6727642,170.4164926,250.932571,30.77001848,66.3158224,69.26827743,-1.737173224,-44.06106289,45.79785592,1.613621503,44.26262341,-45.8766462,297.9016011,164.8900958,242.5208199,20.97606246,9.51067096,15.7111524,291.2705285,167.9300136,248.729495,14.07840767,19.67181878,16.70246791,0,-114.9337802,96.69601556,-24.68845167,104.1937752,-166.7479871,-0.4018400105,-112.7690937,95.94457821,141.7475045,-96.90202113,27.31328727,49.97978188,49.97965384,3983.762214,4030.269623,-20.54115372,-47.00968308,8.5989311,1
5904,48,16,96,1,1,0,1,1,1,1,0,1,1,1,1,299.7372423,167.7432655,240.5152569,12.79402383,3.671187688,11.56912594,298.4220594,169.2299629,242.3838107,9.89253028,10.20026942,12.26712257,-8.519066829,-1.436612518,9.955280197,8.448419432,1.44905347,-9.897883366,299.6696448,167.7355996,240.457901,8.257901404,2.987482196,3.750836233,298.3927737,169.2270489,242.3819979,1.992126127,9.979029466,5.6475669,0,-115.5311071,95.58026214,-14.08922143,-167.844758,-171.3410437,-0.08496416822,-114.7219701,95.50178548,87.39223647,-101.8280856,53.96588248,49.98648959,49.98641332,2705.337168,2715.558146,-171.6917312,-309.228477,8.3182554,1
5905,48,16,96,1,1,0,1,1,1,1,1,0,1,1,1,329.4894413,174.5685326,433.9039798,27.05484462,20.09457293,20.52152585,325.2483376,169.5114256,433.6294635,25.23572853,17.98620874,22.24638768,20.62921642,-8.998920632,-11.62926889,-20.85801795,4.035449431,16.82371142,297.3754338,116.9840516,288.8862829,13.77289783,11.22493996,13.04620338,293.2353158,114.1940209,284.3988452,8.681520166,7.550833151,9.313498291,0,-100.0552389,122.5775503,-36.13208355,-142.533567,90.88367758,0.06267335893,-99.46746714,122.4261396,111.0261894,-7.670592574,-104.6983617,49.97536375,49.98196455,4462.069843,4042.696399,-879.1097825,164.8830866,8.3398402,1
5906,48,16,96,1,1,0,1,1,1,1,1,1,0,1,1,301.81083,169.2634102,236.6294137,27.78524379,8.682372218,33.27270164,302.3179083,170.3795381,236.6481576,27.79139116,8.673051257,33.23119611,-25.82342563,-5.495713641,31.31878021,25.79609313,5.495667107,-31.2921157,301.6855116,169.1322551,236.5012866,3.958691519,5.813768153,2.102266357,302.1883146,170.2295925,236.5383409,4.216036673,5.80910044,1.848762911,0,-116.4001546,94.97306991,-1.946018712,-116.5094139,91.11406288,0.05442851668,-116.2470872,94.98480543,1.689519677,-116.6957769,99.25819781,49.98519434,49.9851798,2965.872423,2960.200146,-110.0200032,-251.3931365,8.8688907,1
5907,48,16,96,1,1,0,1,1,1,1,1,1,1,0,1,302.572758,165.1011018,239.4512523,67.99835384,28.02173843,65.54578292,298.0890923,173.8520463,238.5033284,67.98490109,33.59574746,64.77151078,-44.22976512,0.09217020632,44.13729886,44.07876301,-0.1407833244,-43.9382009,301.1627882,164.6693961,237.0963942,15.98684792,13.00320916,15.12256578,297.5627039,172.9944765,238.2763872,17.53451307,22.3387437,12.73698146,0,-115.9047866,96.68595734,-86.68286855,16.25484178,142.747042,1.123622165,-115.1587529,95.28764362,65.82287264,-141.3422532,-24.16564156,49.97950155,49.9797466,4082.648664,4003.712326,129.8664244,-151.0678254,8.7671049,1
5908,48,16,96,1,1,0,1,1,1,1,1,1,1,1,0,298.0339427,169.4658459,242.4138679,9.770573389,7.517897654,4.676472185,297.235655,171.8380541,243.1488347,9.065992866,11.40529159,3.438475255,7.5887753,-6.76928096,-0.8199514206,-7.642884105,6.828375522,0.8140843027,298.0137274,169.4665258,242.4212762,5.945045969,2.918989035,4.48986959,297.1946175,171.8132017,243.1568589,4.613912529,9.01426621,3.181326107,0,-115.2654553,94.38746064,-34.5204138,-93.82236307,137.5900935,0.1754251219,-114.886033,94.09514836,46.78965843,-122.1888361,18.44212836,49.98644852,49.98647293,2713.137814,2702.260628,-194.2023876,-329.6470562,8.6943767,1
5909,48,16,96,1,1,1,0,1,1,1,1,1,1,1,1,299.5484454,168.5925672,240.3488571,10.3772174,4.068739472,8.996482496,298.4185188,169.9809203,242.1354563,6.843221145,9.918395695,9.899082493,6.350713419,1.8439535,-8.195108023,-6.293909979,-1.867521016,8.161012216,299.5177058,168.5952925,240.3382683,7.943957612,3.247078662,3.333845252,298.401616,169.9850486,242.1456444,1.740803499,9.610974036,5.361447055,0,-115.6479614,95.0774783,-12.55411832,-161.6500078,-171.8057401,-0.0893864483,-114.887454,95.02466637,78.61818852,-101.6057018,56.63450102,49.98649095,49.9864934,2706.28428,2696.673992,-173.2961551,-315.2637277,8.7477274,1
5910,48,16,96,1,1,1,0,1,1,0,1,1,1,1,1,299.8451425,167.53617,240.6175265,13.05279674,3.729669577,11.8456768,298.420609,169.0313666,242.4796814,10.17600083,10.29024381,12.45848461,9.231161268,1.365496584,-10.59776583,-9.154422071,-1.382631645,10.53593051,299.7631238,167.5150477,240.5510193,8.380055882,2.960430988,3.792104412,298.3819472,169.0184166,242.4699668,2.25428858,10.04202892,5.525347884,0,-115.4894439,95.74244406,-15.74689535,-169.2045976,-174.3985561,-0.08148740303,-114.6701241,95.64290431,89.08546298,-101.7400093,52.31997322,49.98630044,49.9866181,2740.676547,2680.130231,-162.7632689,-317.4943248,9.1435339,1
5911,48,16,96,1,1,1,0,1,1,1,0,1,1,1,1,298.5372748,164.8632271,243.2464061,35.65965607,64.67453326,69.94121568,291.4247181,170.3940759,250.9966889,31.71665778,67.20151851,70.38900368,1.825741951,44.61770736,-46.44371696,-1.698114784,-44.82515827,46.52300709,297.8508751,164.7458972,242.4394873,21.45714572,9.723929243,16.11244343,291.0099751,167.8377524,248.734532,14.57690469,19.89860906,17.04648356,0,-114.9307427,96.74519787,-25.01762391,103.5955776,-167.3924919,-0.4070196585,-112.7353841,95.95491969,141.7296166,-96.93857467,26.3961878,49.97942045,49.97928994,4091.941945,4125.012082,-9.773853994,-12.09165614,9.0149999,1
5912,48,16,96,1,1,1,0,1,1,1,1,0,1,1,1,301.8179544,169.2799027,236.6311305,27.77046734,8.682515604,33.25426882,302.3064238,170.3971034,236.6413188,27.76640963,8.676597706,33.21009037,25.8098212,5.494312766,-31.30452663,-25.78228988,-5.49697725,31.27888833,301.6928077,169.1485603,236.5029996,3.994428482,5.812067206,2.124081494,302.177241,170.2459731,236.531128,4.181954998,5.811906155,1.822839239,0,-116.4020613,94.96668222,-2.267309353,-116.5272658,92.02431535,0.05585707746,-116.2488451,94.97423531,2.02760416,-116.6816219,98.28660011,49.98519363,49.98517676,2965.244056,2961.138065,-111.4888537,-249.9679216,8.5566764,1
5913,48,16,96,1,1,1,0,1,1,1,1,1,0,1,1,329.4025218,174.6645997,433.8476675,27.61733892,20.40096554,20.61192436,325.6388519,169.9134623,433.4847524,26.13453908,18.65341838,22.33606236,-19.52400102,8.859053368,10.66488176,19.75558608,-3.887932404,-15.86827222,297.0859883,117.3748021,287.8807252,12.39315665,10.97108477,12.15065254,293.5470029,114.6127826,283.8697866,7.683423144,7.441405202,8.78878176,0,-100.2775629,122.359744,-37.05007793,-143.234576,85.73967028,0.04052451793,-99.6773506,122.2963145,104.1974332,-9.984324244,-113.0928327,49.97838553,49.97887903,4471.712387,4052.438576,-828.3655931,129.2443083,8.8015105,1
5914,48,16,96,1,1,1,0,1,1,1,1,1,1,0,1,299.0311462,169.9646571,241.4083069,12.64305369,11.21209804,5.074933785,298.2000536,172.4912089,242.1035582,12.0967796,14.12216611,3.572555693,-8.859429955,8.25698467,0.598196834,8.946603174,-8.358728956,-0.5919729115,298.9899963,169.8767462,241.3731123,6.135997888,3.080923616,4.896331559,298.0920246,172.2948049,242.0518716,4.708742462,8.972824979,3.313958769,0,-115.5415548,94.35485234,-35.48322941,-91.50423932,136.3703908,0.1893873358,-115.1858736,94.01967458,49.04407751,-123.7152132,11.10969115,49.98627173,49.98639785,2756.357978,2719.730993,-204.1604736,-305.0203886,8.85321,1
5915,48,16,96,1,1,1,0,1,1,1,1,1,1,1,0,299.5526532,168.5940051,240.3586954,10.42536676,4.046575403,9.041291048,298.4099165,169.9879111,242.1433753,6.90454246,9.926887759,9.930231762,6.364873838,1.835665447,-8.201066781,-6.308052041,-1.859411761,8.16692986,299.5216722,168.5967356,240.3477096,7.959548984,3.230732336,3.353488454,298.3930141,169.9919348,242.1534787,1.769801456,9.623720937,5.356315453,0,-115.6464955,95.08011337,-12.75994805,-161.7384137,-172.2225671,-0.08825332721,-114.8853943,95.02418188,79.10326276,-101.6733139,56.30661708,49.98648525,49.98649741,2707.581964,2696.125731,-173.4593603,-315.1119962,9.0433358,1
5916,48,16,96,1,1,1,1,0,1,1,1,1,1,1,1,296.5455532,169.9986004,244.0388541,6.690361213,9.446288275,3.368728716,298.1153788,169.8863201,243.5812865,7.35897926,5.050846569,4.567895302,4.950584307,-3.746412999,-1.204617342,-4.900616149,3.683099681,1.217085922,296.5211758,170.001048,244.049354,4.439122153,8.645465374,3.01572505,298.0984369,169.892786,243.5911521,5.439763182,3.388291663,4.311218125,0,-114.8664282,94.15720482,39.77103431,-123.9659196,20.85929961,-0.08111816932,-114.8703335,94.45273217,-31.65337155,-92.14490102,136.3139537,49.98654779,49.9865467,2694.626264,2686.346988,-197.2409307,-335.9468751,8.9592085,1
5917,48,16,96,1,1,1,1,0,1,0,1,1,1,1,1,296.8183888,171.9498011,242.8134762,40.48504232,41.30733293,16.58000207,296.6907642,169.8608585,245.8584633,38.87576623,40.99559561,19.0786786,27.54299719,-27.90511173,0.3616104151,-27.28477568,27.63824772,-0.3533306431,295.9662913,171.1596673,242.5316381,11.72651253,10.1659588,8.65028967,296.5770806,169.7053903,245.4754655,6.30012008,11.17756001,12.6981554,0,-115.452209,93.3236108,30.13348397,-176.5046668,-80.8189197,-0.6736350852,-114.3303587,94.18280731,-109.6502171,-62.73959988,97.41988613,49.98369366,49.98440367,3196.845928,3045.996948,-108.5168597,-316.9304798,9.0872915,1
5918,48,16,96,1,1,1,1,0,1,1,0,1,1,1,1,296.4594752,173.1194521,244.0199361,17.62614492,36.82989717,33.02821325,295.5691941,171.7317019,247.4443124,12.89408614,37.13790506,34.19826858,2.754085281,18.89373804,-21.6486173,-2.620742368,-19.16480255,21.78488058,296.1174466,172.4918055,243.2718783,13.28280209,10.22279349,6.590149751,295.2439941,171.0921346,246.3235217,6.010607002,11.42277624,10.59611667,0,-115.5250589,92.69667661,15.75149777,-177.5902304,-100.482986,-0.703897267,-114.3745841,93.23094845,-142.5356598,-63.28503726,84.6224848,49.98456609,49.98451808,3081.770148,3087.872102,-180.7216946,-282.6271738,9.4741559,1
5919,48,16,96,1,1,1,1,0,1,1,1,0,1,1,1,299.0171713,171.85972,238.6679896,64.38392437,31.61514197,61.47332369,304.36775,165.8787198,239.4428015,64.24739207,25.67175082,62.13673119,41.46982947,0.2384505378,-41.70844554,-41.50633503,-0.3338857217,41.84020497,298.5079824,171.2479717,238.4500094,16.48470354,21.63010478,12.39652291,303.0407851,165.4677615,237.2964298,15.14271848,12.09015279,14.63153205,0,-115.9664237,93.86669583,65.72840789,-141.3656111,-22.68238601,-0.9467183869,-116.3892878,95.23137709,-84.86130844,14.79888959,143.3663635,49.98059825,49.98009551,3824.511417,3953.295749,-47.76696836,-55.00761173,9.4087704,1
5920,48,16,96,1,1,1,1,0,1,1,1,1,0,1,1,304.2188338,174.4492106,235.3691255,20.31474337,21.5087449,5.905532763,305.8251209,173.9480773,234.7297302,20.017178,19.36015914,7.21581733,15.8329206,-15.89021822,0.05478860558,-15.48012027,15.52419491,-0.04632813203,303.4986411,172.0330967,233.8412241,5.408096273,9.162139825,3.351193192,305.0310848,171.4383246,233.5339243,5.221863094,3.928255273,5.321148685,0,-117.2932053,93.7506873,38.30190658,-133.7206657,-0.3550862078,-0.161753227,-117.2036971,94.17033337,-40.21564576,-77.11682833,132.7843209,49.98460827,49.9868709,2997.993576,2671.026521,-117.6261632,-328.1397626,9.4352117,1
5921,48,16,96,1,1,1,1,0,1,1,1,1,1,0,1,460.2217409,228.646266,212.41407,29.28687366,35.15599761,21.2402559,462.8518523,233.9651446,221.6035212,27.04029042,34.72649326,23.12979852,23.28522964,-31.65946966,8.374083098,-16.13233612,26.60453273,-10.47220334,358.796112,186.5985328,134.4415636,11.84654732,11.26148754,11.30171138,365.6905723,194.3160998,139.5418546,18.35402901,20.52616147,13.26445219,0,-136.6100904,95.06685023,115.8155757,-20.75430465,-117.8627049,0.05276214055,-136.2621155,95.73044667,-35.5272417,-166.1582107,67.53401896,49.97277657,49.97276151,5373.209984,5522.219784,1859.0794,4.081391991,9.7698314,1
5922,48,16,96,1,1,1,1,0,1,1,1,1,1,1,0,294.7339723,170.9727932,246.5581754,22.97530574,19.52401117,4.831365803,295.1481439,172.0962901,246.6778087,22.89229395,19.52015078,4.836647935,21.72802449,-18.04026874,-3.688184228,-21.67972125,17.98289038,3.696405723,294.6847477,170.9257472,246.516085,4.090875627,5.788040645,2.05653765,295.1062752,172.0128539,246.6326647,3.894334564,5.960661372,2.052014554,0,-114.5226668,93.38008148,-2.005289674,-116.1415206,93.23948246,0.04231127648,-114.3452516,93.39168428,1.950359735,-113.337349,93.42461697,49.98591936,49.98590448,2820.823524,2814.793287,-209.8304499,-346.1602204,9.3886853,1
5923,48,16,96,1,1,1,1,1,0,1,1,1,1,1,1,296.5424547,169.9941138,244.0445576,6.684747186,9.438321212,3.369640988,298.1106266,169.8844518,243.587127,7.35509572,5.046538838,4.563807828,-4.947042951,3.735089551,1.211497334,4.897359701,-3.67499613,-1.222821115,296.5180846,169.996517,244.0550256,4.433534908,8.640173474,3.012992618,298.0936875,169.8909028,243.5969717,5.436827552,3.390652498,4.304229581,0,-114.8644737,94.15963279,39.70800559,-123.9399342,20.98532608,-0.0807056275,-114.8684414,94.45445069,-31.5815647,-92.24022842,136.3195576,49.98654842,49.98654698,2694.802761,2686.114726,-197.2865488,-335.9074301,9.5322564,1
5924,48,16,96,1,1,1,1,1,0,0,1,1,1,1,1,296.9246365,168.4904328,243.9343481,7.738967849,11.68391106,6.934575766,297.9245395,167.7352831,244.6831146,4.592599834,9.753979505,9.046438125,1.432701945,-7.651032345,6.217856101,-1.428618811,7.678939822,-6.250788471,296.908338,168.4965467,243.9422418,7.465456872,8.676825687,2.742530711,297.9067747,167.7232201,244.6729124,4.116377527,5.786406015,6.391317009,0,-114.7488215,95.09250143,30.27648744,-144.0622885,-43.47169644,-0.3182045166,-114.3698199,95.53143186,-67.09260238,-68.1025597,111.6842362,49.98656666,49.98656006,2690.292098,2684.167863,-193.7885325,-330.5871812,9.6315996,1
5925,48,16,96,1,1,1,1,1,0,1,0,1,1,1,1,297.5652553,172.8600428,242.1389387,47.35897972,48.12856569,19.47052974,296.5303864,170.1052847,245.9715254,45.46690373,47.81333387,21.95291668,-31.7674038,31.81776687,-0.05128647728,31.47744584,-31.51915194,0.04076072774,296.4600476,171.8087685,241.7865223,13.79050243,12.38040467,10.2112633,296.3936275,169.8733634,245.433185,7.395642587,13.66179002,14.25940772,0,-115.7426674,93.04647771,25.08251667,175.3193168,-83.19448637,-0.8087779015,-114.285355,94.00172064,-127.0779858,-57.90472125,95.84800769,49.98254886,49.98363782,3464.584685,3189.833685,-55.74583912,-303.8345493,9.6245443,1
5926,48,16,96,1,1,1,1,1,0,1,1,0,1,1,1,298.9962448,171.7465262,240.2133336,14.96150303,16.85713086,3.927108668,300.7220504,171.1586172,239.6946351,15.15770705,14.2893597,5.564945398,-10.25409327,9.87039492,0.3816760908,10.07058379,-9.680507206,-0.3921095414,298.7405203,171.1582995,239.939877,4.937643113,9.064556874,3.511853474,300.6192238,170.8134339,239.4912142,6.038740716,3.323626768,5.278452425,0,-115.8609121,93.67756892,47.82967203,-127.1506232,4.65970696,-0.1191669592,-115.8608986,94.08053307,-37.49792461,-84.80870876,135.4961542,49.98639233,49.98590116,2760.617893,2778.354845,-172.1978931,-319.9679291,8.9261473,1
5927,48,16,96,1,1,1,1,1,0,1,1,1,0,1,1,298.8780641,171.2252147,240.5355417,44.37881301,21.9079506,42.90146968,302.5386525,167.6321714,239.7729258,44.35484002,15.32953058,43.3071205,-29.16214227,-0.7207618827,29.88589506,29.20681309,0.7775535975,-29.98163194,298.6655073,170.9791385,240.4295888,10.61323053,16.8629432,7.948971228,301.8449197,167.4137363,238.6606741,9.793367406,6.779484574,9.341388262,0,-115.6333257,94.00248431,61.10565435,-134.0277959,-3.088184342,-0.4963361399,-116.0651285,94.80212104,-72.21149897,14.08102366,151.8385841,49.98469456,49.98265895,2977.510719,3350.313588,-198.0567402,-190.3956023,9.0586531,1
5928,48,16,96,1,1,1,1,1,0,1,1,1,1,0,1,294.7409825,170.963033,246.5479648,22.93557651,19.48224437,4.831852987,295.1501243,172.0789475,246.6677432,22.8474718,19.4778944,4.836242349,-21.68724433,17.99874792,3.688101579,21.63934672,-17.94446726,-3.695271408,294.6921008,170.916021,246.5059499,4.10626983,5.789685854,2.057489749,295.1081275,171.9959934,246.6224166,3.879532499,5.959005632,2.050893813,0,-114.5234044,93.38588002,-2.085306738,-116.3001014,93.24068163,0.0413135957,-114.3450917,93.39744887,2.049506323,-113.1838781,93.4350879,49.98590766,49.98591947,2822.611422,2812.338796,-209.4294492,-346.4890023,9.1253422,1
5929,48,16,96,1,1,1,1,1,0,1,1,1,1,1,0,460.6165716,228.7562991,213.0045092,29.37929678,35.55776721,22.36191771,463.2320673,233.8968139,222.2418847,26.99032901,34.94837632,24.20055437,-23.09090753,31.65114893,-8.563354909,15.91700156,-26.59296249,10.67266381,358.7786728,186.635688,135.4980627,11.86173047,10.85488138,11.47468391,365.6055996,194.0781284,140.5144361,18.07202812,20.0195953,13.45164396,0,-136.4422727,95.18221888,112.8922485,-22.15138102,-117.7375332,0.02417914926,-136.1338893,95.86210085,-37.21590728,-166.0363049,67.62323846,49.97374757,49.97167432,5407.629478,5496.061512,1851.156774,8.791720745,8.7874959,1
6077,24,96,48,1,1,1,1,1,1,1,1,1,1,1,1,188.0513711,237.6872934,271.5900217,4.70308521,1.788705952,3.743009624,188.6745027,237.7875083,272.0868419,4.321547466,2.202627737,3.623398907,0.002216351211,-0.008590838889,0.006428224836,-0.002249661622,0.008503569108,-0.00620093314,188.0493412,237.6871622,271.5906593,4.702762818,1.78802892,3.742604376,188.6724699,237.7873815,272.0874861,4.321215061,2.202092038,3.622999118,0,-138.2335446,118.9360628,-3.509834411,-145.9257843,121.6989515,0.1042079239,-138.1890943,118.9611039,3.52798428,-132.0555717,115.9174851,49.9884023,49.98840808,2322.337778,2315.455438,-47.47191425,-160.4093246,9.2670137,1
6078,24,96,48,1,1,1,1,1,1,0,1,1,1,1,1,188.0338917,237.0058626,272.1650102,7.951975533,8.489259279,5.523131769,188.7159909,235.5626069,273.9867809,3.476778645,7.620972319,9.043623107,1.477086608,-6.757003991,5.279987503,-1.459231061,6.774945198,-5.31564631,188.0310498,237.0052109,272.1638291,7.702576001,5.012128319,1.144259557,188.7120353,235.5503052,273.9754542,2.869325272,3.299990854,7.226064706,0,-138.0026619,119.0631824,17.33250269,-179.1392443,-163.2449213,-0.3805799281,-137.8978649,119.2644039,-54.63245679,-50.84525021,110.1635804,49.98830199,49.98830752,2341.832603,2336.098891,-48.82135859,-160.7009818,9.3940349,1
6079,24,96,48,1,1,1,1,1,1,1,0,1,1,1,1,188.0353762,237.0023501,272.1662305,7.946211496,8.475811515,5.502334476,188.7172856,235.560419,273.9852022,3.479858737,7.606949192,9.026455855,-1.483555584,6.74364142,-5.260020827,1.466217696,-6.761852873,5.295692655,188.0325564,237.0016897,272.1650776,7.694815423,5.008713163,1.139466428,188.7132698,235.5480415,273.9739922,2.867941152,3.296794139,7.219985122,0,-138.002237,119.0643402,17.30268382,-179.1231722,-163.5651025,-0.3798695389,-137.8976354,119.2654578,-54.45909023,-50.87583125,110.2057757,49.98830833,49.98830173,2342.044857,2335.729159,-48.60236588,-160.8870041,9.2940804,1
6080,24,96,48,1,1,1,1,1,1,1,1,0,1,1,1,188.4120373,237.8231601,271.3925374,4.668076363,4.277896402,7.957024712,190.0783213,238.5145985,270.6680903,8.527681087,3.345356357,6.767290378,4.272380814,1.353232732,-5.62557276,-4.306879178,-1.345334008,5.652249058,188.4092884,237.8219662,271.3924229,1.732355356,3.906797236,5.548827144,190.0676764,238.5129065,270.6595605,7.323767113,2.858969728,3.601726835,0,-138.458793,118.9565333,7.848755566,-96.04793638,90.53776722,0.3440948828,-138.6999884,119.077616,-1.898196796,153.8192448,165.9212655,49.98833057,49.98832718,2336.794777,2331.397759,-55.79194071,-168.806908,9.3155919,1
6081,24,96,48,1,1,1,1,1,1,1,1,1,0,1,1,188.408685,237.8087771,271.4053683,4.63449056,4.279239728,7.930884387,190.0764057,238.5019406,270.6816963,8.511003972,3.344095185,6.737129018,-4.236622535,-1.354216392,5.590873118,4.270897505,1.346131886,-5.616989133,188.4059574,237.8075993,271.4052672,1.730804447,3.909977593,5.549133563,190.065953,238.5003463,270.6733478,7.325680242,2.859856359,3.604036965,0,-138.4521917,118.9604459,7.949888854,-96.04322211,90.51879758,0.3443835826,-138.6932964,119.0815566,-1.919536242,153.760997,165.934613,49.98832783,49.9883311,2336.642133,2331.455746,-55.96232506,-168.5799134,8.9537738,1
6082,24,96,48,1,1,1,1,1,1,1,1,1,1,0,1,187.6135203,238.3048185,271.3467075,10.11550379,5.936162768,7.014065251,186.6954734,239.2060413,272.2418322,8.322438966,8.127613689,4.169263239,-6.846809657,5.429333754,1.417514884,6.871090323,-5.458239112,-1.412818358,187.611191,238.3017253,271.3467474,7.318073308,2.139417189,6.739742321,186.6796241,239.1893792,272.2406665,4.490848905,5.922946927,3.690761478,0,-138.1600084,118.7661568,-30.04839538,72.2459608,148.5209365,0.2436291694,-137.7813748,118.4566362,54.2021022,-127.5461861,52.83223429,49.98833846,49.9883482,2334.451665,2328.09604,-52.90160088,-164.8087319,9.0612156,1
6083,24,96,48,1,1,1,1,1,1,1,1,1,1,1,0,187.6156148,238.3075101,271.3419638,10.10740588,5.927119053,7.013847735,186.6958057,239.2064948,272.241082,8.309328634,8.12318139,4.176346249,6.833323183,-5.414536658,-1.418751826,-6.85742056,5.443171544,1.414283245,187.6133007,238.3044393,271.3419925,7.321219948,2.146401322,6.738584461,186.6800856,239.1899525,272.239972,4.490241401,5.928613844,3.697175003,0,-138.1623776,118.7651997,-30.04623861,72.3172743,148.5760099,0.2423798626,-137.7833136,118.4554765,54.24031072,-127.5005347,52.85805208,49.98834387,49.98834311,2333.708103,2328.771244,-52.89310743,-164.8346994,8.7871864,1
6084,24,96,48,0,1,1,1,1,1,1,1,1,1,1,1,187.9886592,235.4572076,273.412694,3.633174112,7.453798469,8.954495533,188.7690617,237.0268518,272.5070989,7.904244219,8.307191051,5.475212566,-1.508642184,6.72856727,-5.219892996,1.52514286,-6.699809007,5.174703399,187.9846046,235.4426428,273.4037344,3.041823586,3.030681669,7.160852994,188.7654619,237.0256726,272.5067267,7.64934984,4.798235883,1.247949907,0,-137.3612582,119.626018,-54.57229924,-51.38610194,109.8105505,0.5794420688,-137.426818,119.5160063,18.91881747,-176.4912032,-166.0353842,49.98830618,49.98830207,2342.381465,2335.944997,-41.51228457,-157.0604628,8.6826529,1
6085,24,96,48,0,1,1,1,1,1,0,1,1,1,1,1,191.172469,422.933856,311.9712115,17.85784658,17.23010771,22.72269486,186.5054257,422.2941642,308.9281059,15.18828976,18.05268043,20.85362157,-7.888684386,-6.155187303,14.05891891,3.710354225,11.10282173,-14.79831847,130.1083373,287.1233736,280.2615155,9.668727399,9.960448377,11.49287851,127.486691,283.6975411,277.0582157,5.790999877,6.184395742,5.433282677,0,-128.2257496,103.541025,-35.06057647,-156.4933445,80.18712359,0.1476460978,-128.3732522,103.4318773,107.3544037,2.230599044,-133.0027246,49.97167641,49.98993221,4346.569486,3274.134589,-576.2007317,289.582616,8.6332274,1
6086,24,96,48,0,1,1,1,1,1,1,0,1,1,1,1,188.9292051,232.2918339,275.2894893,7.077632539,28.38343627,23.71896032,189.7097472,232.3308948,275.7509839,7.074350621,28.34971177,23.72227713,-4.618592253,26.90856389,-22.28964924,4.620455545,-26.88787801,22.26773715,188.8229368,232.2035042,275.2169,4.523753818,2.028616393,3.637141254,189.593721,232.254588,275.6702529,4.522508615,1.847836049,3.819782685,0,-136.7013139,120.4672311,-0.08413394085,-140.0062714,118.677749,0.09735234451,-136.6886528,120.51981,-0.1921389078,-133.1735973,122.0311972,49.9873377,49.98733,2535.828245,2531.240463,-3.122947476,-118.470739,8.8881577,1
6087,24,96,48,0,1,1,1,1,1,1,1,0,1,1,1,186.1445643,235.5443665,275.3754611,16.8912524,44.66738755,45.93308378,191.5515615,235.51079,272.4186916,21.96190041,44.0373375,45.76916289,-0.3793937112,30.57483202,-30.19599054,0.3634044431,-30.43942884,30.07570585,185.9304015,234.4161963,274.6308781,7.663102792,10.21147844,10.77610733,191.1975626,235.4093915,272.2176534,15.85160172,8.032298223,11.30687963,0,-136.4125171,119.7610244,144.9091845,-90.3969539,45.54806341,0.675461814,-137.3159393,120.4614802,-16.04049517,110.2920035,-173.5413093,49.98414866,49.98644047,3092.282642,2609.500045,102.247267,-165.3223786,9.0024215,1
6088,24,96,48,0,1,1,1,1,1,1,1,1,0,1,1,188.6645901,237.1832798,271.7592673,6.600416355,4.562574393,9.276799723,190.5640141,237.9186372,270.9284169,10.12381691,3.399575311,8.340850689,-6.080284327,-0.8609915486,6.941470052,6.127206766,0.8544962013,-6.981512104,188.6606707,237.1810299,271.7573476,1.413325332,4.362367884,5.70836354,190.541671,237.9167078,270.910927,7.767541558,3.12737042,3.946102157,0,-138.3587951,119.1483575,22.78470444,-94.71239274,86.91025571,0.3595366188,-138.646922,119.2983309,-4.072450223,146.4891814,169.4921156,49.98831924,49.98823688,2338.131476,2354.282867,-57.98030036,-164.3300406,8.87495,1
6089,24,96,48,0,1,1,1,1,1,1,1,1,1,0,1,184.8894119,238.1376796,273.1233667,55.17893667,58.09791897,27.26886612,188.1906974,244.3247303,267.8774935,56.94100285,58.50438546,23.38522309,-38.28087407,38.50683856,-0.2256404599,38.43933055,-38.58084762,0.1418384334,184.7851293,237.663015,272.7175161,8.530352196,12.92581759,17.40671813,186.3874473,242.7025315,267.5994642,15.75437679,13.84331937,10.74054396,0,-136.854641,118.9127123,-129.7691954,-42.40023133,99.56291049,1.651007074,-137.5117037,118.4533019,24.81703165,154.326217,-93.30012188,49.98413015,49.98291833,3052.99214,3373.648411,43.24524888,18.37252611,8.8163272,1
6090,24,96,48,0,1,1,1,1,1,1,1,1,1,1,0,187.1300652,235.6571186,273.8212555,3.326333656,9.948952334,11.28900073,187.9978085,237.3068709,272.6785179,8.215673076,10.50850385,8.471328493,-1.067360035,8.616641252,-7.549300048,1.079335457,-8.567905039,7.48854167,187.1240837,235.6135366,273.7919736,2.89766382,3.470034048,7.578779209,187.9923796,237.2994228,272.6752119,8.05316145,4.932273303,1.684676065,0,-136.9933662,119.5509777,-62.68389532,-53.8576464,106.5574512,0.6310110269,-137.0978819,119.4450647,18.6772498,178.6030158,-151.0118801,49.98822367,49.98830025,2357.996101,2341.161427,-39.98830462,-152.8805804,8.9013287,1
6091,24,96,48,1,0,1,1,1,1,1,1,1,1,1,1,187.9863502,235.4543776,273.4148279,3.642742346,7.463101013,8.958183576,188.7628968,237.0250485,272.5098011,7.898988096,8.322821866,5.477318695,1.516840941,-6.740188034,5.223402009,-1.533274303,6.711338096,-5.178007367,187.9823806,235.4398034,273.4059025,3.050897398,3.027398897,7.160468713,188.7593058,237.0238793,272.5094391,7.642942163,4.808824572,1.228425343,0,-137.359375,119.6263176,-54.50009424,-51.09425853,109.96827,0.5797821816,-137.4241661,119.5156335,18.97626295,-176.3520668,-166.1509574,49.98830446,49.98830298,2341.511709,2336.837359,-41.76854805,-156.7685188,9.0431326,1
6092,24,96,48,1,0,1,1,1,1,0,1,1,1,1,1,188.9327982,232.2804367,275.3021685,7.077993713,28.47832329,23.81456676,189.7138072,232.3155214,275.7585099,7.074583662,28.44262159,23.81362811,4.617881332,-26.99355514,22.37600786,-4.619899699,26.97175572,-22.35152135,188.8265612,232.1913761,275.2284569,4.52402931,2.042018321,3.649355558,189.5970681,232.2380118,275.6773159,4.522406171,1.833020545,3.808473228,0,-136.6973089,120.4707986,-0.06045178849,-139.6886711,118.5252798,0.09673384561,-136.6859485,120.5237676,-0.2162750645,-133.467461,122.1948049,49.98733605,49.9873218,2535.960206,2532.023458,-3.65061932,-117.8152043,8.70607,1
6093,24,96,48,1,0,1,1,1,1,1,0,1,1,1,1,190.6887174,421.6353582,312.0074876,17.70637165,19.69128964,24.97134361,185.2911877,421.0902812,308.4220786,15.05486553,21.19866974,23.53662114,8.243606607,11.28056117,-19.52511333,-4.087582251,-16.15395906,20.24055374,128.9409597,290.4372849,280.50132,10.21234336,13.21498359,13.33563653,126.0281007,285.8373793,276.5208239,6.566957523,9.551136685,8.465644485,0,-128.5150861,102.8787548,-38.16912867,-161.6690738,66.85945242,0.2132347951,-128.627099,102.924253,106.8429033,2.412464366,-144.6759753,49.97660574,49.98508515,4010.763559,3614.088346,-659.0448107,391.654169,8.7256105,1
6094,24,96,48,1,0,1,1,1,1,1,1,0,1,1,1,188.6627991,237.2722674,271.7074408,6.005593612,4.508687892,8.940790859,190.4637319,238.0007459,270.830707,9.645018344,3.370411323,7.804117673,5.709193345,0.9147498641,-6.62383807,-5.753388877,-0.9084592799,6.661948953,188.6595522,237.2705775,271.705909,1.44732731,4.299380644,5.844477595,190.4452779,237.9991259,270.8156081,7.651174169,3.086321964,3.82656748,0,-138.380162,119.1267141,13.7056462,-94.90553319,87.90117419,0.3668423342,-138.6618881,119.2641846,-2.601525676,147.4040947,171.2920465,49.98828513,49.98829604,2345.423149,2338.304763,-57.65976612,-166.1795067,8.8403042,1
6095,24,96,48,1,0,1,1,1,1,1,1,1,0,1,1,184.8219696,235.3159876,276.5294301,24.36428101,58.83529234,60.74117841,191.9665705,234.2294148,272.2343225,29.05708188,58.05086582,60.60425277,0.1440650796,-39.66779935,39.52386973,-0.1134157307,39.49047365,-39.37692307,184.4461907,233.3930342,275.3043758,11.38603769,13.6504969,14.21598213,191.3094447,234.055136,271.8565698,19.26587608,11.08114092,15.14903151,0,-135.6759942,119.8935453,143.2001051,-94.01878097,37.61482847,0.7949969588,-136.9502632,120.915834,-20.61036396,99.65874014,-171.394103,49.98268847,49.98294859,3451.017963,3370.09267,192.5457908,-34.99574293,8.9773621,1
6096,24,96,48,1,0,1,1,1,1,1,1,1,1,0,1,186.436204,236.3402975,273.7700586,3.220783559,14.68363405,15.80178517,187.3971331,238.0326517,272.5989389,8.644400079,15.14217012,13.92710631,0.8866264328,-10.24191227,9.354636722,-0.8926070041,10.16896924,-9.276856538,186.3580348,236.1745413,273.5987915,2.722765354,3.611736822,7.407392819,187.3495518,237.9976034,272.5379599,8.471148821,5.367864631,1.611998696,0,-136.8816894,119.355602,-71.63330812,-46.60763478,106.7064839,0.6658286789,-136.9733743,119.2570593,17.80624223,-179.2482126,-156.6595977,49.988196,49.98801613,2366.654508,2388.029334,-26.50660575,-163.5181018,9.0900149,1
6097,24,96,48,1,0,1,1,1,1,1,1,1,1,1,0,184.6352415,238.1706545,273.3667475,56.89195421,60.38179522,29.18197048,188.1449876,244.43978,267.5148397,58.68422514,60.74807495,25.30685426,39.36038311,-39.95853501,0.5988526075,-39.52096453,40.02871437,-0.5070268,184.5220522,237.608329,272.8830283,8.922117501,13.80313142,18.46358385,186.2269397,242.7151399,267.2099028,16.21980456,14.52959355,11.85287215,0,-136.7232385,118.9116345,-131.6434891,-44.69059711,98.38036705,1.705188312,-137.4974047,118.4479722,24.49973299,151.2654556,-93.95613692,49.98347889,49.98252167,3211.100035,3457.513247,40.70940087,69.94053229,8.6536686,1
6098,24,96,48,1,1,0,1,1,1,1,1,1,1,1,1,189.157399,238.3403894,270.5020188,8.25151966,3.268589156,6.250915454,188.9000334,237.9067927,272.0653907,4.151683466,4.424448924,7.293568714,-3.716161628,-1.221989293,4.938182513,3.664078919,1.230112,-4.894162018,189.1502629,238.3391042,270.4946306,7.343618391,2.887730474,3.744243566,188.8977095,237.9054331,272.065156,1.861613675,4.148945069,5.345825338,0,-138.9488951,118.7906108,-5.462723287,148.5596575,163.0611941,-0.1100882573,-138.6597053,118.7370728,20.86025795,-97.27353445,89.37288492,49.98834203,49.98834096,2334.564998,2328.742629,-56.69887401,-170.2161972,8.7430619,1
6099,24,96,48,1,1,0,1,1,1,0,1,1,1,1,1,188.0434698,237.0024173,272.1527426,7.972647511,8.56757443,5.680317515,188.7075184,235.5636276,273.998174,3.429376357,7.739193833,9.147803118,1.452508043,-6.844332051,5.391887017,-1.435221401,6.862688682,-5.427415503,188.0405759,237.00161,272.1515948,7.73096234,4.989655511,1.212820365,188.703581,235.5507919,273.9864909,2.829570432,3.337027346,7.24574094,0,-138.0079587,119.0637891,17.08850631,-179.8838611,-162.1340418,-0.382516777,-137.8967892,119.2614589,-54.96981461,-51.8431022,109.6127267,49.98830407,49.98830099,2341.239547,2337.696756,-48.38523456,-161.1755057,8.9854663,1
6100,24,96,48,1,1,0,1,1,1,1,0,1,1,1,1,190.1029468,236.7976382,271.3463938,13.23292945,3.542009696,11.56476635,189.5675502,236.372122,272.9917862,10.68430405,4.991552875,12.04400886,-7.77653101,-0.7281162017,8.504522098,7.664323269,0.7331214322,-8.397571407,189.9804809,236.7585992,271.2662927,7.777694947,3.123546115,4.187411409,189.5207462,236.3446956,272.9742004,1.691181046,4.705479603,5.596477819,0,-138.7725251,119.2772735,-7.536994361,138.6711451,168.2397708,-0.111327217,-138.4232306,119.1899934,35.53728825,-97.50341208,84.75278231,49.9881873,49.98814617,2365.448191,2364.007309,-54.92769478,-166.1223024,9.1871354,1
6101,24,96,48,1,1,0,1,1,1,1,1,0,1,1,1,258.9496973,232.7813085,417.356079,26.25814,19.65726876,22.4029809,260.9327031,235.8031774,418.2312826,26.31621961,20.09529738,21.0951132,-8.900001074,1.727170092,7.174462052,4.718952093,-4.070765174,-0.6467450233,214.6080959,150.0491426,324.2293026,2.313118147,3.724465433,4.771618693,216.7093638,151.9705299,325.7087647,8.226742575,5.348804487,5.160669719,0,-118.328198,140.6197789,23.39344832,-1.66110471,169.4387223,0.2161610766,-118.3488036,140.5350694,-6.50876292,-156.8331812,113.9364531,49.96499454,49.98875185,5274.739864,4038.37315,716.7356913,466.1122562,8.5261083,1
6102,24,96,48,1,1,0,1,1,1,1,1,1,0,1,1,190.2443171,240.7539393,268.1898903,21.13150488,4.69064747,24.77497972,191.0243636,240.8693092,268.5729511,21.10742721,4.694482715,24.7023172,-19.96979666,-3.490254517,23.46006592,19.91686594,3.495343903,-23.41218757,190.1788087,240.6966989,268.1449301,4.487571079,2.006552156,3.71366113,190.9338247,240.8101429,268.5341904,4.626527436,2.005002597,3.552033609,0,-140.2727768,118.2330826,-1.734083326,-140.3503362,116.3172786,0.1142725253,-140.2614912,118.2752815,1.418951774,-140.2917592,120.0803662,49.98760465,49.98762903,2480.804775,2473.851154,-62.99695087,-175.1018283,8.5321046,1
6103,24,96,48,1,1,0,1,1,1,1,1,1,1,0,1,192.6792522,235.8049181,271.2883328,51.3017699,21.15502066,50.07579652,188.9700869,240.1908358,270.0624348,50.86661553,23.49199352,48.36822644,-33.82256689,0.2169465676,33.6058624,33.55740372,-0.2259602578,-33.33122538,191.4685962,235.4629766,270.0976096,12.56971732,10.78061901,13.89454569,188.6983822,239.6734401,269.9631226,13.10652131,14.71090697,8.023730475,0,-139.2347371,119.7763121,-72.31972623,34.10450172,145.6910863,1.223555457,-138.3475767,118.8458749,66.20854163,-144.0122678,-10.43465185,49.98421865,49.98459844,3147.324902,3037.486949,100.3277162,-102.8835788,9.1725202,1
6104,24,96,48,1,1,0,1,1,1,1,1,1,1,1,0,187.5781561,238.4077386,271.286066,10.39740609,6.425077776,7.065446838,186.6478139,239.3338343,272.1730434,8.679931343,8.521921981,4.160768375,7.163781439,-5.80815908,-1.35558493,-7.190934266,5.838946802,1.352028677,187.5756825,238.404075,271.2860555,7.33372674,2.174410209,6.799093465,186.6298601,239.3138896,272.1717858,4.542948776,5.974672422,3.691354719,0,-138.1790466,118.7362137,-30.47725827,70.871339,148.4457639,0.2487547669,-137.7988049,118.4214262,54.48701157,-127.9204101,51.85194241,49.98833231,49.98834008,2335.499651,2329.872106,-53.06408281,-165.2836516,9.4024874,1
6105,24,96,48,1,1,1,0,1,1,1,1,1,1,1,1,189.151744,238.3492301,270.4996515,8.266243516,3.273708237,6.27449154,188.8942309,237.9140893,272.0614569,4.172301126,4.41994069,7.312023511,3.741292029,1.227278612,-4.968544434,-3.688996203,-1.235605041,4.924636863,189.144571,238.3479637,270.4922199,7.347036933,2.890183403,3.742319838,188.8918811,237.9127283,272.0612027,1.856806168,4.141785231,5.342480719,0,-138.9490106,118.7879014,-5.436428177,148.7389175,162.9976274,-0.1104309627,-138.6603506,118.7344676,20.81647462,-97.19307127,89.40155752,49.98834551,49.98833741,2335.058282,2328.314334,-56.89480382,-170.0623134,9.06842,1
6106,24,96,48,1,1,1,0,1,1,0,1,1,1,1,1,190.5828379,236.3406195,271.679835,13.17839136,3.864018834,11.67407636,190.0196846,235.8528333,273.2431469,10.64723482,5.043385048,12.05223219,8.935588733,0.717982681,-9.652650474,-8.801679637,-0.7253835844,9.528004232,190.3832301,236.2537445,271.5768787,7.740088476,3.124094542,4.057907441,189.9086481,235.7872676,273.2075377,1.796991299,4.505454621,5.312853718,0,-138.7454544,119.4335274,-8.217686814,142.9062878,163.9975589,-0.1187300947,-138.4150937,119.3472442,36.47965959,-95.8689207,86.85017713,49.98782177,49.98851404,2426.596925,2300.464544,-43.17787837,-174.3295218,8.9464646,1
6107,24,96,48,1,1,1,0,1,1,1,0,1,1,1,1,190.7851562,234.0414514,272.5803662,27.56049109,55.62660491,57.9771347,185.5657432,235.0465266,277.6595172,22.63826906,56.31458208,57.97535865,-0.3557027796,37.86524147,-37.50941383,0.4239063197,-37.98119821,37.55741404,190.2873389,233.8875056,272.221693,18.68884599,10.78536038,14.33908884,185.2163928,233.3048321,276.4769517,10.69204118,13.24769306,13.53274413,0,-138.0591094,119.9239773,-20.91557306,100.7686856,-171.7916074,-0.5747939855,-136.8033248,119.0577773,141.9290339,-93.70639878,38.90039981,49.98352945,49.98309436,3252.157538,3360.640551,55.68110702,47.21176778,8.9814877,1
6108,24,96,48,1,1,1,0,1,1,1,1,0,1,1,1,190.2574082,240.7529395,268.1925455,21.19019978,4.691598476,24.83517044,191.0426306,240.8696689,268.5766635,21.17107243,4.695752472,24.76494276,20.02285228,3.488936379,-23.51177826,-19.97002967,-3.493989408,23.4640275,190.1914468,240.6948892,268.1472117,4.476217784,2.00631445,3.70613735,190.9507211,240.80965,268.5372037,4.638389676,2.005220465,3.560213872,0,-140.275637,118.2354553,-1.703557054,-140.3516261,116.1811303,0.1151643947,-140.2640625,118.278534,1.382374343,-140.2959236,120.219231,49.98760563,49.98762799,2481.026272,2472.455914,-62.33355145,-175.7947741,8.8455802,1
6109,24,96,48,1,1,1,0,1,1,1,1,1,0,1,1,257.6940357,229.3611047,416.3805662,28.40859835,18.02736359,24.23928161,261.3404931,236.5768306,418.6269879,27.98344427,19.81685297,22.23564796,24.93553488,-6.139786304,-18.79497989,-20.75116426,8.451897165,12.30018697,212.8919427,148.5314087,323.2100265,8.380495519,8.476420489,9.594498834,218.7148933,152.5694487,328.8822615,15.89059961,10.5320975,15.21570943,0,-117.7001213,140.8291084,116.5433117,23.06787424,-107.6761227,0.2641746936,-117.3414298,140.855192,-28.12737736,-148.2568787,104.8894162,49.98132694,49.97191206,4594.540839,4704.774478,1321.861756,-132.2485668,8.9779264,1
6110,24,96,48,1,1,1,0,1,1,1,1,1,1,0,1,187.5843217,238.4049291,271.2876711,10.35995001,6.343833473,7.061292582,186.6475785,239.3223529,272.178292,8.612113242,8.454815738,4.160444263,-7.110672622,5.754972915,1.355761552,7.137556402,-5.785647352,-1.351841231,187.5818173,238.4013387,271.2876731,7.351859455,2.172440442,6.79793379,186.6300668,239.3029767,272.1771075,4.529680482,5.966223182,3.696919035,0,-138.180099,118.7368004,-30.38551895,71.3961895,148.4943762,0.2462599979,-137.799514,118.4218446,54.69877047,-127.7463211,51.88169268,49.98833822,49.98833639,2334.365284,2330.483555,-53.63711327,-164.8157566,9.7008423,1
6111,24,96,48,1,1,1,0,1,1,1,1,1,1,1,0,192.0287632,236.3312271,270.9921835,46.23747831,18.96706994,45.05960954,188.9349607,240.2649026,270.3612961,45.86485635,21.34122851,43.48899703,30.84315724,-0.3663344986,-30.47633075,-30.59803451,0.3737253835,30.22482286,191.0297201,236.0373412,270.0021385,11.14498478,9.735102474,12.42883183,188.7168121,239.8452788,270.2777977,11.73671719,13.68083033,6.902307346,0,-139.2221411,119.5803371,-69.98647223,35.59359089,147.3440878,1.066932859,-138.3841693,118.7581075,63.27480943,-142.8098924,-2.639683562,49.98485395,49.98553022,2991.270994,2829.954752,74.87538731,-143.1904946,9.4043541,1
6112,24,96,48,1,1,1,1,0,1,1,1,1,1,1,1,185.8550762,239.3269681,271.6711916,8.685721167,8.323548953,4.177294582,188.1451843,238.610035,271.6917954,10.25278025,6.299917331,6.944921757,7.392256346,-5.952586135,-1.439600646,-7.332667618,5.906890565,1.42584257,185.8427156,239.3004203,271.6691474,4.294616868,5.691153547,3.647174265,188.1422921,238.6032724,271.691994,7.001713007,1.828753215,6.64382513,0,-137.8252597,118.358273,50.02742588,-130.1537428,54.03053079,-0.02935909269,-138.1451034,118.7403185,-28.23233652,67.19569699,148.0641442,49.98835855,49.98833978,2332.007355,2328.327546,-53.23243597,-166.3109823,9.0492293,1
6113,24,96,48,1,1,1,1,0,1,0,1,1,1,1,1,186.6356908,243.7783609,268.8186281,50.13095306,50.8866674,18.54933685,185.7321672,238.3952712,273.8323612,48.23369309,50.32308641,22.51101895,34.05260954,-33.6954715,-0.3566659778,-33.76369636,33.54737751,0.2167710843,185.4570198,242.2551963,268.600897,13.99554897,12.23365363,8.229619597,185.6349093,237.9565987,273.5622223,6.937300548,10.98378081,15.06499192,0,-138.9723904,117.2334857,23.7648656,158.5371641,-91.18624892,-1.236375678,-138.4647629,117.7457367,-124.3537075,-40.3532641,102.2421707,49.98385164,49.98579057,3177.959114,2719.375768,60.01925525,-116.8884796,9.437026,1
6114,24,96,48,1,1,1,1,0,1,1,0,1,1,1,1,186.7310328,237.9609233,272.2766163,8.727092592,15.4672254,14.23510643,187.2164178,236.3849828,274.3877677,3.062263894,14.99018788,16.10099072,-0.858671095,10.29097329,-9.432819049,0.8591423856,-10.34836544,9.488848984,186.6905032,237.9294194,272.2187378,8.559629168,5.615340032,1.549619099,187.144479,236.2248179,274.2130391,2.551835456,3.931577171,7.516762694,0,-137.6813504,118.738109,16.25187605,177.8777591,-152.4070594,-0.4678740935,-137.5459532,118.929537,-73.37943449,-46.84847806,106.8431745,49.9880117,49.988175,2400.668306,2359.466433,-54.93524761,-148.3536745,9.5039316,1
6115,24,96,48,1,1,1,1,0,1,1,1,0,1,1,1,187.9620342,240.8726392,269.290688,52.97534806,24.39314339,50.33739299,193.3939307,236.492704,271.4530658,53.07227976,22.05627016,51.8167219,35.03737887,-0.3688286849,-34.66833485,-35.11650502,0.3283486503,34.78835478,187.6322798,240.3321076,269.2282027,13.31415769,15.04095302,8.209288458,191.8667189,236.1316216,270.3352819,12.46384042,11.10193593,14.09805995,0,-139.4223549,117.9360789,64.06553695,-146.5845413,-12.58910772,-1.065385026,-140.2757663,118.9652841,-74.96611262,31.01682966,144.3732286,49.98431566,49.98395685,3097.75616,3193.769081,7.148016866,-10.53270652,9.9535472,1
6116,24,96,48,1,1,1,1,0,1,1,1,1,0,1,1,185.828325,239.4234917,271.6105727,8.869701202,8.541372793,4.162897999,188.1371719,238.6905602,271.6362563,10.41456675,6.552732285,6.982421648,7.565986152,-6.18434705,-1.381578141,-7.503692924,6.136925226,1.366812072,185.8153227,239.3946765,271.6085271,4.328558884,5.73707584,3.656183217,188.1341159,238.6833621,271.6364217,7.034740184,1.868076937,6.697151375,0,-137.8483726,118.3295212,50.57597507,-130.2892138,53.1529846,-0.03354821198,-138.1711133,118.7162258,-28.57473205,66.44516959,148.0847731,49.9883552,49.98833505,2332.925215,2328.872355,-53.36555582,-166.9874723,9.4898352,1
6117,24,96,48,1,1,1,1,0,1,1,1,1,1,0,1,285.5053186,346.6406805,322.8127754,16.62471188,15.60896764,9.328464492,287.0121171,347.2319201,325.0210917,14.47452244,15.14661325,10.59864877,9.537047927,-8.618002356,-0.9201770761,-1.955868187,6.203191388,-4.248506806,217.1100001,286.5791961,225.470026,4.763887724,2.249480249,2.586633818,219.5869339,288.2147266,226.8905349,7.755033896,5.454016345,4.89616976,0,-161.3087032,110.5108524,44.03576837,-66.61311794,160.9250325,0.01073711422,-161.252799,110.5177695,-25.46496732,174.4008955,86.38865039,49.97260401,49.98299326,4195.058281,4680.011815,-291.6294824,-745.2624183,9.3055108,1
6118,24,96,48,1,1,1,1,0,1,1,1,1,1,1,0,182.4772559,241.0244334,272.2464478,37.70294045,32.66591061,6.892152653,183.2290788,241.052993,272.7079682,37.59361193,32.6346443,6.848413129,35.15162401,-30.94583914,-4.205473979,-35.07133154,30.90756602,4.164070903,182.276671,240.7978597,272.1176205,4.45423308,1.953614147,3.694200809,182.9455896,240.8780514,272.5770806,4.282462595,2.071896151,3.675957799,0,-136.7089403,117.754393,-2.08476369,-141.4102027,118.0251145,0.1025890715,-136.6821906,117.7929647,1.885620914,-132.3577871,117.3289148,49.98675287,49.98677015,2650.233567,2645.773943,-2.186555725,-113.1352595,9.6563584,1
6119,24,96,48,1,1,1,1,1,0,1,1,1,1,1,1,185.853331,239.35244,271.6617556,8.728252478,8.390184176,4.174161069,188.1436494,238.620213,271.6851614,10.2708476,6.362538352,6.961326064,-7.424907954,6.007648714,1.41728482,7.365004787,-5.961735933,-1.403232877,185.840898,239.3254901,271.659698,4.322240812,5.727037562,3.653869271,188.1407582,238.6133517,271.6853258,6.992976834,1.855554576,6.666616125,0,-137.8309974,118.3519928,49.98384641,-130.4093611,53.67062979,-0.03300263021,-138.1518525,118.7357912,-28.44979208,66.12902214,148.1026432,49.98834681,49.98834991,2334.027584,2326.40698,-53.3320392,-166.3301149,10.0877916,1
6120,24,96,48,1,1,1,1,1,0,0,1,1,1,1,1,187.1451258,237.4431284,272.2340733,8.401952789,12.3845986,10.60702555,187.7198762,235.9244784,274.4159788,3.168550719,11.93542502,13.09972102,0.9536583092,-9.075259791,8.121800869,-0.9462891266,9.115104276,-8.168612392,187.1379093,237.4334263,272.2261424,8.247374828,5.16239984,1.85448313,187.7110913,235.8628352,274.362458,2.733777476,3.870093085,7.836279943,0,-137.7576958,118.8801488,17.3207242,174.2094632,-144.0146023,-0.4506035064,-137.5984727,119.0748507,-66.34545717,-55.06936191,105.3016067,49.98819101,49.98821897,2372.419226,2358.120166,-44.51408466,-162.2475544,9.8884955,1
6121,24,96,48,1,1,1,1,1,0,1,0,1,1,1,1,186.5670956,244.531974,267.9793397,55.96835785,57.72701121,23.4791845,185.0649816,238.5868551,274.2924033,53.93259845,57.24213626,27.30674826,-37.72001413,38.06999571,-0.3495714418,37.4027318,-37.91505222,0.5127330283,185.1018681,242.6541113,267.6850895,15.53576653,13.972821,10.93098451,184.9357871,237.9538638,273.8650947,8.149769629,13.18010163,17.55354477,0,-139.1811704,116.998725,22.44419599,150.661012,-94.84778495,-1.414825506,-138.4323168,117.5279275,-132.2970824,-45.98437662,97.8946454,49.98310448,49.98403219,3353.115487,3100.106452,143.5684256,-99.81654923,9.75457,1
6122,24,96,48,1,1,1,1,1,0,1,1,0,1,1,1,185.8373955,239.4447549,271.6007851,8.931364549,8.609096685,4.162072706,188.1349046,238.6990507,271.6301233,10.43482803,6.627763252,6.985683617,-7.60258251,6.218126358,1.384465943,7.539838968,-6.170563291,-1.369247179,185.8240478,239.4152285,271.5986325,4.350894819,5.753045303,3.649428385,188.1318724,238.6917105,271.6302453,7.001537752,1.874595385,6.69743919,0,-137.8563164,118.3253184,50.18193261,-130.6000667,53.13196913,-0.03632784388,-138.1780869,118.7118081,-28.70736434,65.40967381,148.0231343,49.98834472,49.98834385,2334.122412,2328.137453,-53.94463657,-166.4036566,9.7287014,1
6123,24,96,48,1,1,1,1,1,0,1,1,1,0,1,1,187.9691961,240.8996186,269.6009768,48.40232459,22.41979927,45.86905027,192.7838911,236.9371254,271.2136239,48.45862209,20.05218274,47.23791915,-32.34593003,0.4977242657,31.84812633,32.42166374,-0.4611834919,-31.96055239,187.6951117,240.4484756,269.5462825,12.0556173,14.11560754,7.131446316,191.4894755,236.6175081,270.2547271,11.11186535,10.16231396,12.71016781,0,-139.3285984,117.9743315,61.23438722,-145.4433821,-5.305896639,-0.9199193883,-140.1386619,118.9015804,-72.99703923,32.33306669,146.1084627,49.98522624,49.98455617,2888.468186,3048.042817,-33.22612523,-32.44683997,9.7059075,1
6124,24,96,48,1,1,1,1,1,0,1,1,1,1,0,1,182.4592572,241.0354534,272.2402935,37.86258039,32.82589381,6.894611455,183.2127063,241.0627328,272.7018425,37.75275003,32.79385074,6.848928128,-35.29609982,31.09102399,4.20535678,35.21580361,-31.05357834,-4.161950688,182.2571908,240.806543,272.1107698,4.45524428,1.959373979,3.695725564,182.9267351,240.885995,272.5697028,4.280571402,2.066438089,3.674192668,0,-136.7065873,117.7501701,-2.091081457,-141.4246306,117.9485469,0.1021135116,-136.680348,117.7887441,1.893191367,-132.3153559,117.3970761,49.98675991,49.98674042,2650.903518,2646.035905,-1.767543971,-113.3669572,9.6917668,1
6125,24,96,48,1,1,1,1,1,0,1,1,1,1,1,0,285.4454431,346.6525701,323.7600876,15.99220678,15.14006675,10.95611636,286.6660254,347.0875374,324.8641202,13.56184488,14.7995323,11.27727525,-9.195631944,7.84980935,1.345415737,1.601520693,-5.435163003,3.833540627,216.9002442,286.4391363,226.1287213,4.830937309,2.19302915,3.260619672,219.1107878,287.7232068,226.8524264,7.044927141,5.4511163,4.514287066,0,-161.107564,110.4953952,35.16120601,-65.59370697,156.3650353,0.0572048395,-161.1422669,110.5471573,-23.44476976,175.2270424,79.19166661,49.97481856,49.9807804,4093.715256,4780.728695,-360.903716,-673.3862198,9.1292303,1
6273,24,64,64,1,1,1,1,1,1,1,1,1,1,1,1,200.7833876,221.7706763,274.4448533,5.082781008,2.343879447,2.90175607,201.4704008,221.9313764,274.8333584,4.540978866,2.559104971,3.115806345,-0.0009713502375,0.002868888132,-0.001849236918,0.001056101246,-0.00296612447,0.00195168472,200.7813998,221.7705212,274.4456937,5.082436721,2.34324023,2.901232465,201.4684404,221.9312296,274.8342125,4.540623354,2.558537701,3.115335559,0,-140.6638187,112.9554468,-2.003203964,-149.3797236,116.6608691,0.08718673483,-140.6020009,112.9768497,1.935988901,-132.7794301,109.3848286,49.98835172,49.98835144,2332.720215,2326.49186,-34.83469588,-149.5976866,9.4212598,1
6274,24,64,64,1,1,1,1,1,1,0,1,1,1,1,1,200.7073946,221.0452622,275.1245514,8.526511484,9.204762362,5.861258248,201.4419126,219.5803589,276.809753,3.693007434,8.035855812,9.010807637,1.501202029,-7.10426756,5.603093511,-1.486601353,7.123684414,-5.637053991,200.7047015,221.044632,275.1230297,8.27947009,5.709823006,1.168754987,201.4379324,219.5665528,276.7963456,3.086549117,3.489028812,6.915491424,0,-140.4563439,113.0832664,17.62683764,-178.0186568,-111.0485321,-0.3893059248,-140.3421649,113.3134133,-55.89524144,-55.29728863,106.3537346,49.98825845,49.9882529,2351.069328,2346.319972,-36.69093174,-149.7552087,9.7891298,1
6275,24,64,64,1,1,1,1,1,1,1,0,1,1,1,1,200.7116086,221.0420571,275.1230757,8.530269978,9.228288433,5.891539247,201.4428123,219.5759736,276.8119256,3.683504842,8.065305786,9.03362371,-1.496335977,7.130143259,-5.633776996,1.481769823,-7.149882053,5.668145492,200.7089084,221.0414209,275.121527,8.284792679,5.713102622,1.175609254,201.4387506,219.5618908,276.7983446,3.078988857,3.499729754,6.920350451,0,-140.457614,113.0843889,17.58240265,-178.1260225,-111.0944728,-0.3895053934,-140.342187,113.3143961,-55.95413762,-55.34569023,106.3140089,49.98825458,49.98825513,2351.490353,2346.324498,-36.45512942,-149.9720402,9.4738616,1
6276,24,64,64,1,1,1,1,1,1,1,1,0,1,1,1,201.1522511,221.8767706,274.2145763,4.958333928,4.766071671,7.516772055,202.9837969,222.5359222,273.3742747,8.733456553,3.244040426,6.684671479,4.330236426,1.365380871,-5.695577445,-4.364897024,-1.354206595,5.71913481,201.1496414,221.8754702,274.2146128,2.279495344,4.429634825,4.823326684,202.9736788,222.5342612,273.3657977,7.522470329,2.731041959,3.343666552,0,-140.8606979,113.0179775,18.47950441,-107.2276416,79.07618507,0.2767065932,-141.1207419,113.1404911,-5.585663376,154.5129775,166.5597234,49.98826844,49.9882653,2349.006802,2344.090562,-41.940606,-155.3977298,9.1651438,1
6277,24,64,64,1,1,1,1,1,1,1,1,1,0,1,1,201.148488,221.8860908,274.2108384,4.919507885,4.76028809,7.486305018,202.9762074,222.543717,273.3742011,8.704583166,3.247633535,6.651405966,-4.283347177,-1.378928129,5.662333942,4.317857379,1.367685773,-5.685496594,201.145895,221.8848063,274.2108629,2.283318866,4.419310735,4.81688925,202.9662293,222.5420166,273.3658121,7.516031876,2.728674405,3.336892674,0,-140.8612498,113.0146492,18.31134135,-107.240807,79.15646088,0.2758061652,-141.1205635,113.1366545,-5.551580263,154.7277055,166.4410759,49.98826396,49.98827178,2349.168999,2343.679455,-41.8389955,-155.4947684,9.4409781,1
6278,24,64,64,1,1,1,1,1,1,1,1,1,1,0,1,200.4409016,222.2843558,274.2654998,9.823709821,5.311972581,5.992681509,199.6906126,223.1674092,275.1445872,7.939476422,7.907328258,4.056303122,-6.374999206,4.974632184,1.40041431,6.40153079,-5.00569793,-1.395801857,200.4386343,222.2818004,274.2657378,7.367442445,1.607482428,5.689751741,199.6768049,223.1531082,275.1437395,4.525055452,6.048297618,3.595324802,0,-140.585616,112.7741668,-27.32736653,88.24303989,148.2743498,0.2182455993,-140.18512,112.4925003,47.91870184,-128.9693863,45.24474915,49.98829314,49.98829409,2344.25183,2338.067891,-42.18861488,-155.4850093,9.5993406,1
6279,24,64,64,1,1,1,1,1,1,1,1,1,1,1,0,200.4429216,222.2803862,274.2665667,9.834535515,5.339668846,5.996230065,199.6938358,223.1706939,275.1447264,7.96599705,7.93420822,4.052400196,6.398309599,-5.004407971,-1.393880921,-6.424938743,5.035402892,1.389557356,200.4406479,222.2778164,274.2667821,7.360925077,1.609958561,5.696218294,199.6799391,223.1562796,275.143877,4.537230649,6.059512004,3.595251498,0,-140.585436,112.7759919,-27.41087975,87.69520258,148.2600015,0.2200430573,-140.1843087,112.4937545,47.87353347,-129.0711008,45.14051584,49.98829329,49.98829292,2344.055984,2338.484482,-41.8293959,-155.8321206,9.3341292,1
6280,24,64,64,0,1,1,1,1,1,1,1,1,1,1,1,200.6940019,219.2328612,276.5332294,3.894269576,8.169810234,9.041604386,201.5232071,221.0287289,275.4759854,8.415884415,9.255394169,6.072987419,-1.593255449,7.424210374,-5.830908226,1.599689214,-7.385377004,5.785733151,200.689814,219.2166216,276.5194272,3.2512628,3.137598586,6.746680785,201.5202609,221.0278678,275.4747838,8.139430909,5.416886614,1.091521666,0,-139.8327142,113.6865098,-54.09829076,-56.80659313,106.0752797,0.5759788048,-139.8748212,113.5240153,18.88895071,-175.0004243,-119.8580975,49.98825362,49.98824319,2353.06517,2347.521796,-30.32105473,-147.0265561,9.3678712,1
6281,24,64,64,0,1,1,1,1,1,0,1,1,1,1,1,215.000839,387.9193731,324.8399709,16.21488256,17.39947654,21.67986279,211.1230029,387.606299,322.0294024,13.49691573,19.10890616,20.78290287,-7.4792341,-8.580686935,16.06101693,2.538860012,14.47772674,-17.01534824,149.47675,264.1926804,291.3308435,9.09187412,12.04069028,11.28273235,147.3152318,260.354125,287.8513179,5.132867069,7.750083072,7.112973267,0,-129.0281084,98.00334576,-34.4613175,-160.7114293,62.69381511,0.1898163308,-129.1113418,98.02307623,94.20777792,-3.522236262,-148.2336353,49.9755287,49.98413451,4214.854341,3811.895845,-734.1479128,142.0000397,8.6690443,1
6282,24,64,64,0,1,1,1,1,1,1,0,1,1,1,1,201.5106592,215.7041097,278.7746574,7.557121235,32.96939505,27.81583348,202.3413839,215.8617501,279.0493396,7.536634104,32.91278197,27.80613972,-4.876575987,31.01962797,-26.14280376,4.863413002,-30.98177212,26.11860853,201.3820784,215.574367,278.6582412,4.828763566,2.477304504,2.970726468,202.2045195,215.7367333,278.9375513,4.819225124,2.24347291,3.130786479,0,-139.2260136,114.6375672,-0.01858510618,-141.9359432,111.9804874,0.09600917182,-139.2018041,114.6765634,-0.2587746025,-136.3662511,117.0483979,49.98697316,49.98699004,2606.505981,2602.595291,18.48534952,-95.63205396,8.9822096,1
6283,24,64,64,0,1,1,1,1,1,1,1,0,1,1,1,198.4340765,219.3323629,278.9962395,18.87997079,48.2927315,49.84793789,204.4139974,219.1583946,275.4351076,24.02108954,47.47525462,49.65056929,-0.2433441158,33.03423148,-32.79124578,0.1765837751,-32.85144846,32.67458332,198.229888,218.0407237,278.0517723,8.569487932,11.21705657,11.56221315,204.0550476,219.0540264,275.1584618,16.99877626,8.425959346,11.8712935,0,-138.7888715,113.7462724,139.3587701,-95.66358272,36.03299252,0.5743057585,-139.8308399,114.4666041,-19.08845767,107.366264,-173.8621008,49.98355201,49.98591926,3212.019599,2694.602917,135.1677923,-149.0690179,9.1789488,1
6284,24,64,64,0,1,1,1,1,1,1,1,1,0,1,1,201.7989764,220.1347214,275.2959235,9.723657747,5.302954608,11.21613016,203.9810709,220.8193907,274.4059837,12.48920553,3.588882,10.85270033,-8.494676463,-0.8047837958,9.299714988,8.564483886,0.7988081981,-9.363046747,201.7345607,220.0959389,275.2719577,2.148618806,4.890790123,4.878285137,203.8586205,220.7688695,274.3364084,8.034039489,2.942747829,3.822666637,0,-140.6228207,113.5605958,35.62534536,-105.5401444,74.13536363,0.2804884051,-140.9400619,113.7274689,-9.020645676,145.5084442,167.6465063,49.98838933,49.98790987,2330.501943,2409.166275,-42.05180918,-142.9625501,9.3641188,1
6285,24,64,64,0,1,1,1,1,1,1,1,1,1,0,1,198.4816571,221.6354074,276.3843198,43.9973042,46.48552454,22.15582411,200.2937203,226.1161642,272.2589738,45.51002587,46.8850176,18.80621826,-31.22423431,31.89807823,-0.6724617112,31.35839145,-31.966819,0.6095825208,198.4100977,221.3153637,276.084912,6.273290887,8.818372211,14.44558495,199.1527699,224.9486282,272.0394947,12.6060062,9.856899141,8.750682248,0,-139.3976324,112.9175404,-104.1676469,-52.5021692,98.36337599,1.196870631,-139.8592488,112.4340185,29.01871029,157.0798983,-91.36276741,49.98574367,49.98461676,2756.843526,2966.341168,-17.94361723,-36.33906883,9.592862,1
6286,24,64,64,0,1,1,1,1,1,1,1,1,1,1,0,199.9244343,219.5539574,276.8659729,3.656895654,12.4731278,13.22740602,200.8796402,221.3260179,275.6680026,8.672932637,13.12145383,11.34582395,-1.418613597,9.606630316,-8.187969236,1.411883563,-9.538762664,8.126934211,199.9085521,219.4669717,276.7872972,2.960271027,3.370584976,6.793122015,200.8699347,221.3133433,275.6500668,8.40815413,5.444769757,1.345605971,0,-139.5546366,113.5359541,-58.39078222,-58.31263532,103.387213,0.5990952767,-139.6227939,113.39174,17.47071813,-177.3620423,-127.9094001,49.98814223,49.98812865,2376.014283,2371.42997,-27.60197158,-149.4507189,9.6116912,1
6287,24,64,64,1,0,1,1,1,1,1,1,1,1,1,1,200.6940475,219.239385,276.528091,3.893442379,8.191727726,9.058185776,201.5243411,221.0333511,275.4682989,8.415319416,9.277229502,6.099128399,1.592265448,-7.441984408,5.849762707,-1.598415522,7.402740694,-5.804274507,200.689869,219.2229653,276.5141103,3.248662804,3.139666408,6.743910661,201.5214019,221.03248,275.467083,8.138235072,5.422844344,1.084632891,0,-139.8347491,113.6848071,-54.06178026,-56.70776353,106.1334356,0.5758404753,-139.8775749,113.5226566,18.86713221,-174.9935526,-119.7009669,49.98825563,49.98824023,2352.177036,2348.594858,-30.65417879,-146.7089915,9.3549018,1
6288,24,64,64,1,0,1,1,1,1,0,1,1,1,1,1,201.508838,215.6925048,278.7771414,7.557458899,33.04528682,27.89134866,202.3392752,215.8512782,279.0647153,7.537087315,32.99098299,27.88480933,4.876154644,-31.08753498,26.21161655,-4.862601548,31.04861104,-26.1857689,201.3792363,215.5617011,278.6599961,4.828607637,2.461719786,2.955531001,202.202116,215.7252786,278.9512475,4.81926792,2.259545789,3.144926405,0,-139.2236768,114.640179,0.01908066324,-142.1272506,112.2478737,0.09622179087,-139.1961206,114.6798021,-0.2962959533,-136.1890838,116.7792367,49.98698282,49.98696221,2608.199536,2603.26045,19.84851053,-96.57020444,9.143578,1
6289,24,64,64,1,0,1,1,1,1,1,0,1,1,1,1,215.2148895,388.1027799,325.2101336,13.27229453,16.12902181,19.49501818,212.098609,387.9463587,322.639727,10.5695887,17.99828884,18.67181901,6.41283647,8.48441717,-14.89710339,-1.449452807,-14.40245192,15.85192683,149.547227,263.5065115,291.7313682,7.884716421,11.45419769,10.7474021,147.9339054,259.9179543,288.3781126,4.13957814,6.986076583,6.850397622,0,-128.7961573,98.29134347,-31.68846833,-157.5991474,61.13167313,0.1746771709,-128.9248796,98.35465495,84.14872733,-0.7570845759,-152.8464455,49.98073448,49.97932048,3833.065851,4162.902074,-713.3123704,114.9393698,8.7567168,1
6290,24,64,64,1,0,1,1,1,1,1,1,0,1,1,1,201.4391606,220.9975653,274.7547327,7.103120305,5.082980002,9.195558767,203.4476016,221.6687528,273.7383862,10.449729,3.218211246,8.46741811,6.439569406,0.8307579415,-7.27020477,-6.487385103,-0.8234580398,7.310964459,201.4343894,220.9944264,274.7513851,2.045113402,4.908772415,5.194413238,203.4218625,221.6657843,273.7151653,7.891264865,2.936505155,3.681144203,0,-140.7363723,113.289612,26.65818742,-105.8703801,75.71893247,0.2933521101,-141.0523035,113.4341669,-6.736580977,145.3140667,172.5546101,49.98821243,49.98821381,2361.727557,2353.060064,-42.52371876,-149.9714626,9.2060525,1
6291,24,64,64,1,0,1,1,1,1,1,1,1,0,1,1,197.1232895,219.0597517,280.1925466,25.9350329,61.30796776,63.55802533,204.7139137,217.8600558,275.252685,30.69983201,60.31541054,63.36609136,-0.07188297733,-41.32456873,41.39659996,0.1662263595,41.09290217,-41.2589824,196.7678266,216.9988594,278.749155,12.00666082,14.48474263,14.88381435,204.0907193,217.6917745,274.7806719,20.11200985,11.2791216,15.43590045,0,-138.1292034,113.8348847,138.2319348,-98.51982855,30.45319666,0.6671469734,-139.5427435,114.8422916,-23.32472423,97.2834048,-172.4970316,49.98219736,49.98238533,3552.07729,3481.025001,222.9192448,-12.48155464,9.6303669,1
6292,24,64,64,1,0,1,1,1,1,1,1,1,1,0,1,200.2473662,219.2049354,276.8634232,3.717382774,9.515958131,10.33480464,201.1304475,221.0592919,275.6887641,8.591373176,10.48004123,7.722032568,1.348516619,-8.531823178,7.183371148,-1.348634887,8.477662449,-7.128960039,200.2422356,219.1713336,276.8357966,3.147881348,3.387583627,6.918516731,201.1268696,221.0553672,275.685663,8.364085729,5.628788223,1.247194339,0,-139.6119736,113.6519943,-58.12609788,-54.82152795,105.6115134,0.601504052,-139.6747638,113.4880932,18.66063795,-176.5135776,-116.099143,49.98826374,49.98818665,2350.162896,2359.160802,-31.45264862,-144.1517537,9.392928,1
6293,24,64,64,1,0,1,1,1,1,1,1,1,1,1,0,197.7219731,221.8664957,276.5130659,54.91904662,58.32724151,28.02001283,201.2080862,228.1170469,270.8739247,56.86828606,58.76645612,24.79155333,38.11062452,-38.8492678,0.7389067788,-38.26100005,38.92429886,-0.6630303956,197.634201,221.333024,276.0143742,8.197417798,13.24926749,17.32142184,199.5588927,226.3863828,270.5631586,16.19246895,14.15872027,11.76041441,0,-139.1993423,112.8688687,-132.4935288,-49.04411813,94.71824696,1.539295049,-139.9769801,112.340349,22.12823665,151.1410837,-94.25108283,49.9837284,49.98282906,3159.209533,3402.97355,36.89784329,57.95597067,9.3002684,1
6294,24,64,64,1,1,0,1,1,1,1,1,1,1,1,1,202.0135801,222.1920197,273.389011,8.545995615,3.235425316,6.114204184,201.6955707,221.9981494,274.7870868,4.481688469,4.920290514,6.893855077,-3.780777241,-1.224213836,5.005011567,3.732119903,1.236376195,-4.968465874,202.0072795,222.190701,273.3810717,7.630660976,2.853618516,3.435542266,201.6934755,221.9963607,274.7868015,2.376471114,4.675410319,4.723373997,0,-141.3059118,112.9605526,-8.432592858,149.5901177,164.8063515,-0.05609430881,-140.9648314,112.8807459,27.10954466,-106.4725258,77.93424408,49.9882797,49.98827412,2347.167772,2341.956148,-40.33365893,-155.2710329,9.5139726,1
6295,24,64,64,1,1,0,1,1,1,0,1,1,1,1,1,202.2268267,220.6418033,274.9763384,13.07049726,24.72015291,24.70783857,200.9459393,219.6139786,277.3389484,6.8758821,24.92496955,25.22463712,1.012996583,-17.89754367,16.88116504,-1.041965031,17.9597534,-16.92145954,202.1657029,220.6085475,274.9266285,11.19581443,5.292622093,4.930806479,200.8825576,219.2344471,277.0782926,1.696153647,5.865682519,6.717773601,0,-140.8168851,113.410719,-4.350555957,148.4446743,-171.848087,-0.442600164,-140.4115122,113.28311,152.283327,-82.31007493,68.20328209,49.98826991,49.98652593,2332.028396,2614.951035,-79.86634476,-84.53363319,9.2387706,1
6296,24,64,64,1,1,0,1,1,1,1,0,1,1,1,1,203.2002651,219.5131189,274.9950603,15.76843121,3.53573148,14.09400092,202.4678243,219.3535649,276.5380119,13.52773444,5.859410103,14.3673574,-9.264467351,-0.4471745572,9.712769387,9.136779122,0.4571544986,-9.592868282,202.8815506,219.3619064,274.8206677,8.103361376,3.158933093,4.102199459,202.3064309,219.2467812,276.4880224,2.364815213,5.639177234,5.307724173,0,-140.9554384,113.7765387,-11.49901193,131.3352533,173.3576133,-0.04601943905,-140.5051832,113.6541873,41.8787541,-106.8179489,71.82196313,49.98811935,49.98787967,2390.682638,2403.817728,-26.40349757,-148.5140908,9.3074685,1
6297,24,64,64,1,1,0,1,1,1,1,1,0,1,1,1,256.0646145,208.280107,438.1462809,26.37039705,16.54936079,22.586758,260.0123495,214.4175712,439.9659112,26.58341112,18.37427837,21.12179452,-21.8235992,4.791246019,17.03207382,18.63478614,-7.41961497,-11.2156123,217.2013747,134.1119761,331.3882079,7.935187075,6.581264207,8.666249713,222.6608423,137.5361153,336.4855053,14.79674009,9.050414817,13.92703515,0,-121.3432547,134.5350274,106.1656427,18.76644735,-104.1054735,0.1417243479,-120.9477953,134.6323383,-31.01576198,-149.0835576,102.4427883,49.97911024,49.97696914,4400.826574,4369.13127,1179.547462,-148.0416302,8.7896958,1
6298,24,64,64,1,1,0,1,1,1,1,1,1,0,1,1,203.1614351,224.1284762,271.261977,18.6981135,4.931608514,22.15799585,203.9982549,224.3739784,271.4897774,18.69865845,4.934910339,22.10588978,-17.51704023,-3.614375859,21.13141258,17.47978428,3.620518318,-21.1003254,203.1166102,224.0772503,271.22586,4.793660076,2.452447914,3.044999914,203.9310639,224.3189702,271.4596993,4.93940733,2.449367299,2.89181494,0,-142.3474385,112.6448948,-1.443930673,-142.4381857,110.5066432,0.113832501,-142.3212153,112.6727134,1.138573666,-142.3793732,114.7705264,49.98768312,49.98767047,2465.778394,2462.589238,-40.53210187,-154.6385098,9.0036196,1
6299,24,64,64,1,1,0,1,1,1,1,1,1,1,0,1,205.1035608,219.9090171,274.0679091,51.11778456,20.54033123,49.98908491,201.7430149,224.4477617,272.8893259,50.84443806,23.43355536,48.6413094,-33.5314883,-0.06402359664,33.5957578,33.29891981,0.06846143179,-33.36716478,204.0205098,219.5466714,272.8157616,12.41683593,10.33498885,13.16221892,201.4988699,223.8987889,272.7705676,13.44029859,15.1388471,8.536808265,0,-141.6342047,113.9468856,-73.56015693,31.06666485,143.5792776,1.201448405,-140.6764846,113.0114286,62.55699884,-146.4950081,-15.90860282,49.9841434,49.98455507,3160.046844,3045.993185,118.2147625,-88.10400729,9.005162,1
6300,24,64,64,1,1,0,1,1,1,1,1,1,1,1,0,200.4358556,222.3520822,274.2157209,9.930400675,5.508960552,6.021745458,199.6734947,223.256774,275.0967435,8.077900173,8.078002915,4.054750456,6.5088112,-5.165681134,-1.343091085,-6.53691826,5.19787653,1.339079545,200.4334369,222.3493633,274.2159932,7.383742115,1.639066547,5.736081476,199.6591038,223.2412797,275.0960344,4.56105476,6.103827784,3.618276298,0,-140.6017832,112.7560268,-27.65009799,86.53425151,148.3843654,0.2230995673,-140.1971313,112.4701251,48.25464757,-129.1738289,44.54151374,49.98829174,49.98828902,2344.171516,2339.498629,-42.13154117,-156.2414231,9.0909773,1
6301,24,64,64,1,1,1,0,1,1,1,1,1,1,1,1,202.0145545,222.1961851,273.3811524,8.540599385,3.228560539,6.109658785,201.697757,222.0056428,274.7824136,4.489164343,4.924853446,6.89282112,3.784279656,1.216909309,-5.001163137,-3.735588383,-1.229163814,4.964783959,202.008252,222.1948935,273.3731977,7.622906937,2.850733213,3.433418892,201.6956603,222.0038603,274.7821267,2.385180155,4.683247303,4.72624725,0,-141.3085522,112.95931,-8.462883056,149.4131868,164.8531306,-0.0555643536,-140.9665267,112.8794374,27.08011227,-106.5356028,77.95578421,49.98827604,49.98827777,2347.805371,2341.364315,-39.82042155,-155.8556514,9.3255343,1
6302,24,64,64,1,1,1,0,1,1,0,1,1,1,1,1,205.0670811,217.5103204,277.2856541,17.51108665,4.550428135,16.03879488,204.2707424,217.1310303,278.3343602,15.62213554,5.948735039,16.05769559,11.83838166,0.9696633881,-12.80812711,-11.64258076,-0.9793333412,12.62187139,203.7416726,216.6741621,276.8179112,7.63201341,2.825273036,3.54081989,203.3578085,216.5072346,278.0994314,2.662969277,4.77363139,4.481252128,0,-140.4816429,114.6246091,-10.9846212,146.1182012,161.632085,-0.01182149567,-140.1162003,114.5380478,32.22390006,-105.8501307,79.16223184,49.98747365,49.98822633,2528.62506,2324.383193,-12.74864275,-142.1349194,8.8457162,1
6303,24,64,64,1,1,1,0,1,1,1,0,1,1,1,1,203.346736,217.7095811,275.7412602,29.6801372,58.59282133,61.44004548,197.6574593,219.1618836,281.1369181,24.67078366,59.43655038,61.51760647,-0.08305510409,39.9398348,-39.85665495,0.1693510139,-40.07702678,39.90779004,202.8284821,217.5306348,275.2966487,19.79378239,11.20608174,14.82660732,197.3030763,217.1273818,279.8037284,11.55962171,14.26154836,14.3819686,0,-140.5328929,114.0812453,-23.49532937,98.6348422,-172.3578466,-0.4676017062,-139.0899998,113.1863728,137.4813255,-97.88610081,31.53928897,49.98284349,49.98248716,3391.309871,3483.001456,91.23380907,90.70056493,8.8942349,1
6304,24,64,64,1,1,1,0,1,1,1,1,0,1,1,1,203.1384311,224.1261028,271.2693154,18.49799083,4.930213911,21.95360515,203.9711039,224.3716903,271.4961151,18.49741013,4.933533479,21.90014134,17.32481305,3.616080559,-20.94090949,-17.28801148,-3.622166447,20.91016387,203.0946729,224.0759869,271.2338207,4.797007836,2.452448535,3.050713251,203.9060679,224.3182975,271.4672845,4.935232889,2.449346243,2.886208398,0,-142.339004,112.6420055,-1.512685341,-142.4577787,110.5244366,0.1140431613,-142.3124581,112.6692462,1.20736135,-142.3426185,114.7536382,49.98768366,49.9876905,2464.254515,2460.185692,-40.74871398,-154.7809384,8.983623,1
6305,24,64,64,1,1,1,0,1,1,1,1,1,0,1,1,255.2439726,204.7802377,437.3266972,27.5822623,15.67728677,24.23794787,259.6452659,212.0881694,439.2948358,27.69486866,17.86477104,22.50873807,24.798689,-5.639171785,-19.1593579,-21.61568012,8.217827437,13.39797607,216.7214678,132.3905214,332.2419613,9.25595404,7.834332861,10.24561762,222.7677765,136.2975866,337.9581929,16.06412788,10.2273978,15.35138214,0,-120.5178991,134.852258,108.9874292,18.72967679,-104.126495,0.119546019,-120.1302656,134.9285951,-33.02067162,-150.4666263,99.96942781,49.97931952,49.97686368,4342.367293,4414.15714,1256.599146,-204.3083806,8.3396829,1
6306,24,64,64,1,1,1,0,1,1,1,1,1,1,0,1,200.435432,222.3478367,274.2238346,9.950158882,5.511307652,6.015796132,199.6683533,223.2379903,275.1043714,8.076143597,8.062319054,4.05491013,-6.515820574,5.161322191,1.354536155,6.543909187,-5.193461951,-1.350399165,200.433022,222.345179,274.2240824,7.400470035,1.633389444,5.725357591,199.653964,223.2225226,275.1035875,4.542068603,6.07952298,3.61127646,0,-140.5992799,112.7567936,-27.53226569,87.69381952,148.3389967,0.2200757124,-140.1957319,112.4718027,48.41131974,-128.9520828,44.69268308,49.98827831,49.98830192,2345.412301,2338.426892,-42.32349086,-156.0311643,8.7439219,1
6307,24,64,64,1,1,1,0,1,1,1,1,1,1,1,0,204.4614131,220.459997,273.7406559,45.41149924,18.05188002,44.35321444,201.7290628,224.4742799,273.2020419,45.1919062,20.99822504,43.13223788,30.1351805,-0.06248395245,-30.07186272,-29.92220925,0.05778966428,29.86523801,203.5919103,220.1537729,272.7251905,10.86093675,9.120318279,11.54379059,201.5391132,224.041912,273.105595,11.89929238,13.94680368,7.237348398,0,-141.6117311,113.7161876,-70.406987,32.87538417,145.6241116,1.027108943,-140.7132102,112.904267,59.41315872,-145.0992192,-8.220865598,49.98485355,49.98559962,2989.802265,2813.539021,88.6981972,-131.8958555,9.0658515,1
6308,24,64,64,1,1,1,1,0,1,1,1,1,1,1,1,198.9072075,223.0173424,274.7604694,8.105011795,7.89194415,3.969137001,201.1200769,222.5277396,274.5216183,9.702671371,5.402170696,5.956340955,6.631823958,-5.230890565,-1.40087301,-6.571588801,5.178110497,1.39352143,198.8964678,222.9967117,274.7591326,4.452025462,5.831915196,3.470377074,201.1177189,222.5226575,274.522127,7.00622609,1.211045486,5.63901676,0,-140.2111734,112.4240724,43.09886736,-132.4468524,45.49369371,-0.01784839134,-140.5178441,112.7521709,-25.94021069,81.44004448,146.9742536,49.98830503,49.98830374,2341.44173,2336.572026,-43.62726442,-157.9402691,9.0080047,1
6309,24,64,64,1,1,1,1,0,1,0,1,1,1,1,1,199.7159896,227.6746172,271.719613,50.34855916,51.29356555,19.66690037,198.6501981,222.3351856,276.6228789,48.21603861,50.59790166,22.94449558,34.04102332,-34.0599783,0.01944110653,-33.73355926,33.86027356,-0.1262283394,198.5871286,226.1152086,271.489508,14.62725852,12.60742101,9.152265223,198.569497,221.898807,276.3211338,6.79191568,11.20398948,14.82558602,0,-141.2918783,111.2883526,21.32700557,156.4961782,-91.9557675,-1.166720624,-140.6968057,111.8372368,-127.1933085,-46.31798948,97.26695634,49.98393868,49.98538378,3174.860386,2812.472113,78.59136787,-103.7289229,8.9688583,1
6310,24,64,64,1,1,1,1,0,1,1,0,1,1,1,1,200.0572677,221.1523254,275.4912974,8.812740963,13.34037745,11.58569308,200.6476918,219.7690628,277.3192928,3.658105264,12.63812585,13.4570632,-1.441129251,9.8174373,-8.376217753,1.441262384,-9.865602337,8.424417738,200.0420595,221.1356241,275.4627277,8.474377463,5.76088221,1.245951057,200.6196678,219.6659386,277.2191268,2.737087791,3.705294671,6.845080334,0,-140.1770709,112.9782381,15.64953192,-179.9718307,-120.9454765,-0.3987585184,-140.0284096,113.1835117,-58.56954005,-56.31591409,104.5389821,49.988118,49.98814987,2377.41907,2364.240535,-33.50806708,-150.517398,8.9071874,1
6311,24,64,64,1,1,1,1,0,1,1,1,0,1,1,1,200.790113,224.8222615,272.1614772,51.40239194,23.43488148,49.16620313,205.8743586,220.7300002,273.8431346,51.37693498,20.50534083,50.34018404,33.69894368,0.03923529247,-33.73797554,-33.76858224,-0.08058410609,33.8493347,200.5162434,224.3290535,272.0953333,13.29432192,15.09400709,8.490597055,204.5562747,220.3882088,272.7501457,12.05452723,10.26431447,13.10462618,0,-141.6564602,112.1197723,60.53292292,-148.6082343,-17.04640622,-0.9967572923,-142.5280037,113.1033303,-74.95145829,28.31356299,142.4390825,49.9845641,49.98410249,3047.301265,3162.248154,14.66150046,-6.980156069,8.9653984,1
6312,24,64,64,1,1,1,1,0,1,1,1,1,0,1,1,198.888832,223.1385381,274.6851055,8.278423648,8.127279244,3.969616599,201.1303643,222.6277826,274.439947,9.863056322,5.668298039,6.003333338,6.804504518,-5.488703722,-1.315750449,-6.741191226,5.433502025,1.307731644,198.877518,223.1158793,274.683855,4.489646371,5.910500466,3.509916038,201.1277935,222.6224028,274.4404636,7.055150333,1.27233332,5.712617088,0,-140.2372134,112.3902223,43.95034876,-132.5269968,44.34236751,-0.02183728124,-140.5501817,112.7253416,-26.41757225,79.31377358,147.1979927,49.98830859,49.98829055,2342.674489,2337.429377,-44.25915692,-158.5626973,8.9649984,1
6313,24,64,64,1,1,1,1,0,1,1,1,1,1,0,1,297.3589016,334.5814564,321.9782857,19.93152387,20.34837503,14.26070875,298.2047665,334.8003045,323.1134347,17.35375337,19.48158135,14.23129896,6.60786686,-5.013479437,-1.600124485,0.8402737456,1.785953769,-2.631368563,233.9374316,272.630303,222.281791,7.539778817,3.655351492,2.600771977,234.83407,273.037068,223.0542936,3.938101777,2.339254307,3.069712158,0,-162.5153975,106.9978562,8.711024673,-158.0560826,140.7364435,-0.03897908432,-162.4858625,106.9388903,-17.37761466,-169.6419874,78.77063092,49.96603019,49.98817182,4773.03759,4375.426799,-186.879127,-352.6042362,8.7974654,1
6314,24,64,64,1,1,1,1,0,1,1,1,1,1,1,0,195.7117317,224.3286691,275.8125637,35.6979065,31.03363653,6.213788321,196.5051036,224.5066985,276.1166373,35.58914569,30.9858107,6.188608246,33.31966929,-29.50722464,-3.812239679,-33.23666493,29.45109594,3.785790485,195.546243,224.1298704,275.7023319,4.753718413,2.398728714,3.019039397,196.2778437,224.3433855,276.0051149,4.617850526,2.512729006,3.012254367,0,-139.0496926,111.7210149,-1.843631629,-142.616115,111.9847794,0.1038337736,-139.0075431,111.7456116,1.618223504,-135.7538274,111.3326272,49.98687785,49.98688195,2626.34048,2621.145229,-9.420044119,-122.5896721,8.6177648,1
6315,24,64,64,1,1,1,1,1,0,1,1,1,1,1,1,198.9100351,223.0165391,274.7628814,8.098722137,7.88658724,3.969020392,201.1219319,222.5265182,274.5245904,9.695689999,5.3917025,5.958303555,-6.625941375,5.223576025,1.402387117,6.565979681,-5.171078987,-1.39487978,198.8993227,222.9959707,274.7615217,4.451819047,5.834155523,3.473183088,201.1195686,222.5214857,274.5250997,7.003438879,1.209289477,5.642904226,0,-140.2111924,112.4253948,43.05806674,-132.5107783,45.43983738,-0.01732180344,-140.5171125,112.753713,-25.92870597,81.12359143,146.996452,49.98830425,49.98830526,2341.997841,2336.005463,-43.32667448,-158.2261922,8.6048836,1
6316,24,64,64,1,1,1,1,1,0,0,1,1,1,1,1,199.9081496,221.617477,275.2359564,9.129281644,15.2218299,13.71314434,200.425766,220.0835546,277.2340392,3.214665176,14.59569748,15.46596215,1.058744528,-10.01124041,8.952542261,-1.064167173,10.06619785,-9.001992856,199.8945147,221.598239,275.2123722,8.965736568,6.02894943,1.719819546,200.4030806,219.9573347,277.1176226,2.712230303,4.046183308,7.223313817,0,-140.2425438,112.8313964,16.07137662,177.7599576,-118.9796691,-0.4571712707,-140.0831729,113.0444128,-69.15862847,-55.21241682,102.070098,49.98805288,49.9880593,2391.772561,2386.823738,-42.54206291,-145.4410651,8.6982244,1
6317,24,64,64,1,1,1,1,1,0,1,0,1,1,1,1,199.6429048,228.0632284,271.2200039,53.60250732,55.20974493,22.71367868,198.2285273,222.4518678,276.9642967,51.3839736,54.57946725,25.93563615,-36.05585561,36.53690874,-0.480802275,35.73404249,-36.33311929,0.5993239423,198.3639052,226.3034216,270.9411836,15.51358622,13.60782946,10.80774274,198.1325826,221.8924989,276.5559036,7.477373713,12.56938867,16.38896285,0,-141.3933107,111.1631978,20.55491928,151.3377008,-94.43321955,-1.259976206,-140.6281622,111.7284589,-132.1576769,-49.79701541,94.68823042,49.9834816,49.98434533,3279.088369,3047.699014,135.8768333,-98.93120292,8.5799796,1
6318,24,64,64,1,1,1,1,1,0,1,1,0,1,1,1,198.8879501,223.1561568,274.6792305,8.299414261,8.161915347,3.973807424,201.1265023,222.639787,274.4354729,9.870271125,5.703094878,6.008633156,-6.822122834,5.513901375,1.308246117,6.758628818,-5.458707434,-1.299897498,198.8766078,223.1332981,274.6779736,4.497283799,5.925315919,3.517857814,201.1239523,222.6343697,274.4359592,7.045833458,1.277402629,5.720166156,0,-140.2399085,112.3861053,43.85946778,-132.6651174,44.24015858,-0.02285568232,-140.5526206,112.7215292,-26.45725987,78.43690501,147.2586897,49.98829925,49.98829928,2343.205634,2337.005332,-44.3037235,-158.6304442,8.8833516,1
6319,24,64,64,1,1,1,1,1,0,1,1,1,0,1,1,200.7766147,224.7223523,272.6266075,43.79458287,20.01890803,41.84755766,205.0149812,221.3575344,273.4961289,43.76190916,17.02658124,42.87405306,-29.13793033,0.06132349308,29.07684372,29.20273292,-0.0269197554,-29.17561123,200.5811904,224.3704416,272.5776589,11.20527064,13.39576946,6.805957927,204.030989,221.089906,272.6690863,10.0500577,8.536908402,10.97612189,0,-141.5043283,112.1729787,56.67567141,-146.3661594,-6.06880137,-0.7572732259,-142.2971747,112.9937368,-69.58776669,31.09678256,145.4428958,49.98593625,49.98502902,2743.012461,2947.626295,-37.19628343,-43.3998982,8.4938042,1
6320,24,64,64,1,1,1,1,1,0,1,1,1,1,0,1,195.714577,224.3224185,275.8173547,35.60915925,30.93944657,6.208363876,196.5006721,224.4920419,276.1194459,35.49707916,30.89152937,6.185081056,-33.2384864,29.42204089,3.816680328,33.15619856,-29.3672279,-3.788750871,195.5500477,224.1245401,275.7073061,4.767458682,2.401586477,3.017052509,196.2772526,224.330764,276.0103449,4.604540547,2.51131263,3.014408918,0,-139.0491117,111.722538,-1.897239716,-142.9225132,112.0716,0.1022268087,-139.0071907,111.7472253,1.682474909,-135.4542287,111.2493591,49.98688384,49.98688791,2625.266058,2619.701853,-9.690357287,-122.6202243,8.8456116,1
6321,24,64,64,1,1,1,1,1,0,1,1,1,1,1,0,296.6597897,334.2614743,321.5052536,18.14241616,17.95539217,11.10631406,298.1315269,334.8611762,322.6813457,15.70269679,17.26121628,11.69266501,-10.42937996,9.921510763,0.5098181365,2.938479074,-6.668854865,3.732122353,232.2264059,271.4335201,221.8305212,5.327303376,2.853654169,2.763838682,234.9235566,273.2307862,222.5724271,8.180474997,6.644304846,4.410753677,0,-162.3103791,106.7207645,43.6202536,-71.36524126,170.6827684,0.03502382785,-162.3408883,106.7703975,-26.87214263,172.1909507,72.41379887,49.96978796,49.98465509,4511.806546,4610.970764,-81.83196931,-472.7806869,8.6597579,1
6469,16,16,64,1,1,1,1,1,1,1,1,1,1,1,1,237.5547509,180.905531,282.0631138,8.798146789,6.538287055,2.408354579,238.9465043,181.7183809,282.5661246,7.528237575,6.012971937,3.76612317,0.01058198516,-0.001651901975,-0.008939333852,-0.01006377638,0.0002996176421,0.009737363399,237.5428985,180.9063188,282.0736641,8.79727976,6.537766222,2.406747331,238.9346485,181.7192771,282.5767086,7.5273746,6.012631321,3.765222323,0,-143.0820447,99.87192101,0.5908165559,-151.0913195,99.97855557,0.09734123703,-142.8726373,99.9411914,-1.171795154,-134.7810671,99.73400187,49.98028867,49.98029254,3947.786055,3935.671677,-14.8864916,-269.0536952,8.7442455,1
6470,16,16,64,1,1,1,1,1,1,0,1,1,1,1,1,236.9619263,180.1150421,283.3095628,14.23683653,15.63575113,9.967992266,237.9064335,178.7216712,285.6751162,5.168829241,13.39383962,13.23241973,2.228874466,-11.04670915,8.817819891,-2.217893007,11.09490647,-8.877036577,236.9493792,180.1152843,283.3125817,13.89378527,10.56671101,3.021872807,237.8895013,178.6724975,285.6348585,4.13306713,6.745947708,9.148220102,0,-142.8941818,100.0201144,12.45930216,-176.2736823,-96.61863531,-0.4734620649,-142.4711748,100.3778198,-48.80289585,-84.12003225,94.65327067,49.98016017,49.98014931,3973.216813,3964.44565,-18.99636218,-268.2908593,8.4444608,1
6471,16,16,64,1,1,1,1,1,1,1,0,1,1,1,1,236.9626942,180.1085985,283.3109507,14.23815563,15.66463816,9.984671191,237.9068386,178.7164685,285.6881165,5.167180768,13.40680338,13.24906927,-2.226035934,11.05305113,-8.827126668,2.216000894,-11.10433458,8.888205152,236.9501601,180.1088539,283.3139189,13.89576781,10.59654272,3.021758717,237.8899228,178.6666224,285.6472324,4.133364217,6.750384008,9.153683656,0,-142.8942458,100.0235471,12.46471529,-176.2916185,-96.07831509,-0.4742899287,-142.4685099,100.3817081,-48.83604712,-83.86505356,94.83091843,49.98015183,49.9801555,3976.501599,3961.373375,-17.7830997,-269.3912368,8.9152328,1
6472,16,16,64,1,1,1,1,1,1,1,1,0,1,1,1,237.9689237,180.8260563,281.624056,9.483168879,10.60235763,10.0227682,241.2773895,181.4685372,280.6520049,13.02074107,4.061531953,10.24186133,6.260086154,2.14400844,-8.404111948,-6.33705525,-2.101594702,8.438652218,237.9558604,180.8244901,281.6330345,6.681543354,10.23994461,5.188392982,241.2448597,181.4652654,280.6406502,11.10031914,3.010122801,5.548884435,0,-143.1993261,100.1536667,29.6494591,-133.061905,42.31637669,0.1035196783,-143.6010895,100.4596805,-17.59437754,178.0496057,152.5432864,49.9801118,49.98010721,3983.066838,3972.676715,-11.97131037,-263.6662305,8.8632818,1
6473,16,16,64,1,1,1,1,1,1,1,1,1,0,1,1,237.9643569,180.8241707,281.6312342,9.466194009,10.60053886,10.00797622,241.275438,181.4682872,280.6534154,13.01491122,4.064957495,10.22552363,-6.234019338,-2.148904059,8.382925228,6.31195742,2.103790064,-8.41576681,237.9512794,180.8226071,281.6402214,6.676314472,10.23808799,5.190898755,241.2429538,181.4650209,280.6421992,11.10484088,3.01474897,5.547949711,0,-143.1971388,100.1533005,29.66437045,-133.0338286,42.33814395,0.1051362837,-143.5989975,100.4597469,-17.58024448,178.0195897,152.5736123,49.98011133,49.98010911,3982.782254,3972.711897,-11.97118746,-263.8163398,8.3885189,1
6474,16,16,64,1,1,1,1,1,1,1,1,1,1,0,1,237.5400172,181.357774,281.9950829,12.5496223,6.571146823,6.068218816,237.5539673,183.3553207,282.9431762,10.95671225,11.6478694,4.291650849,-7.371259982,5.820827023,1.550399477,7.433448945,-5.895588834,-1.537878846,237.5275711,181.3564838,282.0042561,10.06137451,2.698228554,5.696298626,237.5260001,183.3360181,282.9515046,7.930834756,9.944610745,3.751643136,0,-143.0603802,99.57500565,-22.31096248,-161.4858376,135.9657834,0.3313239617,-142.465121,99.30594318,28.34955186,-138.2045791,34.66056765,49.98017572,49.98016073,3970.852878,3961.408579,-35.29119813,-288.6035128,8.5497023,1
6475,16,16,64,1,1,1,1,1,1,1,1,1,1,1,0,237.5406785,181.3615011,281.9931319,12.56485322,6.594816121,6.066140807,237.553525,183.3557309,282.941261,10.97051384,11.6560326,4.290635504,7.390419229,-5.839832937,-1.550601326,-7.451704524,5.912046374,1.539639606,237.5282487,181.3601974,282.0022848,10.06320793,2.704221052,5.693309611,237.5255144,183.336228,282.9495495,7.927885743,9.939757882,3.749299028,0,-143.0607733,99.573653,-22.29785747,-161.5114225,135.9466369,0.3306642163,-142.4658593,99.30478815,28.34874758,-138.1853503,34.6981589,49.98017086,49.98016479,3971.614271,3960.829835,-35.12507183,-288.8093662,8.6171425,1
6476,16,16,64,0,1,1,1,1,1,1,1,1,1,1,1,236.3132698,177.3276901,286.0160774,5.719129462,14.79158143,14.02563126,238.3119937,180.5729823,284.3353148,13.81095941,16.38904076,11.32838374,-2.597613289,12.80068153,-10.20311021,2.528676513,-12.62736609,10.09865954,236.2918834,177.2681383,285.9369204,4.417297755,6.135582367,8.487012582,238.2997037,180.5721269,284.3290374,13.34510264,9.604892965,2.477152699,0,-142.1281559,100.8421869,-43.03362329,-91.56616669,92.43708384,0.7373123041,-142.1895559,100.6029567,13.0248505,-171.9754017,-108.6775507,49.98014836,49.98012548,3977.935545,3967.333188,-13.14403575,-271.3689257,8.6003504,1
6477,16,16,64,0,1,1,1,1,1,0,1,1,1,1,1,285.1788665,288.5548295,371.4844002,18.35893732,20.88699171,20.2150472,286.6884945,289.911979,371.9019932,16.42192381,17.70182724,19.54418738,-6.015652305,11.85497099,-5.840063317,-4.70508982,1.156872033,3.547532785,201.3938327,197.5101825,325.0952638,8.015565451,5.864164591,4.796245237,202.4798427,199.1707048,325.9413798,5.840573085,8.345118744,5.166447285,0,-131.2180444,84.93558453,2.220547967,-110.8749551,131.3729348,0.01843888524,-131.2124478,84.81811809,-3.637557789,-145.7346031,42.46371932,49.95351744,49.97344915,7380.688785,7238.269123,-981.4158591,-1264.180997,8.304313,1
6478,16,16,64,0,1,1,1,1,1,1,0,1,1,1,1,235.2490246,173.5653597,289.4634474,12.15932527,52.52784911,44.25749699,236.7754702,174.6410812,289.648516,11.97326834,52.23260781,44.20651411,-7.636262385,48.31291656,-40.67659509,7.490916078,-48.09023975,40.59937695,235.0114449,173.1531138,289.0303411,8.126648104,6.19213998,2.944842385,236.5383277,174.1003912,289.3091212,8.024213739,5.720895317,3.404630107,0,-141.5519555,102.0583251,0.2452987633,-144.7425027,96.29918164,0.1461499499,-141.3929238,102.11594,-0.6597165915,-138.5284079,106.9454889,49.97731257,49.97726402,4543.156722,4539.481169,117.7428264,-133.1638112,8.4169465,1
6479,16,16,64,0,1,1,1,1,1,1,1,0,1,1,1,231.1236284,177.1811746,292.4986141,37.25618444,77.65697421,82.11981371,242.3738508,175.3534491,285.0901932,44.23445593,74.60851719,81.68658297,1.863530778,51.98812259,-53.85152979,-2.367468527,-51.24198256,53.60958583,230.6000632,174.305467,289.6165003,16.387005,21.97372793,20.60724713,241.3486263,175.0961017,283.8544667,28.43658893,12.94867844,20.93363233,0,-140.3262239,100.7795443,122.8000305,-111.6997952,16.86566084,0.4554207636,-142.559885,102.0605234,-28.90119325,95.51931636,179.507794,49.9708166,49.97050993,5825.103055,5782.28754,383.5506589,-72.07625959,8.6913828,1
6480,16,16,64,0,1,1,1,1,1,1,1,1,0,1,1,237.4371808,173.6875378,290.2569216,19.83415772,12.43167679,21.12301123,241.0065761,174.4259957,288.8337931,22.41649635,5.00667963,21.22133952,-15.29287068,-0.5076034631,15.79884825,15.48534722,0.5531149694,-16.04002101,235.6095227,172.4308873,289.4154601,6.428063062,11.55638665,6.686894052,239.188638,172.7782372,288.0499541,11.74868395,2.537812157,6.591046801,0,-141.5899,102.6605541,36.7671279,-129.6791448,41.86175008,0.06111638288,-142.2337076,103.0001895,-19.38351293,140.7636131,165.068174,49.97826628,49.98116992,4406.048053,3704.093501,85.73977732,-207.9339476,9.0955523,1
6481,16,16,64,0,1,1,1,1,1,1,1,1,1,0,1,234.1410984,180.0034559,286.6079244,65.31057062,71.53738407,37.87811775,240.06033,188.9557004,279.26799,69.25340647,72.24137389,34.51014006,-45.38696288,48.26796274,-2.880957036,45.60161264,-48.3653337,2.763748567,234.0275914,179.13585,285.4848374,8.715704893,18.09523559,21.93608034,238.0623803,186.1192666,278.66875,23.40914768,18.80997231,16.06945535,0,-141.392518,99.40516892,-139.1999529,-68.43600491,83.15754737,1.672263147,-142.7014562,98.6252859,14.28919032,150.9515717,-102.8636629,49.97247692,49.97245774,5494.033525,5481.09975,104.2958974,-12.35863917,8.5366631,1
6482,16,16,64,0,1,1,1,1,1,1,1,1,1,1,0,236.0672353,177.4641681,286.2487653,5.579039978,15.28348311,14.6108249,238.0908538,180.7619402,284.5022727,13.93056366,16.83939176,11.95189298,-2.430800591,13.30157909,-10.87076352,2.345951766,-13.10631666,10.76040308,236.0408359,177.3877421,286.1414365,4.336508051,6.239981063,8.640102068,238.0756556,180.7545762,284.4817774,13.50244638,9.712196284,2.626683576,0,-142.0351199,100.7126026,-45.05784595,-90.39948009,92.11697397,0.7536528634,-142.1062853,100.4667439,13.11655779,-172.5709342,-108.2261712,49.98012641,49.98010994,3982.743229,3970.326662,-17.78532651,-277.5681885,8.562442,1
6483,16,16,64,1,0,1,1,1,1,1,1,1,1,1,1,236.3072014,177.3293328,286.0285905,5.716865759,14.78550016,14.02660306,238.3070999,180.5686356,284.3345303,13.81004024,16.40528495,11.32773873,2.596943458,-12.78276791,10.18556782,-2.526497591,12.60577484,-10.07953804,236.2857768,177.2689254,285.9489724,4.414090003,6.134778676,8.484551054,238.2947513,180.5678116,284.3283598,13.34418076,9.643218938,2.460979651,0,-142.1243277,100.8442353,-42.99724205,-91.20042702,92.70018106,0.7367952936,-142.1903162,100.6047819,13.00691572,-172.0065624,-107.8592455,49.98016365,49.98010866,3973.416427,3971.964639,-14.80163481,-269.6719367,8.7578487,1
6484,16,16,64,1,0,1,1,1,1,0,1,1,1,1,1,235.2454778,173.5641321,289.4667556,12.15834534,52.53454373,44.26382371,236.771841,174.6373383,289.6593521,11.97222611,52.23856643,44.21416009,7.636082923,-48.31837583,40.68227381,-7.490292346,48.09487875,-40.60458224,235.0080566,173.1514141,289.0339877,8.126666226,6.195589234,2.938914328,236.5350292,174.0950203,289.3178968,8.024021355,5.717812331,3.41151257,0,-141.5508807,102.0587785,0.2687992889,-144.7872043,96.20216498,0.1452803456,-141.3906727,102.1172286,-0.6840656362,-138.4734614,107.0105036,49.97728811,49.97728214,4543.139258,4538.922559,118.6100794,-134.1613455,9.1087834,1
6485,16,16,64,1,0,1,1,1,1,1,0,1,1,1,1,286.3062998,288.9256029,371.405021,21.23689586,22.91725588,23.62764123,287.5786266,290.1874383,371.6423767,19.08272283,21.09230923,23.38053832,6.752019162,-7.526297627,0.7778858259,3.972720756,-5.439815019,1.471694761,202.5817124,198.9826334,325.6436275,8.438026185,8.595436662,4.266930098,203.4135366,199.5466587,325.8015453,5.480540677,5.283154503,2.918540114,0,-131.4794464,84.68741542,-1.297940956,-139.6392927,78.3319925,0.03617219935,-131.3582419,84.69495562,1.366122089,-118.7513688,93.82339524,49.94794498,49.9785544,7600.234635,7064.130968,-1090.932355,-1137.780892,8.6836376,1
6486,16,16,64,1,0,1,1,1,1,1,1,0,1,1,1,238.3478071,173.0916241,290.4205289,16.65798022,11.92095679,17.15419898,241.4633712,173.923174,288.9462003,18.60227649,4.195641933,17.10333134,13.85435298,0.6554216712,-14.50425602,-14.06719623,-0.6818368971,14.75403953,236.1935156,171.4742204,289.516396,7.168800481,11.26295959,6.060472433,239.2620344,171.8488735,288.0239154,10.33755766,2.322595307,5.309912722,0,-141.7455744,103.1098428,26.12862746,-130.9091899,52.36551322,0.1137891009,-142.3275163,103.3741999,-18.06767792,146.380477,165.246508,49.98027691,49.97963588,4048.941035,3949.524554,2.581446715,-129.8199447,8.715619,1
6487,16,16,64,1,0,1,1,1,1,1,1,1,0,1,1,230.9634442,177.0720569,292.4959421,37.59628108,78.42477862,82.82577551,242.1979207,175.1559361,284.9294833,44.46250829,75.34700506,82.37372194,-1.85628538,-52.40365458,54.25993696,2.367028822,51.64904383,-54.01608705,230.4253562,174.1468627,289.5798091,16.34801058,22.25549013,20.62171823,241.1585968,174.8978916,283.6759031,28.31215936,13.19640133,20.88705489,0,-140.2892677,100.7963865,122.2156171,-111.7308013,17.43856042,0.4599712451,-142.5643538,102.0716863,-29.17020714,94.86157783,-179.935071,49.97035608,49.97029884,5923.701382,5937.518086,402.6144799,-19.82202642,9.0091277,1
6488,16,16,64,1,0,1,1,1,1,1,1,1,1,0,1,236.0678675,177.4863538,286.2423524,5.599376544,15.30508611,14.635708,238.0892493,180.771669,284.489886,13.91375361,16.91895716,11.99976219,2.452012974,-13.23647016,10.78393953,-2.365896363,13.03769387,-10.67231045,236.0407998,177.4068817,286.1315915,4.342395008,6.197723347,8.588722944,238.0736983,180.7641776,284.4686902,13.47870646,9.79311713,2.545024681,0,-142.0359231,100.7148647,-44.73699258,-89.70653776,92.77786015,0.7513540242,-142.1098318,100.4692211,13.08221385,-172.3827921,-106.5448784,49.98016724,49.98005781,3974.842233,3981.014881,-20.36571184,-274.9670671,9.065284,1
6489,16,16,64,1,0,1,1,1,1,1,1,1,1,1,0,234.1408716,180.017207,286.6152817,65.3808252,71.63778456,37.95316565,240.0704723,188.9737868,279.2670748,69.32677949,72.33674891,34.5870025,45.42828462,-48.36197462,2.933804088,-45.64152064,48.45665174,-2.815021029,234.0274784,179.1474125,285.4899475,8.741527425,18.11275367,21.97075686,238.0667142,186.1331261,278.6635948,23.43854255,18.81048732,16.10763081,0,-141.3908756,99.39936402,-139.2920198,-68.50169148,83.05908933,1.674021991,-142.7015939,98.61942714,14.28701721,150.8717775,-102.9821596,49.9724388,49.97248789,5505.101615,5471.376319,105.1970547,-13.27094402,8.710262,1
6490,16,16,64,1,1,0,1,1,1,1,1,1,1,1,1,239.226647,180.1147928,280.9502032,12.81342455,4.321638324,9.383996011,238.896407,181.6108703,282.4579646,9.006950207,10.5209854,9.183012377,-5.516909472,-2.126378996,7.643271567,5.416414765,2.167973423,-7.584401295,239.2020366,180.1110453,280.9374082,11.28255681,3.442062902,5.248800405,238.8844705,181.6068177,282.4655942,6.752562217,10.18996019,4.971127187,0,-143.6416037,100.6291711,-18.86835178,172.1299705,151.3976345,0.2175616219,-142.8956828,100.4000412,32.04942187,-130.0421735,45.4389442,49.9801537,49.98013634,3975.46714,3966.344055,5.573403445,-252.8428446,8.9640187,1
6491,16,16,64,1,1,0,1,1,1,0,1,1,1,1,1,239.0846562,174.8651104,284.8434345,45.72519739,77.20095125,84.01228956,230.5560296,179.5751213,292.7834137,38.33038244,79.58891628,84.19085905,-1.946862166,-52.93959472,54.88666209,1.661679227,53.27364367,-54.93512365,238.1472992,174.5633439,283.6882908,29.31307415,14.19055976,21.04227682,230.0690646,175.7341575,290.3214025,17.08908009,22.69143186,20.78155651,0,-143.2479679,102.028389,-29.62136441,96.98225519,-179.4244859,-0.1763167327,-140.5725188,100.8058379,122.9525633,-110.0468322,17.79409175,49.96978854,49.97021372,6024.020376,5918.030183,283.3788147,209.5399325,9.3750279,1
6492,16,16,64,1,1,0,1,1,1,1,0,1,1,1,1,242.3154948,171.7424978,295.7190196,25.04819585,7.05229014,23.5796779,242.0649155,172.2449112,297.2585621,23.5125079,12.30562128,23.28107589,-16.73041594,-1.408892197,18.13103912,16.32388749,1.355278548,-17.68739529,236.5055134,165.9001639,293.2165224,9.46292441,3.133280103,3.560401696,236.7081334,167.6037913,295.1957964,8.114999324,10.31239025,4.755214906,0,-141.4596871,105.2576397,-21.09758604,156.4902348,151.8379653,0.2603840004,-140.4894343,105.1312421,24.35809848,-125.831822,72.13105402,49.97660669,49.98187547,4631.55638,3665.478591,226.8986963,-217.7717175,9.1226305,1
6493,16,16,64,1,1,0,1,1,1,1,1,0,1,1,1,259.2259984,164.0569577,490.6796382,30.64190035,19.24514103,23.4771107,255.5705086,157.2923307,490.0842937,27.90366368,14.48586885,25.47232929,23.47934241,-9.323798494,-14.15609984,-24.8468231,3.820908289,21.02519822,227.1264611,102.4960063,364.2397301,18.91247351,11.80090503,16.29712174,222.9178114,99.37043017,359.1571391,10.78651591,6.591438176,10.07484219,0,-126.4569621,123.0488189,-35.06780843,-155.5939506,94.34407672,0.3352786371,-126.5898625,122.9141427,89.92969355,-6.067046046,-107.7220661,49.96984428,49.96987601,5992.731662,6067.086845,-295.3239761,870.146532,8.6984264,1
6494,16,16,64,1,1,0,1,1,1,1,1,1,0,1,1,240.3604625,180.271082,279.373362,20.91576865,9.258196051,25.05189585,241.8884198,181.4587106,279.5057228,20.98176689,9.235129084,24.94260296,-17.76153041,-6.072582768,23.83400922,17.71633702,6.07571875,-23.79215442,240.2980518,180.2033277,279.3218327,8.108237328,6.204462178,3.342683131,241.8057069,181.3688659,279.4618259,8.414351999,6.179150448,2.782511777,0,-144.0992635,101.0949375,-2.335960025,-144.2742736,97.22575158,0.1896459395,-143.9460177,101.1169367,1.871984351,-144.3291932,105.6024894,49.9794485,49.97941042,4116.368359,4111.66252,52.40254051,-197.6292872,9.1075666,1
6495,16,16,64,1,1,0,1,1,1,1,1,1,1,0,1,242.2863095,177.9855792,280.8852789,69.13926896,28.4150908,67.56477276,239.2793498,186.3731164,278.8065532,69.5353082,35.73460534,66.0487614,-45.08460638,-0.02610669458,45.11077203,44.71946869,0.06756702781,-44.78699457,240.8156608,177.3878191,278.5066888,16.94744649,12.75326307,17.40839358,238.7457794,185.1663678,278.5294836,21.64003102,24.70051726,12.76845145,0,-144.2824761,102.0359299,-80.65482369,17.23316123,134.8745511,1.738400422,-142.6972225,100.7415489,50.79129609,-153.488617,-29.87982417,49.97276942,49.97283878,5437.386929,5389.921028,315.9206487,-88.18931485,9.3238319,1
6496,16,16,64,1,1,0,1,1,1,1,1,1,1,1,0,237.8426813,181.5647676,281.5524473,12.92177332,7.123475336,6.215093036,237.786382,183.6353311,282.5033732,11.38424186,12.19874179,4.272799257,7.850724415,-6.527681897,-1.32307107,-7.928174589,6.611286959,1.316866959,237.8294521,181.5604869,281.5609005,10.16698344,2.505662072,5.919471784,237.7527248,183.6057808,282.511302,8.049703622,10.15461368,3.832695428,0,-143.1871066,99.58936162,-23.51247511,-162.6397683,136.3183568,0.3471938689,-142.573954,99.29986688,29.82161779,-138.5272432,31.37082499,49.98013247,49.98012632,3979.261919,3968.706799,-35.02057763,-287.3409858,9.4308579,1
6497,16,16,64,1,1,1,0,1,1,1,1,1,1,1,1,239.2298281,180.1109324,280.9529698,12.82759113,4.304320228,9.398004766,238.8947197,181.6114997,282.4600536,9.028850403,10.53362611,9.192089461,5.539557168,2.110508954,-7.65012996,-5.437860455,-2.155020164,7.592834072,239.2052396,180.1071865,280.9401141,11.28659641,3.430405573,5.261954751,238.8827905,181.6074799,282.4676677,6.762130142,10.20638675,4.975571949,0,-143.6415991,100.6320361,-18.94659633,171.9249428,151.4089008,0.2190743957,-142.8941066,100.4017675,32.1585903,-130.0600057,45.29885327,49.98014806,49.98014124,3976.425488,3965.498601,5.867669723,-253.1754724,9.6665038,1
6498,16,16,64,1,1,1,0,1,1,0,1,1,1,1,1,241.9848835,171.994857,294.7214701,24.67153551,6.740665467,22.84956178,242.1280363,172.4438231,296.3335274,23.02152405,12.58862174,22.85217595,16.85301567,0.9379546369,-17.78839021,-16.43574647,-0.9117331992,17.35007476,236.3427709,166.2559293,292.1934197,9.386506071,2.86013645,3.827703991,236.8094556,167.8753896,294.133032,7.587905057,10.76860397,6.022724868,0,-141.6305913,104.9849575,-15.58420047,148.680605,171.5775312,0.2552387091,-140.6970642,104.9142507,18.95852557,-127.1645124,69.1976591,49.97790767,49.98056271,4297.059959,3995.75235,169.9583831,-158.0631555,9.5179309,1
6499,16,16,64,1,1,1,0,1,1,1,0,1,1,1,1,239.0149915,174.8231139,284.7676908,45.70399681,77.20411887,84.03931504,230.5183165,179.5548967,292.7242196,38.33027953,79.60576043,84.22395188,2.003940542,52.89377847,-54.89770882,-1.717065772,-53.229519,54.94658225,238.0755115,174.5211205,283.6100626,29.24584844,14.23756126,21.04737528,230.0238516,175.7037286,290.2601331,17.03250531,22.76197088,20.81181705,0,-143.2477183,102.0284502,-29.6227686,96.70794809,-179.1869093,-0.1740735986,-140.5660051,100.8106947,122.8581672,-110.1410098,18.01527402,49.96996691,49.96985295,6018.889794,6011.186368,298.2578398,224.4947859,9.4845359,1
6500,16,16,64,1,1,1,0,1,1,1,1,0,1,1,1,240.3317777,180.2714867,279.3576643,20.85506741,9.25682891,25.01250885,241.9166144,181.4568822,279.5247082,20.99656339,9.237718152,24.9349501,17.74670175,6.071946008,-23.8186367,-17.70140872,-6.077397528,23.7788099,240.2701641,180.2032179,279.3061258,8.009956517,6.201956968,3.21966947,241.8336075,181.3674667,279.4810503,8.505163683,6.181597717,2.91701137,0,-144.0984643,101.0860395,-1.57434291,-144.286923,95.83288842,0.1833598768,-143.9455954,101.1183988,1.106305786,-144.3152723,106.7587562,49.97943665,49.97942803,4117.662718,4108.971484,57.19357006,-202.7676944,9.3083991,1
6501,16,16,64,1,1,1,0,1,1,1,1,1,0,1,1,259.4028594,164.1386378,490.403018,30.64516251,19.07280154,23.47411073,255.7122011,157.4844407,489.8277715,27.86439357,14.34088867,25.44351074,-23.4105885,9.23572753,14.17483157,24.77796301,-3.737617687,-21.04060574,227.2657301,102.4870886,364.0089563,18.97991963,11.69494758,16.30694911,223.0312357,99.40200768,358.9386061,10.82908609,6.488129771,10.0339504,0,-126.5919645,123.0753266,-35.08353809,-155.6110965,94.86742618,0.33306789,-126.7250919,122.9313435,90.15818718,-6.494199015,-106.9041869,49.96928974,49.97038928,6017.4303,6039.424191,-293.8383139,867.8692239,9.3913409,1
6502,16,16,64,1,1,1,0,1,1,1,1,1,1,0,1,237.9064901,181.5945181,281.4931586,13.10310578,7.266800299,6.265522511,237.7847688,183.6200945,282.4397292,11.38076714,12.21622629,4.26958798,-7.789631176,6.518122099,1.271359929,7.87199057,-6.60728179,-1.264864156,237.8927419,181.5887278,281.501128,10.3343166,2.599746319,5.981521849,237.7500498,183.5886653,282.4472499,7.962757292,10.09593208,3.843333462,0,-143.2078351,99.59949201,-23.57749526,-164.0138317,136.2729274,0.3416635135,-142.5928549,99.30449343,30.82066862,-138.0151388,30.44542564,49.98007354,49.98016102,3994.905461,3961.560955,-34.62280846,-285.2610853,9.4389151,1
6503,16,16,64,1,1,1,0,1,1,1,1,1,1,1,0,239.2302507,180.1144973,280.9507636,12.83137962,4.304411932,9.404346755,238.8941498,181.6152196,282.455141,9.035510147,10.53235544,9.194431519,5.544627081,2.110463983,-7.655127503,-5.442574175,-2.155227765,7.597772644,239.205546,180.1107251,280.9378415,11.28687167,3.429641788,5.264501903,238.8822228,181.6111621,282.462742,6.764910556,10.20479234,4.970796505,0,-143.6418577,100.6303956,-18.96581975,171.968834,151.3454783,0.2193852069,-142.8948054,100.3998648,32.18068509,-130.0722335,45.25012788,49.98014566,49.98014338,3977.025401,3964.96041,5.843410988,-253.18347,8.4901479,1
6504,16,16,64,1,1,1,1,0,1,1,1,1,1,1,1,236.3496608,181.8660614,282.778318,10.47043489,10.99991853,3.945023951,239.0778639,181.9242687,282.5995198,11.20787663,5.516823571,6.224323137,6.283327798,-4.880950215,-1.40240298,-6.159007074,4.75103574,1.407933669,236.3276086,181.853081,282.7871921,8.291464463,9.820553012,3.465747575,239.0656592,181.923239,282.6093974,9.289371085,2.671481946,5.932058153,0,-142.704722,99.19445594,23.41407651,-144.195018,29.77044587,-0.03800297113,-142.8879037,99.5317079,-21.20226598,-138.7782909,132.4208636,49.98023085,49.9802118,3960.734611,3950.603382,-41.84920022,-294.6898186,7.3097064,1
6505,16,16,64,1,1,1,1,0,1,0,1,1,1,1,1,238.0549729,187.8508807,278.425905,63.85619304,66.19085108,30.43011314,235.6850281,181.6889998,285.5245066,59.06906228,64.55038,33.8208031,41.86949101,-43.96669674,2.097460273,-41.12764237,43.31697319,-2.189088973,236.3634275,185.6316189,278.0158859,22.66197386,18.69082208,14.61198784,235.5772541,180.9906194,284.7486917,7.908950455,17.14724504,20.50853311,0,-143.7942562,97.65910988,13.14237175,153.2380998,-100.9506724,-1.292735059,-142.3223467,98.49053821,-137.510281,-67.69319295,84.61595186,49.97379645,49.97399554,5222.101304,5112.339014,184.8157893,-177.8335942,7.2048261,1
6506,16,16,64,1,1,1,1,0,1,1,0,1,1,1,1,236.8580133,180.1699596,283.392344,14.28724021,16.05302917,10.56143545,237.7857822,178.7698084,285.8064679,5.110268468,13.8424643,13.71593201,-2.155777309,11.32980299,-9.174194626,2.152965838,-11.39034644,9.237209269,236.8448208,180.1685847,283.3920242,13.95646003,10.65809128,3.062525316,237.7672948,178.7077477,285.7525011,4.094218116,6.797618209,9.197605117,0,-142.8595636,99.9649687,12.43709647,-176.4843548,-95.94032307,-0.4802133986,-142.4270668,100.324575,-49.6189731,-83.35356889,94.79011033,49.98011413,49.98015975,3984.288763,3961.261497,-19.0880604,-272.3416457,7.1889771,1
6507,16,16,64,1,1,1,1,0,1,1,1,0,1,1,1,238.6815263,185.0429421,277.7125795,67.34943659,34.4262889,63.7084745,244.8337364,179.2858051,279.9806476,66.34300513,26.70921973,64.99735965,42.91822629,0.09504654459,-43.01312394,-42.93666774,-0.231827815,43.16859866,238.1679009,184.182994,277.5597408,20.96710414,24.28744753,12.62674181,243.1502748,178.7899308,278.0756865,16.06669948,12.19987304,17.18631549,0,-144.0132804,99.1804211,48.48241773,-155.7988894,-30.7007535,-1.349214834,-145.183536,100.5140657,-80.76893496,12.86529232,133.6900069,49.9735447,49.97321771,5248.324911,5331.377214,110.9842651,-4.611239661,7.1711847,1
6508,16,16,64,1,1,1,1,0,1,1,1,1,0,1,1,236.6695847,182.4037113,282.1019829,11.34484242,12.27913892,4.027936301,239.578993,182.3089602,281.8866497,12.09746074,6.865235198,6.592273982,7.430272222,-6.571559495,-0.8588405741,-7.261315139,6.400413732,0.8607821236,236.638487,182.3760042,282.1103034,8.455798218,10.30914582,3.774314801,239.5653975,182.3044254,281.895037,9.571018417,2.220849212,6.440290916,0,-142.8716541,99.10636199,26.81801306,-144.4442373,22.56441358,-0.06860215788,-143.0989324,99.49088576,-23.92244938,-137.5351659,133.936998,49.98014711,49.98015385,3976.826031,3963.152703,-39.55081212,-300.4493151,7.099242,1
6509,16,16,64,1,1,1,1,0,1,1,1,1,1,0,1,349.9650681,283.1919951,291.0517517,27.18272908,29.25139457,17.993831,353.5180794,285.9813381,298.195359,22.00941039,26.90909926,20.85268057,21.25848336,-26.80027527,5.54180706,-8.564438508,17.94271016,-9.378154384,278.7476252,226.7891704,197.7130986,10.45065879,4.668407815,8.085245229,285.1957836,232.3782792,202.0427416,17.89560194,17.58035037,11.44030945,0,-160.5448793,99.8743698,66.45928765,-53.73758614,-128.775372,-0.04997009434,-159.9815049,100.0759466,-32.58229791,-175.2542332,67.86371375,49.96285814,49.95517084,8075.124616,8283.950774,1523.993154,-8.665494781,6.8522014,1
6510,16,16,64,1,1,1,1,0,1,1,1,1,1,1,0,234.3561341,182.8547221,284.5941586,35.14084415,29.91017181,6.287019776,235.7618221,183.9999761,284.9065748,34.88642137,29.76743416,6.287161694,32.1921633,-27.7500875,-4.442036722,-32.01061515,27.57587016,4.434806939,234.2424482,182.6754825,284.4956891,8.196918669,6.200279107,3.105183453,235.6252904,183.7846765,284.8106136,7.90770038,6.367132834,3.118452049,0,-141.9948033,98.09233551,-2.217691442,-145.1333491,98.28684454,0.1640006992,-141.8025505,98.11778888,1.886339262,-139.3205858,97.77575589,49.97888751,49.97886972,4226.917664,4220.458032,-57.07038142,-308.1255857,6.9832451,1
6511,16,16,64,1,1,1,1,1,0,1,1,1,1,1,1,236.348604,181.8690017,282.7797156,10.47179911,11.00294256,3.94831218,239.0751479,181.927895,282.6001962,11.20581656,5.51752732,6.223161736,-6.284905511,4.881165255,1.403698847,6.161182634,-4.753623131,-1.407578495,236.3265218,181.8559917,282.7885747,8.291048992,9.822803352,3.469449928,239.0629592,181.9268319,282.6100407,9.285249158,2.66987624,5.930766936,0,-142.7041508,99.19288974,23.37174878,-144.219148,29.80476404,-0.03733104986,-142.8865976,99.53000989,-21.17347522,-138.6821009,132.4585894,49.98022032,49.98022272,3961.651361,3949.702874,-41.76483221,-294.8660633,7.0895915,1
6512,16,16,64,1,1,1,1,1,0,0,1,1,1,1,1,236.8588568,180.1808949,283.3878301,14.28979482,15.85971953,10.31333254,237.7923955,178.7690609,285.7902903,5.116969145,13.66429492,13.53620622,2.151537957,-11.29752375,9.145955821,-2.146886818,11.353748,-9.206901156,236.8457759,180.1798524,283.3883731,13.96041809,10.60396741,3.106624487,237.7742725,178.7125757,285.7410925,4.107841656,6.812026006,9.231497075,0,-142.8610056,99.96071935,12.50820141,-176.5783484,-96.84104879,-0.4809786945,-142.4317071,100.3216886,-49.77865546,-83.82123673,94.43947637,49.98014985,49.98014367,3974.483996,3966.740943,-20.9205801,-270.8083947,4.805475,1
6513,16,16,64,1,1,1,1,1,0,1,0,1,1,1,1,238.0058617,187.8958721,278.2828169,64.56923544,67.15731223,31.32531948,235.5415891,181.7102827,285.6363255,59.75484466,65.5605034,34.70998165,-42.2870731,44.58726221,-2.300328308,41.54176198,-43.93834474,2.396476811,236.2755531,185.6195621,277.855877,22.87506234,18.90628653,15.08811104,235.4315414,180.9593401,284.8125808,8.083672412,17.55478419,20.97066188,0,-143.8123658,97.63724631,13.04869026,152.0909743,-101.3707218,-1.310979493,-142.2784682,98.47821152,-138.5043866,-68.16667898,84.18350771,49.97356427,49.97366371,5277.002991,5217.420475,211.1519146,-171.8454573,7.1067829,1
6514,16,16,64,1,1,1,1,1,0,1,1,0,1,1,1,236.6498319,182.3790304,282.116596,11.30642085,12.22795718,4.031168994,239.5610279,182.2973235,281.8930167,12.0709487,6.785032713,6.564177495,-7.397214547,6.509815459,0.8873467924,7.230524984,-6.343073687,-0.8874759282,236.6192632,182.3523608,282.1249925,8.447658869,10.30416932,3.770078769,239.5474851,182.2929888,281.9015134,9.573950724,2.220771342,6.407090528,0,-142.8654056,99.10793177,26.80955639,-144.2530682,23.08429449,-0.06708614433,-143.0954705,99.48987465,-23.88236857,-138.3954569,134.0109678,49.98016316,49.98014124,3972.992776,3965.956706,-41.78395261,-298.2512037,7.6386052,1
6515,16,16,64,1,1,1,1,1,0,1,1,1,0,1,1,237.9662944,180.8259628,281.6267463,9.551966661,10.6040176,10.08577954,241.2886513,181.4673377,280.6563621,13.08459446,4.06091626,10.31970092,-6.304420782,-2.14755583,8.451910349,6.382772622,2.102084046,-8.484910315,237.9531898,180.8243808,281.6357304,6.686971292,10.24207203,5.17861564,241.2553732,181.4640239,280.6445787,11.1185899,3.010759837,5.568973933,0,-143.1986751,100.1544974,29.903804,-133.0461999,42.04203537,0.1031380565,-143.6011897,100.4631026,-17.71798238,177.9848956,152.3609946,49.98012021,49.98009659,3981.066149,3975.562104,-11.93226175,-263.8392541,6.7301097,1
6516,16,16,64,1,1,1,1,1,0,1,1,1,1,0,1,234.3650014,182.8643859,284.588427,35.11447556,29.88175433,6.284988608,235.7587014,183.9944663,284.8993731,34.84661397,29.73337531,6.288263694,-32.16029038,27.72008597,4.440208267,31.97899721,-27.54706939,-4.431919346,234.2506661,182.6854706,284.4897624,8.225390924,6.213545001,3.102307778,235.623822,183.7805466,284.8045176,7.880095608,6.3565066,3.121256654,0,-141.9972466,98.09173312,-2.254045843,-145.3302721,98.39315691,0.1615912987,-141.8055349,98.11726527,1.936872735,-139.1231831,97.66949272,49.97888327,49.97887789,4229.518211,4218.51075,-57.12871806,-307.959896,6.9403867,1
6517,16,16,64,1,1,1,1,1,0,1,1,1,1,1,0,351.4506975,284.9297457,299.699026,21.32490496,21.85144218,13.76530107,353.9843669,286.8496715,303.2758871,19.28110289,21.19950926,15.71175919,-11.40037668,13.05044841,-1.671205959,-1.579535274,-4.087002264,5.645488094,278.1945954,227.3913377,202.8673166,8.201847367,4.137043663,2.755573239,281.4291094,230.0651755,205.1314629,11.77036667,11.50745526,6.49416772,0,-159.5672323,99.07340298,19.71134125,-161.199329,-134.0159369,0.1171230566,-159.0569449,99.2372742,-13.89721088,-159.0748974,79.25425677,49.96239427,49.95605741,8338.608399,8001.938254,1182.449443,316.3273035,6.5855619,1
6665,24,24,96,1,1,1,1,1,1,1,1,1,1,1,1,243.0936926,184.371175,269.5955133,6.208702447,4.573628711,1.8252306,244.0023711,184.9082844,269.8455256,5.439250879,4.327382272,2.670538758,0.0006195585349,-0.003145085024,0.002460593498,-0.0004043412633,0.002264930707,-0.001927481742,243.0829693,184.3731477,269.6041735,6.208123484,4.573183615,1.824246267,243.991637,184.9103251,269.8541988,5.43867023,4.327022331,2.669922776,0,-136.5349321,101.9213418,0.7378444306,-143.7016042,101.7533846,0.06233927141,-136.3991894,101.9616644,-1.164668455,-129.2304838,101.9774156,49.98580224,49.98580512,2843.539183,2834.818283,-24.83400762,-184.0304151,6.6558943,1
6666,24,24,96,1,1,1,1,1,1,0,1,1,1,1,1,242.7462582,183.6833801,270.5229381,10.38197993,11.90549653,7.590114033,243.6292709,182.3649015,272.1050427,4.413042646,10.07377877,10.09873154,1.684926955,-8.542606013,6.85761275,-1.6762847,8.570469602,-6.894245962,242.7349398,183.6848584,270.5271558,10.11140328,8.059467284,2.594142861,243.6157481,182.3439204,272.0881498,3.735252522,4.921705039,7.111798175,0,-136.3590405,102.0946326,17.79317514,-170.1831871,-79.41488534,-0.399432853,-136.0834016,102.4262512,-57.4699845,-71.25255184,101.6078556,49.98571074,49.98571178,2860.704063,2854.578247,-28.46393218,-184.6431477,6.4837405,1
6667,24,24,96,1,1,1,1,1,1,1,0,1,1,1,1,242.7466493,183.6877454,270.5188591,10.3858737,11.91585841,7.599920841,243.6298909,182.3664666,272.1035223,4.412873621,10.0793948,10.10937974,-1.680137924,8.547643562,-6.867571486,1.671957202,-8.577440106,6.905421926,242.735328,183.6891985,270.5230663,10.1161047,8.070972566,2.601145225,243.6163664,182.3455256,272.0865658,3.73692962,4.926721792,7.118870886,0,-136.360122,102.0931235,17.80963275,-170.2068699,-79.25844889,-0.4001661083,-136.0841533,102.4252736,-57.55103958,-71.129104,101.6631768,49.98571968,49.98570172,2860.659076,2854.653527,-28.27962593,-184.9423572,6.4350563,1
6668,24,24,96,1,1,1,1,1,1,1,1,0,1,1,1,243.5304165,184.3841966,269.1195468,6.566828072,7.718536568,8.280462615,245.9567158,185.0176869,267.956355,10.36912558,3.404927043,7.917353126,5.255475915,1.578311332,-6.833835547,-5.303081901,-1.553240215,6.856266427,243.5187569,184.3845406,269.1271633,3.690727042,7.436785236,4.55822075,245.9344086,185.017298,267.9519421,8.803850462,2.717921356,3.820405998,0,-136.6800471,102.0900114,32.50079214,-120.4454763,52.08116588,0.1637668743,-137.0386199,102.270936,-13.13721119,171.9772534,168.217324,49.98567752,49.98568379,2867.949715,2859.531019,-25.8000841,-184.5871479,6.3714392,1
6669,24,24,96,1,1,1,1,1,1,1,1,1,0,1,1,243.5307059,184.373969,269.1263464,6.593544273,7.718024598,8.295267243,245.9560238,185.0061249,267.9655943,10.37391893,3.401962576,7.935370096,-5.274131082,-1.580537227,6.854599434,5.322319804,1.553624649,-6.876001596,243.5190363,184.3743095,269.1339624,3.702286255,7.436480871,4.548332549,245.9336224,185.0055763,267.9610904,8.794171319,2.714748667,3.813735863,0,-136.678761,102.0937999,32.46553387,-120.4688666,52.11832253,0.1631721613,-137.0371047,102.2747476,-13.18088649,172.0018591,168.1035021,49.98568099,49.98568022,2866.7054,2860.811243,-26.43215927,-183.8425979,6.3622526,1
6670,24,24,96,1,1,1,1,1,1,1,1,1,1,0,1,242.9426854,184.7756303,269.6031989,10.13328245,5.094006695,4.876971712,242.5222171,186.2384421,270.4449153,8.301357728,9.161632512,3.859554724,-6.208473405,4.80961988,1.398790116,6.246907704,-4.855598082,-1.391367222,242.9315273,184.77606,269.6108594,7.928293025,1.417530182,4.51307697,242.5005593,186.2275985,270.4519223,5.349975013,7.717560901,3.390728801,0,-136.4956607,101.674508,-23.43848952,-170.1705568,145.718741,0.2030474219,-136.0109444,101.4261468,35.7537709,-130.6502255,33.40144704,49.98572378,49.98573013,2858.586973,2850.374402,-37.76901616,-195.8085908,6.3261861,1
6671,24,24,96,1,1,1,1,1,1,1,1,1,1,1,0,242.948106,184.7719413,269.6035457,10.12859154,5.084165755,4.879898287,242.5247013,186.2348261,270.4456305,8.291884115,9.160253825,3.861170848,6.195661169,-4.799126191,-1.396607934,-6.233557808,4.843201716,1.390288468,242.9369415,184.7723672,269.6112274,7.933045927,1.415258174,4.516937327,242.5030661,186.2240373,270.4526369,5.351320033,7.722099755,3.393513992,0,-136.4965573,101.6772614,-23.46874351,-170.359685,145.7393774,0.2033191095,-136.0111052,101.428568,35.81919313,-130.6348484,33.35302366,49.98572762,49.98572687,2858.127012,2850.75906,-37.71449135,-195.768308,6.4661366,1
6672,24,24,96,0,1,1,1,1,1,1,1,1,1,1,1,242.5927383,181.4274527,272.3975724,4.699198121,10.85593117,10.50931046,243.6191253,183.9654221,271.1216808,10.13388472,12.34921877,8.33458241,-1.909108323,9.605057737,-7.69599864,1.878956227,-9.518579246,7.639574409,242.5774067,181.4058109,272.3647729,3.859786419,4.449619878,6.691826635,243.6080557,183.9664375,271.1214636,9.782255874,7.4956202,2.175247228,0,-135.7564198,102.8230407,-52.89336649,-76.60919324,100.1274793,0.5676588281,-135.7993233,102.5571829,18.3493935,-166.5709112,-85.12321371,49.98570858,49.98569961,2862.96814,2855.30367,-24.67795611,-185.3801429,6.8202663,1
6673,24,24,96,0,1,1,1,1,1,0,1,1,1,1,1,286.8598226,300.2764946,355.1185363,13.20185885,17.69580829,17.94959616,289.5782622,301.8217707,355.9009354,14.49838644,16.80351823,18.08470624,-1.890943728,7.656430759,-5.768536624,-5.661141899,1.650129298,4.008001979,202.9842471,209.1630007,308.8669303,4.044219533,3.905311771,1.288348539,204.8595372,211.1071155,309.9920157,6.575948279,7.096450358,5.063625498,0,-124.585347,87.27941575,30.21992715,-91.54271713,166.0279271,0.05358512989,-124.5164009,87.36274408,-18.22667307,-142.2228293,72.81766855,49.97886313,49.96823667,4477.259479,6090.320798,-558.2425427,-990.9558391,7.0981958,1
6674,24,24,96,0,1,1,1,1,1,1,0,1,1,1,1,242.4810953,177.6792769,275.202139,9.151929773,43.8273743,37.39272886,243.4739764,178.3855397,275.2639614,9.056062603,43.68199108,37.37219716,-5.788180724,40.64440988,-34.85627997,5.71057124,-40.52967278,34.81904535,242.3013482,177.4094813,274.9142614,5.829248218,4.355925593,2.143165593,243.2910761,178.0346421,275.0366739,5.779326474,4.152976976,2.451001195,0,-135.2302588,104.1387421,0.1624874862,-138.2182718,99.59101258,0.09359570871,-135.1231548,104.1705016,-0.4435468827,-132.3788211,108.0404656,49.98360111,49.98357326,3285.293024,3279.159103,62.05232051,-98.03477922,7.3427013,1
6675,24,24,96,0,1,1,1,1,1,1,1,0,1,1,1,238.7023753,181.6958049,277.5028007,28.13410166,63.27609337,66.21285324,247.0432596,180.3751047,271.5069874,33.6660817,61.33018746,65.89200419,0.7983871461,42.73225525,-43.53075185,-1.068483537,-42.31558235,43.38397019,238.3608526,179.6625942,275.4859298,12.73401348,16.68129881,16.04789055,246.4445925,180.2039861,270.7572345,22.1944729,10.26242468,16.00024658,0,-134.2346589,102.7658553,132.5491369,-104.1819303,21.85033557,0.4719423234,-135.9355951,103.7158904,-24.93102024,101.2740724,-174.4869685,49.9788741,49.98025287,4181.366115,3782.568209,240.0792405,-117.7782415,9.2703323,1
6676,24,24,96,0,1,1,1,1,1,1,1,1,0,1,1,245.3949326,178.6089128,274.8179766,17.70099826,8.651674504,18.00108441,248.3573926,179.5892027,274.2033487,19.60012653,4.750405632,18.08277981,-13.22689648,-1.191311205,14.41720956,13.38229692,1.194448502,-14.5777607,243.7376106,177.1363705,274.2378554,4.18018479,7.587261716,4.301872043,246.1661784,177.6503039,273.2595384,8.582560176,2.457014174,3.785288311,0,-135.6558248,104.6440835,34.33561298,-119.5870883,54.20492204,0.09509443966,-136.0691982,104.8204648,-16.10112496,163.554782,165.8657578,49.98548062,49.98512225,2854.895155,3023.661957,8.780342013,-132.9430109,8.1056138,1
6677,24,24,96,0,1,1,1,1,1,1,1,1,1,0,1,240.3595075,183.9993384,273.1303591,55.74648715,60.04862931,29.91208506,244.0386595,190.728071,267.3589321,58.22371593,60.46727711,27.40001299,-38.80578756,40.52650782,-1.720240761,38.96497164,-40.61925961,1.654747005,240.273251,183.4410365,272.4239225,7.845428931,14.29025847,17.69477061,242.576728,188.6670047,266.9348819,17.67753172,14.52337824,13.34774213,0,-135.095342,101.6159588,-130.7563476,-61.96627967,88.18059889,1.326151159,-136.1765504,100.8649676,19.8291792,153.8802872,-96.17812285,49.98047243,49.98027778,3837.54613,3899.039366,38.88743476,5.388823889,7.1115794,1
6678,24,24,96,0,1,1,1,1,1,1,1,1,1,1,0,242.4923058,181.4552964,272.5068852,4.667069276,11.16355757,10.83893624,243.5258693,183.9989295,271.1990916,10.17051343,12.59866085,8.710093682,-1.856715834,9.862991084,-8.00628535,1.823090697,-9.77084048,7.947747535,242.4765965,181.4294611,272.4678316,3.845008593,4.503157811,6.752815622,243.5145513,183.9995147,271.1977636,9.830281071,7.500685431,2.2380685,0,-135.7141341,102.7913237,-53.64303658,-76.5210191,99.77285525,0.5721429695,-135.7634682,102.523916,18.3708024,-166.9340324,-85.98607538,49.98569803,49.9856959,2865.133051,2856.443732,-25.95570706,-185.8789372,7.0921136,1
6679,24,24,96,1,0,1,1,1,1,1,1,1,1,1,1,242.5941707,181.4365317,272.4005026,4.699826762,10.87466227,10.51951194,243.620427,183.9666045,271.1185245,10.12892766,12.38059828,8.351880156,1.913454707,-9.619545661,7.705884728,-1.882562488,9.530589509,-7.648202014,242.5788729,181.4143414,272.3670509,3.85928283,4.444018176,6.681665797,243.6093327,183.9676439,271.118272,9.776700482,7.518195705,2.162748523,0,-135.7565256,102.8235165,-52.80281472,-76.32130535,100.3615856,0.5668540683,-135.8012081,102.558164,18.33462223,-166.5277531,-84.4294073,49.98571698,49.98568916,2859.977757,2858.559808,-25.11726527,-184.882341,7.0018367,1
6680,24,24,96,1,0,1,1,1,1,0,1,1,1,1,1,242.4887437,177.6871117,275.2000051,9.153498389,43.82098667,37.3857227,243.482501,178.3885752,275.2541559,9.058000052,43.66877825,37.36309969,5.787272975,-40.63831367,34.8510571,-5.709330325,40.52265036,-34.81329238,242.3084423,177.4154649,274.9119227,5.829155684,4.389363819,2.162253747,243.3001472,178.0377226,275.0275058,5.779865253,4.119147365,2.435626604,0,-135.2322993,104.1372368,0.2231738502,-138.1062279,98.9867821,0.09374653694,-135.1271236,104.1693152,-0.5044804466,-132.4560004,108.6340421,49.98360582,49.9835908,3282.394166,3277.03325,61.27959718,-97.80053738,6.9138286,1
6681,24,24,96,1,0,1,1,1,1,1,0,1,1,1,1,285.9145634,300.4115863,354.6374446,9.890082943,15.72864025,15.20387939,289.2190765,301.8280151,355.6370178,12.81497844,15.05357873,15.81604863,1.249547183,-9.246436022,7.996254994,6.301034439,-0.08730074123,-6.213773763,202.1916101,208.6315727,308.0950158,3.667570533,2.896247734,2.484743034,204.3848418,211.0843515,309.726372,7.343643088,9.10430476,6.947141011,0,-124.5953246,87.17130468,40.88315171,-61.08206307,-145.1561008,0.08837316343,-124.4159341,87.32756139,-19.22782505,-141.2169801,70.74575407,49.98107945,49.96613962,4434.073479,6107.914251,-492.2317913,-1074.163041,6.8359449,1
6682,24,24,96,1,0,1,1,1,1,1,1,0,1,1,1,244.0433796,180.9753367,271.8077947,11.03754272,8.213660606,12.13052148,246.909269,181.6131376,270.6724525,14.16898847,3.351025099,12.04464187,9.1582534,0.9221419575,-10.0811835,-9.246868087,-0.924870445,10.17087271,243.7264219,180.708209,271.6998491,3.620435068,7.931237614,5.001978634,246.4389354,181.2496368,270.4468948,9.423845923,2.590735853,4.556691087,0,-136.1805862,103.4374285,43.66453113,-119.2422252,46.55187732,0.1470042837,-136.6229451,103.6673882,-15.49517999,158.3254661,170.373437,49.98571047,49.98554954,2860.939599,2882.575383,2.13811651,-174.5793694,7.0729122,1
6683,24,24,96,1,0,1,1,1,1,1,1,1,0,1,1,237.9931639,181.5742843,278.1535818,31.03925044,68.6564775,71.87707148,246.9042715,179.6867061,271.3504169,36.35871661,66.58979643,71.53243481,-0.9849918473,-46.04021575,47.02527466,1.281974585,45.58667746,-46.86858779,237.5672739,179.1906253,275.8374987,13.93925165,18.18632631,17.34997554,246.1954675,179.490681,270.4692831,23.21229141,11.55144956,17.28485806,0,-133.9755073,102.78213,131.7510771,-104.8499094,21.50927108,0.5044993331,-135.8764063,103.8239885,-26.5311821,96.9373429,-173.6028639,49.97818665,49.97826554,4350.323185,4322.190247,286.2079359,-12.4861339,7.406844,1
6684,24,24,96,1,0,1,1,1,1,1,1,1,1,0,1,242.485913,181.4718212,272.5150011,4.672117743,11.20723938,10.88978665,243.5220042,184.0024897,271.1939301,10.15786947,12.67614342,8.785560961,1.87309951,-9.807281022,7.933786293,-1.838050715,9.712134014,-7.874480811,242.4697762,181.4436543,272.4740809,3.837563143,4.493907768,6.723146287,243.5104862,184.0030007,271.1924041,9.8121496,7.563779337,2.201538115,0,-135.7117771,102.7929488,-53.32576034,-75.71830491,100.4388439,0.5708808067,-135.7653763,102.5263229,18.29096955,-166.8548055,-84.0455355,49.98574179,49.98564266,2856.050363,2868.245614,-28.49915526,-183.1272534,7.2694973,1
6685,24,24,96,1,0,1,1,1,1,1,1,1,1,1,0,240.3149219,184.0022145,273.0348114,57.18962356,61.35311478,30.05745828,244.3140483,191.1013018,267.2823272,59.77311546,61.8492568,27.56715248,39.58751267,-41.21568543,1.628487946,-39.74733535,41.31010725,-1.562449294,240.2294145,183.4332884,272.3156187,8.309000017,14.71482183,17.64547046,242.8019359,188.9598397,266.8536351,18.40509205,15.22041179,13.3061005,0,-135.1080742,101.6083943,-135.5820914,-59.58046646,87.92330513,1.365224642,-136.1958588,100.8631157,18.60662131,154.8545225,-96.53077059,49.98027632,49.9801682,3888.517173,3925.88309,66.68749617,-8.759651753,7.0835409,1
6686,24,24,96,1,1,0,1,1,1,1,1,1,1,1,1,244.6734231,184.1215603,268.1991662,10.23838407,3.504747511,7.338888806,244.1395489,184.9048092,269.5782902,6.227352165,7.781404213,7.720936456,-4.789878937,-1.491250516,6.281053939,4.728260974,1.51953787,-6.247863375,244.6559584,184.1210743,268.1933978,8.932715171,2.952213304,3.69856238,244.128716,184.9037154,269.5850675,3.792885787,7.5459781,4.454550634,0,-137.1446258,102.3209411,-14.7635989,167.3575455,167.4058021,0.04502293477,-136.5586074,102.1715768,36.16706635,-118.3206387,53.30024969,49.98570403,49.98568582,2863.791641,2858.093449,-17.47096952,-177.8555407,8.4266579,1
6687,24,24,96,1,1,0,1,1,1,0,1,1,1,1,1,244.8007173,179.8083465,271.4153529,34.7368962,65.5927414,69.78052356,238.2147545,183.2535473,278.2161421,29.05926996,67.26453628,70.04513848,-0.740077024,-44.99494194,45.73540576,0.5913589486,45.20894784,-45.79990377,244.2050075,179.6069644,270.724262,22.66853305,11.70720561,16.44717283,237.8402154,180.4883346,276.33864,13.18078009,18.00483539,16.71336752,0,-136.5862084,103.4886225,-25.91874058,99.4744455,-171.4933534,-0.330349715,-134.5025845,102.5699694,131.8208101,-103.6723448,24.26622612,49.97903315,49.97864749,4074.014674,4221.238794,148.8089145,88.03966952,8.4843963,1
6688,24,24,96,1,1,0,1,1,1,1,0,1,1,1,1,245.1213385,178.0303004,275.380462,20.39035847,4.798751035,19.68442497,244.9260143,178.6832304,277.2767197,18.83432459,9.60104971,19.92988753,-15.65676153,-0.272741411,15.93159216,15.43023293,0.2959066401,-15.72397643,243.3714765,176.3625165,274.5594184,8.160834432,2.494675006,3.784324231,243.0829199,177.386536,276.4034169,4.275567155,8.613975981,5.417274746,0,-135.5816071,104.6312703,-14.82333234,139.0219199,-175.4579708,0.04594836736,-134.8588348,104.5211438,28.65941403,-118.7387359,61.07186638,49.98493346,49.9855979,2824.962886,3040.298357,70.24475449,-194.6577583,8.484187,1
6689,24,24,96,1,1,0,1,1,1,1,1,0,1,1,1,274.1154343,170.5880704,469.0436423,27.65615509,16.95697052,22.1279919,270.5585004,164.4329166,468.0956493,25.94278282,13.73843623,23.5607584,21.75141934,-8.164438695,-13.58725517,-22.91986498,4.239133467,18.68061288,243.0611862,107.8169135,342.7773193,16.18953694,10.17971332,14.94024817,238.8764608,104.7792836,337.603069,9.964445925,6.457568614,10.50600948,0,-118.6063162,124.9552364,-37.83180303,-151.203868,93.61349551,0.2567681522,-118.6826216,124.8150621,97.03512289,3.79360774,-102.6358014,49.97832412,49.97687902,4472.737562,4504.81816,-364.4138258,785.9593792,8.2577722,1
6690,24,24,96,1,1,0,1,1,1,1,1,1,0,1,1,245.9589143,184.9363343,266.101211,18.74992515,6.942629261,22.61570735,246.9827579,185.7003386,266.1482144,18.81755326,6.939970685,22.57791993,-16.99805715,-4.660666103,21.65872917,16.97075708,4.667705797,-21.63848933,245.9094004,184.8743122,266.0620798,5.736139899,4.432636787,2.317005758,246.9160538,185.6256451,266.1158017,6.047279642,4.424393896,2.132117538,0,-137.7882221,102.438553,-1.359950173,-137.9194067,97.826366,0.1142959888,-137.6912055,102.4545155,1.030730145,-137.9334996,107.3539768,49.98507984,49.98505722,2989.905359,2983.446121,11.28985188,-152.2054638,8.402306,1
6691,24,24,96,1,1,0,1,1,1,1,1,1,1,0,1,247.489376,181.7545405,268.365747,59.94218345,23.93091833,58.52154949,244.1401135,188.4539124,266.9464325,59.98397431,29.06967883,57.53720965,-39.00032233,-0.2692825047,39.26971615,38.77075506,0.2994538488,-39.07009759,246.3153886,181.286799,266.5328493,14.4345414,11.2564556,14.29415356,243.7870135,187.6227867,266.7535328,16.82441871,19.69233845,11.08605377,0,-137.6416065,103.5578803,-79.15698698,22.19056339,140.2380338,1.300605515,-136.4383115,102.4067741,57.61599066,-148.8425799,-25.72090278,49.98006706,49.9804336,3972.518981,3864.442441,212.3219696,-66.82983732,8.2287612,1
6692,24,24,96,1,1,0,1,1,1,1,1,1,1,1,0,243.0515944,184.8921334,269.4163761,10.42689044,5.547913795,4.972050352,242.5715689,186.4034559,270.2773364,8.615130152,9.576655091,3.883428759,6.551601908,-5.323610548,-1.228046524,-6.594991799,5.372271797,1.222663721,243.0402779,184.8924934,269.423942,8.026934724,1.289590566,4.670290764,242.5479315,186.3896258,270.2844263,5.420300609,7.877538526,3.490767174,0,-136.5544201,101.6563336,-24.39181853,-173.9396138,146.2117699,0.2111038071,-136.0551625,101.3935134,37.33874283,-130.8434658,31.21036386,49.9857082,49.98571323,2861.438642,2854.061898,-38.45505778,-196.1666738,8.4429357,1
6693,24,24,96,1,1,1,0,1,1,1,1,1,1,1,1,244.6745283,184.1277001,268.1907557,10.22698236,3.515735862,7.33878956,244.1486878,184.9042867,269.5685055,6.22968498,7.773517939,7.729441406,4.792388741,1.500929868,-6.293364755,-4.730344351,-1.530968984,6.261255559,244.6570856,184.1271942,268.1849832,8.917327222,2.959131382,3.676905723,244.1378811,184.9031687,269.5752739,3.791207066,7.535435471,4.451556892,0,-137.1466743,102.3191192,-14.66798616,167.5331198,167.5055295,0.04367983355,-136.5625734,102.1716984,35.84236116,-118.292315,53.58623512,49.98569532,49.98569393,2864.633855,2857.328348,-16.7765768,-178.5117377,8.4057603,1
6694,24,24,96,1,1,1,0,1,1,0,1,1,1,1,1,244.2426921,179.7062934,273.0845473,20.11236854,4.880030179,19.2596088,243.3712706,180.579007,274.8969414,17.64588945,9.835183413,19.38001625,13.14053685,0.3389989418,-13.48239988,-12.97661416,-0.3574009077,13.33114855,243.4786472,179.046826,272.6875545,9.914015967,2.868156133,5.215256615,242.5084885,180.0826079,274.4300608,3.666355058,8.981914729,5.925321332,0,-135.9788839,103.8165186,-17.50836342,135.3199471,177.9905467,0.0807252322,-135.1952684,103.600526,53.46394058,-117.2800187,45.75540675,49.98690311,49.98367478,2615.340567,3274.295341,-22.71385779,-104.149429,8.2846456,1
6695,24,24,96,1,1,1,0,1,1,1,0,1,1,1,1,244.8659702,179.4178124,271.4160452,37.32736853,67.98891966,72.89104382,237.6574488,183.134569,278.3738298,31.72129943,69.69038468,73.11274789,1.097024786,46.51213792,-47.60908352,-0.9336590746,-46.73778994,47.67150691,244.1849708,179.1940367,270.6263571,23.91417339,12.27449398,17.50014247,237.2501299,180.1590281,276.373332,14.51443919,18.62733235,17.58722265,0,-136.5901135,103.6062804,-27.06221834,98.06326786,-173.2282227,-0.3303151956,-134.4171383,102.5849519,131.9661993,-103.8033192,21.68182234,49.97795028,49.97789222,4390.16411,4404.92741,180.630924,168.6747229,8.542381,1
6696,24,24,96,1,1,1,0,1,1,1,1,0,1,1,1,245.9651351,184.9310843,266.1146094,18.7578235,6.942273143,22.61118558,246.9696999,185.6961701,266.1495493,18.79771478,6.940795268,22.56713635,16.98907851,4.659704608,-21.64885174,-16.96092354,-4.668397339,21.6292643,245.9152253,184.8691475,266.0751286,5.779938505,4.431593423,2.345234965,246.9032632,185.6211228,266.1171282,6.004598717,4.425197814,2.098459257,0,-137.7860868,102.4428345,-1.58380572,-137.9320008,98.79882766,0.1163172232,-137.688909,102.4552179,1.264408855,-137.9165384,106.4137213,49.9850729,49.98506143,2987.631819,2984.929909,9.293203964,-150.316286,8.7195873,1
6697,24,24,96,1,1,1,0,1,1,1,1,1,0,1,1,274.2256831,170.8279875,469.1257449,27.73905841,16.92292782,22.13647245,270.5712947,164.420359,468.1848632,25.88141893,13.5851745,23.57525476,-21.97743159,8.262142726,13.71537646,23.14350737,-4.336045751,-18.80735592,243.1087556,107.9520846,342.9017316,16.4088302,10.34248072,15.00000662,238.8446629,104.8397778,337.7160456,10.00887504,6.620832093,10.53067732,0,-118.5705997,124.9188915,-37.28283115,-151.4166537,94.00562468,0.2361633764,-118.6473248,124.7700553,98.54963077,4.035751503,-102.0025481,49.97759585,49.97753536,4541.062372,4438.148883,-378.3692891,794.0769173,8.6623454,1
6698,24,24,96,1,1,1,0,1,1,1,1,1,1,0,1,243.0554856,184.8930791,269.4178655,10.43103993,5.552644991,4.982782518,242.5697611,186.4085564,270.2772285,8.610524197,9.581215199,3.87677539,-6.543346195,5.330005815,1.213246322,6.587157406,-5.38052936,-1.206722434,243.0441668,184.8934235,269.4254267,8.038979157,1.285411302,4.688560517,242.5461732,186.3946755,270.2843514,5.423005191,7.878950054,3.492549296,0,-136.5545897,101.6573155,-24.4589517,-173.8251549,146.1311111,0.2118133779,-136.0552386,101.3927373,37.49742383,-130.8780442,30.89339091,49.98570604,49.98571507,2861.522707,2854.131862,-38.93769858,-195.7280388,8.7405192,1
6699,24,24,96,1,1,1,0,1,1,1,1,1,1,1,0,246.7536443,182.5582887,268.0693861,50.04086479,19.09375239,48.8994403,244.2816872,188.1870795,267.6387302,50.14319041,24.45507785,48.05321446,32.93126678,0.2668984186,-33.19595183,-32.7274521,-0.2952019407,33.02467777,245.9136973,182.2054401,266.7240848,11.8629511,8.956973778,11.61996277,244.0555044,187.619655,267.4870881,14.19088311,17.50614207,8.73610268,0,-137.5622456,103.1271735,-73.89840754,24.10718174,143.3054056,1.033804929,-136.4606089,102.2074347,53.54882111,-146.6669958,-17.31433054,49.98128317,49.9827133,3678.702343,3344.623181,144.3462552,-160.3025204,9.0149076,1
6700,24,24,96,1,1,1,1,0,1,1,1,1,1,1,1,241.8054046,185.2895929,270.3573253,8.002367586,8.72752554,3.637579286,243.9843806,185.1548716,269.8908103,9.318465359,4.465243546,4.954668553,5.640239231,-4.298106867,-1.342203572,-5.564781984,4.218633357,1.34607891,241.7865555,185.2808153,270.3645879,5.571940327,7.56689582,3.189107103,243.9733752,185.1552594,269.8988725,7.39561933,1.304849444,4.634966641,0,-136.1459324,101.3651087,30.72002171,-135.7163228,29.58932096,-0.02148645578,-136.3620882,101.6476481,-22.8895406,-140.3951871,142.2583511,49.9857494,49.98575601,2853.593393,2845.198406,-41.65073348,-200.1772108,9.3790021,1
6701,24,24,96,1,1,1,1,0,1,0,1,1,1,1,1,242.9401124,189.8684453,267.2370829,51.99471702,53.13457407,21.97401339,241.6587528,184.9607608,272.0485672,49.08041707,52.0529363,24.54078202,34.7271798,-35.35981315,0.633024717,-34.29845037,34.97865406,-0.6798365164,241.7718818,188.3370277,266.9642675,16.68912722,14.15859161,10.84359543,241.579103,184.5930028,271.6231843,6.859149389,12.73347106,15.25087398,0,-137.0978861,100.1720276,18.46365842,160.7697306,-91.84481903,-1.026959662,-136.0708169,100.8992622,-128.2330093,-57.62396979,91.74644799,49.98120235,49.98232331,3732.781787,3420.23124,92.23167755,-138.9534571,9.2556971,1
6702,24,24,96,1,1,1,1,0,1,1,0,1,1,1,1,242.6079089,183.6248086,270.7273781,10.40603115,13.13338296,9.542004466,243.4355783,182.3730927,272.3321173,4.385349669,11.59890327,11.60745204,-1.728843332,9.397364763,-7.668589734,1.728262557,-9.439521559,7.711186406,242.5956492,183.6245531,270.7274396,10.09874421,7.952392119,2.478522756,243.4198205,182.3253399,272.2903768,3.593919417,4.943019282,6.996007361,0,-136.2889734,102.0800379,16.96694527,-170.3845852,-81.98231679,-0.393102009,-136.004908,102.3965663,-56.76885855,-72.44967327,100.7025342,49.98566674,49.98567348,2869.480576,2862.3139,-29.41932043,-184.0741004,9.1142016,1
6703,24,24,96,1,1,1,1,0,1,1,1,0,1,1,1,243.694743,187.5936425,266.35305,56.98465829,27.2420815,54.6531049,248.9502666,182.8316212,267.6527623,56.64163997,21.87768495,55.5128677,36.64000264,0.4558021053,-37.09567115,-36.6852991,-0.5255438488,37.21097067,243.3593622,187.0208867,266.2450851,15.86315655,18.90419932,10.60760836,247.689448,182.4530559,266.1941535,13.50886135,10.37372396,13.74020743,0,-137.3934779,101.2507399,55.84490675,-150.0658708,-25.3269084,-1.009046004,-138.3142762,102.3774185,-77.94514948,19.59433648,139.7431855,49.98112718,49.98057706,3727.285708,3861.088553,53.93180604,4.940257028,9.028743,1
6704,24,24,96,1,1,1,1,0,1,1,1,1,0,1,1,241.8985892,185.6414378,270.02267,8.68247258,9.674550164,3.731959842,244.2106373,185.4085912,269.5115132,10.02071603,5.590234211,5.181042273,6.430939232,-5.478965515,-0.9521229572,-6.336382969,5.381103365,0.9551321457,241.8753402,185.6260722,270.0300308,5.660339231,7.889990634,3.440939126,244.1990697,185.4085282,269.5191379,7.633425033,0.9983521287,4.975216468,0,-136.2367902,101.2727027,34.16162116,-135.8436655,24.98791711,-0.03690767591,-136.4836737,101.586865,-24.85934407,-141.7543004,143.5825497,49.98571237,49.98572543,2862.030644,2850.742829,-40.63265811,-204.84437,9.0693524,1
6705,24,24,96,1,1,1,1,0,1,1,1,1,1,0,1,355.6075734,285.5052612,285.6936651,21.78786229,23.73659233,18.53857956,356.4560791,286.1976575,286.4453427,19.02208895,22.38316731,18.54733174,5.314260879,-4.642280215,-0.6713581345,3.693109189,-1.444964589,-2.247963567,284.2508337,228.70067,190.9834446,10.14264707,7.387738343,1.49416221,284.6386083,228.9738804,191.709659,3.477113047,4.083112141,2.684391018,0,-156.3027473,100.2805469,0.9557425185,-169.1837549,157.2242088,-0.01175492155,-156.1046291,100.2557167,-3.499257379,-132.8759139,72.39388896,49.96239449,49.97879088,6485.554326,5320.111784,597.3850946,426.6101478,9.0064595,1
6706,24,24,96,1,1,1,1,0,1,1,1,1,1,1,0,239.3309594,186.2183274,272.5938011,31.68974265,27.2822316,5.3815673,240.2267906,186.9516913,272.7296408,31.53761729,27.19910835,5.386153107,29.49051732,-25.79163391,-3.698922116,-29.38262562,25.68686681,3.695716168,239.2301729,186.0772576,272.5066145,5.842184696,4.388849441,2.262207104,240.1150341,186.7920785,272.6448764,5.623382823,4.534453197,2.279684502,0,-135.2374238,100.4375965,-1.925797174,-138.070944,100.7820956,0.1022602884,-135.1139573,100.4487817,1.718337995,-132.7533088,99.99959428,49.98464662,49.98463418,3076.232235,3068.205434,-46.43876532,-203.5792746,8.9041337,1
6707,24,24,96,1,1,1,1,1,0,1,1,1,1,1,1,241.8022278,185.2812217,270.358189,7.982189883,8.702981093,3.636867149,243.9841409,185.1506977,269.8910088,9.318666649,4.448136568,4.952438057,-5.624262298,4.275134293,1.349059054,5.549449882,-4.197692251,-1.351822082,241.7834117,185.2725051,270.3654252,5.558447435,7.551757282,3.185061504,243.9731227,185.1510857,269.8990771,7.407242469,1.320604803,4.630342277,0,-136.1449433,101.3671577,30.7679707,-135.625175,29.65115752,-0.02103623158,-136.361707,101.6494127,-22.82703879,-140.8557467,142.2298722,49.98575563,49.98575011,2853.249197,2845.527796,-41.35165018,-200.4628806,8.9930105,1
6708,24,24,96,1,1,1,1,1,0,0,1,1,1,1,1,242.6147031,183.6258959,270.717863,10.40831095,12.96439937,9.279285438,243.4498669,182.3602241,272.320487,4.381048034,11.3896751,11.39955255,1.709733595,-9.293343119,7.583546111,-1.70795776,9.332560994,-7.62466109,242.6026275,183.6259236,270.7185886,10.11015906,7.974412635,2.501255169,243.4344377,182.3164151,272.2823614,3.614691178,4.942903405,7.019210164,0,-136.2925399,102.0815594,17.10617591,-170.365803,-81.65041669,-0.3949840745,-136.0097318,102.4006944,-57.0454734,-72.19516289,100.8136981,49.98568002,49.98567291,2867.500224,2861.647225,-29.61721372,-183.9562886,8.8231946,1
6709,24,24,96,1,1,1,1,1,0,1,0,1,1,1,1,242.8627716,190.2312803,266.8113826,55.11362208,56.83774387,24.77251552,241.2468894,185.1232329,272.3737549,52.11530195,55.86099396,27.31813892,-36.67169506,37.7383979,-1.067064413,36.22584532,-37.34823426,1.122080391,241.5572739,188.509818,266.4975345,17.50619542,14.93014316,12.33936427,241.1608431,184.645875,271.8335535,7.4832413,14.04934855,16.71157881,0,-137.1758156,100.0475202,17.90756131,156.1712096,-94.14993001,-1.096213861,-135.962893,100.8143433,-132.8056653,-59.63739994,89.6999728,49.980721,49.98132098,3836.481935,3665.168938,146.5321898,-129.198681,8.7537941,1
6710,24,24,96,1,1,1,1,1,0,1,1,0,1,1,1,241.8918296,185.6286151,270.020253,8.553776761,9.551577394,3.729892765,244.2079443,185.4078462,269.500653,9.929158645,5.385537778,5.153503344,-6.311215986,5.338029049,0.9731200507,6.21856403,-5.243881438,-0.974738455,241.8692097,185.6144058,270.0277626,5.645679202,7.887712439,3.442449651,244.1963829,185.4079096,269.5084194,7.645122376,1.004646385,4.949153076,0,-136.235388,101.2735956,34.21403668,-135.5832891,25.49352361,-0.03549949597,-136.4856167,101.5855279,-24.78521983,-143.7700001,143.7654959,49.9857251,49.98571878,2858.890105,2852.190515,-42.45997604,-202.979581,8.9061426,1
6711,24,24,96,1,1,1,1,1,0,1,1,1,0,1,1,243.2674829,184.9607027,269.0259278,10.22775137,8.484597791,11.31337119,245.7867993,185.2533358,267.7636674,12.6531403,2.945581389,11.16761787,-7.569356956,-1.241697686,8.811477509,7.608833161,1.23302491,-8.841438751,243.2535597,184.9539761,269.0288032,4.337774856,8.205098323,4.696783956,245.7405085,185.2489388,267.7290995,8.548872534,2.019435033,4.253311717,0,-136.6566612,101.8337739,35.79531171,-124.1038747,46.66477676,0.1160567645,-137.0722202,102.0611457,-17.40675511,158.3023799,166.9412609,49.9855762,49.98560511,2884.819959,2872.733554,-39.81649812,-175.7682118,8.8577459,1
6712,24,24,96,1,1,1,1,1,0,1,1,1,1,0,1,239.3290539,186.2229472,272.596301,31.71367293,27.30589798,5.384836553,240.2191783,186.9458795,272.7320018,31.55453008,27.21963339,5.390859501,-29.50993901,25.81221418,3.697691659,29.40205144,-25.70830012,-3.693774574,239.2270009,186.0808265,272.508698,5.860206651,4.397587009,2.260528658,240.1062726,186.7860705,272.6461966,5.605325886,4.527148391,2.28142573,0,-135.2365559,100.4355292,-1.947504178,-138.2572914,100.8393743,0.1007020138,-135.1133998,100.4468526,1.751473503,-132.5618241,99.93945243,49.98463691,49.98464672,3075.608985,3068.53821,-46.93243637,-203.0128279,8.7480626,1
6713,24,24,96,1,1,1,1,1,0,1,1,1,1,1,0,355.2398788,284.344588,282.7884041,28.65557491,35.1686313,27.82352474,356.3477778,284.8323353,281.9194159,27.32698011,34.39565598,27.67153269,-5.474866008,4.300101791,1.215123262,-3.272751245,1.676301727,1.636696491,287.2492148,228.6184735,190.2941202,8.326253762,6.337838412,1.578822498,288.4465046,229.1507432,189.9479941,5.616568738,4.640846679,1.981192217,0,-156.9449578,100.9104192,7.339176894,-153.4696604,131.5542462,0.01808337575,-157.039589,100.9758336,-11.31468464,-162.1801731,76.90991764,49.95022429,49.98963958,6561.710833,5395.592435,538.5673673,539.1283785,8.5506822,1
6861,24,24,16,1,1,1,1,1,1,1,1,1,1,1,1,230.7045321,251.5794062,207.7991688,5.433298356,5.966771401,7.377034232,231.545087,252.6296745,208.9868214,5.648508859,6.086834325,6.911415814,-0.003738014853,9.195359074e-05,0.003654598518,0.003519972772,-0.001094033627,-0.002415048662,230.6963918,251.5837037,207.8023536,5.432862327,5.966645473,7.376992121,231.5369168,252.6340271,208.9899923,5.648066489,6.086729273,6.911334174,0,-110.9255341,129.6759545,-4.479369694,-110.8871109,127.2693834,0.1362360909,-110.8246116,129.8324735,4.056565355,-111.2334188,131.8193513,49.97857668,49.97858442,4290.509818,4277.012288,131.7120066,-158.1766058,8.6948595,1
6862,24,24,16,1,1,1,1,1,1,0,1,1,1,1,1,230.4930244,251.3834623,208.4345943,9.566763468,11.56719842,7.9819227,231.3084734,250.9813246,211.4612836,4.342602818,11.42299038,13.02636425,2.030746027,-8.527858876,6.497108795,-2.002423757,8.583158746,-6.580738696,230.4836175,251.3865112,208.4353243,9.190065651,7.602877857,3.987071456,231.2975591,250.9624029,211.4378653,3.44673037,7.316931142,10.98654666,0,-110.5665714,129.8601395,16.28816974,-146.1949725,157.625092,-0.3485434248,-110.1883972,130.1803643,-49.75811256,-73.48622715,119.9820933,49.97840883,49.97840375,4323.723396,4313.179561,121.8590021,-166.3245515,8.9076803,1
6863,24,24,16,1,1,1,1,1,1,1,0,1,1,1,1,230.4945668,251.3847743,208.4330447,9.559418063,11.55606167,7.953056935,231.31167,250.9824751,211.4539612,4.348867891,11.39742853,12.99755414,-2.039936163,8.506302164,-6.466350959,2.011447032,-8.563478913,6.552044176,230.485143,251.3878214,208.4337862,9.180534896,7.60971518,3.987607305,231.3007502,250.9637059,211.4307659,3.449579139,7.302111628,10.97382987,0,-110.5679317,129.8593314,16.28085516,-146.0953074,157.3382969,-0.348064458,-110.1911152,130.1794527,-49.60426923,-73.46878021,120.0614172,49.9784067,49.97840715,4324.554899,4312.287949,121.8327546,-166.2073382,9.1068543,1
6864,24,24,16,1,1,1,1,1,1,1,1,0,1,1,1,231.5679506,251.1559316,207.4690148,7.748206162,10.53222212,13.44951073,234.1058638,252.0931517,206.9903999,12.87620031,4.733005596,12.38393683,7.212303829,2.027448587,-9.239754134,-7.293776706,-2.009389242,9.30316449,231.5561145,251.158812,207.4712833,1.053115454,10.17486792,9.504315923,234.0641882,252.0936502,206.963492,10.27565173,3.87876696,7.852119024,0,-111.1525789,129.7513479,35.84877734,-93.76098691,98.22288133,0.4174888959,-111.5234138,130.2155146,-3.44664805,-164.2270757,168.6339748,49.97842641,49.97843219,4320.127107,4307.755034,119.7271893,-169.0736692,8.9969929,1
6865,24,24,16,1,1,1,1,1,1,1,1,1,0,1,1,231.5702581,251.1528577,207.4729617,7.693102204,10.52697751,13.41220657,234.101566,252.0907797,206.9896685,12.82881245,4.743917918,12.33344117,-7.163775028,-2.036620873,9.200405225,7.244602642,2.016557791,-9.26115104,231.5584327,251.1557927,207.4752422,1.064150672,10.16647824,9.502139197,234.0603037,252.0912769,206.9632367,10.25972097,3.884208151,7.834365417,0,-111.1510504,129.7529733,35.21332871,-93.74300278,98.34388067,0.4182160722,-111.5214593,130.2164324,-3.434186718,-164.1248444,168.5710386,49.97843661,49.97842476,4318.325574,4308.970958,118.8881304,-168.2631447,9.4087912,1
6866,24,24,16,1,1,1,1,1,1,1,1,1,1,0,1,230.1064453,252.4597881,207.454122,13.05934013,8.534068188,12.26054516,229.1214429,255.529753,208.2766039,12.19606634,13.46760499,4.678408348,-9.711342465,7.462133377,2.249198447,9.764347453,-7.546478115,-2.217881337,230.0978397,252.4600784,207.4556335,8.36932285,2.817588193,11.89373356,229.080892,255.4987246,208.275128,6.870780256,10.72911964,3.620323383,0,-111.1338527,129.3493638,-38.76556835,-56.76516559,141.038705,0.3955085883,-110.8717956,128.9131719,49.47734436,-123.5120926,85.55600129,49.97841187,49.97840098,4324.047749,4312.837483,126.6082058,-159.8706915,8.914935,1
6867,24,24,16,1,1,1,1,1,1,1,1,1,1,1,0,230.1048286,252.4632733,207.4538182,13.07057798,8.556854625,12.25242743,229.1271746,255.5414128,208.2785241,12.23125457,13.49334755,4.68857904,9.738644195,-7.482131606,-2.256512868,-9.792154366,7.564767726,2.227379856,230.0962266,252.4635274,207.4552947,8.349019459,2.822177794,11.88325968,229.0864662,255.5102718,208.2770151,6.88675253,10.74402753,3.626667696,0,-111.1343646,129.3480813,-38.86999286,-56.40284014,141.0401261,0.3975614897,-110.8722936,128.9129231,49.3131514,-123.5719205,85.68701664,49.97840956,49.97840315,4324.11785,4312.81831,127.3770969,-160.5770801,8.8865707,1
6868,24,24,16,0,1,1,1,1,1,1,1,1,1,1,1,230.2625703,250.3738903,209.9587905,4.286217235,10.67854101,12.62063745,231.2887982,252.6137939,209.4660247,9.653854048,10.45043608,7.460280168,-1.86325374,7.647491017,-5.784234272,1.879920144,-7.530431935,5.650514853,230.2523776,250.3592618,209.9445899,3.553697497,7.332967559,11.03587785,231.2789787,252.6167437,209.4678464,9.351993319,7.12450166,4.453556345,0,-109.862302,130.4070103,-53.40672108,-76.83365965,116.7989057,0.5692492663,-110.0392086,130.4583707,17.77375395,-144.3898487,164.9592146,49.9784289,49.97842541,4321.169658,4307.944621,125.7603399,-165.9482741,8.8522053,1
6869,24,24,16,0,1,1,1,1,1,0,1,1,1,1,1,229.225069,403.5589943,268.1402426,17.38935415,25.33738172,26.88711081,232.6470016,405.2360079,270.4622681,18.41089779,21.89937451,25.51834814,-0.5699806983,15.4702997,-14.89965883,-5.660468049,-3.909917005,9.57102618,153.1283646,307.2880174,228.2265564,3.295542333,6.892330557,7.257606093,155.3524671,310.459852,231.2345401,6.693933258,11.88569175,11.83278232,0,-106.8274138,111.0361628,65.28460083,-54.4816324,156.4848696,0.09486509837,-106.900306,111.087144,-26.66312836,-134.3676192,84.87322489,49.94925206,49.97203301,8166.560674,7642.722935,868.6051441,145.2931044,8.5722117,1
6870,24,24,16,0,1,1,1,1,1,1,0,1,1,1,1,230.4988751,248.8406012,211.5980448,8.667905097,29.28493747,23.98927371,231.4479144,249.7025516,212.9448389,8.643701198,29.08752155,23.99791768,-5.821569618,27.24278164,-21.42120667,5.807650174,-27.1272987,21.31965862,230.4104556,248.7651089,211.5031307,5.528047036,6.159010813,7.08645619,231.3497312,249.6204847,212.8254168,5.510635245,5.773825221,7.459548046,0,-108.9426417,131.1947123,-0.02734929973,-112.0712086,128.4762844,0.09647429702,-108.8378891,131.3893665,-0.249634186,-105.8925835,133.4032298,49.97749343,49.97747509,4507.379037,4499.093776,154.3090103,-135.9839947,8.5819824,1
6871,24,24,16,0,1,1,1,1,1,1,1,0,1,1,1,226.6901327,251.3028474,214.8116695,32.38116938,70.10335636,72.74111901,235.5943074,248.7238354,209.9463463,38.55456571,66.70309252,72.17495929,1.405446556,46.45127191,-47.8567632,-1.518695746,-45.78867625,47.30733731,226.1770153,249.0005378,212.730049,14.77650673,21.36946767,19.04115517,234.5014166,248.5382379,209.2137536,25.18363337,11.22094478,21.15990837,0,-107.980709,130.8498194,157.0509755,-86.68951277,54.04082329,1.153243528,-109.4261462,132.7234227,-13.06628549,116.7176455,-167.765433,49.97056987,49.9705899,5873.461336,5804.095419,441.4511959,-17.85801203,8.6851226,1
6872,24,24,16,0,1,1,1,1,1,1,1,1,0,1,1,231.8435368,250.6279123,207.8826822,8.605229898,10.70204761,14.04769918,234.4682153,251.5373693,207.3332274,13.5845635,4.597309341,13.01965017,-8.153666557,-1.769486298,9.923173157,8.245223984,1.764700531,-10.00990794,231.8233676,250.6290857,207.8803154,0.952944438,10.40145742,9.655588713,234.4053238,251.5362775,207.2914324,10.47385072,3.844143972,7.987174008,0,-110.9454351,130.0019188,45.12975727,-93.27986197,97.4498214,0.4288763591,-111.3404957,130.4826756,-3.69701813,-167.7672786,170.1974792,49.97837919,49.97840735,4328.918415,4313.73416,114.9044978,-169.1855733,8.9031512,1
6873,24,24,16,0,1,1,1,1,1,1,1,1,1,0,1,225.081481,253.77731,211.4299151,73.04380286,78.85453556,42.3512246,229.0747317,261.3008267,203.5520773,75.34274561,78.63283897,34.69615506,-49.87689072,51.30461143,-1.427770098,50.1409364,-51.32623764,1.185246925,224.8654739,252.8780963,210.3769338,13.52537045,21.69357662,27.94897922,226.2212434,259.0340278,203.0058635,21.63979955,19.55638827,15.53762104,0,-109.5367242,129.2909726,-125.3108039,-46.64939571,107.1880387,1.970108521,-110.9482853,128.6240219,30.92300131,167.308473,-92.47537676,49.96914194,49.96941023,6118.294924,6090.916296,340.3350524,212.7663887,9.1161913,1
6874,24,24,16,0,1,1,1,1,1,1,1,1,1,1,0,225.5761812,254.5456096,211.3372157,4.661998376,15.56475651,16.92141087,226.574721,257.2707005,210.7495633,10.6305108,15.73069288,12.78554887,-0.9892881876,12.1797361,-11.18977587,0.9403998781,-11.80748423,10.86774866,225.0143066,254.2324689,210.4526837,3.404684153,7.518429986,11.31488841,226.1524749,256.9037132,209.8612164,10.13169269,8.348323303,3.988375267,0,-109.6033577,129.0025931,-70.02529685,-67.54941904,117.5120537,0.6734622095,-109.8114666,129.0168954,18.45923655,-147.0693517,162.1547368,49.97841125,49.97772693,4244.862976,4519.037727,145.3067953,-154.0779071,8.776562,1
6875,24,24,16,1,0,1,1,1,1,1,1,1,1,1,1,230.2673415,250.3703576,209.9532512,4.29047291,10.63543954,12.58973959,231.2926423,252.6118813,209.4636664,9.652937032,10.42881676,7.418409285,1.865114692,-7.602133449,5.737029431,-1.881889123,7.483671058,-5.601760004,230.2571634,250.3559184,209.9393322,3.555737791,7.318989812,11.02695425,231.2828553,252.6148442,209.4655104,9.349858199,7.141535282,4.446235147,0,-109.8644352,130.4069989,-53.37810018,-76.73522694,116.8902438,0.5691116771,-110.0407062,130.4581021,17.78157904,-144.3280549,164.7251537,49.97843585,49.97841946,4319.465889,4309.37803,125.6310991,-165.8408191,8.9790201,1
6876,24,24,16,1,0,1,1,1,1,0,1,1,1,1,1,230.4951959,248.8432224,211.6077864,8.668443754,29.36944772,24.06721414,231.4453309,249.6988647,212.9519081,8.643605904,29.15407943,24.06803839,5.821422308,-27.30883836,21.48736423,-5.80777406,27.19156045,-21.38383829,230.4067082,248.7676597,211.5125585,5.528479858,6.203601408,7.100522546,231.3462921,249.6165388,212.8321947,5.510029762,5.730709485,7.450146669,0,-108.9384621,131.1966346,-0.02870904614,-112.1595745,128.1280952,0.09554272825,-108.8343733,131.3918166,-0.2490156681,-105.7417171,133.7456252,49.9774785,49.97748282,4510.227016,4497.841079,154.4326524,-135.9941598,8.5547538,1
6877,24,24,16,1,0,1,1,1,1,1,0,1,1,1,1,229.7952295,403.9795762,268.3905598,17.38268047,22.85244929,25.42100377,235.4949889,406.2939787,271.810555,20.2596874,19.14784033,25.17788364,-1.904570831,-15.29956863,17.20453683,8.189898928,3.621913075,-11.81090545,153.4440783,305.8688452,227.9660573,4.636081252,6.691252987,4.093997944,156.9178817,309.8982175,232.1663946,9.720792831,11.79691605,13.48870852,0,-106.4673554,111.5393945,105.5291609,-54.77892847,161.9850736,0.1965587747,-106.4495122,111.8650256,-27.36622786,-133.0578669,97.8968876,49.95121555,49.97007668,8128.992422,7653.636646,1017.924439,-4.869960963,8.4968675,1
6878,24,24,16,1,0,1,1,1,1,1,1,0,1,1,1,231.835719,250.6421643,207.8710065,8.580304412,10.7002559,14.04085383,234.4594607,251.5521297,207.3197584,13.57806309,4.594835276,13.00777227,8.144092264,1.768734399,-9.912827049,-8.23585932,-1.765937434,10.00180295,231.8154427,250.6433786,207.868599,0.934049835,10.40113116,9.668176049,234.3967769,251.5511406,207.2781394,10.4846553,3.845280196,7.99534625,0,-110.9511897,129.9951194,45.02976624,-93.28179656,97.36504558,0.429207799,-111.3462512,130.4758546,-3.613628859,-167.7625095,170.3081886,49.97838941,49.97839844,4327.976731,4314.134444,116.1529616,-170.2842791,8.6806382,1
6879,24,24,16,1,0,1,1,1,1,1,1,1,0,1,1,226.5882893,251.2506688,214.8750456,32.66272365,70.86199279,73.47565362,235.5028137,248.5799814,209.8681342,38.79133629,67.44069812,72.8702346,-1.392198851,-46.90427873,48.29646627,1.507664818,46.23388741,-47.74156987,226.0630519,248.899846,212.7594016,14.79599112,21.59239617,19.16174553,234.3947092,248.3917991,209.1248937,25.18615653,11.41924293,21.18937819,0,-107.935119,130.8705422,156.7971788,-86.72107645,54.33384601,1.163298467,-109.4012136,132.7514921,-13.22143458,116.1719444,-167.3424573,49.970356,49.97029827,5927.360388,5924.397178,451.1685219,13.33236534,10.6224833,1
6880,24,24,16,1,0,1,1,1,1,1,1,1,1,0,1,225.2709032,255.3967713,211.1836301,4.058081272,17.73621923,19.16543087,226.5730298,258.192651,210.7315463,11.4750097,18.00568746,16.1119783,0.09270528246,-13.37547235,13.27389495,-0.08001535489,12.9481706,-12.87771433,224.8190281,255.0094182,210.368033,3.392196057,7.285846316,10.78668327,226.2403144,257.8299873,209.9379181,11.23228969,8.662660048,4.935176407,0,-109.6658564,128.8865834,-88.94407939,-65.70119915,113.2487403,0.7381046878,-109.8442901,128.9876618,17.64092091,-145.7126743,164.0165523,49.97894181,49.97701903,4261.271615,4584.103263,204.6413121,-207.3296294,9.0284453,1
6881,24,24,16,1,0,1,1,1,1,1,1,1,1,1,0,225.149617,253.7865494,211.4894493,72.81550006,78.49900377,42.04089633,229.1086628,261.2583733,203.5637927,75.10612801,78.28463844,34.3097736,49.75834834,-51.09658903,1.338531989,-50.01999748,51.11716478,-1.096882039,224.934446,252.884497,210.4364036,13.43013317,21.71525563,27.92278596,226.2760933,258.9935202,203.0271843,21.53464129,19.60914891,15.45452154,0,-109.5287515,129.303189,-125.0944667,-46.47966655,107.5446976,1.959975216,-110.9497401,128.6325731,30.93840896,167.4274912,-91.91921651,49.96938176,49.9693248,6031.054596,6108.073141,320.1707643,215.6956397,8.9600154,1
6882,24,24,16,1,1,0,1,1,1,1,1,1,1,1,1,233.2928715,250.9921566,205.8422184,12.61883608,4.694432713,12.18724072,232.4896947,252.1170474,208.6787726,7.614904443,10.51494962,12.72672878,-7.128781071,-1.984243262,9.113053484,6.980878575,1.97311437,-8.953964485,233.2506079,250.992656,205.8218615,10.10667504,3.847929995,7.807773205,232.4764955,252.1205949,208.6813934,1.780499419,10.17168767,8.794791475,0,-111.9039514,129.704125,-8.027683822,-164.8186781,162.9333729,-0.1483494286,-111.3381704,129.5638208,49.9322921,-94.33018854,100.1420868,49.97846092,49.97843536,4314.515649,4306.115925,116.827174,-172.1739199,8.8646824,1
6883,24,24,16,1,1,0,1,1,1,0,1,1,1,1,1,231.5836141,250.9945434,208.0778501,10.5550493,13.57381985,11.37651207,231.984493,250.5319673,211.0975381,3.798242365,13.87354993,14.81598769,1.366369908,-10.26590901,8.899334976,-1.371872525,10.3317821,-8.960111751,231.5618456,250.9909228,208.0737719,10.17184865,7.325744366,4.969000926,231.9671111,250.4800349,211.0419243,2.591407635,7.764243965,10.62161565,0,-110.7938599,129.9957796,12.78453389,-149.510884,164.4892363,-0.4078486418,-110.3939519,130.2183042,-63.04110137,-74.77095852,114.449071,49.97847382,49.97815977,4317.438095,4343.468231,92.91856163,-139.8844154,8.9799797,1
6884,24,24,16,1,1,0,1,1,1,1,0,1,1,1,1,233.8394629,250.1719751,206.3062225,13.74779239,4.476248981,13.19986917,232.9211926,251.3374778,209.2605645,8.977124508,10.77217458,13.71323002,-8.63800567,-1.618008232,10.25601337,8.459770983,1.585838959,-10.04561296,233.7643472,250.1697511,206.2642619,10.38960376,3.783622545,7.978953368,232.8947964,251.3379367,209.2558959,1.686805268,10.51182501,9.033483062,0,-111.6667595,130.0689479,-8.194779066,-170.2019516,165.5620621,-0.1645166116,-111.0657118,129.9055243,58.00796723,-93.76461284,98.7617115,49.97840737,49.97837952,4325.279508,4317.287536,116.3627553,-179.2399523,8.7616674,1
6885,24,24,16,1,1,0,1,1,1,1,1,0,1,1,1,319.8627403,280.6029842,324.0941041,23.30967746,16.80676175,23.36746105,321.5044463,283.6965531,326.0008664,23.2059044,17.43075711,20.64224183,-7.661294428,-2.006202462,9.667375455,2.313987521,-5.73608683,3.42204696,272.1385377,193.2525523,244.8773311,4.466445644,4.544430449,9.005810946,273.8541213,195.3672543,246.8404301,8.581771835,6.601796137,8.019136172,0,-93.88237785,152.089437,-2.147360827,-52.5438277,159.8291712,0.2148490162,-93.92513796,152.0979372,0.9743661481,-121.1568169,142.8805589,49.94709999,49.97173158,8574.930573,7668.826868,63.12401798,-329.3629814,8.6724816,1
6886,24,24,16,1,1,0,1,1,1,1,1,1,0,1,1,235.495307,250.7614294,203.5852,31.84311867,9.439091226,38.45672314,236.3742178,251.7913282,204.7715746,31.75054948,9.380974198,38.17766793,-29.21888269,-6.214997327,35.43388121,29.08083629,6.164435147,-35.24527481,235.2760584,250.6358186,203.419759,5.501188786,6.017380845,7.217377055,236.1615328,251.6636313,204.5634703,5.792571461,5.990528149,6.774758283,0,-113.0888281,129.4560455,-3.941640419,-112.9349324,126.5403956,0.1351087707,-112.9941146,129.6187002,3.493395286,-113.521523,132.1399536,49.97691506,49.97689146,4622.883648,4615.440032,163.8883624,-123.9862007,8.9018997,1
6887,24,24,16,1,1,0,1,1,1,1,1,1,1,0,1,239.6324362,245.9600526,206.7279945,77.58774008,35.41312943,74.04825111,232.7644939,255.9015372,203.9684621,76.546595,41.43821877,69.97614144,-51.05575494,2.08756035,48.96819325,50.52857945,-2.364219657,-48.16435505,236.9660386,245.4645604,204.3024481,20.50896362,15.77346469,23.40120578,231.7434522,254.8693728,203.833194,20.5318867,26.21019214,11.27054117,0,-112.1857317,131.2908832,-74.07115849,30.62857885,150.4618436,1.513534907,-111.3902626,129.4649407,74.14802413,-133.3915765,-4.316930816,49.9696429,49.96965778,6059.311236,6058.371391,469.3745023,25.97194404,8.8052956,1
6888,24,24,16,1,1,0,1,1,1,1,1,1,1,1,0,231.1425004,252.8113181,206.042508,14.52508819,10.38887938,12.57945585,230.0165597,256.0632158,206.7963667,13.71187285,15.02088056,4.283397712,11.23709305,-9.534860223,-1.702227956,-11.35644106,9.640801759,1.715648173,231.1080866,252.7537103,206.019851,8.763354194,2.771097383,12.3174204,229.9183112,255.937776,206.7618154,7.174998453,11.09168385,3.421440874,0,-111.8806843,129.061271,-40.5778999,-50.28943474,141.1836856,0.4190305945,-111.6046863,128.5668453,52.38394905,-124.6192089,77.32607556,49.97836872,49.97837329,4331.340103,4319.80072,120.0012904,-158.1383856,8.1352501,1
6889,24,24,16,1,1,1,0,1,1,1,1,1,1,1,1,233.2991811,250.9827745,205.8440965,12.60480293,4.687582097,12.17477162,232.498273,252.1098593,208.6834451,7.609149462,10.51829707,12.72179316,7.129154114,1.979337725,-9.108456238,-6.981390991,-1.970784155,8.952202828,233.2569509,250.9832308,205.8238438,10.09555363,3.84379789,7.799068771,232.4850482,252.1133698,208.6860598,1.791977969,10.17664685,8.796516605,0,-111.902536,129.7076484,-8.0635263,-164.8800472,162.9169596,-0.1480423138,-111.3364067,129.5676757,49.73055234,-94.34190602,100.2047142,49.97845179,49.97844514,4316.703373,4303.846819,118.0742468,-173.4947053,8.6246684,1
6890,24,24,16,1,1,1,0,1,1,0,1,1,1,1,1,233.8517764,250.1626003,206.3266433,13.79160184,4.483817669,13.24519362,232.9177841,251.329053,209.2699478,9.014489592,10.77122187,13.72550979,8.668558173,1.620641465,-10.28916401,-8.490472797,-1.590605174,10.08109583,233.7761605,250.1602986,206.2844895,10.41579288,3.790383089,8.001200031,232.8911452,251.3294501,209.265259,1.695418893,10.5100609,9.006273983,0,-111.6597958,130.0764618,-8.30703508,-170.1982669,165.4165765,-0.1633725436,-111.0581469,129.9107228,59.08634851,-93.72064915,98.69559367,49.97841463,49.97836871,4324.12387,4319.22339,115.7847034,-178.6210573,8.6148563,1
6891,24,24,16,1,1,1,0,1,1,1,0,1,1,1,1,235.2497942,247.0461079,208.7226489,39.82442243,69.15427757,74.84232631,227.9817594,251.7028744,216.5724489,33.44960599,71.92718208,74.61783927,1.713102061,47.33550642,-49.04862381,-1.519767251,-47.56897525,49.08873808,234.1160773,246.9033561,207.9271192,25.64758014,11.8195653,21.18791372,227.3845611,249.4094876,214.1177411,15.1765748,21.80208016,18.71069001,0,-110.4268544,131.4596708,-15.57029686,115.4336807,-169.2527696,-0.9325266102,-108.7311545,129.8853227,153.5295792,-87.30529185,52.56404033,49.97005753,49.9699915,5985.157217,5984.663993,291.7179671,155.2934996,8.8139962,1
6892,24,24,16,1,1,1,0,1,1,1,1,0,1,1,1,235.5020029,250.7676242,203.5909408,31.84701305,9.439550557,38.46013955,236.3677289,251.7947828,204.764725,31.7453431,9.382180399,38.17272698,29.2188413,6.21539961,-35.43422382,-29.08096133,-6.165799361,35.24678572,235.2827005,250.641888,203.4246301,5.527530534,6.016784652,7.239292229,236.1556998,251.6671572,204.5572268,5.767654793,5.991352782,6.751657345,0,-113.0894747,129.4557054,-4.024682683,-112.946153,126.6569952,0.1353739919,-112.9950596,129.6163215,3.606045073,-113.5117481,132.0318149,49.97690893,49.97689908,4622.826161,4616.005526,162.7530005,-122.8481166,8.9694209,1
6893,24,24,16,1,1,1,0,1,1,1,1,1,0,1,1,319.4580783,280.4534157,323.6878925,22.11786611,13.86906747,22.3092909,322.3134201,285.9209192,326.5013995,22.19589875,17.71726082,18.41479615,19.0241059,-0.7774515061,-18.246168,-13.61088607,8.555949986,5.055617383,270.6193776,193.1565271,242.8867896,4.200700755,4.685121927,6.344250601,275.1764862,196.6345354,248.0485379,14.43709243,9.929326787,15.35449043,0,-94.26504737,151.7989141,101.3436236,-10.74802382,-141.9915411,0.323055732,-94.17883558,151.9783204,-16.57967468,-122.2980186,129.4507294,49.96260045,49.95618917,8126.066088,8101.335359,478.3925444,-752.8429252,8.3543849,1
6894,24,24,16,1,1,1,0,1,1,1,1,1,1,0,1,231.1880915,252.8448979,206.0411212,14.65726252,10.60828605,12.60774233,230.0722486,256.1274033,206.7860095,13.87992707,15.18194965,4.25891347,-11.33852062,9.658160479,1.680567854,11.45956789,-9.768702488,-1.690664012,231.1526192,252.7854593,206.0178144,8.742615415,2.820212434,12.35007115,229.9700046,255.996197,206.7495485,7.19918934,11.11031122,3.405404339,0,-111.8954499,129.0540468,-40.73264632,-49.67612943,141.1675243,0.424502744,-111.6221219,128.5567615,52.19733273,-124.9182947,76.83341268,49.97840143,49.97833168,4324.746683,4328.979184,116.0183545,-154.2940799,8.7439057,1
6895,24,24,16,1,1,1,0,1,1,1,1,1,1,1,0,239.4608893,246.2375329,206.7070825,75.90000383,34.65387783,72.32484018,232.900105,256.0937292,204.2280342,74.93806412,40.78103908,68.34199012,50.13025656,-2.132626486,-47.99806864,-49.61161254,2.402327134,47.20898737,236.8896965,245.7617131,204.3647563,20.00647838,15.67916439,22.71004547,231.9219594,255.1077346,204.0939985,20.25919979,26.15960169,10.70713125,0,-112.1918159,131.2210399,-74.88451788,30.99279296,150.7617297,1.502367184,-111.3905319,129.462211,72.71367444,-133.1165748,-2.095612486,49.97013877,49.97025239,5942.090709,5811.80873,447.1684647,-37.00409779,8.5398075,1
6896,24,24,16,1,1,1,1,0,1,1,1,1,1,1,1,228.3517054,254.4665342,206.9405727,11.94222729,13.18519523,4.92224031,230.8917251,253.4419998,208.7074365,12.49253966,8.541418892,12.08976645,9.693108719,-7.338996437,-2.3541104,-9.559032123,7.20197931,2.357051761,228.3115313,254.4374471,206.9392941,6.547404462,10.48704548,3.84233006,230.8828022,253.442838,208.7088386,7.680471822,3.372084853,11.6981327,0,-111.4063891,128.4566084,43.32944998,-126.5085914,85.49738332,-0.1704316278,-111.4205919,129.1931034,-36.12397193,-58.57513724,141.3610362,49.9784208,49.97841068,4321.806551,4311.726858,134.2306792,-159.3186219,8.8427298,1
6897,24,24,16,1,1,1,1,0,1,0,1,1,1,1,1,228.7315272,259.3755822,203.4669854,70.07661402,71.68713966,28.38397995,227.060883,253.9089185,212.5796559,67.28765031,71.00811658,35.95219617,46.91939026,-46.74717001,-0.172660062,-46.29423404,46.32144107,-0.02764134189,226.3800994,257.3940501,203.0787904,20.0607962,18.69472684,12.20097366,226.8833973,253.2647404,211.7501512,11.78946239,19.56145099,24.82446778,0,-112.9435498,126.6780282,28.28297178,171.9546349,-91.49943347,-1.586704309,-111.5500365,127.6493046,-125.2222374,-45.24966335,109.1330874,49.97000984,49.97247671,5951.84426,5197.641835,364.2358603,-37.49205948,8.7860911,1
6898,24,24,16,1,1,1,1,0,1,1,0,1,1,1,1,223.5605335,259.0899941,211.5682847,11.24745227,22.1645475,19.7615255,224.4522337,258.3390098,214.667945,5.718585247,21.99329545,22.58579688,-0.7944043429,16.91595252,-16.12197881,0.8773986914,-17.34462121,16.4669305,222.4846559,258.2721841,209.4277254,10.11512995,8.496018187,4.199627193,223.0678267,257.5665481,212.4562671,3.121740264,7.376369302,10.90285397,0,-110.2974891,127.4808511,16.69498808,-146.1824392,155.5774338,-0.4767748286,-109.9265409,127.7750421,-71.80487929,-68.03686429,116.8705012,49.97736989,49.97778899,4532.827049,4450.132206,134.4250591,-121.583337,8.6579174,1
6899,24,24,16,1,1,1,1,0,1,1,1,0,1,1,1,231.6688544,254.8258614,202.8646326,79.62835285,43.26299246,72.87596528,240.3731822,246.550112,208.6135156,79.94265318,36.99717012,76.13927783,52.62887538,-2.484372744,-50.14453022,-52.67896492,2.249020515,50.42991176,230.6519229,253.6961052,202.7105884,20.69044864,26.99135723,11.96604237,237.7073004,245.9758479,205.740473,20.36882666,16.49090534,23.76665703,0,-113.1784747,127.8722765,72.18849759,-135.9498691,-4.946244678,-1.341259782,-113.7711316,130.0732464,-76.26890853,28.00377901,149.8175733,49.96903425,49.96896438,6203.754292,6178.937711,341.4102171,217.3471443,8.5623248,1
6900,24,24,16,1,1,1,1,0,1,1,1,1,0,1,1,230.0143155,255.3838738,204.4817351,13.92744148,15.21735738,4.393402584,232.6982332,254.0979362,206.3150408,14.33121614,10.88059527,12.4809717,11.74687701,-10.04775293,-1.699070126,-11.48374425,9.842337938,1.641458192,229.8640499,255.1258053,204.3713435,6.947251425,10.94102017,3.523763013,232.6339308,253.9420549,206.2354064,8.09036777,3.369289472,12.21655381,0,-112.7190876,127.8550373,46.74197531,-128.5055379,75.37504236,-0.2055906973,-112.7451427,128.6643459,-39.04339023,-52.31780419,141.0802523,49.97834211,49.97840565,4340.200648,4310.582655,139.5986459,-170.1186311,8.9043526,1
6901,24,24,16,1,1,1,1,0,1,1,1,1,1,0,1,376.8357285,308.6174522,224.3926309,22.4573924,23.31652385,15.4748529,378.794659,311.7694651,229.6894493,19.1829322,23.64124016,18.22430418,14.78845743,-14.64756083,-0.140898167,-3.13175215,11.43772892,-8.306038871,271.8910574,270.3106492,151.818417,5.559117909,4.265980452,4.809438199,275.5966895,273.9689147,155.1698056,11.30586408,11.55369609,9.644769077,0,-136.6178946,120.8531858,59.38538344,-75.46995277,-172.6337958,0.07580715009,-136.4366479,120.9212289,-25.15426586,-155.562323,93.4679115,49.95785819,49.96626574,7184.35167,8000.434908,254.8516924,-667.9492489,8.4818869,1
6902,24,24,16,1,1,1,1,0,1,1,1,1,1,1,0,225.8878695,256.7361196,206.6476879,35.95820881,29.381702,10.63510478,226.6337399,257.7270601,208.0009621,35.72703757,29.3566652,10.57522816,33.44422528,-26.57782474,-6.86639524,-33.30356359,26.47795757,6.825613472,225.7295109,256.5770973,206.5250268,5.696976816,5.957980848,7.113784543,226.4676548,257.5678481,207.8648837,5.132975827,6.352612506,7.078872743,0,-111.5995701,127.5638411,-3.299200313,-115.089579,127.5578917,0.09745469814,-111.4656524,127.7143073,3.362061052,-108.5744931,127.1625571,49.97708428,49.97706572,4588.961261,4580.918476,199.6551501,-89.40539097,8.4318567,1
6903,24,24,16,1,1,1,1,1,0,1,1,1,1,1,1,228.363924,254.4810143,206.9386189,11.9990351,13.24531544,4.922014305,230.8946563,253.4375541,208.7054954,12.5073298,8.592836846,12.08954175,-9.708157771,7.35286215,2.355295386,9.573753525,-7.217831844,-2.355915929,228.3232233,254.4513772,206.9373302,6.588202381,10.52372818,3.842569084,230.8857289,253.4384175,208.706899,7.652012229,3.385010158,11.69810068,0,-111.4113402,128.4535525,43.13789293,-126.6674808,85.49019749,-0.1744553123,-111.4250124,129.1901002,-36.39325349,-57.83129929,141.3598619,49.97842488,49.97840508,4321.706921,4312.299078,132.945426,-158.0949387,8.6171993,1
6904,24,24,16,1,1,1,1,1,0,0,1,1,1,1,1,227.7102348,253.5685738,209.1297093,9.987539914,13.56141089,10.365636,228.4783515,253.0058532,212.4246343,4.019965056,13.48341956,15.12884184,1.328169415,-10.60821273,9.280108516,-1.345809937,10.76865525,-9.422753766,227.6300024,253.522384,208.9868784,9.745564241,8.075390163,3.716444785,228.3757429,252.891296,212.1909206,3.361507994,7.731489048,11.48597057,0,-110.3145271,129.14582,17.28567628,-149.3177247,162.711812,-0.4214994321,-109.898236,129.4881024,-61.46043748,-69.3713134,118.7154789,49.97824307,49.97834785,4349.585891,4333.108709,126.9268063,-154.1446323,8.9950634,1
6905,24,24,16,1,1,1,1,1,0,1,0,1,1,1,1,228.3147724,259.5074003,202.7321605,75.4310085,78.72588384,34.79712009,226.0784072,254.0051415,213.3142583,72.52045223,78.32232582,42.03726832,-50.26821097,51.59570756,-1.32749709,49.59976535,-51.1659601,1.566189336,225.5921523,257.2468649,202.2322906,21.47215807,19.99975069,15.33006655,225.8744433,253.1086087,212.1593376,13.02156669,21.99316501,27.61150413,0,-113.1001521,126.4504913,27.76627819,164.8344802,-93.20615652,-1.736526601,-111.454172,127.4455941,-128.8722978,-48.56890302,105.8524688,49.96944771,49.96913232,6101.176441,6115.247592,510.0107024,46.19322394,9.1839023,1
6906,24,24,16,1,1,1,1,1,0,1,1,0,1,1,1,229.8433014,255.1754476,204.626751,13.80167614,15.06029034,4.387911364,232.5922374,253.9881422,206.4540242,14.41233183,10.82815369,12.48235992,-11.64086904,9.942062313,1.698987358,11.38521106,-9.743229891,-1.641807522,229.7014935,254.9440396,204.5329105,6.740745242,10.74480185,3.523608553,232.533377,253.8521204,206.3867197,8.263767433,3.256110937,12.21974554,0,-112.6047206,127.9207942,48.12668253,-127.4873201,75.57375023,-0.1839327707,-112.6373359,128.7312186,-37.70809465,-56.1818839,141.1184501,49.97843969,49.97829858,4313.924661,4339.710438,142.2000381,-172.4607845,9.0936238,1
6907,24,24,16,1,1,1,1,1,0,1,1,1,0,1,1,231.7393253,254.8351583,203.0543043,78.64601789,42.33082436,72.25645362,240.4293752,246.7438533,208.7099377,78.99469902,36.01837004,75.49932209,-52.02125881,2.218776345,49.80236854,52.07683697,-1.991499555,-50.08543764,230.7662949,253.7514243,202.9021855,20.38560446,26.63923502,11.76683276,237.8026625,246.1908169,205.8872583,20.17411192,16.09769577,23.54198413,0,-113.1324804,127.9135522,72.53283634,-135.5084783,-4.27602866,-1.31099078,-113.7279237,130.0879348,-75.50496101,28.31913522,149.9191582,49.96927611,49.96957338,6026.606673,6055.761519,313.6379423,172.6954917,9.0858612,1
6908,24,24,16,1,1,1,1,1,0,1,1,1,1,0,1,225.8809181,256.7073598,206.653262,35.86384886,29.29207657,10.6366303,226.6482812,257.7364185,208.0081228,35.6568332,29.28359553,10.57565296,-33.36987795,26.502095,6.867815152,33.22965163,-26.40418053,-6.825436672,225.7239033,256.5501664,206.5313814,5.618466691,5.916916047,7.114636475,226.4823789,257.5779797,207.8719009,5.212379656,6.385728241,7.078473891,0,-111.5915936,127.5717408,-3.427863861,-114.4154217,127.5681288,0.1053432347,-111.459261,127.7220934,3.405851882,-109.2212687,127.1680154,49.97710581,49.97705319,4586.488869,4582.696293,200.6865134,-90.41111878,9.0049673,1
6909,24,24,16,1,1,1,1,1,0,1,1,1,1,1,0,377.0589987,308.6844914,225.2362241,21.92123269,23.08929501,17.35081735,378.986814,311.2909173,229.2201941,19.09956937,23.37875988,19.10940191,-13.85068848,13.17043153,0.6896893456,2.21627771,-9.966741513,7.760574501,272.4182023,270.2800013,152.0856408,5.300183086,4.504140417,4.888494398,275.9539247,273.4228819,154.6564217,11.01929126,11.42131529,8.970899488,0,-136.6547008,120.8486572,55.7199503,-76.63524752,179.4221937,0.0724938659,-136.6026478,120.9935938,-23.54484044,-156.766058,92.99288217,49.9654835,49.95857634,6392.867764,8793.206303,213.7348013,-603.9130607,8.8822515,1
7057,96,24,24,1,1,1,1,1,1,1,1,1,1,1,1,269.5749545,243.1098458,184.377992,1.815210372,6.219625335,4.576914148,269.8294662,244.0181596,184.9128551,2.680205328,5.429595685,4.327217182,-0.004487745527,0.008249334945,-0.004000822874,0.004359657704,-0.0095700453,0.004978953773,269.5629558,243.1179463,184.3833976,1.814098843,6.219362538,4.576602583,269.8174507,244.026321,184.9182612,2.679405791,5.429252194,4.326808192,0,-101.9196596,121.5354415,-0.05104890311,-101.1490844,114.2380106,0.04078986462,-101.8581753,121.6720006,-0.02354914977,-103.1258801,128.984577,49.98580282,49.98580467,2843.489482,2834.82595,-24.99379729,-183.9451015,9.18973,1
7058,96,24,24,1,1,1,1,1,1,0,1,1,1,1,1,269.5821395,242.9638117,184.7793613,4.869660008,10.11517841,5.062604074,270.4225036,242.547578,186.2389462,3.859241534,8.281501999,9.135122912,1.410218738,-6.186344895,4.775920835,-1.403442198,6.22311098,-4.819877537,269.5694786,242.9711291,184.7831167,4.501572631,7.923307619,1.426781255,270.4091165,242.5445064,186.2313831,3.385645936,5.346007476,7.708786284,0,-101.6757596,121.8174682,44.03821717,-125.0457621,88.26549515,-0.2473964897,-101.4731894,122.3013438,-68.10683564,-66.03223758,127.6884541,49.98572342,49.9857317,2858.835215,2850.031556,-37.60518642,-195.8796253,9.4060029,1
7059,96,24,24,1,1,1,1,1,1,1,0,1,1,1,1,269.5826547,242.963209,184.7729502,4.870932951,10.10496364,5.043213925,270.4258349,242.5463878,186.2351256,3.865012084,8.266788394,9.133281535,-1.411895512,6.165960548,-4.754274978,1.404967446,-6.205402258,4.800223629,269.5700044,242.970532,184.7767137,4.502612982,7.927011027,1.422018852,270.4124093,242.5433175,186.2275285,3.391769019,5.348267877,7.718559968,0,-101.6776366,121.8159017,44.11677312,-125.0829585,87.86143812,-0.2475272554,-101.4747395,122.3008493,-68.08330545,-65.97283719,127.7221451,49.98571923,49.98573704,2859.190907,2849.47673,-37.16095151,-196.2718226,9.6306699,1
7060,96,24,24,1,1,1,1,1,1,1,1,0,1,1,1,270.5056599,242.7609004,183.6879861,7.632069989,10.38258632,11.9322755,272.0938338,243.6468856,182.3734241,10.13862377,4.416623706,10.11242217,6.890137683,1.683385116,-8.573727752,-6.927561172,-1.676389552,8.603743864,270.4895582,242.7679782,183.6927618,2.612421315,10.11274808,8.060022194,272.0563203,243.6518522,182.3553881,7.129482853,3.739302267,4.935060522,0,-102.0935767,121.538165,178.4861989,-84.27982011,87.619994,0.3319030258,-102.4931465,121.8146111,-0.4909456752,-159.576521,-173.3774746,49.9857073,49.98571392,2862.458418,2852.953193,-27.67986065,-185.5334881,9.5002592,1
7061,96,24,24,1,1,1,1,1,1,1,1,1,0,1,1,270.4918386,242.7685378,183.6970895,7.578774257,10.38187434,11.90130832,272.0728568,243.650324,182.3792254,10.0885101,4.414046895,10.06699773,-6.851694163,-1.687676844,8.539160482,6.888761979,1.677802137,-8.566760782,270.4757681,242.7755914,183.7018504,2.591077448,10.11127823,8.060866827,272.0357262,243.6551962,182.3615192,7.107897966,3.734463214,4.919286128,0,-102.0923271,121.5353096,178.5249204,-84.30999416,87.73254264,0.3311790242,-102.4916432,121.8104877,-0.4740042433,-159.5281218,-173.3456763,49.98570541,49.98571681,2862.201748,2853.201228,-28.37379034,-184.7604816,9.6290347,1
7062,96,24,24,1,1,1,1,1,1,1,1,1,1,0,1,269.107137,243.5470712,184.3811855,8.296111432,6.584702533,7.714115533,267.9438951,245.9656138,185.0157008,7.928646421,10.36514517,3.412092135,-6.858294284,5.273836569,1.58426947,6.879991292,-5.32302951,-1.557152871,269.0947289,243.5537445,184.3849586,4.551859013,3.69676992,7.429698446,267.9195938,245.9618252,185.0188569,3.802635921,8.788695531,2.720853062,0,-102.0924624,121.219107,-49.80280338,-69.86230254,137.4557084,0.1795699559,-101.9283407,120.8615239,66.1566372,-115.1756978,70.01346151,49.98567806,49.98568335,2867.565742,2859.98843,-26.54722213,-183.7764546,9.2635039,1
7063,96,24,24,1,1,1,1,1,1,1,1,1,1,1,0,269.1044711,243.5470153,184.3819857,8.29698625,6.586851171,7.717055398,267.9395365,245.9705978,185.0155362,7.93148612,10.36950271,3.403103507,6.852784242,-5.272070469,-1.5809244,-6.874736187,5.318548338,1.555977127,269.0920272,243.5536901,184.3858072,4.554325926,3.698109388,7.435789237,267.9152253,245.9668246,185.0188001,3.809446782,8.792912546,2.717767805,0,-102.0921434,121.2190409,-49.88293578,-69.75144157,137.4488414,0.1805230116,-101.928008,120.8606687,66.1490089,-115.2140059,69.9020016,49.98568032,49.98568081,2867.758302,2859.894754,-26.27966856,-184.0408566,9.2342482,1
7064,96,24,24,0,1,1,1,1,1,1,1,1,1,1,1,270.33571,241.8239828,185.2870083,3.641478811,7.982544492,8.702341304,269.8681841,244.0016907,185.1562113,4.947782104,9.316974356,4.444852768,-1.354612264,5.62622278,-4.27180966,1.357717314,-5.552466118,4.194541857,270.322421,241.8237114,185.2815054,3.187071154,5.557520514,7.553046026,269.8557914,244.0093802,185.1598569,4.623053831,7.404233294,1.32000917,0,-101.3672429,122.4763278,-71.56990958,-70.66675844,123.0173511,0.2817390582,-101.3881099,122.260092,40.92988397,-124.1528303,117.6425139,49.98575366,49.98575209,2853.832224,2844.914369,-41.56876908,-200.2135646,9.1943989,1
7065,96,24,24,0,1,1,1,1,1,0,1,1,1,1,1,291.0074841,355.7578415,286.1423921,17.7640369,19.58784094,23.61284258,296.1210664,358.0315459,288.2413716,19.4986248,17.19801091,23.08764002,4.297059272,13.65564008,-17.95196132,-7.304878916,-4.478874116,11.78440441,194.7541367,281.8813874,226.9801965,6.217551375,5.966242907,2.724797251,198.0271471,285.9142334,230.9789133,8.801072945,12.10153474,12.95925455,0,-99.74504381,104.7484292,133.7825456,-36.56770927,-121.0392626,0.09077951677,-99.69860174,105.2725085,-30.66132115,-125.9735478,96.12737214,49.97481945,49.96659652,5918.670849,5809.193904,1045.462337,-70.10734653,8.7981857,1
7066,96,24,24,0,1,1,1,1,1,1,0,1,1,1,1,272.5841901,239.3317039,186.2349778,5.382455403,31.87759549,27.46917705,272.72009,240.2260515,186.9691637,5.387703665,31.72415837,27.38600124,-3.69983269,29.66410834,-25.9644595,3.696256531,-29.55638397,25.85995511,272.4801478,239.2424285,186.0928695,2.261245354,5.843817837,4.385123076,272.6191213,240.1268856,186.8091426,2.28021589,5.622734222,4.539482876,0,-100.4300219,124.3286178,0.3550400051,-102.4172949,121.418542,0.01072251309,-100.3279062,124.4518673,-0.4486551414,-98.64720646,126.8812773,49.98462159,49.9846209,3079.323564,3069.911578,-46.45452035,-203.4703713,9.1148167,1
7067,96,24,24,0,1,1,1,1,1,1,1,0,1,1,1,267.0094153,242.8520303,189.9708881,24.57675402,53.38086415,55.31114851,272.458388,241.4172528,185.1686449,27.11887541,50.4233052,54.40853367,1.326510415,35.565093,-36.89173399,-1.379436599,-35.13336022,36.51266009,266.6875224,241.6461415,188.3547141,12.23499668,17.07865427,14.43158062,271.9175413,241.3572115,184.7240471,16.60293709,7.154666141,13.74234017,0,-100.11719,122.7417704,165.3208553,-81.90702359,55.45229212,0.7373627798,-101.1771569,123.9150361,-10.67950261,129.3998519,-161.4658311,49.98095042,49.98169291,3781.123919,3574.684926,140.6733264,-151.1282447,8.8382983,1
7068,96,24,24,0,1,1,1,1,1,1,1,1,0,1,1,270.7625898,242.5894808,183.6221123,10.65646082,10.42437895,13.85365728,272.3837775,243.3769136,182.4301258,12.51468493,4.386282558,12.49039758,-8.036361402,-1.801365608,9.837546015,8.080446404,1.80211315,-9.88275338,270.7393893,242.5943131,183.6235163,2.392262253,10.08228168,7.843148848,272.3043322,243.377289,182.3672164,6.903347134,3.489860889,4.952836937,0,-102.071978,121.6479552,173.3382108,-85.74743866,87.38273209,0.3039421122,-102.4583636,121.9383283,-2.246078873,-158.0598634,-175.8047196,49.98562959,49.98565092,2877.173067,2866.897046,-30.38123486,-183.2298551,8.7583832,1
7069,96,24,24,0,1,1,1,1,1,1,1,1,1,0,1,269.0957583,243.5536597,184.3905861,8.315873869,6.610386056,7.720921685,267.9308859,245.9746244,185.0232984,7.950675139,10.38277228,3.401465927,-6.876710989,5.300711855,1.575787794,6.898658398,-5.350160259,-1.548725315,269.0833042,243.5603248,184.3943972,4.55665941,3.699992844,7.439489369,267.9063611,245.9707339,185.0264875,3.810625695,8.791349498,2.714900525,0,-102.0906167,121.2177011,-49.88619944,-69.76107726,137.4331491,0.1799284683,-101.9269331,120.8590194,66.18069691,-115.2177581,69.84985306,49.98568163,49.9856781,2867.004174,2860.70164,-26.72107811,-183.6753376,8.9770533,1
7070,96,24,24,0,1,1,1,1,1,1,1,1,1,1,0,269.9978859,241.9171466,185.6344739,3.727259347,8.558974439,9.55645819,269.4795944,244.2258096,185.4059076,5.152153224,9.903787018,5.369966928,-0.9732409116,6.301650664,-5.32864836,0.9753580384,-6.210188496,5.234589585,269.984979,241.912957,185.623462,3.440045781,5.666511277,7.902434979,269.4670432,244.2328502,185.4092716,4.947967235,7.621653306,0.9879326306,0,-101.2743656,122.478493,-75.78910107,-67.23299884,122.9967196,0.3117058984,-101.3113235,122.2285712,42.46982803,-126.1219512,115.8835251,49.9857221,49.98572275,2860.219238,2850.735951,-43.06411553,-202.3128478,8.8586891,1
7071,96,24,24,1,0,1,1,1,1,1,1,1,1,1,1,270.3347573,241.824083,185.2926857,3.64019146,7.98562414,8.72081334,269.8670097,244.0043078,185.1552326,4.955723947,9.308420327,4.44375787,1.33985541,-5.618882319,4.278808165,-1.343205477,5.542355921,-4.199372123,270.3214158,241.8237797,185.2871194,3.193261768,5.571998191,7.571538,269.8546079,244.0120024,185.1588789,4.636824727,7.400955417,1.300843337,0,-101.3653517,122.4780465,-71.79137378,-70.59809386,122.9384201,0.2828251153,-101.387586,122.2607779,40.94242535,-124.2712096,118.0320717,49.98575323,49.9857526,2853.95025,2844.749126,-41.87459307,-199.9857539,8.7052994,1
7072,96,24,24,1,0,1,1,1,1,0,1,1,1,1,1,272.5864736,239.3365568,186.2309258,5.381786607,31.74429807,27.34107709,272.7229345,240.2243896,186.9508205,5.385416366,31.59165358,27.25215894,3.699184204,-29.54460326,25.84532241,-3.695805,29.43513115,-25.73940083,272.4843839,239.2493053,186.0903424,2.263345007,5.841656725,4.40182324,272.6216737,240.1259409,186.7931404,2.278152087,5.623651427,4.520792958,0,-100.4335385,124.3235648,0.3120583312,-102.195376,121.66212,0.01084101046,-100.3336335,124.446157,-0.4065905575,-98.88708573,126.6555742,49.98462777,49.98463594,3075.80754,3070.962481,-47.43674411,-202.4597616,9.0162702,1
7073,96,24,24,1,0,1,1,1,1,1,0,1,1,1,1,289.1945619,355.9789124,285.9848735,19.14596572,24.56170412,27.80332503,293.0459319,357.8323711,287.3420688,20.27987468,21.98396664,26.58019706,-3.030733431,-11.33030875,14.36077216,5.987688864,2.313877544,-8.301877972,193.3804822,284.3114734,228.4428175,4.769006471,7.711236227,2.600256753,195.9814767,287.39562,230.9418658,7.194552788,9.681280421,9.42207787,0,-100.2295663,103.7633414,126.8078942,-56.67186717,151.6545465,0.1031800115,-100.3700355,104.0198082,-32.04654395,-133.8137946,91.88897689,49.96458187,49.97629233,5181.959983,6612.606398,810.9172891,205.4919873,8.8028279,1
7074,96,24,24,1,0,1,1,1,1,1,1,0,1,1,1,270.6430751,242.6704954,183.6384399,8.481506404,10.43419774,12.47919622,272.2577831,243.5274419,182.3206373,10.80312213,4.359954727,10.77253205,7.401105023,1.621756171,-9.023061998,-7.441386442,-1.618306657,9.059485882,270.6256468,242.6773262,183.6426658,2.62017574,10.17143663,8.069966328,272.2111554,243.5317443,182.2929669,7.138378459,3.685695402,4.97823301,0,-102.0886113,121.588436,177.3381335,-84.48951727,87.36450576,0.3290210407,-102.4926599,121.8706412,-0.9138155117,-160.3674716,-173.2641027,49.98568946,49.98570041,2865.237407,2856.742841,-28.65232795,-184.9847174,9.0801041,1
7075,96,24,24,1,0,1,1,1,1,1,1,1,0,1,1,266.5521843,242.918965,190.5220077,26.16805501,57.01332155,58.98150146,272.3025234,241.0805931,185.1492847,28.67269028,53.95707168,58.02302728,-1.263003371,-37.83512226,39.09776302,1.320339717,37.37275375,-38.69345621,266.187292,241.5509422,188.6952052,12.9270741,18.0488576,15.28572458,271.6993519,241.0143824,184.6453383,17.27122266,7.909113083,14.55765824,0,-99.96305571,122.7966805,164.321102,-82.44036274,54.72750628,0.7806111295,-101.1056036,124.0512371,-11.58410213,124.5509138,-160.0802768,49.98051885,49.98072517,3887.000094,3821.757454,158.5227083,-100.1200918,9.0173426,1
7076,96,24,24,1,0,1,1,1,1,1,1,1,1,0,1,267.1561989,244.2981391,186.9015448,6.085653963,21.02675684,21.10801269,266.8992728,246.9953633,186.1158898,8.04411566,21.16669125,18.84738159,-0.5181923437,-13.94253493,14.46077799,0.5373678371,13.63729991,-14.17468673,266.9632135,244.0958359,186.3853118,3.98284864,6.945709201,8.886028014,266.7570823,246.7244379,185.6007791,6.581960882,7.937150534,0.8566022249,0,-101.5465456,121.1485247,-102.401818,-60.60726334,115.3459998,0.4638409484,-101.7116165,120.8949704,36.34989387,-136.8679785,-153.6218353,49.98509967,49.98504061,2985.543985,2988.631369,-13.75594123,-187.8955801,8.790509,1
7077,96,24,24,1,0,1,1,1,1,1,1,1,1,1,0,269.1000224,243.5415691,184.3852209,8.308389559,6.624065648,7.71407821,267.9483517,245.9744423,185.0152988,7.970864258,10.40133769,3.40196788,6.856954834,-5.26760747,-1.589612186,-6.879064172,5.313849078,1.564968052,269.0875624,243.5482398,184.3889828,4.527492504,3.710549522,7.429720108,267.9237612,245.9704007,185.0184775,3.834194143,8.807494422,2.707726772,0,-102.0893509,121.2219208,-50.39394913,-69.24526458,137.3482696,0.1831581105,-101.9273437,120.864999,65.52186776,-115.4176607,70.13425802,49.98567594,49.98568409,2868.95127,2859.134873,-25.03944607,-185.6649084,8.6099456,1
7078,96,24,24,1,1,0,1,1,1,1,1,1,1,1,1,272.3908859,242.6086977,181.4408456,10.52793965,4.703228147,10.87542704,271.1061117,243.634027,183.9667307,8.349957877,10.12875351,12.35211216,-7.692243318,-1.915385828,9.607499101,7.635167462,1.883471643,-9.518762395,272.3372945,242.6117455,181.4221902,6.706285343,3.860621518,4.466142824,271.0855303,243.6414607,183.9710148,2.190654783,9.776178129,7.483267966,0,-102.8209066,121.4140172,-2.741392224,-155.5991684,-179.6050488,-0.2651078977,-102.2545218,121.3686471,171.9498481,-84.48499733,90.4748395,49.98571469,49.98569312,2861.141694,2857.290859,-25.80430137,-184.1748125,8.7160892,1
7079,96,24,24,1,1,0,1,1,1,0,1,1,1,1,1,273.0303081,240.2632631,183.9883178,30.51698611,57.6766649,61.93249271,267.1692327,244.3134627,191.1283031,28.0352015,60.25690309,62.40976965,-1.653396404,-39.92763198,41.58056212,1.587013758,40.08710138,-41.67459476,272.2645761,240.1979356,183.4057351,17.82777699,8.347187993,14.89728613,266.7056431,242.7984721,188.9535186,13.49309415,18.46714215,15.32192042,0,-101.6097327,123.2927185,-13.84469025,122.3559519,-161.5241137,-0.7511392949,-100.2333905,122.1800675,161.7136422,-83.13195474,52.59021527,49.98010113,49.9799852,3938.413621,3973.091241,69.89771285,6.915628059,8.5755927,1
7080,96,24,24,1,1,0,1,1,1,1,0,1,1,1,1,272.489727,242.5148932,181.463464,10.83181599,4.66508966,11.1403082,271.1753952,243.5484402,184.007205,8.689123622,10.17532119,12.58753297,-7.981252609,-1.852294631,9.833474514,7.922260593,1.816957628,-9.739304386,272.4305473,242.5174745,181.4408537,6.77550883,3.848673204,4.520719585,271.1537775,243.5555682,184.0111039,2.259300146,9.838262623,7.527579251,0,-102.7933028,121.4800071,-2.842237014,-156.5497696,-178.9934383,-0.2676329609,-102.2203097,121.4298194,171.8087481,-84.39176024,90.1306943,49.98571844,49.98567617,2862.005916,2859.339936,-27.22153577,-184.4955854,8.9510856,1
7081,96,24,24,1,1,0,1,1,1,1,1,0,1,1,1,354.6734434,286.3383073,300.541558,15.44423509,10.50638512,16.21233409,355.5286357,289.1319572,301.7851497,15.87165704,12.75495145,15.33519399,-6.415510503,-1.785670958,8.201211765,4.635090288,-5.768640026,1.134013619,308.1528368,202.5022465,208.7979644,1.004054085,3.847170424,3.259814201,309.4321272,204.3462939,210.6602013,5.683048039,6.856592694,7.450058395,0,-87.18621587,148.1797827,117.9149994,-53.6051301,179.9879565,0.1586186673,-87.12804813,148.3732689,-8.960639575,-105.4479395,134.7410146,49.98216686,49.96500212,4483.571385,6058.257171,-520.0190054,-1046.033742,8.778458,1
7082,96,24,24,1,1,0,1,1,1,1,1,1,0,1,1,275.1900857,242.4960664,177.679752,37.43049156,9.154179861,43.86466529,275.2495981,243.4883051,178.3856078,37.40955902,9.057631276,43.71703746,-34.89646915,-5.787358761,40.68369363,34.85897855,5.708717958,-40.56782062,274.8906206,242.3249433,177.4099027,2.147164166,5.830248322,4.366436311,275.0115609,243.3145144,178.0355015,2.447795844,5.779472783,4.142499849,0,-104.1403291,120.6227834,-4.752406776,-103.9567881,117.6450491,0.03128340918,-104.0469316,120.7289817,4.093174904,-104.6051982,123.4775377,49.9835994,49.98358161,3284.225235,3279.719249,61.57761758,-97.60955476,8.7037694,1
7083,96,24,24,1,1,0,1,1,1,1,1,1,1,0,1,278.1313876,238.0251345,181.5755393,71.74387678,30.92990759,68.55708245,271.3216053,246.9125717,179.7040887,71.39590072,36.25960028,66.49229331,-46.94093247,0.9587457569,45.98195822,46.78494537,-1.25604496,-45.52911894,275.8052359,237.6119505,179.1995751,17.33517788,13.87933608,18.16592677,270.4279373,246.2176171,179.5094748,17.25534084,23.16951308,11.53838481,0,-102.7854803,123.2284465,-81.08283673,29.09203169,152.4077033,1.037289638,-102.2775909,121.3298895,83.78829756,-129.1892342,-5.740920856,49.9782294,49.97828932,4343.268847,4302.049638,284.2790854,-17.29636875,8.7188859,1
7084,96,24,24,1,1,0,1,1,1,1,1,1,1,1,0,272.2191809,244.2533798,180.4570152,13.19759577,12.40388809,8.267668335,271.1558876,247.1656688,181.135123,13.19736677,15.18891141,3.584721406,10.77494122,-9.798044382,-0.9772696271,-10.87681264,9.897444868,0.9789824531,272.0335071,243.7863625,180.0366744,4.766385055,3.813493663,7.868620561,270.8047249,246.4702426,180.5607531,4.444438762,9.302342209,2.555329747,0,-103.6628014,120.2201019,-57.0551565,-60.46033027,136.9377886,0.2291570437,-103.5184141,119.7838511,64.24286303,-120.0762481,55.54923162,49.98578981,49.98538782,2833.52119,2923.048304,2.668113267,-167.4642022,8.9153915,1
7085,96,24,24,1,1,1,0,1,1,1,1,1,1,1,1,272.3801865,242.6139315,181.4334394,10.5255766,4.697730284,10.87662688,271.1031374,243.6408102,183.966848,8.357659996,10.13501868,12.36843904,7.716652182,1.908560876,-9.625417788,-7.659591145,-1.879572433,9.538935006,272.3266685,242.6169858,181.4148815,6.68606919,3.857560637,4.446132451,271.0825376,243.648234,183.9711477,2.170258649,9.783961018,7.496438787,0,-102.8236655,121.4092377,-2.70535987,-155.7044633,-179.4371093,-0.2652907667,-102.2567151,121.3660225,172.0115747,-84.49192051,90.62263821,49.9857008,49.98570664,2864.084836,2854.376757,-24.22996096,-185.812182,8.8808432,1
7086,96,24,24,1,1,1,0,1,1,0,1,1,1,1,1,272.485288,242.5103697,181.4699676,10.87376302,4.653688686,11.19074342,271.173781,243.5476925,184.0159604,8.756067508,10.18122922,12.63057402,8.02736265,1.844524618,-9.872136903,-7.968274362,-1.811867445,9.779896605,272.4252781,242.5128244,181.446796,6.746233487,3.835887307,4.500852227,271.1520479,243.5547566,184.0197689,2.232423151,9.84485058,7.514087936,0,-102.7887773,121.4867771,-3.033299669,-156.5895754,-179.1588682,-0.2672847153,-102.2158726,121.4368629,171.1638242,-84.45237784,90.2885655,49.98569878,49.98569281,2865.731577,2856.312995,-24.58440795,-187.3888453,8.7828049,1
7087,96,24,24,1,1,1,0,1,1,1,0,1,1,1,1,273.0694681,240.156937,183.9696609,31.22152416,58.37060158,62.79849469,267.0457998,244.2758149,191.1793643,28.73761101,60.95815702,63.252578,1.678789869,40.37910679,-42.05819576,-1.610711713,-40.54269495,42.15310538,272.277035,240.0895936,183.3635477,18.21215412,8.506851162,15.22192507,266.5668269,242.7251498,188.9540552,13.88164584,18.63848524,15.54048113,0,-101.6020953,123.3307796,-14.03781513,121.8648882,-161.846287,-0.7655045308,-100.2091466,122.1754714,161.5871045,-83.11083185,51.66020931,49.97984329,49.97973089,4009.577551,4041.136479,74.18632517,30.13693552,8.1691564,1
7088,96,24,24,1,1,1,0,1,1,1,1,0,1,1,1,275.2095409,242.4904042,177.6812003,37.44335635,9.155900249,43.87586732,275.2576952,243.485008,178.3843353,37.41976228,9.059456649,43.7258229,34.90190973,5.784094248,-40.68612556,-34.86423791,-5.707181962,40.57129903,274.9086281,242.319847,177.4115936,2.167196109,5.829895138,4.378266109,275.0191573,243.3091374,178.0311681,2.429170936,5.779522708,4.129778832,0,-104.1392191,120.6287012,-4.910250809,-104.010584,117.7754165,0.03171910391,-104.0453834,120.7328495,4.304898001,-104.5484616,123.3675374,49.98359406,49.98358886,3285.464515,3278.617891,61.27166912,-97.21208394,8.5285807,1
7089,96,24,24,1,1,1,0,1,1,1,1,1,0,1,1,354.8737167,287.0483392,300.4092857,12.93092488,8.826340458,14.26712172,355.9624421,289.8805078,302.0294654,13.54849252,11.12425297,13.79529305,6.193119095,1.878460085,-8.074549476,-4.406864677,5.713642066,-1.309614616,307.8655294,202.9783913,207.6187178,1.65257207,3.813779522,2.340835959,309.5826907,204.8576889,210.0797971,6.37761934,6.686925251,8.212343647,0,-87.61603705,147.8418017,132.5950145,-58.29041522,-175.5253314,0.105862774,-87.53319683,148.040494,-10.99708309,-104.0125634,137.9532151,49.9770545,49.97026958,4540.571457,5992.099886,-545.6406651,-1024.561238,8.1608546,1
7090,96,24,24,1,1,1,0,1,1,1,1,1,1,0,1,275.5985374,245.1743887,178.2270179,17.6124773,16.8933709,8.795270563,274.7233491,248.1632059,179.1489396,17.74555478,19.03729249,4.727625336,-15.02334318,14.06756988,0.9557808786,15.19082495,-14.23147019,-0.9593253028,274.911038,243.5096183,176.8550624,4.34860204,4.161902106,7.764764887,273.8642192,246.2173895,177.3639452,4.262121022,9.10466638,2.496088889,0,-104.6798216,119.8475318,-56.97168712,-61.72055432,136.4962416,0.227821109,-104.5680896,119.4068245,58.88429951,-122.962296,54.40679647,49.98651446,49.98423841,2710.83123,3129.902889,-15.4664481,-121.9611662,8.3611356,1
7091,96,24,24,1,1,1,0,1,1,1,1,1,1,1,0,272.5100397,242.1265929,181.156848,30.394323,9.213121781,30.32490983,270.3471182,245.7112572,183.1024725,29.99406229,15.97760849,29.84861512,21.14478338,0.8263392126,-21.97444499,-21.05368116,-0.6948944787,21.7453112,271.9809722,242.0350243,180.6198401,6.092148197,2.074160794,7.037853574,270.2017618,245.6220911,183.061359,4.826722422,13.175154,6.181936114,0,-103.0126061,121.3051096,-51.56132655,32.09326765,165.8221872,0.1321988622,-102.473777,120.8415509,81.2845676,-109.3453521,67.70014535,49.98365581,49.98528352,3138.654498,2918.986859,59.02039752,-234.7703276,8.7273084,1
7092,96,24,24,1,1,1,1,0,1,1,1,1,1,1,1,268.1715506,244.6912665,184.1303231,7.329477703,10.22676184,3.51579536,269.5523389,244.1649336,184.9058941,7.721710579,6.215236065,7.775366271,6.281833189,-4.779989434,-1.502036719,-6.249314174,4.716922371,1.532191068,268.1458354,244.6923621,184.1334986,3.682314528,8.925608779,2.961828748,269.538971,244.1725632,184.9081705,4.457574764,3.786168533,7.53805138,0,-102.319761,120.523549,65.25866868,-116.97838,65.14150584,-0.1473202502,-102.2765921,121.1081769,-48.77825783,-66.41015061,139.4037081,49.98569357,49.98569619,2865.472625,2856.436385,-16.82688429,-178.4697247,8.629364,1
7093,96,24,24,1,1,1,1,0,1,0,1,1,1,1,1,268.1799288,244.6899716,184.1312937,7.325772738,10.22411949,3.501469113,269.5593637,244.1585321,184.910567,7.712125944,6.217312463,7.781570479,6.270818276,-4.776113442,-1.494886192,-6.238456809,4.713295963,1.524974314,268.154314,244.691101,184.1344625,3.691342858,8.926043146,2.952616524,269.5460222,244.1661655,184.9128322,4.45422599,3.797336978,7.547510366,0,-102.3191119,120.5261593,65.1370219,-117.0735221,65.0059702,-0.1485354625,-102.2748323,121.1116444,-48.92435823,-66.25949143,139.3538185,49.98568975,49.98570019,2865.65964,2856.268513,-16.77183356,-178.6321452,8.5574947,1
7094,96,24,24,1,1,1,1,0,1,1,0,1,1,1,1,265.8286699,247.5925226,185.8071298,12.22572625,28.47942277,25.2356062,265.9630815,246.3249079,188.7505821,10.16518923,28.56403742,27.41162751,1.892087322,16.14659426,-18.03866822,-1.848352204,-16.41750742,18.26583889,265.452459,246.9923554,184.5615565,8.539181335,8.809525911,2.253884471,265.5069053,245.9281207,187.5677432,5.279301372,8.942840175,10.4361,0,-102.7037409,119.247063,30.90083177,-151.5975307,-111.6818709,-0.6139612706,-102.1500981,119.7573586,-123.3478718,-54.86320031,109.639368,49.98442636,49.98445383,3116.554366,3107.358828,-0.433963232,-135.0460396,8.3868698,1
7095,96,24,24,1,1,1,1,0,1,1,1,0,1,1,1,271.3786912,244.85226,179.4619747,72.48215721,36.97810607,67.70196455,278.3307908,237.7232156,183.1430234,72.71011158,31.34744275,69.39766739,47.33287349,-0.9962837888,-46.33683298,-47.39525028,0.834357373,46.56069175,270.5871746,244.1932651,179.2422055,17.39504005,23.78091362,12.19865759,276.3276097,237.3279338,180.1933794,17.5060039,14.35523469,18.53978669,0,-103.5912131,119.8121853,83.43091423,-130.4263416,-5.29871777,-1.009363145,-103.9247465,121.9735725,-81.58308155,28.53091564,152.6501886,49.9781049,49.97793328,4344.157098,4391.621094,171.8291668,163.5355535,8.7507792,1
7096,96,24,24,1,1,1,1,0,1,1,1,1,0,1,1,274.3985271,246.9545113,178.4543266,19.79643818,21.44157467,4.752032062,275.1906997,245.5732008,178.8865263,19.60782665,19.47890402,9.083272533,14.13206105,-13.08578814,-1.045318349,-13.9446512,12.88833788,1.057321363,273.3428738,244.7731553,176.5192301,4.04566031,9.036813329,2.701322815,274.6253385,244.0126502,177.413652,4.263698533,4.568910115,8.150385989,0,-104.9612797,118.9173291,58.87556602,-125.9247037,44.58724236,-0.1773364409,-104.8358526,119.6202086,-54.54433615,-60.5190192,137.5846886,49.98519356,49.9851808,3101.872323,2820.531952,40.94129576,-138.5936677,8.4753596,1
7097,96,24,24,1,1,1,1,0,1,1,1,1,1,0,1,469.1457669,274.3308685,171.1339917,22.12665887,27.83483815,17.11791144,468.2213749,270.7172461,164.9824577,23.49077338,25.91462193,13.88746055,-13.49620865,21.71589471,-8.218314693,18.59248479,-22.87765636,4.28651404,342.6895445,243.2426627,108.0386762,15.00075887,16.49322497,10.25606639,337.5274064,238.987039,104.9834958,10.48597631,10.04194865,6.52306645,0,-124.9226207,116.3403364,-30.24981208,-162.0721258,83.71362725,-0.1560911874,-124.6857703,116.2563851,134.0048078,-25.9189869,-121.0923909,49.97521919,49.9798216,4536.326455,4445.748985,-372.198884,786.827297,8.1475647,1
7098,96,24,24,1,1,1,1,0,1,1,1,1,1,1,0,266.0911291,245.9887272,184.9369144,22.61034658,18.7579887,6.941614459,266.1214511,246.9875904,185.7021398,22.56186536,18.79564709,6.940124415,21.64787227,-16.988382,-4.65967499,-21.62796018,16.95920072,4.668555451,266.0346821,245.9548753,184.8785932,2.367487641,5.784881823,4.431854777,266.0722371,246.9373089,185.631086,2.07558799,6.002578282,4.425406487,0,-102.4438512,119.7589498,-3.623454462,-104.2358233,119.6309409,0.0111852212,-102.3267664,119.8560596,4.029178182,-100.9769973,119.6105789,49.9850757,49.98506136,2988.938685,2984.154164,8.917859137,-149.8795287,8.3795599,1
7099,96,24,24,1,1,1,1,1,0,1,1,1,1,1,1,268.1720432,244.6879803,184.1340899,7.319734767,10.21260233,3.515971299,269.5512372,244.1631227,184.9088112,7.712096301,6.207329901,7.773156661,-6.27241822,4.768123496,1.504089455,6.239779179,-4.707970068,-1.532013474,268.1463494,244.6891256,184.1372878,3.677425425,8.916899622,2.958073487,269.537864,244.1707678,184.9110983,4.45278428,3.790383519,7.534292872,0,-102.3176286,120.5264457,65.21109023,-116.9661197,65.24382279,-0.1469739734,-102.27437,121.1106596,-48.73673361,-66.52333579,139.3679942,49.98569605,49.98569377,2865.006605,2856.914078,-16.82140162,-178.4662888,8.5888715,1
7100,96,24,24,1,1,1,1,1,0,0,1,1,1,1,1,269.3942899,243.0678015,184.8956843,4.979808861,10.41759576,5.556831007,270.2523757,242.5906544,186.4183357,3.877418636,8.630746434,9.597789003,1.216839472,-6.555837495,5.338795313,-1.210983458,6.598082149,-5.38731313,269.3816008,243.0749168,184.8993882,4.684622644,8.012134963,1.26177922,270.2390775,242.5854448,186.4075682,3.492260966,5.440816631,7.892435608,0,-101.6561153,121.7794415,44.49621443,-126.1459556,84.79149353,-0.2638794331,-101.4427096,122.2787618,-70.70402783,-64.39549251,127.3060441,49.98571203,49.98570966,2861.068554,2854.386433,-38.18734598,-196.4482507,8.4430972,1
7101,96,24,24,1,1,1,1,1,0,1,0,1,1,1,1,268.1813218,244.7027442,184.1267798,7.411874881,10.29636729,3.493203594,269.5542092,244.1533805,184.9069525,7.766793077,6.288608321,7.78382054,-6.326120216,4.836791654,1.489106602,6.293183258,-4.776292968,-1.517099816,268.1551964,244.703617,184.1299107,3.732105439,8.959626246,2.944204252,269.5407331,244.1610272,184.9091722,4.441903115,3.80101688,7.550510517,0,-102.3229634,120.5207941,64.64525678,-117.2781476,64.98203686,-0.1520817576,-102.2777644,121.1066369,-49.57253646,-65.57584252,139.2897356,49.98570079,49.98568562,2863.604382,2859.457321,-19.03294404,-176.7144859,8.1670659,1
7102,96,24,24,1,1,1,1,1,0,1,1,0,1,1,1,273.8313494,244.6647214,179.1009566,17.9170118,18.6357159,4.675798953,275.7335154,244.3939543,179.70571,18.26076891,16.81429354,9.17856583,-14.52746235,13.91207283,0.6144193999,14.35215259,-13.7162471,-0.6368918614,273.2177001,243.4669306,177.9643539,3.82197599,8.328028818,2.525959708,275.0765626,243.1249961,178.8327691,5.580803401,3.816588433,8.253493499,0,-104.1353818,119.9985384,82.81574177,-115.3213037,44.64783269,-0.09906856186,-104.1175284,120.7107837,-42.89731586,-79.72523982,137.2865234,49.98566612,49.98508744,2742.958838,3092.810939,39.14722453,-173.2758115,8.490081,1
7103,96,24,24,1,1,1,1,1,0,1,1,1,0,1,1,271.5198376,245.0865489,179.9454626,67.54372585,34.66637458,63.02650187,277.7549733,238.4893537,182.9706552,67.73944558,28.87876695,64.59972766,-44.44662667,0.9551156618,43.49130847,44.50759323,-0.8064766891,-43.70134527,270.8281946,244.5242367,179.75257,15.96874378,22.91727213,10.86258203,275.9737836,238.1411657,180.364684,15.98022482,13.37081797,16.90168304,0,-103.5321181,119.8539544,81.52547852,-129.2522032,0.01425581283,-0.9241292944,-103.8689471,121.8055231,-82.09146535,28.95966915,153.9966399,49.97966361,49.97872766,3925.768043,4189.520644,82.15776007,116.946632,8.6047262,1
7104,96,24,24,1,1,1,1,1,0,1,1,1,1,0,1,266.0868563,245.9866419,184.948102,22.62563033,18.77126385,6.943531041,266.123509,246.9967214,185.713229,22.58252137,18.8166919,6.940594231,-21.66494446,17.00386682,4.660914119,21.64490538,-16.97721689,-4.667869628,266.0300433,245.9528709,184.8891557,2.340707871,5.77203189,4.433166918,266.0741318,246.9462549,185.6420103,2.103400883,6.01419309,4.424610003,0,-102.4399879,119.7615326,-3.857563367,-103.9879157,119.6209336,0.01323348432,-102.3238866,119.8586069,4.192164438,-101.2141309,119.6257033,49.98507545,49.98505921,2989.405136,2983.241507,9.589967818,-150.6727029,8.4615176,1
7105,96,24,24,1,1,1,1,1,0,1,1,1,1,1,0,469.0517871,274.4042699,171.2505113,22.02372919,27.63232034,16.72332708,468.1948398,270.7494672,165.0589593,23.48175583,25.77194416,13.49454074,13.7023405,-21.77106474,8.068474366,-18.79548428,22.93268832,-4.137219729,342.7245743,243.2514807,108.0234729,14.84106889,16.35999764,10.12234949,337.6218214,238.9874476,104.9898231,10.34564092,9.992950737,6.437220945,0,-124.9129099,116.3888284,-30.44523411,-162.296069,83.31482543,-0.1566179866,-124.676752,116.3378422,133.4909991,-26.71372214,-122.1827565,49.97763918,49.97754576,4471.678307,4501.404467,-369.756211,784.3137564,8.595986,1
7253,96,16,48,1,1,1,1,1,1,1,1,1,1,1,1,305.0997545,192.1312233,214.9465442,2.176264903,7.160385955,3.057631667,305.4662633,193.1728787,215.0703788,2.957602702,6.043132798,2.922916954,-0.0091026488,-0.005209042154,0.01376324564,0.009081603356,0.003245932797,-0.01287081372,305.0830969,192.1399344,214.9571161,2.174680812,7.160335224,3.056756725,305.4496138,193.1816852,215.080964,2.956383009,6.04300699,2.921976123,0,-104.5905645,98.93553457,8.799312273,-105.8246601,85.90984154,0.01693105595,-104.4777799,99.02310186,-6.538112368,-103.608801,112.4440062,49.98662906,49.98663883,2678.041827,2668.175566,-186.215776,-324.4709164,8.7153405,1
7254,96,16,48,1,1,1,1,1,1,0,1,1,1,1,1,304.8685636,191.92122,215.3024905,5.604465606,11.39495301,5.812163568,305.8452067,191.5040733,215.9117297,4.379965009,9.047247847,8.486248283,1.383672285,-6.642752207,5.258561832,-1.380305018,6.675805028,-5.2960083,304.8515183,191.9294116,215.3102485,5.276242135,9.152135867,2.261551149,305.8269562,191.4992606,215.9058165,3.952315158,5.94274371,6.553000801,0,-104.4025749,99.27032402,44.62725283,-127.7148491,1.006955849,-0.262118243,-104.1091034,99.75598837,-70.29786633,-67.44226348,119.323807,49.98657402,49.98658161,2688.745939,2679.997034,-197.2008274,-334.5689352,8.7587895,1
7255,96,16,48,1,1,1,1,1,1,1,0,1,1,1,1,304.8714336,191.9169241,215.2995258,5.596339844,11.4026076,5.819255688,305.8488013,191.5036981,215.9085243,4.381105591,9.0527058,8.485096927,-1.391634334,6.651210983,-5.260109669,1.388325065,-6.688282675,5.299421595,304.8543919,191.9251016,215.3073017,5.264268342,9.153853982,2.270078709,305.8305645,191.4987613,215.9024525,3.949135086,5.938883091,6.548025027,0,-104.4019568,99.27315216,44.64952362,-127.6937213,1.266199302,-0.2614279363,-104.1088704,99.75844781,-70.12699133,-67.44202593,119.4343193,49.98657356,49.98658207,2688.611082,2679.937441,-196.9616921,-334.7058932,8.9728547,1
7256,96,16,48,1,1,1,1,1,1,1,1,0,1,1,1,306.0561772,191.9866401,213.9160168,7.913359163,11.57782683,11.71968948,308.0118518,192.754519,212.0780147,10.63643967,4.160183071,10.05941708,7.144906809,1.756398508,-8.901811834,-7.183325452,-1.743389058,8.926238866,306.0358369,191.9940678,213.9258927,2.606341513,11.31415268,7.318313341,307.9711656,192.7592695,212.0652536,7.531849382,3.360700044,4.119868176,0,-104.6740708,98.99594233,153.2857872,-91.99813448,64.73118075,0.2359216402,-105.1568492,99.08775935,-8.908285243,-154.6723876,-167.1614328,49.98650845,49.98651199,2702.327593,2693.359761,-185.036353,-321.7261601,8.9707364,1
7257,96,16,48,1,1,1,1,1,1,1,1,1,0,1,1,306.0544329,191.9873849,213.9159118,7.870404076,11.57189973,11.69390641,308.0038203,192.7544243,212.0780135,10.59646537,4.163464542,10.02903127,-7.115017222,-1.766478983,8.880980923,7.153330014,1.749532142,-8.903381873,306.0340952,191.9948224,213.9257999,2.589163356,11.30638614,7.312216093,307.963431,192.7591645,212.0656152,7.514930415,3.35930107,4.108970007,0,-104.6743195,98.99579674,153.2499603,-92.02642938,64.80198246,0.2358804085,-105.1557904,99.08717181,-8.880096429,-154.5106053,-167.1506396,49.98651482,49.98650561,2701.886112,2693.667173,-185.5050714,-321.176845,9.0443655,1
7258,96,16,48,1,1,1,1,1,1,1,1,1,1,0,1,304.9568516,192.4220429,215.1462851,7.432243875,6.814311525,5.43156237,304.1058483,194.8567313,215.7626083,7.25573519,10.20215375,3.225191346,-6.167128921,4.725896463,1.440691158,6.190614503,-4.770244898,-1.420888242,304.9395815,192.4299976,215.1549236,4.059293312,4.79004981,5.09883543,304.0790747,194.8562638,215.7713531,3.687442312,8.955886029,2.635528654,0,-104.7144556,98.62110389,-45.96656381,-83.51301403,125.2812006,0.1538355452,-104.5089375,98.3464322,52.33711306,-116.0973475,37.55293843,49.98651677,49.98651624,2700.727703,2692.409151,-192.2797708,-328.9264333,9.200983,1
7259,96,16,48,1,1,1,1,1,1,1,1,1,1,1,0,304.9488677,192.4226363,215.1546738,7.419524833,6.806276092,5.429733395,304.1031593,194.8674785,215.7709406,7.258608458,10.21050167,3.225157709,6.160973748,-4.721558648,-1.439937514,-6.18443833,4.761986149,1.421926079,304.931594,192.4306012,215.1633376,4.045424103,4.788474933,5.098182382,304.076377,194.8670452,215.7796732,3.703453724,8.970705644,2.637918132,0,-104.7132646,98.61937832,-46.22404952,-83.21927169,125.3048553,0.155584713,-104.5085518,98.34474832,52.08542734,-116.221676,37.56776814,49.98651716,49.98651615,2700.140383,2692.916818,-191.537752,-329.730729,9.054028,1
7260,96,16,48,0,1,1,1,1,1,1,1,1,1,1,1,305.6175871,190.4039683,215.3843708,4.1267194,9.219238867,8.340999627,305.0668914,193.0570844,215.3043827,5.561629721,11.03273797,5.65404323,-1.376207457,6.793549534,-5.417882683,1.36884041,-6.71511082,5.345746872,305.5983648,190.4039743,215.3698345,3.644243471,6.02702725,6.26740059,305.0500099,193.0649869,215.3083221,5.21641725,8.61227052,1.573165711,0,-104.1130809,100.0962926,-71.13154344,-72.38147885,114.2382402,0.280647773,-104.0997512,99.75083563,41.46544192,-126.0371059,1.098902695,49.98660896,49.98660358,2683.03142,2674.361433,-201.0867872,-338.4723082,8.8108964,1
7261,96,16,48,0,1,1,1,1,1,0,1,1,1,1,1,364.068169,269.7569044,352.1276539,13.59334413,17.14490318,18.39619022,365.4786198,271.3246565,352.544471,14.26854271,16.10119935,18.22813161,-0.2860046109,6.160955566,-5.862874683,-3.428610308,2.420666494,1.019322877,253.1448435,218.4076356,277.0485505,1.851400559,7.362855579,2.43209851,254.151604,219.9583441,277.8346482,3.776083084,7.650313427,5.593323557,0,-100.656832,85.98041425,63.26069584,-100.1147094,53.97620378,-0.04204286677,-100.4964114,86.20840665,-26.05038312,-101.5676158,99.29347559,49.97284119,49.97359488,5689.378965,5034.077435,-136.4389036,-479.5305596,8.6937209,1
7262,96,16,48,0,1,1,1,1,1,1,0,1,1,1,1,306.5708811,187.6058048,215.6070726,6.248747765,37.78615061,33.12870092,306.7301658,188.843016,215.8768243,6.23357485,37.62919264,33.04245991,-3.437188758,35.02903977,-31.59220297,3.41137985,-34.91278795,31.5009957,306.4426366,187.428662,215.3898195,2.547556744,6.520747756,2.881206311,306.6012811,188.5656346,215.7050274,2.560212003,6.363340051,2.967300483,0,-103.2787636,102.3511999,0.6303264231,-105.1541757,98.04726145,0.009804714959,-103.1153878,102.4107672,-0.7247191321,-101.7659826,106.3920208,49.98508965,49.98504721,2989.497035,2981.284622,-175.32394,-311.6265472,8.5426552,1
7263,96,16,48,0,1,1,1,1,1,1,1,0,1,1,1,301.8714416,191.4387627,220.8914592,24.29047611,52.71007475,54.6888406,307.5399155,190.0278809,215.1054479,26.98029283,49.47832084,53.72843624,1.565864472,35.20293491,-36.7688389,-1.675225562,-34.80725415,36.48253431,301.5852493,190.3245884,219.0108716,11.68731809,17.53309577,14.11863398,307.1058111,189.9308112,214.4694283,16.41469729,5.907443534,12.26710422,0,-102.9971837,100.2414108,155.1131031,-88.92153876,40.44796209,0.4904961525,-104.2258116,100.8674041,-17.37348861,125.3058137,-164.0367246,49.98190483,49.98290859,3585.455578,3314.369629,-23.76822407,-302.9680875,8.4427997,1
7264,96,16,48,0,1,1,1,1,1,1,1,1,0,1,1,306.265866,191.4308215,214.0255656,16.72212512,11.98184788,18.40014945,308.3985779,191.9373804,212.3258843,18.13893748,3.824327083,17.50029703,-10.64693876,-1.69805749,12.34453069,10.70046885,1.7099048,-12.410841,306.2102021,191.4206355,214.0081419,2.591115255,11.67626226,7.292599639,308.2014743,191.9037407,212.129323,7.307834724,2.699821114,4.328721344,0,-104.487559,99.45992883,140.729907,-94.43686476,62.97398325,0.1926885493,-104.9799745,99.58506317,-12.9399279,-156.6286189,-169.357244,49.98622271,49.9862476,2758.739415,2744.538417,-193.0840937,-314.9658401,9.1213208,1
7265,96,16,48,0,1,1,1,1,1,1,1,1,1,0,1,304.970669,192.3645308,215.1659792,7.574513079,6.962315469,5.5005689,304.0898451,194.8526463,215.7814916,7.42090675,10.39440625,3.179134854,-6.285126296,4.944471803,1.340107201,6.308617595,-4.987066462,-1.322056303,304.9534256,192.3724567,215.1748583,4.12785798,4.760815741,5.215504512,304.062777,194.8518039,215.7902085,3.799986321,9.046870484,2.663420645,0,-104.6972167,98.66077151,-47.40103342,-81.98974439,125.6417687,0.1618275571,-104.4939982,98.372418,53.11859067,-116.6446707,35.06717809,49.98651849,49.98650993,2700.790515,2693.197375,-192.9895137,-329.7757423,9.2213694,1
7266,96,16,48,0,1,1,1,1,1,1,1,1,1,1,0,305.6027922,190.39559,215.4151608,4.130629223,9.294504311,8.443667001,305.0490546,193.0561578,215.3250125,5.578160321,11.08780317,5.766344369,-1.341531101,6.876996119,-5.535971388,1.333947945,-6.796980774,5.462477182,305.5835838,190.3953116,215.3996604,3.661633037,6.043564676,6.301190733,305.0321661,193.0640266,215.328815,5.243087883,8.615605986,1.578339648,0,-104.1045823,100.104094,-71.47310907,-72.21529569,114.1622373,0.2830703816,-104.0935864,99.75576689,41.55131177,-126.1842215,-0.1254917326,49.98660403,49.98660491,2684.42572,2673.570231,-201.4071452,-338.5537742,9.0998934,1
7267,96,16,48,1,0,1,1,1,1,1,1,1,1,1,1,305.6139808,190.4050291,215.3936186,4.12232742,9.231678077,8.354797888,305.0654979,193.0552635,215.3070109,5.565027479,11.0266049,5.661465745,1.366377303,-6.797533328,5.430619873,-1.358942621,6.714990687,-5.356575475,305.5947679,190.4049317,215.3789848,3.64134317,6.040575214,6.276854657,305.0486004,193.0631624,215.3109262,5.22149142,8.600730944,1.565514017,0,-104.1111465,100.0971149,-71.23736613,-72.42192613,114.1258424,0.2811396905,-104.099209,99.75152999,41.40813468,-126.090764,0.6104462568,49.98660645,49.98660589,2682.940458,2674.422696,-201.253818,-338.3554221,9.1399169,1
7268,96,16,48,1,0,1,1,1,1,0,1,1,1,1,1,306.5718657,187.5944689,215.6166754,6.242702764,37.94691933,33.29499382,306.7279635,188.822871,215.8798793,6.22734985,37.7928682,33.20797961,3.435611541,-35.18148,31.74547641,-3.40968918,35.06183321,-31.65251517,306.4433931,187.4145048,215.3971976,2.547775291,6.508842772,2.879266446,306.6017697,188.5469223,215.7067686,2.560045285,6.372692484,2.965508792,0,-103.2736741,102.3624722,0.668422919,-104.9246641,98.6235253,0.009782840462,-103.1116458,102.4214047,-0.7627340062,-101.9958654,105.8545666,49.98504989,49.98506382,2988.955299,2984.616454,-175.7535803,-311.0396547,9.0367158,1
7269,96,16,48,1,0,1,1,1,1,1,0,1,1,1,1,358.2413696,269.0349428,351.5455435,10.74298231,19.61655655,19.12589717,362.1820994,272.046553,352.4059684,13.18089741,16.4730925,17.75289761,-2.513558895,-14.87086067,17.38450486,6.171435304,6.367933525,-12.53912902,249.1289173,217.7576267,276.4968163,4.372504052,8.102197599,4.321064611,251.6695713,222.5996009,279.8923563,7.312373806,13.57077261,10.88330769,0,-100.850904,85.16387172,117.7185034,-37.23151392,-142.9692633,0.05326455518,-100.9222249,85.44436137,-31.96967272,-133.4183456,68.00251044,49.97700867,49.96931397,5297.419739,5418.369818,173.587607,-802.1271335,8.8592753,1
7270,96,16,48,1,0,1,1,1,1,1,1,0,1,1,1,306.38138,191.5315402,213.8125202,15.27676189,11.7861209,17.13035677,308.3912528,192.0977409,212.1743678,16.74408932,4.187581703,16.19706441,10.23256618,1.905057465,-12.13824048,-10.28453194,-1.913455698,12.19736055,306.3302295,191.5249385,213.8009142,2.358615916,11.3862141,7.045765294,308.2243679,192.0709217,212.0136579,7.088585549,2.857796167,4.077467994,0,-104.5652258,99.37209396,140.0475922,-94.46869476,63.92680911,0.1905552251,-105.0265249,99.48887363,-12.30787805,-151.4894947,-171.0388422,49.9863632,49.98624228,2726.027122,2748.506044,-193.5930543,-311.2797597,9.2215032,1
7271,96,16,48,1,0,1,1,1,1,1,1,1,0,1,1,301.0732253,191.5244761,221.8877522,26.96465435,58.10442973,60.29929631,307.2936116,189.4673314,215.1707459,29.58479802,54.71268322,59.29392178,-1.60127209,-38.54222392,40.14294679,1.723181775,38.10733542,-39.83107811,300.6956482,190.1862259,219.6490153,12.898412,19.01187752,15.49769003,306.7529349,189.36617,214.4108263,17.5594386,7.017210883,13.66073705,0,-102.7818375,100.3123707,153.5000318,-89.91439671,39.28306043,0.5337139854,-104.1584326,101.0174474,-19.0672792,115.9757256,-162.8922505,49.98125702,49.98145792,3739.163595,3673.170447,4.903952664,-232.6968342,8.7477104,1
7272,96,16,48,1,0,1,1,1,1,1,1,1,1,0,1,302.5660233,193.3570809,219.1880533,12.30651336,33.30082469,30.97437289,303.4995728,196.7593594,216.6521468,15.04558954,32.43348862,29.16976289,-2.798303044,-17.35181003,20.14936569,2.890851004,16.96984696,-19.86138362,302.2754395,192.9637247,218.0754006,6.338216049,11.26790269,10.60116848,303.2141599,196.1855214,215.8270898,10.66090997,9.184566066,4.816718491,0,-104.1847788,98.17343973,-138.519407,-61.69153313,90.77377928,0.6787265638,-104.8329858,97.68040042,23.3177535,-161.137682,-97.89780699,49.98496642,49.98495937,3010.568422,2997.01248,-148.4017327,-315.7384029,8.7427539,1
7273,96,16,48,1,0,1,1,1,1,1,1,1,1,1,0,304.968692,192.3474042,215.1706632,7.582868382,6.975307096,5.513996904,304.085716,194.8537676,215.7865973,7.445773076,10.43068482,3.172043459,6.279392171,-4.955810598,-1.324054515,-6.302922838,4.994277527,1.308165102,304.951454,192.3553067,215.1795178,4.132037063,4.753172526,5.235266035,304.0585815,194.8528244,215.7952727,3.836166632,9.07458743,2.665747781,0,-104.6928285,98.66927766,-47.90014053,-81.51782933,125.6712011,0.1647890417,-104.4901432,98.37860378,53.08120312,-116.8142169,34.65337725,49.9865086,49.98652104,2702.409967,2691.706542,-192.1707278,-331.1029833,8.6857231,1
7274,96,16,48,1,1,0,1,1,1,1,1,1,1,1,1,308.0312308,191.7506005,211.2733277,11.07241016,4.661557969,10.96196565,306.5067954,193.3308545,213.5256202,8.738702288,11.25960169,12.33436371,-7.978186303,-2.068169738,10.04586399,7.928065006,2.054852482,-9.983392915,307.9806744,191.7540225,211.25098,7.078848189,3.677034479,3.455085469,306.4856059,193.3384233,213.535152,2.182415983,10.8964629,6.723334778,0,-105.3752392,99.01150248,-9.34086356,-150.6027646,-170.5840861,-0.187872186,-104.6212372,99.02941722,148.6294258,-91.54042071,68.0391875,49.98648951,49.98647351,2706.052133,2701.306525,-175.6743922,-315.4763319,8.6027558,1
7275,96,16,48,1,1,0,1,1,1,0,1,1,1,1,1,307.1389706,188.9038907,213.9188327,33.00564589,60.41778248,65.4452907,300.479642,194.2765056,221.6684244,30.4372678,63.37158557,66.11310611,-2.19289472,-41.95896235,44.15127594,2.111589828,42.13078836,-44.24298776,306.4150213,188.8364822,213.1827335,18.83955314,7.954976177,14.65795021,300.0434428,192.3635574,219.3892611,14.23703978,19.96241315,16.23202383,0,-104.460295,100.8705141,-21.46336069,112.0958051,-164.4981399,-0.5168861429,-102.6758586,100.1428071,151.1669567,-90.50539753,36.49149372,49.98026813,49.98021735,3911.089529,3927.644955,-53.68657817,-83.60824629,8.6971036,1
7276,96,16,48,1,1,0,1,1,1,1,0,1,1,1,1,308.1852544,191.4222219,211.3217147,13.85172375,4.60508672,13.70590859,306.6391359,193.0714874,213.5061116,12.10482411,11.32511352,14.76299435,-9.364792444,-2.048328172,11.41261147,9.307531593,2.022488743,-11.33050129,308.0811127,191.4157297,211.2377545,6.925337884,3.500452893,3.447265051,306.6043114,193.0745476,213.5067133,2.092824959,10.93371632,6.65761525,0,-105.2926817,99.24465197,-10.38879884,-149.8714673,-171.5399712,-0.1730030733,-104.5427876,99.25663801,143.782375,-92.33094402,68.01081186,49.98639875,49.98639659,2725.169921,2715.737197,-172.1426578,-319.3523881,8.8608841,1
7277,96,16,48,1,1,0,1,1,1,1,1,0,1,1,1,351.3915836,211.7241305,371.8423868,24.39242138,19.27981407,21.31304537,352.1882663,214.0116671,372.4787702,24.81840992,20.66664731,21.68197809,-2.741013953,-1.543123564,4.286079203,2.101655536,-5.066281779,2.965692398,316.983678,149.7365634,240.8976967,0.596463836,3.821316228,1.437970189,317.7701907,151.3898362,241.7018256,4.730718797,6.793634037,5.166817306,0,-89.92843613,128.8430697,19.90151016,-71.37903815,145.5998429,0.1498761136,-89.7378036,129.0307233,-2.441266481,-100.484856,124.2275334,49.99434206,49.95892404,3404.115946,5912.163468,-527.1789584,-946.4197339,8.5006501,1
7278,96,16,48,1,1,0,1,1,1,1,1,1,0,1,1,311.2367263,192.1481793,206.7359398,37.35562554,9.884912904,43.93512127,311.3599914,193.4076468,206.9948932,37.35531813,9.815477193,43.84356731,-34.70655145,-6.132977642,40.83921811,34.68562096,6.083121442,-40.76903822,310.9817051,191.9478752,206.4696937,2.428122717,6.614158453,2.939765269,311.1371943,193.1940742,206.7240657,2.761980767,6.576831072,2.662044945,0,-106.3258378,98.47997035,-3.244345949,-106.2649343,95.02884846,0.02793375039,-106.1760858,98.52228575,2.774768115,-106.7948493,102.1296968,49.98428618,49.98427652,3146.497465,3140.615083,-75.76213301,-217.0387741,8.6687069,1
7279,96,16,48,1,1,0,1,1,1,1,1,1,1,0,1,312.0522017,187.5612415,210.2141799,73.03747526,30.97545548,69.81276355,306.3579466,197.0519801,209.2582766,72.93330418,36.61564624,68.66692849,-47.58185509,0.535904904,47.04562939,47.47406911,-0.749116456,-46.72524392,310.2245186,187.1656045,207.5775768,17.20724928,14.18910516,16.50632943,305.6268723,196.2773359,209.0258667,17.90674272,23.84344758,13.09934069,0,-105.3506149,100.8340301,-89.03490295,17.19420839,144.7372371,1.083240396,-104.9014999,99.17321812,74.30867852,-135.3827528,-17.66546595,49.97867049,49.97876952,4254.384975,4197.526878,164.4425831,-126.9202473,8.6074628,1
7280,96,16,48,1,1,0,1,1,1,1,1,1,1,1,0,312.0349441,195.491941,207.6593637,16.59014235,16.7708804,6.643101935,311.5913549,198.6864572,208.6265716,16.91721925,18.83178585,4.667499266,13.42853442,-12.44900287,-0.979925284,-13.59992995,12.62182089,0.9780185285,311.4305943,193.4786804,206.1416545,3.720984728,5.187876292,5.375176103,310.7385986,196.0983813,206.6840167,4.16421327,9.140742232,2.587664974,0,-106.8490725,97.35275005,-52.68015792,-77.97577548,124.3652477,0.1812582242,-106.716818,97.02099821,45.32144866,-123.0084723,25.32691398,49.98672589,49.98535406,2629.915015,2928.138422,-131.5112758,-294.1670452,8.665403,1
7281,96,16,48,1,1,1,0,1,1,1,1,1,1,1,1,308.0230669,191.7536861,211.2697549,11.06095119,4.659481308,10.95883382,306.5065233,193.3345363,213.5267485,8.73198771,11.26314495,12.34227583,7.991721367,2.066844183,-10.05910092,-7.94146097,-2.057677615,9.998622553,307.9726426,191.757118,211.2477484,7.063408359,3.679099129,3.440201332,306.4853178,193.3420807,213.5363037,2.163581236,10.90152686,6.734856403,0,-105.3766053,99.00765632,-9.241767947,-150.7112753,-170.2101123,-0.188174694,-104.6217508,99.02824462,148.7771093,-91.51393423,68.24491494,49.98648363,49.9864795,2707.963273,2699.34799,-174.4985932,-316.6691683,8.5580342,1
7282,96,16,48,1,1,1,0,1,1,0,1,1,1,1,1,308.202364,191.3364082,211.3952595,14.71486537,4.623747295,14.54494707,306.6555715,193.0084862,213.529807,13.11179498,11.33055782,15.50849209,9.659121872,2.101491827,-11.76113474,-9.600010961,-2.075500496,11.6749944,308.0750153,191.3237245,211.2874106,6.83054765,3.435890321,3.420022136,306.6137632,193.0086713,213.5266734,2.03717222,10.91213655,6.585180275,0,-105.2584406,99.31156027,-10.91540097,-148.8231206,-172.625663,-0.1645097928,-104.5162105,99.3198022,141.0195486,-92.75142554,67.98736931,49.98638343,49.9863493,2728.096161,2725.490147,-171.4658768,-320.4987786,8.5765218,1
7283,96,16,48,1,1,1,0,1,1,1,0,1,1,1,1,307.1367079,188.8286573,213.8834329,33.43920505,60.76398587,65.90624179,300.3711167,194.2481363,221.6888963,30.86987371,63.72669011,66.56742932,2.196109321,42.1686723,-44.36522004,-2.113574291,-42.34458397,44.45772956,306.3979894,188.7604143,213.1294031,19.07167877,8.060082437,14.86022617,299.9307809,192.3176873,219.3883832,14.47263238,20.07475439,16.39752484,0,-104.4568766,100.8977589,-21.57331103,111.7296235,-164.7294822,-0.5223656352,-102.6598361,100.149812,151.1438153,-90.51775434,36.04341258,49.98009287,49.98005902,3958.357234,3978.668583,-49.50455994,-66.91457236,8.4080353,1
7284,96,16,48,1,1,1,0,1,1,1,1,0,1,1,1,311.2383668,192.1600055,206.7459007,37.33763618,9.885124261,43.91656588,311.3505628,193.418683,207.0010954,37.33516011,9.817210997,43.82331652,34.68557243,6.132716153,-40.81863052,-34.66448196,-6.08521372,40.74934562,310.9835486,191.9598869,206.4799271,2.442992405,6.613386844,2.952991681,311.1283262,193.2044164,206.7300937,2.748664793,6.578335529,2.648058802,0,-106.3263954,98.4762232,-3.566097445,-106.3030515,95.20121286,0.02818446923,-106.1763815,98.51608204,3.091751449,-106.7575278,101.9640816,49.98428848,49.9842908,3147.047274,3137.591751,-76.16633406,-216.8733648,8.5962595,1
7285,96,16,48,1,1,1,0,1,1,1,1,1,0,1,1,356.1726249,214.7422939,373.3031895,36.7780844,26.67115592,26.84005892,356.4452457,217.1703207,373.8881527,36.58051479,26.31696972,25.8333667,4.430382878,2.894315574,-7.319372287,-3.84337493,3.825895253,0.02211027481,321.4030292,152.7246655,240.9503298,3.892283948,5.229830369,3.990457592,321.9607911,154.2513203,242.1176342,2.951898325,5.631469658,4.853736393,0,-90.83667005,127.9705929,32.49216571,-75.84375747,175.6284041,-0.05473282076,-90.80346906,127.8921956,-45.28405372,-105.1571202,90.38088936,49.97109059,49.98132709,3995.303893,5465.548983,-562.1199009,-777.0541675,8.1765809,1
7286,96,16,48,1,1,1,0,1,1,1,1,1,1,0,1,315.4679928,196.8703557,205.1159095,21.00933908,20.98352987,7.637817443,314.9824014,199.875936,206.1956774,21.3899435,22.593083,5.701727349,-17.46460909,16.86635192,0.5967260277,17.69415672,-17.10261745,-0.5931670938,314.2606505,193.2507888,202.705374,3.351735205,5.700310389,5.628205955,313.7547597,196.0790669,203.1646461,4.457720074,9.131859044,2.529671281,0,-107.4669835,97.41396641,-57.66837443,-73.99729347,123.451574,0.2136207446,-107.4039136,97.04495343,39.49877604,-127.8870025,17.35456829,49.98713009,49.98431509,2575.220951,3124.946043,-147.6945424,-229.7891492,8.3841024,1
7287,96,16,48,1,1,1,0,1,1,1,1,1,1,1,0,308.0255943,191.7522696,211.2693917,11.06882313,4.65443692,10.96397521,306.5065357,193.3353049,213.5295644,8.740807105,11.26682405,12.34567495,7.998474875,2.062585744,-10.06160919,-7.948296779,-2.053244078,10.00101373,307.9752228,191.7557012,211.2471689,7.066267422,3.67512401,3.443702535,306.4853551,193.3428209,213.5391129,2.168411191,10.90617694,6.734706744,0,-105.3763828,99.00925042,-9.289490239,-150.7594678,-170.2478565,-0.18840244,-104.6210817,99.02923114,148.6610855,-91.52300865,68.21055557,49.98648173,49.98648143,2708.469726,2698.802072,-174.2151428,-316.932664,8.5140953,1
7288,96,16,48,1,1,1,1,0,1,1,1,1,1,1,1,304.4914175,193.4035714,215.1062123,6.577788483,10.17806251,3.324774392,305.6772347,193.2696021,215.1172763,6.740142769,6.372974466,5.655831229,5.294317507,-4.097861229,-1.196957806,-5.261993634,4.039802217,1.221671836,304.4641691,193.4084177,215.1146505,3.84539624,9.254641826,2.978778506,305.6590684,193.2780232,215.1243363,4.158010381,4.810867023,5.455598515,0,-104.8412396,98.11989119,53.24832199,-118.868924,30.16084879,-0.1417322835,-104.7167965,98.52506713,-48.01488316,-77.82848647,128.5842593,49.98652677,49.98652962,2698.813713,2689.816716,-185.2257783,-325.2316464,8.846316,1
7289,96,16,48,1,1,1,1,0,1,0,1,1,1,1,1,304.4936162,193.3886992,215.1131859,6.806388897,10.43296087,3.298146747,305.7217355,193.1765735,215.1295485,6.92797833,6.574888824,5.783989725,5.454354556,-4.413227185,-1.0416453,-5.421340596,4.355695482,1.065142107,304.4658511,193.3936041,215.1218636,4.016019143,9.387931421,3.03432445,305.7035382,193.1847794,215.1371171,4.261256136,4.798162696,5.634300163,0,-104.8319074,98.14041332,54.21842513,-119.6586973,26.92025418,-0.1539591199,-104.7029631,98.56615837,-50.07951356,-75.58959244,128.8630752,49.98651927,49.98653105,2699.559049,2690.169226,-186.0558571,-325.9154065,9.0586081,1
7290,96,16,48,1,1,1,1,0,1,1,0,1,1,1,1,303.7840277,196.2043581,215.9819649,16.82930215,35.82827109,31.80948167,302.9415276,195.2007188,219.4401229,14.1095433,36.45759265,33.46874759,3.156406767,18.25720953,-21.41381972,-3.074788768,-18.53797805,21.6124636,303.4046987,195.5932645,215.0794539,11.43025674,9.953641031,5.390859027,302.5835872,194.6507879,218.196328,7.018295602,12.07253016,11.16895071,0,-105.5383321,96.57590226,21.84446569,-165.7681254,-96.02098545,-0.7085147566,-104.4822022,97.20895305,-142.3677137,-59.85836669,90.63134497,49.98457239,49.98454834,3086.664253,3083.621217,-157.9811665,-261.3783393,8.8996505,1
7291,96,16,48,1,1,1,1,0,1,1,1,0,1,1,1,307.544566,194.6460858,209.5547893,70.98571768,35.66508385,67.05097802,313.3962983,187.8918201,211.0246529,71.02405907,29.5776358,67.96777244,45.93421063,-0.2974857579,-45.63705953,-45.98136706,0.1617312659,45.81937263,306.844644,194.0148307,209.2552285,17.36097528,23.76896872,13.28198959,311.7935651,187.4778294,208.1921737,16.81308054,13.83489559,16.41436451,0,-105.8671732,97.56503505,74.87986596,-135.5489038,-16.02902579,-0.9964537349,-106.0349453,99.28902391,-87.87768734,16.77545602,145.6826965,49.9792853,49.97894932,4092.973401,4183.805099,7.539005811,17.93612764,8.9980703,1
7292,96,16,48,1,1,1,1,0,1,1,1,1,0,1,1,310.8991167,195.7474414,208.2258823,20.00063948,21.70217746,4.897022963,311.7521808,194.6830143,207.9219961,19.6653413,19.71004911,7.488423008,13.31708116,-12.80210611,-0.506646817,-13.13108094,12.61535135,0.5240048413,310.0106898,193.4767117,206.5081629,4.68465033,9.632783984,3.306769667,311.1980899,192.9723032,206.5691653,4.24157001,5.523959338,6.528434292,0,-106.7140152,97.19859919,50.53393654,-128.1859746,6.571815497,-0.186271216,-106.4750272,97.75694261,-58.80057258,-67.7615486,127.7334741,49.98734004,49.98424234,2871.910114,2858.104349,-139.1847099,-238.7232395,8.7848718,1
7293,96,16,48,1,1,1,1,0,1,1,1,1,1,0,1,503.299307,224.9135068,167.715063,29.09186872,34.24328215,19.29941927,504.7249099,232.1281662,177.4768614,27.51484773,35.76222683,21.66273591,23.46320283,-30.66236017,7.200149733,-18.33502277,27.98983518,-9.653554788,381.1159589,191.3260554,105.7051412,12.13032352,12.80733187,10.06326151,387.435896,199.4504904,110.5454717,17.1650172,20.99263434,12.51146976,0,-124.8819303,98.76513146,133.4388015,-17.77686146,-117.7088178,0.17286097,-124.8057719,99.47641307,-30.85092102,-160.5678613,70.28970872,49.9760379,49.97760311,4666.021317,4621.391553,1601.534802,-233.5195937,8.6710723,1
7294,96,16,48,1,1,1,1,0,1,1,1,1,1,1,0,303.0155147,194.3396863,216.7337149,19.45214679,16.62382382,5.398905311,303.0825368,195.6090805,217.1013622,19.40816077,16.6769998,5.400151122,18.68307772,-14.73827611,-3.945265413,-18.66580703,14.70986345,3.955457769,302.9740558,194.3168947,216.6992251,2.630983608,6.578622408,2.939748932,303.0463716,195.5627806,217.0582177,2.425102042,6.776648494,2.929249425,0,-104.8467756,97.40256435,-2.963924133,-106.1700221,97.24086378,0.01310507303,-104.6723226,97.44287439,3.115942522,-103.9498405,97.41257205,49.98603746,49.98602609,2796.841324,2790.114535,-181.3534613,-319.6387191,8.6141018,1
7295,96,16,48,1,1,1,1,1,0,1,1,1,1,1,1,304.4944644,193.406925,215.0989524,6.577772219,10.18578367,3.324021104,305.6834425,193.2683117,215.1096496,6.741145116,6.378399175,5.662823684,-5.289927368,4.102830167,1.186575463,5.257551146,-4.048410568,-1.209665078,304.4671892,193.4117277,215.1073906,3.850604602,9.259313837,2.983097078,305.6652761,193.2767328,215.1166866,4.164543718,4.811131841,5.465717148,0,-104.8432914,98.11747524,53.33098739,-118.9056269,29.9711886,-0.1423343812,-104.7187813,98.52391736,-48.06962043,-77.74461604,128.6130053,49.98652488,49.98653173,2698.929105,2689.607159,-185.1585539,-325.2548572,8.5619759,1
7296,96,16,48,1,1,1,1,1,0,0,1,1,1,1,1,304.8776841,191.9238465,215.2929689,5.594028523,11.37931372,5.764325379,305.8556344,191.5059871,215.892656,4.38298492,9.009748758,8.43804859,1.403832644,-6.608296835,5.203911799,-1.400479433,6.640981344,-5.24103545,304.8606423,191.9320364,215.3007513,5.259964702,9.158930211,2.268907305,305.8373726,191.5012989,215.8869804,3.948779772,5.926769971,6.536122822,0,-104.4047695,99.26921088,44.66664309,-127.6256161,1.579486992,-0.260954177,-104.1134178,99.75388351,-70.05917678,-67.45987138,119.4736186,49.98657087,49.98658593,2689.043615,2679.436648,-197.1409488,-334.4716979,8.2459942,1
7297,96,16,48,1,1,1,1,1,0,1,0,1,1,1,1,304.4797356,193.3851467,215.1363464,6.884368339,10.49073821,3.294743388,305.7101326,193.1523835,215.1517915,6.981055923,6.629658818,5.812127289,-5.491002222,4.471568997,1.018995666,5.457704948,-4.417727846,-1.040422969,304.4515862,193.3898772,215.1449706,4.063221191,9.414963413,3.031332087,305.6918018,193.1605336,215.1592063,4.268256886,4.801997221,5.663522612,0,-104.8256309,98.14571081,54.14762104,-119.8593776,26.35961197,-0.1568604785,-104.6952315,98.57478045,-50.7132155,-75.06408263,128.7727677,49.98652847,49.98651984,2697.529264,2692.891821,-187.5307699,-325.1623067,8.5458903,1
7298,96,16,48,1,1,1,1,1,0,1,1,0,1,1,1,314.2902335,196.535486,205.7254336,20.24839463,21.57850556,7.117867999,316.2573985,196.8548445,205.234658,20.4679344,20.01939209,9.264636507,-15.99447321,16.19502414,-0.2033428356,15.73117689,-15.9088273,0.1748288617,313.1023034,193.2080599,202.9118352,3.948858799,8.417335251,3.236905073,314.9147176,193.2988884,203.0225889,5.66018518,5.245470271,6.746256228,0,-107.2899287,97.51744377,74.58872859,-118.5615022,-0.2830127919,-0.1053659489,-107.1642703,98.11205773,-42.37825667,-89.64985036,126.0129426,49.98527145,49.98613873,2681.922936,2990.342096,-65.87609804,-304.4736972,8.6518499,1
7299,96,16,48,1,1,1,1,1,0,1,1,1,0,1,1,307.6957405,194.6143536,210.5932403,60.94414482,30.68646015,57.74018737,312.462131,189.0697134,211.1638253,60.96610222,24.24949849,58.48735432,-39.9021584,0.02599478148,39.87745544,39.95069873,0.08660185554,-40.03582669,307.2090579,194.1755458,210.3660793,14.33857988,21.63081513,10.75084134,311.2347139,188.7472208,208.9982319,13.74145833,11.40004024,13.38771374,0,-105.7314951,97.65178542,72.57892845,-132.5440277,-6.943979566,-0.790426717,-105.9374988,99.00645223,-86.42299534,16.51899174,148.8946224,49.98208049,49.98037659,3434.987837,3830.059148,-124.3067674,-70.28472668,8.5474674,1
7300,96,16,48,1,1,1,1,1,0,1,1,1,1,0,1,303.0198057,194.3361894,216.7181253,19.43899212,16.60986916,5.39796037,303.0874242,195.6107683,217.0865517,19.39633867,16.6681556,5.397863179,-18.67003374,14.72377394,3.945799133,18.65292553,-14.69917327,-3.954243055,302.978563,194.3133803,216.683667,2.626576799,6.572670903,2.940592889,303.0515228,195.5643472,217.0440241,2.430211141,6.782336442,2.928001103,0,-104.8493543,97.40155124,-3.094549909,-106.1433648,97.23909302,0.01375331044,-104.6747367,97.44178399,3.245791806,-103.9824133,97.41231204,49.9860342,49.98602773,2798.070704,2788.892469,-180.9293506,-319.9394864,8.3190115,1
7301,96,16,48,1,1,1,1,1,0,1,1,1,1,1,0,503.5407998,231.0082288,178.4459229,25.4272283,32.47756985,19.09126678,502.458729,227.3407498,170.2834932,26.85033355,30.96901749,16.60000701,16.66217502,-25.1661212,8.503274731,-21.73121317,27.67185624,-5.941333837,387.7141417,197.9171908,110.4538384,16.44204966,19.69306125,11.08354154,382.0736837,192.8737676,106.6183856,11.39456969,12.07588699,8.580526854,0,-124.5850504,98.41774993,-30.73904502,-161.9676298,70.21817248,-0.1404581999,-124.2331887,97.85726237,132.5938453,-24.21000703,-119.0152232,49.97710346,49.97684911,4636.469732,4572.985141,-60.2529125,1308.858031,8.3970581,1
7449,64,48,16,1,1,1,1,1,1,1,1,1,1,1,1,236.5361136,292.5596155,177.0295036,2.487009773,3.889900178,6.453073762,236.6793675,293.1685083,177.975695,2.779858643,4.058935027,5.723258543,0.0181003394,0.0007844066433,-0.01885187528,-0.0183614296,-0.001590055224,0.02000152415,236.5273008,292.5675576,177.0303776,2.486169397,3.889504261,6.452809647,236.6705436,293.1764916,177.9765731,2.779055682,4.058537453,5.722926197,0,-97.41411523,148.5861041,-11.4069172,-93.04323276,145.7998772,0.07177070089,-97.38578682,148.7306445,10.10571929,-101.7567386,151.2784118,49.98573848,49.98574456,2856.810277,2846.414554,-130.2313548,-285.8684581,8.7160268,1
7450,64,48,16,1,1,1,1,1,1,0,1,1,1,1,1,236.7137318,292.4591508,177.3759335,5.063578957,8.366342112,6.081376769,237.4120472,291.8227601,179.6710103,3.450645672,7.763912002,10.16469783,1.435611627,-6.245821307,4.810230891,-1.42155705,6.276858776,-4.8552737,236.7036502,292.4659637,177.3760049,4.701624926,5.487008251,3.580363285,237.401756,291.8195328,179.6609558,2.90022632,4.471720708,8.87265297,0,-97.111729,148.805452,33.51136556,-130.3109827,166.7148517,-0.2579850573,-96.9401381,149.1292248,-64.18472148,-55.00400479,141.5148328,49.98562585,49.98563482,2878.409453,2869.23322,-140.0383343,-294.9693189,8.4434771,1
7451,64,48,16,1,1,1,1,1,1,1,0,1,1,1,1,236.7152224,292.4614273,177.3741889,5.061980182,8.371479863,6.083298271,237.4132819,291.8238523,179.6666773,3.450233783,7.765578404,10.16565132,-1.438619861,6.246824752,-4.808171085,1.424163767,-6.279486873,4.855349988,236.7051452,292.4682682,177.3742699,4.699736639,5.490733621,3.578588514,237.4029731,291.8206892,179.6565838,2.899508508,4.469684502,8.87175271,0,-97.11362541,148.8039139,33.50562385,-130.3007657,166.6258976,-0.2576314244,-96.9422802,149.1282409,-64.14835983,-54.96409081,141.5500766,49.98562888,49.98563162,2878.355167,2869.284127,-139.9494495,-295.0313955,8.6411831,1
7452,64,48,16,1,1,1,1,1,1,1,1,0,1,1,1,237.1288039,292.1782191,176.6916681,6.663861128,7.58353611,11.76183353,238.0622126,293.1655386,176.0305931,9.326835763,4.531159209,9.834558759,6.138509703,1.455658277,-7.59410694,-6.178039873,-1.451009649,7.62909928,237.1165075,292.1853008,176.6919969,2.191454951,7.300912708,8.834882888,238.0320343,293.1711853,176.0130869,6.847530682,4.041122334,5.993958268,0,-97.72009019,148.4681858,-131.6222021,-67.47492148,120.1424085,0.4498217314,-98.03426711,148.8385048,13.92848196,-164.1749307,-167.7170679,49.98566642,49.98567181,2870.333905,2861.667907,-138.9488382,-293.3210299,8.3514182,1
7453,64,48,16,1,1,1,1,1,1,1,1,1,0,1,1,237.1209631,292.1828033,176.6918452,6.675849176,7.584873392,11.76874946,238.0570336,293.1715783,176.0321218,9.338562277,4.534659195,9.841714418,-6.152083813,-1.4565551,7.608671656,6.191273649,1.449929904,-7.641145937,237.1086289,292.1898965,176.6922102,2.195234335,7.303505248,8.835363453,238.0268394,293.1772444,176.0146465,6.852943725,4.047434846,5.993005203,0,-97.71980892,148.4668608,-131.7350592,-67.42770104,120.146757,0.4498398712,-98.03431342,148.8369592,13.91683331,-164.1994392,-167.717002,49.98566811,49.98567077,2870.300787,2861.788728,-139.0239647,-293.1702902,8.4401334,1
7454,64,48,16,1,1,1,1,1,1,1,1,1,1,0,1,235.6029411,293.3313197,176.9434248,10.60105307,7.042443052,10.580183,233.9141878,295.5899083,177.6552353,9.427792934,10.77710173,3.903837851,-8.297667719,6.545096382,1.752615899,8.321104147,-6.593248665,-1.727817432,235.5939085,293.3361986,176.9430951,6.359582662,1.731821718,10.30809111,233.8866602,295.5782245,177.6527897,4.068497786,8.301452436,3.102239417,0,-97.5433649,148.3666319,-39.73232175,-2.232179361,160.7197713,0.1344358123,-97.34537203,147.9022383,86.5352109,-109.5292323,100.8282433,49.98560323,49.98561429,2883.072145,2873.305611,-129.7367071,-283.3376432,8.2895585,1
7455,64,48,16,1,1,1,1,1,1,1,1,1,1,1,0,235.5975351,293.3360782,176.9399629,10.62072591,7.076000433,10.5762821,233.9116815,295.5968966,177.6514369,9.457704435,10.80479632,3.911889136,8.32227741,-6.566952913,-1.755298993,-8.34610705,6.613418111,1.732713746,235.5885167,293.3409275,176.9396247,6.350307944,1.741017068,10.302403,233.8840595,295.58503,177.648948,4.071965333,8.310608338,3.106765018,0,-97.54547644,148.3637674,-39.83184573,-2.017816519,160.7292548,0.1357137376,-97.34768671,147.9004708,86.33952602,-109.5781172,100.8930737,49.98560349,49.98561365,2882.504677,2873.834067,-129.2963066,-283.6664304,8.5353626,1
7456,64,48,16,0,1,1,1,1,1,1,1,1,1,1,1,237.0108335,291.7640572,178.3022311,3.430280267,7.021712709,9.869969409,236.8055764,293.323886,178.140789,5.275181229,7.453519033,5.497064959,-1.237338881,5.223385134,-3.986025572,1.252542242,-5.172227611,3.919693142,237.0009477,291.7621427,178.2982412,3.061964349,4.636971019,8.990033786,236.7948516,293.3303809,178.1413781,5.040038923,5.319017648,3.762909151,0,-96.70413132,149.2460786,-70.04129601,-56.35381579,138.4934142,0.3466418531,-96.80803789,149.2768463,34.89373265,-131.2728986,174.7073811,49.98564458,49.98564769,2875.860334,2865.677204,-138.0158752,-294.644133,8.4945703,1
7457,64,48,16,0,1,1,1,1,1,0,1,1,1,1,1,220.552994,463.9433603,236.259865,17.10515347,22.08835967,27.5021552,213.920778,463.0331296,234.3900802,14.59674849,23.94944673,27.55020386,-7.767550267,-12.11473718,19.88264293,4.973186835,19.42944416,-24.4022927,138.971361,361.3427028,197.0488773,9.761257421,16.19124384,17.58456067,135.6399577,356.6501309,192.8975386,7.168958207,9.384093474,9.432504702,0,-96.17824447,129.1415961,-26.04540822,-127.8065676,96.81033989,-0.3939139251,-96.19863459,129.3482033,143.4379921,19.39337059,-132.1716393,49.9705015,49.97407116,5451.66767,5610.815757,201.6781255,1351.849811,8.3132619,1
7458,64,48,16,0,1,1,1,1,1,1,0,1,1,1,1,238.98084,290.1117514,179.3553988,5.280496414,22.34707758,18.85223263,239.2411672,290.5109366,180.5274905,5.283001147,22.25740928,18.86990546,-3.930267995,21.15769875,-17.22732904,3.937064062,-21.11268912,17.1756924,238.9212097,290.0842792,179.3077334,2.616710131,4.054541277,6.057229754,239.177025,290.488608,180.4481993,2.609810812,3.808592139,6.268984622,0,-95.92585763,150.2171794,-0.1182229857,-98.40474393,148.3437539,0.02598494921,-95.88293382,150.3965971,-0.00459026531,-93.44396684,151.642127,49.98502171,49.98506071,2998.345068,2985.942608,-142.8166001,-298.1372081,8.5037103,1
7459,64,48,16,0,1,1,1,1,1,1,1,0,1,1,1,235.4164558,292.6498215,180.7766656,19.16614492,45.65825337,46.67397937,239.4920463,291.8070143,178.3636639,22.35392357,43.83521196,46.51025944,0.3367432521,30.66359737,-31.00011466,-0.3247003586,-30.38426211,30.70908723,235.0925229,291.6120525,179.8372508,9.788013495,13.36649807,11.96415813,238.9835651,291.6825464,178.1491732,14.95695315,7.245499156,13.70800367,0,-95.70246508,149.4613568,-179.3938113,-69.32087602,80.64009625,0.9357404133,-96.50306927,150.811293,0.5132737074,140.090087,-156.0089606,49.98171057,49.98319159,3613.811444,3263.282429,1.244636791,-287.4744655,8.4610292,1
7460,64,48,16,0,1,1,1,1,1,1,1,1,0,1,1,237.1353171,292.1752918,176.6921137,6.676604653,7.587612384,11.78230148,238.0633896,293.1629433,176.0233652,9.331195639,4.532970056,9.835035472,-6.154013151,-1.453397811,7.607430058,6.193337129,1.446999304,-7.640319161,237.1229977,292.1823688,176.6924622,2.192340872,7.3067583,8.853632806,238.0330819,293.1686239,176.0058482,6.841067874,4.046132086,5.981885777,0,-97.72031742,148.4698616,-131.2865363,-67.44097348,120.186293,0.4500829145,-98.03508812,148.8390414,14.02104926,-164.2512557,-167.5636784,49.98565574,49.98568229,2871.971645,2860.125579,-139.3117543,-293.0449314,8.7036754,1
7461,64,48,16,0,1,1,1,1,1,1,1,1,1,0,1,235.6045485,293.3315618,176.9411192,10.57782149,7.007280324,10.5679262,233.9220299,295.5824165,177.6559285,9.403539535,10.74347504,3.92142416,-8.280076988,6.513463631,1.766637686,8.303328003,-6.561490087,-1.741803203,235.5955156,293.3364447,176.940747,6.345917139,1.719618127,10.29100152,233.8946513,295.5708859,177.6534134,4.051959804,8.285368833,3.109507739,0,-97.54450566,148.3658376,-39.63784782,-2.665606672,160.7117259,0.1335793241,-97.3467583,147.9036107,86.46551048,-109.4764146,101.1117877,49.98560674,49.9856122,2882.72418,2873.259152,-129.893862,-283.1198753,8.2097934,1
7462,64,48,16,0,1,1,1,1,1,1,1,1,1,1,0,230.9748719,296.9524363,181.9289896,4.50104326,17.25982803,19.14746844,230.5611203,298.2614109,181.0871577,6.368927381,17.06114462,16.78687143,-0.7659291528,12.34823291,-11.58184549,0.7733027726,-12.08429705,11.31156599,229.8779745,296.3594973,180.0998718,3.185988148,4.891987011,9.092046794,229.7175457,297.9572267,179.8337159,5.520771992,5.365218084,4.064502714,0,-95.85689627,148.2740433,-81.09923888,-55.43134749,134.8369807,0.4135329624,-95.9756002,148.3501816,34.85219955,-132.3254151,178.6387615,49.98485541,49.98526791,3081.610486,2873.950676,-102.9276959,-266.7176062,7.0754826,1
7463,64,48,16,1,0,1,1,1,1,1,1,1,1,1,1,237.0034735,291.7715745,178.306425,3.43452151,7.013021813,9.868003754,236.7961217,293.3284819,178.1439256,5.268298422,7.448797526,5.481732574,1.24445518,-5.216479956,3.972069251,-1.25993408,5.163669388,-3.903670883,236.9935619,291.7697044,178.3024258,3.063443031,4.634255836,8.993816845,236.7854211,293.334993,178.1445145,5.030895584,5.321296988,3.75407007,0,-96.70286455,149.2445457,-69.86016996,-56.33421443,138.5571044,0.3456466213,-96.80679755,149.274722,34.93903589,-131.2465397,174.6117294,49.98564524,49.98564724,2875.367562,2865.989671,-138.2551146,-294.3321184,7.0181751,1
7464,64,48,16,1,0,1,1,1,1,0,1,1,1,1,1,238.9684411,290.1165332,179.3523321,5.281343591,22.35180918,18.8600768,239.2280005,290.5192521,180.5277447,5.283114501,22.2721598,18.87707346,3.930448081,-21.16316069,17.23273847,-3.937484481,21.11667997,-17.17917192,238.9086435,290.0891462,179.3044281,2.617276671,4.02605878,6.057295457,239.1635491,290.4967311,180.4481113,2.608962034,3.836148689,6.267153278,0,-95.92587486,150.215303,-0.1228062147,-98.23971475,148.635602,0.02611098867,-95.88234942,150.3941271,0.0001281395574,-93.65274368,151.3575245,49.98504865,49.98502789,2995.351354,2989.41964,-142.8949509,-297.9252874,6.7649482,1
7465,64,48,16,1,0,1,1,1,1,1,0,1,1,1,1,205.565927,461.2918115,231.0635157,20.49525616,29.01880219,34.32214271,215.0223939,463.7229198,236.5802575,22.88181231,26.59986665,34.21036553,-7.841479252,-23.27845611,31.12003899,10.45653905,15.98613716,-26.44285895,131.7100676,356.8455917,191.0740089,10.73667423,11.55706711,10.86864188,136.7949523,363.5860609,198.616388,13.21088949,18.02392196,20.13786279,0,-97.36084708,127.1086031,144.2279269,18.12545339,-120.0094794,0.616692328,-97.30733841,127.4180149,-28.29364879,-132.7323771,97.31388961,49.9702708,49.97408353,5582.323655,5553.697047,1771.677224,-56.30992068,7.0156327,1
7466,64,48,16,1,0,1,1,1,1,1,1,0,1,1,1,237.1334565,292.1753103,176.6873524,6.686353332,7.585951548,11.77325794,238.0707046,293.162826,176.0263802,9.348569054,4.531165225,9.851507925,6.161934516,1.450551463,-7.612453886,-6.201797489,-1.445944746,7.647753644,237.121104,292.1824219,176.6876878,2.196979581,7.305842258,8.834538508,238.0402703,293.1684784,176.008787,6.856609242,4.045553136,5.998376805,0,-97.72207288,148.4681376,-131.825342,-67.44643538,120.1115736,0.450047936,-98.03682173,148.8389146,13.90068173,-164.2409309,-167.7041369,49.98566401,49.98567374,2871.062484,2861.180595,-138.6876936,-293.6298799,7.1892815,1
7467,64,48,16,1,0,1,1,1,1,1,1,1,0,1,1,234.7063826,292.8843281,181.7484303,23.51806854,54.62861604,55.85397258,239.6162152,291.2079831,178.4882043,26.61700546,52.64247983,55.65631992,-0.3343693008,-36.41635427,36.75048291,0.3240940165,36.08566975,-36.40999275,234.2503359,291.4269097,180.4360161,11.85693164,15.5228874,13.82386447,238.8828568,291.0480885,178.1698759,17.00863039,8.994783379,15.93964264,0,-95.24782477,149.620573,177.5429571,-70.84053809,74.78374867,1.088151565,-96.2114116,151.2806643,-1.588351805,130.8029098,-153.3899702,49.980759,49.98107268,3837.131523,3748.26021,49.2824875,-205.0613885,7.159343,1
7468,64,48,16,1,0,1,1,1,1,1,1,1,1,0,1,228.4217502,299.5644198,181.7253191,6.755232822,21.46662592,22.57821021,228.1197994,301.7557406,181.5514261,8.904973007,21.32732778,20.52461882,-0.6088544707,-16.12864855,16.7359109,0.6034890878,15.7649681,-16.36983912,226.7784321,298.8116434,179.2797444,3.775346004,5.627035081,9.376380895,226.8384138,300.8282953,178.8383705,6.902250626,5.961672067,4.403900944,0,-96.49615456,147.1212191,-103.4807124,-49.32395947,129.1536245,0.5662757607,-96.65807335,147.231846,32.25742997,-140.5499534,-172.8218735,49.98372348,49.98582389,3063.663188,2977.838966,-34.32791343,-305.1030808,7.1711858,1
7469,64,48,16,1,0,1,1,1,1,1,1,1,1,1,0,232.1684933,294.446153,179.9635677,59.7341176,62.40402423,30.54943956,233.0685689,299.7227868,174.0843351,60.55176451,62.36579065,24.08420044,40.79038653,-40.29203739,-0.4963297594,-40.9333646,40.33273794,0.6028398689,231.953062,293.9721431,179.3963627,11.7311014,16.04784337,21.51195485,231.0115601,298.4310364,173.7254704,14.59628612,15.07233875,11.2897205,0,-96.41959421,148.4859936,-114.3996801,-28.36407528,125.1665371,1.376534114,-97.35086841,148.076847,47.27418968,-178.7521403,-79.55273531,49.98067091,49.97914665,3730.713539,4124.707131,-40.04340358,-32.43535326,7.0405321,1
7470,64,48,16,1,1,0,1,1,1,1,1,1,1,1,1,237.9746228,292.4818525,174.8966171,9.502578274,4.444580781,10.20110098,237.4143154,292.5278626,177.6165224,6.975831331,7.53218114,11.73227674,-6.677697154,-1.44882403,8.126575185,6.605441707,1.430224898,-8.035593218,237.9304058,292.4862222,174.8851529,6.59915819,3.901740623,5.891764274,237.3963124,292.5351444,177.6157823,1.701510916,7.230809928,8.354707658,0,-98.57980326,148.0395124,9.264256737,-164.0752602,-173.052233,-0.3475960764,-98.19219951,147.9927348,-140.5147517,-69.12007578,121.4141182,49.98569307,49.98568274,2865.807161,2859.024499,-141.6091751,-295.6999573,7.1246598,1
7471,64,48,16,1,1,0,1,1,1,0,1,1,1,1,1,239.9520641,290.946049,176.919573,20.51395067,41.04177586,43.48663509,236.7190749,292.3499771,181.3921321,17.26722649,42.54029696,43.30408509,-0.3339690187,-28.60967717,28.94612498,0.2968460506,28.7167313,-29.01128663,239.5598447,290.8944648,176.7263756,13.89619945,6.491354673,12.49534656,236.4537442,291.6018744,180.3384754,8.680607148,12.34784085,10.70114142,0,-97.40534443,149.3728457,-0.8906686229,144.5737905,-159.7330459,-0.7890945521,-96.60318513,148.4862307,178.8226991,-69.61040562,83.25680424,49.98396152,49.98195287,3120.945671,3532.904371,-164.5805005,-180.0468818,7.6216868,1
7472,64,48,16,1,1,0,1,1,1,1,0,1,1,1,1,238.0067372,292.4565246,174.8896366,9.554691665,4.441885915,10.24229766,237.4466493,292.504027,177.6197644,7.040913697,7.543593296,11.77946754,-6.742895951,-1.431857496,8.174779787,6.669951557,1.41294171,-8.082867663,237.9617944,292.4609051,174.8780186,6.60575836,3.905129858,5.892414355,237.4285463,292.5112833,177.6189751,1.709162016,7.246204217,8.372293991,0,-98.5808554,148.0470685,9.306648644,-164.3069717,-172.8515584,-0.3487093767,-98.1918179,147.9995011,-140.4685334,-69.1022662,121.360713,49.98569052,49.98568213,2866.697881,2858.685493,-141.4360336,-296.3220377,7.2175101,1
7473,64,48,16,1,1,0,1,1,1,1,1,0,1,1,1,361.7452573,347.8570917,260.9837765,19.34902957,14.06416629,19.58316124,362.0660976,349.2330255,262.6313122,19.11895146,14.26667311,18.37390415,-3.722138461,-1.946253863,5.668217876,0.1542960669,-3.624127335,3.469889155,296.7497426,245.0378537,203.57846,2.738989258,3.109181555,7.598484837,297.1700099,246.0554317,204.9711907,3.783111648,4.001475957,6.423917806,0,-83.07513829,169.3137394,-6.504704482,-59.31751878,172.4130758,0.05950099165,-83.07805575,169.343611,4.620804882,-101.4621122,165.1195888,49.96195717,49.98275511,5957.201611,5102.245705,-537.6992082,-705.5358653,6.8449627,1
7474,64,48,16,1,1,0,1,1,1,1,1,1,0,1,1,239.2131613,292.5476843,171.8823621,35.77857177,7.419306077,41.23446657,239.3644464,293.0419975,173.0282488,35.71319943,7.368065689,41.06924284,-33.74884015,-4.426190003,38.17503289,33.67478044,4.372862593,-38.04762274,238.9204045,292.4066435,171.649002,2.548139472,3.968267119,5.982604662,239.1340387,292.9044073,172.6710973,2.694490957,3.951582926,5.818268886,0,-100.5368191,146.8171454,-4.741352268,-100.1328904,144.6556299,0.04618533704,-100.4988733,146.9829239,4.377904914,-101.0961985,148.6305342,49.98386959,49.98383475,3232.422462,3227.368432,-84.60536641,-237.6809722,6.82826,1
7475,64,48,16,1,1,0,1,1,1,1,1,1,1,0,1,244.7293626,287.6502293,175.9916405,66.10500048,29.22967522,63.43023003,237.4674047,295.1429998,173.6138457,65.32921085,33.11947398,60.31342201,-43.67926899,1.475813297,42.20336098,43.42148793,-1.691789867,-41.72979439,242.2129797,287.2415526,174.2383452,16.63985975,13.45294313,19.47871614,236.5342212,294.5281966,173.4482325,15.42942398,20.33556575,8.689906005,0,-98.65824289,149.4966065,-67.4995478,45.70619796,165.196017,0.8189536378,-98.14274498,147.7983556,94.17576897,-121.2518611,8.219141074,49.97931176,49.97945788,4128.743685,4064.930677,111.4047241,-165.6363808,7.0312405,1
7476,64,48,16,1,1,0,1,1,1,1,1,1,1,1,0,235.9560862,293.4958462,176.0071165,15.19735237,13.18093739,10.87673253,234.306947,295.8923483,176.5982302,14.4553864,15.5253142,3.665021723,10.85965856,-9.359345853,-1.500272468,-10.91969322,9.419897429,1.499849759,235.9231358,293.4501411,175.9734473,6.469117863,1.970617347,10.60646039,234.161351,295.7478521,176.5328061,4.266990593,8.294463284,2.758620924,0,-98.14585805,147.9913073,-41.20474376,-5.427112297,159.3550942,0.1505220247,-97.965926,147.4971545,86.28863166,-111.8766959,95.93604846,49.98546391,49.9854824,2909.656147,2900.960125,-132.8031906,-276.1746314,7.137949,1
7477,64,48,16,1,1,1,0,1,1,1,1,1,1,1,1,237.9701526,292.4796531,174.8867028,9.497291911,4.438999373,10.19213352,237.4147304,292.5277376,177.6161166,6.975867053,7.539986159,11.7431116,6.683428936,1.440519799,-8.123934201,-6.611605696,-1.423700136,8.035330604,237.9260737,292.4840547,174.875255,6.59035792,3.900750238,5.88187414,237.3966958,292.5350144,177.6154,1.696974197,7.241828795,8.373937194,0,-98.58320454,148.0373409,9.315940012,-164.2426909,-172.8873952,-0.3479595374,-98.19478535,147.9908589,-140.1926297,-69.13856105,121.4238987,49.98569504,49.98568047,2866.498965,2858.462075,-140.7800507,-296.5751116,7.0439493,1
7478,64,48,16,1,1,1,0,1,1,0,1,1,1,1,1,238.0081893,292.4548988,174.8928833,9.59018047,4.436145849,10.27267441,237.4487471,292.5016384,177.6263233,7.092069956,7.552808708,11.81760456,6.795736086,1.419068388,-8.214777866,-6.722903309,-1.401812428,8.124758975,237.9629085,292.4592834,174.8811263,6.600044944,3.90431662,5.885765614,237.4305766,292.5088867,177.6255158,1.703373493,7.258868843,8.385037967,0,-98.57899754,148.0484495,9.292350023,-164.493445,-172.7452808,-0.348653353,-98.18928825,148.0017856,-140.4190309,-69.11566964,121.3747099,49.98569537,49.98567545,2866.301705,2859.461239,-140.7614454,-297.0850124,7.071249,1
7479,64,48,16,1,1,1,0,1,1,1,0,1,1,1,1,240.4558829,290.0313669,177.0089749,27.06048818,53.78955052,56.9622156,235.901251,292.5968603,182.8153632,23.91442213,55.4881053,56.68395062,0.4879576516,36.84596764,-37.33409809,-0.4330695618,-36.9798258,37.4127147,239.7686113,289.9580662,176.6528148,17.13585939,9.038357513,15.92768599,235.4641795,291.3732346,181.074686,11.94124747,15.56441895,13.4087774,0,-97.18020432,149.7740574,-4.318114833,128.9583269,-155.7686333,-1.002038589,-96.13163634,148.4153952,174.0218616,-72.26213704,72.59572221,49.98095619,49.98066002,3782.350189,3848.656444,-64.64767316,-119.3669409,6.9868203,1
7480,64,48,16,1,1,1,0,1,1,1,1,0,1,1,1,239.1882485,292.5573495,171.8912442,35.59176828,7.415025391,41.05154866,239.3504323,293.0563601,173.0436838,35.53247856,7.366281954,40.89406965,33.58182404,4.430694168,-38.01253734,-33.5085205,-4.378602826,37.88705406,238.8991775,292.4188725,171.661757,2.510969296,3.966234186,5.958642971,239.122993,292.9198921,172.6910623,2.732110121,3.95406209,5.844720517,0,-100.5296483,146.8179237,-4.927517483,-100.0600393,144.4460086,0.04719735638,-100.4917755,146.985683,4.424660321,-101.1543568,148.8294006,49.98388037,49.98386043,3230.016969,3220.732061,-83.43946471,-239.9223276,6.8607607,1
7481,64,48,16,1,1,1,0,1,1,1,1,1,0,1,1,362.1209093,350.6133963,260.3882078,13.82686968,7.836373035,16.05971666,362.6678306,352.7135079,262.3436888,13.26562635,9.630450484,13.84087094,8.468300406,1.161966996,-9.634109536,-4.842171507,4.509292852,0.3292728202,294.8251216,246.2757392,201.1257707,1.535459148,2.538539184,6.007401167,296.2901429,247.6784375,203.7288602,5.966517573,5.124882782,8.963655997,0,-84.21981291,168.4986865,64.69956149,-41.27300605,-164.135597,0.1196034968,-84.18605917,168.5810006,-13.4676175,-104.0310963,150.2584822,49.97231474,49.97272307,5639.048705,5367.27314,-373.9253387,-884.5443583,6.7992321,1
7482,64,48,16,1,1,1,0,1,1,1,1,1,1,0,1,236.2473794,293.4514978,175.8860638,16.53395214,14.71171105,11.07118743,234.5500423,295.9453985,176.4392032,15.82803254,16.89910118,3.48831745,-11.23123836,9.895626376,1.336477743,11.29895964,-9.961968287,-1.336122899,236.2073452,293.3924222,175.8419473,6.64476986,2.074404422,10.83884874,234.3668879,295.7558665,176.3521546,4.402044458,8.394212591,2.663682838,0,-98.25103751,147.9628695,-41.49054039,-3.478533139,159.3519817,0.1547594341,-98.07075223,147.438937,87.76745913,-112.5095883,91.19881543,49.98538992,49.98544841,2926.914013,2905.977021,-138.6504692,-271.6883801,7.0985708,1
7483,64,48,16,1,1,1,0,1,1,1,1,1,1,1,0,243.0921126,288.906483,175.6675665,56.95990151,24.41568142,54.78980238,237.273947,295.3386495,174.5241462,56.26250982,28.50014408,52.01868844,38.26945425,-1.283513236,-36.98801263,-38.03788058,1.467982843,36.56740496,241.1426234,288.5996156,174.3014981,13.8575901,11.27671257,16.65469581,236.5782991,294.8939102,174.3917664,12.70560566,18.33704399,6.596171384,0,-98.68159988,149.1392946,-66.31597643,47.5161926,167.4510494,0.6575746083,-98.17893941,147.7427523,91.51244575,-118.6117088,23.71995295,49.98051657,49.98182394,3825.0063,3499.939671,50.93568052,-271.436005,7.2149159,1
7484,64,48,16,1,1,1,1,0,1,1,1,1,1,1,1,233.4855804,294.9673833,176.6786849,9.486240752,10.68181239,4.257441485,235.4566687,293.7732707,178.1420317,10.54464342,7.1888584,10.37493789,8.60101144,-6.658159906,-1.942827522,-8.552078407,6.594026877,1.958071482,233.4531859,294.9562658,176.6760172,3.549665161,8.034931935,3.380336838,235.446955,293.7790408,178.1408729,5.887070599,1.746842754,10.04844228,0,-97.70217027,147.5666964,83.3309025,-110.3704359,102.2448338,-0.05737964174,-97.80084301,148.321447,-36.86765547,-12.10949365,161.3809743,49.98560874,49.98559634,2883.350191,2875.596804,-118.4087407,-277.6109858,6.9271029,1
7485,64,48,16,1,1,1,1,0,1,0,1,1,1,1,1,233.4843704,294.9653442,176.677085,9.519345488,10.70231435,4.271358244,235.4530502,293.7768364,178.135803,10.57707809,7.222512979,10.36893183,8.640048079,-6.689952364,-1.950093826,-8.59087688,6.625648625,1.965218867,233.4517557,294.9540243,176.6743835,3.537652942,8.02907492,3.390853179,235.4433348,293.782593,178.1346619,5.885299071,1.735443826,10.03991532,0,-97.70254159,147.5668333,83.41215178,-110.2947071,102.3027969,-0.05578485416,-97.80156132,148.3210796,-36.74188731,-12.25093709,161.4225101,49.98560441,49.9855991,2883.679118,2875.507766,-118.4570088,-277.5682899,6.9328666,1
7486,64,48,16,1,1,1,1,0,1,1,0,1,1,1,1,231.549508,296.8581662,179.75511,6.105174026,15.17781647,14.34172902,232.3111712,296.2795935,182.168349,4.476068527,14.68541787,16.47181015,-0.9968932234,11.54387871,-10.54853109,0.9931488748,-11.72592675,10.7295016,231.031997,296.6251262,178.917173,5.095831586,6.153436843,3.984056702,231.6308711,295.8629695,180.9509658,2.934737381,4.09005759,8.440025594,0,-96.48579629,147.973042,33.42272724,-126.5609081,159.2114653,-0.2779268707,-96.34434804,148.2869974,-74.07462532,-47.71966473,142.5054458,49.98495725,49.98540421,3020.508215,2915.740944,-116.4942567,-258.2160946,6.8464377,1
7487,64,48,16,1,1,1,1,0,1,1,1,0,1,1,1,236.3711132,294.1157711,173.098403,70.26961167,36.04017474,64.90058292,244.2823862,286.928906,178.627775,70.78398353,32.10653871,67.58655984,46.74979392,-1.951132262,-44.79875376,-46.83068776,1.821364023,45.00923441,235.5366937,293.389986,172.9873243,16.31411674,21.61688177,9.69371027,241.9492316,286.5068427,176.1533006,17.36517104,14.76491918,20.3599979,0,-99.42257199,146.6579493,92.46138883,-123.6911241,5.992897658,-0.8465381909,-99.86810368,148.7836856,-70.10563762,43.81003308,164.4870118,49.97842355,49.97829453,4286.584326,4322.88903,38.17443432,22.15352416,7.1821981,1
7488,64,48,16,1,1,1,1,0,1,1,1,1,0,1,1,233.9093525,295.2947993,175.6973822,13.77476325,14.74699424,3.875233089,235.9011356,293.9124615,177.2731792,14.47511122,12.32703561,10.69916755,10.86310446,-9.297818065,-1.564308227,-10.77707159,9.211062719,1.566955354,233.777732,295.1746118,175.6455412,3.834891944,8.169986771,3.045452528,235.8689849,293.8749379,177.2445377,6.071583925,2.042956918,10.43273727,0,-98.34694176,147.1222416,83.85157518,-112.9637018,95.8800746,-0.08044600026,-98.43339499,147.9210148,-38.98781881,-10.38286111,160.2764709,49.98550463,49.98549737,2905.703998,2896.251496,-107.2118824,-284.3881489,6.872032,1
7489,64,48,16,1,1,1,1,0,1,1,1,1,1,0,1,412.0618573,327.7668799,184.0375319,18.53524769,19.62505703,14.32111426,412.7512234,330.0611339,187.1468758,19.05983415,21.40142456,15.81859718,6.167548427,-5.430402102,-0.7405469064,0.268070295,4.76705145,-5.039097319,272.9587417,294.9701681,125.3634932,2.077645286,3.122453668,3.280902572,274.8870016,297.2646882,127.2430301,8.024436058,9.208144949,6.252461175,0,-125.4538947,135.1484184,167.5324418,-22.81470022,170.2878197,0.1934307,-125.3783029,135.2911404,-3.194127543,-144.8122358,117.3427437,49.98252597,49.97049173,3517.773695,5892.88983,-171.9896971,-631.9477139,6.8745727,1
7490,64,48,16,1,1,1,1,0,1,1,1,1,1,1,0,229.8021765,297.3837654,177.173812,35.10789781,29.29999157,9.097087478,229.9370754,297.8600386,178.3392047,35.03547724,29.29710126,9.0749618,32.93222077,-27.17027032,-5.761915157,-32.88575611,27.13441557,5.75137729,229.6404319,297.2522304,177.0307257,2.68682561,3.894380789,6.087842246,229.7896124,297.7311705,178.178758,2.345401709,4.163758336,6.077840909,0,-97.59800283,146.9104579,-3.360248119,-100.2723416,146.8411095,0.02319932508,-97.53969693,147.0628643,3.713070415,-95.23171981,146.5744141,49.98418489,49.98419475,3166.671071,3156.651777,-49.40704965,-208.1702773,6.9341741,1
7491,64,48,16,1,1,1,1,1,0,1,1,1,1,1,1,233.4900218,294.9773917,176.673247,9.541564276,10.73253364,4.26268582,235.4564105,293.7744668,178.1350393,10.58366312,7.251496212,10.37442338,-8.644475977,6.701547131,1.94297773,8.594861225,-6.638977755,-1.955846141,233.4572052,294.9659419,176.6705681,3.557603325,8.049257429,3.382769616,235.4466896,293.7802201,178.1338796,5.873426753,1.764762707,10.04658039,0,-97.70805804,147.5618755,83.00071804,-110.490029,102.2444144,-0.05912295021,-97.80634626,148.3167455,-37.03482658,-11.73588667,161.3878538,49.98560496,49.98559875,2884.267454,2874.871954,-118.939509,-277.1300082,7.115299,1
7492,64,48,16,1,1,1,1,1,0,0,1,1,1,1,1,234.5688661,293.9566538,177.9326476,5.509024302,10.77812235,9.216184333,235.2816652,293.2438873,180.5541068,3.567369895,10.59609459,12.78473605,0.8423175601,-8.833111009,7.990481867,-0.8381253983,8.911300278,-8.073480724,234.5237926,293.9410647,177.8680608,5.229259677,5.549992606,3.428557853,235.2277597,293.1867756,180.4330864,3.114998323,5.048760342,9.417144101,0,-96.86808567,148.4897397,34.77489496,-135.9841677,177.9249323,-0.318502264,-96.65379466,148.8130424,-74.34814056,-53.02222722,138.0420618,49.98562639,49.98541703,2875.326477,2913.373781,-129.6676426,-286.8273501,7.0332998,1
7493,64,48,16,1,1,1,1,1,0,1,0,1,1,1,1,232.9391841,298.0630907,173.5132597,62.05438877,63.86076026,24.79749708,232.2902838,293.7081609,181.9028756,61.07326473,63.71148458,30.97950678,-42.00358259,41.49899895,0.505081855,41.75439455,-41.33584025,-0.4177970325,230.8577944,296.7115152,173.1695329,14.60925371,15.49837377,11.42664729,232.0889027,293.2324143,181.1931843,11.56438393,16.53067255,21.54404047,0,-99.14826433,145.9736662,44.03510481,178.2209106,-80.37592413,-1.327840873,-98.08550355,146.7013589,-118.053688,-30.4331077,123.5133507,49.97875512,49.9806077,4209.486145,3698.156397,138.5254827,-197.8041293,6.9648001,1
7494,64,48,16,1,1,1,1,1,0,1,1,0,1,1,1,233.6422232,295.1869708,175.9289238,11.68222602,12.7755872,3.906544407,235.6940151,293.8240419,177.4788026,12.52767829,9.811177372,10.63117263,-10.20276769,8.631418649,1.571306507,10.12848163,-8.555132086,-1.573388523,233.5696531,295.1412534,175.9181614,3.904176481,8.327743006,3.155554461,235.6740041,293.8181009,177.4724691,6.105240163,2.01725618,10.38414351,0,-98.16052759,147.2371429,83.83788226,-112.3082681,96.37261487,-0.08151804542,-98.25747571,148.0345229,-39.56490123,-5.376457377,160.8641904,49.98557734,49.98555695,2889.584863,2884.71762,-117.0658658,-275.6110865,7.1193339,1
7495,64,48,16,1,1,1,1,1,0,1,1,1,0,1,1,236.4543034,294.288709,173.2719324,68.57080961,35.35618132,63.21390795,244.0357244,287.2424099,178.4866115,69.05799719,31.38249801,65.83644192,-45.79679171,2.004690122,43.79170572,45.87631065,-1.879388444,-43.99731906,235.6572238,293.5988277,173.1625802,15.8404147,21.42126557,9.163402748,241.8022792,286.8422055,176.1191105,16.80544035,14.544052,19.711805,0,-99.40356682,146.6780321,91.19359047,-123.3716177,8.642288478,-0.8316773003,-99.84757568,148.7365519,-70.75638279,44.0770139,165.0454577,49.978939,49.97864638,4139.686164,4226.289693,-0.1292269317,6.950302661,6.8484808,1
7496,64,48,16,1,1,1,1,1,0,1,1,1,1,0,1,229.8013683,297.3675754,177.1738193,35.02222491,29.21427546,9.097521104,229.9416354,297.8571668,178.3407664,34.95314469,29.21413171,9.074533002,-32.86138716,27.0988871,5.762533989,32.81457098,-27.06452535,-5.750022869,229.6403564,297.2373091,177.0314929,2.662678011,3.884831197,6.088406876,229.7951378,297.7292019,178.180673,2.370301052,4.171088655,6.077362404,0,-97.59394172,146.9151177,-3.514152822,-99.9225997,146.8416575,0.02591334984,-97.53629276,147.0672291,3.815112121,-95.56000213,146.5829027,49.98419633,49.98419399,3163.566898,3157.933993,-50.01483904,-207.7149883,6.8835706,1
7497,64,48,16,1,1,1,1,1,0,1,1,1,1,1,0,413.794716,328.0436187,186.9421718,21.72427451,24.97627642,19.15448445,414.2914198,330.4156248,190.5416536,20.65849972,25.47163895,19.40571467,-8.820074114,7.687075632,1.174315488,2.401322164,-7.043733125,4.684557675,275.9071559,294.6982986,126.7195347,1.961807046,3.175275936,4.307697791,277.601091,296.9174535,128.9864357,5.979850204,7.14713183,5.805002595,0,-125.2640192,135.3534783,78.61939319,-62.20498232,170.6620971,1.293079268e-05,-125.212823,135.1416474,-18.82398386,-148.6588995,109.514882,49.98241375,49.97039041,3535.965895,5882.93845,-106.2434326,-680.4250959,6.9951632,1
7645,64,24,64,1,1,1,1,1,1,1,1,1,1,1,1,274.4443098,200.7865081,221.7707038,2.895040407,5.086647221,2.353485646,274.8331538,201.4767236,221.9267828,3.122429863,4.536578735,2.549991013,-0.001762634731,0.006763700411,-0.005052765919,0.001732998288,-0.006935112678,0.005150026805,274.4417415,200.787391,221.7719342,2.894432201,5.086404739,2.352770672,274.8305907,201.4776121,221.9280198,3.12186516,4.536307958,2.54934412,0,-112.9564438,106.3783579,3.685765101,-114.8389569,97.66672556,0.02224545444,-112.8707319,106.4390071,-3.536155877,-111.1530002,114.3191978,49.98834947,49.98835368,2332.658204,2326.565303,-34.94822368,-149.5007872,7.0060128,1
7646,64,24,64,1,1,1,1,1,1,0,1,1,1,1,1,274.2683233,200.4449944,222.2794658,5.991242254,9.82670946,5.309353097,275.1476478,199.6959431,223.1639729,4.055647641,7.939076842,7.905675074,1.403465348,-6.375546574,4.972048202,-1.398899628,6.401734325,-5.002883065,274.2653604,200.445395,222.2782009,5.689491577,7.371627568,1.611276888,275.1436054,199.6848479,223.1509203,3.596604295,4.524745204,6.049496131,0,-112.7767895,106.6372846,35.51412132,-140.1081035,-24.43051092,-0.2815000972,-112.5580261,107.0380754,-67.52047042,-64.80826135,118.297396,49.98829156,49.98829543,2344.451589,2337.980459,-41.99632116,-155.6584381,7.073189,1
7647,64,24,64,1,1,1,1,1,1,1,0,1,1,1,1,274.2637261,200.4440021,222.2833246,5.988997559,9.82868971,5.320491339,275.1438738,199.6959674,223.1706289,4.058271707,7.949531086,7.917009706,-1.403505234,6.385851239,-4.982403625,1.399032596,-6.412534971,5.013451946,274.2607833,200.4443823,222.2820707,5.685689536,7.366461864,1.616036439,275.1398415,199.684821,223.1575482,3.597221998,4.530200968,6.055760923,0,-112.7755307,106.6375747,35.52969592,-140.140163,-24.5691066,-0.2815706206,-112.5561298,107.0388026,-67.45733934,-64.85572661,118.295373,49.98828555,49.9883014,2344.679915,2337.79621,-41.66627546,-155.9937603,7.1092622,1
7648,64,24,64,1,1,1,1,1,1,1,1,0,1,1,1,275.1149283,200.7120582,221.0471076,5.888208854,8.532277027,9.217715876,276.8092987,201.4464148,219.5836212,9.041506253,3.688247175,8.056666126,5.623776184,1.493165562,-7.116963341,-5.657949153,-1.478773436,7.136704651,275.1103643,200.7118923,221.0476924,1.191000118,8.286950567,5.713169761,276.7927418,201.4448762,219.5708392,6.936176762,3.084681803,3.507736795,0,-113.0834625,106.4555355,136.1232203,-95.4565023,68.69237193,0.2300618294,-113.473428,106.5714896,-6.806474389,-169.1069509,-168.5178543,49.98824858,49.98826189,2352.571261,2345.130759,-35.94594681,-150.6253589,7.1780125,1
7649,64,24,64,1,1,1,1,1,1,1,1,1,0,1,1,275.1238623,200.7081792,221.0449731,5.90818751,8.535371443,9.236618438,276.814236,201.4389329,219.5775973,9.045084857,3.678792749,8.074312936,-5.649999454,-1.489421201,7.139353786,5.684266242,1.474651553,-7.158984615,275.1192738,200.708005,221.045562,1.180603311,8.292149766,5.713950424,276.7976255,201.4374776,219.5647655,6.921809232,3.078710672,3.49956324,0,-113.0835525,106.4600107,135.6238552,-95.4883328,68.7990395,0.2298760966,-113.4739617,106.5752097,-6.822239246,-169.1797548,-168.4111374,49.98825441,49.98825587,2351.320394,2346.427421,-36.85904804,-149.5535576,7.2562423,1
7650,64,24,64,1,1,1,1,1,1,1,1,1,1,0,1,274.2106576,201.1526657,221.8843794,7.500287369,4.932962357,4.761570048,273.3720171,202.9828196,222.543842,6.668374484,8.719938604,3.24902205,-5.679206622,4.303037153,1.376126566,5.702572464,-4.337862552,-1.364756592,274.2076147,201.15265,221.8843553,4.8180121,2.278109206,4.422184171,273.3605605,202.9753822,222.5435049,3.340834569,7.523306458,2.732819492,0,-113.0166415,106.1209346,-33.90636619,-94.57095775,139.7901485,0.1221589855,-112.7402721,105.861198,53.45022106,-118.5887398,41.66135892,49.9882665,49.98826765,2349.412636,2343.483317,-41.73239398,-155.6313601,7.2083795,1
7651,64,24,64,1,1,1,1,1,1,1,1,1,1,1,0,274.2095687,201.1509307,221.8839596,7.507109898,4.948546028,4.768618945,273.3674452,202.9877092,222.5420881,6.678872783,8.738624666,3.24194296,5.683052727,-4.321534603,-1.361554108,-5.706475741,4.355972126,1.350466622,274.2065255,201.150914,221.8839437,4.823140427,2.272855879,4.43547906,273.3559439,202.9802155,222.5417178,3.353718295,7.533091591,2.733654606,0,-113.0165343,106.1208509,-34.06228623,-94.2649824,139.77551,0.1234234299,-112.7400645,105.8596732,53.54908111,-118.656312,41.38137668,49.98826604,49.98826836,2349.366115,2343.580653,-41.66897883,-155.7041256,7.7792306,1
7652,64,24,64,0,1,1,1,1,1,1,1,1,1,1,1,274.7602605,198.9115541,223.0219638,3.972298943,8.090496718,7.873006458,274.520674,201.1179552,222.5317616,5.952143456,9.677187273,5.375371613,-1.410028254,6.617655536,-5.207648335,1.402582953,-6.557865697,5.155256748,274.7556504,198.9035898,223.0027465,3.470063511,4.451343744,5.829495337,274.5179498,201.1183059,222.5280139,5.632167865,6.986973342,1.201203564,0,-112.4246729,107.3622275,-66.81737383,-69.59784236,114.9901064,0.3275643384,-112.4415953,107.0569224,34.56110902,-138.2961871,-31.4689206,49.98830425,49.98830638,2343.057309,2334.761997,-43.4274605,-158.1326519,7.2282067,1
7653,64,24,64,0,1,1,1,1,1,0,1,1,1,1,1,322.4351661,297.2447835,334.5988255,13.70131699,18.0390101,18.33886876,323.5426374,298.132479,334.9570834,13.5854805,15.31460295,17.50243227,-1.73305053,9.625082752,-7.897146658,-2.516125332,-2.129769631,4.640731625,222.3190984,232.9573833,271.7037976,2.725151465,5.822600113,3.624837263,223.0622858,234.4877688,272.7269532,2.965337469,7.071904264,5.210644112,0,-106.7980577,90.95627618,32.58612724,-73.62181772,151.143314,-0.08485408105,-106.9082616,90.8795391,-29.85255056,-133.8920583,53.70536903,49.97025838,49.98405572,4476.411013,4646.469618,-142.0272319,-409.574504,7.9869411,1
7654,64,24,64,0,1,1,1,1,1,1,0,1,1,1,1,275.7959981,195.7327248,224.3292043,6.205616917,35.64557677,30.97606775,276.0975134,196.5206818,224.5117667,6.184353393,35.53467591,30.93066985,-3.816959749,33.27206833,-29.45543474,3.789822331,-33.19114328,29.40096883,275.6606849,195.584317,224.1394623,3.01442898,4.76413912,2.388021598,275.966842,196.3176178,224.3573404,3.016112208,4.610157122,2.525864661,0,-111.7252726,109.2135371,0.4364587286,-113.7283945,105.2174726,0.02412706116,-111.6215009,109.2560292,-0.5604155851,-109.9357387,112.8832323,49.98688927,49.98688903,2624.271294,2619.219931,-9.363024962,-122.9427652,8.1635381,1
7655,64,24,64,0,1,1,1,1,1,1,1,0,1,1,1,271.6324357,199.6231129,227.5298895,21.74821377,50.26122812,52.0201626,277.0476247,198.5560755,222.4799165,24.9822763,48.12336292,51.44241608,0.7418541209,33.94364139,-34.68563067,-0.8522878573,-33.64047604,34.49263974,271.3850161,198.5036164,225.9702098,10.33493718,14.65329675,12.65798792,276.6796815,198.4767871,221.996318,15.91957011,6.825012908,11.73429049,0,-111.3078224,107.412528,154.0660064,-89.91822826,39.58678454,0.5239152328,-112.477178,108.1128286,-16.42124615,121.4720539,-163.2082354,49.98386494,49.98509315,3187.111707,2880.938477,122.23943,-133.5025194,8.1013484,1
7656,64,24,64,0,1,1,1,1,1,1,1,1,0,1,1,274.9534684,199.8359589,222.0959425,14.81495149,9.523454569,16.46342204,277.1490207,200.2853698,220.4203698,16.57710523,3.104115855,15.85632599,-9.414435477,-0.690242631,10.10419371,9.465491021,0.6981504559,-10.16412512,274.929934,199.8234674,222.074144,2.133554767,9.41767369,6.347410355,277.0181445,200.266487,220.2821801,7.59909826,2.767209992,4.405339108,0,-112.6896452,106.9797297,130.9668762,-96.29660901,63.09863357,0.2213971562,-113.2005454,107.1608298,-12.21210558,168.6027729,-166.4693239,49.98800991,49.98800549,2403.709986,2397.7811,-50.42573283,-140.2092562,8.113289,1
7657,64,24,64,0,1,1,1,1,1,1,1,1,1,0,1,272.9267653,200.6058402,224.2756809,34.88673028,36.14089641,16.23848695,273.1318556,204.194523,221.8573584,35.7028337,36.31016616,13.20091978,-24.59917101,24.54249096,0.05654213383,24.68656235,-24.60214076,-0.08433527005,272.8692704,200.4976552,224.0543948,5.893674501,8.51834972,11.3350162,272.5146328,203.5087463,221.6659202,9.122535139,8.338005761,6.454145,0,-112.2793029,106.3936826,-100.4549426,-58.32272758,105.0432418,0.6582732831,-112.7582631,105.7089524,39.59378604,-168.5137747,-75.69844686,49.9867197,49.9860542,2605.021284,2716.815192,-37.76584572,-95.6245823,8.1899817,1
7658,64,24,64,0,1,1,1,1,1,1,1,1,1,1,0,274.6813695,198.8818006,223.1567177,3.972294457,8.345350476,8.209433762,274.4363762,201.1229051,222.6361807,6.015975122,9.900760373,5.764959011,-1.298999401,6.868493059,-5.569510747,1.290746271,-6.804659184,5.513898587,274.6768955,198.8728833,223.1347135,3.51580215,4.504126832,5.929471385,274.4336637,201.1230366,222.631971,5.727638694,7.03971456,1.27455694,0,-112.3856914,107.3758743,-68.27878364,-68.57647222,114.8295644,0.3365797245,-112.4087223,107.062717,34.83474469,-138.8850052,-34.52510445,49.98829273,49.98830461,2345.234611,2335.289141,-44.0865437,-158.8586432,8.296697,1
7659,64,24,64,1,0,1,1,1,1,1,1,1,1,1,1,274.7570502,198.9062899,223.0324459,3.970008658,8.122190561,7.917668924,274.5176538,201.1197021,222.5373613,5.961137024,9.713146544,5.426327327,1.393230007,-6.645071764,5.251766094,-1.38581953,6.584580043,-5.19883157,274.7524487,198.8981896,223.0129177,3.474286617,4.462258971,5.846221748,274.514916,201.1200385,222.5335938,5.645877273,7.007558244,1.221634917,0,-112.4211042,107.3661564,-67.0345688,-69.25513411,115.1111593,0.328943603,-112.4397933,107.0590149,34.57741105,-138.4545057,-31.4230172,49.98830911,49.98829972,2341.611606,2336.522249,-43.91357913,-157.7083178,8.1858063,1
7660,64,24,64,1,0,1,1,1,1,0,1,1,1,1,1,275.7963093,195.7403,224.328125,6.214364003,35.59472883,30.92804018,276.1010092,196.5299884,224.4998025,6.190886772,35.48598895,30.88047622,3.814903348,-33.22972662,29.41445785,-3.78782987,33.14572997,-29.3582729,275.662936,195.5944114,224.1395141,3.016937632,4.754893684,2.397773939,275.9663019,196.3227791,224.3462663,3.013569904,4.618482484,2.513184037,0,-111.7270875,109.2105874,0.3683349254,-113.4821145,105.7751923,0.02498911715,-111.6243938,109.2528835,-0.4923686032,-110.2003973,112.379761,49.98691027,49.98687406,2622.822613,2620.442881,-9.815189662,-122.4924784,8.3169738,1
7661,64,24,64,1,0,1,1,1,1,1,0,1,1,1,1,322.3808148,296.8514864,334.3470384,10.83397631,18.01948797,17.7116564,324.6351272,298.3585226,334.9845782,11.92312581,15.77667867,17.02635898,0.2257309974,-9.834848206,9.609889125,4.031888882,2.330497593,-6.361335716,222.3875078,232.3549045,271.4767652,2.36087406,5.303150221,2.175741755,223.8323397,234.8646089,273.2322756,4.710539331,7.989420738,6.089966646,0,-106.7747214,91.00020702,71.84254723,-65.5186375,174.1919361,-0.003491585791,-106.8034898,91.0755404,-28.50649358,-132.9534109,70.19497062,49.96890169,49.98548631,4378.878798,4744.036645,-54.35474744,-498.4254646,8.3214143,1
7662,64,24,64,1,0,1,1,1,1,1,1,0,1,1,1,275.4070359,200.2632522,221.0974651,9.627845126,8.73735906,11.85521874,277.1269823,200.8925897,219.6291246,11.773556,3.567372595,10.99934178,7.632851954,1.373788204,-9.006762154,-7.676067343,-1.36880587,9.044760217,275.3937847,200.2593524,221.0911336,1.184556831,8.465451946,5.765719715,277.0731798,200.8845307,219.5727811,6.805480331,2.833266934,3.590446906,0,-113.0182743,106.7278173,126.4528485,-96.75122446,68.32424788,0.2170843811,-113.4190927,106.8511734,-8.023132423,-171.7133079,-168.1109473,49.98823431,49.98814168,2354.594899,2367.233072,-43.51631848,-140.7558883,8.1332463,1
7663,64,24,64,1,0,1,1,1,1,1,1,1,0,1,1,270.8026847,199.6618934,228.6069011,25.11490324,56.90234513,58.93995665,276.922645,197.8828322,222.5410477,28.23808554,54.60248854,58.32988934,-0.8158570767,-38.09316821,38.90898686,0.9432852964,37.75149463,-38.69482141,270.4743173,198.2356566,226.6530249,11.89193625,16.42294198,14.35793036,276.4498028,197.7858564,221.9136511,17.38076761,8.222716493,13.47727858,0,-111.0224286,107.4682887,152.1604069,-91.17698768,37.81864425,0.5798144364,-112.3807247,108.2950536,-18.55511002,112.641553,-162.1882211,49.98312714,49.98336816,3360.855961,3292.096664,157.3908204,-56.81090256,8.2973996,1
7664,64,24,64,1,0,1,1,1,1,1,1,1,1,0,1,274.6532961,198.9041545,223.1967021,3.942750529,8.556231573,8.466881974,274.4309991,201.1349849,222.6397686,6.032281787,10.12172876,6.138618632,1.311400604,-6.916163816,5.604625062,-1.302631347,6.850138192,-5.547639201,274.6484515,198.8940243,223.1719158,3.466723646,4.537466481,5.917893866,274.4280116,201.1351955,222.6353823,5.735658955,7.125476286,1.308511754,0,-112.3777623,107.3701823,-68.60462568,-67.28774076,115.6315711,0.3392561212,-112.4104665,107.058384,34.31570347,-139.3958913,-31.1052092,49.98834681,49.98822652,2328.534974,2360.012849,-47.56373805,-155.7195952,8.5056086,1
7665,64,24,64,1,0,1,1,1,1,1,1,1,1,1,0,272.7086513,200.7301547,224.4990928,41.43139267,42.87605361,18.813153,273.7552079,205.0679678,221.2704495,42.49704113,43.01845265,15.78298341,28.76683575,-28.30724918,-0.4613387859,-28.86283792,28.36962243,0.4914667277,272.6417728,200.5574533,224.1719144,6.87538659,11.05824282,12.80838681,272.9432107,204.1217874,221.0347813,11.15256022,10.64499756,7.936514249,0,-112.2159448,106.3559786,-120.251079,-51.15089588,103.5952606,0.8174509953,-112.9773714,105.5930534,32.33175531,-178.3326558,-77.8521609,49.98637289,49.98479482,2650.136472,2997.407861,-40.55760524,-46.74286588,8.6855806,1
7666,64,24,64,1,1,0,1,1,1,1,1,1,1,1,1,276.5308649,200.6904765,219.2430006,9.066592917,3.893926201,8.194586753,275.4678873,201.5227984,221.0365533,6.099539397,8.415076897,9.270544055,-5.852455039,-1.592553286,7.444992807,5.806945434,1.59874929,-7.405728453,276.5138734,200.6888077,219.2277685,6.75783699,3.249885936,3.147752582,275.4636133,201.5223768,221.0368993,1.104157395,8.138311389,5.411895193,0,-113.6845595,106.4816828,-7.667261356,-167.7542884,-170.6990307,-0.1616993088,-113.1082578,106.438194,126.6387954,-94.80802707,71.16361941,49.98824996,49.98824624,2352.598599,2347.97676,-30.99258543,-146.3841323,8.7799641,1
7667,64,24,64,1,1,0,1,1,1,0,1,1,1,1,1,276.382277,197.6356144,221.9047529,28.6907644,56.43482163,60.01435224,270.7725217,201.339479,228.4201626,25.5407079,58.42756471,60.45403149,-1.012554113,-39.01739071,40.02973332,0.9353360652,39.17279393,-40.10835092,275.8634722,197.552654,221.3677686,17.44300878,8.569557284,13.42994541,270.4352901,199.611307,226.6109594,11.94656959,16.67913113,14.3326891,0,-112.8510301,107.9359217,-19.45684556,112.1872073,-161.8577097,-0.5242799841,-111.2653728,107.1763092,151.0906206,-91.31895425,38.08279622,49.98327022,49.98292379,3275.790132,3375.886362,75.32213607,36.52947798,9.0273444,1
7668,64,24,64,1,1,0,1,1,1,1,0,1,1,1,1,276.839438,200.0259937,219.457768,12.47955653,3.737601701,11.75001698,275.700006,200.9627767,221.2333456,10.51472694,8.620172734,12.46352328,-7.940626462,-1.470073981,9.410633025,7.881314055,1.46476864,-9.346142494,276.7711677,200.0147534,219.3849225,6.710621715,2.998275484,3.283749015,275.6822406,200.9567437,221.2235508,1.224668143,8.331804047,5.438520042,0,-113.5680894,106.8501627,-9.394171666,-170.5427111,-171.1716134,-0.1463510729,-112.9769897,106.7913184,118.104751,-95.98792653,70.05105614,49.98814304,49.98817858,2374.423644,2360.183801,-25.61739126,-150.4347902,8.7285037,1
7669,64,24,64,1,1,0,1,1,1,1,1,0,1,1,1,325.2071437,215.5023244,388.3898474,20.42468714,14.49880875,15.99451585,322.6884235,212.4633175,388.3555126,19.34360522,12.01345248,17.60730488,14.08087216,-6.474335721,-7.605424028,-15.04122804,1.498409779,13.54322777,291.5360766,150.0349405,262.9815703,10.71415514,7.899164427,10.84183421,288.332058,148.3808364,259.7670469,6.338545517,4.160990277,6.162265657,0,-98.46125849,132.6751669,-32.46543181,-130.2545398,107.3349055,-0.01635545444,-98.28809786,132.5149019,115.1291957,-14.52795901,-95.93371062,49.97449162,49.98528867,3949.278826,4058.689425,-723.0700346,124.4352414,8.4951133,1
7670,64,24,64,1,1,0,1,1,1,1,1,1,0,1,1,278.7555906,201.5262458,215.701835,27.89757974,7.558092447,33.0499963,279.0432901,202.3566892,215.8625817,27.89048841,7.536678571,32.99609745,-26.21570067,-4.876586922,31.09195283,26.19053458,4.861962077,-31.05282937,278.6148598,201.4162186,215.5803072,2.956759545,4.83054064,2.459130407,278.9063746,202.2378799,215.7451818,3.142486023,4.819071983,2.262518158,0,-114.6430607,106.1205348,-2.335051787,-114.6481285,103.2225553,0.03911827229,-114.546931,106.1481729,2.08735571,-114.9151269,109.1418471,49.98697505,49.98695985,2607.256592,2605.374366,19.29005219,-95.86250954,8.6463257,1
7671,64,24,64,1,1,0,1,1,1,1,1,1,1,0,1,280.1422566,197.1801262,219.0741621,62.97721098,25.48897751,60.81554689,275.2201078,204.6676961,217.9089905,62.77728936,30.27732109,59.82816354,-41.01433986,0.005159785455,41.00913459,40.8777962,-0.09834968088,-40.77943759,278.712977,196.8322871,217.0460127,14.76231467,11.79646086,14.36127564,274.7534424,204.0603034,217.7448484,15.27593813,19.92380139,11.16437314,0,-113.8329371,108.0100422,-82.91386479,24.54226936,147.6913148,0.99213825,-113.1647898,106.610868,73.90758386,-136.8849202,-16.31277175,49.98223019,49.98257456,3537.280389,3434.837945,218.5973629,-21.39469654,8.5894257,1
7672,64,24,64,1,1,0,1,1,1,1,1,1,1,1,0,274.7311555,201.4380898,221.0214817,9.007143024,6.860913536,5.069762784,273.7297886,203.4746384,221.6974199,8.305125706,10.34011963,3.219082627,7.2003009,-6.37652589,-0.8238004599,-7.240361816,6.423923245,0.8163982582,274.7252467,201.4362113,221.019923,5.157933285,2.014869466,4.902554153,273.7054203,203.4531871,221.6960661,3.728874629,7.95556679,2.950062987,0,-113.2849892,105.9695851,-38.15184604,-84.68851511,141.0254313,0.1487608855,-112.9931893,105.6533231,58.61616983,-120.3062869,32.24763609,49.98821445,49.98822292,2359.656942,2352.619263,-40.12531954,-152.8228906,8.8713169,1
7673,64,24,64,1,1,1,0,1,1,1,1,1,1,1,1,276.5307044,200.6919559,219.2392705,9.06552478,3.889467367,8.197720086,275.4699966,201.5224492,221.0338355,6.107623648,8.417324321,9.275783124,5.866188204,1.587565405,-7.453794129,-5.820669331,-1.594175738,7.414799294,276.5137493,200.6902885,219.2241626,6.748283077,3.248053155,3.139541181,275.4657545,201.5220477,221.0341689,1.099418423,8.142058254,5.411262333,0,-113.6854754,106.4810585,-7.690044402,-167.8139393,-170.6312244,-0.1620145993,-113.1091331,106.4383457,126.1847641,-94.81446695,71.25816286,49.98824623,49.98825045,2354.091887,2346.531031,-30.14608838,-147.235918,8.9187716,1
7674,64,24,64,1,1,1,0,1,1,0,1,1,1,1,1,276.8612269,199.88731,219.7095107,13.7845629,3.545863644,13.04890432,275.5471351,200.849883,221.5038864,11.88417685,8.756394873,13.64683525,8.351873545,1.289915271,-9.642092103,-8.29019018,-1.284210474,9.57408974,276.7804224,199.8770472,219.6235188,7.022018657,2.978517399,3.533623915,275.530879,200.8436911,221.4936363,1.585637607,8.546142401,5.49158556,0,-113.4988565,106.9489741,-11.12993565,-174.7225817,-172.5108914,-0.1471044487,-112.8817994,106.8635339,122.3043941,-95.68263507,67.45655205,49.98812789,49.98810661,2382.413751,2378.401384,-27.21058751,-151.1811218,9.1073868,1
7675,64,24,64,1,1,1,0,1,1,1,0,1,1,1,1,276.4484768,197.3819647,221.9048314,30.54307635,58.33841885,62.34607763,270.3994133,201.2988284,228.6165403,27.4077397,60.35103699,62.75308607,1.149565489,40.25173924,-41.40131259,-1.066495897,-40.41253335,41.47901615,275.8706288,197.2939515,221.3032388,18.39216207,8.994852385,14.21147334,270.0317968,199.4531798,226.6904074,12.92620983,17.14432801,14.95109206,0,-112.8359554,108.0304968,-20.26369001,110.806994,-163.2646066,-0.54204395,-111.1948169,107.1843909,150.6590932,-91.38756708,35.81710895,49.9826301,49.9823955,3445.185391,3503.553025,86.81094552,86.36958349,8.8949342,1
7676,64,24,64,1,1,1,0,1,1,1,1,0,1,1,1,278.7516145,201.5313832,215.7025403,27.82297001,7.557860082,32.97735109,279.0380873,202.362033,215.8638321,27.8183261,7.539113855,32.92374165,26.14793825,4.876340713,-31.0246223,-26.12285578,-4.864494097,30.98701006,278.6113637,201.4210431,215.5811166,2.946405891,4.828464032,2.45763759,278.9020126,202.2433061,215.7468411,3.152973011,4.821383035,2.265066761,0,-114.6433095,106.1179049,-2.398869255,-114.6520122,102.9935734,0.03896751347,-114.5471932,106.1451602,2.132195577,-114.911641,109.3790177,49.98696964,49.98698429,2608.607973,2601.097779,19.97452704,-96.88362192,8.9278031,1
7677,64,24,64,1,1,1,0,1,1,1,1,1,0,1,1,324.2447341,214.5309433,388.3249211,22.35719938,17.17040115,17.56510061,321.4405591,210.5791215,388.0049075,21.43553838,14.6041459,19.20436554,-15.77003642,7.626339409,8.141623591,16.73886094,-2.699477494,-14.04104432,290.7084088,149.1680909,264.5281821,11.12938055,9.263100312,11.71634859,287.3016665,146.9223765,260.8091899,6.821132169,5.362326131,7.4906065,0,-97.78207264,133.0461387,-33.66886328,-133.2052448,100.8500085,-0.005152179697,-97.57148297,132.9775217,115.4797131,-3.022909074,-103.2052079,49.97589382,49.98367307,4347.021554,3694.127234,-711.5447971,121.4923732,9.0094495,1
7678,64,24,64,1,1,1,0,1,1,1,1,1,1,0,1,275.5391795,201.589447,220.4772535,12.28848112,10.91591871,5.561264016,274.4922367,203.8718104,221.0984449,11.84220534,13.48612026,3.264689673,-8.521796962,8.031517254,0.4883746926,8.581288399,-8.102378174,-0.4807527705,275.5232721,201.5641138,220.4635061,5.315170839,2.196509376,5.463567034,274.4235609,203.7774937,221.0797675,4.047064924,8.117392323,3.098142065,0,-113.4633778,106.0314569,-41.29937372,-73.45152653,140.1572125,0.1765893789,-113.197161,105.6523011,60.03380986,-123.544838,21.67877406,49.98813913,49.98809171,2388.762885,2375.111333,-58.59485162,-127.2610049,9.4896541,1
7679,64,24,64,1,1,1,0,1,1,1,1,1,1,1,0,278.062038,199.1908357,218.8571156,41.14293416,14.22889582,40.20224684,275.2603492,204.0372113,219.585254,40.92412022,19.62632104,39.6014527,27.46591447,0.5160569134,-27.98057226,-27.3609451,-0.4577741076,27.82002748,277.3769061,199.0268,217.8955849,8.805392507,5.956337195,8.586813691,275.0742535,203.8221618,219.5141512,8.881688673,14.67809846,6.543350834,0,-113.8490117,106.9726062,-70.61674438,26.76549827,155.7066167,0.4894536297,-113.21537,106.2158135,69.43037593,-128.6827392,9.227791765,49.98484822,49.98685757,2916.876406,2550.919729,84.34904968,-169.068097,9.3347066,1
7680,64,24,64,1,1,1,1,0,1,1,1,1,1,1,1,273.377764,202.0187292,222.1986859,6.110937965,8.540766631,3.231249747,274.7764516,201.7017871,222.0065262,6.891078515,4.48279015,4.922014716,5.001789883,-3.778735968,-1.223082955,-4.965514587,3.730109342,1.235378478,273.3667857,202.0150805,222.1986381,3.435030993,7.626126504,2.850778948,274.7730576,201.7023114,222.0060148,4.722915607,2.382074655,4.678355339,0,-112.9598165,105.729011,51.84188685,-121.4126387,36.55323872,-0.07979057526,-113.0154641,106.0703624,-35.02210945,-85.86455938,140.5168762,49.98827683,49.98827649,2347.529732,2341.697477,-40.15294424,-155.4992417,9.5991059,1
7681,64,24,64,1,1,1,1,0,1,0,1,1,1,1,1,273.0957919,203.140023,221.4469022,33.10507149,33.78953154,12.22747582,273.6174988,201.3476734,224.0453377,32.22521238,33.34356899,15.26071306,22.93888756,-22.91131393,-0.02848770687,-22.77684365,22.74322454,0.03311840653,272.4849556,202.6456166,221.2671212,8.682266555,8.34537366,5.984494613,273.5407421,201.2689118,223.8284144,5.710997924,8.010721305,10.83698508,0,-113.2790903,105.1844694,40.57546012,-165.4965017,-71.33902257,-0.5636888795,-112.6661888,105.9210847,-96.27680021,-57.93547667,107.214122,49.98630752,49.98697378,2665.457982,2557.286658,14.07657474,-148.5867923,8.7870943,1
7682,64,24,64,1,1,1,1,0,1,1,0,1,1,1,1,272.7512205,204.5479399,222.1144266,13.64269341,30.93049997,27.81765218,272.4265056,203.0270892,224.9871247,10.3540365,30.96219659,29.10339321,2.022700501,16.64645598,-18.66970886,-1.951898281,-16.84991504,18.80124443,272.5101005,204.068232,221.4825556,10.23780177,8.742694803,4.556408014,272.1731541,202.6063356,224.161702,5.259249409,8.836739061,9.275129412,0,-113.4748798,104.5865758,22.2541629,-170.3275162,-95.41981923,-0.6461780716,-112.7694089,105.0420345,-131.9514608,-57.56730024,94.98480595,49.98691305,49.98688492,2614.232394,2618.090051,-26.82781106,-115.0088894,8.4198362,1
7683,64,24,64,1,1,1,1,0,1,1,1,0,1,1,1,275.675685,203.2839752,217.7946195,60.58497326,29.10802205,57.87550529,281.042749,197.7370077,219.1900048,60.6763359,24.06787849,58.7121833,39.27870756,0.2011404347,-39.47986092,-39.33004896,-0.2848511085,39.61494573,275.2374117,202.7852365,217.62211,14.59380957,19.53294054,11.0417381,279.7282964,197.392755,217.2061145,14.20706467,11.26782004,14.08002423,0,-114.0554792,105.3976032,73.93087542,-137.1442783,-14.98413122,-0.8729896788,-114.5252913,106.819213,-81.8193328,23.65755858,148.1849767,49.98306158,49.98257531,3332.99278,3463.135689,80.02637863,84.57298362,8.6170434,1
7684,64,24,64,1,1,1,1,0,1,1,1,1,0,1,1,279.0407072,204.9617207,215.9439185,18.09481876,19.07949214,4.834658331,280.4108451,204.245391,215.6015739,18.07310652,17.21209903,6.524590055,14.63800554,-14.28489257,-0.3546161729,-14.40906458,14.04495443,0.362718324,278.5181663,203.5583396,214.9772178,3.999437452,7.996709555,2.947670349,279.9008066,202.906235,214.8700293,4.614576907,2.702644167,5.269156058,0,-115.0439276,105.1604045,49.0129722,-128.7407021,21.46095324,-0.1352659348,-115.0577228,105.5845997,-41.05927365,-71.61210565,139.0371704,49.98692235,49.98862545,2572.511015,2301.175295,11.64435282,-160.9309553,8.5719787,1
7685,64,24,64,1,1,1,1,0,1,1,1,1,1,0,1,437.393975,255.399897,205.1506638,24.48298608,27.70857352,15.08713994,439.3547616,259.9052333,212.5737377,22.73635359,27.85510943,17.374744,19.59070824,-25.23788403,5.647182373,-13.83177378,22.060064,-8.228327556,332.344067,216.7821002,132.54479,10.35605071,9.514506433,7.872885169,338.1415813,222.9541484,136.4728402,15.54749824,16.37515208,10.26110785,0,-134.8341868,104.6311762,122.3058605,-24.82099457,-116.4039731,0.08796473484,-134.714198,105.0140687,-34.25612141,-167.9285139,74.43875948,49.97716261,49.97910547,4369.037072,4385.345421,1273.45718,-224.0152134,8.4812621,1
7686,64,24,64,1,1,1,1,0,1,1,1,1,1,1,0,271.2720523,203.1443826,224.1280198,21.97394402,18.51515788,4.930373836,271.4996865,203.9801946,224.3712496,21.92369751,18.52115436,4.934008539,20.96046062,-17.34428491,-3.616195635,-20.92951239,17.30706659,3.622416578,271.2355327,203.1010214,224.0780369,3.038556414,4.783259357,2.452225587,271.4700085,203.9156982,224.3179778,2.899101784,4.948923844,2.449590612,0,-112.642374,105.0177388,-2.29718052,-114.059858,104.9103319,0.02805986049,-112.5289901,105.0438242,2.282178287,-111.5348398,105.0023459,49.98768528,49.98769314,2465.457045,2458.969184,-39.98158943,-155.4732031,8.8308656,1
7687,64,24,64,1,1,1,1,1,0,1,1,1,1,1,1,273.376568,202.0197774,222.2022634,6.125704937,8.548154402,3.231980525,274.7749582,201.7030667,222.0104683,6.904087813,4.496932844,4.920759549,-5.020419914,3.797476455,1.222881599,4.983958655,-3.74895479,-1.235068801,273.365508,202.0161137,222.2022341,3.434166953,7.625623699,2.850325341,274.7715648,201.7036085,222.0099469,4.7224949,2.381509338,4.676208777,0,-112.9589408,105.7294957,51.83441984,-121.3985486,36.59721859,-0.07992528579,-113.0147741,106.0705665,-35.01161477,-85.90590576,140.5176786,49.98827756,49.98827576,2347.728249,2341.539776,-40.20499304,-155.4447481,8.9038086,1
7688,64,24,64,1,1,1,1,1,0,0,1,1,1,1,1,274.2068901,200.4375791,222.3602103,6.029491238,9.963784592,5.574435341,275.0894269,199.6715819,223.26417,4.060593264,8.117449822,8.126837519,1.338212231,-6.547889825,5.209634421,-1.334043594,6.576033745,-5.242044093,274.2039443,200.437821,222.3587441,5.742977069,7.386585674,1.641439824,275.0854817,199.6596655,223.249558,3.622805308,4.562525486,6.109249765,0,-112.7544573,106.6403826,35.65860239,-140.4213134,-26.42162663,-0.2865004063,-112.5319151,107.0454215,-68.31268646,-64.46025295,118.0378563,49.98829202,49.98828673,2343.694637,2340.48388,-42.4512042,-156.045787,8.8938907,1
7689,64,24,64,1,1,1,1,1,0,1,0,1,1,1,1,273.9643623,204.4621323,220.4208333,43.91893657,44.63740764,16.89618608,273.3026549,201.6446572,224.3027701,42.66947628,44.27415889,19.88113149,-29.73141969,29.34064342,0.3900546081,29.52922905,-29.13310118,-0.3968631119,272.9766565,203.6221436,220.1415121,11.66668347,11.32921675,8.580594403,273.1964837,201.4741713,223.8930018,7.284788711,11.75668339,13.41759963,0,-113.7453388,104.7155704,31.21777523,178.8459462,-78.12206557,-0.8070693338,-112.7195274,105.5896985,-123.3258939,-50.793487,103.0148221,49.98469327,49.98598979,3029.982667,2725.037883,83.62766972,-135.8412222,8.5212945,1
7690,64,24,64,1,1,1,1,1,0,1,1,0,1,1,1,275.0340635,203.3514011,219.6587334,12.82247898,14.6244091,3.525083468,276.4398071,202.6397348,219.4758595,13.00083231,12.20469138,5.572745354,-9.352878079,8.666412894,0.6866935601,9.239934685,-8.54527663,-0.6944011723,274.8767372,203.0618749,219.5174097,4.024341774,8.121394405,3.02465366,276.390024,202.48452,219.3742548,4.890472288,2.401579248,5.272962414,0,-113.793057,105.2014108,53.79137696,-125.6495487,23.91953807,-0.1245732912,-113.8356064,105.6146661,-41.77919338,-70.98652845,139.8337192,49.98800392,49.98811843,2406.273065,2360.947278,-35.20490357,-143.4976292,8.5005001,1
7691,64,24,64,1,1,1,1,1,0,1,1,1,0,1,1,275.7054407,203.1742806,218.7458403,49.38758268,23.76183616,47.35804879,279.8638353,198.8853929,219.0752175,49.4754877,18.43474254,48.02188814,-32.50403464,-0.3423147775,32.84748867,32.55469764,0.4073911766,-32.96104225,275.4236009,202.8725648,218.6345197,11.30255517,17.00906497,8.415846599,278.9395859,198.6485485,217.6908884,10.96536047,8.504348963,10.93505237,0,-113.8856847,105.4589362,70.89151153,-133.4949717,-3.127785596,-0.6245746133,-114.3381857,106.5302636,-77.59338496,24.61067868,152.5113694,49.98549465,49.9839849,2803.653975,3123.695343,-18.58407896,10.63520403,8.7509031,1
7692,64,24,64,1,1,1,1,1,0,1,1,1,1,0,1,271.269146,203.1440071,224.125474,21.98622248,18.52938404,4.930671628,271.496123,203.9767395,224.367802,21.93335942,18.53145462,4.933371114,-20.9716813,17.35574466,3.61593275,20.94096113,-17.31903183,-3.621922835,271.2331239,203.1007994,224.0757622,3.048772388,4.791977666,2.452983344,271.4660642,203.9119745,224.3141724,2.888483114,4.94049065,2.448769271,0,-112.6427521,105.016566,-2.207461064,-114.1449828,104.9139854,0.02770146236,-112.5294057,105.0426743,2.203761288,-111.4488454,104.9963888,49.9876936,49.98767849,2465.262153,2459.333366,-40.51176748,-154.9490629,8.4599635,1
7693,64,24,64,1,1,1,1,1,0,1,1,1,1,1,0,437.6645631,255.5912632,206.2123456,24.07360102,27.6120786,15.8813047,439.4363126,259.9800792,213.3554209,22.26865448,27.84796127,17.96142396,-19.15708984,24.52416238,-5.36925773,13.38691127,-21.35227299,7.963092175,332.2503131,216.932596,133.0865235,9.678562799,9.066351588,7.642012695,337.7511336,222.939891,136.930886,14.87166031,16.02576226,10.00720503,0,-134.7331033,104.6105245,121.5521564,-24.68681201,-117.8574971,0.08867125164,-134.5916874,104.9524751,-33.67747163,-166.8404056,73.62258925,49.97482944,49.98154686,4407.85933,4352.730416,1240.202721,-199.5959378,8.2511629,1
7841,64,48,96,1,1,1,1,1,1,1,1,1,1,1,1,244.7707992,213.4904385,232.0138151,2.711659384,2.955520684,1.842353313,245.0399225,213.7903352,232.1271875,2.644736876,2.832148244,2.028710512,-0.01278980224,0.01168179004,0.001026788643,0.01280860577,-0.01221347285,-0.0006706975517,244.7610046,213.4945433,232.0194319,2.711060238,2.955178609,1.841749744,245.0301288,213.7944656,232.1328037,2.644130432,2.831808223,2.028170832,0,-120.3340985,113.1697082,0.9376243802,-122.819294,110.7669513,0.0203065957,-120.2893924,113.1941032,-1.090172393,-117.8946301,115.2703214,49.99139298,49.99138788,1723.114829,1720.603183,19.14326752,-45.0741284,8.3905784,1
7842,64,48,96,1,1,1,1,1,1,0,1,1,1,1,1,244.7238126,213.0668124,232.4961492,5.338655567,7.885099969,4.53939263,245.4730862,212.0381258,233.3459735,3.568480019,6.43447612,6.731201435,1.341470916,-5.6181125,4.276561016,-1.337315728,5.635034836,-4.297796488,244.7136731,213.0705398,232.4999528,5.047839289,5.431005942,1.352098317,245.4619922,212.0332866,233.3416502,3.118686484,2.920136611,5.13289303,0,-120.1704903,113.3586214,34.54024608,-150.3299823,-41.02781273,-0.278073111,-120.072759,113.6582091,-67.35551203,-51.47680557,119.9602336,49.99134069,49.99133439,1732.858015,1731.943924,14.92498742,-48.29986095,8.5752111,1
7843,64,48,96,1,1,1,1,1,1,1,0,1,1,1,1,244.7285506,213.0628128,232.490268,5.330761294,7.891262741,4.539318017,245.4765439,212.0399615,233.3373951,3.568848167,6.4434863,6.724779678,-1.349788478,5.628482421,-4.278767749,1.345655737,-5.646452452,4.300724351,244.718411,213.0665295,232.4940949,5.034561975,5.426628548,1.345465961,245.4654821,212.0351748,233.3331106,3.111190573,2.915329789,5.122803672,0,-120.1720903,113.3598833,34.48483184,-150.2874604,-40.54754102,-0.2765249863,-120.0742549,113.6587411,-67.1328274,-51.5499348,120.0559684,49.99133987,49.99133486,1733.564923,1731.308703,15.10130983,-48.46590746,8.5745367,1
7844,64,48,96,1,1,1,1,1,1,1,1,0,1,1,1,245.2199182,213.5054004,231.5484356,4.242209477,5.453323483,7.116100945,246.4028168,214.1745326,230.3825938,7.079242657,3.268062617,6.162041055,4.173952863,1.338297913,-5.512321583,-4.197486736,-1.330735931,5.528148202,245.2090868,213.5087734,231.5535274,0.3257912684,5.175181041,4.396864046,246.3852238,214.1771887,230.3795098,5.659308933,2.782900183,2.547631563,0,-120.4918562,113.2056681,151.5668425,-91.96268383,77.96774223,0.2340559078,-120.7843045,113.268349,-1.541898478,175.9913529,-162.6200346,49.99132212,49.99133009,1736.194998,1733.225573,16.44520033,-48.09216586,8.850773,1
7845,64,48,96,1,1,1,1,1,1,1,1,1,0,1,1,245.2201852,213.5111209,231.5484497,4.190494147,5.4515119,7.080960668,246.397427,214.1778509,230.3840877,7.032972163,3.261955869,6.120794855,-4.125999189,-1.347524136,5.473441526,4.149306189,1.338929395,-5.488323794,245.2093648,213.5145044,231.5535531,0.3083986538,5.171644108,4.391370809,246.3800072,214.1804583,230.3811668,5.639529774,2.772586923,2.537288574,0,-120.4925772,113.2041306,149.8762356,-92.07670444,78.08048603,0.233467211,-120.7840625,113.2663155,-1.544065099,176.0589974,-162.6329992,49.99132655,49.99132649,1735.913338,1733.295693,15.86967128,-47.50185524,8.7334907,1
7846,64,48,96,1,1,1,1,1,1,1,1,1,1,0,1,244.4531589,213.8728003,232.0723659,7.156160597,3.925212169,4.215027612,243.5204398,214.9663126,232.739866,5.875607654,6.901788424,3.242214422,-5.172113945,3.873505231,1.29852455,5.190568984,-3.897791358,-1.29286328,244.4430918,213.8758305,232.0772633,4.8563517,0.2705315959,3.881026047,243.503178,214.9631978,232.7442628,2.589478801,5.667280958,2.796770711,0,-120.3291527,112.9793621,-29.00306144,179.7554362,155.1101453,0.06877722687,-120.0370818,112.7312837,65.11615058,-117.934068,43.80256771,49.99133581,49.99133482,1733.836972,1731.882187,13.50121395,-49.68807196,8.604045,1
7847,64,48,96,1,1,1,1,1,1,1,1,1,1,1,0,244.4555623,213.8700481,232.0663303,7.158004229,3.925126368,4.214208627,243.5209907,214.9634404,232.736048,5.874402382,6.903831331,3.242852072,5.171231798,-3.873258069,-1.298046193,-5.189570267,3.896333896,1.293164103,244.4454857,213.8731107,232.071252,4.860248261,0.2719814348,3.88205189,243.5037505,214.9603534,232.7404512,2.58915901,5.670001861,2.800151383,0,-120.3306918,112.9796845,-28.99590043,178.9316419,155.1585065,0.06844760665,-120.0380523,112.7313827,65.20223914,-117.9043074,43.80592374,49.99133681,49.99133365,1734.337098,1731.431369,13.65117505,-49.85380432,8.7884936,1
7848,64,48,96,0,1,1,1,1,1,1,1,1,1,1,1,245.1821738,211.6591992,233.3273952,3.578072058,6.532490145,6.737414735,244.9604838,213.3152078,232.6891707,5.30163437,7.887967382,4.636981021,-1.354591019,5.808367213,-4.453836893,1.351905869,-5.77655611,4.424581142,245.1709694,211.6553951,233.3207005,3.106042714,2.776844621,5.003416599,244.9505457,213.3190053,232.6921495,4.99641603,5.257373223,1.185835308,0,-119.8324946,113.9427259,-66.23241606,-54.10509581,118.8536566,0.3250693311,-119.8417938,113.685535,34.73864062,-148.7034648,-44.28439546,49.99133707,49.99134021,1734.408986,1729.994627,15.67761031,-49.23372592,8.7413541,1
7849,64,48,96,0,1,1,1,1,1,0,1,1,1,1,1,274.9182627,335.1991233,315.9732115,8.656671552,17.84045028,18.44819692,278.9515469,336.7447379,317.8176569,11.03438137,16.1415771,18.35899018,1.969504418,14.68405893,-16.65343449,-5.474127195,-9.322269384,14.79647357,188.5744827,251.6792082,265.7169097,3.94523609,7.018218547,7.173178963,190.9583182,255.9585034,269.5467548,6.679214216,11.77473098,10.52527975,0,-112.5865667,96.76359057,111.2788005,3.580129387,-135.0682327,0.03441335868,-112.494766,96.87711336,-33.41265192,-144.927409,64.37505825,49.98287085,49.9841875,3302.099683,3286.687769,324.3604438,-640.3161408,8.447122,1
7850,64,48,96,0,1,1,1,1,1,1,0,1,1,1,1,246.7971854,208.1998704,234.8747157,5.502670578,30.90265215,26.80696005,247.0670938,208.5331771,234.9602005,5.488781714,30.8603074,26.79389708,-3.48854131,29.16778244,-25.67930531,3.473963473,-29.13271158,25.65869183,246.6931044,208.0924467,234.7530422,2.699870036,2.841258278,1.900723367,246.9623817,208.4038583,234.8557074,2.696758329,2.796173995,2.013302671,0,-119.2894422,115.4597922,0.1831985381,-120.8432777,113.7253559,0.02499065203,-119.2466505,115.4804527,-0.3071298031,-117.863137,117.0113517,49.99022652,49.99019382,1957.923808,1956.744372,42.9554985,-21.53307521,8.6253504,1
7851,64,48,96,0,1,1,1,1,1,1,1,0,1,1,1,243.727325,211.8435984,235.3599283,13.00026885,35.39251739,36.20279218,246.9952076,212.0705297,232.2705782,16.10486491,34.49418475,35.84862133,-0.194984313,24.52869931,-24.33365502,0.1431534173,-24.38895703,24.24580407,243.5887209,211.2005405,234.6670613,5.926610475,8.859032152,8.119095637,246.8456731,212.0324694,232.1086425,11.13926427,5.381454018,7.26652766,0,-119.186615,114.0118043,162.1380723,-83.74117931,50.66952602,0.5089659054,-119.9106367,114.3965576,-9.312631475,134.7685755,-157.9462839,49.98876522,49.99022982,2194.068777,1898.321231,107.0953816,-63.94843853,8.8135818,1
7852,64,48,96,0,1,1,1,1,1,1,1,1,0,1,1,245.2655475,212.735875,232.2992516,11.36017257,6.249237075,12.63979602,246.9127653,213.2603127,230.9321003,12.99963474,3.084478245,12.17136587,-7.597791165,-0.5846870426,8.18210279,7.636895742,0.5827268053,-8.219998702,245.2476006,212.7327945,232.2946626,1.266562654,6.154710327,4.863215781,246.8355745,213.2567906,230.870474,6.358425793,2.889408483,3.368188187,0,-120.2155186,113.5481236,136.8870901,-92.63743083,69.9781749,0.2365964756,-120.6172251,113.6768397,-7.793207902,155.9561444,-162.1877416,49.99120787,49.99113048,1764.409221,1775.981659,6.019450423,-37.80445237,8.8808579,1
7853,64,48,96,0,1,1,1,1,1,1,1,1,1,0,1,243.643916,213.1087106,233.7914157,27.25180051,27.70237073,11.8597675,243.2450968,215.6517351,232.1571593,27.6902932,28.14375648,9.505860319,-19.60481342,19.45631007,0.1488155077,19.67123771,-19.50460011,-0.1663132359,243.6117397,213.0439402,233.6877065,5.014879467,4.516534465,8.304332907,242.8367955,215.230155,232.0406563,6.663080976,6.155052651,4.423649899,0,-119.6704262,113.2789498,-80.1392881,-47.6363659,114.4574603,0.5016637909,-119.8315565,112.7774022,47.99144718,-164.0917449,-64.25942637,49.99039158,49.99007686,1892.161217,1930.683435,15.49849948,-13.40438971,8.4678432,1
7854,64,48,96,0,1,1,1,1,1,1,1,1,1,1,0,244.9080646,211.5629004,233.7416247,3.578119535,8.528272838,8.853867079,244.7468209,213.2403127,233.009854,5.516088815,9.545798725,7.304929079,-1.221832431,7.202203653,-5.98044614,1.215698684,-7.157071971,5.941298729,244.8955408,211.5458834,233.7154879,3.031587007,2.962561692,5.087746732,244.7359827,213.2429797,233.0098461,5.181273734,5.282556563,1.223896076,0,-119.6799865,113.9736068,-70.14909504,-53.77982869,117.0363258,0.342138445,-119.708908,113.7208251,33.45902319,-150.5705901,-52.64291319,49.99129881,49.99129054,1742.475939,1739.814939,15.93046992,-50.55550107,8.0746986,1
7855,64,48,96,1,0,1,1,1,1,1,1,1,1,1,1,245.1882036,211.6627057,233.3228776,3.583495182,6.50931082,6.708366804,244.9650759,213.3142903,232.6876084,5.292639387,7.872153145,4.602314337,1.369695561,-5.787162579,4.417378306,-1.366999368,5.754436522,-4.387526685,245.1769479,211.6589366,233.3163039,3.104524744,2.769952013,4.996158914,244.9551158,213.3180961,232.6906104,4.982010245,5.258464092,1.183443412,0,-119.8349455,113.9426689,-65.96572349,-54.07423344,119.0281019,0.3237721618,-119.8439035,113.6856718,34.75146517,-148.6293235,-43.47853588,49.9913454,49.99133271,1733.347319,1731.02998,15.4051592,-48.93244228,8.3092768,1
7856,64,48,96,1,0,1,1,1,1,0,1,1,1,1,1,246.7891772,208.1920553,234.8984942,5.509843577,30.97322911,26.87932391,247.0571517,208.5276453,234.9791121,5.49246716,30.9259256,26.86242916,3.485349904,-29.22838163,25.74297762,-3.470706213,29.19238223,-25.72173013,246.6845583,208.0838129,234.7758569,2.703174191,2.867101619,1.92752379,246.9497752,208.3946904,234.8731669,2.69318477,2.770015993,1.988251936,0,-119.2812618,115.4631785,0.0002870107319,-120.7816083,113.1363532,0.0252178927,-119.2393116,115.4827131,-0.1240842013,-117.8829972,117.6307063,49.99018979,49.99022309,1958.417236,1955.28914,42.287422,-20.8992287,8.4316761,1
7857,64,48,96,1,0,1,1,1,1,1,0,1,1,1,1,275.5942858,335.0546756,316.5995608,9.701881162,15.80401795,16.4386271,278.9088219,336.4027319,318.0916059,11.4409208,14.14746817,16.30862543,-1.284719926,-12.1218741,13.40559464,4.802552027,6.726643807,-11.53036916,189.1565268,250.8056881,266.0682331,3.156229456,5.112987598,5.16076283,191.1535261,254.2333005,269.0952066,5.789090139,9.597109468,8.52883896,0,-112.2927024,97.31053902,103.8807052,-6.146483759,-137.8597126,0.02710150354,-112.2245544,97.40762516,-31.98478798,-143.0909344,67.53358636,49.97928047,49.98796368,3380.128335,3200.527569,223.8646277,-534.179432,8.1312724,1
7858,64,48,96,1,0,1,1,1,1,1,1,0,1,1,1,245.6251519,213.0291654,231.5585501,8.044430095,5.747896473,9.681112624,247.0255173,213.6363393,230.3972664,10.04719481,3.298232546,9.107787508,6.491129496,1.077864918,-7.569126383,-6.525414185,-1.074148149,7.599428046,245.6104953,213.0297428,231.5592354,0.772431151,5.450317148,4.461057742,246.9813894,213.6348759,230.3650385,6.014104018,2.744689684,2.935238006,0,-120.4886848,113.4291934,142.7612592,-92.57390964,72.87741001,0.2254525619,-120.8129608,113.5298094,-4.431800463,169.9447387,-165.5886108,49.99126892,49.99126563,1745.846228,1744.203724,24.33811162,-54.69958298,8.3868065,1
7859,64,48,96,1,0,1,1,1,1,1,1,1,0,1,1,242.1719743,212.0546087,237.317442,20.31169088,50.21285731,51.62065157,247.1641604,210.9598654,232.4968909,23.19948417,49.03207591,51.28986497,0.1092477286,-34.00906364,33.89974804,-0.03307420521,33.81584597,-33.78284167,241.9097709,210.8193315,235.9929356,9.743665358,12.47793408,11.7997969,246.8233939,210.8868654,232.1451031,14.73534396,8.080983108,11.36340362,0,-118.5481176,114.0344641,154.8156875,-88.6901292,40.22994802,0.5918747878,-119.685134,114.751987,-16.26086217,112.2516552,-159.0519613,49.98722346,49.98767324,2539.337199,2427.468573,171.6884396,22.40021518,8.3572003,1
7860,64,48,96,1,0,1,1,1,1,1,1,1,1,0,1,245.0050572,211.5182739,233.6396503,3.565101697,7.686196825,7.983883285,244.8042453,213.2482428,232.9569449,5.481091648,8.895279621,6.220993009,1.130967662,-6.763090848,5.632096703,-1.126675773,6.721733432,-5.595084428,244.9934871,211.5085859,233.6233832,3.134824362,2.910708285,5.118322467,244.7940409,213.2512955,232.958196,5.213361884,5.394084903,1.27275991,0,-119.713133,113.9895699,-70.2504266,-51.46667191,118.033085,0.3438576947,-119.7295368,113.7261969,34.53668444,-149.8799935,-48.98429557,49.99128956,49.99134286,1743.021031,1729.623578,19.43226507,-54.18454117,8.4240689,1
7861,64,48,96,1,0,1,1,1,1,1,1,1,1,1,0,243.1676939,213.3785986,234.1259016,37.77590095,38.88684402,16.4527568,243.8970459,217.1759641,231.1330111,38.62148317,39.23188094,14.129951,26.43587124,-25.97039529,-0.4660390555,-26.51833374,26.02888606,0.4888867915,243.1223883,213.2240854,233.9040161,6.052975553,8.452486545,10.88815363,243.1782706,216.3845226,230.9490662,9.610050445,9.215701969,7.036433282,0,-119.5457327,113.1885156,-115.0688576,-41.663359,107.568045,0.7919505476,-120.0687176,112.5948857,34.94345642,176.3923829,-75.34427784,49.98977625,49.98845785,1988.981448,2269.918524,18.4081173,45.78067854,8.5591334,1
7862,64,48,96,1,1,0,1,1,1,1,1,1,1,1,1,246.1098253,213.8159429,230.3111497,7.004870337,3.324247923,6.009701922,245.4431336,213.8335974,231.6602823,4.149190194,5.463083527,6.975937406,-4.10470812,-1.32215617,5.426786397,4.075713629,1.32827588,-5.404067651,246.093547,213.8186687,230.3075438,5.63282843,2.865561823,2.427293342,245.432663,213.8367226,231.6651801,0.3413740171,5.195905125,4.32262921,0,-121.0011428,113.1004577,-2.498810443,175.3274182,-163.1349394,-0.1753402622,-120.6231392,113.069128,137.3092675,-91.32809692,79.10676051,49.99132602,49.9913255,1736.594322,1732.95165,18.30344952,-46.81979396,8.5927256,1
7863,64,48,96,1,1,0,1,1,1,0,1,1,1,1,1,246.4285126,212.3072919,231.9391481,12.62575025,27.2083246,27.85780887,244.6345912,212.0663703,234.4303538,9.369203662,27.78792698,28.24475339,0.315055049,-19.60090034,19.28567337,-0.3403288573,19.66810548,-19.32795952,246.3331386,212.2841096,231.8646425,9.265123329,4.705303227,4.980789965,244.5360841,211.6271985,234.0342207,3.909504811,7.030477174,6.394924083,0,-120.480318,113.7844128,-3.295936473,155.5842422,-154.7899491,-0.4549471854,-119.9022302,113.6165266,172.5472457,-78.64785422,62.54330387,49.9909815,49.9894811,1773.707713,2040.656502,-14.6521634,21.66937553,8.5259021,1
7864,64,48,96,1,1,0,1,1,1,1,0,1,1,1,1,246.6169408,213.1480603,230.3993848,10.60005064,3.291656637,9.728549321,245.8461249,213.2631317,231.81289,8.902729735,5.813745744,10.33280738,-6.788558293,-1.068107042,7.856572592,6.74273042,1.071281364,-7.814106429,246.5664378,213.1447452,230.3564949,5.683412052,2.736463803,2.669181348,245.8301295,213.261825,231.8113946,0.5193178033,5.521246642,4.477291244,0,-120.9777349,113.3980639,-4.559898532,168.0673515,-161.9550472,-0.1678634193,-120.5661295,113.3486134,122.5255241,-92.97871365,76.91882631,49.99119462,49.99129128,1761.431759,1738.471272,26.06319276,-52.86473618,8.8564746,1
7865,64,48,96,1,1,0,1,1,1,1,1,0,1,1,1,302.2793785,221.2661661,394.4523796,20.8175042,12.7238911,17.48100431,299.5825232,216.950742,393.8835676,20.16936723,10.5262159,18.83882087,16.57767546,-5.986768797,-10.59063214,-17.82560176,2.913255064,14.91258665,267.4588727,151.2534561,282.7364152,11.7643459,7.506231736,11.92440956,263.6221211,148.9851493,278.628124,7.904608521,4.823961812,8.357537339,0,-103.6343814,137.1384848,-36.789566,-139.4561564,104.5992022,0.02517430029,-103.5901751,137.0259991,117.1368811,11.04528657,-92.87402149,49.9826745,49.98665455,3060.226149,3059.305191,-478.371963,490.5164103,8.7890809,1
7866,64,48,96,1,1,0,1,1,1,1,1,1,0,1,1,247.6807027,215.523844,227.0814481,23.00040661,5.309116366,26.92829124,247.9556922,215.8887295,227.152443,22.99925055,5.308877125,26.90654934,-22.00207767,-3.615813719,25.61784425,21.98531264,3.615806249,-25.60116614,247.6009784,215.455022,227.0161086,2.638737062,2.916818401,1.929113118,247.8684508,215.8172094,227.0933697,2.779124352,2.918535215,1.858270164,0,-122.180123,112.5170096,-1.439738289,-122.1642541,109.8680546,0.03363113272,-122.1401042,112.5316173,1.25280549,-122.3480196,115.171005,49.99041195,49.99044873,1916.428249,1910.808906,38.69888954,-28.33174952,8.2851227,1
7867,64,48,96,1,1,0,1,1,1,1,1,1,1,0,1,249.0470752,211.2684162,230.5400504,48.9307375,18.44842298,47.78064578,245.0890854,216.0486966,229.7593732,48.65208099,21.67635057,47.05797819,-31.945651,-0.4983910474,32.44395541,31.8356127,0.4729419276,-32.30863876,248.0685558,211.0173089,229.3079104,11.21894986,8.858819749,11.03056511,244.84655,215.7027002,229.6786804,11.11102257,14.29664994,8.403955117,0,-121.1922117,114.1597232,-74.74211361,34.64125989,152.5656705,0.7408762706,-120.508425,113.142395,77.3086701,-135.7900635,-10.82465635,49.98750198,49.98807802,2483.649755,2340.217542,164.5993622,12.5895575,8.3762312,1
7868,64,48,96,1,1,0,1,1,1,1,1,1,1,1,0,244.5006158,214.1531952,231.7855447,8.24056159,5.606668881,4.400731518,243.4595908,215.3203983,232.4684008,7.071727697,8.128546705,3.286747807,6.181756539,-5.183969753,-0.9978590315,-6.207938551,5.21399177,0.993876555,244.4894572,214.1553583,231.7898995,5.085939471,0.221982629,4.133283612,243.4359493,215.3097262,232.4723351,2.766276521,5.859686351,2.919805689,0,-120.4406429,112.865926,-30.71901198,136.6759317,155.3416151,0.07627407689,-120.1334302,112.5899884,69.59088123,-118.2908489,39.16109884,49.99130046,49.99131283,1740.896034,1735.74965,11.23447287,-48.49749219,8.6171984,1
7869,64,48,96,1,1,1,0,1,1,1,1,1,1,1,1,246.1095888,213.8120756,230.3182926,6.978373144,3.321795751,5.990616647,245.445626,213.8298327,231.6628249,4.117438108,5.457483993,6.956824354,4.076101413,1.331035929,-5.407222285,-4.047235962,-1.338311786,5.385460948,246.0933916,213.8147858,230.3148254,5.623051128,2.859508043,2.420948624,245.4351508,213.8329585,231.6677376,0.3340185603,5.18820362,4.31442296,0,-120.9987587,113.1026456,-2.499599374,175.4751417,-163.275038,-0.1748480949,-120.62203,113.0713963,136.2124554,-91.38776954,79.14705814,49.99133021,49.99132229,1736.055787,1733.421132,18.33682656,-46.81194475,8.5673537,1
7870,64,48,96,1,1,1,0,1,1,0,1,1,1,1,1,246.7758771,213.0777289,230.5767893,11.03693348,3.399506524,10.24220849,245.7151054,213.1133789,231.9986308,9.069790706,5.948098656,10.72192762,7.456029355,0.725973466,-8.182283608,-7.407479873,-0.7339802002,8.141180795,246.735183,213.0782812,230.5458782,6.328875696,3.03190556,2.975887886,245.7024741,213.1133402,231.9979841,1.205966813,5.745489611,4.42991404,0,-120.9458152,113.4713905,-7.55979064,164.7471302,-166.8409547,-0.1848440111,-120.5016382,113.3812262,137.3076818,-90.33972475,72.00576131,49.99114514,49.99132104,1778.577135,1740.391655,23.77374746,-49.67184097,8.8116987,1
7871,64,48,96,1,1,1,0,1,1,1,0,1,1,1,1,246.7429978,210.6828109,232.3935849,23.84619542,50.08147246,52.38884553,242.1237762,212.6072664,237.4546678,20.9194639,51.14126241,52.64730342,-0.02453933098,34.50509994,-34.48062094,0.07494747649,-34.61983976,34.54483093,246.3757137,210.6053879,232.0646353,15.06832949,8.393119577,11.53674472,241.846055,211.2223789,236.1879254,10.06809407,12.73484682,11.95088283,0,-120.2722042,114.2816482,-17.22665877,111.8086502,-159.5375295,-0.5482623408,-119.0208125,113.5739153,153.8907322,-88.75484263,39.46294706,49.98748755,49.98706037,2466.219679,2570.158286,95.74924296,119.9052858,8.8944665,1
7872,64,48,96,1,1,1,0,1,1,1,1,0,1,1,1,247.680001,215.5279262,227.0885844,22.92249802,5.310187412,26.84765972,247.9433743,215.8921978,227.1567353,22.91270115,5.307377185,26.8243663,21.9237826,3.616988577,-25.54083861,-21.90684205,-3.617805413,25.52457967,247.6003063,215.4601671,227.0243218,2.674810124,2.919033251,1.93791414,247.8570109,215.8201869,227.0975747,2.742870404,2.91642986,1.847283271,0,-122.1784811,112.5165928,-1.380884049,-122.2466757,110.7632986,0.03331245643,-122.1384342,112.5290203,1.230671032,-122.2624417,114.2576106,49.99043979,49.99043274,1913.334285,1912.395757,37.19990456,-26.95066673,8.9721616,1
7873,64,48,96,1,1,1,0,1,1,1,1,1,0,1,1,302.0779635,220.8995497,394.1984447,20.98705649,13.42261381,17.66910399,299.4449433,216.3945732,393.4559456,20.41148782,11.19158162,18.96241804,-16.67355037,6.298247056,10.3747833,17.92083914,-3.234699925,-14.68663271,267.3391197,151.06621,282.8954324,11.64789338,7.792239365,12.14060304,263.5507434,148.6431521,278.6465245,7.843893899,5.022873207,8.671001022,0,-103.5231031,137.2005511,-37.25836827,-138.4929417,102.962561,0.02905725014,-103.5158798,137.1160029,116.1505151,13.98220657,-94.67412101,49.98311876,49.9861631,3146.157894,2977.778696,-470.1024441,486.7368312,8.8253491,1
7874,64,48,96,1,1,1,0,1,1,1,1,1,1,0,1,244.581292,214.2415419,231.6707457,9.31685012,7.352392443,4.511766802,243.5839036,215.4747357,232.3039358,8.4048942,9.432602674,3.301700088,-6.894638432,5.881328225,1.013154263,6.92654829,-5.917543066,-1.009164571,244.5693884,214.2424418,231.6736825,4.975981222,0.06101375782,4.193090261,243.54935,215.4503245,232.3061952,2.852438372,5.858187915,2.850543078,0,-120.4896766,112.8413326,-31.9120499,96.039823,153.8488244,0.0894540013,-120.197128,112.5592979,66.98971398,-120.105336,37.08412495,49.99127999,49.9912679,1745.881642,1745.66848,9.866719748,-46.72941795,8.9557007,1
7875,64,48,96,1,1,1,0,1,1,1,1,1,1,1,0,247.6172224,212.5097962,230.1377064,35.48324969,12.27614974,34.77083382,245.0413847,215.8360367,230.5438329,35.1842436,15.70654371,34.26583159,23.73906544,0.439351495,-24.17774511,-23.651251,-0.4225353071,24.07450873,247.0813612,212.3535007,229.4398556,7.76503906,5.555485525,7.592225949,244.9318361,215.6670008,230.4959092,7.27384242,11.19348583,5.681863104,0,-121.1784655,113.5810358,-64.1583277,41.07794163,159.7585242,0.4189612004,-120.5726899,112.915191,74.05822235,-129.7842614,9.056522071,49.98905002,49.98999019,2139.631168,1950.379825,102.1465153,-52.09283845,8.4716792,1
7876,64,48,96,1,1,1,1,0,1,1,1,1,1,1,1,243.3848352,214.5531775,232.5962977,5.658503072,6.767961477,3.200107539,244.7945077,214.1183101,232.1706495,6.880863972,3.706102651,4.266779977,4.947295449,-3.700005602,-1.247357732,-4.918244961,3.666067761,1.252109857,243.3680357,214.5512243,232.6008807,2.596721844,5.64361561,2.79152234,244.7843907,214.1215812,232.175549,4.728672156,0.1620014111,3.96831433,0,-120.1192797,112.6828893,62.33784595,-120.124461,41.74913926,-0.02173829181,-120.31189,112.9634225,-29.18782597,-126.1489341,154.438907,49.99134144,49.99133901,1733.322468,1730.46183,13.63012516,-51.15612733,8.9618392,1
7877,64,48,96,1,1,1,1,0,1,0,1,1,1,1,1,243.0434403,215.0080817,232.1448369,24.82514265,25.25929839,8.336182055,244.1029273,213.3764632,233.6953832,24.40948566,24.6697214,10.71440265,17.76748983,-17.59456697,-0.1728222613,-17.66223096,17.49984776,0.1624681842,242.7027336,214.6897095,232.052494,6.118813398,5.987544454,3.891015867,244.0718145,213.3329863,233.614293,4.869667887,3.95502147,7.738811631,0,-120.2201962,112.4505395,49.58133751,-159.4516817,-57.44149103,-0.3893305366,-120.0349598,112.9611549,-73.86461748,-47.26143132,117.6036494,49.99036674,49.99056173,1880.672106,1862.553106,43.03158659,-50.47308793,9.0923586,1
7878,64,48,96,1,1,1,1,0,1,1,0,1,1,1,1,244.582606,212.9799332,232.7605797,5.513008639,8.856749615,6.087147479,245.3074856,211.8827148,233.6537762,3.551599788,7.562624784,7.922000872,-1.121398052,6.556721715,-5.43536248,1.118303996,-6.581005257,5.462663626,244.5721038,212.9828995,232.7631407,5.257193754,5.557402574,1.418485062,245.2959973,211.8716796,233.6412928,3.140350499,3.053857499,5.233220586,0,-120.0753077,113.3901118,34.22677566,-151.4194107,-45.51462143,-0.2961738211,-119.9704294,113.6943283,-71.26158386,-49.33578225,119.052096,49.99134601,49.99128606,1732.040919,1740.718294,9.875469973,-44.31447155,9.3450107,1
7879,64,48,96,1,1,1,1,0,1,1,1,0,1,1,1,245.040642,215.5730372,229.6009634,46.81261861,20.64319775,45.37355302,249.3872625,211.7631332,230.4180883,47.02013254,17.32513716,46.02157976,30.60188461,0.614924733,-31.21671757,-30.65729987,-0.6496128822,31.30701955,244.8257221,215.280507,229.5237014,10.51297272,13.82282352,8.122184792,248.4584704,211.5245984,229.2859288,10.71171869,8.333004482,10.66516211,0,-121.1713591,112.4147263,77.07264538,-135.877566,-9.521100782,-0.6331965586,-121.7539174,113.4174876,-73.53857116,34.20627471,152.8555897,49.9883998,49.98774085,2277.654748,2431.015168,65.79033808,85.46225114,9.2234682,1
7880,64,48,96,1,1,1,1,0,1,1,1,1,0,1,1,243.612859,215.238894,231.9130652,10.08152819,11.17559924,3.271426984,245.1210152,214.5648153,231.5495219,10.75415473,9.381954622,4.74087705,7.602596511,-6.775735372,-0.82708505,-7.544317217,6.714208067,0.8298806782,243.558594,215.1922678,231.9115713,3.027885689,5.95916781,2.906466936,245.1060777,214.5618289,231.5491076,4.930150179,0.3519622544,4.498054035,0,-120.3966783,112.4420551,65.49848364,-123.7187906,30.52974069,-0.05618935108,-120.5882178,112.7802517,-34.07799249,-8.886386223,152.3146531,49.9912193,49.99123171,1758.077873,1753.921198,19.3976983,-57.19457748,9.0528128,1
7881,64,48,96,1,1,1,1,0,1,1,1,1,1,0,1,380.3364626,286.9951865,243.4079793,19.40024891,21.33074889,11.71629425,381.7973266,289.4986788,248.0857006,17.84611766,21.10962769,13.33870579,15.39321351,-18.70492983,3.31157791,-10.45973941,16.18348268,-5.723881887,288.9990235,241.3716448,161.1664554,7.665859303,7.213183828,5.101523368,293.4347812,245.7549018,163.8341655,12.07912829,11.79480609,7.12231765,0,-143.0430204,108.7445964,118.6541023,-25.50011016,-122.1772391,0.07534249509,-142.9384828,108.8593166,-33.84245612,-175.8740103,74.97393676,49.98125691,49.98535838,3451.724427,3256.148051,757.3735621,-317.4212115,8.7328345,1
7882,64,48,96,1,1,1,1,0,1,1,1,1,1,1,0,240.507467,215.6691118,234.8451804,25.33566548,21.77771154,4.557062761,240.7291603,216.0294421,234.9593133,25.29730608,21.75984488,4.560446369,24.11271173,-20.94406621,-3.168707495,-24.08447823,20.91455757,3.169861474,240.443936,215.6060658,234.7906131,2.674724815,2.875762126,1.953221411,240.6688672,215.9568982,234.9050977,2.586499469,2.965133002,1.959946511,0,-119.3176502,112.0826234,-1.484921948,-120.7671965,112.2093272,0.02705045673,-119.2683273,112.094123,1.410544035,-118.0553886,111.8602191,49.99058103,49.99057084,1885.223384,1884.839607,18.21616991,-45.51094011,8.8220754,1
7883,64,48,96,1,1,1,1,1,0,1,1,1,1,1,1,243.3855243,214.5516486,232.6023039,5.632076245,6.744888708,3.200491963,244.7944234,214.1174007,232.1762523,6.859683549,3.67215859,4.266390084,-4.919829133,3.665031545,1.254718136,4.89095879,-3.632345088,-1.258694683,243.368796,214.549724,232.6068792,2.593149772,5.638609192,2.789398076,244.7843255,214.120698,232.1811512,4.72713839,0.1670001057,3.966046814,0,-120.1176661,112.6844149,62.30593309,-120.1171707,41.78447442,-0.02150023826,-120.3101177,112.9648143,-29.1448801,-126.1563322,154.4203115,49.99134281,49.99133837,1733.244383,1730.415564,13.67338744,-51.20261288,9.0036839,1
7884,64,48,96,1,1,1,1,1,0,0,1,1,1,1,1,244.5235931,212.9579079,232.8266291,5.559800011,9.614401871,7.34908833,245.2022988,211.9196106,233.7761742,3.563297971,8.542644569,8.926599548,1.208473347,-7.089900916,5.881352638,-1.206949297,7.117374085,-5.910502043,244.5124099,212.9602129,232.8279529,5.231559739,5.436600726,1.358984003,245.1897225,211.8997215,233.7533016,3.024724494,3.111412638,5.199787371,0,-120.0485661,113.3933687,33.00036335,-152.2497145,-49.38512604,-0.2944492958,-119.9290368,113.6856175,-71.36899257,-51.80250211,117.8912045,49.99128725,49.99129603,1743.195999,1740.284379,13.78249082,-47.98606123,8.9694931,1
7885,64,48,96,1,1,1,1,1,0,1,0,1,1,1,1,243.70869,216.7912309,230.9171712,37.58817384,38.19539287,13.67433259,243.537116,213.7656412,234.0210609,36.65362134,37.72045957,16.00397864,-25.81911992,25.30310926,0.5157595871,25.67379753,-25.17317065,-0.500881151,243.0057928,216.0831232,230.7435783,9.4561156,9.218635499,6.855134078,243.4906849,213.6296184,233.8079353,5.912690734,8.343176966,10.70456218,0,-120.783482,111.9123398,34.31479942,176.6069107,-74.44159685,-0.7240177391,-120.1960927,112.5320714,-114.8964399,-41.70509965,107.9344579,49.98860387,49.98987171,2246.251188,1969.634597,106.4377119,-45.32987846,8.9489939,1
7886,64,48,96,1,1,1,1,1,0,1,1,0,1,1,1,243.3783993,215.0475406,232.1602472,7.92945373,8.988181229,3.306645741,244.8882371,214.5200113,231.7452096,8.877179199,6.793263828,4.548919951,-6.698995813,5.7566391,0.9422535704,6.652058316,-5.706690309,-0.9454723394,243.3461279,215.0290363,232.1625329,2.803028782,5.81782997,2.880574635,244.8759468,214.5216507,231.7479827,4.946692149,0.04822172983,4.249930522,0,-120.2847102,112.4814804,66.60187601,-120.937435,35.99434393,-0.03425838409,-120.4874001,112.793323,-31.42331874,-29.67940925,153.8020229,49.99129002,49.99128449,1743.111479,1740.220804,15.76142515,-54.40374373,9.2754102,1
7887,64,48,96,1,1,1,1,1,0,1,1,1,0,1,1,244.7902164,215.1908248,230.7615283,28.10312843,12.52280979,27.73737222,247.3197883,213.4572613,230.1214024,28.45108997,8.9071279,28.05687212,-19.19913165,-0.5857960207,19.7854227,19.24215601,0.6039834589,-19.8455735,244.7217797,215.1023809,230.7342979,5.233427359,9.497435737,4.88054904,246.9497371,213.3478008,229.6674677,6.390919604,3.72114484,6.10339636,0,-120.8237044,112.5527706,73.98790843,-124.8918628,24.67964343,-0.1878150708,-121.2927822,113.0711284,-52.0795912,49.21100663,165.7680667,49.99058453,49.98978245,1852.80392,1992.718913,-1.509762049,10.18054496,8.8152946,1
7888,64,48,96,1,1,1,1,1,0,1,1,1,1,0,1,240.488454,215.6931286,234.848647,25.54736979,21.99118997,4.563240389,240.7151358,216.058268,234.9624016,25.51050146,21.97188481,4.563095071,-24.30615869,21.14143042,3.164668752,24.27768054,-21.11250175,-3.165238611,240.4243123,215.6283234,234.7933965,2.666311742,2.879661386,1.957275991,240.6524135,215.9839241,234.9055626,2.594506133,2.961612466,1.95590365,0,-119.3171453,112.0725747,-1.488006263,-120.6413109,112.0050047,0.02836300259,-119.2682828,112.0841368,1.405704727,-118.1736505,112.0438607,49.99057258,49.99055308,1888.878994,1885.772541,18.49165614,-45.40219515,8.7052935,1
7889,64,48,96,1,1,1,1,1,0,1,1,1,1,1,0,380.9897465,286.834259,243.5299362,20.15990495,22.15283193,11.99978115,382.6824598,289.5205715,248.7856939,18.69205334,21.9754182,13.84419875,-15.98409814,19.98471505,-4.002121641,11.04976286,-17.46934347,6.417913642,289.7090768,241.2030172,160.9947646,8.567971705,7.832050216,5.826860715,294.5401164,245.8549359,163.9723948,12.9877753,12.51963589,7.892674465,0,-143.1455559,109.0793638,120.0007989,-22.66883494,-119.0097779,0.06769176593,-143.0246214,109.2316881,-34.8408514,-175.7595931,75.77158849,49.98190726,49.98458729,3380.156835,3340.316536,807.6753096,-361.4182626,8.6648185,1
8037,16,16,24,1,1,1,1,1,1,1,1,1,1,1,1,229.1594069,210.1566717,250.0676965,8.100157504,7.343144369,5.741923005,230.549639,211.319471,251.1063902,7.647368616,7.134128573,6.243733094,-0.002711815809,0.005736135488,-0.00302514413,0.002708082078,-0.00588910004,0.003188889706,229.1572394,210.156868,250.0687563,8.09996022,7.342919133,5.741675582,230.5474572,211.3196822,251.107456,7.647174821,7.133926719,6.243510517,0,-129.0700016,111.9171136,-0.8111602782,-133.4420626,110.0589564,0.1426496726,-128.8822285,112.0441017,0.4314526577,-124.9712587,113.3789734,49.97583494,49.97584533,4839.430473,4824.210148,165.8297083,-172.5963646,8.8048394,1
8038,16,16,24,1,1,1,1,1,1,0,1,1,1,1,1,228.626527,209.6293247,251.1409149,13.51801015,15.15665129,9.341559277,229.5545425,208.8645841,254.3036218,5.185456004,14.07922278,14.65847317,2.451813897,-10.81347804,8.361668541,-2.425066577,10.88493026,-8.45985261,228.6233125,209.6285622,251.1360438,13.11712365,10.15292467,1.99782248,229.5475262,208.8178993,254.2535686,4.034621952,8.367368578,11.38933792,0,-128.7473987,112.0688173,11.95254068,-163.7847204,177.9771805,-0.440372909,-128.2288792,112.4193568,-44.38845539,-84.96751125,102.8355604,49.97565611,49.97564098,4875.055097,4865.104756,156.1811752,-178.333694,8.7029471,1
8039,16,16,24,1,1,1,1,1,1,1,0,1,1,1,1,228.6344091,209.6335255,251.1305275,13.52021916,15.13405007,9.295330961,229.5607144,208.8680497,254.2952693,5.179789011,14.04147563,14.62688149,-2.449006108,10.77266193,-8.323659128,2.422811801,-10.84467251,8.421846308,228.6312471,209.6327603,251.12572,13.12035813,10.16890421,1.986426749,229.5536382,208.8215455,254.2456058,4.03044582,8.364581925,11.38533031,0,-128.7512245,112.0682508,11.93800089,-163.7887209,177.7823409,-0.4405526653,-128.2319341,112.4187657,-44.3957307,-84.86528689,102.8986356,49.97564456,49.97565334,4877.246617,4862.849631,156.5821605,-178.8119742,8.8493136,1
8040,16,16,24,1,1,1,1,1,1,1,1,0,1,1,1,229.8982446,209.8398053,249.6964537,9.552937503,12.2989933,12.89554567,233.4652755,210.6469244,249.1046679,14.6267743,4.791047406,12.9522188,7.405820259,2.437357221,-9.843183961,-7.508888994,-2.397962953,9.906858965,229.8933573,209.8378234,249.6959285,5.046170473,11.88681074,7.926757822,233.425188,210.6421081,249.070494,12.1006972,3.618974289,7.9390708,0,-129.197709,112.1846865,35.56026012,-118.2629094,70.84895584,0.2391020383,-129.6097959,112.6317955,-14.2070881,-169.69321,153.311056,49.9756288,49.97562412,4881.292584,4867.72816,160.8365037,-175.6528795,8.8207101,1
8041,16,16,24,1,1,1,1,1,1,1,1,1,0,1,1,229.8964529,209.8482247,249.6962155,9.570363697,12.29205901,12.90563841,233.4587707,210.6552123,249.1002421,14.62356361,4.804726125,12.95898942,-7.416805056,-2.446930614,9.8637262,7.520041866,2.406661212,-9.926712009,229.8915284,209.8462502,249.6957262,5.054972583,11.87653907,7.91593918,233.4186526,210.6504203,249.0661232,12.08654642,3.627226372,7.922932482,0,-129.1982126,112.1818159,35.43749526,-118.2544487,70.9739749,0.2399352106,-129.6099732,112.6283707,-14.20563389,-169.5793885,153.2141204,49.97564045,49.97561216,4879.209834,4869.849453,159.8825611,-174.7243416,8.4628506,1
8042,16,16,24,1,1,1,1,1,1,1,1,1,1,0,1,229.0032294,210.9413649,249.7127911,13.53757773,8.284319817,10.36297882,228.8719964,213.971415,250.6355181,13.13872483,14.01056679,4.771744713,-9.319540277,7.143606976,2.175924608,9.395109158,-7.245030008,-2.150088818,229.0004242,210.9380424,249.7120746,9.555536739,3.139484866,9.958253799,228.8398275,213.9355631,250.6326322,8.902406591,11.65889118,3.82341626,0,-129.1967677,111.5602369,-30.66647688,-107.6706021,128.4076627,0.4775557869,-128.7646257,111.2072295,32.87462697,-134.9653381,61.20294722,49.97565563,49.97564031,4876.242971,4864.022377,149.7179857,-186.0946083,8.3681802,1
8043,16,16,24,1,1,1,1,1,1,1,1,1,1,1,0,229.0088864,210.934579,249.7125086,13.54218848,8.291320488,10.36757396,228.8749543,213.9662751,250.6322744,13.14334485,14.01858903,4.762621379,9.317812284,-7.149021202,-2.168790531,-9.393358236,7.249973973,2.143384503,229.0060883,210.9312477,249.7117538,9.560152499,3.136270607,9.965778877,228.8427514,213.9302724,250.6294291,8.907218011,11.66260436,3.819063566,0,-129.1969794,111.5634168,-30.71047226,-107.6190868,128.4018285,0.4784295774,-128.7646083,111.2098857,32.92137429,-134.9707457,61.11023129,49.97564872,49.97564746,4876.497953,4863.712657,149.8909987,-186.2574211,8.5695245,1
8044,16,16,24,0,1,1,1,1,1,1,1,1,1,1,1,228.0195586,207.6483306,253.4970382,5.381084961,14.20578234,14.58603873,229.9946054,210.703335,252.3143127,13.33840006,14.69860687,9.707066328,-2.549508889,11.161549,-8.61203197,2.526835446,-10.96140042,8.434565495,228.011944,207.603338,253.4404219,4.164548643,8.150640249,11.08470415,229.9919986,210.7028095,252.3078085,12.90767403,9.240290966,2.814835827,0,-127.8385519,112.7965035,-42.60518471,-90.89015852,99.57860838,0.7342001251,-128.0183351,112.7182954,12.58585118,-160.3161255,174.7715685,49.97566027,49.97565062,4876.276142,4861.533383,159.1392397,-182.1322242,8.6589678,1
8045,16,16,24,0,1,1,1,1,1,0,1,1,1,1,1,258.913883,334.7917043,326.7396541,16.99638798,23.13090466,22.52185673,261.9071325,336.6094003,328.4988815,16.74791145,18.48814901,21.40478266,-3.850265075,15.37684399,-11.52721263,-6.145511631,-0.9526479209,7.097712255,177.7991198,243.8229862,283.4228635,6.192876733,7.277432454,6.53626695,179.8365755,246.5899566,285.7471083,6.976713238,11.40376337,9.766100128,0,-121.1793752,95.14936652,22.82896504,-88.2201213,136.9689856,-0.03994515634,-121.2106963,95.1428893,-20.57596299,-141.8374968,68.4389837,49.94744891,49.96395843,8799.288002,8930.765306,-107.5553242,-724.4228304,8.2098124,1
8046,16,16,24,0,1,1,1,1,1,1,0,1,1,1,1,227.2825075,205.1413538,256.1090274,11.71403017,41.91570634,34.31072372,228.7654487,206.3088478,257.0826811,11.61273156,41.59425245,34.24369309,-7.530144292,38.61772467,-31.08758925,7.451681234,-38.39852028,30.94685137,227.1193235,204.9229528,255.8669256,7.831822202,7.314395752,5.900548769,228.5943046,206.0512099,256.8568011,7.776287408,6.786270542,6.380202427,0,-126.9208863,113.6778028,0.09220167181,-130.2377688,109.8172806,0.1498245971,-126.7578216,113.8167647,-0.5008056828,-123.7719414,117.0045112,49.97391783,49.97386765,5225.087713,5218.014331,238.1531178,-99.31857541,8.1606125,1
8047,16,16,24,0,1,1,1,1,1,1,1,0,1,1,1,223.0237843,207.910605,259.5827308,38.33119902,79.54146201,83.57032007,234.5330816,205.334271,252.934768,45.88583533,75.5045268,82.80787377,2.130631583,52.78601906,-54.91660518,-2.516046304,-51.87930693,54.39540355,222.4854354,205.046082,256.8100784,16.57550912,24.37084417,21.77965474,233.2965738,205.1508342,251.7843897,29.57333451,12.85207513,22.97401066,0,-125.8641442,113.053587,135.0449312,-102.5981685,33.57438491,0.8322057257,-127.856949,114.7181169,-23.19623873,104.0668668,-177.8771927,49.96574664,49.96531902,6824.663732,6906.340063,571.9749743,51.19823374,8.1837134,1
8048,16,16,24,0,1,1,1,1,1,1,1,1,0,1,1,230.8905591,204.96098,254.0651483,12.42928973,12.85686353,15.43687714,234.833836,205.7623947,253.3146441,17.30569451,4.255472332,15.48655728,-10.83370448,-1.383671291,12.21724387,11.05166771,1.452557437,-12.50437149,230.3147194,204.6054649,253.8768394,4.758941718,12.556453,8.728480718,234.0353464,205.2723526,252.9941609,12.62654627,3.266994437,8.378875476,0,-127.8119713,114.2767097,40.2889449,-115.7057165,70.51236646,0.2523921942,-128.3394716,114.7470585,-14.26205116,175.3408281,160.240871,49.97519329,49.97580207,4950.932937,4857.241321,165.7185258,-156.2123895,8.5867077,1
8049,16,16,24,0,1,1,1,1,1,1,1,1,1,0,1,224.3316763,210.8407748,254.5374823,73.3555321,80.4647226,44.23396151,230.4452349,219.9477106,246.2354909,77.12286019,80.64528579,37.6702424,-50.55953248,53.28551396,-2.725954859,50.84737765,-53.32616212,2.478801955,224.1751421,209.8123848,253.2311928,11.64405111,22.03544644,27.66012235,227.7424558,217.0835959,245.5905334,25.04620127,20.87129704,16.71612773,0,-127.3997016,111.3320435,-134.8948617,-62.0491792,92.12099062,2.030116639,-128.9459866,110.5549381,19.48206764,157.5523119,-101.1636161,49.96598417,49.96598879,6810.916224,6772.712667,352.5517261,182.2422019,8.7896521,1
8050,16,16,24,0,1,1,1,1,1,1,1,1,1,1,0,226.2102268,208.8069837,254.6098094,4.979729624,15.37942284,15.95164151,228.2233168,212.0264747,253.2682617,13.64852906,15.9105148,11.18585987,-2.027869906,12.57146042,-10.54359566,1.941355971,-12.24716413,10.3058131,226.1279161,208.6807198,254.3532545,3.947816485,8.326995832,11.42796387,228.1665309,211.9849228,253.12052,13.32562874,9.681971048,2.699513183,0,-127.458033,112.16521,-49.72460521,-87.35504776,99.25964903,0.7887927761,-127.6572452,112.0656442,13.05564985,-161.5492439,-179.964823,49.97560177,49.97557695,4887.110234,4877.236558,152.7483204,-199.8083511,8.6622733,1
8051,16,16,24,1,0,1,1,1,1,1,1,1,1,1,1,228.0330748,207.6511304,253.4768898,5.395877078,14.11849414,14.5048704,230.0042393,210.7049529,252.2998431,13.32765867,14.66854468,9.611209787,2.563529269,-11.08236457,8.518763013,-2.540634265,10.8825808,-8.34202215,228.0254244,207.6064443,253.4206971,4.174947577,8.109763975,11.05243861,230.0015714,210.7044316,252.2934467,12.89381561,9.287592899,2.76912679,0,-127.845093,112.7975496,-42.45876943,-90.64796385,99.8693423,0.7327696283,-128.0240125,112.7186737,12.59520708,-160.1621528,173.8461667,49.9756788,49.97563355,4870.996848,4866.60226,158.2582802,-181.1593058,8.552333,1
8052,16,16,24,1,0,1,1,1,1,0,1,1,1,1,1,227.2801479,205.1430999,256.1141648,11.71510112,42.02737788,34.41298229,228.7651642,206.2965405,257.0870362,11.61444703,41.68170886,34.33955215,7.530188182,-38.69944336,31.16935685,-7.452148321,38.47742457,-31.02515535,227.1169823,204.9257474,255.8724963,7.831591873,7.389402268,5.922985372,228.5922034,206.0368533,256.8605777,7.77639472,6.713490948,6.368010772,0,-126.9201809,113.6755237,0.1131421987,-130.3514331,109.1241382,0.14701785,-126.7583373,113.8163786,-0.5240028655,-123.5756899,117.6641309,49.97388127,49.97388972,5229.949994,5216.025348,239.2685199,-100.1622764,8.6742534,1
8053,16,16,24,1,0,1,1,1,1,1,0,1,1,1,1,258.2413823,334.245978,326.8353201,16.94947587,23.15346834,22.67434064,262.1817947,336.2736712,328.8459386,17.97900475,19.50278977,22.55639552,2.628728904,-11.52971741,8.901313974,7.337992551,-2.84311969,-4.494734807,177.5242979,243.981811,283.8778075,5.732578724,8.856084843,4.48243358,180.1992505,246.2307295,285.9624546,8.370946803,8.249776045,9.129685239,0,-121.0847511,95.13004879,36.51190746,-110.5816335,94.30323579,-0.01388229886,-121.0383098,95.36842867,-24.36844971,-132.8265988,95.4112832,49.94473246,49.96671361,9167.192105,8554.448838,-126.0571178,-692.0510784,8.6838425,1
8054,16,16,24,1,0,1,1,1,1,1,1,0,1,1,1,230.7723028,204.8031608,254.1483624,12.2954772,12.96874453,15.32356262,234.6415225,205.5736952,253.2595548,17.03318964,4.048685905,15.21970197,10.91656208,1.239428399,-12.1553973,-11.13720342,-1.308563741,12.44629732,230.252368,204.4933627,253.9759653,4.867560345,12.71635379,8.860021419,233.9175951,205.137128,252.9700239,12.45431251,3.181522388,8.25776466,0,-127.7704113,114.3012772,38.77189963,-115.7991352,71.33371265,0.2680186128,-128.3085868,114.7667756,-14.31784451,172.764014,161.1516151,49.9754936,49.97555763,4912.697473,4877.577615,150.9547286,-141.4973729,8.7290352,1
8055,16,16,24,1,0,1,1,1,1,1,1,1,0,1,1,223.0129042,207.8640233,259.5365157,38.24875847,79.4345033,83.43291497,234.4660771,205.291931,252.8669943,45.77208082,75.39117485,82.654011,-2.131771576,-52.67540983,54.80718001,2.517210486,51.7681713,-54.28538119,222.473578,205.0095066,256.7757333,16.44940578,24.40914789,21.7188566,233.2325942,205.1100657,251.7201581,29.43427358,12.89445538,22.84391802,0,-125.864843,113.0598144,134.8519419,-102.5662859,33.96766396,0.8295325181,-127.8636152,114.7115885,-23.20746353,104.0374698,-177.6337009,49.96551834,49.96547813,6892.181659,6906.912177,577.7803401,67.88913811,8.9331309,1
8056,16,16,24,1,0,1,1,1,1,1,1,1,1,0,1,226.2475621,208.7863933,254.6084771,4.943584125,15.34690182,15.92208686,228.274473,212.0104691,253.2544188,13.67648232,15.93673501,11.17905561,2.001962793,-12.55877146,10.55703807,-1.917492992,12.23555819,-10.3179054,226.1685782,208.6613987,254.3571948,3.920628782,8.292258093,11.38744891,228.220508,211.970398,253.1124198,13.35897838,9.746135637,2.679959557,0,-127.4622804,112.1782494,-50.01779542,-86.9580804,99.40888823,0.7936567757,-127.6616381,112.0821808,12.99059348,-161.4530773,179.1050135,49.9756252,49.97554942,4881.440333,4884.538401,153.3713745,-200.7303033,8.7884074,1
8057,16,16,24,1,0,1,1,1,1,1,1,1,1,1,0,224.4526702,210.9134475,254.5849826,73.10452304,80.12255595,43.96229667,230.5090805,219.9825304,246.3208605,76.85851046,80.29640111,37.36534646,50.42665391,-53.11142617,2.684900246,-50.7119494,53.14990384,-2.437827383,224.2959583,209.900036,253.2959895,11.56782556,21.96804949,27.64146393,227.8270529,217.1399963,245.6863044,24.9477049,20.77644182,16.69094608,0,-127.4141121,111.3314135,-134.4770691,-62.24392345,92.15514948,2.017531121,-128.954509,110.5517897,19.57200476,157.5240182,-101.1290799,49.96598874,49.96645564,6743.126509,6666.670598,333.3790497,159.0055701,8.6122364,1
8058,16,16,24,1,1,0,1,1,1,1,1,1,1,1,1,231.7490541,209.2038229,248.5285602,14.18749777,4.939379269,12.19778389,231.0611952,210.9996404,250.8796037,9.156068826,12.21066554,11.80789534,-6.735820688,-2.423088131,9.158889639,6.575027984,2.440537185,-9.01559822,231.7198714,209.1996713,248.4985564,12.07788913,3.866770866,7.758145535,231.0577768,210.9970012,250.8785783,5.565248583,11.82185087,7.315105336,0,-129.7296862,112.5736761,-17.12577965,-172.4360895,148.7520519,0.1273065831,-128.994837,112.3456079,38.7542999,-116.9426093,73.3747187,49.97566928,49.97563252,4873.624993,4866.001804,168.3136704,-170.2582684,8.7975401,1
8059,16,16,24,1,1,0,1,1,1,0,1,1,1,1,1,232.4282449,204.2023793,252.2254131,47.13092359,77.48581393,84.71833703,223.6397566,209.6327005,260.7721236,39.13321683,80.62468753,84.72359436,-2.33056386,-53.22493871,55.55557117,2.013246708,53.55844991,-55.57163665,231.2091729,203.9816025,251.0794309,30.24956089,13.62384549,22.81981638,223.0535843,206.304778,258.105996,17.10856872,24.6410796,21.42241557,0,-128.6766065,114.1745273,-24.53022343,105.3716241,-178.5136023,-0.5167010629,-126.3064193,112.7183429,133.6148274,-101.797319,33.15224855,49.96492885,49.96536142,7004.599313,6884.636099,423.9155698,270.2336217,8.5845464,1
8060,16,16,24,1,1,0,1,1,1,1,0,1,1,1,1,234.2245404,202.4161875,255.8749141,19.08679044,5.195744792,17.85457827,233.6799379,204.0407048,258.7293209,15.68436604,13.33309783,17.75927875,-13.58314611,-1.247502358,14.8315637,13.13961294,1.122991358,-14.26170266,231.8102116,200.6911153,254.9887446,11.48043447,3.189585462,7.316000572,231.3541216,202.6737777,257.8856252,5.982108765,12.6091133,8.231057122,0,-127.5183723,115.7628263,-17.47128274,170.4895348,156.3007979,0.1124397867,-126.6505914,115.5725439,34.31954113,-114.5897784,80.11928718,49.97439982,49.97595605,5030.277725,4886.113031,251.6480206,-203.9637387,8.594668,1
8061,16,16,24,1,1,0,1,1,1,1,1,0,1,1,1,277.406728,211.2064733,410.4865753,26.71448448,17.29669666,24.95729361,281.9566788,218.0849789,412.6003159,27.66878759,20.99945305,20.9080353,-19.86770881,1.38342101,18.48431495,15.58998186,-9.39816958,-6.191645947,240.271755,140.9371992,304.7567089,5.493327654,5.602285403,6.304533538,245.488221,144.9788642,309.3938704,15.9442402,11.37386767,13.93948674,0,-111.0193033,136.5168295,73.71534654,-19.53337033,-152.5412818,0.2717929815,-110.9107742,136.6051841,-19.40509891,-140.6042541,111.1121088,49.94926556,49.96631209,8402.875094,8541.369072,834.4220348,-346.8970231,8.4812573,1
8062,16,16,24,1,1,0,1,1,1,1,1,1,0,1,1,233.5338959,208.9007866,246.8327221,26.33510586,10.74539944,32.32541291,234.9925493,210.2700567,247.6293922,26.34308637,10.69451966,32.0663699,-23.06676957,-7.006861927,30.07366037,22.95723547,6.978996754,-29.93622223,233.4018379,208.8071849,246.7310285,7.822521862,7.193285232,6.247652669,234.8427257,210.1576415,247.5226917,8.235909592,7.156038895,5.592124659,0,-130.3074743,112.9570524,-3.244942731,-130.3751906,109.4812019,0.2005037949,-130.1563835,113.055838,2.710327701,-130.6464416,116.5404405,49.97456748,49.9745368,5095.687262,5083.677519,224.7839696,-111.6552107,8.6024924,1
8063,16,16,24,1,1,0,1,1,1,1,1,1,1,0,1,236.5025073,205.5563663,248.7834498,79.12271531,35.07741725,76.21651188,231.6738054,215.989156,246.0977792,78.77690392,42.89189535,72.85050624,-51.92985741,1.359252066,50.5706053,51.36445999,-1.527329635,-49.83714025,234.27894,204.995801,246.0225768,20.41547181,15.25585338,22.58675102,230.790425,214.6782923,245.8691987,23.5949079,28.44404939,12.91823043,0,-130.2307964,114.1630283,-79.69670525,19.68338526,138.6255282,1.945272913,-128.9478877,112.5396714,58.58192672,-145.6417485,-18.53114597,49.96629519,49.96621493,6729.244974,6755.387988,555.0867617,48.42741774,8.4014497,1
8064,16,16,24,1,1,0,1,1,1,1,1,1,1,1,0,230.2028961,211.5374144,248.1794519,14.7703861,9.868952202,10.70538239,229.9244892,214.7531234,249.0506863,14.41364081,15.44108782,4.464709746,10.70652794,-9.092094579,-1.614438233,-10.85420368,9.22947533,1.624719178,230.1800245,211.4836327,248.1649175,9.900696234,2.835391558,10.43247753,229.8483263,214.6383737,249.0322361,9.202845875,12.09111843,3.754430405,0,-129.761046,111.4907928,-33.08726277,-103.2528312,129.0486629,0.512029126,-129.3042857,111.0844022,35.65838375,-135.8504104,52.77873407,49.97554593,49.97555262,4897.06271,4882.802347,146.7090911,-182.5475895,8.4022126,1
8065,16,16,24,1,1,1,0,1,1,1,1,1,1,1,1,231.7368022,209.2071361,248.5271503,14.1439302,4.95318157,12.17392854,231.0630363,210.9997258,250.8789963,9.148305886,12.20091648,11.80028913,6.734004641,2.437646582,-9.171659532,-6.57336452,-2.455717534,9.029085858,231.7079518,209.2029517,248.497477,12.04117079,3.873456596,7.724123034,231.059663,210.9970488,250.8779634,5.582226556,11.80811123,7.305826838,0,-129.7285614,112.5699861,-17.10708725,-172.2532967,148.6117671,0.1267541969,-128.9953889,112.3446666,38.42355298,-116.9494723,73.66624164,49.97565234,49.97565052,4877.027133,4862.299295,170.2242021,-172.1936274,8.1415433,1
8066,16,16,24,1,1,1,0,1,1,0,1,1,1,1,1,232.9331309,203.1953703,254.856971,20.57618412,5.039056546,19.41007717,232.0300158,204.9941077,257.7043278,16.45940707,13.60776569,19.09511559,13.53085925,1.04180116,-14.57346426,-13.13293656,-0.9280383875,14.06019556,231.4609321,202.1758284,254.294797,12.76951191,3.223601578,8.511397027,230.5268792,204.2092359,257.0855766,5.246185825,12.99645027,8.562492667,0,-127.7421939,115.1979436,-17.3951656,164.8778469,159.4750382,0.1303822016,-126.8390042,114.9264765,45.53684009,-114.4707365,70.83225153,49.97616445,49.97413471,4722.123009,5217.650896,176.2932371,-131.2359275,8.2233499,1
8067,16,16,24,1,1,1,0,1,1,1,0,1,1,1,1,232.3465363,204.1578656,252.1594167,46.97584379,77.40428035,84.60565232,223.6126683,209.5974488,260.7275915,38.99284931,80.55596211,84.62883071,2.343259352,53.13256866,-55.47582457,-2.026479971,-53.46780574,55.49429133,231.1340923,203.9385365,251.0196215,30.13417243,13.65511654,22.76268668,223.0259779,206.2726994,258.0659594,16.99907135,24.68855496,21.42947583,0,-128.674159,114.1703988,-24.50036515,105.1701567,-178.2452668,-0.5130225032,-126.3006385,112.7241671,133.5281892,-101.8585091,33.46800131,49.9651861,49.96499025,6976.842796,6983.331037,437.4576014,281.6604268,8.3418298,1
8068,16,16,24,1,1,1,0,1,1,1,1,0,1,1,1,233.5078583,208.9000856,246.8295481,26.27077396,10.74284861,32.26144943,235.0033114,210.2701644,247.6551343,26.3089007,10.69657523,32.03716587,23.03520852,7.005442132,-30.04063845,-22.92690897,-6.980857438,29.90777591,233.3774741,208.8061412,246.7293815,7.772359613,7.189817835,6.156287873,234.8531568,210.15868,247.5489941,8.277833255,7.159465389,5.684882219,0,-130.3045202,112.9525279,-2.694240746,-130.3858031,109.337976,0.1972726128,-130.1530585,113.057278,2.15990681,-130.6295193,116.5762277,49.97458066,49.97453577,5090.641414,5086.546754,226.1847329,-113.3820023,8.5625118,1
8069,16,16,24,1,1,1,0,1,1,1,1,1,0,1,1,277.7435159,211.9719803,410.3939291,25.93914245,17.05570876,24.11531121,281.4831961,217.7662107,412.409028,25.56662387,19.94710652,19.59590415,18.00637289,-0.4147737168,-17.59224364,-13.75669777,8.448823558,5.307391401,240.6493605,141.2769815,304.9000549,7.061492633,4.651582143,7.680496497,244.8369903,144.8015635,308.7888095,13.19436731,10.00107491,12.97762144,0,-111.108717,136.4811828,49.76906198,-31.92067423,-161.4701059,0.2198898983,-110.9801205,136.5005011,-24.25757093,-138.4078391,104.826867,49.95038343,49.96518945,8439.367284,8480.689554,802.5633403,-321.7932838,8.2861061,1
8070,16,16,24,1,1,1,0,1,1,1,1,1,1,0,1,230.7801342,211.8236473,247.6181958,15.17382497,10.21638379,10.88418943,230.3869814,214.9776569,248.4641319,14.52762572,15.57559861,4.488690513,-10.77957514,9.327126862,1.452260611,10.96454162,-9.489464116,-1.475231107,230.730541,211.6907641,247.5677333,10.22674987,2.898662775,10.59234414,230.2813954,214.7671064,248.3950739,9.041788942,11.95287455,3.715990019,0,-129.9896658,111.4892956,-32.63860286,-107.2897068,129.0983785,0.4995875418,-129.5318472,111.0666821,37.25661417,-135.4444936,49.95799407,49.97540658,49.97559044,4937.017181,4875.786654,141.650149,-176.431784,8.6020266,1
8071,16,16,24,1,1,1,0,1,1,1,1,1,1,1,0,236.4282097,205.7698413,248.8247369,77.60843271,34.3625721,74.66098108,231.8664525,216.140003,246.3877806,77.37244306,42.31794853,71.36729774,51.10670862,-1.397230248,-49.70905108,-50.54713624,1.558418323,48.98900213,234.2688506,205.2251297,246.1447606,19.94719216,15.24548349,21.92488724,231.0139859,214.8780954,246.1624183,23.44996721,28.47729114,12.35684365,0,-130.2274069,114.0950331,-80.55105991,20.12334873,138.9010123,1.929247647,-128.9357656,112.5283624,57.26643975,-145.3980916,-16.83204103,49.96677147,49.96682821,6631.156441,6464.900868,530.8508072,-22.84439007,8.5898544,1
8072,16,16,24,1,1,1,1,0,1,1,1,1,1,1,1,227.7381504,212.5541423,249.5583303,12.51959204,13.55162654,4.595979813,230.5226172,212.0293483,250.6983607,12.28465498,7.701319759,10.47538095,8.505307841,-6.527848719,-1.977457071,-8.334932517,6.352910051,1.982026729,227.7147203,212.5280037,249.5563075,9.020307828,11.6558923,3.784143732,230.5200634,212.0265621,250.6980122,8.858333511,3.737400242,10.14878708,0,-129.2229784,110.8507784,28.15001806,-139.8135154,57.59923865,-0.1647368717,-129.2609126,111.4183113,-29.23894985,-95.6984548,128.2444702,49.97568199,49.97567291,4870.089545,4858.690425,149.1613411,-190.8263873,8.7742074,1
8073,16,16,24,1,1,1,1,0,1,0,1,1,1,1,1,229.0197315,218.6005418,245.0794363,74.28519505,77.33952116,35.18638769,226.100022,212.3288363,254.864469,69.57935975,76.11757632,41.55912315,48.93406334,-50.94494303,2.010974194,-48.03297759,50.25605045,-2.222971717,226.5825535,216.0558487,244.5738041,24.58282132,21.17238667,15.73692065,225.9383009,211.3922399,253.7490128,10.88525517,21.69723537,26.6523851,0,-130.6981007,108.9473392,17.20790172,157.4971298,-100.4799716,-1.649857633,-128.8927154,109.942477,-136.5850619,-62.54790754,92.22817184,49.96716345,49.96686508,6557.742518,6501.260279,467.5667294,-18.04089892,8.7313385,1
8074,16,16,24,1,1,1,1,0,1,1,0,1,1,1,1,227.723986,210.3500169,251.5497302,13.78132114,16.09766329,10.536322,228.5944255,209.4693999,254.8531623,4.871767214,14.99790459,15.69517679,-2.017700614,11.79387645,-9.776239532,2.02905134,-11.92235562,9.893253738,227.7084239,210.3305122,251.49984,13.46464015,10.50309432,1.937217848,228.5691594,209.3819098,254.731484,3.874785679,8.566970026,11.67555963,0,-128.6055485,111.6912164,12.24582249,-164.9040925,-174.7915509,-0.4821056009,-128.0648039,112.056436,-49.92266151,-82.45063288,102.5245823,49.97558951,49.97561524,4889.29109,4869.704504,147.153927,-182.7373367,8.7074798,1
8075,16,16,24,1,1,1,1,0,1,1,1,0,1,1,1,230.9068897,214.725177,244.5558497,79.82355123,43.43336122,73.69222288,238.7834687,206.9137366,249.0941071,79.26950493,35.17572941,76.36923833,51.88166952,-1.586403974,-50.29525038,-51.88577106,1.324285329,50.56149848,229.9924598,213.509072,244.3714458,23.42499191,28.85542848,13.3625209,236.3232134,206.3060618,246.4133243,19.85314941,15.53324838,22.75407567,0,-130.8047864,110.6679494,56.2225283,-148.414169,-19.3310199,-1.612506544,-131.735963,112.5235591,-81.53381127,15.82812179,137.6466014,49.96620006,49.96610298,6762.021207,6753.138912,368.1399021,200.2477785,8.7722798,1
8076,16,16,24,1,1,1,1,0,1,1,1,1,0,1,1,229.8272646,214.1604639,246.6690537,14.61887869,15.87471669,4.202875095,232.8119899,213.3313332,247.8841399,14.24603141,10.3212554,11.04942636,10.85236186,-9.669084645,-1.183674788,-10.50761836,9.371421354,1.135796931,229.7130804,213.9179326,246.5904132,9.477127064,12.29781491,3.687861228,232.7607563,213.1758293,247.8236817,9.284301034,3.489184596,10.87157338,0,-130.2944254,110.5648949,31.83740002,-141.5710394,44.16012987,-0.2197318984,-130.3595558,111.2135775,-33.1291381,-88.56191661,128.716298,49.97544356,49.97556834,4914.275469,4883.598435,162.1650398,-202.825411,8.6671928,1
8077,16,16,24,1,1,1,1,0,1,1,1,1,1,0,1,357.714652,289.6375217,262.1262005,26.23415558,27.25441553,15.88963633,361.0211912,293.4713897,269.2613513,21.60184965,26.98738608,20.65442541,21.63004534,-24.51298483,2.882934086,-7.314218914,17.48398532,-10.16989074,273.7154915,243.674126,178.3673958,8.314523578,5.297237231,6.101950293,279.9818874,249.5118057,182.743953,18.12661137,18.13177099,12.00650877,0,-150.4719799,108.4479334,71.76898465,-54.75463059,-143.2219124,0.1217309403,-150.0227793,108.634497,-25.96475439,-167.3885903,79.59845289,49.95656005,49.95134613,9129.53181,9252.561959,1138.883172,-405.6431575,8.6061711,1
8078,16,16,24,1,1,1,1,0,1,1,1,1,1,1,0,226.1301998,214.5056214,249.5060893,34.67448012,28.4088055,9.387120235,227.4196027,215.8233841,250.5306949,34.36792278,28.33145217,9.348762035,31.82522829,-25.56765167,-6.257604176,-31.6382517,25.41042371,6.227795248,225.9984045,214.350713,249.4100859,8.024994155,7.218517672,5.984080236,227.2635063,215.6467163,250.4283822,7.521133659,7.533132803,5.96493699,0,-129.2032293,109.848271,-2.990148554,-132.7651474,109.9081889,0.1621138497,-129.0035467,109.9437975,2.767021044,-126.1652052,109.5106771,49.9744069,49.97441121,5122.298839,5112.164981,178.1693133,-158.823879,8.6118738,1
8079,16,16,24,1,1,1,1,1,0,1,1,1,1,1,1,227.7407391,212.5707178,249.5599404,12.5605357,13.60282662,4.590450576,230.5181407,212.0264896,250.6985517,12.27553395,7.722920866,10.48299601,-8.511857671,6.543391187,1.968465668,8.341205487,-6.368446982,-1.972756703,227.717141,212.5442878,249.5579083,9.061548433,11.69687783,3.783059266,230.5155721,212.0237113,250.6982109,8.830417629,3.726509109,10.15871349,0,-129.2246568,110.8463197,28.1049891,-139.9395725,57.44211291,-0.1678167955,-129.2628302,111.415079,-29.44045487,-94.98993041,128.2534321,49.97568608,49.97566908,4870.169715,4858.757667,147.9814705,-189.7315482,8.7102329,1
8080,16,16,24,1,1,1,1,1,0,0,1,1,1,1,1,227.7277008,210.3415646,251.5476618,13.77622945,16.11741878,10.60843513,228.6020686,209.4611371,254.8476356,4.882783209,15.06515343,15.75646074,2.0251466,-11.86394889,9.838801136,-2.035160103,11.99100448,-9.955842451,227.712502,210.3223164,251.4986775,13.45798966,10.45295758,1.976887366,228.5773496,209.3739846,254.7266175,3.884152381,8.587272016,11.69866663,0,-128.6059135,111.6942495,12.27517832,-164.9824353,-173.9633684,-0.4814831472,-128.0661969,112.0600061,-49.87854609,-82.76676175,102.3187819,49.97560539,49.97559848,4884.573698,4874.370217,146.7860377,-182.2270626,8.1178819,1
8081,16,16,24,1,1,1,1,1,0,1,0,1,1,1,1,228.9275891,218.5722408,244.9591914,74.87414198,78.18438274,36.0269135,225.934689,212.2987313,254.9248211,70.14984663,76.9956991,42.35680132,-49.27849113,51.53735049,-2.2588819,48.37247662,-50.85056575,2.478074268,226.4520954,215.9874505,244.4363035,24.75443879,21.29941457,16.08525677,225.7716886,211.3184487,253.7626162,11.04194223,21.95798653,26.96943081,0,-130.7058522,108.9289255,17.17884623,156.8015547,-100.7985112,-1.669424616,-128.8684024,109.9261223,-137.0634601,-62.83972332,91.87135957,49.96677243,49.96659589,6631.432206,6659.170088,500.1611648,3.049810742,8.446836,1
8082,16,16,24,1,1,1,1,1,0,1,1,0,1,1,1,229.4044524,213.7196599,246.9844478,14.49003758,15.69121869,4.236139995,232.4628699,213.0276133,248.1568166,14.47024457,10.38160202,10.97658176,-10.73795929,9.481459959,1.256197836,10.41310891,-9.199939529,-1.213447105,229.2949571,213.4974987,246.9167056,9.17564274,12.00385929,3.688609666,232.4213065,212.893631,248.1046759,9.52178302,3.468890548,10.7848197,0,-130.1227519,110.6412992,32.74976504,-140.2082393,45.8125506,-0.1897254189,-130.1965902,111.2839783,-31.92698996,-94.50022453,128.7113201,49.97568244,49.97529521,4867.877505,4943.57492,160.3974868,-201.0278194,8.2900356,1
8083,16,16,24,1,1,1,1,1,0,1,1,1,0,1,1,231.0349355,214.8415434,244.714668,79.13863932,43.25988529,72.88666238,238.7421179,207.0255695,249.1159204,78.51384548,34.92601237,75.5306059,-51.50609478,1.665174243,49.84110332,51.50975529,-1.406206499,-50.1034292,230.1343717,213.6445782,244.5302789,23.41419669,28.9626105,13.05108067,236.3186904,206.4216156,246.4731,19.60282575,15.61692156,22.38671102,0,-130.8020043,110.664175,55.33568766,-148.3277378,-18.38947556,-1.611025624,-131.7411094,112.4887281,-82.27098405,16.07094387,137.8236823,49.96640141,49.96650021,6634.392147,6664.649568,327.3146312,187.7533441,8.6167799,1
8084,16,16,24,1,1,1,1,1,0,1,1,1,1,0,1,226.1229135,214.4932911,249.4982834,34.68218051,28.41705156,9.387063191,227.4238959,215.8301427,250.5236843,34.39228542,28.35341035,9.347302708,-31.84254308,25.58359399,6.258943231,31.65673987,-25.43119837,-6.225552134,225.9914681,214.3385899,249.4020918,7.990063985,7.192631656,5.984982956,227.2671827,215.6527478,250.4216719,7.556055642,7.555668869,5.963675858,0,-129.2028625,109.8497612,-3.025088993,-132.5692303,109.9105688,0.1654905126,-129.0028849,109.9451787,2.779958434,-126.3711377,109.5111335,49.97442751,49.97439005,5122.044123,5114.767837,178.791819,-159.1826586,8.3839879,1
8085,16,16,24,1,1,1,1,1,0,1,1,1,1,1,0,357.5042092,290.306129,262.870063,29.97971764,34.3429911,26.59673723,359.2778073,292.0304094,264.086922,28.32984799,33.90248498,26.45704841,-8.673802605,6.022715857,2.647616895,-5.313060486,0.7868801034,4.522247801,277.3301936,245.9643617,178.4272389,10.48372724,7.689781628,4.268653508,278.9720187,247.64892,179.4604634,8.581760137,9.221656355,4.930652307,0,-150.8000257,108.8743699,1.247053652,-153.0933033,132.0440217,0.1365088986,-150.5842158,108.903551,-1.979211177,-149.2235213,88.70904749,49.9348161,49.97235094,9899.201512,8645.229579,570.2185021,306.6764356,8.4306307,1
8233,64,96,16,1,1,1,1,1,1,1,1,1,1,1,1,221.0905814,309.576493,184.8032411,2.535693412,2.281033851,6.877911153,221.1160606,309.9326336,185.7932408,2.469427823,2.933101328,5.823815304,0.003610012457,0.00506921748,-0.008466228928,-0.003953361574,-0.005850745215,0.01000059734,221.080317,309.5869083,184.8021198,2.534624507,2.280010261,6.877492289,221.1057959,309.9430775,185.7920926,2.468248119,2.932297224,5.823307438,0,-96.36137348,158.5584926,-14.76374721,-87.29714348,156.9558696,0.07093439379,-96.35009095,158.6760892,15.07484191,-103.4810906,159.9736522,49.9874462,49.98745451,2514.755032,2504.907894,-233.4185579,-355.5785157,8.5693923,1
8234,64,96,16,1,1,1,1,1,1,0,1,1,1,1,1,221.3438643,309.4549693,185.0735347,4.73874285,7.223269501,6.388005704,221.9564696,308.6110481,187.3875065,3.171095718,6.906822653,9.837631995,1.400024034,-5.895227541,4.495433288,-1.38538845,5.917481191,-4.531864797,221.332172,309.4642819,185.0719028,4.380508365,4.087895714,4.44203009,221.9448301,308.6115901,187.3780671,2.613503125,3.459889192,8.682149438,0,-96.0671383,158.7549569,32.24536899,-138.1242634,178.2081022,-0.2545569212,-95.93520952,158.9874397,-64.1088152,-43.74886979,148.7273637,49.9873378,49.98734741,2535.625584,2526.987826,-240.7129187,-361.441686,8.6490552,1
8235,64,96,16,1,1,1,1,1,1,1,0,1,1,1,1,221.3424942,309.4535147,185.0722553,4.729961776,7.220190482,6.381720921,221.9533352,308.6168831,187.3801823,3.174435013,6.903968581,9.821109958,-1.414985721,5.898399223,-4.483221459,1.399680625,-5.922146872,4.522658476,221.3307897,309.4628486,185.0706524,4.363332791,4.077487937,4.44648592,221.941718,308.6174518,187.3707558,2.60484457,3.448416418,8.670355669,0,-96.06770819,158.755108,32.15651187,-137.9741431,178.0049694,-0.2524705714,-95.93644365,158.9872784,-63.75011842,-43.9091606,148.8030933,49.98733916,49.9873471,2535.957175,2526.622024,-240.5220577,-361.5828125,8.6293567,1
8236,64,96,16,1,1,1,1,1,1,1,1,0,1,1,1,221.4282966,309.3193893,184.5491899,5.961279448,5.694609544,11.2742668,221.8612641,310.3028832,184.0650502,8.187319092,4.427872745,8.957307898,5.310405314,1.37689275,-6.687083156,-5.344637848,-1.375102471,6.719942285,221.4151129,309.3290939,184.5476452,2.508720656,5.370409012,8.960198199,221.8339353,310.3112569,184.0500414,6.116926898,4.00233719,5.74382581,0,-96.70587691,158.3863194,-108.2805766,-52.25676535,134.2888465,0.4672731165,-96.96945046,158.68606,23.01518233,-167.3215613,-162.6574026,49.98739649,49.98740051,2524.400539,2515.886682,-242.5324586,-364.4609642,8.5782194,1
8237,64,96,16,1,1,1,1,1,1,1,1,1,0,1,1,221.4248695,309.3204831,184.5561435,5.903958407,5.688977384,11.25374477,221.8497459,310.3054827,184.0725059,8.131240821,4.43052308,8.907603717,-5.251177039,-1.392117488,6.643494585,5.284478014,1.388772079,-6.673047457,221.4117269,309.3301754,184.5546217,2.507273341,5.360628252,8.971381752,221.8227871,310.3138383,184.0576635,6.097703449,4.000212179,5.724770784,0,-96.70077536,158.389659,-107.7311758,-52.22768245,134.3946815,0.465613693,-96.96342346,158.6865479,23.15314547,-167.175401,-162.6322607,49.98739011,49.98740801,2525.26785,2515.017639,-242.8938045,-364.0984401,8.3038297,1
8238,64,96,16,1,1,1,1,1,1,1,1,1,1,0,1,220.0331099,310.4800705,184.7148735,11.09817432,7.532024686,11.14040292,218.149114,312.368797,185.4531916,9.635192842,10.28211843,4.000142267,-8.566481188,6.876074444,1.690603905,8.586844947,-6.913462282,-1.67319322,220.0226884,310.4866924,184.7127301,6.781375744,2.382158066,10.88614741,218.118958,312.3578506,185.4487053,3.911235496,7.358623874,3.23291438,0,-96.42526433,158.4128258,-34.44702131,54.44463035,171.0897674,0.05174237384,-96.20363334,157.9303626,101.7631303,-105.4543128,108.3963464,49.98731875,49.98733266,2539.731856,2529.796637,-232.5524488,-352.197727,8.3869796,1
8239,64,96,16,1,1,1,1,1,1,1,1,1,1,1,0,220.0438262,310.4738509,184.7123376,11.10633921,7.553709453,11.14408119,218.1577422,312.3704974,185.455118,9.644784535,10.30728714,4.003012682,8.573701298,-6.887212234,-1.686282376,-8.594695853,6.923116024,1.671798912,220.0334122,310.4804663,184.7101851,6.78431517,2.40079667,10.89138497,218.127547,312.3594319,185.4507477,3.916767496,7.377473442,3.241731494,0,-96.42722212,158.413699,-34.48908951,54.54012844,171.1566176,0.05205534123,-96.204628,157.929446,101.7371821,-105.4759586,108.2116552,49.98732292,49.98732772,2538.900544,2530.795655,-232.5152487,-352.423286,8.3876358,1
8240,64,96,16,0,1,1,1,1,1,1,1,1,1,1,1,221.44887,308.9602828,185.9968604,3.267103127,6.233088712,9.789517681,221.230488,310.1428768,185.8960204,4.970482107,6.533667701,5.935034873,-1.16007391,5.015404548,-3.85514141,1.179125994,-4.984900407,3.805965733,221.4371408,308.9606396,185.9925502,2.941206959,3.641835081,8.951417628,221.2173357,310.1514875,185.8946143,4.758176065,4.172557729,4.46235342,0,-95.62981871,159.1269072,-70.60662583,-42.43110327,146.3529308,0.3532602577,-95.75138497,159.2259345,35.74016352,-140.1397392,-175.3628184,49.98735416,49.987353,2534.219635,2524.240053,-235.3320617,-359.0114324,8.1071434,1
8241,64,96,16,0,1,1,1,1,1,0,1,1,1,1,1,184.8585927,503.4346499,228.1876486,19.02710903,25.26726669,32.33040324,176.6002895,502.2867513,224.6344021,16.88558222,26.646465,31.10190737,-8.444078836,-16.49484834,24.938327,6.233965109,21.51302162,-27.74739131,113.5935271,389.5444014,194.0859319,10.97066886,16.3495432,19.64338054,109.6448213,383.909639,188.9060752,8.855913722,11.30119191,12.0297799,0,-96.2273996,138.6715798,-27.39323152,-127.1556576,101.5495729,-0.6058395352,-96.36571519,139.0056671,145.3896612,35.85554042,-119.5537878,49.97727474,49.97766311,4439.112694,4573.629511,-26.32766735,1371.931362,8.141675,1
8242,64,96,16,0,1,1,1,1,1,1,0,1,1,1,1,223.4441013,307.3960571,186.9074783,4.943422745,19.35438022,16.57714534,223.6882474,307.478021,188.1386285,4.945527162,19.31574806,16.62581682,-3.71745725,18.58001446,-14.86229264,3.726498291,-18.5634596,14.83719007,223.3927085,307.3804607,186.8751884,2.449056732,2.644672901,6.325772616,223.6301682,307.4684365,188.0804339,2.437770016,2.483997108,6.517622269,0,-94.93214386,159.9132314,-0.2072064962,-97.69969401,158.7430881,0.02601628008,-94.91841614,160.0851151,0.08486628677,-92.08360426,160.6599532,49.9868598,49.98686204,2632.670292,2623.161761,-237.2177272,-360.5326479,8.2875886,1
8243,64,96,16,0,1,1,1,1,1,1,1,0,1,1,1,221.571197,308.8849889,185.9277448,3.294308171,7.122073586,10.51192378,221.3874131,310.1410715,185.653688,5.318672646,7.268762938,6.73301773,-0.8181093684,5.670708516,-4.852355641,0.8350632317,-5.63723489,4.802425461,221.5585899,308.8821618,185.9222112,3.054447065,4.052192642,9.205584432,221.3732637,310.1488126,185.6514304,5.169701051,4.350956039,4.486259238,0,-95.7020919,159.1009926,-78.13232034,-40.99796225,144.2494008,0.3978236873,-95.85426889,159.2177092,35.41253087,-145.3849049,-170.0247696,49.98734613,49.98733826,2534.973689,2528.207806,-237.8095661,-360.0453358,8.3999498,1
8244,64,96,16,0,1,1,1,1,1,1,1,1,0,1,1,221.4254838,309.3182391,184.556694,5.917501618,5.691772613,11.2615234,221.8501035,310.3007357,184.0692382,8.140589287,4.425771236,8.915882432,-5.265447941,-1.384044217,6.649675244,5.298748097,1.380768591,-6.679341942,221.4123556,309.3279416,184.5551574,2.503702274,5.365574192,8.973850149,221.8231044,310.3091226,184.0543508,6.095486619,3.997539305,5.72605899,0,-96.70018851,158.3903276,-107.7342877,-52.2831885,134.3780767,0.4660135325,-96.96328193,158.6882115,23.12703355,-167.2716252,-162.5965008,49.98738425,49.98741304,2525.85472,2514.391671,-243.1457862,-363.8427844,8.5181037,1
8245,64,96,16,0,1,1,1,1,1,1,1,1,1,0,1,218.661485,310.7417452,186.1403871,43.4935022,43.67751131,19.38136605,218.1663352,314.9775815,183.4531401,43.93914024,44.1113274,12.19816556,-30.44876461,28.44493226,2.004379542,30.54900133,-28.50645239,-2.042013133,218.5521911,310.590179,185.9999054,8.265588599,9.439982316,15.61790955,217.0212572,314.2808827,183.2849436,9.813294586,10.69153353,4.531274828,0,-95.71169345,158.6561746,-93.60702105,-6.997643249,144.0262017,0.9110059857,-96.07591317,158.3449526,57.43518823,-157.8832898,-79.42134343,49.98655807,49.98302365,2599.833172,3279.398999,-202.7529757,-273.9334394,8.4689434,1
8246,64,96,16,0,1,1,1,1,1,1,1,1,1,1,0,216.4264205,312.5304459,187.066115,4.649979853,19.60523927,20.75913208,216.1867321,314.0431589,186.386009,7.018537588,19.82601378,18.69715757,-0.08001743953,13.18709213,-13.09746762,0.1169932358,-13.0263368,12.91887393,215.7504264,312.0840964,186.0656951,3.71457742,4.767631293,9.268704617,215.6595594,313.7656483,185.6281123,6.415288114,6.13396827,4.082961709,0,-95.30555001,158.2445552,-98.28324793,-19.72944471,146.787907,0.5560176861,-95.48973464,158.3860839,35.08331098,-144.2950122,-175.7877008,49.98895754,49.98449824,2426.343266,2914.391693,-192.8135604,-297.3518025,8.5788723,1
8247,64,96,16,1,0,1,1,1,1,1,1,1,1,1,1,221.4533702,308.957737,185.9986205,3.268252343,6.227645954,9.794671458,221.2339149,310.1430776,185.8965479,4.971628288,6.533487407,5.928365958,1.153819006,-5.007802596,3.854222772,-1.173435861,4.975695873,-3.802026591,221.4416175,308.9580869,185.994321,2.944384628,3.644622802,8.957317715,221.2208149,310.1516828,185.895129,4.760605112,4.182826857,4.453924364,0,-95.62915131,159.1276263,-70.63618638,-42.27319975,146.3938401,0.3535556891,-95.75083798,159.2260147,35.77117775,-140.1585898,-175.3796944,49.98735372,49.98735333,2533.704951,2524.808665,-235.4696708,-358.9019818,8.7065,1
8248,64,96,16,1,0,1,1,1,1,0,1,1,1,1,1,223.4528737,307.3929506,186.9112848,4.943812205,19.3731326,16.60177705,223.6979809,307.464725,188.1288658,4.946248378,19.33236206,16.63524336,3.716528334,-18.59869565,14.88241731,-3.726330197,18.58063033,-14.85399108,223.4013944,307.3771842,186.8787349,2.448908277,2.651890762,6.344397993,223.6393742,307.4550084,188.0708789,2.438108528,2.475036053,6.499058771,0,-94.93187822,159.9137705,-0.1833561838,-97.30961902,158.727354,0.02557234386,-94.92040028,160.0872171,0.06050271394,-92.48465424,160.6828566,49.9868711,49.98685146,2630.679087,2625.183866,-238.4237346,-359.4541349,8.6151191,1
8249,64,96,16,1,0,1,1,1,1,1,0,1,1,1,1,185.0329374,503.5031376,228.0957893,19.76940669,25.65205587,32.98193536,176.711029,502.3614274,224.5171919,17.68996902,27.00887007,31.73155356,8.574632181,16.5712934,-25.14723871,-6.364883442,-21.59419536,27.95756943,113.6516618,389.4538297,194.0360773,11.14397831,16.50787956,19.78708984,109.6436025,383.8026814,188.8731445,9.02540272,11.47723908,12.16239106,0,-96.21402375,138.7050231,-27.32990873,-127.421206,101.4730025,-0.6324783613,-96.34602861,139.0270996,145.6052723,35.72090589,-119.1963417,49.97869672,49.976175,4557.649191,4491.362238,-36.33614679,1376.241507,8.5158231,1
8250,64,96,16,1,0,1,1,1,1,1,1,0,1,1,1,221.4229551,309.3229374,184.553066,5.927301119,5.690984645,11.25936803,221.851752,310.30805,184.0694366,8.1561304,4.42915849,8.929519288,5.272673071,1.385195125,-6.657659478,-5.30671318,-1.383435875,6.69037786,221.409798,309.3326643,184.5515279,2.508127665,5.36458049,8.963733055,221.824669,310.3164523,184.0545311,6.108418081,4.00110425,5.735563623,0,-96.70315071,158.3872083,-108.0384826,-52.23953287,134.3388201,0.4667130097,-96.96614373,158.6856206,23.07678375,-167.2339228,-162.6625173,49.98739702,49.98740076,2524.562892,2515.712863,-242.6387792,-364.2977795,8.6160127,1
8251,64,96,16,1,0,1,1,1,1,1,1,1,0,1,1,219.9311069,309.8860126,188.4583049,19.69766824,48.85701965,49.57256561,223.7654006,308.6258729,186.18863,22.67418495,47.69307491,49.72955806,0.300367596,-32.75558331,32.45491169,-0.3424571158,32.56687216,-32.22471516,219.4818954,308.6306751,187.5113068,10.18570066,12.70427011,11.99211421,223.112356,308.4503129,185.9781378,14.99989876,8.712887949,14.76564833,0,-94.37344302,159.4901531,-174.9372872,-63.7178005,86.55578203,1.115525551,-95.20377952,160.9514663,3.567523797,134.0207452,-149.4645508,49.98339733,49.98382098,3308.990595,3197.113383,-86.70810975,-293.4630695,8.6092539,1
8252,64,96,16,1,0,1,1,1,1,1,1,1,1,0,1,211.3926095,319.7995482,191.6147728,6.20766645,21.22478799,22.64075491,210.5612121,320.7002996,191.5960972,7.446517154,20.7890115,21.38898109,0.748247844,-17.0890314,16.33104092,-0.7836102812,16.81469924,-16.04076873,207.7892423,318.3308171,187.0624788,2.753556926,3.628769045,8.153351548,207.6926637,319.420303,187.4193362,4.943932198,2.595840902,6.31116609,0,-94.38020509,157.5642585,-81.26768942,-68.45146071,133.4588855,0.4050313847,-94.42918246,157.7645574,33.48970424,-132.2435857,-171.1727281,49.98410428,49.98865828,3139.075857,2302.02048,-89.05338288,-344.4405194,8.5511847,1
8253,64,96,16,1,0,1,1,1,1,1,1,1,1,1,0,216.5400384,311.7299726,187.373685,60.48643952,63.19977954,30.72540986,217.1809152,316.8749702,181.4821173,61.17417437,63.27667634,24.52512632,41.39640751,-40.87883841,-0.5150759433,-41.54016356,40.92687277,0.6160487178,216.2911097,311.2173269,186.8716607,11.8669005,15.37504472,21.45173447,214.9017889,315.5926072,181.1417355,14.21227267,15.02007064,11.55187373,0,-95.20751332,158.6139907,-109.9372939,-19.32039878,131.6649848,1.431653812,-96.06763864,158.4318625,51.95995144,-179.5891515,-77.69098983,49.98225366,49.98078142,3421.832031,3796.989602,-127.0129454,-85.02163687,8.7591221,1
8254,64,96,16,1,1,0,1,1,1,1,1,1,1,1,1,221.5047587,310.0065988,182.9683598,8.147104237,4.203173117,9.20909084,221.3773465,309.4379599,185.6183755,5.953052655,5.64251852,11.05997387,-5.615960255,-1.367729943,6.98386749,5.553086967,1.357101275,-6.910033411,221.4660972,310.0138017,182.9587236,5.814058051,3.717032045,5.768483524,221.3590836,309.447801,185.6158866,1.893065695,5.294266218,8.475883781,0,-97.53522221,157.8374989,17.40140677,-168.5791132,-168.1887767,-0.3625442549,-97.25422356,157.8485708,-111.8498288,-55.84439599,135.1661438,49.98742093,49.98742647,2520.411455,2509.891349,-245.3207807,-367.6946994,8.9837765,1
8255,64,96,16,1,1,0,1,1,1,0,1,1,1,1,1,221.4130512,309.4563667,184.9342256,4.917697138,7.614779337,6.814153447,222.0187205,308.547743,187.3766559,3.101580239,7.375594104,10.3172459,1.165932837,-6.220732087,5.055033221,-1.15455436,6.243042068,-5.088261756,221.401228,309.4655008,184.9323739,4.668403721,4.226206214,4.38596024,222.0067044,308.5473336,187.3657993,2.694646715,3.739804793,8.882755264,0,-96.15720474,158.707348,32.65199529,-141.8623232,-177.936904,-0.2862121192,-96.00478751,158.9321852,-70.10262476,-42.15764811,147.2085647,49.98733652,49.98733852,2537.162356,2527.777226,-241.5416162,-363.6369068,9.1127823,1
8256,64,96,16,1,1,0,1,1,1,1,0,1,1,1,1,221.5265719,309.9997309,182.9602171,8.192153208,4.20481464,9.231280089,221.3916168,309.4292098,185.6136437,5.990475417,5.651320084,11.07025779,-5.648719907,-1.349811112,6.998735835,5.585522234,1.339103411,-6.924422815,221.4875704,310.0069302,182.9505018,5.84348243,3.729419916,5.78558303,221.3732977,309.4390518,185.6111426,1.90931904,5.311045876,8.477351853,0,-97.54283282,157.8358981,17.3705614,-168.7876091,-168.0574719,-0.3647491402,-97.26040893,157.8447824,-112.5807589,-55.78210982,135.0164528,49.98742256,49.98742502,2519.743388,2510.596926,-246.1127554,-367.1752679,8.5701933,1
8257,64,96,16,1,1,0,1,1,1,1,1,0,1,1,1,362.5658064,368.8343163,258.2731784,19.76344658,15.10329972,19.4734087,362.7446648,369.779929,259.8996338,19.4476509,15.32002619,18.39871726,-3.93353194,-0.9849018972,4.920582954,-0.1186947795,-2.760675383,2.882021913,286.3598326,257.8267891,210.5904353,2.84031751,1.793070012,7.776495932,286.6619523,258.5455802,212.0162444,3.491486628,2.958228966,6.715140667,0,-82.90503337,176.6466436,-9.360674317,-50.15379865,178.9188532,0.05937676014,-82.90063658,176.6856837,7.513147137,-102.1205648,173.4972732,49.96467417,49.98545787,5510.833243,4472.088911,-404.3299165,-573.387743,8.4351481,1
8258,64,96,16,1,1,0,1,1,1,1,1,1,0,1,1,221.6973826,310.6796842,180.0409903,33.98959051,6.337772096,38.62847315,221.8185647,310.8375101,181.2476216,33.91698632,6.315901314,38.48415617,-32.4561399,-3.394566539,35.85086678,32.38236142,3.363382389,-35.74560269,221.451689,310.568271,179.8395217,2.411529632,2.586453588,6.264079686,221.636443,310.7278669,180.9277096,2.446840794,2.590025213,6.097206129,0,-99.81875394,156.3252881,-4.518314435,-99.23525714,154.6301241,0.0423834106,-99.80841751,156.4868319,4.342208807,-100.4986196,157.6565028,49.98580465,49.98581689,2839.956162,2832.912356,-212.060933,-330.6425949,8.7939218,1
8259,64,96,16,1,1,0,1,1,1,1,1,1,1,0,1,227.9611928,305.6080151,184.0453948,58.90604176,25.90010665,56.90805667,221.2541738,311.6097425,182.0775378,58.04902465,28.54375373,53.7463532,-39.23940734,1.3785668,37.86061669,38.98745644,-1.507773258,-37.47989054,225.7245736,305.2569239,182.7370364,14.84903897,12.32628957,18.3197235,220.468431,311.124746,181.9383422,13.14936694,17.03785952,6.788418935,0,-97.70972633,158.9761577,-60.41999521,54.92349353,171.8317666,0.5957429589,-97.21139385,157.5921699,100.699583,-117.0712355,17.51485988,49.9822703,49.98258388,3534.77485,3436.635844,-48.0335763,-272.0886661,8.9249153,1
8260,64,96,16,1,1,0,1,1,1,1,1,1,1,1,0,220.057872,310.7172502,184.1240903,17.72196451,16.23623786,11.49979767,218.336294,312.7453452,184.6166238,16.95227502,17.62368849,3.820507919,12.21498554,-10.50738464,-1.707318611,-12.27356252,10.55820126,1.71564558,220.0198952,310.6850812,184.1018197,6.690112001,2.315393984,11.15984968,218.1281237,312.5825607,184.5699666,4.018823826,7.056740431,2.611452351,0,-96.89985728,158.0950716,-36.53072993,39.85559458,168.0405114,0.08336723685,-96.72332503,157.6130786,98.31175036,-109.8653339,107.5298096,49.98711787,49.98702549,2578.844478,2588.112148,-240.5443783,-341.4950802,9.0220211,1
8261,64,96,16,1,1,1,0,1,1,1,1,1,1,1,1,221.5126961,310.0060163,182.958994,8.200746889,4.201504729,9.250107373,221.3803724,309.4376839,185.6120537,6.013225579,5.650399011,11.09160663,5.674547953,1.351010268,-7.025372314,-5.611712853,-1.341875742,6.953780014,221.473482,310.0132232,182.9491567,5.828558883,3.722479206,5.777633877,221.3620094,309.4475289,185.6095671,1.899969258,5.307810823,8.479956407,0,-97.54270444,157.8338311,17.3720806,-168.7773243,-168.0787441,-0.3638023949,-97.26067417,157.8433102,-112.2412369,-55.8491478,135.0663685,49.98742178,49.98742524,2520.19277,2510.149009,-245.4576504,-367.6781768,9.0520506,1
8262,64,96,16,1,1,1,0,1,1,0,1,1,1,1,1,221.5262724,309.9948266,182.963141,8.166944348,4.201772896,9.218307089,221.3950636,309.4279963,185.6172649,5.968577755,5.648042874,11.06701761,5.628248959,1.359109529,-6.987161784,-5.565756168,-1.349947902,6.915881233,221.4873767,310.0020548,182.9534477,5.828841094,3.723031584,5.777064017,221.3767548,309.4378523,185.6147698,1.903054863,5.305492521,8.481389508,0,-97.5399474,157.8383572,17.4107867,-168.7343863,-168.0642818,-0.3635216134,-97.25786281,157.84779,-112.1636204,-55.82865427,135.071241,49.98743067,49.98741749,2518.278544,2512.059571,-245.7142634,-367.5139517,9.1157788,1
8263,64,96,16,1,1,1,0,1,1,1,0,1,1,1,1,224.3207521,307.6711176,184.6454122,21.91835176,47.00023352,49.06644535,221.0152971,309.0470829,189.4321764,18.87197804,48.03288029,48.57751681,-0.3052834903,32.08881895,-31.78375787,0.3354989343,-32.18755471,31.85181721,223.8459047,307.6057056,184.4493594,14.62871631,8.397047154,14.37505236,220.6711549,308.1131762,188.1980732,9.75897311,12.39750706,11.34156096,0,-96.31358295,159.303629,0.9818808908,132.6300299,-152.2049911,-0.9966470418,-95.48370755,158.1980138,-178.2786957,-65.45150349,85.82593831,49.98406541,49.9835801,3158.463324,3261.513716,-196.5841058,-236.3024997,9.3321461,1
8264,64,96,16,1,1,1,0,1,1,1,1,0,1,1,1,221.6703843,310.6828503,180.0328574,33.92803159,6.33933084,38.56171845,221.8152211,310.8411392,181.2606185,33.86224511,6.318704263,38.43354478,32.40430281,3.39289595,-35.79712977,-32.33142171,-3.36286055,35.69435024,221.4276939,310.5721967,179.8334439,2.365790015,2.585012616,6.214073392,221.632729,310.7311596,180.9394521,2.48864062,2.591543573,6.146713433,0,-99.81734294,156.3233277,-4.001253481,-99.21656083,154.6785097,0.04211241924,-99.80719812,156.4872683,3.69477186,-100.5138991,157.5811935,49.98582941,49.98579706,2838.612797,2834.482938,-210.8938699,-331.8533877,9.1142655,1
8265,64,96,16,1,1,1,0,1,1,1,1,1,0,1,1,363.1023593,374.0861163,258.029077,16.13067792,11.22838921,16.25577262,363.362765,375.6098775,259.9104473,15.96778484,12.23848185,15.61288284,6.065896077,0.1283162295,-6.193860621,-1.96682271,3.697160605,-1.730806069,284.8120539,260.9295661,209.4846488,1.054030651,1.664059144,6.380068324,285.6467365,262.018375,211.5415195,5.357633281,4.068178571,8.210556921,0,-83.93085106,175.8286988,-30.95996333,-14.95186713,-174.1288931,0.1787422574,-83.90697444,175.9439595,5.810714478,-106.4195348,167.6882081,49.97959846,49.97079846,5087.573635,4834.248823,-297.7426111,-699.4214782,9.2446789,1
8266,64,96,16,1,1,1,0,1,1,1,1,1,1,0,1,219.8564515,310.7941934,184.1820295,16.93199799,15.30678844,11.38606072,218.169433,312.741218,184.7154806,16.13497125,16.73430155,4.023231485,-12.08256942,10.26886791,1.813617286,12.13672416,-10.32031588,-1.816492553,219.8212765,310.7644219,184.1617303,6.587456777,2.170395158,10.99066897,217.9818932,312.5967185,184.6725536,3.903883651,6.939598126,2.695468969,0,-96.83451932,158.1053601,-36.00550157,40.27466314,168.0172887,0.07596639252,-96.65811849,157.6417513,97.92221964,-109.0993777,110.8323523,49.98709157,49.98712516,2579.618363,2572.451215,-234.5056694,-345.9093106,8.737795,1
8267,64,96,16,1,1,1,0,1,1,1,1,1,1,1,0,226.6228634,306.9560647,184.0408055,49.52321345,19.14626175,48.80819945,221.0124734,311.376438,183.03608,48.57514924,21.89192249,45.88419572,33.5199235,-0.7447545933,-32.77579672,-33.29161556,0.8497544926,32.44124038,224.9503413,306.721078,183.0733338,12.56335698,8.714900748,16.0906344,220.4989217,311.0840479,182.9320031,10.19937571,13.61739775,5.105562951,0,-97.62256944,158.756742,-50.73657643,60.49581907,173.1195723,0.3145726326,-97.15272441,157.6036868,107.5248708,-111.3531434,32.69242114,49.98344627,49.98486599,3265.073957,2915.860281,-157.5005222,-306.023723,8.6470295,1
8268,64,96,16,1,1,1,1,0,1,1,1,1,1,1,1,217.4557156,312.2957074,184.5280215,10.41507402,10.64399729,4.478894423,219.5470397,310.8365928,186.0439616,11.65888297,8.255310684,10.85271846,9.586511358,-7.609990602,-1.976300172,-9.539365081,7.563551938,1.976049334,217.4167318,312.2782806,184.5227636,3.277951113,6.954729821,3.550846094,219.5362945,310.8430058,186.0415478,6.256212884,1.994222021,10.50792505,0,-96.43870844,157.7000604,100.3187358,-105.5077054,111.9307936,0.02752606217,-96.61871714,158.4590066,-31.06064054,50.6496437,171.6882927,49.98730286,49.9872916,2543.992822,2537.04817,-220.6156942,-346.7631749,8.7155116,1
8269,64,96,16,1,1,1,1,0,1,0,1,1,1,1,1,217.4493491,312.2868135,184.5300898,10.39501305,10.61868725,4.485457968,219.5405221,310.8390544,186.0446897,11.6459332,8.227415775,10.84763264,9.568332462,-7.585561294,-1.982631565,-9.521396438,7.539341486,1.982203266,217.4106341,312.2696721,184.5248216,3.271895556,6.945239224,3.556012545,219.5297688,310.8455071,186.0422706,6.261862303,1.979414873,10.50171349,0,-96.43347435,157.7045888,100.5479419,-105.3761845,112.0048112,0.02989313336,-96.61358598,158.4626837,-30.93977133,50.949856,171.7047126,49.98730526,49.98728992,2543.497636,2537.501175,-220.7091929,-346.6402457,8.8000684,1
8270,64,96,16,1,1,1,1,0,1,1,0,1,1,1,1,215.5836622,314.9234316,185.7677914,7.041349795,18.88213007,18.27673616,216.2071182,313.4842264,188.2814016,4.590156873,18.59361789,19.85235732,0.355870691,14.04494941,-14.41093797,-0.370476834,-14.18389602,14.54404671,215.1056857,314.521961,184.7717209,6.350492512,5.730730839,4.628815333,215.5735064,313.1235358,187.3361576,3.4671013,4.340828651,8.675738151,0,-96.14882702,157.6211608,32.16324385,-142.5189328,-179.1057165,-0.5081988788,-95.98028829,157.7614731,-101.0785749,-23.24736109,145.1887437,49.98629072,49.98749431,2810.513201,2436.53423,-255.5953524,-272.6901151,8.7834272,1
8271,64,96,16,1,1,1,1,0,1,1,1,0,1,1,1,220.0473824,311.2467258,181.4851859,64.92759487,32.58028013,60.02268851,227.6349356,304.6447892,186.8367669,65.52585578,29.99132297,62.82851491,43.65837387,-1.994978334,-41.66337354,-43.74670754,1.913560586,41.83319012,219.2957273,310.599279,181.4061436,14.4941492,18.69965923,7.931856927,225.3926263,304.2550531,184.8776737,15.93275722,14.0625645,19.50524528,0,-98.25241362,156.7262375,98.02398997,-120.2892779,12.14218429,-0.6744614181,-98.74056894,158.5465328,-64.44525513,51.94451353,170.586154,49.98119473,49.98103817,3728.465839,3776.254093,-100.3766805,-99.06028871,9.007255,1
8272,64,96,16,1,1,1,1,0,1,1,1,1,0,1,1,217.3724383,312.4281048,184.2861818,11.46702945,11.70179856,4.331432168,219.5005499,310.9180377,185.8464711,12.61320611,9.530265016,10.96237673,10.35739653,-8.533755541,-1.823507261,-10.3007891,8.48307198,1.817850889,217.3150292,312.3951519,184.2786083,3.40827694,7.032805713,3.438614416,219.4869451,310.9208643,185.8429385,6.361220211,2.089488477,10.64709469,0,-96.60110523,157.5715024,100.7637541,-106.1807904,109.9299764,0.02261684593,-96.78059644,158.3451872,-31.7920533,49.75265443,171.3614874,49.98728959,49.98726284,2548.352975,2541.01667,-219.3127165,-347.3961014,9.0947123,1
8273,64,96,16,1,1,1,1,0,1,1,1,1,1,0,1,389.3818761,348.0014556,197.1244369,21.74082941,26.76507461,22.56869599,390.0819055,349.6515642,199.7086748,23.05450988,28.04836,23.70207842,2.325341508,-1.483997225,-0.8371061672,3.861997079,1.051107747,-4.908668772,251.0978355,315.018196,139.4209598,2.550942908,3.224636097,3.631328872,251.9687241,316.5544985,141.2853776,7.264646744,8.449171753,6.541756214,0,-126.6708219,143.21666,-124.9006383,42.7100624,169.2735713,0.3210377002,-126.4320673,143.3766186,16.77990408,-130.6668039,128.8583501,49.99909114,49.95807885,3208.542857,5324.07944,-471.019993,-839.6607552,8.7924794,1
8274,64,96,16,1,1,1,1,0,1,1,1,1,1,1,0,212.8496836,315.3941378,185.1561192,42.44645695,36.14200655,9.513648298,212.9953109,315.5299956,186.3727373,42.38370148,36.14253191,9.465627937,39.53292518,-33.64704103,-5.885778556,-39.48472763,33.62994038,5.854879388,212.5936336,315.1830531,184.9565397,2.438225773,2.493863909,6.367002657,212.7459726,315.3415012,186.1566519,2.22007638,2.763332385,6.343425071,0,-95.92195912,157.2868684,-3.337292875,-98.37047714,157.2613532,0.02784721634,-95.89688076,157.4379124,3.535976362,-93.79265087,156.9056282,49.98520559,49.98518594,2962.221979,2959.213235,-129.0698126,-252.8730146,8.8748158,1
8275,64,96,16,1,1,1,1,1,0,1,1,1,1,1,1,217.4541559,312.3055779,184.5238175,10.42935199,10.67910166,4.473234026,219.545374,310.8353718,186.041701,11.66281669,8.282840901,10.85814402,-9.589745978,7.617921686,1.971986187,9.542066452,-7.573065162,-1.968830831,217.4152255,312.2880668,184.5185706,3.294886492,6.986731556,3.550945215,219.5346269,310.8417849,186.0392996,6.248594288,2.032519151,10.51600348,0,-96.44304539,157.6968808,99.88206634,-105.6969835,111.7712877,0.02498450457,-96.62277488,158.4564809,-31.32941971,50.42665029,171.7125908,49.98729685,49.98729816,2544.788029,2536.110136,-221.2485754,-346.245159,8.5207952,1
8276,64,96,16,1,1,1,1,1,0,0,1,1,1,1,1,212.9982226,317.1158782,188.8958137,6.36906273,18.00104902,18.00857824,214.014356,316.5468735,191.8062549,5.02874979,18.20527237,19.8202186,0.8267794731,-15.01378052,14.1874321,-0.8215701661,15.20040781,-14.37818184,211.2717436,316.4058432,186.3841771,4.704108345,3.764876943,4.924275104,211.8293238,315.6529481,188.8120517,2.634047513,3.73704012,8.679817346,0,-94.87955899,157.6805315,32.59518506,-140.0703822,-176.4585431,-0.3142293255,-94.73321719,157.8479879,-75.42923006,-49.24643727,143.1110568,49.98733711,49.98608899,2497.527415,2805.36541,-184.3201941,-308.6675054,8.9363351,1
8277,64,96,16,1,1,1,1,1,0,1,0,1,1,1,1,216.8304485,315.2172571,181.4531708,58.95193602,60.53665056,22.47862999,216.7029011,310.603153,189.3482449,58.16787501,60.36551617,28.56876037,-40.22201904,39.33356007,0.8899232251,40.00354564,-39.24285898,-0.7589051626,214.8984093,313.9371105,181.1900042,13.18142425,14.32643539,10.2653024,216.5190769,310.1566319,188.8348961,10.73299533,14.6040951,20.22672668,0,-97.82186363,156.3442244,48.93374753,179.800776,-79.19097624,-1.26901365,-96.97435766,156.8302382,-111.5448633,-20.8861601,131.663379,49.9807803,49.98338723,3779.201295,3144.175245,9.986591218,-296.6234947,8.7362473,1
8278,64,96,16,1,1,1,1,1,0,1,1,0,1,1,1,217.5698715,312.475843,184.0206859,14.51207606,14.79304801,4.457010692,219.5288923,310.9889036,185.6427728,15.33356455,13.24591975,10.94645401,-11.61404617,9.591516326,2.022746302,11.54117634,-9.536848842,-2.004112905,217.4340356,312.3740482,183.9943666,3.243800777,6.691672355,3.266854021,219.5027857,310.9710209,185.63037,6.107147438,1.862487246,10.52793852,0,-96.79479796,157.4681947,97.38686463,-107.7159767,113.6373661,0.0137214779,-96.94809179,158.2128651,-31.8233622,40.79297231,169.853218,49.987163,49.9871806,2573.049069,2557.164225,-215.6156127,-350.7475027,8.7268368,1
8279,64,96,16,1,1,1,1,1,0,1,1,1,0,1,1,220.1053112,311.4153028,181.6124598,63.5726377,32.14053769,58.60501794,227.4006803,304.9137493,186.7037402,64.14470057,29.53375823,61.35640007,-42.91986017,2.119992782,40.79939361,43.00633341,-2.040651754,-40.96619785,219.3896309,310.7811343,181.5351989,14.10786344,18.56957325,7.516147459,225.2568686,304.5310183,184.8230404,15.46755564,13.92135102,18.98455218,0,-98.25826016,156.7351638,96.74789229,-120.0869174,14.89216819,-0.6687228825,-98.7430126,158.5079496,-65.11973354,52.13326532,171.1165996,49.98158115,49.98129679,3625.690349,3702.565052,-128.396723,-108.2270629,8.7266468,1
8280,64,96,16,1,1,1,1,1,0,1,1,1,1,0,1,212.8706651,315.3925896,185.1546286,42.38947591,36.08322629,9.513571709,213.0086612,315.5210606,186.3725265,42.32349065,36.08377033,9.46576646,-39.47656757,33.59014929,5.886565236,39.42783154,-33.5742042,-5.853466669,212.6141493,315.1823624,184.9549843,2.466115391,2.49611187,6.36695569,212.760631,315.3332574,186.1578977,2.192245055,2.763348979,6.34347464,0,-95.92702446,157.2857229,-3.23020733,-98.97036064,157.305784,0.02514383709,-95.90070791,157.4360444,3.500485162,-93.25765719,156.8583659,49.98520551,49.98520422,2963.638127,2955.911114,-128.8378999,-253.2623015,8.5339185,1
8281,64,96,16,1,1,1,1,1,0,1,1,1,1,1,0,391.4458975,350.3066345,200.7961123,20.70417389,24.18087754,19.88323936,391.796611,352.3874239,203.9095221,19.58364357,24.56211313,19.48996305,-8.664978093,7.448415775,1.269277154,2.374965042,-7.031046945,4.712252453,248.1556679,316.5532135,141.8696831,2.128193617,3.272726882,5.488786858,249.8908582,318.5651594,143.9459744,5.81706409,6.364581525,5.959214447,0,-125.6564019,142.4237722,89.24047914,-32.68351635,174.9818635,0.04391425357,-125.6535881,142.2065289,-21.49522335,-156.5959677,112.2143376,49.98408265,49.97333708,3059.070706,5421.328768,-450.8833076,-851.9682373,8.384183,1
8429,48,24,24,1,1,1,1,1,1,1,1,1,1,1,1,254.9623217,235.5987823,201.2363073,3.191888182,5.86877605,4.921254233,255.4443209,236.4977891,201.8979131,3.71583321,5.418487383,4.753893873,0.001102901084,0.00410234422,-0.005298840379,-0.001201431474,-0.004846628961,0.005960873943,254.955017,235.6028646,201.2396509,3.191435358,5.868600546,4.921077021,255.4370134,236.5019081,201.9012576,3.71542422,5.418292682,4.75366968,0,-108.3509612,120.893449,-1.297419605,-108.2996003,115.8755785,0.06337949387,-108.2722568,121.0182244,0.9900378704,-108.7087864,125.816383,49.98407776,49.98407687,3188.904243,3179.959125,60.48754191,-131.7421613,8.6999383,1
8430,48,24,24,1,1,1,1,1,1,0,1,1,1,1,1,254.8577489,235.382174,201.7744409,6.4839962,10.43756515,5.725113358,255.7076665,234.8747299,203.656213,3.97808135,9.127598507,10.16760687,1.496060298,-6.952821924,5.456678112,-1.483414948,6.992435518,-5.509112788,254.8496416,235.385418,201.7757485,6.165746753,7.690047677,1.220936358,255.6986619,234.8646802,203.6433345,3.440090607,5.740678695,8.456390099,0,-108.0808018,121.1438303,29.63172095,-136.2056222,119.9918121,-0.2935260504,-107.8166365,121.5661015,-63.22818176,-69.22431078,121.2966698,49.98397415,49.98397899,3208.845523,3200.275036,49.06038296,-142.3994179,8.6467764,1
8431,48,24,24,1,1,1,1,1,1,1,0,1,1,1,1,254.8572024,235.381317,201.7774121,6.477934022,10.43018068,5.710528286,255.708533,234.8745736,203.656868,3.983248194,9.113810654,10.15244679,-1.503648526,6.940647782,-5.437089952,1.491048949,-6.981943705,5.4908061,254.8491385,235.3845674,201.7787245,6.155992892,7.690892741,1.228427634,255.6995792,234.8645152,203.6440076,3.439957182,5.733177743,8.449254066,0,-108.0796297,121.1448358,29.6349445,-136.1467524,119.5868859,-0.2933429963,-107.8163525,121.5667475,-63.06569934,-69.24596122,121.3575111,49.98397383,49.98398023,3208.625305,3200.344171,48.94912956,-142.2509508,6.0413965,1
8432,48,24,24,1,1,1,1,1,1,1,1,0,1,1,1,255.8217087,235.2750419,200.6538644,7.089819351,9.989744884,11.7410072,257.7740886,236.1398244,199.5590273,10.71149772,4.328428759,10.20190132,6.683101503,1.736906651,-8.420081513,-6.732594883,-1.723917699,8.4564296,255.8110618,235.2779567,200.6565195,1.242456001,9.702495042,7.964910328,257.7425909,236.1407623,199.5399377,8.082199828,3.62021977,5.392073133,0,-108.5240964,120.9508327,154.8622046,-90.89054604,86.58263901,0.3297717205,-108.9128412,121.2592872,-3.701213039,-164.3749211,177.0520751,49.98396418,49.98397713,3210.452895,3201.034017,55.70738415,-135.704794,5.8087389,1
8433,48,24,24,1,1,1,1,1,1,1,1,1,0,1,1,255.8187526,235.2773669,200.6596674,7.031861224,9.985495332,11.70724681,257.7623983,236.142172,199.5611769,10.66009261,4.336901031,10.15088407,-6.639280979,-1.744856096,8.384046178,6.688423521,1.730161858,-8.418666906,255.8081149,235.2802971,200.6623413,1.221449432,9.695759519,7.965195158,257.7312963,236.1431004,199.5425363,8.06222364,3.624115443,5.37042799,0,-108.522625,120.9510729,154.8272961,-90.8770739,86.73919062,0.3298247074,-108.9109843,121.2577811,-3.651687998,-164.2790128,177.054341,49.98397137,49.98397142,3209.879287,3201.333086,54.97365949,-134.9909877,5.6474396,1
8434,48,24,24,1,1,1,1,1,1,1,1,1,1,0,1,254.5224088,236.145335,201.1519015,9.411775677,6.644855268,8.422860395,253.5182768,238.6359027,201.8602132,8.846703993,10.86789135,3.729039219,-7.371587784,5.685880119,1.685628525,7.401729137,-5.741500749,-1.660312662,254.5146662,236.1475726,201.1536878,5.713089646,3.033574251,8.125511954,253.4959451,238.6242561,201.8610177,4.677754921,9.084394071,3.00826278,0,-108.5138363,120.5835776,-42.39629828,-71.87075141,137.1794498,0.2369706119,-108.2969667,120.2211261,55.36542385,-120.0970578,68.65674519,49.98394785,49.98395113,3213.960717,3206.002096,56.56775464,-133.7075058,5.6418237,1
8435,48,24,24,1,1,1,1,1,1,1,1,1,1,1,0,254.5151399,236.1526678,201.1556266,9.404968159,6.639721136,8.415402559,253.5154582,238.6388583,201.8640053,8.84313148,10.8544745,3.735327032,7.368347728,-5.674765874,-1.693672215,-7.398731802,5.728970768,1.669680073,254.5074076,236.154892,201.1574242,5.702695855,3.038331708,8.114097708,253.4929971,238.6271983,201.8647904,4.671767981,9.073652471,3.006291404,0,-108.513598,120.5807136,-42.3506862,-72.06984927,137.1293738,0.23655399,-108.2970123,120.2197942,55.2480843,-120.0745141,68.90628649,49.98394824,49.98395107,3214.330476,3205.671396,56.90304638,-133.9484732,5.7022066,1
8436,48,24,24,0,1,1,1,1,1,1,1,1,1,1,1,255.2502294,234.1759344,202.7441548,3.832988316,8.683457247,9.750360736,255.31544,236.3891532,202.3557019,6.569623,9.599511853,5.162830911,-1.408300454,6.342832623,-4.934614472,1.413119726,-6.258909089,4.845698258,255.2416764,234.169193,202.7343965,3.343455727,5.834442173,8.353109707,255.3076475,236.3926639,202.3571169,6.296540643,7.201839807,1.498061301,0,-107.6306667,121.7898173,-65.34640661,-73.62144444,117.3547035,0.3844423496,-107.7035577,121.6261244,28.90751936,-134.8601183,145.5645482,49.98399,49.98400471,3205.902207,3195.093253,46.94756891,-145.3478502,5.8132866,1
8437,48,24,24,0,1,1,1,1,1,0,1,1,1,1,1,272.6439841,359.0253857,289.3567193,13.69674695,23.33771355,23.82448288,272.3417714,360.1786406,289.9090615,12.97534721,21.97844282,22.49563677,-2.832973432,7.675190717,-4.838630688,-1.53662984,1.958294948,-0.4181115142,183.8033734,280.4025803,239.9317757,3.254050709,6.875582808,7.155310099,183.7674406,281.6240005,240.5521132,1.774408964,6.833889374,4.933421076,0,-105.3502775,102.9215333,-6.226112684,-94.07559904,117.6448175,0.07322093085,-105.3595602,102.8259562,11.28495988,-117.0246165,80.81454667,49.958672,49.97850277,6910.142009,5666.716921,413.0562112,292.3573407,5.4336618,1
8438,48,24,24,0,1,1,1,1,1,1,0,1,1,1,1,256.4886331,231.8991056,204.2093758,6.367833797,31.23251801,26.33128543,256.9223364,232.7509132,205.0083198,6.358829039,31.07461771,26.26589423,-4.456202352,29.07538169,-24.61923843,4.44588662,-28.96794325,24.52199857,256.3959088,231.8158779,204.0805737,3.472244406,5.683047306,4.799957787,256.8290507,232.6550918,204.8651627,3.471992702,5.429555826,4.987037595,0,-106.737922,123.2004506,0.08913344428,-109.039054,120.3136931,0.0397817318,-106.6350869,123.3250548,-0.2413677481,-104.613227,125.7220064,49.98291109,49.98291208,3422.010791,3415.207174,56.7769443,-133.932525,5.9485011,1
8439,48,24,24,0,1,1,1,1,1,1,1,0,1,1,1,251.5737553,235.1889116,207.6928141,27.38886587,59.57771532,61.89070146,258.3917115,233.3181857,202.5321893,31.21351361,56.61960097,61.08639357,1.305513901,39.64491591,-40.95047101,-1.396465809,-39.15286137,40.54925584,251.2085114,233.612992,205.8673217,13.12705344,18.33617673,16.06596635,257.7129058,233.2277817,201.9762421,19.66639205,8.754408062,16.02080854,0,-106.1550549,122.0621745,158.760868,-86.37496,50.16095407,0.8142117753,-107.4127453,123.3958875,-13.88757909,120.0452408,-165.3108213,49.9781642,49.97867954,4345.344804,4172.048698,274.16254,-65.16260147,6.3792473,1
8440,48,24,24,0,1,1,1,1,1,1,1,1,0,1,1,256.0035581,235.0370034,200.7597647,8.65438129,10.08295326,12.6921231,258.0213338,235.8629249,199.672613,11.84424744,4.240743235,11.3487689,-7.502398281,-1.631189522,9.133499147,7.557529607,1.623933599,-9.181548125,255.9892322,235.0389294,200.7602833,1.330018936,9.81111548,7.952714916,257.9706041,235.8623638,199.6356499,8.131189187,3.545214367,5.480304837,0,-108.450384,121.0936183,150.6791854,-91.05760634,86.11143436,0.3254473375,-108.8487335,121.413783,-4.552117537,-165.958636,177.0183804,49.98394147,49.98393437,3216.097786,3210.48057,51.41524116,-133.9833615,6.4702943,1
8441,48,24,24,0,1,1,1,1,1,1,1,1,1,0,1,254.5008182,236.1229393,201.2143556,9.591491723,6.959151337,8.485109734,253.5068175,238.6570313,201.8842507,9.116985808,11.07048595,3.620434375,-7.52880235,5.898213244,1.630512601,7.559596528,-5.953090929,-1.606580944,254.4927062,236.1251988,201.2159642,5.682112552,3.106869805,8.2089254,253.4831417,238.6441732,201.8849076,4.790027379,9.11643499,2.923192492,0,-108.4890221,120.6019666,-43.57998683,-69.89085091,136.7702034,0.2486537819,-108.2806069,120.2337775,54.80369222,-120.8535558,67.63042632,49.98395219,49.98393294,3213.664039,3209.29658,56.04484655,-133.6779178,6.0622034,1
8442,48,24,24,0,1,1,1,1,1,1,1,1,1,1,0,254.6478653,234.4191435,203.2092684,3.806836464,9.683210801,10.8919957,254.7074985,236.7569611,202.6900838,6.820114081,10.54042875,6.559297223,-1.018575374,7.445289522,-6.426803602,1.018922075,-7.332109734,6.313103203,254.6391367,234.4036043,203.1876436,3.482922207,6.019800501,8.69815763,254.6990727,236.7589052,202.6900731,6.645509144,7.431669085,1.245368151,0,-107.4996369,121.7170732,-71.17899014,-70.279889,117.0164286,0.4213580916,-107.5954529,121.5303436,29.80657012,-137.1275535,154.2120465,49.98396027,49.98394577,3212.499624,3206.258026,46.51915973,-147.2131652,5.8246512,1
8443,48,24,24,1,0,1,1,1,1,1,1,1,1,1,1,255.2527108,234.1740809,202.7456771,3.836610703,8.676685118,9.742455853,255.3153948,236.3874223,202.3578922,6.562427348,9.606383354,5.155349108,1.415690311,-6.342612027,4.926841028,-1.420590074,6.256853881,-4.836340866,255.2440771,234.1672747,202.7358585,3.345780677,5.82512909,8.347917199,255.3075719,236.3909259,202.3592966,6.288069454,7.211781005,1.495031489,0,-107.630019,121.7911247,-65.19729114,-73.55816058,117.4692309,0.3844340454,-107.7023124,121.6272569,28.93421977,-134.8190397,144.9141946,49.984,49.98399407,3204.513794,3196.562114,46.84093703,-145.2146158,5.3556953,1
8444,48,24,24,1,0,1,1,1,1,0,1,1,1,1,1,256.4871276,231.8969377,204.2155688,6.367388345,31.26255107,26.36133743,256.9206665,232.7471787,205.0157264,6.358651686,31.10453018,26.29598481,4.455816953,-29.10261608,24.64674175,-4.445512115,28.99423173,-24.54877891,256.3942073,231.8130303,204.0861821,3.471928354,5.683580516,4.799851073,256.82769,232.6515929,204.8720735,3.472272351,5.428842535,4.987425762,0,-106.7353878,123.2026091,0.1058417837,-109.0314547,120.3174464,0.03952124519,-106.6323715,123.3273878,-0.2582468847,-104.6153169,125.7224837,49.9829135,49.98290022,3422.018189,3416.705455,56.69432732,-133.7629816,5.2969043,1
8445,48,24,24,1,0,1,1,1,1,1,0,1,1,1,1,272.0861936,359.159905,288.5068461,22.42385467,26.04956324,29.56439283,274.11702,360.2800113,289.8917079,22.49949476,23.48170446,28.84739144,0.9779855284,-8.274868546,7.297341967,3.369423448,-1.301758524,-2.067458696,183.9535996,281.5627324,239.2307142,2.890473568,8.374739822,4.976802357,185.3115838,282.8583304,240.6544863,4.224377237,5.248894579,6.514313389,0,-106.0015215,102.1454199,57.56144758,-99.97332292,97.82052715,-0.08765294864,-106.0355498,102.3137215,-35.41888111,-116.1160795,105.2458531,49.95117861,49.98557553,6821.098202,5805.924765,494.7614203,223.2658892,6.0995235,1
8446,48,24,24,1,0,1,1,1,1,1,1,0,1,1,1,255.9658544,235.0749657,200.7438065,7.603236542,10.06810008,12.09821073,257.9536934,235.9200039,199.6129058,11.11117807,4.259822318,10.5928224,7.174974497,1.620113886,-8.795180948,-7.22780385,-1.612799767,8.840513417,255.9548692,235.0778249,200.7456169,1.319219264,9.805561371,8.044738792,257.9165849,235.9210044,199.588636,8.160446313,3.595763471,5.462097727,0,-108.4622708,121.0693173,155.1773463,-90.77973638,86.22583143,0.3329082559,-108.8622484,121.3838761,-3.847500368,-166.0599137,177.9689704,49.98395778,49.98396363,3212.510704,3202.887204,53.64815128,-135.941387,6.786472,1
8447,48,24,24,1,0,1,1,1,1,1,1,1,0,1,1,251.2560231,235.1978839,208.0340576,28.55632082,62.17773725,64.52358285,258.2744452,233.036597,202.4672367,32.32890564,59.15470069,63.67222517,-1.280330003,-41.25665534,42.53684615,1.376456876,40.74269339,-42.11927853,250.8520452,233.4858851,206.0628472,13.58109942,19.03474219,16.64875401,257.5437763,232.9406823,201.8642735,20.09043661,9.33828269,16.5443217,0,-106.0380882,122.1007944,158.1555425,-86.66147216,49.939663,0.8463102183,-107.3598219,123.4863572,-14.45894245,117.5048097,-164.3251081,49.97779714,49.97786922,4434.976331,4396.546122,291.1274175,-17.27882696,6.9081379,1
8448,48,24,24,1,0,1,1,1,1,1,1,1,1,0,1,254.5444684,234.4861449,203.2153636,3.796676188,10.22393413,11.39013325,254.6312032,236.8426379,202.7316542,6.881601259,11.03833065,7.454335785,1.00861118,-7.741958392,6.733408321,-1.008277431,7.621102848,-6.612755226,254.5349242,234.464925,203.1857786,3.438583541,5.986123597,8.609088329,254.6220129,236.8439748,202.7301616,6.691836621,7.421979374,1.359227806,0,-107.5077066,121.6747861,-72.1431715,-70.55633577,116.5112837,0.4246899833,-107.5957674,121.4973213,29.3477982,-136.7948807,154.2326849,49.98391693,49.98394725,3218.64699,3209.857621,54.14971793,-154.2600644,6.3045394,1
8449,48,24,24,1,0,1,1,1,1,1,1,1,1,1,0,251.6388227,236.520748,204.5879274,55.80500917,58.45255135,28.42179195,253.5712025,242.1245252,199.339291,57.13843192,58.33282786,22.58343787,38.21811988,-37.88871941,-0.3296248889,-38.36313601,37.93858514,0.4243138024,251.5077631,236.1291053,203.9873585,10.20693197,16.09719108,19.86824584,251.9933729,240.7222086,198.9865451,15.17490058,14.51527384,10.6204715,0,-107.4987319,120.6686004,-124.7246804,-46.97637282,107.4252963,1.25889252,-108.5640016,119.8496364,33.75563008,176.3044542,-84.15028168,49.97970988,49.97815046,3923.916529,4330.288311,106.9722136,67.59702984,6.8309194,1
8450,48,24,24,1,1,0,1,1,1,1,1,1,1,1,1,257.5872233,235.1356472,198.7228224,10.74961265,4.512386789,10.47389457,256.4920169,236.1442433,201.1829934,7.440838644,9.824766645,11.71396173,-7.061399054,-1.872028745,8.933381919,6.978720245,1.856753301,-8.835514765,257.5485644,235.1359176,198.7045238,7.76151033,3.710020372,5.054290511,256.4793784,236.1476513,201.1857319,1.140362861,9.48966782,7.405630554,0,-109.2181291,120.9086996,-6.530979545,-162.0655482,170.9035344,-0.2019046021,-108.6516064,120.8232209,131.0177079,-91.05422301,89.16105798,49.98397671,49.9839647,3209.287372,3202.379391,56.93420598,-135.6261345,6.6105417,1
8451,48,24,24,1,1,0,1,1,1,0,1,1,1,1,1,258.4175068,232.2046916,201.4273325,33.23088808,61.50097936,66.03344054,252.0756513,236.3896951,208.756961,29.39559168,64.0107675,66.37894746,-1.543009508,-42.37666663,43.91944781,1.437467761,42.56160413,-43.9993134,257.593971,232.1140343,200.793864,20.33972828,9.650949158,16.51219332,251.5960207,234.563589,206.5722754,13.80892713,19.22972936,16.41434371,0,-107.9764901,122.660409,-16.22641047,116.846813,-165.4589039,-0.7478381261,-106.4338034,121.4664337,155.9414701,-87.04815695,48.84776849,49.97760723,49.97749893,4423.90357,4465.853607,175.4362623,90.64972584,4.3643687,1
8452,48,24,24,1,1,0,1,1,1,1,0,1,1,1,1,257.8374031,234.8190581,198.8348317,11.36244101,4.404109929,11.05115008,256.6777927,235.850089,201.341388,8.164389258,9.93667374,12.2313161,-7.779240005,-1.710097119,9.489302643,7.6889481,1.686146867,-9.375114688,257.7874849,234.818677,198.8081899,7.908665705,3.665910317,5.177772696,256.6629481,235.8528459,201.342439,1.267733386,9.640268806,7.510823822,0,-109.1354231,121.0911467,-6.756128533,-164.4495436,172.3866332,-0.2074846147,-108.5530734,120.9938602,134.2766446,-90.89938385,88.31385416,49.98397396,49.98393804,3210.253293,3207.305118,54.96588638,-137.2633334,4.8303492,1
8453,48,24,24,1,1,0,1,1,1,1,1,0,1,1,1,334.2562185,269.1255707,324.8324918,15.74913798,10.73280919,17.00733623,335.8508327,272.5840604,326.0858264,15.91905447,12.98733269,14.12563975,-10.73700542,-1.222286823,11.95936244,8.041706773,-5.993519462,-2.048052005,289.2734361,187.2641655,232.0670215,2.55789141,3.888595116,4.22646079,291.5985688,189.4118646,234.740917,7.988181437,7.125425264,9.130441679,0,-92.60072044,146.1350669,83.72230251,-42.99949788,-162.4686247,0.1361322725,-92.59045475,146.2567651,-18.57687531,-117.3315911,124.8153054,49.97191658,49.9692724,5152.958853,6601.307382,-159.4485259,-784.8928143,5.2949079,1
8454,48,24,24,1,1,0,1,1,1,1,1,1,0,1,1,260.07036,235.1730269,195.5495956,32.83973143,8.851534191,39.0506526,260.4569978,236.1394501,196.2720298,32.80038908,8.787596919,38.88932912,-30.55430091,-5.743512337,36.29777596,30.48650071,5.690457285,-36.17699798,259.8497877,235.0336442,195.3595085,3.374231916,5.645898471,4.819783139,260.2631413,235.9977645,196.0442818,3.675630905,5.614544846,4.549291432,0,-110.3903222,120.4572847,-3.637159308,-110.2224573,117.5712404,0.06443479773,-110.2958926,120.5619069,3.208888764,-110.8376047,123.2291804,49.98234255,49.98229809,3537.471908,3535.569862,120.5813778,-71.18402681,5.3205237,1
8455,48,24,24,1,1,0,1,1,1,1,1,1,1,0,1,263.1787901,230.5753368,198.9895446,72.43825078,31.54347028,69.30631006,256.7498442,239.5957718,196.9192192,71.934875,36.99286299,66.91087925,-47.42592943,1.111803554,46.31406512,47.16204145,-1.359988147,-45.80211521,260.9131622,230.1521449,196.6568074,17.92174775,14.23149475,19.09471631,255.9124754,238.8077062,196.7634683,18.09645725,23.65623846,11.60256571,0,-109.3105077,122.6207974,-79.93229646,28.31241899,149.6126162,1.213733543,-108.6563705,120.8446362,77.64790056,-133.1253661,-8.153936637,49.97627134,49.97635748,4735.431916,4692.246155,373.1224571,35.77239324,4.8519137,1
8456,48,24,24,1,1,0,1,1,1,1,1,1,1,1,0,255.7060919,236.4095538,199.4977803,11.58138635,9.362012251,8.802328264,254.5884943,239.16123,200.137969,11.21490604,13.09613541,3.438043037,9.510971061,-8.39948508,-1.111574419,-9.58538755,8.474144214,1.11115371,255.6780485,236.3739907,199.4774865,6.048062961,2.990749181,8.61449088,254.5130379,239.077351,200.1101086,5.187377442,9.560278777,2.916231523,0,-109.1717871,120.2621836,-46.63964666,-62.25766019,137.4379629,0.2758045226,-108.9517027,119.8332088,57.92163021,-122.4549756,57.42729554,49.9839159,49.98389332,3219.550514,3217.744373,62.89500819,-129.003351,3.7715825,1
8457,48,24,24,1,1,1,0,1,1,1,1,1,1,1,1,257.5828172,235.1381203,198.7171282,10.71068478,4.506311356,10.43679152,256.4908325,236.1486122,201.1802015,7.394893849,9.827942957,11.68639502,7.039843503,1.86869383,-8.908609176,-6.957511326,-1.85507748,8.812512225,257.5445884,235.1383477,198.6992564,7.751516299,3.704256865,5.048520727,256.478228,236.1519958,201.1829176,1.133928162,9.493622054,7.40927479,0,-109.2198295,120.9064283,-6.540332676,-162.099026,170.9358106,-0.2018194071,-108.6532825,120.8213146,130.632817,-91.08498586,89.19878206,49.98397098,49.98397192,3209.796466,3201.506452,57.63658117,-136.3062544,3.7773538,1
8458,48,24,24,1,1,1,0,1,1,0,1,1,1,1,1,257.8529501,234.8124912,198.8588441,11.5579235,4.392816059,11.24251713,256.6742237,235.8478081,201.3575683,8.428942553,9.952550593,12.37613889,7.893026787,1.693140287,-9.586273285,-7.801942782,-1.670865686,9.472695443,257.7998186,234.811723,198.8299252,7.91518059,3.658919798,5.18478866,256.6585163,235.8503368,201.3583398,1.307535819,9.659014656,7.474375153,0,-109.1277421,121.1024118,-7.152130145,-164.719471,171.9900569,-0.2061008241,-108.5436533,121.0022641,132.5819483,-90.90070233,88.30452684,49.98394592,49.98395501,3216.474776,3204.299935,57.36695165,-139.8735042,3.7196804,1
8459,48,24,24,1,1,1,0,1,1,1,0,1,1,1,1,258.4772824,232.0575698,201.4035325,34.10135278,62.32662922,67.07525983,251.9355568,236.3214576,208.7884937,30.27210694,64.84160175,67.38991662,1.59231905,42.90992212,-44.50234425,-1.483280254,-43.09812918,44.58131071,257.6153922,231.964239,200.7365181,20.77134889,9.826643224,16.87707492,251.4402979,234.4475092,206.5463238,14.24859317,19.41554895,16.65215077,0,-107.9690477,122.7061795,-16.46191603,116.3997666,-165.8210395,-0.7615331399,-106.4070045,121.4673503,155.8426261,-87.03052173,47.83758768,49.97729034,49.97715265,4526.596963,4552.477206,184.8644027,121.1934474,3.7943037,1
8460,48,24,24,1,1,1,0,1,1,1,1,0,1,1,1,260.0822451,235.1640899,195.5521471,32.89068774,8.850793896,39.10296356,260.4538344,236.1284348,196.2673531,32.84694528,8.787214106,38.93494599,30.59453138,5.74279305,-36.33736567,-30.52646802,-5.69055198,36.21696542,259.8595018,235.0247829,195.361108,3.394694059,5.645339309,4.846900543,260.2599666,235.9863628,196.0383349,3.658041835,5.614616671,4.521707194,0,-110.3887621,120.462963,-3.98530548,-110.2323028,117.6488887,0.06413708962,-110.294541,120.5645344,3.567018144,-110.8247564,123.1896642,49.98231298,49.98230735,3541.045488,3533.241907,120.4398863,-70.90713848,3.7923823,1
8461,48,24,24,1,1,1,0,1,1,1,1,1,0,1,1,334.8238886,270.5647639,324.7920572,18.15075176,12.46173825,18.40541236,336.2243781,273.5443535,326.2617736,17.71695384,13.52419085,15.42655217,10.16772914,1.768369236,-11.93411348,-7.502184793,5.460289953,2.043888761,290.088571,188.2031143,232.5895298,3.861148846,4.051591636,5.21051216,292.1676454,190.1241596,235.1586927,7.011870568,6.33860999,8.850882,0,-92.73367345,145.9782353,62.82955998,-55.08817374,-163.3078121,0.05181639781,-92.73019879,146.0252039,-29.3921419,-115.9226712,118.7212604,49.96600685,49.97508646,5548.727399,6237.921763,-170.1078076,-770.8965702,3.6551473,1
8462,48,24,24,1,1,1,0,1,1,1,1,1,1,0,1,256.5786062,236.6397009,198.7411399,12.66559998,10.66532883,9.000992781,255.4892853,239.495881,199.3839604,12.39793709,14.08731396,3.568862256,-10.4272678,9.455166274,0.9718492892,10.52847901,-9.555768624,-0.9729603492,256.5084274,236.50371,198.6499517,6.023423708,3.133797596,8.751298207,255.3584786,239.278994,199.2592282,5.26790078,9.605900268,2.87917466,0,-109.5084136,120.143172,-47.36863356,-60.35175652,137.3115825,0.2838404441,-109.3002589,119.6934605,57.24184249,-123.8757302,53.91725158,49.98415298,49.98359829,3198.88703,3254.131766,44.05406772,-105.7494183,3.7995409,1
8463,48,24,24,1,1,1,0,1,1,1,1,1,1,1,0,261.9368356,231.8274574,198.8204283,62.35920023,26.04899262,59.82691163,256.8121411,239.6572788,197.9241524,61.94391848,31.82232944,57.735458,41.35971663,-0.7998010306,-40.56092271,-41.12071538,1.010604088,40.1090663,260.1726949,231.5093186,197.0104176,14.92724689,11.86595985,16.00145078,256.1949117,239.0932747,197.7983262,15.23823252,21.53397181,9.121131311,0,-109.3670554,122.128767,-78.88529493,29.07851008,151.4625301,0.9976947466,-108.7237834,120.7027212,74.32145341,-130.7066641,2.640083145,49.97753912,49.97949052,4401.196272,3915.14847,290.248186,-106.3039139,3.8636193,1
8464,48,24,24,1,1,1,1,0,1,1,1,1,1,1,1,253.4002554,237.4797855,200.9601745,8.274455199,10.61152553,3.813471133,255.1346193,236.8384333,201.8219457,8.764455704,6.308717131,8.442929053,6.857995726,-5.225630549,-1.632438335,-6.800326516,5.146315017,1.65392927,253.3780012,237.4731943,200.9612686,4.519601606,9.100324127,3.185080362,255.1262963,236.841656,201.8229615,5.43737199,3.297962591,8.17724179,0,-108.6979013,119.8954486,52.0154635,-122.4945568,65.69526212,-0.1452735175,-108.6916843,120.4713194,-41.13682559,-68.45718498,138.3229956,49.98396068,49.98396143,3212.489711,3202.959766,64.06634613,-131.1287087,3.9230864,1
8465,48,24,24,1,1,1,1,0,1,0,1,1,1,1,1,253.3916429,237.4863313,200.9596078,8.318736214,10.64204941,3.758472834,255.1268374,236.8333157,201.8379557,8.784127382,6.359068715,8.464270123,6.876667216,-5.270026615,-1.606736327,-6.818600486,5.190670264,1.627828975,253.3691652,237.4796318,200.9606799,4.559033508,9.110038723,3.151969938,255.118324,236.8365466,201.8388676,5.435063725,3.32401206,8.212139905,0,-108.6983502,119.8924562,51.95783848,-122.739118,65.2214813,-0.1490718429,-108.6891967,120.4708467,-41.55720693,-67.92975975,138.1536813,49.98395424,49.98396539,3212.971881,3202.904978,63.97506238,-131.0704713,3.8353793,1
8466,48,24,24,1,1,1,1,0,1,1,0,1,1,1,1,252.0291274,238.5884342,202.2234947,8.719523796,22.5648029,19.8812394,252.6701835,237.7370603,204.6602671,5.456401032,22.22871947,22.13310937,-0.1838672005,15.07249713,-14.8891023,0.2174462,-15.27677905,15.05903079,251.8519057,238.2966529,201.6675068,7.642497424,8.119383826,0.8953618867,252.4272415,237.491336,204.0670414,3.551299794,6.89671038,9.383689516,0,-108.5491042,119.5817104,27.44069895,-145.469376,-172.2206509,-0.4363872163,-108.1719619,120.0124353,-89.29744467,-63.75490456,114.5039664,49.98338542,49.9832139,3316.415125,3351.412766,54.08212334,-117.8944571,4.0243272,1
8467,48,24,24,1,1,1,1,0,1,1,1,0,1,1,1,256.5428408,237.969574,196.4022405,73.06924477,37.71331525,68.09309253,263.7284224,230.6891429,200.2688119,73.27597375,31.99703039,70.04142053,47.82726475,-1.229053073,-46.59827411,-47.88491603,1.059742384,46.82507541,255.754829,237.1936846,196.2172271,18.10158006,24.15746253,12.14987429,261.6381931,230.2482684,197.5464933,17.89376539,14.62952451,19.36746096,0,-110.1003132,119.31891,76.71708807,-134.7350833,-7.966054603,-1.126759253,-110.5674218,121.3423334,-80.90185787,26.91009839,149.5212766,49.97616499,49.97600696,4737.899208,4777.455739,248.8700336,207.8826296,4.1006507,1
8468,48,24,24,1,1,1,1,0,1,1,1,1,0,1,1,257.7822977,239.6672982,196.364817,15.9925537,17.68950627,4.552114492,259.1744268,238.4409561,197.0570221,15.80987332,15.01787013,9.142706397,12.61976254,-11.34969961,-1.269448082,-12.38802572,11.1379749,1.250643564,257.184007,238.3209095,195.3833942,4.962376657,9.381048357,2.96827534,258.8505441,237.4877491,196.3193468,5.240168408,3.672568523,8.459863888,0,-110.8571929,118.7853674,48.38754503,-128.1443668,55.28162611,-0.1799365926,-110.8127884,119.4183613,-45.33264949,-62.38892732,137.1206202,49.98309905,49.98425307,3420.376045,3098.803811,96.712339,-126.3079324,3.8229791,1
8469,48,24,24,1,1,1,1,0,1,1,1,1,1,0,1,426.8780305,277.1926532,194.4649374,23.23588993,25.09425633,13.2428065,428.8209416,281.967318,201.6397474,21.03924792,25.95339265,17.21648413,18.90079541,-22.75360825,3.852411446,-11.49322857,20.3246293,-8.831659588,311.8851628,242.2548893,128.5272707,9.262938589,8.463642393,6.03741565,317.5328345,248.0176595,132.4968098,15.41736607,15.57408432,10.63378205,0,-132.3102303,114.6339914,120.4490456,-32.27664406,-124.7355112,0.1350589735,-132.2344939,114.9255043,-31.18215956,-164.7023195,85.42868907,49.97187025,49.97359526,5417.851703,5495.190194,926.085831,-514.3013876,5.4963572,1
8470,48,24,24,1,1,1,1,0,1,1,1,1,1,1,0,251.280819,239.0564091,201.5432692,26.01437719,21.44062401,7.570776211,251.5853772,240.0109181,202.3761471,25.91487287,21.45333001,7.559695474,24.63053347,-19.56806816,-5.06252288,-24.57873741,19.51799383,5.060689025,251.2110546,238.9934551,201.469628,3.585396805,5.606500662,4.830958543,251.520027,239.9327924,202.2917712,3.227890087,5.850854658,4.821201026,0,-108.7897266,119.0840364,-3.114580563,-111.1730857,119.0145961,0.03975558152,-108.6676005,119.1805216,3.295562329,-106.7629377,118.8766354,49.98317538,49.98318629,3367.307227,3359.005452,93.97957727,-98.53797662,5.3810008,1
8471,48,24,24,1,1,1,1,1,0,1,1,1,1,1,1,253.4012328,237.4792066,200.9561063,8.267542979,10.59610787,3.827456146,255.1321078,236.8437079,201.8143846,8.760310406,6.295324044,8.430357937,-6.855785366,5.209518262,1.646191902,6.797872627,-5.131836958,-1.666116948,253.3788437,237.4726152,200.957191,4.506075056,9.090501344,3.191640525,255.1237788,236.8469234,201.8153832,5.430190523,3.294630265,8.16027175,0,-108.6992819,119.894665,51.93376979,-122.4244493,65.97254977,-0.1442218897,-108.693569,120.4687654,-40.99782786,-68.71353769,138.3332173,49.98396207,49.98396047,3211.850912,3203.545869,63.59466785,-130.5537776,5.4735913,1
8472,48,24,24,1,1,1,1,1,0,0,1,1,1,1,1,254.4728809,235.6215217,201.9709158,6.62744131,10.94271979,6.500144254,255.3175155,235.0510981,203.9388834,3.931361439,9.709377772,10.81116046,1.267930879,-7.544564964,6.27654693,-1.259923946,7.596585197,-6.336741337,254.4646227,235.6239729,201.9714868,6.375528973,7.799605013,1.033918511,255.3085803,235.0354672,203.9182417,3.492477213,5.8826073,8.654393412,0,-108.042516,121.0470533,29.98262904,-137.5502077,123.322951,-0.3153795776,-107.7631628,121.4804996,-66.79171063,-67.56470731,120.7680231,49.98394812,49.98395198,3213.855136,3205.864633,48.41765453,-142.4057853,5.5012659,1
8473,48,24,24,1,1,1,1,1,0,1,0,1,1,1,1,253.7568409,240.8995193,198.2085653,59.93862003,61.45779272,24.60401695,252.2884274,237.0445021,205.4676327,58.32064328,61.22712824,30.17392164,-40.214568,40.10183443,0.1125131158,39.88739176,-39.81082349,-0.07677637328,251.9116844,239.5275195,197.8134513,15.76972271,15.46326254,11.48914109,252.112251,236.6258726,204.6943387,10.61973049,17.12149391,20.61731132,0,-109.9767946,118.2532527,31.53067025,172.6077457,-84.53254196,-1.228113518,-108.6185077,119.3329572,-128.5053781,-47.93736304,105.9407395,49.9778073,49.97891118,4414.971513,4085.233656,296.0478206,-50.46098456,5.6259115,1
8474,48,24,24,1,1,1,1,1,0,1,1,0,1,1,1,255.2624537,237.3852853,198.3794076,12.43632828,13.89135991,3.669438713,257.4873205,236.8049139,199.2741303,13.25755897,11.00353481,9.222036799,-10.09792423,9.28032868,0.8171114161,9.952473568,-9.137312579,-0.8156741414,255.1275484,237.1766046,198.2453126,4.526729977,8.838285609,2.943193797,257.3787064,236.6350676,199.1848204,6.652842024,3.127111939,8.958002395,0,-109.5927101,119.6055545,67.16520691,-120.5350252,48.97791303,-0.1135562059,-109.6218987,120.2909725,-38.9765905,-78.03672771,137.7159875,49.98443038,49.98324905,3115.040153,3360.474424,101.1965633,-145.186453,5.4797196,1
8475,48,24,24,1,1,1,1,1,0,1,1,1,0,1,1,256.6761989,238.1328679,196.7237734,70.16213194,36.432204,65.2560376,263.4030316,231.1347405,200.1875149,70.32800265,30.61672053,67.12366184,-46.13994918,1.248470551,44.89140748,46.19732853,-1.086704018,-45.11070632,255.9468769,237.419429,196.5481199,17.3348723,23.75323204,11.30037233,261.4533184,230.7205243,197.6502235,16.9842834,14.16462614,18.3353832,0,-110.0635725,119.34109,75.04015978,-134.1593039,-4.742678055,-1.078734412,-110.5286434,121.2462175,-81.48465171,27.24535178,150.2867762,49.97709172,49.97658508,4467.86304,4632.27918,185.6950914,179.3134976,5.5057692,1
8476,48,24,24,1,1,1,1,1,0,1,1,1,1,0,1,251.269202,239.0441016,201.5463548,26.04028679,21.46512609,7.569980181,251.5841296,240.0157322,202.3751489,25.95346631,21.49357202,7.559120657,-24.66125256,19.59896337,5.062230061,24.60956811,-19.55012678,-5.059504025,251.1996771,238.9813816,201.4730671,3.538224538,5.575659839,4.830917724,251.5184421,239.9369105,202.2912195,3.276527159,5.87854388,4.821336585,0,-108.7856184,119.0871261,-3.394538162,-110.7682512,119.0119128,0.04391533861,-108.6646949,119.1841869,3.507415215,-107.1607697,118.8859157,49.98318756,49.98316923,3367.162169,3361.395108,94.67016236,-98.94367641,5.3415213,1
8477,48,24,24,1,1,1,1,1,0,1,1,1,1,1,0,427.0561191,277.2951608,194.7472633,23.29643951,25.22959642,13.99306256,428.6612776,282.1387145,201.8547807,20.86803699,26.40159453,17.48807317,-19.1749349,22.62305479,-3.448119894,11.76339678,-20.19982828,8.436547825,311.9530275,242.3281634,128.7544713,8.467498937,8.35854731,6.098501619,317.2749885,248.1335444,132.6383774,14.7595132,15.82720509,10.4081351,0,-132.2693525,114.6539056,120.9808026,-29.20864058,-129.9385031,0.1607996666,-132.1537947,114.8550202,-29.44571668,-163.2566676,82.71949567,49.97023438,49.97530853,5467.379469,5454.056561,898.6293669,-492.3599355,5.2746592,1
8625,24,96,64,1,1,1,1,1,1,1,1,1,1,1,1,191.9347595,228.1635925,279.3476314,4.849192491,1.789784771,3.009724357,192.582755,228.2138271,279.7323112,4.353172492,2.066055342,3.117637074,0.0008634660766,0.0005136402327,-0.001292249716,-0.0007775570248,-0.0006566336646,0.001514687876,191.9314053,228.1633939,279.3492955,4.84878662,1.788878137,3.00927795,192.5793942,228.2136406,279.7339871,4.352754569,2.065301329,3.117230479,0,-142.721655,114.1449932,-2.442829984,-152.8855019,118.13948,0.09087455719,-142.6760256,114.1617925,2.417611662,-133.9927547,110.1630443,49.98913949,49.98914296,2174.573263,2168.7977,-73.28500551,-172.8328285,5.5634393,1
8626,24,96,64,1,1,1,1,1,1,0,1,1,1,1,1,191.9158306,227.4251497,279.9644714,8.146928988,8.623592344,5.567898932,192.6155782,225.9057654,281.6105283,3.534315438,7.652755269,8.724640348,1.457309424,-6.807405381,5.350176728,-1.44218875,6.824285275,-5.382003573,191.911773,227.4245171,279.9640947,7.905543112,5.15533528,1.04347318,192.6103155,225.8932226,281.5997867,2.942633931,3.247186419,6.772422679,0,-142.5176749,114.2690912,17.53789809,178.5298151,-121.7916734,-0.3866802725,-142.4379491,114.4795591,-55.61781633,-48.44243344,106.947297,49.98904686,49.98904403,2193.041799,2188.600757,-74.68707546,-172.6133385,5.5781242,1
8627,24,96,64,1,1,1,1,1,1,1,0,1,1,1,1,191.9182191,227.417544,279.9690604,8.140299961,8.642531096,5.58717924,192.6170533,225.9017634,281.6176248,3.537857204,7.675458254,8.734050799,-1.463347518,6.831172036,-5.367758423,1.448383172,-6.848425665,5.400105078,191.9141566,227.416898,279.9686758,7.896111373,5.153310987,1.034587051,192.6116465,225.8889639,281.6067072,2.93997371,3.246742451,6.767125356,0,-142.5162109,114.2716381,17.4964935,178.5174934,-121.7574921,-0.3863939848,-142.4357399,114.4814397,-55.4084657,-48.48025857,107.0094206,49.98904162,49.98904852,2193.982522,2187.768405,-74.18975824,-172.99121,5.5638087,1
8628,24,96,64,1,1,1,1,1,1,1,1,0,1,1,1,192.2744239,228.3179408,279.146467,4.619050891,4.108143507,7.347725488,193.9758349,228.9671332,278.3326508,8.368781083,3.19078162,6.351289102,4.088440874,1.332456272,-5.420819008,-4.11974624,-1.324201473,5.444022149,192.2704932,228.3166117,279.1473478,2.037791588,3.741890167,4.880156976,193.9650803,228.9653866,278.3257116,7.252519601,2.706722776,3.148840459,0,-142.9314117,114.1822515,13.13388034,-101.0886897,83.25709,0.3028950501,-143.1713357,114.2832581,-3.72528488,149.2521807,166.8356452,49.98906548,49.98906532,2189.840186,2183.86453,-80.70816617,-180.0802116,5.3983296,1
8629,24,96,64,1,1,1,1,1,1,1,1,1,0,1,1,192.2697142,228.315835,279.1528109,4.636713586,4.108566546,7.357461087,193.9684799,228.961739,278.3366006,8.368344864,3.189110981,6.360312261,-4.102267677,-1.331760561,5.434104947,4.133671236,1.323373016,-5.456980999,192.2657985,228.3145279,279.1536784,2.046400645,3.741425908,4.879439686,193.9577208,228.9600742,278.3296528,7.243126289,2.703378494,3.142929601,0,-142.927907,114.1825037,13.04626579,-101.1368408,83.32902289,0.3026283363,-143.1681973,114.2835187,-3.721632733,149.2396719,166.8087334,49.98906718,49.98906333,2189.560747,2184.120535,-81.09893702,-179.6656212,5.3325361,1
8630,24,96,64,1,1,1,1,1,1,1,1,1,1,0,1,191.5593792,228.6815005,279.1446459,9.802382944,5.565419622,6.118574154,190.7368468,229.3822817,280.0352512,7.907666737,7.618020196,4.110516071,-6.441091055,5.055042567,1.386155177,6.464621821,-5.081882324,-1.382645126,191.5557594,228.6786269,279.1457543,7.271461057,2.126431661,5.824606304,190.7214286,229.3672803,280.0352982,4.361423856,5.595465607,3.659864321,0,-142.6249675,113.9839101,-28.05895568,78.53984076,149.4105486,0.2200339228,-142.2333758,113.6992794,51.16408985,-128.053359,45.91440627,49.98908225,49.98909195,2185.428355,2179.622749,-79.40620056,-177.6058049,5.4762767,1
8631,24,96,64,1,1,1,1,1,1,1,1,1,1,1,0,191.5604115,228.6759676,279.1462679,9.758331662,5.498403696,6.11150799,190.7412153,229.3738362,280.0379743,7.855229933,7.565741547,4.114321059,6.386500098,-4.985926554,-1.400486105,-6.409772835,5.012300822,1.397558885,191.5567957,228.6731189,279.1474015,7.26509991,2.122947593,5.814366613,190.7260146,229.359139,280.0379767,4.355247499,5.590023638,3.659613414,0,-142.6245131,113.9854623,-27.99929859,78.67367572,149.4338442,0.2194221946,-142.2333345,113.7017612,51.0619743,-128.0234704,46.0807337,49.98908402,49.98909203,2184.769561,2179.863668,-79.2905663,-177.6633909,5.2588226,1
8632,24,96,64,0,1,1,1,1,1,1,1,1,1,1,1,191.9100782,225.69245,281.2598532,3.728324916,7.706070338,8.739937225,192.6984204,227.3196167,280.2486247,8.064496794,8.642683721,5.709276813,-1.52251653,7.024770058,-5.50215646,1.534730509,-6.997002181,5.462375852,191.9045725,225.6770575,281.2500265,3.123244943,2.939915094,6.658706947,192.6937774,227.3185685,280.2488509,7.802885015,4.934429629,0.9986635414,0,-141.8944349,114.8580149,-54.55794558,-48.1409193,107.0505575,0.5791712699,-141.9312968,114.7084821,19.04376671,-178.4273931,-128.0659481,49.9890399,49.98903724,2195.103637,2189.334819,-67.47578993,-169.1408337,5.3581295,1
8633,24,96,64,0,1,1,1,1,1,0,1,1,1,1,1,198.5549409,409.1152535,322.2562573,18.99112669,19.08051222,24.69508611,193.7748283,408.6276922,318.9456909,16.8561356,20.52022073,23.58372314,-8.08649016,-9.6125918,17.70064438,3.862348426,14.4429072,-18.30359956,137.8036548,274.8143809,290.4250636,9.986307691,11.91219074,11.76282572,135.0656746,270.7237386,286.8542222,6.450611293,8.583352428,7.512968026,0,-131.5179484,99.00672551,-39.65853897,-166.5004688,63.93610729,0.2827055432,-131.5758945,99.0047389,100.1450489,-4.145183953,-144.881506,49.9762454,49.98728957,4004.575859,3223.764223,-715.5796482,241.9697373,5.0453245,1
8634,24,96,64,0,1,1,1,1,1,1,0,1,1,1,1,192.9249089,222.1090358,283.3865688,7.225747988,31.34582092,26.46620313,193.7225928,222.1440799,283.6778842,7.217302699,31.31311095,26.46207561,-4.658215935,29.58804396,-24.92979279,4.655649549,-29.56661817,24.91100378,192.813746,221.9929706,283.2835757,4.620301951,1.94434783,3.028282229,193.6007764,222.03927,283.572823,4.617162285,1.75992758,3.172091029,0,-141.2923934,115.792763,-0.05807146397,-144.1364219,113.7400878,0.09674368493,-141.2821279,115.8299995,-0.2185698669,-138.2535601,117.6405583,49.98786037,49.98785292,2429.781609,2426.982218,-22.55903516,-122.6327678,5.3554198,1
8635,24,96,64,0,1,1,1,1,1,1,1,0,1,1,1,190.690225,225.7650051,282.5119627,12.38760434,36.23504315,37.10383055,194.9969348,226.4188907,280.0012734,17.6755792,35.78557292,36.84591936,-0.6061259518,25.18014959,-24.57650622,0.578689152,-25.07295179,24.49232407,190.5420077,224.9790694,282.0002453,5.061778876,7.936253843,8.580375145,194.8009802,226.352594,279.8790027,13.5086108,6.378914403,8.326245314,0,-141.3434759,114.9533044,141.6959224,-89.29363356,48.53415661,0.6231896038,-142.0010541,115.4012084,-13.34662585,118.539751,-174.0668727,49.9858998,49.98831342,2722.660495,2274.991191,36.68270858,-203.9233153,5.3710204,1
8636,24,96,64,0,1,1,1,1,1,1,1,1,0,1,1,192.5986718,227.3258341,279.7366559,8.158113051,4.573806966,10.02488192,194.6307922,228.0225019,278.8063462,11.17088925,3.414276861,9.437662869,-7.291351304,-0.6958967316,7.987390566,7.342914531,0.6889863152,-8.031753213,192.5894105,227.3200361,279.7321145,1.802150403,4.30431437,5.013072908,194.5942777,228.0170036,278.7785931,7.790767509,3.045110098,3.612994894,0,-142.7874389,114.4729712,32.8942585,-99.35706164,78.19115977,0.3142800701,-143.0895828,114.6152693,-7.262727267,139.8775317,169.5780076,49.98910096,49.98885914,2185.252652,2227.630815,-84.73000718,-168.8620164,5.3151022,1
8637,24,96,64,0,1,1,1,1,1,1,1,1,1,0,1,189.3346844,228.1893827,280.8066951,50.06123331,52.34581838,23.59062813,192.2609691,233.8956854,276.3309028,51.81423486,52.8104767,20.27341462,-34.98330228,34.98502436,-0.001341687229,35.12108093,-35.0597166,-0.06099557908,189.2551716,227.8118296,280.4923823,7.207475558,11.22180132,15.05925004,190.8239532,232.462254,276.1032709,14.59950661,12.45198045,9.321963812,0,-141.4542708,114.1552841,-127.0046142,-42.01801208,98.43671045,1.450763867,-141.9567531,113.6851493,23.42053754,155.6351599,-91.58048575,49.98607337,49.98436821,2658.705703,3078.364568,-11.80631301,-40.36634569,5.6035234,1
8638,24,96,64,0,1,1,1,1,1,1,1,1,1,1,0,190.9987379,226.0670591,281.5817651,3.406096077,12.81821732,13.67146416,191.9297033,227.7105794,280.369656,8.410294079,13.33693395,11.84508055,-1.24593027,9.530549754,-8.284498295,1.248038111,-9.476200979,8.22827223,190.9793856,225.9689678,281.5034231,2.821777919,3.281021878,6.829063515,191.9162409,227.6946874,280.3530368,8.194154853,5.067893559,1.393117197,0,-141.5583456,114.7077074,-61.71194603,-50.13769471,103.812619,0.6196159834,-141.6277614,114.5736843,17.68256159,178.0402416,-131.6194487,49.98892408,49.98889087,2220.277132,2219.578044,-64.17416635,-169.9260997,5.3338968,1
8639,24,96,64,1,0,1,1,1,1,1,1,1,1,1,1,191.91565,225.6866711,281.2604411,3.725804231,7.702560682,8.733168655,192.7055313,227.3126272,280.2472141,8.061924144,8.639270884,5.701206732,1.524110204,-7.019754877,5.495728397,-1.536100597,6.991814465,-5.455637202,191.9101394,225.6712967,281.250679,3.11994083,2.941842369,6.656411119,192.7008832,227.3115684,280.2474693,7.800145784,4.93495121,0.9952855257,0,-141.8955774,114.8602446,-54.48216035,-48.15865066,107.0746848,0.5792164315,-141.9329808,114.71117,19.01127519,-178.4528672,-128.088748,49.98904413,49.98903292,2194.129062,2190.373517,-67.63069755,-168.9545837,5.2531297,1
8640,24,96,64,1,0,1,1,1,1,0,1,1,1,1,1,192.9232679,222.125553,283.3701893,7.22430787,31.22659624,26.3478138,193.7198552,222.1625963,283.6679942,7.216091252,31.19382645,26.34520317,4.658923662,-29.48149774,24.82258187,-4.656109313,29.46020482,-24.80408828,192.8122638,222.0104428,283.2685959,4.620108864,1.946462452,3.023962065,193.5995926,222.0594064,283.5639681,4.617292738,1.758517409,3.176295001,0,-141.2979497,115.788452,-0.04514492424,-144.24876,113.6900009,0.0966164108,-141.2863511,115.8254177,-0.2315602616,-138.1337812,117.6743268,49.9878881,49.98785115,2429.009533,2425.805207,-22.28331082,-123.1382317,5.4066735,1
8641,24,96,64,1,0,1,1,1,1,1,0,1,1,1,1,200.2289949,410.8902602,323.0467808,16.26454535,16.55767259,21.99863075,196.8437007,410.6449327,320.257678,14.06000307,17.6323665,20.65074383,6.766021808,7.123361638,-13.89144889,-2.462430087,-12.02887356,14.48961762,139.3553541,272.601088,291.0339326,8.299305791,10.07439585,10.65737812,137.4209203,269.4174351,287.9432315,4.647286286,6.317391224,6.075361974,0,-131.2480966,99.92297072,-34.20133627,-157.1639435,69.66614336,0.1967205867,-131.4177526,99.87411203,92.77860562,4.71482998,-141.9142349,49.97392614,49.98993578,3711.662908,3473.971272,-675.5043774,180.7319172,5.5511056,1
8642,24,96,64,1,0,1,1,1,1,1,1,0,1,1,1,192.5768922,227.5467808,279.597123,6.689582306,4.389214564,8.895855854,194.4438528,228.2290127,278.6215707,10.0057624,3.23831083,8.02574308,6.029710227,0.8352878818,-6.864860836,-6.073502546,-0.8294691002,6.903094244,192.5714214,227.5439517,279.5954067,1.770534261,4.184387526,5.208918091,194.4193479,228.2262782,278.6024129,7.610425598,2.955678069,3.449256532,0,-142.8327749,114.4144222,20.86955987,-99.87697751,80.02009114,0.3214240339,-143.1213626,114.5346265,-4.803899388,141.5584917,172.8295041,49.98900665,49.98901755,2201.542043,2193.51266,-81.33039556,-176.3263437,5.7573884,1
8643,24,96,64,1,0,1,1,1,1,1,1,1,0,1,1,188.584085,225.464814,284.4708668,24.45759823,59.02525783,61.03486256,195.7969647,224.4545369,279.8983673,29.06614497,58.29691965,60.88712964,0.1414299446,-39.85065101,39.70944918,-0.08962136655,39.68052233,-39.59068754,188.2308996,223.4949035,283.2155613,11.40209976,13.47076702,14.15025286,195.1960159,224.2820637,279.5039574,19.19145692,11.08074928,14.7701364,0,-140.2277471,115.0516649,138.7445086,-97.07672661,31.88539854,0.679271279,-141.5448894,116.0041687,-22.95615485,96.39731487,-172.5741458,49.98340704,49.98366112,3309.545576,3223.646214,168.1844947,-45.6229056,5.618376,1
8644,24,96,64,1,0,1,1,1,1,1,1,1,1,0,1,191.0473554,225.8996753,281.7433589,3.681629193,11.85138321,12.70977129,191.9433662,227.4732835,280.5664963,8.317659037,12.43505913,10.78891005,1.41125128,-9.53157187,8.120657669,-1.412300177,9.47624381,-8.063600136,191.0101743,225.7960716,281.6486656,2.841411571,3.196323836,6.675970749,191.9207757,227.4526869,280.5349596,7.986946692,5.07431437,1.101854063,0,-141.5104808,114.7502779,-57.48024978,-48.53023657,105.947846,0.5957420842,-141.5825434,114.6181933,17.47772122,179.4398519,-131.3002822,49.98896991,49.98891306,2204.941124,2213.172531,-70.48401971,-161.4254201,5.8787296,1
8645,24,96,64,1,0,1,1,1,1,1,1,1,1,1,0,188.8665853,228.2873171,281.1361325,54.13410247,57.37383872,27.25806535,192.2710153,234.3484624,275.6290195,55.96114166,57.76945996,23.99407309,37.58510121,-38.16220964,0.5777153281,-37.73011699,38.23384799,-0.5031168696,188.7713885,227.7689024,280.6936167,8.058158475,12.85381763,16.9877575,190.6014586,232.6859822,275.3489095,15.67104356,13.72762219,11.36724428,0,-141.2456333,114.131744,-132.4615866,-46.59719342,95.43353431,1.56878486,-141.9488105,113.6453723,22.50638007,149.5498643,-94.30228227,49.98474703,49.98377419,2955.233183,3214.021298,-2.295620315,32.88918928,6.5426586,1
8646,24,96,64,1,1,0,1,1,1,1,1,1,1,1,1,193.0387159,228.7800195,278.3248341,8.174533859,3.165989792,5.832507828,192.7837123,228.3521491,279.7107516,4.171282232,4.266097242,6.76575052,-3.582257507,-1.188384529,4.770745023,3.537421563,1.197971859,-4.73527941,193.0314187,228.7785828,278.3184377,7.323595491,2.803774418,3.26872641,192.7801982,228.350427,279.7113457,2.129438025,4.002109265,4.772882313,0,-143.382447,114.0600908,-6.758836171,143.9807075,164.9721802,-0.08009927453,-143.0912854,113.9993306,22.83750638,-101.3310958,81.82261838,49.98907678,49.98907374,2187.775732,2182.098278,-80.4847983,-180.8337634,6.5424751,1
8647,24,96,64,1,1,0,1,1,1,0,1,1,1,1,1,191.9492119,227.4177964,279.9503064,8.170989116,8.713474503,5.735398183,192.6184,225.9018539,281.6194428,3.462453362,7.785369451,8.827075655,1.437400553,-6.890134118,5.452824624,-1.423234188,6.90753397,-5.484222541,191.9450648,227.4168727,279.9499804,7.937514489,5.134415718,1.10265768,192.6130413,225.8885551,281.6083088,2.873742934,3.28740998,6.774110365,0,-142.5298795,114.2736088,17.08132482,177.6938529,-124.3446965,-0.3878347051,-142.4421686,114.478902,-55.84107324,-49.6040149,106.3063379,49.98903663,49.9890472,2194.389836,2188.805783,-74.21399211,-172.8876252,5.8037051,1
8648,24,96,64,1,1,0,1,1,1,1,0,1,1,1,1,194.354862,226.4124112,279.7549101,15.58482597,3.579887589,13.90909413,193.6502023,225.995494,281.217263,13.40461886,5.139472265,14.17736238,-9.097511236,-0.5086873783,9.606351466,8.973642768,0.5169263087,-9.4904754,194.051838,226.2780824,279.5959305,7.875575264,3.151041023,3.979711121,193.5054909,225.9042655,281.1747069,2.054846371,4.851060566,5.179965249,0,-143.0965909,114.7945196,-10.28975019,128.4296453,171.705978,-0.0643346299,-142.710628,114.6862211,41.84469946,-102.4928235,74.57300356,49.98885609,49.98873726,2237.08189,2236.671566,-75.17411792,-170.9078093,6.9764462,1
8649,24,96,64,1,1,0,1,1,1,1,1,0,1,1,1,253.6478412,219.0432612,437.9449589,23.46550028,15.16013268,20.30939899,256.9239597,223.8170044,439.5598133,23.55621995,16.44783286,19.03368746,-18.15296996,3.78265755,14.37212979,14.59191457,-5.96346414,-8.625994881,212.0660183,139.2785082,333.3273818,6.200081074,5.320272277,6.436583773,216.7073442,142.0262859,337.5107577,12.99507977,7.303461666,11.76572459,0,-123.5102125,135.2982567,101.8726536,18.37726008,-107.3200867,0.1673947607,-123.1657247,135.3879426,-27.85533747,-150.1818037,106.2323846,49.97973138,49.97792095,4459.892228,4025.668952,1148.076146,6.533491718,6.615777,1
8650,24,96,64,1,1,0,1,1,1,1,1,1,0,1,1,194.0650724,231.170246,276.115406,19.12767371,4.501996728,22.47707413,194.8701322,231.2823775,276.3585717,19.12188532,4.506824245,22.42799232,-18.04434016,-3.378081928,21.42248583,18.00574551,3.384632977,-21.39032406,194.0167018,231.1213292,276.0804025,4.579761662,1.92716045,3.082640073,194.7967601,231.2306938,276.3310883,4.716852172,1.924814217,2.959726402,0,-144.5527002,113.5974945,-1.3162866,-144.6840024,111.663299,0.1110337284,-144.5410393,113.6251932,1.013392835,-144.5175218,115.4868489,49.98846195,49.98846671,2309.6457,2305.790394,-87.02684305,-185.9674318,6.403529,1
8651,24,96,64,1,1,0,1,1,1,1,1,1,1,0,1,196.0433907,226.6081467,279.041637,48.32815158,19.38316738,47.31641832,192.8152481,230.5249122,278.0188792,48.01729071,21.66268221,45.97072146,-31.78909708,-0.05923325245,31.84864149,31.5665567,0.06410081918,-31.63034638,195.018809,226.2663632,277.9358742,11.71561072,9.984883942,12.58260717,192.601542,230.0350023,277.9144252,12.4920259,13.77392418,7.884069742,0,-143.6644772,114.9734712,-71.86707189,32.74151705,144.109348,1.152477835,-142.7607308,114.1120611,63.18966979,-146.1667851,-13.53296305,49.98533513,49.98580792,2919.841088,2798.916947,59.45482201,-123.6836491,5.5124082,1
8652,24,96,64,1,1,0,1,1,1,1,1,1,1,1,0,191.531613,228.7603629,279.1031282,9.965479841,5.864251839,6.164802305,190.6901841,229.4807213,279.9927951,8.106381659,7.871578139,4.111863261,6.621798548,-5.301959878,-1.319763143,-6.646967573,5.329935283,1.317114513,191.5278558,228.7571109,279.1042435,7.301354148,2.167616574,5.886950404,190.6737751,229.4638464,279.992813,4.402987129,5.653859143,3.683147887,0,-142.6341515,113.9619415,-28.44165889,77.31769836,149.4724715,0.2242021254,-142.2389234,113.6718748,51.68093286,-128.2961997,44.96662981,49.98908458,49.98908125,2185.683993,2181.089922,-79.81555852,-177.9151266,5.3878142,1
8653,24,96,64,1,1,1,0,1,1,1,1,1,1,1,1,193.0384838,228.7757018,278.3262184,8.168831608,3.162083126,5.822572753,192.7826151,228.350112,279.7150562,4.161158025,4.267416559,6.755797794,3.570811844,1.184859815,-4.755573905,-3.525913118,-1.194661494,4.72067445,193.0311947,228.7743175,278.3198766,7.323368615,2.801022421,3.27280411,192.7791141,228.3483806,279.7156669,2.130469917,4.004682531,4.773463453,0,-143.3815298,114.0610625,-6.772673205,143.8970806,164.990772,-0.08059222395,-143.0900166,113.9996359,22.87526971,-101.3900418,81.77364869,49.9890767,49.98907404,2187.416813,2182.327974,-80.41477118,-180.8637531,5.4220214,1
8654,24,96,64,1,1,1,0,1,1,0,1,1,1,1,1,195.6077442,224.4004498,281.564575,16.19882596,4.371254697,14.76380537,194.8839157,223.7944731,282.8505529,14.08088036,5.352889457,14.92402512,11.79916622,0.584488551,-12.38357795,-11.61734975,-0.5950527873,12.21250455,194.7768321,223.8924812,281.2582831,7.794681129,3.077573105,3.644495561,194.2931054,223.4170614,282.6716451,2.047383792,4.367026166,4.786466601,0,-142.6416007,115.4834133,-9.450747432,138.223412,166.2547286,-0.07321754518,-142.3005435,115.394695,37.40114784,-98.73862569,79.1895556,49.98831992,49.98910962,2348.259179,2161.251434,-57.94906958,-170.0382005,5.4133072,1
8655,24,96,64,1,1,1,0,1,1,1,0,1,1,1,1,194.5052035,224.3980113,280.4539818,27.56591953,55.7698082,58.13143541,189.2434068,225.3243073,285.4759224,22.71370618,56.41040714,58.19207258,-0.3655441101,37.99213805,-37.62643218,0.4325867339,-38.10812315,37.67570265,194.0391081,224.2294444,280.0865086,18.63042055,10.80830956,13.96482453,188.909158,223.4896695,284.3144075,10.70240964,13.07931483,13.493691,0,-142.5871079,115.1481664,-22.88056999,97.87057084,-172.413172,-0.4745493919,-141.2911821,114.3233172,137.9480355,-96.41463879,33.46232537,49.98426061,49.9838148,3106.099422,3215.933615,34.76543043,40.05841448,5.1944786,1
8656,24,96,64,1,1,1,0,1,1,1,1,0,1,1,1,194.0707268,231.1780677,276.1113735,19.17339554,4.502918129,22.52323493,194.8749517,231.2888262,276.3512188,19.16595677,4.5077648,22.47391203,18.084739,3.377859355,-21.46255176,-18.0460946,-3.384542091,21.4306888,194.0216948,231.1284553,276.0760268,4.583087628,1.927215516,3.083691428,194.8010053,231.2368177,276.3234945,4.71375011,1.924869771,2.958347454,0,-144.5559783,113.5966801,-1.312323054,-144.683073,111.7203641,0.1115174518,-144.5446194,113.624522,1.011527849,-144.5252914,115.4274459,49.98846453,49.98845834,2309.495133,2306.021846,-87.05032258,-185.9711819,5.2473035,1
8657,24,96,64,1,1,1,0,1,1,1,1,1,0,1,1,252.1758977,211.818865,435.9697558,28.68538585,16.06302839,25.00442284,256.4601048,219.4056384,438.1535997,28.43098561,17.95829889,23.3268595,26.16017863,-6.392449948,-19.76718614,-22.6389549,8.488261445,14.15119107,211.2600551,135.5760461,335.1893555,9.756550117,8.645614084,10.87754164,217.534382,139.6293458,341.2050568,16.55473687,10.55712793,15.93902304,0,-121.7077861,136.0362863,112.0918004,21.18906204,-103.5550175,0.1342720985,-121.2698594,136.0931332,-33.09592149,-151.2657876,99.98105846,49.97798846,49.97953885,4262.978535,4236.443609,1365.4952,-178.1545008,5.2041454,1
8658,24,96,64,1,1,1,0,1,1,1,1,1,1,0,1,191.5325767,228.7533986,279.103428,9.942923708,5.819729607,6.156286455,190.6937535,229.4685377,279.9917725,8.078459201,7.83123892,4.110236865,-6.596102476,5.2662187,1.329983895,6.621325678,-5.294252044,-1.326973355,191.5288021,228.7501799,279.1045492,7.297607159,2.159227013,5.874376236,190.677429,229.4519253,279.9917787,4.396640898,5.6410693,3.675385598,0,-142.6339287,113.963025,-28.3856241,77.62778688,149.4273931,0.2235200308,-142.2395298,113.6740999,51.61565372,-128.225896,45.13912751,49.98908154,49.98908468,2186.195258,2180.410242,-79.46954492,-178.2259317,5.3830282,1
8659,24,96,64,1,1,1,0,1,1,1,1,1,1,1,0,195.2888232,227.2293429,278.6446146,41.8964467,16.57638268,40.9635254,192.7432675,230.5583665,278.328313,41.62154375,18.89599383,39.76865033,27.95181415,-0.09598797865,-27.85501052,-27.75217992,0.09097905864,27.6620074,194.5041659,226.9523404,277.7897279,10.041837,8.580351041,10.80512302,192.5856342,230.1917453,278.2488032,10.72718925,12.3830143,6.525702329,0,-143.6459623,114.721784,-67.31928426,35.32846041,146.61902,0.9450076702,-142.8117764,113.9917884,59.81316435,-144.2535029,-3.554634912,49.98612992,49.98684968,2736.112657,2571.798766,28.73529685,-164.572439,5.3115658,1
8660,24,96,64,1,1,1,1,0,1,1,1,1,1,1,1,189.9164349,229.431646,279.6143965,8.200170974,7.729308491,4.053317851,192.1454206,228.8873635,279.3630029,9.842214011,5.803605958,6.063138176,6.866679,-5.471744873,-1.394848278,-6.812781905,5.42880399,1.384059272,189.9045152,229.4074902,279.6135904,4.234682762,5.364313698,3.554550208,192.1412891,228.8809062,279.3642695,6.951148706,1.785348786,5.745248,0,-142.2263208,113.6414031,46.74267013,-131.0802491,46.6771826,-0.01349925438,-142.5564814,113.970246,-26.53302119,73.81267195,148.4113779,49.98910004,49.98909328,2183.149158,2178.102797,-79.76499099,-179.9262993,5.4287038,1
8661,24,96,64,1,1,1,1,0,1,0,1,1,1,1,1,190.6945087,233.895776,276.7926667,48.43795622,49.20985074,18.31472661,189.7965778,228.6325834,281.4069957,46.49749312,48.63880087,21.63910654,32.88456434,-32.72611679,-0.1578540855,-32.61898952,32.57726744,0.04229759026,189.6332103,232.3949339,276.5779795,13.80876668,11.79336233,8.367594337,189.7020799,228.2012122,281.1495665,6.432940006,10.47818091,14.13906978,0,-143.2939174,112.5660421,21.97306371,155.9109372,-91.43864364,-1.155020781,-142.8225031,113.0705253,-125.2638684,-42.77325233,98.71026907,49.98499147,49.98655101,2961.113415,2584.634953,29.31240805,-131.6862164,5.4705426,1
8662,24,96,64,1,1,1,1,0,1,1,0,1,1,1,1,190.9847047,227.7511476,280.3055164,8.618499095,14.63423963,13.4326642,191.5001858,226.2815692,282.1636145,3.398714801,14.13193101,15.05343265,-1.265337031,10.36666694,-9.101239638,1.265541283,-10.41652788,9.151090192,190.9527555,227.724065,280.2584206,8.310997748,5.355672135,1.275285687,191.4432818,226.1326099,282.0142777,2.512920159,3.581795944,6.76297027,0,-142.1552153,114.0999506,15.30300119,175.9388684,-131.8360821,-0.420066012,-142.0394359,114.2831725,-63.14938823,-48.9057352,104.1985255,49.98883026,49.98889745,2232.781499,2216.965512,-73.41741887,-168.6983031,5.4518256,1
8663,24,96,64,1,1,1,1,0,1,1,1,0,1,1,1,191.7973829,231.1354214,277.3181837,49.18752474,22.01143861,47.08257475,196.7232402,227.3367152,278.905976,49.21477018,19.72779936,48.26221068,32.4129661,-0.01091949762,-32.40177848,-32.48629428,-0.02068388779,32.50727722,191.5435574,230.6750157,277.2621759,12.50100741,13.85708212,7.908345098,195.4308065,227.0048717,277.9282762,11.47103145,10.05298529,12.62093879,0,-143.7023529,113.286716,61.16703188,-148.4420867,-15.14195783,-0.9671307718,-144.5600593,114.2036654,-73.7589914,29.92991914,142.8433303,49.98569908,49.98522733,2821.031991,2938.051782,-32.5327897,-44.85850794,5.173009,1
8664,24,96,64,1,1,1,1,0,1,1,1,1,0,1,1,189.8961175,229.5104456,279.5702978,8.293448133,7.878474453,4.055883498,192.1488211,228.9523113,279.3133962,9.938644517,5.964692349,6.099200367,6.952804276,-5.614251416,-1.338475541,-6.897186573,5.570170456,1.327106004,189.8839231,229.484881,279.569454,4.260742078,5.418751295,3.583691093,192.1445366,228.9455165,279.3146498,6.995547113,1.834926436,5.799529975,0,-142.2415776,113.6191237,47.47549362,-131.0712572,45.85255323,-0.01671336307,-142.5771684,113.9531253,-26.86575007,73.17324188,148.5742975,49.98910315,49.98908456,2182.996437,2179.419265,-80.35251243,-180.1956243,5.0575159,1
8665,24,96,64,1,1,1,1,0,1,1,1,1,1,0,1,282.9048011,345.5368965,332.7014337,16.68087381,16.05441065,10.43340658,284.1181334,345.7665334,334.6739405,14.12103103,15.35526175,11.38504083,7.060086126,-6.59018916,-0.469416893,-0.04776066567,3.973719586,-3.925769232,221.6468112,280.1947247,230.8537395,6.45050469,1.598017024,2.40404135,223.1690883,280.9103772,232.2161,5.132337869,3.192171363,4.528152585,0,-164.9776117,106.6637453,20.53594456,-147.0287836,170.045669,-0.05103666453,-164.8851428,106.6476199,-26.54344859,-173.8655137,78.24698221,49.97182916,49.986113,4380.759867,4046.144338,-291.974012,-603.1389393,5.0930945,1
8666,24,96,64,1,1,1,1,0,1,1,1,1,1,1,0,186.5414489,230.7326255,280.4654981,36.69606468,32.05188629,6.336532404,187.3276975,230.7755178,280.7715738,36.60590774,32.0228949,6.307670565,34.27063376,-30.51877587,-3.751821253,-34.1984826,30.48064674,3.717854435,186.3694559,230.5172086,280.3441271,4.502036099,1.844515547,3.068738141,187.0765227,230.6096918,280.6525716,4.429575633,2.004625237,3.064261766,0,-140.9520537,113.0328526,-1.796065758,-144.6959198,113.4960713,0.104951824,-140.9263712,113.0572967,1.548700572,-137.588472,112.4449523,49.98759943,49.98757868,2482.227892,2480.244262,-36.3434498,-135.6562193,5.0367349,1
8667,24,96,64,1,1,1,1,1,0,1,1,1,1,1,1,189.9166638,229.4306595,279.6178648,8.168946921,7.70535074,4.061757831,192.1455538,228.8872505,279.3614553,9.819487821,5.770157841,6.061355943,-6.834570258,5.432766104,1.401899692,6.780935723,-5.390262405,-1.390594748,189.9048156,229.4066868,279.6170339,4.229237775,5.36800637,3.563560057,192.1414486,228.8808055,279.3627167,6.952066326,1.790114219,5.742982911,0,-142.2253314,113.6419764,46.73375058,-131.0436976,46.7455741,-0.01247466233,-142.5560026,113.9708334,-26.48806126,73.86089662,148.5082711,49.98910044,49.9890936,2183.569384,2177.599774,-79.94158743,-179.7330511,5.2260493,1
8668,24,96,64,1,1,1,1,1,0,0,1,1,1,1,1,190.9261154,228.3556574,279.8428475,9.114938395,16.09164809,14.69395229,191.3471944,226.6215066,281.9793042,2.944901165,15.61019926,16.41529751,0.6708458801,-10.02770447,9.356942429,-0.6754724856,10.07997247,-9.404407718,190.908607,228.3297185,279.821679,9.015759387,5.817039859,2.018031947,191.3220884,226.4786013,281.8567262,2.626710539,4.168559491,7.455611677,0,-142.3294655,113.9238166,16.27302708,172.015837,-121.967159,-0.5118696614,-142.1900241,114.1239881,-79.14311796,-48.54701288,100.9943071,49.98879291,49.98881282,2243.612508,2238.556137,-81.91852095,-166.3233107,5.9772773,1
8669,24,96,64,1,1,1,1,1,0,1,0,1,1,1,1,190.6292188,234.3920336,276.2181634,52.19968198,53.64038669,21.61263983,189.3392689,228.7729055,281.7540121,50.16362054,53.12650396,24.87400622,-35.23594268,35.50945839,-0.2730554218,34.95484121,-35.35692091,0.4025402251,189.3994056,232.6574728,275.9559511,14.81014215,12.94551731,10.20508482,189.2241981,228.2086296,281.3932325,7.188764887,11.96615641,15.86008661,0,-143.4201207,112.4175608,20.98951664,149.9521146,-94.45751477,-1.264913776,-142.7685634,112.9364656,-131.3471324,-47.22087175,95.58141388,49.98446956,49.98548004,3080.062221,2816.683472,89.49358904,-129.1126776,5.4137778,1
8670,24,96,64,1,1,1,1,1,0,1,1,0,1,1,1,189.8922283,229.5255901,279.5634254,8.35588263,7.941122538,4.057085905,192.1399459,228.9623306,279.307077,9.975593512,6.037946872,6.10029707,-7.012987202,5.675345235,1.337742958,6.957290934,-5.63127156,-1.325945708,189.8799073,229.4996187,279.5626027,4.26974606,5.429226227,3.585597197,192.1356548,228.9554912,279.308296,6.980086364,1.838225915,5.801011416,0,-142.2436945,113.6149106,47.29657644,-131.2311046,45.8289973,-0.01724381638,-142.5787102,113.9489318,-26.90836512,72.61604295,148.5866272,49.98909375,49.98909187,2184.64773,2178.299712,-80.59002965,-179.9928532,5.4477805,1
8671,24,96,64,1,1,1,1,1,0,1,1,1,0,1,1,191.7708053,231.0488856,277.7346061,42.0612907,18.8509893,40.21635454,195.8843047,227.9057228,278.5548485,42.08398829,16.52734036,41.24672244,-28.16093102,0.138170303,28.02286649,28.2285215,-0.1118470155,-28.11662153,191.5884179,230.7163344,277.6934303,10.52391338,12.27381198,6.381072198,194.91492,227.6456115,277.8128316,9.593758816,8.454230673,10.62312063,0,-143.5504038,113.3485706,57.34610433,-146.1747149,-3.539867348,-0.7329684514,-144.3317547,114.1180301,-68.28399606,32.82565376,145.8956664,49.98691892,49.98606038,2558.427872,2738.372929,-76.95068175,-76.60655025,5.5572351,1
8672,24,96,64,1,1,1,1,1,0,1,1,1,1,0,1,186.5483336,230.7167032,280.4690453,36.58862429,31.942116,6.330463574,187.3362016,230.7547754,280.7743787,36.49841669,31.91115855,6.297947749,-34.17448816,30.41759096,3.75690005,34.10214216,-30.37912714,-3.723011961,186.3804181,230.5010445,280.3506259,4.502684039,1.85723779,3.072799807,187.0879433,230.5919399,280.6554488,4.42939117,1.991436137,3.060145985,0,-140.9518804,113.0384754,-1.780558547,-144.6241052,113.2921227,0.1050770505,-140.9269502,113.0631777,1.533334057,-137.6095026,112.6596916,49.98760421,49.98759558,2483.136201,2477.641641,-36.71768773,-135.3230213,5.2645809,1
8673,24,96,64,1,1,1,1,1,0,1,1,1,1,1,0,282.7465015,345.5879916,333.4699317,16.85204921,16.2399477,9.998319961,284.189198,345.9550246,334.374894,14.7178273,15.68444093,10.438813,-9.441124086,8.452031224,0.9919688373,2.42263829,-5.833003802,3.412759203,221.1617716,279.8017798,231.3144318,4.958305758,2.681598278,2.588475238,223.649517,281.3084973,231.8788665,7.640583255,5.631459833,3.924781055,0,-164.7944475,106.632324,41.28144166,-68.71153253,156.3691507,0.04711230528,-164.8419448,106.6822235,-25.52478888,166.8817757,76.36142827,49.97190738,49.98601862,4175.243245,4249.178035,-287.5760192,-611.7921345,5.1924467,1
8821,24,16,24,1,1,1,1,1,1,1,1,1,1,1,1,251.5687508,207.7977551,230.7150673,5.956458632,7.382512321,5.43693561,252.6208222,208.9863727,231.5542319,6.096865201,6.9054147,5.646487032,-0.0001063884276,0.004925268178,-0.004923688678,8.081242526e-06,-0.006035533562,0.005918059943,251.559511,207.801338,230.720853,5.95591181,7.38238984,5.436859704,252.6115457,208.9900101,231.5600197,6.096337847,6.905306301,5.646400514,0,-119.388652,110.9281262,0.07059486417,-121.7346737,106.3686654,0.1009018395,-119.2331462,111.0639892,-0.3387471095,-117.3067412,115.065719,49.9785769,49.97858411,4290.482442,4277.042122,131.7472257,-158.1860567,5.3363758,1
8822,24,16,24,1,1,1,1,1,1,0,1,1,1,1,1,251.1399081,207.4713436,231.587218,10.52467072,13.41577097,7.686675238,252.0802999,206.9860133,234.1140536,4.746329002,12.32665346,12.8249785,2.037209358,-9.194868392,7.157556368,-2.018039197,9.255351315,-7.237413191,251.1298946,207.4740571,231.5888208,10.16382827,9.510877194,1.058492433,252.0679465,206.9603477,234.0863762,3.888183693,7.829689955,10.25995119,0,-119.0844043,111.1543065,17.4308777,-150.4835283,145.8828267,-0.370341446,-118.6221995,111.5727163,-52.97096045,-80.21049636,107.7795047,49.97843607,49.97842569,4318.898746,4308.46573,119.075204,-168.4238656,5.2930344,1
8823,24,16,24,1,1,1,1,1,1,1,0,1,1,1,1,251.1414325,207.4788502,231.5785155,10.52750129,13.40068851,7.663694602,252.0767058,206.9973924,234.106106,4.735319466,12.31124074,12.8033384,-2.033559853,9.174573413,-7.141120117,2.014516632,-9.237573773,7.222944901,251.1314113,207.4815528,231.5801177,10.16739613,9.511531604,1.066650841,252.0644115,206.9717876,234.0785169,3.876308353,7.832195651,10.25108534,0,-119.0879477,111.1503722,17.3670581,-150.5012318,145.6977165,-0.3698772837,-118.6250105,111.5675448,-52.96433534,-80.20620729,107.7616622,49.97842569,49.97843587,4320.306224,4307.075752,119.2571868,-168.5676906,5.2422683,1
8824,24,16,24,1,1,1,1,1,1,1,1,0,1,1,1,252.4465806,207.4545199,230.1244877,8.55015984,12.25795828,13.07013823,255.5287639,208.2804688,229.1447063,13.50132086,4.68347267,12.22415263,7.474315408,2.249938684,-9.724342535,-7.557793684,-2.220934811,9.778635409,252.4339254,207.4563235,230.1290878,2.811047298,11.89118465,8.364516277,255.4845803,208.2790919,229.1170616,10.75625039,3.626209457,6.893386738,0,-119.5056951,111.1361969,54.93584273,-107.7908454,72.22426733,0.2623825574,-119.9420854,111.5337915,-12.40505268,-163.3121591,160.5697885,49.97840357,49.97841006,4324.811454,4312.106991,127.5691842,-160.8730264,5.3503497,1
8825,24,16,24,1,1,1,1,1,1,1,1,1,0,1,1,252.4490248,207.45456,230.1205274,8.569252144,12.26038272,13.07376159,255.5291225,208.2778602,229.1405136,13.49776866,4.679221275,12.22970493,-7.487550467,-2.249781869,9.737220728,7.571023311,2.217930362,-9.789064643,252.4363634,207.4563529,230.1251577,2.827374376,11.89357707,8.354295258,255.4847839,208.2765498,229.1129694,10.7407861,3.620501558,6.884569046,0,-119.5067049,111.1364191,54.73144817,-107.8171071,72.28633078,0.2619351907,-119.942955,111.5339061,-12.46458254,-163.2979976,160.4841333,49.97841248,49.97840016,4322.813687,4314.366581,126.5388706,-159.736529,5.4382989,1
8826,24,16,24,1,1,1,1,1,1,1,1,1,1,0,1,251.3735579,208.4351682,230.5082123,11.57162052,7.969602042,9.566986394,250.9645287,211.4558002,231.3254866,11.40307199,13.0090126,4.340181428,-8.516040865,6.484589757,2.031342109,8.572287016,-6.570355482,-2.002042662,251.3637035,208.4362724,230.5120591,7.622200926,3.986773597,9.192512942,250.9326987,211.4330498,231.3278884,7.29872635,10.97463939,3.448572749,0,-119.5630436,110.5695478,-35.53798243,-92.08363357,126.8707423,0.3768238885,-119.2420868,110.2205621,37.20174498,-129.3579114,60.77764631,49.97840361,49.97840989,4324.403762,4312.468779,121.342923,-165.798776,5.359939,1
8827,24,16,24,1,1,1,1,1,1,1,1,1,1,1,0,251.3701037,208.4377739,230.5048832,11.57040819,7.980550074,9.560004804,250.9696332,211.4622484,231.3214431,11.4260528,13.02216906,4.350752372,8.531696767,-6.493755685,-2.038026421,-8.587971483,6.577228205,2.010641832,251.3602494,208.4388868,230.5087267,7.599655888,3.986539955,9.180395737,250.9376301,211.4393094,231.3237904,7.312907567,10.98208392,3.448943371,0,-119.5641274,110.5670957,-35.59681188,-91.91871266,126.8384563,0.3779990215,-119.2435907,110.2195535,37.05218785,-129.4059342,60.98987916,49.97840316,49.97841008,4324.53662,4312.448743,122.111972,-166.5027338,5.4546729,1
8828,24,16,24,0,1,1,1,1,1,1,1,1,1,1,1,250.9735633,205.8409611,233.3031356,4.68723908,12.16937085,12.60173865,252.1008791,208.682677,232.5020802,10.51906726,12.71567677,7.601055781,-1.978389049,9.10190245,-7.123619701,1.968647002,-8.945416648,6.976672444,250.9611457,205.8212148,233.2744206,3.8440668,7.800887665,10.09834957,252.0912984,208.6858015,232.5023729,10.17708843,8.795945443,1.791491762,0,-118.3814553,111.9047599,-53.00166187,-85.16907483,103.8380622,0.5666345261,-118.5214788,111.7564904,17.56704352,-147.8965718,161.6996812,49.97845388,49.97844336,4316.70833,4303.751856,117.7875136,-173.1812722,5.246996,1
8829,24,16,24,0,1,1,1,1,1,0,1,1,1,1,1,281.3737553,324.1944327,319.9700467,14.0187889,22.50784541,21.59530554,284.4819399,326.0918261,321.6340554,14.91331337,17.91633842,20.30453802,-1.948732024,14.88769516,-12.93988092,-5.838746504,-1.707304455,7.545198435,193.6288132,243.7268163,271.5476783,4.411851864,7.758215404,5.486985437,195.7316506,246.7375798,273.9773942,6.660796825,11.5023446,10.04478333,0,-113.859063,94.31351231,41.25848271,-77.61657037,140.4207171,-0.01867073168,-113.9177687,94.36873755,-26.11396191,-137.709782,70.97536689,49.95133605,49.96765206,8104.050752,8122.619231,190.1156535,-471.8177403,5.2187932,1
8830,24,16,24,0,1,1,1,1,1,1,0,1,1,1,1,250.7609601,203.5800895,235.4987947,9.438975484,38.43539406,31.82319314,251.7897426,204.770489,236.3788996,9.381324784,38.16112384,31.73253285,-6.216046063,35.41999955,-29.20401058,6.165964053,-35.23316846,29.0671469,250.6290306,203.4155619,235.2878447,6.016656682,7.204887204,5.496941466,251.6558107,204.5638204,236.1746449,5.990900164,6.786595225,5.795959514,0,-117.4500476,113.0924852,0.1454007025,-120.3363954,109.2653056,0.09504923239,-117.2873477,113.2266735,-0.4239566148,-114.8071294,116.472082,49.97693049,49.97687965,4622.550866,4615.071363,163.6084385,-123.804638,5.2448668,1
8831,24,16,24,0,1,1,1,1,1,1,1,0,1,1,1,246.0409256,206.7710424,239.6009531,35.37755458,73.58917175,77.21140902,256.0133596,204.0650513,232.8480335,41.43297084,69.53291837,76.2021922,2.149726958,48.70776932,-50.85749685,-2.424289905,-47.90896335,50.33325326,245.5491375,204.3736513,236.9615368,15.84406002,23.24716277,20.46882726,254.9810303,203.9304158,231.8350408,26.29471167,11.1262401,20.58720319,0,-116.5467152,112.1718492,142.9785516,-97.37904067,37.63090908,0.7899209292,-118.3538332,113.6943348,-21.15047192,108.190211,-174.139486,49.9699196,49.96972095,6001.347308,5990.12555,462.2313506,0.4200468979,5.3192375,1
8832,24,16,24,0,1,1,1,1,1,1,1,1,0,1,1,252.803138,206.0081296,231.1885146,10.56091697,12.5741505,14.62673948,256.0901884,206.7662204,230.0982112,15.17307884,4.312239839,13.89217863,-9.664617372,-1.715392951,11.37986274,9.773607739,1.726205048,-11.4999625,252.7265731,205.9819588,231.1650515,2.812649668,12.30299106,8.698145584,255.9424261,206.7265878,230.008538,11.14203174,3.424243329,7.231393963,0,-119.033936,111.9018213,62.90282202,-106.9209164,70.94713382,0.2731277372,-119.5262274,112.3275757,-13.0313052,-170.5695409,163.7277989,49.97836576,49.97836883,4326.632146,4327.272044,120.9043527,-158.8199253,5.3347614,1
8833,24,16,24,0,1,1,1,1,1,1,1,1,1,0,1,247.3988873,208.7205791,235.0538845,67.54844276,72.59253175,37.94269442,251.8649152,216.5327178,228.1900709,70.29373379,72.47287605,31.49710017,-46.35187723,47.58206497,-1.230274533,46.58268118,-47.63489856,1.052129241,247.254881,208.005874,234.0322629,11.41535323,20.50556756,24.84329342,249.6659034,214.1821056,227.6422296,21.34537988,18.39399352,14.31327058,0,-118.1834137,110.4481415,-132.9017499,-58.11502799,95.7668295,1.653279664,-119.6774474,109.5315654,23.2852079,165.0036816,-95.12855517,49.97088819,49.9705219,5685.617336,5864.106771,254.818496,102.4342263,5.1963562,1
8834,24,16,24,0,1,1,1,1,1,1,1,1,1,1,0,250.16018,206.3132714,233.8548024,4.48970916,13.21651132,13.76209997,251.3238678,209.2618255,232.9264393,10.76527261,13.70918834,8.980366368,-1.62609331,10.26518386,-8.639195124,1.59497235,-10.05715185,8.462085298,250.1452803,206.271949,233.7930722,3.792249175,7.99165994,10.40630532,251.3114508,209.2577543,232.9134916,10.50148623,9.013666482,1.687098292,0,-118.254566,111.666938,-58.42325191,-82.8808079,103.4340395,0.6012140459,-118.4199488,111.5020496,17.94033003,-149.5939795,170.2526741,49.97840901,49.97837796,4325.819659,4316.965664,115.6805764,-178.4161106,5.3462099,1
8835,24,16,24,1,0,1,1,1,1,1,1,1,1,1,1,250.9704361,205.8439327,233.3036284,4.692209556,12.15112991,12.58446233,252.0967333,208.6847854,232.5041903,10.51486235,12.72529082,7.584063789,1.982699201,-9.085308447,7.102453763,-1.972665577,8.926445976,-6.953944385,250.9580771,205.8241097,233.2750536,3.845997024,7.786102582,10.08676243,252.0871431,208.6879232,232.5045308,10.1712284,8.821918912,1.772994851,0,-118.3811443,111.9042203,-52.92175765,-85.01041892,104.0047314,0.5659563821,-118.5213081,111.755499,17.56720934,-147.8743789,160.8747182,49.97846336,49.97843354,4313.521185,4306.997763,117.1406217,-172.5128704,5.3996597,1
8836,24,16,24,1,0,1,1,1,1,0,1,1,1,1,1,250.7509052,203.5831143,235.5063599,9.440430948,38.51671423,31.90405347,251.7801586,204.7781276,236.4013369,9.382379728,38.246615,31.81920379,6.214881011,-35.48740462,29.27247308,-6.16450299,35.29859653,-29.13415573,250.6175032,203.4165479,235.2940497,6.016672915,7.1924637,5.479260937,251.6444302,204.5687447,236.1941839,5.990352929,6.800162171,5.813606479,0,-117.4478676,113.0908843,0.1609807912,-120.4210843,109.2973411,0.09449354847,-117.2820771,113.2258465,-0.4400255883,-114.7215711,116.4175417,49.97692113,49.97688604,4623.940446,4616.287468,164.8852428,-124.8121523,5.2182948,1
8837,24,16,24,1,0,1,1,1,1,1,0,1,1,1,1,281.6657242,324.1018302,319.8247115,12.39772377,20.52500025,19.57478776,286.1143446,326.7446612,322.2477851,15.77463345,17.18101078,19.53156162,0.2319024641,-15.5328797,15.30070313,7.589911505,2.277115422,-9.867330619,193.8006805,242.7428557,270.7860855,3.79859784,5.965674572,3.09578055,196.660385,247.0028326,274.4693606,8.681790534,13.41741395,12.34728612,0,-113.8341562,94.52950596,68.51515533,-66.73463158,165.4268658,0.09714848808,-113.6552954,94.81125654,-24.12306499,-133.0173436,80.78832551,49.96118333,49.95761458,8152.082343,8072.262719,385.844936,-655.4834498,5.2037236,1
8838,24,16,24,1,0,1,1,1,1,1,1,0,1,1,1,252.790034,206.0520496,231.1472332,10.3701751,12.57816099,14.5139297,256.0385595,206.8061076,230.0211222,15.00598457,4.282441649,13.69492317,9.513942984,1.704645561,-11.21867832,-9.620464936,-1.717927023,11.33829374,252.7217065,206.030693,231.1261639,2.765886284,12.3168251,8.768287243,255.9028466,206.7732084,229.9365773,11.0883628,3.421364153,7.172175908,0,-119.0511712,111.8761633,61.52259469,-106.9326077,71.32186373,0.2763169019,-119.5448118,112.2948676,-12.70974059,-170.7609598,164.2952856,49.97836244,49.97838163,4331.839968,4318.899004,119.9527847,-158.049643,5.3650286,1
8839,24,16,24,1,0,1,1,1,1,1,1,1,0,1,1,245.9544597,206.7184763,239.6231282,35.50130679,74.03087258,77.60378074,255.9080532,203.9526648,232.7719471,41.51478536,69.95722933,76.56956654,-2.117261961,-48.95193463,51.06917844,2.394139569,48.14833232,-50.54248865,245.4542621,204.2916341,236.9635609,15.79482496,23.40230819,20.49667465,254.8691596,203.8170318,231.7532121,26.22284146,11.26664027,20.54074556,0,-116.520752,112.1884234,142.7137636,-97.38132802,38.01596119,0.7933134444,-118.3460216,113.7047895,-21.27732632,107.8066542,-173.767438,49.96966772,49.96960694,6061.544026,6070.624099,470.9027702,28.60279133,5.3102879,1
8840,24,16,24,1,0,1,1,1,1,1,1,1,1,0,1,250.1559975,206.309739,233.856452,4.469700253,13.18363051,13.73966998,251.3254401,209.2662684,232.9350027,10.78169752,13.72611635,8.978029609,1.607354016,-10.25067921,8.643270005,-1.576335716,10.04037833,-8.464104136,250.1410949,206.2682464,233.7945136,3.782668994,7.96135195,10.3775239,251.3129962,209.2620924,232.9218139,10.52327058,9.060405818,1.68146952,0,-118.2538243,111.6671347,-58.72909744,-82.60571215,103.5394217,0.6025307571,-118.4174442,111.5035738,17.91606946,-149.5114562,169.0938599,49.97839966,49.978384,4324.648208,4318.580899,117.054727,-179.8490296,5.1576323,1
8841,24,16,24,1,0,1,1,1,1,1,1,1,1,1,0,247.2275109,208.7486506,235.2604073,68.11231221,73.5145166,38.87549938,251.7604065,216.4837972,228.0998042,70.86443622,73.31787015,32.42526621,46.70672607,-48.1952163,1.488092294,-46.93592962,48.23561886,-1.300093032,247.0815047,207.9780101,234.1710487,11.5381215,20.94786032,25.33414758,249.5244231,214.0895478,227.5285583,21.48495772,18.59021451,14.8136287,0,-118.1215895,110.4570172,-133.3271639,-58.5958196,95.51226018,1.666719531,-119.6785542,109.5266901,23.21888922,163.679201,-95.20304253,49.97048723,49.9702934,5814.294744,5914.437095,257.1116195,137.6710007,5.4457092,1
8842,24,16,24,1,1,0,1,1,1,1,1,1,1,1,1,254.4734568,206.9347081,228.3833538,13.27509553,4.927389722,12.02882461,253.4272693,208.701155,230.910725,8.622036088,12.08720224,12.53796415,-7.368504207,-2.35729921,9.725714768,7.231932162,2.357809526,-9.589819561,254.4302766,206.9334901,228.3553679,10.53091412,3.844378904,6.593881409,253.415022,208.7029355,230.9150826,3.369423331,11.69449636,7.661996358,0,-120.1235454,111.4161728,-15.18363124,-163.0451812,154.6408892,-0.01334740574,-119.3871325,111.2413817,53.62647033,-107.2173238,74.97425395,49.97843429,49.978395,4320.2798,4313.903694,132.3224714,-157.3824221,5.1465649,1
8843,24,16,24,1,1,0,1,1,1,0,1,1,1,1,1,254.855572,202.9141923,231.6989781,43.13658285,72.79368346,79.49808766,246.5961513,208.6451027,240.3978077,36.8601581,76.04978377,79.81262644,-2.455767563,-50.10951531,52.565281,2.221978238,50.3938505,-52.61583267,253.7299965,202.7602598,230.6887878,26.96107933,11.92799887,20.64520744,246.0239116,205.7808416,237.7374352,16.45640016,23.7202696,20.32272208,0,-118.950999,113.1713641,-22.74083787,108.3987403,-174.6818901,-0.5934603448,-116.7543362,111.832792,141.1972895,-96.97223066,36.93758694,49.9690027,49.96920927,6183.661234,6118.32489,333.056833,205.1578457,5.2270464,1
8844,24,16,24,1,1,0,1,1,1,1,0,1,1,1,1,255.12848,204.6152655,229.8181467,15.09850593,4.325789407,13.85475455,253.95277,206.4621767,232.5746817,10.93736808,12.51695347,14.44934023,-10.01881417,-1.662672777,11.68124017,9.818402276,1.608038465,-11.42666841,254.8849111,204.5223532,229.6898009,10.71059771,3.485340406,6.731177231,253.8051645,206.3958889,232.529855,3.339207458,12.26550257,8.231854499,0,-119.4668749,112.5996023,-15.29814262,-172.3603676,160.4497081,-0.03118858304,-118.6574508,112.4148386,56.32801068,-106.3681447,74.97266813,49.97840771,49.97832348,4319.7088,4335.528962,145.9122982,-176.237334,5.048443,1
8845,24,16,24,1,1,0,1,1,1,1,1,0,1,1,1,307.4554028,221.6614933,376.5295928,23.50888718,16.01849855,22.49982802,310.465136,226.8553655,378.1332634,24.64452309,19.66468671,20.38504505,-13.80896721,0.221877603,13.586699,10.55978269,-8.557710696,-2.002418693,269.4692297,150.0039294,272.6498719,3.055052347,4.382396358,4.67296754,272.8999866,153.3142355,275.9322151,11.97749483,9.968128586,11.35161704,0,-101.8235508,137.166612,65.05346189,-29.26890847,-164.6506797,0.3143416633,-101.6881428,137.3289623,-13.39692385,-126.7554992,116.6066686,49.97118205,49.95272879,6275.877751,8918.202456,270.2876568,-667.9737612,5.1266363,1
8846,24,16,24,1,1,0,1,1,1,1,1,1,0,1,1,256.6838374,206.6565292,225.8796275,29.21193535,10.63649397,35.79536601,257.7042387,208.009009,226.6425387,29.21110127,10.57553743,35.58031587,-26.43942398,-6.867803271,33.30716623,26.34104773,6.825818653,-33.16692703,256.5193101,206.5348475,225.7311595,5.901340968,7.115003378,5.648994015,257.5380883,207.8733863,226.4851558,6.403236376,7.078287373,5.185873036,0,-120.8317018,111.5870903,-3.194115742,-120.8366626,107.8764094,0.1324120751,-120.6812417,111.6908286,2.697307023,-121.2340484,115.3365813,49.97709394,49.97706634,4590.727183,4577.849304,202.0268266,-91.84574701,5.2882579,1
8847,24,16,24,1,1,0,1,1,1,1,1,1,1,0,1,259.5038717,202.6905398,228.2751046,79.08991666,35.10671876,75.72300946,253.9607451,213.2794442,226.0094563,78.68524849,42.29997714,72.80371864,-51.82312913,1.398270442,50.42486103,51.3918291,-1.638478187,-49.75334495,257.2280157,202.1831325,225.5338424,20.01107281,15.41018463,21.57680691,253.055085,212.1130526,225.8070428,22.01340949,27.65807373,13.12029826,0,-120.4546451,113.1074796,-82.12623018,19.59284941,140.8758268,1.643657196,-119.4621585,111.3588149,64.504713,-141.2645824,-15.95030537,49.96920773,49.9690982,6151.043671,6169.442513,519.2843823,63.60927693,5.2921136,1
8848,24,16,24,1,1,0,1,1,1,1,1,1,1,1,0,253.487976,209.0918865,227.7940769,13.42975684,10.1867585,9.995046244,252.8975122,212.3626158,228.5607606,13.29970902,14.97430879,3.962463025,10.45853738,-9.158450966,-1.300223114,-10.61558326,9.297060613,1.318369174,253.4378311,208.9787319,227.7463589,8.11851908,3.724116052,9.777380068,252.7841103,212.172377,228.4981413,7.703657515,11.46312825,3.361137893,0,-120.5011104,110.3222487,-38.88206752,-87.3035425,127.6243539,0.4122446913,-120.1581005,109.8969635,41.25571039,-130.8723735,48.40429711,49.97827635,49.97833533,4349.265448,4328.504182,124.2249968,-151.9333442,5.2334471,1
8849,24,16,24,1,1,1,0,1,1,1,1,1,1,1,1,254.4629434,206.9385528,228.3779259,13.21768589,4.918377047,11.97433948,253.4243345,208.7061479,230.9114829,8.569658102,12.09173815,12.49998913,7.355898522,2.352818322,-9.708830712,-7.219650832,-2.35610488,9.57563296,254.4205819,206.9374147,228.3507677,10.50733372,3.839957457,6.571510359,253.4121738,208.7079279,230.9158509,3.382508485,11.70131337,7.663809089,0,-120.1242209,111.4127471,-15.21142163,-163.1190671,154.619174,-0.01359314507,-119.3873956,111.2395101,53.29047401,-107.2225483,75.13793306,49.97841825,49.97841235,4323.253603,4310.463793,134.1930647,-159.32408,5.2440102,1
8850,24,16,24,1,1,1,0,1,1,0,1,1,1,1,1,255.2697343,204.6489263,229.8924683,15.20580558,4.440095537,13.91792512,254.0252119,206.4702514,232.5727836,10.8872255,12.45633182,14.39815617,9.866891592,1.737692484,-11.60460774,-9.668951241,-1.682731216,11.3516601,255.0012036,204.5387361,229.7554826,10.88713407,3.552901686,6.875081542,253.8601923,206.3919055,232.5240207,3.278489248,12.18271811,8.161299047,0,-119.465148,112.6205213,-15.23194541,-171.3629068,159.9480492,-0.02593862813,-118.6606585,112.424992,59.12022763,-106.2000028,74.02880477,49.97854129,49.97818375,4301.410086,4355.485156,133.0147327,-163.1429223,5.4653994,1
8851,24,16,24,1,1,1,0,1,1,1,0,1,1,1,1,254.8188287,202.8737271,231.6505585,43.13111536,72.658276,79.38827516,246.573336,208.5998499,240.3374989,36.86411128,75.92109932,79.70451338,2.470919573,50.00188449,-52.47280917,-2.236598952,-50.2864124,52.5230074,253.6939632,202.7202555,230.6405987,26.93107439,11.93070117,20.63124638,245.9991111,205.741956,237.687627,16.42894051,23.72572553,20.31987162,0,-118.9530238,113.1734955,-22.74122995,108.3342642,-174.6279508,-0.5920982236,-116.7562579,111.8372151,141.17079,-96.99733012,36.99876911,49.96906786,49.96902293,6194.414004,6180.586765,341.7731812,216.5137411,5.6114125,1
8852,24,16,24,1,1,1,0,1,1,1,1,0,1,1,1,256.7052309,206.6554493,225.8840563,29.31257519,10.63574362,35.88787403,257.7092108,208.0093429,226.638787,29.289417,10.5762607,35.66784604,26.52228136,6.867378417,-33.38972268,-26.42354515,-6.826567471,33.25005245,256.5384277,206.5334489,225.7338262,5.952263933,7.113601372,5.660578608,257.5427149,207.8735241,226.4812587,6.352695485,7.079628406,5.168319458,0,-120.8325485,111.5914821,-3.131738956,-120.8364443,108.3919584,0.1330290231,-120.6819375,111.6918306,2.68648383,-121.2357672,114.8008012,49.97708934,49.97705956,4585.801596,4583.475787,199.0758701,-88.95169662,5.7406202,1
8853,24,16,24,1,1,1,0,1,1,1,1,1,0,1,1,308.8221169,224.0712282,376.7739672,22.78334558,16.44661792,22.19174575,310.8862394,227.8123843,378.1608685,21.9886343,17.28597124,18.33077026,10.92996695,1.85522955,-12.78517102,-7.718702874,6.564310663,1.154521563,270.7912073,151.5689125,272.4958928,6.515333352,4.90140253,7.649213967,272.7991932,154.0642783,274.4691403,7.790381471,7.578205708,8.520973929,0,-102.3967409,136.8008519,27.17353647,-60.29799172,175.0471048,0.1535194062,-102.4116657,136.748506,-22.60377814,-128.3906038,102.7751515,49.95271229,49.97140541,7805.4754,7394.182055,129.5780485,-522.6086395,5.6606896,1
8854,24,16,24,1,1,1,0,1,1,1,1,1,1,0,1,253.8895897,209.3085394,227.6172154,13.92251765,10.89785362,10.1480067,253.2977192,212.6370484,228.3471068,13.77851889,15.42915187,3.897836344,-10.70525323,9.538125125,1.166237391,10.87819729,-9.696773426,-1.182268104,253.825819,209.1405288,227.5405833,8.171476219,3.849961357,9.944967894,253.1563465,212.3638878,228.2425366,7.686725629,11.41235463,3.324949683,0,-120.6032932,110.3110366,-38.72515575,-86.80659357,127.5823019,0.4179739578,-120.2723743,109.8701042,41.52784026,-131.5492472,45.40539811,49.97826,49.97830234,4363.289318,4329.988595,112.0588896,-138.1593448,6.208935,1
8855,24,16,24,1,1,1,0,1,1,1,1,1,1,1,0,259.1856586,203.2626003,228.3056808,74.50343158,32.64429945,71.28746894,254.2465279,213.4305471,226.6315728,74.22762996,40.09943313,68.52461407,49.12030343,-1.321316669,-47.79880665,-48.70487789,1.544310108,47.16060703,257.1184118,202.8082621,225.8203913,18.70414115,14.71707196,20.00351306,253.4474039,212.4059479,226.4384506,21.04634883,27.0868163,11.80775696,0,-120.4646699,112.8983223,-82.7294999,20.14396558,141.5349453,1.559460066,-119.4720142,111.306423,62.08548732,-140.4828197,-11.76203937,49.96991926,49.97103175,5976.217763,5546.268851,463.6640398,-63.29905785,5.7238174,1
8856,24,16,24,1,1,1,1,0,1,1,1,1,1,1,1,250.3620331,209.952867,230.2759066,10.65024426,12.59321509,4.294702431,252.605131,209.4683667,231.2999975,10.44641463,7.436355196,9.648962687,7.631218817,-5.761811074,-1.869511836,-7.513535991,5.626388734,1.887044491,250.3344906,209.9392891,230.2790742,7.312108356,11.01951515,3.557030371,252.595004,209.4706564,231.3035993,7.139201906,4.449787977,9.344733963,0,-119.7198632,109.8666267,33.09437763,-133.2260513,56.58540403,-0.1753192961,-119.6691482,110.4351812,-34.40311865,-85.49118418,127.6416751,49.97842716,49.9784278,4320.20374,4308.519736,126.1748619,-166.3639384,5.3191563,1
8857,24,16,24,1,1,1,1,0,1,0,1,1,1,1,1,251.5441927,214.4942515,227.3252434,64.63081338,65.79611586,26.2961913,249.5644365,209.6741123,234.8475218,61.34752653,64.89147218,32.66953738,42.9706963,-43.09058004,0.1199490321,-42.35143528,42.55825659,-0.2067506296,249.5812011,212.7186454,226.9305322,20.02405501,17.98728107,11.72890789,249.3970134,209.1727331,234.0596831,10.06196111,18.67772297,22.3202557,0,-121.0094032,108.2132989,21.84781048,169.7931631,-91.76564173,-1.32547305,-119.427001,109.2975008,-131.1502631,-56.70429243,98.02209458,49.97120573,49.97341528,5715.359015,5069.675728,317.6064368,-73.1506182,5.6521142,1
8858,24,16,24,1,1,1,1,0,1,1,0,1,1,1,1,250.6259853,207.8747108,231.8506518,10.70605781,14.06387017,8.564075104,251.5341894,207.3202194,234.4760899,4.588475253,12.97601487,13.55257379,-1.762228342,9.879144252,-8.117023722,1.758717954,-9.968858121,8.210046712,250.614495,207.8728132,231.8436385,10.40824336,9.722817237,0.9171074988,251.5203948,207.2786436,234.4262367,3.842544699,7.969321397,10.46343417,0,-119.0435517,110.9512926,17.66883865,-151.6091367,153.0916611,-0.3954456386,-118.5616622,111.3812742,-56.93067665,-78.37967263,107.5795942,49.97838386,49.97840003,4331.102569,4312.139679,116.2914216,-170.5482064,5.6492929,1
8859,24,16,24,1,1,1,1,0,1,1,1,0,1,1,1,253.7349429,211.4448746,224.9841772,79.51534073,42.81875265,73.57226555,261.284808,203.4637585,229.0315617,79.28181812,35.19292686,75.8787165,51.75645607,-1.553079654,-50.20338067,-51.77500912,1.305995018,50.46900641,252.8097544,210.3646416,224.7668027,21.85442384,28.12286796,13.65530825,258.985477,202.9078962,226.1407423,19.67647043,15.73463825,21.78421118,0,-121.1877036,109.5168112,62.82063539,-143.483258,-16.09788157,-1.426504721,-121.8538539,111.5043666,-83.48594447,16.94210776,140.4118648,49.9690556,49.96902223,6188.353391,6169.498602,355.1480926,234.0644083,5.5829962,1
8860,24,16,24,1,1,1,1,0,1,1,1,1,0,1,1,256.1118071,213.3062351,224.4514703,16.54680588,18.19494109,4.866584753,258.2987785,212.2807561,225.3177173,15.77550847,14.13067555,10.5124295,13.11641361,-11.98593511,-1.130671284,-12.67303894,11.60190519,1.070937948,255.5229665,211.6055629,223.3859803,7.901050155,11.53886195,3.355545435,257.8376906,210.8709613,224.4981221,7.214781509,4.593775084,9.888555402,0,-122.0608448,109.1634132,33.71644919,-137.9370291,42.04845982,-0.216703922,-121.9912097,109.8174913,-37.88505881,-79.87399479,127.4229836,49.97727403,49.97872807,4544.123372,4242.569873,164.5476294,-172.3350541,5.7371775,1
8861,24,16,24,1,1,1,1,0,1,1,1,1,1,0,1,403.4675106,268.1902605,230.0090594,22.90766683,25.0032991,16.55965295,405.7104987,271.5253536,235.4933501,18.53905262,24.01402721,19.42191193,16.73749808,-18.30003913,1.560475902,-5.063419413,12.9168969,-7.854898197,305.2253471,227.6977749,153.5361123,7.071144088,5.23099021,4.229687813,309.4579475,232.0462005,156.8296394,12.51557634,13.21524179,9.318560289,0,-141.9092875,106.4087929,58.34631321,-89.19112843,-150.4092058,0.03400913499,-141.6393912,106.6075839,-28.88714827,-160.3909709,80.16502719,49.95215012,49.96916321,8113.467586,7663.267358,1051.534471,-46.79878403,5.5684146,1
8862,24,16,24,1,1,1,1,0,1,1,1,1,1,1,0,248.8293489,211.6155829,230.5049404,29.36914307,24.07258334,8.66831479,249.6862712,212.9581743,231.454062,29.1648764,24.07459341,8.644269252,27.31611097,-21.4955467,-5.820647809,-27.19946127,21.39190675,5.807472462,248.7433623,211.5198581,230.4254429,6.175046367,7.097251342,5.528195684,249.5943964,212.8382014,231.3656086,5.756507644,7.451002492,5.511222984,0,-119.8588873,108.9368372,-3.102625745,-122.6820978,108.9125576,0.1037276655,-119.6640235,109.0328416,3.039318476,-117.5444196,108.6838529,49.97749274,49.97746812,4507.577886,4499.650132,153.9006476,-135.5124732,5.6396834,1
8863,24,16,24,1,1,1,1,1,0,1,1,1,1,1,1,250.3626561,209.9648116,230.2778555,10.69285645,12.63405626,4.289130501,252.5972271,209.4670447,231.3046429,10.44728153,7.465291701,9.653389546,-7.650782495,5.78586492,1.864830054,7.532503715,-5.652053201,-1.88054897,250.3348997,209.9509951,230.2810067,7.345692598,11.04702285,3.554467646,252.5870555,209.4693142,231.3082214,7.112337597,4.453047653,9.350854483,0,-119.7213744,109.8626625,32.97508549,-133.3755417,56.49356669,-0.1777706014,-119.6692126,110.4316759,-34.60723724,-84.98817966,127.6336235,49.97843181,49.97842268,4320.17368,4308.766065,125.1320968,-165.2828227,5.7947038,1
8864,24,16,24,1,1,1,1,1,0,0,1,1,1,1,1,250.6243971,207.8781833,231.8478416,10.69875556,14.04535275,8.590182275,251.5355259,207.3228131,234.4676834,4.600828295,13.00996103,13.57745961,1.771408118,-9.924098468,8.152581996,-1.767583464,10.01082185,-8.243348384,250.6128556,207.8764053,231.8410652,10.39727244,9.66362801,0.9422804838,251.5217213,207.2819214,234.4184506,3.847968587,7.986267239,10.47684324,0,-119.0445253,110.9497195,17.68334181,-151.6080337,155.6918082,-0.3952100776,-118.5644648,111.3795177,-56.78411442,-78.78838175,107.3201743,49.97839614,49.97839057,4326.289908,4316.086045,115.5393243,-169.6976289,5.7042819,1
8865,24,16,24,1,1,1,1,1,0,1,0,1,1,1,1,251.2909396,214.8413402,226.655869,70.3251643,72.81750111,32.1531969,248.681165,209.8910519,235.5299824,66.91711279,72.2080993,38.33017541,-46.57953942,47.86733109,-1.287892738,45.91478443,-47.31713534,1.402250976,248.9682985,212.7492238,226.1464014,21.44111304,19.1190161,14.64013005,248.4881219,209.1580672,234.4444214,11.28197866,21.09926187,25.05559672,0,-121.176607,107.9659891,21.24877566,162.549069,-94.79934139,-1.451448346,-119.3009067,109.1285759,-135.5246994,-59.29153068,95.05914188,49.97052846,49.97050888,5880.887026,5839.037909,440.7473303,-6.733883043,5.8999144,1
8866,24,16,24,1,1,1,1,1,0,1,1,0,1,1,1,254.7247469,211.4446333,225.3807791,15.59546251,16.86314637,4.599025106,257.5305857,210.9943908,226.3330433,15.81976003,13.11257241,10.69135757,-12.45246493,11.55384425,0.8978741993,12.06337357,-11.21787109,-0.8462903145,254.3591753,210.4303917,224.7444901,7.295439055,10.92618958,3.249893404,257.1134984,209.9846081,225.8551642,8.303292387,4.332404131,10.16922867,0,-121.4561054,109.6007013,41.3056483,-133.4057914,38.78079815,-0.1723813658,-121.4409226,110.2805662,-35.78486596,-91.1010801,127.2215995,49.97815397,49.97796027,4283.445287,4483.35346,166.9254911,-175.8875871,5.9591052,1
8867,24,16,24,1,1,1,1,1,0,1,1,1,0,1,1,253.9502344,211.5975894,225.4093314,76.59683907,41.44722721,70.71951784,261.0684976,203.8513693,229.0348253,76.28601014,33.65227381,72.936471,-50.03545189,1.529890175,48.50584659,50.05715655,-1.293173752,-48.7638416,253.0931549,210.6000285,225.2009517,21.25298965,27.82673644,12.73150543,258.9025294,203.334907,226.3250222,18.79099665,15.35659667,20.67456106,0,-121.1472279,109.5356139,60.99250888,-142.9277418,-13.13383726,-1.376041947,-121.8186663,111.4122268,-84.14636817,17.43830173,141.0104054,49.9702226,49.96967064,5780.752251,6015.032693,263.4899467,196.3435613,6.4417459,1
8868,24,16,24,1,1,1,1,1,0,1,1,1,1,0,1,248.8345609,211.5949093,230.5092971,29.2505358,23.95252178,8.668285583,249.6924718,212.9420565,231.4602997,29.04933718,23.96298641,8.643988231,-27.21229007,21.39039079,5.821821951,27.09649757,-21.28929269,-5.807295387,248.7503278,211.5007801,230.4311401,6.169469887,7.085146792,5.528501374,249.6007966,212.8231794,231.3717931,5.763429924,7.461780521,5.511198886,0,-119.854864,108.9463334,-3.193983153,-122.6751489,108.9237016,0.1048112759,-119.6591221,109.0423371,3.131076793,-117.5504044,108.6916941,49.97750037,49.97747301,4507.331207,4498.006519,154.4897175,-136.3403114,5.9688983,1
8869,24,16,24,1,1,1,1,1,0,1,1,1,1,1,0,403.5645614,268.2536208,230.1315301,26.30920957,29.00158243,19.84435012,405.3966304,270.9935253,233.4125652,22.43743848,28.23969356,21.25616476,-16.0337985,16.93803617,-0.9029046123,4.450741719,-11.60623908,7.156553184,306.8026507,228.1962139,153.839076,7.231139234,5.643838884,5.018489788,310.7261836,231.9281711,155.9056776,11.72802646,13.47960393,8.845757645,0,-141.9656228,106.6998445,51.62313104,-85.40035161,-164.4957715,0.03107762797,-141.9427594,106.8582968,-29.0620972,-162.6438781,72.12584407,49.94958464,49.97160993,7706.805015,8120.115259,885.9108123,123.0907362,6.0332541,1
9017,48,16,24,1,1,1,1,1,1,1,1,1,1,1,1,278.305246,212.3945455,206.8351401,3.368758937,7.779130933,5.077427164,278.9329772,213.610363,207.4399603,4.176672578,6.815572718,4.922237863,0.003067844536,0.001931266106,-0.005030292523,-0.003088390744,-0.002007177743,0.005071275508,278.3033491,212.3951521,206.8357993,3.367969939,7.778895096,5.076992079,278.9310972,213.6109968,207.4406433,4.176042746,6.815315281,4.921817013,0,-107.7415032,109.4494527,2.279386682,-108.432621,101.5867779,0.058659591,-107.6229925,109.5949877,-1.95954439,-107.4165163,117.2989081,49.98184503,49.9818528,3635.996165,3624.183267,18.37402614,-210.5590276,6.0368141,1
9018,48,16,24,1,1,1,1,1,1,0,1,1,1,1,1,278.06764,212.2313985,207.4039452,7.091326134,12.22211337,6.328938656,279.0260409,211.9713069,209.1317398,4.390565699,10.58718665,10.90634648,1.577077868,-7.575457545,5.998351561,-1.565820474,7.627101331,-6.061298079,278.0650304,212.2311958,207.4017682,6.759144426,9.476276978,1.370518665,279.0221457,211.9540942,209.1112808,3.834803971,7.192876457,8.943852911,0,-107.4747171,109.7522776,30.30545614,-132.7572922,69.30912643,-0.2982537547,-107.1155608,110.261768,-63.63220852,-73.69424806,115.4678383,49.98174599,49.98174097,3656.184466,3646.166985,2.879122996,-224.795496,6.2180535,1
9019,48,16,24,1,1,1,1,1,1,1,0,1,1,1,1,278.0616577,212.2361694,207.4060475,7.097034959,12.22647277,6.338533238,279.0179295,211.9744929,209.140065,4.382654491,10.59705307,10.92313049,-1.567817034,7.573411895,-6.005649911,1.556657421,-7.62587312,6.069164464,278.0590837,212.2359317,207.4038458,6.769048212,9.480692932,1.362408361,279.0140796,211.9571761,209.1194564,3.832514807,7.205418441,8.956032005,0,-107.4750174,109.7501137,30.2804661,-132.8598318,68.93645247,-0.2991223881,-107.113967,110.2604718,-63.78558075,-73.5958173,115.4673999,49.98174066,49.98174469,3656.927027,3645.524218,3.276298671,-225.1890122,5.8621981,1
9020,48,16,24,1,1,1,1,1,1,1,1,0,1,1,1,279.3535464,212.0316775,206.0077339,8.528679347,12.67908822,13.51346176,281.8182941,212.8814772,204.57995,12.32742506,4.673905674,11.73256115,7.761755827,2.083688395,-9.845469723,-7.821228749,-2.065336928,9.886523941,279.3471101,212.0308784,206.0076612,2.01259922,12.35559004,8.879345,281.781851,212.8773762,204.547135,9.070528826,3.712948441,5.751626484,0,-107.8531922,109.5586712,132.8108972,-95.51451164,74.08942074,0.285511549,-108.3177644,109.8686076,-9.335295073,-155.4142514,172.671414,49.98171028,49.98171286,3663.145343,3652.006292,15.88501393,-210.1493747,6.0205678,1
9021,48,16,24,1,1,1,1,1,1,1,1,1,0,1,1,279.3451548,212.0327646,206.0154355,8.504834561,12.67953694,13.4957421,281.8079024,212.8858798,204.5873798,12.30686477,4.674130248,11.709578,-7.745693195,-2.083743826,9.829401436,7.805132059,2.064946966,-9.870128335,279.3387283,212.0319928,206.0153702,2.008593975,12.35613799,8.877948361,281.7715581,212.8818117,204.5548086,9.064344897,3.713451968,5.744597594,0,-107.8512646,109.5584225,132.6819992,-95.50891325,74.13463534,0.2861001652,-108.3155916,109.8677172,-9.342333318,-155.4235805,172.6643964,49.98171822,49.98170581,3661.89906,3652.828109,15.32068925,-209.7145904,5.9765211,1
9022,48,16,24,1,1,1,1,1,1,1,1,1,1,0,1,278.0602146,212.8337063,206.7975793,9.41963353,8.028114158,8.591333436,277.3267238,215.774527,207.4863644,9.484797157,11.97874651,3.820608342,-7.621855172,5.768934972,1.852892821,7.657606935,-5.835871265,-1.821773487,278.0577044,212.8327563,206.7961328,5.372972842,5.252272774,8.24939563,277.3083643,215.7575662,207.4841532,5.436926221,10.28761828,2.987346903,0,-107.9457773,109.087946,-46.30157724,-80.57385508,124.5878599,0.2760815749,-107.7551328,108.7445603,45.58467143,-121.7420132,60.15122377,49.98168937,49.98169662,3666.964129,3655.597553,14.44965443,-212.3173603,5.9621697,1
9023,48,16,24,1,1,1,1,1,1,1,1,1,1,1,0,278.0574068,212.8369672,206.7988101,9.434364368,8.050731345,8.593518344,277.327842,215.7856211,207.4849009,9.515998519,12.00824574,3.819479054,7.644063514,-5.795038559,-1.849066672,-7.680074184,5.861884495,1.818159605,278.0548856,212.8359834,206.7973427,5.363959472,5.251113459,8.251702541,277.3091866,215.768465,207.4825584,5.45639264,10.30328854,2.986060877,0,-107.9465239,109.0854763,-46.51239216,-80.33618737,124.5830508,0.277995899,-107.7565308,108.7420454,45.48402203,-121.829233,60.11179614,49.98169084,49.98169372,3666.577875,3656.158278,14.98593225,-212.8724839,5.9469977,1
9024,48,16,24,0,1,1,1,1,1,1,1,1,1,1,1,278.560644,210.8226659,208.1974587,4.148735181,10.36334811,10.58164785,278.6421219,213.5467093,207.9242372,7.188628632,11.37876377,5.829154814,-1.437609743,7.15853233,-5.720956417,1.436252575,-7.039661424,5.603353163,278.5569445,210.8110411,208.1770736,3.632717559,7.36537474,8.827444718,278.640002,213.5468813,207.9209851,6.905459201,8.834282939,1.135787472,0,-107.0146645,110.5472054,-65.89678669,-78.21017279,110.5099925,0.3869839464,-107.0708219,110.3070656,28.7517335,-131.1049947,108.4827406,49.98177153,49.98178024,3650.955888,3638.610834,-2.166172482,-230.6554169,6.0487918,1
9025,48,16,24,0,1,1,1,1,1,0,1,1,1,1,1,307.3057091,315.3202077,314.6221987,20.22127629,26.23829525,28.33448419,307.9833177,317.0409755,315.4998125,20.22073952,25.16816325,27.8542501,-2.120429079,7.412620526,-5.292044239,-2.781236323,3.922513755,-1.141480096,211.3216375,250.4756814,258.7164076,2.677922675,8.875416689,6.030128669,211.8742059,252.1134669,259.5453123,3.109133407,8.338774135,6.373319356,0,-105.6915586,92.31878927,8.978550122,-105.8851118,89.46093969,0.1020381238,-105.5513093,92.44848051,-7.810220648,-105.9133023,94.77203852,49.95233357,49.97447071,7931.051825,6699.309621,341.2090991,63.09765578,5.5519374,1
9026,48,16,24,0,1,1,1,1,1,1,0,1,1,1,1,279.472435,208.4749504,209.5206486,6.967607735,37.52438854,31.98288617,279.9450707,209.7499108,210.3094677,6.947150941,37.29495896,31.86024503,-4.715049879,34.55861508,-29.84389631,4.690492062,-34.39079842,29.69996839,279.3380315,208.340189,209.3122201,3.782787892,7.291803546,4.933398336,279.8126406,209.5691999,210.1010482,3.78290354,7.0333498,5.11019831,0,-106.0073891,112.3236092,0.2029344682,-108.3722993,108.784281,0.03941562426,-105.8427276,112.4512087,-0.3553717777,-103.9680323,115.4838885,49.98024949,49.98024024,3955.449744,3946.262723,12.04727189,-215.2512825,5.6275536,1
9027,48,16,24,0,1,1,1,1,1,1,1,0,1,1,1,273.907154,212.1761708,214.39639,31.09557403,64.6124007,67.52374788,281.7328258,209.7914035,207.9202723,35.06489988,60.51447062,66.25817477,2.13232803,42.64840032,-44.78070275,-2.284227227,-41.98994814,44.27417938,273.4977654,210.4317138,212.0586108,14.65396086,21.56929688,18.2678392,280.9651142,209.7016787,207.1097853,21.5573256,8.57210761,17.0893333,0,-105.4895022,110.8267473,152.7712578,-90.62476665,43.76244986,0.7098074079,-106.9620138,112.0854981,-18.02557199,116.3245305,-169.0704227,49.97505733,49.97535274,4967.214027,4845.914096,258.5949826,-121.887319,5.7307282,1
9028,48,16,24,0,1,1,1,1,1,1,1,1,0,1,1,279.5763377,211.6555943,206.1685106,11.71229018,12.81526532,15.61165922,282.1272094,212.4390262,204.7772305,14.73639707,4.526636069,14.17244474,-9.208637318,-1.926480715,11.13503527,9.277348603,1.924918171,-11.2023407,279.5522671,211.6490862,206.1593158,2.11660361,12.50296362,8.881489178,282.0312863,212.4236685,204.6868507,9.082113241,3.540456505,5.855590966,0,-107.7097922,109.8356833,129.4937045,-95.80842759,73.71368594,0.275938708,-108.1859248,110.1580311,-10.33038962,-156.8936585,172.7585415,49.98161765,49.98164603,3682.012385,3667.259626,8.886901094,-208.9768096,5.9029225,1
9029,48,16,24,0,1,1,1,1,1,1,1,1,1,0,1,278.0550476,212.8407392,206.8025193,9.448662062,8.074025766,8.597127804,277.3271082,215.7880655,207.485114,9.531702902,12.01232932,3.813499413,-7.659406822,5.812154535,1.847230993,7.69540327,-5.87961179,-1.815814476,278.0524998,212.8397611,206.8010606,5.360110744,5.261050321,8.255833137,277.308458,215.7707997,207.4828692,5.455197512,10.29466043,2.979385038,0,-107.9464029,109.0839056,-46.50130691,-80.35985501,124.5431097,0.2781395423,-107.7574003,108.7403867,45.44443261,-121.8568156,60.08599135,49.98169747,49.98168547,3665.746433,3657.311024,14.44072293,-212.2605714,5.7732996,1
9030,48,16,24,0,1,1,1,1,1,1,1,1,1,1,0,278.2194577,210.9479669,208.5238351,4.134262531,10.87992166,11.25666328,278.2965498,213.7525708,208.1777434,7.352121835,11.86468374,6.611301241,-1.196050211,7.766893702,-6.570863276,1.190699788,-7.6280261,6.437294312,278.2158035,210.9320686,208.4956815,3.723195904,7.467883079,9.058125549,278.2941299,213.7522896,208.1734969,7.131075419,8.961267409,0.9195806135,0,-106.9529896,110.50065,-69.39315011,-76.46722846,110.4145439,0.4087463572,-107.0256119,110.2420936,29.31666139,-132.3718335,108.3595038,49.98174494,49.98174562,3656.187624,3645.559228,-3.648006092,-232.8871894,5.6989802,1
9031,48,16,24,1,0,1,1,1,1,1,1,1,1,1,1,278.5581504,210.8230398,208.2013596,4.145996206,10.35771527,10.57086632,278.6407983,213.5458558,207.9264446,7.184893362,11.37229694,5.814758815,1.442626107,-7.146969003,5.704310547,-1.441117421,7.027845455,-5.586760586,278.5543722,210.8114919,208.1811394,3.627774423,7.367767103,8.824904133,278.6386677,213.5460372,207.9232033,6.900684045,8.834296252,1.138690582,0,-107.0135896,110.5474214,-65.82812735,-78.19501551,110.546079,0.3870381408,-107.0702232,110.3074649,28.71400403,-131.1236084,108.2111899,49.9817804,49.981772,3650.113792,3639.388969,-2.560648291,-230.2528619,5.7695933,1
9032,48,16,24,1,0,1,1,1,1,0,1,1,1,1,1,279.4813543,208.477464,209.5244463,6.959070712,37.59619891,32.04326392,279.9538748,209.7405558,210.2988188,6.938937604,37.35204834,31.9114257,4.723715252,-34.62023892,29.89617346,-4.699106041,34.44797536,-29.74923253,279.3482544,208.3442481,209.3155966,3.782313727,7.329127955,4.963454208,279.8231894,209.5618733,210.0899273,3.783689441,6.995839267,5.082439378,0,-106.0073056,112.324926,0.2491099072,-108.3284993,108.5824963,0.03948478115,-105.845026,112.452701,-0.4013285102,-103.9918721,115.7212861,49.98023434,49.98024495,3956.301035,3945.852614,10.91403075,-214.3878205,5.7332297,1
9033,48,16,24,1,0,1,1,1,1,1,0,1,1,1,1,307.6532757,315.7174844,315.289042,16.02281451,22.42139146,22.97820613,310.095256,317.5183692,316.5145207,16.74740146,18.95557498,21.84823858,0.3964815432,-8.932887674,8.536566128,4.570156335,-2.634715185,-1.935716882,211.5102649,248.6552373,257.8640166,2.968639136,10.09317401,5.227996439,213.2121574,250.5327263,259.2594748,5.297679061,7.226528482,7.212213825,0,-105.1583637,93.15885206,66.19507487,-97.69988475,85.30311939,-0.03052737014,-105.1834563,93.36796411,-30.94145698,-116.2092942,98.66802761,49.95219966,49.97536468,7706.159485,6812.460712,356.1450991,-33.8304349,5.4553128,1
9034,48,16,24,1,0,1,1,1,1,1,1,0,1,1,1,279.4869124,211.7528056,206.1381278,9.383130196,12.80293931,14.11934484,282.0265339,212.5710095,204.6650823,13.03040587,4.535289893,12.41243069,8.558585681,1.89925813,-10.45782477,-8.62249799,-1.89212909,10.51462907,279.476297,211.7508668,206.1347505,2.160301304,12.51347868,9.009038963,281.9750244,212.5651323,204.6181289,9.229823922,3.636573707,5.897980735,0,-107.7445573,109.7577754,134.5133225,-95.34544342,73.49320518,0.2896572646,-108.2274147,110.0786826,-9.57381114,-157.8033925,173.8836751,49.98168588,49.98170932,3667.626309,3653.199785,13.79911178,-212.7961627,5.6933755,1
9035,48,16,24,1,0,1,1,1,1,1,1,1,0,1,1,273.655021,212.1713884,214.6240133,31.72722757,66.14556633,69.04453246,281.5686602,209.5965882,207.8613946,35.65536073,61.99926174,67.73961751,-2.089782245,-43.58295733,45.67236077,2.246101963,42.90768961,-45.15417371,273.2058674,210.357094,212.1996459,14.84397088,22.00921705,18.58347615,280.7567037,209.5145447,207.0284322,21.72165325,8.937496768,17.32717285,0,-105.4144359,110.8560257,152.3801609,-90.76838295,43.95895652,0.7271455509,-106.929574,112.1292851,-18.37238219,114.6321732,-168.3344291,49.97480352,49.97480964,5035.693149,5012.940121,270.3179313,-82.33046676,5.7360117,1
9036,48,16,24,1,0,1,1,1,1,1,1,1,1,0,1,274.3941586,214.8418497,211.4915898,8.613665162,27.51348139,26.67342573,275.0988471,218.4223185,210.168396,12.56238543,27.06775068,23.84309442,-1.288301145,-16.67975204,17.96759806,1.382182739,16.1553736,-17.53798446,273.8835218,214.460196,210.267409,4.429249146,9.908802485,11.1361755,274.6881022,217.7669467,208.8756313,10.10336871,9.509709062,1.850497815,0,-107.3359065,108.3223274,-114.5646298,-68.22524828,99.90004474,0.6530561911,-107.687223,108.0268224,23.61673962,-149.0446272,-130.0905229,49.9806052,49.98053242,3886.414977,3883.043745,35.93139124,-218.2755299,5.5260098,1
9037,48,16,24,1,0,1,1,1,1,1,1,1,1,1,0,275.7467468,212.9281075,210.2324953,49.94699321,52.02155723,24.93031203,277.5195811,218.3076227,206.0945802,51.44101532,51.76254469,18.47461789,34.3503195,-33.47053409,-0.8816054513,-34.48309417,33.52483173,0.9563163771,275.6418128,212.6438452,209.7273709,8.867432268,15.84297983,18.48321545,276.3265479,217.0780455,205.7993386,14.44531095,13.72165577,8.575434148,0,-107.0320503,109.3511896,-123.936865,-54.25780816,103.7373995,1.05520186,-108.0708215,108.4390644,30.79131112,-175.1475941,-82.16771947,49.97928523,49.97628333,3996.296256,4662.896501,6.803527795,-61.06509,5.6228958,1
9038,48,16,24,1,1,0,1,1,1,1,1,1,1,1,1,281.6388929,211.5756242,203.5695405,12.62277172,5.106306726,12.44769116,280.1817032,213.3575285,206.2955402,9.32222988,12.36954062,13.80152443,-8.498507933,-2.352696304,10.85124052,8.400417317,2.326460941,-10.72682607,281.587983,211.570119,203.5298152,8.610077929,3.975992507,5.231307021,280.1728784,213.3572349,206.2953599,1.89917491,11.95884609,8.107913173,0,-108.560409,109.659074,-11.61782172,-151.9720245,165.4599433,-0.1561777905,-107.8205838,109.5790773,115.7075176,-95.3820173,77.20170081,49.98171585,49.98168211,3662.779859,3657.590568,21.6695573,-208.7428718,5.6384221,1
9039,48,16,24,1,1,0,1,1,1,0,1,1,1,1,1,281.6290442,208.6703326,206.4442636,38.0885142,66.32469336,72.31421683,274.1389745,214.4260408,215.031544,34.11746941,69.73749211,72.95060719,-2.555446793,-45.90723343,48.46231575,2.416611736,46.12919031,-48.54617714,280.6117535,208.5777407,205.5782608,22.56341039,9.551627367,17.73383921,273.5809866,212.2025055,212.4211557,15.69136803,22.45934733,18.609501,0,-107.3401915,111.6079709,-20.32103391,113.659603,-169.7537869,-0.6401722948,-105.4596692,110.4682036,150.2721097,-90.90281042,41.92607644,49.9739245,49.97394332,5201.622934,5180.932335,166.4505799,74.67328856,5.6505385,1
9040,48,16,24,1,1,0,1,1,1,1,0,1,1,1,1,281.8489414,211.1674098,203.7699515,13.42912941,4.926975198,13.19455718,280.3030081,212.9826627,206.5622321,10.22670713,12.5155119,14.49421282,-9.45361116,-2.135884791,11.58958949,9.346694049,2.093496848,-11.44009699,281.7719733,211.1572169,203.7107238,8.809261509,3.876030375,5.385743813,280.2813698,212.979116,206.5543018,2.044464634,12.1540002,8.273066078,0,-108.4105867,109.9509039,-11.79904315,-154.7335722,167.4529077,-0.1625164168,-107.6470669,109.8588774,119.5711586,-95.09480632,76.4424507,49.98170742,49.98165566,3664.889737,3662.815393,17.7666165,-212.327559,5.4856768,1
9041,48,16,24,1,1,0,1,1,1,1,1,0,1,1,1,345.2049744,244.7608584,339.1663345,17.06732936,11.94762527,17.39306308,346.6797583,248.0779734,340.4080243,18.12609216,14.55279535,16.7229236,-6.582841949,-2.195087493,8.778829346,4.552733088,-6.772342115,2.220282389,305.224606,170.2008614,231.9500109,1.008056048,4.569753871,3.327651999,306.8525463,172.4442966,233.6963542,7.487210093,8.010288461,7.996918947,0,-92.5114079,136.6093967,36.30818308,-64.08850996,153.4770116,0.2308986415,-92.38478419,136.8513786,-4.563328557,-108.5252019,129.5775725,49.97733575,49.95704853,5627.818232,7468.751594,-413.5903109,-1057.74049,5.5365487,1
9042,48,16,24,1,1,0,1,1,1,1,1,1,0,1,1,284.5818995,211.247703,199.9903293,36.22070211,10.88973402,43.44541016,285.0115096,212.6289734,200.696501,36.19187001,10.78633411,43.24439098,-33.36385752,-6.898156822,40.26167998,33.29344337,6.81981777,-40.11359882,284.3044949,211.0752714,199.7396448,3.633413826,7.282130017,4.995488424,284.7705784,212.4475442,200.4133808,4.081996483,7.223468357,4.588655981,0,-109.4834837,109.3967257,-3.944061475,-109.3700264,105.9854346,0.06765687379,-109.3347355,109.4993325,3.384577269,-110.0066148,112.8177861,49.97971347,49.97970484,4061.488114,4054.145917,118.5976223,-112.1810311,5.5051381,1
9043,48,16,24,1,1,0,1,1,1,1,1,1,1,0,1,286.9680424,206.87085,203.0701147,78.94913216,34.93609173,75.1555,280.6061435,217.4463595,201.3307079,78.61069597,41.50777716,72.77855676,-51.62744427,1.333178387,50.29403714,51.37128958,-1.670472009,-49.70102319,284.5857221,206.4080648,200.2948067,19.44512461,15.48517309,20.25573502,279.6274041,216.4684429,201.1216246,20.33622189,26.79694894,13.27959555,0,-108.6051671,111.4934829,-85.25720867,19.42125197,143.855175,1.337452491,-107.9854807,109.5781076,72.73562746,-135.5796036,-12.81734763,49.97266782,49.97259349,5455.579762,5465.768801,406.5120148,14.33306167,5.5298917,1
9044,48,16,24,1,1,0,1,1,1,1,1,1,1,1,0,283.1202213,213.7747582,201.0943127,15.23947467,14.34783447,9.433521925,282.187354,217.0691785,201.8940614,15.15641619,17.14125105,3.860486628,11.84466541,-11.0145344,-0.8318468834,-12.0383204,11.18667343,0.8501452342,282.8238234,212.9254948,200.4616519,6.296870311,5.26351768,9.047555117,281.7038908,215.8880814,201.0520519,5.52160327,10.25658593,2.861212198,0,-109.7938852,108.2964267,-45.42284281,-82.91521426,125.282523,0.2715489597,-109.5967393,107.8224984,54.28914444,-123.4278022,37.81796476,49.9809511,49.981943,3753.049883,3673.503883,35.59203925,-155.5083975,5.5655184,1
9045,48,16,24,1,1,1,0,1,1,1,1,1,1,1,1,281.6289301,211.5752552,203.5640835,12.62443866,5.096847439,12.4527436,280.1772589,213.3603652,206.2984827,9.337742501,12.37838315,13.81826446,8.542111968,2.341566419,-10.88370979,-8.443782894,-2.315737714,10.75949266,281.5781077,211.5697057,203.5246095,8.593584344,3.970142314,5.21284263,280.168475,213.3600637,206.2983117,1.890666114,11.96999042,8.116920649,0,-108.5610781,109.6573207,-11.62917269,-152.1089294,165.5527177,-0.1564173651,-107.8200295,109.5791249,115.2849751,-95.38074234,77.32845071,49.98170114,49.98169536,3665.575139,3655.02625,23.11733967,-210.1645574,5.5400628,1
9046,48,16,24,1,1,1,0,1,1,0,1,1,1,1,1,281.8565622,211.1557755,203.7839859,13.55214844,4.914048302,13.32818937,280.3065078,212.9727644,206.5715012,10.40538296,12.5253725,14.60221856,9.546617873,2.123388065,-11.67005613,-9.438930215,-2.081254196,11.5201186,281.7764735,211.145053,203.7225681,8.787627108,3.862705709,5.371778806,280.2840134,212.9689381,206.5633444,2.060592707,12.16513497,8.244309438,0,-108.4031504,109.9639547,-12.06022605,-154.8154952,167.1563378,-0.1615790234,-107.6392779,109.8717245,118.3796224,-95.12604036,76.55116492,49.98169147,49.98166527,3669.913611,3659.79119,20.73640319,-215.4739745,5.582353,1
9047,48,16,24,1,1,1,0,1,1,1,0,1,1,1,1,281.621134,208.6242565,206.4205105,38.25835126,66.40499271,72.45647866,274.099632,214.3862659,215.021929,34.28975503,69.82156434,73.08981822,2.57456613,45.95060107,-48.52550996,-2.43506035,-46.17645973,48.61118886,280.5976799,208.5318817,205.5481979,22.63442216,9.590436734,17.79597228,273.5403506,212.1607275,212.4068438,15.76225162,22.49665668,18.66116386,0,-107.3373044,111.6208484,-20.32709719,113.5906509,-169.7477979,-0.6435972818,-105.4527688,110.4746063,150.3074695,-90.88367939,41.82964908,49.97387738,49.97381907,5223.636946,5218.93956,170.991453,84.5399387,5.5035093,1
9048,48,16,24,1,1,1,0,1,1,1,1,0,1,1,1,284.6113838,211.2502837,199.9875298,36.30007777,10.88754207,43.52071087,285.0117018,212.6310457,200.6780402,36.25968939,10.78787385,43.31067312,33.42703638,6.89651484,-40.32386878,-33.35677562,-6.821430173,40.17788437,284.3326903,211.078154,199.7354315,3.68879183,7.279154175,5.033592117,284.770773,212.449778,200.3939079,4.030873368,7.226593513,4.545594117,0,-109.4863512,109.3993562,-4.32154017,-109.3871011,106.4839217,0.06880114691,-109.3375947,109.4950703,3.827531664,-109.9949574,112.3280534,49.97971343,49.97969583,4061.259031,4056.288695,116.6536501,-109.7767742,5.6796504,1
9049,48,16,24,1,1,1,0,1,1,1,1,1,0,1,1,345.5611992,244.7217113,338.7044935,20.87344143,15.05651848,19.88757612,347.0635305,248.2041672,340.4204658,21.50839917,16.60909658,19.38408975,5.701278451,1.980986254,-7.682100337,-3.698719311,6.961264329,-3.262371399,305.6172854,170.1810352,232.3833871,1.4361803,4.945750543,4.23896218,307.1918862,172.6067259,234.3153174,7.053103985,8.043390732,7.382960694,0,-92.41211023,136.7344442,28.16624791,-59.52931472,158.4633007,0.1666098565,-92.34239451,136.84539,-5.536910679,-112.1946237,124.2884924,49.97130226,49.96300035,5555.264363,7584.618083,-480.5677293,-953.717631,5.4796584,1
9050,48,16,24,1,1,1,0,1,1,1,1,1,1,0,1,286.8183698,215.8796102,198.9015244,18.59727108,18.02055977,9.761896287,286.3982057,219.40256,199.9596424,19.14775817,20.56429391,5.223611044,-15.75159606,14.64064548,1.110723574,16.04599077,-14.90395425,-1.142253795,285.8776987,213.1724718,197.0068755,5.052621591,5.75921787,8.607250928,285.3128184,216.3769965,197.5571421,5.964255715,10.53453853,2.739616528,0,-110.8492073,107.8098963,-50.46995432,-75.59927762,124.1449079,0.3098151807,-110.7312537,107.3768388,40.80987537,-129.4827603,43.3789543,49.98219852,49.98011771,3547.22,3982.37812,44.71179591,-132.2334333,5.5274234,1
9051,48,16,24,1,1,1,0,1,1,1,1,1,1,1,0,282.3317516,210.7839133,203.0201434,38.73508859,13.03833587,38.10828129,280.0025385,216.0914117,204.9029449,38.4142307,21.11247905,37.21392588,26.36320456,0.6026314516,-26.9672157,-26.20125398,-0.4342357371,26.63419641,281.6144327,210.6467627,202.1904664,8.287103883,4.148287762,9.023433477,279.7810952,215.9051666,204.8426743,8.335949386,17.01715898,6.830062959,0,-108.827511,109.5929634,-63.1010224,11.60547151,151.7981869,0.4012482447,-108.1572635,108.9988531,62.47934751,-120.9158475,46.02944152,49.97823266,49.98106734,4130.636597,3749.036376,141.3710558,-271.9777871,5.5341656,1
9052,48,16,24,1,1,1,1,0,1,1,1,1,1,1,1,277.4039645,214.1091306,206.4177716,8.707766474,11.77923715,3.896670778,278.9932237,213.7746121,207.3059374,8.541991369,7.589659253,8.675079666,6.765525115,-5.06449792,-1.701037637,-6.701473024,4.969975431,1.731490295,277.3859466,214.099623,206.4156843,5.382612748,10.47655376,3.265515561,278.9898571,213.7747147,207.3030717,5.194092314,5.446539439,8.408168417,0,-108.2296011,108.3762227,43.4973987,-124.5343537,54.04462234,-0.189652469,-108.0795638,108.9529663,-45.80124706,-76.33809316,126.7802009,49.98171121,49.98171305,3663.230428,3651.899915,24.74929094,-207.066006,5.6074757,1
9053,48,16,24,1,1,1,1,0,1,0,1,1,1,1,1,277.4037582,214.1064682,206.4159389,8.732677225,11.8056469,3.880125178,278.999451,213.7669561,207.3079645,8.567655207,7.615077771,8.690162466,6.786407367,-5.103934401,-1.682470587,-6.721950089,5.009355958,1.712591665,277.3855553,214.0970178,206.41393,5.395642282,10.48719336,3.260934348,278.9960105,213.7670343,207.3051531,5.208942211,5.445999841,8.429637695,0,-108.2292341,108.3770468,43.65587121,-124.5835748,53.67547928,-0.190726528,-108.0788599,108.9561462,-45.94613162,-76.18925759,126.7943476,49.98171126,49.9817112,3663.03435,3652.251533,24.83395363,-207.2683767,6.100622,1
9054,48,16,24,1,1,1,1,0,1,1,0,1,1,1,1,274.6960595,218.28326,209.4422081,16.43726972,34.04678846,29.78630106,274.4382527,216.9228897,212.9871599,12.48360529,34.42414152,32.41579071,2.542479197,18.53046172,-21.07322552,-2.426545235,-18.95413605,21.38031894,274.0713822,217.3122458,207.6125787,11.94742914,10.63774813,3.146250252,273.7119199,216.3145634,211.2420211,5.658543141,11.72963341,12.53304173,0,-108.7250187,106.5473581,20.42039397,-160.3538948,-114.1022586,-0.7128897367,-107.8618026,107.1192482,-131.854369,-63.52262011,97.19777657,49.97981521,49.97985968,4039.643465,4025.575683,37.97863581,-154.9088013,5.6116479,1
9055,48,16,24,1,1,1,1,0,1,1,1,0,1,1,1,280.9578371,214.9176674,200.946755,79.15387168,41.9789981,73.43334111,288.1225252,206.9788015,204.4170082,79.18251922,34.94272512,75.29570238,51.49697066,-1.3880012,-50.10920576,-51.53663793,1.159865392,50.37653943,280.0004233,214.0328377,200.6750964,20.25108515,27.36858275,13.95657538,285.9626653,206.495645,201.1831739,19.38521924,15.84371442,20.53559194,0,-109.5080847,107.7414068,72.0997758,-137.0566047,-12.15766337,-1.234016579,-109.834136,109.9035564,-85.79097901,18.33317553,144.1192319,49.97252064,49.97252421,5486.570322,5471.700161,266.9559094,205.8271274,5.3678967,1
9056,48,16,24,1,1,1,1,0,1,1,1,1,0,1,1,284.2819724,215.0774576,198.8603037,20.00914604,21.60227979,4.908219005,285.9311451,214.0159205,199.4880039,19.53619819,18.76447094,10.3493043,13.68139053,-13.25426166,-0.4220423148,-13.37447901,13.00688106,0.3725604779,283.480876,213.1047371,197.3566612,6.35583453,11.24190578,3.311720673,285.3202929,212.347428,198.3043896,5.819574284,5.725841719,9.636478279,0,-110.6067463,107.5505011,47.62495479,-131.6957709,24.37665125,-0.2303966131,-110.4037428,108.3279671,-54.13159598,-66.5369519,127.5809211,49.98295504,49.97925623,3676.086544,3921.556246,62.19579613,-121.9534682,5.4313127,1
9057,48,16,24,1,1,1,1,0,1,1,1,1,1,0,1,466.4266547,245.564019,181.7933057,27.37757817,30.72620129,16.42247355,468.3252613,251.9278266,190.7408034,24.8581332,32.22413403,20.46021826,22.73672228,-27.88179792,5.145115021,-14.89938531,24.71567767,-9.816366985,349.3019295,211.0886796,117.6351424,10.04742249,10.36018929,7.887596981,355.5238247,218.4399265,122.3216723,17.18604587,19.71213726,12.31439591,0,-130.2792399,105.8423672,122.9513198,-27.45251814,-124.6101323,0.1672192215,-130.098556,106.2828352,-29.35963862,-161.1364749,76.32560077,49.96818163,49.97029803,6180.035325,6136.250172,1406.283364,-309.0599334,5.3825458,1
9058,48,16,24,1,1,1,1,0,1,1,1,1,1,1,0,275.9513364,215.3445001,206.9756883,23.79735901,19.78885715,7.77986176,276.2796414,216.7249228,207.8298765,23.68394108,19.8463493,7.767634763,22.5716097,-17.31096801,-5.261032093,-22.52154196,17.25653559,5.264617216,275.8863938,215.3038311,206.9240899,3.942756356,7.251089914,4.964386531,276.2173402,216.6618451,207.7643983,3.542104303,7.551646734,4.949018658,0,-108.4700763,107.5256588,-3.41070199,-110.6526372,107.4235897,0.04134311696,-108.2839045,107.6222889,3.633529476,-106.7544807,107.351024,49.98104928,49.98103703,3794.742108,3787.69404,51.02275323,-176.6450926,5.3690095,1
9059,48,16,24,1,1,1,1,1,0,1,1,1,1,1,1,277.4024032,214.1076326,206.4198917,8.705292851,11.7698454,3.898118333,278.9915242,213.7771495,207.3093245,8.544997564,7.589439444,8.672139717,-6.768358571,5.063209188,1.705113569,6.704131753,-4.969191692,-1.734960087,277.3842903,214.0981585,206.4177812,5.373347799,10.46731358,3.265306341,278.9881243,213.7772334,207.3064804,5.193889317,5.448542447,8.404488434,0,-108.2285914,108.3773365,43.49444274,-124.5027594,54.11665657,-0.1892828091,-108.0786268,108.9534887,-45.69930858,-76.4483385,126.7712537,49.98171288,49.98171134,3663.121574,3651.841516,24.92860938,-207.1950695,5.5702681,1
9060,48,16,24,1,1,1,1,1,0,0,1,1,1,1,1,277.8976522,212.3425313,207.5198377,7.166346796,12.43986792,6.687262046,278.8529369,212.0524335,209.2858374,4.368478723,10.85006985,11.223171,1.464845092,-7.855444895,6.39055442,-1.456088849,7.914048477,-6.458022604,277.8949966,212.3421947,207.5172266,6.866909253,9.522817869,1.281819619,278.8491882,212.0324668,209.2611063,3.860497805,7.263801961,9.053526926,0,-107.4672207,109.6984379,30.45897234,-133.3683181,66.68890897,-0.3076212382,-107.0987289,110.2160835,-65.27226102,-72.98556929,115.2548653,49.98172665,49.98172865,3659.117812,3649.547341,2.239075743,-225.2955026,5.3990461,1
9061,48,16,24,1,1,1,1,1,0,1,0,1,1,1,1,278.036969,217.0140936,204.5012509,57.06060967,57.87847003,22.33388185,276.5677804,214.0775814,210.9996858,55.22643253,57.77567231,28.44998463,-38.19341358,37.68186481,0.5109475655,37.85486628,-37.33049407,-0.5250011909,276.3657544,215.7937304,204.0843643,15.76139496,15.24828649,10.44506116,276.3741385,213.7196303,210.2079032,9.924732151,17.76079391,20.20249288,0,-109.3060433,106.902705,28.7560884,178.142267,-82.90059029,-1.079567456,-107.7525306,108.1557067,-129.6133194,-54.18054675,102.0209689,49.97574354,49.97770125,4815.902294,4290.981386,228.4373602,-163.0356293,5.4471916,1
9062,48,16,24,1,1,1,1,1,0,1,1,0,1,1,1,288.9238112,218.2514574,197.7363796,20.8047113,22.26120425,6.357515075,290.7008842,218.4855336,197.9015804,20.96750972,20.66301414,10.42298394,-16.82731322,15.75703889,1.068962363,16.37396124,-15.33463872,-1.04065775,287.1308181,213.5473967,193.7638984,3.683287037,8.509009003,2.875464732,289.051128,214.0107974,194.7371462,6.343474455,6.516034878,8.648350063,0,-111.71862,107.1528327,53.54995647,-123.0531781,38.67848116,-0.04148181026,-111.534322,107.8149045,-27.96522627,-97.3502989,125.2149661,49.97919517,49.9823592,4057.233858,3612.7276,178.9657724,-198.2245507,5.4160076,1
9063,48,16,24,1,1,1,1,1,0,1,1,1,0,1,1,280.7469091,214.4925995,201.9886975,71.28032785,35.22925649,67.67550137,287.8217455,208.1483447,204.8146775,71.53377571,27.92139018,69.44761304,-46.59814514,0.119271106,46.47853847,46.65932201,0.05910077555,-46.71872994,280.0640977,213.8747166,201.7768813,17.55813245,24.14974772,12.48771461,285.944394,207.7683509,202.0905694,17.51488821,12.25619014,18.89788991,0,-109.21251,108.0462192,76.71797241,-133.2543898,-8.338390872,-0.9771684365,-109.5786368,110.0047966,-78.09838273,18.46848844,144.6075396,49.9757632,49.97367949,4590.83131,5187.053558,180.6909079,25.0722732,5.2768651,1
9064,48,16,24,1,1,1,1,1,0,1,1,1,1,0,1,275.9450247,215.3443648,206.9641473,23.81699037,19.80536116,7.781057091,276.2813195,216.7420809,207.8187139,23.71649433,19.88200273,7.766437362,-22.59336154,17.33093176,5.262030074,22.54320649,-17.28089582,-5.262692298,275.880041,215.3037934,206.91243,3.903100978,7.224180443,4.966534377,276.2188748,216.6784825,207.7528691,3.583825061,7.576793815,4.946317639,0,-108.4738483,107.5201036,-3.698075787,-110.4049097,107.3909723,0.04439748047,-108.2883737,107.616759,3.868777557,-107.0110026,107.3725647,49.98104731,49.98103434,3796.598565,3786.850277,52.74615046,-178.0798336,5.3721235,1
9065,48,16,24,1,1,1,1,1,0,1,1,1,1,1,0,466.4299658,245.487413,181.6231115,27.33376517,30.68686324,16.21602155,468.4091495,251.9503979,190.7381617,24.897121,32.2627371,20.39708823,-22.71517636,27.96543762,-5.250115806,14.87768098,-24.80196613,9.924348013,349.3585497,211.0641385,117.6825689,10.17008913,10.40297799,7.942966143,355.6426181,218.472607,122.4409799,17.36487986,19.84041067,12.41803838,0,-130.2660254,105.8833089,123.792444,-26.67308606,-123.5576186,0.1707330615,-130.0719117,106.3442975,-29.10573736,-160.9309311,76.89175102,49.97090316,49.96748612,6098.56902,6215.494998,1419.192538,-321.041619,5.2128443,1
9213,24,24,48,1,1,1,1,1,1,1,1,1,1,1,1,235.5864981,201.236059,254.9742735,5.881186886,4.919621221,3.191070421,236.4819304,201.897628,255.4587377,5.405499901,4.757340674,3.717050056,0.004216336334,-0.01044409402,0.006206910897,-0.00407945359,0.009809767503,-0.005745728599,235.5796785,201.237627,254.9788423,5.88070425,4.919303637,3.190586485,236.4750986,201.8992227,255.4632986,5.405014708,4.757061178,3.716660402,0,-130.7482087,108.3501892,0.002497110807,-135.8828041,107.1887399,0.07866036841,-130.6223182,108.4132564,-0.3058761279,-125.7093755,109.2227923,49.98407804,49.98407662,3188.830533,3180.023376,60.40946917,-131.6773508,5.4342983,1
9214,24,24,48,1,1,1,1,1,1,0,1,1,1,1,1,235.2630268,200.6552888,255.8356822,9.988629196,11.72531158,7.060395361,236.127066,199.5558097,257.7838126,4.331470019,10.17363337,10.68415495,1.739595546,-8.403312037,6.663695871,-1.725754569,8.438314189,-6.71257741,235.2554963,200.6562914,255.836482,9.701018948,7.966492196,1.229721638,236.1175182,199.5353641,257.7639454,3.624319273,5.376212266,8.070388958,0,-130.5172841,108.5230263,17.65976164,-164.7719163,-96.69276213,-0.3894086831,-130.2101026,108.852757,-55.86307748,-74.39762696,104.8440766,49.98397398,49.98396815,3208.964899,3202.421139,54.98598959,-135.0473601,5.2396169,1
9215,24,24,48,1,1,1,1,1,1,1,0,1,1,1,1,235.2686507,200.6527791,255.8340328,9.990379709,11.72365724,7.056538797,236.1309664,199.5508423,257.7787562,4.327823645,10.16984199,10.68031096,-1.736813232,8.397557526,-6.660764843,1.723029958,-8.433666816,6.710629372,235.2611334,200.6537717,255.834825,9.702946674,7.969975966,1.227494897,236.1215207,199.5305496,257.7589867,3.620292769,5.377876352,8.068453967,0,-130.5183668,108.5249181,17.63756171,-164.7854977,-96.66354587,-0.3891077629,-130.2113551,108.8547505,-55.87206294,-74.36045994,104.8556239,49.98397548,49.98396572,3208.917021,3202.544089,54.85426541,-134.8864718,5.6034191,1
9216,24,24,48,1,1,1,1,1,1,1,1,0,1,1,1,236.1383155,201.1507913,254.5328821,6.630518426,8.416023145,9.398693243,238.6289612,201.8591534,253.5345284,10.85759855,3.732346068,8.842734887,5.669517609,1.692895127,-7.362437642,-5.724194812,-1.668933209,7.393092971,236.1301514,201.1508404,254.5364109,3.0347322,8.115722337,5.702143104,238.6068604,201.8580879,253.5234183,9.082887066,3.004445907,4.68299135,0,-130.89648,108.514463,36.64480021,-114.3557736,66.05417773,0.2165860307,-131.257482,108.7519067,-11.59026742,177.4034067,163.7303678,49.98394578,49.98395394,3215.021187,3204.867627,57.40663071,-134.4465771,5.5695096,1
9217,24,24,48,1,1,1,1,1,1,1,1,1,0,1,1,236.1378069,201.1536523,254.5317552,6.690381501,8.424737756,9.437645695,238.6346652,201.8601538,253.5319313,10.89700127,3.724788427,8.888796613,-5.726512911,-1.683155191,7.409627594,5.781818333,1.657658416,-7.439517662,236.1296038,201.1536813,254.5353024,3.042430473,8.127236022,5.700291652,238.6122543,201.8590187,253.5206117,9.087995938,3.001993482,4.689019614,0,-130.8968133,108.5137078,36.90051944,-114.3435527,65.98982843,0.2161666035,-131.2592166,108.7521114,-11.68320194,177.1873619,163.6976826,49.98395122,49.98394671,3212.603002,3207.559304,56.68762331,-133.7887131,5.7163451,1
9218,24,24,48,1,1,1,1,1,1,1,1,1,1,0,1,235.3719116,201.7771864,254.8652554,10.43804314,5.714382484,6.483467124,234.8604465,203.656462,255.7187892,9.114593906,10.15959071,3.982984122,-6.943919947,5.446284169,1.497618784,6.984468609,-5.500037352,-1.484453473,235.364663,201.7767726,254.8686102,7.699778742,1.223241801,6.164814691,234.8398899,203.6420625,255.7212952,5.731985233,8.454350369,3.444909921,0,-130.7696032,108.0792072,-28.09221129,-132.3657251,137.7537572,0.2631560762,-130.3466946,107.7853067,38.93470768,-130.5520582,44.8784582,49.98397575,49.98397716,3208.922654,3200.132054,48.97760678,-142.305753,5.5780679,1
9219,24,24,48,1,1,1,1,1,1,1,1,1,1,1,0,235.370204,201.7736902,254.8696952,10.44330863,5.737532525,6.483786127,234.8631519,203.6566186,255.7199655,9.138439858,10.17732728,3.978920296,6.964866446,-5.469193361,-1.495694208,-7.005373124,5.521872585,1.483481447,235.3629486,201.7732987,254.8730507,7.686427349,1.218126079,6.165812963,234.8424857,203.6420619,255.7225361,5.742277625,8.459027448,3.441413276,0,-130.7680372,108.0803424,-28.13313606,-131.7730488,137.7215607,0.2640613019,-130.346042,107.7865802,38.83422881,-130.6368646,44.86133577,49.98397291,49.98397976,3208.47851,3200.6883,49.12595802,-142.4343423,5.822867,1
9220,24,24,48,0,1,1,1,1,1,1,1,1,1,1,1,235.1306052,198.7108821,257.5898876,4.511545528,10.44171463,10.71693771,236.138386,201.1766238,256.5017384,9.824154883,11.69571105,7.404604051,-1.87286219,8.916775917,-7.043928526,1.858532138,-8.820622884,6.962085745,235.1204954,198.6913412,257.563129,3.712259964,5.040332609,7.750572333,236.1312957,201.1777082,256.5006645,9.489838142,7.411164853,1.129161037,0,-129.867614,109.2213733,-52.87384193,-79.82635542,102.7212938,0.5665573653,-129.9517218,109.0188975,18.18139509,-161.5148609,-119.9959123,49.98397083,49.98397187,3210.078339,3201.207024,57.79416831,-136.4507531,5.8165039,1
9221,24,24,48,0,1,1,1,1,1,0,1,1,1,1,1,269.4898763,324.1748332,334.3192397,11.74732958,18.86351604,18.21396497,272.9799475,325.7673053,335.9272791,13.54133118,15.86846017,17.99998184,-1.046962444,13.6385071,-12.59270864,-6.162271728,-3.767853691,9.929006206,187.5402988,232.0856776,289.4963883,4.017813204,5.13110563,4.578132356,189.8316353,235.2898468,292.0166791,7.110290899,10.81404293,8.966612135,0,-121.2367432,92.69512413,49.66442088,-48.48382307,-179.2089763,0.01199592978,-121.2232435,92.72871959,-25.68540651,-148.3068984,61.96647717,49.96569387,49.97550735,5885.550394,5900.072992,-109.1169481,-823.3556801,5.5472269,1
9222,24,24,48,0,1,1,1,1,1,1,0,1,1,1,1,235.1624064,195.5518987,260.0796499,8.850737873,39.04854711,32.83787446,236.1273324,196.2699576,260.4606353,8.78715254,38.88093299,32.79676473,-5.742709434,36.29333796,-30.55064067,5.68999424,-36.17287902,30.48286008,235.0194279,195.3607978,259.8625332,5.645215491,4.845835743,3.383390453,235.9819955,196.0413325,260.2715191,5.614514213,4.5239602,3.67006961,0,-129.1476118,110.3888425,0.1657633844,-132.0991581,106.3197738,0.09445780107,-129.0435196,110.4536081,-0.4451576096,-126.2740438,114.0095319,49.98231309,49.9823157,3540.665799,3531.961182,120.7714988,-71.47081067,5.5766427,1
9223,24,24,48,0,1,1,1,1,1,1,1,0,1,1,1,230.9325882,199.052735,262.8898617,30.35451495,66.64031683,69.74850347,239.744408,197.2736379,256.9041991,35.90388323,64.30825752,69.2816842,1.118904439,44.68537519,-45.80426049,-1.35491123,-44.1936163,45.5485167,230.5463323,196.8898825,260.7747793,13.80813065,18.33984718,17.33895265,239.0045017,197.1239474,256.1311841,23.30690753,10.94765722,17.58778399,0,-128.1963142,109.2929836,138.0854456,-100.8073256,29.10934816,0.6267095332,-129.8812937,110.4687671,-23.21460872,103.1710107,-174.0138776,49.97669079,49.97732503,4629.975787,4407.94487,349.2331851,-25.99767893,5.7499481,1
9224,24,24,48,0,1,1,1,1,1,1,1,1,0,1,1,237.2672991,197.6349155,257.2457817,12.82585263,8.927415142,14.25624761,240.1832492,198.3985918,256.4161047,15.77102943,4.122982056,14.15264508,-10.24267169,-1.248227705,11.49051863,10.3678563,1.260020448,-11.62820542,236.7604811,197.264836,257.086916,3.157962772,8.411907669,5.744342963,239.4282541,197.8870907,256.090175,9.392310268,2.846969279,5.08706839,0,-130.1733125,110.0366602,44.72678335,-113.3924048,63.96079115,0.1954600545,-130.5875309,110.3062889,-13.7760162,169.3217378,164.4218231,49.98396876,49.98360419,3177.320134,3304.565105,66.86833625,-116.469525,5.6977299,1
9225,24,24,48,0,1,1,1,1,1,1,1,1,1,0,1,232.5490797,201.3710189,258.1716772,58.60649309,62.33595514,30.57771668,236.3889076,208.4742069,252.4136612,61.06111307,62.78795135,26.68230925,-40.56484173,41.50786588,-0.9430406018,40.74677671,-41.59616968,0.8493746979,232.4522838,200.8356682,257.482543,8.983010219,15.44136309,19.11625053,234.7086043,206.4780441,252.0058706,18.42403932,15.78155867,12.51262395,0,-129.4660062,108.0205247,-132.0930156,-56.04214288,93.58039623,1.470721333,-130.5332895,107.2949517,21.41336164,160.171982,-94.11552354,49.97881665,49.97783301,4101.329134,4392.291392,140.2097417,49.65020535,5.8217932,1
9226,24,24,48,0,1,1,1,1,1,1,1,1,1,1,0,234.802691,198.8287982,257.8549814,4.39860245,11.09489414,11.40651355,235.836888,201.336807,256.689027,9.942234468,12.24995437,8.222758202,-1.703314698,9.516588969,-7.813265473,1.680374291,-9.403608293,7.723248541,234.7919796,198.8002375,257.8159599,3.66230467,5.185507573,7.915196645,235.8291817,201.3361626,256.68551,9.646648494,7.482379127,1.294083923,0,-129.7628104,109.1353608,-55.42047331,-78.77269795,102.1300456,0.5830093243,-129.8620476,108.9276505,18.22941958,-162.5788326,-117.6142578,49.98395696,49.98395318,3214.19689,3204.10916,55.63306039,-137.9487466,5.3886596,1
9227,24,24,48,1,0,1,1,1,1,1,1,1,1,1,1,235.125292,198.7188721,257.5934992,4.510202459,10.41479473,10.69130681,236.1350313,201.1820821,256.4993117,9.82302272,11.68068203,7.370583396,1.873854032,-8.887271352,7.013352537,-1.859346224,8.789896864,-6.93062387,235.1150548,198.6992771,257.5667142,3.707770384,5.040655879,7.745845505,236.1278716,201.1831684,256.4982686,9.487666473,7.425026446,1.115101484,0,-129.8663028,109.2192025,-52.81776348,-79.66870914,102.8348878,0.5669361258,-129.9517323,109.0171988,18.14927788,-161.5303787,-119.5750207,49.98398928,49.98395397,3207.119,3204.27877,57.02375294,-135.6587403,5.8993083,1
9228,24,24,48,1,0,1,1,1,1,0,1,1,1,1,1,235.1640693,195.5615846,260.0729016,8.850157662,39.00330038,32.79192131,236.1282875,196.280338,260.4532727,8.786598085,38.83908598,32.75047196,5.743307648,-36.24926729,30.50594328,-5.690763124,36.12874735,-30.43800603,235.0209624,195.3719837,259.8568553,5.645267698,4.832984819,3.385288563,235.9832481,196.0520926,260.2642927,5.614529969,4.536216791,3.665878156,0,-129.1500044,110.3853757,0.1655971991,-131.9791004,106.5970567,0.0940769887,-129.046864,110.4496743,-0.4453226977,-126.4234508,113.7530655,49.98233619,49.98230987,3537.575995,3533.306589,120.4406433,-71.35061084,5.7755222,1
9229,24,24,48,1,0,1,1,1,1,1,0,1,1,1,1,268.5050499,324.3731811,334.1195837,11.35160007,17.36867069,16.85851129,272.5960909,325.9657289,335.9612541,14.20996899,15.10614771,17.38064928,0.4732937456,-12.88314813,12.40896085,6.718525973,2.991898252,-9.711254709,186.8642824,231.8054684,289.0659856,3.801139844,4.193675735,3.658245489,189.4352044,235.1578469,291.8660126,7.84300168,10.97614835,9.571825349,0,-121.2254346,92.59329209,60.44692125,-44.39608527,-160.5920698,0.05672111787,-121.084505,92.75335842,-25.06318764,-143.140392,71.13412017,49.97356206,49.96752625,5191.269443,6571.178109,-94.64268664,-848.7976951,5.6336537,1
9230,24,24,48,1,0,1,1,1,1,1,1,0,1,1,1,236.3392241,199.6118211,255.6332638,9.316001913,8.815643172,11.58899953,239.0388331,200.2502827,254.4796201,12.99440149,3.396308301,11.13026487,8.325219191,1.097423854,-9.422528908,-8.398201159,-1.095179512,9.493497881,236.3043036,199.597206,255.6200278,2.964150037,8.641226343,6.13709931,238.9601273,200.2311664,254.4217845,9.461458008,2.907060188,5.099867955,0,-130.57632,109.1151037,44.4659028,-113.4498985,63.5323685,0.2234220709,-131.0062042,109.3810289,-12.75380416,166.196237,168.3276328,49.98388909,49.98391901,3225.609586,3212.396526,58.75011464,-125.032159,5.5326039,1
9231,24,24,48,1,0,1,1,1,1,1,1,1,0,1,1,230.5829663,198.9627152,263.1533314,31.6358429,69.12854901,72.31112374,239.6053499,196.9074671,256.7605954,37.07006132,66.73430624,71.81403164,-1.162705609,-46.19761908,47.36036588,1.410474872,45.68676205,-47.09719812,230.1556575,196.6430224,260.9112835,14.24343886,19.07301884,17.87801826,238.8131127,196.7523429,255.931543,23.65955149,11.58736913,18.06752063,0,-128.0702446,109.3154147,137.5184522,-101.0421888,29.28754003,0.6514007138,-129.8439113,110.5292871,-23.88378562,101.2477681,-173.1774564,49.97636088,49.97629736,4722.754456,4717.501356,373.2570621,40.26587364,5.7057829,1
9232,24,24,48,1,0,1,1,1,1,1,1,1,1,0,1,234.8096773,198.8297234,257.8381977,4.393931015,11.00835449,11.31706322,235.8453128,201.3443406,256.6837656,9.941257935,12.23256581,8.129498667,1.703248698,-9.458795285,7.755446218,-1.680014966,9.344859123,-7.664956418,234.7989126,198.8015909,257.7997587,3.659006968,5.145620018,7.872669266,235.8375497,201.3437513,256.6804278,9.646594148,7.552359498,1.219410611,0,-129.7676985,109.1372963,-55.39892104,-78.0420883,102.6132844,0.5829019392,-129.8644817,108.9296576,18.20765483,-162.3325844,-116.4995751,49.98397632,49.98393508,3209.38398,3208.480583,55.96577558,-138.2535808,5.6927567,1
9233,24,24,48,1,0,1,1,1,1,1,1,1,1,1,0,232.3817887,201.4122859,258.4594797,59.24102409,63.36297859,31.66469615,236.2880085,208.4244032,252.285154,61.70260826,63.73879707,27.74563942,40.97399473,-42.14242272,1.167656734,-41.15265718,42.21889706,-1.067019223,232.2827902,200.8108538,257.6986864,9.111168827,16.01172289,19.77627036,234.5720863,206.374659,251.8578736,18.57233116,16.06754277,13.18018713,0,-129.3763224,108.0271737,-132.6711026,-57.08516507,93.23263744,1.484409825,-130.5393681,107.2860623,21.3468128,158.1437723,-94.25148696,49.97843104,49.97760878,4197.21965,4447.091475,129.9082767,89.84668625,5.741833,1
9234,24,24,48,1,1,0,1,1,1,1,1,1,1,1,1,237.4730557,200.9611858,253.4108946,10.60482239,3.823588347,8.272545775,236.835026,201.8200286,255.1400199,6.298676602,8.432820154,8.761867884,-5.210712494,-1.643553783,6.854224149,5.132212391,1.663670027,-6.795929338,237.4558391,200.9604199,253.3998238,9.097102398,3.189271537,4.514660279,236.8277261,201.8193034,255.1430538,3.292305319,8.163967432,5.432340395,0,-131.4003877,108.6982736,-13.7423518,174.6240961,160.6482968,0.00611441306,-130.8261832,108.5536476,40.11589805,-112.971652,67.61445416,49.98396953,49.98395277,3210.831949,3204.616649,63.27223558,-130.2714537,5.6448223,1
9235,24,24,48,1,1,0,1,1,1,0,1,1,1,1,1,237.8769738,196.7816376,256.5779461,35.44657156,66.02319903,70.38541905,231.1402129,200.4267961,263.6407605,29.68505831,67.94895696,70.65030665,-0.9467483458,-45.27297031,46.21999359,0.791326711,45.49153425,-46.28259572,237.1781859,196.6077749,255.8811926,23.05427273,11.66724386,17.15201509,230.728387,197.8673128,261.6676973,13.47367271,18.84624781,17.17161378,0,-130.5821478,109.9888614,-23.81533622,103.2565876,-171.9926885,-0.4557699974,-128.6279452,108.9571907,136.8343194,-100.3397511,31.50970188,49.9771102,49.97674412,4450.701125,4602.850037,222.9221586,130.8494758,5.6671084,1
9236,24,24,48,1,1,0,1,1,1,1,0,1,1,1,1,237.2765725,197.8392864,255.6283683,14.61400592,3.442414027,13.30895043,236.777568,198.8382228,257.9675985,12.17507866,9.542577457,14.05989492,-10.20676496,-0.5181824362,10.7277211,10.04823814,0.5224359734,-10.56790372,236.9676197,197.6290153,255.470626,8.595394038,2.842163744,4.461874826,236.4955544,198.6932983,257.8166455,3.585574042,9.333868377,6.588908072,0,-130.6671207,109.7221348,-13.68511376,150.6335481,176.161485,-0.02468712034,-129.9704739,109.6042358,33.74643117,-113.2379772,71.20818584,49.98429799,49.98331475,3138.221568,3352.657423,125.5210513,-168.0510971,5.6935852,1
9237,24,24,48,1,1,0,1,1,1,1,1,0,1,1,1,277.4787863,195.0338294,427.1596689,24.68829618,14.1524109,22.68058882,282.1238124,201.8861348,428.8673186,25.7309618,17.56233178,20.39880766,-21.65143061,3.291354901,18.35964621,19.22489029,-8.288312823,-10.9368782,242.4584541,128.7948661,311.8314009,8.003807128,5.753134364,8.271086997,248.0623087,132.5594934,317.0528325,15.30121005,10.14666952,14.49627189,0,-113.1712264,132.2733122,100.29773,2.727747852,-107.9793846,0.09265047773,-112.9623238,132.4154667,-31.01291241,-143.8201171,102.5900485,49.96868195,49.9768458,5495.583329,5424.95119,882.6092947,-476.3172695,5.3759863,1
9238,24,24,48,1,1,0,1,1,1,1,1,1,0,1,1,239.0199357,201.5409451,251.2868419,21.33317127,7.571906672,25.91212555,239.9915614,202.3742823,251.6021662,21.36266159,7.559530162,25.82147168,-19.47894181,-5.063745152,24.54270557,19.42975257,5.06121302,-24.49096216,238.9505418,201.4664847,251.2261349,5.575008756,4.832143097,3.554069278,239.9061722,202.2885842,251.5447236,5.878737703,4.819863239,3.262226261,0,-132.1172756,108.7833784,-2.141962234,-132.1933015,105.2964653,0.1213765028,-132.0203401,108.8266433,1.775569769,-132.3177995,112.4226994,49.983189,49.9831834,3366.953273,3358.533148,95.11889545,-99.77001934,5.7832936,1
9239,24,24,48,1,1,0,1,1,1,1,1,1,1,0,1,241.1849072,197.8900496,253.6817741,65.61353608,27.42049986,63.61586591,237.0098181,205.5701061,251.8733429,65.43862897,32.81253757,61.94280734,-42.85938311,0.3146833133,42.54473662,42.55453473,-0.3572726973,-42.19723064,239.6519185,197.4308603,251.6228248,16.10290382,12.70455361,16.69536508,236.5195906,204.684883,251.6906956,18.11615165,21.71940645,11.45052771,0,-131.8253129,110.1070953,-80.25492464,23.38123458,141.0676524,1.443463919,-130.7107171,108.790413,61.40351726,-145.8678049,-20.78135928,49.97740552,49.97755576,4510.357701,4446.014667,333.1094334,8.516233616,5.765907,1
9240,24,24,48,1,1,0,1,1,1,1,1,1,1,1,0,235.6112313,201.9694173,254.4848785,10.94634014,6.503761404,6.62514778,235.0393773,203.9336794,255.330266,9.709912022,10.81121412,3.93324929,7.547433909,-6.278270657,-1.269174653,-7.600398077,6.338828872,1.261557671,235.6032663,201.9682479,254.487926,7.801461737,1.036281171,6.372145672,235.013212,203.9112399,255.332757,5.878780483,8.651598757,3.49265386,0,-130.9034135,108.0425296,-29.48897714,-128.9021853,138.0282463,0.2787855133,-130.4696757,107.7275932,40.49234852,-131.1502355,41.31636028,49.98394921,49.98395082,3213.708724,3206.019625,48.2308819,-142.2529198,5.6617442,1
9241,24,24,48,1,1,1,0,1,1,1,1,1,1,1,1,237.4739117,200.9472637,253.4161788,10.62697521,3.817591092,8.302473491,236.8319211,201.8096533,255.1481049,6.335458336,8.438889388,8.785424903,5.250280938,1.635881482,-6.886179538,-5.171399464,-1.657267304,6.828653652,237.4566618,200.94644,253.4049592,9.099586524,3.185525895,4.520020992,236.8246384,201.8089243,255.1511201,3.299532017,8.171570877,5.429812644,0,-131.3985298,108.7025316,-13.81025304,174.4931621,160.6147228,0.006363045196,-130.8231759,108.5568832,40.26134127,-112.9773825,67.56140755,49.98396059,49.9839607,3212.52026,3203.018909,63.7463322,-130.7488857,5.4801933,1
9242,24,24,48,1,1,1,0,1,1,0,1,1,1,1,1,237.9801363,197.7710481,256.1475073,17.06784638,3.744840267,15.56330875,236.8732652,198.7286224,258.0342079,14.02444242,9.513305229,15.77132033,10.03971272,0.7192857436,-10.76031525,-9.881538702,-0.7104234453,10.59064843,237.5033055,197.4806898,255.9046249,9.888420933,3.051699532,5.472161149,236.5374344,198.5194719,257.9032162,3.174861259,9.253224879,6.411119059,0,-130.6304341,109.9701606,-15.47669716,152.53705,170.621603,0.0315471269,-129.9154962,109.7764847,54.97079912,-111.8377402,61.68039732,49.98503168,49.98235565,3089.612021,3449.535859,57.34694934,-90.08314758,5.7734157,1
9243,24,24,48,1,1,1,0,1,1,1,0,1,1,1,1,237.9822997,196.3703888,256.572576,37.94003056,68.24343265,73.2968827,230.6600662,200.2587604,263.7559866,32.23895085,70.19541557,73.49765363,1.284035948,46.69005552,-47.9740566,-1.113586302,-46.91779786,48.03141741,237.1935771,196.1826412,255.7826093,24.24122149,12.20149247,18.16290194,230.2098804,197.5209239,261.6658614,14.72679078,19.42359729,17.93516574,0,-130.5733218,110.1126218,-24.76545148,102.0225189,-173.3009657,-0.4648786237,-128.5434984,108.9793944,136.9104526,-100.3785822,29.0162426,49.97608074,49.97597895,4766.697627,4787.002847,255.0612764,210.9929598,5.5098999,1
9244,24,24,48,1,1,1,0,1,1,1,1,0,1,1,1,239.0379263,201.5441742,251.2993774,21.37416904,7.570666628,25.9439327,239.9842996,202.3739996,251.5945139,21.37419047,7.55993947,25.84158358,19.50272096,5.063055358,-24.56583868,-19.45306976,-5.061493805,24.51450519,238.9676468,201.4697807,251.2381255,5.62998073,4.830880513,3.595464483,239.899466,202.2883621,251.5375431,5.826404074,4.821214753,3.216262843,0,-132.1169731,108.7879906,-2.417494866,-132.2001719,106.0136777,0.1233014193,-132.0207558,108.8271155,2.078678264,-132.3108465,111.7246664,49.98319756,49.98317512,3364.78945,3361.962354,92.45018252,-96.83354555,5.6726696,1
9245,24,24,48,1,1,1,0,1,1,1,1,1,0,1,1,282.160385,203.7002691,429.152577,22.0134906,15.38452097,17.37152659,280.1983731,199.8288531,428.7444718,20.37577041,11.75933099,18.64633095,-14.42805871,7.097503174,7.327433163,16.71583894,-1.923023591,-14.79615645,247.8735808,133.2967916,314.729195,14.14888746,8.578953276,13.31439942,244.8180427,131.303859,311.0539882,6.798887248,3.886911197,6.509252008,0,-114.1708556,131.8754166,-28.8076385,-139.3804057,108.0054127,0.1178486545,-114.2619885,131.7633413,94.90812228,-2.879734302,-103.5819491,49.96847393,49.97678475,5406.064898,5515.453699,-241.6318181,562.7141601,5.3830344,1
9246,24,24,48,1,1,1,0,1,1,1,1,1,1,0,1,235.6262571,201.9837842,254.4708997,10.94968274,6.50879247,6.629375941,235.0538177,203.9464028,255.3148356,9.702666861,10.80510117,3.930756873,-7.540848572,6.274015515,1.2667917,7.594062794,-6.335968814,-1.258132521,235.6182687,201.9825651,254.4739093,7.807498092,1.047296724,6.378167004,235.0275728,203.9238748,255.3173172,5.868640074,8.641333998,3.492875904,0,-130.9097901,108.0406529,-29.42181887,-128.82136,138.0231752,0.2780162718,-130.4771339,107.7251928,40.51209778,-131.1704687,41.20968352,49.98394726,49.98395234,3212.155816,3207.822526,46.97733823,-140.9399379,5.4664025,1
9247,24,24,48,1,1,1,0,1,1,1,1,1,1,1,0,240.8006494,198.3562182,253.5746341,61.18786612,25.31952174,59.26546367,237.1524132,205.5841449,252.2719547,61.09769441,30.83003568,57.68925466,40.22895443,-0.3563519828,-39.87206379,-39.93792428,0.3932868863,39.54530173,239.4472424,197.9463404,251.7524596,14.80377084,11.84608911,15.33890944,236.72791,204.8170083,252.1066214,17.00479737,20.91461249,10.27695897,0,-131.8088317,109.902595,-79.6317224,23.85726265,142.0666933,1.333221406,-130.7300164,108.707153,59.1092225,-145.1530006,-16.91048724,49.97806365,49.9788029,4346.730497,4120.980864,297.8554055,-58.24154002,5.4334154,1
9248,24,24,48,1,1,1,1,0,1,1,1,1,1,1,1,234.1668733,202.733829,255.2624902,8.65647595,9.709936818,3.839194711,236.3776593,202.3551499,255.3260385,9.590163652,5.125369431,6.555488197,6.323998133,-4.896116072,-1.427881316,-6.239423342,4.806317406,1.433103659,234.1496421,202.7225998,255.2654506,5.814921907,8.33151824,3.34110353,236.370529,202.3549046,255.3297743,7.205688952,1.508585872,6.276869047,0,-130.5718695,107.6334634,33.95729943,-134.8852866,42.63140904,-0.07085819899,-130.7348786,108.0163356,-27.07613293,-107.7674513,136.5292465,49.98399878,49.98399663,3204.308762,3196.485756,47.07525259,-145.3701877,5.4937278,1
9249,24,24,48,1,1,1,1,0,1,0,1,1,1,1,1,235.2953549,207.5096334,251.9140462,57.30834492,58.69623288,24.12527204,233.6735179,202.3144414,257.9524988,54.40943219,57.70975802,28.01070017,38.2371407,-38.75065572,0.5137959005,-37.75698285,38.35172404,-0.5944597947,233.8224434,205.8208436,251.5986431,17.72422226,15.52145548,11.41240761,233.5778736,201.8666581,257.4118415,8.249497587,14.71404197,18.03288257,0,-131.7147811,106.2491278,20.11123283,161.6343248,-92.6744486,-1.201417051,-130.5446771,107.0483982,-131.2317066,-55.96798997,94.51332741,49.97850983,49.97971308,4266.156005,3915.624785,212.1492375,-66.57930982,5.5696128,1
9250,24,24,48,1,1,1,1,0,1,1,0,1,1,1,1,235.0654415,200.7343702,255.9775464,10.06279077,12.10396665,7.59046404,235.9105913,199.6068234,257.967069,4.263280096,10.58364824,11.09460187,-1.625276159,8.788521991,-7.163288391,1.617467549,-8.833870711,7.216364105,235.0579412,200.7344953,255.9779883,9.797723688,8.058422943,1.298484349,235.9012297,199.5809195,257.941387,3.594631235,5.452408688,8.146959367,0,-130.4608158,108.4652838,17.66696973,-165.2335141,-95.70827474,-0.3991253026,-130.1450821,108.7982694,-57.47854559,-73.41004499,104.7669943,49.9839509,49.98397006,3214.068134,3201.629332,54.16319133,-136.3387942,5.5376133,1
9251,24,24,48,1,1,1,1,0,1,1,1,0,1,1,1,236.5517883,204.7752906,251.0309017,64.45863135,32.10693954,60.98548872,242.6357422,198.910243,253.4270832,64.21614474,26.4844821,62.37992149,41.78665807,-0.2746970633,-41.51190043,-41.83270049,0.1621689766,41.67056842,236.0553486,204.0327631,250.897915,17.58823161,21.48082337,11.38746524,240.9797641,198.4680699,251.5773979,15.47504176,12.37830952,16.50815485,0,-131.9664331,107.4451253,59.66869254,-147.6329438,-20.91017536,-1.193383062,-132.8369636,108.8328992,-80.67648999,20.61130762,140.3932842,49.97792071,49.97759304,4373.870199,4461.136771,176.6817102,113.5275024,5.6018493,1
9252,24,24,48,1,1,1,1,0,1,1,1,1,0,1,1,234.4746061,203.2750594,254.6248254,9.888379988,11.08870775,3.791396093,236.7998852,202.7270963,254.6949457,10.68314137,6.857814193,6.857319849,7.555039649,-6.56703186,-0.9882105921,-7.438305243,6.448800399,0.9893009585,234.4469002,203.2490298,254.6272847,6.049436464,8.714357593,3.479596063,236.7912093,202.7249514,254.6975888,7.395393848,1.282913318,6.690730314,0,-130.7988384,107.4933987,36.94656284,-136.0017787,35.54227719,-0.09920147105,-130.9807541,107.9185984,-29.74504881,-95.21120681,137.1952788,49.9839181,49.98397588,3221.990724,3200.407282,51.70683677,-152.1619702,5.7266334,1
9253,24,24,48,1,1,1,1,0,1,1,1,1,1,0,1,358.775792,289.1154926,272.2336069,19.92883951,20.56142608,13.62833876,360.7437486,291.1541068,276.1751596,17.07160828,19.90435744,15.65217689,13.27287281,-14.85025962,1.578427343,-3.470452026,9.464487639,-5.993512114,277.2627097,238.0975807,183.5457676,5.696845132,2.738268563,3.570658072,280.7752295,241.3554388,186.0294651,10.84115948,10.7903133,7.137080498,0,-151.4256042,104.8520094,52.42139789,-81.89319006,-143.2977026,0.06047915488,-151.1207036,104.9673161,-24.75271098,-165.2075042,77.17943635,49.96698526,49.97045637,6409.952882,6130.908133,791.3108647,-102.2937854,5.8566284,1
9254,24,24,48,1,1,1,1,0,1,1,1,1,1,1,0,231.8886455,204.2081461,256.4908991,31.24746976,26.34845733,6.367981288,232.7433317,205.0122381,256.9245163,31.09142934,26.28370559,6.358694723,29.09281529,-24.6376008,-4.455215676,-28.98490113,24.53964484,4.445254958,231.7991178,204.0783079,256.4055989,5.67775448,4.79819684,3.472554711,232.6407377,204.8678516,256.8384866,5.433931167,4.988297211,3.471943248,0,-130.0576867,106.736985,-2.282873537,-132.8841702,106.8257826,0.1039105868,-129.9329335,106.7767111,2.102502412,-127.5955176,106.4959074,49.98292143,49.98289307,3421.726608,3416.795991,56.70958203,-133.803032,5.627404,1
9255,24,24,48,1,1,1,1,1,0,1,1,1,1,1,1,234.1666229,202.7485534,255.2601059,8.688146041,9.754025723,3.835970002,236.3774838,202.3577203,255.325181,9.602405091,5.166266709,6.566974657,-6.349837838,4.938560166,1.411270402,6.265128963,-4.849441512,-1.415698491,234.1492941,202.7371558,255.2630539,5.83337585,8.354674336,3.346233195,236.3703672,202.3574827,255.3289013,7.19936695,1.49655018,6.293489435,0,-130.5735462,107.6288079,33.98548216,-135.005467,42.34709103,-0.07319105933,-130.7369619,108.0131935,-27.21661227,-106.7869112,136.5614907,49.98399483,49.98399921,3205.510874,3195.441025,46.84026966,-145.1818594,5.7490064,1
9256,24,24,48,1,1,1,1,1,0,0,1,1,1,1,1,235.0457091,200.7338435,255.9947371,10.07556569,12.20664327,7.850779976,235.8862347,199.6157266,258.0064604,4.252629321,10.78260508,11.30061392,1.611700818,-8.899345431,7.287630549,-1.603818084,8.944335469,-7.340535764,235.0380101,200.7338405,255.9945535,9.812321171,7.983686985,1.372869604,235.8765464,199.5874072,257.9781565,3.585998852,5.499463242,8.192236137,0,-130.4546545,108.4617581,17.63993979,-165.5773886,-98.56825392,-0.4007247008,-130.1348092,108.7935658,-57.69951398,-74.1972514,104.137925,49.9839637,49.98394877,3210.555684,3207.474602,54.11693412,-136.3454993,5.3842603,1
9257,24,24,48,1,1,1,1,1,0,1,0,1,1,1,1,235.1927828,207.8388509,251.4483139,60.62024455,62.7281452,27.33154526,233.2015494,202.4657217,258.3091462,57.63570134,61.86203931,31.16092411,-40.29488773,41.39060779,-1.095877453,39.79435442,-40.98338754,1.188898046,233.5499426,205.9521616,251.0786642,18.60981116,16.3739972,13.08451993,233.0986997,201.8897758,257.6273184,8.976414762,16.14931226,19.63271765,0,-131.8110045,106.1085497,19.58310349,157.0492018,-94.72805483,-1.282092934,-130.4562038,106.9447225,-134.951345,-57.92857513,92.50376921,49.97801541,49.97840708,4381.901953,4244.298442,277.2904912,-45.91648103,5.6134702,1
9258,24,24,48,1,1,1,1,1,0,1,1,0,1,1,1,234.4035874,203.1966722,254.6579162,9.675382118,10.88359553,3.797933409,236.7523363,202.6872887,254.7194335,10.55978104,6.577705494,6.829024166,-7.434954437,6.424749186,1.010188177,7.321190279,-6.311074544,-1.010142825,234.3774839,203.1732624,254.6606028,6.001773829,8.675068729,3.476993865,236.7437566,202.6855306,254.722319,7.454761573,1.258375032,6.656700211,0,-130.7750002,107.502338,37.39646128,-135.4199447,36.12559271,-0.09395517231,-130.961559,107.9247034,-29.55947235,-99.20639534,137.236847,49.98396115,49.98394299,3211.668073,3207.429186,47.61720006,-148.3474249,5.4798586,1
9259,24,24,48,1,1,1,1,1,0,1,1,1,0,1,1,236.6616517,204.7793085,251.514716,59.44665529,29.86045552,56.08014225,242.1166653,199.4246105,253.3576081,59.14011848,24.12272433,57.38099749,-38.77980079,0.3272643419,38.45288388,38.82696102,-0.22532725,-38.6011975,236.2411703,204.1534083,251.3974242,16.29604703,20.53818747,10.0652034,240.6872317,199.039311,251.7557558,13.97683745,11.38448918,14.95962871,0,-131.8877741,107.4614686,56.99088499,-146.7291273,-16.04856994,-1.066624381,-132.7159038,108.7089941,-79.64728596,21.13317222,141.7818342,49.97923586,49.9783683,4039.214512,4276.457303,108.9612204,77.54635829,5.5610642,1
9260,24,24,48,1,1,1,1,1,0,1,1,1,1,0,1,231.8803775,204.2183461,256.4974351,31.35639628,26.45421058,6.368533881,232.7286201,205.0129814,256.9301271,31.19663123,26.38887474,6.359379063,-29.18839546,24.73265406,4.455728074,29.08001947,-24.63470408,-4.445329227,231.7895107,204.0871372,256.4110629,5.687100083,4.798093011,3.472712147,232.6253558,204.8674569,256.8435437,5.424725356,4.989839499,3.471929438,0,-130.0557025,106.7327351,-2.368087476,-133.0323783,106.8248802,0.1022248833,-129.9310185,106.7724984,2.197806438,-127.4504,106.4883403,49.98289981,49.98289067,3424.722258,3415.159349,57.31610358,-134.4145429,5.6736384,1
9261,24,24,48,1,1,1,1,1,0,1,1,1,1,1,0,360.0044706,290.3361308,277.3724738,18.23608541,19.56336169,14.54699523,361.5149089,291.4604141,278.3195093,17.7992555,19.69005079,15.33619511,-5.944907562,5.495525095,0.4288067128,-3.88388914,-0.1758875427,4.038699715,278.6633774,239.7667364,186.6347029,6.375260654,4.322741108,1.405249321,280.189908,240.8994073,187.2962472,7.04948246,7.233117723,4.358909475,0,-150.9505574,105.1145182,5.961322035,-159.2187154,158.1522064,0.1651563204,-150.7225592,105.2914255,-5.584572552,-146.174015,90.18228111,49.96690373,49.97060285,6613.471841,5923.014982,513.0446151,188.5276663,5.3947534,1
9409,16,96,96,1,1,1,1,1,1,1,1,1,1,1,1,177.2501127,227.5178447,314.7914346,6.565404535,1.981087038,2.397821641,178.195068,227.4423317,315.1337482,5.619457385,1.989719225,2.903977985,-0.001667788415,0.004318202124,-0.002576741555,0.00180216939,-0.004385565589,0.002636568411,177.2485553,227.5170257,314.7921883,6.56498958,1.979715569,2.396970234,178.1935254,227.4415418,315.1345199,5.619025588,1.988378501,2.903299239,0,-160.9538291,105.3010817,-1.989179811,-178.2305277,114.1307337,0.1250857012,-160.8989539,105.3078505,1.853633006,-143.8161278,97.93093604,49.98829978,49.98830509,2343.678339,2335.180843,-291.943251,-396.8545305,5.4886348,1
9410,16,96,96,1,1,1,1,1,1,0,1,1,1,1,1,177.2237185,226.4412245,315.6402113,10.69163086,10.50774746,7.238548237,177.9390321,224.5136212,317.4723514,3.850573503,9.30461061,10.01232165,1.618553328,-8.287195728,6.668690288,-1.601476846,8.305343673,-6.703806676,177.2212651,226.4401044,315.6375773,10.44709392,6.199934586,2.181024719,177.9342976,224.4947166,317.4536964,3.115766981,3.781171722,7.219980913,0,-160.8103119,105.3837606,12.76902905,164.3204128,-106.2184691,-0.4841023694,-160.7964095,105.592967,-50.19672743,-50.25375469,96.310531,49.98817817,49.98817153,2367.422391,2362.503053,-290.7920954,-393.5892159,5.5263494,1
9411,16,96,96,1,1,1,1,1,1,1,0,1,1,1,1,177.2255909,226.4491812,315.6327047,10.69108269,10.47370184,7.183386329,177.9408047,224.5206752,317.4693319,3.849882492,9.260171288,9.974702174,-1.620747162,8.235989375,-6.615192932,1.60397375,-8.254211728,6.650285289,177.2231777,226.4480703,315.6300923,10.44707836,6.214410655,2.177568772,177.9361059,224.5018581,317.4509062,3.116768647,3.790521463,7.222418766,0,-160.8131986,105.3825771,12.77444404,164.3591373,-105.8247733,-0.4846965298,-160.7985415,105.5918689,-50.20345616,-50.07827864,96.42986043,49.98816164,49.98818972,2369.999998,2359.721525,-290.3268685,-394.2313098,5.4915385,1
9412,16,96,96,1,1,1,1,1,1,1,1,0,1,1,1,177.507665,227.8325202,314.6849853,5.988184775,4.074916426,7.093127858,179.704591,228.4393441,313.8431452,9.518281936,3.128362382,6.613009503,4.313622533,1.368379312,-5.681983225,-4.347748404,-1.357243995,5.705019574,177.5058053,227.8301285,314.6846459,4.072291258,3.674257559,4.159164062,179.6955871,228.4369635,313.8344948,8.428377438,2.590372866,3.233699771,0,-161.1619404,105.3748257,17.57250505,-120.8086444,67.23665413,0.2633539941,-161.3950834,105.4842538,-8.589576134,131.5747514,157.9341154,49.98820172,49.98820594,2363.43606,2354.684367,-299.5485043,-404.9634662,5.5137715,1
9413,16,96,96,1,1,1,1,1,1,1,1,1,0,1,1,177.5048532,227.8330407,314.6862536,6.002003815,4.078259606,7.100045419,179.7007053,228.4399857,313.840921,9.51763071,3.129171351,6.615262861,-4.323425339,-1.365055594,5.688563251,4.357574405,1.353871607,-5.71136876,177.5029811,227.8306716,314.6859259,4.079202342,3.679561288,4.161492611,179.6916809,228.437543,313.8322856,8.421227676,2.593626305,3.226182939,0,-161.1603405,105.373328,17.54843099,-120.7805822,67.33893438,0.2634167791,-161.3942582,105.4825229,-8.599978426,131.4760619,157.9754385,49.98820855,49.98819967,2362.068286,2356.176445,-300.4960823,-404.0888923,5.5029865,1
9414,16,96,96,1,1,1,1,1,1,1,1,1,1,0,1,176.9742257,227.8473065,314.4936664,11.14060401,6.126646114,5.806721527,176.4141932,228.0898605,315.4854907,8.85213389,7.871588277,4.48227922,-6.698993095,5.333772657,1.365275442,6.726172039,-5.362556677,-1.363537212,176.9723424,227.8433645,314.4938818,8.775211701,2.833932271,5.490633162,176.3987615,228.0718992,315.4845043,5.559023572,5.669614367,4.064841795,0,-160.7675857,105.1485425,-25.0514926,82.60542201,149.39629,0.3082796837,-160.3191111,104.8827854,41.31997931,-134.1201434,34.0268282,49.98825913,49.98824814,2352.692917,2345.565245,-300.1109293,-403.6174622,5.4326961,1
9415,16,96,96,1,1,1,1,1,1,1,1,1,1,1,0,176.9710876,227.8490078,314.4903118,11.13160662,6.120065468,5.800591724,176.4164696,228.0946794,315.4850487,8.854841682,7.866562338,4.481942489,6.702244383,-5.32921811,-1.372931226,-6.729184753,5.357920559,1.371341087,176.9691986,227.8450716,314.490541,8.761679906,2.828755899,5.481334456,176.4011171,228.0767106,315.4840835,5.560080119,5.667181781,4.060675552,0,-160.7675025,105.1474054,-25.02075043,82.54904946,149.3932145,0.3078619303,-160.3190338,104.8819951,41.17364807,-134.1741675,34.14271479,49.98825393,49.98825415,2352.980394,2345.266294,-299.5177253,-404.1108407,5.698572,1
9416,16,96,96,0,1,1,1,1,1,1,1,1,1,1,1,177.0768277,223.9437071,317.3012532,4.278472222,9.917088894,10.27928524,178.5310617,225.8588709,315.8940626,10.4454387,10.9711039,7.814281187,-1.86731096,9.123400491,-7.256049783,1.875121966,-9.090072786,7.214993713,177.0713645,223.9166965,317.2796415,3.411666859,3.228068113,6.883970183,178.5280685,225.857267,315.8919506,10.12363051,5.749767886,1.851734943,0,-160.0976108,106.0831008,-46.58615217,-49.25295838,97.18685775,0.7651962639,-160.0647966,105.9108175,14.14792591,168.2368062,-108.5370507,49.98814489,49.98815065,2374.656035,2365.948179,-278.1363338,-387.304927,5.621329,1
9417,16,96,96,0,1,1,1,1,1,0,1,1,1,1,1,186.2012407,412.0277061,351.0422727,21.14225171,18.97620828,23.47592338,185.1951325,411.447384,350.0139111,18.86647085,17.58753802,22.22292789,-6.050085849,7.127820119,-1.043507935,1.119369349,-1.971971829,0.8837890307,132.287847,255.3182596,318.481804,8.139291248,2.829948359,7.942691192,131.4004294,255.3218513,317.8093608,3.08298656,2.54341728,4.140292864,0,-144.8500643,91.93216334,-20.02377591,-109.6373171,120.1662382,0.1202014491,-145.0507795,91.55320036,62.76871263,174.9341602,-22.2322028,49.96566464,49.99646172,4271.878245,3317.559861,-691.8459712,-485.5933419,5.6152347,1
9418,16,96,96,0,1,1,1,1,1,1,0,1,1,1,1,177.932612,219.2451168,320.3165489,9.131308356,41.08499533,35.05998767,179.1074665,219.2679516,320.4626823,9.105389047,41.04790846,35.06463268,-5.625209799,38.3314462,-32.70590582,5.610793663,-38.30513582,32.69463649,177.7286193,219.0095808,320.1289961,6.111789709,1.937494532,2.545559973,178.8847704,219.0506123,320.2881505,6.10196032,1.720394148,2.793904902,0,-159.6781624,107.0086868,-0.02318065492,-163.3482186,104.6335874,0.1526917942,-159.665133,107.0319324,-0.3820003438,-155.6463745,109.0902853,49.98613714,49.9861305,2777.113359,2770.713835,-191.9525844,-300.6054121,5.801296,1
9419,16,96,96,0,1,1,1,1,1,1,1,0,1,1,1,177.0718377,223.9401058,317.305847,4.281897595,9.95756746,10.31703111,178.5242989,225.8556117,315.8972251,10.44309888,11.0046679,7.858347712,-1.871896326,9.153459059,-7.28147078,1.879945583,-9.120083241,7.24025686,177.0664761,223.9127821,317.2838956,3.415934905,3.228126696,6.892189032,178.5212628,225.8540238,315.8950702,10.12116422,5.744346977,1.861007784,0,-160.0940522,106.0818294,-46.58587733,-49.40733839,97.1485306,0.7651936622,-160.0614464,105.9090885,14.16937902,168.1693097,-108.5527373,49.98814425,49.98815034,2375.339315,2365.681391,-278.3893239,-386.9824675,5.9477349,1
9420,16,96,96,0,1,1,1,1,1,1,1,1,0,1,1,181.542237,218.8757918,322.4979516,18.56852655,6.076346798,18.78264233,184.2592028,219.8469664,321.8756002,20.31597577,5.178676929,18.91693866,-15.03075331,-0.5990361455,15.62880686,15.22395616,0.5939589111,-15.81877695,178.9358567,217.2777632,321.7516839,4.502373417,4.170567558,3.892319336,181.3563462,217.8240777,321.0518339,8.560875683,2.706592652,3.715608425,0,-159.8683693,107.6454695,26.92496364,-120.1884469,63.72366234,0.165922001,-160.1776595,107.7851552,-14.01397404,118.9573208,154.2583157,49.9880268,49.98695464,2358.426682,2645.9565,-248.8438106,-341.1194867,6.5035307,1
9421,16,96,96,0,1,1,1,1,1,1,1,1,1,0,1,174.2823627,226.5925555,316.0728846,56.10792386,59.997303,28.86880127,179.1048855,233.532974,310.2922541,58.69460472,60.55119711,26.20221153,-39.16711121,40.45279869,-1.28526804,39.3236598,-40.53686158,1.21358272,174.2017129,225.993288,315.583825,7.07152787,13.03194382,16.96559819,177.3288535,231.5946257,309.9797844,18.05899265,14.50182695,12.18872632,0,-159.2662206,105.3310534,-141.2632488,-54.31755584,85.13993573,1.752702507,-159.7567074,104.8818841,14.40382238,140.3597942,-103.2464397,49.98349595,49.98262976,3192.161515,3434.380117,-190.4899182,-202.0850376,6.7330961,1
9422,16,96,96,0,1,1,1,1,1,1,1,1,1,1,0,176.340151,224.1709873,317.4575676,4.143783881,15.80982175,16.27436755,177.9563028,225.9412667,315.974814,10.64889335,16.4117295,14.89699382,-1.881268711,11.88646124,-10.00519413,1.873370126,-11.82508658,9.951718882,176.300344,223.9995859,317.3167779,2.968774382,3.247178802,6.601860446,177.935243,225.9156407,315.9393238,10.25721881,5.65449894,1.775092315,0,-159.7675619,105.9165693,-45.62724112,-52.10891202,94.29866374,0.7586108538,-159.7542093,105.7777778,11.92364046,167.0304869,-122.0427226,49.98795213,49.98796177,2414.158848,2401.354978,-270.9161421,-391.4276496,6.3746333,1
9423,16,96,96,1,0,1,1,1,1,1,1,1,1,1,1,177.0791494,223.9413182,317.3003079,4.291443504,9.890959535,10.247821,178.5295548,225.8555874,315.8957477,10.43717214,10.95504156,7.774461275,1.878441863,-9.090227736,7.211881854,-1.886052793,9.05687379,-7.170729305,177.0737506,223.9142652,317.2787451,3.421869296,3.229786323,6.877155096,178.5265291,225.8539807,315.8936263,10.11300198,5.764938286,1.83217385,0,-160.0986377,106.0830401,-46.47604648,-48.84884453,97.44625429,0.764680873,-160.0652419,105.9101877,14.17964068,168.4058303,-107.7528752,49.98815746,49.98813855,2372.029494,2368.748842,-278.7553082,-386.555862,5.9790473,1
9424,16,96,96,1,0,1,1,1,1,0,1,1,1,1,1,177.931633,219.2365917,320.3323902,9.130567121,41.11318972,35.09102583,179.1025752,219.2524112,320.469196,9.103730627,41.07877729,35.09317807,5.625361154,-38.36130803,32.73627248,-5.61054927,38.33442016,-32.72357615,177.7292548,219.0012166,320.1440339,6.112149492,1.907572796,2.559537088,178.880441,219.0349418,320.2955738,6.101487345,1.748693191,2.778212082,0,-159.6738786,107.0098021,-0.07793623826,-163.0720029,105.285713,0.1507905344,-159.6638413,107.0330758,-0.3288391199,-156.06983,108.5156252,49.98614214,49.9861198,2774.791286,2773.216957,-192.4725317,-300.0234073,5.8365343,1
9425,16,96,96,1,0,1,1,1,1,1,0,1,1,1,1,188.171869,412.7877316,351.9202175,12.99634139,16.42712124,19.45359727,188.0904913,412.8137112,351.5615557,13.53960322,17.74139782,19.94445556,3.698183253,1.495540249,-5.194695193,1.35717388,-6.684841926,5.326768599,133.4669668,255.7702396,319.3076711,5.28717555,4.025762366,2.48417478,133.6047161,254.6311521,318.9720952,4.715627413,3.962550629,3.82446853,0,-145.0377438,92.67100431,-22.5393713,157.873817,51.29963938,0.363737208,-144.8378796,92.82791689,25.08054916,-86.45760467,118.1160986,49.99487594,49.96744762,3157.815153,4362.262896,-601.2409223,-628.7201527,5.5684109,1
9426,16,96,96,1,0,1,1,1,1,1,1,0,1,1,1,177.9248513,225.8947824,316.0824457,8.85852769,4.49311562,9.705046587,180.4882873,226.5544643,315.1204764,12.15422217,3.238565526,9.490823057,7.579362132,0.6471420719,-8.227897356,-7.63909063,-0.641971652,8.279740562,177.8934413,225.8748778,316.068059,3.803476934,4.317350228,4.535381166,180.4198312,226.5319022,315.0732941,9.101210663,2.989215033,3.951166968,0,-160.9781045,105.8575204,28.6383133,-118.4416916,58.99905328,0.2479437574,-161.2870784,106.0116566,-11.73623237,120.3640055,162.757273,49.98810322,49.9881232,2382.846327,2370.413853,-283.2947756,-402.2539662,6.1051671,1
9427,16,96,96,1,0,1,1,1,1,1,1,1,0,1,1,173.1799099,222.7627367,320.4697579,28.85011501,66.43551666,69.28467419,182.0856378,222.0699495,315.3899969,34.04862354,65.77244544,69.24692239,-0.2369686886,-44.84410168,45.08174767,0.3407567727,44.65670159,-44.99680463,172.7764742,220.2573277,319.0026253,13.4510355,14.85698228,16.03847827,181.329583,221.818113,314.8298462,22.28633518,12.84297433,16.865653,0,-158.308503,106.1202901,122.1646639,-108.3096663,16.70702025,0.4293004494,-159.782087,107.1219304,-30.64964791,84.51232493,178.4546513,49.98106747,49.98116539,3776.796883,3724.290051,35.122849,-209.5438063,6.4764363,1
9428,16,96,96,1,0,1,1,1,1,1,1,1,1,0,1,176.4048325,224.1137314,317.4547039,4.216805357,15.40030049,15.83574302,178.0065883,225.8699384,315.9835518,10.60892118,16.00270383,14.4250123,1.919962339,-11.8144546,9.894742066,-1.91339673,11.75555487,-9.841897904,176.3694887,223.9557199,317.3259998,3.010441275,3.198672557,6.598540255,177.9885739,225.8469413,315.9520457,10.19839731,5.574558993,1.785747623,0,-159.794184,105.9333445,-44.70135336,-53.30270667,94.11981509,0.7519663928,-159.7829994,105.7952033,11.96449187,166.7977658,-122.6767825,49.98794206,49.98801033,2416.290948,2391.395285,-270.4638285,-391.8551212,6.1184913,1
9429,16,96,96,1,0,1,1,1,1,1,1,1,1,1,0,174.0650745,226.6231978,316.1303342,58.2574495,62.71485077,30.6603861,179.2328342,233.8440546,309.9740441,60.91006797,63.24636773,28.04208416,40.43800989,-42.23859937,1.801125383,-40.59749022,42.32210971,-1.724066145,173.9813601,225.9502012,315.5772198,7.659818215,13.71720865,17.78253448,177.320419,231.7643711,309.627089,18.77017389,15.06968714,13.08278815,0,-159.1726199,105.3110313,-144.8801697,-55.90124195,83.23979339,1.814436949,-159.7242033,104.8636255,13.8050658,138.3217022,-105.2728932,49.98269699,49.98254112,3394.108944,3443.65899,-161.1471247,-189.1040473,5.5551181,1
9430,16,96,96,1,1,0,1,1,1,1,1,1,1,1,1,178.3650695,228.1123891,314.146304,9.423752351,3.216990182,5.899642476,178.2913109,227.6539231,315.3379534,5.482567873,4.312622858,6.374939139,-3.617630743,-1.128325315,4.746032466,3.572490255,1.143182221,-4.715616419,178.3609651,228.1099255,314.1378157,8.66837747,2.906873954,3.44276897,178.2896143,227.6503537,315.3369598,4.089439068,4.082732247,4.239633915,0,-161.53593,105.372241,-11.41475678,124.8460842,158.9847336,0.06955414075,-161.2344187,105.2710216,23.93185792,-118.3572723,64.40048234,49.98822052,49.98820941,2360.650445,2353.319746,-297.191289,-402.748969,5.5256154,1
9431,16,96,96,1,1,0,1,1,1,0,1,1,1,1,1,177.2270387,226.4454594,315.6360305,10.69847223,10.51939454,7.253508609,177.9390712,224.5140861,317.4726874,3.840346176,9.31611215,10.02592859,1.611727607,-8.29422265,6.682573467,-1.594550252,8.312307471,-6.717668478,177.2245623,226.4443485,315.6334107,10.45617714,6.207592992,2.187872689,177.9343449,224.4951497,317.4540646,3.110033996,3.789776563,7.225846714,0,-160.8127419,105.3827224,12.75778552,164.2803797,-106.2486044,-0.4857165551,-160.7986631,105.5918028,-50.32768435,-50.24182752,96.28047339,49.98817775,49.98817094,2368.253565,2361.879138,-290.9508491,-393.5474891,5.2647883,1
9432,16,96,96,1,1,0,1,1,1,1,0,1,1,1,1,178.3819856,223.3787465,316.3038342,19.53940835,4.73012145,18.41968496,178.4445147,222.9962649,318.3414836,18.1274068,6.700904673,18.83993875,-13.57918696,0.5317180445,13.06414124,13.42718785,-0.4910173952,-12.91941669,177.9593735,223.1034463,316.0439382,8.174973383,4.031859316,4.197281206,177.9581568,222.7812515,318.1049796,4.541975721,6.220774988,6.111879113,0,-160.7760663,105.9737832,-12.28256862,92.60888987,-174.7158705,0.05645870468,-160.2595173,105.8690996,21.72846306,-122.2544862,63.42914886,49.98945414,49.98600951,2246.402501,2700.946499,-206.4043894,-415.7296926,5.2392597,1
9433,16,96,96,1,1,0,1,1,1,1,1,0,1,1,1,219.8295532,180.6794666,501.8335837,35.99997786,20.46910414,30.00819439,226.4995941,189.5035499,503.6412466,36.52684636,22.02290326,28.56114384,-31.71966843,7.940119875,23.78192042,28.43323751,-9.642693135,-18.788369,183.7328641,110.5641756,384.7485039,13.34925251,10.79251265,12.88361897,191.9893462,115.2747161,391.3539072,21.08873942,12.44336053,17.8148156,0,-139.869792,126.0912054,107.6624258,9.900446353,-102.6421142,0.0314856105,-139.0558015,126.2408426,-37.11453589,-165.69811,93.18084878,49.97801942,49.97733985,4437.392021,4484.095969,1737.604083,-128.5258799,5.2006588,1
9434,16,96,96,1,1,0,1,1,1,1,1,1,0,1,1,179.2414634,230.5842875,312.4648832,17.02194366,4.526993518,19.78356137,180.4223263,230.695387,312.5519296,17.04107805,4.530938408,19.74547055,-15.46145065,-3.50276063,18.96413777,15.43369772,3.512187956,-18.94595897,179.2074809,230.5413633,312.4391565,6.094338187,1.926491286,2.68020714,180.3581415,230.6474967,312.5338327,6.2217187,1.915810211,2.529727597,0,-162.41953,105.1701783,-1.068206501,-162.642342,103.210392,0.1704182282,-162.408269,105.1827339,0.6548563467,-162.2923722,107.1477967,49.98773171,49.98769216,2458.968697,2456.582621,-306.6522678,-410.1219054,5.3055322,1
9435,16,96,96,1,1,0,1,1,1,1,1,1,1,0,1,180.7017161,226.6604245,315.0636101,46.41927445,18.32408452,45.81360704,178.5453877,229.8389782,314.0151946,46.51891748,20.65341054,44.66221136,-30.47085738,-0.3145495369,30.78587964,30.25841964,0.3480769371,-30.60601786,179.8204395,226.2418988,313.9624636,11.26264879,9.730003484,12.0047653,178.3585309,229.2616447,313.8574592,13.67559376,13.49243223,7.995976957,0,-161.8290432,106.1975336,-70.81534329,26.66734551,136.9294035,1.394717724,-160.8009605,105.4378311,51.15268748,-155.5945001,-23.30375607,49.98467107,49.98519999,3053.57477,2918.132647,-165.2743875,-352.963391,5.3642967,1
9436,16,96,96,1,1,0,1,1,1,1,1,1,1,1,0,176.9696979,227.8509587,314.4893803,11.13123842,6.118665256,5.80112953,176.4138303,228.0953583,315.4841397,8.851022693,7.867048732,4.485131534,6.697607694,-5.324011358,-1.373523058,-6.724578042,5.352705978,1.371957009,176.9678164,227.847017,314.4896025,8.765383642,2.835493857,5.482841212,176.3984386,228.077391,315.4830919,5.560521567,5.672771831,4.065441742,0,-160.7670674,105.1469498,-25.0350313,82.54402115,149.4405506,0.3084966685,-160.3180248,104.8816759,41.21874191,-134.1351822,34.15038201,49.98824892,49.9882593,2353.126048,2345.031268,-299.4082015,-404.2651081,5.7316671,1
9437,16,96,96,1,1,1,0,1,1,1,1,1,1,1,1,178.3608527,228.1094033,314.1466429,9.420532949,3.219073161,5.894283171,178.2876888,227.6495894,315.3399617,5.48853118,4.31556846,6.374512034,3.616935054,1.125094305,-4.741966717,-3.571634255,-1.14004408,4.711743571,178.3567775,228.1069839,314.1381576,8.663289501,2.910466109,3.436571733,178.2860027,227.6460255,315.3389578,4.094073331,4.086808666,4.241365556,0,-161.5339446,105.3717438,-11.4234802,124.7930022,159.02134,0.06936038955,-161.2321766,105.2708715,23.90709887,-118.3273876,64.48613529,49.9882135,49.98821693,2361.174207,2352.686096,-296.4937633,-403.4199572,5.4994292,1
9438,16,96,96,1,1,1,0,1,1,0,1,1,1,1,1,180.5466558,223.1507103,318.4896074,20.96193771,4.606771652,19.39172983,179.5758738,222.6100932,319.4672401,18.8359994,6.227170946,19.24483905,12.19858907,0.3353789585,-12.5434465,-12.03038785,-0.3621268963,12.38306877,179.0119499,222.1469524,317.9199163,9.442563511,3.647293261,4.795422083,178.5316492,221.8123805,319.1807233,4.321348342,5.538476839,4.977059692,0,-160.7533755,106.7808621,-17.68561456,101.52757,165.4344715,0.2273813454,-160.2717948,106.616649,40.73329087,-119.8833478,51.18868333,49.98934432,49.98559483,2398.074714,2650.295437,-279.3550756,-317.9921551,5.3702413,1
9439,16,96,96,1,1,1,0,1,1,1,0,1,1,1,1,179.978537,222.5958515,316.8093201,32.29272102,62.80450619,65.91199589,173.8536402,223.1557448,322.0454686,26.67931217,63.37259356,65.91726836,-0.1130239477,42.68598362,-42.57277358,0.2039082372,-42.82079993,42.61706043,179.4175191,222.3078202,316.2694368,21.76857763,12.63756546,15.96115736,173.4479272,220.6912626,320.7396417,12.64336057,14.47344264,15.33476006,0,-160.9721665,106.3922414,-29.8817454,86.76832784,179.5965647,-0.1469247514,-159.5330033,105.5008399,121.8827023,-106.8218361,18.98031119,49.98197758,49.98157477,3558.551512,3659.660122,-127.3214332,-105.3133918,5.6573279,1
9440,16,96,96,1,1,1,0,1,1,1,1,0,1,1,1,179.2422862,230.5793216,312.4596833,16.99856219,4.52577756,19.76477777,180.4298826,230.6900146,312.5526584,17.03293513,4.529594256,19.73121869,15.44616413,3.502577883,-18.9487154,-15.41852962,-3.512025802,18.93056773,179.2081363,230.536549,312.4341416,6.073103913,1.926656346,2.663558328,180.3659125,230.6420583,312.5346125,6.242765954,1.915563007,2.547653843,0,-162.4212003,105.1696425,-0.9613732906,-162.6573103,102.8209596,0.1689292675,-162.4100752,105.1833417,0.5443679169,-162.2807546,107.5280766,49.9877133,49.98770261,2462.203583,2454.913105,-305.3294196,-411.2341417,5.6599533,1
9441,16,96,96,1,1,1,0,1,1,1,1,1,0,1,1,218.3192663,175.4951079,501.6795356,37.19778425,22.17111128,30.81290931,225.4253548,185.9426035,503.3733069,37.95319763,23.76628268,29.20006208,33.46715095,-8.833666725,-24.63330534,-30.15066409,10.49369962,19.65772016,182.7651142,109.2313344,385.3986331,13.67105353,12.05446336,13.14794889,191.2545859,114.5907485,392.151052,21.72737096,13.65636098,17.95566511,0,-138.4643251,126.2823354,110.9012604,9.342869036,-104.4313383,0.1281426981,-137.5972583,126.3990578,-35.98879239,-166.4524083,91.77032357,49.97819705,49.97719384,4397.664326,4529.905436,1773.998508,-162.5216676,5.3202848,1
9442,16,96,96,1,1,1,0,1,1,1,1,1,1,0,1,176.970235,227.8471737,314.4917285,11.11676392,6.081967061,5.794129232,176.4147892,228.0876454,315.4834124,8.826123762,7.828595664,4.476998822,-6.669262473,5.285950209,1.383432239,6.696343171,-5.314521094,-1.381717454,176.9683662,227.8432963,314.491943,8.768038134,2.826335551,5.472385351,176.3995007,228.0699019,315.4823689,5.554309263,5.654822938,4.05232444,0,-160.7667453,105.1472994,-24.99796349,82.8999074,149.3409291,0.3081702681,-160.3186944,104.8826768,41.21968615,-134.0479868,34.22714034,49.98824056,49.98826724,2354.182701,2344.339686,-299.1170828,-404.5745856,5.2603921,1
9443,16,96,96,1,1,1,0,1,1,1,1,1,1,1,0,179.6935711,227.4166318,314.3488687,36.13295026,13.82589034,35.55845157,178.2845371,229.6672414,314.343437,36.15278565,16.18050041,34.61176368,24.15654909,0.08750567415,-24.24191949,-23.98092954,-0.1145740695,24.09756036,179.148586,227.1348119,313.6568178,9.237878675,7.375269944,9.367787581,178.1793992,229.316554,314.2470353,10.86953807,11.09548615,5.99872183,0,-161.7328813,105.8107405,-58.82866604,32.9601135,141.6653222,0.9974737336,-160.8608785,105.2287577,46.59510133,-151.9074562,-7.360602161,49.98587324,49.98671102,2781.126223,2603.977516,-213.1484793,-402.9308461,5.4307341,1
9444,16,96,96,1,1,1,1,0,1,1,1,1,1,1,1,175.2971804,227.9203527,315.122576,9.226795774,7.979518183,4.295615239,177.9463342,227.7458045,314.5312608,11.09936605,6.299165313,5.732177729,7.176718865,-5.806639427,-1.370012026,-7.113667804,5.756423499,1.35731032,175.2872891,227.8875305,315.1199388,5.532821084,5.366475772,3.808272804,177.9426431,227.7354118,314.5313332,8.343371343,2.323117825,5.380839131,0,-160.1951363,104.873828,36.69909285,-138.5429891,34.02966518,0.00579307695,-160.5753298,105.154832,-23.65590835,78.96594347,146.9144654,49.9882824,49.98827178,2347.760116,2341.251736,-301.6773924,-405.9131934,5.4030489,1
9445,16,96,96,1,1,1,1,0,1,0,1,1,1,1,1,176.3842433,233.6445926,311.5773075,51.50339916,52.59010518,21.3899745,175.0147133,227.5580415,316.5866107,48.69963856,51.87251521,24.14570957,34.5935472,-35.27739663,0.6845438848,-34.28714075,35.09648554,-0.8086557164,175.2869948,231.7307539,311.2944894,16.44587898,12.96161692,10.0112921,174.8586994,226.9215452,316.2430948,5.666570695,11.23640374,14.90088201,0,-161.2550186,103.7462726,13.91085667,143.4582846,-101.3542582,-1.264423765,-160.8882158,104.1988175,-133.7740317,-52.80861806,87.24946461,49.98393991,49.98495107,3179.901224,2918.34907,-169.0515282,-342.1911645,5.3679655,1
9446,16,96,96,1,1,1,1,0,1,1,0,1,1,1,1,176.7632258,226.2015913,315.9371364,10.90486232,15.47297677,13.84104578,177.3041574,224.4359125,317.7715147,3.887356566,14.80245145,15.36817614,-1.708247412,11.58678636,-9.878203272,1.703642492,-11.6286783,9.925370538,176.7462982,226.1795572,315.9069843,10.528786,5.9487492,2.073908053,177.2682884,224.2951554,317.6548939,2.644208502,3.708455524,6.86090285,0,-160.5139025,105.3288664,10.21520079,162.5511148,-121.6117783,-0.4556727831,-160.4793752,105.5001878,-47.54962672,-54.87326418,92.59354738,49.98819116,49.98784435,2361.146624,2424.042768,-300.4609643,-377.3219946,5.6206091,1
9447,16,96,96,1,1,1,1,0,1,1,1,0,1,1,1,176.9483354,230.5665891,313.1205932,46.11795682,20.03861296,44.25090504,181.5253467,227.6290598,314.318519,45.72198551,17.67692175,45.27171339,30.04367029,0.3078366744,-30.35110958,-30.11404372,-0.3297603743,30.44417396,176.7711941,230.1403171,313.0638824,13.32344527,13.14034116,7.684789228,180.3582423,227.309392,313.5053476,10.65865626,9.338253967,11.70848724,0,-161.6601215,104.5936025,48.62142402,-157.994715,-24.4435243,-1.043563285,-162.6051808,105.3535351,-71.3253169,23.69923073,135.3889394,49.985369,49.98483353,2890.447361,3016.134043,-268.2328435,-292.1963898,5.5085823,1
9448,16,96,96,1,1,1,1,0,1,1,1,1,0,1,1,175.2934444,227.9253967,315.1231304,9.235035371,7.995533294,4.297807957,177.9435958,227.7490626,314.5290387,11.101917,6.312011278,5.735973402,7.185494235,-5.81926518,-1.366172791,-7.122451565,5.769045242,1.3534504,175.283574,227.8925384,315.1204874,5.536752752,5.376606894,3.815203655,177.9398954,227.7386629,314.5290981,8.340274806,2.326664088,5.388017079,0,-160.1936949,104.8727514,36.68816055,-138.619894,33.95564929,0.006879891083,-160.5737453,105.1544249,-23.67576694,78.67344804,146.9614747,49.98828025,49.98827323,2348.23833,2340.974265,-301.8552733,-405.7342113,5.5131543,1
9449,16,96,96,1,1,1,1,0,1,1,1,1,1,0,1,246.3239443,373.7744902,379.9884597,18.9189708,18.22045125,12.72246349,247.7123826,373.6656818,380.1659114,18.04298319,17.95055229,12.62255742,4.270359058,-2.282004245,-1.981434419,2.821145324,-0.9398156332,-1.87502174,201.5903308,294.7848221,266.5735807,7.482330731,2.938506074,2.203654069,202.7039586,294.7350055,266.7248191,6.378417199,2.015535367,2.243266132,0,-179.6078748,99.4741908,-2.26749172,174.1424155,101.8464542,0.1571046337,-179.5903564,99.48320081,2.208106819,-170.5914554,97.04679273,49.97382522,49.98034897,4909.852095,4234.856223,-626.8695796,-755.4416548,5.4113034,1
9450,16,96,96,1,1,1,1,0,1,1,1,1,1,1,0,172.2335362,228.0737365,315.5132823,39.42919044,34.80472732,6.450365059,173.4341549,228.0607457,315.669736,39.31333527,34.75613665,6.422708303,36.62929041,-33.27538837,-3.353506224,-36.54158821,33.22380859,3.318212584,172.005414,227.8221333,315.3981584,5.958986504,1.873417442,2.630104832,173.0582963,227.8891607,315.5556947,5.863318553,1.935719936,2.626758529,0,-158.5923359,104.1796911,-1.576233427,-163.3500754,104.6695626,0.1623401836,-158.5675034,104.1899679,1.194861172,-154.0720555,103.5917968,49.98659073,49.98659734,2685.773877,2676.691309,-257.1457092,-361.1980976,5.501561,1
9451,16,96,96,1,1,1,1,1,0,1,1,1,1,1,1,175.2985489,227.9260635,315.1234024,9.218206087,7.976679258,4.290520474,177.9485092,227.7466601,314.5326653,11.0861527,6.289300572,5.737880706,-7.15940263,5.795507392,1.363957286,7.096806111,-5.745595857,-1.351169631,175.2887159,227.8934645,315.1207804,5.540935636,5.373799129,3.808944932,177.9448277,227.7363458,314.5327412,8.340288417,2.322293803,5.391437117,0,-160.1959873,104.8732849,36.70848779,-138.6600315,33.86087816,0.005244251856,-160.57638,105.1552447,-23.70718198,78.64341507,146.8743193,49.98828157,49.98827327,2348.241591,2340.794941,-301.5390495,-406.1358049,5.5006722,1
9452,16,96,96,1,1,1,1,1,0,0,1,1,1,1,1,176.4920497,226.7540068,315.6613783,11.34714877,18.81175035,17.60182833,176.8670572,224.8577944,317.7870493,3.214580188,18.21520732,18.93990011,1.336795156,-12.31144395,10.97450847,-1.343536521,12.36827865,-11.02488706,176.4640352,226.7159714,315.6167671,11.12537113,6.474180998,2.469481192,176.8112778,224.6247758,317.5941297,2.302127578,4.237678872,7.220704445,0,-160.477062,105.154139,9.8196475,160.9495746,-120.3706608,-0.5316269961,-160.4236994,105.3233343,-59.66415603,-52.62628534,91.05228806,49.98787911,49.98782674,2426.165635,2428.199695,-299.2566033,-382.0394286,5.5757946,1
9453,16,96,96,1,1,1,1,1,0,1,0,1,1,1,1,176.3320013,233.7921506,311.2930568,52.86469069,54.33028036,22.90379866,174.8016549,227.5693002,316.8022472,50.02269689,53.64010911,25.65358405,-35.43828968,36.35663395,-0.9178555259,35.12872257,-36.17576055,1.047515683,175.1760445,231.7744626,310.989382,16.81104933,13.48612461,10.89942667,174.6353485,226.8520518,316.4022626,5.933160782,11.92362421,15.7496753,0,-161.2854628,103.7011707,13.54625689,140.599679,-102.427372,-1.303158842,-160.8192725,104.1563036,-136.57522,-55.22849765,86.01771186,49.98364575,49.98451157,3245.699461,3016.250751,-130.5122666,-351.366627,5.6105521,1
9454,16,96,96,1,1,1,1,1,0,1,1,0,1,1,1,175.2974704,227.9208994,315.1295237,9.245282902,8.004428338,4.292376,177.9457769,227.7387959,314.5393813,11.10236147,6.320359435,5.740689794,-7.187281655,5.828723633,1.358593463,7.124422156,-5.778571345,-1.345803423,175.2875702,227.8879778,315.1268633,5.545221555,5.378055255,3.809352175,177.9420724,227.7283908,314.5394551,8.335206011,2.322412112,5.393215203,0,-160.1938535,104.8741322,36.67410609,-138.7165277,33.83658516,0.004705928038,-160.5743475,105.1561651,-23.72203247,78.47170807,146.8714779,49.98828327,49.98827036,2348.400439,2340.754585,-301.6270217,-405.9917565,5.9914788,1
9455,16,96,96,1,1,1,1,1,0,1,1,1,0,1,1,176.7489552,229.8139733,313.8400949,29.62241668,12.79227772,28.53696777,180.0467698,228.42763,313.618258,29.5791003,10.42038066,29.22066236,-20.05515429,-0.1320377906,20.18834923,20.11140281,0.1443114272,-20.25460268,176.6858347,229.6419202,313.8183404,8.871084514,9.136675642,4.857518963,179.5447402,228.2702709,313.2544528,8.00388631,5.445620958,7.570224631,0,-161.2565662,104.7517012,40.69963423,-150.2599649,7.625714924,-0.4073075622,-161.9371127,105.2210412,-46.96105591,37.67464566,144.4303585,49.98742186,49.98659668,2484.968892,2625.487111,-323.2885434,-349.4589728,5.6353863,1
9456,16,96,96,1,1,1,1,1,0,1,1,1,1,0,1,172.2283089,228.0410816,315.5126596,39.35344701,34.71968911,6.440573098,173.4127283,228.0119689,315.6730502,39.22595044,34.66820223,6.413650425,-36.55774447,33.19757891,3.360605671,36.4711112,-33.1466467,-3.324050986,172.0036784,227.790114,315.3996311,5.998396125,1.901886152,2.62934755,173.0403533,227.8414938,315.56067,5.824488337,1.912344611,2.627635994,0,-158.5897644,104.1838331,-1.746952744,-164.2496052,104.7482681,0.15968789,-158.5645647,104.1937281,1.386439206,-153.0460743,103.5213312,49.98657737,49.9866049,2687.618831,2674.768245,-257.5035699,-360.8807953,5.7816814,1
9457,16,96,96,1,1,1,1,1,0,1,1,1,1,1,0,246.4424041,374.0090082,382.494477,19.36083237,20.12534781,15.37196019,247.9025019,373.9666593,383.1545673,18.58146197,19.97576911,15.61867248,-4.523336663,3.297066983,1.218391167,-2.567255691,-0.09421707486,2.655525507,201.7135659,295.0929225,268.509321,7.271461558,2.118851846,1.879892093,203.0327947,295.1979579,268.9872401,6.596068794,2.917123768,2.928660613,0,-179.3236778,99.64205125,1.106085277,166.0231898,126.5518365,0.1437572873,-179.2524125,99.65141383,-1.645315557,-168.7744889,82.68038324,49.96831509,49.98579227,5003.542716,4176.218601,-609.4596861,-757.6648065,5.482194,1
9605,96,96,48,1,1,1,1,1,1,1,1,1,1,1,1,220.7730612,251.206513,218.931743,1.771971758,2.049271056,3.088002756,220.8542251,251.3665427,219.2409408,1.920258266,2.142483511,2.843418908,0.008683836842,-0.01237435952,0.003754587779,-0.008763842115,0.01190069171,-0.003068530099,220.7628391,251.2117731,218.9352646,1.77120361,2.048735695,3.087657964,220.8439952,251.371807,219.2444595,1.919538218,2.14196628,2.843024166,0,-114.871965,129.6098138,-4.774174551,-112.4947536,128.248886,0.02843996588,-114.8629416,129.6454115,4.325600975,-117.2414432,130.9238273,49.99209101,49.99209182,1582.9382,1580.400899,6.444461213,-45.40376787,5.7244025,1
9606,96,96,48,1,1,1,1,1,1,0,1,1,1,1,1,220.8561604,250.8828143,219.2888983,4.013204274,6.602725356,3.783541348,221.4805652,249.8732062,220.4038939,3.073957024,5.56364894,6.745742748,1.26834266,-4.997196064,3.728908168,-1.262769865,5.012740368,-3.749909986,220.8453521,250.8875626,219.291564,3.684576332,4.222765633,0.3657487759,221.4692635,249.8711201,220.401088,2.633427433,2.242622203,5.582455567,0,-114.6794053,129.7921192,41.71707971,-145.69868,122.3776421,-0.2475524071,-114.6350312,130.0515264,-69.21205985,-38.98752335,130.2929271,49.99203777,49.99203332,1593.54106,1592.067299,1.268644677,-49.29716088,5.8173277,1
9607,96,96,48,1,1,1,1,1,1,1,0,1,1,1,1,220.857676,250.8825186,219.2857313,4.013509841,6.611820357,3.784609715,221.4847282,249.8722171,220.403262,3.079615608,5.56729986,6.755587514,-1.268523865,4.998630374,-3.730043957,1.262823539,-5.015068665,3.752302413,220.8468755,250.8872658,219.2883909,3.684302912,4.235669745,0.3572430718,221.4734418,249.8701422,220.4004356,2.639197232,2.249239977,5.593083221,0,-114.6805731,129.7916938,41.81467346,-145.7403226,120.0819015,-0.2472555791,-114.6357019,130.0522268,-69.1567594,-38.69554822,130.4256292,49.99203041,49.99204051,1594.62832,1591.096079,1.772282667,-49.84981006,5.6764118,1
9608,96,96,48,1,1,1,1,1,1,1,1,0,1,1,1,221.1949349,251.1924457,218.5586134,4.286911006,4.585302396,7.658358651,221.9000596,251.9226764,217.6040515,6.345733053,3.493868611,6.104026448,4.014479692,1.311505703,-5.325925098,-4.03443844,-1.30914638,5.343650781,221.1832338,251.1971474,218.5617775,1.376425273,4.267776294,5.402739531,221.8809975,251.9265183,217.5995849,4.860239937,3.066143285,2.758893432,0,-115.0759085,129.5612723,-142.8976978,-72.74523113,101.6928536,0.3150916695,-115.3305818,129.6420244,9.904720486,174.6820067,-164.6216854,49.99204315,49.99204618,1592.214821,1589.809844,1.754456896,-49.24971658,5.7780779,1
9609,96,96,48,1,1,1,1,1,1,1,1,1,0,1,1,221.1922568,251.1953248,218.5572802,4.288478061,4.585568897,7.660050074,221.895576,251.9260992,217.6031609,6.344377039,3.498507394,6.101867805,-4.016035419,-1.312560006,5.328654536,4.035994513,1.309300018,-5.345233777,221.1805492,251.2000262,218.5604394,1.375051243,4.265735785,5.404468555,221.8764385,251.9299207,217.5986887,4.856614502,3.068176872,2.752657222,0,-115.0765281,129.5599681,-142.6845516,-72.70507492,101.758665,0.3148266319,-115.3310493,129.640103,9.950948146,174.7392765,-164.5783445,49.99204499,49.99204458,1592.214424,1589.741203,1.603731682,-49.09116123,5.6965436,1
9610,96,96,48,1,1,1,1,1,1,1,1,1,1,0,1,220.2662752,251.6753095,218.9486694,7.144207221,4.304147582,5.604837296,219.0489249,252.6616442,219.6295959,6.135061685,6.65433031,3.329955405,-5.494866158,4.146341047,1.348585037,5.509034371,-4.167171887,-1.341800963,220.2558798,251.6791244,218.9516537,4.453834125,0.9487573257,5.330068259,219.030485,252.6587858,219.6318545,2.505706769,5.146549765,2.846764477,0,-114.8876706,129.4393031,-34.27699695,69.79187162,157.8817684,0.04808533668,-114.6520072,129.1446761,90.43712947,-113.9808335,65.45366383,49.99202481,49.99203801,1595.846435,1591.553107,3.532304769,-47.199907,5.8673881,1
9611,96,96,48,1,1,1,1,1,1,1,1,1,1,1,0,220.2624122,251.6768993,218.9488533,7.139028105,4.298232321,5.603684527,219.0451629,252.6646699,219.631339,6.129892333,6.651772295,3.330367662,5.489271412,-4.140921985,-1.34828739,-5.5034853,4.1609059,1.342639517,220.2520141,251.6807013,218.9518442,4.452521418,0.9506327836,5.329377803,219.0267357,252.6617888,219.6335992,2.505574984,5.148511354,2.848258723,0,-114.8873882,129.438429,-34.28658258,69.74312284,157.8971472,0.04816309019,-114.6514574,129.1436815,90.404214,-113.9881135,65.46830449,49.99202849,49.99203423,1594.717743,1592.647887,3.445308072,-47.10708746,5.6273163,1
9612,96,96,48,0,1,1,1,1,1,1,1,1,1,1,1,221.3415265,249.8863067,219.9663039,3.058036182,5.318285243,6.659216687,220.9331357,251.1217976,219.5269227,4.085592347,6.354264847,3.560544238,-1.199810937,4.734367998,-3.534495275,1.206179909,-4.712974158,3.5068558,221.3304082,249.884146,219.965138,2.673945156,2.273160592,5.620742304,220.9220622,251.1263765,219.5299337,3.804631615,4.179448273,0.3521480181,0,-114.3804791,130.2621304,-71.43952517,-40.07120974,128.889858,0.2837816933,-114.407217,130.0930722,41.86447875,-146.0228737,149.7569025,49.99204105,49.99203736,1593.381075,1590.839248,1.937951797,-50.08782234,5.6381337,1
9613,96,96,48,0,1,1,1,1,1,0,1,1,1,1,1,221.661452,401.5883183,281.5098699,12.49856257,20.80473715,23.04406236,227.3880031,402.8968744,284.8235309,14.14165675,19.50030429,23.23215326,4.346512004,16.4131547,-20.75892328,-6.457171296,-12.29817107,18.75607498,146.5948759,299.5561749,241.4674715,6.299313889,9.228241837,8.510647173,149.7285552,304.3717409,246.3722077,8.141253381,12.8710889,13.00741072,0,-111.1896871,110.6411416,131.4022549,15.37016973,-130.8773894,0.1434190496,-111.104879,110.7189112,-35.460251,-146.3471157,75.53852449,49.98527985,49.98469124,3002.828767,3006.804336,846.5708001,-350.0510171,5.5928232,1
9614,96,96,48,0,1,1,1,1,1,1,0,1,1,1,1,223.6771002,247.069593,221.0322745,4.309746928,23.48997807,20.15583712,223.7863778,247.1552533,221.4074681,4.313686026,23.46966758,20.14463605,-3.064348574,22.47304328,-19.4086466,3.068555496,-22.45739706,19.38889226,223.6205266,247.0297578,220.985938,1.862642534,2.081880617,2.95958822,223.7277936,247.1226068,221.3476573,1.864326997,2.036055509,3.025918798,0,-113.8130559,131.5433674,-0.05896567598,-115.1150089,130.7180502,0.01198130961,-113.8009695,131.5902453,-0.03698193497,-112.5790248,132.2050163,49.99137529,49.99135376,1727.523618,1726.82001,4.382577677,-47.36169755,5.6695603,1
9615,96,96,48,0,1,1,1,1,1,1,1,0,1,1,1,220.8158096,249.8635744,220.7811387,8.919755329,25.77282137,26.32522115,222.5485517,250.580324,218.9451189,11.19140104,25.29702339,25.82655321,-0.2570954781,18.17107851,-17.91373087,0.2554752299,-18.08762116,17.83239448,220.7096889,249.5082445,220.4785463,4.283474694,6.234718626,6.707384114,222.4364924,250.5572134,218.9034948,7.961887208,4.48272656,5.303560356,0,-114.0641742,130.357355,-173.8434426,-68.36875753,81.24312856,0.5712201446,-114.4919449,130.6525172,3.404878206,153.5245451,-156.7545071,49.99059735,49.99155043,1845.446237,1661.453814,56.5902154,-68.75339909,5.8317583,1
9616,96,96,48,0,1,1,1,1,1,1,1,1,0,1,1,221.4836437,251.0390434,218.4569818,6.60206051,4.79029721,9.024617267,222.2805128,251.7286634,217.4739633,8.163536859,3.536517046,7.801577288,-5.442925341,-1.147370382,6.590371364,5.469825046,1.14524288,-6.614993938,221.4700921,251.0428027,218.4591725,1.401980616,4.448372733,5.433543194,222.2477647,251.7312646,217.459813,4.963398013,3.056446738,2.933051869,0,-115.1207368,129.6173952,-150.3615558,-73.97672654,99.91970634,0.3142570187,-115.3934074,129.7156912,8.09635663,170.8081802,-164.1741901,49.99200207,49.99201601,1599.990888,1596.91266,0.3193943064,-49.08203598,5.7013355,1
9617,96,96,48,0,1,1,1,1,1,1,1,1,1,0,1,220.2249541,251.4358084,219.2707388,8.576933142,6.342296127,5.999005234,218.8751819,252.5625651,219.7708121,7.771823313,8.191433452,3.021181458,-6.746660142,5.76730894,0.9793300976,6.765049707,-5.788420602,-0.976652452,220.2128232,251.4388136,219.2721052,4.707915252,1.089815364,5.792421689,218.8490479,252.5536034,219.7723269,2.955504417,5.269252042,2.587230215,0,-114.7345761,129.569464,-38.91374288,53.65998049,154.7934092,0.08549256271,-114.5088476,129.2348188,90.07338379,-117.0778285,55.32158918,49.99192967,49.99206333,1611.454618,1587.655392,2.525488589,-46.77805803,5.6913722,1
9618,96,96,48,0,1,1,1,1,1,1,1,1,1,1,0,220.4255573,250.1955261,220.642634,3.133958971,10.68109631,11.87774631,220.0907865,251.5862103,219.8971558,4.677440109,11.18897705,10.148953,-0.6304023754,7.661142103,-7.030720864,0.6351657678,-7.611391046,6.976242456,220.4051201,250.1418053,220.5897189,2.899872092,2.881798662,6.073551197,220.0715479,251.5812218,219.891317,4.524362696,4.517727066,0.5942540528,0,-114.0953864,130.2050889,-86.11378325,-37.01972234,124.4717598,0.3657483652,-114.1639694,130.0364982,39.86011567,-152.6250841,-132.2797307,49.99189359,49.99190658,1624.61057,1617.405937,7.148438412,-53.45864174,5.898075,1
9619,96,96,48,1,0,1,1,1,1,1,1,1,1,1,1,221.3419069,249.8900094,219.9639139,3.059512561,5.29266246,6.642733366,220.9329395,251.1239095,219.524934,4.085368139,6.330326033,3.532515578,1.201980091,-4.709620464,3.507692472,-1.208446303,4.687467808,-3.478968951,221.330846,249.8879429,219.962815,2.674817085,2.269433367,5.619376683,220.9218808,251.1284912,219.5279135,3.803799883,4.17333031,0.3551793926,0,-114.3819381,130.2608136,-71.41208349,-40.2074319,128.8375356,0.283671549,-114.4083961,130.0920843,41.8840987,-145.9947248,150.4355785,49.99202863,49.99205021,1594.041135,1590.032015,2.003950401,-50.1615395,5.7336573,1
9620,96,96,48,1,0,1,1,1,1,0,1,1,1,1,1,223.6726722,247.08204,221.0405806,4.310204001,23.39463834,20.06019841,223.7819837,247.161032,221.4053019,4.313822251,23.3697378,20.04349401,3.066608198,-22.38234108,19.31581035,-3.070965211,22.36605146,-19.29501103,223.616223,247.0425609,220.9944081,1.862924168,2.108576848,2.978778912,223.7235692,247.1285586,221.3458799,1.8639745,2.009174652,3.007508693,0,-113.8120345,131.5403234,-0.03381774453,-114.8592677,130.337307,0.01145652465,-113.8022428,131.5874087,-0.06260473713,-112.8136177,132.5851451,49.99138704,49.99136065,1726.004453,1724.683588,3.380948752,-46.68004728,5.8756992,1
9621,96,96,48,1,0,1,1,1,1,1,0,1,1,1,1,220.936631,401.6113122,281.3100628,12.9171398,20.5466282,22.98626961,226.5298607,402.9081112,284.5811126,14.49437088,19.31072263,23.24073586,-4.326993708,-16.04588895,20.37298263,6.430805292,11.92870065,-18.35938782,146.1811214,299.5461595,241.3295871,6.241686249,9.0281849,8.373091778,149.2889494,304.2829831,246.1986921,8.086501246,12.72064188,12.9589064,0,-111.2167259,110.5407594,131.6914129,16.15064514,-129.771492,0.1478753848,-111.1195057,110.6388877,-35.1787125,-145.546396,76.40247558,49.9854353,49.98455239,2995.132336,3012.82539,842.8472578,-347.4861382,5.4950671,1
9622,96,96,48,1,0,1,1,1,1,1,1,0,1,1,1,221.4651989,251.06346,218.4545592,6.092330389,4.77053735,8.747859027,222.2317134,251.7772336,217.4441245,7.751007611,3.543692151,7.408665974,5.271907766,1.1122863,-6.384139022,-5.297917159,-1.110754732,6.408726314,221.4519355,251.0675379,218.4568637,1.438970155,4.45190262,5.511201189,222.2025583,251.7802258,217.4326292,4.970083359,3.100946733,2.903004659,0,-115.1242613,129.6078813,-147.5165256,-73.36992627,100.3153457,0.3203363081,-115.3968151,129.6988066,9.01393968,171.1337168,-162.5804747,49.99202478,49.9920135,1595.451869,1596.151842,-0.8985081062,-47.94758689,5.6699889,1
9623,96,96,48,1,0,1,1,1,1,1,1,1,0,1,1,219.2874009,250.2323983,222.6319885,16.28335248,42.3428062,43.23293725,222.8314217,249.6419123,219.2714738,18.44507259,41.56864475,42.89986973,0.4127540276,-28.82646091,28.41365219,-0.4080804553,28.69830932,-28.29028108,219.0413267,249.3106411,221.8204499,8.234474409,10.08388568,9.972126287,222.5284313,249.5782497,219.1207562,11.86045088,7.175141425,9.739662057,0,-113.3488564,130.4673578,169.1714693,-77.35420545,60.33244897,0.7054532366,-114.1753032,131.185284,-7.406538788,122.7621657,-154.9220335,49.98905478,49.98951835,2177.231493,2063.610497,111.6152292,-5.711367002,5.6406634,1
9624,96,96,48,1,0,1,1,1,1,1,1,1,1,0,1,220.3112461,250.2579967,220.7332279,3.22496895,12.44523131,13.55733689,220.0278244,251.5970369,219.9861155,4.788711469,12.88087433,12.10803834,0.7156269248,-8.903612475,8.187999413,-0.7211356402,8.84408288,-8.122943156,220.2794962,250.1712993,220.6406653,2.782928327,2.883775102,5.928047684,220.0015151,251.5855667,219.968108,4.504428171,4.561914871,0.5225602888,0,-114.0648837,130.1927313,-87.3508826,-36.0377427,125.0082286,0.3620318507,-114.1363339,130.0372736,38.21345724,-152.3512232,-146.7513473,49.99190444,49.99177472,1620.515319,1641.491872,7.001319654,-51.69909261,5.6694366,1
9625,96,96,48,1,0,1,1,1,1,1,1,1,1,1,0,219.3805226,251.3000576,220.5531978,31.26937945,31.61125873,13.31506957,219.1624063,254.166363,218.3939169,31.68097046,31.99224429,9.636771604,22.11642513,-21.02484664,-1.090847594,-22.17816671,21.06859854,1.110282083,219.3337993,251.2181797,220.4475894,5.396644317,6.233494845,10.00628696,218.5857881,253.7152174,218.2887896,7.061577739,7.503242147,4.121514392,0,-114.2369772,129.7109398,-100.6597294,-24.6519652,124.0409481,0.6523585373,-114.5129627,129.2797665,48.8549648,-170.5710317,-63.74999411,49.99134591,49.98981755,1691.876483,1988.666959,-8.038342962,24.55983818,5.6894168,1
9626,96,96,48,1,1,0,1,1,1,1,1,1,1,1,1,221.8449771,251.7782624,217.2445489,6.317640612,3.460092477,6.165816247,221.3254445,251.308804,218.8527246,4.315249065,4.56267938,7.609098729,-4.126480218,-1.319674431,5.446220636,4.098586797,1.317345707,-5.415865569,221.8235039,251.7819175,217.2413868,4.744134448,3.013449182,2.678111907,221.312814,251.3137346,218.8559884,1.203450851,4.235140429,5.233347622,0,-115.657373,129.2536853,7.854896341,174.5806041,-168.2447581,-0.2713926256,-115.382553,129.2556746,-146.7595297,-73.69234384,102.1715917,49.99205078,49.99204551,1591.69322,1588.954069,1.225189558,-50.17160982,5.7339891,1
9627,96,96,48,1,1,0,1,1,1,0,1,1,1,1,1,222.2564743,250.6885925,218.4640395,8.153685906,19.05612323,18.89581912,221.5410453,249.8359517,220.4353734,5.869978111,19.22994957,19.5675139,0.4057591578,-14.07487188,13.66961086,-0.4132823834,14.11848166,-13.7046842,222.1992041,250.6803521,218.4451905,6.281937159,4.046370753,3.2386407,221.4908732,249.6701211,220.2595157,2.783613749,4.583714706,5.744311828,0,-115.1021635,129.8566192,12.08303654,177.1537074,-159.4653575,-0.4488687882,-114.8152918,129.8351647,-151.4253158,-60.21564993,97.62582752,49.99192284,49.99114799,1604.351524,1738.376067,-24.86144182,-11.93752968,5.6719506,1
9628,96,96,48,1,1,0,1,1,1,1,0,1,1,1,1,222.2216429,251.5891643,217.0918679,7.937696492,3.523116039,7.657546666,221.6356782,251.1426022,218.7578545,6.369230649,4.768128873,8.863653045,-5.506374559,-1.125884588,6.632314992,5.469831612,1.121950789,-6.591732777,222.1869508,251.5917595,217.0812769,4.852449981,3.040390101,2.822077068,221.6207419,251.1467422,218.7602339,1.264745721,4.425654565,5.334733763,0,-115.7232946,129.3224843,6.835262792,170.7692628,-166.073248,-0.2761097572,-115.4296816,129.3128189,-152.2433668,-74.43202515,100.6855606,49.99201105,49.99202443,1599.338014,1592.90941,2.457292956,-53.06361418,5.8866851,1
9629,96,96,48,1,1,0,1,1,1,1,1,0,1,1,1,314.2463747,286.5470344,331.1015004,17.68740444,9.560869617,16.72776601,315.6654894,290.0292885,332.7556584,17.38002211,11.26003173,15.31222893,-15.17918013,1.959717715,13.21987203,13.07311486,-4.860254806,-8.212462765,257.7277284,193.6270875,255.9222548,6.344454623,3.674292605,6.246989985,261.2035809,195.7166803,259.8677428,9.638569081,5.92300879,10.86431195,0,-98.45499894,152.953635,128.3501612,19.23418076,-96.55267352,0.1145898644,-98.41064386,153.0126677,-31.06840282,-131.7846083,120.3505647,49.98164192,49.98747202,3173.23098,3035.422913,345.7226835,-515.3307553,5.484839,1
9630,96,96,48,1,1,0,1,1,1,1,1,1,0,1,1,223.0790261,253.7270167,213.8359728,26.22219947,5.05679358,29.98892764,223.1580037,253.8508552,214.1877562,26.2051417,5.047230151,29.94683507,-25.2444795,-3.106436507,28.35095535,25.22277549,3.095488661,-28.31822693,222.9536927,253.6414214,213.7378686,1.824399384,2.115175176,2.931582025,223.050337,253.764856,214.0657458,1.893753139,2.112171816,2.85841004,0,-117.318985,128.1193119,-2.135650326,-117.1887149,126.769701,0.01940309882,-117.3078779,128.1618556,1.969377141,-117.5461758,129.3501591,49.99099618,49.99099315,1802.59573,1798.745323,21.71019009,-29.45680463,5.6433243,1
9631,96,96,48,1,1,0,1,1,1,1,1,1,1,0,1,225.5025007,249.1478917,217.6030243,46.68950542,17.93741564,45.61932107,221.0542474,253.2204961,216.7889263,46.3274524,20.26678081,44.45856361,-30.78497196,-0.2363403762,31.02125353,30.67216801,0.1806966995,-30.85293392,224.3163944,248.9352844,216.6202408,10.59463523,8.778148177,11.5028353,220.7553436,252.9647976,216.7302015,9.946354156,12.79852514,7.020042675,0,-115.7568694,130.2633058,-69.67023284,45.44378751,159.3618015,0.6077149645,-115.1852526,129.2774168,89.82729117,-128.4511273,3.718572819,49.98859423,49.98914479,2267.527232,2128.278564,129.6293272,-1.267864379,5.6657938,1
9632,96,96,48,1,1,0,1,1,1,1,1,1,1,1,0,220.2466648,252.1027802,218.5134406,10.98758123,9.735967928,5.997857866,219.0126565,253.2355617,219.0616931,10.4147956,11.02719331,3.323390002,8.199802814,-7.036548388,-1.1631818,-8.230633226,7.068711167,1.161998611,220.2301871,252.0993193,218.5121872,4.529607029,1.010392293,5.651468734,218.9490696,253.1892109,219.0576091,2.765736694,5.19794227,2.644053772,0,-115.113151,129.2222894,-37.6479382,52.03687581,155.2967566,0.0768861728,-114.8943836,128.8984537,88.46962684,-117.5514254,57.8826584,49.99194194,49.99191689,1610.652487,1616.282961,0.4309362598,-42.72327948,5.7811915,1
9633,96,96,48,1,1,1,0,1,1,1,1,1,1,1,1,221.8385062,251.7740302,217.2523835,6.278601651,3.461378746,6.133155468,221.3258585,251.304873,218.8620659,4.271527025,4.558974468,7.587834696,4.085295537,1.331348447,-5.416583363,-4.057644954,-1.329873283,5.387581452,221.8171209,251.777622,217.2493041,4.730055092,3.008162986,2.667621136,221.3132368,251.30981,218.8653177,1.194909325,4.226417099,5.235251957,0,-115.653154,129.2558363,7.969200684,174.7220409,-168.2076702,-0.2716978435,-115.3793169,129.2584375,-146.0623491,-73.71835305,102.289713,49.99205487,49.99204239,1591.506439,1589.008882,1.547401329,-50.51491333,5.7354419,1
9634,96,96,48,1,1,1,0,1,1,0,1,1,1,1,1,222.258339,251.561485,217.1133676,8.246556725,3.512579066,7.938167248,221.6410101,251.1297903,218.758681,6.732702074,4.787845905,9.058003784,5.639129926,1.136218196,-6.775276072,-5.60171585,-1.132875198,6.73466132,222.2207207,251.5638968,217.1009704,4.86904485,3.012622568,2.865587051,221.6257963,251.1337543,218.7610193,1.256628476,4.436496142,5.27806831,0,-115.7168111,129.3382077,6.01838801,170.3014913,-167.2546201,-0.272662171,-115.4223314,129.3217549,-155.4594546,-74.8839678,100.1991239,49.9920157,49.99200497,1599.441429,1596.947517,1.411182545,-52.00235579,5.6157845,1
9635,96,96,48,1,1,1,0,1,1,1,0,1,1,1,1,222.9656516,249.3542883,218.8761627,18.60005216,42.16407388,43.52396755,219.5843392,250.1672454,223.0167868,16.43338914,42.8758932,43.7361975,-0.3991699555,29.10981784,-28.71068046,0.4220418407,-29.19319903,28.77112427,222.6769687,249.3061739,218.7031382,11.91581512,7.214490283,9.747604837,219.3420883,249.2958757,222.0999645,8.286332462,10.12903159,9.887939733,0,-114.8223072,130.4238066,-8.846335709,121.7180412,-156.218054,-0.6711530791,-113.9676485,129.7806084,167.3920454,-78.2036788,59.09543608,49.98947687,49.98897813,2072.953526,2189.378891,42.77237492,58.61952165,6.1622034,1
9636,96,96,48,1,1,1,0,1,1,1,1,0,1,1,1,223.0851292,253.7183202,213.8447643,26.19706351,5.053147559,29.9627722,223.1615858,253.8441872,214.1909813,26.17998567,5.045893958,29.9197774,25.22074142,3.105923097,-28.32660856,-25.19929331,-3.095587688,28.29493854,222.9601322,253.6329891,213.7469325,1.826240712,2.112261595,2.93694687,223.0539897,253.7591416,214.0705663,1.892053954,2.115012271,2.852999841,0,-117.3155444,128.1239579,-2.157457056,-117.0392843,126.8889647,0.02034979679,-117.3046322,128.1657625,1.995127033,-117.6881852,129.2411804,49.99099519,49.99099084,1801.082532,1800.487173,21.42362326,-29.22551894,6.0509269,1
9637,96,96,48,1,1,1,0,1,1,1,1,1,0,1,1,313.8823499,285.8764083,331.5530026,18.59826238,8.880073878,17.65790283,315.4267393,289.8550997,333.3926115,18.27958155,11.01099974,16.24083331,16.84399757,-2.517508614,-14.32635886,-14.74301495,5.409133971,9.33404317,257.4896328,192.9453311,256.6418034,7.159638082,4.257103351,7.240003388,261.3131231,195.3076993,261.0312767,10.49391137,6.584619125,11.91148876,0,-97.96729485,153.2062172,130.6089988,24.53675305,-93.13966852,0.1398501202,-97.89799545,153.2694214,-31.17940926,-131.0103384,119.3675813,49.98484551,49.98407444,3110.061157,3105.493773,400.7019443,-572.8339827,5.3497175,1
9638,96,96,48,1,1,1,0,1,1,1,1,1,1,0,1,220.3514871,252.0891306,218.4578058,11.81965878,10.75458518,6.079989282,219.1016337,253.2928014,218.9806336,11.30342835,11.97358657,3.243188076,-8.525777814,7.431326232,1.094566358,8.559313983,-7.466230237,-1.092970602,220.3334479,252.0838618,218.4553836,4.577883221,1.121617909,5.778730017,219.0251231,253.2333378,218.9751204,2.883059754,5.290390462,2.631391892,0,-115.1440642,129.2267777,-39.02993479,47.74857395,154.9776942,0.08759070777,-114.9259135,128.8895175,87.90021117,-118.6807797,55.00955101,49.99189249,49.99190797,1621.717127,1618.806093,0.1293509136,-42.57874728,5.5044856,1
9639,96,96,48,1,1,1,0,1,1,1,1,1,1,1,0,223.7247349,250.3879421,217.1877976,34.28285338,12.35466858,33.61965044,220.8027046,253.1552203,217.6004114,33.92553771,14.79668575,32.77652262,23.28206284,0.1524473132,-23.43534355,-23.192864,-0.1116557216,23.30366324,223.0497648,250.2540099,216.6200873,7.298688323,5.804475253,8.258959942,220.6489529,253.0279086,217.5691935,6.35525918,9.94751881,4.919224558,0,-115.7911142,129.749839,-60.46752639,53.25998896,165.4118042,0.3159779953,-115.2867009,129.082432,89.089272,-122.0756527,30.00086587,49.98999972,49.9907702,1956.990002,1800.372384,78.85093029,-55.20193722,5.6091673,1
9640,96,96,48,1,1,1,1,0,1,1,1,1,1,1,1,218.9021816,252.5811478,219.2786242,6.172587697,6.6971725,3.415326952,220.289706,251.8410189,219.2917265,7.177882032,4.402166448,5.583032659,5.617578291,-4.274155192,-1.343356764,-5.596861235,4.249615965,1.347315612,218.8830675,252.5783287,219.2809621,2.366001404,5.107677176,2.942839848,220.2792103,251.8449648,219.2946035,4.388013645,0.9053476776,5.306758903,0,-114.7539302,129.043141,90.87868775,-114.2448092,65.80167266,-0.01335523432,-114.9626149,129.41886,-32.6729311,68.81457685,158.7723849,49.99203049,49.99202537,1595.166961,1593.575972,6.193168641,-46.62524928,5.5623062,1
9641,96,96,48,1,1,1,1,0,1,0,1,1,1,1,1,218.8022265,252.5481861,219.3732167,6.804023655,7.353828469,3.191548372,220.2739591,251.6889236,219.4819476,7.707836339,5.23382669,5.793417213,6.094448399,-5.000351009,-1.094063062,-6.071657628,4.975594511,1.096096154,218.7806094,252.5437777,219.3754147,2.663371032,5.24790058,2.807600177,220.2624914,251.692814,219.4844821,4.527069264,1.053047603,5.591779009,0,-114.699202,129.0621632,90.03271083,-116.3900913,59.94739996,-0.04255634301,-114.9066724,129.4644311,-36.09887039,57.44814305,157.0975247,49.99204648,49.99198212,1592.885817,1600.685343,5.831204416,-46.79236394,5.6118678,1
9642,96,96,48,1,1,1,1,0,1,1,0,1,1,1,1,220.2571677,251.079051,219.7236823,4.453422641,10.47842847,9.260442255,220.8111491,250.0107001,221.0034227,3.224088232,9.879771074,10.93185702,-0.9633635008,7.82390528,-6.860495383,0.9598017618,-7.859267054,6.899505162,220.241162,251.0779143,219.7190691,4.053526709,4.409830507,0.2828874054,220.7931076,249.9699172,220.9565547,2.643037203,2.572519574,5.736370266,0,-114.4864186,129.7576349,39.44193044,-149.2539819,167.4034906,-0.289515299,-114.4176914,130.0089258,-78.12189389,-36.90064221,128.0463244,49.99190525,49.9919505,1619.427543,1608.39573,0.04010099869,-46.62135882,5.3278082,1
9643,96,96,48,1,1,1,1,0,1,1,1,0,1,1,1,220.8654169,253.0731879,216.4990551,48.51896264,21.49346798,46.50511731,225.6427555,248.9547213,218.2487752,48.80555139,19.17119256,47.57185332,32.11147945,0.08230824482,-32.19387555,-32.17556103,-0.120241433,32.29570765,220.5667599,252.766838,216.435416,10.40303171,13.36763768,7.459756395,224.4460797,248.7165361,217.1028894,10.97144975,9.362894437,11.95986057,0,-115.9294238,128.5831675,88.53042904,-130.2486032,1.496016255,-0.628883051,-116.4898354,129.7012044,-71.73976388,43.54713626,158.6003661,49.9888225,49.98828016,2194.351366,2323.860635,61.23993873,95.36939777,5.3009358,1
9644,96,96,48,1,1,1,1,0,1,1,1,1,0,1,1,219.0392065,253.1695922,218.5926272,11.42140563,12.09676951,3.272750833,220.4678894,252.2023291,218.7646327,11.92796141,10.88650996,6.052433006,8.532547105,-7.456710265,-1.075717187,-8.489320638,7.415553778,1.073886463,218.9596601,253.1079863,218.5871326,2.769449105,5.276148105,2.727496374,220.4489193,252.1965054,218.7620543,4.52352023,1.112155645,5.779099801,0,-115.0920528,128.7529086,88.2408409,-119.1407961,55.07257256,-0.05374090156,-115.2840158,129.1746013,-37.79744633,45.91337165,155.751419,49.99189703,49.99189157,1622.390858,1620.36141,10.81251474,-50.25993135,5.1787586,1
9645,96,96,48,1,1,1,1,0,1,1,1,1,1,0,1,379.337163,311.2043646,231.3093593,17.09734657,20.08300626,12.63190046,378.7425683,308.5618232,227.2172626,18.44734507,19.61477533,10.37609749,-10.25309475,16.28543209,-6.032059603,14.45138014,-17.31529051,2.864252457,268.4642355,275.7427099,161.1759748,11.68841233,10.93624209,7.484970517,264.3598369,271.9125101,158.9332525,8.36760678,7.812037044,4.669475429,0,-139.6567275,120.8727874,-33.89789597,-177.0686733,85.48376012,-0.09345478641,-139.6675175,120.9164497,128.9285002,-17.83194566,-126.9692085,49.98571534,49.98603173,2755.37278,2898.873725,-580.5416435,373.587599,5.0214994,1
9646,96,96,48,1,1,1,1,0,1,1,1,1,1,1,0,215.3519762,254.2779331,220.982603,28.92110672,24.90088353,5.457287496,215.4340898,254.4004633,221.3554031,28.90473464,24.89810248,5.448244573,27.43371048,-23.84012277,-3.593544732,-27.41916182,23.82968421,3.589522197,215.2576296,254.1916057,220.90457,1.804856451,2.072480215,2.994551838,215.3385595,254.3143714,221.272323,1.784552647,2.164456499,2.988354098,0,-114.0376673,128.5128408,-1.943234012,-114.9471059,128.4187901,0.01507096918,-114.0209897,128.5532791,1.871212385,-113.2567241,128.4550649,49.99101072,49.99099277,1799.653323,1800.043316,31.98353672,-20.52039721,5.5107586,1
9647,96,96,48,1,1,1,1,1,0,1,1,1,1,1,1,218.9041685,252.5762525,219.2790467,6.138779544,6.662900302,3.414378892,220.287258,251.8375685,219.2932268,7.144448901,4.358119593,5.57780423,-5.584224141,4.23119665,1.353090467,5.563582514,-4.207827549,-1.355691975,218.8852033,252.5735964,219.2814,2.358593926,5.09958638,2.937679174,220.2767667,251.8415309,219.2961136,4.376502407,0.897145261,5.2990136,0,-114.753188,129.044999,90.66258606,-114.2855255,65.94978808,-0.01347792284,-114.9611098,129.4197917,-32.6563355,68.60570502,158.7221617,49.99202861,49.99202865,1595.51256,1593.015714,6.279908169,-46.68130136,5.5421795,1
9648,96,96,48,1,1,1,1,1,0,0,1,1,1,1,1,220.2667396,251.0972878,219.6585002,4.382519959,9.660992843,8.271428227,220.8474826,250.0001541,220.9635734,3.133633892,9.018591573,10.16457685,0.9031841171,-7.155639241,6.252517243,-0.8998257303,7.18671986,-6.28683213,220.2526568,251.0982273,219.6574867,4.10005604,4.397821052,0.2621185078,220.8324189,249.9710879,220.9307958,2.72400459,2.614762685,5.854017684,0,-114.5114428,129.7403044,40.37932921,-149.9357795,-164.4034725,-0.2946754895,-114.4400052,129.9997223,-78.31868756,-37.59847654,127.4171924,49.99195109,49.99195117,1610.76805,1610.320639,0.2681328883,-47.57689162,5.599451,1
9649,96,96,48,1,1,1,1,1,0,1,0,1,1,1,1,219.1162053,254.2666954,217.8167127,35.38077686,35.81304087,11.39154726,219.2757502,251.317041,221.1447147,34.87783348,35.45240883,14.93831916,-24.58156772,23.55692908,1.024962491,24.48848907,-23.48901604,-0.9991522013,218.4161085,253.6997098,217.6889962,7.79532781,8.251590685,5.055644344,219.2254017,251.2004524,220.9962654,5.845408601,7.288745603,10.85028995,0,-115.3705157,128.3767635,45.07505903,-177.2103138,-68.93627795,-0.7143976143,-114.9800732,128.9107471,-108.5366656,-27.8424706,120.4875089,49.98937305,49.99103158,2077.024066,1741.284257,92.19173905,-53.27482019,5.6611966,1
9650,96,96,48,1,1,1,1,1,0,1,1,0,1,1,1,218.8991112,253.0950919,218.7309553,10.16907454,10.76294803,3.376506219,220.2978396,252.2257507,218.8685241,10.75173248,9.455597904,5.926408849,-8.102107506,6.919657507,1.182516802,8.063265744,-6.882400689,-1.180795071,218.8380704,253.0522497,218.7278265,2.600403734,5.138026244,2.73439388,220.2817422,252.2230924,218.8676871,4.442015184,0.9478735325,5.588931299,0,-115.0197623,128.7851363,88.72136428,-117.6016541,59.22557251,-0.03950619599,-115.2116912,129.186649,-35.8824929,51.50014281,156.1309698,49.99192238,49.99194758,1618.00673,1606.606682,10.43844272,-49.57369444,5.4943053,1
9651,96,96,48,1,1,1,1,1,0,1,1,1,0,1,1,220.7648382,253.1217343,217.0732814,39.40607327,17.39595232,37.8772835,224.3587042,249.9322752,217.8005761,39.68133716,14.99234464,38.73973843,-26.67222424,-0.01251826966,26.68424516,26.72842405,0.04312309643,-26.7720169,220.5731489,252.9309976,217.0319144,7.695137907,11.31036622,5.667290111,223.534534,249.7572999,217.0001358,8.374034343,7.220569708,9.44989391,0,-115.7777251,128.6651228,87.00504197,-126.1972268,18.8911362,-0.4148144513,-116.2934029,129.5443687,-66.82434335,47.94584728,163.1890975,49.99022533,49.98935289,1900.087085,2080.856693,9.222442276,53.57848941,5.5687392,1
9652,96,96,48,1,1,1,1,1,0,1,1,1,1,0,1,215.3578402,254.2752767,220.9789892,28.87982105,24.85811766,5.454299466,215.4335857,254.4021201,221.3548162,28.86208641,24.85678192,5.447878669,-27.39615704,23.80071453,3.595502276,27.38147367,-23.79105156,-3.590361376,215.2626541,254.1894334,220.9002795,1.815208645,2.064789383,2.992220118,215.340225,254.3165181,221.2744871,1.774494886,2.172434395,2.990660475,0,-114.0393441,128.5129903,-2.040145085,-115.1929956,128.5873159,0.01492000097,-114.021116,128.5524822,1.992107989,-113.0310636,128.2861093,49.99100089,49.9909981,1801.974451,1798.744208,32.65356344,-21.04138545,5.6161263,1
9653,96,96,48,1,1,1,1,1,0,1,1,1,1,1,0,379.1059252,311.5343301,231.8915128,16.31348436,19.33586773,12.24226265,378.6348578,309.0255039,228.1417624,17.66857059,18.86863649,10.14208899,9.636380603,-15.24016683,5.605233999,-13.8443701,16.26782965,-2.421957639,267.6280187,275.9902183,161.7901912,11.0345599,10.41928475,6.973833574,263.8166701,272.3412905,159.7590009,7.677503721,7.31152878,4.184915257,0,-139.4506887,120.6486648,-32.6629212,-176.6199816,86.04957122,-0.108452044,-139.4646035,120.7008859,129.2478719,-18.77492923,-130.0831932,49.98741915,49.98447972,2719.301621,2927.914442,-542.0229646,337.0075649,5.66336,1
9801,96,96,64,1,1,1,1,1,1,1,1,1,1,1,1,224.5298473,240.738367,224.3852979,1.833057781,1.983084746,2.520308129,224.6222594,240.8724457,224.5959863,1.914019935,2.030925663,2.38972271,-0.005508467119,0.009216957869,-0.003670659172,0.005494611162,-0.009710385856,0.004253159196,224.5178998,240.7440675,224.390299,1.832342201,1.98261321,2.519904413,224.610315,240.87815,224.6009849,1.913327489,2.030459544,2.389290882,0,-117.5640499,124.8243803,-2.707128408,-116.6278307,123.7627545,0.02094373548,-117.552882,124.8480952,2.505912112,-118.5734259,125.8150684,49.99272803,49.9927302,1455.282115,1452.982166,16.4229599,-24.55825405,6.0982245,1
9802,96,96,64,1,1,1,1,1,1,0,1,1,1,1,1,224.599682,240.3867577,224.7458129,4.088747004,6.57184964,3.71304306,225.232085,239.3475486,225.6814357,3.116349057,5.485444096,6.32151471,1.274693272,-4.940890535,3.66623648,-1.270081373,4.955273024,-3.685151676,224.5872379,240.3920234,224.7498347,3.764334375,4.236029703,0.3096318567,225.2190666,239.3461309,225.6799849,2.678982864,2.167235129,5.111556995,0,-117.3920091,125.0001921,41.62979115,-147.783095,-1.466386708,-0.2492964015,-117.3577024,125.2577725,-69.60264223,-36.52708924,127.8285833,49.99267982,49.99267592,1464.981712,1463.765026,11.80205506,-27.95607336,5.4813192,1
9803,96,96,64,1,1,1,1,1,1,1,0,1,1,1,1,224.5978681,240.3835586,224.7498587,4.090654871,6.5960739,3.74760649,225.2330244,239.341646,225.6905524,3.11802793,5.512676005,6.353319645,-1.267486215,4.965525114,-3.69800158,1.262747781,-4.980927859,3.718215058,224.5854279,240.3888131,224.7538694,3.77080274,4.243285719,0.3193506305,225.2200116,239.3401982,225.6890371,2.687136423,2.176722722,5.126186489,0,-117.3899034,125.0016766,41.72421344,-147.8802666,-3.427765986,-0.2501286747,-117.355051,125.2602119,-69.68346098,-36.41533411,127.8354045,49.99267593,49.99267897,1465.355058,1463.611129,12.13325185,-28.31347982,5.6083854,1
9804,96,96,64,1,1,1,1,1,1,1,1,0,1,1,1,224.9336875,240.7649233,223.9969716,4.029522398,4.389877887,7.120520291,225.6676238,241.4533088,222.9859581,6.131507259,3.340470331,5.764768915,3.825861455,1.298124389,-5.123949274,-3.844553198,-1.295426472,5.140017649,224.9204867,240.7700477,224.0015843,1.141655939,4.070381657,4.842280199,225.6479495,241.4575813,222.9834569,4.74505523,2.908899774,2.411405937,0,-117.7549258,124.7898448,-146.2491034,-75.76127886,96.03360224,0.2855221063,-118.007718,124.8423997,7.742306673,172.190089,-160.7066848,49.99268009,49.99268438,1464.159928,1462.881957,12.25519431,-28.08331702,5.3942414,1
9805,96,96,64,1,1,1,1,1,1,1,1,1,0,1,1,224.9306625,240.764795,224.0031963,4.05415129,4.394218037,7.136431669,225.6667789,241.4557269,222.9873287,6.152111402,3.341111911,5.780132293,-3.848938949,-1.293539189,5.142521947,3.867569879,1.289807569,-5.157333455,224.9174719,240.7699155,224.0078331,1.147763476,4.07866025,4.84963539,225.6470359,241.4600338,222.9848446,4.75211695,2.914712416,2.416002055,0,-117.7526009,124.7903944,-146.4320993,-75.71840287,95.99939454,0.2870917615,-118.0059797,124.8434075,7.735471262,172.0631379,-160.5544416,49.99268308,49.99268096,1464.405137,1462.691381,12.10399563,-27.94076766,5.5675196,1
9806,96,96,64,1,1,1,1,1,1,1,1,1,1,0,1,224.0782496,241.1711283,224.4168348,6.858620933,4.061961114,4.885681082,222.9364081,242.0427755,225.0839043,5.815296841,6.303966527,3.252330066,-5.227636199,3.920747301,1.30692972,5.241532155,-3.940117508,-1.301375047,224.06611,241.1755548,224.4213209,4.332412828,0.8963089211,4.595328429,222.9170143,242.0411211,225.087804,2.323859139,4.88844727,2.800051421,0,-117.565902,124.6556963,-32.46877829,79.54414087,158.5224037,0.03846575105,-117.3207285,124.3822888,88.27220893,-114.4251408,57.75567159,49.99267374,49.99267661,1465.863951,1463.923049,12.96641489,-26.91929755,5.4904953,1
9807,96,96,64,1,1,1,1,1,1,1,1,1,1,1,0,224.0802095,241.1697364,224.4128798,6.84632714,4.048063148,4.884327513,222.9390469,242.0427102,225.0802377,5.802192563,6.295619192,3.25551875,5.21483031,-3.905342146,-1.309450338,-5.228746194,3.923719737,1.305065157,224.0680728,241.1741453,224.4173762,4.32956748,0.8973942907,4.592366284,222.9196788,242.0410833,225.084146,2.322185553,4.889481841,2.801307216,0,-117.5671526,124.65569,-32.46505602,79.54456881,158.5459439,0.03911631638,-117.3216194,124.3826554,88.21450977,-114.4228752,57.82090497,49.99267448,49.99267629,1465.44815,1464.277022,13.1597429,-27.10178922,5.4076791,1
9808,96,96,64,0,1,1,1,1,1,1,1,1,1,1,1,225.1073951,239.3039352,225.4187781,3.112153031,5.337780533,6.273578669,224.6889752,240.5548974,224.9250699,4.130761213,6.416974705,3.591831628,-1.22772732,4.801792744,-3.574024577,1.232294244,-4.782012625,3.549758277,225.094476,239.3024711,225.4182612,2.712374069,2.164136473,5.132141787,224.6764143,240.560081,224.9292936,3.83712951,4.191132499,0.2434897643,0,-117.0986912,125.4908386,-70.76620794,-37.44321846,126.8087512,0.280361808,-117.1126495,125.2920766,41.95260744,-147.6836885,-21.78766082,49.99268046,49.99267966,1465.387605,1462.520798,12.62906666,-28.91666584,5.3544274,1
9809,96,96,64,0,1,1,1,1,1,0,1,1,1,1,1,232.4201502,385.5745176,290.6564942,11.50203961,19.71640256,21.50593171,237.4838364,386.7940744,293.491538,13.11593042,18.45256612,21.60193293,3.744034367,15.52870343,-19.27219309,-5.954215467,-11.56985629,17.5246155,155.7702743,286.3346489,249.2136384,5.563807726,8.816186852,8.217559204,158.6064446,290.8961052,253.7054973,7.458006174,12.27110368,11.97747138,0,-112.5536874,106.7644421,127.7675953,13.44213481,-132.6961157,0.08702018068,-112.4789824,106.8239672,-36.13102743,-148.0905523,70.5440441,49.98637059,49.98590365,2755.005603,2780.952036,697.7751014,-401.6477628,5.1477112,1
9810,96,96,64,0,1,1,1,1,1,1,0,1,1,1,1,227.4046837,236.2911044,226.5033725,4.403353538,24.50279559,21.11622404,227.5154829,236.3791808,226.7481239,4.404071484,24.48447051,21.10482593,-3.006630514,23.40910815,-20.40244856,3.008585211,-23.39523486,20.38667874,227.3395016,236.241602,226.4511748,1.894923409,1.991842144,2.453894799,227.4480702,236.3333065,226.6878428,1.894026387,1.946073666,2.500329298,0,-116.5868897,126.8261041,-0.0986199356,-117.7461076,125.8923461,0.01125196873,-116.5750673,126.8567865,0.002022069507,-115.4978865,127.6242701,49.99195379,49.99194992,1610.33034,1609.547574,18.94671215,-21.96650287,5.3832002,1
9811,96,96,64,0,1,1,1,1,1,1,1,0,1,1,1,224.7467348,239.2807973,225.9492728,7.493619566,22.93883957,23.35622099,226.1670697,240.1840745,224.2253006,9.807864454,22.59876956,22.83455069,-0.3477628394,16.43371507,-16.0858136,0.3418840952,-16.36353642,16.02179365,224.6723358,239.0076347,225.7058603,3.471744318,5.367855864,5.923968354,226.0890202,240.1688854,224.1945859,7.188869669,4.164933674,4.129722016,0,-116.9050552,125.5510348,-168.3893112,-66.85627039,81.96898705,0.5119876485,-117.266626,125.7200002,5.672424438,160.6133329,-153.2340977,49.99150111,49.99235902,1667.669999,1506.76276,59.08947705,-49.86980699,5.4803603,1
9812,96,96,64,0,1,1,1,1,1,1,1,1,0,1,1,225.288732,240.5376147,223.905103,7.327711499,4.667454612,9.185632457,226.1500948,241.1679203,222.8632692,8.747816776,3.392011548,8.244437119,-5.761498697,-1.097494577,6.8590446,5.789150154,1.095375181,-6.884475285,225.2730955,240.5411361,223.9079843,1.173799534,4.311374023,4.879843111,226.1104879,241.170202,222.844993,4.872476263,2.880858551,2.650642393,0,-117.7944234,124.8854619,-158.7864701,-77.67074717,93.33138753,0.2820124328,-118.0715029,124.9616937,5.058947164,166.6080399,-161.0672112,49.99261715,49.99263967,1476.424425,1473.424851,10.55670745,-27.32926187,5.4797328,1
9813,96,96,64,0,1,1,1,1,1,1,1,1,1,0,1,224.012932,240.6385711,225.0439813,11.17502318,9.504006784,5.748065155,222.6343894,241.6488132,225.3277216,10.5565189,10.65798518,3.046315738,-8.686129587,7.852251775,0.8338297947,8.711342003,-7.875697303,-0.8356921693,223.9964563,240.6388402,225.0419365,4.847259398,0.8194066242,5.406185915,222.5821302,241.6169935,225.3283518,3.081091776,4.824765457,2.344631415,0,-117.2799179,124.9099495,-39.49310501,52.43273837,150.4020381,0.08802451812,-117.0668493,124.5688389,90.34508328,-118.9798598,36.00991403,49.9924266,49.99271037,1506.217983,1456.941785,9.220272801,-22.51962382,5.2041465,1
9814,96,96,64,0,1,1,1,1,1,1,1,1,1,1,0,224.4722729,239.3849332,226.0342235,3.186937789,9.673425364,10.60781021,224.1334978,240.7065169,225.3491142,4.554254721,10.257657,9.110174683,-0.8951865826,7.494959416,-6.599742679,0.898311823,-7.453882583,6.555597389,224.4535761,239.3462032,225.9951846,2.742666199,2.541600289,5.352935048,224.1162197,240.7061388,225.3481141,4.256607357,4.34444984,0.4498849481,0,-116.8380336,125.4942105,-80.45633293,-37.02108805,123.4199476,0.3266676692,-116.8820895,125.3013629,39.54740868,-152.0655263,-78.11175627,49.99256978,49.9925816,1487.742339,1482.551377,15.24734039,-31.01443794,5.194714,1
9815,96,96,64,1,0,1,1,1,1,1,1,1,1,1,1,225.105126,239.3105774,225.4118132,3.109528014,5.325027001,6.25652896,224.6885248,240.5601767,224.9202988,4.128931173,6.403936251,3.569657048,1.233604764,-4.78741862,3.553853108,-1.238176466,4.766781745,-3.528568701,225.0922384,239.3091721,225.4113807,2.706911885,2.162094154,5.126774542,224.6759725,240.5653814,224.9245349,3.833428361,4.186128342,0.2381715112,0,-117.1015623,125.4875068,-70.7302099,-37.56988224,126.7873239,0.279930808,-117.1154243,125.2892121,41.88721544,-147.681648,-21.47111655,49.9926803,49.99267996,1464.984851,1462.928494,12.49716447,-28.7660858,5.0031429,1
9816,96,96,64,1,0,1,1,1,1,0,1,1,1,1,1,227.4066566,236.2835947,226.5173766,4.403336624,24.53078146,21.14012329,227.5169554,236.3632077,226.756118,4.405763621,24.50925391,21.12754993,3.010245402,-23.43457854,20.42435874,-3.012167295,23.41990543,-20.40771073,227.3402728,236.2328751,226.4646778,1.89292824,2.012014759,2.459956141,227.4507153,236.3180596,226.6954018,1.896053945,1.925624914,2.49507851,0,-116.5813505,126.8309256,0.06289435919,-117.6649999,125.5374316,0.01111734188,-116.5707757,126.8627956,-0.1594144785,-115.548748,127.9884713,49.9919483,49.99194946,1610.88689,1608.568569,18.54655602,-21.69649621,5.2536894,1
9817,96,96,64,1,0,1,1,1,1,1,0,1,1,1,1,232.1053206,385.3948259,290.8228512,10.72862747,18.39972532,20.09350849,236.4858959,386.5100962,293.4394365,12.19929415,17.18384337,20.20194585,-3.019435336,-14.46154741,17.48121138,5.225588915,10.49208854,-15.71741124,155.7247284,285.6946781,249.3600779,4.667207782,7.761983576,7.438416145,158.1706983,289.8833258,253.5603613,6.553692345,11.31542135,11.17877086,0,-112.2897423,107.0693987,126.0385157,14.80742113,-133.9885261,0.08454544499,-112.1863338,107.1214516,-35.15486662,-145.452122,71.45370469,49.98494276,49.98761977,2855.351827,2660.139745,650.0889319,-362.4992703,5.1229822,1
9818,96,96,64,1,0,1,1,1,1,1,1,0,1,1,1,225.2668088,240.5911083,223.8833094,6.489831117,4.625514706,8.679668197,226.0696548,241.2476053,222.8015184,8.03254327,3.398130596,7.589275189,5.473524253,1.070855874,-6.544346284,-5.499584154,-1.069138348,6.568757968,225.2516945,240.5952053,223.8865789,1.185954483,4.290655305,4.977365252,226.0366255,241.2505646,222.7885404,4.841580982,2.925108594,2.590982356,0,-117.8074386,124.8635238,-152.4310758,-76.90023777,94.35837606,0.2895203322,-118.082466,124.9278541,6.570390055,167.4875313,-158.4743962,49.99266207,49.9926305,1467.293411,1472.903341,8.18850168,-25.06795285,5.3725787,1
9819,96,96,64,1,0,1,1,1,1,1,1,1,0,1,1,223.0024628,239.6026581,228.1273509,15.91185528,41.85422341,42.73533815,226.5340449,239.0601279,224.6059633,18.08049426,41.13722069,42.41230127,0.4570107698,-28.55535939,28.0983323,-0.4436717559,28.43776154,-27.99410361,222.7773248,238.7000135,227.3090802,7.962330748,9.775788924,9.677058338,226.2711671,239.0058818,224.4498882,11.62539576,7.026122878,9.257890758,0,-116.0874749,125.6592185,166.5124144,-79.36182381,55.56733086,0.6452948901,-116.9273278,126.2911476,-9.108899861,120.6455756,-154.5966015,49.98974743,49.99025594,2035.878812,1917.135025,119.2916686,13.81679381,5.0520329,1
9820,96,96,64,1,0,1,1,1,1,1,1,1,1,0,1,224.4450711,239.3829104,226.0889255,3.289782028,10.44865154,11.30662271,224.1283821,240.6609312,225.4247536,4.609249163,10.98844614,9.959739576,0.9734757166,-8.163016005,7.189599639,-0.9768953294,8.117360351,-7.140403243,224.4229624,239.3320274,226.0361572,2.65427211,2.489174076,5.235998273,224.1089956,240.6583516,225.4199578,4.181431388,4.324646064,0.3202546802,0,-116.8179655,125.5009876,-79.6865244,-36.936228,124.0165813,0.3185580833,-116.8602399,125.3169095,38.74051654,-151.4037073,-76.96980592,49.99258301,49.99252534,1484.400842,1492.221152,14.82835912,-29.87484701,5.2445966,1
9821,96,96,64,1,0,1,1,1,1,1,1,1,1,1,0,223.3250657,240.6645539,225.9613336,29.20426613,29.5191865,12.15462558,223.0924169,243.3538209,224.0238208,29.6119632,29.91456397,9.110134231,20.75441653,-19.83141169,-0.9226485183,-20.81204783,19.87371754,0.9386743062,223.2844738,240.5956463,225.8686367,4.961939147,5.623420869,8.947607197,222.6021415,242.941363,223.9284188,6.644008214,7.006915372,4.032416477,0,-116.9410484,124.9471371,-98.73628365,-25.48380168,122.3173106,0.5936397842,-117.1778094,124.5067969,47.73959375,-170.4255815,-60.56996697,49.99205672,49.99076579,1556.242842,1806.717435,1.811840645,36.17701823,5.2339045,1
9822,96,96,64,1,1,0,1,1,1,1,1,1,1,1,1,225.5878307,241.3251703,222.7606668,6.089692103,3.324901291,5.768467007,225.0538568,240.8751413,224.2005942,4.020468858,4.377059564,7.063628912,-3.872605624,-1.3048275,5.177470795,3.848310933,1.304468662,-5.152737987,225.5671351,241.3293913,222.7589636,4.666972901,2.883760424,2.33642685,225.0402606,240.8804262,224.2053009,1.025335828,4.052639071,4.72615428,0,-118.2931525,124.5248588,6.259763208,172.051026,-163.3124096,-0.2494238186,-118.0191828,124.5258483,-149.5412204,-76.36073209,96.38729481,49.99268593,49.99268224,1464.139846,1462.132816,12.29097233,-28.80692599,5.203276,1
9823,96,96,64,1,1,0,1,1,1,0,1,1,1,1,1,225.7817345,240.3184588,223.9209979,7.108697996,16.84840536,16.38079349,225.3419322,239.3657437,225.5667486,4.807561313,16.87377171,17.10826158,0.5656384487,-12.65763141,12.09217528,-0.5713361009,12.69577797,-12.1242538,225.7396403,240.3129597,223.9093443,5.732206205,4.017998248,2.253540512,225.3063306,239.2446885,225.4388937,2.371571059,3.940317483,5.210512554,0,-117.7949115,125.036971,16.06672835,-176.6556145,-150.2497039,-0.3969070578,-117.5605246,125.0906375,-137.523859,-56.92772669,99.49413217,49.99261839,49.99198548,1467.909214,1578.160868,-11.50867825,3.149500332,5.321966,1
9824,96,96,64,1,1,0,1,1,1,1,0,1,1,1,1,226.0520499,241.0511071,222.6022453,8.427144228,3.403101591,7.990938326,225.4295731,240.6459028,224.103914,6.988156545,4.650943791,8.959738189,-5.760118741,-1.080267074,6.840419852,5.724857198,1.077981705,-6.802805612,226.0130849,241.0535612,222.5873653,4.771927732,2.885967509,2.53307476,225.4133875,240.6498148,224.1070699,1.069395805,4.289264861,4.837258254,0,-118.3608429,124.6367731,4.598453894,166.8169428,-161.4695479,-0.2500291184,-118.0624894,124.6225121,-158.4073892,-77.77786579,94.36100239,49.99262714,49.99264973,1476.231545,1467.220995,14.73981146,-32.42586037,5.3366068,1
9825,96,96,64,1,1,0,1,1,1,1,1,0,1,1,1,306.974424,267.144307,348.3180518,17.85917692,9.9032882,16.75432683,308.6827285,270.7472418,349.722321,17.70627126,11.45774086,15.49108714,-15.21684977,2.167784245,13.0493024,13.39254479,-4.812027512,-8.580289239,256.5915957,180.6553014,263.9214566,6.540860733,3.767632775,6.535052578,260.1310728,182.7726703,267.7926105,9.681020433,5.890753128,10.59277376,0,-101.000047,148.3064964,125.214126,18.85362998,-93.51961446,0.08016950972,-100.9466457,148.3767366,-33.50169078,-134.6973688,115.3582327,49.98253861,49.98940309,2905.314737,2738.475355,411.6757904,-455.9849784,5.1559365,1
9826,96,96,64,1,1,0,1,1,1,1,1,1,0,1,1,226.8040262,243.4504012,219.3854637,24.52850981,4.803917954,28.13913279,226.9020631,243.5682229,219.6087686,24.51846851,4.798982848,28.11077822,-23.67566918,-3.038477388,26.71416966,23.65946631,3.031880513,-26.69132666,226.7017846,243.3760805,219.3042285,1.848356242,2.027867355,2.425580313,226.8074255,243.4945637,219.5172109,1.931302558,2.028404683,2.373007471,0,-119.834647,123.4787353,-1.62257095,-119.6499846,122.052717,0.01783794592,-119.8236931,123.506889,1.463860506,-120.1160301,124.8131048,49.99172608,49.99174701,1654.026306,1650.624481,28.94257083,-12.49276829,5.4111044,1
9827,96,96,64,1,1,0,1,1,1,1,1,1,1,0,1,228.6784897,239.0204441,223.0434619,43.62284119,16.22437139,42.72417617,224.6893706,242.6834672,222.4512396,43.29406563,18.49526998,41.8273683,-28.72543011,-0.4408333083,29.16623702,28.6290822,0.4014585112,-29.0305713,227.7017957,238.8261574,222.1457409,9.771581477,7.966196355,10.29183141,224.4656291,242.4616932,222.4012894,9.154453295,11.85223564,6.790783209,0,-118.403752,125.4381712,-69.26359838,44.70669246,158.53872,0.5588334472,-117.8308054,124.5382266,88.06044454,-129.5874857,1.836735012,49.98959327,49.99021998,2063.34766,1918.865311,125.1553676,10.65962305,5.6604686,1
9828,96,96,64,1,1,0,1,1,1,1,1,1,1,1,0,224.024537,241.5885709,224.054087,10.12076325,8.788171541,5.249587869,222.8532686,242.5974154,224.6133714,9.495766498,10.08269778,3.2876075,7.655057534,-6.552599991,-1.102411801,-7.683169157,6.582264216,1.100949387,224.0084279,241.5882666,224.0554015,4.407069157,0.9319433071,4.888379757,222.8016891,242.5626452,224.6128044,2.581557555,4.964101462,2.670965548,0,-117.7413947,124.46345,-35.82390188,62.29719975,155.9308222,0.06557714137,-117.5084248,124.1614456,86.65813589,-117.6900323,50.45724858,49.99259714,49.99258552,1479.978465,1482.652672,10.61541839,-23.89422985,5.6415651,1
9829,96,96,64,1,1,1,0,1,1,1,1,1,1,1,1,225.5866925,241.3207017,222.7623237,6.084241861,3.325429764,5.758179967,225.0522843,240.8720416,224.2029368,4.010011391,4.379368804,7.057701025,3.861839401,1.302860507,-5.164657069,-3.837569657,-1.30346201,5.141072841,225.5660082,241.3249446,222.760621,4.669599476,2.885231131,2.339201502,225.0386672,240.8773373,224.2076469,1.02859157,4.055743399,4.731209179,0,-118.2917995,124.5262259,6.285161346,171.9968118,-163.1983606,-0.2489898064,-118.0173575,124.5272849,-149.4972926,-76.35386107,96.3659043,49.99268762,49.9926808,1463.291261,1462.991277,12.20166657,-28.72426259,5.5605819,1
9830,96,96,64,1,1,1,0,1,1,0,1,1,1,1,1,226.0913515,241.014721,222.6507172,8.779928132,3.374510214,8.295401424,225.4240422,240.62316,224.1265312,7.381974143,4.659868608,9.180288457,5.847690401,1.090699903,-6.938337117,-5.811761306,-1.089235198,6.901051725,226.0489514,241.0170042,222.6336215,4.812272392,2.865133309,2.584613686,225.4074932,240.6268896,224.1296128,1.084755798,4.30770561,4.769152247,0,-118.3459896,124.6597248,3.515677496,166.2188509,-163.3166941,-0.2463024211,-118.0459588,124.6364612,-163.6162175,-78.18516319,93.55339877,49.99263564,49.99262227,1475.621141,1473.841112,12.99581248,-30.66597436,5.5959223,1
9831,96,96,64,1,1,1,0,1,1,1,0,1,1,1,1,226.5409978,238.8736913,224.3512597,17.96255455,41.06477886,42.32445499,223.2486673,239.6008358,228.3405541,15.78512126,41.72561896,42.56928288,-0.4524732223,28.40841433,-27.95594461,0.4750370338,-28.48865689,28.01361526,226.2900794,238.8276436,224.1864839,11.53954041,6.980878368,9.117022839,223.0269522,238.7405861,227.4833329,7.869920537,9.710311859,9.514203963,0,-117.5417009,125.6168736,-10.02223125,120.3909281,-155.4875813,-0.6114256792,-116.6842246,125.0459154,165.3844382,-79.84407621,55.12192092,49.99027084,49.989779,1915.423423,2029.414437,52.32662834,75.48867008,5.8063684,1
9832,96,96,64,1,1,1,0,1,1,1,1,0,1,1,1,226.8335904,243.4477993,219.3750039,24.70385956,4.813689228,28.30622717,226.9297461,243.562349,219.6028467,24.69233737,4.806582528,28.27962297,23.83300885,3.029298605,-26.86228098,-23.81678212,-3.023541993,26.84035582,226.7292899,243.3720347,219.2920936,1.857200596,2.030245357,2.414346513,226.8336231,243.486617,219.5086044,1.922413237,2.025897002,2.383701089,0,-119.8412251,123.4816358,-1.299973536,-119.9225759,122.2067163,0.01641197521,-119.829928,123.5097691,1.165239555,-119.8563503,124.6503558,49.99172167,49.99174312,1654.900672,1651.33338,28.99891709,-12.35610699,5.462748,1
9833,96,96,64,1,1,1,0,1,1,1,1,1,0,1,1,306.6899677,266.6733083,348.5173223,18.79927609,9.102147844,17.64925143,308.5676381,270.6381188,349.9850613,18.66013711,10.95584436,16.34259427,16.75458417,-2.519872206,-14.23471913,-14.93789371,5.158199789,9.779721839,256.3984486,180.1019138,264.4690075,7.351577154,4.21082405,7.342568122,260.2890953,182.405343,268.6882331,10.52935327,6.348562239,11.47564346,0,-100.6406668,148.490595,127.3312703,21.35346699,-90.56705146,0.09989578572,-100.5817284,148.5789984,-33.71442597,-134.8746435,115.2114417,49.98587118,49.98594533,2877.732166,2768.714092,458.0311308,-507.2997598,5.3928705,1
9834,96,96,64,1,1,1,0,1,1,1,1,1,1,0,1,224.0977128,241.5983194,224.0059235,10.7000618,9.535630047,5.298032009,222.9260897,242.6474835,224.5514523,10.12586058,10.76012995,3.260854462,-7.910390402,6.828505617,1.081951896,7.940442777,-6.860683937,-1.079691078,224.080582,241.5964857,224.0064128,4.413910197,0.972761543,4.953426131,222.86649,242.6036192,224.5497075,2.637924108,5.003320582,2.661907098,0,-117.7679246,124.4616734,-36.63258507,58.21664719,155.6017881,0.07117078083,-117.5369144,124.1526548,86.0243048,-118.5047253,48.91965569,49.99256818,49.99257535,1487.632946,1484.405688,10.09296873,-23.2461623,5.6077396,1
9835,96,96,64,1,1,1,0,1,1,1,1,1,1,1,0,226.8088549,240.3999572,222.6338188,29.45948237,10.01510439,28.98938645,224.4333356,242.5390414,223.3147759,29.09921349,12.41254345,28.44276763,20.14413644,0.3025602208,-20.4470826,-20.07210762,-0.2767169698,20.34838175,226.3336075,240.2913788,222.1900782,6.227810146,4.610048218,6.691163586,224.337614,242.4494795,223.2926966,5.081217409,8.622698833,4.574943974,0,-118.4199871,124.8471387,-54.61631863,57.50622085,167.7128464,0.216060034,-117.9328363,124.3129561,88.3050876,-120.5155767,34.42069879,49.99110951,49.99181071,1735.847424,1605.530803,72.84139664,-39.57728203,5.6450016,1
9836,96,96,64,1,1,1,1,0,1,1,1,1,1,1,1,222.826815,241.9466728,224.8391832,5.781428572,6.296176799,3.292349071,224.1526633,241.2998299,224.6356125,6.820317967,4.06854491,4.883045151,5.248384046,-3.956183082,-1.292162999,-5.228938515,3.933460503,1.295516396,222.8072148,241.9452211,224.8431201,2.236998872,4.863442418,2.85134956,224.140456,241.3043436,224.6400653,4.278130035,0.859261096,4.59666022,0,-117.38959,124.3198145,88.03403826,-114.9744416,57.80165982,-0.009247144869,-117.6067418,124.6464424,-31.55438917,77.14729958,159.05968,49.99267382,49.99267456,1466.311056,1463.866353,14.70922423,-27.00102392,5.687175,1
9837,96,96,64,1,1,1,1,0,1,0,1,1,1,1,1,222.6023771,241.7096191,225.0687502,8.127192465,8.47072963,3.03596883,224.1122198,240.9191865,225.0851007,8.90541305,6.895179595,5.399376262,7.043945094,-6.20717483,-0.8367868462,-7.017085162,6.181301363,0.8357693554,222.5710415,241.6985069,225.0715229,2.795545399,4.96867108,2.612392333,224.0972436,240.9222669,225.0868579,4.636337606,0.9494443682,5.173042354,0,-117.2420986,124.4030991,89.50450403,-118.363393,44.03937339,-0.04895101934,-117.4480653,124.7828248,-37.14479948,57.51323432,154.3420811,49.99272043,49.99253411,1458.005319,1487.461696,16.43741263,-29.19459603,5.7579847,1
9838,96,96,64,1,1,1,1,0,1,1,0,1,1,1,1,224.1754688,240.3965064,225.1932797,4.466536684,9.777909336,8.378738669,224.7426336,239.3174214,226.2682302,3.269408683,9.109361459,9.911356735,-1.033977527,7.457694894,-6.423671209,1.030935645,-7.488141578,6.457248651,224.1596852,240.3977459,225.1928668,4.039597817,4.372489624,0.3159336512,224.7250945,239.2867053,226.2343725,2.655270465,2.446733939,5.23850587,0,-117.1956778,125.0211729,39.5078845,-150.8478639,-40.50266988,-0.2803203467,-117.1383035,125.2724894,-76.4277801,-35.60688154,125.9189995,49.99257692,49.99261213,1485.037094,1475.596549,11.88527476,-27.63911586,5.7712485,1
9839,96,96,64,1,1,1,1,0,1,1,1,0,1,1,1,224.5712943,242.5678964,222.2264419,44.70181556,19.22109577,43.17329085,228.8491747,238.9640356,223.4038059,44.97165303,16.94832393,44.00286086,29.56217846,0.3668056736,-29.9290288,-29.62161653,-0.3966662006,30.01823228,224.3440012,242.3193557,222.1726118,9.415998376,12.20460365,7.066810781,227.8537037,238.7530495,222.4129103,9.977703878,8.324452483,10.56912812,0,-118.4654856,123.9365342,87.07565867,-130.9420431,0.4355601687,-0.5617003658,-119.0236931,124.9195424,-70.7818919,43.23119086,157.9943322,49.99002449,49.98942491,1955.088752,2098.604721,57.46841753,93.81632247,5.437268,1
9840,96,96,64,1,1,1,1,0,1,1,1,1,0,1,1,222.86491,242.546291,224.2815182,10.27520284,10.92623524,3.271796417,224.2198639,241.7110287,224.2029759,10.82618479,9.717401073,5.293257272,7.972026441,-6.911941109,-1.060015365,-7.933401877,6.873510184,1.05996122,222.8029813,242.5004135,224.2797938,2.562013587,4.991704356,2.714103757,224.2023863,241.7090026,224.2032911,4.354864161,0.9637284914,4.970623192,0,-117.6551475,124.0568252,85.55335959,-119.338136,48.6812932,-0.04370480656,-117.8575532,124.4208472,-35.97753322,54.21874697,156.0257174,49.9925663,49.99256646,1488.435128,1486.082749,18.97470359,-30.55110943,5.830108,1
9841,96,96,64,1,1,1,1,0,1,1,1,1,1,0,1,374.0787902,303.4935661,234.6066954,18.61561259,19.93097674,10.20023222,375.1483377,306.2446469,239.440994,17.30741147,20.22373392,12.2396097,14.73343842,-17.88657621,3.153344042,-10.72361104,16.64586761,-5.922035965,268.5685855,264.0965603,161.9852805,8.442587648,7.998278871,4.93790837,272.9668653,268.2727086,164.7366141,11.76402337,11.13360486,7.346042105,0,-141.7761138,117.4101191,127.9754622,-17.07024629,-123.9669693,0.1032291962,-141.7126365,117.4565334,-34.44287762,-177.9736953,81.24649727,49.98619033,49.98705746,2679.907963,2670.047231,486.9694748,-557.9198189,5.562534,1
9842,96,96,64,1,1,1,1,0,1,1,1,1,1,1,0,219.4448775,243.3694199,226.7872675,27.05011397,23.33446768,4.987586816,219.5312683,243.4858404,227.036052,27.03431614,23.33016991,4.983054734,25.74059272,-22.4758211,-3.264742518,-25.72762651,22.46553974,3.262114944,219.358476,243.2980292,226.7182111,1.845691466,1.993488279,2.480640289,219.4437706,243.4133537,226.9643863,1.811224461,2.061966062,2.478967127,0,-116.5753881,123.8257086,-1.457368044,-117.5811314,123.8400458,0.01316418464,-116.5589317,123.8512465,1.38896206,-115.6935523,123.6880738,49.99178621,49.99177604,1643.347645,1643.402837,32.95864398,-8.320092856,5.3907952,1
9843,96,96,64,1,1,1,1,1,0,1,1,1,1,1,1,222.8338065,241.9383512,224.8387678,5.771724447,6.280144755,3.29929512,224.1564401,241.2988513,224.6337111,6.812793473,4.051420857,4.877306064,-5.240972808,3.937644018,1.303365492,5.221446993,-3.915941991,-1.305467007,222.8141738,241.9369094,224.8426725,2.225074296,4.856018231,2.853911491,224.1442537,241.3033624,224.6381519,4.272988786,0.8533666438,4.587115372,0,-117.3893152,124.3230858,88.05414872,-114.9033953,58.00977739,-0.007612255692,-117.6059086,124.6486098,-31.40901089,77.64333681,159.1186965,49.99267707,49.99267173,1466.049114,1464.05224,14.70786905,-27.00511617,5.6157332,1
9844,96,96,64,1,1,1,1,1,0,0,1,1,1,1,1,224.1749227,240.4322844,225.136889,4.436340131,9.493674587,8.078411281,224.7510764,239.3325464,226.2326138,3.193440364,8.817213777,9.691650026,0.9827955227,-7.1318466,6.149083839,-0.9798204325,7.159985765,-6.180133183,224.1598063,240.4343788,225.1377169,4.099092265,4.35786707,0.3786707419,224.7346848,239.3063304,226.2038027,2.70445437,2.479588075,5.309603311,0,-117.2185053,125.0013141,39.86059816,-151.4352394,-54.59181325,-0.2861095019,-117.1588711,125.2563413,-77.32510341,-36.37336116,125.0659143,49.9925998,49.99260121,1481.013719,1479.645481,10.80865922,-26.9623982,5.5017769,1
9845,96,96,64,1,1,1,1,1,0,1,0,1,1,1,1,223.0396001,243.3351641,223.678595,31.27797232,31.62653491,9.896798476,223.3508433,240.7243504,226.2933005,30.80848806,31.22990526,12.88315008,-21.88421863,20.98337866,0.9010057148,21.80227962,-20.92020082,-0.8819152841,222.5015381,242.8699965,223.5716567,6.961763782,7.346632127,4.433728928,223.3106595,240.6398186,226.1817979,5.105018624,6.128724974,9.320997435,0,-117.8692564,123.8032952,45.26290489,-174.3420932,-63.8136375,-0.6066232576,-117.5629558,124.3075745,-103.4287197,-27.61248909,120.2688358,49.99056533,49.99194676,1845.419356,1572.269494,84.0400963,-36.93003124,5.5246615,1
9846,96,96,64,1,1,1,1,1,0,1,1,0,1,1,1,222.776055,242.4915986,224.3490607,9.520662271,10.11257815,3.324992542,224.1286019,241.7208454,224.2507658,10.13754886,8.834399195,5.234834363,-7.699106857,6.591875056,1.107276928,7.662882801,-6.556335323,-1.106501543,222.7230901,242.4558466,224.3484608,2.475510375,4.918068905,2.719149566,224.1122037,241.7203597,224.2519437,4.350477151,0.8832546289,4.875243263,0,-117.6161564,124.0718619,86.67495023,-118.0908155,50.84700403,-0.03316887057,-117.8203059,124.4258964,-34.67520365,60.41536963,156.4212513,49.99257611,49.9926034,1485.6345,1477.152317,18.27899174,-29.89608075,5.6504704,1
9847,96,96,64,1,1,1,1,1,0,1,1,1,0,1,1,224.4049111,242.5210073,222.9120422,32.90849832,14.14435475,31.97984897,227.3127674,240.1412431,222.9555877,33.19819506,11.77722367,32.56406388,-22.45072162,-0.2335993143,22.68408156,22.49934273,0.2551530701,-22.75474744,224.2863888,242.3964266,222.8837266,6.021285751,9.535711935,5.024844733,226.7397559,240.0016774,222.3741372,6.911190021,5.548285534,7.548584726,0,-118.262924,124.0346214,86.55250723,-124.3297857,24.7444656,-0.2800676038,-118.7532197,124.7176458,-60.59211468,51.47983672,165.2596181,49.99148986,49.99073278,1662.314835,1808.978491,8.574613973,46.31172346,5.4902133,1
9848,96,96,64,1,1,1,1,1,0,1,1,1,1,0,1,219.4424672,243.3774053,226.7890568,27.09683962,23.38358862,4.991099852,219.5232894,243.4765593,227.0365687,27.07651324,23.37497483,4.985416325,-25.78135571,22.52013035,3.261254867,25.76832793,-22.51051844,-3.25778047,219.3560168,243.3052859,226.7202706,1.879226201,2.018231374,2.481756821,219.4345204,243.4042836,226.9634403,1.777309287,2.038524566,2.477864157,0,-116.5756866,123.8236066,-1.23678053,-118.3604913,123.7667967,0.01012669207,-116.5594532,123.8495525,1.206916515,-114.9006603,123.7574605,49.99176292,49.99179533,1646.870359,1643.635397,32.73436492,-7.6833736,5.6288356,1
9849,96,96,64,1,1,1,1,1,0,1,1,1,1,1,0,374.2855203,306.6680628,239.6095607,16.26832096,18.8428393,11.14296925,373.673668,304.383034,235.8202933,17.52502729,18.54767366,9.138746351,9.923635972,-15.20092224,5.277880747,-13.92870998,16.42115435,-2.491848096,271.6279135,268.62464,165.2301294,11.17393448,10.51019216,6.570480536,267.7552405,264.9307108,163.1767465,7.809019442,7.486447056,4.138921533,0,-141.5802695,116.9972048,-33.32758364,-179.1490612,82.44892334,-0.0942873437,-141.5903165,117.0006527,128.281982,-20.35325584,-126.9764405,49.98772867,49.98571659,2586.740103,2739.445477,-485.1126541,403.9942155,5.2682091,1
9997,64,16,24,1,1,1,1,1,1,1,1,1,1,1,1,285.7844876,215.1476045,199.9988466,2.623673747,7.971511451,4.988735011,286.2957075,216.3659023,200.5283534,3.641482116,6.812046566,4.711305117,-0.01090499385,0.009174503658,0.001613278977,0.01086619856,-0.009733220738,-0.001240788501,285.779959,215.149856,200.00106,2.622535957,7.97123928,4.988194438,286.2912054,216.3682058,200.5305932,3.640655762,6.811741226,4.710737046,0,-104.5664655,108.9564499,3.766841023,-104.914399,99.98437137,0.04867405396,-104.4594577,109.1052081,-2.799362954,-104.6372142,118.1946023,49.98275807,49.982764,3453.406719,3441.94613,-28.16588542,-239.2416939,5.371066,1
9998,64,16,24,1,1,1,1,1,1,0,1,1,1,1,1,285.6064978,215.0164599,200.4751889,6.214461714,12.06773052,6.076689928,286.5671249,214.7976227,201.9701338,4.323572446,10.15792942,10.40908358,1.468333962,-7.160410097,5.69197204,-1.459511012,7.20981237,-5.750403165,285.6013043,215.0178989,200.4748359,5.882486648,9.616244273,1.722132568,286.5608226,214.7842017,201.953597,3.834000222,7.023167813,8.585289958,0,-104.3100109,109.2775369,36.49292928,-127.7823749,59.95158975,-0.2789577441,-103.9834789,109.8137402,-66.54943281,-71.75052683,118.043184,49.98266723,49.9826685,3471.521184,3460.950443,-44.17008856,-254.4612935,5.3541585,1
9999,64,16,24,1,1,1,1,1,1,1,0,1,1,1,1,285.6068244,215.0138297,200.4784958,6.209877302,12.06869861,6.075289654,286.5679621,214.7961317,201.9744021,4.324970581,10.16063891,10.40959523,-1.474493675,7.160185265,-5.685805159,1.465675928,-7.21072331,5.744938659,285.6016692,215.015252,200.4781517,5.875859429,9.616722868,1.728082568,286.5617479,214.7826738,201.9577831,3.832873359,7.026089483,8.588089947,0,-104.3082467,109.2802002,36.49661516,-127.8043478,59.72929094,-0.2786819467,-103.9811993,109.8169432,-66.45145343,-71.72644347,118.1033003,49.98265809,49.98267851,3472.340395,3460.070494,-43.62583712,-254.9897049,5.5205935,1
10000,64,16,24,1,1,1,1,1,1,1,1,0,1,1,1,286.8793485,214.7675849,199.1208092,8.800770336,12.8989274,13.69996694,289.1719721,215.6256174,197.5675539,12.08011747,4.684379053,11.70147924,7.910197206,2.034234521,-9.944531162,-7.962593001,-2.02011167,9.98259548,286.8698807,214.7685288,199.1223219,2.549298092,12.58890471,9.035303163,289.1321182,215.6230911,197.5352159,8.606759779,3.750230431,5.488793201,0,-104.672364,109.0390991,150.9042746,-92.20273633,74.56487388,0.2922876576,-105.1457289,109.3180803,-8.235223979,-153.4337949,177.069778,49.9826312,49.98263199,3479.157762,3467.961513,-29.81299007,-237.8991799,5.4261683,1
10001,64,16,24,1,1,1,1,1,1,1,1,1,0,1,1,286.8750157,214.7712994,199.1187638,8.790736514,12.89416207,13.68861972,289.16712,215.6284207,197.5669611,12.06983221,4.689452816,11.69438572,-7.902562132,-2.040115388,9.942586518,7.954996953,2.024738235,-9.979840207,286.8655244,214.7722578,199.1202935,2.546037742,12.58253196,9.025030724,289.12729,215.6259958,197.5349841,8.601644534,3.751698558,5.485310287,0,-104.6741823,109.0354238,150.7797424,-92.21343957,74.56950761,0.2919962383,-105.1468857,109.3148375,-8.262087654,-153.3329403,176.9652914,49.98263186,49.98263132,3478.052215,3468.924498,-30.01638921,-237.6643921,5.5007734,1
10002,64,16,24,1,1,1,1,1,1,1,1,1,1,0,1,285.5247867,215.5305694,200.0080548,8.889868374,8.145927912,8.320267972,284.7014411,218.4406262,200.6551401,9.005041155,11.74736435,3.66897148,-7.391270466,5.596140898,1.795047545,7.421979704,-5.659211681,-1.762884654,285.5196411,215.5314441,200.0081031,4.785658743,5.638469222,7.988878667,284.6816973,218.4272615,200.6545894,4.950998844,10.13528665,2.853517257,0,-104.7740578,108.5935416,-51.3448859,-78.08207415,123.8455447,0.2524183644,-104.6165961,108.2512164,49.0384093,-119.4899572,59.76705741,49.98260977,49.98260795,3482.708311,3473.546824,-30.5478029,-239.4077538,5.4907981,1
10003,64,16,24,1,1,1,1,1,1,1,1,1,1,1,0,285.5198054,215.5311115,200.013131,8.898125369,8.154926427,8.324429685,284.6977176,218.4444036,200.6596869,9.020870367,11.75526838,3.659058953,7.398122077,-5.607070375,-1.791133917,-7.428921777,5.669014944,1.75981259,285.5146504,215.531985,200.0131764,4.783760251,5.642271332,7.995380958,284.6779086,218.4310047,200.6592244,4.962966791,10.13927418,2.8467148,0,-104.7729107,108.5934534,-51.49549228,-77.97778666,123.812261,0.252853752,-104.616187,108.2504922,48.99153229,-119.5460613,59.69322002,49.98260909,49.98260853,3482.94477,3473.257921,-30.07667638,-240.0141107,6.1823076,1
10004,64,16,24,0,1,1,1,1,1,1,1,1,1,1,1,286.3046182,213.6609184,200.9532174,4.029705691,9.937205897,9.953458191,286.1036373,216.3547933,200.8502194,6.270730599,11.1572316,5.404667697,-1.399146487,6.667722704,-5.268687082,1.39809665,-6.55778269,5.159576346,286.2983004,213.6527062,200.9367632,3.5404538,7.241651176,8.391191727,286.0989136,216.3567006,200.8488026,5.969423495,8.925527085,1.30776458,0,-103.9264682,110.0659094,-68.70913218,-76.77700892,112.6731153,0.3346684406,-103.9523885,109.8069335,33.61303621,-126.0444266,91.00851073,49.98270936,49.98270419,3464.060421,3453.083362,-49.78584163,-260.0820329,5.5290366,1
10005,64,16,24,0,1,1,1,1,1,0,1,1,1,1,1,315.3324182,313.9947562,313.8037794,18.31437544,25.67770953,26.89022641,315.743919,315.7578021,314.630192,18.29528087,24.51274889,26.25360481,-1.804665514,7.445663569,-5.642101324,-2.305522662,3.470787161,-1.166416605,216.5477333,252.248964,254.4002957,2.193672407,8.91085971,6.07232076,216.9322527,254.0078655,255.2015881,2.58418452,8.434233373,6.111347703,0,-103.3105023,92.11112972,7.97989592,-102.0144373,91.69855943,0.1133766367,-103.1824896,92.21314153,-6.806502172,-105.1091305,92.24886754,49.95394697,49.97538288,7718.521757,6416.475551,397.1772474,137.1069383,5.334946,1
10006,64,16,24,0,1,1,1,1,1,1,0,1,1,1,1,287.6503037,211.2876012,201.8678987,6.437239029,36.66792377,31.48392726,287.9690542,212.5818974,202.6219669,6.430061337,36.44248094,31.35631093,-4.218859823,33.77511096,-29.55673234,4.200662171,-33.61430029,29.41318486,287.5104341,211.1527408,201.6688689,3.136777889,7.390754023,4.766974459,287.8316438,212.4028035,202.4217183,3.152997385,7.12662263,4.910947334,0,-102.9060348,112.0247034,0.4244723072,-105.1378203,108.3750085,0.02496338734,-102.7430434,112.1518655,-0.5454796011,-101.0047839,115.3094986,49.98125082,49.98126937,3754.077024,3742.30959,-44.05653702,-252.9111506,5.5160748,1
10007,64,16,24,0,1,1,1,1,1,1,1,0,1,1,1,281.8258617,215.0067533,207.0128365,29.62233675,61.49952171,64.17420013,288.953602,212.8533522,200.7445078,32.95390145,57.40273318,62.84744699,2.126527722,40.59541382,-42.72201166,-2.246728943,-39.98032989,42.22700633,281.4446297,213.4665096,204.8084567,14.17414654,20.93758738,17.45057405,288.2630005,212.7771704,200.0057884,19.99013646,7.701552192,15.8964161,0,-102.5052716,110.3723267,155.7797235,-88.53439013,45.94871859,0.6814112683,-103.8626668,111.5283153,-16.82572541,120.2733536,-167.5103598,49.97657219,49.97699384,4659.796315,4515.945668,186.0491522,-170.0907861,5.5472339,1
10008,64,16,24,0,1,1,1,1,1,1,1,1,0,1,1,287.1674031,214.457228,199.1385414,13.07367672,12.97429111,16.53439975,289.4980868,215.2204959,197.719532,15.40868671,4.651858923,15.0586264,-9.55001685,-2.060640708,11.61054641,9.612549651,2.064992774,-11.67765639,287.1374547,214.4514753,199.1291689,2.417371662,12.6125913,8.877532781,289.3776334,215.2032163,197.6027843,8.379788536,3.508479994,5.499325748,0,-104.5701639,109.2840556,144.3981328,-93.22247395,74.53771143,0.2664033202,-105.033685,109.5728345,-9.628253886,-151.9876583,175.6062395,49.98249241,49.98253475,3506.031869,3488.707681,-35.82511354,-236.0832985,5.3077668,1
10009,64,16,24,0,1,1,1,1,1,1,1,1,1,0,1,285.5131181,215.5314017,200.0215692,8.906293671,8.152242947,8.318335748,284.6878563,218.436777,200.6702182,9.014388964,11.7464122,3.669602398,-7.407168998,5.607622711,1.79944966,7.437819861,-5.670561314,-1.767336061,285.5079898,215.5322811,200.0216231,4.789621412,5.637271793,7.986807065,284.6680919,218.4234218,200.6696407,4.942353037,10.12856379,2.854298728,0,-104.7702708,108.5952697,-51.23360257,-78.1948168,123.8428027,0.2513736832,-104.6123302,108.2531755,49.10489641,-119.4330588,59.8218948,49.98260571,49.9826113,3483.167985,3473.050043,-30.49318599,-239.6094405,5.6122237,1
10010,64,16,24,0,1,1,1,1,1,1,1,1,1,1,0,286.066065,213.7221369,201.216983,4.068722957,10.31881752,10.5547301,285.8390578,216.5072092,201.0564652,6.426080372,11.5522911,6.051901168,-1.147115429,7.147826518,-6.000801012,1.144287519,-7.023011648,5.878621343,286.0600094,213.7112727,201.1954242,3.688892396,7.309457716,8.632009415,285.8342035,216.5088723,201.0545545,6.193794122,9.065747226,1.106330626,0,-103.8724997,110.057579,-71.84620974,-74.92199718,112.7711229,0.355371428,-103.9116654,109.7752084,34.54098766,-127.2329064,85.74640753,49.9826828,49.98268238,3469.219602,3457.587245,-51.3560275,-262.3491426,5.4270006,1
10011,64,16,24,1,0,1,1,1,1,1,1,1,1,1,1,286.3053213,213.6635422,200.9527852,4.038887186,9.91407863,9.932774092,286.1009428,216.3576253,200.8538655,6.265376814,11.14497737,5.377216015,1.407179056,-6.645446048,5.238159647,-1.406196451,6.534641839,-5.128569548,286.298984,213.6554043,200.9364182,3.544602677,7.23277688,8.386112729,286.096219,216.3595414,200.852434,5.960086358,8.928267002,1.315396913,0,-103.927342,110.0647474,-68.5403622,-76.81111377,112.7247991,0.3341474155,-103.95203,109.8056893,33.67312375,-125.9836395,90.77712564,49.98270937,49.98270489,3463.557461,3453.530417,-50.06450128,-259.7995933,5.6954279,1
10012,64,16,24,1,0,1,1,1,1,0,1,1,1,1,1,287.6770241,211.2615829,201.8662092,6.431962816,36.86559833,31.68510581,287.9962195,212.5592501,202.6208085,6.42342982,36.64863206,31.55776447,4.220413664,-33.9580891,29.73768887,-4.202168917,33.79387405,-29.59168738,287.5551591,211.1167098,201.6541718,3.138679617,7.36598401,4.759871736,287.8751354,212.367156,202.4069751,3.152045311,7.147374304,4.913716529,0,-102.9060306,112.0384444,0.4053786974,-104.9773977,108.7646942,0.02501049731,-102.7430568,112.1651464,-0.5268349499,-101.1826828,114.9525801,49.98128783,49.98121607,3753.869205,3747.372678,-43.98187343,-252.7246599,5.5651811,1
10013,64,16,24,1,0,1,1,1,1,1,0,1,1,1,1,316.2260219,314.0479962,315.1339734,13.6694173,20.57813624,20.35918885,317.7704131,316.2303437,316.2519299,14.47808863,18.90660321,19.53067432,0.3314094143,-7.844058271,7.511398893,3.844482799,-3.34694711,-0.4997647451,216.801479,249.6532113,253.5044499,1.455465482,8.604428945,4.964536273,217.9441222,251.8426319,254.9085591,4.291322301,8.725774513,7.226376937,0,-102.3439551,93.59890757,63.01659839,-94.73085225,87.77895323,0.06766416408,-102.2533525,93.80738983,-17.6305265,-110.2677592,97.42396497,49.96364579,49.96627757,7312.691147,6736.997873,480.4587532,13.20638346,5.2482073,1
10014,64,16,24,1,0,1,1,1,1,1,1,0,1,1,1,287.0186589,214.5904255,199.1404687,9.815095148,12.98677971,14.38860014,289.3585144,215.4177342,197.5671333,12.87812787,4.584796188,12.50054768,8.624051284,1.909142041,-10.53326893,-8.680285166,-1.903175531,10.58337436,287.0056394,214.5903909,199.1396699,2.627052415,12.69550087,9.103365406,289.3028443,215.4132336,197.5185847,8.675699246,3.677234607,5.573413301,0,-104.6123873,109.1720153,150.4763078,-92.22156364,74.250031,0.2925465727,-105.096436,109.4576967,-8.535572921,-154.8555042,177.7231315,49.98260401,49.98261933,3483.471376,3471.854318,-32.01321303,-238.6539216,5.4611246,1
10015,64,16,24,1,0,1,1,1,1,1,1,1,0,1,1,281.5050943,215.0271648,207.3462202,30.55759089,63.63296132,66.32168415,288.7974626,212.6009681,200.6932982,33.85187882,59.46623119,64.95179472,-2.086087127,-41.89957175,43.98555282,2.211325671,41.26365248,-43.47507405,281.0918843,213.3808966,205.0021779,14.53603111,21.545522,17.93785969,288.0683312,212.5222719,199.907573,20.32413463,8.189199646,16.32592843,0,-102.4148337,110.4105005,155.2107131,-88.79868229,45.87125656,0.7033558136,-103.8288151,111.5971136,-17.3622755,117.4854215,-166.649806,49.97628648,49.9762786,4742.769098,4714.673224,200.0430407,-126.4080784,5.4891769,1
10016,64,16,24,1,0,1,1,1,1,1,1,1,1,0,1,281.9988686,217.4506785,204.5464182,9.813778005,28.54252332,27.46520346,282.5715548,221.0483422,203.0981348,13.0042478,27.91497423,24.65375081,-1.885183721,-16.50751691,18.39262534,1.965542335,15.993564,-17.95916011,281.5250502,217.0617752,203.2970936,5.034703647,10.45681558,11.30156073,282.1826283,220.3771964,201.78866,9.848048933,9.526184511,2.144863801,0,-104.3008452,107.831126,-122.755021,-65.42756857,99.61801353,0.6493211802,-104.7000855,107.4897771,25.59153654,-148.5231974,-118.7722717,49.98140747,49.98136558,3724.72653,3722.060772,1.702613681,-237.2159603,5.5278092,1
10017,64,16,24,1,0,1,1,1,1,1,1,1,1,1,0,285.5212475,215.5294977,200.0091175,8.901843857,8.162034881,8.327114272,284.7005145,218.451652,200.656646,9.034655952,11.77889996,3.660611093,7.399374698,-5.612278846,-1.787206809,-7.43014406,5.674374077,1.755669608,285.5160998,215.5303599,200.0091424,4.782081821,5.637230326,7.998605413,284.6806683,218.4381506,200.6560702,4.97974059,10.15798424,2.849984743,0,-104.7738444,108.5930542,-51.70283254,-77.75124278,123.8497904,0.254222351,-104.6173432,108.2494652,48.93609054,-119.6220531,59.58515382,49.98260678,49.98261024,3483.995873,3472.492034,-29.23867915,-240.843982,5.7102383,1
10018,64,16,24,1,1,0,1,1,1,1,1,1,1,1,1,289.2583827,214.3228782,196.4882817,12.62009541,5.197084341,12.75729285,287.6779212,216.119479,199.263303,9.846278002,12.53566894,14.2717921,-8.924757251,-2.362969758,11.28776073,8.840482612,2.325966871,-11.16645704,289.1977873,214.3182289,196.4465626,8.082748509,4.048217862,4.889941346,287.6646972,216.1209481,199.2645859,2.175021368,12.11814763,8.230343929,0,-105.4022874,109.0755287,-10.30907522,-149.0751546,169.5399533,-0.1922587365,-104.6603474,109.0282275,138.9510644,-92.09413549,77.77501879,49.98262757,49.98259427,3480.20061,3475.383579,-23.84779044,-235.8487336,5.5970983,1
10019,64,16,24,1,1,0,1,1,1,0,1,1,1,1,1,289.1600933,211.699966,199.2277329,36.65323627,64.31641131,70.13275121,281.90513,217.3801487,207.726857,33.36122927,67.77575508,70.85107425,-2.611843639,-44.61782533,47.22956676,2.498907402,44.82378881,-47.32280563,288.1956721,211.610516,198.387952,21.26512049,8.84468621,16.86748551,281.3754141,215.335642,205.1357283,15.49705164,22.08685802,18.07115224,0,-104.1953702,111.087483,-19.50054821,115.8032214,-168.1849668,-0.6490429679,-102.4130938,110.01697,152.9159566,-89.05583467,43.50169021,49.97526726,49.97534204,4928.492733,4905.778718,106.00758,23.84605799,5.6487399,1
10020,64,16,24,1,1,0,1,1,1,1,0,1,1,1,1,289.4136758,214.0657291,196.6088915,13.21710817,5.073082424,13.28918454,287.7650849,215.8832575,199.4230753,10.49994687,12.6398707,14.75773945,-9.56720169,-2.212639371,11.779933,9.478122037,2.163953697,-11.64199122,289.3331959,214.0573424,196.5522756,8.234182027,3.976111969,5.013463894,287.7430281,215.8824479,199.4194582,2.314431149,12.2558302,8.34540568,0,-105.297924,109.2819003,-10.45336539,-150.9337751,170.9509883,-0.1965370096,-104.5401368,109.2255636,140.3895416,-91.90924489,77.18335752,49.98262349,49.98257289,3481.48892,3479.895452,-27.94232085,-238.052801,5.8404202,1
10021,64,16,24,1,1,0,1,1,1,1,1,0,1,1,1,354.7140352,250.2844078,329.0193187,17.24148718,13.11819432,18.08972354,356.3140939,253.7948592,330.0874922,17.98859494,15.15913504,16.44977205,-8.090256261,-2.283812359,10.37310947,6.38343088,-6.796065083,0.4126356357,314.2331899,175.6067,221.1001917,1.680963806,5.29220438,3.137505492,316.1157032,177.8828996,223.124182,7.224745994,8.141842449,8.307231545,0,-89.45737876,136.9720083,94.83840923,-57.12980034,173.6577125,0.1610376496,-89.42946785,137.1994398,-13.39880457,-110.108733,123.850519,49.97686625,49.9604585,5218.396874,7293.781911,-572.6746425,-1184.320347,5.7644948,1
10022,64,16,24,1,1,0,1,1,1,1,1,1,0,1,1,292.4585675,213.9615925,192.5698063,39.04858157,11.03573428,46.44666189,292.7213966,215.3566539,193.2662211,39.02502776,10.91273178,46.25053748,-36.03057593,-6.942134751,42.97224383,35.97443575,6.847924037,-42.8227919,292.1334189,213.7673259,192.2710297,2.974120538,7.380165269,4.800881977,292.4473037,215.1558541,192.9191848,3.431540137,7.310489619,4.424959937,0,-106.4049682,108.6294751,-4.298672633,-106.2534896,105.2041735,0.05169866904,-106.2571767,108.7332983,3.628562481,-106.9674775,112.0545493,49.98032878,49.98030606,3938.257352,3934.57123,86.12915595,-126.5981952,5.6117222,1
10023,64,16,24,1,1,0,1,1,1,1,1,1,1,0,1,294.659257,209.5587702,195.8694008,78.85513898,34.8114798,74.96921299,288.0796398,220.083802,194.292501,78.56226729,41.23714739,72.74729359,-51.53593765,1.286592829,50.24902319,51.33231989,-1.652915128,-49.67975312,292.2438702,209.1045801,193.0726901,19.24938291,15.45691476,19.84633712,287.0729645,219.156003,194.0708968,19.89310465,26.55464745,13.29736301,0,-105.3710365,110.9454676,-86.12583143,19.37931756,144.7943631,1.257256545,-104.8480676,108.9814816,75.32847847,-133.8556127,-11.84662715,49.97364928,49.97358743,5258.162655,5264.102865,359.6815064,-14.58369628,5.6069816,1
10024,64,16,24,1,1,0,1,1,1,1,1,1,1,1,0,290.836292,215.8411676,194.0761025,16.53278632,15.8396766,9.47950814,289.5547108,218.9142127,194.8374601,16.25218711,17.97630092,3.731564954,12.45991344,-11.91872042,-0.5443745733,-12.63137743,12.07815628,0.5500257325,290.4943637,214.9583912,193.4246538,6.221447885,5.715384929,9.103756444,289.0536739,217.7547835,193.9666444,4.881826611,9.722619389,2.749119459,0,-106.479394,107.9523021,-45.73688068,-84.92682249,124.7928174,0.2180107685,-106.3017194,107.4329921,65.8596135,-119.200871,29.67722171,49.98114561,49.98351571,3671.906331,3412.325328,-8.309889181,-156.3947231,5.7535625,1
10025,64,16,24,1,1,1,0,1,1,1,1,1,1,1,1,289.2416161,214.3252676,196.4786766,12.57008879,5.192798075,12.71752999,287.6750856,216.1232009,199.2635782,9.80227868,12.53825143,14.25343742,8.920927108,2.359263851,-11.28029899,-8.836689081,-2.323544785,11.16012924,289.1815432,214.3206133,196.4374319,8.050389138,4.044344942,4.859770955,287.6619253,216.124652,199.2648532,2.14334189,12.12123651,8.240870735,0,-105.4044565,109.0705756,-10.2526411,-149.090706,169.6737072,-0.1930489032,-104.6624501,109.0264597,138.695949,-92.10935125,77.98209247,49.98261146,49.98261249,3483.1186,3472.141736,-21.8597964,-237.8091211,5.5192312,1
10026,64,16,24,1,1,1,0,1,1,0,1,1,1,1,1,289.3890405,214.0704157,196.6081986,13.21322109,5.064530997,13.30778519,287.7550149,215.8918577,199.4312079,10.52703426,12.64387739,14.78266019,9.610452493,2.207692442,-11.81831172,-9.521211294,-2.160264781,11.68130949,289.3091676,214.0622236,196.5520238,8.182383951,3.967951914,4.967513229,287.733409,215.8911229,199.4278216,2.277872851,12.26074311,8.332985859,0,-105.2971043,109.2794612,-10.56878829,-150.9380411,170.8379794,-0.1966829166,-104.5392702,109.2264651,139.3994492,-91.94058615,77.49292887,49.98260408,49.98259069,3485.482123,3475.934775,-24.02441029,-242.2186004,5.519563,1
10027,64,16,24,1,1,1,0,1,1,1,0,1,1,1,1,289.1437365,211.6627202,199.2071375,36.73510156,64.3794722,70.22532293,281.8754611,217.3594888,207.7193488,33.44296898,67.84185415,70.94226964,2.60427407,44.65004437,-47.25430296,-2.490939821,-44.85654867,47.34749379,288.1760936,211.5728361,198.36518,21.30881914,8.863150494,16.91677629,281.3389065,215.3038606,205.1210929,15.54097377,22.1087587,18.11071881,0,-104.1930028,111.0954514,-19.50333187,115.6893761,-168.1913762,-0.6504681152,-102.4087463,110.0201291,152.934614,-89.07346718,43.41341865,49.97527534,49.97519967,4939.005565,4944.765881,109.06629,32.50258803,5.3278678,1
10028,64,16,24,1,1,1,0,1,1,1,1,0,1,1,1,292.4775894,213.9598466,192.5762306,39.0266444,11.03344428,46.42349344,292.7138693,215.3549534,193.260946,38.99683687,10.91420649,46.22097558,36.00484607,6.93962212,-42.94488024,-35.94836856,-6.84978829,42.79774855,292.150993,213.7662245,192.2770074,3.011500371,7.377339255,4.831763135,292.4424198,215.1543739,192.9154946,3.398084257,7.313194253,4.391384232,0,-106.4036214,108.6349098,-4.736135077,-106.2674226,105.5295336,0.05215452722,-106.2558033,108.7327189,4.099154414,-106.9504865,111.7542266,49.98032454,49.98031989,3939.29173,3930.96678,85.01358964,-125.716177,5.630074,1
10029,64,16,24,1,1,1,0,1,1,1,1,1,0,1,1,355.874724,250.2790932,327.9290915,28.25896539,25.02723291,23.96469243,355.779269,250.8140704,328.6831628,27.64476086,23.29607054,22.52644492,0.5166713785,6.349357353,-6.864191015,1.128383019,2.565633624,-3.692087087,316.2643861,176.0574043,224.6466735,5.946992045,7.933224803,6.929919536,316.1019085,176.3011595,224.805112,1.465480443,4.362925379,3.840691821,0,-88.67571241,137.6949126,9.734509541,-96.82281553,140.002791,-0.08866912089,-88.60658917,137.7068096,-44.01625964,-74.47180528,133.057632,49.95423166,49.98246971,6170.430591,6479.046781,-826.2316191,-823.5795075,5.3019666,1
10030,64,16,24,1,1,1,0,1,1,1,1,1,1,0,1,296.2064216,219.2684372,191.2051463,20.75235163,20.72812292,9.754927274,295.9697787,222.8022236,192.4717449,21.32939103,22.69299298,5.683090447,-17.46757802,16.32329825,1.144963867,17.75887807,-16.59410071,-1.164129452,294.875744,215.4519661,188.3018555,4.02973334,6.556623079,8.201917179,294.4127667,218.5555641,188.8066915,5.279298107,10.05644956,2.558367242,0,-108.0837495,106.8712474,-54.85200803,-74.69257455,122.7524162,0.2674816878,-108.0455682,106.4447796,38.65604373,-129.4125991,43.22696032,49.98293045,49.9808321,3370.375592,3878.353429,23.83363139,-131.410885,5.6281456,1
10031,64,16,24,1,1,1,0,1,1,1,1,1,1,1,0,289.2411977,214.3435818,196.4087998,13.0045179,5.082209409,13.23565503,287.6699823,216.2029679,199.1933688,10.40215025,12.60078474,14.68374643,9.338872059,2.275535843,-11.61458673,-9.253330262,-2.23636664,11.48950364,289.1750832,214.3391103,196.3608052,7.972737991,3.897838214,4.905123405,287.6564036,216.204004,199.1939696,2.132198515,12.18595788,8.22463241,0,-105.434388,109.0322453,-10.97404062,-148.7986613,169.4610121,-0.1841405179,-104.6941433,108.981472,135.2940209,-92.77451619,77.61057341,49.98260985,49.98257534,3483.767168,3478.136655,-19.70682487,-238.2962924,5.5823968,1
10032,64,16,24,1,1,1,1,0,1,1,1,1,1,1,1,284.9738303,216.716333,199.5750801,8.259887214,11.63102678,3.780536086,286.3838649,216.4438102,200.4256308,8.120983377,7.732741519,8.407977626,6.580186434,-4.937521472,-1.642750104,-6.529335813,4.852009162,1.677236227,284.9532823,216.7097446,199.5743218,4.88238172,10.36942519,3.183276079,286.3776346,216.4456442,200.4238513,4.714985795,5.742699953,8.153821303,0,-105.083031,107.87684,48.12032811,-121.9078307,52.94137139,-0.1938766185,-104.9099025,108.458006,-50.72395362,-74.30084695,126.5256656,49.98263131,49.98262723,3479.376815,3468.810921,-18.36679366,-233.0685222,5.607242,1
10033,64,16,24,1,1,1,1,0,1,0,1,1,1,1,1,284.9739813,216.7168797,199.5749159,8.262760733,11.63264629,3.781253325,286.3860331,216.4452086,200.4250172,8.12921976,7.737577782,8.409411058,6.591937686,-4.952730699,-1.639331118,-6.54094592,4.866823513,1.674003381,284.9533716,216.7103619,199.5742334,4.877332531,10.36687672,3.184975443,286.3797937,216.4470193,200.4232154,4.719317745,5.741870864,8.155551071,0,-105.0829461,107.8770583,48.18099759,-121.8883358,52.89989373,-0.1936469971,-104.9100955,108.4585352,-50.65346395,-74.34355592,126.5420708,49.98263155,49.98262679,3479.014834,3469.21935,-18.27970067,-233.1225962,5.4236649,1
10034,64,16,24,1,1,1,1,0,1,1,0,1,1,1,1,282.3872874,220.6111637,202.4175336,16.47543421,34.4829616,30.17195565,282.0128172,219.3872295,205.9956698,13.27758239,35.00444068,32.75530882,2.83166029,18.3935189,-21.22560739,-2.735328363,-18.79766916,21.53254167,281.7978037,219.7059394,200.6923683,11.44395833,10.52968501,3.335717654,281.3484756,218.8037641,204.2994405,6.244005186,12.07452737,12.53476066,0,-105.674758,106.0589493,22.51544792,-158.6043474,-108.5424641,-0.7190964194,-104.7864733,106.6768651,-134.9280903,-61.67728233,97.44055151,49.98069051,49.98070846,3863.473827,3854.727617,2.579361305,-172.8591641,5.7307829,1
10035,64,16,24,1,1,1,1,0,1,1,1,0,1,1,1,288.5803586,217.3622012,194.079884,79.15122743,41.79884523,73.48220113,295.6377968,209.4712014,197.4121158,79.22526912,34.90311234,75.22409136,51.4885666,-1.346229358,-50.14269557,-51.53405011,1.122813791,50.41084788,287.6093077,216.5300533,193.7852793,19.89711697,27.19969351,14.0504132,293.5081728,209.0065219,194.0479772,19.30540675,15.87089003,20.19821575,0,-106.3053048,107.1470215,74.9650423,-135.2063075,-11.14885015,-1.186973726,-106.5398744,109.3649593,-86.48425551,18.66691206,145.2043971,49.97349766,49.97346587,5289.118674,5282.110296,228.7295932,185.0020758,5.5094982,1
10036,64,16,24,1,1,1,1,0,1,1,1,1,0,1,1,292.3515056,216.338292,191.2831668,20.69189336,21.9945467,6.295141111,294.3853254,215.753952,191.9512301,20.47314386,19.37452362,11.19375343,14.3544216,-14.48732099,0.1376112332,-14.07757342,14.26209178,-0.1800804144,291.6433232,214.6440689,189.8309061,6.246609652,11.27133337,3.370172787,293.5617967,213.9352099,190.8006954,6.06129986,5.801198456,9.800861411,0,-107.3131462,107.2718896,57.13916427,-128.4605853,15.38051422,-0.241967473,-107.1034793,108.1149672,-60.27126457,-63.66506248,127.4692251,49.98415469,49.97983676,3245.472646,3960.539306,9.59828817,-114.0324908,5.7132457,1
10037,64,16,24,1,1,1,1,0,1,1,1,1,1,0,1,485.9231035,247.105181,177.6829603,22.94684387,29.14695438,17.3705869,485.2575276,243.9965512,171.2629199,24.81486751,27.35188154,13.39126256,-13.92346374,22.14119445,-8.219212147,20.53300609,-24.38835786,3.853775798,366.9667383,214.5761921,112.0728673,15.98668511,18.25689903,10.45648975,362.014553,210.4062819,109.0756039,9.779346908,10.49699878,6.228013481,0,-126.1768094,104.9536802,-28.9675374,-161.5578193,77.21897085,-0.1243401732,-125.846873,104.6931915,127.8700615,-34.79731746,-125.8794789,49.97169164,49.97231768,5584.843088,5608.753559,-95.24094028,1046.259246,5.1002364,1
10038,64,16,24,1,1,1,1,0,1,1,1,1,1,1,0,283.5628043,217.8184342,200.1966137,22.41930758,18.79547675,7.52490795,283.7495766,219.2350934,201.0237214,22.34035453,18.8770915,7.514772645,21.3964902,-16.29849174,-5.098031603,-21.36181161,16.25776986,5.103998915,283.5182241,217.7781491,200.1400265,3.267970004,7.327798683,4.802403192,283.7092469,219.1731137,200.9525704,2.947933652,7.642366334,4.785978794,0,-105.3480559,107.0455034,-3.813513816,-107.1202874,106.9071123,0.02904478603,-105.1652776,107.1423321,4.098686774,-104.0296312,106.9073067,49.98202716,49.98201432,3599.299388,3592.343847,8.233997024,-203.1337952,5.5235321,1
10039,64,16,24,1,1,1,1,1,0,1,1,1,1,1,1,284.9757307,216.7227982,199.5726644,8.267740609,11.64159686,3.776559039,286.3848383,216.4450228,200.4237087,8.121397161,7.738663331,8.410411941,-6.580605106,4.942024248,1.638485329,6.529674541,-4.857485841,-1.672303809,284.9551207,216.7161817,199.571903,4.893129875,10.3772843,3.181394294,286.3786042,216.4468531,200.4219114,4.713191719,5.743811377,8.157437448,0,-105.0852912,107.8734836,48.07864791,-121.9557972,52.87822852,-0.1948875096,-104.9118693,108.4550806,-50.85967103,-74.19135692,126.5166444,49.98263212,49.98262624,3479.404655,3468.761022,-18.67178375,-232.6753939,5.5787757,1
10040,64,16,24,1,1,1,1,1,0,0,1,1,1,1,1,285.5144639,215.0729576,200.5432268,6.255509417,12.18212022,6.259543973,286.4765631,214.833658,202.0562363,4.320339079,10.28783268,10.57706941,1.403789532,-7.302910144,5.899034842,-1.396103153,7.355924883,-5.959932242,285.5092787,215.0744142,200.5428017,5.944245929,9.650495274,1.688241696,286.470353,214.8189792,202.0377923,3.858492669,7.057267862,8.648233128,0,-104.3060557,109.2507878,36.59866904,-128.1360654,58.27558535,-0.2841988546,-103.9745742,109.7927504,-67.43407997,-71.25720951,117.9909997,49.98265806,49.9826603,3473.484373,3462.633206,-44.53992663,-254.804897,5.5968203,1
10041,64,16,24,1,1,1,1,1,0,1,0,1,1,1,1,284.9778751,216.720845,199.5743448,8.287615306,11.65802702,3.777100001,286.3881494,216.4386445,200.4234279,8.139304526,7.747966904,8.412817092,-6.604321486,4.969074808,1.635150518,6.553313373,-4.884447956,-1.668963743,284.9572296,216.7142721,199.5736534,4.899796357,10.38636068,3.183879185,286.3819363,216.4404575,200.4216283,4.716523605,5.739898639,8.160614236,0,-105.0840713,107.8755963,48.10521017,-121.9723358,52.80856883,-0.1952714807,-104.9109051,108.4578123,-50.93492312,-74.10077673,126.5434676,49.98262887,49.98262918,3479.212445,3469.088438,-18.94636505,-232.5240469,5.2992061,1
10042,64,16,24,1,1,1,1,1,0,1,1,0,1,1,1,297.674853,220.9430335,190.6275428,21.39553615,23.07024613,6.404761523,299.1857932,221.161392,190.6136145,21.53410888,21.69620404,10.41897042,-16.7075734,15.86062603,0.8456921331,16.31356426,-15.47270561,-0.8421423543,295.5966845,215.701504,185.8684057,3.088229098,8.241822705,2.94550703,297.3717538,216.2764999,186.8305294,5.890991669,6.947999297,8.607488307,0,-108.7099,106.2957429,65.08899962,-120.7695337,31.58951288,-0.03728252704,-108.489766,107.0014056,-28.47989027,-94.80747741,125.6272915,49.97964885,49.98367595,3948.638985,3366.964542,167.6179444,-217.5572371,5.5230361,1
10043,64,16,24,1,1,1,1,1,0,1,1,1,0,1,1,288.5461062,217.2385455,194.6060924,75.63529566,38.59958006,71.03603471,295.5937015,210.0670183,197.6337974,75.79616133,31.54384071,72.73014348,-49.31065155,0.6560078826,48.6539415,49.36520741,-0.4593281999,-48.90656317,287.7037587,216.536973,194.3486181,18.68373144,25.75330146,13.37696282,293.5752257,209.6579496,194.5186954,18.40258473,14.22120116,19.43684115,0,-106.1649438,107.2999434,77.21893897,-133.372591,-9.312928465,-1.073008604,-106.4325794,109.4187358,-83.09240094,18.92469383,145.5544483,49.9749397,49.97424156,4824.231608,5100.108307,176.0420326,81.29757178,5.6363322,1
10044,64,16,24,1,1,1,1,1,0,1,1,1,1,0,1,283.553834,217.8157478,200.2001607,22.37916962,18.75431278,7.524321929,283.7361257,219.2289249,201.0296908,22.29755325,18.83948861,7.51311892,-21.35530914,16.25691858,5.098334055,21.32079163,-16.21731569,-5.103527477,283.5097154,217.7755603,200.1446528,3.278364094,7.32439113,4.803096503,283.6961087,219.1672791,200.9597379,2.938227986,7.646069132,4.785557624,0,-105.3457421,107.0476419,-3.915323689,-107.1996361,106.9201754,0.02805253548,-105.1619918,107.1441932,4.238402032,-103.9501319,106.898288,49.98201979,49.98202278,3602.197519,3589.606635,9.202479481,-204.1113023,5.6569143,1
10045,64,16,24,1,1,1,1,1,0,1,1,1,1,1,0,486.2553641,246.7291809,176.8844767,23.21190815,29.67924953,17.72603107,485.6183314,243.5040328,170.2175134,25.06301872,27.73483898,13.71945548,14.14677858,-22.54725701,8.399724324,-20.75436773,24.80369135,-4.049838681,367.482475,214.3331639,111.7628294,16.15128944,18.58604454,10.69637314,362.4761858,210.0252495,108.6381015,9.89350868,10.59667093,6.493358264,0,-126.2028525,105.2231171,-28.68967603,-161.1949216,77.01375321,-0.1311759401,-125.8969829,104.9629764,128.6134701,-32.88959895,-125.3839776,49.97210234,49.97196064,5587.257844,5604.703973,-106.0714515,1059.658116,5.3187989,1
10193,96,16,16,1,1,1,1,1,1,1,1,1,1,1,1,289.3829495,240.8393591,174.1087617,1.642907612,9.016970583,6.351906068,289.7628483,242.2258995,174.8429661,3.185821787,7.535485563,5.760853022,7.47174922e-05,-0.003493843992,0.003436533232,-0.0001185536972,0.003496538102,-0.00336598938,289.3825446,240.8390698,174.1083598,1.641063119,9.016485471,6.351189315,289.7624803,242.225664,174.8426146,3.184895227,7.534969815,5.760130488,0,-97.24719207,116.4769051,1.853517201,-96.56957196,107.5298484,0.05667710756,-97.1583315,116.6923526,-0.9959899448,-98.55191971,125.9348683,49.98129555,49.9813064,3746.598669,3732.729261,-72.65155761,-307.2946395,5.5741879,1
10194,96,16,16,1,1,1,1,1,1,0,1,1,1,1,1,289.3703512,240.8548435,174.4931839,5.244072011,12.53181369,6.328966028,290.3219401,240.8767928,176.2318381,4.230645136,10.5083362,11.12106148,1.452125919,-6.972736154,5.52020516,-1.443798446,7.029061059,-5.585664451,289.3519684,240.8661979,174.4997025,4.862828896,10.33351959,2.862977644,290.3026371,240.8746334,176.2222758,3.750699686,7.703982972,9.542738313,0,-96.9532559,116.81263,45.37677043,-117.4033881,89.36339872,-0.2498456286,-96.65899434,117.4472296,-67.86648218,-69.48862324,124.7042602,49.98119186,49.98119923,3766.762796,3754.603388,-93.74607365,-327.7978337,5.7889502,1
10195,96,16,16,1,1,1,1,1,1,1,0,1,1,1,1,289.3758485,240.8532205,174.4887695,5.239536897,12.53133859,6.325063683,290.325108,240.8793636,176.2273739,4.227036261,10.50957451,11.11648697,-1.455554345,6.965298369,-5.510168951,1.446881293,-7.027331251,5.57999943,289.357449,240.8645746,174.4952748,4.855554566,10.33463233,2.869488919,290.3057285,240.877082,176.2176842,3.743570101,7.707843546,9.541709546,0,-96.95434909,116.8127368,45.32208375,-117.4387579,89.20581319,-0.2489312572,-96.65936955,117.4474288,-67.79092565,-69.45239604,124.765682,49.98119161,49.9811999,3767.803707,3753.45246,-93.21326293,-328.3064353,5.5860099,1
10196,96,16,16,1,1,1,1,1,1,1,1,0,1,1,1,290.6415305,240.2482954,173.2813809,10.42301019,14.48340602,15.83148923,292.8261759,241.1971528,171.751792,13.03132652,5.192078904,13.39403972,9.011450633,2.187261778,-11.19914374,-9.062569286,-2.183113648,11.24522779,290.6162627,240.2593851,173.2891375,3.817306602,14.15148343,10.66018219,292.7565323,241.2038478,171.7074303,8.643743715,4.173741951,6.435638144,0,-97.39012398,116.4734815,170.4063315,-84.8726115,83.56829276,0.3591444103,-97.87030862,116.86646,-4.155943188,-147.0589437,179.6821711,49.981169,49.98117712,3771.637168,3758.673596,-74.29085277,-305.2782625,5.791046,1
10197,96,16,16,1,1,1,1,1,1,1,1,1,0,1,1,290.6453772,240.2425213,173.283103,10.39784203,14.4860231,15.8220298,292.8223969,241.1926196,171.747388,13.00417304,5.194197334,13.36927076,-9.0021349,-2.191578188,11.19326169,9.052789385,2.18217014,-11.2354063,290.6201613,240.2536285,173.2909021,3.798395848,14.15362035,10.66502553,292.7531283,241.1993386,171.70333,8.625145343,4.174303821,6.415300081,0,-97.38768868,116.4780363,170.4405671,-84.86198775,83.68517999,0.3598887217,-97.86797708,116.8691157,-4.128838784,-147.0991159,179.7488979,49.98117508,49.98117232,3770.348642,3759.844489,-75.42886362,-304.2777542,5.5809014,1
10198,96,16,16,1,1,1,1,1,1,1,1,1,1,0,1,288.9128359,241.1972727,174.0952393,9.491087576,9.594194953,10.22561391,287.8490151,244.4441875,174.6946968,9.712213463,12.73555094,3.873704466,-8.115191832,6.053744392,2.060989666,8.142991928,-6.128860741,-2.014577953,288.8945871,241.2079748,174.1013306,4.671395027,7.071348535,9.879807485,287.812674,244.438065,174.6994984,5.061042725,10.91946523,2.85797705,0,-97.51878432,116.077138,-64.48032899,-69.32047978,126.0103699,0.2793633406,-97.44025387,115.6752827,56.50780872,-115.632287,77.47379374,49.98112944,49.98112124,3779.488359,3770.005462,-68.61275955,-299.9659684,5.490447,1
10199,96,16,16,1,1,1,1,1,1,1,1,1,1,1,0,288.9117593,241.197448,174.0920503,9.475025807,9.571279711,10.21425255,287.8478682,244.4427984,174.6963236,9.692189626,12.71625759,3.888389294,8.09948638,-6.030409375,-2.069537935,-8.127547083,6.100074552,2.027037598,288.8935489,241.2081227,174.0981158,4.664804039,7.064716434,9.865096953,287.8115938,244.436798,174.7012128,5.046685842,10.91287686,2.868141333,0,-97.52006951,116.0753916,-64.32374348,-69.44678694,126.0131216,0.2787468395,-97.44010524,115.6750013,56.51802185,-115.5519928,77.68190392,49.98111985,49.98113171,3781.229129,3768.111009,-68.10285349,-300.4121845,5.5236914,1
10200,96,16,16,0,1,1,1,1,1,1,1,1,1,1,1,290.3770596,239.6643106,174.7106858,3.839491299,10.16573518,10.46337094,289.9077087,242.4021998,174.9174676,5.358243668,11.21620144,5.25806822,-1.354148692,5.962297786,-4.608592179,1.357898822,-5.84740015,4.48904076,290.3578569,239.667227,174.706063,3.385433451,8.142569859,9.364581608,289.889668,242.4141788,174.9240242,5.042323585,9.495844723,2.642012229,0,-96.64289899,117.5491828,-73.23327079,-74.41344163,118.5095662,0.2878439648,-96.64924847,117.3354225,40.09059087,-115.9763122,112.6112915,49.98125137,49.98125617,3756.09875,3742.220633,-101.301628,-334.1786916,5.6700879,1
10201,96,16,16,0,1,1,1,1,1,0,1,1,1,1,1,301.2337653,349.4961875,283.2533792,20.92822646,24.99017177,28.84590591,307.612211,352.9400379,285.6432681,22.93298901,21.4865279,27.43381864,6.052647915,17.0334168,-23.09192102,-9.118086805,-4.53486099,13.64699865,204.1386311,279.6565204,222.0376608,8.223614806,9.160531758,2.301927595,208.2612698,285.201372,226.7563424,10.96619597,15.97611581,16.6166873,0,-97.51820894,100.105599,136.4676495,-42.34534651,-138.6614671,0.2230535872,-97.52061093,100.8231323,-31.06977192,-125.8332996,93.3417086,49.9687962,49.9511249,7824.762619,8119.675298,1549.079175,149.482761,5.3274965,1
10202,96,16,16,0,1,1,1,1,1,1,0,1,1,1,1,292.8223641,237.5702963,175.2483445,5.81761907,34.87771071,29.95928446,292.9715386,238.9951967,176.3434034,5.830071135,34.63026797,29.8138417,-3.943518351,31.94107859,-27.99799192,3.939497482,-31.76340586,27.82347561,292.6947784,237.4642287,175.0748156,2.421186378,8.293137206,5.933705625,292.8496357,238.8707193,176.1317284,2.457422706,8.031759454,6.110667282,0,-95.53104347,119.5662115,0.5993702283,-97.62604434,116.4206309,0.01081721339,-95.36865179,119.758412,-0.6866372596,-93.78008933,122.2391293,49.97996248,49.97994741,4014.149384,4004.712352,-124.8269368,-356.4464417,5.5132575,1
10203,96,16,16,0,1,1,1,1,1,1,1,0,1,1,1,286.2025453,241.2923018,180.4404043,29.81177527,60.52318206,63.01131994,292.8138027,239.2095076,174.6191989,32.48341488,55.73738997,61.39724031,2.432183663,39.65562453,-42.08784761,-2.501826353,-38.96228201,41.4640109,285.8091292,239.8083856,178.3461697,14.67332403,21.99160989,17.88284545,292.0801908,239.1226316,173.9509071,19.32436934,7.042538902,16.21029013,0,-95.24596945,117.9924592,163.5526622,-82.68141596,56.02032968,0.780981893,-96.43676667,119.4029447,-12.33180686,129.6087626,-165.2679857,49.97534036,49.97569713,4915.339694,4770.976595,122.309102,-251.7642015,5.5650252,1
10204,96,16,16,0,1,1,1,1,1,1,1,1,0,1,1,290.7224283,240.1868921,173.2884586,10.99425831,14.52486137,16.20234111,292.9307292,241.1233119,171.7573707,13.50303053,5.149922177,13.83727324,-9.353973885,-2.140818987,11.49436576,9.406468204,2.135838796,-11.54275526,290.6951117,240.1974613,173.2953935,3.835103974,14.20004497,10.6722934,292.8503046,241.128639,171.7015763,8.65955429,4.140073393,6.455732816,0,-97.36213398,116.5280509,169.894404,-84.88416225,83.52242479,0.3592229963,-97.84621208,116.9242925,-4.391912483,-147.6117895,179.825547,49.98114917,49.98116928,3774.459865,3762.16014,-77.1762036,-304.6019317,5.6173481,1
10205,96,16,16,0,1,1,1,1,1,1,1,1,1,0,1,288.9165532,241.1962258,174.0936083,9.464624983,9.566969644,10.22365,287.8500179,244.4477961,174.6970949,9.683772177,12.72676459,3.878041682,-8.084920894,6.023602146,2.060891009,8.11264571,-6.098797208,-2.014290991,288.8983303,241.2069187,174.0997267,4.676095193,7.063069828,9.878063857,287.8138415,244.4418126,174.7018917,5.06072853,10.92800223,2.865281901,0,-97.51930072,116.0772338,-64.44079515,-69.28925624,126.0580604,0.2795470842,-97.43989563,115.6749081,56.57184765,-115.615074,77.39113658,49.98112887,49.98112258,3779.791927,3769.692381,-68.5261951,-300.0960495,5.7952105,1
10206,96,16,16,0,1,1,1,1,1,1,1,1,1,1,0,289.9175023,239.851999,175.1148097,3.997286987,10.73644118,11.48835583,289.373261,242.7675388,175.2097577,5.650666981,11.87387314,6.199968814,-0.8753645164,6.778127726,-5.903210801,0.8774951983,-6.63164106,5.753727172,289.898637,239.8495227,175.1020365,3.75038693,8.236134641,9.830524104,289.35471,242.7787516,175.2147794,5.478053111,9.774527531,2.214556729,0,-96.57074644,117.5269259,-78.20848247,-71.04528626,118.8562033,0.3259920291,-96.60062014,117.2601296,42.18028572,-118.2644337,109.6753074,49.98120313,49.98119831,3765.481063,3754.146546,-102.9686015,-337.1790327,5.6358909,1
10207,96,16,16,1,0,1,1,1,1,1,1,1,1,1,1,290.4028644,239.648832,174.6966543,3.838577043,10.17905587,10.47010507,289.9339469,242.3844717,174.9014834,5.356220926,11.22288368,5.268262053,1.356804867,-5.981291579,4.62452066,-1.360748276,5.863237183,-4.502471726,290.4007507,239.6390726,174.6830801,3.3819586,8.145442851,9.365049958,289.9330415,242.383692,174.8991426,5.038812652,9.492638173,2.640226995,0,-96.65011597,117.5515696,-73.18381158,-74.41225417,118.5299563,0.2876043462,-96.65690121,117.3376198,40.06212005,-116.004656,112.5459871,49.98125735,49.98125162,3755.497849,3742.666932,-101.5887225,-333.8159856,5.5516865,1
10208,96,16,16,1,0,1,1,1,1,0,1,1,1,1,1,292.8206018,237.5759007,175.2467419,5.818210639,34.87946046,29.95358573,292.9692046,238.9984246,176.3397273,5.830366961,34.60911712,29.79749977,3.943102495,-31.93180695,27.98826557,-3.939261506,31.74942982,-27.81057483,292.6928801,237.4699751,175.0740353,2.421602351,8.342013682,5.962800666,292.8470695,238.8733808,176.1271381,2.457006017,7.984751484,6.086132471,0,-95.53368314,119.5617957,0.6362105182,-97.75254074,116.0210869,0.01100624889,-95.37136608,119.7544553,-0.7229791162,-93.63084574,122.6462682,49.97995357,49.97996521,4015.875281,4001.20691,-125.3465423,-355.9303404,5.4674006,1
10209,96,16,16,1,0,1,1,1,1,1,0,1,1,1,1,298.8672001,350.0379513,284.1018844,20.99858728,24.39048225,26.36646849,299.4512285,351.945238,285.6496946,21.01476658,22.59827019,25.88670969,0.6683245915,-6.963871448,6.294836173,2.346348864,-5.410434744,3.063721975,202.0901395,281.8094527,224.8744994,1.237559331,11.05292371,7.854626569,202.7770343,283.2807472,226.0677672,2.813218783,8.387863876,8.096154089,0,-97.3778218,100.0243819,53.24012438,-102.0684376,85.1824552,0.01197685235,-97.24201389,100.3313471,-20.69125371,-91.69911349,114.0717674,49.95415812,49.96620099,8630.40108,7334.997473,1025.922791,685.2551248,5.0049996,1
10210,96,16,16,1,0,1,1,1,1,1,1,0,1,1,1,290.7208987,240.1862613,173.280464,10.86953508,14.51986769,16.11845637,292.9322379,241.1255701,171.7475671,13.41149934,5.155231373,13.73836617,9.285564448,2.139613423,-11.42561099,-9.338075414,-2.140060335,11.47771636,290.6938778,240.1969367,173.2874694,3.862221743,14.19582382,10.68532459,292.8537691,241.1310695,171.6940219,8.688542375,4.149677585,6.477592022,0,-97.36558301,116.5238866,170.1978221,-84.85284717,83.40673176,0.3599421693,-97.84994637,116.9211733,-4.275315769,-147.6176836,179.9196717,49.981152,49.98117258,3774.765487,3760.249467,-74.90741068,-306.7076641,5.5129093,1
10211,96,16,16,1,0,1,1,1,1,1,1,1,0,1,1,285.8645622,241.3363543,180.785296,30.82115815,62.767448,65.2970654,292.6451984,238.9766862,174.5796781,33.46414675,57.90673569,63.62783479,-2.429036237,-41.0413325,43.46984839,2.501940654,40.3210975,-42.82356607,285.4220601,239.7566058,178.5588253,15.05476577,22.61242696,18.38002693,291.8484641,238.8973933,173.8732997,19.68839245,7.518270402,16.64416226,0,-95.1432168,118.0449432,162.9686768,-82.90768188,55.81051353,0.807355764,-96.38405694,119.4959754,-12.85694254,126.3447082,-164.3289413,49.97499627,49.97498333,5001.363715,4974.059153,137.1003024,-208.3448758,5.266207,1
10212,96,16,16,1,0,1,1,1,1,1,1,1,1,0,1,285.2510288,243.3431953,178.2658637,8.622569202,24.81010084,24.58446739,285.175757,246.906411,177.606354,10.82872291,24.24243096,21.1360591,-1.509260229,-15.13548835,16.64476184,1.546339356,14.58424123,-16.13065063,284.7589326,243.0083967,177.100165,4.891492415,10.45423412,11.6497299,284.7940576,246.3031406,176.2413359,8.144065804,9.871228679,1.373597614,0,-97.1148684,115.5043818,-115.1986204,-63.98431919,108.9281864,0.5547714509,-97.37796326,115.2135969,33.04956864,-133.0708956,-178.8919563,49.98017908,49.98007594,3972.944168,3987.031222,-38.91090088,-298.3310654,5.2979942,1
10213,96,16,16,1,0,1,1,1,1,1,1,1,1,1,0,288.916824,241.1941392,174.0898742,9.471539689,9.562743193,10.21526328,287.853435,244.446266,174.6946698,9.695153708,12.72590816,3.88375741,8.092159665,-6.024043317,-2.068561921,-8.12016268,6.09357221,2.026136914,288.8986169,241.2048253,174.0959198,4.669378101,7.060872893,9.867924213,287.8171998,244.4403008,174.6995989,5.063271486,10.92913124,2.867720249,0,-97.51997808,116.0767965,-64.52632927,-69.29273624,126.0264612,0.2798079618,-97.44021741,115.6758511,56.46583774,-115.6062234,77.61173635,49.98112142,49.98113123,3781.264554,3768.03731,-67.60672384,-301.0066794,5.5838942,1
10214,96,16,16,1,1,0,1,1,1,1,1,1,1,1,1,293.4691618,239.5717985,170.3178021,14.12179611,5.819614897,15.14573461,291.6595914,241.588483,173.589814,12.01829537,14.00576098,16.88997103,-10.67338916,-2.6121561,13.28524506,10.58977997,2.525635765,-13.11574521,293.3509965,239.5723036,170.2595112,7.917465222,4.491653899,5.743060595,291.622237,241.5995562,173.5953806,3.127866533,13.5326285,9.680120849,0,-98.22463093,116.3533905,-6.93015923,-141.4077526,171.2321036,-0.2706623405,-97.48670114,116.3251288,162.5130329,-85.12605607,87.07340847,49.98116866,49.98112959,3773.927925,3766.482186,-69.60074027,-305.2009261,5.3640047,1
10215,96,16,16,1,1,0,1,1,1,0,1,1,1,1,1,293.9337816,237.6983248,172.8738341,36.45221125,63.40450671,69.46623699,286.8276538,243.518906,181.7443734,33.83909568,67.38803182,70.27354778,-2.969495649,-44.17491901,47.14394518,2.879700568,44.36979494,-47.24997135,292.8314949,237.6090101,172.0393151,20.56823125,8.021734689,17.15779464,286.2177836,241.6927425,178.9229294,15.95018971,23.03559737,18.27638423,0,-96.80915763,118.6009652,-15.4843771,123.9145323,-166.4207022,-0.7758337574,-95.22063658,117.3642934,160.0000105,-83.48042166,52.88493078,49.97392224,49.97391844,5207.891343,5191.500139,35.88424907,-69.61141387,5.0874217,1
10216,96,16,16,1,1,0,1,1,1,1,0,1,1,1,1,293.6449691,239.4145854,170.4013544,14.52362455,5.723513539,15.46066596,291.7824107,241.449756,173.7159039,12.42920257,14.09622601,17.19166848,-11.12903301,-2.489985316,13.61879865,11.04226119,2.391943636,-13.43443014,293.5059486,239.4111167,170.3306824,8.04478437,4.440216758,5.825536636,291.7358178,241.4588027,173.7174721,3.250552102,13.65065369,9.782313078,0,-98.13308557,116.5163266,-6.918173318,-142.8522259,172.4309217,-0.2763223256,-97.3824187,116.4806494,162.9451005,-84.9270553,86.71527253,49.98115918,49.98111323,3774.751989,3770.930439,-74.47883103,-309.3886307,5.2344176,1
10217,96,16,16,1,1,0,1,1,1,1,1,0,1,1,1,382.2720567,292.8760066,278.9032353,15.01795982,13.28734969,17.58216815,383.0982921,295.9598517,280.4817284,15.23896805,13.89413893,15.34225268,-5.48846712,-4.087384839,9.575515208,3.678618129,-6.957471386,3.278317282,334.8702946,207.9313893,185.3082723,1.043790173,6.934828067,5.820998083,335.8842403,210.0869936,187.0866255,4.937239358,8.237793321,7.320725141,0,-83.38975424,143.4099248,47.16147138,-62.34287998,159.0622103,0.08339694416,-83.3887776,143.5265755,-8.932597765,-101.3885834,130.687487,49.96385835,49.96691357,6307.868115,7556.364323,-1127.244893,-1450.282578,5.267127,1
10218,96,16,16,1,1,0,1,1,1,1,1,1,0,1,1,297.0823994,238.3630418,166.2971853,46.71054067,12.34243454,55.07665226,297.1046752,239.905269,167.3887514,46.68124932,12.12597091,54.79678346,-42.98486776,-7.643715321,50.62825501,42.93250672,7.47605798,-50.40882093,296.5842484,238.1117813,165.8252034,2.230725103,8.242706452,5.905531985,296.7211627,239.65436,166.7433477,2.739294069,8.120995362,5.506595685,0,-99.51265993,115.4969462,-6.673410114,-99.33613965,112.0319851,0.04033674659,-99.36677855,115.6625894,5.365549742,-100.1038886,118.7893331,49.97801249,49.97798927,4403.415917,4396.961801,82.673439,-151.882624,5.0396828,1
10219,96,16,16,1,1,0,1,1,1,1,1,1,1,0,1,300.039786,234.2158825,169.9856144,82.61628492,37.34802067,78.17207097,292.2750387,245.3534703,168.225439,82.26800266,44.0974855,75.31314513,-54.08238063,1.751629495,52.33054497,53.90623069,-2.294168612,-51.61231122,297.0707804,233.6741144,167.0215675,20.3599156,16.28237923,21.7387964,290.9786012,244.3617694,167.9353259,20.50440235,28.06387491,13.24627604,0,-98.10361998,118.2917514,-84.36527929,21.33205628,148.2651176,1.197408701,-97.7171956,115.9455013,81.85927696,-128.3959947,-5.205677339,49.97147181,49.97142698,5690.33029,5708.682922,343.6189226,-58.54934683,5.0793218,1
10220,96,16,16,1,1,0,1,1,1,1,1,1,1,1,0,301.855005,242.5711788,165.2503508,22.01883165,21.84444682,11.98623001,300.5166494,245.4540008,166.5531468,22.03046147,23.14318387,5.833836,18.34676021,-17.54249102,-0.8040888405,-18.61956315,17.78925067,0.8304370214,300.0277526,238.4727499,161.703733,5.246241101,7.676801043,10.43686127,298.6373305,241.239586,162.0833085,4.260380641,9.553315015,2.155059661,0,-101.3105904,113.9077626,-49.09953102,-81.71220665,124.3710793,0.1832177119,-101.2538252,113.3273618,68.60865871,-117.3095761,47.13685683,49.98170553,49.97951378,3802.577053,3913.461768,-10.94201734,-133.4980228,5.3108506,1
10221,96,16,16,1,1,1,0,1,1,1,1,1,1,1,1,293.4469945,239.5765223,170.3091049,14.0743678,5.812328651,15.10245531,291.6506296,241.5979884,173.5958763,11.97492673,14.01159795,16.87357214,10.66802626,2.605656699,-13.27411946,-10.58467857,-2.524814818,13.10900806,293.3293987,239.5770061,170.2516256,7.887043728,4.486227339,5.712381476,291.6134018,241.6090511,173.6014419,3.096462735,13.539958,9.699472241,0,-98.22833812,116.3459163,-6.860948271,-141.471233,171.3913477,-0.2713138236,-97.48987963,116.3207548,162.5850641,-85.13803055,87.23642014,49.98115059,49.98114884,3776.091623,3763.681502,-67.67504481,-307.298087,5.2269585,1
10222,96,16,16,1,1,1,0,1,1,0,1,1,1,1,1,293.6077012,239.4209999,170.3920935,14.45493036,5.713968272,15.40989142,291.7701471,241.4584575,173.7195035,12.37404042,14.10321531,17.1782327,11.14717909,2.481352987,-13.62900354,-11.06066672,-2.389039334,13.44925738,293.4706824,239.4178428,170.3230296,7.981675097,4.430806948,5.76668633,291.7240532,241.4675935,173.7213351,3.187654568,13.65867365,9.802234501,0,-98.13681172,116.5066088,-6.869911013,-142.8948239,172.5796122,-0.2761523499,-97.38610649,116.4778075,162.8664494,-84.95790209,87.04248209,49.98115504,49.98112121,3775.396222,3769.416411,-70.87083241,-312.9433722,5.3819536,1
10223,96,16,16,1,1,1,0,1,1,1,0,1,1,1,1,293.921024,237.675807,172.8662367,36.5281751,63.48290499,69.55912101,286.8037047,243.5098118,181.7497993,33.91551292,67.46668747,70.36464844,2.974709816,44.22283081,-47.19796643,-2.884875254,-44.4220522,47.30650578,292.8154763,237.5859308,172.0296803,20.60332332,8.036187911,17.19296755,286.1894899,241.6749051,178.9201296,15.98550969,23.05197793,18.30233533,0,-96.80618476,118.6066529,-15.48528879,123.8399461,-166.4219392,-0.7773768997,-95.21659652,117.3653409,160.0093721,-83.48381038,52.81426377,49.97391832,49.9738126,5216.1447,5218.698413,37.70087492,-63.75821412,5.37353,1
10224,96,16,16,1,1,1,0,1,1,1,1,0,1,1,1,297.0834658,238.3738679,166.3078026,46.65649268,12.34183915,55.02604203,297.0788139,239.9133339,167.3821215,46.62112131,12.12735803,54.73841112,42.93980253,7.644564046,-50.5845924,-42.88736479,-7.479507861,50.36668129,296.586919,238.123338,165.8381253,2.287637283,8.241673276,5.940318412,296.6978017,239.6628597,166.7402421,2.685692327,8.122724974,5.467717265,0,-99.51325823,115.4946268,-6.924108402,-99.34601401,112.4596447,0.04070405012,-99.36759694,115.6528323,5.828038917,-100.0951376,118.3613485,49.97803154,49.97797634,4398.907361,4398.501968,80.15349815,-149.406532,5.5173445,1
10225,96,16,16,1,1,1,0,1,1,1,1,1,0,1,1,383.8432825,281.1505276,271.6320708,54.87442762,33.38137042,39.32446281,384.2867136,283.0081883,273.3011596,54.88358631,32.80965155,38.7705355,2.588510595,5.29299912,-7.878679127,-0.9374958787,4.927410216,-3.987646949,339.8092672,200.9507932,186.4839105,2.086767726,7.320403467,5.763378146,340.4106224,202.2668361,187.7211515,3.848048653,6.518267079,7.05536942,0,-81.47247364,147.096402,23.66641271,-78.29466501,148.7595581,0.06054115257,-81.39051789,147.3441606,-12.6076528,-85.51379654,145.4404565,49.98186764,49.94530649,7259.03854,7264.465119,-703.1956511,-982.6484412,5.7756576,1
10226,96,16,16,1,1,1,0,1,1,1,1,1,1,0,1,297.6017424,240.5762095,165.8108817,19.72753229,19.80662676,11.51373548,296.7550193,244.352643,166.9031386,20.07222685,21.84771535,4.636970167,-14.76954636,14.09546486,0.6716852103,14.97069831,-14.22523918,-0.7479671605,296.6668617,238.1442059,163.5872293,5.018569682,7.509226698,10.64685735,295.5159977,241.5058398,164.050467,5.489602424,11.03631897,2.429906765,0,-100.5544192,114.3430248,-66.88821696,-66.52970934,126.2507351,0.2674165443,-100.5507199,113.7310867,57.31661837,-123.2534726,44.27325347,49.97889232,49.9826558,3956.327007,3784.344131,47.01043859,-201.1785142,5.7246666,1
10227,96,16,16,1,1,1,0,1,1,1,1,1,1,1,0,293.5532474,239.5716642,170.2786245,15.11958977,5.733208962,16.16801381,291.65174,241.6508689,173.5126136,13.15252399,14.07914508,17.66502759,11.49779512,2.512897909,-14.01120981,-11.41108382,-2.425753499,13.8363446,293.4181047,239.5717123,170.20599,7.972070171,4.349818189,5.90958013,291.6123986,241.6608562,173.5169095,3.224225059,13.59986541,9.54540996,0,-98.24810887,116.3420484,-8.482422116,-141.2199556,170.0804143,-0.2616685803,-97.51094973,116.2852973,158.8985425,-85.68383291,86.12599502,49.98103373,49.98119786,3794.432416,3756.145348,-66.47440188,-305.9173382,5.6554938,1
10228,96,16,16,1,1,1,1,0,1,1,1,1,1,1,1,288.3622456,242.3207593,173.3443589,8.919993076,12.63059528,4.162285551,289.6690041,242.0823348,174.7789945,8.753780966,9.130372432,10.14516321,7.403136977,-5.361789928,-2.041799472,-7.361285576,5.268264742,2.092565203,288.3228319,242.3215671,173.3482978,4.771886927,11.16304073,3.328812849,289.6489983,242.094237,174.7819389,4.52315067,7.046071438,9.830020929,0,-98.00715406,115.1479679,56.15724695,-117.0919847,70.28598244,-0.23161975,-97.77226895,115.8987717,-61.51849997,-67.41685528,128.9411636,49.9811621,49.98116743,3773.542577,3760.431811,-48.6942177,-287.9342153,5.7357188,1
10229,96,16,16,1,1,1,1,0,1,0,1,1,1,1,1,288.3676594,242.3195438,173.3453562,8.918552267,12.63058471,4.164338115,289.6749957,242.0802898,174.7747317,8.754407493,9.129398095,10.14536749,7.403018121,-5.361178505,-2.042240432,-7.361151971,5.267541267,2.093194446,288.3282775,242.3203545,173.349267,4.769565862,11.16266332,3.330315444,289.6549715,242.0922068,174.7776969,4.524740922,7.044176515,9.829835892,0,-98.00696546,115.1485854,56.19323754,-117.0779954,70.27348402,-0.2307295781,-97.7724098,115.8999488,-61.47358743,-67.43293639,128.9518655,49.98116344,49.98116659,3773.251674,3760.674512,-48.67977547,-287.8856012,5.6548612,1
10230,96,16,16,1,1,1,1,0,1,1,0,1,1,1,1,284.284328,246.793358,177.3512033,16.56920347,34.48931384,29.96566702,284.0740444,245.7654202,181.1500021,14.33456853,35.2471422,33.14286762,3.130419481,18.47797062,-21.60850854,-3.060100382,-18.95386891,22.0138974,283.5348423,245.7543396,175.0040076,10.66165664,10.84171804,2.579591402,283.2037095,245.1409629,178.9801449,6.851807406,12.94940838,13.63262553,0,-98.65031973,113.2045909,27.50412432,-149.0316565,-124.1856942,-0.7338239032,-97.81934088,113.9113329,-133.6888994,-58.59436516,104.0775454,49.97906076,49.97906931,4191.93113,4181.249678,-13.11972365,-211.2564778,5.7688644,1
10231,96,16,16,1,1,1,1,0,1,1,1,0,1,1,1,292.2393201,241.9406952,168.0478672,84.05553161,45.49036691,77.2830481,300.066298,233.5124753,172.638862,84.24704236,38.21580348,79.51714805,54.83617303,-1.906871887,-52.92943533,-54.89165376,1.625214831,53.26630784,291.0628,241.0645376,167.7214231,20.80234474,29.12497195,14.38229331,297.6252894,233.0445222,168.6244977,20.70822358,17.05916784,22.33215919,0,-99.35342598,114.019634,81.59743235,-129.9608828,-4.53794309,-1.17448322,-99.46014044,116.7853094,-84.84604228,21.23558201,148.800936,49.97098229,49.97098709,5811.061988,5776.21018,248.6619321,194.7997403,5.88749,1
10232,96,16,16,1,1,1,1,0,1,1,1,1,0,1,1,302.1538349,243.3669863,165.1885577,23.52947728,25.32916367,8.219980037,303.9869836,243.6719994,165.5537846,23.54989553,23.53606221,13.24058556,18.62497121,-17.98668889,-0.6384738762,-18.27512877,17.62186108,0.653136609,299.7406499,238.3690055,159.613948,4.285857851,10.02156379,2.850742543,301.5865739,238.6647453,161.101802,5.68794647,7.259891949,10.59730751,0,-101.9599741,112.9283978,74.92600298,-118.0985915,37.80258184,-0.1103587569,-101.7199731,113.9102314,-46.79962433,-79.90181425,128.0539787,49.98022771,49.98057475,3726.27798,4074.443934,58.30787773,-114.1873602,5.759888,1
10233,96,16,16,1,1,1,1,0,1,1,1,1,1,0,1,510.4578704,256.2028304,150.3622174,25.02220652,32.99345966,20.3752787,509.6700716,251.757657,142.5641643,26.68538682,29.78144081,16.08772881,-16.17546106,25.7687647,-9.593955193,21.66241223,-26.45641638,4.793096027,378.1588595,224.4407693,91.91361018,16.20905049,19.68799309,12.31512935,372.6359337,219.8073877,88.36492292,11.17439501,11.75895881,7.573839356,0,-119.5582818,110.0470612,-29.42493624,-156.4890927,79.58628756,-0.1700308431,-119.1796729,109.8305569,134.6724003,-27.41915362,-124.6579145,49.97311539,49.97288531,5390.077076,5406.35275,-365.9940872,927.8773466,5.629366,1
10234,96,16,16,1,1,1,1,0,1,1,1,1,1,1,0,286.796438,243.2651231,173.6039163,23.43890234,19.73711681,8.911359548,286.8013798,244.8567321,174.745674,23.3812112,19.85641768,8.894956613,22.45883578,-16.60724779,-5.851926834,-22.43571978,16.57259584,5.862733432,286.729921,243.234599,173.5498328,2.571129035,8.168474783,5.973382061,286.7435042,244.8058452,174.6691601,2.228913562,8.550228488,5.952922482,0,-98.45696191,114.2579262,-5.17493693,-100.0047292,114.0503282,0.01458094214,-98.27536835,114.4109307,5.869646029,-97.3583807,114.0604445,49.98053641,49.9805088,3897.572977,3893.035045,-1.409032756,-236.2051757,5.7545479,1
10235,96,16,16,1,1,1,1,1,0,1,1,1,1,1,1,288.3584054,242.3225154,173.3472621,8.914978904,12.63636776,4.158611305,289.6700234,242.0793985,174.7801938,8.751369287,9.12440474,10.14992377,-7.391493036,5.352095736,2.038945053,7.349442386,-5.264237572,-2.085666103,288.3190348,242.3233177,173.3512049,4.776551086,11.17160515,3.330604863,289.6500008,242.0913311,174.7831773,4.533023274,7.041267079,9.837119953,0,-98.00632292,115.1477354,56.2617749,-117.0961288,70.12724598,-0.2318685913,-97.77193061,115.9000254,-61.51981246,-67.35839841,128.9779819,49.98116728,49.98116242,3772.873086,3761.076676,-48.83540287,-287.841262,5.8643259,1
10236,96,16,16,1,1,1,1,1,0,0,1,1,1,1,1,289.0960846,241.037649,174.6209588,5.348409091,12.78876529,6.716399252,290.0571431,241.0089287,176.4123881,4.240947076,10.81092996,11.52831684,1.286074769,-7.317217682,6.030700812,-1.279702329,7.383380577,-6.104134933,289.0774743,241.0487083,174.6260772,5.02910406,10.40814685,2.726139082,290.0378871,241.0035861,176.3972624,3.832888952,7.78850294,9.707926103,0,-96.96877914,116.721339,45.56084388,-118.3228594,87.69669023,-0.2638203237,-96.66234394,117.3722417,-70.11990239,-68.32822344,124.5030954,49.98116254,49.98117532,3772.412253,3759.714886,-93.291567,-327.2697055,5.8323396,1
10237,96,16,16,1,1,1,1,1,0,1,0,1,1,1,1,288.3640728,242.318705,173.3411196,8.916073315,12.63917844,4.160240845,289.6774181,242.0753447,174.7723854,8.756073538,9.126512495,10.15052376,-7.39519377,5.357357048,2.037390452,7.353110685,-5.269186578,-2.084375875,288.3246568,242.3194783,173.3450537,4.772363804,11.1713482,3.333480262,289.6574164,242.0872762,174.7753254,4.535650736,7.038922645,9.837952497,0,-98.00748775,115.1477537,56.32334014,-117.0820586,70.07175141,-0.2315195348,-97.7734188,115.9005124,-61.44154189,-67.37583871,129.0028064,49.98116328,49.98116651,3773.519855,3760.41521,-48.72884257,-287.924588,5.6725113,1
10238,96,16,16,1,1,1,1,1,0,1,1,0,1,1,1,305.1096685,244.470378,163.4617064,23.76132913,25.37985663,6.834976795,306.3589653,244.0858937,164.1978098,23.55595761,23.85460032,13.69178278,-16.28398619,16.5660765,-0.2777727002,15.92146953,-16.21154994,0.2937396557,302.7231993,238.9821432,157.5418858,4.430659666,10.28572627,3.685927074,304.3952271,239.0043136,159.4936806,5.260442004,8.711681196,12.06639886,0,-102.9166208,112.0997802,66.85142308,-130.7890823,11.51684589,-0.1706167931,-102.4764717,113.29777,-50.93605478,-69.77704801,129.6839011,49.97906375,49.98189802,4308.906784,3526.997558,187.9336559,-234.4893783,5.6920452,1
10239,96,16,16,1,1,1,1,1,0,1,1,1,0,1,1,292.3040307,241.9980469,168.0942925,83.94768975,45.40584297,77.22889109,300.1209139,233.5715976,172.6799954,84.1377308,38.10929127,79.45501278,-54.76245294,1.835134441,52.92700485,54.81829139,-1.557133435,-53.26144876,291.1349521,241.1283532,167.7695324,20.78313384,29.14049725,14.34045343,297.6818517,233.1086879,168.6748958,20.6810459,17.0625793,22.27838623,0,-99.34959018,114.0265676,81.49508962,-129.9251815,-4.362263732,-1.176849816,-99.45766685,116.7828301,-84.93054755,21.29958638,148.8500366,49.97089051,49.97129739,5794.835523,5699.639135,235.0848671,177.8617046,5.9318594,1
10240,96,16,16,1,1,1,1,1,0,1,1,1,1,0,1,286.795913,243.2866968,173.6070107,23.4634496,19.76222778,8.911796143,286.7858476,244.8540442,174.7500047,23.39362736,19.87181085,8.892637075,-22.47608658,16.62176121,5.853956005,22.45263606,-16.59117769,-5.861847183,286.7298864,243.255773,173.5538307,2.630237257,8.180727319,5.975720791,286.7280651,244.8032108,174.6740937,2.169892665,8.541908214,5.950887937,0,-98.46143496,114.2504524,-5.072353976,-100.4102358,114.0428796,0.01001792692,-98.27701916,114.403328,6.042240196,-96.97504675,114.0528557,49.9805296,49.98051197,3901.729028,3888.942341,-1.136751935,-236.5090541,5.7404917,1
10241,96,16,16,1,1,1,1,1,0,1,1,1,1,1,0,510.3580003,256.3740934,150.4652988,24.97874273,32.96602424,20.2017885,509.5666919,251.8746875,142.6740667,26.59964808,29.6760083,15.8707822,16.1287031,-25.66344089,9.534099383,-21.61560327,26.34311615,-4.727727832,378.0498931,224.5890172,92.02205315,16.25992166,19.80633825,12.23956875,372.5298397,219.8809889,88.46514803,11.17482617,11.82091759,7.48474891,0,-119.5533714,109.938267,-28.78138157,-156.4406012,79.66424006,-0.1801197685,-119.1824678,109.7290924,135.651091,-26.96485344,-124.7731499,49.9729533,49.97302725,5378.875703,5419.136556,-366.9014057,928.2637508,5.5000703,1
10389,16,24,16,1,1,1,1,1,1,1,1,1,1,1,1,210.1529399,250.0705376,229.1614689,7.337197463,5.752776374,8.089676886,211.3189413,251.102913,230.5529751,7.138126763,6.233107284,7.658314106,0.002702090132,0.004795051349,-0.007470654819,-0.002774795613,-0.005031361335,0.007825039723,210.1509314,250.0709588,229.1619558,7.336950869,5.752497263,8.089495975,211.3169148,251.1033555,230.553463,7.137880157,6.232868335,7.658130482,0,-119.0105983,129.0689772,-4.285945509,-120.8945078,128.2029656,0.186517692,-118.8841063,129.2127624,4.003699684,-117.5197062,129.5573187,49.97583708,49.97584325,4839.686605,4823.964313,165.9036593,-172.6953482,5.6132954,1
10390,16,24,16,1,1,1,1,1,1,0,1,1,1,1,1,209.8457657,249.6953021,229.8972661,12.29534329,12.87256023,9.525435689,210.6526759,249.0978647,233.4585439,4.797217351,12.92091879,14.59618378,2.441800296,-9.827534647,7.385760149,-2.402173599,9.89075653,-7.48855894,209.8421753,249.6943101,229.8944076,11.88176414,7.92495207,5.051102221,210.6462723,249.063662,233.4207464,3.62364328,7.924116385,12.08827154,0,-118.6183034,129.1981149,10.94288805,-159.8442577,164.621436,-0.4120767137,-118.1720501,129.4379859,-40.44687075,-77.51885972,115.0104012,49.97563279,49.97562144,4880.12226,4868.74433,160.2033712,-175.1104441,5.6419845,1
10391,16,24,16,1,1,1,1,1,1,1,0,1,1,1,1,209.8418991,249.6969258,229.8949011,12.29090865,12.864931,9.497606118,210.6491981,249.1021075,233.4571992,4.804346185,12.89517985,14.57201382,-2.447531357,9.802093015,-7.354520451,2.408108743,-9.865755007,7.45768314,209.8383381,249.6959159,229.8920275,11.87471885,7.941395342,5.039792134,210.6427226,249.0676569,233.4193202,3.624609237,7.910980988,12.07625377,0,-118.6186233,129.1970168,10.92294306,-159.7638857,164.3317567,-0.4118834078,-118.1722575,129.4365838,-40.32196414,-77.41282415,115.1276667,49.97561586,49.97564023,4882.494849,4866.044051,160.837567,-175.6294228,5.6332692,1
10392,16,24,16,1,1,1,1,1,1,1,1,0,1,1,1,210.9413017,249.7025445,229.0137846,8.293223566,10.36741118,13.53922694,213.9786382,250.6232146,228.8840627,14.03542116,4.76455132,13.1555463,7.146790021,2.168837106,-9.315621035,-7.248053428,-2.143566475,9.391624439,210.9362474,249.7012972,229.0130129,3.124011931,9.964977705,9.5538689,213.9407529,250.6197641,228.8536911,11.67798494,3.819433796,8.922548656,0,-119.237007,129.2005832,21.73976509,-102.396197,98.40948054,0.4325464228,-119.5904022,129.6800281,-5.78421136,-169.6870748,162.1226784,49.97564618,49.97565088,4877.530552,4862.716491,150.4598029,-186.8399538,5.7409639,1
10393,16,24,16,1,1,1,1,1,1,1,1,1,0,1,1,210.9392678,249.7056498,229.0120901,8.297408035,10.36362466,13.54145112,213.9747219,250.627903,228.8813116,14.02974187,4.773668003,13.15113377,-7.150709571,-2.174452369,9.325188086,7.251752631,2.148422368,-9.400148602,210.9342007,249.7043792,229.0113493,3.131938736,9.959695042,9.550418055,213.9368649,250.6243856,228.8510875,11.67036175,3.827769925,8.909465956,0,-119.2376882,129.1992291,21.72248807,-102.3582456,98.50521579,0.4324556515,-119.5912107,129.6778541,-5.798121323,-169.6517489,162.0555905,49.97565183,49.97564527,4875.478988,4864.761799,149.7001018,-186.1563172,5.5456508,1
10394,16,24,16,1,1,1,1,1,1,1,1,1,1,0,1,209.6316125,251.1356678,228.6350575,15.16025362,9.346726349,13.52356888,208.8640929,254.2973175,229.5611492,14.07795869,14.65963219,5.178642938,-10.81316374,8.367924235,2.44527291,10.88490973,-8.466319698,-2.418571527,209.6291134,251.130311,228.6339306,10.15947418,1.998589321,13.12397623,208.8157062,254.2469718,229.5561739,8.366506058,11.38683806,4.0292349,0,-119.1797082,128.7497656,-35.03984884,-53.33142028,140.6911047,0.5181725075,-118.8294197,128.3088123,43.82426911,-128.4143378,84.30678408,49.97565311,49.97564279,4875.484534,4864.678507,155.9537684,-178.1422433,5.5581619,1
10395,16,24,16,1,1,1,1,1,1,1,1,1,1,1,0,209.6322416,251.1324275,228.6346953,15.14767077,9.336762978,13.52248686,208.8671277,254.2971024,229.5602821,14.07671139,14.65996123,5.180990723,10.80350021,-8.358118455,-2.445368144,-10.87518342,8.456063868,2.419133092,209.6297653,251.1270943,228.6335736,10.15147505,2.001414376,13.12197021,208.8188898,254.2469044,229.5553617,8.377778272,11.39617967,4.029463756,0,-119.1794317,128.7506617,-35.09524025,-53.02961996,140.6876085,0.5191632127,-118.8292082,128.3100179,43.78359072,-128.4413162,84.33922041,49.97564457,49.97565229,4877.04678,4863.097276,156.5747786,-178.781361,5.376601,1
10396,16,24,16,0,1,1,1,1,1,1,1,1,1,1,1,209.2060713,248.5197006,231.7470192,4.935779284,12.18594906,14.16455688,211.0028137,250.8759212,231.0652593,12.21127606,11.79133444,9.160162364,-2.423782235,9.159748893,-6.735944853,2.441722006,-9.016979474,6.575266615,209.2002523,248.489414,231.720073,3.863480789,7.748486626,12.05995899,210.9984404,250.8743963,231.0639592,11.82266345,7.297311051,5.590325158,0,-117.6958462,129.731707,-42.68638025,-81.67019882,112.5197617,0.7348427448,-117.9230597,129.85839,12.77021357,-156.7818447,168.436595,49.97565169,49.97565094,4877.29165,4862.19163,169.672289,-171.7065077,5.6025013,1
10397,16,24,16,0,1,1,1,1,1,0,1,1,1,1,1,211.0852167,410.37942,277.1503574,14.5179377,25.01408157,25.82503434,217.699082,412.7297961,281.7316999,18.75649332,20.9663575,26.48333449,0.9161707593,21.02667696,-21.94306762,-8.927999098,-8.724913528,17.65279272,140.8791332,304.2713879,239.8364796,4.701537146,6.627788398,7.324090995,144.6454341,309.8021699,245.5575429,10.70271379,16.20529223,16.84896942,0,-112.485065,111.0434594,88.48777676,-21.2221936,-169.5036066,0.272651742,-112.3041588,111.2301099,-26.09511581,-136.6599259,85.64606878,49.9521635,49.9633654,8523.993425,8411.862454,933.2734543,-449.4127594,5.3700306,1
10398,16,24,16,0,1,1,1,1,1,1,0,1,1,1,1,208.887543,246.8261623,233.5342396,10.74309414,32.2840141,26.29267884,210.2559775,247.6458081,235.0269915,10.69458569,32.05420334,26.33039957,-7.004448727,30.06404597,-23.05944653,6.977808617,-29.93048505,22.95282531,208.7783369,246.7208078,233.4227623,7.190660509,6.17020286,7.773489755,210.1295455,247.5363939,234.8964199,7.1567113,5.671491984,8.280960535,0,-116.721072,130.3074607,-0.07512019327,-120.399325,127.5117201,0.1517078387,-116.6161303,130.5056127,-0.3311494483,-113.0106817,132.5624509,49.97456987,49.9745445,5093.628985,5084.169371,226.6273173,-113.7720676,5.4109589,1
10399,16,24,16,0,1,1,1,1,1,1,1,0,1,1,1,205.5745394,248.8461307,236.5217065,35.05040658,76.0167514,78.96661403,216.0412939,246.1811808,231.7587427,42.90296216,72.65967063,78.6537341,1.391982796,50.46255493,-51.85446941,-1.558000706,-49.73342198,51.29150598,205.0083791,246.0926556,234.3138616,15.34697831,22.49250703,20.40680052,214.7240173,245.9493622,230.8887394,28.5449234,12.82579187,23.68588461,0,-115.6071949,130.2204133,150.0839059,-91.16349702,50.12251307,1.283037775,-117.2201147,132.1730057,-15.36819957,111.8406888,-171.4765937,49.96650068,49.96622127,6682.372905,6702.678726,548.6291676,27.03918918,5.4271189,1
10400,16,24,16,0,1,1,1,1,1,1,1,1,0,1,1,211.560152,248.1349215,230.2341695,9.914360894,10.70728401,14.78563283,214.7889104,249.0061259,229.9720639,15.48373866,4.468182929,14.46429037,-9.13134563,-1.610997684,10.74235718,9.270618891,1.62149111,-10.89209255,211.5005183,248.118124,230.2120511,2.838016064,10.43232081,9.871943301,214.667197,248.9847728,229.8959178,12.10649744,3.752324496,9.223779365,0,-118.734619,129.7772972,27.10811378,-101.1821973,96.63780136,0.4543209723,-119.141001,130.2902606,-6.214012893,-177.4700176,165.281157,49.97552171,49.97557192,4898.839393,4882.623357,146.8723681,-182.6499107,5.5312724,1
10401,16,24,16,0,1,1,1,1,1,1,1,1,1,0,1,204.158602,252.1702988,232.3802936,77.37792042,84.63866402,47.06954174,209.6057077,260.723271,223.6314341,80.53203123,84.65261272,39.09270827,-53.10318121,55.48912053,-2.385890657,53.43793529,-55.50662576,2.068748816,203.9331215,251.0229634,231.1708049,13.65586387,22.79512224,30.17218805,206.2729834,258.0591248,223.0470281,24.69451709,21.43369581,17.044581,0,-117.1428956,128.6772743,-126.2065138,-49.67193106,104.1171584,2.373772134,-118.5930436,128.1661904,26.79177492,162.0067515,-97.85021552,49.9650955,49.96511003,7006.761214,6940.884597,435.4057845,279.1464509,5.5271278,1
10402,16,24,16,0,1,1,1,1,1,1,1,1,1,1,0,202.5970712,255.8059078,234.3380164,5.282476508,17.36482679,18.90319862,204.1817567,258.5564518,233.6679257,13.25753994,17.33854642,15.01193701,-1.334272477,14.20664247,-12.87203606,1.206188295,-13.65047325,12.44461986,200.9066247,254.944696,232.0115161,3.308834118,7.521039483,11.83136353,202.8434763,257.749437,231.4490695,12.53553292,8.533209953,5.464768435,0,-116.6842735,127.5697769,-60.97607568,-73.4159297,112.047168,0.8666528273,-116.8849749,127.6887689,13.36670729,-154.1989414,162.0545449,49.97477443,49.97564128,4976.473454,4929.88821,222.9562141,-175.2535052,5.5796374,1
10403,16,24,16,1,0,1,1,1,1,1,1,1,1,1,1,209.2067837,248.5143334,231.7438968,4.934254445,12.14149563,14.1361831,211.0034981,250.8735069,231.0622602,12.21301009,11.79659918,9.118485019,2.421663546,-9.12206397,6.700482854,-2.439231111,8.979133263,-6.539827275,209.2009192,248.4840638,231.7170159,3.863801609,7.719467428,12.04453518,210.9991293,250.8719898,231.0609828,11.82523869,7.348179629,5.559414694,0,-117.696714,129.7316476,-42.73544538,-81.33603085,112.7473866,0.7346096205,-117.9243531,129.8573463,12.78040194,-156.6550125,168.0298874,49.97566844,49.97563389,4872.843592,4866.708568,169.1112342,-171.0940217,5.5688579,1
10404,16,24,16,1,0,1,1,1,1,0,1,1,1,1,1,208.8843594,246.8354918,233.5491379,10.74289761,32.36031851,26.36396237,210.2539302,247.6376068,235.0151423,10.69449811,32.10127995,26.37514607,7.004251371,-30.11229569,23.10817158,-6.97879156,29.97491776,-22.99600751,208.7750561,246.729894,233.4365392,7.190440792,6.247784806,7.818102313,210.1266562,247.5279568,234.8844479,7.156718745,5.592752843,8.24328836,0,-116.7170935,130.307218,-0.07212202146,-120.2450305,127.0322947,0.1511453905,-116.6173796,130.5069209,-0.3346512754,-113.0752259,133.0411266,49.97455953,49.97454013,5095.106147,5084.872752,224.788452,-111.6597486,5.9069477,1
10405,16,24,16,1,0,1,1,1,1,1,0,1,1,1,1,211.7442011,410.4440738,277.6994763,18.22098185,25.7586079,28.02611447,218.3596584,412.6410321,281.7834854,21.72706838,22.08883191,28.49605346,-1.401191441,-16.91089903,18.31234595,9.426031246,4.628291074,-14.05373262,141.1074569,304.9127111,240.6571185,5.254257991,6.63715097,5.043237132,145.1416875,309.2332555,245.2628325,11.19887112,12.90788846,14.66626317,0,-112.3905467,111.0958194,91.38391579,-50.78758035,170.2076391,0.1770546336,-112.3617758,111.3766952,-28.04135482,-139.4201692,93.82105729,49.95096917,49.96448044,8029.795396,8909.726452,787.6693628,-284.7400974,5.9531306,1
10406,16,24,16,1,0,1,1,1,1,1,1,0,1,1,1,211.5434112,248.167426,230.2175389,9.852244744,10.6988879,14.75957428,214.7569398,249.0396388,229.9419635,15.42847897,4.470885718,14.40310952,9.076586618,1.620641282,-10.6972183,-9.214637289,-1.631097536,10.84574954,211.487143,248.1519387,230.1963297,2.836309758,10.42443586,9.897073059,214.639574,249.0199436,229.8673304,12.08854153,3.757764018,9.19892653,0,-118.7415969,129.76637,26.43313056,-101.1736527,96.71745407,0.4562171381,-119.1475195,130.2776054,-6.077099435,-177.3490787,165.3841564,49.97555097,49.97554882,4896.231376,4883.352388,146.7355071,-182.4403041,5.6250973,1
10407,16,24,16,1,0,1,1,1,1,1,1,1,0,1,1,205.5372903,248.788169,236.5129601,35.12887222,76.27610626,79.20525583,215.9816288,246.0909657,231.6795863,42.94016282,72.90713548,78.85898195,-1.38634849,-50.59564804,51.98210191,1.553376373,49.86157524,-51.4148536,204.9655337,246.0186746,234.2972439,15.2788123,22.61087243,20.43245135,214.6556358,245.8590317,230.8039765,28.46295286,12.93891857,23.613501,0,-115.5935433,130.2297546,149.8932869,-91.14285267,50.51107204,1.283484354,-117.2186203,132.1770052,-15.43433025,111.6513294,-171.1771919,49.96626098,49.96619462,6745.025429,6756.408859,556.5633181,49.70698947,5.5919322,1
10408,16,24,16,1,0,1,1,1,1,1,1,1,1,0,1,202.2676819,256.6819222,233.7538386,4.833748087,20.89977052,21.95331662,204.1521287,259.5879797,233.1390073,14.03600324,20.80757346,18.85085727,0.5809705307,-16.72916182,16.14279714,-0.4850499392,16.10468729,-15.62515134,200.7683956,255.8459767,231.621648,2.988095016,7.751303655,11.76465741,202.972506,258.7165119,230.9738456,13.41698319,8.665995169,6.061969907,0,-116.8906872,127.3525109,-76.47680469,-72.64448341,108.3400859,0.9300838191,-117.110792,127.5324565,12.55149706,-155.8662906,165.7347963,49.97507449,49.97506282,4872.22604,5087.516193,258.5097619,-208.9530141,5.4780607,1
10409,16,24,16,1,0,1,1,1,1,1,1,1,1,1,0,204.3813338,252.2843566,232.5133226,76.68561971,83.62779532,46.20228631,209.7268888,260.7754376,223.7667156,79.81652152,83.66326006,38.05626934,52.72662784,-54.84274634,2.116593529,-53.05537626,54.86001777,-1.804190146,204.1573774,251.1589956,231.3311934,13.41767917,22.78196242,30.06993844,206.4551643,258.1375429,223.2044867,24.42806844,21.49083044,16.80276739,0,-117.1599687,128.6862355,-125.5841929,-49.36916663,104.8385195,2.341463173,-118.6189746,128.1604087,26.82045007,162.3102178,-96.81967122,49.96525628,49.96570496,6787.070134,6856.911282,378.5621432,248.998277,5.484114,1
10410,16,24,16,1,1,0,1,1,1,1,1,1,1,1,1,212.5656134,249.5579466,227.7492187,13.58885847,4.596810133,12.54839505,212.0273747,250.6970898,230.5269378,7.713595615,10.47799849,12.28199818,-6.533034692,-1.974457464,8.507501602,6.357753335,1.978852778,-8.336590195,212.5373201,249.55527,227.727683,11.68540032,3.784952419,9.048735637,212.022708,250.6961839,230.5265451,3.722439772,10.15146487,8.843672649,0,-119.9237938,129.2256738,-10.63153585,-173.2235728,157.3743964,-0.03805668541,-119.3558181,129.0586899,33.92865503,-102.5195647,99.83391761,49.97568796,49.97566722,4869.246228,4859.693233,148.0151987,-189.653006,5.413214,1
10411,16,24,16,1,1,0,1,1,1,0,1,1,1,1,1,213.1861325,248.1827702,230.203482,22.56745734,35.46532934,37.98569794,210.4904068,248.8820661,234.3899256,13.36275626,37.23981076,37.88138246,0.09255122575,-24.94514916,24.8509833,-0.2020160771,25.08234089,-24.88194713,212.9235772,248.1247966,230.0187858,18.44664702,6.760242409,12.58839217,210.3516026,248.1982623,233.7427729,4.375045718,12.64039098,11.42955078,0,-118.9906704,129.8999768,-7.624669931,160.6096764,175.1582146,-0.5695134311,-118.133384,129.4001812,147.9970966,-87.08166367,77.70722041,49.97586311,49.97144509,4820.431211,5442.496424,61.37665458,-45.00337484,5.3749408,1
10412,16,24,16,1,1,0,1,1,1,1,0,1,1,1,1,213.7212492,246.883241,229.3930899,15.7142649,4.156094246,14.49549555,213.0434538,248.0832552,232.4577624,10.50286104,11.05352971,14.4696868,-9.588767472,-1.179416616,10.76840319,9.304690987,1.139396666,-10.44383636,213.4924305,246.8123851,229.2844306,11.96003962,3.65158534,9.162420172,212.9044376,248.0285383,232.4177187,3.58867662,10.88052373,9.500788375,0,-119.2285393,130.1425319,-10.67789118,174.4333885,162.7097538,-0.06967997781,-118.58592,129.9515246,36.49407075,-101.2884307,98.36022161,49.97562919,49.97533612,4879.440367,4934.779892,166.2976783,-207.115948,5.1125079,1
10413,16,24,16,1,1,0,1,1,1,1,1,0,1,1,1,290.2532298,264.0599958,357.7605123,33.34780399,25.95102103,29.50777754,292.0688503,266.0225504,359.7820178,32.67982491,25.70465419,27.317712,-6.351989579,-2.859579784,9.21116084,-0.4951869128,-4.368026093,4.863042029,245.6972559,179.6452337,276.9974711,7.904176838,4.348197727,10.63258218,247.4272845,181.0935152,278.773649,8.985884892,4.896957716,8.422828155,0,-100.6192228,150.5705748,-1.568955947,-78.20121408,152.4253752,0.1831134322,-100.6246347,150.600198,1.016437939,-120.6932634,147.6764354,49.93322369,49.97398296,9702.14253,8815.232844,548.761046,259.5821706,5.0461869,1
10414,16,24,16,1,1,0,1,1,1,1,1,1,0,1,1,214.4630643,249.4950423,226.1346893,28.37247931,9.387689934,34.64450109,215.8144287,250.5181313,227.4433874,28.32809998,9.347750548,34.36399051,-25.55405792,-6.259843328,31.81405373,25.39947449,6.226782216,-31.62610678,214.2936328,249.3930754,226.0206248,7.155088378,5.984956642,7.971668481,215.6210748,250.411085,227.304784,7.590414665,5.963238402,7.579533445,0,-120.9285438,129.2006931,-3.387994841,-120.8534661,125.9675083,0.1994518362,-120.8334552,129.368743,2.822009877,-121.2817707,132.1847308,49.97442721,49.97438888,5123.461168,5113.381384,180.4452809,-160.8443782,5.3512279,1
10415,16,24,16,1,1,0,1,1,1,1,1,1,1,0,1,218.5449434,244.939378,228.9204176,78.19841733,36.05634651,74.87739694,212.2591023,254.8859949,225.9241122,77.0047935,42.36891791,70.14892406,-51.54130306,2.275167906,49.26622176,50.85308685,-2.493918112,-48.35907562,215.9493115,244.414082,226.4595968,21.27710089,16.05338677,24.77676216,211.2679889,253.7203133,225.7748689,21.91613104,26.92872334,11.06090958,0,-120.3530604,130.7052029,-72.39488367,29.78314287,147.8792021,1.831136496,-119.3583513,129.0336265,67.90813494,-137.4762189,-6.415837672,49.9666824,49.9666271,6660.325493,6664.5188,503.1561732,9.562181462,5.2034245,1
10416,16,24,16,1,1,0,1,1,1,1,1,1,1,1,0,210.3376694,251.5419171,227.7376312,16.10139202,10.57684967,13.77280651,209.4582627,254.8375875,228.6137504,15.03943601,15.72699225,4.886477438,11.84638002,-9.816822011,-2.02953788,-11.97325237,9.933406895,2.039865374,210.3170341,251.4934541,227.7246355,10.45532337,1.972160435,13.45391073,209.370066,254.7178663,228.5916566,8.576008159,11.6876358,3.886541207,0,-119.6940834,128.6078461,-36.31748659,-45.68111576,140.8827234,0.5385316128,-119.3285443,128.1267688,45.84603159,-129.0406852,78.79308788,49.97560353,49.97560059,4885.553187,4873.022145,146.6217586,-182.0317697,5.0820626,1
10417,16,24,16,1,1,1,0,1,1,1,1,1,1,1,1,212.5586611,249.5567824,227.7463825,13.5623391,4.599421039,12.53049137,212.0291244,250.6961254,230.5270152,7.708278129,10.47449248,12.28146741,6.530484814,1.97773319,-8.508198769,-6.355618986,-1.98267606,8.338314665,212.5305414,249.5541311,227.7250211,11.66311606,3.78433501,9.02973376,212.0244974,250.6952223,230.5266347,3.736366904,10.14635142,8.848086072,0,-119.9231784,129.2247697,-10.61931618,-173.1383547,157.3312494,-0.03788195743,-119.3557443,129.0593,33.66517637,-102.532797,99.96001769,49.97568735,49.97566851,4870.935797,4857.963368,149.1096386,-190.8192324,5.5437715,1
10418,16,24,16,1,1,1,0,1,1,0,1,1,1,1,1,214.4272883,246.3650019,230.1584188,16.21326627,4.435829305,14.94164581,213.5885573,247.5108862,233.0572699,10.7581673,10.9782844,14.55942175,9.629185985,1.313074974,-10.94231857,-9.320641683,-1.257196762,10.57778673,213.9635782,246.1649155,229.9838353,12.24753055,3.711212954,9.42140497,213.2730003,247.3608054,232.9715515,3.413068669,10.71382537,9.294198396,0,-119.004258,130.4309236,-10.61121945,176.6990513,162.0858357,-0.05582988733,-118.367167,130.2305209,39.5795761,-100.7813483,97.75713962,49.97570523,49.97514966,4883.35878,4956.571165,148.3764774,-190.8132042,5.4144494,1
10419,16,24,16,1,1,1,0,1,1,1,0,1,1,1,1,214.7397031,244.5175473,230.925112,43.63500372,73.88755685,80.08228202,206.886647,249.0807405,238.8081467,35.38684978,76.56794046,79.51965855,1.643981419,50.41567772,-52.05957934,-1.380834185,-50.68280202,52.06371759,213.5003909,244.3286134,230.0117758,28.93466899,13.41194653,23.49824223,206.2643317,246.3829585,236.3482069,15.61919438,22.81018721,19.90033236,0,-118.513336,130.8142627,-17.67430939,111.3538594,-172.9919397,-0.9327055581,-116.6525177,129.1944807,146.5994863,-91.55554135,49.11801854,49.96611288,49.96604471,6781.847036,6772.538581,372.5821697,204.6101959,5.6454131,1
10420,16,24,16,1,1,1,0,1,1,1,1,0,1,1,1,214.4829348,249.4942908,226.1478009,28.39999852,9.385350453,34.66546051,215.8049978,250.5196142,227.4389478,28.32430631,9.347975765,34.36236732,25.56177349,6.258141324,-31.81976115,-25.40749347,-6.228037055,31.63568811,214.312836,249.3932051,226.0344261,7.215402607,5.98288844,8.019746458,215.6126274,250.4128993,227.3010985,7.53312192,5.965323614,7.528594069,0,-120.9280025,129.2046699,-3.518545297,-120.8758144,126.2332069,0.200089255,-120.8326021,129.3673994,2.995453999,-121.2579282,131.9476891,49.97442275,49.97439559,5121.45292,5112.812091,177.8293339,-158.4210449,5.6355015,1
10421,16,24,16,1,1,1,0,1,1,1,1,1,0,1,1,290.4163445,265.5390713,358.1239096,23.43661135,13.48413088,23.35211221,293.4590534,270.4669882,360.8358691,22.92637247,16.95949989,19.12889838,18.11494465,-0.3493572208,-17.76634143,-11.07084734,7.749757756,3.320366787,244.0524555,180.4778399,272.936918,4.365501805,3.759312167,7.018992449,248.4136387,183.5512637,277.5598058,14.63751375,9.008114186,14.69920255,0,-101.9619866,150.001429,53.24890324,-19.35167733,-165.2538809,0.3515887651,-101.8138124,150.1467594,-13.9190063,-126.4691194,130.1623429,49.95238054,49.95577681,9401.691759,8970.919786,945.6747628,-219.2088959,5.5071636,1
10422,16,24,16,1,1,1,0,1,1,1,1,1,1,0,1,210.3407232,251.5394359,227.7375624,16.0893836,10.54131219,13.77890098,209.4510684,254.8195252,228.6103692,14.99098734,15.68460395,4.876301871,-11.81283662,9.789901092,2.022919764,11.9396851,-9.906422577,-2.033272105,210.3199876,251.4906878,227.724468,10.48314879,1.957453394,13.46244452,209.3634022,254.7001626,228.5882953,8.548371991,11.66121104,3.881632328,0,-119.6943781,128.6087618,-36.18661055,-46.50151576,140.8791947,0.5350385969,-119.3292413,128.1270996,46.00674518,-128.9530226,78.68869931,49.97559275,49.97561175,4885.940485,4872.999345,145.7635927,-181.261721,5.2317965,1
10423,16,24,16,1,1,1,0,1,1,1,1,1,1,1,0,218.4976867,245.0430755,228.9226275,77.6927262,35.87454629,74.31206425,212.3364084,254.9978144,226.0389083,76.55420553,42.23673629,69.62572009,51.30145948,-2.323647175,-48.97777826,-50.61668031,2.538965524,48.07782519,215.9285414,244.5212324,226.4863346,21.09781365,16.11842085,24.49352264,211.354531,253.8446111,225.8898589,21.90736831,27.00881168,10.8278796,0,-120.3512651,130.6837691,-72.93620087,29.97623787,147.9897129,1.835249138,-119.350703,129.0348646,67.20594203,-137.3892666,-5.515278625,49.96699563,49.96674353,6578.220261,6580.912854,493.9054917,-21.97893164,5.3767034,1
10424,16,24,16,1,1,1,1,0,1,1,1,1,1,1,1,207.6398284,253.4669943,228.0291909,14.11713487,14.49794891,5.386919884,210.7040027,252.3044295,230.0033974,14.66074003,9.610797455,13.33243179,11.09917219,-8.54184986,-2.557322172,-10.90014109,8.365044334,2.535086579,207.5938459,253.4108223,228.0236968,8.109356049,11.04906816,4.1699125,210.7016942,252.2974952,230.0028823,9.27599105,2.78843228,12.90084297,0,-119.354523,127.8462757,37.113293,-132.3825374,85.31731892,-0.1755495928,-119.4330574,128.579827,-32.28943544,-58.25962309,140.4365397,49.97567042,49.97564322,4873.242051,4864.044402,159.3177541,-182.2130113,5.4657928,1
10425,16,24,16,1,1,1,1,0,1,0,1,1,1,1,1,207.9987186,259.6696509,223.1649241,78.94992962,82.65143474,37.33035705,205.4880889,253.0002802,234.4848381,74.92964841,81.85420831,44.95933749,52.43595495,-54.22958944,1.793666297,-51.53402394,53.70628451,-2.172211475,205.1671871,256.935173,222.654789,24.20918608,21.63901405,16.19105655,205.2966126,251.8965129,233.3115918,12.71067023,22.70368746,29.24823345,0,-121.0688516,125.874285,23.31510559,160.2132127,-98.85856059,-1.971452318,-119.4317956,126.7127941,-129.634088,-51.58507256,103.0770471,49.96622446,49.96556658,6754.356025,6729.116346,531.1280222,28.19532264,5.4344523,1
10426,16,24,16,1,1,1,1,0,1,1,0,1,1,1,1,204.9193022,254.5490147,230.94749,13.14674247,15.80201162,12.92286531,205.6276965,253.6273262,234.6767866,4.015967054,15.66162247,17.43772822,-1.113376486,12.40242853,-11.2913731,1.172051356,-12.7045792,11.52980126,204.6049455,254.3431532,230.3873614,12.89283095,8.914052284,5.001794234,205.1788052,253.3143975,233.937379,3.148563843,8.217843415,12.400388,0,-117.9374797,127.7449086,12.04784574,-160.5752299,166.7911015,-0.5280611187,-117.4812931,128.0064613,-62.49925722,-70.80452076,112.8705495,49.97547296,49.97551086,4933.005717,4874.956292,141.7840371,-132.9872759,5.5181471,1
10427,16,24,16,1,1,1,1,0,1,1,1,0,1,1,1,210.8311969,254.5262434,224.3326993,80.39900328,44.24552145,73.28348662,219.9314359,246.228738,230.4449477,80.58097028,37.68921407,77.05444482,53.25031996,-2.748874743,-50.50137501,-53.28945179,2.499410209,50.79013113,209.7912799,253.2135969,224.1873915,22.01844666,27.6378059,11.64829828,217.0645554,245.5756617,227.7555075,20.86810757,16.69592979,25.05263216,0,-121.2582889,127.4011052,65.3929941,-140.4761207,-7.513912388,-1.544780221,-122.0344233,129.4319732,-74.98750126,26.21881444,146.878476,49.96601758,49.96594859,6808.645908,6787.283663,354.8729236,184.1708563,5.6290578,1
10428,16,24,16,1,1,1,1,0,1,1,1,1,0,1,1,208.8000201,254.6071252,226.2224931,15.35865347,15.93812583,4.960596884,212.023868,253.2669232,228.2444731,15.90046683,11.18412837,13.66399152,12.55801327,-10.54697766,-2.010983607,-12.23393376,10.30881998,1.925155883,208.6728096,254.3533124,226.1437169,8.319188063,11.41406718,3.932697197,211.9811396,253.1212443,228.1908901,9.690973644,2.712331713,13.34400133,0,-120.3699431,127.4588646,40.1549878,-133.3288675,77.56666361,-0.199317055,-120.4681659,128.2487103,-34.06049268,-52.75263548,140.4786998,49.97559583,49.97558451,4888.745464,4875.07278,154.1611546,-201.1236949,5.6611524,1
10429,16,24,16,1,1,1,1,0,1,1,1,1,1,0,1,334.3609453,326.9514785,258.311302,25.65269668,26.50550648,20.74666635,335.9092544,328.4027723,261.317618,21.16779811,25.32251537,20.39711984,11.24492254,-7.331758015,-3.914380387,3.048866382,2.957872494,-6.007921191,245.1760871,284.252731,177.7174172,10.6493297,6.848796189,6.314014923,246.6393482,285.64944,179.7676959,6.472615581,6.779024009,6.923544188,0,-143.9186057,121.287995,7.655120858,-145.5890141,144.6194823,0.008212044923,-143.7392384,121.2389559,-13.29201945,-142.4474225,99.67550731,49.94204511,49.96911256,9127.419376,8628.74258,-181.4647894,-624.4736963,5.5712962,1
10430,16,24,16,1,1,1,1,0,1,1,1,1,1,1,0,205.1307801,256.1253719,227.2954933,41.98562379,34.38031027,11.71364101,206.2827923,257.0793106,228.7788034,41.648525,34.30155971,11.61333038,38.6781382,-31.14936613,-7.528637123,-38.45738138,31.00525198,7.452268739,204.8978137,255.877578,227.1491876,7.359033951,5.933945867,7.83223454,206.0105942,256.8491144,228.6242119,6.738480321,6.351602228,7.777946704,0,-119.3892749,126.9170987,-3.212773376,-123.5669734,127.0174528,0.1584067983,-119.2495464,127.0659184,3.07619093,-115.7313438,126.4075868,49.97390077,49.97387616,5224.852374,5219.283592,237.2868463,-98.42072363,5.5152315,1
10431,16,24,16,1,1,1,1,1,0,1,1,1,1,1,1,207.6530049,253.4930333,228.0265529,14.19188314,14.57506192,5.393760189,210.7014973,252.3070789,229.999318,14.67418697,9.679110849,13.32891951,-11.11417585,8.551880396,2.562286924,10.91439243,-8.374965089,-2.539417534,207.6061834,253.4357423,228.0209572,8.160391788,11.09364114,4.172980529,210.6991782,252.3000528,229.9987759,9.230387022,2.808873444,12.8954633,0,-119.3618375,127.8410256,36.898981,-132.5606306,85.36917403,-0.1806787222,-119.439961,128.5741371,-32.51908171,-57.22500529,140.4319477,49.97566664,49.97564541,4874.720948,4863.232602,158.1430234,-181.0572565,5.6722117,1
10432,16,24,16,1,1,1,1,1,0,0,1,1,1,1,1,204.9496725,254.0400817,230.7938053,12.856483,15.46084549,12.30803744,205.7370704,253.1952443,234.694597,4.193597199,15.35457463,17.14901588,1.362481168,-12.21681255,10.8543826,-1.431171802,12.50395672,-11.0726545,204.6326538,253.8700655,230.2747922,12.57774599,8.882276889,4.702411716,205.2944502,252.8987543,233.9619715,3.262359717,8.266779522,12.52755996,0,-117.932108,127.8081663,12.11510428,-160.9759515,166.1434799,-0.5296749499,-117.4618815,128.0779045,-57.18379814,-70.90346115,114.1936076,49.97531258,49.97572232,4939.402724,4857.001326,160.6728267,-151.7324411,5.7628295,1
10433,16,24,16,1,1,1,1,1,0,1,0,1,1,1,1,207.8824493,259.5762573,223.0284302,79.59495813,83.58291473,38.29150633,205.3003457,252.8979052,234.5036551,75.55560655,82.80618542,45.8285974,-52.8062719,54.89981602,-2.093511944,51.89753498,-54.37815739,2.480658824,205.0065276,256.7992131,222.4985434,24.40220316,21.75238084,16.50242292,205.1087751,251.7474921,233.2781661,12.88918545,22.90032371,29.49675066,0,-121.0696792,125.8618892,23.30297811,159.7012494,-99.17837215,-1.998402991,-119.4131058,126.6933979,-130.0770807,-51.8323331,102.6739437,49.96563572,49.96536307,6849.609959,6922.44346,573.9460916,62.17094722,5.1467515,1
10434,16,24,16,1,1,1,1,1,0,1,1,0,1,1,1,208.792707,254.6113188,226.2226788,15.41059801,15.98175947,4.975424107,212.0116157,253.2652664,228.2359136,15.93184197,11.22240361,13.65407829,-12.60256193,10.58095305,2.021642618,12.27785168,-10.3425826,-1.935237771,208.6645185,254.3532779,226.1417903,8.337006837,11.43338833,3.941446362,211.9686987,253.1169049,228.1809629,9.67850407,2.705814577,13.3308881,0,-120.3689154,127.4577602,40.10399338,-133.3109668,77.71014425,-0.199576652,-120.4682322,128.2472261,-34.15204302,-52.35980675,140.4916311,49.97560564,49.97557228,4886.14004,4878.561519,152.4590061,-199.4989764,5.6328582,1
10435,16,24,16,1,1,1,1,1,0,1,1,1,0,1,1,211.0580812,254.7861218,224.9744361,75.55331754,41.79268575,68.65288795,219.4141834,246.9315244,230.3017506,75.60201066,35.02248353,72.24059102,-50.3274082,2.635613456,47.6915824,50.37083226,-2.40499785,-47.96590607,210.1400224,253.6357729,224.8368483,21.0467137,27.04939326,10.28128022,216.8219973,246.3535538,227.8831877,19.4406314,16.0092233,23.31530657,0,-121.1582958,127.4520441,62.57768218,-139.5278975,-1.211465522,-1.452507163,-121.9301002,129.334115,-75.42607293,27.17272705,147.8289183,49.96818788,49.96676784,6094.467231,6580.51481,216.1990215,128.2537489,5.4984132,1
10436,16,24,16,1,1,1,1,1,0,1,1,1,1,0,1,205.133112,256.0964519,227.2993046,41.86910682,34.26209262,11.71413007,206.2912845,257.0644101,228.7826061,41.54292323,34.19416559,11.61253194,-38.57699137,31.04619895,7.530932745,38.35661264,-30.90548586,-7.451001876,204.9024169,255.851219,227.1540286,7.330106605,5.904335521,7.833530664,206.0202938,256.8355527,228.6285888,6.769586033,6.377634925,7.776965506,0,-119.3845795,126.9246671,-3.353511318,-123.4004002,127.017641,0.1619821555,-119.2444825,127.0736307,3.202956079,-115.9100503,126.4225743,49.97390642,49.97388893,5225.399138,5214.846894,238.5491955,-100.0904797,5.2142081,1
10437,16,24,16,1,1,1,1,1,0,1,1,1,1,1,0,334.4371328,326.5971654,258.7780918,22.66310181,21.69886979,15.48312658,336.5421225,328.7017241,261.8786896,18.5863701,21.31280049,16.5080068,-14.88068407,12.2837646,2.596471025,0.4599225193,-7.860207782,7.39975431,243.3689488,283.2844259,177.865349,6.913019213,4.662419218,5.76167273,246.8609309,286.183874,179.947362,11.5072011,10.75625401,8.405543395,0,-143.5818778,121.1326518,31.92573903,-99.49480612,158.1609681,0.1615716929,-143.5230793,121.2549494,-18.75400831,-161.2914228,96.51182406,49.94616748,49.96538038,8898.906041,8821.057457,-78.16990938,-753.9268855,4.2280947,1
