run_id,R_a,R_b,R_c,DG1_PWM1,DG1_PWM2,DG1_PWM3,DG1_PWM4,DG1_PWM5,DG1_PWM6,DG2_PWM1,DG2_PWM2,DG2_PWM3,DG2_PWM4,DG2_PWM5,DG2_PWM6,V1_a,V1_b,V1_c,I1_a,I1_b,I1_c,V2_a,V2_b,V2_c,I2_a,I2_b,I2_c,I1mean_a,I1mean_b,I1mean_c,I2mean_a,I2mean_b,I2mean_c,V1f_a,V1f_b,V1f_c,I1f_a,I1f_b,I1f_c,V2f_a,V2f_b,V2f_c,I2f_a,I2f_b,I2f_c,V1ang_a,V1ang_b,V1ang_c,I1ang_a,I1ang_b,I1ang_c,V2ang_a,V2ang_b,V2ang_c,I2ang_a,I2ang_b,I2ang_c,f1,f2,P1,P2,Q1,Q2,wall_s,ok
99,32,24,96,1,1,1,1,1,1,1,1,1,1,1,1,256.8133399,184.1429782,254.7951593,5.060454169,4.559407227,1.804348993,257.5234233,184.7216612,254.978346,4.573861912,4.301715324,2.449711767,0.008700663182,-0.0002779578018,-0.008612119156,-0.008391426115,-0.0009804556077,0.009177046492,256.7986815,184.1475789,254.8063618,5.059873219,4.559081669,1.803535695,257.5087385,184.7263292,254.9895589,4.573279235,4.301456783,2.449163989,0,-128.1374572,102.3214187,1.406737123,-133.6383976,98.86039117,0.04316260986,-128.0139109,102.3629151,-1.79967916,-122.5838513,104.8090807,49.9870352,49.98703757,2596.503583,2588.763719,-22.30186021,-160.0973152,20.7048592,1
100,32,24,96,1,1,1,1,1,1,0,1,1,1,1,1,256.5032455,183.5768357,255.5898699,8.778935977,10.97702618,6.808259938,257.3967638,182.4502339,256.8592782,4.283609631,9.232543553,9.188104795,1.514702624,-7.740350732,6.225457426,-1.507393925,7.765224187,-6.258024393,256.4880492,183.5808852,255.5973216,8.519596242,7.618737997,2.326695217,257.379995,182.4367864,256.8495573,3.726200115,4.733063907,6.562337632,0,-127.9568369,102.5322411,22.4187832,-160.7319681,-65.60587903,-0.3584196025,-127.6857396,102.8870009,-61.9956935,-67.85458084,106.7826386,49.98695738,49.986959,2610.838532,2605.683406,-27.0622351,-162.7446803,4.8739996,1
101,32,24,96,1,1,1,1,1,1,1,0,1,1,1,1,256.5083807,183.5815298,255.578427,8.7814517,10.99174216,6.82490184,257.4007162,182.4549895,256.8517164,4.281507004,9.245512069,9.202097589,-1.51020899,7.746864895,-6.236849291,1.503508601,-7.774472103,6.270759859,256.4932031,183.585587,255.5858743,8.522341836,7.628640738,2.33170513,257.3839126,182.4413419,256.8418144,3.724042679,4.73952951,6.566267685,0,-127.9602492,102.5310458,22.40528406,-160.7790471,-65.44586156,-0.3587704131,-127.6881454,102.8859687,-62.03246702,-67.74428893,106.8440947,49.98695772,49.98695722,2611.958692,2604.722342,-26.79955403,-162.9958703,4.5077757,1
102,32,24,96,1,1,1,1,1,1,1,1,0,1,1,1,257.3156486,184.1275211,254.2212759,5.888828389,7.740238739,8.341171311,259.465763,184.782863,252.9278209,9.733972738,3.414060028,7.722341577,5.245933238,1.518738252,-6.76485681,-5.288000436,-1.497757125,6.785574354,257.2998354,184.1307245,254.2315671,2.363311452,7.474950801,4.759972804,259.4396846,184.7849924,252.9263238,8.075191436,2.769677495,3.527447303,0,-128.2730706,102.4660101,42.29595411,-111.4396306,56.72016219,0.1821572073,-128.6417418,102.6143264,-11.41309198,178.8523284,177.6031884,49.98692066,49.98693015,2618.404584,2611.151573,-23.2598974,-161.0746529,4.4486465,1
103,32,24,96,1,1,1,1,1,1,1,1,1,0,1,1,257.3156597,184.1342914,254.2178354,5.928018145,7.745750583,8.369881797,259.4643412,184.7857916,252.9189888,9.748997861,3.408063027,7.750178382,-5.279220429,-1.516630954,6.795642611,5.32174175,1.493165086,-6.815103931,257.2998157,184.1374745,254.228134,2.370403712,7.481879045,4.76164833,259.4381549,184.7880301,252.9174148,8.066426722,2.765527904,3.522533538,0,-128.2739748,102.4640125,42.15914243,-111.4565333,56.79876321,0.1822687843,-128.6435378,102.6122604,-11.42979077,178.7355765,177.6819794,49.98692612,49.98692339,2617.207292,2612.611538,-24.03520079,-160.2251,5.0267143,1
104,32,24,96,1,1,1,1,1,1,1,1,1,1,0,1,256.6411848,184.5283109,254.8680042,9.066727506,4.784871101,4.593601978,256.0758359,186.1014419,255.6416978,7.511965671,8.8119929,3.618609832,-5.895026005,4.50932494,1.385491773,5.927722728,-4.550433722,-1.377495459,256.6260897,184.531684,254.8781674,6.811316313,1.377001723,4.224702984,256.0514551,186.0953843,255.6513768,4.499019701,7.502960904,3.140169582,0,-128.1281573,102.0792035,-25.27840326,-139.529162,145.4024018,0.1612097442,-127.7059536,101.8346117,39.99651565,-126.0678681,34.14626204,49.98695473,49.98696628,2611.738273,2603.76851,-32.97873123,-170.083102,4.4543951,1
105,32,24,96,1,1,1,1,1,1,1,1,1,1,1,0,256.6384828,184.5309828,254.8678693,9.056376708,4.785324728,4.592129396,256.0792661,186.1073787,255.6386189,7.5214935,8.819581328,3.619438661,5.899983669,-4.513795745,-1.386365372,-5.932435904,4.552559674,1.379689833,256.6233637,184.5343705,254.8780521,6.793614789,1.367210081,4.222495717,256.0548289,186.1013272,255.6482837,4.508778979,7.509760714,3.140291093,0,-128.1279285,102.0773009,-25.2999378,-138.9948046,145.4142501,0.1620591782,-127.7068073,101.833163,39.80674347,-126.1799648,34.18827787,49.98696238,49.9869588,2610.619103,2604.77557,-32.69660147,-170.3672551,4.6867774,1
106,32,24,96,0,1,1,1,1,1,1,1,1,1,1,1,256.5620529,181.5810737,257.0870321,4.41606134,9.785467616,9.474834387,257.1147926,183.9868869,256.0638841,8.618596256,11.25745278,7.349541149,-1.644396857,8.536877975,-6.89266902,1.623133121,-8.464920364,6.841604163,256.5439798,181.56992,257.0647892,3.752937175,4.392784438,6.236331667,257.0997805,183.9904718,256.0672785,8.304674619,7.179618852,1.96666313,0,-127.4375995,103.2662229,-58.65289272,-72.49177317,104.9533161,0.4781393331,-127.4840929,102.9746901,22.73095423,-157.6840815,-70.96837856,49.98696204,49.98695374,2612.026062,2604.653459,-25.02151091,-164.1737176,4.45915,1
107,32,24,96,0,1,1,1,1,1,0,1,1,1,1,1,303.5573757,292.3252307,350.2635385,9.829336137,16.01284025,14.7879238,306.1649649,293.8035369,351.138323,11.2684938,13.94694735,14.68437817,-1.500410881,10.20158867,-8.702720298,-4.978901776,-1.657682384,6.63487383,213.8373812,211.2801927,298.3058967,3.428886868,4.048397671,2.790820281,215.526411,213.8421111,300.076615,5.781029682,8.465764992,6.242032267,0,-117.7956229,87.74270238,38.82630168,-63.37573893,-169.09927,0.0162460372,-117.7357273,87.79664918,-21.98126067,-140.8213973,61.91719794,49.97683512,49.97439886,4330.05463,5406.662121,-387.8756853,-919.1206082,4.1722397,1
108,32,24,96,0,1,1,1,1,1,1,0,1,1,1,1,256.7297385,178.0415187,259.4134171,8.016111571,40.9145318,35.14078191,257.471086,178.7615002,259.4635511,7.947206608,40.78903665,35.11593725,-5.052754214,38.03585819,-32.98323031,4.992494414,-37.93871869,32.94607815,256.5645334,177.8133057,259.1583868,4.826610272,4.346684707,2.051905617,257.3064078,178.4539307,259.2643234,4.794248619,4.178857503,2.279346851,0,-126.8679472,104.7519885,0.2241321732,-129.4592153,100.1840965,0.06557510271,-126.7623675,104.781544,-0.4416696552,-124.4542245,108.7864348,49.98511202,49.98507914,2981.72217,2978.353222,43.73150223,-93.72709699,4.2364531,1
109,32,24,96,0,1,1,1,1,1,1,1,0,1,1,1,252.9973143,182.1302008,261.9617606,25.24680965,58.03753208,60.46116933,260.1915908,180.8560521,256.2610055,30.0553227,56.10088342,60.0791383,0.6669056618,39.24759804,-39.9147851,-0.8780329443,-38.88987126,39.76763966,252.6939357,180.4720702,260.1223917,11.51902231,15.62476757,14.54209094,259.6990276,180.7193115,255.6205233,19.7616635,8.87547961,14.18213288,0,-126.0665709,103.23018,139.446192,-99.35578704,26.82613981,0.487616248,-127.5900375,104.054566,-22.1959474,107.285598,-170.3332372,49.9810768,49.98258422,3736.336046,3340.938826,197.15778,-120.5084963,4.3212343,1
110,32,24,96,0,1,1,1,1,1,1,1,1,0,1,1,258.3230502,180.3694354,257.0767281,14.22027033,8.404609312,15.24656785,260.9715103,181.1417873,256.0300293,16.48928032,4.226769251,15.13228124,-11.68903142,-1.095439213,12.78362281,11.79580956,1.094779,-12.89138994,257.6979994,179.8391814,256.8442418,2.639669323,7.711802853,4.698638497,260.075245,180.4093944,255.5984466,8.419715734,2.617434225,3.910837753,0,-127.581878,104.2441078,54.27182041,-110.5679155,52.83252951,0.1558365155,-128.0034714,104.4360869,-14.8029745,170.8446086,174.2104593,49.98722071,49.98627818,2540.814811,2755.741535,-11.33695979,-137.106906,4.5232985,1
111,32,24,96,0,1,1,1,1,1,1,1,1,1,0,1,254.36129,183.9962934,258.2329294,52.00249048,55.5073599,26.81601698,257.0958167,189.8499553,253.2145334,53.94211802,55.74435763,24.36752582,-36.14355943,37.30292606,-1.158843673,36.28324951,-37.38818785,1.105427366,254.2888284,183.5710049,257.6278614,7.741333353,13.38662945,16.25898929,255.8514608,188.1103281,252.8264833,15.51305918,13.00284614,12.08435408,0,-126.9162385,102.0741666,-127.2745077,-59.26001712,91.77207351,1.147183909,-127.9783391,101.2803212,23.57030838,159.9681794,-91.69377052,49.98252388,49.98227565,3427.951353,3503.083495,25.12240599,0.6749074719,4.3004778,1
112,32,24,96,0,1,1,1,1,1,1,1,1,1,1,0,256.4856976,181.5843468,257.1897317,4.386004768,9.972780817,9.698317869,257.0459617,183.9982456,256.1380788,8.654774411,11.39352114,7.598011011,-1.595707363,8.677555869,-7.081978482,1.572417106,-8.601972839,7.029428746,256.4675847,181.5715356,257.1645604,3.744352305,4.44633936,6.295177648,257.0309225,184.0016822,256.1411258,8.354592053,7.174965897,2.021018266,0,-127.4046384,103.2523624,-59.44357125,-72.468863,104.5119612,0.4827892203,-127.4572505,102.9592083,22.73265857,-158.0772082,-72.42259285,49.9869514,49.98695625,2614.294559,2604.426593,-25.77093346,-164.3833304,4.3342975,1
113,32,24,96,1,0,1,1,1,1,1,1,1,1,1,1,256.5626349,181.5862684,257.0811919,4.417507267,9.777326959,9.464177147,257.1153722,183.9899182,256.0608434,8.617922474,11.25708019,7.340957188,1.64449515,-8.52930437,6.88461455,-1.622845128,8.454971241,-6.832312358,256.5444979,181.5751184,257.0590542,3.751852023,4.38630378,6.227952068,257.1003457,183.993498,256.0642525,8.302774705,7.186119773,1.958915624,0,-127.439472,103.2643268,-58.62094521,-72.41751453,105.0193522,0.4775415285,-127.485371,102.9732996,22.72108191,-157.6373613,-70.73819352,49.98696811,49.98694784,2611.417471,2605.425525,-24.97438376,-164.2030329,4.5120735,1
114,32,24,96,1,0,1,1,1,1,0,1,1,1,1,1,256.7320913,178.0281072,259.4121938,8.021070989,40.91023792,35.1348029,257.4766335,178.7618642,259.4620886,7.948609764,40.77903262,35.10718219,5.052372494,-38.02715019,32.97477369,-4.991833549,37.92866868,-32.93684656,256.5692181,177.8035551,259.1583165,4.829263646,4.375503427,2.077547106,257.3079953,178.4489646,259.2629313,4.791656118,4.149938812,2.25744226,0,-126.8684533,104.7536563,0.1391423424,-129.4723463,99.59463873,0.06722244505,-126.7614092,104.782751,-0.3552209754,-124.4054399,109.4223444,49.9850868,49.98511236,2984.318605,2975.649907,43.64631621,-93.71209765,4.2876656,1
115,32,24,96,1,0,1,1,1,1,1,0,1,1,1,1,303.1543924,292.177362,350.2256183,8.230508383,14.33357783,12.94248238,305.8883009,293.6468723,351.0647735,10.55019309,12.64041976,13.0033971,1.219085527,-9.991296919,8.77059385,5.260125654,1.426048909,-6.687816694,213.5029239,210.7206726,297.8987075,3.071163703,3.796083973,2.796006415,215.2709486,213.3891303,299.6794474,6.098386019,8.964409071,6.515190248,0,-117.7473065,87.83767901,41.9932847,-56.18129901,-161.4077464,0.05501758675,-117.6507081,87.92026098,-19.81036271,-139.7201928,64.17271069,49.97654341,49.97480548,4258.800113,5470.962433,-392.5271773,-912.8421223,4.1223012,1
116,32,24,96,1,0,1,1,1,1,1,1,0,1,1,1,257.4494851,183.0002292,254.8779059,8.456215429,8.091880608,10.41947747,259.8546694,183.5803891,253.4696296,11.84019916,3.113106346,9.967078694,7.752990728,0.9862959792,-8.739538039,-7.804412601,-0.9784877262,8.7826482,257.4295863,182.9996938,254.8794369,2.369209818,7.941315528,5.147623569,259.8065301,183.5793521,253.4377195,8.573056005,2.693091885,4.074950441,0,-128.0968229,102.9476412,55.92362243,-110.7469445,52.62921968,0.1802945433,-128.5329435,103.1325718,-13.28043554,168.1725479,179.4749479,49.98687496,49.98691532,2628.734377,2613.477449,-14.6048969,-160.0517082,4.3320516,1
117,32,24,96,1,0,1,1,1,1,1,1,1,0,1,1,252.145263,182.0813249,262.905759,28.82931956,64.6775444,67.45116114,260.0746613,180.0911954,256.208806,33.43834416,62.5911954,67.0451432,-0.8522241459,-43.36221168,44.21437886,1.091614156,42.96164106,-44.053316,251.7445062,180.0297135,260.6808594,13.10865793,17.44486566,16.23943195,259.458031,179.9257115,255.4077195,21.17284468,10.40977525,15.89098615,0,-125.7521473,103.2562058,138.3121843,-100.3561552,25.84664116,0.5303357825,-127.5065353,104.2006891,-24.23002389,101.0706666,-169.497331,49.98029754,49.98043021,3930.375955,3878.70914,244.8044975,-19.14413708,4.1997214,1
118,32,24,96,1,0,1,1,1,1,1,1,1,1,0,1,256.4865873,181.5947462,257.1907501,4.404149476,9.970755833,9.673731292,257.0448178,183.9941857,256.1345843,8.630889233,11.42307001,7.583268623,1.624510925,-8.656352026,7.031405529,-1.600600594,8.577742995,-6.977607129,256.4683013,181.5814139,257.1651416,3.742554303,4.432460393,6.267681248,257.029698,183.9976744,256.1376408,8.319689626,7.21709909,1.998499128,0,-127.4051335,103.2558906,-58.9000862,-71.93911211,105.1883498,0.4803125391,-127.4599805,102.9631595,22.68499536,-157.9915244,-70.26968744,49.98698157,49.98692294,2606.949949,2612.643466,-28.12647519,-161.7919198,4.3587638,1
119,32,24,96,1,0,1,1,1,1,1,1,1,1,1,0,254.531478,183.9497136,258.0588843,50.22000659,53.05882877,24.80724823,257.229759,189.7449271,253.3379957,52.18586446,53.42087917,22.32151801,34.93494489,-35.49306519,0.5565945869,-35.0685391,35.57632233,-0.5093108266,254.4620563,183.560684,257.5136498,7.436286653,13.0341433,15.31978531,256.0736103,188.1232126,253.000142,15.28776598,13.19432509,11.11402637,0,-126.9758315,102.145532,-127.8076686,-56.12365623,93.95527142,1.113631606,-127.9857329,101.3789527,22.76925269,163.3739543,-89.01816034,49.98341424,49.98216813,3214.331326,3530.446691,0.5472633234,-7.706154629,4.2443403,1
120,32,24,96,1,1,0,1,1,1,1,1,1,1,1,1,258.4977897,183.9902032,253.0053909,9.543475443,3.535854921,7.246350241,257.7890916,184.7623215,254.4706464,5.584768891,7.749799539,7.8875574,-4.882243394,-1.498592503,6.380627433,4.828480313,1.520723038,-6.349405511,258.4757929,183.9923693,253.0024825,8.09555356,2.964019693,3.322934124,257.7741304,184.7644736,254.4802356,2.490756669,7.504377559,4.597501989,0,-128.7834519,102.6245989,-12.65172369,176.3703887,176.4736781,-0.03238940741,-128.2021726,102.512705,44.48125262,-109.9301444,58.53928001,49.98693609,49.98693114,2616.26275,2610.241882,-16.17910007,-155.6539954,4.3364311,1
121,32,24,96,1,1,0,1,1,1,0,1,1,1,1,1,258.4461719,180.2013967,255.9615197,31.52286383,61.31574383,65.00548453,252.430241,183.7362714,262.5798996,26.67176567,63.04701643,65.33636663,-0.658393379,-42.18676043,42.84545408,0.5398590561,42.3756649,-42.9152287,257.9340579,180.0514223,255.3620701,20.3325643,10.37200472,14.91828996,252.0992627,181.3904322,260.7833073,12.11431165,17.13568442,15.47570782,0,-128.1324196,103.8390191,-23.56332506,103.489918,-167.210283,-0.3974298118,-126.213197,103.0305582,138.2580236,-99.55566961,28.9056355,49.98128555,49.98072536,3628.738915,3804.75346,121.0670707,60.87569125,4.3988156,1
122,32,24,96,1,1,0,1,1,1,1,0,1,1,1,1,259.0392651,181.3528638,254.586722,15.89519659,3.3093549,14.33232437,258.05441,182.2156284,256.1534665,13.6505056,8.512995371,14.65937632,-9.692219092,-0.7889533489,10.48246923,9.583913716,0.8052412489,-10.38788886,258.6805774,181.1229198,254.3615973,8.26735702,2.700567904,3.837416346,257.8479444,182.054522,256.0873255,2.667494371,8.292958399,5.198412037,0,-128.412061,103.7411445,-14.68611653,158.669738,-176.5530237,-0.02241539364,-127.7296952,103.6109779,50.83361737,-110.2244052,57.04569716,49.98689462,49.98662722,2643.062413,2646.825562,7.002891277,-148.8095417,4.3935986,1
123,32,24,96,1,1,0,1,1,1,1,1,0,1,1,1,292.9491789,182.474089,450.5222206,11.71867927,5.057281013,11.49265508,294.3171407,184.0220154,450.2713502,11.26265596,6.555322472,9.988421781,-5.805490891,-1.359833092,7.160064177,4.868553191,-2.926228721,-1.946844903,260.9011053,119.0085448,308.7701227,5.169115962,2.135919487,2.347562802,262.4035502,119.7194303,309.7761355,5.575250871,3.75744795,4.82604586,0,-113.9868882,125.6872233,25.15124531,-94.68223624,-165.5903885,-0.03221940498,-113.9281445,125.7180383,-23.4443015,-125.0263285,98.69458132,49.97585641,49.98273356,3535.096855,4776.927288,200.9458137,-164.2041089,4.1692509,1
124,32,24,96,1,1,0,1,1,1,1,1,1,0,1,1,260.0389408,184.858239,250.4460327,20.46555616,6.932708405,24.71117364,260.7855486,185.6217108,250.4808345,20.48223088,6.93035992,24.67018355,-18.96635827,-4.603928499,23.57010548,18.93967049,4.609178402,-23.54903322,259.9735142,184.7875006,250.3954075,4.77947852,4.42929665,2.211573431,260.7058932,185.5400876,250.4395038,4.97253829,4.423599679,1.969048789,0,-129.513889,102.6243705,-1.770907836,-129.6129647,99.23964417,0.08467266918,-129.4168309,102.6359709,1.502594858,-129.6912348,106.3232876,49.98620099,49.98619052,2762.418712,2759.708384,13.80167041,-124.7800397,4.213414,1
125,32,24,96,1,1,0,1,1,1,1,1,1,1,0,1,261.4409147,181.2381019,253.0035581,59.90294574,23.9061661,58.27204755,257.653141,188.1239933,251.7800565,59.82545576,28.81610028,57.38524695,-38.97241848,-0.2249557872,39.19749089,38.78055449,0.2289833105,-39.0093868,260.2670065,180.8188118,251.1563102,14.27494162,11.20666851,13.91916781,257.3026772,187.3801677,251.5969183,15.87092516,19.34582026,11.02053218,0,-129.1889623,103.9297771,-80.27140517,22.82370158,142.9860714,1.15050329,-128.1734551,102.7314712,62.66846602,-144.8162303,-22.9780597,49.98137197,49.9817106,3712.132391,3608.930264,212.9464958,-43.70358072,4.4306592,1
126,32,24,96,1,1,0,1,1,1,1,1,1,1,1,0,256.8283113,184.7232187,254.5282383,9.623934537,5.60797695,4.749238778,256.1639974,186.3872223,255.3276381,8.118251948,9.535769746,3.644929724,6.520824505,-5.428668375,-1.092336431,-6.561326842,5.47427668,1.086858157,256.8126836,184.7263994,254.5381724,6.982347691,1.123401185,4.489239179,256.1361213,186.3762594,255.3374245,4.640175924,7.760684529,3.300959809,0,-128.2346177,102.0286975,-27.08945577,-139.762829,146.1517781,0.1745741198,-127.792846,101.7583711,42.97634424,-126.5854076,30.12223868,49.98693584,49.98693275,2616.735709,2609.306467,-33.98325759,-170.1193186,4.3699241,1
127,32,24,96,1,1,1,0,1,1,1,1,1,1,1,1,258.5008603,183.9879211,253.0060458,9.558054779,3.533223213,7.266165064,257.789887,184.7577026,254.4728738,5.612242728,7.752044544,7.905826764,4.908241305,1.495439411,-6.403886908,-4.853988142,-1.520134884,6.373923682,258.4788127,183.9901739,253.0031085,8.094963991,2.965329405,3.320185568,257.7749401,184.7598436,254.4824527,2.495556038,7.508433208,4.595789893,0,-128.7836176,102.6260163,-12.6893332,176.2782431,176.4663868,-0.03313461355,-128.2021858,102.5139546,44.53387945,-109.9101612,58.56815989,49.98693246,49.98693496,2617.56906,2608.925367,-15.55917406,-156.2431063,4.3009681,1
128,32,24,96,1,1,1,0,1,1,0,1,1,1,1,1,259.8219015,180.5616914,255.8704205,19.07191856,3.856643586,17.6088704,258.5017528,181.3399036,257.1083412,17.03466801,8.722622216,17.70684925,11.28111554,0.9251075286,-12.20725783,-11.14618019,-0.9367814431,12.08198852,258.9358137,179.891941,255.3852675,8.509241472,2.67654255,3.987076617,257.9509362,180.8607177,256.9271123,2.90614552,8.254391944,4.930245663,0,-128.1775616,104.3269238,-16.97010934,158.5403556,177.4807405,0.01771451591,-127.4861317,104.1667945,57.74935734,-110.0299577,53.45896588,49.9870024,49.98619414,2677.010173,2677.595777,1.121573489,-126.770848,4.2299165,1
129,32,24,96,1,1,1,0,1,1,1,0,1,1,1,1,258.5280325,179.758977,255.9957463,34.61464772,64.3846279,68.86399768,251.7644543,183.6461951,262.8676191,29.82979642,66.15084956,69.14648491,1.016558379,44.1570586,-45.17364855,-0.8838738649,-44.35785212,45.24167126,257.9032059,179.5924657,255.2971634,21.86010731,11.07682858,16.18978566,251.3758897,181.0640409,260.9214547,13.73700351,17.90907333,16.52726992,0,-128.1205431,103.981001,-25.0137295,101.5605569,-169.5042483,-0.4072331439,-126.0939827,103.0437551,138.0779272,-99.72575996,25.54252038,49.98007433,49.97989056,3958.23453,4002.57883,149.6882114,146.6121141,4.3239409,1
130,32,24,96,1,1,1,0,1,1,1,1,0,1,1,1,260.0422625,184.8607536,250.4500928,20.46509481,6.931873256,24.70625132,260.7760421,185.6251767,250.4806086,20.47235482,6.931984758,24.66221358,18.96140998,4.602413343,-23.56399006,-18.9341183,-4.609878027,23.54383578,259.9766535,184.7900177,250.3993487,4.798902855,4.427422158,2.227836974,260.6971156,185.5427667,250.4390834,4.954054358,4.425592662,1.951043914,0,-129.5133779,102.6238678,-1.955402878,-129.6367826,99.65799945,0.08517903586,-129.4161745,102.632959,1.693928371,-129.6662853,105.9044272,49.98620054,49.98619166,2762.684309,2758.27191,12.8261972,-124.1780374,4.349271,1
131,32,24,96,1,1,1,0,1,1,1,1,1,0,1,1,292.6307966,179.3393677,445.9729779,25.5644996,16.97952843,20.37477858,289.2605555,173.7067481,445.2466088,24.05423218,14.19772519,21.93428047,-19.9937649,7.855092238,12.13892034,20.92251921,-3.789548837,-17.13245956,261.3594935,116.6498094,317.3077083,14.2583161,9.796926198,13.62160612,257.5030753,113.7975888,312.6023628,8.804808747,6.15934952,9.648987984,0,-111.262863,126.5547736,-37.56686533,-146.7204183,93.43577925,0.1595781996,-111.1728802,126.4466296,100.196959,2.076105998,-103.8104875,49.97768338,49.98047056,4234.983191,4124.068513,-476.5654521,575.0211071,4.0808745,1
132,32,24,96,1,1,1,0,1,1,1,1,1,1,0,1,256.8382442,184.7207261,254.5307232,9.651729308,5.67266494,4.761127194,256.1746026,186.3902063,255.3287852,8.148508924,9.569077095,3.642688006,-6.542132592,5.460980827,1.080919081,6.583441522,-5.509541793,-1.074144361,256.8225814,184.7238351,254.540654,6.984181226,1.126262123,4.505829535,256.1464413,186.3786866,255.3386167,4.637568976,7.754267572,3.303950406,0,-128.2351157,102.0326427,-27.06971817,-138.9274659,146.0935292,0.174578175,-127.7951694,101.7606713,42.9842981,-126.7000133,29.8307766,49.98694342,49.98692348,2614.763117,2611.815231,-35.47874411,-168.4710782,4.287778,1
133,32,24,96,1,1,1,0,1,1,1,1,1,1,1,0,260.7001941,182.0822282,252.7966845,50.38720081,19.23477283,49.07076791,257.8227294,187.9194022,252.4867199,50.36129778,24.36661958,48.31462763,33.1738195,0.2372044921,-33.40930371,-33.00210256,-0.2429757447,33.24664761,259.8358214,181.7681941,251.4321223,11.68882706,8.975988839,11.3131336,257.5826479,187.411464,252.3504345,13.27587374,17.25540577,8.729879876,0,-129.1373092,103.4916967,-76.01058907,24.17404733,146.0907021,0.9149523445,-128.1917638,102.538317,58.84216524,-142.5108338,-14.73970202,49.98252806,49.98390835,3431.949771,3107.120269,147.8664124,-134.4768551,4.2926494,1
134,32,24,96,1,1,1,1,0,1,1,1,1,1,1,1,255.6121913,185.1919497,255.5111028,7.145799127,8.470217292,3.462704651,257.4986287,184.9743479,255.0621841,8.340640725,4.259030525,4.706690827,5.308727585,-4.019886649,-1.289000779,-5.248387995,3.95294546,1.29527044,255.5896868,185.18879,255.521154,4.689586151,7.431894551,3.045027951,257.4835281,184.9780806,255.0725285,6.41372785,1.467710838,4.407201219,0,-127.8654048,101.7598305,35.69798345,-130.450426,29.68409952,-0.03784411329,-128.0329179,102.0449363,-25.45458682,-116.1825364,142.9460135,49.98697513,49.98698124,2608.500487,2600.078093,-35.3746615,-173.4098849,4.3627957,1
135,32,24,96,1,1,1,1,0,1,0,1,1,1,1,1,255.880226,187.9197682,253.4983741,42.82217316,43.94420538,17.99318362,255.7188743,184.7434504,257.3179477,40.85618244,43.27432688,20.52202513,29.16393214,-29.79464569,0.6312669776,-28.8521617,29.51101139,-0.6581164692,255.005251,186.9090869,253.2623684,12.80755731,10.63732444,9.073428368,255.6471298,184.5208339,256.9859839,6.082065698,10.14672039,13.29559193,0,-128.5169217,100.8433368,26.50957241,169.6645002,-86.12497702,-0.7883552347,-127.6354619,101.5704398,-108.0937716,-60.960302,96.1868936,49.98382127,49.98458085,3166.293575,3002.822143,64.8503408,-152.0648446,4.2886823,1
136,32,24,96,1,1,1,1,0,1,1,0,1,1,1,1,256.4108234,183.5318491,255.732061,8.786433135,11.56738778,7.809915335,257.2666761,182.4469662,257.0214944,4.25372971,10.00610365,9.935545732,-1.551403731,8.19531595,-6.644119862,1.548738808,-8.23001189,6.68106431,256.3954521,183.5354648,255.7380076,8.500955005,7.545986025,2.252598158,257.2490971,182.4236979,257.0014723,3.62775309,4.764688967,6.497837658,0,-127.9119065,102.5326037,21.75228838,-160.954417,-66.91436206,-0.3542592534,-127.6327954,102.8777826,-61.59644898,-68.68424667,106.241763,49.98692514,49.9869542,2618.003522,2606.417675,-26.26325618,-163.5237123,4.2057994,1
137,32,24,96,1,1,1,1,0,1,1,1,0,1,1,1,257.5870017,187.1094775,251.3801382,56.92685735,27.1106325,54.64719895,262.7372903,182.1575865,252.501004,56.7788465,21.98144438,55.42223142,36.73160874,0.4178209037,-37.14923878,-36.77752721,-0.4856797727,37.26340988,257.2505571,186.5763132,251.2508428,14.95519132,18.63174622,10.60808374,261.5389363,181.7983198,250.946318,13.44417272,10.39765402,13.4165101,0,-129.0653214,101.6013736,61.44981692,-145.6182808,-22.23805344,-0.9261394255,-129.8256955,102.7760483,-79.0440565,20.77921674,142.8403045,49.9823687,49.98183284,3475.645478,3609.885709,62.54351806,34.66990835,4.1785961,1
138,32,24,96,1,1,1,1,0,1,1,1,1,0,1,1,255.9888414,185.8475829,254.7948299,9.394729594,10.85921228,3.587361966,258.009636,185.4309034,254.3236757,10.31931362,7.489566076,5.09175112,7.054691192,-6.262552909,-0.7929420515,-6.956870811,6.158334579,0.7976946836,255.9475438,185.8191273,254.80254,4.945111053,7.84174613,3.320089665,257.9919287,185.4312041,254.3312401,6.649754783,1.174607715,4.907093435,0,-128.0998926,101.5950924,40.02480183,-132.000308,21.77415733,-0.06437109936,-128.2877994,101.9302828,-28.77988318,-103.2513246,143.451863,49.98687726,49.98691452,2628.990962,2615.661276,-28.35745673,-181.5986393,4.2285451,1
139,32,24,96,1,1,1,1,0,1,1,1,1,1,0,1,382.9488494,272.0062902,263.9156939,18.93783443,20.42375182,15.06596125,384.0669974,273.0846283,265.6485223,16.28650691,18.82046318,15.54831997,7.181311019,-7.88571235,0.7028813754,0.8268233224,2.581705773,-3.409962857,300.8434494,219.8842654,173.4687072,7.389433649,5.20444352,1.906656578,302.131732,221.1088071,174.7377993,4.843332541,5.338873281,4.028874521,0,-148.7355892,99.81669589,17.95598057,-150.335751,-147.9326898,-0.04351730716,-148.5216867,99.88657295,-28.40879176,-147.3678233,73.83114685,49.96732692,49.97987226,5760.721766,4864.051457,756.2087866,377.0729176,4.1778504,1
140,32,24,96,1,1,1,1,0,1,1,1,1,1,1,0,253.1714134,186.2691383,257.8741618,28.79221894,24.69155154,5.032521423,253.8254261,187.0248369,258.0000003,28.68114577,24.63881636,5.040521832,26.99151479,-23.34750102,-3.644150454,-26.912463,23.26673447,3.645585207,253.0931372,186.1670555,257.8088831,4.836006155,4.381010781,2.140455384,253.7483236,186.8986804,257.9369582,4.657981259,4.54280672,2.156409019,0,-127.1202697,100.9009454,-1.833916437,-129.3059692,101.1614855,0.07251517905,-127.0007881,100.9124299,1.686565405,-125.2717554,100.5464261,49.98603829,49.98602566,2796.805231,2791.82575,-41.13056967,-177.620326,4.2849717,1
141,32,24,96,1,1,1,1,1,0,1,1,1,1,1,1,255.6166173,185.1866812,255.5114703,7.102612289,8.431711337,3.466246171,257.5014494,184.9733141,255.0622387,8.309708901,4.203473999,4.701691476,-5.25902579,3.956544201,1.302288086,5.199551453,-3.892659713,-1.307088377,255.5942422,185.1836243,255.5214887,4.679805499,7.422123168,3.042763666,257.4863665,184.9770289,255.0726063,6.413581679,1.475374129,4.397537687,0,-127.8655216,101.7631212,35.62820465,-130.3988507,29.86669176,-0.03726782164,-128.03304,102.0472731,-25.35277653,-116.5260073,142.9706578,49.98697697,49.98698076,2608.143766,2600.099889,-35.34943559,-173.2819766,4.3412883,1
142,32,24,96,1,1,1,1,1,0,0,1,1,1,1,1,256.4098196,183.5226709,255.740677,8.797433146,11.48375173,7.675789493,257.2733395,182.4253067,257.0303863,4.251658063,9.905211552,9.841807099,1.522074098,-8.177847556,6.65558558,-1.518575505,8.209499828,-6.691112571,256.3944879,183.5263926,255.7468845,8.523931059,7.548731977,2.277827002,257.2559666,182.4037451,257.0121229,3.652887084,4.76249813,6.52543428,0,-127.9098076,102.5363631,21.93870103,-160.9380297,-67.42990164,-0.3569516131,-127.6326934,102.8835506,-62.00362239,-68.64249378,106.0924098,49.98694853,49.98693869,2612.93211,2609.71551,-27.48059685,-162.3769773,4.2771978,1
143,32,24,96,1,1,1,1,1,0,1,0,1,1,1,1,256.5253547,189.2664185,252.5851418,51.30961619,52.65672593,22.11467907,255.2448621,185.001919,257.4579951,48.96895381,51.93226604,24.59227348,-34.33875751,34.89189044,-0.5535343515,33.98218332,-34.56761013,0.5850170595,255.3418978,187.8656038,252.2799797,15.42195255,13.52659797,11.1829675,255.1609903,184.6552285,256.9622171,7.470691615,13.23001181,15.37161116,0,-128.8567104,100.5279847,21.60990855,162.5040164,-89.17910983,-0.9835928835,-127.646958,101.3375602,-129.5877349,-56.45685741,93.57409615,49.9825171,49.98328113,3476.843803,3269.28567,128.7744619,-119.9338938,4.1627227,1
144,32,24,96,1,1,1,1,1,0,1,1,0,1,1,1,255.7813325,185.6481517,254.9939164,8.259600324,9.779740524,3.577977082,257.8222082,185.2984952,254.4956882,9.404233847,5.894580053,4.975019585,-6.455713964,5.621121121,0.8343967241,6.371393303,-5.533198194,-0.838395851,255.7507439,185.6354938,255.003533,4.854124715,7.816808268,3.325777497,257.8056357,185.3014396,254.5051302,6.698479128,1.128179591,4.796327604,0,-128.0190693,101.6154874,40.30449929,-130.8392945,24.12233431,-0.05633269077,-128.2188745,101.9393124,-28.15367734,-110.2400969,144.3208601,49.98694287,49.98692127,2615.958858,2611.045438,-35.85282044,-175.3230154,4.2963314,1
145,32,24,96,1,1,1,1,1,0,1,1,1,0,1,1,257.2863061,186.2111534,253.1692604,32.58039596,15.85579436,31.83803436,260.4272969,184.0825837,252.4362953,32.70120542,10.1625931,32.24548002,-21.68374639,-0.723953197,22.40935108,21.73003072,0.7541229323,-22.48225871,257.1884082,186.0689547,253.1296225,8.19158505,12.71325044,5.811127472,259.9782745,183.9386627,251.8626385,8.025414783,4.034445386,7.31537084,0,-128.6131097,101.7428763,52.39718145,-135.8402977,9.538795631,-0.3124867454,-129.1868191,102.3244795,-54.35979496,29.03728206,154.4645666,49.98611418,49.98469963,2737.696538,2967.316988,-55.48267122,-87.03466417,4.1680432,1
146,32,24,96,1,1,1,1,1,0,1,1,1,1,0,1,253.1568787,186.274445,257.8854237,28.89396287,24.79474602,5.03436646,253.8102411,187.0271786,258.0113938,28.78272732,24.74145386,5.038327488,-27.0889331,23.44560781,3.643170933,27.00997325,-23.3664159,-3.643713213,253.0792319,186.171718,257.8207723,4.836179566,4.38161214,2.145147803,253.731706,186.9000385,257.9472122,4.657911172,4.542926662,2.151849823,0,-127.1160996,100.8972072,-1.95773145,-129.403578,100.9633842,0.07235462759,-126.9964561,100.908707,1.814849205,-125.169356,100.7350831,49.98602762,49.98601529,2799.114182,2792.762926,-40.60519324,-178.1657636,4.1190438,1
147,32,24,96,1,1,1,1,1,0,1,1,1,1,1,0,383.0450814,271.2817324,262.5568648,25.26448989,29.56081118,21.63149512,384.0369201,272.025124,262.3896977,22.75519618,28.08608039,21.6162027,-10.00346557,10.07873386,-0.04622724708,2.150934924,-4.836375524,2.715064589,303.572777,219.55295,173.4201913,6.866002444,5.286865757,2.785911673,305.7898394,221.181513,173.3104139,6.901923936,7.077090619,3.806211732,0,-149.1115635,100.4238117,34.07119374,-112.1787703,-175.3633647,-0.02324332404,-149.3401493,100.470546,-34.09081159,-176.1495981,53.66884523,49.9554572,49.99106745,5671.098751,5032.71708,657.9432602,488.0999258,4.1662199,1
295,32,24,32,1,1,1,1,1,1,1,1,1,1,1,1,243.8596708,217.3852009,227.9442045,4.53142049,5.33431424,4.226922762,244.5640435,218.1812579,228.5346609,4.613520226,5.084841676,4.334717859,0.00654807052,-0.01735152441,0.01074957073,-0.006583152978,0.01671727194,-0.01018308141,243.8530259,217.38784,227.9478544,4.530992646,5.334129482,4.22666179,244.5573856,218.1839215,228.5383071,4.613098121,5.084663725,4.334456713,0,-118.8936755,114.8062119,-0.4508303594,-120.8363247,111.3123046,0.07430388774,-118.7936717,114.8979435,0.2352226694,-117.1412733,118.0148277,49.98386895,49.98387361,3230.250512,3221.038403,96.25809937,-100.8325039,4.226463,1
296,32,24,32,1,1,1,1,1,1,0,1,1,1,1,1,243.6199076,217.0056904,228.6461157,8.215340166,10.92058841,6.262900495,244.4764071,216.2461676,230.6012124,4.137303147,9.638051619,10.45712602,1.616239063,-7.65946317,6.043180883,-1.601787612,7.697434401,-6.095690322,243.6125042,217.0076143,228.6470301,7.918926367,7.643517478,0.4150578146,244.4676787,216.2312053,230.5849732,3.517799733,5.610469753,8.345373434,0,-118.6302557,115.0181324,22.1153151,-150.7209554,168.51711,-0.3407015338,-118.3299551,115.3821645,-59.11653394,-72.57255033,112.7429342,49.98377429,49.98375697,3249.718804,3243.778961,87.81679587,-107.8903161,4.4135415,1
297,32,24,32,1,1,1,1,1,1,1,0,1,1,1,1,243.6249492,217.010498,228.6356592,8.217562767,10.89207135,6.204196624,244.4799415,216.2518771,230.5947848,4.133491379,9.593399399,10.42351988,-1.614784528,7.605201933,-5.990474446,1.600387359,-7.644334367,6.043890227,243.617582,217.0124118,228.6365363,7.921937058,7.660611045,0.4018692864,244.4712538,216.2370926,230.5787672,3.514771881,5.613198669,8.347011082,0,-118.6342115,115.0160044,22.09582905,-150.7705912,167.5681695,-0.3407187605,-118.3325443,115.3802638,-59.15593294,-72.39457329,112.8414378,49.98376014,49.98377255,3251.004553,3242.122199,88.29868278,-108.4339586,4.2573916,1
298,32,24,32,1,1,1,1,1,1,1,1,0,1,1,1,244.5733617,217.1940634,227.4274205,6.508650733,9.142123261,10.57999896,246.8193648,217.9847567,226.4077748,10.75383201,4.034280116,9.498191626,6.114938446,1.725439478,-7.84042768,-6.16868722,-1.706639271,7.875277518,244.5645238,217.1953753,227.4302342,1.352887021,8.846225985,6.936767982,246.7936212,217.9844841,226.3930789,8.627372867,3.316523261,5.085689583,0,-119.0519958,114.921133,61.67890838,-101.8132917,78.13299826,0.2791148427,-119.4268697,115.1901707,-7.944535468,-172.7656877,169.4686242,49.98374538,49.98376218,3253.475815,3244.777206,91.08572675,-104.3625411,4.2588471,1
299,32,24,32,1,1,1,1,1,1,1,1,1,0,1,1,244.5727264,217.1916818,227.4267077,6.529290355,9.141890235,10.59377326,246.8194629,217.9844711,226.4079371,10.76581465,4.039648631,9.515289039,-6.134501598,-1.727919861,7.862370529,6.188371901,1.707644234,-7.896067325,244.5638821,217.1929899,227.4295252,1.354957654,8.844322056,6.932822093,246.7935875,217.9842542,226.3932449,8.62683602,3.318726394,5.083510873,0,-119.0517721,114.9217184,61.68801739,-101.8017584,78.15084309,0.2795463162,-119.4263125,115.1908407,-7.95772546,-172.7450905,169.425551,49.98374739,49.98375881,3253.62447,3244.942603,91.21901909,-104.3874112,4.1933604,1
300,32,24,32,1,1,1,1,1,1,1,1,1,1,0,1,243.5399421,217.9696161,227.8291554,9.902873766,6.145658361,7.628600938,242.7962937,220.2213709,228.6098592,9.053437406,10.58701384,3.861490964,-7.237277639,5.62788842,1.609339365,7.27354745,-5.683260046,-1.590332538,243.5328348,217.9702946,227.8314544,6.642974583,1.989599595,7.323267458,242.7747961,220.2076673,228.6112207,5.244810164,8.811956395,3.224053044,0,-118.9957969,114.513363,-34.6745382,-88.092768,136.0009905,0.2595706251,-118.6851686,114.1842296,45.92006662,-125.7035818,57.07317253,49.98375425,49.98375535,3253.026525,3244.756327,88.44853238,-107.2167442,4.3132508,1
301,32,24,32,1,1,1,1,1,1,1,1,1,1,1,0,243.5361261,217.9707608,227.8312706,9.891695924,6.131491304,7.623728182,242.7944505,220.220599,228.6134788,9.042479872,10.57936673,3.869854131,7.227179851,-5.612115063,-1.615113454,-7.263337948,5.666207692,1.597078559,243.5290472,217.9714512,227.833559,6.638425824,1.987874396,7.315745905,242.7730084,220.2069243,228.6148305,5.241533947,8.812323754,3.228744677,0,-118.994998,114.512711,-34.64012263,-88.14016361,136.0261134,0.2591808071,-118.6842776,114.1843124,45.86467986,-125.6872975,57.19402543,49.98375376,49.98375608,3252.700361,3245.040422,88.65078587,-107.4313323,4.2632962,1
302,32,24,32,0,1,1,1,1,1,1,1,1,1,1,1,243.7168795,215.508008,230.0142849,4.119419871,9.439794646,10.23314198,244.2687616,217.8171237,229.2834774,8.205420147,10.43430579,6.119408463,-1.591495944,7.540638705,-5.949184693,1.590932029,-7.450194961,5.859215382,243.7083192,215.4958706,229.9978355,3.508876007,5.508282349,8.188689588,244.2616939,217.8192462,229.283855,7.918701438,7.175515598,0.9413645185,0,-118.0600239,115.6866412,-58.99290971,-77.1472925,109.7293945,0.4793043784,-118.1544585,115.5118667,22.35053154,-148.5131701,176.0048649,49.9837719,49.98378003,3249.693184,3239.737419,87.9335338,-110.2332528,4.4322255,1
303,32,24,32,0,1,1,1,1,1,0,1,1,1,1,1,271.529441,341.7143823,311.1989041,16.37580332,20.06603139,21.61700993,274.2259483,342.999398,312.6418168,16.88994552,16.47808591,20.70066048,-1.272028919,13.26879632,-11.9975417,-4.606649223,-3.4589809,8.064643112,185.8421964,256.1709583,263.7972555,3.451072068,5.887838386,4.873385665,187.5885102,258.7145427,266.0306161,5.466962953,9.656193301,8.572206747,0,-112.7917427,98.29380496,50.16006548,-62.69756012,158.0858207,-0.06452773376,-112.8719349,98.29297979,-29.17175827,-140.9023652,68.74591185,49.96437632,49.97452463,5788.928636,6415.046983,237.1794712,-342.6846379,4.4137163,1
304,32,24,32,0,1,1,1,1,1,1,0,1,1,1,1,244.2271145,212.9349322,231.9474644,7.57093061,33.9222192,28.4319352,244.9351042,213.7103587,232.5663383,7.541173607,33.75722482,28.37694028,-5.080776443,31.59570806,-26.51495076,5.054144726,-31.48458111,26.4304165,244.1176775,212.8149974,231.7907899,4.582832739,5.259780813,4.244310104,244.8237892,213.5692294,232.4138431,4.571194036,4.944569591,4.460928988,0,-117.2361602,116.9186122,0.1268880962,-119.8834659,113.4365541,0.06772282133,-117.1332791,117.0134613,-0.3411551914,-114.7072246,120.0380465,49.9825089,49.98252694,3500.473288,3492.842769,121.4199939,-74.54312835,4.6046524,1
305,32,24,32,0,1,1,1,1,1,1,1,0,1,1,1,239.7089506,216.2407579,235.1797643,29.09919343,63.69503812,66.4123948,247.6506244,214.275054,229.5609415,33.9124144,61.03116145,65.76405464,1.210765641,42.52052786,-43.73130974,-1.366991503,-42.02247912,43.38944862,239.3316741,214.3615062,233.1895777,13.51287538,18.53041594,16.8745179,246.9240893,214.1643223,228.8920164,21.74572312,9.999739529,17.03127872,0,-116.456593,115.8744283,148.6965226,-93.48553716,39.85841561,0.753190591,-117.9370406,117.1426822,-18.72617536,110.8313477,-169.7642806,49.9771479,49.97763146,4547.424261,4371.958806,350.8969241,-8.82031612,4.6200372,1
306,32,24,32,0,1,1,1,1,1,1,1,1,0,1,1,244.7848406,216.5377367,227.8435633,8.446803336,9.382628173,11.91893096,247.2179383,217.2821915,226.7725689,12.26366697,3.84985866,11.06924983,-7.771159015,-1.383781165,9.154824002,7.835536161,1.376319018,-9.211972197,244.7717392,216.5373255,227.8420833,1.505665389,9.154682953,7.045447642,247.1707344,217.2803222,226.7379959,8.956555031,3.253650635,5.399472167,0,-118.8684523,115.2382595,76.17114602,-101.3786706,75.99727565,0.2826837307,-119.2796715,115.5381849,-9.399687034,-178.4258808,170.6805139,49.98374792,49.98368291,3253.809512,3262.724743,88.22447997,-102.492938,4.7750796,1
307,32,24,32,0,1,1,1,1,1,1,1,1,1,0,1,240.7376759,218.1262872,231.3133376,54.2628001,57.80092888,29.07846794,243.0184735,223.7691683,225.9884029,55.97471303,57.80779999,24.05123613,-37.67772881,38.44786116,-0.770055793,37.84436473,-38.50996528,0.6656874535,240.6224855,217.7026276,230.718428,8.856411235,14.63727983,19.52922501,241.4892681,222.2347182,225.6231145,15.45531454,13.39810335,11.37122301,0,-117.8362885,114.5100576,-119.492681,-56.37696056,100.2392927,1.279744113,-118.8435416,113.7556057,30.11487355,167.3395561,-90.13229668,49.97937365,49.97842472,3993.819212,4228.717232,134.3146709,73.83778547,4.4455076,1
308,32,24,32,0,1,1,1,1,1,1,1,1,1,1,0,243.2033001,215.723273,230.3884903,4.017936394,10.32294714,11.16168108,243.7776043,218.1076805,229.5619874,8.382501109,11.22537299,7.282035573,-1.335084115,8.431475008,-7.096434821,1.326104963,-8.316159302,6.990006725,243.1942811,215.7014801,230.3591595,3.508228937,5.676877488,8.416550993,243.7699329,218.1081675,229.5606872,8.154056677,7.319284456,0.9299881662,0,-117.9382468,115.5838077,-63.14532637,-75.07253469,109.2645126,0.5040367899,-118.0513567,115.3978072,22.61101106,-150.061495,-170.5129148,49.98375221,49.98374019,3254.311043,3247.165545,86.65297307,-111.7373497,4.634131,1
309,32,24,32,1,0,1,1,1,1,1,1,1,1,1,1,243.7205831,215.5095934,230.0093352,4.124087134,9.411773445,10.20336204,244.2721514,217.815467,229.2812915,8.199213708,10.42669031,6.085408174,1.600022877,-7.513782513,5.913686195,-1.599586528,7.422361675,-5.822845073,243.711903,215.4974832,229.9929027,3.507605026,5.496567551,8.175428087,244.2650002,217.8176153,229.2816847,7.909313362,7.191636416,0.9252793426,0,-118.0618226,115.6865406,-58.83280951,-77.01273032,109.8950038,0.4780764388,-118.1561964,115.5118336,22.3297976,-148.4597347,174.6719161,49.98378488,49.9837681,3247.638807,3241.61388,87.65516332,-109.905408,4.611514,1
310,32,24,32,1,0,1,1,1,1,0,1,1,1,1,1,244.2254971,212.9278979,231.9486627,7.571693646,34.01430961,28.52357592,244.9330561,213.7080448,232.5781943,7.541667917,33.85659546,28.47338518,5.081154735,-31.68350188,26.60232334,-5.054282753,31.57145271,-26.517206,244.1153092,212.8076613,231.7917152,4.582939644,5.234677493,4.227090756,244.8214634,213.5664022,232.4245667,4.571005895,4.969441658,4.476082093,0,-117.2346368,116.9208815,0.1368002827,-119.9054357,113.6984864,0.06755971933,-117.1295907,117.0159258,-0.3512699711,-114.7052994,119.7717918,49.98251357,49.98250072,3501.120465,3495.113874,122.2217886,-75.18249439,4.4359997,1
311,32,24,32,1,0,1,1,1,1,1,0,1,1,1,1,268.974916,341.0083412,310.8699597,11.74092536,17.92403888,17.96040773,272.4893307,342.8781692,312.853815,13.76246456,15.16518249,17.80821417,0.1416087918,-12.83001478,12.68780839,5.702566589,3.015602164,-8.719035329,184.1930478,255.1195589,263.4677669,3.063407784,4.538363193,2.930082556,186.3850268,258.4628445,266.5205511,6.674805379,10.29763401,9.737116711,0,-112.5384169,98.32438574,72.35448352,-58.23663119,176.459085,0.05731102151,-112.4239277,98.50608082,-26.01437384,-133.6221919,81.16346306,49.96611638,49.97310639,6298.136697,5896.611901,337.5015536,-437.6671188,4.0828292,1
312,32,24,32,1,0,1,1,1,1,1,1,0,1,1,1,244.7955125,216.582177,227.7934912,7.903491276,9.353041912,11.59111284,247.1526083,217.3324947,226.6863089,11.83057702,3.845133292,10.59556275,7.468791586,1.409264376,-8.878100758,-7.531455333,-1.403105109,8.934516657,244.7843893,216.5824361,227.792771,1.378546186,9.126430021,7.149611302,247.1114362,217.3314402,226.6560107,8.855230553,3.253371856,5.304603251,0,-118.8899513,115.216888,71.49091659,-101.4496965,76.8016994,0.2869108831,-119.2971864,115.5032989,-8.494259739,-177.8955963,171.877116,49.98372208,49.98373237,3259.595708,3249.283931,89.06022799,-103.1839323,4.0997219,1
313,32,24,32,1,0,1,1,1,1,1,1,1,0,1,1,239.4151562,216.2157714,235.4608479,30.12039604,65.98947338,68.72178609,247.5209325,213.9954511,229.4693414,34.86491557,63.27182852,68.03289671,-1.19835532,-43.93597927,45.13431337,1.362027424,43.41965914,-44.78170896,239.0017965,214.2015587,233.344684,13.87245435,19.15580192,17.36930915,246.7500995,213.8798676,228.7560838,22.06313658,10.54104955,17.45242965,0,-116.3471996,115.901617,148.2552013,-93.68918318,39.96973626,0.7798942738,-117.8935664,117.2053435,-19.20345759,109.0035552,-168.8656192,49.97677659,49.97686884,4634.919933,4598.748273,368.7399824,41.35694864,4.1071402,1
314,32,24,32,1,0,1,1,1,1,1,1,1,1,0,1,243.198458,215.7165322,230.3817963,3.991536931,10.34295539,11.18983136,243.7823353,218.1171661,229.5703101,8.407704076,11.27617773,7.363203177,1.308914566,-8.434247527,7.125358037,-1.300127112,8.317588019,-7.017431592,243.1894931,215.6943704,230.3518474,3.494298251,5.650930032,8.382819157,243.7746715,218.1175993,229.5688014,8.186834263,7.350030552,0.9427266851,0,-117.939313,115.5828198,-63.66743557,-74.81917389,109.2193555,0.506795149,-118.0484527,115.3991162,22.53063099,-149.9160439,-172.4602448,49.98373949,49.98374909,3255.475237,3246.778449,90.09712578,-115.2517613,4.1569062,1
315,32,24,32,1,0,1,1,1,1,1,1,1,1,1,0,240.2850548,218.1345119,231.4823121,60.12781892,63.93073723,31.97226758,243.4535434,224.6277032,225.4180299,62.05058259,63.99181552,27.02447338,41.26442115,-41.94541846,0.6806308531,-41.43860778,42.0051282,-0.566891411,240.1658951,217.5929954,230.733056,10.31292835,16.90555464,20.85097784,241.6568112,222.7922551,224.9925925,17.54820889,15.85306649,12.72496889,0,-117.756295,114.4736085,-130.1877073,-52.26725373,99.43225866,1.451617695,-118.9707438,113.6752835,26.88260025,164.9763068,-90.31353325,49.97800089,49.9773823,4305.913724,4496.133947,182.0065238,133.021362,4.1277303,1
316,32,24,32,1,1,0,1,1,1,1,1,1,1,1,1,246.1238236,217.0696069,225.8918425,10.55067141,4.143261176,9.255342174,245.2415824,218.0013744,228.013942,6.421774708,9.081843674,10.14586369,-5.989249678,-1.750776264,7.739982905,5.904291736,1.755852885,-7.660186368,246.099272,217.0694612,225.8776464,8.490621276,3.430951106,4.867027349,245.2329598,218.0027079,228.0166637,1.756951279,8.782053839,6.496433293,0,-119.649317,114.9988116,-10.58711818,-172.9105007,164.458641,-0.102756963,-119.079836,114.8837861,60.49943508,-101.3953366,80.07792858,49.9837624,49.98375545,3251.625598,3244.679259,94.58013634,-103.4709434,4.1324452,1
317,32,24,32,1,1,0,1,1,1,0,1,1,1,1,1,246.713131,213.4979599,228.8190161,34.23156199,63.71896655,68.10030619,240.174434,217.4735039,236.0392565,29.31119432,65.94390569,68.41134034,-1.21168164,-43.77339947,44.98501577,1.07853514,43.97561193,-45.05422552,245.9541993,213.3760004,228.167427,21.72486312,10.66012328,16.83853811,239.7347972,215.3175397,233.9832723,13.46023586,19.06374656,16.81463668,0,-118.5737589,116.5059379,-20.03852101,109.8660934,-168.8982566,-0.6205368724,-116.8314054,115.4070785,146.796905,-93.60799034,40.82786027,49.97720933,49.97693848,4455.53733,4567.325848,231.7596078,133.9975147,4.114656,1
318,32,24,32,1,1,0,1,1,1,1,0,1,1,1,1,246.5270024,216.195516,226.294659,12.23545515,3.876677837,11.0160072,245.5163044,217.1907061,228.5252684,8.646069985,9.367195675,11.7765393,-7.932927032,-1.35637746,9.289249824,7.82417666,1.346852,-9.171091289,246.4731121,216.1920419,226.2528209,8.731856711,3.305846717,5.117162568,245.4992946,217.1889481,228.5208409,1.805644288,9.151177076,6.759513222,0,-119.4699321,115.4096947,-11.30424698,-179.3487903,167.8916036,-0.1090461882,-118.8600707,115.2735748,68.50688301,-101.2364161,78.28670483,49.98373553,49.98369299,3257.127506,3256.825267,97.43829663,-107.0313569,4.0828888,1
319,32,24,32,1,1,0,1,1,1,1,1,0,1,1,1,304.965266,232.1677999,373.2524686,22.4489632,14.99133125,21.27855204,307.7517601,237.0572247,374.7503971,22.86870161,17.19812603,18.78108822,-14.31986908,0.9766310457,13.34343519,11.52497185,-7.109188497,-4.415832507,265.6622117,157.8756746,271.0677286,3.799850634,4.619701274,5.032564329,269.0910046,160.9062538,274.4921102,10.67337072,8.561988741,10.17387142,0,-101.8525464,139.6929514,89.68647453,-16.6672402,-144.9400464,0.1576390885,-101.8582714,139.7213653,-20.88775921,-134.4734828,111.0135269,49.96525637,49.97659379,5621.687346,6027.575466,295.5143452,-460.0776644,3.9544092,1
320,32,24,32,1,1,0,1,1,1,1,1,1,0,1,1,248.1420886,217.4333297,223.2771696,26.2611571,8.171991198,31.72814609,248.8393809,218.3283994,223.8158586,26.24677842,8.143236141,31.60199681,-24.34692283,-5.390855376,29.73775236,24.28181759,5.369118031,-29.65096098,248.017262,217.3319787,223.1695687,4.500759979,5.21352804,4.325815886,248.7109961,218.2200272,223.7023081,4.807674095,5.198638932,4.053147952,0,-120.5617326,114.8747908,-2.687382728,-120.5320969,111.8018777,0.09351659173,-120.4659298,114.9493696,2.324133698,-120.8688574,117.9334473,49.98266622,49.98263235,3472.125156,3467.990026,137.6669693,-61.06353989,4.031105,1
321,32,24,32,1,1,0,1,1,1,1,1,1,1,0,1,250.8025036,213.1319498,226.1426669,69.64508788,29.89562228,66.99025014,245.451867,221.6338458,224.1834623,69.22750127,35.30548633,64.86693419,-45.57373483,0.8125999718,44.76113399,45.2666443,-0.9567209013,-44.30994055,248.9010174,212.7090686,223.936443,17.23283697,13.65098942,18.17097987,244.7969955,220.7955323,224.030531,18.18661059,22.87376197,11.58291975,0,-119.9060528,116.5684873,-80.42061791,25.77863951,145.1419392,1.354723652,-119.0356471,115.0354579,69.43089415,-139.4343902,-14.10803152,49.97652943,49.97662072,4685.325074,4638.457295,392.1184969,54.8190736,4.0641303,1
322,32,24,32,1,1,0,1,1,1,1,1,1,1,1,0,244.107657,218.2287946,226.9964977,11.05112956,7.688390224,7.87995802,243.2545319,220.6211775,227.7475665,10.28957848,11.8092831,3.698652903,8.44927106,-7.227684915,-1.221641333,-8.510721991,7.294724705,1.215946086,244.0966627,218.2254622,226.9969807,6.887234879,1.859627434,7.669741855,243.2165388,220.5884693,227.7475203,5.498510966,9.098524597,3.226350974,0,-119.310924,114.4006707,-36.97076851,-80.53636998,136.3569586,0.2814371896,-118.9891802,114.0308107,48.7056977,-126.7050084,50.21217337,49.98370754,49.98372089,3261.838668,3252.182845,87.68385551,-104.4481752,4.0693016,1
323,32,24,32,1,1,1,0,1,1,1,1,1,1,1,1,246.1249725,217.0701213,225.88836,10.55698627,4.138381512,9.275284233,245.2463626,218.0020079,228.0107269,6.45027442,9.083219818,10.16929253,6.021824541,1.749097651,-7.770974953,-5.93686281,-1.755487571,7.692296249,246.100443,217.070048,225.8742391,8.477813743,3.427987787,4.856521084,245.2377746,218.0033388,228.0134492,1.763150738,8.78462004,6.49697257,0,-119.65033,114.9985411,-10.60109918,-172.9398464,164.4540631,-0.1024749559,-119.080943,114.8844047,60.12566265,-101.4112406,80.1697719,49.98375582,49.98376239,3253.406585,3242.937535,95.56004913,-104.421129,4.1004307,1
324,32,24,32,1,1,1,0,1,1,0,1,1,1,1,1,246.691836,216.0653828,226.3975089,12.58054953,3.943313737,11.36255347,245.6056673,217.0559244,228.5718924,9.016864604,9.366825302,11.97042004,8.227193593,1.374565893,-9.601836564,-8.113151151,-1.364952737,9.478026391,246.6202858,216.0540916,226.3458535,8.851751377,3.318455342,5.2307875,245.5781254,217.0490454,228.5636441,1.897489104,9.127690957,6.628776833,0,-119.4423249,115.4942011,-12.00525169,-179.0629182,166.5103905,-0.1047687774,-118.8328707,115.3440089,72.50154917,-101.1382521,77.42194896,49.98368361,49.98373248,3272.66782,3243.496637,95.35600444,-104.84582,4.0785161,1
325,32,24,32,1,1,1,0,1,1,1,0,1,1,1,1,246.8266217,213.1902261,228.799646,36.13371505,65.39204973,70.28348468,239.8469774,217.3473354,236.1186925,31.24194962,67.63396848,70.53239638,1.425653108,44.85378377,-46.27945174,-1.282396894,-45.06214142,46.34452042,245.9899301,213.0624313,228.0761561,22.64920279,11.05296687,17.61547628,239.3695403,215.0762279,233.9621267,14.41790909,19.48215996,17.34942699,0,-118.5596633,116.60168,-20.67543073,108.9492177,-169.8093575,-0.6391458141,-116.7677099,115.4162375,146.6719897,-93.59379377,38.75910174,49.97645302,49.97634375,4690.143022,4716.247788,253.5514209,194.9253362,3.9971185,1
326,32,24,32,1,1,1,0,1,1,1,1,0,1,1,1,248.1575366,217.4314947,223.2690129,26.33718757,8.172206652,31.80444508,248.8476669,218.3254358,223.8037886,26.31997116,8.143359854,31.67455922,24.40785661,5.390472717,-29.79835992,-24.3423506,-5.369448241,29.71176516,248.0311577,217.3303363,223.1602216,4.507643809,5.213488412,4.338669222,248.7187525,218.2167434,223.689875,4.802300957,5.198567053,4.039890628,0,-120.5653111,114.8766763,-2.835269856,-120.5399556,111.8160584,0.09317151898,-120.4697874,114.9498512,2.468848097,-120.8683767,117.9408273,49.98265475,49.98263574,3474.788255,3467.413506,137.6593506,-60.82998357,4.0066481,1
327,32,24,32,1,1,1,0,1,1,1,1,1,0,1,1,304.6312135,231.9748656,372.8503121,21.56157534,12.8353726,20.71928171,307.9194752,237.2017983,374.4385663,22.05461488,15.67322891,17.64561311,18.34802451,-1.099580596,-17.24824115,-15.54851285,7.237035752,8.311635837,265.0364081,157.8153536,270.1014635,6.25271601,4.457555086,6.07127543,269.5314319,160.9476298,274.5632837,12.84611267,8.674140807,13.06213606,0,-102.009171,139.5786732,102.1329128,-14.07290982,-116.2319305,0.1431374762,-101.9584454,139.7383961,-28.42861123,-132.9838663,112.7854749,49.96672905,49.97522053,5847.143855,5786.626723,477.6318712,-649.4419366,3.9681364,1
328,32,24,32,1,1,1,0,1,1,1,1,1,1,0,1,244.2258179,218.2903411,226.9630312,11.54232678,8.461250557,7.949927145,243.4024487,220.7414066,227.7004801,10.89412929,12.35371617,3.667699332,-8.743768527,7.581072205,1.162422163,8.809143677,-7.654576284,-1.154836941,244.2132666,218.2844988,226.9627362,6.822158312,1.942384011,7.750891523,243.3576921,220.6996927,227.699971,5.563219192,9.141960663,3.214297977,0,-119.3393049,114.3985785,-37.44347941,-76.76317664,136.2997611,0.2873403342,-119.027515,114.0204246,48.04570997,-127.646413,48.75044875,49.98376002,49.98363627,3254.852416,3268.663278,79.72900882,-96.07175381,4.1054826,1
329,32,24,32,1,1,1,0,1,1,1,1,1,1,1,0,250.321887,213.7003961,226.0644592,64.90555852,27.54886982,62.39362418,245.5965449,221.7091962,224.6652269,64.57005053,33.10717986,60.39959756,42.763952,-0.7810314244,-41.98293061,-42.4710885,0.9127762672,41.55835774,248.639461,213.3258459,224.1103535,15.83098582,12.74296234,16.66555188,245.029066,220.985408,224.5245204,16.97725637,22.04726876,10.31369484,0,-119.9125925,116.3461759,-80.372998,26.23681328,146.0690632,1.253758697,-119.0604943,114.9640104,67.09635358,-138.5652711,-9.609420435,49.9772592,49.97807021,4503.868798,4243.635378,351.9176547,-26.06586057,4.7302101,1
330,32,24,32,1,1,1,1,0,1,1,1,1,1,1,1,242.3583893,219.2551835,227.8853333,8.549949911,10.29170676,3.840717561,244.3462896,218.6728602,228.4023902,9.199297171,5.771540889,7.697157304,6.711757913,-5.198381941,-1.513423298,-6.636972567,5.111442142,1.525486084,242.3388276,219.2457436,227.8871744,5.203399647,8.788387176,3.288235144,244.3390548,218.6742063,228.4045677,6.293118063,2.354353548,7.436584489,0,-119.0119938,113.9334336,41.89263716,-128.9895532,54.35938458,-0.1172677981,-119.0834459,114.4161047,-33.75929569,-80.00921196,136.377094,49.98376686,49.98376558,3250.70083,3242.64818,90.89330164,-107.9851713,4.720427,1
331,32,24,32,1,1,1,1,0,1,0,1,1,1,1,1,243.2170979,222.0729642,226.1003543,46.57990531,46.72107388,15.21886283,242.7766256,218.2908653,230.5570446,44.59412105,45.69898695,20.39336384,31.51649438,-30.66396024,-0.8525281219,-31.17541804,30.36243232,0.8129889376,242.156819,221.0862705,225.9011392,13.69785197,13.17138894,6.482137215,242.6924256,218.1053706,230.2617016,7.077623914,11.61264146,14.90761903,0,-119.8171577,113.0078394,27.42124319,-177.2255253,-78.88091243,-0.945688418,-119.0035563,113.7960231,-115.6894098,-46.994594,107.9828126,49.9790681,49.98269028,4075.447778,3335.090761,169.0228986,-84.82393258,4.1632527,1
332,32,24,32,1,1,1,1,0,1,1,0,1,1,1,1,243.3084194,217.1999827,228.8245288,8.344333514,11.41469821,6.98134413,244.1448854,216.3842925,230.8393716,4.051962489,10.15905764,11.01250472,-1.426154501,8.173188933,-6.747066502,1.417652624,-8.224291796,6.806604214,243.300917,217.2009785,228.8248406,8.094675935,7.779278793,0.3867990606,244.1361424,216.3631333,230.815678,3.511371484,5.715119282,8.47670445,0,-118.5793145,114.9270215,22.26255419,-151.6059679,-173.7722922,-0.358677323,-118.2680036,115.2976535,-62.17515279,-70.99508621,112.4686935,49.98374398,49.98374823,3255.129103,3246.224205,85.58911626,-107.4849921,4.1199088,1
333,32,24,32,1,1,1,1,0,1,1,1,0,1,1,1,245.1867195,220.5117993,223.4615102,69.47174472,35.4218687,65.14351975,251.8917535,213.7725073,226.6390079,69.49940973,29.77016276,66.87936701,45.32989602,-0.8496948344,-44.48022147,-45.38022266,0.70440331,44.67579573,244.5313828,219.719982,223.3035534,17.94475487,23.04354791,11.85335164,249.9845909,213.3181957,224.3637579,16.91501328,13.7327756,18.23902045,0,-120.426689,113.5841237,68.1141005,-141.1532821,-14.09747151,-1.191021691,-121.0884652,115.2761598,-81.31637786,23.64753145,144.7668064,49.97667706,49.97646773,4631.489865,4684.686728,249.8711682,194.381648,4.4827306,1
334,32,24,32,1,1,1,1,0,1,1,1,1,0,1,1,243.3429247,220.0952327,226.4291174,11.17849086,12.75593047,3.718330035,245.3832433,219.2148274,227.004053,11.4393574,8.932451286,8.13091174,9.202502399,-8.230634159,-0.9721409541,-9.064261306,8.09186216,0.972119092,243.281557,220.0263197,226.4140629,5.696235663,9.291403563,3.276112403,245.3613853,219.1882626,226.9919696,6.386545643,2.425230253,7.941411672,0,-119.6053224,113.6207241,43.59018961,-131.9811996,44.35155483,-0.1649940484,-119.6748641,114.1614081,-38.23442955,-66.11673639,136.367987,49.98350256,49.98387394,3298.713421,3227.498907,106.7299203,-119.3747462,4.6090624,1
335,32,24,32,1,1,1,1,0,1,1,1,1,1,0,1,390.1601763,282.1918905,234.1367996,21.32212417,23.68184122,16.13304215,391.4987524,283.8635046,237.4836033,18.26686291,22.2462779,17.30108675,9.530623499,-9.971289466,0.4406717269,-0.6483897962,6.101357992,-5.45281365,294.0416666,241.3729161,156.6599618,7.400032237,5.241058816,2.996652914,295.9678194,243.2323859,158.8158276,6.175738047,6.524769994,6.348770565,0,-141.8355875,109.7182515,31.88262213,-130.4954478,-165.9041848,-0.09808848682,-141.6752441,109.7800618,-39.58219593,-151.1048133,81.64008504,49.95990037,49.98041699,6260.368545,5702.207025,539.3728713,16.63960367,4.7173866,1
336,32,24,32,1,1,1,1,0,1,1,1,1,1,1,0,240.2579549,220.8813259,228.6390973,27.94903674,23.13856825,7.085337617,240.8452081,221.7654176,229.3013841,27.82503757,23.12522587,7.072744848,26.23838075,-21.40116723,-4.837240328,-26.15979354,21.33065976,4.829099142,240.1825466,220.7941193,228.5620793,4.640591234,5.164409007,4.288973636,240.7664543,221.6624955,229.2188688,4.374535555,5.421034203,4.281621235,0,-118.873583,113.1118375,-2.749301507,-121.3459567,113.115671,0.07385800621,-118.7498565,113.1801811,2.69613729,-116.7735258,112.8944367,49.98289839,49.98287675,3424.434722,3420.958075,112.0733074,-84.61530074,4.2673256,1
337,32,24,32,1,1,1,1,1,0,1,1,1,1,1,1,242.3649864,219.2590578,227.8823818,8.54282286,10.28687147,3.84574976,244.3485587,218.6705356,228.3977046,9.180683983,5.753015043,7.692686201,-6.693570631,5.172793147,1.520734019,6.618921442,-5.087184239,-1.531778075,242.3454309,219.249626,227.8842089,5.210444479,8.795001897,3.289961529,244.341309,218.6718758,228.3998939,6.281114744,2.354031614,7.43009894,0,-119.0140152,113.932857,41.7736672,-129.0258271,54.46643099,-0.1185878398,-119.0858902,114.4149769,-33.79664918,-79.8079614,136.3831904,49.98376893,49.98376484,3251.005774,3242.197522,90.50827006,-107.4994839,4.0914997,1
338,32,24,32,1,1,1,1,1,0,0,1,1,1,1,1,243.296759,217.1958978,228.8275146,8.329291985,11.38992018,6.975093435,244.1376805,216.391486,230.850002,4.067763618,10.17690233,11.02287759,1.443569731,-8.182343027,6.738725975,-1.435374204,8.232279549,-6.796951847,243.2892819,217.1968353,228.8278468,8.07365159,7.733465433,0.4045610967,244.1289743,216.3703632,230.8264274,3.516860081,5.734168948,8.496522328,0,-118.576718,114.9269973,22.28867422,-151.6887448,-170.1789991,-0.3570978777,-118.2636682,115.2980536,-61.84516372,-71.42358705,112.3115319,49.98374374,49.98374979,3254.120172,3247.048199,87.04043417,-108.9285016,4.2464434,1
339,32,24,32,1,1,1,1,1,0,1,0,1,1,1,1,243.0844147,223.612593,224.4933687,61.83760814,63.81490095,26.91668349,241.2169818,218.8977227,231.8070784,59.51619565,63.28620596,31.71888215,-41.28487508,41.86627705,-0.5815507486,40.84723272,-41.51018109,0.6628039624,241.2463575,221.9219445,224.1005214,17.54281811,16.25360691,12.67092674,241.0767359,218.3774891,231.0470541,10.16127398,17.11701348,20.73892822,0,-120.3436927,112.2945354,25.02768646,163.7202,-90.20455165,-1.302957181,-118.9175087,113.2568656,-132.3358261,-53.00741368,98.90576068,49.97744543,49.97803362,4487.757649,4304.793169,335.2603727,-5.264570781,4.3583532,1
340,32,24,32,1,1,1,1,1,0,1,1,0,1,1,1,243.0573631,219.7210753,226.5982494,10.99889579,12.55457215,3.646496209,245.226336,219.0176816,227.1641054,11.61332354,8.897203435,8.066838139,-8.720960704,7.689837312,1.030947011,8.593235826,-7.56506829,-1.028347288,243.0003465,219.666833,226.5918657,5.397206159,9.004207258,3.26298821,245.2091711,219.0030553,227.1591041,6.735992359,2.241250823,7.903508711,0,-119.4771135,113.7168763,46.90932614,-129.5313047,45.21094521,-0.1355607437,-119.5643518,114.2537148,-36.05440398,-76.43685613,136.358454,49.98378991,49.98357113,3250.115936,3279.426853,99.07946079,-112.0836375,4.1101916,1
341,32,24,32,1,1,1,1,1,0,1,1,1,0,1,1,245.3082603,220.611035,223.7511621,66.76708337,34.27166988,62.44925255,251.5935736,214.1293917,226.5897959,66.74274122,28.54397693,64.11884786,-43.75634016,0.9233685079,42.83304102,43.80694783,-0.7847340761,-43.0221321,244.7026957,219.8807694,223.6020293,17.25911806,22.64653743,11.05962463,249.817185,213.7025777,224.4694078,16.04510351,13.30044851,17.29844328,0,-120.3937306,113.5965281,66.34407851,-140.7277766,-11.28066737,-1.138118366,-121.0426739,115.1928151,-81.68765944,23.8434767,145.4556543,49.97746214,49.9769952,4410.160402,4555.144608,198.6899105,171.196339,4.1171207,1
342,32,24,32,1,1,1,1,1,0,1,1,1,1,0,1,240.2595928,220.8981258,228.6352142,28.02572776,23.21432961,7.085757555,240.8388183,221.7720161,229.3005008,27.89226594,23.19196935,7.072211167,-26.30107737,21.46372807,4.83731473,26.22203217,-21.39337714,-4.828688339,240.1832682,220.8095361,228.5579028,4.668526684,5.18320374,4.289902256,240.7604741,221.6688088,229.2179933,4.346257593,5.404735375,4.280586452,0,-118.8771094,113.1062067,-2.692319185,-121.5894697,113.1043852,0.07132696262,-118.7527805,113.1741332,2.668137786,-116.5321852,112.894075,49.98288153,49.9828886,3426.726601,3419.972065,111.8592143,-84.28765407,4.1767844,1
343,32,24,32,1,1,1,1,1,0,1,1,1,1,1,0,390.2743898,281.9727801,234.6874147,22.71426494,25.31003742,17.86248941,391.4545921,283.4715348,235.9042929,21.11991718,25.18054115,18.35073344,-9.064640278,9.034016251,0.0307880909,0.2161507792,-5.178084711,4.962061202,294.7272518,241.0465106,157.2919978,5.335480854,3.746483707,3.482025613,296.9434775,243.0347277,158.2253508,7.378493622,8.895587783,5.958914974,0,-141.7345715,110.1359805,35.08513844,-104.1740397,-176.0537565,0.06772203228,-141.7139614,110.2867925,-24.69057508,-156.7987085,75.97920226,49.95892827,49.98116782,6306.989108,5691.223889,428.3545719,139.2935119,4.1531007,1
491,32,24,64,1,1,1,1,1,1,1,1,1,1,1,1,252.306301,193.2240364,247.6598873,4.89124837,4.771503751,2.463378426,253.0175959,193.8615592,247.953927,4.572431112,4.511043067,2.963331948,0.01415805026,-0.005100349204,-0.009188551045,-0.01396119449,0.00390544954,0.009916296599,252.2937856,193.2282531,247.6687657,4.890768392,4.771299679,2.462913788,253.0050519,193.8658063,247.9628035,4.571954028,4.510884484,2.962965724,0,-125.8689163,105.5761719,1.079545331,-130.283128,102.134476,0.05106013155,-125.7527889,105.6302264,-1.387943411,-121.4798845,108.3444946,49.98618749,49.98619191,2765.922541,2758.02188,21.36660406,-132.7652617,4.3681667,1
492,32,24,64,1,1,1,1,1,1,0,1,1,1,1,1,252.0232549,192.7062137,248.4216128,8.585531886,10.94857409,6.525868098,252.9077269,191.6789857,249.8746683,4.23780316,9.286618483,9.486157011,1.545219503,-7.691303887,6.145939961,-1.535892946,7.719794705,-6.184038352,252.0101784,192.7098524,248.4270707,8.315465037,7.635784047,1.611339668,252.8931553,191.6654497,249.8632332,3.66351418,4.922968891,7.036622569,0,-125.666994,105.7883296,22.3966205,-158.1229001,-64.53422442,-0.3534605869,-125.3891376,106.1457954,-61.12627657,-69.7670166,108.0572914,49.98610118,49.98610903,2781.742291,2776.003192,15.76104742,-136.8754466,4.1303218,1
493,32,24,64,1,1,1,1,1,1,1,0,1,1,1,1,252.0164686,192.7083175,248.4255237,8.584884257,10.90728795,6.472511539,252.8997004,191.6863033,249.8847001,4.232976835,9.242047986,9.452326931,-1.544767448,7.635615796,-6.090996791,1.535674673,-7.666255184,6.130429,252.0034385,192.7119549,248.4309933,8.315749591,7.636229716,1.616563551,252.8851697,191.6729539,249.8733663,3.660088951,4.931759364,7.041963083,0,-125.6655737,105.7862715,22.37413508,-158.1861016,-64.54129951,-0.3530220786,-125.3857456,106.1435668,-61.12841281,-69.75877478,108.0594648,49.98609827,49.98611406,2783.282574,2774.049716,16.31903335,-137.4767692,4.0835932,1
494,32,24,64,1,1,1,1,1,1,1,1,0,1,1,1,252.8670127,193.1729583,247.0927086,6.033463547,8.122798673,8.932510685,255.0531153,193.8647967,245.8727929,10.00162218,3.582516583,8.173558586,5.490510061,1.572008438,-7.06264697,-5.535688398,-1.551378968,7.086938632,252.8530862,193.1757831,247.1006974,2.084925994,7.849564767,5.340597114,255.0273357,193.8665053,245.8676947,8.21412176,2.919217462,3.899310032,0,-126.0089526,105.713183,46.84037567,-109.0516782,63.08819645,0.2053722925,-126.3795597,105.8919508,-10.71191364,-179.1349426,173.686213,49.98607578,49.98607768,2788.508911,2780.358227,19.67822136,-134.593059,4.0109289,1
495,32,24,64,1,1,1,1,1,1,1,1,1,0,1,1,252.8615335,193.1728826,247.1000046,5.999153231,8.12566953,8.906586204,255.0433358,193.8627627,245.8729876,9.969934379,3.580544525,8.137160975,-5.455590328,-1.57307011,7.028524376,5.50086364,1.550416118,-7.0514039,252.8475992,193.1757172,247.1079885,2.088567722,7.853315764,5.344044117,255.0177195,193.8644183,245.8680115,8.201901158,2.91865734,3.887436287,0,-126.0065481,105.7127537,46.51412908,-109.0438001,63.23786008,0.20605894,-126.3778233,105.8908175,-10.68869562,-179.2077166,173.8041563,49.98607788,49.98607724,2787.499043,2781.367477,18.84259649,-133.8033528,4.0393486,1
496,32,24,64,1,1,1,1,1,1,1,1,1,1,0,1,252.1056576,193.6727319,247.6697021,9.195858919,5.106703293,5.332716066,251.5061467,195.430548,248.4488219,7.898718502,9.27428079,3.675329283,-6.226370055,4.806132772,1.420104122,6.259842712,-4.850785874,-1.409189377,252.0926998,193.6755418,247.6774629,6.686630578,1.442470436,4.994671066,251.4828334,195.4229376,248.4560756,4.703963466,7.848446274,3.169209651,0,-125.891371,105.3176563,-27.90163562,-122.8063221,140.261645,0.1895300022,-125.5027566,105.0507795,41.4500787,-126.4857443,40.12336466,49.98609895,49.98610602,2783.559103,2775.191831,11.52765734,-142.1932847,4.0752444,1
497,32,24,64,1,1,1,1,1,1,1,1,1,1,1,0,252.1032775,193.6745173,247.6708825,9.195735148,5.103992841,5.328059895,251.5041491,195.4281033,248.4527235,7.892944199,9.270251857,3.681718376,6.225470172,-4.800411617,-1.425203606,-6.258733145,4.842925145,1.415671924,252.0903105,193.6773399,247.6786695,6.687356074,1.444656117,4.987854442,251.4807953,195.4204512,248.4599671,4.695549304,7.845906207,3.173714601,0,-125.8909926,105.3168255,-27.8278156,-123.046094,140.3273165,0.1883528463,-125.5022688,105.0505478,41.42126335,-126.4423115,40.26307687,49.98610544,49.98610011,2782.415302,2776.239722,11.37422481,-141.9946723,4.1697589,1
498,32,24,64,0,1,1,1,1,1,1,1,1,1,1,1,252.0885859,190.8557574,249.8818605,4.319322291,9.61920607,9.607254377,252.6393413,193.2363546,248.9406441,8.470808297,11.0091946,6.89193795,-1.625329736,8.237295649,-6.612109656,1.610718923,-8.159465476,6.548606726,252.073236,190.8445471,249.8618816,3.670911172,4.65096185,6.753854253,252.6265718,193.2399212,248.9433279,8.164289971,7.185135783,1.298111416,0,-125.1285041,106.5044653,-58.68032261,-74.61870467,105.731165,0.4782242562,-125.1875459,106.2420709,22.61740521,-155.3089731,-76.73454228,49.98610754,49.98610769,2782.393568,2774.398384,17.01272274,-138.70859,4.132625,1
499,32,24,64,0,1,1,1,1,1,0,1,1,1,1,1,293.962313,305.6866653,339.6426176,11.71382544,17.39181268,16.81561496,296.6608512,307.0350465,340.6532733,12.70167264,14.36577048,16.40908556,-1.336603012,12.16190388,-10.82737977,-4.958478893,-3.275296765,8.231567766,205.3426185,223.5827001,288.9840633,3.653503975,5.045201736,3.986196141,207.1367732,226.2053673,290.8844422,5.769083991,9.398395856,7.498258048,0,-116.9357442,90.25008707,45.27870674,-55.98610978,-179.5588988,-0.01735674074,-116.9759303,90.26382049,-26.9026738,-145.0952003,58.09278527,49.96974918,49.9782033,5087.498283,5322.139447,-205.9581072,-763.4829858,4.0602433,1
500,32,24,64,0,1,1,1,1,1,1,0,1,1,1,1,252.3778245,187.5398933,252.1284549,7.84394087,39.45171828,33.71043917,253.1076893,188.2723526,252.3405888,7.78895521,39.31291975,33.67230932,-5.087602307,36.6849532,-31.59744129,5.037820474,-36.58058739,31.54269341,252.2291837,187.3472481,251.8975858,4.740455226,4.59938166,2.643969188,252.9607592,188.0212042,252.1486088,4.717889328,4.383911178,2.879543623,0,-124.4587002,107.9426149,0.2546658755,-127.1226144,103.7246448,0.06612993386,-124.3529792,107.9889165,-0.4711811758,-121.9467376,111.7115834,49.98440238,49.98434803,3126.200459,3120.439032,74.63791707,-79.824433,4.2052235,1
501,32,24,64,0,1,1,1,1,1,1,1,0,1,1,1,248.2967982,191.4287037,254.9387072,26.70472483,60.09222191,62.68426618,255.8003367,189.9230576,249.1738001,31.47467752,57.94643453,62.2108911,0.865991069,40.4506399,-41.31676331,-1.064147554,-40.05091416,41.11490014,247.9696263,189.6929567,253.0329927,12.26753222,16.58188278,15.3795792,255.2374086,189.7973807,248.5142029,20.45391823,9.323730055,15.09366986,0,-123.6776072,106.5227092,141.7231364,-98.15127314,30.05649996,0.5523179053,-125.2089522,107.4717434,-21.72534949,107.3564169,-170.6740729,49.97998676,49.98109077,3964.799965,3646.14076,253.4033155,-75.43826544,4.2179786,1
502,32,24,64,0,1,1,1,1,1,1,1,1,0,1,1,253.565558,190.8396876,248.5516667,11.33577485,8.587244953,12.99807831,256.1363604,191.5233079,247.3864482,14.16997381,3.808426082,12.69751783,-9.713497325,-1.123937398,10.83691687,9.798983066,1.123479936,-10.92294798,253.3441012,190.6860336,248.4797601,2.337959551,8.191662239,5.377075809,255.7865807,191.300913,247.2116607,8.656924496,2.799592097,4.376351872,0,-125.5745456,106.8152801,61.61899851,-108.368314,59.00048941,0.1973395068,-125.9989094,107.0443728,-13.7829778,172.4488214,172.3740222,49.98635117,49.98562241,2735.491954,2867.388232,21.29911263,-119.9949829,5.7380046,1
503,32,24,64,0,1,1,1,1,1,1,1,1,1,0,1,249.6271169,193.3178069,251.1032118,53.35503317,56.93857191,27.86728034,252.3602206,199.2110121,245.893615,55.25488888,57.11473553,24.72425833,-37.02036497,38.092855,-1.072020471,37.16873864,-38.17127409,1.002971248,249.5490024,192.8806977,250.4791863,8.199536825,13.98451874,17.3712556,251.0126539,197.4916875,245.5033173,15.72192902,13.3639735,12.08496058,0,-124.6906141,105.2978212,-126.8226687,-58.55260336,93.55836035,1.205199214,-125.7635907,104.5054774,24.85741524,161.1857904,-91.50207869,49.98146696,49.98116816,3629.200207,3718.090446,71.90522055,38.29721309,6.2254162,1
504,32,24,64,0,1,1,1,1,1,1,1,1,1,1,0,251.9503518,190.8679864,250.0528543,4.275435562,9.982591638,10.00638571,252.5120355,193.2606029,249.0621992,8.529490852,11.28704875,7.357515584,-1.544070615,8.5456246,-7.001660956,1.526202776,-8.460746253,6.934449772,251.9349943,190.8538575,250.027944,3.660354174,4.738740159,6.852414505,252.4992008,193.2638516,249.0643784,8.243917705,7.188637523,1.396853478,0,-125.0737638,106.483876,-59.9863715,-74.36539685,105.1963586,0.4859800566,-125.1432025,106.2186182,22.64270877,-155.9654755,-79.10316902,49.98609836,49.98610079,2785.208616,2775.129632,15.58360828,-138.8134573,6.5508524,1
505,32,24,64,1,0,1,1,1,1,1,1,1,1,1,1,252.0880322,190.8614391,249.8853994,4.322082263,9.591347307,9.587035579,252.6371761,193.2388627,248.9370875,8.470036828,10.99474315,6.859420325,1.627038409,-8.208709595,6.581453999,-1.612170564,8.128648781,-6.516679375,252.0726706,190.8502118,249.8655392,3.67481558,4.65292824,6.759646369,252.6243927,193.2424435,248.9398245,8.163777372,7.201240883,1.303225413,0,-125.1279206,106.5040958,-58.68212108,-74.41564863,105.8793244,0.4784300397,-125.1884638,106.2412414,22.6447617,-155.3444768,-75.9539911,49.98611774,49.9860983,2780.035462,2776.633087,16.23173669,-137.8885441,6.6089243,1
506,32,24,64,1,0,1,1,1,1,0,1,1,1,1,1,252.3826851,187.5415122,252.1299381,7.846521889,39.3420638,33.60255174,253.1121682,188.265422,252.3220894,7.787523128,39.19984204,33.55900963,5.087431602,-36.58826104,31.50072946,-5.037700975,36.48227811,-31.4446695,252.2362723,187.3514701,251.899577,4.743556791,4.613307022,2.673965824,252.9636765,188.0153005,252.133802,4.714903395,4.36872443,2.849729114,0,-124.4593473,107.943421,0.1508769445,-126.9282947,103.7276262,0.0661285162,-124.3572174,107.9890062,-0.3673947498,-122.1383451,111.7936636,49.98438489,49.98439085,3124.98596,3119.709506,73.24137192,-78.60929776,6.1577644,1
507,32,24,64,1,0,1,1,1,1,1,0,1,1,1,1,293.2823513,305.3161826,339.7309564,10.02012167,16.4717329,15.79672927,296.2313441,306.7527863,340.6399882,12.0451713,14.51897715,15.66103663,0.7972654065,-9.433369466,8.634889895,5.492883379,0.5375175966,-6.031775786,204.978086,223.0463993,289.1323539,3.137980503,4.669426397,1.921028146,206.9272894,225.4507355,290.7265815,6.32161206,8.059590365,6.266328082,0,-116.7583032,90.41201833,52.72591241,-72.54349348,169.5975823,0.03979231561,-116.7509809,90.50916794,-23.37918241,-140.7758286,72.86695116,49.97216216,49.97585226,4612.839165,5786.44294,-254.5370959,-714.841161,5.9356895,1
508,32,24,64,1,0,1,1,1,1,1,1,0,1,1,1,253.0538498,192.2025346,247.6567216,8.436704944,8.444142585,10.79692352,255.4404091,192.8246548,246.324024,11.89797773,3.305522108,10.1954048,7.722183224,1.100868739,-8.82318896,-7.777696907,-1.093876916,8.871452697,253.0348062,192.2019924,247.6570644,2.105611881,8.270488447,5.67081765,255.39109,192.8231453,246.2903464,8.597093933,2.828558346,4.330908692,0,-125.8298612,106.1458944,58.5144945,-108.5592933,60.16808309,0.2075453698,-126.2563829,106.3538533,-12.09173389,171.8858156,176.4158402,49.98602527,49.98606261,2797.870362,2783.959786,23.49066005,-132.3097928,6.0123438,1
509,32,24,64,1,0,1,1,1,1,1,1,1,0,1,1,247.6604383,191.3794044,255.6112129,29.22448533,65.01740044,67.80154792,255.6581227,189.3358097,249.0949809,33.85142231,62.76144371,67.2961725,-0.9602868297,-43.5061062,44.46635695,1.177815993,43.0726956,-44.25054728,247.2618479,189.3525878,253.4252188,13.33592907,17.922514,16.57436055,255.0053529,189.1959977,248.323465,21.40463937,10.46687279,16.26692201,0,-123.4448925,106.5559424,140.8622152,-98.778982,29.59335027,0.5919394839,-125.1377905,107.5908222,-23.06351555,103.0521188,-169.6345037,49.97935387,49.97947142,4119.183232,4072.550193,289.7712133,8.922155165,6.165016,1
510,32,24,64,1,0,1,1,1,1,1,1,1,1,0,1,251.9544868,190.8706006,250.038023,4.274806919,9.89490081,9.913917738,252.5165529,193.2680998,249.0552893,8.525305762,11.26505058,7.255370108,1.546528135,-8.479407068,6.932626388,-1.528709184,8.392961935,-6.864503514,251.9390776,190.8569407,250.0138716,3.658396386,4.71176581,6.821622873,252.503707,193.2714044,249.0576408,8.239008784,7.255541307,1.362554856,0,-125.0776345,106.4854667,-59.9025404,-73.59626434,105.7667016,0.4856694002,-125.1458359,106.2199876,22.62387124,-155.8274652,-76.35973087,49.98611621,49.98608421,2779.876663,2780.076393,15.26280746,-138.4774388,6.9175699,1
511,32,24,64,1,0,1,1,1,1,1,1,1,1,1,0,249.6402889,193.287575,251.0418563,53.76429288,56.95647444,27.28241199,252.5861087,199.3836228,245.8412717,55.73737409,57.2293614,24.1182957,37.19521889,-37.84562583,0.6493811907,-37.34115003,37.92433327,-0.5842260185,249.5635325,192.8441666,250.4177364,8.374423487,14.33800825,17.09674596,251.2365462,197.6496963,245.4644791,16.11895267,14.1076716,11.78639004,0,-124.6982305,105.335451,-130.4283508,-55.54568846,94.62492257,1.223305789,-125.7973716,104.5472671,23.4772396,162.6682515,-90.09672961,49.98178054,49.98079181,3548.069553,3807.372612,65.57107673,45.4731763,6.0409829,1
512,32,24,64,1,1,0,1,1,1,1,1,1,1,1,1,254.1645761,193.0429592,245.7878103,9.807716203,3.70052124,7.759607305,253.3943161,193.8567686,247.4318175,5.798615421,8.111410512,8.491907391,-5.1954238,-1.563447621,6.758714819,5.133429372,1.581536383,-6.715121748,254.1424308,193.0447987,245.7816342,8.193446376,3.094548077,3.677948252,253.3812334,193.8588726,247.4392555,2.289770339,7.852678502,5.100021951,0,-126.5360343,105.8603981,-12.33786703,179.1062185,171.0706949,-0.04915593796,-125.958524,105.7467592,48.77459739,-107.8460956,64.82449187,49.98608374,49.986083,2786.836261,2779.663521,25.26603969,-129.810622,5.6545793,1
513,32,24,64,1,1,0,1,1,1,0,1,1,1,1,1,254.2403523,189.3073296,248.7522296,32.35968974,62.05829834,65.95565841,248.038244,192.9547379,255.5451148,27.51771484,63.92197888,66.30471874,-0.8327320557,-42.66738395,43.50015233,0.7102196432,42.85978732,-43.56998259,253.6483363,189.1692481,248.1435608,20.7331699,10.48431282,15.40921838,247.6661021,190.670332,253.6898138,12.54514442,17.69015879,15.90243497,0,-125.7650719,107.1475102,-22.88859208,104.9624164,-168.1558079,-0.4499049142,-123.895582,106.2621971,140.3869642,-98.21040085,31.91307667,49.98016739,49.97968515,3857.366015,4013.106162,163.0775089,93.93565884,5.6462388,1
514,32,24,64,1,1,0,1,1,1,1,0,1,1,1,1,254.8384412,190.8406888,247.0743279,14.831842,3.479573991,13.26604253,253.8247561,191.7336856,248.7778719,12.28159885,8.679653495,13.66506757,-9.119153943,-1.002323642,10.12178749,9.007088492,1.004830824,-10.01159675,254.5577054,190.6882687,246.903117,8.407984938,2.845732502,4.105777895,253.6661814,191.6283477,248.7308629,2.427132648,8.448209744,5.53321761,0,-126.1764556,106.8544847,-13.99231014,166.5912933,176.2602058,-0.0403021761,-125.5259454,106.7182123,55.67599867,-108.0406524,62.71542179,49.98601875,49.98588013,2808.641672,2806.845023,37.78611445,-125.341538,5.8141311,1
515,32,24,64,1,1,0,1,1,1,1,1,0,1,1,1,295.8946653,197.7755487,427.6494243,10.7057317,7.26871199,9.941033388,295.9234258,197.5346085,427.3345572,10.22925004,5.840861247,9.925376591,2.916337953,-3.441771887,0.5222734961,-4.404936319,-1.451065778,5.852484084,262.4458122,131.2592785,298.3002248,6.725413544,4.131412565,6.208354597,262.0619613,131.1557682,297.1252039,4.190422158,2.206374582,1.494925546,0,-111.3127989,129.3677266,-20.07248465,-117.2027281,116.054543,0.1213406152,-111.3530819,129.3308103,33.11683694,-100.8155896,-159.0211656,49.97550816,49.97832804,4094.529794,5146.707537,-77.85524606,79.94708416,5.8396352,1
516,32,24,64,1,1,0,1,1,1,1,1,1,0,1,1,255.8352625,193.7851132,243.2146519,21.92659998,7.272608042,26.50918332,256.5649377,194.5851673,243.3820315,21.93536285,7.264193829,26.44553828,-20.33724465,-4.822018472,25.1591418,20.3006521,4.821053379,-25.12182392,255.7572066,193.7069012,243.1505568,4.687270684,4.644006406,2.794664596,256.4753444,194.4964589,243.3250127,4.907862608,4.636227438,2.532361946,0,-127.3021044,105.8375319,-2.040610051,-127.3684646,102.6543065,0.08751321198,-127.2053686,105.8645269,1.751735215,-127.5123906,109.2202641,49.98527121,49.98525091,2949.33049,2946.173018,58.59650418,-96.16592346,5.7253738,1
517,32,24,64,1,1,0,1,1,1,1,1,1,1,0,1,257.5538495,189.9610117,245.8495855,62.92669105,25.69134394,61.0130698,253.3579701,197.3308656,244.4157993,62.76987605,30.74504967,59.80995236,-41.01902107,0.05085361146,40.96809425,40.79534067,-0.08686700313,-40.70854189,256.176867,189.5462863,243.8905956,15.12394015,11.96206019,15.11024461,252.9226756,196.564993,244.2482145,16.60246322,20.41203621,11.2590776,0,-126.8928295,107.256283,-81.01204236,23.36659354,142.9974717,1.2250138,-125.9114989,105.965995,64.38028828,-143.6501128,-20.68452716,49.98002805,49.98028474,3983.539754,3896.156484,275.6826428,-4.170088212,5.7692425,1
518,32,24,64,1,1,0,1,1,1,1,1,1,1,1,0,252.3683974,193.8902339,247.2231854,9.896033649,6.123561837,5.519712331,251.6652443,195.758514,248.0158309,8.664095076,10.12858687,3.657178231,7.002016524,-5.905614818,-1.096537927,-7.046972899,5.956999479,1.089840488,252.354576,193.8924636,247.2305525,6.875563881,1.195175696,5.287143326,251.6363645,195.7432626,248.0230032,4.879405337,8.116859823,3.297806359,0,-126.0380336,105.2581901,-29.92720134,-118.4657467,140.9498657,0.2060452354,-125.6320201,104.9606021,44.42698253,-127.1673945,35.11644438,49.98606696,49.98607587,2789.078529,2782.155342,10.38878548,-141.3494137,5.8049731,1
519,32,24,64,1,1,1,0,1,1,1,1,1,1,1,1,254.1606434,193.0440522,245.7854509,9.804513234,3.696200745,7.769901679,253.3942439,193.8602049,247.4310062,5.818612298,8.113105668,8.504068894,5.21425431,1.561978989,-6.776386042,-5.152124635,-1.582206867,6.734182844,254.1384986,193.0458689,245.7792511,8.17812375,3.090554946,3.666288588,253.3811658,193.8622972,247.4384481,2.29982157,7.854921803,5.09632135,0,-126.5360802,105.8588279,-12.35932738,179.0870242,171.0624314,-0.04887253308,-125.9584937,105.7457457,48.47970765,-107.8719187,64.94726917,49.98608255,49.98608388,2787.630459,2778.924231,26.17908183,-130.7194399,5.9458235,1
520,32,24,64,1,1,1,0,1,1,0,1,1,1,1,1,255.4034347,190.1759241,247.9538197,17.3718892,3.847442384,15.88479365,254.1663413,191.0150717,249.4499518,15.0933735,8.807148622,16.06332382,10.34264278,1.099090367,-11.44226392,-10.2081956,-1.095951621,11.30362913,254.7760447,189.7701751,247.6164627,8.547947274,2.840196349,4.207167321,253.7865807,190.7288409,249.3360391,2.599130336,8.413865464,5.320028756,0,-125.9794153,107.2883612,-15.47372042,166.6573501,172.7651449,-0.01834472076,-125.3232202,107.1333783,60.09474248,-107.7834052,61.10965208,49.98601139,49.98565566,2849.453699,2810.82612,35.85041707,-114.141186,5.8159609,1
521,32,24,64,1,1,1,0,1,1,1,0,1,1,1,1,254.3385073,188.8934281,248.7611213,35.05947938,64.67182915,69.26754824,247.4916305,192.8364537,255.7611085,30.26655932,66.56410878,69.56276861,1.153701567,44.3476521,-45.50136854,-1.018283589,-44.55067865,45.56893772,253.6582723,188.7420915,248.054755,22.06657359,11.09472184,16.52294741,247.0806497,190.3542116,253.7638071,13.94683536,18.34984549,16.78386691,0,-125.7519561,107.2828198,-24.018376,103.4281639,-169.8778887,-0.4641595898,-123.7944869,106.2826757,140.2715773,-98.27062591,29.03151344,49.97909191,49.97893839,4157.900858,4194.420704,189.9664592,171.3716297,5.6994052,1
522,32,24,64,1,1,1,0,1,1,1,1,0,1,1,1,255.8369675,193.7813638,243.2252878,21.94481993,7.27169449,26.52629183,256.5573026,194.5815005,243.3880115,21.94889268,7.265252627,26.45936541,20.34998577,4.820156426,-25.17027132,-20.31292778,-4.821126469,25.13391994,255.7587286,193.7027931,243.1605673,4.697588288,4.642515896,2.809800147,256.4676674,194.4921346,243.3308036,4.898542399,4.6375118,2.516807606,0,-127.2996411,105.8401519,-2.223033065,-127.3846748,102.7843093,0.08792336721,-127.2028665,105.8652316,1.934246452,-127.4912011,109.119044,49.98525854,49.98526494,2951.508556,2944.259366,58.52934844,-96.01708448,5.6795368,1
523,32,24,64,1,1,1,0,1,1,1,1,1,0,1,1,295.4649074,195.5149346,424.8575957,23.62165538,15.50086089,19.09783376,292.5330078,190.5107403,424.3707773,22.19721529,12.12470779,20.91068106,-18.39350816,7.658727898,10.73369808,19.83980994,-2.956569337,-16.88411486,262.7329635,129.0748543,304.9544127,14.13537504,9.474119121,13.71039355,258.9854237,126.5595657,300.6154346,8.244692247,5.447150877,8.640635474,0,-109.1912326,130.2322875,-34.83026171,-142.2617904,99.95064686,0.1200393741,-109.1132047,130.1258564,102.6562937,0.101393416,-102.7069192,49.9753003,49.97819987,4703.258757,4586.883552,-467.9080872,504.2236604,5.7267766,1
524,32,24,64,1,1,1,0,1,1,1,1,1,1,0,1,252.3888848,193.9020298,247.2163525,9.956720915,6.251300904,5.531775594,251.6944662,195.7813991,248.0049902,8.751956879,10.20772264,3.655496325,-7.060997779,5.972394596,1.088381442,7.106761424,-6.02676544,-1.080218601,252.3749781,193.9041405,247.2236796,6.857469796,1.200370487,5.30186561,251.6649093,195.7651735,248.0122084,4.885897417,8.117825737,3.299404166,0,-126.0426754,105.2591831,-29.93511827,-116.9352671,140.9235063,0.2070985556,-125.6396387,104.9603438,44.21930118,-127.4021518,34.8562864,49.98607931,49.98605999,2785.769892,2786.686805,8.228764238,-138.9333364,5.9347511,1
525,32,24,64,1,1,1,0,1,1,1,1,1,1,1,0,256.9458692,190.6757424,245.6996262,55.76452722,22.17839049,54.07580241,253.5192804,197.2618567,245.0105372,55.67814334,27.41289763,52.9995226,36.7061312,-0.04039361726,-36.66497774,-36.49904606,0.06812138489,36.43176539,255.8302849,190.3375811,244.1140072,13.07470651,10.37989485,13.03121277,253.1798975,196.6731303,244.8737014,14.66722998,18.93835143,9.457991305,0,-126.8724206,106.9137889,-79.04087467,24.2115349,145.0132913,1.049632826,-125.9373402,105.8210719,61.26041552,-142.1033246,-14.32800244,49.98093709,49.98213765,3755.875606,3449.701729,223.2465448,-89.20359823,5.6484887,1
526,32,24,64,1,1,1,1,0,1,1,1,1,1,1,1,251.0603458,194.5024496,248.1471323,7.413410713,8.883515363,3.554719737,252.9559196,194.1940856,247.9544487,8.42620282,4.536033031,5.439269035,5.565617541,-4.227840943,-1.337895648,-5.502788681,4.157216401,1.345451472,251.0391467,194.4983517,248.1547492,4.812633072,7.779774611,3.110938519,252.9429465,194.197344,247.9623815,6.316838936,1.663971104,5.159049505,0,-125.703552,104.9386251,37.1985323,-130.4134576,36.68373221,-0.05949355047,-125.8426647,105.2725015,-27.63974298,-104.5683213,139.067214,49.98612134,49.9861175,2779.369958,2772.738006,10.07049592,-144.307738,5.9410338,1
527,32,24,64,1,1,1,1,0,1,0,1,1,1,1,1,251.9073659,197.0982548,246.5133953,40.85867765,41.05181757,13.89864568,251.691409,193.6656534,249.7117954,38.86367363,39.96782374,17.19482804,27.73843345,-27.34304203,-0.3949542825,-27.44028718,27.06692275,0.3738030296,251.1337491,196.2406756,246.3349248,12.60758805,11.7157127,6.560809316,251.6368501,193.5239175,249.4799174,5.759797351,9.620466161,11.97047611,0,-126.3662688,104.1807121,25.05670867,-179.3368845,-76.22037013,-0.7759000981,-125.6663108,104.8653067,-110.276156,-50.11697496,104.0636155,49.9825297,49.98526095,3414.764623,2854.142359,74.08744997,-128.7232176,5.8615898,1
528,32,24,64,1,1,1,1,0,1,1,0,1,1,1,1,251.9206664,192.7105958,248.5304536,8.623056847,11.18792166,6.905293199,252.7927182,191.6784315,250.025167,4.201807153,9.568108466,9.784406963,-1.489833299,7.897526244,-6.407889939,1.483356713,-7.933012438,6.449460141,251.9077555,192.7138766,248.5356029,8.365759288,7.681356891,1.661640325,252.7782213,191.6620771,250.0102774,3.646515432,4.986610862,7.090124003,0,-125.6316334,105.7732219,22.32706322,-158.5677449,-64.79833404,-0.3590456431,-125.3442096,106.1321727,-61.95003845,-69.18817126,108.0363768,49.98607606,49.98612042,2788.338486,2772.453358,17.16703702,-139.1283192,5.8734472,1
529,32,24,64,1,1,1,1,0,1,1,1,0,1,1,1,253.2609559,196.3186775,243.899307,60.88737347,29.60764356,58.05091968,258.8294449,190.8178065,245.575126,60.77078559,24.33157039,59.07118118,39.40026928,0.1000775471,-39.50035275,-39.44788492,-0.1897925839,39.63765726,252.8304153,195.7116993,243.7670213,15.91783215,19.9835411,11.07476956,257.4187074,190.4297801,243.8180407,14.46546195,11.44195332,14.80936554,0,-126.9556932,104.728251,63.18362676,-144.7833955,-20.24014999,-1.020452479,-127.699011,106.0455541,-80.60803968,21.24845403,142.7200586,49.98077133,49.98034097,3796.879677,3911.370392,126.3200539,91.62961787,5.7245587,1
530,32,24,64,1,1,1,1,0,1,1,1,1,0,1,1,251.7007617,195.2910398,247.1955579,10.55074581,12.05152463,3.57596006,253.749238,194.6832707,247.01136,11.19608114,8.705789539,5.974479212,7.668359561,-6.985519658,-0.6840052186,-7.557188655,6.867088759,0.6888884629,251.6504419,195.2482781,247.1997774,5.231191243,8.325187412,3.387679821,253.7314013,194.679236,247.0149491,6.585599962,1.460168898,5.863350069,0,-126.0477613,104.7556015,41.96743361,-133.1386195,24.71321298,-0.09932507379,-126.1999761,105.1627939,-32.31659063,-83.52338566,139.5313831,49.98595857,49.98606214,2809.277716,2792.858061,24.98070442,-158.2551278,5.833701,1
531,32,24,64,1,1,1,1,0,1,1,1,1,1,0,1,384.7596726,274.287192,256.760094,18.05981916,19.17724635,13.20699786,386.0086036,275.844839,259.2858289,15.20189413,17.93313506,14.14325327,9.922430819,-10.67641386,0.752754622,-1.606742179,5.754475885,-4.148809367,297.4383672,225.4431758,169.8483804,5.751316403,3.700532825,2.380721041,299.5257998,227.6052687,171.4934104,6.996258939,7.497245015,4.983993835,0,-146.7582435,102.2239028,31.94408607,-125.3837742,-150.4971902,0.009370752436,-146.5373089,102.3024515,-25.96697337,-157.2303409,75.07424662,49.96793492,49.97749112,5837.284256,5127.075912,771.408986,199.78257,5.6118468,1
532,32,24,64,1,1,1,1,0,1,1,1,1,1,1,0,248.7492393,195.8043332,249.9563331,28.16244893,23.87788293,5.503379096,249.3798466,196.5864475,250.2285549,28.04347056,23.82829033,5.502937976,26.41000923,-22.45057459,-3.959532648,-26.33259291,22.37357426,3.95891872,248.675547,195.7102172,249.8897507,4.782152165,4.619325713,2.732600887,249.3046684,196.471348,250.1611206,4.547210294,4.763468463,2.733900056,0,-125.1636958,104.0860796,-2.052115603,-127.6159027,104.1107184,0.0718168507,-125.0431443,104.1117946,1.938273292,-123.0456165,103.9384175,49.98521153,49.98520512,2960.069443,2956.20199,10.92106325,-141.157163,5.7524377,1
533,32,24,64,1,1,1,1,1,0,1,1,1,1,1,1,251.0607716,194.5105294,248.1459837,7.413429945,8.890866089,3.553153514,252.9563455,194.1968586,247.9539869,8.420673729,4.537154201,5.442761611,-5.558975944,4.227456726,1.331374832,5.496428045,-4.158981795,-1.337586951,251.0395911,194.5063868,248.1536044,4.818954141,7.786838439,3.113101658,252.9433713,194.2001126,247.9619068,6.314189765,1.66116562,5.165129448,0,-125.7044868,104.9362623,37.19833787,-130.4691615,36.57541239,-0.06054977821,-125.843774,105.2707103,-27.691983,-104.236801,139.0748529,49.98611911,49.98612002,2779.940828,2772.073751,10.03765636,-144.2919179,5.8513045,1
534,32,24,64,1,1,1,1,1,0,0,1,1,1,1,1,251.9007094,192.7108931,248.5564866,8.63795528,11.2622968,7.113006665,252.7632305,191.6848537,250.0500008,4.187285543,9.718356449,9.93217328,1.480862432,-7.994556753,6.513555767,-1.474683611,8.028924212,-6.554378046,251.887626,192.7141779,248.5614267,8.379646034,7.608438718,1.64584618,252.7485124,191.6668252,250.0333875,3.626153242,4.994962621,7.08401247,0,-125.6239124,105.7698985,22.19913447,-158.6131083,-67.78961119,-0.3591347702,-125.3374991,106.125429,-62.15074529,-70.01525652,107.3255306,49.98610399,49.98608719,2781.672789,2780.146085,15.0092591,-137.0206467,5.8033761,1
535,32,24,64,1,1,1,1,1,0,1,0,1,1,1,1,251.9473462,198.7063769,245.0851534,54.27053387,55.79833078,23.47124723,250.4580968,194.2892228,250.6389494,51.92758606,55.12288947,26.6037882,-36.26548813,36.82540124,-0.5603795587,35.88741521,-36.49241939,0.6045419195,250.583269,197.2266662,244.7637058,16.04056662,14.30928534,11.60161069,250.3499654,193.900545,250.0821557,8.222104305,14.32551894,16.88989194,0,-126.7857408,103.5799993,22.27464868,162.3315542,-89.77322976,-1.073903909,-125.5076885,104.4335422,-131.4655973,-55.87619315,94.55602492,49.98117456,49.98188,3745.620571,3544.179609,194.987965,-78.90803006,6.0004989,1
536,32,24,64,1,1,1,1,1,0,1,1,0,1,1,1,251.3145941,195.0074756,247.4669217,8.782503793,10.36742207,3.58924701,253.3705972,194.5533919,247.2509741,9.722051147,6.447218726,5.738768502,-6.936102981,6.07917732,0.8567636866,6.843742515,-5.983259194,-0.860645537,251.2820657,194.9904033,247.4738078,5.019744369,8.158539345,3.32989056,253.3554797,194.5552144,247.2576463,6.623128738,1.383600094,5.58017152,0,-125.9211286,104.7690252,41.84566909,-131.0338662,29.62859739,-0.0811004917,-126.0869059,105.1476708,-30.58867816,-96.18584946,140.0754375,49.98608209,49.98604952,2787.212858,2786.485707,11.26209205,-146.5998995,5.8579073,1
537,32,24,64,1,1,1,1,1,0,1,1,1,0,1,1,253.3355373,196.1471187,244.7204744,51.08871563,24.92724932,48.74576749,257.8813161,191.7261869,245.4353938,50.9592117,19.43334618,49.6135151,-33.46144505,-0.1636292889,33.62607937,33.51085284,0.2351690435,-33.74506046,253.0517685,195.7380221,244.618221,13.18120195,17.786347,8.73161823,256.8581334,191.4389548,244.1342625,11.73520961,9.105784436,12.04306933,0,-126.7984861,104.7797773,59.33831977,-142.2045131,-10.48717292,-0.7738199255,-127.4795783,105.8321009,-76.1168871,22.54641222,145.9429949,49.98302367,49.98157983,3288.128604,3612.415283,34.44557804,27.45001702,7.1995186,1
538,32,24,64,1,1,1,1,1,0,1,1,1,1,0,1,248.7320912,195.8179909,249.9687683,28.30429671,24.02049501,5.505044754,249.3691111,196.609923,250.2408141,28.19282097,23.97643204,5.504030038,-26.5412652,22.58221767,3.958929441,26.46349985,-22.50623328,-3.957377513,248.6576027,195.7222454,249.9018072,4.758288142,4.602815083,2.733397833,249.2931094,196.493705,250.1727416,4.570764112,4.779420318,2.733360431,0,-125.1600207,104.0790805,-2.113938426,-127.4102016,104.0874733,0.07377294513,-125.0396443,104.1048312,1.983445079,-123.2516559,103.9476445,49.98520127,49.98520024,2962.650793,2956.266133,11.57787258,-141.8415901,7.7553076,1
539,32,24,64,1,1,1,1,1,0,1,1,1,1,1,0,385.3397403,274.4205829,257.9637987,22.26501537,24.849111,17.66777759,386.7066425,276.1198863,260.2848867,19.0180223,23.6048176,18.3904393,-13.1904664,14.84548172,-1.660723271,4.921275687,-9.97635749,5.049900079,298.8431074,225.6388087,171.0489817,6.737521682,4.624899464,4.70674957,302.0827087,228.4874674,172.5004285,9.365889622,10.23236292,6.765494013,0,-146.6812489,102.7864115,56.21497115,-76.72194575,-151.5331451,-0.06352273614,-146.7480329,102.8564271,-36.88194167,-171.9768082,60.73691845,49.96700212,49.97809095,4919.939666,6047.609973,744.2585946,209.4685431,7.5433455,1
687,64,48,32,1,1,1,1,1,1,1,1,1,1,1,1,231.7429465,251.1455523,208.1868635,2.416091669,3.423497677,4.022424421,231.9777258,251.5833614,208.6930674,2.66413427,3.380889104,3.791837807,-0.002026984294,-0.005637058861,0.007666159126,0.002012379346,0.005475550985,-0.007488977366,231.7399298,251.1469609,208.1876524,2.415639959,3.423158657,4.022148657,231.974717,251.5847864,208.6938569,2.663720396,3.380541497,3.79154044,0,-110.963011,129.3343631,-3.857349761,-109.8533495,126.6659687,0.04787608973,-110.9288008,129.4080621,3.396328823,-112.2434308,131.9446727,49.98871921,49.98872054,2258.756051,2253.154085,30.90975801,-79.8911247,7.5227479,1
688,64,48,32,1,1,1,1,1,1,0,1,1,1,1,1,231.7781482,250.856334,208.6121525,5.00552191,7.983038906,4.55567062,232.4878016,250.0241511,210.1453885,3.409277388,6.796382023,8.21658856,1.359574113,-5.742370888,4.382802911,-1.350612185,5.766328725,-4.415712732,231.7744472,250.8570842,208.6117659,4.685814932,5.463071058,0.9691497476,232.4835738,250.0161182,210.136903,2.923801161,3.468488864,6.885475467,0,-110.7320795,129.5380415,34.39741578,-141.356631,141.3974248,-0.2674979614,-110.602238,129.847916,-65.57612744,-57.58222611,127.8718826,49.98864811,49.98864517,2272.584247,2268.649235,24.02734048,-85.84736212,7.8042946,1
689,64,48,32,1,1,1,1,1,1,1,0,1,1,1,1,231.7723103,250.8633702,208.6098087,5.001311678,7.969411861,4.523292643,232.4828631,250.0298323,210.1403718,3.410485326,6.774449559,8.197308135,-1.367246415,5.719373294,-4.352126536,1.358309337,-5.743587524,4.385280994,231.768621,250.8641291,208.609421,4.680555907,5.468046753,0.9682274557,232.478644,250.0219093,210.1319856,2.923980881,3.465086666,6.883931132,0,-110.7335694,129.5346914,34.41165861,-141.3269295,140.7925628,-0.2671830048,-110.604127,129.8450708,-65.47277124,-57.50989097,127.952729,49.98864506,49.9886489,2273.113216,2267.905686,24.19364842,-85.9705549,8.0369784,1
690,64,48,32,1,1,1,1,1,1,1,1,0,1,1,1,232.3227525,251.0044891,207.7602385,5.184998518,6.444734992,9.185976762,233.4727016,251.8266758,206.8253999,7.98447726,3.869766262,7.604944861,4.961878563,1.411454714,-6.373329536,-4.992233511,-1.405197544,6.397441741,232.3177209,251.0052002,207.7605633,1.158105323,6.162198278,6.508369904,233.4566585,251.8262339,206.8142644,6.156772429,3.380754899,3.937974428,0,-111.1746614,129.3151692,-154.8672661,-81.66794454,98.80178793,0.3399736066,-111.4769555,129.49782,4.641717823,-175.9328101,-174.0109558,49.98865167,49.98865766,2271.979406,2265.929616,26.01048416,-84.98723089,5.792322,1
691,64,48,32,1,1,1,1,1,1,1,1,1,0,1,1,232.3174301,251.0082393,207.7641949,5.171287515,6.444685103,9.182590963,233.4620122,251.8308295,206.8299969,7.964600579,3.86147436,7.592129581,-4.953329948,-1.412036844,6.36537668,4.983633,1.405197989,-6.388824378,232.3123978,251.0089529,207.7644998,1.142936681,6.163361837,6.512377154,233.4460468,251.8305677,206.8191454,6.139781818,3.373566058,3.928268471,0,-111.1734395,129.3143327,-154.494575,-81.73481926,98.88510608,0.3393734701,-111.4751935,129.4955771,4.656977752,-175.9585717,-173.9630227,49.98865229,49.98865735,2271.282125,2266.589971,25.18541275,-84.16460949,5.4627723,1
692,64,48,32,1,1,1,1,1,1,1,1,1,1,0,1,231.2128223,251.6972083,208.1400562,8.278884537,5.048072055,7.019516135,230.0007607,253.3140165,208.8526603,7.237965799,8.467672168,3.511256405,-6.343630282,4.903620671,1.440013994,6.363415462,-4.936763689,-1.426651914,231.2095066,251.6969103,208.1399621,5.213044806,0.664219226,6.756827811,229.9868733,253.3044122,208.8516293,3.282214227,6.807267594,2.957311635,0,-111.0386441,129.1098702,-37.31826301,-25.50314171,150.8005146,0.1257870387,-110.8006427,128.7724403,74.10184852,-116.6083721,70.31406981,49.98863508,49.98863645,2275.328527,2270.162149,27.51966828,-81.87997619,5.5983105,1
693,64,48,32,1,1,1,1,1,1,1,1,1,1,1,0,231.2030815,251.703042,208.139642,8.336522789,5.138576361,7.024993029,229.9914665,253.3288805,208.8517971,7.312551446,8.53550691,3.509823188,6.416484702,-4.990073981,-1.426419193,-6.436568172,5.023270714,1.413288452,231.1997798,251.7026875,208.1395057,5.209688374,0.6784329452,6.764176382,229.9772619,253.3189269,208.8507462,3.295354915,6.82485812,2.959515198,0,-111.0388069,129.1069528,-37.4880145,-24.06129417,150.8266499,0.1274579976,-110.80074,128.768681,73.95308961,-116.7229079,70.15931535,49.98863406,49.98863499,2275.133126,2270.863915,28.02196306,-82.35003133,5.4132199,1
694,64,48,32,0,1,1,1,1,1,1,1,1,1,1,1,232.1845193,249.816865,209.4563349,3.363569238,6.37742212,7.957759208,231.9893665,251.4051493,209.0378806,5.084759124,7.471735725,4.14405677,-1.297102754,5.275811186,-3.97870681,1.304170241,-5.23403327,3.929865105,232.1805364,249.8098294,209.4503827,2.936398662,3.480870853,6.858824167,231.9855859,251.4058567,209.037881,4.811440911,5.264674962,1.131291927,0,-110.3589147,130.0524405,-67.83593565,-60.46541945,125.5094613,0.3330054813,-110.4122308,129.9106479,34.48199644,-140.873992,157.2049438,49.98865333,49.98865745,2271.352143,2266.413153,24.41244054,-87.06832573,5.7257665,1
695,64,48,32,0,1,1,1,1,1,0,1,1,1,1,1,236.1700973,392.7925931,277.5727896,13.30124889,22.02722106,24.32444385,242.3429469,394.679081,280.9319378,15.66526499,19.99778076,24.2559837,4.30448541,17.88319452,-22.18712016,-7.350621739,-11.57594881,18.92706741,156.0732891,299.3198903,233.75383,6.51302923,8.634475455,7.985584429,159.5376353,304.5647594,239.0370869,9.127094162,14.19055469,14.3534951,0,-107.4405131,110.4640137,130.4374045,7.943468128,-132.2783268,0.1846984503,-107.3610777,110.6508675,-32.86839592,-140.7904777,80.83848761,49.97739682,49.97923081,4321.322236,4365.631058,983.2944145,-325.1676989,5.6733051,1
696,64,48,32,0,1,1,1,1,1,1,0,1,1,1,1,234.0470979,247.2542854,210.7783437,5.138487233,25.96452033,22.04044087,234.3016999,247.6106372,211.387289,5.138632382,25.88925947,22.01808782,-3.679171083,24.59008128,-20.91088665,3.679880454,-24.54458208,20.86472266,233.981653,247.1997273,210.7052787,2.559355673,3.45937479,3.884031316,234.2343518,247.5585197,211.2982144,2.559126867,3.240761081,4.023044937,0,-109.6197059,131.3309272,-0.01485279316,-111.9529164,128.8812685,0.02611481739,-109.5758213,131.4154475,-0.1079141051,-107.2854347,133.4947285,49.98784705,49.98787566,2432.146635,2422.333115,30.05434156,-80.87982079,5.7686269,1
697,64,48,32,0,1,1,1,1,1,1,1,0,1,1,1,230.1080807,250.3391249,212.265662,18.20928964,44.34136438,45.57914915,234.4187867,249.7305008,208.9907576,21.20395773,42.93213757,45.16846457,0.2047897897,30.06180323,-30.26644874,-0.2273630081,-29.83511083,30.06259004,229.8606764,249.3831348,211.3227459,9.010112802,12.00729848,11.13736479,234.0497705,249.6643821,208.777651,13.98715015,7.021406353,11.21306543,0,-109.3558104,130.2246315,167.4307038,-79.74987715,60.42733679,0.7309485354,-110.2270863,131.1146971,-7.962439738,129.0346582,-160.8414056,49.98502114,49.98627289,2955.265747,2663.335446,156.9682806,-75.17743263,5.6080064,1
698,64,48,32,0,1,1,1,1,1,1,1,1,0,1,1,232.5302228,250.8320921,207.7608122,6.702090442,6.558494735,10.03857627,233.7435142,251.609923,206.8239874,9.084029158,3.823398092,8.692703999,-5.825380414,-1.324463167,7.149872611,5.861137139,1.320359306,-7.181462811,232.5241925,250.8323593,207.7605457,1.154479645,6.274552478,6.486677492,233.717322,251.6089089,206.8049672,6.199484063,3.312774893,4.051113261,0,-111.1653744,129.3919477,-161.5656876,-82.36208189,97.89138986,0.3355763929,-111.4772176,129.5889876,3.43412827,-178.0351048,-174.168521,49.98862416,49.98863393,2276.769412,2272.456307,23.85131527,-83.97426741,5.6022096,1
699,64,48,32,0,1,1,1,1,1,1,1,1,1,0,1,230.8198295,251.1300156,209.3066023,18.51319848,17.32476716,9.426225563,229.470739,252.8304487,208.9494161,18.19294189,18.25308987,4.234286275,-13.66858588,12.73718928,0.9308706282,13.71981137,-12.77481815,-0.9455175804,230.7999906,251.1110493,209.2784934,5.810425894,2.017054971,8.490528845,229.2842537,252.6827585,208.9190211,4.442846938,5.848367277,1.236997554,0,-110.5124007,129.4823786,-47.72036292,-56.84555024,136.5980155,0.2254232597,-110.4209032,129.074576,75.34459081,-126.6926593,11.30161835,49.9881286,49.98832639,2368.438376,2289.187836,20.86585961,-69.23507108,5.4942579,1
700,64,48,32,0,1,1,1,1,1,1,1,1,1,1,0,231.5062379,250.0286311,210.0065384,3.35514359,8.249726539,9.842043188,231.3100586,251.7406752,209.389891,5.390866781,9.063654572,6.611270601,-0.8022450476,6.788312395,-5.986105455,0.8077001072,-6.722785908,5.915052626,231.5015865,250.007843,209.9872903,3.120837442,3.838786384,7.291623591,231.3051765,251.7387543,209.3888504,5.248190564,5.453998311,0.9983028923,0,-110.1361369,130.0264392,-75.65129706,-56.79045421,123.6166473,0.3816705055,-110.2183869,129.869413,35.25970889,-144.6666885,-178.0662419,49.98859055,49.98861607,2285.149124,2275.296707,24.39335626,-86.97225103,5.6608115,1
701,64,48,32,1,0,1,1,1,1,1,1,1,1,1,1,232.1807015,249.8199417,209.4555328,3.363123227,6.366498399,7.945182522,231.987583,251.4047277,209.0385068,5.083445815,7.453585221,4.127384528,1.301204461,-5.261590207,3.960385046,-1.308313096,5.219590284,-3.911278963,232.1766384,249.8129489,209.4496084,2.930320568,3.483754158,6.855477041,231.9837727,251.4054525,209.0384955,4.806665927,5.253793333,1.137249461,0,-110.3592304,130.0509824,-67.76768853,-60.64022974,125.4585641,0.3320952071,-110.4128284,129.9096447,34.42020536,-140.8857165,157.3692892,49.98865628,49.98865493,2271.354392,2266.334037,24.30837774,-86.9181379,5.7777902,1
702,64,48,32,1,0,1,1,1,1,0,1,1,1,1,1,234.0434779,247.252133,210.7919637,5.137802476,26.0378499,22.11840224,234.2982859,247.6003299,211.384499,5.137944932,25.9684335,22.08993853,3.678532941,-24.65430586,20.97579626,-3.679462999,24.60843995,-20.92895097,233.977991,247.1975429,210.7178424,2.559336034,3.435050611,3.897546311,234.2306568,247.5480779,211.2953355,2.559065582,3.262779619,4.007335959,0,-109.6146201,131.3334738,-0.02460479289,-111.4762775,129.3962308,0.02590265584,-109.5739486,131.4179563,-0.09835796465,-107.8121735,133.0165423,49.98785507,49.9878504,2431.438927,2427.511305,29.4452012,-79.87027492,5.5582919,1
703,64,48,32,1,0,1,1,1,1,1,0,1,1,1,1,238.3618574,393.2805143,278.4257837,16.6703333,21.13240692,24.4405042,241.5580456,394.3764362,280.1031742,17.45062096,19.47758057,23.98923524,-1.54569336,-8.491517897,10.03655219,4.602741464,2.171338938,-6.774703511,157.6078723,300.3147999,234.9446027,3.388183918,4.85269205,2.508947983,159.6332723,302.3416902,237.0447356,5.640000242,5.845929713,6.964277988,0,-107.3487904,110.762089,110.7745586,-62.31852217,146.9718483,0.0278085587,-107.4397503,110.8920204,-34.1915359,-143.4956937,98.39013604,49.96651258,49.99012918,4645.201369,4050.780416,544.0436847,118.2860764,5.6453081,1
704,64,48,32,1,0,1,1,1,1,1,1,0,1,1,1,232.513887,250.8581843,207.7465585,6.159686608,6.544161428,9.769114829,233.7001991,251.6621826,206.7785187,8.693976825,3.838668881,8.292989636,5.655809433,1.290258466,-6.946067876,-5.69042752,-1.285645364,6.976071951,232.5081058,250.8587292,207.7463362,1.194854432,6.279238716,6.572826241,233.6782683,251.6616253,206.7630047,6.216621228,3.367982836,4.016716213,0,-111.1741413,129.3791106,-157.9423084,-81.87229092,98.15265149,0.34229043,-111.4871117,129.5689081,4.199206138,-178.0118758,-172.9644147,49.98863634,49.98864197,2274.245881,2269.863424,23.87285103,-83.96689953,5.7277421,1
705,64,48,32,1,0,1,1,1,1,1,1,1,0,1,1,229.3192563,250.4377859,213.2138744,21.9503045,52.18109268,53.63627691,234.4250452,249.1366973,209.0451601,24.85474716,50.63135341,53.20129701,-0.1670527849,-35.0663059,35.23325459,0.196430673,34.80169751,-34.99822606,228.9902627,249.1296582,211.936023,10.83347724,13.93117318,12.96146401,233.9177057,249.0471716,208.7392159,15.75343774,8.585750548,13.21656692,0,-108.9927461,130.3171334,164.8525392,-81.37549274,56.22037349,0.8334809922,-110.0394351,131.4138672,-10.24941447,120.3532783,-158.842145,49.98420637,49.98454884,3145.168315,3056.003355,195.1735352,-6.293149811,5.6963282,1
706,64,48,32,1,0,1,1,1,1,1,1,1,1,0,1,230.8918829,250.4837903,210.1288277,3.416708748,12.53756116,13.89013598,230.8001053,252.2815172,209.3970923,5.884008146,13.10550702,11.71226709,0.579530839,-8.70626857,8.126279065,-0.5811522969,8.607010644,-8.026339606,230.8679422,250.4020769,210.0280041,3.16795826,4.064830159,7.334771293,230.7815164,252.2677951,209.3703118,5.743607692,5.78751648,1.119999069,0,-110.1218496,129.8461078,-85.41633896,-52.15753099,122.1839171,0.426382866,-110.2205649,129.7002141,33.44661877,-146.8148763,-172.1429162,49.98854071,49.98837923,2294.118378,2322.137235,35.11897269,-94.87807936,5.8524086,1
707,64,48,32,1,0,1,1,1,1,1,1,1,1,1,0,229.1847213,251.7833729,210.5567033,46.29012287,47.75332844,21.71023574,230.0565426,256.243941,206.4737952,47.11485159,47.98609689,17.09027628,31.99335977,-31.18257576,-0.810231305,-32.09850736,31.23743479,0.8616594774,229.0870425,251.5441213,210.2386385,8.263626199,11.37748764,15.40102202,228.858371,255.298356,206.250398,11.47053579,11.55787778,8.011160601,0,-110.1520675,129.2537373,-117.2338946,-36.36925687,115.0927059,1.060288524,-110.8330641,128.6925476,40.02253168,178.3743091,-78.35667372,49.98619493,49.98440239,2663.588898,3074.392334,47.9312382,62.19487896,6.0396525,1
708,64,48,32,1,1,0,1,1,1,1,1,1,1,1,1,233.3488445,251.3507751,206.2375699,7.974641894,3.863381824,7.706973783,232.6598872,251.3787449,208.2275697,5.303410696,6.406720786,9.109568802,-5.175374994,-1.41900328,6.594383997,5.12751052,1.414145987,-6.541647835,233.3291604,251.3502223,206.2283359,5.982657732,3.351411646,3.789416824,232.6535539,251.3797166,208.2279562,0.9070755003,6.113910463,6.21706833,0,-111.8224461,129.0820607,1.881317486,-175.6114248,-178.5617664,-0.256108696,-111.4442501,129.0472921,-166.4437565,-82.31378841,100.0697403,49.98865741,49.98865992,2271.091936,2265.282687,25.19241929,-85.49196408,5.7909166,1
709,64,48,32,1,1,0,1,1,1,0,1,1,1,1,1,234.3554551,249.5063257,208.2355818,18.58841195,38.33486034,40.16714203,231.1630412,250.4375838,212.1804476,15.52026684,39.45869564,40.4046485,-0.1401483582,-26.88069262,27.02200949,0.1053408017,26.97600753,-27.08026426,234.0723828,249.4697131,208.0664002,12.56249188,6.120573352,9.527396205,230.9475122,249.7107351,211.3530876,7.529845204,10.67478449,9.655717993,0,-110.9305224,130.1768832,-7.269369328,137.2731759,-163.3496353,-0.6100703254,-110.1038505,129.5911993,168.0528306,-78.61235037,64.90155461,49.98724114,49.98541935,2477.554295,2848.872464,5.768742687,21.7256279,5.9501454,1
710,64,48,32,1,1,0,1,1,1,1,0,1,1,1,1,233.6070631,251.1628415,206.1917597,8.732524991,3.831782318,8.414011949,232.8726084,251.2046203,208.2244774,6.292292635,6.517402578,9.723522381,-5.931414833,-1.270614085,7.2020316,5.876847777,1.26338788,-7.140235843,233.5805116,251.1621026,206.1784821,6.078710349,3.357084503,3.877498224,232.8652424,251.205417,208.2243494,0.9891416168,6.253097185,6.30028073,0,-111.8323449,129.1614274,1.476629243,-178.0693614,-177.0414511,-0.2604975446,-111.4407107,129.1186489,-169.9232536,-82.34779367,99.22804147,49.98864158,49.98864267,2274.178052,2268.840058,25.59430279,-87.33364291,5.6827731,1
711,64,48,32,1,1,0,1,1,1,1,1,0,1,1,1,321.8730284,285.9872886,324.0802471,17.26325735,10.83548056,16.79212087,323.2729494,289.4307267,325.5980602,17.11070112,12.65421144,14.65175235,-12.21368136,0.7278738624,11.48603392,9.610054326,-5.260459228,-4.349436288,269.8060985,197.0715454,243.5924301,3.491488181,3.306047283,4.495285288,272.4281944,199.2225284,246.7191336,8.163568517,6.271868045,9.140033191,0,-94.77663078,152.8568454,117.9742438,-5.27138286,-131.7367111,0.1334592935,-94.77030186,152.8768938,-22.18843416,-126.6407642,124.3463645,49.97191821,49.98505532,4405.459842,4224.234934,110.4988428,-530.341856,5.8073701,1
712,64,48,32,1,1,0,1,1,1,1,1,1,0,1,1,235.1195857,252.4403966,202.9735289,29.3490899,6.304722374,34.10043822,235.3184977,252.8706588,203.5201311,29.3113973,6.278187351,34.00398069,-27.81863936,-4.120478368,31.93914527,27.77458098,4.095485115,-31.87005022,234.9383065,252.3381475,202.8480729,2.530870425,3.42287393,3.908481824,235.1584255,252.7665938,203.3604402,2.616585306,3.411538726,3.700829535,0,-113.343904,128.2176458,-3.383267798,-113.1477209,126.34273,0.04127969662,-113.3046841,128.2883824,3.162354236,-113.6935546,129.9769369,49.98733201,49.98733084,2535.285377,2531.585564,58.74560971,-49.36687606,5.6659206,1
713,64,48,32,1,1,0,1,1,1,1,1,1,1,0,1,238.1757123,247.6890236,206.7717856,58.69049076,24.2601834,56.76151574,232.6095761,253.9144399,205.2023756,58.21596211,27.82477543,54.97288268,-38.54323527,0.390281812,38.15285973,38.35693209,-0.5102557021,-37.84676866,236.4504317,247.3843847,205.2418502,14.05264213,11.41495071,15.23432457,232.0764667,253.4508158,205.1076916,13.60286791,17.59805642,8.971454573,0,-111.9174567,130.4365858,-74.19615499,38.57659507,155.8577715,0.8948798603,-111.2909594,129.0940938,84.50770521,-130.4584347,-2.032987345,49.98345079,49.98378764,3297.693347,3195.666673,230.1299307,10.84821296,5.5053425,1
714,64,48,32,1,1,0,1,1,1,1,1,1,1,1,0,231.3896395,251.9971288,207.5992013,10.40990893,8.118109862,7.25994039,230.1158065,253.7110871,208.2476866,9.603883698,10.67260944,3.393553788,8.02078278,-6.844547308,-1.176226506,-8.057257505,6.886995328,1.170274386,231.3824941,251.9930075,207.5968427,5.385146609,0.7995564019,7.024141811,230.076029,253.6778602,208.2438589,3.500443678,6.918369867,2.853263571,0,-111.3029137,128.9203405,-39.07648578,-18.67447954,150.0875093,0.1403350636,-111.0666921,128.5529749,75.65256175,-117.9193712,64.66833899,49.98858719,49.98857957,2284.220266,2281.288409,25.29423904,-77.92141483,5.8740919,1
715,64,48,32,1,1,1,0,1,1,1,1,1,1,1,1,233.3466844,251.3555482,206.2394813,7.975788779,3.865388445,7.711246929,232.6603315,251.3798861,208.2297496,5.312956912,6.408506229,9.11944666,5.190313961,1.415825982,-6.606144602,-5.142438884,-1.411418085,6.553862432,233.3269949,251.3550457,206.2303171,5.974395575,3.353610464,3.778884945,232.6540034,251.3808804,208.2301484,0.898955068,6.115714255,6.219871748,0,-111.8223432,129.0808746,1.878453952,-175.6388044,-178.5448317,-0.256430906,-111.4443253,129.0472234,-166.3554588,-82.2944957,100.1634878,49.98866064,49.98865674,2271.719244,2264.676737,25.92100788,-86.22358183,5.7951412,1
716,64,48,32,1,1,1,0,1,1,0,1,1,1,1,1,233.6479587,251.1106959,206.2529424,9.144227212,3.819797881,8.827058483,232.8881303,251.1724586,208.2555321,6.85070277,6.530904248,10.01617229,6.106121154,1.304605724,-7.410696998,-6.049905031,-1.296502205,7.346427263,233.6164248,251.1095692,206.2361506,6.066850174,3.310619607,3.910738221,232.8802818,251.1730006,208.2554341,0.9678174302,6.250184747,6.222607386,0,-111.8081061,129.1936558,0.7647687724,-178.0906073,-178.1294124,-0.2546463987,-111.4175668,129.14496,-174.2344066,-82.74439447,99.04564092,49.98863438,49.98862893,2277.215435,2271.017157,25.90238052,-87.76661851,5.7309862,1
717,64,48,32,1,1,1,0,1,1,1,0,1,1,1,1,234.6310504,248.5025836,208.3727382,25.53348664,51.91445873,54.59891753,229.876977,250.6527265,213.8239443,22.60717426,53.25894679,54.75598461,0.3099937145,35.66608881,-35.97613595,-0.2573835208,-35.79064526,36.0479772,234.1037319,248.4323559,208.0256151,16.0027929,8.775264146,13.30185142,229.5190292,249.3690296,212.3654501,11.07227266,14.09409453,12.85944149,0,-110.7504653,130.5424595,-12.1090369,119.2264686,-160.355494,-0.7687318745,-109.6050393,129.5675045,162.5566911,-82.09602145,54.54861952,49.9843538,49.98402817,3100.189028,3175.200468,103.5636792,86.8773261,5.8264301,1
718,64,48,32,1,1,1,0,1,1,1,1,0,1,1,1,235.0921537,252.4379806,202.9823984,29.24157786,6.30297134,33.9894244,235.3059826,252.86298,203.5398418,29.20945235,6.27641965,33.90409211,27.7279625,4.118911638,-31.84687369,-27.68420741,-4.096186329,31.78039571,234.9122723,252.3368464,202.8583168,2.498020466,3.422930187,3.860657819,235.1476854,252.7595137,203.3808658,2.646095658,3.411325021,3.749843171,0,-113.3372347,128.2170424,-2.782878941,-113.2774542,126.1556762,0.04016752035,-113.2980621,128.2917761,2.517852378,-113.5502066,130.1242798,49.98733659,49.98734215,2535.064188,2531.526077,60.15635995,-50.71141329,5.9885265,1
719,64,48,32,1,1,1,0,1,1,1,1,1,0,1,1,321.7904789,285.3980229,323.216669,17.30497381,9.422844871,17.192948,323.3689266,288.8697543,324.8641367,16.97438872,11.59918507,14.7887838,14.68621576,-0.7251763661,-13.96187791,-12.09569992,5.246670371,6.84817766,269.7122805,196.7433348,242.8390205,5.260370487,3.116992022,5.558450114,272.9726764,198.8534315,246.626284,9.472152985,6.249189818,11.04219021,0,-94.97692331,152.8395045,115.621074,-3.718526405,-113.0036839,0.1149285023,-94.94723236,152.9246077,-30.04359407,-124.9339185,122.6664181,49.97507567,49.98191838,4343.057492,4284.165613,209.5583089,-632.8942758,5.8426441,1
720,64,48,32,1,1,1,0,1,1,1,1,1,1,0,1,231.8983307,251.9839583,207.3005737,13.34038974,11.82410583,7.595222382,230.5847106,253.911185,207.8646706,12.76277991,13.83233394,3.205968121,-9.078556135,8.124646465,0.9542488549,9.129498995,-8.176668862,-0.9524743781,231.881979,251.9648645,207.2914409,5.542165742,1.157655326,7.431588625,230.4948802,253.8216253,207.8496459,3.81567394,7.159007627,2.794766971,0,-111.4631207,128.9169568,-41.91109636,-9.888994129,149.671351,0.1704699784,-111.2338766,128.5059632,75.8363845,-120.5656054,56.15680349,49.98848653,49.98847979,2308.151361,2301.148034,18.76957201,-72.78185471,6.0869344,1
721,64,48,32,1,1,1,0,1,1,1,1,1,1,1,0,237.0098768,248.6222333,206.4909959,50.65313733,20.31246539,49.03663378,232.5486838,253.9796031,205.8622746,50.23131036,24.0219764,47.46623786,33.76400844,-0.3614646544,-33.40337003,-33.59663,0.4641256053,33.13168825,235.6806672,248.386198,205.3035724,11.67860324,9.549284099,12.8786638,232.1543566,253.6469272,205.7888776,11.2618225,15.85090439,7.137115573,0,-111.9550359,130.074322,-72.43883016,40.31318022,158.1747172,0.7179018989,-111.3581313,128.9701695,81.85008064,-128.1470504,9.305828144,49.98446594,49.98554343,3053.045422,2793.511681,182.7577711,-63.51728444,6.081368,1
722,64,48,32,1,1,1,1,0,1,1,1,1,1,1,1,229.8041636,252.859101,208.2518721,7.06931147,8.364516775,3.608070498,231.4217119,252.0710395,208.6918926,8.081330474,4.978045463,6.997607382,6.294221609,-4.850273122,-1.443952179,-6.258361737,4.805279592,1.453075094,229.7895545,252.8510759,208.2510305,3.073667243,6.738009375,3.071753971,231.4181543,252.0712326,208.6914858,5.023255121,0.8092428179,6.73634269,0,-111.0268503,128.5742735,71.85920845,-117.9684338,69.94315811,-0.06183789915,-111.169236,129.0527772,-35.65014216,-31.65641522,151.5167014,49.98864286,49.98862879,2274.307959,2271.251671,31.58219059,-80.53167572,5.8172065,1
723,64,48,32,1,1,1,1,0,1,0,1,1,1,1,1,229.7487672,252.8638571,208.3033458,7.364788144,8.641841784,3.420332466,231.3934381,252.0071124,208.8082607,8.29271336,5.36895196,7.112019311,6.49316609,-5.181298954,-1.311885026,-6.455867931,5.136236009,1.319615206,229.7329881,252.8551135,208.3023215,3.245539377,6.804616503,2.946111505,231.3892656,252.0073587,208.8077321,5.05478185,0.9610558655,6.897062931,0,-111.0015241,128.5789605,71.43960776,-119.2339893,67.22742142,-0.07958252298,-111.1371806,129.0709359,-37.59995051,-27.14107778,150.6296924,49.98864221,49.98861543,2274.359197,2273.823672,31.37455194,-80.59042169,5.9111386,1
724,64,48,32,1,1,1,1,0,1,1,0,1,1,1,1,231.1966576,251.1695019,208.9185115,5.280722793,9.791801564,7.337466566,231.8789875,250.2374176,210.5541813,3.410440083,8.838752405,10.18938225,-1.038574613,7.230980589,-6.192470582,1.033134964,-7.271285098,6.238101524,231.1912999,251.1681053,208.9160883,5.0144073,5.645288116,0.8566074068,231.8732654,250.2133705,210.526507,2.981986835,3.677698725,7.070323969,0,-110.6162989,129.4440229,34.23769771,-143.4742334,153.5718469,-0.3033620493,-110.4724816,129.7587122,-72.08857659,-54.42340974,126.6011921,49.98858668,49.98859117,2285.657918,2279.366967,19.80926013,-80.93918232,5.8346448,1
725,64,48,32,1,1,1,1,0,1,1,1,0,1,1,1,232.2908034,253.2905355,204.7825165,60.05639529,28.90673712,56.72048652,238.3720799,247.6549801,207.7500104,60.3611531,25.2788199,58.2684005,39.57078697,-0.5488855648,-39.02199055,-39.64025541,0.4669724931,39.1732171,231.7829131,252.7778276,204.679801,13.85364873,18.11084977,9.432876676,236.7127209,247.323683,205.9690244,14.23976764,11.91516303,15.59595579,0,-112.3776304,128.0480616,83.44776172,-132.0962928,-2.869738197,-0.8655930858,-112.9310099,129.5783333,-75.63417184,37.01636095,155.456921,49.98346836,49.98312781,3263.719351,3355.09266,137.2496878,141.175301,5.837199,1
726,64,48,32,1,1,1,1,0,1,1,1,1,0,1,1,230.5218484,253.4734806,207.2759349,12.41644646,13.44909403,3.264716895,232.2298184,252.3111201,207.8531148,12.91480229,11.32363939,7.586588338,8.900186481,-8.034870967,-0.8648322429,-8.829660181,7.961356554,0.8687965394,230.4449591,253.4038575,207.267062,3.689764739,7.252469282,2.950521189,232.2161713,252.3003908,207.8461073,5.276293431,1.445973541,7.457251717,0,-111.5378121,128.2574162,72.22880636,-123.005197,55.32573952,-0.1166829258,-111.6691228,128.8169162,-41.87965233,-11.25584166,150.5407607,49.98844363,49.98855478,2314.567581,2293.714904,46.57911637,-94.63506424,5.9192623,1
727,64,48,32,1,1,1,1,0,1,1,1,1,1,0,1,393.988353,305.2903384,218.6457133,12.70793629,15.27866902,11.29812178,394.0627302,304.4112575,216.8562655,14.82035864,15.55381512,9.989580913,-4.227803295,8.534540331,-4.30911892,9.99774571,-10.05132643,0.05135474987,277.6078307,269.9843816,149.1967402,6.910277813,6.525719084,5.306816918,275.8588195,268.5605375,148.2873846,4.072768047,3.905904103,2.669222041,0,-135.1563477,120.4969036,-35.93595347,-167.4735669,92.11524109,0.03555271961,-135.0705021,120.6164497,83.51505983,-72.23373243,-169.4123626,49.98573698,49.97499232,3596.518592,4293.620534,-246.1477068,127.49001,5.8262326,1
728,64,48,32,1,1,1,1,0,1,1,1,1,1,1,0,226.8034555,254.655531,209.3319482,28.19359652,23.68653636,6.464427319,226.9869668,255.0847674,209.9397253,28.1469604,23.68141776,6.455178099,26.69961704,-22.38008088,-4.319558226,-26.66554122,22.3506777,4.314840414,226.7213844,254.5716627,209.2475056,2.547643036,3.359323808,3.925809025,226.9091988,254.9950248,209.8503078,2.417149946,3.537994791,3.920549119,0,-110.6967815,127.9094309,-2.719686785,-112.4087078,127.8956864,0.02972295603,-110.6436302,127.9777585,2.741893074,-109.2105395,127.7095652,49.98769613,49.98768958,2462.358497,2459.343797,61.48655514,-50.80259524,5.854592,1
729,64,48,32,1,1,1,1,1,0,1,1,1,1,1,1,229.7991628,252.880476,208.2451241,7.121123808,8.428303018,3.595941991,231.415604,252.0776136,208.6885077,8.11227127,5.052942264,7.01238851,-6.336754325,4.913847108,1.422897049,6.30054361,-4.86858773,-1.431964187,229.7843675,252.8721541,208.2442393,3.098240018,6.764452956,3.068580087,231.4120462,252.0777549,208.6880683,5.015731865,0.8395994768,6.756678661,0,-111.0324301,128.5657902,71.56943169,-118.2413364,69.55644829,-0.06426777511,-111.1738127,129.0465141,-35.97272473,-29.75598131,151.5078088,49.98863174,49.98863856,2275.899795,2269.921865,31.45000964,-80.41657402,5.8349401,1
730,64,48,32,1,1,1,1,1,0,0,1,1,1,1,1,231.3014905,251.0767319,208.8734627,5.210287692,9.000293104,6.121946651,232.0207488,250.1456371,210.5491562,3.388898437,7.982912364,9.451756232,0.9984278654,-6.745431432,5.747004273,-0.9920577441,6.78071167,-5.788655392,231.2974365,251.0760908,208.8725162,5.002151492,5.623138344,0.7454707158,232.0163937,250.1298469,210.5318833,3.060655232,3.726070242,7.204535009,0,-110.6251659,129.4742969,35.20826522,-143.9834303,159.2244851,-0.3026410205,-110.4754897,129.7983726,-71.36237662,-54.73016201,126.5315519,49.98861837,49.98860676,2277.62003,2278.201314,24.40718382,-86.18683144,6.4550133,1
731,64,48,32,1,1,1,1,1,0,1,0,1,1,1,1,230.0417743,255.7756875,205.6992317,50.27562764,51.39866778,19.09783812,229.3477536,251.8837361,211.4027514,49.28960121,51.05956699,23.52108919,-34.14426932,33.53734111,0.6070087654,33.94769831,-33.38544007,-0.5621366975,228.6862841,254.7349126,205.4490078,12.14884111,12.42780258,8.960470707,229.2380428,251.6044198,210.9874604,8.744096037,12.45578447,16.23760942,0,-112.1166824,127.3218778,37.27822524,173.8178468,-80.04794562,-1.076209508,-111.2599512,128.0542514,-122.1808122,-38.18128494,112.7323192,49.98403227,49.98555073,3160.092288,2782.407717,196.3639128,-44.49447884,6.1551929,1
732,64,48,32,1,1,1,1,1,0,1,1,0,1,1,1,229.9209765,253.2754326,207.6182473,9.062937188,10.23832967,3.433712075,231.6283761,252.3613266,208.1108889,9.867246761,7.508681054,7.245956576,-7.822044646,6.720634573,1.10143225,7.766679184,-6.661333801,-1.105329642,229.8861175,253.2506145,207.6160423,3.358290115,6.957735445,3.007646056,231.6213111,252.3595852,208.1091602,5.234981642,0.9657206267,7.055966314,0,-111.3295423,128.3197994,73.98687023,-119.461592,63.34985392,-0.08030074417,-111.4747492,128.8360497,-38.17180621,-18.94815005,151.0831081,49.98859947,49.98859143,2282.147306,2279.316566,34.74646771,-81.62101689,5.7949157,1
733,64,48,32,1,1,1,1,1,0,1,1,1,0,1,1,232.3448371,253.4447101,205.1252508,55.91318806,27.09850999,52.69235304,237.7805615,248.2281349,207.5514767,56.1810492,23.40166645,54.13733399,-37.16625069,0.6484327923,36.51762247,37.23321956,-0.5726775566,-36.66076556,231.9037453,253.0047546,205.0325314,12.64610876,17.35092428,8.361661537,236.3207017,247.9308295,205.9750866,12.92839687,11.1072716,14.26314397,0,-112.3233965,128.0743225,81.26406919,-131.1266264,2.899914682,-0.7843801865,-112.8594942,129.4677215,-75.70945873,37.70072753,156.9115421,49.98443013,49.98375659,3026.578525,3205.086042,85.67780169,115.1520733,5.776982,1
734,64,48,32,1,1,1,1,1,0,1,1,1,1,0,1,226.799344,254.6767096,209.3418423,28.28604534,23.77933788,6.46666038,226.9753368,255.0877724,209.950242,28.2324361,23.76668612,6.457864087,-26.78283735,22.46308975,4.319748341,26.7485821,-22.43346799,-4.315112987,226.7165892,254.591717,209.2565851,2.586405729,3.385174295,3.925631184,226.8964299,254.9976633,209.8589817,2.37723127,3.514705715,3.921056899,0,-110.6971022,127.9044926,-2.435627884,-112.9634186,127.8830511,0.02595512632,-110.6434892,127.9729548,2.520042616,-108.6547192,127.7124595,49.98769016,49.98768978,2464.35301,2459.984337,60.64475013,-49.64831001,5.5792681,1
735,64,48,32,1,1,1,1,1,0,1,1,1,1,1,0,394.4762658,305.8771928,219.2186394,16.14662204,19.32800219,12.76887647,394.2481577,303.7322065,215.9511761,17.81955911,18.59128925,10.30442987,8.478766271,-14.2901732,5.812893277,-14.20514355,15.7743892,-1.567351658,280.4829715,271.094961,149.1532661,11.4483562,11.18998926,7.142401419,277.006382,267.9019802,147.4911813,6.775638436,6.727195166,3.729434243,0,-135.4636811,120.7413299,-29.00839324,-170.9453419,89.47010952,-0.1111867176,-135.3922573,120.8064969,125.221101,-29.89642284,-140.9766976,49.98281046,49.9777849,3803.205713,4097.604394,-445.5996113,322.5333883,5.6380359,1
883,32,64,64,1,1,1,1,1,1,1,1,1,1,1,1,211.9839821,221.8857806,258.250408,4.141043497,2.342856819,2.774902038,212.5057693,222.0819388,258.5743703,3.811519268,2.53152889,2.879497463,0.007959806026,-0.00553223577,-0.002377535941,-0.007882007063,0.005329057538,0.002601844931,211.9796214,221.8864896,258.2526528,4.140639878,2.342303595,2.774429613,212.5013942,222.0826582,258.5766058,3.811103631,2.531042611,2.879060908,0,-132.9080187,115.2689439,-1.851607837,-138.3497119,117.3113561,0.06516634752,-132.8579642,115.2923121,1.782906434,-127.97464,113.179238,49.98943957,49.98943942,2114.245835,2109.831214,13.72741754,-84.26288112,5.3576143,1
884,32,64,64,1,1,1,1,1,1,0,1,1,1,1,1,211.9389364,221.3046474,258.8246357,7.167453846,8.368493819,5.115957379,212.6658082,220.0270305,260.265952,3.563737458,7.236437793,8.131041548,1.430061325,-6.387313504,4.957297106,-1.418989464,6.405614368,-4.986571411,211.9340044,221.3049007,258.8249769,6.911027284,5.290172193,0.789653525,212.6599101,220.0164574,260.2567457,3.020390377,3.175619504,6.346113716,0,-132.7095664,115.4159825,21.80789342,-168.9788435,-97.74117109,-0.3411678917,-132.5999641,115.6584847,-59.42119234,-52.91596379,111.5457392,49.98935887,49.98936173,2129.913728,2125.966738,10.75543332,-85.71427531,5.9161346,1
885,32,64,64,1,1,1,1,1,1,1,0,1,1,1,1,211.9395398,221.3068717,258.8264548,7.167396683,8.368573671,5.117206729,212.6665248,220.0290165,260.2689006,3.564797476,7.236495755,8.134266155,-1.427344227,6.385937986,-4.95855929,1.416284529,-6.404816227,4.988563997,211.9346211,221.307112,258.8267688,6.910508257,5.292557984,0.7912168311,212.6606295,220.0183994,260.259578,3.020491117,3.179139027,6.349270057,0,-132.709419,115.4159513,21.80798391,-169.0082443,-97.48180086,-0.3410947352,-132.5994385,115.6586729,-59.41109579,-52.89959813,111.5671328,49.98935787,49.98936214,2130.519672,2125.337083,11.07011769,-86.06360342,6.01484,1
886,32,64,64,1,1,1,1,1,1,1,1,0,1,1,1,212.3807895,221.9515112,257.9515831,4.417405214,4.78734516,7.393898224,213.9323688,222.618855,257.0426622,8.015419768,3.253756587,6.381992346,4.172411569,1.342524221,-5.514895588,-4.20297386,-1.333338396,5.536352364,212.3756336,221.9512746,257.9531318,1.258031902,4.467018011,4.84241024,213.9201898,222.6181126,257.036092,6.786919411,2.765127406,3.045225634,0,-133.0995697,115.3100195,17.93454064,-99.107971,82.55788602,0.2760089179,-133.3644387,115.416501,-3.294213736,161.6237435,174.4991145,49.98936578,49.98936822,2128.60395,2124.495331,7.933946213,-89.58820723,5.806916,1
887,32,64,64,1,1,1,1,1,1,1,1,1,0,1,1,212.3836475,221.9526878,257.9467816,4.416992638,4.783519126,7.398725868,213.9290847,222.6199419,257.0400531,8.004213821,3.25702409,6.381527067,-4.171336349,-1.349885877,5.52126511,4.201848863,1.34038101,-5.542185522,212.3785191,221.9524486,257.9483432,1.265725571,4.459669012,4.842828581,213.9169481,222.6191867,257.0334902,6.775425869,2.76371408,3.03318275,0,-133.1015616,115.3095434,17.38178314,-99.11290303,82.69919807,0.2753581817,-133.3656827,115.4148227,-3.221772047,161.7719498,174.5147875,49.98936252,49.9893717,2129.250326,2123.833272,7.732509042,-89.39101404,6.265721,1
888,32,64,64,1,1,1,1,1,1,1,1,1,1,0,1,211.6149261,222.3951307,258.1406901,8.909560826,4.862656026,5.620147369,210.7611305,223.3641075,258.9529531,7.219222028,7.506997143,3.800870882,-6.024334401,4.643237043,1.38114057,6.047411169,-4.671513089,-1.3758564,211.6103063,222.3938668,258.1423182,6.4643487,1.192491295,5.316771788,210.7465592,223.3530208,258.9536682,3.77478422,5.819825651,3.338046066,0,-132.8666869,115.0850667,-28.301698,88.4325421,150.1743791,0.1610985055,-132.5108992,114.807549,53.89440329,-125.0303094,48.05270104,49.98937793,49.98938631,2125.643465,2121.378745,7.496024321,-89.1344087,6.1927547,1
889,32,64,64,1,1,1,1,1,1,1,1,1,1,1,0,211.6122492,222.401563,258.1378293,8.906762562,4.876580641,5.624795745,210.7593242,223.3781725,258.9515833,7.230159032,7.527905174,3.799884817,6.027502572,-4.65385584,-1.373599861,-6.050729603,4.681900505,1.368884785,211.6076223,222.4002685,258.1394793,6.456711535,1.198685146,5.324481638,210.7446963,223.3669668,258.952365,3.78886713,5.836233347,3.341380647,0,-132.8674621,115.0828546,-28.41877336,87.46383771,150.1907925,0.1620779664,-132.5112758,114.8044257,53.8085974,-125.1643622,47.92654352,49.98938471,49.98937923,2125.314959,2121.768653,7.976721122,-89.63488305,5.901498,1
890,32,64,64,0,1,1,1,1,1,1,1,1,1,1,1,212.0703454,219.752869,260.0324864,3.683817027,7.269845266,8.150265522,212.5135817,221.4080376,259.1495139,7.12202086,8.345240488,5.245913862,-1.44579487,6.563649704,-5.11781725,1.450953895,-6.529394723,5.078476428,212.0643638,219.7413215,260.0233322,3.137306634,2.935387941,6.25241886,212.5084838,221.4081277,259.1500553,6.855659059,5.08560245,0.7702665097,0,-132.1803854,115.9864789,-58.58270704,-54.4497502,110.8825259,0.4785927479,-132.2230348,115.8100068,23.01620869,-166.5930751,-108.6382801,49.98935518,49.98935773,2131.667003,2125.642537,14.88954214,-84.58760217,5.8801168,1
891,32,64,64,0,1,1,1,1,1,0,1,1,1,1,1,226.695617,380.4261437,315.293543,14.1725733,16.9046351,20.36024316,222.9033225,380.0625404,312.814737,11.54427154,18.56466604,19.70303912,-6.597424174,-8.874669445,15.47305253,2.288154429,14.44981524,-16.73689836,156.8372907,267.3653279,280.1542158,8.069583072,11.90464303,11.15054508,154.775571,263.5787663,276.6661288,4.515184261,7.607814229,7.129238367,0,-123.1803712,99.60170498,-33.4268078,-155.1338178,63.9899882,0.09671096739,-123.2526511,99.62167572,101.2970789,1.109000207,-145.7900993,49.97833291,49.98421074,3874.127529,3585.029523,-597.3343174,258.5411625,5.7110128,1
892,32,64,64,0,1,1,1,1,1,1,0,1,1,1,1,213.1804702,216.3979306,262.0024788,6.583312242,30.70522611,26.03642201,213.8005034,216.5742762,262.2725436,6.568919332,30.66206615,26.0282009,-4.34605241,28.98594851,-24.63986055,4.336323047,-28.95207974,24.61579937,213.0820595,216.2953965,261.8969028,3.998365365,2.418632401,2.786131079,213.6963032,216.4718679,262.1682781,3.991789951,2.316838251,2.94494757,0,-131.5678392,117.0643662,0.01144217822,-134.046346,115.4142695,0.06771484033,-131.5403516,117.101946,-0.2255713256,-129.106284,118.5147126,49.98824331,49.98822242,2353.916186,2353.12989,51.0200839,-47.60913654,5.868647,1
893,32,64,64,0,1,1,1,1,1,1,1,0,1,1,1,210.0339002,219.9694548,262.3878786,16.94075252,44.1966255,45.49018007,215.089015,219.7889671,258.998617,21.37069985,43.37184292,45.23006626,-0.270060416,30.28350535,-30.01372423,0.2177696148,-30.1187763,29.90084183,209.8403263,218.9008225,261.5484285,7.739456154,10.43442789,10.52592189,214.7944447,219.7117802,258.7791967,15.03198708,7.496206609,10.49209417,0,-131.2350614,116.0633373,147.7345641,-90.78779682,42.2447906,0.5862431073,-132.1814397,116.7114302,-15.86811675,113.9737462,-169.1829687,49.98546501,49.98737432,2844.883089,2429.725812,153.1564303,-88.25956403,5.9030695,1
894,32,64,64,0,1,1,1,1,1,1,1,1,0,1,1,212.6731812,221.1663976,258.3850636,7.802809832,5.210398602,9.862689987,214.544667,221.8524556,257.3695486,10.68474222,3.358037762,9.238956975,-6.966414747,-0.7568863172,7.723305796,7.012226339,0.7495016204,-7.761717688,212.6650685,221.1635437,258.3826496,1.118766796,4.996013739,4.977612155,214.512516,221.8499323,257.3456059,7.338092573,3.01654242,3.510199869,0,-132.9735622,115.5806152,51.19562086,-97.50230361,77.5878015,0.2879882556,-133.3002367,115.7298283,-6.832009203,151.9052678,176.2831887,49.98939326,49.98919794,2126.575724,2161.776664,3.150312799,-81.27552886,6.3265618,1
895,32,64,64,0,1,1,1,1,1,1,1,1,1,0,1,209.490541,222.082144,260.3584895,46.40682628,48.94190115,23.02567572,211.2841022,226.7802941,255.9719817,47.73795759,49.26083213,19.86636514,-32.54729364,33.04275038,-0.4947980398,32.67366101,-33.11012848,0.4370146764,209.4107724,221.7564104,260.0276991,6.980630093,10.07434967,14.84020305,210.0661176,225.5567551,255.7313147,12.56617475,10.68139287,9.491841328,0,-131.7360732,115.1982135,-115.5811801,-48.5649911,99.92044284,1.179354857,-132.3454987,114.6637957,30.25427389,158.4510053,-88.91611486,49.98624748,49.98554115,2665.684848,2821.073743,47.14449924,48.33368277,6.1028294,1
896,32,64,64,0,1,1,1,1,1,1,1,1,1,1,0,211.3739751,219.9800595,260.4549407,3.49546526,11.05965743,11.85725824,211.9302589,221.6432551,259.4213828,7.399393161,11.70913851,9.984261109,-1.254940687,8.635234857,-7.380219931,1.251006876,-8.575929739,7.324996416,211.3619372,219.9201898,260.4000775,2.921565351,3.214627659,6.36837902,211.9212316,221.6361371,259.4124686,7.149957242,5.138899214,1.045029344,0,-131.928511,115.8838438,-64.16638982,-55.42203069,108.1884382,0.5061973064,-132.0000091,115.7206616,21.61947005,-169.4877128,-117.4248679,49.98927282,49.98925188,2150.084679,2146.790691,16.51652866,-85.84647325,6.1135445,1
897,32,64,64,1,0,1,1,1,1,1,1,1,1,1,1,212.0737681,219.7502078,260.0323252,3.688874883,7.287726546,8.172104867,212.5132974,221.4122413,259.1494089,7.124120701,8.37456034,5.267560556,1.446154965,-6.579978369,5.133867017,-1.451283892,6.545195773,-5.093869222,212.0677648,219.7385289,260.0230666,3.147248932,2.940553345,6.261569586,212.5081764,221.41234,259.1499525,6.859570295,5.111390469,0.7631833253,0,-132.1808448,115.9875122,-58.67982399,-53.94730947,111.090961,0.4794794908,-132.2228897,115.8093735,23.10480678,-166.5367336,-106.8862398,49.9893591,49.98935265,2130.988015,2126.530137,14.68201061,-84.43323615,6.062597,1
898,32,64,64,1,0,1,1,1,1,0,1,1,1,1,1,213.1752857,216.3970628,262.0183742,6.582537625,30.7991668,26.12889167,213.7947088,216.5713559,262.281461,6.568456243,30.7483693,26.1167379,4.345009385,-29.0632147,24.7182301,-4.335215156,29.02894458,-24.69370138,213.0759736,216.2927612,261.9110981,3.998083483,2.466541159,2.804087291,213.6905244,216.4688368,262.1761589,3.991850305,2.268973153,2.930379913,0,-131.5620012,117.0657267,0.01894967365,-134.0119017,114.5085578,0.06864922654,-131.5354311,117.1035187,-0.2323051537,-129.0280413,119.4008616,49.98821963,49.98823361,2357.020011,2351.100257,50.81335396,-47.29171804,6.155448,1
899,32,64,64,1,0,1,1,1,1,1,0,1,1,1,1,227.1593083,380.4993354,315.7526717,11.6815514,15.15134545,17.99087661,224.3830957,380.3065635,313.6332475,9.302321354,16.86462153,17.41190196,5.414148857,7.860430982,-13.27436654,-1.068779775,-13.47509005,14.54398236,157.3257076,265.7431158,280.4785477,6.65996221,10.6465281,10.0791903,155.9016547,262.4879137,277.3580266,3.325459426,6.169331462,6.252871506,0,-122.790305,100.2366607,-30.09285009,-150.9446044,64.30218529,0.09339998974,-122.9035763,100.2865142,88.0344049,2.942361661,-150.5812135,49.98171909,49.98113858,3485.132285,3953.075129,-551.2883383,209.6577189,5.8735158,1
900,32,64,64,1,0,1,1,1,1,1,1,0,1,1,1,212.6954581,221.307859,258.2719606,6.877939543,5.058951198,9.109798452,214.3932879,221.9695027,257.2441425,9.846200012,3.246692249,8.283069045,6.074321578,0.9375562313,-7.011818037,-6.116176749,-0.931769392,7.048000576,212.6890261,221.3060767,258.2709685,1.072015626,4.837794967,5.10061739,214.3658135,221.9675246,257.2228826,7.084259099,2.890485802,3.336730954,0,-133.0203597,115.5380182,30.5985579,-98.47293098,79.73682012,0.2864720475,-133.3281602,115.6633844,-4.431883551,154.3201138,178.8002001,49.98931003,49.98932464,2139.924423,2132.828932,7.492508247,-87.52937223,5.8557622,1
901,32,64,64,1,0,1,1,1,1,1,1,1,0,1,1,208.7788524,219.8740705,263.6693697,23.47866966,56.70620767,58.57252268,215.3225177,218.6844817,258.9305818,27.60862888,55.70709,58.32065058,0.07287994111,-38.27080726,38.19807094,0.00114102791,38.06045043,-38.06145235,208.4580185,218.1418939,262.3464361,10.98068619,13.51959728,13.64889153,214.8093269,218.5563948,258.543352,18.01693758,10.14050541,13.88838868,0,-130.6223751,116.1481492,145.337636,-93.89099465,35.96460356,0.6841602738,-131.9151086,117.076153,-20.17688784,102.7032455,-167.9054414,49.9841605,49.98443067,3154.990553,3075.530845,225.7144763,22.44922789,5.7122816,1
902,32,64,64,1,0,1,1,1,1,1,1,1,1,0,1,211.4116855,219.9070023,260.4951615,3.611333281,10.79900372,11.58099341,211.9603777,221.5492125,259.4802667,7.385163035,11.49892191,9.684164741,1.318870837,-8.730730782,7.411946715,-1.314459998,8.670375154,-7.355822742,211.3979712,219.8443836,260.4381909,2.91593843,3.187352127,6.302356712,211.95063,221.5406457,259.4688063,7.075842964,5.202860737,0.8954505156,0,-131.9187014,115.9090101,-62.67431608,-53.90216931,109.5267844,0.496902385,-131.9908578,115.7452314,21.51346436,-168.8283114,-114.080718,49.98929618,49.98924737,2139.93568,2148.036868,13.31794238,-81.7573771,5.6430469,1
903,32,64,64,1,0,1,1,1,1,1,1,1,1,1,0,209.2265011,222.1371976,260.4101767,51.03637505,53.68406831,24.98984656,211.7729774,227.6349289,255.4425201,52.55810765,54.05253224,21.85438512,35.39992618,-35.63436595,0.234652931,-35.53048091,35.70411102,-0.1734137508,209.1397001,221.7298148,259.9994898,7.962564468,12.12660587,15.82834081,210.3621949,226.1871951,255.1725632,14.22580692,12.82751062,10.49843862,0,-131.6801717,115.1886415,-128.1253017,-45.09070497,99.27574673,1.328299292,-132.4332978,114.6335674,26.31834493,157.2798025,-89.02748791,49.9856538,49.98461046,2783.223312,3046.810415,64.89072243,91.84404676,5.9469888,1
904,32,64,64,1,1,0,1,1,1,1,1,1,1,1,1,213.2211891,222.3175846,256.9787062,7.865709107,3.226351786,5.989215024,212.7981822,222.1294343,258.4019017,4.090669866,4.90223671,6.96038179,-3.840818794,-1.234305678,5.075171159,3.797825891,1.243395906,-5.041168138,213.2116853,222.3171391,256.9724613,6.831991391,2.830495914,3.080658707,212.7934966,222.1289077,258.403275,1.368281763,4.649358548,4.73412328,0,-133.5792681,115.2074212,-5.912176815,157.7915036,172.33109,-0.1163713247,-133.2416078,115.1472297,29.67382635,-98.9749487,81.96320589,49.98937365,49.98937328,2127.461889,2123.045406,8.721454673,-89.71893873,5.9830035,1
905,32,64,64,1,1,0,1,1,1,0,1,1,1,1,1,213.6960034,220.5834138,258.6385811,14.02463512,28.45128946,28.98853656,211.8385601,219.9663232,261.3028611,9.064593002,28.87921813,29.37655013,0.6647259766,-20.30990003,19.64297866,-0.6958503228,20.37884937,-19.68525677,213.5981024,220.5463253,258.5650286,11.13526729,5.312334247,5.913717601,211.7409134,219.4667321,260.9344333,3.333745754,6.906784265,7.142099533,0,-133.0318138,115.8178065,-6.966811362,141.1970373,-168.2543592,-0.468291166,-132.4849991,115.5934736,156.97572,-82.80848861,62.20794896,49.98906755,49.98725884,2155.340257,2470.081799,-25.85758569,-11.14329561,6.2280287,1
906,32,64,64,1,1,0,1,1,1,1,0,1,1,1,1,214.0284533,221.1998687,257.5526646,11.67593595,3.358886689,10.07864802,213.3408249,221.0425638,258.9736111,9.100931754,5.289035168,10.52087364,-7.06806465,-0.8592512906,7.926779377,6.989434993,0.8646261476,-7.854604402,213.9630133,221.1837413,257.496531,7.301022354,2.916654633,3.588125115,213.3184863,221.0305337,258.9635298,1.298035622,5.022055177,4.836029645,0,-133.4882668,115.6411003,-8.343143219,150.2237208,173.7529556,-0.1077455447,-133.1065825,115.5424781,52.7198757,-99.05773206,76.44907765,49.98928096,49.98926491,2144.951642,2141.458351,2.410299342,-79.93798745,5.9685511,1
907,32,64,64,1,1,0,1,1,1,1,1,0,1,1,1,272.3761754,218.2898974,411.929573,23.73191398,14.19067877,21.01032994,275.7257182,224.0142689,413.7232551,23.81640372,16.1796646,19.55881316,-20.38880894,4.255066879,16.13358101,17.63806453,-7.005386113,-10.63289007,232.376695,143.3474692,309.6195087,7.559804791,5.929166507,8.580812718,237.3113699,146.5712281,314.587451,13.38943751,8.473384335,13.42046869,0,-114.0594045,137.5553975,109.982896,21.35908892,-101.5161383,0.1137738636,-113.7672562,137.6394708,-32.05204896,-143.4312325,104.296461,49.97960741,49.98075317,3964.043907,3975.288871,963.6794426,-267.7504101,5.7415433,1
908,32,64,64,1,1,0,1,1,1,1,1,1,0,1,1,214.4518383,224.2210873,254.5123126,20.00177517,4.916557737,23.64585988,215.0688237,224.4657791,254.7290391,19.99016222,4.918275688,23.59651749,-18.98505536,-3.544044196,22.52914009,18.95032179,3.547838016,-22.49811554,214.396033,224.16664,254.4699992,3.961369908,2.452979922,2.860436863,214.9959945,224.4085453,254.6922155,4.080519825,2.450790185,2.709347922,0,-134.7264048,114.7517874,-1.653344229,-134.7870585,112.6964855,0.08221064588,-134.7003538,114.7787948,1.402816928,-134.7886013,116.794981,49.98869145,49.98870331,2262.940542,2257.915373,12.5895348,-85.06294984,5.8328106,1
909,32,64,64,1,1,0,1,1,1,1,1,1,1,0,1,216.408331,219.8467596,257.5191575,50.37645316,19.95950112,49.20111299,212.7164164,224.4431701,256.4555368,50.02698682,22.79826301,47.98470425,-33.0369863,-0.135020776,33.17218825,32.83805555,0.1246073671,-32.96248406,215.3251367,219.5294294,256.308708,12.064239,9.937266464,12.60813411,212.4689136,223.9766027,256.3619633,12.45085882,14.69023102,8.34697117,0,-133.8497645,116.2093841,-73.40968971,33.65372244,147.1465136,1.0216119,-133.0002515,115.2463682,68.43525874,-142.1607646,-12.36619438,49.98535051,49.98582732,2915.353399,2792.475238,161.8443961,-25.409753,5.8179746,1
910,32,64,64,1,1,0,1,1,1,1,1,1,1,1,0,211.5943713,222.558873,258.0279306,9.366330139,5.662814726,5.715866273,210.7016637,223.5711751,258.8366871,7.767712808,8.118980613,3.801192194,6.498124289,-5.249180811,-1.248887866,-6.525698903,5.280733625,1.245013959,211.5893764,222.5569353,258.0294529,6.531754621,1.255008561,5.436936104,210.6841593,223.5555993,258.8372904,3.863083266,5.922259457,3.368288139,0,-132.9087385,115.033174,-29.16185393,84.34005528,150.1595286,0.1688382643,-132.5466986,114.7438109,55.09007223,-125.4737021,45.97327144,49.98936729,49.98937166,2128.218141,2123.815154,6.593024389,-89.54772913,5.8677316,1
911,32,64,64,1,1,1,0,1,1,1,1,1,1,1,1,213.2215126,222.3165914,256.9797973,7.842583153,3.228249327,5.977564312,212.8031156,222.1294256,258.3994329,4.073455055,4.893889732,6.946779355,3.819122521,1.247856112,-5.06692825,-3.776185947,-1.257284826,5.033516312,213.2120151,222.3161316,256.9735821,6.817981359,2.824456256,3.069308769,212.7984233,222.1288848,258.4007997,1.378825028,4.635563309,4.721361864,0,-133.5789677,115.2078652,-5.898589659,158.0496795,172.0945706,-0.1161859037,-133.2427784,115.1479878,29.27984281,-99.0121325,82.10069424,49.98937281,49.98937516,2127.685228,2122.600126,8.95820611,-89.90717519,5.7487408,1
912,32,64,64,1,1,1,0,1,1,0,1,1,1,1,1,214.7156641,220.2368618,258.2017549,13.58565284,3.867107494,12.25923243,213.9297786,220.0037075,259.5510367,11.40554174,5.525361236,12.52774379,9.532955824,0.7882091797,-10.32073129,-9.419301502,-0.7962893516,10.21601745,214.4707967,220.1148245,258.071565,7.286532664,2.975246141,3.481930239,213.7902113,219.9159166,259.5055678,1.440416519,4.947760181,4.610955629,0,-133.341438,115.9987411,-9.453801552,151.9323258,170.4359855,-0.1154958813,-132.9643527,115.8962689,54.28640565,-97.8027915,77.94506371,49.98880981,49.98958813,2228.008597,2089.470682,19.94657636,-88.5298357,5.8628018,1
913,32,64,64,1,1,1,0,1,1,1,0,1,1,1,1,214.4034623,218.4202306,259.1331952,27.0769815,54.81069345,57.32164082,209.2086402,219.9531299,264.3379087,22.78884753,55.67949472,57.46079697,-0.1410020641,37.45259093,-37.3114797,0.2102589127,-37.57768631,37.36753498,213.9457759,218.2870698,258.7620728,17.87158146,10.15574602,13.52383587,208.8854901,218.2236799,263.0784379,10.76036697,13.42656655,13.33962354,0,-132.7651963,116.3547327,-20.65470603,103.4816675,-168.050389,-0.5392508645,-131.426707,115.5170125,144.5235816,-93.59453639,36.43380298,49.98466159,49.98430675,3027.702763,3121.897277,114.6087704,118.7842276,5.7590033,1
914,32,64,64,1,1,1,0,1,1,1,1,0,1,1,1,214.4616356,224.2314116,254.5027831,20.09665727,4.916860496,23.74175974,215.0803683,224.474168,254.7175845,20.08599999,4.91952619,23.69359698,19.07189619,3.543951962,-22.61580805,-19.03669256,-3.548064559,22.58479483,214.4049702,224.1762127,254.4594794,3.957352727,2.452315542,2.854209182,215.0068987,224.4163471,254.680694,4.084694664,2.451646946,2.715453121,0,-134.732211,114.7500368,-1.599740258,-134.8113681,112.6567965,0.08223369204,-134.7064474,114.7777406,1.347949619,-134.7761598,116.8244002,49.98869949,49.98869218,2263.588854,2258.757698,12.79693453,-85.19791067,5.8284176,1
915,32,64,64,1,1,1,0,1,1,1,1,1,0,1,1,272.3810371,218.44459,411.8019475,23.59883451,13.4660921,21.20130326,275.7506393,224.0626008,413.356887,23.63947994,15.41373705,19.5246432,20.55277955,-3.892282992,-16.660183,-17.80723407,6.643285068,11.16418137,232.4009613,143.4439853,309.5098365,7.648526814,5.76140621,8.359214553,237.34016,146.5204509,314.2981115,13.34572746,8.217147781,13.15072923,0,-114.1243843,137.5237646,108.5821353,17.83806803,-102.5834761,0.09058450142,-113.9137676,137.6090826,-32.91463523,-145.5157236,104.0857294,49.97640387,49.98406919,4051.973284,3885.570088,952.8120349,-254.9395561,5.8394535,1
916,32,64,64,1,1,1,0,1,1,1,1,1,1,0,1,211.5943831,222.5558552,258.0269687,9.322516017,5.567885352,5.716014967,210.6929189,223.5651274,258.8389044,7.69595351,8.056167321,3.800387311,-6.446809405,5.207626464,1.239260729,6.474345767,-5.23927394,-1.234990101,211.5893773,222.5539821,258.0285259,6.552625966,1.269409479,5.444524035,210.6758101,223.5501865,258.8395912,3.861473188,5.930638945,3.379409478,0,-132.9085711,115.0332172,-29.16637511,84.70565302,150.2597843,0.168382519,-132.5448252,114.7430884,55.39971423,-125.3359989,45.88831854,49.98935944,49.98938147,2129.002218,2122.496111,7.249572974,-90.21810804,5.9806825,1
917,32,64,64,1,1,1,0,1,1,1,1,1,1,1,0,215.6479509,220.4935353,257.173743,43.81717227,17.06181233,42.74214811,212.7010409,224.4740424,256.8289316,43.51199994,19.96682849,41.66694141,29.11872425,0.004917801469,-29.12306134,-28.93972603,0.003089377083,28.93719823,214.8095469,220.2407898,256.2318508,10.26545577,8.497858442,10.7730745,212.5159913,224.1258012,256.757719,10.63419935,13.29072799,6.888506602,0,-133.8437078,115.9384076,-69.8456779,35.87722402,149.6711478,0.8388387279,-133.0503236,115.1264758,65.12344981,-140.2895102,-3.140537532,49.98616061,49.98696155,2726.312486,2542.701147,128.8050231,-71.45787937,5.7893365,1
918,32,64,64,1,1,1,1,0,1,1,1,1,1,1,1,210.1979552,223.2030062,258.6243304,7.231282357,7.401729426,3.751434354,212.1300162,222.6582375,258.3988939,8.724977236,4.820598569,5.594678956,6.106895018,-4.713605749,-1.393253929,-6.058807908,4.66904279,1.389804848,210.1854656,223.1888407,258.6248627,3.688304226,5.65011039,3.261534293,212.1254866,222.6557181,258.4008245,6.167224192,0.8916933523,5.280361699,0,-132.5697836,114.738769,49.24191785,-127.9021757,48.28236082,-0.01841220906,-132.8389996,115.064169,-27.08858912,79.66311588,149.2912792,49.9893896,49.98938862,2123.860374,2120.429409,6.652900787,-90.7870633,5.607525,1
919,32,64,64,1,1,1,1,0,1,0,1,1,1,1,1,210.8148636,226.6438237,256.3774893,43.92224108,44.39478951,15.52476493,210.3336474,222.2788038,260.2603153,42.34972,43.75451576,18.75494348,29.98564313,-29.49951345,-0.4856731377,-29.75012088,29.3360204,0.4145502059,209.9120488,225.5285885,256.2083378,12.0819274,10.82952732,7.139338418,210.2748325,222.0208364,260.0599663,6.195500779,9.368613459,12.63056182,0,-133.4555103,113.8047693,26.53464384,166.8953645,-83.17575995,-0.9596353275,-132.9607699,114.3582164,-118.2251593,-39.95376516,104.3861636,49.98573787,49.9876791,2800.772545,2370.838914,92.61159678,-59.78631857,6.0675801,1
920,32,64,64,1,1,1,1,0,1,1,0,1,1,1,1,211.3915148,221.4023395,259.1991751,7.48492545,12.01256268,10.29537561,211.9874786,220.152773,260.7838699,3.511137164,11.32139253,12.11640882,-1.30569477,8.895359702,-7.589601714,1.30409438,-8.936606679,7.632573352,211.3811291,221.3933091,259.186452,7.162406895,5.364194634,0.9255232121,211.9722589,220.0840358,260.7195937,2.75316001,3.429155948,6.365503756,0,-132.4875637,115.3469005,19.95577983,-171.3962925,-109.8292323,-0.3610783194,-132.3466439,115.5703641,-64.19498849,-53.50641401,109.453701,49.989246,49.98926799,2152.773982,2141.36295,12.01381958,-85.57586304,5.8172173,1
921,32,64,64,1,1,1,1,0,1,1,1,0,1,1,1,212.0571726,224.5921168,255.9110771,50.40769379,22.81836793,48.35449674,217.0079244,220.4627866,257.4540508,50.52864716,19.94997922,49.42030281,33.1125708,0.1195089973,-33.23192373,-33.17944505,-0.1604283015,33.34001636,211.783039,224.1575624,255.8480974,12.3014342,14.65292511,8.337455576,215.7732121,220.1509241,256.3456895,11.79179059,9.88156051,12.5706593,0,-133.9096758,114.4153235,66.86966627,-143.8399422,-13.10400144,-0.8738249605,-134.683358,115.4287585,-74.45320756,31.49044755,146.323894,49.98583201,49.98531896,2791.492959,2918.480161,64.6403485,57.88061218,5.7536517,1
922,32,64,64,1,1,1,1,0,1,1,1,1,0,1,1,210.1200054,223.4800041,258.4533092,7.98093374,8.255252932,3.750628182,212.11078,222.877445,258.2336162,9.372175901,5.918693923,5.731009863,6.756672387,-5.548718477,-1.207899042,-6.699769902,5.497033243,1.20278698,210.1039501,223.4587861,258.4535995,3.795627034,5.787143459,3.302806895,212.1057751,222.8736857,258.2353052,6.271898781,0.9937935406,5.450714313,0,-132.6300211,114.6456899,51.25958036,-128.3817283,45.25350011,-0.02903939689,-132.9083787,114.987871,-28.32039537,73.96464364,149.2679522,49.98938072,49.98936259,2127.107249,2124.0412,6.125075546,-92.14310816,5.7407658,1
923,32,64,64,1,1,1,1,0,1,1,1,1,1,0,1,321.0189444,320.151117,296.1064328,18.98641366,20.45057305,13.63814727,322.1815358,320.6464806,298.1933112,16.74111056,19.5402574,14.39510175,7.482805091,-7.580510933,0.09440132298,-0.8057547358,4.765040671,-3.962440685,248.6462384,264.308834,202.5606916,6.193559765,2.681485331,2.259048075,250.2877723,265.3280757,203.9794405,5.157839008,3.544168079,4.532033405,0,-155.8240404,108.9307651,31.04138198,-130.8727023,-173.4665338,-0.1030195879,-155.7709896,108.9319485,-38.58158764,-174.5088904,79.7378018,49.97041299,49.98835825,4221.397558,4032.681247,38.32105341,-303.1993945,5.7885247,1
924,32,64,64,1,1,1,1,0,1,1,1,1,1,1,0,206.96957,224.6722899,260.0016877,32.83171032,28.4256174,5.81414127,207.5432926,224.8757268,260.2854733,32.75185839,28.39267991,5.798042454,30.80416299,-27.09478832,-3.709357624,-30.74168513,27.05083,3.690865586,206.8434866,224.516348,259.8961401,3.93142391,2.388602932,2.843533075,207.3848999,224.7408107,260.1803363,3.827761304,2.527904377,2.841958128,0,-131.5629947,114.0767364,-1.855599276,-134.3569719,114.3232111,0.07379277834,-131.5232019,114.1017768,1.690629086,-129.0326166,113.7065666,49.98816118,49.98815588,2370.13564,2366.295651,34.26723439,-63.32021323,5.6332525,1
925,32,64,64,1,1,1,1,1,0,1,1,1,1,1,1,210.1972023,223.1994153,258.6196391,7.227684626,7.401202975,3.750461943,212.1344765,222.6585363,258.3926209,8.733975185,4.824763591,5.59610376,-6.105768616,4.716339384,1.389479502,6.057765082,-4.672209228,-1.385508184,210.1847444,223.185272,258.6202045,3.682369762,5.645980771,3.262946161,212.1299288,222.6560322,258.3945589,6.180546777,0.8925889438,5.28340396,0,-132.5706363,114.7390691,49.43283307,-127.8051914,48.23151544,-0.01729220318,-132.8402858,115.0649646,-27.06113561,80.33280531,149.3014552,49.98939651,49.98938168,2124.029755,2120.29879,7.128336981,-91.29582585,5.7949855,1
926,32,64,64,1,1,1,1,1,0,0,1,1,1,1,1,211.2887437,221.6180322,259.0906098,7.590787163,12.79069496,11.25590293,211.8641644,220.3117532,260.7643913,3.314554444,12.16752622,13.02400155,1.14266161,-8.91721464,7.774620556,-1.14308403,8.960852118,-7.817699719,211.2780412,221.6085811,259.0786717,7.37315246,5.414575184,1.199082719,211.8493462,220.235251,260.6920655,2.776695502,3.583313227,6.563846894,0,-132.5176427,115.2688553,20.24564337,-172.9879333,-110.9838908,-0.3860339557,-132.3680764,115.4960331,-68.68384124,-54.01960134,107.7135463,49.98921808,49.98923437,2158.451301,2153.407014,8.402663169,-83.7364872,5.6515177,1
927,32,64,64,1,1,1,1,1,0,1,0,1,1,1,1,210.751535,227.4039516,255.5832881,50.10524682,51.40146882,20.30561066,209.6948112,222.5192052,260.74643,48.38901143,50.87386149,23.43395068,-33.90082316,33.95075087,-0.04972339052,33.6382796,-33.7763637,0.1382857785,209.5834994,225.9679879,255.3469164,13.6692291,12.42111203,9.766887897,209.6134972,222.1074623,260.4019362,7.384805658,11.60939466,15.11154206,0,-133.6693306,113.5559652,24.9313231,157.44207,-88.91959433,-1.124296585,-132.9133773,114.1509638,-127.8461526,-45.79942794,99.33327427,49.98505422,49.98608964,2963.752999,2698.062673,165.1398415,-48.03211868,5.7483138,1
928,32,64,64,1,1,1,1,1,0,1,1,0,1,1,1,210.1216606,223.4695576,258.4626456,8.005245606,8.278547122,3.752420097,212.1113142,222.8691292,258.2432475,9.390852514,5.948604429,5.728456148,-6.781980328,5.572362735,1.209658805,6.725223433,-5.520965975,-1.204210004,210.1055991,223.4481828,258.4629535,3.795175717,5.789754722,3.30552341,212.1063275,222.8653735,258.2449415,6.26879141,0.9962046198,5.448398033,0,-132.626632,114.6495464,51.21012429,-128.3831058,45.31340721,-0.02855228165,-132.9046116,114.9913061,-28.31050552,73.87919292,149.3063153,49.98937553,49.98936772,2127.570648,2123.621824,6.525593457,-92.4922519,5.8465431,1
929,32,64,64,1,1,1,1,1,0,1,1,1,0,1,1,212.0338466,224.5189793,256.4270973,42.05613594,19.08899621,40.33840109,216.0344047,221.2006543,257.0963595,42.17224101,16.1449906,41.24462546,-28.10780661,-0.005106374543,28.11304415,28.16912283,0.03808612886,-28.20709767,211.8451705,224.224605,256.3837147,9.965820085,12.79034666,6.53744585,215.1437806,220.9657011,256.2876716,9.555047341,7.969750864,10.26591577,0,-133.7524244,114.4746436,62.91611491,-141.0983587,-0.5638074377,-0.6356472421,-134.4539769,115.2972605,-68.85285074,34.64846112,149.8755927,49.98724804,49.98633492,2484.728498,2685.43771,11.53969283,18.01460442,6.0086057,1
930,32,64,64,1,1,1,1,1,0,1,1,1,1,0,1,206.9756176,224.6726285,259.9988716,32.7925476,28.38482875,5.818168831,207.5452598,224.8666643,260.2819985,32.70791989,28.34958759,5.801418781,-30.76927584,27.06115054,3.708141802,30.70702624,-27.01748379,-3.689517264,206.850028,224.5179618,259.8931992,3.952371346,2.404279291,2.844018667,207.3854114,224.7319793,260.1754384,3.807039829,2.513767526,2.841376377,0,-131.5654904,114.076629,-1.854832693,-134.7247035,114.2952917,0.0720453101,-131.5259699,114.1018827,1.707817097,-128.6546446,113.7343447,49.98816163,49.9881629,2369.595242,2365.884188,33.81089723,-62.93303082,5.7185539,1
931,32,64,64,1,1,1,1,1,0,1,1,1,1,1,0,321.0213719,319.8458165,296.4774533,17.68283125,17.96278985,10.76463508,322.4885189,320.7280943,298.2208668,15.64470311,17.37998833,11.79676263,-10.94377079,11.33824331,-0.3948183499,4.22754776,-8.502873317,4.274917233,247.4654654,263.421226,202.7479669,4.954144933,3.744153197,2.883409336,250.5105214,265.6421839,203.8263614,8.762632709,7.53806718,5.083030635,0,-155.6006128,108.8345016,68.01370851,-53.0977419,-166.1256969,0.02500450835,-155.6315579,108.9141222,-31.71053295,175.3375076,74.40839684,49.97328371,49.98568091,4031.389317,4183.971229,105.8285345,-384.7042333,5.5599233,1
1079,32,96,96,1,1,1,1,1,1,1,1,1,1,1,1,208.0004287,217.1968004,270.4350679,4.131854163,1.727537431,2.167367473,208.4946573,217.243854,270.6479081,3.670724966,1.934627224,2.355923431,-0.007449924318,0.01086189033,-0.003306608485,0.007566190043,-0.01110210257,0.003646805957,207.9932459,217.1975528,270.4394604,4.131377246,1.726777818,2.166791284,208.4874709,217.2446138,270.6523014,3.670237471,1.933989323,2.355421235,0,-138.812306,112.045745,-1.722572687,-147.9705951,116.7522582,0.05838702994,-138.7711796,112.0527621,1.700334138,-130.7099796,107.6217417,49.99092809,49.99092337,1816.463956,1813.131024,-39.53328045,-109.3821763,5.7252947,1
1080,32,96,96,1,1,1,1,1,1,0,1,1,1,1,1,207.9879677,216.5503612,271.0055402,7.044261307,7.918687469,5.002165523,208.6954722,215.1494836,272.230143,3.484714118,6.915306023,7.511751117,1.400962851,-6.173855677,4.772984996,-1.391876973,6.188673512,-4.796709154,207.9803054,216.5507345,271.0080594,6.794484208,4.831610858,1.21482249,208.6866557,215.139715,272.224,2.952223029,2.876329709,5.714223049,0,-138.6323462,112.1835755,21.72269911,-174.9846435,-80.78888211,-0.3423492369,-138.5765081,112.4086552,-59.6304891,-42.7813215,109.4891328,49.99085077,49.99085094,1831.416342,1828.219855,-41.44212301,-109.9798326,6.1591223,1
1081,32,96,96,1,1,1,1,1,1,1,0,1,1,1,1,207.9866621,216.5499627,271.0038596,7.048631353,7.929950076,5.024433688,208.6947165,215.1485271,272.2304226,3.484311689,6.927983951,7.529866995,-1.395665276,6.185081911,-4.789310517,1.386694067,-6.20036619,4.81378461,207.9790018,216.5503358,271.0063777,6.800163882,4.833457473,1.221059563,208.6859222,215.1387515,272.2242348,2.954376656,2.878968874,5.719777861,0,-138.6325064,112.1829693,21.74830949,-175.0071231,-80.93803493,-0.3427641307,-138.5765364,112.4081847,-59.74894098,-42.7792267,109.4462382,49.99085169,49.99084955,1830.876764,1828.698485,-41.54100891,-109.8852978,5.591794,1
1082,32,96,96,1,1,1,1,1,1,1,1,0,1,1,1,208.3332761,217.3264021,270.1718339,4.116454173,3.929351661,6.661915472,209.7699164,217.9351475,269.2178008,7.510812872,3.029182105,5.738659432,3.814992887,1.286373494,-5.101280098,-3.840091421,-1.279320552,5.119509671,208.3255809,217.3261522,270.1755207,1.4352311,3.581226136,4.197764148,209.7566956,217.9345968,269.2144871,6.429188049,2.564892739,2.446903119,0,-139.0028122,112.0770448,12.94650219,-97.46975027,79.57502463,0.2609480626,-139.2451113,112.1405178,-2.897966319,152.6251777,179.1150034,49.99085797,49.99086254,1829.538572,1826.248113,-45.26784018,-114.6605763,6.0846684,1
1083,32,96,96,1,1,1,1,1,1,1,1,1,0,1,1,208.3311382,217.3324666,270.1663822,4.110725821,3.923579528,6.658600509,209.7656246,217.9421553,269.2201109,7.502337809,3.028380867,5.740588228,-3.807718704,-1.296861691,5.104689045,3.833006754,1.289235881,-5.122127499,208.323465,217.3322166,270.1700769,1.439541162,3.570024687,4.188436469,209.7524069,217.9415311,269.2167836,6.423945868,2.557207307,2.444562026,0,-139.0042115,112.0745755,12.80076419,-97.53733632,79.58355198,0.260551474,-139.2445801,112.1378199,-2.877306785,152.8310057,178.9007164,49.99085511,49.99086567,1830.108463,1825.635753,-45.01053878,-114.8963076,6.203358,1
1084,32,96,96,1,1,1,1,1,1,1,1,1,1,0,1,207.6411733,217.6377827,270.348541,8.644891929,4.736284006,4.935345166,206.8012093,218.2443996,271.1574054,6.774247177,6.710852217,3.790388307,-5.673627563,4.322517367,1.351223997,5.693791093,-4.345145506,-1.348531491,207.6338016,217.636545,270.3524729,6.42195357,1.800772989,4.610299053,206.785086,218.2341383,271.1604331,3.488988829,5.064718686,3.357262943,0,-138.7257833,111.8891475,-26.46323753,86.46952086,154.9032397,0.1352092925,-138.3597109,111.6329911,54.65325118,-124.0325565,41.74583767,49.99087319,49.9908871,1826.505943,1821.337865,-44.99903607,-114.148344,6.474217,1
1085,32,96,96,1,1,1,1,1,1,1,1,1,1,1,0,207.6463429,217.6301759,270.3506209,8.62578985,4.716320454,4.938123566,206.8085776,218.2408359,271.1581061,6.762742759,6.700179919,3.785759102,5.657059932,-4.305860996,-1.351093107,-5.676932504,4.327824476,1.349219839,207.6389582,217.6289647,270.3545352,6.412244705,1.796155543,4.615256062,206.7925705,218.2307417,271.1611703,3.496300922,5.067767517,3.354717492,0,-138.7259105,111.8918412,-26.51456393,86.01990782,154.844796,0.1353832408,-138.3606413,111.6351324,54.50783948,-124.1967008,41.63795819,49.9908791,49.99088135,1825.549307,1822.296887,-44.95023538,-114.1830329,6.3642087,1
1086,32,96,96,0,1,1,1,1,1,1,1,1,1,1,1,208.1615348,214.9220495,272.140117,3.647143138,7.058446984,7.607332355,208.5840131,216.4546561,271.2019525,6.979339226,8.037220424,5.211040503,-1.440624235,6.455599378,-5.014888026,1.445313531,-6.432356595,4.987132859,208.1526825,214.9106384,272.1339191,3.10724703,2.6395389,5.630935654,208.5761287,216.4548447,271.2047165,6.713123138,4.695495507,1.128315191,0,-138.1307614,112.7541942,-58.36062124,-41.58913795,109.8905379,0.4781750049,-138.1443026,112.5575912,23.23583282,-172.1254818,-81.08299621,49.9908416,49.99084418,1833.61131,1829.226588,-36.45561643,-108.266676,6.2222896,1
1087,32,96,96,0,1,1,1,1,1,0,1,1,1,1,1,218.5149401,387.8040162,321.9755364,16.55816268,17.72013902,21.85440061,214.5774941,387.3428083,319.4512541,14.71010968,19.16874498,21.3692704,-6.782126025,-8.797994889,15.57869531,2.974819632,13.32039295,-16.29651355,154.5417676,262.1459243,288.9537342,8.392599725,11.13837407,9.969017742,152.2693082,258.5126481,285.9093978,5.199310061,8.226454259,7.033446959,0,-127.8309458,97.13685055,-37.77402875,-166.8234523,56.77802122,0.1810243943,-127.7856019,97.16940421,99.66299008,-6.194360066,-149.3723417,49.98177506,49.98674667,3445.756487,2803.515607,-632.1568979,186.7332493,5.7874717,1
1088,32,96,96,0,1,1,1,1,1,1,0,1,1,1,1,209.4689582,211.1489077,274.2325311,6.463054253,31.83104228,27.24826674,210.079109,211.2107537,274.3629157,6.451241845,31.80408849,27.247506,-4.186297159,30.0457031,-25.8593911,4.178857232,-30.02815045,25.84928574,209.3589352,211.0303967,274.1224442,3.927395039,1.839072985,2.223914637,209.9629476,211.0965868,274.2559398,3.923150875,1.682509924,2.348955791,0,-137.5864306,113.8695456,-0.004970587963,-140.4629341,111.2971577,0.06926358418,-137.5708116,113.8891919,-0.2078949363,-134.5397515,116.2177806,49.989599,49.98962259,2081.619176,2073.676095,3.781958284,-68.13550276,5.730553,1
1089,32,96,96,0,1,1,1,1,1,1,1,0,1,1,1,207.6452112,215.0025374,272.620829,7.535977263,25.74837686,26.08953713,210.2685921,216.118982,270.6754395,12.33114387,25.52002558,25.69227979,-0.782812666,18.4645448,-17.68399684,0.7549606336,-18.38996025,17.63237399,207.5782854,214.5975525,272.3374712,2.292970231,5.368000975,6.124892542,210.1948658,216.0862271,270.621858,9.998436213,4.677284263,4.76558172,0,-137.963924,112.8341325,161.0478887,-79.12166212,62.37286178,0.5697979586,-138.3414685,113.0104089,-4.189873039,142.0100828,-164.7149199,49.98913115,49.99068158,2110.060114,1838.491184,26.43728345,-145.2031564,5.8435311,1
1090,32,96,96,0,1,1,1,1,1,1,1,1,0,1,1,208.6496869,216.328514,270.7330755,8.874611409,4.477993681,10.41061228,210.4662393,216.9918826,269.6598245,11.30964697,3.339997661,9.938446748,-7.674171857,-0.5839460321,8.258067472,7.718909628,0.5766579618,-8.295616606,208.6370318,216.3230584,270.7302896,1.223303478,4.193431105,4.363716069,210.424282,216.9868238,269.6305142,7.063315746,2.949348242,2.976081192,0,-138.85364,112.3921456,47.27501241,-95.418996,73.19447638,0.2733984538,-139.166995,112.5009708,-7.324137031,142.1883911,-179.7404958,49.99088217,49.99063381,1829.757246,1874.327753,-49.45909108,-102.8941602,5.7550374,1
1091,32,96,96,0,1,1,1,1,1,1,1,1,1,0,1,205.840596,217.0803657,272.2525206,41.99191018,44.11133578,20.11202592,207.3339797,221.2468778,268.4639036,43.21397631,44.43603167,17.59134226,-29.66550371,30.0623999,-0.3960220615,29.77325333,-30.1254856,0.3529743043,205.7849831,216.8060893,271.9987915,6.048740509,8.373224675,12.77239811,206.3419262,220.1755413,268.2603646,11.34997089,9.22042743,8.43542416,0,-137.6592618,112.0642089,-110.4302096,-46.3117995,99.03920657,1.063485157,-138.1096544,111.5650576,30.13020783,156.9166578,-87.72257381,49.98838584,49.98773053,2251.750737,2387.489939,-14.64245083,-2.774551473,6.1203185,1
1092,32,96,96,0,1,1,1,1,1,1,1,1,1,1,0,207.3935016,215.1643028,272.5836042,3.3574858,12.51990583,13.15440222,207.9961422,216.7152929,271.4293878,7.398263091,13.02998523,11.84485801,-1.207426453,9.187755073,-7.980225321,1.202606453,-9.140306539,7.937790195,207.3753084,215.0738933,272.5090953,2.768183133,3.005891595,5.760649544,207.9822904,216.7034059,271.4195677,7.153952525,4.819599481,1.373658189,0,-137.8308264,112.6475273,-66.86616836,-44.54207983,105.5874438,0.517741713,-137.8836496,112.4709702,20.89010523,-176.4019768,-97.85176759,49.99069341,49.99069962,1863.586013,1858.001453,-32.63673452,-110.935474,5.7456317,1
1093,32,96,96,1,0,1,1,1,1,1,1,1,1,1,1,208.1597246,214.9201772,272.1445297,3.653410851,7.060721836,7.613627764,208.5811427,216.4520039,271.2008291,6.974873418,8.038598473,5.210154155,1.443699984,-6.45246497,5.008885569,-1.448190764,6.428675644,-4.980361463,208.1508332,214.9087244,272.1382842,3.10862171,2.650878242,5.642023805,208.5732366,216.4522011,271.2036229,6.705803043,4.700840529,1.137239985,0,-138.1288598,112.7540436,-58.22936774,-41.64502281,109.9959871,0.4777204817,-138.1441898,112.5567896,23.2385687,-172.2505237,-80.46194692,49.99085171,49.99083394,1832.357715,1830.528872,-37.39926994,-107.3127184,5.6322474,1
1094,32,96,96,1,0,1,1,1,1,0,1,1,1,1,1,209.474958,211.16512,274.2137633,6.46244424,31.68322972,27.0998449,210.0836947,211.2182079,274.3311127,6.45047197,31.65660231,27.09680322,4.189518699,-29.90930166,25.71985401,-4.182002702,29.89152698,-25.70945607,209.3657763,211.0481634,274.1054781,3.927768992,1.836590792,2.238327544,209.9694975,211.1063441,274.2259012,3.923034112,1.683593661,2.333503893,0,-137.5947783,113.8640982,0.01238172462,-139.9312061,111.5133868,0.06821547689,-137.5831317,113.8839822,-0.2260839886,-135.1471875,116.0314566,49.98961275,49.9896185,2078.912602,2075.986456,2.912336913,-67.17425102,5.7940388,1
1095,32,96,96,1,0,1,1,1,1,1,0,1,1,1,1,218.0793151,387.907769,321.926756,15.92053648,17.97402553,22.39415683,213.5428765,387.5613853,318.6979173,13.61641586,19.46356469,21.56079806,7.193649208,10.26986752,-17.46422582,-3.401422291,-14.78648398,18.18723137,154.0595616,262.8905523,289.1210435,8.982258974,11.87184191,11.44425511,151.5261113,258.7544009,285.2043078,5.714656732,8.571045657,8.022337726,0,-127.8367773,96.89814808,-38.41753284,-161.2005336,61.57499845,0.1805676397,-127.9441625,96.84919023,103.1262714,2.64501138,-138.5668032,49.97964475,49.98888485,3276.120498,2975.105131,-718.536905,264.6199826,5.5481991,1
1096,32,96,96,1,0,1,1,1,1,1,1,0,1,1,1,208.733915,216.4794296,270.5927128,8.508535413,4.310835328,9.853110239,210.3726644,217.0758851,269.5556677,10.83837642,3.157239169,9.290246098,6.648700876,0.8814979854,-7.530162384,-6.690095669,-0.8770844058,7.567229003,208.7196991,216.4738736,270.5906593,1.245105625,3.993518561,4.41907068,210.3241037,217.0691098,269.5208167,6.765026604,2.707030927,2.85143225,0,-138.9217691,112.3549807,28.19452033,-97.77700929,75.0613601,0.2618380189,-139.2117771,112.444238,-5.013906535,143.9847389,-177.8620183,49.99075843,49.99078288,1849.025476,1840.882345,-41.87908598,-114.5730351,6.1255094,1
1097,32,96,96,1,0,1,1,1,1,1,1,1,0,1,1,205.0171673,214.9358368,275.4096562,21.78069845,54.28226151,55.96101982,211.1931515,214.0050512,270.8145677,25.76424206,53.6103017,55.77271503,0.3462577888,-36.77786344,36.4318945,-0.2869846719,36.63229208,-36.34502208,204.7248428,213.2580041,274.2509212,10.18777443,12.19240303,12.7140162,210.7566638,213.8750028,270.4859948,16.96658818,9.858862758,12.80097538,0,-136.6243265,112.8886556,142.1877109,-94.83693755,32.32197633,0.6036743547,-137.8659774,113.6830982,-21.50599877,99.24957204,-168.1762426,49.98604784,49.98643718,2775.219112,2671.577009,156.7236639,-12.68888704,5.9061316,1
1098,32,96,96,1,0,1,1,1,1,1,1,1,1,0,1,207.7187998,214.8225118,272.6002753,3.592802234,9.410658014,9.920012213,208.2112476,216.3404005,271.5144299,7.153618084,10.14705974,8.138478831,1.315984754,-8.077043376,6.761344138,-1.314555773,8.03864869,-6.723800514,207.7062892,214.7782501,272.5682118,2.958981978,2.898923796,5.744240218,208.201365,216.3355682,271.5125724,6.860604601,4.849032914,1.243226081,0,-137.8749401,112.7544866,-61.07516059,-41.81511233,109.3875587,0.4904414096,-137.9239923,112.5640471,22.21296169,-174.4093368,-82.45162206,49.99084614,49.99074389,1830.336562,1848.675914,-42.93878491,-99.24541113,5.6975753,1
1099,32,96,96,1,0,1,1,1,1,1,1,1,1,1,0,205.5432227,217.1819153,272.3194095,47.3698563,49.70102556,22.44701049,207.8855137,222.2703619,267.8377481,48.81614298,50.06485646,19.94839747,33.02269935,-33.17156096,0.1490280439,-33.13582735,33.23930232,-0.1033134149,205.4777832,216.8184512,271.9870242,6.985133716,10.73423753,13.991693,206.6825891,220.941543,267.6040084,13.17238336,11.58788194,9.685575279,0,-137.5893151,112.0554644,-127.1881671,-43.64288107,97.73638639,1.228037703,-138.2023691,111.5321745,25.17301068,154.6323334,-88.72566438,49.9878097,49.98669251,2360.609043,2629.008904,-0.6143843332,43.28028456,5.7505407,1
1100,32,96,96,1,1,0,1,1,1,1,1,1,1,1,1,209.0568099,217.757283,269.3141829,7.423248157,3.020003025,5.340710897,208.7141505,217.352494,270.5272981,3.77496586,4.063506543,6.260272026,-3.477866685,-1.152568118,4.630537246,3.44444787,1.161574058,-4.605913171,209.0461663,217.7567718,269.3107492,6.535251864,2.665985078,2.54894442,208.7068248,217.351723,270.5306514,1.446090105,3.805273737,4.17040222,0,-139.441495,111.9583662,-5.356536654,147.9904772,177.8905215,-0.1089157875,-139.1503115,111.9079291,23.85369792,-97.40731934,77.94788554,49.99086523,49.99086811,1828.57836,1824.662519,-44.59322246,-114.8989805,5.7518135,1
1101,32,96,96,1,1,0,1,1,1,0,1,1,1,1,1,208.2022469,216.5339039,270.8933641,7.280287431,8.652999717,6.184150966,208.7648172,215.0941845,272.234107,3.177573203,7.82265532,8.372096864,1.19490151,-6.824855474,5.629924047,-1.18908893,6.842118876,-5.653077171,208.1938861,216.5329889,270.895669,7.072250995,4.86875,1.368670973,208.7557942,215.0796871,272.2247752,2.666823471,3.126787363,5.780807678,0,-138.7160576,112.2072746,19.60544371,-178.6546327,-94.18628485,-0.361374088,-138.6277729,112.4152665,-64.48430723,-46.23051837,106.2012535,49.9908381,49.99081799,1834.092689,1833.674261,-43.77823557,-107.7433247,5.9115493,1
1102,32,96,96,1,1,0,1,1,1,1,0,1,1,1,1,210.2836151,215.9419001,270.3973969,14.8097965,3.425261306,13.29485021,209.5274985,215.5683006,271.5790874,12.96070445,4.807457536,13.53591049,-8.753553994,-0.6995916595,9.452362666,8.664239885,0.7080870386,-9.373123686,210.046467,215.8331955,270.2569256,7.040621492,2.828705673,3.236366279,209.4247564,215.5013473,271.5465032,1.453348942,4.404368374,4.379811195,0,-139.2669681,112.6124339,-9.4176486,135.1079246,179.0039402,-0.08379221267,-138.905023,112.5142193,50.85128782,-99.34029497,69.87319837,49.99062915,49.99064187,1874.628199,1861.404442,-47.84602063,-101.8557401,5.8869173,1
1103,32,96,96,1,1,0,1,1,1,1,1,0,1,1,1,265.0330763,207.8662293,431.9891654,24.72782073,17.10569418,21.05127931,267.6106271,211.6052964,432.8407217,24.9934416,17.78575399,20.23242471,-11.87987592,2.930503124,8.950071793,9.442471526,-4.906545161,-4.535410283,227.1737371,133.9962107,325.0138702,3.514255229,4.729369028,4.294401854,230.2076005,136.2434566,327.4346715,9.20657336,6.344757382,7.175295965,0,-119.077428,133.7120972,89.33974586,8.011701175,-132.0191232,0.08927557184,-119.0502565,133.6714199,-22.49528975,-155.5673843,97.01264261,49.97181248,49.99410103,3689.003471,3174.285267,670.5984604,164.9466183,5.9093796,1
1104,32,96,96,1,1,0,1,1,1,1,1,1,0,1,1,210.078175,220.1371932,266.8756234,18.54442116,4.264662823,21.73695913,210.688452,220.2436355,266.9552959,18.5334588,4.269795501,21.70712605,-17.66938902,-3.159032097,20.82849005,17.64487586,3.165866176,-20.81066916,210.032964,220.0927985,266.8435974,3.90490383,1.834949744,2.283707721,210.6235518,220.1966289,266.9323362,3.97207563,1.833218011,2.164996234,0,-140.5992498,111.4336211,-1.217135135,-140.7537401,109.8699682,0.07883236919,-140.5875136,111.4454094,0.991102933,-140.5408193,112.9838732,49.99028097,49.99029146,1943.470383,1940.937838,-48.30837894,-117.327438,5.9413626,1
1105,32,96,96,1,1,0,1,1,1,1,1,1,1,0,1,211.5773912,215.8655312,269.7715551,43.64885263,16.70025876,42.80515799,208.5558337,219.3055547,269.1104345,43.34630491,18.87512046,41.92663953,-28.66755397,-0.3661175677,29.03379648,28.51544923,0.3749025381,-28.89022442,210.7797354,215.574986,268.8262939,10.38596479,8.578185012,10.56852833,208.4075925,218.9266421,269.0228652,10.632331,12.1819771,7.367266807,0,-139.6929886,112.7623596,-69.63476294,35.31899341,147.4732465,0.8719844408,-138.8799073,111.9664376,66.47322199,-143.1054313,-12.04265817,49.98778311,49.98827296,2431.253118,2308.590467,70.38153876,-72.57082486,5.7741249,1
1106,32,96,96,1,1,0,1,1,1,1,1,1,1,1,0,207.6020884,217.757313,270.2861418,8.940597091,5.266512714,5.007089682,206.7274069,218.3987751,271.1025231,7.135300631,7.154849714,3.80497559,6.001795107,-4.773767726,-1.22793459,-6.02452308,4.798178154,1.226456808,207.5945058,217.7555115,270.2900381,6.478408088,1.871950283,4.716831277,206.7096401,218.3856932,271.1054741,3.560847518,5.168934621,3.414564655,0,-138.7419126,111.8529284,-27.18697901,83.91023874,155.0542463,0.1410291924,-138.3681459,111.5869715,55.77329265,-124.4555791,40.15085492,49.99086894,49.99087759,1827.241557,1823.399187,-45.39665691,-114.7849866,6.0533348,1
1107,32,96,96,1,1,1,0,1,1,1,1,1,1,1,1,209.0550134,217.7601002,269.3108047,7.423219588,3.019797843,5.329854599,208.7111545,217.3544328,270.5273655,3.766101861,4.068786784,6.25545181,3.470111804,1.1458933,-4.615901525,-3.436428795,-1.155396176,4.591924462,209.0443696,217.7596422,269.3073646,6.539374517,2.668995175,2.554235432,208.7038432,217.3536682,270.5307228,1.441701926,3.813221826,4.180296141,0,-139.4421534,111.9571679,-5.343859173,147.832576,178.0944704,-0.109526938,-139.1503766,111.9066675,23.8835444,-97.41302591,77.89688118,49.99087036,49.99086324,1828.055484,1825.131253,-44.42604826,-115.0921101,6.0416032,1
1108,32,96,96,1,1,1,0,1,1,0,1,1,1,1,1,210.7652602,215.2246393,270.849531,14.10818814,3.874671314,12.75752121,210.0304435,214.722639,271.9911645,12.17481493,4.852176084,12.99228787,10.19120071,0.6111146767,-10.80154682,-10.08372744,-0.6247932293,10.70931848,210.4555482,215.047244,270.6906442,7.026280834,2.917820533,2.919607984,209.841096,214.5937622,271.9294904,1.431262104,4.133422714,4.099223687,0,-139.1871388,112.8447633,-9.054497822,142.6138354,175.3526132,-0.1108376289,-138.8531533,112.7560028,48.94892706,-95.37426378,73.5404977,49.99021605,49.99109341,1944.778117,1790.289047,-28.96292113,-111.4587834,5.7206038,1
1109,32,96,96,1,1,1,0,1,1,1,0,1,1,1,1,210.2032105,213.9592139,271.2442628,24.56270245,51.53385372,53.48930024,205.5140543,214.8830876,275.9456751,20.39479649,52.13763841,53.64548179,-0.4941849826,35.25555443,-34.76118415,0.5460684501,-35.36025406,34.81438533,209.8410409,213.8253547,270.9492352,16.51445303,9.646283048,12.16838623,205.2316105,213.2702148,274.9011809,9.625242901,11.874705,12.20475453,0,-138.7268393,112.9838332,-21.24421457,100.7754756,-167.652093,-0.4641274591,-137.4982882,112.2741551,141.9661324,-94.10468185,33.84191727,49.98685934,49.98638243,2586.284927,2705.331377,46.66114243,68.46874785,5.5826071,1
1110,32,96,96,1,1,1,0,1,1,1,1,0,1,1,1,210.063795,220.1359649,266.8790602,18.40862781,4.262954226,21.59913737,210.6778411,220.2425189,266.9616832,18.40048701,4.268815308,21.57163572,17.54367422,3.160406942,-20.70399083,-17.51936342,-3.167577715,20.68701947,210.0198302,220.0924636,266.8478253,3.899176637,1.83409732,2.273210558,210.6138933,220.1962236,266.9391569,3.976998977,1.834061227,2.175596862,0,-140.5947265,111.4317812,-1.074550977,-140.7234628,109.853815,0.07819661428,-140.5832076,111.4440525,0.8480598791,-140.5623461,112.9823325,49.99029211,49.99028702,1942.987061,1940.118407,-48.14134935,-117.6065474,5.9014228,1
1111,32,96,96,1,1,1,0,1,1,1,1,1,0,1,1,264.205243,205.4881673,431.5752916,25.76367662,15.74243796,22.19672416,268.0994377,211.837393,433.2821119,25.96637547,17.2805871,21.07067295,22.22999593,-5.539133043,-16.69081819,-19.79247206,7.498982012,12.29348381,226.1101028,132.4719033,324.5593269,8.74567823,7.341683229,10.0132867,231.5278208,135.97453,329.8178094,14.32762672,9.173049409,13.94733268,0,-118.6293673,133.9377452,111.9835709,21.93020306,-99.73132078,0.06499333715,-118.2833762,134.0151757,-34.48223896,-149.1490669,98.60500442,49.98356613,49.98216054,3391.595993,3468.370039,1088.903724,-241.6707848,5.6022106,1
1112,32,96,96,1,1,1,0,1,1,1,1,1,1,0,1,207.6167463,217.7348067,270.2949662,8.853192359,5.073236599,4.979660594,206.7449932,218.3584025,271.1143082,7.003787196,6.993419209,3.799994761,-5.903476807,4.650842759,1.25274819,5.925901221,-4.675270247,-1.25051683,207.6091852,217.7331291,270.2989453,6.482982851,1.860399045,4.687984458,206.7279464,218.3464014,271.1174094,3.527684173,5.13870919,3.409512254,0,-138.7416924,111.8600129,-26.89447353,85.15981849,155.1557232,0.1373526575,-138.3691872,111.5967246,55.76988203,-124.120043,40.65549517,49.99087283,49.99087809,1826.221221,1823.471527,-45.60275254,-114.4299137,5.7902961,1
1113,32,96,96,1,1,1,0,1,1,1,1,1,1,1,0,210.6312425,216.6511652,269.3433267,35.12700361,13.04100758,34.39680208,208.4361558,219.2694091,269.4948994,34.80486467,15.26153853,33.68448359,23.52569168,0.1667674933,-23.69178615,-23.39697739,-0.1743552942,23.57196113,210.1039488,216.4402591,268.704579,8.369458742,6.646216211,8.353298344,208.3466736,219.0280596,269.4375373,8.266764773,10.27006901,5.697429175,0,-139.6604568,112.4290201,-61.19447473,40.57835108,152.0685812,0.6199626671,-138.9382976,111.8150065,62.55155527,-139.4063698,2.429995831,49.98873165,49.98941299,2218.149648,2072.608403,34.82494832,-111.7129667,5.9423337,1
1114,32,96,96,1,1,1,1,0,1,1,1,1,1,1,1,206.2082023,218.2165099,270.9634081,6.982971838,6.757014121,3.714981688,208.1254046,217.7643285,270.455853,8.636393788,4.874836062,4.901684331,5.954413956,-4.604955685,-1.349345057,-5.914524225,4.570217264,1.344421543,206.1943244,218.2006373,270.9659107,3.425080371,4.889018049,3.249081744,208.1179217,217.7609114,270.4599787,6.167812276,1.525818836,4.560601953,0,-138.3361682,111.6175754,50.44650563,-126.7245252,41.84514454,0.005211947079,-138.648046,111.8925143,-25.48679076,82.42736042,153.6503643,49.99088731,49.99088589,1824.612705,1820.573484,-45.82882517,-116.0956916,5.778137,1
1115,32,96,96,1,1,1,1,0,1,0,1,1,1,1,1,206.7776709,221.3166083,269.0369405,39.41028893,39.72259792,13.61796559,206.5774167,217.2600612,272.1179663,37.99180889,39.18015617,16.21328683,27.09645587,-26.66449593,-0.4314396588,-26.91392922,26.5444276,0.3700153571,206.0789299,220.3124039,268.8838893,10.86878769,9.386941667,6.335748914,206.5306567,217.0242536,271.9681907,5.276447884,7.893489099,10.78391552,0,-139.1042189,110.8408786,26.36486729,165.787411,-80.52773108,-0.842823365,-138.7834579,111.3301995,-112.3091422,-36.49740759,104.2654675,49.98792234,49.98958958,2369.59212,2014.850787,23.47026733,-93.15327945,5.6709315,1
1116,32,96,96,1,1,1,1,0,1,1,0,1,1,1,1,207.4741625,216.5023939,271.4160425,7.432028792,12.60837357,11.36205654,208.011907,215.1614023,272.8153799,3.483714521,12.07134387,12.69182329,-1.326997553,9.365284527,-8.038127463,1.326275382,-9.402151399,8.076047444,207.4597487,216.4898973,271.4033487,7.058689695,4.90219968,1.263345201,207.9908513,215.0724,272.7412479,2.586814618,3.144598739,5.694205342,0,-138.3705226,112.150892,19.04038139,-178.2269523,-93.79608237,-0.3580018536,-138.2724725,112.3498013,-64.57528811,-45.34108554,106.6126525,49.99069146,49.99074492,1860.611218,1847.521082,-37.87580889,-110.4804312,5.6571897,1
1117,32,96,96,1,1,1,1,0,1,1,1,0,1,1,1,207.8379316,219.6245568,268.679841,43.65613722,18.75238508,42.23734342,212.0998648,216.3943846,269.5387311,43.78206243,16.56839503,43.03004517,28.748455,0.3714053009,-29.11979754,-28.81156532,-0.3932923785,29.20495475,207.6662324,219.2965034,268.6298098,10.49755766,12.0843916,7.278630484,211.1436744,216.131041,268.7126869,10.11722172,8.469251921,10.48382233,0,-139.5936913,111.3235945,64.82018058,-144.7122635,-12.89077189,-0.7259160276,-140.356909,112.1353353,-70.57746738,33.26899861,146.5176559,49.98831304,49.98774801,2301.066748,2433.809329,-11.46817447,-6.776469994,5.9815171,1
1118,32,96,96,1,1,1,1,0,1,1,1,1,0,1,1,206.1527705,218.3427196,270.9053927,7.193372986,7.038939405,3.725750122,208.1059684,217.87313,270.3861158,8.839000396,5.198940532,4.948366013,6.165248607,-4.919615783,-1.245528771,-6.122426809,4.882552347,1.239985564,206.1383254,218.32459,270.9079919,3.460990346,4.970441749,3.306702403,208.0983443,217.8691318,270.3902383,6.236761467,1.596772328,4.643039799,0,-138.3509187,111.5776493,51.7894233,-126.7211928,40.65145923,0.002735301521,-138.6703155,111.8601923,-25.9857891,81.09049974,153.9688774,49.99088684,49.99087771,1825.616333,1821.402283,-46.16923678,-116.8527906,5.7715776,1
1119,32,96,96,1,1,1,1,0,1,1,1,1,1,0,1,303.6476852,329.9745249,319.5611601,15.97282252,16.26982609,10.4544232,304.7666932,330.3291941,321.5937742,13.78513392,15.5808406,11.35793723,7.346581923,-7.73087092,0.3856139002,-1.515875458,5.19165563,-3.674640254,241.2119068,264.0708529,217.226345,5.403854241,1.245982859,2.327365982,242.8973956,265.1341055,218.6125928,5.323585167,3.801236214,4.333811983,0,-161.3283286,105.258203,31.98025399,-107.8216858,-164.1454291,-0.05901769519,-161.2215077,105.2438245,-32.77610771,-176.6074572,72.72982585,49.97550947,49.98877851,3729.011702,3437.699316,-43.97934088,-403.6806036,5.5805152,1
1120,32,96,96,1,1,1,1,0,1,1,1,1,1,1,0,202.8336784,219.3012749,272.5324124,32.77130616,28.7340854,5.49099648,203.4148691,219.3444285,272.6690662,32.69889438,28.70526649,5.477686948,30.80082335,-27.5874943,-3.213294885,-30.75150939,27.55639957,3.195160117,202.70078,219.1429891,272.4338447,3.876952502,1.810508708,2.269688801,203.2348272,219.2224693,272.5720762,3.725181626,1.848507557,2.271008242,0,-137.0358213,111.0540875,-1.361747738,-140.6283317,111.4247563,0.07021788534,-137.0131249,111.064434,1.198496707,-133.6033693,110.5863446,49.98966142,49.9896674,2069.307675,2065.589565,-19.25078217,-86.82429235,5.4676956,1
1121,32,96,96,1,1,1,1,1,0,1,1,1,1,1,1,206.2104534,218.212222,270.9672883,6.960382359,6.724657149,3.716332774,208.1220392,217.7606738,270.4603264,8.610209221,4.835110295,4.896567211,-5.928292695,4.565870195,1.362526018,5.888810049,-4.53178042,-1.356923802,206.1966533,218.1964984,270.9698057,3.422655535,4.881770682,3.242982479,208.114544,217.7572745,270.4644576,6.155007183,1.517921359,4.54965953,0,-138.3351743,111.619265,50.21482982,-126.7621399,42.01246452,0.005365068678,-138.6462169,111.8932445,-25.4333406,82.45087841,153.6235292,49.99089217,49.99088207,1824.25684,1820.767017,-46.02700846,-115.8704575,5.6968917,1
1122,32,96,96,1,1,1,1,1,0,0,1,1,1,1,1,207.3271952,216.8805722,271.2639417,7.685510219,14.19195317,13.17277045,207.7968449,215.4060006,272.7985404,3.118766651,13.7077684,14.42451926,1.023890138,-9.567588667,8.543758749,-1.026843155,9.609295179,-8.582391783,207.3107386,216.864332,271.2497123,7.48817965,5.132771485,1.620269926,207.7736564,215.2932581,272.7023827,2.58904942,3.437782304,5.976475511,0,-138.4103373,112.0303033,19.14528618,179.6208422,-98.99624898,-0.4076996193,-138.3046313,112.2347747,-74.240894,-44.83821797,104.0314911,49.99065529,49.99065487,1869.717274,1868.180075,-46.40839862,-104.0030743,5.6091534,1
1123,32,96,96,1,1,1,1,1,0,1,0,1,1,1,1,206.7010761,222.0085057,268.3922602,44.53816958,45.45490428,17.36829506,206.0276513,217.4776501,272.5318531,42.98545691,44.99088448,19.90477452,-30.34031364,30.2232547,0.1174458974,30.13982416,-30.09584539,-0.04358790856,205.8000295,220.7401359,268.2020813,12.18125485,10.6805366,8.436063888,205.950369,217.1221726,272.294458,6.130820654,9.669931865,12.78828535,0,-139.2682344,110.6325524,24.60229448,156.6422093,-87.21940269,-0.9789617892,-138.7284001,111.1537324,-123.1533417,-43.23750389,99.03670582,49.98734145,49.98851962,2502.003836,2224.860892,78.8778129,-92.88532368,5.5939601,1
1124,32,96,96,1,1,1,1,1,0,1,1,0,1,1,1,206.1363257,218.3757758,270.9010848,7.311508596,7.175158636,3.732558624,208.0873374,217.8914087,270.3807005,8.91852185,5.363264379,4.963145173,-6.262250655,5.027598265,1.23475169,6.218834544,-4.990383954,-1.22835341,206.1213527,218.3564737,270.9035138,3.480196874,4.990900841,3.311025744,208.0796733,217.8871712,270.3847594,6.224967122,1.604529897,4.656468383,0,-138.350968,111.5676453,51.66747987,-126.9732193,40.4199061,0.0002265802535,-138.6714163,111.8516036,-26.14754293,80.06792493,153.946241,49.99087915,49.990881,1826.156105,1821.790467,-46.80019605,-116.3387089,5.4418366,1
1125,32,96,96,1,1,1,1,1,0,1,1,1,0,1,1,207.6653861,219.3093126,269.3573171,30.16248141,12.93060669,29.39340086,210.6508021,217.4447491,269.0858951,30.42938511,10.69028591,29.92712831,-20.60049828,-0.2031302531,20.80370728,20.65120619,0.2172278363,-20.86837296,207.5919064,219.1598106,269.333293,6.774414131,8.936905795,4.906423283,210.1706421,217.2927464,268.6555889,7.243863217,5.301887837,7.099084939,0,-139.3031529,111.4388113,58.84758586,-137.4483698,13.45454001,-0.3241711588,-139.9132588,111.9639349,-53.50346566,44.05279772,154.7777305,49.98992007,49.98918131,1982.681696,2117.373525,-59.08780238,-55.29887084,5.3400064,1
1126,32,96,96,1,1,1,1,1,0,1,1,1,1,0,1,202.8244928,219.3096811,272.5266792,32.88137826,28.84712209,5.489555565,203.414563,219.3640639,272.661435,32.81686354,28.82240905,5.47698452,-30.90212241,27.69028209,3.211923469,30.85273553,-27.65949537,-3.193164668,202.6912017,219.1506601,272.4279355,3.841340584,1.776965813,2.268444541,203.2342094,219.2405895,272.5645744,3.760690182,1.879871334,2.272198173,0,-137.0358593,111.0502507,-1.432932886,-140.0017939,111.509814,0.07248145648,-137.0135174,111.0608166,1.248701949,-134.3171709,110.4944362,49.98965799,49.98965686,2070.607106,2067.878072,-18.20752428,-87.46505374,5.3863538,1
1127,32,96,96,1,1,1,1,1,0,1,1,1,1,1,0,303.6410631,329.9163697,320.7922247,16.57476174,16.91341123,10.55421553,304.9647365,330.4605982,322.2812536,14.5517537,16.3740595,11.29684784,-10.61357803,10.9633203,-0.3514410098,4.774842753,-8.426734383,3.650549461,240.8677601,263.6461936,218.0610889,4.630642864,3.66556068,2.868240014,243.6648811,265.6828815,219.0035484,8.148845274,6.954246139,4.531788633,0,-161.1068267,105.3819103,63.67260293,-42.48392664,-167.2282976,0.02145442862,-161.1019674,105.4102086,-30.7203358,171.3050547,66.13687996,49.97758424,49.98661727,3401.088681,3747.489389,1.1158455,-456.9147976,5.1832679,1
1275,32,48,24,1,1,1,1,1,1,1,1,1,1,1,1,212.4328108,257.6345305,221.4957804,4.008958666,3.292836345,5.535899145,212.9214786,258.1309532,222.3145608,3.991395025,3.686310337,5.075849507,0.005912040315,-0.003796259225,-0.00200451488,-0.005888685467,0.003063325783,0.002938191862,212.4240333,257.6386449,221.4985525,4.008512377,3.292483271,5.53568949,212.9126834,258.1350906,222.3173412,3.99094784,3.686010616,5.075609665,0,-115.3017696,132.641933,-5.513188995,-114.9866703,131.9166382,0.09757432431,-115.2489454,132.7247216,5.337162071,-115.7167508,133.1308312,49.98537892,49.98538238,2927.928093,2919.633832,54.95499953,-114.7251511,5.5522504,1
1276,32,48,24,1,1,1,1,1,1,0,1,1,1,1,1,212.3959527,257.2818847,222.0038483,7.109970457,8.829229566,6.013325012,213.1079694,256.3862116,224.2532379,3.582923885,8.183174445,10.15066602,1.531438026,-6.803193496,5.271861333,-1.511877197,6.831282167,-5.319307069,212.386129,257.2851612,222.0051745,6.815980872,5.525168481,2.592613041,213.0974247,256.3773382,224.2429432,2.966248725,4.376254774,8.549316283,0,-115.0016938,132.8177153,21.13465671,-154.019995,164.224946,-0.3262076914,-114.7939444,133.0671454,-57.07962847,-62.4537687,123.6487185,49.98526487,49.98527114,2949.595617,2942.943363,49.58863754,-119.1209468,5.344108,1
1277,32,48,24,1,1,1,1,1,1,1,0,1,1,1,1,212.3989821,257.2864892,222.0002338,7.108783992,8.830204652,6.000045796,213.1116183,256.3894574,224.2505339,3.582071059,8.172103788,10.14328562,-1.532589654,6.795171121,-5.262461435,1.512829306,-6.824588349,5.311878622,212.3891922,257.2897708,222.0015755,6.815549666,5.539622359,2.584091371,213.1011575,256.3806439,224.2402404,2.967095712,4.371923373,8.547404516,0,-115.0046905,132.8158803,21.14038294,-153.973153,163.9410442,-0.3267342756,-114.7970825,133.0653427,-57.07248187,-62.26711453,123.7485332,49.98526234,49.98527419,2950.323772,2942.151725,49.66986511,-119.2530571,5.2891269,1
1278,32,48,24,1,1,1,1,1,1,1,1,0,1,1,1,212.9994469,257.4754291,221.2134262,5.527324334,6.58354601,10.29399713,214.5937076,258.3369912,220.5854278,9.495027327,4.008663984,8.776709092,5.384633569,1.462468545,-6.84701887,-5.430725436,-1.452789089,6.883599927,212.9887211,257.4785205,221.2155339,0.4532961391,6.282521605,7.587414884,214.5693691,258.3390519,220.5743682,7.701040587,3.49547884,5.305326655,0,-115.5469229,132.6394796,-48.38284818,-85.76347215,104.1711482,0.4079245487,-115.8459855,132.8946009,2.547895617,-179.6324416,175.274794,49.98528903,49.98529993,2945.301767,2936.714505,45.42603725,-123.6888238,5.2145466,1
1279,32,48,24,1,1,1,1,1,1,1,1,1,0,1,1,213.0001219,257.4769923,221.2129237,5.56161688,6.58269957,10.31465183,214.594027,258.3365611,220.585647,9.508737243,4.011501991,8.802093446,-5.416644734,-1.465973012,6.882722755,5.462576421,1.454942391,-6.917420459,212.9893791,257.4800736,221.2150289,0.4546779037,6.279682618,7.581474674,214.5695481,258.3386092,220.5744735,7.693005411,3.495302239,5.298392052,0,-115.5475921,132.6387483,-47.20493231,-85.76409419,104.2413065,0.4073197219,-115.8466512,132.8938624,2.511250372,-179.5864502,175.1807054,49.98529389,49.98529462,2944.011076,2938.168465,44.85667386,-123.0818045,5.3188997,1
1280,32,48,24,1,1,1,1,1,1,1,1,1,1,0,1,211.8124427,258.4137322,221.2821108,10.74355851,6.569847633,9.390683144,210.6037974,260.3459395,222.0886708,9.335615952,10.16504629,4.065152518,-7.90235974,6.252560986,1.649897915,7.932111328,-6.29833446,-1.633679538,211.8033736,258.4148031,221.2838819,7.101470556,1.080074556,9.118147318,210.5769722,260.3302444,222.0889379,4.657941474,7.794566277,3.394320578,0,-115.3773965,132.4128123,-35.70165264,18.18971883,149.9640956,0.2397796828,-115.0903961,132.025226,62.49594952,-121.1088025,76.74119311,49.98527065,49.98528259,2948.433248,2940.799283,50.78027759,-116.8605531,5.6702664,1
1281,32,48,24,1,1,1,1,1,1,1,1,1,1,1,0,211.8112236,258.4175509,221.2769267,10.73848275,6.569415498,9.383788331,210.6086019,260.3513519,222.0853977,9.340455999,10.16086667,4.071013364,7.907455846,-6.25263409,-1.654732348,-7.937461108,6.297110415,1.64044617,211.8021614,258.4186254,221.2786825,7.086039949,1.079546862,9.108115051,210.5817774,260.3356497,222.0856472,4.655796514,7.789320054,3.393506975,0,-115.3798357,132.4108523,-35.70153631,17.78386761,149.9387564,0.2401929626,-115.093218,132.0241084,62.30799881,-121.1509785,76.91670577,49.98527258,49.98528108,2948.264975,2940.855354,50.96256726,-116.9949867,5.2354369,1
1282,32,48,24,0,1,1,1,1,1,1,1,1,1,1,1,212.3889747,256.2704691,223.1946379,3.602296294,7.590210132,9.890162111,212.8605305,257.9356717,222.657791,7.194763323,8.165088432,5.605248397,-1.433238077,6.193084723,-4.759745101,1.450414608,-6.141180509,4.690872925,212.3789015,256.2623503,223.1892,3.096671973,4.310382639,8.58776592,212.8501291,257.9386314,222.6599302,6.953355169,5.318152645,2.833438537,0,-114.4237813,133.3104314,-60.08447582,-64.68996235,121.6071801,0.4868512108,-114.5471526,133.2861563,22.73877386,-152.8214438,170.2589266,49.98527734,49.98527974,2948.201979,2940.212908,53.91198614,-117.4546771,5.4418871,1
1283,32,48,24,0,1,1,1,1,1,0,1,1,1,1,1,215.2091596,425.1658416,274.6007423,6.02482621,14.48340396,15.05304562,215.0660906,425.6730165,275.0540201,5.796188869,15.84901666,15.84849809,-2.522285328,-2.701526201,5.220383813,-1.970441529,10.00464407,-8.03756017,141.2529124,313.7888053,237.9628106,3.044504981,8.206032199,8.075830304,141.3212448,312.8393256,237.6897592,2.481002545,3.271719979,6.692708288,0,-109.3527674,116.6162384,-15.13283969,-131.9699351,81.15835178,0.1321480148,-109.2945406,116.9298986,18.47075888,-35.51087405,160.772945,49.97775526,49.97047075,4738.910421,5626.667991,254.0254135,313.6223771,5.0370646,1
1284,32,48,24,0,1,1,1,1,1,1,0,1,1,1,1,213.3351433,254.2120089,224.6456311,6.606621022,24.6296823,20.40234364,213.9552971,254.544317,225.558307,6.600910505,24.53609051,20.41323928,-4.53632229,23.34748347,-18.81106306,4.536413177,-23.30033478,18.76401368,213.2612867,254.1625367,224.5888135,4.002114023,3.607083476,5.270276724,213.874484,254.4981651,225.4835593,3.994725455,3.286034969,5.497185759,0,-113.6443127,134.1458501,-0.06216145489,-116.7099615,131.7025406,0.0685462318,-113.6010977,134.2654683,-0.1512667669,-110.4389867,136.2291835,49.98456037,49.98457688,3091.708409,3080.423246,72.60785756,-97.66523296,5.1526911,1
1285,32,48,24,0,1,1,1,1,1,1,1,0,1,1,1,209.9259207,256.8306842,226.3830157,23.17484239,54.61095036,56.28541274,216.1781909,255.5921922,222.9010366,27.82491321,53.00414685,56.07805706,0.2972656763,36.69909717,-36.99623919,-0.3213656763,-36.40097043,36.72248879,209.5673249,255.3285107,225.1675366,11.06270374,14.63446097,13.95133422,215.5239153,255.4598472,222.5622853,18.72514679,9.355382942,15.50167784,0,-113.016505,133.6170186,161.4191102,-83.00524088,57.12098929,0.9734845817,-114.1104662,134.8778252,-10.71929136,119.0466708,-165.1424188,49.98007922,49.98117287,3950.887759,3652.558698,253.2785355,-70.34432629,5.2181234,1
1286,32,48,24,0,1,1,1,1,1,1,1,1,0,1,1,213.141345,257.2847172,221.3074426,6.095759132,6.672664994,10.63928382,214.7891871,258.1440688,220.6420909,9.943079102,3.98625307,9.184524226,-5.934017977,-1.322329258,7.256475015,5.984069754,1.313429336,-7.297371756,213.1304991,257.2877631,221.3091472,0.3466555126,6.410653687,7.646272194,214.7608304,258.1461798,220.6281185,7.823711804,3.532011896,5.388728608,0,-115.5072061,132.712803,-58.26987491,-85.48010356,103.464079,0.4152875514,-115.8192434,132.9775968,2.188726314,178.2856001,176.2677575,49.98527539,49.98528443,2946.980013,2941.160402,43.92396327,-123.4764582,5.4307468,1
1287,32,48,24,0,1,1,1,1,1,1,1,1,1,0,1,208.419513,259.0846581,223.8447884,61.03752404,64.18350369,31.3086459,210.9901135,265.3933242,217.9601009,62.52570197,64.42026976,25.65872895,-41.91255893,41.91598169,-0.003252453989,42.09497204,-41.9799723,-0.1148252516,208.2551878,258.566936,223.2959399,10.98001614,15.63941633,20.99836314,208.8315331,263.7667178,217.6123367,16.55918423,15.62141174,11.7007149,0,-114.1225381,132.4726482,-122.5003214,-37.67218535,111.2143243,1.662926462,-115.0588538,131.9701113,34.23561345,168.4198715,-87.56337231,49.97995184,49.97878187,3864.577854,4199.803837,170.7290126,107.4664753,5.2155523,1
1288,32,48,24,0,1,1,1,1,1,1,1,1,1,1,0,209.6649022,258.0782632,224.1490413,3.544836492,13.60809156,15.29140151,210.1873934,259.8816019,223.2754787,7.870574709,13.9540903,12.47401037,-0.7814917961,9.912334359,-9.130049799,0.7817392383,-9.768043143,8.987090799,209.4804614,257.9028978,223.8196346,3.097547937,4.759795376,8.941490198,210.0513521,259.8266088,223.0895354,7.678497759,6.017834182,2.693607524,0,-113.8992917,132.8295726,-75.36069015,-56.16373854,120.6498129,0.5784683536,-114.0591963,132.8019536,23.03828098,-156.0728389,176.1200619,49.9854624,49.98469011,2953.980891,3017.155899,65.79077172,-105.2151249,5.1201774,1
1289,32,48,24,1,0,1,1,1,1,1,1,1,1,1,1,212.3896549,256.2647703,223.1996614,3.598868613,7.601000041,9.897564407,212.8627639,257.9287557,222.6620081,7.195622419,8.17292589,5.615746145,1.429002667,-6.203874603,4.774983876,-1.446503607,6.150474689,-4.703859651,212.3794833,256.2565575,223.1941374,3.093303217,4.314971091,8.589031811,212.8523573,257.931709,222.6641249,6.954554181,5.318803119,2.833023527,0,-114.420983,133.3126878,-60.09834688,-64.67502879,121.6073432,0.4865450869,-114.544924,133.288555,22.71177868,-152.8696788,170.2819388,49.9852773,49.98527905,2947.720929,2940.842686,53.59184979,-117.1303373,5.2435893,1
1290,32,48,24,1,0,1,1,1,1,0,1,1,1,1,1,213.3396419,254.2146218,224.630056,6.606328382,24.59812162,20.37074109,213.9601167,254.5441795,225.5414827,6.600443593,24.51308489,20.38311111,4.537708151,-23.31925796,18.78161462,-4.537865144,23.27121029,-18.73328367,213.2664092,254.1662018,224.5736652,4.001912927,3.576962674,5.266682054,213.8799109,254.4985881,225.4676516,3.99512495,3.315026408,5.497706642,0,-113.651572,134.1426176,-0.04988007122,-116.5683944,132.0458795,0.06802200046,-113.6086372,134.2625778,-0.164045767,-110.662859,135.8933157,49.98457318,49.98456566,3089.051438,3083.391655,72.63825096,-97.63326403,5.2008219,1
1291,32,48,24,1,0,1,1,1,1,1,0,1,1,1,1,204.4617545,422.7872771,270.5540965,13.52539928,23.21225895,25.32911872,211.5013502,424.7678134,275.0001178,17.01760925,21.05849076,25.87255812,-4.208019653,-18.82729054,23.0354371,8.439341286,11.68709803,-20.12628006,135.0850419,314.3127242,233.7692344,6.338543257,9.176234494,8.316940645,138.927559,319.9101803,239.505983,10.27041675,15.24771844,15.55380635,0,-110.5967274,114.3476061,127.4054449,7.924391913,-141.5499435,0.3040511537,-110.4831547,114.4655057,-29.3064016,-142.5124441,83.08584293,49.97244397,49.97566468,5190.39522,5196.424154,1039.607996,-386.8929908,4.9766946,1
1292,32,48,24,1,0,1,1,1,1,1,1,0,1,1,1,213.1415633,257.2906516,221.3040592,6.01249594,6.662604236,10.60860561,214.7746167,258.1518816,220.6334425,9.878446857,3.98737537,9.120536128,5.874666883,1.329054303,-7.203615601,-5.924891769,-1.321477569,7.246470398,213.1307291,257.2937363,221.305762,0.3809554001,6.398969162,7.6680198,214.7466959,258.1540703,220.6197879,7.808542137,3.53109425,5.371759469,0,-115.5094758,132.7112054,-58.59081616,-85.47958915,103.5430641,0.4155093784,-115.8203676,132.9734236,2.415118013,178.4752578,176.4536722,49.98528067,49.98528136,2948.036686,2939.362991,44.20837066,-123.8145583,5.1677128,1
1293,32,48,24,1,0,1,1,1,1,1,1,1,0,1,1,209.4483404,256.7957558,226.8972839,25.70806884,59.82242946,61.62369244,216.1867191,255.0733121,222.8146536,30.2429906,58.13283145,61.36380817,-0.3108483203,-40.0092378,40.32012694,0.3411704881,39.68256809,-40.02369607,209.0177008,255.0055249,225.4657772,12.16150405,15.9313643,15.11694124,215.4092736,254.9192692,222.4047425,19.76689498,10.49125497,16.68104221,0,-112.7410831,133.7041782,160.3330597,-83.69287269,55.47132484,1.053985505,-113.95334,135.0960608,-11.80885471,115.2836404,-163.5485037,49.97948645,49.97964752,4093.149421,4039.376337,287.4946106,3.155057851,5.1889319,1
1294,32,48,24,1,0,1,1,1,1,1,1,1,1,0,1,208.2582093,260.1363284,224.0910789,4.082720921,15.68388336,16.77173622,208.8015824,262.1783456,223.5338427,8.448392261,15.98699029,14.50547548,0.3792691397,-12.5895967,12.20892204,-0.3784216213,12.37981117,-12.00276471,207.7498078,259.8362901,223.388133,3.008445466,4.581127714,8.583389879,208.4240381,261.8620512,222.8488228,7.968686289,5.927140221,3.184438335,0,-114.0589711,132.187946,-82.37546445,-57.6125508,117.6192207,0.6105986754,-114.1800875,132.1879814,22.04936584,-154.3323016,173.9495335,49.9847136,49.9852729,2970.169758,3027.382112,116.6083668,-156.2114413,5.3147725,1
1295,32,48,24,1,0,1,1,1,1,1,1,1,1,1,0,208.1410343,259.1678307,224.1431569,62.91497846,66.67838919,33.32440663,210.9010565,265.4714382,217.6223999,64.42707199,66.83892789,27.68639099,43.10666915,-43.53030421,0.4244366599,-43.29311865,43.58545261,-0.2915060146,207.9608135,258.5584876,223.4911607,11.38969328,16.60950271,22.09749322,208.6052126,263.7395689,217.2425385,17.0298064,16.29305187,12.86108472,0,-114.0092196,132.4742261,-123.8313759,-39.2939333,110.2081895,1.716421042,-115.057146,131.9682339,33.98560578,165.4516709,-87.62564828,49.97915866,49.97832981,4060.386504,4299.549998,174.0328115,165.2057359,5.2351164,1
1296,32,48,24,1,1,0,1,1,1,1,1,1,1,1,1,213.9653207,257.8688686,219.8611389,9.187970238,3.906942453,8.535332248,213.4797204,257.9206093,222.0851032,5.195604635,6.605664865,9.72348255,-5.15117937,-1.431036211,6.582314556,5.072160992,1.430609415,-6.502665649,213.9410089,257.8710316,219.8531378,7.540860191,3.398537759,5.304733113,213.4683682,257.9241337,222.0874623,0.5118592388,6.319727293,7.133322238,0,-116.2243275,132.4011953,-1.691167427,179.1574042,169.8966907,-0.2147744959,-115.8426891,132.3434456,21.97205692,-87.10430335,105.2300153,49.98531191,49.98530845,2941.576335,2934.247294,42.97491847,-126.0393755,5.3744494,1
1297,32,48,24,1,1,0,1,1,1,0,1,1,1,1,1,215.565336,255.3571159,222.0978289,23.50461711,45.43743794,47.92998084,211.5119529,256.6852151,226.6947806,18.60242155,46.69826045,47.85474475,-0.06903932012,-31.46584979,31.5354608,0.006097622001,31.58378236,-31.58934819,215.1567711,255.2843699,221.84894,16.57888678,7.851898765,13.02285544,211.2569573,255.6585992,225.6608917,8.785514766,12.7069856,11.7392516,0,-115.1763822,133.5657877,-10.34936549,126.3637,-168.4114962,-0.6908250929,-114.1722934,132.754871,160.611689,-82.09775467,62.39530952,49.98311736,49.98085781,3264.59499,3751.030956,34.77478363,25.3348756,5.5567796,1
1298,32,48,24,1,1,0,1,1,1,1,0,1,1,1,1,214.2917327,257.5424987,219.9248083,9.974529631,3.867900507,9.198692302,213.72611,257.5941998,222.2456147,6.171709683,6.78517021,10.35119964,-6.141433206,-1.147807437,7.2893321,6.048889302,1.144971473,-7.193770954,214.2606026,257.5448114,219.9125071,7.769434472,3.480775208,5.427376322,213.7142251,257.597501,222.2472185,0.3436673859,6.574057934,7.304278835,0,-116.2037934,132.5190573,-1.907968111,174.9401124,172.5154341,-0.2317870351,-115.7967308,132.4459442,41.24999027,-86.55073396,103.7329717,49.98529334,49.98527763,2945.98118,2939.739775,42.77388239,-128.7628871,5.1888922,1
1299,32,48,24,1,1,0,1,1,1,1,1,0,1,1,1,306.1156946,284.3926801,336.6431082,24.41122191,17.10452516,22.27338232,307.2027085,286.6183914,338.2051515,23.95419556,17.69367129,20.69341133,-6.622234362,-0.2829776197,6.904736327,2.16564448,-4.277159579,2.110916905,254.2063855,193.7644348,261.582596,3.482327929,2.529181176,6.96163165,255.4683492,195.3130851,263.2867887,6.074454958,4.844879003,6.183792316,0,-97.76262362,154.3245003,4.683435751,-31.28942236,170.4928954,0.1083600059,-97.76624242,154.242766,-2.820531117,-126.4434764,135.6588877,49.95876641,49.98387479,6147.665875,5336.571174,217.7226964,-11.9436869,5.5510094,1
1300,32,48,24,1,1,0,1,1,1,1,1,1,0,1,1,215.561225,258.9695002,217.2019795,28.74018195,6.433166967,33.7433762,216.1254008,259.4074292,218.0067876,28.66525019,6.415591756,33.58765206,-27.01235684,-4.414308073,31.42673293,26.92358365,4.396363524,-31.31987839,215.3918245,258.8713833,217.0938683,3.984535202,3.507922341,5.343031954,215.9577261,259.3094776,217.8749481,4.103715789,3.503390703,5.062887166,0,-117.7735809,131.7177153,-3.323969288,-117.6352317,129.557852,0.09265458983,-117.7340765,131.8188596,3.030423763,-118.0645868,133.7109758,49.98403478,49.98403117,3195.51633,3189.729147,61.9777352,-104.5763944,5.3781785,1
1301,32,48,24,1,1,0,1,1,1,1,1,1,1,0,1,219.3743877,253.775238,220.7331115,63.41993657,27.6446962,61.11689577,213.5491479,260.7037038,218.7019955,62.62809073,31.37289621,58.37642468,-41.78013058,1.087504305,40.69269338,41.43419155,-1.204876625,-40.22924948,217.3840169,253.4106417,219.0729232,16.09724493,13.07364474,18.21678938,212.9194545,260.0691927,218.6151207,15.63650372,19.53325157,9.197409299,0,-116.4508559,133.7177467,-71.97488891,37.95879499,153.9425419,1.185842112,-115.7042848,132.3470867,78.58156437,-133.1539013,-2.094129855,49.97931453,49.97947607,4127.862475,4065.831843,279.3276412,-7.479375171,5.2549531,1
1302,32,48,24,1,1,0,1,1,1,1,1,1,1,1,0,211.9166603,258.5983006,220.9773037,11.3613764,7.474011023,9.508197258,210.662327,260.6017004,221.7567619,10.04617787,10.8688341,3.963389961,8.5453361,-7.072812276,-1.472430099,-8.586922054,7.121872432,1.465132891,211.9063104,258.5989457,220.9789585,7.200735124,1.229103269,9.271599744,210.6275981,260.5783858,221.7569348,4.801196523,7.940755438,3.357149962,0,-115.5481347,132.3163904,-36.72169879,20.02230299,149.9364047,0.2523781735,-115.2568093,131.9115992,63.40649565,-121.7359975,73.86432828,49.98525476,49.98527013,2951.812265,2943.178641,50.06024594,-117.5911621,4.9438398,1
1303,32,48,24,1,1,1,0,1,1,1,1,1,1,1,1,213.9696844,257.8676184,219.8592444,9.20224805,3.896598186,8.552051014,213.4819089,257.9236437,222.0849017,5.22328495,6.612629967,9.736251944,5.177874116,1.41963397,-6.597397367,-5.098701838,-1.420788085,6.519597048,213.9452296,257.8698154,219.8511998,7.538955399,3.391586263,5.309180125,213.4705243,257.9271805,222.0872531,0.5169546042,6.329672821,7.134356444,0,-116.2256666,132.4014681,-1.751491611,178.9804278,169.9324022,-0.2142701468,-115.843332,132.3429146,22.68948931,-87.17442781,105.1862104,49.98531279,49.98530714,2942.070309,2933.920797,43.48119781,-126.5727521,5.2898433,1
1304,32,48,24,1,1,1,0,1,1,0,1,1,1,1,1,214.3314199,257.5207588,219.9564004,10.07500447,3.874222961,9.291974716,213.7403719,257.5705811,222.2575814,6.285259789,6.790498918,10.38563537,6.199632938,1.143553656,-7.343031106,-6.10657073,-1.141905392,7.248628593,214.2995261,257.523016,219.9436142,7.806028056,3.488549428,5.460007037,213.7284516,257.573828,222.2592035,0.3511040624,6.579988472,7.26119977,0,-116.1963921,132.5324524,-2.217466695,174.8595454,172.1626631,-0.2300523041,-115.7885529,132.4564721,50.25669822,-86.48045988,103.6100071,49.98527833,49.98528822,2949.699118,2937.458767,42.81042016,-128.7879232,5.2460699,1
1305,32,48,24,1,1,1,0,1,1,1,0,1,1,1,1,215.8930652,254.199549,222.1417386,30.11783443,58.19953214,61.48229028,210.3963627,256.6300757,228.0772663,25.43618168,59.62779352,61.34305451,0.3334238599,39.69843138,-40.0318136,-0.2431661844,-39.84689611,40.09010596,215.1935361,254.092762,221.7087426,19.75264149,10.53694987,16.42892056,209.9649269,254.9941778,226.4590961,12.09127238,15.89621185,14.68450626,0,-114.9896321,133.871614,-13.67164623,114.7501586,-165.2562962,-0.8780105597,-113.693893,132.6999246,157.6705947,-84.41126,54.47263618,49.97977242,49.97947498,4018.851535,4083.551341,156.9276545,102.0839862,5.3700743,1
1306,32,48,24,1,1,1,0,1,1,1,1,0,1,1,1,215.5331626,258.9741197,217.2042682,28.5777203,6.42999015,33.58071062,216.1147674,259.4123214,218.022029,28.51194752,6.41394479,33.43859928,26.87191523,4.416428972,-31.28826476,-26.78433298,-4.399339557,31.18374662,215.3667194,258.8771006,217.0984477,3.955445845,3.506598215,5.302345706,215.9486546,259.3160596,217.8923561,4.128961353,3.50487788,5.103852056,0,-117.7679835,131.7148801,-2.913269027,-117.6284353,129.550837,0.09210374572,-117.7284097,131.8186489,2.595474212,-118.0599595,133.6813883,49.98405623,49.98403323,3192.765375,3189.738515,62.61319424,-105.3967453,5.126695,1
1307,32,48,24,1,1,1,0,1,1,1,1,1,0,1,1,305.7128571,283.2975586,336.3228064,22.12977827,12.58969698,21.20066737,308.0373307,288.4392735,338.8570797,21.56648694,15.58693797,18.38705465,19.91655465,-2.740315973,-17.1758784,-15.4049504,7.31297958,8.09236906,252.6725074,192.9763086,259.5811703,5.795705814,4.983476743,7.182960032,257.2194364,196.1301714,264.7735235,13.37706251,8.706292383,14.47026585,0,-97.95893593,154.2171229,119.7894556,18.54760214,-115.3310003,0.2783890973,-97.8456143,154.2903421,-22.06235424,-128.7679635,124.3917323,49.96974487,49.97314324,5727.376011,5713.164199,697.1765584,-508.317512,5.3586142,1
1308,32,48,24,1,1,1,0,1,1,1,1,1,1,0,1,211.9434756,258.6682959,220.9402082,12.01382514,8.534630575,9.523663301,210.7245904,260.6761468,221.700159,10.81279865,11.5831618,3.94891444,-8.881396288,7.38397197,1.497664645,8.927485292,-7.43721875,-1.490023555,211.9314321,258.6652818,220.9407198,7.148516736,1.201281956,9.27215095,210.6764678,260.6389784,221.698563,4.780434426,7.861342031,3.295868467,0,-115.5816474,132.2917446,-36.62031652,15.60566073,149.5291903,0.2522417262,-115.2985059,131.888786,62.80400384,-122.1550024,74.06100405,49.98524901,49.98523118,2953.767199,2950.731772,46.27952032,-113.8132051,5.5373715,1
1309,32,48,24,1,1,1,0,1,1,1,1,1,1,1,0,218.8836994,254.2255656,220.5974348,60.17253033,26.17344777,57.88782036,213.5801908,260.8394508,219.009283,59.44811337,29.96424772,55.26583941,39.92533975,-1.171689584,-38.75378227,-39.59300556,1.281175854,38.31157504,217.0738046,253.8926829,219.0830441,15.08168068,12.48649446,17.14276544,213.0115047,260.267824,218.9271146,14.76724383,18.98137299,8.347150511,0,-116.4591766,133.5799872,-72.04833412,38.46668443,154.7255639,1.118396919,-115.7287436,132.3062126,76.60068665,-132.5470899,2.487172195,49.97982267,49.98032123,3998.292137,3846.102404,257.3627487,-55.60254989,5.3630407,1
1310,32,48,24,1,1,1,1,0,1,1,1,1,1,1,1,209.9747925,260.0503949,221.1874283,9.470919733,10.14097168,4.248985769,212.1811626,258.9949598,222.1249759,10.67901632,6.802262117,9.254012721,8.263679938,-6.503707164,-1.759861745,-8.188921022,6.43230896,1.756732739,209.9476126,260.0315704,221.1873766,4.311126859,7.538019287,3.515877049,212.172079,258.9954508,222.1269476,6.646955445,1.10279714,8.944948391,0,-115.3850499,131.7626836,57.23441446,-123.2678526,78.45457091,-0.07779801194,-115.5565956,132.3330077,-33.21987603,-2.053357604,150.1434855,49.98527663,49.98527273,2948.313679,2941.589213,54.98537829,-116.8275781,5.3848793,1
1311,32,48,24,1,1,1,1,0,1,0,1,1,1,1,1,210.5682505,262.204858,219.7924546,41.58558927,41.42155512,11.18679505,210.9509417,258.4503487,223.9167567,40.27832705,40.53353516,17.49592223,28.71502002,-27.14607534,-1.569433363,-28.44928216,26.96723177,1.481559988,209.6801628,261.3929312,219.6742852,10.96891488,11.09878564,3.595366882,210.8862292,258.2960499,223.7751478,6.492701567,8.887526745,13.85720707,0,-116.0632292,131.1278125,35.37103204,-169.1891683,-76.01281497,-0.8765906831,-115.6459163,131.7543576,-99.43562614,-28.53185863,124.4008539,49.98109331,49.98513309,3644.980395,2892.833156,109.6777946,-106.0555754,5.3831709,1
1312,32,48,24,1,1,1,1,0,1,1,0,1,1,1,1,210.8419062,258.6152513,222.1661036,7.778689321,12.97400928,11.30927719,211.4538574,257.4930489,224.5850448,3.301379099,12.48703427,14.12302855,-0.7689163503,9.3749228,-8.608353565,0.7595009357,-9.446153137,8.684248335,210.81686,258.6036862,222.1395958,7.649232445,5.987172993,2.743887045,211.4225401,257.4221072,224.4935756,2.986809285,4.691654383,8.785073007,0,-114.853549,132.4477645,21.78389295,-156.3996006,173.6038094,-0.4251086409,-114.6370005,132.6880875,-74.3134915,-57.13616185,120.5137141,49.98505082,49.98522086,3004.436818,2949.85192,30.70556354,-87.25709422,5.4701421,1
1313,32,48,24,1,1,1,1,0,1,1,1,0,1,1,1,212.6884588,260.5522327,217.9321387,66.01089895,33.23162345,61.51835136,219.8753697,254.086614,222.0373078,66.38642013,29.45123072,63.82597904,43.76252179,-1.409569479,-42.35291199,-43.84015488,1.303465661,42.53674972,212.0246085,259.7950204,217.8386777,16.06137231,20.29763807,9.789305527,217.7471911,253.6434268,220.1167482,16.28686056,13.8337003,18.70375559,0,-117.0639832,131.1828997,76.81909786,-135.545693,-3.771060617,-1.098029302,-117.7329686,132.8083097,-74.4618515,35.45772076,153.1407782,49.97886815,49.97868189,4194.3088,4246.376167,178.6871018,138.4231946,5.3694679,1
1314,32,48,24,1,1,1,1,0,1,1,1,1,0,1,1,210.1265787,260.3867302,220.7669566,10.57674859,11.25217816,4.090179535,212.3781572,259.226312,221.7446835,11.63374213,8.200271503,9.416080455,9.175733329,-7.642414297,-1.533047379,-9.080992467,7.559647172,1.5216224,210.0853489,260.3518317,220.7659857,4.497146232,7.724603766,3.440614328,212.366733,259.2240651,221.7458767,6.74102491,1.30125386,9.158124877,0,-115.6332256,131.6041134,58.31419558,-124.4049105,74.68271666,-0.09534594094,-115.8066795,132.197564,-34.76491054,1.647753555,149.9717076,49.98522754,49.985274,2958.911854,2941.330582,57.56677416,-121.673052,5.8424263,1
1315,32,48,24,1,1,1,1,0,1,1,1,1,1,0,1,349.8959827,323.7271894,245.0173296,19.08906299,19.57045756,13.09399059,351.1828,326.2479337,249.6846659,16.54506498,20.24915549,15.2887535,13.43574443,-13.8063137,0.3707585491,-4.865470389,11.62410384,-6.758328777,247.5225166,283.2097442,169.6629785,4.227945365,4.132247347,4.543683172,250.8750944,286.4718146,172.5430139,10.07168425,10.06506356,8.13359347,0,-141.2049285,122.7472897,87.65033566,-28.05690137,-163.8966396,0.1119798989,-141.0391178,122.7172023,-24.84301629,-163.3789999,90.25571327,49.97276721,49.97415242,4898.840217,5705.692749,59.70120422,-749.206046,5.6664882,1
1316,32,48,24,1,1,1,1,0,1,1,1,1,1,1,0,206.8230272,262.3773232,221.5213818,35.4997812,29.74721233,8.328487851,207.3312459,262.7772818,222.4315881,35.37585672,29.71981586,8.28473341,33.17498115,-27.75703785,-5.417890941,-33.08732598,27.70326222,5.384132385,206.6660495,262.214907,221.3991961,4.021714967,3.433367785,5.31440836,207.1583404,262.6292211,222.3037784,3.735779259,3.678348983,5.29266616,0,-115.046951,131.07014,-2.803502411,-118.3171667,131.1559227,0.07188276903,-114.9859188,131.1653448,2.794252132,-112.1278938,130.7060773,49.98388211,49.98387783,3227.371571,3221.451225,109.230791,-60.37893546,5.2721384,1
1317,32,48,24,1,1,1,1,1,0,1,1,1,1,1,1,209.9806894,260.0573381,221.1841425,9.473489873,10.15377799,4.257587904,212.1773213,258.9931191,222.1225567,10.65312616,6.798447306,9.248702247,-8.248183536,6.482497421,1.765771267,8.17322862,-6.412651105,-1.760497108,209.9535074,260.0384775,221.1840594,4.335308494,7.563457488,3.519810398,212.1682545,258.9936245,222.1245291,6.61725183,1.134508769,8.937003991,0,-115.3885157,131.7613196,56.83607959,-123.4354417,78.56589715,-0.08061016752,-115.5593128,132.3304306,-33.43079411,-1.532046792,150.1517797,49.98527913,49.98527185,2948.394558,2941.369074,53.79821771,-115.6477031,5.3858559,1
1318,32,48,24,1,1,1,1,1,0,0,1,1,1,1,1,210.8390268,258.3205478,222.4131219,7.486455948,11.12212818,9.122602011,211.5092481,257.3635699,224.9480102,3.502674597,10.83392172,12.64341138,1.032764447,-9.142666619,8.109939766,-1.029313699,9.211140125,-8.18179005,210.8059819,258.3049717,222.3737617,7.250805901,5.626752763,2.596634213,211.4679046,257.3030384,224.8592653,2.961264668,4.908553089,9.053250146,0,-114.718356,132.5337436,21.72262518,-158.9659088,178.1789686,-0.3823768336,-114.4675865,132.7841326,-66.63377531,-61.65303316,120.6351548,49.98529986,49.98510521,2941.486267,2976.217799,55.84592175,-116.2365662,5.2664507,1
1319,32,48,24,1,1,1,1,1,0,1,0,1,1,1,1,210.1436202,264.6933794,217.2836003,64.58467296,67.02980403,27.94451059,208.5631123,259.1576571,225.58719,62.73619001,66.63116708,33.31585723,-43.3799088,43.83239285,-0.452206066,42.97905215,-43.60809482,0.6293511595,208.0370119,262.8547698,216.9218101,16.95729281,16.4938606,12.78798666,208.4073125,258.5188374,224.8953217,11.08011013,16.8335152,21.90658084,0,-116.9628435,130.0798291,30.91658109,162.81598,-89.3849141,-1.557326777,-115.8081976,130.7776561,-127.4208779,-41.63047821,108.4094032,49.97845405,49.97901714,4289.947713,4089.661492,326.5479727,1.275631207,5.3888956,1
1320,32,48,24,1,1,1,1,1,0,1,1,0,1,1,1,210.0950661,260.3487775,220.7626471,10.35567956,11.02703634,4.109721358,212.349054,259.1992804,221.7380719,11.42983255,7.881278448,9.393450985,-9.069577834,7.514976838,1.55467538,8.976102798,-7.435425847,-1.540598583,210.0572113,260.3180886,220.7621917,4.509080146,7.737733933,3.450491386,212.338,259.198296,221.7395393,6.736250216,1.290872507,9.130024521,0,-115.6221831,131.6125899,58.25585724,-124.2231445,75.12736038,-0.09613065902,-115.7973928,132.2027195,-34.87359024,2.763968116,149.9965891,49.98526785,49.9852474,2951.076619,2945.849424,52.9014831,-116.873955,5.3572032,1
1321,32,48,24,1,1,1,1,1,0,1,1,1,0,1,1,212.7581556,260.6758356,218.0755949,64.46776222,32.6529991,59.93095079,219.6326206,254.3365727,221.9339744,64.80043825,28.84456908,62.18239573,-42.91973328,1.521235175,41.39839552,42.99567485,-1.418304889,-41.577482,212.1236639,259.9529886,217.9846467,15.65455466,20.11374705,9.297915583,217.5994207,253.9122617,220.0948057,15.73401895,13.63775569,18.10087304,0,-117.0544267,131.1881279,75.35728475,-135.3590103,-1.437677398,-1.072606139,-117.7147122,132.7590129,-75.01384139,35.59210328,153.6090109,49.97929446,49.978993,4077.844583,4161.973374,148.5272182,127.7980164,5.0734838,1
1322,32,48,24,1,1,1,1,1,0,1,1,1,1,0,1,206.8174318,262.3930317,221.5173912,35.63108887,29.87650265,8.328902957,207.3223437,262.7835504,222.4278892,35.50268306,29.8460177,8.284593558,-33.2882675,27.8700532,5.418271097,33.2002425,-27.81714597,-5.383042531,206.6590733,262.2289287,221.3937424,4.041818902,3.447081742,5.314536135,207.1476478,262.6336439,222.298836,3.714974681,3.666765447,5.292286389,0,-115.0503558,131.0649257,-2.728731556,-118.5815469,131.1518312,0.06928219027,-114.989387,131.1600513,2.741731631,-111.8648916,130.6996722,49.98387529,49.98386542,3228.061917,3222.836212,108.6436172,-59.6226754,5.0528507,1
1323,32,48,24,1,1,1,1,1,0,1,1,1,1,1,0,350.0601512,324.3165326,246.8282438,18.36074913,18.78799923,12.58312177,351.3102176,326.5391264,250.2585863,15.78821535,19.25153998,14.28800107,-13.48527478,13.4559453,0.03285895397,4.896615048,-11.28744387,6.394438137,247.2689245,283.5515885,170.8983711,4.390338271,4.668348681,4.398670422,250.7516947,286.7238183,173.0534974,10.30483884,10.02795901,7.585824644,0,-140.8583954,122.6945139,90.21962748,-35.24578687,-171.2182917,0.1865989481,-140.7995367,122.7719534,-25.22784818,-167.5256987,90.58770032,49.96769155,49.97941953,5383.635896,5231.843189,26.84040257,-707.5272065,4.9287606,1
1471,48,48,32,1,1,1,1,1,1,1,1,1,1,1,1,225.3320848,247.3673708,217.2880027,2.993673934,3.317432479,4.189129163,225.6689191,247.7989615,217.8404446,3.121261037,3.383264591,3.962302016,-0.006637512451,0.005384564147,0.001255723377,0.006547629679,-0.00545735182,-0.001087324668,225.3307382,247.367675,217.2881468,2.993142638,3.317061972,4.188809427,225.6675673,247.7992656,217.8405888,3.120752874,3.382903848,3.961966804,0,-114.5548093,127.8618406,-3.67705547,-114.2326446,126.0466532,0.05933584358,-114.5135588,127.9309618,3.389682354,-115.0199657,129.5587326,49.98797927,49.98798458,2406.544449,2400.541744,51.49249084,-73.03744072,5.2272339,1
1472,48,48,32,1,1,1,1,1,1,0,1,1,1,1,1,225.3307157,247.028038,217.7618008,5.724742575,8.209394726,4.848881372,226.0494576,246.1432928,219.4396475,3.473148335,7.140615411,8.617702272,1.401331236,-6.037635297,4.636309947,-1.38994014,6.062237647,-4.672292563,225.3286453,247.0276686,217.7606214,5.423998749,5.476022347,1.105677593,226.0467889,246.1332556,219.4295628,2.956410434,3.644745876,7.186377664,0,-114.3094064,128.0555596,28.74743866,-147.4301168,152.7851431,-0.288583797,-114.1592319,128.3448402,-62.76865543,-59.3113629,124.3508452,49.98790224,49.98789897,2422.278947,2417.431619,45.2974866,-78.2480985,5.3677371,1
1473,48,48,32,1,1,1,1,1,1,1,0,1,1,1,1,225.3222842,247.037638,217.7569795,5.72424716,8.205532845,4.835565405,226.0410685,246.1513707,219.435785,3.472621108,7.131538068,8.611412965,-1.402840539,6.026331278,-4.623484777,1.391435477,-6.050986091,4.659556783,225.3202098,247.0372644,217.7558,5.423515852,5.482589274,1.101420018,226.0383618,246.1413496,219.4257329,2.955839964,3.645734198,7.187263955,0,-114.3115469,128.050975,28.74247071,-147.4432888,152.4846884,-0.2889990702,-114.161262,128.3404357,-62.76364705,-59.21299649,124.4022377,49.98789782,49.98790323,2422.942648,2416.643748,45.4500341,-78.37842936,5.3609702,1
1474,48,48,32,1,1,1,1,1,1,1,1,0,1,1,1,225.890319,247.2435668,216.9081212,5.089108228,6.33112714,9.212598879,227.2139501,248.05468,216.0379802,8.338911178,3.821567731,7.698350256,4.963121419,1.419278681,-6.382400092,-4.997340198,-1.411303537,6.408650754,225.8871603,247.2430967,216.907732,0.556991747,6.042246829,6.544139315,227.1998129,248.0532324,216.0263534,6.603613362,3.324255187,4.109260192,0,-114.7649082,127.8607812,-147.9271297,-85.29411057,97.55184102,0.3439707824,-115.064394,128.0492172,2.612032458,-179.0528557,-178.9863144,49.98790539,49.98791647,2420.977119,2414.417602,45.44158245,-78.7871343,5.7670987,1
1475,48,48,32,1,1,1,1,1,1,1,1,1,0,1,1,225.8894698,247.2465826,216.9052693,5.065791014,6.327892056,9.196940496,227.2097459,248.0560907,216.0355562,8.314671054,3.818960879,7.678890141,-4.9419522,-1.42416477,6.366115927,4.976018249,1.416011688,-6.392029387,225.8863134,247.2461151,216.9048927,0.5441607552,6.038302169,6.538842535,227.1957563,248.0547143,216.0240752,6.590138279,3.320284477,4.099817489,0,-114.766228,127.8593692,-147.4473851,-85.33087645,97.63854293,0.3434561765,-115.0652849,128.047383,2.591419811,-178.9893677,-179.0763153,49.98790968,49.98791339,2420.186491,2415.116367,44.91171179,-78.24481021,5.2777503,1
1476,48,48,32,1,1,1,1,1,1,1,1,1,1,0,1,224.8084248,247.9644665,217.2002803,8.861416907,5.323294926,7.33796494,223.6558649,249.6022691,217.9508668,7.676274007,8.756904388,3.664225909,-6.637027061,5.176077022,1.460948789,6.659477735,-5.211358514,-1.44812173,224.8067755,247.9628157,217.199521,5.759755495,0.5870515635,7.073151731,223.6424811,249.5898874,217.9490436,3.643967379,6.95175623,3.105517248,0,-114.6194625,127.6381421,-35.80812741,-4.246412505,149.5165624,0.1578079037,-114.3558713,127.2973187,67.37515045,-119.1381187,68.3685215,49.98789335,49.98789998,2423.369624,2417.893031,47.37796742,-75.59846637,5.231931,1
1477,48,48,32,1,1,1,1,1,1,1,1,1,1,1,0,224.7998156,247.9675128,217.2047982,8.882328706,5.356543556,7.347034193,223.6433715,249.6125442,217.9540089,7.702470056,8.786125748,3.653858296,6.658628357,-5.209382973,-1.449241504,-6.681185434,5.244743807,1.436440061,224.7981585,247.965846,217.2040209,5.766300062,0.5995658188,7.086379667,223.6299193,249.6000388,217.9522509,3.658391518,6.963796106,3.101974831,0,-114.6173532,127.6371794,-35.9408654,-3.545040992,149.5017579,0.1589846754,-114.3534275,127.2948187,67.43127162,-119.2034194,68.1329573,49.98789264,49.98789878,2423.3975,2418.09251,47.65570981,-75.90107611,5.3287306,1
1478,48,48,32,0,1,1,1,1,1,1,1,1,1,1,1,225.6058958,245.9429431,218.7324819,3.448865257,6.705631367,8.367710953,225.6439139,247.5645691,218.2262396,5.796064435,7.685022081,4.466474984,-1.338425972,5.58199812,-4.243568576,1.347052932,-5.537925562,4.190875792,225.603455,245.9337819,218.7251734,2.993050111,3.619556345,7.167516433,225.6416987,247.5641113,218.225524,5.535718767,5.262089654,1.32365855,0,-113.8744782,128.5695109,-64.72423453,-62.27956507,122.0899518,0.3827466406,-113.944934,128.4470941,29.32114529,-146.6386578,164.7470476,49.9879084,49.98790851,2421.573514,2414.940039,46.66606274,-78.67244124,5.7089239,1
1479,48,48,32,0,1,1,1,1,1,0,1,1,1,1,1,228.1628473,394.8884501,280.7563546,12.68148702,22.04003693,23.90793793,234.4250648,396.6534799,284.3608729,15.42329059,19.90457009,24.12112344,3.915321789,18.03787697,-21.95301114,-7.461407681,-11.53315299,18.99475109,151.9591031,296.6837179,239.6380901,6.195834541,8.557687228,8.004152258,155.4583167,301.8945977,244.9180614,9.242856451,14.1975976,14.38831135,0,-110.1769882,109.399923,125.5639831,6.947223768,-135.5584191,0.1640613352,-110.0785753,109.5632638,-33.01915476,-142.6174461,79.14401397,49.97675594,49.97833526,4468.486418,4521.097212,913.3389721,-390.1290951,5.2479772,1
1480,48,48,32,0,1,1,1,1,1,1,0,1,1,1,1,227.0677049,243.4617796,220.1809325,5.623520497,25.80243422,21.70166662,227.4517616,243.7985166,220.804313,5.620513955,25.73388188,21.684419,-3.950284723,24.44032866,-20.49001456,3.949421016,-24.3956371,20.44625778,226.9879386,243.4121788,220.1154994,3.07529988,3.382776623,4.052876116,227.3692207,243.7512582,220.7250894,3.072402905,3.213929342,4.20455736,0,-113.1308027,129.6946743,-0.04289897103,-115.3561393,127.7621771,0.03968091654,-113.0891089,129.7800065,-0.1096255297,-110.9455262,131.3579795,49.98712603,49.98712564,2577.377904,2573.422082,58.17694927,-65.96631824,5.1968329,1
1481,48,48,32,0,1,1,1,1,1,1,1,0,1,1,1,223.2886342,246.4686362,221.7639337,19.83826177,47.92524,49.35029385,228.3229707,245.6514471,218.264105,23.39924269,46.49520331,48.98571907,0.1991608543,32.40754426,-32.60661774,-0.2294453972,-32.16266041,32.39217743,223.0212638,245.3304203,220.7134652,9.661867968,12.77970009,12.05580128,227.8894341,245.5676355,218.0052088,15.5696863,7.820974906,12.4355733,0,-112.7321113,128.7674925,162.9215107,-82.62100285,55.98749557,0.7726140159,-113.7009543,129.7399887,-10.3966585,122.9871311,-163.2207299,49.98375425,49.98499293,3211.214266,2908.220634,200.5336823,-56.58634196,5.4293524,1
1482,48,48,32,0,1,1,1,1,1,1,1,1,0,1,1,226.0920506,247.0311568,216.9568722,6.343185951,6.442803693,9.915872664,227.4902264,247.8186696,216.0702961,9.240458658,3.773014856,8.590154001,-5.778933148,-1.28062698,7.059600304,5.818704631,1.27489179,-7.093558288,226.0883374,247.0304493,216.9559078,0.6018901443,6.181633273,6.553059426,227.4683349,247.8170659,216.0526075,6.707954935,3.308364645,4.235593087,0,-114.7400885,127.9515123,-162.6623169,-85.51288496,96.5348793,0.3449579912,-115.05279,128.1540727,1.577980877,178.4373113,-178.6070638,49.987894,49.98788285,2423.551554,2421.982394,43.24603812,-77.88654436,5.2885494,1
1483,48,48,32,0,1,1,1,1,1,1,1,1,1,0,1,223.422282,247.7699588,219.1452563,33.47890618,34.20083697,16.28195214,223.0831225,250.7973015,216.8143306,33.98904795,34.54722199,11.2939057,-23.85565,23.41413635,0.4409093256,23.94986491,-23.46482283,-0.4856537674,223.3585075,247.6600631,219.0036055,6.288880081,6.231696372,12.45977942,222.3839929,250.2580628,216.6709876,8.089323617,7.239695529,4.533294596,0,-113.8011334,127.8917551,-81.91248205,-46.17703851,119.0169109,0.6938777267,-114.0639926,127.41478,50.48521991,-166.7820538,-76.51056765,49.98663703,49.98579049,2627.216203,2734.962442,50.5328041,-19.81866952,5.1567583,1
1484,48,48,32,0,1,1,1,1,1,1,1,1,1,1,0,224.8554333,246.186074,219.3153197,3.39008987,8.394814567,10.08312385,224.9028501,247.9266264,218.5848567,6.123564207,9.085080949,6.617117776,-0.8100269494,7.160170657,-6.350238761,0.8164282267,-7.091139351,6.27462278,224.8526682,246.1633662,219.2959472,3.140496092,4.034147497,7.656694894,224.8999566,247.9229644,218.5830889,5.989260772,5.412575953,1.31339981,0,-113.6154423,128.5336373,-73.20201166,-59.6339949,119.7125731,0.4353514728,-113.7194341,128.3987114,30.20148125,-150.8557622,-170.7791164,49.9878188,49.98791164,2438.897265,2415.922676,46.77505558,-77.83928119,4.5854543,1
1485,48,48,32,1,0,1,1,1,1,1,1,1,1,1,1,225.6061639,245.9465533,218.7272425,3.448362372,6.690269263,8.355371213,225.6441712,247.5701571,218.2216171,5.796394612,7.672710365,4.443750391,1.342686343,-5.563606816,4.220919714,-1.351207467,5.519596354,-4.168387954,225.6037751,245.9374836,218.7200369,2.993120358,3.619503895,7.167529353,225.6419643,247.5697044,218.2209127,5.536440851,5.263287528,1.323194013,0,-113.8769022,128.5675919,-64.73773804,-62.2645405,122.0916357,0.3831091668,-113.9471316,128.4450594,29.32144228,-146.6408646,164.7354563,49.98790923,49.98790817,2421.194284,2415.238548,46.6349463,-78.6358111,4.4012954,1
1486,48,48,32,1,0,1,1,1,1,0,1,1,1,1,1,227.063386,243.4591277,220.1845242,5.62301391,25.84623994,21.74127679,227.4474851,243.798628,220.8129558,5.621160081,25.77137181,21.72431038,3.950232065,-24.47892773,20.52870744,-3.949592592,24.43241429,-20.48280832,226.9832619,243.4096268,220.1192787,3.074180087,3.408066992,4.053889455,227.3648318,243.7512644,220.7336005,3.073404974,3.189377646,4.205504553,0,-113.1281123,129.6961568,0.01468243743,-115.4950699,127.4055548,0.04039335673,-113.08496,129.782156,-0.166557965,-110.755924,131.7045776,49.98711979,49.98712384,2579.038728,2572.386541,58.33821078,-66.15292826,4.2119712,1
1487,48,48,32,1,0,1,1,1,1,1,0,1,1,1,1,230.611765,395.4791707,281.7362198,16.23560652,20.82280763,23.90567689,233.8753786,396.547812,283.5107377,17.10388722,19.18546964,23.59513137,-1.196448811,-8.4314271,9.627291512,4.76376316,1.90640309,-6.670706726,153.5243578,297.5863469,240.9388568,3.23946691,4.66172228,2.591616822,155.5850459,299.5676777,243.0365016,5.785042235,5.755169962,7.041775309,0,-110.0595503,109.7274202,101.7709527,-65.79640331,143.3023228,0.02010963305,-110.1373249,109.8567248,-33.27758197,-144.6589623,97.89691739,49.96614342,49.98894592,4795.635626,4208.266329,476.2097469,49.32485297,4.7594793,1
1488,48,48,32,1,0,1,1,1,1,1,1,0,1,1,1,226.0580188,247.0773586,216.9364738,5.73910844,6.439240975,9.622248101,227.438245,247.8864144,216.0067815,8.860106542,3.791089108,8.15445881,5.585468038,1.234376639,-6.819836391,-5.623497782,-1.22770077,6.85120123,226.0545874,247.076937,216.9354663,0.670622847,6.20170331,6.653520535,227.4207336,247.8851287,215.9926239,6.752018364,3.373678382,4.215297519,0,-114.7509923,127.9308502,-156.9144946,-84.94296083,96.61360593,0.3533060535,-115.0673347,128.1287859,2.279837746,178.2277959,-177.2715129,49.98789593,49.98790193,2422.914199,2417.266264,44.33815036,-79.07497875,4.3225596,1
1489,48,48,32,1,0,1,1,1,1,1,1,1,0,1,1,222.5930675,246.5016472,222.5652447,23.23600964,54.86839446,56.49186062,228.3280387,245.0631076,218.2644187,26.68577641,53.32064813,56.09568938,-0.2028950121,-36.8291101,37.03194555,0.2412592145,36.55040047,-36.79172041,222.2444285,245.0248514,221.2213067,11.25062523,14.49973032,13.67754898,227.7609492,244.9570581,217.916892,17.09129129,9.269735834,14.1661333,0,-112.3930203,128.8574486,161.0252128,-83.88833304,52.93751594,0.8646061216,-113.5229091,130.0052589,-12.24664413,116.4372184,-161.4100358,49.98303897,49.98327296,3386.453831,3305.25028,238.0639472,15.59872739,4.1476623,1
1490,48,48,32,1,0,1,1,1,1,1,1,1,1,0,1,224.1945844,246.785411,219.213661,3.362650243,13.10954307,14.41855658,224.3750919,248.7037076,218.4124814,6.740098763,13.63245404,12.15940561,0.4514924393,-8.893319675,8.440949013,-0.4544750241,8.792289227,-8.33869298,224.1746959,246.7020914,219.1196408,3.210176071,4.249536799,7.683466839,224.3587998,248.6883372,218.3887799,6.664252926,5.872421844,1.511166337,0,-113.6707286,128.2865424,-85.95023168,-53.74756675,117.8282267,0.4964741168,-113.7807844,128.160488,28.80474584,-152.5976168,-167.0402689,49.98777215,49.98763967,2445.146773,2475.908748,68.15818416,-96.35010809,4.0574647,1
1491,48,48,32,1,0,1,1,1,1,1,1,1,1,1,0,222.2645153,248.1880687,219.8167802,51.99992439,54.19406156,25.42359394,223.8640491,253.3100903,214.8979744,53.08319875,54.40558942,20.77082332,35.81281898,-35.42863603,-0.3836879131,-35.94178731,35.48686385,0.4554648687,222.1493654,247.8390298,219.3889585,9.219213316,13.08555273,17.36762829,222.3552285,252.0825272,214.621564,13.41013225,13.09209705,9.807636657,0,-113.5851879,127.7305864,-121.6852437,-38.81609341,110.8987786,1.269186726,-114.4075195,127.1566824,36.00329767,171.0942501,-82.71075916,49.98429156,49.98287205,3035.108573,3388.53306,97.47819488,108.5724406,4.1012234,1
1492,48,48,32,1,1,0,1,1,1,1,1,1,1,1,1,226.8940784,247.595833,215.4920457,8.193477163,3.787960438,7.619437654,226.2720238,247.6315504,217.4616671,5.015041288,6.31977981,8.951170587,-4.966690403,-1.412427296,6.379118086,4.911760203,1.41119825,-6.322951276,226.8784839,247.5944152,215.4821878,6.444311364,3.28347447,4.002734243,226.2681582,247.6313755,217.4614438,0.3090519625,6.032299612,6.230132042,0,-115.3951955,127.6519307,-0.485468705,-179.3706364,176.2412852,-0.2268099396,-115.0165855,127.6082544,173.5915336,-86.06195217,98.67624281,49.98792078,49.98791453,2418.758098,2414.088518,44.93008835,-80.05856399,4.015726,1
1493,48,48,32,1,1,0,1,1,1,0,1,1,1,1,1,228.0232891,245.4790615,217.5721328,20.28229587,40.93994998,42.97122052,224.4777883,246.5293085,221.7163226,16.59344853,42.07354761,43.14818238,-0.0959336236,-28.56553837,28.66220895,0.05200080566,28.66830005,-28.71961174,227.7074191,245.4296344,217.3743419,13.93307411,6.739158284,10.48989753,224.2560802,245.6851847,220.8266172,7.94052935,11.26988646,10.33587505,0,-114.483773,128.7525479,-9.647796963,130.9582569,-165.6774288,-0.6087888025,-113.576381,128.1070852,163.1940831,-81.37194418,60.65114681,49.98625209,49.98424231,2665.193951,3076.40854,29.24838542,43.05597526,4.0896879,1
1494,48,48,32,1,1,0,1,1,1,1,0,1,1,1,1,227.2003622,247.3570393,215.4707443,8.945541379,3.761165006,8.273986948,226.4992561,247.3904949,217.5147736,5.932882724,6.461638824,9.536518168,-5.845475268,-1.172352513,7.017837833,5.782143489,1.169429259,-6.951565496,227.1795184,247.3557215,215.4575554,6.659431796,3.359152133,4.138662831,226.4948529,247.3902447,217.5137503,0.5200200829,6.238038342,6.366719452,0,-115.4029752,127.7514689,-0.8443252307,177.0862948,178.6475929,-0.2396174842,-115.0022762,127.6949698,171.4419704,-85.50697032,97.28559349,49.98790535,49.98789609,2422.106122,2417.551193,43.7365868,-80.83193447,4.0976771,1
1495,48,48,32,1,1,0,1,1,1,1,1,0,1,1,1,311.8578091,275.7525037,337.7517449,19.63503662,12.08431825,19.04863495,313.5280714,279.4313623,338.9490168,19.41096071,13.71534406,16.48817568,-13.15267632,0.8929900103,12.26007532,10.10592512,-5.276470809,-4.829192351,261.7783114,188.5293434,255.4181615,3.273494161,3.858727619,4.880157891,264.5410249,190.7748017,258.372583,8.693758863,6.595215592,8.947228561,0,-97.72814592,150.9799163,107.8721756,-4.402274773,-141.7090966,0.1499622775,-97.77425641,150.9750214,-21.003318,-133.532342,120.656155,49.9719269,49.98197166,4367.684816,4843.920455,237.9834531,-376.4888203,3.929278,1
1496,48,48,32,1,1,0,1,1,1,1,1,1,0,1,1,228.6055843,248.7723637,212.4342732,28.13744438,6.177577918,32.86102214,228.9599023,249.1938487,212.9974496,28.10164725,6.161437024,32.76413299,-26.63346169,-4.167395554,30.80087542,26.57899439,4.148606594,-30.72758197,228.4442255,248.6787226,212.3281147,3.004339833,3.368419551,4.065675117,228.8079684,249.1012225,212.8718448,3.190015246,3.366905757,3.901516754,0,-116.867782,126.905489,-2.982435176,-116.6281871,124.5846393,0.0571230137,-116.8286309,126.979215,2.671993865,-117.2600777,129.1063105,49.98667479,49.98668333,2667.552127,2660.771874,72.46913973,-52.60113131,3.9850347,1
1497,48,48,32,1,1,0,1,1,1,1,1,1,1,0,1,231.6806404,243.9405402,216.0695183,59.27039407,24.71651987,57.31913463,226.2661474,250.2232365,214.4446278,58.73346431,28.28845835,55.40149806,-38.93086311,0.4760777465,38.45473618,38.70378428,-0.5811469245,-38.12268783,229.9759818,243.6198161,214.5237056,14.39252853,11.70043445,15.66776892,225.7542138,249.7149412,214.3548246,14.04235063,17.86968709,9.087176959,0,-115.5460692,128.9732593,-74.11581941,37.38490145,153.8873962,0.9912629438,-114.8592225,127.6635195,80.82958028,-132.7854116,-3.70768592,49.98257262,49.98294038,3469.147303,3368.643697,253.4447557,19.39054806,4.0763742,1
1498,48,48,32,1,1,0,1,1,1,1,1,1,1,1,0,224.9046141,248.2254415,216.8159328,9.951827356,6.925788978,7.515924656,223.6786224,249.9535571,217.5315182,8.899907355,9.943217081,3.547635363,7.652571439,-6.453375061,-1.199195163,-7.687030137,6.495425054,1.19161004,224.9013414,248.2230405,216.8148096,5.924936755,0.7519437776,7.307881525,223.6546818,249.9311366,217.5295939,3.843108546,7.133184276,3.083186677,0,-114.8100634,127.5002322,-37.38873128,4.647349855,149.4600658,0.1717067894,-114.5416251,127.132848,69.16402722,-120.0523325,63.64164452,49.98786957,49.98787087,2428.407436,2423.275665,46.48371351,-74.5553239,4.1045808,1
1499,48,48,32,1,1,1,0,1,1,1,1,1,1,1,1,226.8997593,247.5908866,215.4985921,8.183064532,3.789456942,7.619009133,226.2771464,247.6257553,217.4627085,5.005521228,6.315546319,8.943220503,4.962643281,1.417621218,-6.380258315,-4.907845697,-1.416499487,6.324358378,226.8842285,247.5894639,215.4887761,6.438366468,3.281828424,3.999412547,226.2733189,247.625543,217.4624652,0.3039277839,6.026034194,6.216930333,0,-115.3930554,127.6551106,-0.5557417033,-179.2629952,176.0377493,-0.2261978895,-115.0151836,127.6115074,171.9884637,-86.07179414,98.73884257,49.98791634,49.98791914,2419.653388,2413.115002,45.18148863,-80.27919941,4.084047,1
1500,48,48,32,1,1,1,0,1,1,0,1,1,1,1,1,227.2608508,247.2590963,215.5598272,9.448085929,3.740572525,8.819717782,226.5366529,247.31874,217.5665742,6.685500957,6.475397331,9.928996708,6.074080376,1.216045637,-7.290090378,-6.007717691,-1.211274434,7.219022416,227.2337815,247.2573614,215.5420717,6.624756285,3.291612081,4.173130787,226.5317728,247.3181064,217.5656091,0.5051892778,6.229350489,6.268860943,0,-115.3660632,127.8012441,-1.632529089,177.0921849,177.3705281,-0.2318122217,-114.9675895,127.7385934,160.5478638,-86.07761782,97.17656816,49.98788882,49.98788415,2427.605285,2419.239803,45.00547404,-82.2194112,4.1390495,1
1501,48,48,32,1,1,1,0,1,1,1,0,1,1,1,1,228.2727603,244.4206218,217.6719922,27.03692088,54.18612933,57.01638492,223.2103038,246.6462775,223.2737848,23.52367839,55.51354766,57.12471174,0.2740455427,37.13948538,-37.4135741,-0.2093552481,-37.27172927,37.48104438,227.71176,244.3352533,217.2946127,17.24349071,9.397178476,14.11465902,222.8425646,245.2087116,221.7769562,11.37879685,14.56791451,13.46959492,0,-114.3097866,129.0855917,-13.89420486,115.8633949,-162.857645,-0.7667604764,-113.0877521,128.0753242,158.9188719,-84.42838049,51.66045126,49.98318436,49.98290337,3332.570728,3404.114788,136.6364844,113.0867389,3.996585,1
1502,48,48,32,1,1,1,0,1,1,1,1,0,1,1,1,228.6179159,248.7811125,212.4223255,28.27984171,6.17661638,33.00376349,228.9795019,249.2004394,212.9951266,28.24503546,6.157552167,32.91388264,26.75746119,4.17041301,-30.92783896,-26.70293732,-4.153382086,30.85635413,228.4550791,248.6880651,212.3171145,2.997504891,3.370868147,4.035030846,228.8249328,249.1065257,212.8675431,3.19511807,3.364581792,3.931625819,0,-116.8744759,126.9017587,-2.551235434,-116.816735,124.5948752,0.05606547281,-116.8349493,126.9772823,2.2564713,-117.0849114,129.0548306,49.98667292,49.98667196,2667.988509,2661.482588,72.94661894,-53.24541298,3.9386985,1
1503,48,48,32,1,1,1,0,1,1,1,1,1,0,1,1,311.6253543,275.5213505,337.0363955,19.00369443,10.90996047,18.34750872,313.4678861,279.4084579,338.7288225,18.57315,13.07037756,15.74942802,15.95602529,-1.270709391,-14.68607902,-12.91378382,5.651694677,7.261303999,261.2166831,188.3822445,254.5267911,5.231165058,3.556975443,5.924589111,264.7151709,190.7536644,258.4722424,10.20713092,6.768031913,11.4612502,0,-97.89262026,150.8981912,110.7773116,3.020401692,-116.9163009,0.1388086992,-97.84714223,150.9616202,-28.62627854,-128.9899795,119.7523807,49.97282669,49.98119207,4651.160096,4576.698925,388.5958869,-520.5509184,3.9897906,1
1504,48,48,32,1,1,1,0,1,1,1,1,1,1,0,1,225.1547208,248.298115,216.6049453,12.14269516,10.11797607,7.65349317,223.9986004,250.091262,217.2446645,11.39199829,12.35249579,3.505308363,-8.725216487,7.479965012,1.245390703,8.772451437,-7.529739054,-1.242568431,225.1462358,248.2858704,216.5996687,5.823391118,0.8901014052,7.400284807,223.9372371,250.0287854,217.2362613,3.912988169,7.053649125,2.908556495,0,-114.9300514,127.465296,-38.35218668,-7.484017086,148.1383848,0.1840096246,-114.6817271,127.0932392,67.22656443,-121.8264039,61.90418623,49.9878107,49.9877844,2442.301361,2440.220408,41.48438433,-70.06408356,4.058948,1
1505,48,48,32,1,1,1,0,1,1,1,1,1,1,1,0,230.8158483,244.6645904,215.8595448,53.25321745,21.87464959,51.47602321,226.2463878,250.3288946,214.9521182,52.77838411,25.55009766,49.72682925,35.39674208,-0.5193079477,-34.8778669,-35.18672954,0.6127687278,34.57348819,229.4065942,244.3975471,214.5755798,12.60484989,10.40718645,13.86090741,225.8346172,249.9246192,214.8752424,12.34752754,16.64990059,7.65274404,0,-115.5622471,128.7063188,-73.23449393,38.5083071,155.4942875,0.8598848303,-114.9035648,127.5719905,78.16278231,-131.3297267,4.356550698,49.98341371,49.98427729,3273.866378,3046.425197,217.316908,-43.70528072,4.0393636,1
1506,48,48,32,1,1,1,1,0,1,1,1,1,1,1,1,223.3143947,249.2173101,217.3155141,7.596937288,8.690719446,3.745351968,225.1033462,248.3933951,217.7796743,8.705982579,5.353405682,7.310652561,6.693737831,-5.230296749,-1.463431579,-6.647735169,5.178678682,1.469066741,223.3006729,249.2052867,217.3137293,3.428380685,6.846139057,3.196028805,225.101583,248.3919078,217.7788296,5.518492748,0.7381096852,7.045564907,0,-114.5853699,127.0936132,64.17077662,-120.915013,68.19777833,-0.06397977368,-114.7464062,127.573504,-34.11852292,-19.50200076,149.9781738,49.98789625,49.98789579,2423.232003,2418.121202,50.94505597,-75.33530959,4.1461804,1
1507,48,48,32,1,1,1,1,0,1,0,1,1,1,1,1,223.3054201,249.2330913,217.3998792,8.722843811,9.687196318,3.451915184,225.0654748,248.2374865,218.0021005,9.463107299,6.706990758,7.540814396,7.469218254,-6.205878265,-1.263305091,-7.417723246,6.152012726,1.265745989,223.2863261,249.2159057,217.3976612,3.829318095,7.04132676,2.933370216,225.0626578,248.2355236,218.0002337,5.37952942,1.221440307,7.319756997,0,-114.5539007,127.106629,60.94437045,-124.5676201,63.73022841,-0.1077172744,-114.6904481,127.6053173,-38.63229783,-15.2954087,148.1382919,49.9877862,49.98795707,2440.88564,2408.273759,51.94619308,-76.31752936,4.0265626,1
1508,48,48,32,1,1,1,1,0,1,1,0,1,1,1,1,224.630726,247.4595738,218.0568602,6.052456849,10.55978938,8.329412543,225.2967864,246.466931,219.8521406,3.401919063,9.759124933,11.11276063,-1.045594451,7.796741993,-6.751265072,1.039777512,-7.841325972,6.801430026,224.6259621,247.4557144,218.0512258,5.817360436,5.668195565,1.087951693,225.2913869,246.4327186,219.8141108,2.963542956,3.890968588,7.372968215,0,-114.18411,127.9164706,28.50400187,-149.7500595,166.8291244,-0.3322963722,-114.0186011,128.2061828,-70.75446402,-56.43467009,122.5873981,49.98783097,49.98782498,2437.246682,2432.790141,38.97084197,-70.45983167,3.9989181,1
1509,48,48,32,1,1,1,1,0,1,1,1,0,1,1,1,225.8111486,249.7855346,213.9220433,60.62546722,29.34905664,57.19759907,232.0169397,244.0993677,216.9469898,60.92746617,25.71811055,58.8404305,39.96035211,-0.6244397214,-39.33597713,-40.03166259,0.541635703,39.48997298,225.302116,249.2238229,213.8246162,14.24674844,18.34276159,9.503015345,230.3050319,243.7410901,215.2062805,14.49655864,12.15989052,15.9852903,0,-116.0073584,126.5970189,79.56819471,-134.5729118,-4.616252765,-0.9317043161,-116.6166533,128.087748,-75.72787912,35.53642237,153.3705909,49.9826402,49.98222544,3434.53854,3528.625421,155.9613539,147.983733,4.0813213,1
1510,48,48,32,1,1,1,1,0,1,1,1,1,0,1,1,223.7782513,249.7396579,216.5419656,11.45528963,12.41771955,3.511559223,225.5895692,248.7120417,217.1077692,12.11029075,10.17799609,7.649790391,8.75375604,-7.588779792,-1.164743715,-8.675263418,7.514503131,1.160994881,223.716977,249.676908,216.5343405,3.774861787,7.067554244,3.027726487,225.5806838,248.6998486,217.1025216,5.60308473,1.121066404,7.44321819,0,-114.9894176,126.847189,64.38506175,-124.0819617,60.39335412,-0.09584800864,-115.138362,127.3683609,-37.54550157,-13.22034609,148.7884481,49.98777483,49.98781654,2448.400114,2436.803583,58.20257542,-83.27205779,4.0409025,1
1511,48,48,32,1,1,1,1,0,1,1,1,1,1,0,1,374.2742751,306.7501042,229.7641805,19.45516978,20.25350096,10.91448092,375.5061973,309.8823563,234.8306707,17.12745143,20.74179964,13.55894844,16.15328624,-18.01410834,1.860875202,-9.575279083,16.09530219,-6.520059378,267.8112646,268.221769,157.4986107,6.917594513,6.977679611,4.457008227,272.2168446,272.5961835,160.4050175,12.2621882,11.95117807,7.973289401,0,-139.4224813,119.4723707,119.3121245,-25.81320013,-141.3596923,0.1521066648,-139.3366665,119.5038982,-29.45266605,-171.7687242,85.9367184,49.97566902,49.98120443,4398.013001,4243.330682,444.4200798,-641.1037738,3.905914,1
1512,48,48,32,1,1,1,1,0,1,1,1,1,1,1,0,220.2914541,251.1268512,218.2576038,30.17388706,25.40218935,6.747777434,220.5937491,251.5341574,218.8914318,30.10453929,25.38631613,6.732177286,28.4504752,-23.95040123,-4.500038821,-28.40129426,23.91208483,4.48924318,220.1832964,251.0283685,218.1702532,3.074989641,3.313956462,4.093879133,220.4838313,251.4346388,218.7999463,2.893508887,3.489436694,4.087097507,0,-114.201505,126.4096129,-2.523504652,-116.4929835,126.4425999,0.04292547818,-114.1460735,126.4775362,2.524705363,-112.1632382,126.1627215,49.98684772,49.98682918,2633.932582,2630.585703,83.9112675,-40.78717226,4.0082546,1
1513,48,48,32,1,1,1,1,1,0,1,1,1,1,1,1,223.3192574,249.2153157,217.3185503,7.57367275,8.675779168,3.751003218,225.1031095,248.3872135,217.7803093,8.675506223,5.319621503,7.304907111,-6.664174885,5.190025378,1.474146513,6.618390763,-5.13890326,-1.479482197,223.3057164,249.2034373,217.3168961,3.432585889,6.855015845,3.200495555,225.1013565,248.385747,217.7794761,5.504511392,0.7470560854,7.03859695,0,-114.5846468,127.0955141,63.92308486,-120.9752741,68.31555386,-0.06479206163,-114.7456508,127.5748057,-34.18356189,-18.93815319,150.007901,49.9878968,49.98789632,2423.539385,2417.769371,50.47646864,-74.8580094,4.1108876,1
1514,48,48,32,1,1,1,1,1,0,0,1,1,1,1,1,224.7576339,247.3098539,218.0242814,5.973452466,9.392052516,6.651136563,225.4684902,246.3281831,219.8891435,3.395344932,8.554985057,10.05866192,0.9975551576,-7.205160067,6.207622782,-0.9903603763,7.243656019,-6.253283693,224.7550056,247.3076464,218.0223526,5.787578341,5.606966174,0.9900630139,225.4655609,246.3077965,219.8679676,3.057844001,3.986224882,7.571153154,0,-114.1851502,127.965222,29.48317236,-150.7741495,176.6978949,-0.3314584518,-114.0077095,128.2650578,-69.81989268,-57.35936021,122.3191947,49.98788471,49.98784048,2426.490215,2430.078733,46.57598747,-78.79499924,4.0584323,1
1515,48,48,32,1,1,1,1,1,0,1,0,1,1,1,1,223.6272225,252.731243,214.3222381,54.37327832,55.84611898,21.71640952,222.6037002,248.2996755,220.6585957,53.08699754,55.47357536,26.1971941,-36.76602894,36.49221583,0.2739372779,36.51046192,-36.31395555,-0.1963713455,222.0941172,251.4455223,214.0411116,13.65235751,13.56577667,10.17778602,222.4896218,247.9246236,220.1750939,9.293556435,13.6364432,17.6534486,0,-115.8273933,125.7105154,33.51054612,168.1804133,-83.96432217,-1.207972841,-114.8729625,126.4364941,-125.2199325,-40.61904714,109.2327417,49.9827715,49.98392303,3420.319741,3106.105997,242.4382784,-17.43750378,4.0611035,1
1516,48,48,32,1,1,1,1,1,0,1,1,0,1,1,1,223.3824613,249.6218908,216.8160451,8.78347019,9.881200156,3.597370193,225.2477475,248.6626004,217.314079,9.724151399,6.847415999,7.510668245,-7.759187467,6.604783408,1.154400541,7.696593313,-6.541508785,-1.15509508,223.3588379,249.6004398,216.8141365,3.707622353,7.129262893,3.178473923,225.2440373,248.6604143,217.3130436,5.665557357,0.9672327993,7.321380529,0,-114.8325085,126.8868031,65.70956299,-122.3527615,62.73889798,-0.08671016015,-114.9997825,127.398575,-36.74684466,-5.54981736,149.9256859,49.98787981,49.98786646,2427.494337,2423.351387,49.96146637,-74.04482029,3.9661463,1
1517,48,48,32,1,1,1,1,1,0,1,1,1,0,1,1,225.8855432,249.9319864,214.2080248,57.3830066,27.99264659,53.98830331,231.5551864,244.5401789,216.7877306,57.64066008,24.30465257,55.54485817,-38.12128106,0.7615060828,37.35960722,38.19041779,-0.6830460932,-37.50757342,225.4296223,249.4309818,214.1172906,13.33704538,17.81387325,8.622370999,230.008731,244.2143609,215.2094006,13.4452215,11.60013413,14.89547707,0,-115.9664842,126.615556,77.36628261,-133.9437513,-0.05011333569,-0.8692540463,-116.5604091,128.000474,-76.07593191,35.99407647,154.4841583,49.98339151,49.98277776,3239.230021,3401.607269,110.6259336,127.5623928,4.009764,1
1518,48,48,32,1,1,1,1,1,0,1,1,1,1,0,1,220.2877611,251.1302984,218.2604115,30.1981948,25.42367152,6.748827937,220.5869933,251.5326079,218.8962806,30.12692704,25.4079927,6.732817243,-28.4692023,23.96839803,4.500848418,28.41973847,-23.93156671,-4.4881275,220.179221,251.0307305,218.1729416,3.084687668,3.312112632,4.094320995,220.476343,251.4329724,218.8035966,2.884337659,3.492203286,4.086770571,0,-114.2005105,126.4088824,-2.652780719,-116.6917614,126.4367148,0.04192389199,-114.1445915,126.4766855,2.678486326,-111.9754191,126.1670153,49.98683569,49.98683389,2636.676459,2629.079973,84.52702029,-41.22247364,3.9987882,1
1519,48,48,32,1,1,1,1,1,0,1,1,1,1,1,0,374.9922187,306.9667941,231.0560531,19.06774015,20.10621923,11.87466392,376.1445012,309.9284762,235.6597118,16.90486538,20.68463273,14.16724792,-15.37552542,17.03967119,-1.662305395,8.773829521,-15.11907886,6.347250657,267.9531158,268.3127824,158.3757652,6.321688547,6.62154565,4.32283516,272.1099107,272.4559181,161.0485796,11.75048789,11.70527015,7.734057513,0,-139.2122792,119.5491257,119.1909643,-24.88677694,-144.3269837,0.1685684625,-139.129463,119.5972575,-27.99659828,-170.247769,85.74849483,49.97382488,49.98311593,4412.035543,4235.086978,407.1454134,-600.5356984,3.9106123,1
1667,32,96,48,1,1,1,1,1,1,1,1,1,1,1,1,198.5516121,238.3549114,255.9791993,3.849453485,1.796629034,3.556604621,199.0106503,238.4856426,256.4237594,3.610862861,2.18654945,3.38170156,-0.001597208023,0.006573566391,-0.00489732777,0.001609271377,-0.006697912418,0.005170758969,198.547331,238.3556066,255.9808887,3.849074255,1.795744084,3.556231068,199.0063603,238.4863432,256.4254558,3.610473334,2.185834051,3.381321088,0,-131.0357708,121.6657257,-3.731669832,-135.3149421,123.5647188,0.07862532903,-130.9996847,121.691679,3.759564674,-127.5893916,119.5024131,49.98949084,49.98949391,2103.712528,2099.206145,-0.0776543848,-96.49264005,4.0070567,1
1668,32,96,48,1,1,1,1,1,1,0,1,1,1,1,1,198.5518466,237.8097491,256.4801845,6.684004533,7.744355055,4.877071118,199.2252036,236.5377887,258.0735912,3.350233573,6.895705583,8.240267906,1.410634445,-6.127629639,4.717081336,-1.396959197,6.144698163,-4.747655505,198.5469011,237.8099235,256.4804496,6.423321133,4.627884188,0.8290433495,199.2194808,236.5282101,258.0656066,2.800993733,2.96340158,6.672020799,0,-130.8113179,121.8098625,21.47703979,-170.2603586,-171.4809319,-0.3337051365,-130.716076,122.0231659,-58.2688743,-48.17050988,115.2595563,49.98940895,49.98940755,2120.051677,2116.489572,-2.768009666,-97.85495321,4.0879647,1
1669,32,96,48,1,1,1,1,1,1,1,0,1,1,1,1,198.5491681,237.810575,256.4823736,6.680178206,7.71588877,4.835850929,199.2220258,236.543857,258.0750179,3.354701414,6.865248013,8.209919066,-1.418961165,6.09514352,-4.676104801,1.405452727,-6.112457759,4.707085428,198.5442019,237.810775,256.4826414,6.415600579,4.622592483,0.8279324896,199.2161364,236.5342976,258.0671315,2.797880833,2.95900661,6.664773782,0,-130.8099842,121.8099391,21.4371404,-170.2355254,-172.0331515,-0.3325733764,-130.7143593,122.0225887,-58.09854599,-48.23749221,115.2885907,49.9894086,49.98940942,2120.258058,2116.053067,-2.619110664,-97.99005782,3.9669316,1
1670,32,96,48,1,1,1,1,1,1,1,1,0,1,1,1,198.9331574,238.4324524,255.7318473,4.274834667,4.311315648,7.812699563,200.3193139,239.1308659,254.9438195,7.828170625,3.351879939,6.463434157,4.129848191,1.328355902,-5.458138428,-4.160093722,-1.321986427,5.482148549,198.9279995,238.4322761,255.7329168,0.8738058562,3.962243545,5.508165798,200.3067558,239.1301647,254.9369141,6.59685568,2.891816664,3.288910948,0,-131.2525468,121.668146,-5.373138937,-88.6957708,93.71747961,0.33491268,-131.4982504,121.7759751,0.7092665185,160.2494416,173.1509337,49.98942575,49.98942916,2117.049749,2111.777499,-7.036743194,-103.7105095,4.0664176,1
1671,32,96,48,1,1,1,1,1,1,1,1,1,0,1,1,198.9329365,238.4376713,255.7285119,4.281127712,4.311423659,7.820353487,200.313962,239.1379071,254.9394307,7.821241644,3.356104246,6.461202355,-4.13442057,-1.330905505,5.465407034,4.164714769,1.324185376,-5.488819938,198.9277774,238.4374813,255.7295798,0.8852621216,3.959828858,5.513478045,200.3013979,239.137092,254.932459,6.5860414,2.893256499,3.275130322,0,-131.2542156,121.6663733,-5.752024747,-88.66206143,93.85011773,0.335093574,-131.4994961,121.7730362,0.7704248975,160.3117224,173.1994924,49.98942533,49.98942927,2116.70051,2112.207605,-7.661273298,-103.1439977,4.0375839,1
1672,32,96,48,1,1,1,1,1,1,1,1,1,1,0,1,198.0862271,238.9524368,255.8233661,9.191666074,5.389235955,6.585626629,197.0786648,239.9098492,256.6561878,7.556395655,7.633075849,3.920009162,-6.40391146,4.998283946,1.40571963,6.425090005,-5.0245467,-1.400457999,198.0816944,238.9507077,255.8245004,6.476621158,1.780799159,6.308817117,197.0628069,239.8969986,256.6562992,3.78029366,5.668288441,3.43683039,0,-130.9977453,121.4938018,-30.78314621,72.28628063,150.8989314,0.1763713764,-130.66233,121.1891807,60.82048131,-123.7938716,56.25019932,49.98943061,49.98943328,2115.911158,2111.115471,-4.626346499,-100.0266882,3.9646665,1
1673,32,96,48,1,1,1,1,1,1,1,1,1,1,1,0,198.0873877,238.9475827,255.8259367,9.157002105,5.342168733,6.57935871,197.0846198,239.9041519,256.6605239,7.520930488,7.598673917,3.9251285,6.366479366,-4.949880078,-1.416536935,-6.387681941,4.975719815,1.412037865,198.0828532,238.9458575,255.8270895,6.465732314,1.778093047,6.300188931,197.0688619,239.8914126,256.6606801,3.77520385,5.666056652,3.438811626,0,-130.9966002,121.495611,-30.74018479,72.23447499,150.9250818,0.1759044777,-130.6616445,121.1917673,60.65588874,-123.8163064,56.40041689,49.989433,49.98943264,2115.358216,2111.497141,-4.570039155,-100.0740162,3.9595799,1
1674,32,96,48,0,1,1,1,1,1,1,1,1,1,1,1,198.6469748,236.4960717,257.5623423,3.449175401,6.654359292,8.139182134,199.0642758,237.9349734,256.8096952,6.68654143,7.514559592,4.73441239,-1.396355332,5.97777119,-4.581346772,1.409165406,-5.951846326,4.542751159,198.6412961,236.4853425,257.5567346,2.938379407,2.791047788,6.659636534,199.0587431,237.934751,256.8106262,6.436390938,4.504428823,0.9365831892,0,-130.2766149,122.3317517,-58.87034648,-48.45767619,114.7277205,0.4801685723,-130.3372864,122.2077136,23.03258164,-168.1839276,-170.5656424,49.98941198,49.98940662,2120.610669,2115.625368,2.086136657,-95.78489437,4.0226477,1
1675,32,96,48,0,1,1,1,1,1,0,1,1,1,1,1,200.6633301,415.3988762,302.4865704,17.16923302,18.7801348,23.82984401,195.8237944,414.7262716,299.5898248,14.97729936,20.05374482,22.7541614,-7.25338669,-9.776482009,17.03192029,3.620260691,14.45968468,-18.07785439,136.042713,292.0177929,270.1580869,8.974505892,12.06188082,12.27397231,133.3882356,287.8949812,266.5982576,5.718169433,8.45103479,7.509151375,0,-123.2084469,105.1394648,-36.25623372,-156.6714822,70.49840105,0.08587739988,-123.2892311,105.1687228,112.3314259,4.991386831,-142.8029168,49.97684202,49.98726403,3888.596388,3237.559217,-492.2800533,461.2061029,4.1468995,1
1676,32,96,48,0,1,1,1,1,1,1,0,1,1,1,1,199.8805114,233.5148574,259.2369397,6.166022926,26.27014888,22.04508616,200.462639,233.5621791,259.6641594,6.164794955,26.2400534,22.04136804,-4.125473665,24.9935212,-20.86797967,4.12806449,-24.97458349,20.84658757,199.8013395,233.4458545,259.1724775,3.746727519,2.020458933,3.449633471,200.3766324,233.5025334,259.5899881,3.745399523,1.873749709,3.571872131,0,-129.629466,123.274057,-0.05778427687,-132.144704,121.6813429,0.06830920289,-129.6187613,123.3253921,-0.1558126231,-127.0187986,124.6704843,49.98856752,49.98856921,2288.493268,2285.152726,27.75715328,-69.08388347,3.9654366,1
1677,32,96,48,0,1,1,1,1,1,1,1,0,1,1,1,197.1220461,236.6326943,259.3253852,14.54654553,39.62422667,40.63583282,201.4854199,236.7150328,256.6080033,18.91209264,39.0072583,40.38715353,-0.3893637985,27.21705641,-26.8283323,0.3784038884,-27.09612792,26.717387,196.9256608,235.7436638,258.7062798,6.599072622,9.168178848,9.582043663,201.211782,236.6427782,256.4659005,13.66173229,6.954616027,9.638191314,0,-129.4740596,122.4777659,154.1108617,-85.02573082,53.41309312,0.674898059,-130.2562459,123.0829404,-12.07631798,118.4946486,-169.1508535,49.98610443,49.9879944,2713.261632,2322.643576,116.4976497,-108.9193764,3.9703834,1
1678,32,96,48,0,1,1,1,1,1,1,1,1,0,1,1,199.1599628,238.0192905,255.9358218,5.969624317,4.511892264,8.848318239,200.7029992,238.7395101,255.0643339,9.137429284,3.374729761,7.708384813,-5.479270653,-0.9698234941,6.449250694,5.518180848,0.9643033681,-6.482330759,199.1542371,238.0185818,255.9358099,0.578257268,4.28709667,5.634161322,200.6818489,238.7386111,255.0507351,6.908457956,3.068792995,3.529195379,0,-131.1917166,121.807048,10.38622907,-87.94646973,91.21556143,0.3482697037,-131.4715163,121.9354354,-0.8574223018,154.8701077,175.929679,49.98940678,49.98937472,2121.0795,2125.151183,-9.501014616,-101.6329554,4.0613906,1
1679,32,96,48,0,1,1,1,1,1,1,1,1,1,0,1,196.7832879,238.4478551,257.2052051,39.00297402,39.6775264,16.43225122,197.9285422,242.6366711,254.58895,40.11473396,40.20109387,12.33122041,-27.62244737,26.66878865,0.9538031798,27.72666875,-26.73232225,-0.9942137194,196.7362157,238.2873631,257.0670803,5.945790377,7.917105123,11.89169502,197.0345012,241.8222454,254.4508591,10.63261759,9.624616901,5.087990009,0,-130.2022251,121.739973,-105.3470076,-27.58228125,114.1674074,1.048889402,-130.4631393,121.3100351,32.80252188,176.3082782,-75.79210131,49.98869919,49.98592561,2182.910307,2729.08757,16.29698036,-31.92602157,4.0324643,1
1680,32,96,48,0,1,1,1,1,1,1,1,1,1,1,0,197.8105306,236.6975733,258.0593724,3.203600893,9.497778816,10.82049425,198.3019053,238.2265241,257.0537213,7.03164942,10.03113529,8.209589002,-0.9170344516,7.904652201,-6.98755957,0.9275235873,-7.859326611,6.93185769,197.8030006,236.6586752,258.0330271,2.883724546,3.255566825,7.103055178,198.2944306,238.2209252,257.0521625,6.892291225,4.666644163,1.333832819,0,-129.9331101,122.2806259,-68.3506408,-50.00015127,111.3021112,0.5367918072,-130.0335107,122.158294,22.93580001,-173.4178318,-147.849803,49.98933648,49.98936721,2136.733975,2127.384695,3.219093955,-92.65835893,4.0451725,1
1681,32,96,48,1,0,1,1,1,1,1,1,1,1,1,1,198.6479236,236.5026325,257.5536446,3.445757778,6.618434069,8.113428579,199.0670199,237.9399262,256.7986107,6.687763739,7.480919967,4.692107104,1.399482808,-5.936788374,4.537371396,-1.412323558,5.910800284,-4.49840355,198.642277,236.492107,257.5481456,2.934411115,2.793347825,6.659172709,199.061478,237.9397237,256.7995348,6.437663421,4.502193174,0.9407043845,0,-130.2806863,122.329181,-58.88324482,-48.54363765,114.6887935,0.4803051593,-130.3419587,122.2057284,22.99834561,-168.2379827,-170.5124021,49.98941207,49.98940774,2120.279282,2115.77343,2.036592335,-95.77690887,3.9645061,1
1682,32,96,48,1,0,1,1,1,1,0,1,1,1,1,1,199.8758365,233.4946925,259.2635385,6.166427937,26.43284022,22.2089027,200.45779,233.5440678,259.6926181,6.165452856,26.40359925,22.20529934,4.123396964,-25.14381671,21.02045709,-4.126239255,25.12465718,-20.99838828,199.7958523,233.4242022,259.1972251,3.746492097,2.014824322,3.447865361,200.3709874,233.4829221,259.6172271,3.745426485,1.8790904,3.574093015,0,-129.6166164,123.2821009,-0.06216667236,-132.1552131,121.7682846,0.06870126674,-129.6051063,123.3333632,-0.1511193424,-126.9950966,124.6007686,49.98856834,49.98854941,2288.763849,2286.461826,28.02619615,-69.07325832,3.9657233,1
1683,32,96,48,1,0,1,1,1,1,1,0,1,1,1,1,200.4483261,415.4874172,302.5042638,15.9502179,19.22587761,23.60919062,195.2224022,414.7851431,299.3370717,13.33234641,20.6090683,22.51809991,7.524149519,11.15053345,-18.67566163,-3.895818888,-15.81949473,19.71444279,135.4922816,293.1725345,270.3362848,9.292871048,13.14501793,13.00641929,132.7051449,288.5921502,266.4121467,5.971648888,9.486294162,8.361598337,0,-123.3223978,104.8378024,-35.89700647,-156.9714549,68.21810099,0.06832207578,-123.4221222,104.8939186,114.5990396,6.618734469,-142.9582769,49.97805475,49.986219,3698.651432,3415.985339,-531.8097113,502.9841249,3.9827211,1
1684,32,96,48,1,0,1,1,1,1,1,1,0,1,1,1,199.163616,238.0792801,255.8910728,5.500938508,4.492987157,8.622802169,200.6503581,238.8034096,254.9897343,8.792754463,3.386562211,7.346639342,5.281796242,0.9913845337,-6.273088204,-5.319301379,-0.9861758853,6.305568219,199.1582024,238.0788746,255.8911484,0.618856767,4.253213394,5.72483128,200.6319263,238.8026934,254.9777808,6.857361316,3.062523934,3.46461787,0,-131.2138247,121.7897531,-1.758408674,-87.83492251,91.76262926,0.3531272947,-131.4900704,121.9099616,0.1661968745,155.5158767,177.3301486,49.98939811,49.98940132,2122.117851,2117.867696,-8.667655517,-102.9262628,4.0326312,1
1685,32,96,48,1,0,1,1,1,1,1,1,1,0,1,1,195.7439923,236.6169181,260.6682634,22.09600613,54.43256925,56.01935308,201.8735804,235.5611632,256.5641247,26.13846791,53.64218155,55.81828499,0.2590188753,-36.74926384,36.49040838,-0.2372679951,36.58544812,-36.34801888,195.4009947,234.9906444,259.5552935,10.46026002,12.71118227,13.06947892,201.3269187,235.4242589,256.2618789,17.2535194,10.0186453,13.65725684,0,-128.7429684,122.5998727,150.2200327,-89.49242587,43.23499635,0.7933964499,-129.9084358,123.550437,-17.40840776,105.0183608,-166.967988,49.98460092,49.98488931,3070.786248,2980.668421,196.5459838,0.9194719837,4.0757407,1
1686,32,96,48,1,0,1,1,1,1,1,1,1,1,0,1,197.12338,237.5049753,257.7914614,3.024078255,15.02497962,15.99918171,197.8178779,239.2611214,256.6721646,7.838179681,15.43718279,14.26892516,0.417104107,-9.836388352,9.418046147,-0.4256270055,9.767212951,-9.342774845,197.0882553,237.371943,257.6734388,2.832801508,3.74055638,7.198883863,197.7900791,239.2350161,256.6451472,7.763567737,5.326470876,1.614608324,0,-129.9676138,122.0381775,-86.76695466,-42.70549318,108.9289238,0.6198613074,-130.0708255,121.9227245,21.44110581,-174.6009607,-146.3504425,49.98925106,49.98907803,2148.555054,2185.90721,25.45537779,-113.3001997,4.1231123,1
1687,32,96,48,1,0,1,1,1,1,1,1,1,1,1,0,195.4647662,238.9370396,257.9169622,52.75072836,55.43594997,25.96320416,197.9918074,244.4363682,252.7555996,54.14240761,55.7548708,22.19392151,36.50668004,-36.58734937,0.08139123346,-36.64415183,36.65259886,-0.007694017034,195.3560678,238.5058884,257.5222175,8.548481962,12.52598582,16.83479309,196.3596707,243.0061531,252.4942485,14.23128334,13.13290232,10.47834853,0,-129.7760533,121.6324324,-127.0212772,-40.39991287,103.1406898,1.463162773,-130.5094115,121.1472057,28.86798386,157.369987,-88.74360494,49.98549028,49.9843634,2808.772318,3092.987316,62.83972012,97.63192012,3.9955465,1
1688,32,96,48,1,1,0,1,1,1,1,1,1,1,1,1,199.6324879,238.9842598,254.7274701,7.565644647,3.278740119,6.080360187,199.3004524,238.5488692,256.293787,3.858051319,4.399297445,7.310341128,-3.739926743,-1.260111853,5.000117604,3.694148974,1.265638881,-4.95969993,199.6221615,238.9837401,254.7215737,6.553195344,2.87241068,3.350155754,199.2955644,238.5486945,256.2948549,0.9663066449,4.104047618,5.300936286,0,-131.7701923,121.4588606,-2.525488598,156.7519431,169.5447122,-0.1641800231,-131.4868082,121.4235021,15.74844665,-90.10668734,93.27775601,49.98943682,49.98943768,2115.175851,2109.788587,-8.202217752,-105.2277212,4.0206787,1
1689,32,96,48,1,1,0,1,1,1,0,1,1,1,1,1,198.7548792,237.8080804,256.3558939,6.92602046,8.337443513,5.862565354,199.3008311,236.4967948,258.0663872,3.05776415,7.640746842,8.900995142,1.208670202,-6.602009279,5.393361103,-1.199128957,6.620886714,-5.421743163,198.7492337,237.807163,256.355975,6.7197527,4.687514683,1.117763953,199.2945385,236.4835727,258.0558635,2.55818835,3.252817494,6.764212127,0,-130.8981309,121.814169,19.68267662,-174.1012249,-162.5445365,-0.3582343446,-130.772378,122.0104408,-63.79646376,-50.38068786,112.6009482,49.98939387,49.98938656,2123.04539,2120.205389,-4.760409219,-97.06009732,4.0799373,1
1690,32,96,48,1,1,0,1,1,1,1,0,1,1,1,1,200.2574366,238.3121742,254.9441265,10.12178892,3.410765887,8.685034863,199.7446043,237.880333,256.5878013,7.342958652,4.733619847,9.520602114,-6.128146988,-0.8655528523,6.993669388,6.054713217,0.8694805213,-6.924236486,200.2239172,238.3082945,254.9170256,6.916315674,3.03663438,3.675030768,199.7372287,237.8769483,256.5854953,0.7563673788,4.472420718,5.459253454,0,-131.7590574,121.6977451,-4.059543036,150.1962945,173.2508365,-0.1725241887,-131.4361793,121.6365961,37.67583714,-90.03649789,89.73981481,49.98937741,49.98935666,2126.400858,2125.2208,-10.82336339,-103.4868745,4.0884559,1
1691,32,96,48,1,1,0,1,1,1,1,1,0,1,1,1,275.1190992,245.7504397,391.2167325,26.87263832,19.46022317,22.98031299,276.4762572,247.5184843,392.1092213,26.59401291,19.66564635,22.04513247,-5.899885367,0.4993118799,5.401751583,2.316766571,-2.959600767,0.6439846697,228.7408888,160.8447946,304.95692,3.099327316,2.410907118,4.891981787,230.1638792,161.9935315,306.1549923,5.709495681,3.792699522,4.409649633,0,-111.1959766,143.8176994,17.48982938,-15.32732452,169.4769428,0.0330805848,-111.2913707,143.7124498,-9.556283916,-150.4944389,114.8468933,49.9649613,49.99304454,4775.624414,3636.633768,464.8394327,364.6328406,4.0117438,1
1692,32,96,48,1,1,0,1,1,1,1,1,1,0,1,1,200.7780724,241.3143707,252.0820748,22.56447859,4.686828489,26.29136425,201.3589516,241.4324982,252.4501002,22.53940067,4.693248834,26.22681982,-21.50982575,-3.386895865,24.89677216,21.46190824,3.388927165,-24.850783,200.698912,241.2525347,252.0287253,3.69172078,2.005235023,3.480980017,201.2618694,241.3705587,252.4006709,3.836980284,2.015642228,3.347961183,0,-133.222762,120.7433258,-1.824099116,-133.0586314,118.8548611,0.08310071118,-133.2115769,120.7857379,1.55406754,-133.4823725,122.5517557,49.98862238,49.98862419,2278.278571,2272.26984,-8.515256552,-105.135965,3.9961869,1
1693,32,96,48,1,1,0,1,1,1,1,1,1,1,0,1,203.2084314,236.3427113,255.3444027,49.94676715,20.27354357,48.72101763,199.244014,240.6998423,254.259445,49.46948844,22.57958182,47.17880658,-32.91934121,0.1062520852,32.81331181,32.69405363,-0.1272022384,-32.56665314,202.0170067,236.0473043,254.2276114,12.07412798,10.22502469,13.19429416,198.9728692,240.2711989,254.1853231,12.04757283,14.13343769,7.754373401,0,-132.0028882,122.4403319,-71.52657558,37.20452663,149.3861457,1.019524068,-131.2139321,121.4932774,72.13939813,-139.6974974,-6.499274473,49.98552048,49.98594147,2883.134391,2772.772761,140.0528918,-42.46735897,4.0096765,1
1694,32,96,48,1,1,0,1,1,1,1,1,1,1,1,0,198.0108426,239.1673253,255.7022817,9.988012695,6.729054562,6.694306092,196.9909579,240.1687836,256.4976736,8.53990394,8.658057295,3.894828822,7.153089771,-5.827591612,-1.325422354,-7.181132587,5.858085671,1.323117698,198.0058408,239.1642282,255.7030449,6.495382772,1.782569959,6.408918534,196.9679497,240.1468003,256.4971243,3.867481199,5.695805075,3.380965913,0,-131.0476363,121.4241223,-31.55829561,69.52469467,150.2502977,0.1868940134,-130.714979,121.111283,61.09694952,-124.6649851,54.34781975,49.98941364,49.98940933,2119.232392,2115.92813,-6.267384911,-99.04707193,3.9197919,1
1695,32,96,48,1,1,1,0,1,1,1,1,1,1,1,1,199.6407091,238.9872168,254.7224566,7.58626751,3.270944492,6.102375845,199.3017504,238.5562897,256.2894992,3.884880859,4.406336358,7.318030246,3.767894129,1.245641342,-5.013450927,-3.721797542,-1.251652277,4.973530999,199.6303243,238.9866994,254.7165074,6.56051902,2.869151117,3.365692754,199.2968747,238.556102,256.290553,0.9644024855,4.115526368,5.296307339,0,-131.7739864,121.4585581,-2.655950686,156.4728328,169.5287706,-0.1634827027,-131.4893266,121.4215629,16.7244448,-90.22837483,93.11526186,49.9894356,49.98943868,2115.016605,2110.02078,-8.252398688,-105.2515321,4.0293211,1
1696,32,96,48,1,1,1,0,1,1,0,1,1,1,1,1,200.263927,238.3759032,254.9550772,9.935392437,3.448996211,8.453826149,199.6382746,237.8881586,256.6392754,6.87650966,4.794163136,9.277724455,6.23814212,0.6432339056,-6.880981563,-6.166095565,-0.6500281601,6.816525243,200.2402099,238.3742922,254.9361943,7.140687501,3.234281212,3.75479475,199.6320534,237.8859752,256.6373742,0.7551481204,4.641174197,5.442044671,0,-131.7635279,121.6788166,-5.433776054,148.7950423,173.0805001,-0.1877350203,-131.4236131,121.6052621,59.06614718,-88.41713435,88.89856531,49.98928044,49.98946495,2148.707893,2108.734441,-2.477591663,-110.7477529,3.9888885,1
1697,32,96,48,1,1,1,0,1,1,1,0,1,1,1,1,201.1017724,235.3010123,256.6141044,24.83004742,51.59841881,53.60331716,196.4322794,236.3269444,261.4583433,20.62737769,52.29871572,53.67719022,-0.4152473618,35.22378175,-34.80839048,0.4683642975,-35.3298741,34.86165407,200.6731646,235.188393,256.3262974,16.7127004,9.72009098,12.94570814,196.1197606,234.8701478,260.3643203,9.838800099,12.32509032,12.45605573,0,-130.8692048,122.6053591,-17.80541246,105.9737768,-167.5101169,-0.6278153127,-129.7186318,121.8018376,149.1039214,-89.36425159,44.33153991,49.98535582,49.98492085,2887.147764,2999.93787,79.32784488,75.14809357,3.9749167,1
1698,32,96,48,1,1,1,0,1,1,1,1,0,1,1,1,200.7659375,241.3073943,252.0906457,22.42360716,4.686274119,26.1479354,201.3502969,241.4214494,252.4655075,22.39539071,4.687153393,26.08901063,21.37424526,3.390101552,-24.76431586,-21.32609018,-3.39247933,24.71861277,200.6875294,241.2471452,252.038842,3.70051955,2.011532738,3.458736276,201.2546071,241.3602545,252.4166805,3.82663366,2.009193721,3.369844878,0,-133.2162212,120.7446543,-1.469194993,-133.3272279,119.0282327,0.08161562737,-133.2048897,120.7883781,1.218755224,-133.201661,122.3535958,49.98864246,49.98862167,2274.460187,2272.837016,-8.982537829,-104.8574561,3.9748365,1
1699,32,96,48,1,1,1,0,1,1,1,1,1,0,1,1,274.4685874,243.3245065,390.8631428,25.31612922,14.25308736,22.60915589,277.5669537,249.6534442,392.855852,24.88301215,16.18263867,20.57104991,23.17261624,-4.943726262,-18.22847512,-19.56144848,7.408379627,12.15348148,227.2010769,159.1514041,302.8092293,8.204211894,7.251402235,9.014625859,232.5354786,162.7351367,308.1469924,14.5355582,9.321340215,14.37445158,0,-111.2251636,143.961712,120.0883,23.17586876,-103.3771262,0.2228104662,-111.0250077,144.002568,-29.20675539,-144.966166,108.5902156,49.98042522,49.97756493,4177.249138,4206.510761,1069.913278,-260.3421188,3.8808441,1
1700,32,96,48,1,1,1,0,1,1,1,1,1,1,0,1,198.0020636,239.1575884,255.7018202,9.906601553,6.582158913,6.689481711,196.9742515,240.1559043,256.5045969,8.430462037,8.550247534,3.896901539,-7.089888963,5.778020808,1.311949866,7.11770871,-5.808639653,-1.308993128,197.9970846,239.1546255,255.7026392,6.512597876,1.802673173,6.412483179,196.952196,240.135041,256.504123,3.867129966,5.712531506,3.399740251,0,-131.0439603,121.4251867,-31.55015263,69.86290665,150.416345,0.1856785901,-130.7092511,121.111611,61.35707842,-124.5088059,54.32246768,49.98939998,49.98942808,2119.992762,2114.118796,-4.975895551,-100.3976379,3.9445759,1
1701,32,96,48,1,1,1,0,1,1,1,1,1,1,1,0,202.4125446,236.9864789,255.0262584,43.9762696,17.6402012,42.84883531,199.1848915,240.7793237,254.619774,43.54868462,19.99163655,41.46545115,29.39144454,-0.2416876233,-29.14957565,-29.18719772,0.2592891023,28.92814142,201.4693777,236.7391432,254.1330103,10.40138165,8.927205003,11.48983374,198.9770009,240.4498107,254.5611913,10.37391501,12.86334437,6.477974744,0,-132.0063158,122.2018739,-68.54583101,39.28815889,151.5204838,0.8493343004,-131.2670085,121.3901047,69.07901172,-137.9438085,3.321221337,49.98625301,49.98698487,2710.814945,2541.132143,110.9356563,-85.11311973,4.115234,1
1702,32,96,48,1,1,1,1,0,1,1,1,1,1,1,1,196.4396407,239.994343,256.1651121,7.811114867,7.750770202,3.961161344,198.4578159,239.2483274,256.1808652,9.291357625,5.658637495,6.518865209,6.816927087,-5.38274179,-1.434098291,-6.76899529,5.343755851,1.425329933,196.4257381,239.9754811,256.1646516,3.572138114,5.479361965,3.440228603,198.4531677,239.2444982,256.182204,6.224341846,1.54556036,6.219179806,0,-130.7355682,121.0910004,57.14067313,-125.6831603,57.52186163,-0.02262625654,-131.0208975,121.468559,-28.95942804,67.95556307,150.8330241,49.9894366,49.98943134,2115.261833,2111.021333,-4.19991191,-101.0170941,3.9805388,1
1703,32,96,48,1,1,1,1,0,1,0,1,1,1,1,1,197.0415218,242.9527231,254.2607028,41.61712115,41.80829637,13.31667894,196.8967287,238.751577,257.971535,40.29057871,41.25600005,17.29861336,28.6562966,-27.76118777,-0.8946578524,-28.44576623,27.64261503,0.8035957066,196.1901065,241.9583236,254.1190956,10.98158024,9.999635099,5.601392139,196.8339464,238.5207085,257.8229438,5.933410333,8.515950832,12.31578991,0,-131.5805848,120.2722783,29.89484785,171.3934311,-80.01936436,-0.9421172294,-131.2272818,120.7828394,-111.2732234,-31.87171358,111.2760864,49.98591326,49.98831887,2750.465547,2248.708786,65.85790802,-79.03494987,3.9913546,1
1704,32,96,48,1,1,1,1,0,1,1,0,1,1,1,1,197.4056562,238.6495055,256.6754158,7.447535472,14.25259676,13.12348697,197.8967935,237.2140483,258.5716793,3.043899764,13.79745821,14.90922458,-0.7932503649,9.573313224,-8.780481873,0.7925613232,-9.624489371,8.831589572,197.3802472,238.627671,256.6407051,7.289059456,5.223584235,1.207767641,197.8569925,237.0934054,258.4469403,2.633488459,3.64223685,7.039233465,0,-130.5771621,121.5358815,20.36052062,-174.6960382,-149.783033,-0.4238427976,-130.4432231,121.7427192,-77.46216999,-43.96008774,111.6631776,49.98914427,49.98928197,2174.384328,2138.4501,-8.140368702,-88.19343555,4.0359195,1
1705,32,96,48,1,1,1,1,0,1,1,1,0,1,1,1,198.4999538,241.1225256,253.6670622,51.53895558,23.52632427,49.11743279,203.7563965,236.7797756,255.6656009,51.75522456,21.22511993,50.4664404,34.13455384,-0.2530274647,-33.88137402,-34.21021487,0.2135810191,33.99679731,198.177658,240.6535883,253.6092401,12.28450836,14.49680801,7.998360215,202.3433704,236.4549621,254.5540992,12.09407474,10.58744926,13.44534429,0,-132.1979113,120.6601924,70.39018197,-141.9059993,-8.416760083,-0.9163785994,-132.9603976,121.7124941,-73.85901821,34.61161769,148.333601,49.98564665,49.98525882,2832.029886,2933.138715,54.81656272,50.62416754,4.2375364,1
1706,32,96,48,1,1,1,1,0,1,1,1,1,0,1,1,196.3602708,240.1991057,256.039676,8.386768896,8.385263791,3.929146218,198.4126356,239.417632,256.0735919,9.782046461,6.44203353,6.609101358,7.302204951,-5.984434853,-1.31769519,-7.247938798,5.94113265,1.306878161,196.3434752,240.1741953,256.0390195,3.653190603,5.554277537,3.43423114,198.4076557,239.4125905,256.0747973,6.285650435,1.606390742,6.331026248,0,-130.7855955,121.020896,58.21496497,-126.1683446,55.53073835,-0.02986192121,-131.073551,121.4086748,-29.74591613,65.85314005,150.6496365,49.98943203,49.9894116,2116.75812,2114.266373,-4.563100901,-101.6045491,4.1968563,1
1707,32,96,48,1,1,1,1,0,1,1,1,1,1,0,1,309.2126259,332.8420557,297.3150768,15.7071847,15.58470631,8.734190876,310.6966333,333.743529,299.9046545,14.15893268,15.33703888,10.55111991,9.415237263,-9.354657797,-0.06054790705,-2.627285688,7.259969639,-4.63264672,231.2000092,279.0296306,206.6276282,4.188196036,2.927585983,2.3729133,233.9216614,280.9783147,208.2742117,8.170668453,6.222207791,5.329713255,0,-155.0800343,112.8010538,68.67370328,-47.18768145,-176.2932556,0.008652245377,-155.0257498,112.8391645,-28.6249938,178.3052,87.85872203,49.97733908,49.98267845,3582.170059,4407.370972,-114.8041537,-626.1667367,3.8967418,1
1708,32,96,48,1,1,1,1,0,1,1,1,1,1,1,0,192.9755834,241.8127431,257.1138047,35.0704502,30.31163864,6.480102687,193.5250381,241.8776186,257.5500282,34.99162362,30.29023516,6.445629463,32.84804854,-28.79032167,-4.057712263,-32.78714548,28.76057574,4.026578433,192.8176691,241.6308578,256.991288,3.674815727,1.950011462,3.488284279,193.3156869,241.7297948,257.424374,3.558969787,2.083580557,3.472092217,0,-129.7573021,120.5147435,-2.047490683,-133.1891246,120.6470328,0.07430650661,-129.7327039,120.5536732,1.898367836,-126.6281693,120.228583,49.98803295,49.98802265,2395.529245,2393.655643,38.59477962,-57.01176326,3.9428703,1
1709,32,96,48,1,1,1,1,1,0,1,1,1,1,1,1,196.4373372,239.9968951,256.1696027,7.837651951,7.783267918,3.960119348,198.4534346,239.2431794,256.1851648,9.302452781,5.692741248,6.523484453,-6.838708476,5.411394514,1.427379651,6.790762259,-5.372553069,-1.418138923,196.4234074,239.9778131,256.1691943,3.584389652,5.492346419,3.440207371,198.4487906,239.2393119,256.1865067,6.214794465,1.555049774,6.224656579,0,-130.7338688,121.0910301,57.00177729,-125.8236351,57.43242388,-0.02388637195,-131.0193619,121.4692257,-29.06739972,67.35671505,150.8296641,49.98943366,49.98943349,2115.885352,2110.590161,-4.429487642,-100.7317373,4.0193224,1
1710,32,96,48,1,1,1,1,1,0,0,1,1,1,1,1,197.6736602,238.2887755,256.6172205,7.176278923,11.74273253,10.16207128,198.2515506,236.9172001,258.5762257,3.090189535,11.31217174,12.45852271,0.8433538942,-8.419567382,7.576419434,-0.8378527855,8.457526183,-7.619468471,197.6643301,238.2807456,256.6108653,7.040300908,4.828836776,1.451112298,198.2411816,236.8621527,258.5265443,2.761642251,3.565312341,7.282657711,0,-130.6098137,121.6299362,21.56157019,-177.188361,-141.4055734,-0.4103219848,-130.4614081,121.8396228,-71.65214483,-50.96320555,110.2295624,49.98929309,49.98931168,2148.438931,2141.272593,-0.1728573675,-98.48738897,4.0034726,1
1711,32,96,48,1,1,1,1,1,0,1,0,1,1,1,1,196.9508743,244.3209329,252.9816912,52.22669177,53.65043886,20.99101488,195.8332571,239.1204947,258.6915888,50.65205582,53.23772372,24.70303657,-35.37870143,35.3046503,0.07448152967,35.12143159,-35.17200094,0.0510214872,195.6234642,242.7948643,252.7366116,13.72313439,12.76058388,9.81805363,195.7291333,238.6469529,258.3357152,7.958834225,12.11165223,16.17407045,0,-131.9777977,119.8232046,26.871244,156.6012295,-89.54125507,-1.255710404,-131.2513169,120.3753097,-127.9866393,-41.73430048,102.5872056,49.98473204,49.98585361,3026.174947,2736.216876,168.4890559,-51.94419564,4.145684,1
1712,32,96,48,1,1,1,1,1,0,1,1,0,1,1,1,196.3856716,240.225761,256.0154532,8.570757613,8.558976608,3.925997574,198.4158049,239.4365397,256.0599359,9.903461394,6.677860227,6.606356018,-7.39890084,6.044872216,1.354099173,7.343288855,-6.00129231,-1.341929647,196.3672067,240.1985238,256.0145171,3.658402842,5.527109221,3.398927461,198.4108636,239.4311578,256.06101,6.234320495,1.572345388,6.311355896,0,-130.8022932,121.0144913,57.40294388,-126.5456988,55.79679606,-0.03212251251,-131.0860514,121.3999525,-29.77168867,64.8028509,150.3385674,49.98941938,49.98941669,2118.474623,2114.236907,-4.116480004,-102.0142947,4.1937097,1
1713,32,96,48,1,1,1,1,1,0,1,1,1,0,1,1,198.4899088,241.1802155,254.0190757,46.19864964,21.20089206,43.94148487,203.0243454,237.3301225,255.3949994,46.37922557,18.86269308,45.16575697,-30.98123135,0.3785212524,30.60252531,31.05220636,-0.3436456356,-30.70872491,198.2303782,240.8050371,253.9709129,10.78123548,13.38475398,6.784549849,201.867786,237.0554032,254.4769739,10.52711359,9.452085001,11.86429913,0,-132.0970041,120.7005587,67.33093236,-140.4217053,0.3177251555,-0.7657203523,-132.8151205,121.6272107,-71.59276851,36.24025541,150.4220305,49.98664573,49.9859464,2605.255336,2770.5132,11.98936195,25.18367513,4.0630572,1
1714,32,96,48,1,1,1,1,1,0,1,1,1,1,0,1,192.9655234,241.8158867,257.1167162,35.12642706,30.3631969,6.470518352,193.5041211,241.8640389,257.5530518,35.03971935,30.33840254,6.436449194,-32.89793458,28.83667431,4.06126308,32.83695369,-28.80694423,-4.029999738,192.8094332,241.6330725,256.9961877,3.713004953,1.976817739,3.487950594,193.2973917,241.7159717,257.4299137,3.520174712,2.060183794,3.472581174,0,-129.7539776,120.5137624,-1.979601944,-133.9333539,120.6776626,0.07039069167,-129.7294426,120.5526167,1.866791189,-125.8277449,120.195863,49.98802538,49.9880298,2397.5135,2391.829633,38.15439297,-56.55257248,3.9834996,1
1715,32,96,48,1,1,1,1,1,0,1,1,1,1,1,0,309.5773644,332.6288843,297.6513552,16.38342394,16.05445269,9.623063736,310.8538196,333.4851165,299.4948274,14.34708772,15.79348842,10.66793944,-10.77151046,10.34620158,0.4263685917,3.993040281,-8.256389802,4.264503695,231.6816517,278.89035,206.8829463,4.212139238,3.767248594,2.922519855,234.5483828,280.9824268,208.0167218,8.413355153,7.00315484,5.040532045,0,-155.0949734,112.9480493,71.75914759,-43.21587089,176.4472785,0.07143813452,-155.1094762,113.0066196,-28.46077142,174.9220465,81.63770414,49.9745896,49.9854669,3956.704537,4040.713774,-128.6583879,-608.9934251,3.9166862,1
1863,24,64,32,1,1,1,1,1,1,1,1,1,1,1,1,193.2097397,247.6576051,252.3187294,4.773012672,2.466182566,4.884582025,193.847855,247.9492045,253.0318242,4.5077253,2.960640589,4.579796234,-0.001990202085,-0.0005249855417,0.002747562569,0.00189395119,-2.892917317e-05,-0.001618598544,193.1998617,247.659768,252.3226623,4.772499786,2.465716063,4.884364354,193.8379442,247.9513903,253.0357503,4.50722229,2.960292542,4.579581901,0,-128.5423644,125.8660957,-4.323839397,-132.0549196,126.9801605,0.1154769112,-128.4882666,125.9175101,4.297719664,-125.7093075,124.4455708,49.98619065,49.98618892,2765.590047,2758.34804,21.44422792,-132.8701186,4.01034,1
1864,24,64,32,1,1,1,1,1,1,0,1,1,1,1,1,193.1622574,247.0885433,252.8831267,8.12675429,8.915045313,6.020623406,193.8521161,245.8644526,255.0660363,3.57597605,8.153327378,9.981987415,1.568544239,-7.045589723,5.477274005,-1.546961083,7.068593682,-5.521409292,193.1513708,247.090041,252.8853175,7.854414054,5.335960192,2.09714857,193.8400886,245.8530684,255.0565004,2.914842545,3.891614109,8.203543433,0,-128.2646751,126.0075243,16.94135338,-170.8214645,172.679804,-0.3712802138,-128.0864473,126.2129835,-53.220151,-60.31907645,115.2483591,49.9860772,49.98607715,2787.422332,2781.490714,18.93485394,-133.9448303,4.0420639,1
1865,24,64,32,1,1,1,1,1,1,1,0,1,1,1,1,193.1573486,247.091511,252.8799907,8.117809234,8.902854873,5.992503033,193.8493023,245.8716104,255.0577686,3.585753886,8.13296581,9.956745488,-1.579168684,7.03085939,-5.451446796,1.557732453,-7.054933931,5.497450706,193.1464767,247.0930255,252.8822102,7.842046981,5.337196256,2.088932587,193.8372516,245.8602959,255.0483475,2.918565659,3.87880942,8.191670534,0,-128.2650368,126.0059057,16.93904476,-170.6699225,172.1510275,-0.3697766126,-128.0876125,126.2113085,-52.99223399,-60.23107733,115.3675558,49.98607644,49.98607838,2788.239365,2780.598391,18.99584804,-133.8851208,4.0344352,1
1866,24,64,32,1,1,1,1,1,1,1,1,0,1,1,1,193.6561658,247.6670239,252.1200514,5.095561422,5.328622939,9.19022016,195.4127955,248.4489187,251.523289,9.270655794,3.681197075,7.892723957,4.794278024,1.425822036,-6.219863105,-4.837844643,-1.416163229,6.254244267,193.6450872,247.6680651,252.123191,1.438880704,4.988404185,6.685215252,195.3910841,248.4491813,251.5159322,7.850322555,3.172431359,4.701998966,0,-128.7770835,125.8888222,2.94290733,-93.78155397,98.01769307,0.3886079065,-129.0434415,126.0775585,-0.5669383833,166.1514117,167.2975026,49.98609961,49.98610651,2783.101419,2775.529885,11.72504385,-142.3812362,4.0464662,1
1867,24,64,32,1,1,1,1,1,1,1,1,1,0,1,1,193.6547303,247.667202,252.1216102,5.112075512,5.336438202,9.195810885,195.4166971,248.4465724,251.5202809,9.283452671,3.673686369,7.903747167,-4.812505209,-1.415809292,6.228564894,4.855978016,1.40501712,-6.260748461,193.6436732,247.668249,252.1247472,1.435962293,5.001769127,6.685020959,195.3949563,248.4468918,251.5129478,7.854078753,3.171555368,4.709397257,0,-128.7764748,125.8886432,3.438061085,-93.81912356,97.95076982,0.3892093751,-129.044096,126.0788567,-0.6554866785,165.9032164,167.3294924,49.98609959,49.98610588,2782.534021,2776.171914,11.25264866,-141.9196262,4.1203447,1
1868,24,64,32,1,1,1,1,1,1,1,1,1,1,0,1,192.7020311,248.4135732,252.0350311,10.92959124,6.512783489,8.591718198,191.6761101,249.8684803,252.916214,9.271783076,9.478185006,4.227169007,-7.670386932,6.132409891,1.538202762,7.700060711,-6.171837368,-1.527985994,192.691827,248.4124447,252.0381439,7.630801393,1.611054034,8.324402519,191.6487834,249.8506689,252.9181014,4.929217057,7.037785461,3.656890984,0,-128.5345167,125.6664068,-32.50532761,60.6472327,148.0205379,0.2780973576,-128.1780095,125.3126916,55.85241481,-126.3786043,64.42586736,49.98611109,49.98609931,2781.774088,2775.834151,15.41430744,-136.6113972,3.9973478,1
1869,24,64,32,1,1,1,1,1,1,1,1,1,1,1,0,192.6927573,248.4188055,252.0345428,10.92199749,6.518251477,8.591880097,191.6693295,249.8821326,252.9164223,9.278086215,9.492202552,4.229871544,7.668463418,-6.131567646,-1.536666796,-7.69821085,6.169900414,1.528541162,192.6825591,248.4176776,252.0376853,7.620215594,1.626965889,8.325261713,191.6419404,249.864181,252.9182155,4.941430339,7.05522394,3.661498194,0,-128.5327463,125.664791,-32.59582629,60.21667608,148.0515418,0.2805061083,-128.1754538,125.3110155,55.7386947,-126.4597538,64.40253809,49.98610604,49.98610547,2781.643816,2775.859522,16.06380031,-137.2168034,4.0350674,1
1870,24,64,32,0,1,1,1,1,1,1,1,1,1,1,1,193.0291325,245.7849184,254.1667926,3.702804365,7.722895046,9.769540864,193.8424439,247.4318042,253.4042523,8.108191055,8.465444516,5.757523384,-1.569597365,6.727106377,-5.157266369,1.588715242,-6.685069538,5.09659459,193.017342,245.7725894,254.1609781,3.094400593,3.663531799,8.178157051,193.8307279,247.4328181,253.4073351,7.847518305,5.10009697,2.290059485,0,-127.5947727,126.5323086,-54.28121848,-62.31515965,114.2559188,0.5770828434,-127.7070985,126.4825807,18.68294666,-168.4621883,174.8508109,49.98608457,49.98608394,2786.947123,2779.378013,25.75794062,-130.3530046,4.0015032,1
1871,24,64,32,0,1,1,1,1,1,0,1,1,1,1,1,195.5599439,424.6711789,295.4592618,15.97387472,18.96251603,23.66223164,190.7098631,424.2114784,292.5912983,12.80239409,20.7256645,22.21898083,-7.576392103,-10.34063723,17.91946079,2.875876598,16.49256613,-19.36593863,129.1237616,304.5398262,262.6879763,9.368146086,13.39879433,13.93765245,126.6467663,300.333064,259.0231815,5.361216486,8.331696778,7.990543703,0,-120.5353819,109.260592,-33.05219501,-150.5249928,75.0841554,0.08362427875,-120.6418342,109.3679338,108.5965886,6.175957672,-148.2002589,49.97358658,49.97981137,4757.924652,4537.166695,-457.9590075,493.1816767,3.9127995,1
1872,24,64,32,0,1,1,1,1,1,1,0,1,1,1,1,193.7711573,243.2121917,255.8495703,7.27208304,26.50653334,21.9269778,194.5712964,243.3804561,256.5718722,7.264391869,26.44341775,21.93280239,-4.821520185,25.15587478,-20.33415079,4.821421678,-25.1194257,20.29819495,193.6821068,243.1426758,255.7849798,4.642971448,2.790577713,4.69339754,194.4712346,243.3185537,256.4963598,4.636066914,2.535724998,4.902501685,0,-126.8480414,127.3005785,-0.1007587998,-129.9344556,125.2976295,0.09738143306,-126.8223475,127.3876744,-0.1755678337,-123.5826229,129.0205058,49.98526194,49.98525906,2950.777294,2945.580116,58.31151386,-95.72998533,3.887298,1
1873,24,64,32,0,1,1,1,1,1,1,1,0,1,1,1,190.5273297,245.9704542,257.0417799,22.70499762,54.74402352,56.5180763,197.2838361,245.0707304,253.5655618,27.91914366,53.62168995,56.41273135,0.05681976451,36.97794971,-37.03459234,-0.08382057567,-36.74522396,36.82923261,190.1906971,244.379801,255.921571,10.63673885,13.56092277,13.67155165,196.6528697,244.9251088,253.2313705,19.18233221,9.873569519,15.15598864,0,-126.1789772,126.8017063,151.0537678,-89.10740677,47.61040943,0.889504698,-127.3149179,127.8868599,-15.44030393,110.2029189,-170.6083452,49.98069878,49.9821682,3818.705342,3434.157493,231.9106081,-90.06206843,3.9442892,1
1874,24,64,32,0,1,1,1,1,1,1,1,1,0,1,1,193.8804699,247.202489,252.3935889,6.253760417,5.531370629,9.948413792,195.7777485,247.9930724,251.7054768,10.24175603,3.66274332,8.786875979,-5.998090599,-1.087385844,7.085759343,6.051071401,1.079407696,-7.130200816,193.8688091,247.2030905,252.3957008,1.169021343,5.300735457,6.825152734,195.747765,247.9933483,251.6920037,8.154038272,3.305658785,4.919503763,0,-128.68649,126.0405085,10.8008238,-92.94672757,95.89615975,0.4044424724,-128.9856333,126.2510026,-1.556657608,160.9557725,169.9717773,49.98607478,49.98606354,2786.542371,2786.353211,10.3611197,-141.027612,4.0395361,1
1875,24,64,32,0,1,1,1,1,1,1,1,1,1,0,1,189.2344791,248.7375762,254.2608989,62.34756412,66.28470333,32.82845655,192.8874516,255.5546775,247.9187835,64.20114661,66.62675175,27.95500292,-42.90055287,43.59338495,-0.6924826285,43.09614641,-43.6644558,0.568646372,189.081392,248.1130417,253.6771169,10.5282441,15.64486886,21.03786909,190.5682421,253.6794831,247.5581641,17.70035192,16.10360707,12.80937477,0,-127.056269,125.7592067,-128.9072611,-42.58926277,103.1399288,1.878398573,-127.9690774,125.2970884,27.81754038,157.209719,-93.03436019,49.98004886,49.97944901,3885.086422,4074.925672,156.9087583,118.9776122,3.9018228,1
1876,24,64,32,0,1,1,1,1,1,1,1,1,1,1,0,190.6803572,247.262966,255.0879818,3.643600343,13.37318383,14.95962464,191.5452747,248.8818591,254.0060379,8.591007601,13.65590943,12.38460732,-1.115367913,10.36662025,-9.250978126,1.115926893,-10.251374,9.135710126,190.4622736,247.0560647,254.7557241,2.875929004,4.119793975,8.488604079,191.3872685,248.8131246,253.8148342,8.297846302,5.282420156,2.519358939,0,-126.8623861,126.1434755,-64.47643429,-61.34820981,111.3326687,0.6387278171,-127.0126039,126.1061838,18.26220087,-172.2414845,-175.6484386,49.98591748,49.9859853,2837.941387,2775.069811,33.90768673,-120.6736459,3.9058285,1
1877,24,64,32,1,0,1,1,1,1,1,1,1,1,1,1,193.0293147,245.7811251,254.1741339,3.69738168,7.740079659,9.782685219,193.8440876,247.4268406,253.4090848,8.110390532,8.487358777,5.778454617,1.564539909,-6.745694822,5.181406118,-1.583642281,6.702360214,-5.118472894,193.0175664,245.7687092,254.1682603,3.091546316,3.665281797,8.176944339,193.832347,247.4278628,253.4121805,7.851229288,5.112061707,2.283331372,0,-127.5917618,126.5339378,-54.33639514,-62.124264,114.3180259,0.577176081,-127.7047597,126.4845733,18.6693792,-168.4412759,174.7156563,49.98609591,49.98607145,2785.488821,2780.927901,25.5071748,-130.0844059,3.981535,1
1878,24,64,32,1,0,1,1,1,1,0,1,1,1,1,1,193.7685968,243.2124855,255.8515303,7.27092938,26.54691975,21.96658716,194.5684266,243.3786108,256.5784761,7.263799831,26.48490364,21.97452506,4.820494758,-25.19179316,20.37149442,-4.820493365,25.15444295,-20.33376184,193.6787605,243.1427195,255.7864872,4.64238181,2.785505671,4.688742046,194.4684245,243.3161191,256.5017781,4.636509544,2.540874017,4.906897481,0,-126.8463633,127.3005482,-0.0714232254,-129.9574766,125.3656834,0.09654033599,-126.8201714,127.3880257,-0.2054510007,-123.5662204,128.9524246,49.98526281,49.98525333,2950.576745,2946.55075,58.86634647,-96.14361335,3.8592824,1
1879,24,64,32,1,0,1,1,1,1,1,0,1,1,1,1,193.147599,425.5042324,293.8470157,9.075446156,16.53083514,17.13047637,195.5725244,425.9073927,295.5255464,11.12282117,16.36278034,17.99997835,0.6481871975,-7.122593787,6.478909297,4.092202734,0.8641692887,-4.95164087,127.9106269,299.5314431,260.523154,1.660459301,2.314189949,4.018552102,129.2659889,301.211474,262.4036843,4.934113233,7.446744574,7.821565684,0,-119.7448731,110.1551461,37.77652504,-16.38981831,159.965389,0.2193473882,-119.66144,110.231504,-11.98167523,-137.3658534,86.94827188,49.9807841,49.97292294,3594.30074,5669.919849,267.6724431,-224.1508005,3.7777199,1
1880,24,64,32,1,0,1,1,1,1,1,1,0,1,1,1,193.8749298,247.2209197,252.3845656,6.105303049,5.520576562,9.878948554,195.7419978,248.0124612,251.6839621,10.11471444,3.654798798,8.648336281,5.887364118,1.095897122,-6.983017813,-5.939846593,-1.089215651,7.029298385,193.8634145,247.2216205,252.3867066,1.198186569,5.288747742,6.871689511,195.7128562,248.0128171,251.6710092,8.113323728,3.295620692,4.879556111,0,-128.6897939,126.0356779,7.833858935,-93.02673956,96.12386462,0.4053720363,-128.987071,126.2414051,-1.17120357,161.1257718,170.4027159,49.98606809,49.98607568,2788.779058,2782.313749,10.22230897,-141.1792843,3.8995835,1
1881,24,64,32,1,0,1,1,1,1,1,1,1,0,1,1,189.9080287,245.8265969,257.6076544,26.09898338,61.43806061,63.44611596,197.3715374,244.3529427,253.405479,31.13466555,60.22874137,63.30182325,-0.1324199112,-41.23091104,41.36357304,0.1685316955,40.96953131,-41.13780766,189.4772964,243.8357381,256.2334056,12.16003627,15.23000903,15.22436426,196.5775571,244.1762836,252.9782247,20.59281556,11.36881436,16.76012773,0,-125.8109932,126.9003462,150.048669,-90.15600456,45.39911764,0.9830263458,-127.112302,128.1408612,-17.00279274,105.9638629,-168.8957987,49.97998592,49.9801124,3994.916588,3942.544104,279.9503806,3.960979256,3.9350997,1
1882,24,64,32,1,0,1,1,1,1,1,1,1,1,0,1,191.1019445,247.1763152,254.1668408,3.224069708,13.3726897,14.69908032,192.1264715,249.1168901,253.3384351,8.997582346,13.81789733,12.31005128,0.6124002757,-10.18843193,9.573284867,-0.6306174834,10.09113604,-9.463168846,191.055511,247.0856641,254.0772275,2.857975874,4.045392344,8.348186281,192.0858767,249.08142,253.2950633,8.871173506,5.522446427,2.841893155,0,-127.2474695,126.1441955,-75.3775064,-57.68954804,109.2360099,0.690210581,-127.3522993,126.1103328,18.21646131,-170.7177648,-176.2661079,49.98605288,49.98585882,2787.657538,2844.473778,75.83410015,-166.4166317,3.9309902,1
1883,24,64,32,1,0,1,1,1,1,1,1,1,1,1,0,189.2046405,248.7332116,254.4180496,62.16276433,66.22889562,33.05125242,192.8303241,255.4386864,247.8639685,64.01180182,66.55352909,28.12258247,42.78568138,-43.55642206,0.7715677641,-42.97813605,43.62271717,-0.6437407832,189.0502905,248.0798744,253.8104156,10.48271559,15.84823594,21.29774968,190.5220077,253.5624951,247.5085948,17.6412066,16.2382602,13.04620492,0,-127.0030562,125.770906,-128.6908683,-43.1625357,103.2580357,1.871265391,-127.9577264,125.3090408,27.87833165,156.4394105,-92.54507541,49.98003269,49.97932579,3891.768354,4104.67178,140.4142795,143.0190971,4.1742281,1
1884,24,64,32,1,1,0,1,1,1,1,1,1,1,1,1,194.492529,248.1516927,251.0657928,8.89171857,3.553192919,7.42379553,194.1828579,247.9591066,252.9618416,4.551954396,5.438600966,8.435897572,-4.242764156,-1.335295675,5.578287775,4.172902002,1.341629553,-5.514302001,194.4742505,248.1524211,251.0606151,7.778910456,3.110592962,4.812293208,194.1721043,247.9603067,252.9650653,1.66342788,5.159532842,6.318282913,0,-129.3496317,125.6988339,-4.705904527,162.3843496,162.904955,-0.1389147396,-129.0153193,125.639375,21.12020705,-95.22575309,98.06292388,49.98611938,49.98611943,2779.561371,2772.500178,9.976902231,-144.2773485,4.1150946,1
1885,24,64,32,1,1,0,1,1,1,0,1,1,1,1,1,193.4677898,247.0497812,252.7504145,8.438053684,9.827691917,7.478186348,193.9674249,245.8300982,255.0193954,3.194018657,9.305086607,10.81265685,1.377899184,-7.685431808,6.307550441,-1.365953486,7.712161851,-6.346191687,193.4553884,247.0494233,252.7521268,8.199338078,5.300898697,2.491941703,193.9545902,245.8102867,255.0036909,2.49980532,4.20146912,8.157481947,0,-128.3810323,126.0273947,14.58843427,-174.6585986,176.9258507,-0.3908399995,-128.1697704,126.1981361,-57.6976442,-62.64972956,112.2602062,49.98606197,49.98602906,2790.578843,2789.370067,13.85323038,-129.8868546,3.9820498,1
1886,24,64,32,1,1,0,1,1,1,1,0,1,1,1,1,194.9994478,247.4298658,251.3486819,10.46999391,3.585493873,8.897567186,194.5450483,247.2226099,253.4071793,6.628679084,5.760415361,9.820254405,-6.151776184,-0.8468984505,6.998984929,6.053663697,0.8506441374,-6.903998629,194.9666547,247.4294061,251.3306981,8.14340661,3.320289738,5.022416786,194.5325586,247.2223273,253.4079269,1.407726646,5.599642725,6.620916476,0,-129.2876932,125.9278362,-5.268407749,155.1382799,167.7368489,-0.1645801285,-128.9079358,125.845901,30.14554225,-94.158309,95.33342002,49.98607392,49.98604975,2789.413355,2785.969296,12.56882439,-147.7425089,3.9779526,1
1887,24,64,32,1,1,0,1,1,1,1,1,0,1,1,1,273.3039191,255.3772217,384.4179741,32.12691334,24.76260736,27.02121025,274.6881831,257.1250858,385.5384429,31.79830455,24.79021386,25.68656272,-5.996293017,-0.5008584123,6.496788824,1.255019975,-2.800272744,1.545658912,226.2064559,169.9437081,302.6207953,4.346082974,2.239010983,6.430494447,227.6251085,171.1907997,303.933873,6.52859095,3.55384856,5.194775123,0,-108.9132964,147.260653,5.178718112,-41.06386578,158.2082502,0.1152497661,-108.9529492,147.1878649,-3.653820041,-144.7012814,133.3220808,49.9532632,49.99111187,6194.309455,4904.792657,579.6018317,446.4515333,3.8496053,1
1888,24,64,32,1,1,0,1,1,1,1,1,1,0,1,1,195.7858915,249.9599943,248.7551969,23.83968184,5.502707582,28.12513915,196.5742877,250.2317476,249.3908154,23.79813995,5.501789215,28.01135728,-22.42032478,-3.96061186,26.38114001,22.34424897,3.959027156,-26.30307208,195.6809245,249.8884503,248.695155,4.598544762,2.732986037,4.767617134,196.4482756,250.1590802,249.3287828,4.782494694,2.733478584,4.563497624,0,-130.7407339,125.1585562,-2.394922908,-130.707404,122.9394931,0.120242335,-130.7149995,125.2315756,2.043789782,-130.8970957,127.2585303,49.98520535,49.98521187,2962.308736,2954.502669,11.6837391,-141.9058759,3.8716377,1
1889,24,64,32,1,1,0,1,1,1,1,1,1,1,0,1,198.9502517,244.8559325,251.96962,58.15182396,24.89422473,56.40437452,194.2593041,250.5883201,250.2765283,57.49184647,27.97565151,54.01678239,-38.3328625,0.7172178177,37.61592685,37.98672896,-0.764104109,-37.2223392,197.3446769,244.4973477,250.5242442,14.6761354,12.20724731,16.58581745,193.8249933,249.9808353,250.1829475,14.84536657,17.46593431,8.678756501,0,-129.6533809,126.8451205,-72.35571016,35.57358518,148.788975,1.321100547,-128.778425,125.7223637,70.62626267,-139.8144748,-6.781536527,49.98094015,49.98123614,3800.22063,3714.109458,210.4298825,-49.91655749,3.9225605,1
1890,24,64,32,1,1,0,1,1,1,1,1,1,1,1,0,192.6948829,248.5192761,251.9517596,11.16162372,6.881887438,8.636217376,191.6541342,250.003238,252.8244812,9.55836412,9.773049138,4.19805547,7.934556213,-6.464678698,-1.469642708,-7.967875581,6.50486057,1.463250675,192.6843851,248.5179199,251.9549649,7.653777362,1.665359399,8.383018154,191.624823,249.9828157,252.8264243,4.986077772,7.098484306,3.651221326,0,-128.5748904,125.6333521,-32.93697076,59.30163062,147.9984152,0.2845128504,-128.2159693,125.2739277,56.14097922,-126.6694442,63.43020637,49.9861003,49.98609914,2782.997942,2776.879167,15.55098546,-137.5094878,3.9537975,1
1891,24,64,32,1,1,1,0,1,1,1,1,1,1,1,1,194.4915291,248.1497858,251.0735357,8.883447337,3.551796159,7.412160193,194.1798848,247.9541357,252.9686699,4.532061999,5.443177637,8.423715606,4.224622185,1.335546656,-5.559914385,-4.155026881,-1.343055323,5.49833845,194.473304,248.150453,251.068432,7.781245518,3.109106089,4.816877037,194.1691315,247.9553336,252.9719009,1.66271544,5.164441854,6.318746332,0,-129.3465485,125.6996159,-4.730994859,162.2873968,162.9340486,-0.1400032554,-129.0127058,125.6398444,21.25943378,-95.25146979,98.0179943,49.98612317,49.98611595,2779.692933,2772.398558,10.05100023,-144.3369602,3.9347804,1
1892,24,64,32,1,1,1,0,1,1,0,1,1,1,1,1,195.1799234,247.318744,251.4488037,11.09608657,3.695806385,9.609720822,194.631696,247.1078192,253.4366611,7.427514662,5.816484072,10.26811916,6.866223941,0.8320444416,-7.69783991,-6.757286213,-0.8372490787,7.59495049,195.1384269,247.3162724,251.4237442,8.264090755,3.330307548,5.151966057,194.6168754,247.1055508,253.4354328,1.432952138,5.592377531,6.423607869,0,-129.286336,125.9774619,-6.478699326,155.3009871,165.8922809,-0.1597792557,-128.9063996,125.8820459,38.47256821,-94.01237464,94.77027447,49.98595428,49.98614089,2814.6565,2766.141109,13.12944195,-147.6941167,3.930927,1
1893,24,64,32,1,1,1,0,1,1,1,0,1,1,1,1,196.3702987,243.8267122,253.3218006,30.14039112,58.64411723,61.62437062,190.7462644,245.556505,258.9081102,24.88808204,59.67085799,61.48705322,0.01211742412,39.8767383,-39.88863171,0.07936614489,-40.01559692,39.93645674,195.7282468,243.6836679,252.8972538,20.22703742,11.22193576,16.13165851,190.3324266,243.7558316,257.4940273,11.70601311,14.97081123,14.60101467,0,-128.2878123,126.9769589,-18.15161302,106.3611893,-170.0773376,-0.7465347123,-126.9543351,125.9351319,147.9531114,-90.39957102,45.67187204,49.98055631,49.98027689,3854.674991,3926.787468,136.3632611,97.13907411,3.8905996,1
1894,24,64,32,1,1,1,0,1,1,1,1,0,1,1,1,195.788539,249.9535752,248.7600963,23.80146198,5.502409578,28.086094,196.5684872,250.2264913,249.3920627,23.75232248,5.502879855,27.96868075,22.38257617,3.960809406,-26.34320027,-22.3063578,-3.960135542,26.26667473,195.6837735,249.8822682,248.6999143,4.617413194,2.731569782,4.777540653,196.4436698,250.1539116,249.3304867,4.763744911,2.734765436,4.55257954,0,-130.7388686,125.1610748,-2.397641928,-130.7245267,123.1368815,0.1202052678,-130.7129274,125.2324982,2.063912389,-130.876007,127.0654966,49.98521771,49.98520935,2960.606998,2954.626078,11.02135767,-141.4334507,3.866604,1
1895,24,64,32,1,1,1,0,1,1,1,1,1,0,1,1,273.391548,254.0321225,384.7964067,26.65745366,17.42197946,23.15217046,276.5527677,260.4324613,387.1135382,26.37791055,19.65039903,20.67580511,22.9445685,-4.778879032,-18.16450303,-18.07351708,8.128660167,9.946036449,224.7051738,168.6574364,299.0168003,6.794538682,7.146641244,7.634694,230.0973213,172.4063907,304.3278984,15.59950035,10.01555904,14.74722547,0,-109.7396089,147.1549676,122.9894257,22.09506892,-112.0729768,0.3848307514,-109.5392008,147.2310827,-21.39072362,-141.8260404,116.5534208,49.97435161,49.97061929,5540.58225,5453.245623,1175.64703,-205.0172053,3.8302658,1
1896,24,64,32,1,1,1,0,1,1,1,1,1,1,0,1,192.7005512,248.5228758,251.9467229,11.13821865,6.824059247,8.636378275,191.6527504,249.9979482,252.8206691,9.50452006,9.72290473,4.195403793,-7.888417777,6.417538528,1.471099965,7.921532381,-6.458819718,-1.46249349,192.6900438,248.5215341,251.9499604,7.675470401,1.651656432,8.385203161,191.6237693,249.9778023,252.8226786,4.969418104,7.082673272,3.652751268,0,-128.5785428,125.6323744,-32.81487185,59.99576561,148.0097575,0.2821007796,-128.2193944,125.2725547,56.38484705,-126.5229217,63.3899745,49.98609456,49.98610646,2782.843023,2776.858301,14.73131899,-136.7814727,4.0420681,1
1897,24,64,32,1,1,1,0,1,1,1,1,1,1,1,0,198.5519554,245.2302746,251.8076345,55.34429631,23.74795287,53.57034348,194.3148732,250.7177964,250.496275,54.76115507,26.86788595,51.28690617,36.77362907,-0.8602232475,-35.91330175,-36.43997742,0.9040399685,35.53600468,197.0998976,244.8925397,250.4759797,13.75648212,11.74096805,15.63223168,193.9316309,250.1631548,250.4032059,14.11168209,17.01593528,7.932910045,0,-129.6619734,126.7305351,-72.31583643,36.02915613,149.5927749,1.249765172,-128.8088241,125.6831967,68.42780737,-139.3767578,-2.409304851,49.98135517,49.98188139,3692.487221,3549.536063,194.5818508,-87.33369879,4.1579579,1
1898,24,64,32,1,1,1,1,0,1,1,1,1,1,1,1,190.8399498,249.8644219,252.1099953,9.581624626,9.574853261,4.319790908,193.2202945,248.9261638,252.6594734,10.98395013,6.850520994,8.470495673,8.199937458,-6.57340534,-1.626301308,-8.121176761,6.508844807,1.612560198,190.8150627,249.8382802,252.1110367,4.646499462,6.749653162,3.671441708,193.2099692,248.9223109,252.6629283,7.193283206,1.294086075,8.164018959,0,-128.3489224,125.1304704,50.61842438,-129.0544659,66.47352236,-0.05804863257,-128.6111249,125.6084,-30.16202147,48.75778931,147.7460938,49.98610767,49.98610793,2780.962097,2775.683373,16.68887982,-138.3542307,3.9837136,1
1899,24,64,32,1,1,1,1,0,1,0,1,1,1,1,1,191.5439596,254.629104,248.8812143,56.45515233,57.55143898,21.53636723,190.4047778,248.8872903,255.1580721,54.39638139,56.90966308,26.49332391,38.17884349,-37.80811183,-0.3703955466,-37.79903422,37.60592871,0.1934262992,189.9975884,252.935796,248.6255407,15.60119768,14.20222122,9.434196856,190.2920116,248.3887527,254.782282,8.518212602,13.16919485,17.9143561,0,-129.6718236,123.811419,26.16522954,162.4789902,-91.65523044,-1.414701565,-128.9394111,124.3893288,-125.0064898,-40.25485726,106.10646,49.98048662,49.98266106,3846.453604,3297.964806,161.5657538,-69.03644846,4.0126668,1
1900,24,64,32,1,1,1,1,0,1,1,0,1,1,1,1,191.8208138,248.1758162,252.9713882,8.730437401,13.60995741,11.98307069,192.3796814,246.7737874,255.2802942,3.17885139,13.09442209,14.51720922,-0.9109743537,9.750221259,-8.840544316,0.9028844049,-9.810511216,8.906423071,191.7916669,248.1603701,252.9430713,8.582363606,5.745381036,2.353453517,192.3391374,246.6862096,255.1841074,2.750394945,4.235069944,8.412492171,0,-128.0154317,125.6885741,17.05379117,-172.5234927,-178.4002122,-0.4506576975,-127.8326859,125.8902555,-68.94964299,-56.1147878,112.2542055,49.98589719,49.98600007,2832.279405,2793.270084,2.756050006,-108.7037097,4.017436,1
1901,24,64,32,1,1,1,1,0,1,1,1,0,1,1,1,193.2708211,251.0835988,249.3513533,60.59240011,29.56097842,56.87089225,199.7587153,245.5386036,252.6280455,60.80719983,26.46309514,58.89949367,40.14781203,-0.9997250488,-39.14785458,-40.22856284,0.9270060554,39.3018239,192.7607343,250.3787435,249.2748576,15.22112333,18.07497114,9.089892116,197.8237756,245.1091592,251.1385617,14.70565323,12.81080754,16.97491542,0,-130.069552,124.6461083,68.45219455,-142.5719712,-9.130984886,-1.181784615,-130.886798,125.9446622,-75.32675438,32.34633554,147.580018,49.98072594,49.98046574,3820.595551,3889.460628,108.7415635,69.54665244,3.9627206,1
1902,24,64,32,1,1,1,1,0,1,1,1,1,0,1,1,190.8535652,250.0168811,251.9738515,9.873292346,9.89720203,4.275439127,193.2602832,249.0466177,252.5332086,11.24142815,7.233752066,8.529876894,8.473432637,-6.931155846,-1.542056907,-8.388584548,6.863325404,1.52547645,190.8265556,249.9868507,251.9749074,4.703617515,6.820918453,3.664158247,193.249658,249.0424153,252.5366017,7.242095692,1.363225352,8.245939405,0,-128.4210149,125.0804328,51.31701439,-129.3136737,65.0758136,-0.06461645629,-128.6868349,125.5664827,-30.67529516,47.86527388,147.7465159,49.98610371,49.98609861,2783.322499,2776.11261,16.62277357,-139.8494959,4.0419786,1
1903,24,64,32,1,1,1,1,0,1,1,1,1,1,0,1,305.3757991,339.7623075,293.7519615,17.20737919,16.45737466,10.26936585,306.9629438,340.7949698,296.5286489,14.61398033,15.93404696,11.86212975,10.56759869,-9.442803036,-1.126038268,-1.679902605,6.848655526,-5.169951546,223.2219392,289.2409045,205.2924398,4.90172606,2.619715507,3.201915227,225.8900859,291.1441438,207.0859206,8.235251552,6.182014665,5.950393994,0,-152.8085314,116.8337138,47.27001686,-78.2940185,162.6997597,0.02468332358,-152.754155,116.8602592,-26.09734843,-176.9497198,93.98422968,49.96798547,49.98002158,4993.597826,5410.066224,-216.3537368,-755.6123417,3.9036487,1
1904,24,64,32,1,1,1,1,0,1,1,1,1,1,1,0,187.5251301,252.1007142,252.3925491,39.30819699,33.56921765,7.842358674,188.2677613,252.3260634,253.1215152,39.1808122,33.53421333,7.785767531,36.56277528,-31.47265293,-5.089977131,-36.45787394,31.41721966,5.040800495,187.3267738,251.8674276,252.2572027,4.548251965,2.62225522,4.74208415,188.0113414,252.1325881,252.9858344,4.433373468,2.895215015,4.717211272,0,-127.5828473,124.4642604,-2.581706282,-130.8556581,124.6570191,0.109848708,-127.5370893,124.5308908,2.372304945,-124.7214928,124.0555131,49.98440837,49.98438251,3122.365672,3119.252714,74.4828125,-80.20109303,3.9645171,1
1905,24,64,32,1,1,1,1,1,0,1,1,1,1,1,1,190.8446119,249.8875499,252.1028122,9.60558856,9.609262302,4.315347516,193.218147,248.9334576,252.6546701,10.97714133,6.875470561,8.474433771,-8.205815833,6.583232437,1.62278691,8.127110615,-6.519848778,-1.607045272,190.8197023,249.8612666,252.1039358,4.673340055,6.778700716,3.671989049,193.2078068,248.9296639,252.6581315,7.168234035,1.323998401,8.17065124,0,-128.3560008,125.1248176,50.35682256,-129.2945781,66.3584644,-0.06207184372,-128.6182708,125.6031376,-30.34692432,47.60639265,147.752426,49.98611132,49.98610567,2781.560685,2774.916837,16.1358747,-137.8241845,4.0203067,1
1906,24,64,32,1,1,1,1,1,0,0,1,1,1,1,1,191.7593263,247.8915649,253.2004196,8.538341798,11.34126101,9.383804126,192.3769337,246.6142083,255.7115463,3.414565427,10.98610002,12.67905149,1.03912428,-9.522451165,8.483584888,-1.034639401,9.581334551,-8.546447113,191.7226179,247.8712396,253.1645789,8.315910692,5.406403969,2.437670359,192.3294701,246.5455934,255.6276863,2.807544051,4.500101649,8.797682204,0,-127.8808454,125.7570985,17.24920448,-177.0637665,-168.4967106,-0.4334792165,-127.6506976,125.9577443,-63.60383181,-62.48845554,111.0906096,49.98618323,49.98587285,2771.926875,2817.647237,24.62083854,-131.9182689,3.9545353,1
1907,24,64,32,1,1,1,1,1,0,1,0,1,1,1,1,191.4114192,255.2920513,247.9629491,62.72359153,65.13453361,27.38389381,189.6157022,249.064835,255.7086162,60.51758954,64.6135055,32.13519103,-42.08596729,42.75162608,-0.66521304,41.66899105,-42.54266188,0.874129346,189.5068043,253.2302266,247.6093474,17.29264632,16.08957093,12.55388803,189.4709373,248.340676,255.1185695,9.920144847,15.67777897,20.74025291,0,-129.9034957,123.5494517,25.03217653,154.5073043,-94.36410149,-1.615594631,-128.9059294,124.1371244,-131.5383761,-45.34524379,101.8056915,49.97969909,49.98026643,4039.345442,3852.433233,267.8434654,-32.33907164,4.0650265,1
1908,24,64,32,1,1,1,1,1,0,1,1,0,1,1,1,190.8614091,250.0332033,251.9715125,9.923730783,9.950736414,4.278245325,193.2586338,249.046379,252.531129,11.24997363,7.281030905,8.530480958,-8.501705169,6.960022587,1.541901177,8.416486689,-6.893064861,-1.52321716,190.8341692,250.0027966,251.972549,4.737525326,6.854673671,3.664022621,193.2480074,249.0421057,252.5345216,7.209497884,1.39822855,8.245098342,0,-128.4263522,125.0769656,50.97102523,-129.5450825,65.08465072,-0.06883443801,-128.6925093,125.5628998,-30.91023605,46.82163168,147.7415817,49.98610855,49.98609273,2782.381156,2777.331414,15.05225069,-138.322928,4.0288818,1
1909,24,64,32,1,1,1,1,1,0,1,1,1,0,1,1,193.3194154,251.2046801,249.527889,58.52000348,28.78664621,54.75766776,199.432816,245.8367569,252.5045306,58.68447188,25.66379619,56.7196649,-38.97485264,1.122421658,37.85257099,39.05363618,-1.052954449,-38.00054336,192.8411778,250.5440345,249.4547059,14.67490558,17.77747789,8.505364933,197.6263702,245.4287451,251.1049247,13.99343161,12.50148122,16.2353715,0,-130.0440335,124.6512903,66.70593032,-142.2388299,-5.816244486,-1.128974636,-130.8453702,125.8918822,-75.46680521,32.67683272,148.3227707,49.981225,49.98083473,3691.959546,3795.531032,78.10481543,57.81753868,4.0239836,1
1910,24,64,32,1,1,1,1,1,0,1,1,1,1,0,1,187.53827,252.1127918,252.3905655,39.257984,33.51714366,7.845309219,188.2670171,252.310466,253.1210208,39.11761304,33.47607204,7.788513248,-36.50905744,31.42042245,5.088779932,36.40416846,-31.36546488,-5.03855493,187.3401174,251.880309,252.2543314,4.606328713,2.661005011,4.74235413,188.0094648,252.1174451,252.9838474,4.37560305,2.861884162,4.716862956,0,-127.5895847,124.4611493,-2.52490315,-131.7629714,124.6697068,0.1022771181,-127.5443749,124.5276232,2.372190658,-123.8145356,124.0363707,49.98440301,49.98438953,3123.898882,3117.069698,73.99382924,-79.61806818,3.959933,1
1911,24,64,32,1,1,1,1,1,0,1,1,1,1,1,0,305.5648348,339.3401729,293.3272053,17.90193487,17.14586493,11.12633192,307.0253266,340.3832522,295.4039348,15.40545519,16.9325789,12.1110617,-11.39164671,10.17660767,1.216393879,2.530486127,-7.586755396,5.057675928,223.7097835,288.9338307,205.0224212,4.487357299,3.168127456,3.738017559,226.6098655,291.0089308,206.3547037,8.884421466,7.41606511,5.8737485,0,-152.9582358,116.9500549,53.90063135,-56.10211237,164.6034222,0.1072328745,-152.9569766,117.0256955,-24.19941665,-178.1050226,88.79296821,49.96759573,49.98042911,5211.737423,5194.073109,-238.9329396,-732.1021305,3.894101,1
2059,24,32,96,1,1,1,1,1,1,1,1,1,1,1,1,229.2506208,194.7770113,272.5998657,5.88165388,3.752926996,1.913411024,230.0786584,195.1540663,272.8667099,5.101045831,3.624290589,2.636766521,-0.003993169189,0.008112009814,-0.004101099264,0.004366505289,-0.009142240153,0.00480735889,229.2378245,194.7788122,272.6099033,5.881078586,3.752367323,1.912347164,230.0658455,195.1559242,272.8767587,5.100485251,3.623838307,2.636058841,0,-139.2623743,104.7796254,0.08298305487,-147.3984112,107.5667876,0.06536983293,-139.1540966,104.8094196,-0.4192241352,-131.0355281,102.6901375,49.98703583,49.98703967,2596.061541,2588.680188,-22.21643297,-159.9372228,3.9689036,1
2060,24,32,96,1,1,1,1,1,1,0,1,1,1,1,1,229.013145,194.0428974,273.4574835,9.789632165,10.98453676,7.056183252,229.8470222,192.6330771,275.0287299,4.17025943,9.307056827,9.588337092,1.601679873,-8.06078723,6.45914592,-1.591473792,8.084458053,-6.492940981,228.9997166,194.044232,273.4637475,9.531233167,7.265704492,2.300932038,229.8316681,192.6158367,275.0174081,3.525371461,4.285884843,6.854785993,0,-139.0867061,104.93129,17.78981709,-173.5424155,-82.57370889,-0.398832896,-138.8862083,105.2262844,-57.34144298,-66.17971248,102.4747008,49.9869427,49.98694848,2613.620263,2608.042851,-24.66230868,-160.3961935,3.9889599,1
2061,24,32,96,1,1,1,1,1,1,1,0,1,1,1,1,229.0117557,194.0432655,273.4605326,9.788486661,10.99958706,7.072796416,229.8458463,192.6325579,275.0363714,4.169560337,9.319459493,9.604344708,-1.601052698,8.067645741,-6.466586611,1.59168463,-8.093345809,6.501677515,228.9983375,194.044581,273.4668408,9.53080841,7.27790612,2.307110868,229.8305,192.6150159,275.0249402,3.526434761,4.294451629,6.862117774,0,-139.0857994,104.9312517,17.79579672,-173.5817552,-82.25827622,-0.3992780374,-138.8842497,105.2267232,-57.34008148,-66.04379373,102.5759482,49.98693839,49.98695187,2615.066913,2606.638695,-23.95103268,-161.1203591,3.9641816,1
2062,24,32,96,1,1,1,1,1,1,1,1,0,1,1,1,229.6484222,194.8264149,272.2268757,5.941216804,6.510283844,7.678740596,231.854814,195.4582534,271.1721589,9.66061921,3.271675186,7.261249678,4.816502152,1.467765136,-6.284234399,-4.857730032,-1.447976327,6.305734819,229.6348848,194.8267397,272.2359321,3.300205071,6.223327136,4.318004523,231.8324985,195.4580506,271.1711105,8.277661653,2.664432817,3.484788842,0,-139.4248833,104.9138076,28.64410431,-118.8787325,58.59708105,0.1875629414,-139.744803,105.0682664,-11.12966455,164.3929375,168.5789938,49.98693022,49.98692975,2617.524424,2610.293459,-24.81806887,-162.7163664,3.9567781,1
2063,24,32,96,1,1,1,1,1,1,1,1,1,0,1,1,229.6498649,194.8230793,272.2341858,5.974841212,6.518582181,7.702464151,231.8578567,195.4532817,271.1745745,9.675863981,3.261586756,7.283889386,-4.849313551,-1.459207217,6.308517846,4.891110177,1.43756456,-6.32867689,229.6363246,194.8234014,272.2432611,3.307166791,6.235540735,4.323137678,231.8354445,195.4530815,271.1734781,8.273868643,2.660331202,3.485958784,0,-139.4235252,104.9159873,28.68353089,-118.88957,58.60823982,0.1879459207,-139.7445014,105.0708213,-11.17219639,164.1419163,168.6631117,49.98693132,49.98692866,2616.245385,2611.615222,-25.68423227,-161.8270032,4.0475573,1
2064,24,32,96,1,1,1,1,1,1,1,1,1,1,0,1,229.0453887,195.1831648,272.5545647,9.930451803,4.930993033,4.9502664,228.5329988,196.3594215,273.4063706,7.968402174,8.489069061,3.894695615,-6.103888716,4.719748089,1.384153555,6.137854978,-4.759895013,-1.377947887,229.0322264,195.1832632,272.5638183,7.748532253,1.151291296,4.601666462,228.5096569,196.3488303,273.4149733,4.951842694,6.978796429,3.442988337,0,-139.1991595,104.5625386,-23.80931505,152.5445345,148.6059753,0.1959275784,-138.7399919,104.3106058,38.77433476,-130.3480046,35.68568348,49.98697296,49.98697224,2608.614516,2602.089572,-32.84458061,-170.0015915,4.0105981,1
2065,24,32,96,1,1,1,1,1,1,1,1,1,1,1,0,229.0482216,195.183837,272.5517419,9.930993165,4.934399278,4.946471477,228.5383331,196.3580682,273.4023332,7.974291647,8.4864005,3.894783717,6.109638983,-4.720620922,-1.388987403,-6.143035183,4.758933253,1.384136938,229.0350715,195.1839232,272.5609854,7.742878115,1.153605821,4.593629448,228.5149095,196.347437,273.4109001,4.951332441,6.973499288,3.437801468,0,-139.2005257,104.562791,-23.78215411,152.7869113,148.5788836,0.195840194,-138.7417501,104.3115764,38.69552898,-130.3400885,35.79433254,49.98696981,49.98697491,2608.880217,2601.892268,-32.68267881,-170.1312954,4.212773,1
2066,24,32,96,0,1,1,1,1,1,1,1,1,1,1,1,228.9308022,191.8719481,275.2105142,4.443061713,9.950365103,9.906909105,229.8900274,194.1586747,273.9613145,9.570251711,11.36241596,7.681352617,-1.802911205,8.948310936,-7.145361478,1.784355445,-8.880810682,7.096486286,228.9144457,191.8531554,275.1892297,3.667305373,3.822649722,6.498686168,229.8769474,194.1599451,273.9652346,9.242232876,6.779372971,1.957355624,0,-138.4832664,105.6111152,-53.20789111,-70.64951383,101.5249354,0.5695554446,-138.5149368,105.3720786,18.53619037,-170.0839368,-87.67651697,49.98693541,49.98693503,2616.792964,2609.003224,-20.08604919,-159.6387814,4.5249628,1
2067,24,32,96,0,1,1,1,1,1,0,1,1,1,1,1,264.4151353,325.9072191,345.313096,8.466492351,11.1356613,11.09588028,267.4887278,327.2756622,346.5583713,11.46036995,11.699589,12.34887976,-0.972022125,5.250150829,-4.273319445,-5.809688448,3.014148267,2.79989722,186.8246654,221.1982403,303.0764405,3.16782009,2.241873294,1.37371745,188.8614577,222.9385278,304.5329798,6.905654792,6.066442967,6.185289557,0,-126.6865756,90.58738042,41.05469599,-125.294017,-50.09416267,0.1227131897,-126.4031979,90.8381487,-17.66477756,-127.2290996,98.72659111,49.9823896,49.97028948,4465.719504,4990.579362,-396.5297932,-898.6031702,4.7145438,1
2068,24,32,96,0,1,1,1,1,1,1,0,1,1,1,1,229.2101838,188.0465532,277.9319548,8.632333082,40.90086508,34.85925073,230.1502515,188.5475208,278.0171771,8.560486155,40.7929798,34.84676063,-5.489952216,38.07840822,-32.58844024,5.433288293,-37.99306631,32.55978232,229.0424592,187.8218661,277.7018075,5.505269295,3.613190332,2.180660639,229.9776024,188.2783699,277.8293585,5.467996965,3.437808403,2.45524284,0,-137.9715087,106.8020836,0.09855685141,-140.9318837,103.2632285,0.09441717101,-137.896017,106.8305488,-0.3782025996,-135.0784658,109.8677316,49.9850775,49.98502712,2990.350344,2988.166583,55.41921324,-83.32797473,4.8400546,1
2069,24,32,96,0,1,1,1,1,1,1,1,0,1,1,1,225.6734593,192.0189571,279.2817339,24.65699083,57.94729895,60.35878733,233.1573868,191.2062071,274.187328,30.0474618,56.4811318,60.10390606,0.3366235551,39.35535652,-39.69220066,-0.5355089376,-39.03303553,39.56835391,225.3990383,190.2546531,277.6957537,11.19386621,14.50326862,14.31287724,232.6693229,191.0662345,273.6379301,20.29500909,9.596780767,14.37381061,0,-137.1366226,105.5777431,133.7592238,-102.471075,24.33291755,0.4850079548,-138.5850759,106.4341789,-23.40472723,103.010545,-174.1032237,49.98084869,49.98281429,3767.393828,3276.501519,207.0396597,-126.0914398,5.3931093,1
2070,24,32,96,0,1,1,1,1,1,1,1,1,0,1,1,231.780904,188.9734942,277.61991,16.61219617,7.531917752,17.02004513,234.5075835,189.8920481,276.9650594,18.49612057,4.658822981,17.06990456,-12.95514568,-1.064017146,14.01840875,13.10252716,1.064713697,-14.16800578,230.3395778,187.7997777,277.1394473,3.668902515,6.408728408,4.123639185,232.6190446,188.3457635,276.2200862,8.229533137,2.519055652,3.578707192,0,-138.4269295,107.1513768,33.03171118,-117.7825581,59.18662625,0.131025075,-138.7979335,107.3124893,-14.20176178,156.1873116,166.0267945,49.98695343,49.98616307,2573.859547,2800.213486,0.9775786336,-119.3282318,4.7276169,1
2071,24,32,96,0,1,1,1,1,1,1,1,1,1,0,1,226.5335336,194.4635057,275.5678514,54.29240638,58.31967438,28.76752091,229.9833881,200.8561939,269.9419538,56.54782683,58.76898837,26.27063328,-37.84265027,39.39396157,-1.550647916,37.99504313,-39.48108788,1.486666122,226.4633781,193.9286099,274.9466923,7.623638096,13.26124416,17.0795431,228.5439477,198.9551047,269.5554768,16.7675262,13.86387926,12.73913684,0,-137.8179847,104.5449022,-129.3402311,-59.24991856,89.37379297,1.349295965,-138.739887,103.8740599,20.77566335,152.0328059,-95.85233334,49.98207361,49.98179904,3514.869259,3587.475557,40.92854113,24.57243564,4.0358102,1
2072,24,32,96,0,1,1,1,1,1,1,1,1,1,1,0,228.725838,191.884894,275.4224191,4.372871956,11.14094095,11.14308813,229.7200697,194.1553591,274.1225831,9.636153412,12.36058446,9.194990603,-1.736289156,9.63426187,-7.8978856,1.710539081,-9.554393839,7.843943685,228.7075504,191.8469497,275.3798963,3.585104502,3.891765276,6.520267954,229.7061178,194.1547697,274.1219842,9.313271116,6.748823259,1.995061605,0,-138.3906843,105.5704214,-54.11300995,-71.18925197,100.5307097,0.5751910236,-138.4313884,105.3370564,18.18384268,-170.631129,-90.72370702,49.98689645,49.98691281,2625.086984,2613.820951,-19.90543447,-161.1753421,4.0362441,1
2073,24,32,96,1,0,1,1,1,1,1,1,1,1,1,1,228.9376545,191.8769752,275.2040027,4.445431089,9.91813194,9.87673591,229.8962592,194.1611791,273.9554658,9.570010084,11.34534328,7.647884672,1.803489567,-8.918743913,7.115249786,-1.784547005,8.849698817,-7.065157046,228.9212955,191.8582899,275.1828735,3.668994709,3.813528978,6.489037599,229.8831296,194.1624393,273.9593836,9.241453713,6.792210188,1.945718928,0,-138.4866938,105.6118555,-53.19887809,-70.43613412,101.649504,0.569543093,-138.517754,105.3733459,18.54433489,-169.9905613,-87.31359536,49.98694179,49.98692942,2615.573973,2610.186763,-20.04237543,-159.7992811,3.9876322,1
2074,24,32,96,1,0,1,1,1,1,0,1,1,1,1,1,229.201432,188.0334801,277.9687856,8.632906789,41.02447057,34.98288441,230.1415204,188.5213868,278.0326543,8.560667308,40.9117846,34.96627644,5.48875196,-38.18614481,32.69733082,-5.431545748,38.09897138,-32.66749851,229.0324259,187.8055319,277.7360026,5.505404781,3.637090165,2.208650977,229.9679126,188.2500837,277.8432585,5.467422708,3.411071502,2.429131117,0,-137.9608159,106.8067387,0.1375485223,-140.5598246,102.9953738,0.09398636048,-137.8910369,106.8357449,-0.4177181549,-135.4136548,110.1942356,49.98505104,49.98503737,2991.22115,2989.170754,54.34616321,-82.00332485,3.9585259,1
2075,24,32,96,1,0,1,1,1,1,1,0,1,1,1,1,264.7122252,326.1776309,344.9865001,8.486065471,13.70022955,13.57657249,267.2559599,327.264645,345.8712508,10.97439384,14.00018624,14.43174347,1.545174076,-6.530739963,4.986290666,5.238449079,-1.707976554,-3.528951212,186.9063858,222.2886615,303.1050856,3.230370595,1.608673006,1.350538387,188.6160152,223.9394376,304.2934264,6.289264143,7.311799083,5.883625904,0,-126.8358019,90.34032048,27.58543536,-81.2120018,-147.8297817,0.12205734,-126.6332165,90.49369015,-13.91288731,-135.9288132,79.11298051,49.98501211,49.9675726,4005.497043,5462.12678,-406.4577094,-884.7046623,3.8615863,1
2076,24,32,96,1,0,1,1,1,1,1,1,0,1,1,1,230.1950871,192.2792756,274.1161287,9.919643358,6.969558109,11.05433336,232.790949,192.8938094,273.027355,13.03558184,3.217478222,10.9084743,8.333636369,0.8461438235,-9.18102757,-8.405388747,-0.8455054463,9.249657672,230.0419901,192.1713649,274.0732638,3.162192964,6.73882195,4.725327759,232.5459228,192.7430215,272.9106262,8.921403302,2.675963684,4.206253098,0,-139.085225,105.8260995,41.37849548,-117.5622045,52.00393709,0.1756433823,-139.4826334,106.029672,-13.65285713,151.524242,170.9604149,49.98690222,49.98682214,2623.996524,2627.72702,-4.468343125,-159.5094891,3.931719,1
2077,24,32,96,1,0,1,1,1,1,1,1,1,0,1,1,224.660067,191.8415049,280.2498539,29.41666016,66.43330008,69.36127819,233.1513596,190.2200651,274.0217012,34.5137393,64.80344933,69.08678975,-0.643711953,-44.65553195,45.29941901,0.8785105252,44.28373855,-45.16207664,224.267744,189.5377439,278.2408657,13.33557443,16.80132893,16.51084249,232.4901571,190.0400726,273.2883429,22.17620359,11.57243978,16.60822895,0,-136.721257,105.5975547,132.9287104,-103.6978425,22.7291578,0.5339770342,-138.4633753,106.6225864,-26.03400565,96.28543044,-173.2274812,49.97989517,49.97997286,4011.183706,3969.550989,273.4439163,1.090317221,4.007928,1
2078,24,32,96,1,0,1,1,1,1,1,1,1,1,0,1,228.7471417,191.8900235,275.4005617,4.398842757,10.95183915,10.93902767,229.732698,194.1656916,274.1015533,9.609389779,12.23256507,8.949525679,1.762052434,-9.511309362,7.749106034,-1.736484023,9.431035997,-7.694697346,228.7292175,191.8553437,275.3618841,3.605974269,3.887597673,6.51342423,229.7188131,194.1655032,274.1020288,9.28131218,6.816749352,1.970595015,0,-138.4002155,105.5765694,-53.67041498,-70.17558732,101.4242975,0.5741667143,-138.4422001,105.3403382,18.25135201,-170.5043705,-87.87826479,49.98695161,49.98686512,2615.513259,2622.05293,-22.55530329,-158.3303889,3.9976823,1
2079,24,32,96,1,0,1,1,1,1,1,1,1,1,1,0,226.5821059,194.4785308,275.394106,55.25786978,58.93352274,28.14588229,230.347786,201.2569724,269.9819837,57.63336366,59.49043476,25.66944727,38.26888544,-39.64208175,1.373703152,-38.42144771,39.73400615,-1.312024304,226.5132367,193.9584829,274.7918723,8.025966047,13.49416485,16.63723231,228.8793946,199.3091267,269.6036212,17.46998622,14.49808631,12.29834962,0,-137.8721072,104.5472421,-134.6681505,-55.65817235,89.43714059,1.380225373,-138.7553698,103.8930044,19.25936801,154.4760581,-95.9564447,49.98214978,49.98185136,3490.018086,3578.540949,69.36077715,-12.0921867,3.9877731,1
2080,24,32,96,1,1,0,1,1,1,1,1,1,1,1,1,230.7154436,194.7352619,271.3921926,9.607813903,3.332581333,6.742038422,230.2604449,195.1562454,272.6983243,5.626393976,6.638713835,7.178131558,-4.413886043,-1.321971554,5.73588306,4.359748803,1.345098142,-5.704823787,230.6974556,194.7350178,271.3901455,8.456008629,2.884920776,3.471091904,230.2475983,195.1553196,272.7066818,3.369731907,6.422760198,4.29748416,0,-139.8711167,105.0587089,-13.09553227,158.991851,168.2912445,0.02131548139,-139.3762268,104.9283274,33.888779,-116.6715499,58.75315798,49.98693951,49.98693988,2615.547052,2608.384181,-18.96343374,-157.9463014,4.0262473,1
2081,24,32,96,1,1,0,1,1,1,0,1,1,1,1,1,230.9284592,191.0542485,274.1294553,27.54665537,57.28314793,59.74328047,226.0078706,193.1595945,279.9735809,21.95801423,58.55185599,60.05571282,0.179836435,-39.38830453,39.20935911,-0.2797955225,39.55480361,-39.27412915,230.5485226,190.9027094,273.6956625,18.91330044,10.29342906,13.5221709,225.7352298,191.0870886,278.5664952,9.656762,15.11421027,14.08050116,0,-139.2845124,105.9416595,-22.3729694,101.9750281,-167.0217656,-0.345502269,-137.6279223,105.2544975,132.4768204,-102.3837031,32.014383,49.98287193,49.98135761,3273.243385,3652.370908,101.4346377,-14.36044322,3.9592731,1
2082,24,32,96,1,1,0,1,1,1,1,0,1,1,1,1,230.1610953,190.8772913,274.2188385,17.99802787,3.565643948,17.02918751,229.8761458,191.4961247,276.2128369,16.43285331,8.35982067,17.45467428,-12.72463358,0.08578470087,12.64659385,12.57345416,-0.04400559109,-12.52172316,229.7637201,190.5740486,273.9680392,7.876183893,2.893496371,3.972229284,229.4557804,191.2739381,275.9674717,3.805855018,8.079365359,5.774274598,0,-139.0445635,105.9349995,-13.70293909,122.8303767,-169.5338332,0.01149665611,-138.3737357,105.8284818,28.71094203,-118.1914536,62.61993479,49.98787655,49.98543154,2499.146284,2857.848363,54.10078045,-180.2718745,3.9925376,1
2083,24,32,96,1,1,0,1,1,1,1,1,0,1,1,1,266.725923,179.0774987,465.7712745,26.42360132,15.59490128,21.3215973,263.5788516,173.3425625,464.8357272,25.01635794,12.78012137,22.6205869,20.31567248,-7.296891516,-13.0193064,-21.90464568,3.923762681,17.98019881,235.1854123,113.8374666,344.6592619,15.77800818,9.133261673,14.45150239,231.0979147,111.0308496,339.7369207,9.629526774,5.904565946,9.922458555,0,-120.7970319,126.8041013,-37.36109697,-151.8158072,96.72783471,0.2418040553,-120.9549795,126.6531137,98.05623833,6.713057275,-99.95296974,49.97602256,49.98135013,4239.341942,4269.932759,-248.033997,866.5031266,3.72207,1
2084,24,32,96,1,1,0,1,1,1,1,1,1,0,1,1,231.9182326,195.8748552,269.3919883,17.71083073,6.065158464,21.24939966,232.8678452,196.4447825,269.4421488,17.74669578,6.06378161,21.20865087,-16.19820122,-4.187160951,20.38539011,16.17261664,4.194116399,-20.36670767,231.8713194,195.8212708,269.3630873,5.455633327,3.67608913,2.356010338,232.8032352,196.3816795,269.4192786,5.655691261,3.666742853,2.141244551,0,-140.5902798,105.0597816,-1.532981525,-140.7161094,101.6636424,0.1142525651,-140.5216478,105.0726701,1.216824461,-140.6778111,108.6961035,49.98637594,49.98637336,2727.481763,2722.480743,-2.602217398,-141.6499793,3.787678,1
2085,24,32,96,1,1,0,1,1,1,1,1,1,1,0,1,233.4605475,192.5377394,271.8077557,55.44103924,21.85329781,54.25385211,230.2471321,198.2225351,270.5200329,55.39548795,26.19093283,53.26628995,-36.10727531,-0.3473168413,36.45476414,35.89123808,0.3767895693,-36.26785636,232.3983053,192.1075072,270.2319359,13.36808231,10.52169585,13.36499101,229.9711729,197.5191734,270.3488022,15.27874557,17.63352245,10.0568118,0,-140.3089466,106.164283,-76.64305105,25.42774054,141.377198,1.231158818,-139.184958,105.1183073,58.53021172,-148.6138983,-23.45833637,49.98206482,49.98251865,3572.162895,3448.927379,174.0389165,-70.72238826,3.7978065,1
2086,24,32,96,1,1,0,1,1,1,1,1,1,1,1,0,229.0862269,195.2703223,272.4537999,10.07044669,5.16741357,4.994888021,228.5462408,196.4698199,273.3128483,8.125360615,8.696868384,3.9007968,6.266644934,-4.971965106,-1.294650291,-6.302620197,5.012317019,1.290337822,229.0729889,195.2704396,272.4630773,7.792641318,1.124245296,4.67841024,228.5220002,196.4577795,273.3214985,4.989490232,7.055753548,3.488188393,0,-139.2312074,104.5438003,-24.27457346,149.0086766,148.7875556,0.2001931838,-138.7654539,104.2848916,39.54658852,-130.4878524,34.58483287,49.9869644,49.98696655,2609.814576,2603.753395,-33.33828757,-170.4502382,3.8425285,1
2087,24,32,96,1,1,1,0,1,1,1,1,1,1,1,1,230.7161946,194.729057,271.3964194,9.611382804,3.321658094,6.748948452,230.2585367,195.1518811,272.7094116,5.642672713,6.649077993,7.185495131,4.429814928,1.310606323,-5.740388247,-4.374748931,-1.3357597,5.710550274,230.6981734,194.7288384,271.3943104,8.452399209,2.879084834,3.475152183,230.2456747,195.1509332,272.7177498,3.378392091,6.436494502,4.302394743,0,-139.8702021,105.059983,-13.15369331,158.7257793,168.3528267,0.02021713963,-139.3744233,104.9287682,33.94208883,-116.7096717,58.7206918,49.98694075,49.98693857,2615.660559,2608.327309,-18.39383794,-158.4815341,4.0723376,1
2088,24,32,96,1,1,1,0,1,1,0,1,1,1,1,1,231.5399749,190.8134204,275.1303463,19.70417221,3.961926262,18.39903458,230.3586944,191.3066765,276.4003989,17.39744439,8.23623806,18.40701865,11.67478222,0.4195970795,-12.09839688,-11.52848432,-0.4405142028,11.96500829,230.6790401,190.1681895,274.6888304,9.382677419,3.009938413,4.847661762,229.7664463,190.8262239,276.1665206,3.519366596,7.79741662,5.343575536,0,-139.0742027,106.4668306,-17.77437181,129.7382468,175.2592712,0.1020791679,-138.3961097,106.2662688,53.55068305,-116.2792244,48.50447301,49.98825969,49.98469773,2523.629805,2903.383988,-18.35401629,-89.71645856,3.9390861,1
2089,24,32,96,1,1,1,0,1,1,1,0,1,1,1,1,231.3177528,190.0246887,274.3857696,34.72386669,65.00975461,69.17412725,224.6157752,192.8728105,280.7449444,29.34657803,66.35657749,69.3492079,0.6478127167,44.40543088,-45.05310877,-0.5127839673,-44.59947176,45.11238218,230.7017019,189.806499,273.7215554,22.51833312,12.01794204,16.53547593,224.2227744,190.1882888,278.9922172,13.54466922,17.00707753,16.48747918,0,-139.2683592,106.2443956,-26.37611159,97.5905798,-172.8081208,-0.3545023491,-137.350102,105.2628131,132.9132218,-102.7379169,23.21027271,49.9799704,49.97984801,3974.676608,4014.48465,157.0528262,155.2842953,3.8575113,1
2090,24,32,96,1,1,1,0,1,1,1,1,0,1,1,1,231.9263433,195.8721851,269.395208,17.75004621,6.063138767,21.28619024,232.8698264,196.4424095,269.4398911,17.7781451,6.064643481,21.24359907,16.23204246,4.186265037,-20.41829231,-16.2055711,-4.195009139,20.40059983,231.8793073,195.8185946,269.3660039,5.467460929,3.67355873,2.363524582,232.8051026,196.3800321,269.4174911,5.644512577,3.669185094,2.132430845,0,-140.5911131,105.0627632,-1.60433284,-140.7290088,101.948399,0.1153166427,-140.5223022,105.0744732,1.292198661,-140.6664659,108.4126691,49.98637495,49.98637184,2728.56401,2721.829446,-3.099855187,-141.0336582,3.855415,1
2091,24,32,96,1,1,1,0,1,1,1,1,1,0,1,1,266.5078485,177.9534033,465.3815481,26.54638139,15.7012909,21.61435097,263.3164074,171.8499233,464.3378033,25.2058087,12.72123096,22.93827859,-20.90967364,7.588227776,13.32231281,22.51318199,-4.246048148,-18.26623193,234.9320672,113.1681021,345.0104574,15.87198221,9.492641742,14.79784394,230.7969024,110.2162683,339.9382348,9.787822082,6.254167468,10.35594979,0,-120.5133896,126.9135057,-37.82367169,-151.4934487,95.41048933,0.2449928108,-120.6966555,126.7772017,97.98140969,8.454974279,-101.2747435,49.97879627,49.9786751,4295.59216,4209.657261,-252.7862721,882.7772183,3.7945595,1
2092,24,32,96,1,1,1,0,1,1,1,1,1,1,0,1,229.0841338,195.2644861,272.4667636,10.07437203,5.152732134,4.993815671,228.5399082,196.4543584,273.3228843,8.10436395,8.669944217,3.898924367,-6.25229989,4.952382912,1.299932243,6.288904274,-4.994515896,-1.294373969,229.0709169,195.2645989,272.4760147,7.809384813,1.14393982,4.674310927,228.5156993,196.4423809,273.3314681,4.973618924,7.036600953,3.482088512,0,-139.2278091,104.545485,-24.2063653,149.8048309,148.7291555,0.1989754435,-138.7627867,104.2870401,39.67255616,-130.3485375,34.61807618,49.98695184,49.98697985,2610.908359,2602.682597,-33.66789365,-170.09264,3.9217086,1
2093,24,32,96,1,1,1,0,1,1,1,1,1,1,1,0,232.8122061,193.1761199,271.4765289,47.81882861,18.35066418,46.756897,230.3294025,198.1105081,270.9774326,47.83168583,22.81942137,45.88369108,31.49631048,0.2279248022,-31.72259302,-31.3016666,-0.2544861198,31.55765714,232.0027323,192.8357792,270.2670799,11.37106124,8.836352673,11.2907965,230.128889,197.5920327,270.8446426,13.26948934,16.00899918,8.259468736,0,-140.2531445,105.8396951,-72.45588447,27.28505916,143.9961096,1.020499037,-139.2113568,104.9660691,54.90405868,-146.950004,-16.0938589,49.98304288,49.98406875,3343.364523,3097.702957,127.3516195,-135.8466943,3.9323017,1
2094,24,32,96,1,1,1,1,0,1,1,1,1,1,1,1,227.8082357,195.6727556,273.2747234,7.819856111,8.163121475,3.687358028,229.9817951,195.4641181,272.7956745,9.332048716,4.503758669,4.987968181,5.809741197,-4.464495775,-1.345218917,-5.740552382,4.39412648,1.346447507,227.7875788,195.6616666,273.2833209,5.103603804,6.79989863,3.230918479,229.9688292,195.4635713,272.8053504,7.26569407,0.7123576838,4.660943327,0,-138.8177844,104.2584857,33.60632228,-135.195242,32.9978039,-0.01144532585,-139.0762605,104.5388394,-23.11284986,-178.9490485,145.371243,49.9869948,49.98699205,2604.714278,2597.82554,-36.47878131,-173.9277656,3.9096989,1
2095,24,32,96,1,1,1,1,0,1,0,1,1,1,1,1,228.7914857,200.379603,270.0702458,51.30044515,52.48655935,21.52233992,227.5550387,195.2725724,274.887182,48.64426472,51.51678165,24.07257855,34.37348153,-34.93132373,0.5582159532,-33.99228289,34.61179951,-0.6191438278,227.6743739,198.8190723,269.8070605,16.01664321,13.60031284,10.52058837,227.4938403,194.8732437,274.498816,6.781413717,12.0786813,14.9302141,0,-139.7937995,103.0999561,18.91889632,158.0269376,-92.33150368,-1.062290869,-138.9339879,103.7578205,-128.7122164,-54.75690518,92.37458826,49.98260134,49.98360386,3451.75931,3180.17921,96.71469417,-112.091891,3.9435412,1
2096,24,32,96,1,1,1,1,0,1,1,0,1,1,1,1,228.7928544,193.9553172,273.7557334,9.880730474,13.08186938,10.25286175,229.5254273,192.6394354,275.3523394,4.115588093,11.84880136,12.08538608,-1.660228637,9.520914844,-7.860609339,1.660954457,-9.563933779,7.903051828,228.7772904,193.9525321,273.7547467,9.560723037,7.095637153,2.14314145,229.5054005,192.5788297,275.3015571,3.270247866,4.320249273,6.671590644,0,-138.9650537,104.9077675,16.29096152,-174.1100505,-89.0499304,-0.3892330384,-138.7511613,105.1778344,-56.84033238,-68.51567112,100.5143617,49.98691622,49.98684291,2618.463298,2627.781419,-29.10737439,-155.7342868,3.876628,1
2097,24,32,96,1,1,1,1,0,1,1,1,0,1,1,1,229.5813786,197.8345783,269.854262,53.40401533,24.9271874,51.31045992,234.6157797,193.5357516,271.1247648,53.1634863,20.44360115,52.18256208,34.49011012,0.4380055015,-34.92793269,-34.54332576,-0.4912835781,35.03479603,229.3093499,197.3235802,269.7609706,14.59069267,17.07068259,9.696647249,233.4313054,193.1841372,269.8644818,12.62373262,9.89390599,12.95728281,0,-140.1036016,104.1149101,56.6011935,-150.1265851,-23.51474125,-0.96674802,-141.0149626,105.1496139,-76.16503369,22.83468864,140.6327284,49.98292911,49.98244889,3367.014613,3493.15829,39.15407318,0.9654712853,3.8854977,1
2098,24,32,96,1,1,1,1,0,1,1,1,1,0,1,1,227.8248144,195.8940213,273.0954635,8.162972366,8.669856023,3.73675698,230.081411,195.6478881,272.5851063,9.720989769,5.111416909,5.099093542,6.22104092,-5.097606876,-1.12343436,-6.142390368,5.018704362,1.123691912,227.8022367,195.879407,273.1042901,5.129628118,6.974110882,3.377185563,230.0681896,195.6471968,272.5946972,7.425759783,0.6303258767,4.842136221,0,-138.8667544,104.1990825,35.86725561,-134.9869034,30.58968248,-0.01728697072,-139.1441213,104.4961011,-24.10558418,168.2960663,146.2881691,49.98697979,49.98697497,2608.345169,2600.636704,-36.46043296,-176.6237434,3.9303624,1
2099,24,32,96,1,1,1,1,0,1,1,1,1,1,0,1,332.9166437,303.2725714,302.6970349,19.18080672,20.66746995,14.42142178,334.5530933,304.2669094,305.4597024,15.79353263,19.04121006,15.42118936,9.686077241,-11.16919469,1.484589539,-1.332704392,5.934660758,-4.600441809,265.2457481,241.5315378,204.240363,7.595579417,2.969630225,3.143972197,267.5820701,243.3131228,206.1014087,7.258217025,6.399324558,5.452542823,0,-159.0090621,101.8482748,30.07095334,-137.5797227,-145.8185593,-0.07378084257,-158.8091743,101.881236,-31.96178867,-168.8323256,69.59818314,49.96599843,49.98120364,5538.569201,5070.178747,519.6105467,-30.06253196,3.7666232,1
2100,24,32,96,1,1,1,1,0,1,1,1,1,1,1,0,225.0914441,196.5706339,275.2565254,32.70320942,28.33461928,5.492992663,225.9449024,197.0873883,275.3940628,32.56068272,28.25440618,5.493560059,30.4878162,-26.93169016,-3.5561371,-30.38882092,26.84056439,3.548253418,224.96797,196.4153941,275.1618854,5.505678327,3.638950117,2.284357884,225.7995829,196.931467,275.3020641,5.275728159,3.735961501,2.301866408,0,-137.7522556,103.3969875,-1.814723319,-140.963115,103.8575306,0.100416344,-137.6618976,103.4079633,1.609607977,-134.823633,102.8436391,49.98580753,49.98580354,2840.391479,2835.791187,-31.60019522,-166.3684808,3.864476,1
2101,24,32,96,1,1,1,1,1,0,1,1,1,1,1,1,227.8076044,195.6729709,273.2775454,7.790012976,8.132894449,3.689912345,229.9779008,195.4663382,272.7968397,9.306046173,4.460869782,4.982462095,-5.774554695,4.41765375,1.356928626,5.706446423,-4.349660972,-1.356758683,227.7870364,195.6620456,273.2860961,5.098548724,6.793301787,3.229320755,229.9649214,195.4658073,272.8065104,7.260132703,0.7174272837,4.651954762,0,-138.8169275,104.2582439,33.49531905,-135.1909423,33.15847202,-0.01069121717,-139.0749601,104.53786,-23.03670109,-178.6043313,145.3946431,49.98699307,49.98699504,2604.769694,2597.505887,-36.62016425,-173.7141969,3.8734325,1
2102,24,32,96,1,1,1,1,1,0,0,1,1,1,1,1,228.7277181,193.9886869,273.7953308,9.911873754,13.97301186,11.51952341,229.4201163,192.722332,275.4296188,4.120883824,12.8824098,13.16584905,1.729777312,-9.971760696,8.242009959,-1.733448276,10.01875506,-8.285299291,228.7109024,193.9835819,273.7904367,9.558220157,7.029446077,2.101750348,229.3974608,192.6401817,275.3583438,3.170767383,4.35524747,6.616113457,0,-138.9406938,104.883036,15.67457531,-174.5185678,-91.40507387,-0.3865005064,-138.7164459,105.1430848,-56.30702538,-69.53636324,99.81937831,49.98683907,49.98684159,2633.907083,2629.381421,-27.52079163,-158.0648745,4.1694152,1
2103,24,32,96,1,1,1,1,1,0,1,0,1,1,1,1,228.7193028,200.613904,269.7408172,53.36729758,54.99569563,23.53163897,227.2590614,195.3819386,275.1456673,50.65435666,54.09601408,26.07094464,-35.65780576,36.53486384,-0.8771701808,35.26720736,-36.21103179,0.943688451,227.5123551,198.9247118,269.4488937,16.57060711,14.19448208,11.63637221,227.1938069,194.8995662,274.6769419,7.205127204,13.03687542,16.015631,0,-139.850407,103.0191449,18.5103649,154.4753593,-93.92332815,-1.112889113,-138.8530684,103.7006656,-131.9027492,-56.6657226,90.87561705,49.98226427,49.98292171,3528.809349,3340.430706,139.7751235,-111.9207434,3.981204,1
2104,24,32,96,1,1,1,1,1,0,1,1,0,1,1,1,227.8260478,195.8910451,273.0929938,8.154805403,8.661967467,3.735490609,230.0832284,195.6435144,272.580323,9.7101634,5.091340623,5.094784397,-6.207320315,5.07891677,1.128418644,6.129535313,-5.002153949,-1.127355816,227.8035468,195.8765994,273.101848,5.134850575,6.979512556,3.376284883,230.0700113,195.6428322,272.5899282,7.423843153,0.6309067141,4.837962656,0,-138.8675499,104.1999222,35.87504392,-134.9530578,30.6608694,-0.01795258507,-139.1463367,104.4967573,-24.14319945,167.6630386,146.3010531,49.98698415,49.98697075,2607.249293,2601.681655,-37.26548673,-175.8007997,3.9300391,1
2105,24,32,96,1,1,1,1,1,0,1,1,1,0,1,1,229.2364617,196.7064637,271.5090633,26.26388043,12.74716589,25.74724532,232.1211954,195.4166063,270.7572418,26.48925337,7.865020806,26.13577076,-17.75709466,-0.5669442511,18.32545171,17.80198314,0.5861162151,-18.38664114,229.1790825,196.6028797,271.4886097,7.337741155,10.4164366,4.874312246,231.7966639,195.3100332,270.4119417,7.588269239,3.0687939,6.290201247,0,-139.564893,104.2814332,43.16631188,-138.421077,20.38328322,-0.2001698827,-140.1393006,104.7255973,-41.78290782,45.18144807,154.8317241,49.98646916,49.98547225,2687.7724,2829.343366,-62.29581941,-110.18334,3.897662,1
2106,24,32,96,1,1,1,1,1,0,1,1,1,1,0,1,225.0844854,196.5715335,275.2505728,32.75344789,28.38142051,5.48744661,225.9391635,197.086077,275.3885154,32.61002918,28.30029919,5.486229323,-30.53290842,26.97270026,3.560243355,30.43394483,-26.88268468,-3.551224295,224.9626789,196.4148484,275.1575233,5.50696811,3.641026521,2.286234459,225.7935539,196.9298382,275.2966095,5.274434074,3.734274655,2.299856066,0,-137.7520018,103.395148,-1.858941407,-141.0228999,103.7731363,0.1004686284,-137.6617158,103.4061592,1.656513804,-134.7619154,102.9230184,49.98579977,49.9858048,2843.249795,2834.684295,-31.31528324,-166.6638943,3.7847461,1
2107,24,32,96,1,1,1,1,1,0,1,1,1,1,1,0,332.9016674,302.3406238,300.4730062,25.13855601,29.15507804,22.36972378,334.1270941,302.7785915,299.8055979,24.10905435,28.57746926,22.33040632,-5.331960288,4.533834781,0.8120290017,-2.77284384,0.5525779882,2.235481402,268.7368027,242.8541312,203.0084506,7.293117463,4.567204061,1.679280623,270.1016117,243.4900368,202.8147398,5.816085247,4.615892682,2.383020122,0,-159.7640316,102.6108018,9.393353273,-152.4234069,143.5722792,0.05645724223,-159.8198357,102.6827839,-12.1308181,-167.323441,75.07272592,49.95755834,49.98868667,5855.781884,4872.283855,283.2123912,252.9919058,3.726537,1
2255,24,32,24,1,1,1,1,1,1,1,1,1,1,1,1,216.1244066,241.5838966,231.2273626,5.224721582,4.401948078,5.654378342,216.8950272,242.2781493,232.1114153,5.14675032,4.660340621,5.424115976,0.01374238213,-0.007555164161,-0.00616770488,-0.01377628633,0.007317832776,0.006482676847,216.1214346,241.5847441,231.2283743,5.224400469,4.401689179,5.65419307,216.8920348,242.2790151,232.1124374,5.146427693,4.660107921,5.423924522,0,-120.3967555,125.193339,-3.550551428,-122.0488851,124.2657043,0.1181062197,-120.3098682,125.2874478,3.333612892,-119.0320791,125.8736847,49.98250132,49.98250315,3504.699345,3494.196294,111.4149863,-110.3654117,3.8986445,1
2256,24,32,24,1,1,1,1,1,1,0,1,1,1,1,1,215.9544772,241.1693376,231.8804421,9.03853167,10.50821968,6.825536394,216.7287781,240.3208584,234.4103974,4.023901127,9.789726361,11.36963696,1.794382279,-7.886049376,6.091695261,-1.771039449,7.924201053,-6.153133055,215.9504608,241.1693149,231.8791477,8.721759721,6.778895527,2.452844557,216.7234125,240.3032676,234.3916292,3.26051543,5.547265765,9.376689381,0,-120.0883826,125.3551665,16.8093826,-158.0105388,165.1042134,-0.3637048933,-119.7945012,125.6261412,-52.10819187,-71.56450742,115.665928,49.98236904,49.98236931,3530.038406,3522.02423,105.3996444,-114.6306909,3.8313018,1
2257,24,32,24,1,1,1,1,1,1,1,0,1,1,1,1,215.9545759,241.1684062,231.8800974,9.036768495,10.51479748,6.82396026,216.7308299,240.3175437,234.4055009,4.029914747,9.781959375,11.36547702,-1.795394993,7.881926301,-6.086504037,1.772105181,-7.920606009,6.14852867,215.9505438,241.1683907,231.878796,8.718852717,6.790866734,2.445385612,216.7254145,240.2998241,234.3865718,3.264994134,5.535678032,9.370682913,0,-120.0884564,125.355332,16.83355316,-157.9194574,164.7711714,-0.3634563631,-119.795629,125.6269302,-52.08314104,-71.44804051,115.7574141,49.98236548,49.98237252,3530.809731,3521.351572,105.2907484,-114.5077203,3.8187601,1
2258,24,32,24,1,1,1,1,1,1,1,1,0,1,1,1,216.7774829,241.3898003,230.9325054,6.367116547,8.085556275,10.90976444,219.0173331,242.2335058,230.3313283,11.04509781,4.118791647,9.908909256,5.963027396,1.681528322,-7.644538553,-6.02400315,-1.664352536,7.688370449,216.7724687,241.3893567,230.9326468,1.476906914,7.767366793,7.647337965,218.9947515,242.2317764,230.3146049,9.104144644,3.459047565,6.081708414,0,-120.6119619,125.2699986,26.60416855,-98.78998878,93.26193083,0.3681759957,-120.9435492,125.5830357,-4.192783974,-178.3267665,166.8059377,49.98237403,49.98239063,3528.694816,3518.195687,101.9129099,-119.3360317,3.8125867,1
2259,24,32,24,1,1,1,1,1,1,1,1,1,0,1,1,216.7769616,241.3820387,230.9392441,6.406117003,8.085646656,10.93250512,219.0209861,242.2276746,230.3407349,11.07353365,4.120535023,9.939911035,-5.999707521,-1.680409516,7.680139867,6.060768849,1.662565896,-7.723315418,216.7719078,241.3815807,230.9393906,1.474712378,7.768372961,7.642125971,218.9981898,242.2260084,230.3239567,9.110578276,3.463041094,6.084755468,0,-120.6086074,125.2728092,26.94511937,-98.7542827,93.25469498,0.3681654664,-120.9403771,125.5861107,-4.232916361,-178.3566072,166.7631686,49.98238444,49.98237838,3527.140948,3520.218526,101.4701608,-118.8885171,3.8022752,1
2260,24,32,24,1,1,1,1,1,1,1,1,1,1,0,1,215.6417591,242.3876712,230.9338997,11.62474383,6.928232269,9.732359193,214.7415993,244.6446542,231.7822024,10.39638533,11.28032167,4.295459007,-8.359305371,6.551735235,1.807591939,8.400734038,-6.611619663,-1.789095421,215.6384179,242.3852943,230.9336869,7.877071127,0.9437570782,9.4222013,214.7173137,244.6215801,231.7802204,5.858164001,8.906131477,3.543621168,0,-120.4944922,124.9186252,-34.54961051,-45.52587897,142.301382,0.3290671024,-120.1677964,124.5412118,49.39090532,-126.3614142,70.83035639,49.98238018,49.98237965,3528.256961,3519.41831,103.9557355,-115.0029396,3.7842235,1
2261,24,32,24,1,1,1,1,1,1,1,1,1,1,1,0,215.644954,242.3808199,230.9366508,11.59004905,6.888358997,9.729339338,214.7488314,244.644494,231.7840296,10.3741096,11.26336532,4.297744417,8.327174058,-6.51495463,-1.812200099,-8.368631239,6.574260036,1.794385111,215.6416057,242.3784477,230.936433,7.864217319,0.9505414277,9.418210139,214.7246234,244.6215692,231.7820274,5.87037335,8.916625474,3.544089356,0,-120.493139,124.9212693,-34.62726949,-44.80820379,142.2986972,0.3313570196,-120.1661838,124.5444866,49.27667226,-126.4146835,70.9004546,49.98238202,49.98237944,3528.058461,3519.354548,104.3739311,-115.4173424,3.8505675,1
2262,24,32,24,0,1,1,1,1,1,1,1,1,1,1,1,215.7764409,239.8964048,233.3728553,4.076562692,9.306730626,11.09650315,216.7136894,241.9519562,232.6480304,9.04565089,9.834524637,6.553335661,-1.739199305,7.46422738,-5.725013722,1.752141591,-7.381071812,5.628948915,215.7714009,239.879983,233.3583083,3.387345389,5.41370777,9.336669458,216.7093604,241.9517158,232.6474969,8.757296356,6.376264099,2.855134233,0,-119.39695,125.9087411,-53.62223699,-75.29498808,113.3266657,0.5716192929,-119.5407635,125.8740164,18.1553481,-155.8783383,170.1511733,49.9823759,49.982384,3529.394312,3518.477081,109.6466642,-113.4413389,3.8903656,1
2263,24,32,24,0,1,1,1,1,1,0,1,1,1,1,1,223.308764,394.6761002,287.6727813,12.67161249,21.37149888,22.52511451,228.5434349,396.4569967,291.2536616,15.7587061,18.52222586,23.02288995,1.222603601,17.49386776,-18.7169741,-7.182099173,-8.186146978,15.36780899,149.7204665,290.659761,248.8773486,4.037979165,5.873724174,6.266257557,152.7567423,295.3402388,253.667819,8.583374055,13.56551627,13.82134175,0,-113.9504326,107.8477702,95.30933307,-10.58673329,-159.0263467,0.1713554399,-113.7786286,107.9906437,-27.95946808,-138.8757251,80.88676162,49.96426838,49.97304084,6408.960717,6151.222704,719.7882645,-439.2813262,3.7054862,1
2264,24,32,24,0,1,1,1,1,1,1,0,1,1,1,1,216.1594482,237.7238494,235.1792438,8.125295694,29.3690164,24.17550992,217.0496717,238.2769362,236.10251,8.103297621,29.22333879,24.16123223,-5.412112832,27.55172766,-22.13961261,5.39873533,-27.46648422,22.06774296,216.0703125,237.6372287,235.0817289,5.182828056,4.650516404,5.504972706,216.9517949,238.1885949,235.9927973,5.168845223,4.270424074,5.767812483,0,-118.5526295,126.73079,-0.02407150434,-121.4741857,123.944459,0.09610484008,-118.4828067,126.8570917,-0.2531746629,-115.5980561,129.1358368,49.98143043,49.98142543,3717.415928,3710.973164,143.1846605,-76.19255322,3.8828126,1
2265,24,32,24,0,1,1,1,1,1,1,1,0,1,1,1,212.3110164,240.3637194,237.7199279,29.38892854,65.46221146,67.99324666,220.6453294,238.4231595,233.0499898,35.04909241,63.16049503,67.63738252,0.9105977433,43.71091218,-44.6215263,-1.01618426,-43.24209663,44.25828027,211.884194,238.2735855,235.9451267,13.54703,18.26607291,17.12691558,219.7618217,238.2621207,232.4513155,23.06049608,11.1462513,18.74951172,0,-117.6284202,126.242186,151.6653407,-90.56872859,46.54980033,0.9948276682,-119.0423266,127.7330134,-16.04715741,111.3027382,-169.5198171,49.97539404,49.97576206,4901.986531,4748.886051,392.8162646,3.680591975,3.7455388,1
2266,24,32,24,0,1,1,1,1,1,1,1,1,0,1,1,217.0291982,240.7557326,231.3685981,7.597202909,8.286138328,11.74669734,219.4027497,241.5751748,230.7022765,12.04318984,4.002669088,10.8783472,-7.218591726,-1.380369979,8.59899175,7.291020364,1.373517586,-8.664512617,217.0210424,240.7541556,231.3659924,1.335684543,8.040070103,7.776764668,219.3641828,241.5727293,230.6727323,9.380003181,3.465097042,6.307882642,0,-120.4301596,125.5187763,36.88191093,-98.21663066,91.63562532,0.3780673451,-120.791827,125.8547296,-4.922116515,176.9077024,168.691642,49.9823392,49.9823488,3534.1993,3528.531756,100.5070542,-118.596186,3.8277066,1
2267,24,32,24,0,1,1,1,1,1,1,1,1,1,0,1,211.5432051,243.0082583,234.1709851,67.50076533,72.35018999,37.36547005,215.5021875,250.3398876,227.0435099,69.66522029,72.52202545,31.47525466,-46.25941821,47.42940468,-1.169859881,46.48586469,-47.48764908,1.001912032,211.3696182,242.2697413,233.341485,11.84347255,18.49181867,24.10922995,212.9935684,248.2198634,226.5821567,19.82217463,17.93568837,14.35053618,0,-118.9693358,124.8637753,-128.5125356,-47.3078082,103.1516117,1.883542542,-120.1721158,124.2644883,28.11969145,161.7825489,-93.05548551,49.97480827,49.9746163,4956.217081,5041.798547,272.5189401,189.4874377,3.9028867,1
2268,24,32,24,0,1,1,1,1,1,1,1,1,1,1,0,213.9951665,240.9997623,233.8875055,3.75858453,12.28008037,13.83702679,215.0049699,243.2457544,232.9903245,9.482004248,12.84700765,10.14784778,-1.17455006,9.713562291,-8.538834678,1.162894981,-9.55675371,8.39402701,213.9482985,240.9122492,233.7609725,3.270107275,5.642349593,9.594551968,214.9695052,243.2214834,232.9304806,9.303783469,7.029923207,2.652157525,0,-119.0688882,125.5144635,-64.26295362,-68.30415241,113.4914826,0.6385239391,-119.2360584,125.4653056,18.49419804,-157.7579155,173.0239281,49.98256259,49.98199927,3502.492023,3588.950332,116.0040427,-112.3601963,3.8434952,1
2269,24,32,24,1,0,1,1,1,1,1,1,1,1,1,1,215.7803204,239.8890299,233.3753736,4.083122833,9.279978636,11.06474867,216.7170986,241.9404718,232.6556762,9.036288309,9.830628365,6.519586329,1.749500253,-7.444192973,5.694739979,-1.762180486,7.360455791,-5.598229466,215.7752919,239.872592,233.3608684,3.387391427,5.395836582,9.318306829,216.7127538,241.9402429,232.6551504,8.744632901,6.39400391,2.839881989,0,-119.3959384,125.9108379,-53.39401188,-75.13137102,113.5175623,0.569643397,-119.5394928,125.8759956,18.12666595,-155.7434828,169.5016515,49.98239121,49.98236887,3526.869994,3521.021274,109.312485,-112.9949117,3.895268,1
2270,24,32,24,1,0,1,1,1,1,0,1,1,1,1,1,216.1644896,237.7210364,235.1611297,8.125990005,29.30290666,24.10462634,217.0553492,238.282824,236.104463,8.104391893,29.16498609,24.10404235,5.412614969,-27.49281129,22.08018765,-5.399148841,27.40772841,-22.0085881,216.0748018,237.6345372,235.0642462,5.182591131,4.6266723,5.47671601,216.956942,238.194144,235.9949069,5.169315685,4.296032505,5.794113318,0,-118.5585788,126.7296301,-0.004346781585,-121.7017714,124.0995606,0.09601081447,-118.4846412,126.8559229,-0.2729246381,-115.3961143,128.9628882,49.981437,49.98142655,3717.401956,3709.59846,144.9563306,-78.14287691,3.8236325,1
2271,24,32,24,1,0,1,1,1,1,1,0,1,1,1,1,221.9212699,394.4317883,287.4552249,14.29023406,21.66393141,22.89478946,227.649812,396.2315256,291.2334225,17.26708568,18.65191167,23.55654422,-1.654720401,-17.64021109,19.29527183,7.582439795,8.343953295,-15.92594782,148.9153702,290.6650217,248.7466332,4.64413599,5.938311927,6.099259575,152.2350588,295.3458047,253.7287799,9.157614769,13.47209865,14.16293038,0,-113.9148316,107.691787,99.31515938,-12.19383254,-154.4611883,0.11202526,-113.7566647,107.8763552,-30.06619681,-139.4986271,82.40942355,49.96202551,49.97534399,6428.691655,6127.973444,745.503127,-464.3431167,3.7197932,1
2272,24,32,24,1,0,1,1,1,1,1,1,0,1,1,1,217.026928,240.7773937,231.3570756,7.496233369,8.283524728,11.7108025,219.3616155,241.596724,230.6668675,11.92215081,3.988396074,10.76033282,7.142924253,1.381240562,-8.524146369,-7.214927942,-1.374667498,8.589608848,217.0190509,240.7759581,231.3546755,1.355029556,8.039508273,7.834412994,219.3240826,241.5943743,230.6380776,9.310165601,3.453679036,6.244218855,0,-120.4364098,125.511716,33.26767225,-98.3073102,92.00437978,0.3798407801,-120.7968459,125.8414859,-4.599022951,176.9409523,169.0949916,49.98234978,49.9823423,3534.780209,3526.594634,98.97565009,-117.1070752,3.7950051,1
2273,24,32,24,1,0,1,1,1,1,1,1,1,0,1,1,212.1060863,240.2998161,237.8875884,30.23899407,67.38633661,69.91912725,220.5700629,238.1604002,232.9412969,35.82896789,65.0474564,69.52145812,-0.8787283609,-44.91033402,45.78904855,0.9893913392,44.42786301,-45.41726632,211.6470648,238.0878733,236.0232385,13.82646221,18.76785286,17.50705699,219.640925,237.9922167,232.3099242,23.30302421,11.5907119,19.05986505,0,-117.5297355,126.2743248,151.2626686,-90.7241933,46.57970712,1.021779887,-118.9928669,127.8001326,-16.4274498,110.0766531,-168.8137851,49.9750871,49.9750608,4981.152983,4960.567137,410.3124805,50.64477306,3.826832,1
2274,24,32,24,1,0,1,1,1,1,1,1,1,1,0,1,213.8400119,241.2743465,233.7860625,3.593709651,13.14013045,14.65001009,214.9279325,243.5803647,232.8969352,9.784808393,13.53465327,11.35063397,0.8658565485,-10.22299161,9.355618802,-0.8643215728,10.05879308,-9.195988421,213.8060962,241.1878732,233.6724741,3.21167764,5.692347507,9.586372427,214.9006384,243.5529518,232.8458474,9.652588195,6.815321033,3.159566091,0,-119.0995079,125.4429894,-70.46558859,-70.57790315,110.0492392,0.677820988,-119.2511114,125.4232845,18.32489506,-158.0882979,177.8219545,49.98235803,49.98215422,3522.9682,3585.905345,146.3386786,-142.195966,3.8610861,1
2275,24,32,24,1,0,1,1,1,1,1,1,1,1,1,0,211.5516428,243.0194535,234.2843974,67.14785179,72.01532036,37.28687559,215.4638309,250.2433631,227.0473317,69.30547148,72.17424461,31.33981267,46.04792768,-47.21396776,1.166394175,-46.27138901,47.26575907,-0.9940122598,211.3786015,242.2661208,233.4423032,11.75363855,18.57684697,24.19565613,212.982684,248.1371953,226.5920664,19.71677177,17.9839191,14.40261054,0,-118.9401302,124.8765841,-128.2324366,-47.45138133,103.4065718,1.872466166,-120.164427,124.2757882,28.16705477,161.519677,-92.5648014,49.97491535,49.97456199,4919.479246,5062.358249,255.9401097,203.0009266,3.8731212,1
2276,24,32,24,1,1,0,1,1,1,1,1,1,1,1,1,218.1206682,241.4813594,229.6304997,10.76536065,4.053914072,9.527758141,217.5112929,242.0394217,231.9024391,6.051210501,8.147383656,10.19312129,-5.644115434,-1.581831418,7.225961764,5.541385758,1.587353807,-7.128723272,218.1011222,241.4800884,229.616831,9.044208612,3.460125045,6.082865845,217.5064121,242.0391917,231.9027288,1.927778791,7.870041184,7.1785482,0,-121.2470914,125.2186388,-8.145019616,179.4072508,162.1245635,-0.1167970858,-120.7659731,125.1041704,39.95595936,-98.99312351,94.3227746,49.98240225,49.98238947,3524.330238,3517.145097,100.2923754,-119.8670064,3.8441958,1
2277,24,32,24,1,1,0,1,1,1,0,1,1,1,1,1,219.6739482,238.2928501,232.4991258,30.85524498,55.83344354,59.69518089,214.023595,240.726212,238.1836164,24.78357941,57.60547288,59.58354839,-0.6189177368,-38.52499389,39.14387886,0.4986421715,38.6934606,-39.19213057,219.0359573,238.1776236,232.0410021,21.24186624,9.67988838,16.38814439,213.6859899,239.1230821,236.6790218,11.52294362,16.30387808,14.80811156,0,-120.1239825,126.5036623,-15.75657877,117.7616708,-172.3118604,-0.6664080294,-118.7500003,125.4509957,150.4893057,-89.72985102,49.34424994,49.97853252,49.97603296,4111.669871,4714.039866,117.7895408,104.7537825,3.9773,1
2278,24,32,24,1,1,0,1,1,1,1,0,1,1,1,1,218.5838786,240.5644069,230.09359,12.07356129,3.864207002,10.82539837,217.8739883,241.1627761,232.5143183,7.83067788,8.448025804,11.48202183,-7.429265253,-1.160332111,8.589637446,7.296375738,1.153627804,-8.449960937,218.5417837,240.5614783,230.0618446,9.262404173,3.445463224,6.234911538,217.8639546,241.1604568,232.5102818,1.854304017,8.267968516,7.473062388,0,-121.056526,125.562521,-8.542035513,172.4707023,165.676873,-0.1325255059,-120.5346442,125.4288716,45.87309378,-98.54816935,92.73595972,49.98234657,49.98233415,3534.49095,3529.547348,107.0469889,-127.617886,3.8794658,1
2279,24,32,24,1,1,0,1,1,1,1,1,0,1,1,1,293.3481216,257.9111431,362.3484094,27.86627267,20.41974547,24.6629469,294.7585632,259.9011265,363.9654222,27.28362919,20.62409093,23.16231114,-5.527802456,-1.447463812,6.975096702,0.9283505523,-4.109128892,3.180640904,248.8341881,174.9075698,277.5474571,5.400684146,2.932238276,7.498312901,250.2441072,176.2531346,279.1580625,6.565797995,4.697899831,6.241440158,0,-102.2758586,147.6217259,4.978805483,-62.78643942,160.5585081,0.05991990292,-102.2875515,147.5543332,-4.360279995,-125.8290244,131.6122969,49.95101463,49.9822291,7158.751624,6172.481441,313.2862025,109.5530848,3.764276,1
2280,24,32,24,1,1,0,1,1,1,1,1,1,0,1,1,219.8661056,242.0669942,227.4587729,25.98025536,7.503910237,31.28923594,220.7366408,242.7671558,228.2783376,25.94308263,7.483712622,31.12690129,-24.05509274,-5.094156694,29.14925063,23.96158701,5.076593979,-29.03818158,219.7401739,241.9743436,227.3648006,5.123498703,4.540813814,5.5849675,220.599745,242.6710204,228.1722023,5.414537689,4.532757016,5.31812069,0,-122.3610061,124.9708263,-2.897535566,-122.2968218,122.1827594,0.1270186108,-122.2935425,125.0763773,2.48882027,-122.6394385,127.6153245,49.98132493,49.9813152,3738.132304,3733.018128,126.4773679,-95.61089694,3.8398384,1
2281,24,32,24,1,1,0,1,1,1,1,1,1,1,0,1,223.3578382,237.3802484,230.4679158,68.97022774,30.44363469,66.3346895,217.7149999,245.4646451,228.1558508,68.22901962,35.29938089,63.34866891,-45.33250512,1.284294447,44.04820456,44.90794938,-1.418846112,-43.48910099,221.2835198,236.947368,228.449161,17.72803715,14.07442301,19.79896817,217.0245036,244.6197965,228.0314086,18.19182918,22.40964037,10.50340487,0,-121.5540272,126.6497593,-75.27953679,31.32049037,148.1650479,1.475746695,-120.6561993,125.1813367,70.74860495,-138.0673548,-8.675716086,49.9753634,49.97533232,4924.272556,4900.829765,384.4852156,29.9227868,3.8509484,1
2282,24,32,24,1,1,0,1,1,1,1,1,1,1,1,0,215.9268129,242.5975529,230.4837819,12.29456303,7.882518652,9.881967437,214.9643421,244.9389647,231.3026663,11.13440318,12.03101156,4.165788147,9.080117067,-7.499242014,-1.580861171,-9.140351254,7.565906933,1.574461439,215.9209302,242.5928167,230.4828486,8.019163997,0.9857320576,9.62067441,214.9283942,244.9027644,231.3001671,6.011940911,9.083779852,3.500691387,0,-120.7215684,124.8336838,-35.68818695,-35.50029554,142.3744013,0.3440303783,-120.3872106,124.4339344,50.79754779,-126.9187239,67.22611105,49.98235738,49.98235795,3533.272982,3523.398603,101.7473436,-115.6213754,3.8799855,1
2283,24,32,24,1,1,1,0,1,1,1,1,1,1,1,1,218.1131301,241.485258,229.6295256,10.7349492,4.047402019,9.501710541,217.50863,242.0422121,231.9012157,6.029244822,8.150217889,10.1783005,5.630048825,1.578589877,-7.208614011,-5.527794993,-1.584974463,7.112794908,218.0938838,241.4840001,229.6161388,9.02670022,3.455008471,6.070418265,217.5037774,242.041973,231.9015086,1.942872111,7.873924726,7.18030664,0,-121.2465896,125.2165281,-8.175663087,179.3569424,162.0932743,-0.1164098552,-120.7658792,125.1033068,39.67309071,-99.02667661,94.42217092,49.98239621,49.98239605,3525.704993,3515.639651,101.5197024,-121.1320416,3.8656148,1
2284,24,32,24,1,1,1,0,1,1,0,1,1,1,1,1,218.6717411,240.5437399,230.1592441,12.32885364,3.929884697,11.0794897,217.8949113,241.1337631,232.5045639,8.042469696,8.416214953,11.55717591,7.528653643,1.212181641,-8.740816975,-7.39383516,-1.205361876,8.59921799,218.625428,240.5400157,230.1241102,9.403670916,3.462344863,6.372019335,217.8831075,241.1307878,232.4995114,1.826537874,8.212008019,7.338604378,0,-121.0493336,125.5868863,-8.888104737,173.3855542,164.7864649,-0.1268345703,-120.5311608,125.4435052,50.44808162,-98.43227548,91.97999175,49.98237699,49.98229449,3535.651509,3530.3987,99.75281523,-120.141594,3.8427699,1
2285,24,32,24,1,1,1,0,1,1,1,0,1,1,1,1,219.7732796,237.1611399,232.4083691,36.15851603,65.63060693,70.1958929,213.0102609,240.5794541,239.2618367,30.33636633,67.54653418,70.07442597,1.01354796,44.77382497,-45.78737998,-0.8615197874,-44.9715541,45.83306459,218.8883654,237.0127821,231.7526463,23.53178315,11.86564131,18.88714499,212.5144144,238.3924116,237.2623422,13.98002346,18.8719558,17.13493483,0,-120.0096582,126.7381961,-18.16355164,109.9786742,-170.1991952,-0.7993980241,-118.3849684,125.4251688,148.8543864,-91.00041044,45.59165651,49.97505522,49.97496367,4973.415042,4990.341473,265.0029488,182.7820653,3.835634,1
2286,24,32,24,1,1,1,0,1,1,1,1,0,1,1,1,219.8709634,242.0639015,227.4656503,25.95361055,7.503873282,31.26446171,220.7315808,242.7653143,228.2810565,25.9085406,7.4831752,31.09474297,24.02527178,5.093978504,-29.11924897,-23.9319479,-5.076311072,29.00826329,219.7450396,241.9705566,227.3713259,5.143783114,4.541177913,5.60600465,220.5951097,242.6693337,228.1751604,5.395453501,4.532285664,5.296507813,0,-122.359315,124.9733006,-3.014023911,-122.2874871,122.2910171,0.1270142584,-122.2915871,125.07651,2.619188735,-122.6452251,127.5260883,49.98132975,49.98131822,3738.24401,3731.555919,125.640745,-94.95605947,3.7763906,1
2287,24,32,24,1,1,1,0,1,1,1,1,1,0,1,1,293.2099014,257.4571949,362.3975119,21.48955037,13.28148506,20.64851695,295.6074274,261.7981572,364.5197579,20.6723613,15.84103404,17.34123338,16.38327584,-1.025787828,-15.3582513,-11.67172466,6.64631832,5.02482545,247.3201189,174.4292904,274.1550087,4.764825514,3.440743729,6.47665123,250.9615485,177.0849657,278.1861886,11.33105919,7.756516608,12.35595184,0,-103.090044,147.3483229,71.63274002,-6.502674156,-144.3780959,0.1778274544,-102.9643733,147.393263,-23.5800124,-129.2655368,118.0957758,49.96149758,49.97236689,6724.836771,6542.397085,684.7420277,-287.207944,3.7185962,1
2288,24,32,24,1,1,1,0,1,1,1,1,1,1,0,1,215.947606,242.6067561,230.4777167,12.312758,7.940425899,9.894865224,214.989674,244.9649805,231.2952277,11.17552691,12.08603118,4.154624464,-9.087098835,7.519404319,1.567749707,9.14764184,-7.587072953,-1.56051364,215.9416386,242.6018483,230.4767574,8.006600952,1.01663145,9.638509743,214.9530504,244.9279613,231.2926975,6.033519821,9.108773404,3.500166813,0,-120.7288942,124.8326054,-35.83194665,-34.17410915,142.3982034,0.3464106976,-120.3952745,124.4308879,50.68334419,-127.1145192,66.9203434,49.98236865,49.98234484,3529.361912,3528.037736,100.1173956,-114.1104276,3.8037133,1
2289,24,32,24,1,1,1,0,1,1,1,1,1,1,1,0,223.1195495,237.65515,230.4070986,67.0460666,29.57752555,64.4002225,217.7967112,245.5764867,228.3717915,66.37036222,34.49738883,61.49039781,44.24890273,-1.336815715,-42.9120898,-43.83273163,1.466687152,42.36602593,221.1449826,237.2401627,228.4814591,17.11712853,13.82091525,19.10330952,217.1425984,244.7771197,228.2506881,17.756351,22.1811302,9.930355784,0,-121.5564155,126.5641045,-75.68633166,31.574794,148.5641183,1.439467573,-120.6662193,125.1578407,69.32738373,-137.7869737,-6.326743137,49.97570904,49.97595239,4828.394679,4717.787541,368.4143232,-13.65966494,3.8295828,1
2290,24,32,24,1,1,1,1,0,1,1,1,1,1,1,1,213.9757246,244.0439346,230.7976831,10.24914847,11.06554371,4.382883626,216.3793676,243.1317817,231.8019624,11.19355072,6.899351908,9.650328918,8.376564316,-6.525544236,-1.851006242,-8.273683679,6.425476051,1.848219479,213.9534253,244.0200612,230.7956569,5.645880336,8.692711442,3.610212002,216.3761057,243.1289833,231.8020842,7.339825413,1.448079434,9.328974017,0,-120.5115342,124.2435341,43.73861759,-129.5936791,71.32850881,-0.1142651999,-120.6496667,124.8102319,-32.40254151,-52.82335179,142.234037,49.98240136,49.9823737,3525.580716,3519.376988,106.3373453,-116.5687373,3.8435568,1
2291,24,32,24,1,1,1,1,0,1,0,1,1,1,1,1,214.6779692,248.9443038,227.3084437,63.05367544,64.51455821,25.26864951,213.1609249,243.2949608,234.8866296,60.51727824,63.72891608,31.16654532,42.30952512,-42.22972879,-0.07985808758,-41.7973366,41.88978826,-0.0925110244,212.7869823,247.107955,226.9847023,18.05913788,16.63329699,11.1572603,213.0393075,242.7457175,234.2902129,10.0448508,16.26979767,21.11024626,0,-121.9209353,122.6966601,26.05287284,166.5950811,-91.73564372,-1.479144597,-120.8077391,123.4703163,-126.785622,-45.82212171,105.4238323,49.97554814,49.97765871,4844.156387,4243.367266,293.6443029,-23.36467553,3.9298384,1
2292,24,32,24,1,1,1,1,0,1,1,0,1,1,1,1,214.8553025,242.0399031,232.0970237,9.435848506,12.57723043,9.630640278,215.5504812,241.0429689,234.7573081,3.695710033,11.94158137,13.44722122,-1.24285492,9.613688848,-8.371326694,1.237469696,-9.689865426,8.451920059,214.8452094,242.0298909,232.0800751,9.23944796,7.106927272,2.488238355,215.5384235,240.9885501,234.6950036,3.158580256,5.791744813,9.627005347,0,-119.9368662,125.050963,17.24570578,-159.7660625,172.286981,-0.4223147921,-119.6286943,125.324755,-62.17327007,-68.28591223,114.0586588,49.98230278,49.9823059,3548.518306,3532.163835,93.54053348,-99.5941038,3.836459,1
2293,24,32,24,1,1,1,1,0,1,1,1,0,1,1,1,216.8125414,245.1158406,227.1344008,70.64160243,36.52722237,65.62016167,224.3012315,238.1535717,231.4259579,70.81893628,31.52516835,68.0700941,46.55078875,-1.521952418,-45.0287354,-46.61415404,1.374035977,45.24022816,216.0719205,244.2026456,227.0187598,18.30618093,22.93500027,10.95385173,222.0360969,237.6492887,229.2656308,17.57147971,14.5580787,20.07827021,0,-122.1968616,123.7938879,68.79771986,-140.5099291,-9.715480494,-1.299220456,-122.9448211,125.4992881,-77.41929064,28.49482656,147.3287981,49.9749902,49.97484796,4979.366899,5010.656534,256.6662029,177.8235691,3.8048615,1
2294,24,32,24,1,1,1,1,0,1,1,1,1,0,1,1,214.336912,244.5003738,230.112706,11.43667737,12.28469944,4.181794893,216.8154595,243.4436271,231.1582663,12.23378082,8.396761102,9.874053757,9.529553961,-7.996871718,-1.532598073,-9.391242104,7.87622679,1.515099067,214.2968234,244.4542427,230.10933,5.887648332,8.98308056,3.536955316,216.8078778,243.4355443,231.1567062,7.487584172,1.53235727,9.62519906,0,-120.8607972,124.0667095,45.58553604,-130.7094391,66.03410384,-0.1395321404,-121.0071039,124.6664696,-34.45691669,-42.05944358,142.2526903,49.98233561,49.98237075,3539.418022,3519.649837,107.713092,-122.0644243,3.8643073,1
2295,24,32,24,1,1,1,1,0,1,1,1,1,1,0,1,346.5982204,315.8665417,256.1269799,21.19007858,22.38435577,15.47049586,348.1614884,317.295209,259.5044507,17.81858291,21.27423967,16.75780453,10.51002012,-9.671841201,-0.8389251839,-0.1855846515,6.248009516,-6.063161394,254.6502331,272.8414282,175.7125799,7.232540609,4.297922221,3.722095176,256.8696187,274.621163,177.967073,7.04396338,6.298728802,6.944976356,0,-144.7690889,117.6079161,30.51051668,-126.8235909,171.5554313,-0.05649816655,-144.6480994,117.6320466,-31.73294348,-157.0257893,91.77538628,49.95814609,49.97723523,6588.689363,6347.708442,89.63069392,-460.76573,3.7888176,1
2296,24,32,24,1,1,1,1,0,1,1,1,1,1,1,0,211.3390619,246.2752245,230.9200618,35.21944435,29.25270635,8.686232773,212.0822617,246.9251953,231.8695441,35.03575953,29.20459977,8.642995746,32.77793648,-27.06996833,-5.707857683,-32.65750714,26.98386543,5.673751041,211.1846697,246.113738,230.8095718,5.260764025,4.491825709,5.538921285,211.9079258,246.7708601,231.7538844,4.867056474,4.752649903,5.519023328,0,-120.2956527,123.4155264,-2.859434029,-123.9412441,123.508324,0.100225003,-120.1981917,123.5106173,2.798446171,-117.0413236,123.0445426,49.98104979,49.98104966,3793.441219,3785.387949,154.3304022,-66.20352601,3.8890739,1
2297,24,32,24,1,1,1,1,1,0,1,1,1,1,1,1,213.9863414,244.0619585,230.7958388,10.28670638,11.11510959,4.383852272,216.3833611,243.1287888,231.7974047,11.19335228,6.930295019,9.653100499,-8.389031137,6.54106212,1.84798142,8.285507341,-6.441122015,-1.844378527,213.9638297,244.0377351,230.7938653,5.68212483,8.732976909,3.614541986,216.3800937,243.1259715,231.7974921,7.315765669,1.462962863,9.333055675,0,-120.5167265,124.2398231,43.57263448,-129.7562886,71.23062312,-0.1183268641,-120.655643,124.8073844,-32.64676154,-51.09606373,142.2678763,49.98239492,49.98237951,3526.815755,3518.155565,105.5720498,-115.8315885,3.7594722,1
2298,24,32,24,1,1,1,1,1,0,0,1,1,1,1,1,214.8462193,241.9498336,232.1293329,9.344935551,12.08051738,8.921393474,215.5669652,240.9981173,234.8708917,3.787988936,11.54544717,13.08311229,1.33531295,-9.542470408,8.20718243,-1.332701997,9.617693397,-8.284962775,214.8373708,241.9399545,232.1159956,9.121215512,7.015407078,2.392877886,215.5566997,240.9490483,234.8174492,3.191799699,5.941079968,9.795455061,0,-119.9127116,125.0715719,17.3095282,-160.9832304,175.5074184,-0.4141255353,-119.584675,125.3521952,-60.11842367,-69.16887899,114.1671994,49.98232793,49.98231876,3535.349818,3535.384458,107.2076248,-113.5363907,3.86743,1
2299,24,32,24,1,1,1,1,1,0,1,0,1,1,1,1,214.4229119,249.3827737,226.5086075,68.77441036,71.66461356,31.2048003,212.2884535,243.4654761,235.5021849,66.10254715,71.07071875,36.87293194,-45.86573722,46.99006385,-1.12417224,45.31313909,-46.64175564,1.328768935,212.1603713,247.2332817,226.0882237,19.6022342,18.19779157,14.1798559,212.1324359,242.6973372,234.6546519,11.367809,18.70996189,23.85981803,0,-122.1037796,122.4401541,25.31713847,159.4093413,-93.94901472,-1.646439256,-120.7298801,123.2387625,-131.5651214,-49.38412934,101.9179185,49.97484251,49.97491578,5021.312417,4940.548045,411.9968649,34.52062783,3.8687112,1
2300,24,32,24,1,1,1,1,1,0,1,1,0,1,1,1,214.3048782,244.4540963,230.1125834,11.34602099,12.19433728,4.188509586,216.8048836,243.4283196,231.154396,12.2110787,8.305592571,9.865818334,-9.467820831,7.927228203,1.54062141,9.330434575,-7.808252423,-1.522152339,214.2651755,244.4086809,230.1091206,5.837274378,8.93628283,3.539873605,216.7972482,243.4201409,231.1528658,7.546648972,1.469773813,9.615027657,0,-120.8481546,124.0754491,46.09888024,-130.2853115,66.19985865,-0.1338371036,-120.9971766,124.6745017,-34.15017272,-43.88900343,142.2642607,49.98236942,49.98233804,3530.95376,3527.488264,106.284388,-120.5442092,3.9886777,1
2301,24,32,24,1,1,1,1,1,0,1,1,1,0,1,1,216.9010761,245.2148539,227.2628291,69.4500471,36.1265685,64.35682688,224.1563868,238.3355233,231.3710837,69.58315468,31.08870034,66.76724729,-45.88952598,1.626631852,44.26283461,45.95173259,-1.481510258,-44.47027956,216.1945464,244.3238127,227.1432298,18.06177731,22.85492471,10.57566672,221.9760672,237.8403981,229.2721225,17.1746492,14.46481544,19.61924467,0,-122.1948254,123.8011025,67.70314006,-140.375776,-8.166443453,-1.281478778,-122.9377816,125.4643113,-77.90614725,28.62928908,147.6524264,49.9753447,49.97515787,4866.038711,4933.378493,226.5310228,167.2472651,3.8828756,1
2302,24,32,24,1,1,1,1,1,0,1,1,1,1,0,1,211.3369329,246.2435797,230.9289146,35.06948978,29.10335183,8.685896469,212.0887968,246.9096371,231.8770985,34.89647242,29.06332006,8.640267702,-32.65186256,26.941144,5.710822005,32.53128273,-26.85807199,-5.673100766,211.1837674,246.084768,230.8193293,5.223921781,4.466424597,5.541019158,211.9174147,246.7573764,231.7634813,4.904610636,4.773714159,5.517392241,0,-120.2879,123.4245503,-2.950257808,-123.5645071,123.5118573,0.1034335107,-120.1911951,123.5195918,2.854570566,-117.4123724,123.0588594,49.98106714,49.98106006,3790.749003,3783.829139,154.7072053,-67.13645502,3.7784779,1
2303,24,32,24,1,1,1,1,1,0,1,1,1,1,1,0,346.8389475,315.8819944,257.4347461,19.18440949,19.14032683,13.71526099,348.367698,317.8722411,260.4964415,15.57661938,18.99053809,14.94223986,-14.00654545,13.1040527,0.9044572135,3.60550935,-9.655123636,6.051772045,253.2973558,272.2538429,176.5031435,4.944346385,3.981005328,4.314626181,256.6052642,275.1457067,178.4254393,10.25904055,10.08202886,7.16251505,0,-144.3926121,117.467557,55.91348078,-67.89851073,175.0431602,0.09159182532,-144.3591713,117.530958,-23.64268945,-167.0617386,86.7837922,49.96613588,49.969413,5866.6094,7018.175673,160.4461875,-551.857071,3.7695157,1
2451,64,16,32,1,1,1,1,1,1,1,1,1,1,1,1,290.0868751,202.1760139,210.8737188,2.788159443,7.468041536,4.073294884,290.5906703,203.3025671,211.2448502,3.57869522,6.424954625,3.949975515,-0.001357598822,0.006478638,-0.005367649862,0.001334774954,-0.007668398562,0.006097060424,290.0781284,202.1804523,210.8788867,2.787459856,7.467886075,4.072784528,290.5819281,203.3070896,211.2500388,3.578120568,6.424758238,3.949433979,0,-106.8203815,104.3915325,4.88441637,-107.79283,94.60300513,0.03728073134,-106.7045377,104.5092723,-3.901260062,-106.1618996,114.2941321,49.98418343,49.98418242,3168.332471,3158.277734,-64.56697732,-249.9130142,3.8466875,1
2452,64,16,32,1,1,1,1,1,1,0,1,1,1,1,1,289.8453186,201.9808269,211.3625473,6.340353312,11.82859436,6.027214286,290.816405,201.6305472,212.5636123,4.368187469,9.811521358,9.763506591,1.43625358,-7.124198233,5.687746551,-1.429136852,7.16667142,-5.737750675,289.83602,201.9845709,211.3649368,6.026650615,9.337182288,1.589059898,290.8059858,201.6194451,212.5502407,3.901271922,6.552127786,7.806433804,0,-106.5873719,104.7153038,36.46348517,-130.9354227,24.9000385,-0.2836036237,-106.2601261,105.2217364,-67.37569159,-71.12726333,116.3229207,49.9841066,49.98409977,3183.44919,3174.922242,-78.07601149,-262.5220834,3.8514792,1
2453,64,16,32,1,1,1,1,1,1,1,0,1,1,1,1,289.8497128,201.9876913,211.3520662,6.332390613,11.8032785,5.977668889,290.8203115,201.6417479,212.5517449,4.369251646,9.778668022,9.725472857,-1.447786507,7.082404284,-5.634857843,1.44063513,-7.126788319,5.685905459,289.840443,201.991445,211.3544436,6.013807959,9.338551802,1.60198471,290.8098506,201.6307276,212.5385291,3.895583021,6.550923653,7.80016718,0,-106.5917545,104.7098885,36.43769295,-130.9326569,25.11661811,-0.2825736446,-106.2643743,105.2161049,-67.20039141,-71.12933382,116.4138021,49.98409886,49.98410843,3184.660195,3173.597476,-77.50673091,-262.9395154,3.8541824,1
2454,64,16,32,1,1,1,1,1,1,1,1,0,1,1,1,291.0844907,201.9085716,209.9488343,8.158144665,12.11754705,12.60014034,293.3090042,202.719941,208.3134824,11.4519342,4.417018298,10.80286962,7.41849497,1.925616364,-9.344334839,-7.466881743,-1.90982596,9.376479704,291.0717475,201.9116742,209.953246,2.270754155,11.82315957,8.122351702,293.2717248,202.7200294,208.2909014,8.305626594,3.53426545,4.829435657,0,-106.9126805,104.4871515,142.885432,-94.42800452,69.21630166,0.2578056431,-107.3848327,104.6933335,-9.458326916,-155.5238701,179.947726,49.9840489,49.98406209,3194.022507,3183.625362,-65.00062828,-248.1604055,3.8533149,1
2455,64,16,32,1,1,1,1,1,1,1,1,1,0,1,1,291.0857644,201.9129248,209.9476804,8.163386903,12.12587822,12.59922424,293.3134616,202.7188301,208.3085013,11.456089,4.40670722,10.80145043,-7.419852695,-1.920894484,9.340530382,7.468331419,1.902833166,-9.371387698,291.0729388,201.9160498,209.9521339,2.276303993,11.83336175,8.125121941,293.2761056,202.7189615,208.2859424,8.307586403,3.527185636,4.833327895,0,-106.9138466,104.4849115,142.7222267,-94.44223642,69.19211204,0.2573894873,-107.3870511,104.6917052,-9.515709222,-155.6475313,179.9643331,49.98405992,49.98405191,3192.969009,3184.697345,-65.53882026,-247.5976089,3.8621623,1
2456,64,16,32,1,1,1,1,1,1,1,1,1,1,0,1,289.8935744,202.5388195,210.9519088,8.40301721,7.418385851,7.015538601,289.1188361,205.2261081,211.6079145,8.368004095,11.0819292,3.503333176,-6.887841895,5.265531115,1.622084773,6.917218176,-5.321328519,-1.5961232,289.8842171,202.5421264,210.9550365,4.700359893,5.018245529,6.690836406,289.097203,205.2175082,211.6108609,4.593940651,9.611702086,2.808813985,0,-106.984616,104.0499773,-46.36306604,-82.52764,123.8256095,0.2166950946,-106.7876965,103.7391195,47.77520055,-119.6932674,49.24421909,49.98404541,49.98404624,3195.357874,3186.06328,-69.44653146,-253.0987415,3.8301999,1
2457,64,16,32,1,1,1,1,1,1,1,1,1,1,1,0,289.8915139,202.5337471,210.9547891,8.395490439,7.416899448,7.018088457,289.1183345,205.223331,211.6079967,8.366995501,11.07865249,3.49511586,6.879884155,-5.261658218,-1.618426477,-6.909218926,5.315356903,1.593640379,289.8821671,202.537059,210.9579287,4.695879991,5.023236384,6.695505192,289.0967249,205.2147436,211.6108655,4.601416672,9.611779829,2.803270721,0,-106.9827464,104.0524527,-46.45840588,-82.4444063,123.7893226,0.2175024731,-106.786602,103.7413036,47.71310768,-119.743801,49.18038811,49.98404145,49.98405051,3195.794063,3185.501558,-69.16045192,-253.4280637,3.9197889,1
2458,64,16,32,0,1,1,1,1,1,1,1,1,1,1,1,290.4831747,200.5196112,211.8203659,4.125520408,9.744866058,9.443726068,290.2608288,203.2041517,211.6309004,6.34840945,11.19008119,5.62875697,-1.399590276,6.957868938,-5.558486956,1.394510625,-6.857679934,5.462958867,290.4723876,200.5136045,211.8029909,3.627277118,6.661929669,7.564408112,290.2519857,203.2081477,211.6310371,6.038790592,8.721556565,0.891661678,0,-106.2136624,105.5261846,-68.30266299,-76.23499144,111.2777581,0.3340154293,-106.2328091,105.2288694,33.99102402,-129.0154957,42.92653246,49.98412716,49.98414352,3178.951904,3166.793252,-82.69141562,-267.4686135,3.817901,1
2459,64,16,32,0,1,1,1,1,1,0,1,1,1,1,1,331.4548741,293.397293,331.6363564,14.17852686,22.40321446,22.56014105,332.0132219,294.8632873,332.2771751,14.02497951,20.96915269,22.14386356,-2.193909455,7.378219183,-5.181977027,-2.143024867,2.710646312,-0.5655116094,229.596711,234.6272354,268.373505,2.665744356,8.349364077,4.700022441,230.0064705,236.1106699,269.0468913,2.48472857,7.779557398,5.368109019,0,-104.0088891,88.95032846,12.21817636,-105.5942472,86.61040258,0.04036932407,-103.8572031,89.05361427,-13.22896419,-102.7339204,90.82146563,49.96040415,49.97583816,6931.739057,5835.271923,67.07073562,-139.8904714,3.6612898,1
2460,64,16,32,0,1,1,1,1,1,1,0,1,1,1,1,291.517692,197.9095522,212.6444882,6.557614114,37.77990354,32.64539743,291.8417973,199.161933,213.1834231,6.541959722,37.58405645,32.53699855,-4.097759439,34.89369789,-30.79605196,4.072252942,-34.74581666,30.6734887,291.3877652,197.7453275,212.4183781,3.181804967,6.897238089,3.915093623,291.7136401,198.9305373,212.9766154,3.192892576,6.697593005,4.064763931,0,-105.2814117,107.5561923,0.5159794907,-107.3971492,103.8112906,0.02504323096,-105.1165806,107.6506291,-0.6373230317,-103.5125812,110.9677082,49.98259535,49.98258751,3485.969146,3477.32098,-62.59560619,-246.3326576,3.7405108,1
2461,64,16,32,0,1,1,1,1,1,1,1,0,1,1,1,286.10029,201.728764,217.8701072,28.31386618,59.62814885,62.20696551,293.0063342,199.7314302,211.561017,31.64126203,55.9317891,61.05651876,1.909720557,39.53153232,-41.44138257,-2.044391044,-38.99503607,41.03924797,285.7371076,200.2753922,215.7087257,13.47487415,19.80782371,16.53844321,292.3915349,199.6508298,210.8266355,19.29720515,7.440024211,14.93397626,0,-104.8601069,105.7460408,153.0871001,-90.46594688,41.44559962,0.5978524506,-106.2441461,106.7098505,-18.34702321,118.3138159,-167.4778483,49.97831529,49.97891372,4307.525197,4124.66705,141.2515368,-191.3799491,3.7257501,1
2462,64,16,32,0,1,1,1,1,1,1,1,1,0,1,1,291.3695911,201.3918493,210.0964048,14.56804037,12.32167652,17.11585417,293.6896136,202.0501739,208.6055725,16.58623884,4.266849252,15.97335966,-9.855856678,-1.900577473,11.75617509,9.918222018,1.909211186,-11.82770447,291.3241855,201.3809808,210.0830005,2.242813419,11.98185574,8.005728455,293.5294267,202.021749,208.4557498,8.081587239,3.139064519,4.913706181,0,-106.7308305,104.8956496,132.8655972,-95.85840548,68.69789822,0.2254398279,-107.2025661,105.120333,-11.70787656,-155.3815505,178.4835277,49.9838441,49.9839015,3234.673035,3216.168494,-73.45921273,-244.8050193,3.7282054,1
2463,64,16,32,0,1,1,1,1,1,1,1,1,1,0,1,289.8923981,202.5351936,210.9601289,8.432941081,7.464546603,7.026290077,289.1204123,205.2328041,211.6125311,8.41476302,11.11980954,3.489482153,-6.921014075,5.312228826,1.608544364,6.950437492,-5.367808103,-1.582865683,289.88303,202.5385101,210.9632893,4.693910241,5.024785781,6.706373278,289.0986229,205.224095,211.6154425,4.617466564,9.622881609,2.801380541,0,-106.9817775,104.053155,-46.65597676,-82.21721826,123.7971791,0.2187246753,-106.7865976,103.7407989,47.67401705,-119.8419956,48.96498396,49.98404685,49.98404304,3194.576557,3187.286458,-69.64538677,-253.2982079,3.8279586,1
2464,64,16,32,0,1,1,1,1,1,1,1,1,1,1,0,290.3752978,200.5252206,211.9587732,4.136321194,9.949149983,9.750073286,290.1426023,203.2523998,211.7426119,6.420520157,11.39324254,5.967736258,-1.27853652,7.193475996,-5.915161748,1.272606916,-7.086867133,5.814033729,290.3646476,200.5180871,211.9386241,3.691133869,6.700502981,7.680475735,290.1336806,203.2562911,211.742484,6.145357558,8.790518404,0.8691797588,0,-106.1819615,105.531176,-69.81137441,-75.23826254,111.3693983,0.3435183155,-106.2084842,105.2226167,34.3842213,-129.6219409,35.78906657,49.98412617,49.98412402,3179.838037,3169.910888,-83.83351961,-268.4865777,3.7220761,1
2465,64,16,32,1,0,1,1,1,1,1,1,1,1,1,1,290.4833702,200.5231443,211.8166844,4.119980711,9.730091664,9.421111161,290.2633776,203.2034643,211.626412,6.344602263,11.17028106,5.596306894,1.405833793,-6.931577555,5.525516617,-1.400817545,6.829732763,-5.429127469,290.4725432,200.5171814,211.799518,3.620210609,6.666253761,7.560904624,290.2544966,203.2074748,211.6265678,6.034319729,8.715316553,0.8909216188,0,-106.2151787,105.5239314,-68.25444956,-76.2774624,111.2596144,0.3334005242,-106.2347792,105.2272361,33.93127301,-129.0205717,43.17608826,49.98413786,49.98413355,3177.892702,3167.829658,-82.9157238,-267.1868262,3.7821594,1
2466,64,16,32,1,0,1,1,1,1,0,1,1,1,1,1,291.5202013,197.9111236,212.6569855,6.554560079,37.82984629,32.69141479,291.843432,199.1449197,213.1801743,6.540230981,37.61998464,32.57718808,4.098792189,-34.93475958,30.83584592,-4.073048473,34.78591422,-30.7129655,291.3893502,197.7458542,212.4307393,3.180334987,6.936794601,3.942284756,291.7166707,198.9158989,212.9730328,3.19449064,6.658323761,4.041474257,0,-105.277632,107.5604191,0.5843289922,-107.4408378,103.4386799,0.02471141451,-105.1155654,107.6551337,-0.7050649987,-103.4386996,111.3838071,49.98259803,49.98258393,3487.126581,3476.873541,-63.49727251,-245.4377714,3.7039269,1
2467,64,16,32,1,0,1,1,1,1,1,0,1,1,1,1,331.5975473,292.9543007,331.7169146,12.98029979,20.14103251,20.20483285,335.7942342,295.7728734,333.0590256,15.49379388,16.94726361,19.04651641,-2.330018094,-14.34588597,16.6760435,6.720931498,4.068512824,-10.78927926,229.3511772,232.1078662,265.7956001,4.320104759,7.410871545,2.523625793,232.0889723,236.5535348,269.0526852,7.855721919,13.03579553,11.24952712,0,-103.8400721,89.42817036,113.9368889,-50.5739459,-156.7948166,0.07775961939,-103.8306926,89.76049779,-30.18105143,-131.1820303,77.60221897,49.97046485,49.96592387,6336.573244,6380.8107,450.2451579,-548.2561274,3.6565786,1
2468,64,16,32,1,0,1,1,1,1,1,1,0,1,1,1,291.27659,201.6741073,209.9140643,10.21880391,12.24525756,14.01879043,293.5592791,202.4295169,208.2610906,13.0324962,4.273341191,12.43734522,8.658448635,1.76408531,-10.42274526,-8.71297176,-1.757635051,10.47039097,291.2570789,201.6750805,209.9140406,2.345902036,11.97007186,8.200934897,293.4938679,202.4253385,208.2071057,8.348621971,3.401973535,4.934495376,0,-106.8557932,104.6567169,141.4284621,-94.66000156,68.80703807,0.2545843573,-107.3415042,104.8707634,-10.05357205,-157.3688669,-179.3501179,49.98401557,49.98401084,3201.161741,3193.081585,-67.96183552,-246.3542991,3.6927828,1
2469,64,16,32,1,0,1,1,1,1,1,1,1,0,1,1,285.6451337,201.7660729,218.3698106,29.69818743,62.69545205,65.32286123,292.8185998,199.3968489,211.5291284,32.9773908,58.91040907,64.12725284,-1.882335196,-41.42865498,43.3107871,2.024787078,40.86406742,-42.88905807,285.2389282,200.1639745,216.0017136,14.06002768,20.64803634,17.25865043,292.1500694,199.3108906,210.7214888,19.84124598,8.119931313,15.61008582,0,-104.7368287,105.7876785,152.3645785,-90.84942319,41.19721708,0.6259555271,-106.2044435,106.7944048,-19.10802196,114.4394286,-166.4583147,49.97789008,49.97796811,4415.921493,4376.525108,160.3765474,-138.2077314,3.7194668,1
2470,64,16,32,1,0,1,1,1,1,1,1,1,1,0,1,286.6981611,204.17637,215.5465964,11.00910974,31.22973118,29.5429969,287.5846353,207.7926098,213.5660594,14.36948724,30.5264489,27.17697933,-2.304841694,-17.21684922,19.52143293,2.40554166,16.74034123,-19.14611695,286.2656697,203.7606804,214.2833027,5.453352482,10.76060665,11.09414562,287.2081959,207.0927096,212.3526959,10.65219229,9.439077749,3.388022647,0,-106.4643673,103.293478,-130.4394589,-64.65693897,94.45845965,0.688805246,-106.9774772,102.8990831,23.0610514,-156.7059562,-106.0538222,49.98264011,49.98260661,3476.146979,3470.319155,-32.53093686,-246.4217376,3.8001076,1
2471,64,16,32,1,0,1,1,1,1,1,1,1,1,1,0,289.6942782,202.0379378,211.8669321,13.1864663,12.86270041,8.416953308,289.0349146,205.0411148,211.997268,13.63872813,15.02429406,3.448586166,10.08717617,-8.985970247,-1.101615455,-10.12703298,9.021592492,1.105022395,289.676791,202.0355313,211.8491762,4.638370179,5.983941603,7.983545822,288.9647121,204.9773518,211.9893552,5.697396646,9.691572052,2.239853731,0,-106.6237599,104.4980559,-60.25850629,-71.29661945,120.3934681,0.3169501253,-106.5750311,104.0830032,45.04544183,-127.8263609,21.29189537,49.98421963,49.98355894,3171.873165,3256.177291,-92.18783997,-237.7875321,3.7759783,1
2472,64,16,32,1,1,0,1,1,1,1,1,1,1,1,1,293.2282842,201.5628115,207.4168318,11.83362193,4.892741275,11.63449415,291.7356259,203.2416899,209.9163257,8.9998402,11.79860226,13.06386284,-8.21931761,-2.221758458,10.44090572,8.146307706,2.201521948,-10.34803352,293.1784162,201.5615248,207.3855104,7.845259589,3.828922218,4.223047932,291.7211876,203.2451384,209.9205684,1.965654934,11.40838147,7.426750564,0,-107.6090006,104.5551424,-10.94001552,-151.7014265,173.5287156,-0.1690205272,-106.8639878,104.5183058,131.5255327,-94.13226596,72.37681884,49.98404991,49.98402129,3195.721958,3190.299119,-57.64920801,-244.0766275,3.7145728,1
2473,64,16,32,1,1,0,1,1,1,0,1,1,1,1,1,292.7818183,198.6995285,210.1789945,35.77750301,63.66863332,69.21280652,285.6442399,204.2633343,218.4114189,32.50344602,66.8546674,69.9026303,-2.383533541,-44.12888819,46.51219273,2.273900572,44.32921531,-46.60334007,291.9152698,198.6157376,209.3657459,20.83717404,8.865335241,16.22629704,285.1558926,202.1744257,215.9483256,15.08392304,21.29028486,17.5724669,0,-106.5428006,106.4674646,-21.07582146,112.7235049,-167.7315407,-0.5764519838,-104.6929699,105.5224312,150.3898899,-91.02932884,39.04399396,49.97696342,49.97698288,4584.709652,4573.456527,76.96398328,15.75759435,3.756358,1
2474,64,16,32,1,1,0,1,1,1,1,0,1,1,1,1,293.4072087,201.2416007,207.5030839,12.85063994,4.73669967,12.60215349,291.8291995,202.9542921,210.0407079,10.18724297,11.92038077,13.92650438,-9.106557474,-2.046744495,11.15322832,9.027308361,2.015328425,-11.04271061,293.3345143,201.2366832,207.45082,8.008560486,3.728866214,4.384857101,291.806966,202.9555689,210.0400273,2.128329568,11.56864183,7.544912007,0,-107.5126319,104.7895948,-11.34765907,-153.9007251,174.8663723,-0.1712687792,-106.7489033,104.74114,132.9301034,-94.03698346,71.5465878,49.98404805,49.98397843,3196.32253,3199.411704,-60.70937317,-245.0059504,3.7998458,1
2475,64,16,32,1,1,0,1,1,1,1,1,0,1,1,1,350.3587169,233.1057027,355.2736305,11.45064084,10.15004054,10.6841995,349.4186998,233.0404768,356.2537176,11.6077301,8.569126398,13.9161654,7.824774775,-5.343121059,-2.481722009,-9.11470095,-2.792888279,11.90739938,313.2436146,162.9545218,234.212868,6.774741894,6.759700869,8.857076228,311.6931633,163.2367361,232.7691213,4.635018759,5.034237275,3.575173201,0,-93.12325639,131.978873,-39.84933649,-109.2319795,108.3991067,0.1504067089,-92.87243308,131.9965932,69.3519814,-71.73637985,-148.3320677,49.97614745,49.96780282,5693.757159,5526.960765,-872.6977775,-643.7989136,3.6497501,1
2476,64,16,32,1,1,0,1,1,1,1,1,1,0,1,1,296.2793855,201.555451,203.4155829,36.32532027,10.38070493,43.218055,296.548816,202.8755774,203.8969235,36.30595736,10.29393077,43.06862567,-33.60404458,-6.527422766,40.13141443,33.55869522,6.463295705,-40.02204122,296.025748,201.3685908,203.1577412,3.072956208,6.942856906,4.004008967,296.331073,202.6775233,203.6209134,3.415060825,6.895618532,3.623591376,0,-108.5332591,104.1898123,-3.808470947,-108.4553633,101.1396123,0.0482615544,-108.3838936,104.2588353,3.325947874,-109.0199335,107.330607,49.98202484,49.98198269,3601.209943,3597.115063,38.95823353,-146.3994005,3.7232814,1
2477,64,16,32,1,1,0,1,1,1,1,1,1,1,0,1,297.9620531,197.111967,206.6240469,76.25106821,33.13529661,72.7090857,291.9480838,207.1933346,205.2519427,76.04678984,39.26450776,70.96200014,-49.7787002,0.9575054664,48.82114719,49.599672,-1.236439252,-48.36323294,295.855464,196.6745491,203.9040648,18.38287482,14.90392668,18.42966175,291.0978512,206.3022817,205.0260783,19.23009611,25.4313517,13.26341401,0,-107.616974,106.3986043,-87.37935132,18.24335383,143.7748876,1.223438293,-107.0655999,104.5984333,73.12833748,-135.8799189,-15.32481895,49.97559627,49.97553759,4868.239766,4866.227589,307.2430549,-36.32489271,3.7609282,1
2478,64,16,32,1,1,0,1,1,1,1,1,1,1,1,0,296.0680231,204.5595065,204.2197624,16.45002723,16.24971443,7.985871389,295.4001093,207.8109241,205.1275339,16.5856059,18.51971162,4.272463738,12.65602294,-11.79237036,-0.865216668,-12.84822399,11.97432141,0.8724550368,295.6213342,203.1104049,203.1018191,5.095351149,5.259223605,7.265449264,294.6885084,205.8413979,203.6754943,4.718968292,9.553681469,2.768429653,0,-109.0541897,102.9918134,-46.40247287,-82.99822478,123.9910187,0.2173194801,-108.8865015,102.5808693,51.4403124,-123.287166,30.60924607,49.98361006,49.98367595,3215.080756,3319.124722,-28.94907537,-200.2770634,3.7195904,1
2479,64,16,32,1,1,1,0,1,1,1,1,1,1,1,1,293.2185066,201.5637213,207.4035181,11.77615408,4.892210264,11.58869592,291.7391178,203.2425431,209.9081491,8.94734669,11.79795979,13.03558165,8.202186141,2.223191237,-10.42560594,-8.129347009,-2.205070224,10.3341821,293.1692475,201.5624294,207.3728137,7.812192407,3.829349329,4.1903652,291.7247987,203.2460032,209.9123808,1.935582699,11.40798463,7.429103248,0,-107.6119133,104.550369,-10.89225456,-151.7003434,173.6499884,-0.1693126986,-106.8669914,104.516764,131.0843199,-94.13420315,72.63219826,49.98403664,49.98403659,3197.994638,3187.180085,-55.84956822,-245.9074405,3.7522988,1
2480,64,16,32,1,1,1,0,1,1,0,1,1,1,1,1,293.4120385,201.2192178,207.5312124,13.32369127,4.72054204,13.08617812,291.837881,202.9418698,210.0549255,10.81166678,11.92947321,14.35057589,9.304702407,2.041223192,-11.34626659,-9.223900967,-2.011091351,11.23465142,293.3288438,201.2124728,207.4689949,7.94134638,3.704024286,4.336351419,291.8127081,202.9422118,210.0528334,2.102304496,11.5767455,7.503675222,0,-107.5001265,104.811406,-11.6824821,-153.8343418,174.4719175,-0.1679549957,-106.7368086,104.7650709,130.8298536,-94.13759059,71.87694135,49.98400341,49.98398884,3205.209759,3198.152782,-55.92220355,-250.0123115,3.8292046,1
2481,64,16,32,1,1,1,0,1,1,1,0,1,1,1,1,292.7719727,198.6452672,210.1543782,36.01775653,63.89241871,69.50293009,285.5785653,204.2470387,218.4174759,32.74471573,67.08277491,70.18574369,2.403350907,44.26676881,-46.67027367,-2.292728921,-44.46891527,46.76149593,291.8973277,198.560435,209.3322711,20.96169112,8.913201405,16.34848402,285.0843773,202.1392638,215.935929,15.21227361,21.34895259,17.66173627,0,-106.5389752,106.4849015,-21.16017261,112.4364235,-167.8713228,-0.5787369964,-104.6836993,105.5261096,150.3465658,-91.08122017,38.74975941,49.97687921,49.9768209,4614.417909,4620.376484,81.04967074,28.56267533,3.7856725,1
2482,64,16,32,1,1,1,0,1,1,1,1,0,1,1,1,296.262353,201.554051,203.4268031,36.22267218,10.37946769,43.11611918,296.5335804,202.8712877,203.9057652,36.20435624,10.292686,42.96700164,33.51277052,6.527202276,-40.04005764,-33.46762147,-6.463713446,39.93125292,296.01098,201.3681371,203.170342,3.06876145,6.943032972,4.002896746,296.3171372,202.6749613,203.6312882,3.418875277,6.895357806,3.625608018,0,-108.5297321,104.1908034,-3.803801724,-108.4557044,101.0787523,0.0483400239,-108.3805861,104.2602144,3.313425277,-109.0127005,107.3973849,49.98201177,49.98200125,3600.986396,3595.653634,38.93002043,-146.4882101,3.8845227,1
2483,64,16,32,1,1,1,0,1,1,1,1,1,0,1,1,350.1822299,231.2413089,353.8719037,35.36653133,28.10098899,26.01995745,350.7888983,233.7412723,354.5940882,35.17874469,27.63166002,24.40564036,4.964186817,3.762277875,-8.7243528,-3.732854554,4.183919435,-0.4502513114,313.07879,162.6616982,238.3402131,4.056872449,5.695315966,4.824479033,313.8450377,164.2039025,239.5330706,3.72729816,5.840536739,5.358718571,0,-91.92446117,132.578448,26.96666382,-77.91097453,162.6976724,-0.006640410695,-91.90239068,132.5478398,-29.71408459,-106.0233513,105.4979836,49.96598195,49.9765826,5053.040091,6383.857427,-542.9830891,-806.5861689,3.9516322,1
2484,64,16,32,1,1,1,0,1,1,1,1,1,1,0,1,299.9190412,206.4153888,201.8778518,20.40538485,20.07366103,8.609804579,299.4861108,209.6277245,202.9913906,20.8535902,22.04130737,5.495907744,-17.14063347,16.23617994,0.9034676301,17.41477181,-16.49969551,-0.916024585,298.7707011,203.0836127,199.6089312,4.140291274,5.737499014,7.049686356,298.2670905,206.0464536,200.1266343,5.115625246,9.727186595,2.618690778,0,-109.8862434,102.7967494,-51.57396697,-76.65353566,123.0039496,0.2513255063,-109.7938683,102.4019092,39.37823996,-129.0109609,32.27480263,49.98454038,49.98213494,3075.489822,3579.980196,-29.86377729,-160.8598346,4.0153922,1
2485,64,16,32,1,1,1,0,1,1,1,1,1,1,1,0,293.223906,201.5696703,207.3931063,12.01388529,4.821776515,11.85800362,291.7241557,203.284709,209.8959487,9.2624307,11.83356861,13.24517513,8.404147139,2.174739985,-10.57910175,-8.330731301,-2.155587449,10.48610009,293.1721618,201.568488,207.3593874,7.812772925,3.750461641,4.251490328,291.7096731,203.2879624,209.8998652,1.97946164,11.44927382,7.416092657,0,-107.6187211,104.5408698,-11.40038528,-151.6642921,173.3001068,-0.1640366493,-106.8734738,104.4995689,129.5076242,-94.48177153,72.11855749,49.98403357,49.98402091,3198.784595,3190.289201,-55.51843621,-245.5142438,3.8123297,1
2486,64,16,32,1,1,1,1,0,1,1,1,1,1,1,1,289.3554606,203.660072,210.7248881,7.63904491,10.97315318,3.57027747,290.741152,203.4244615,211.1867325,7.618552637,6.98919601,7.183574465,6.011798873,-4.600769056,-1.411202899,-5.964748269,4.524121476,1.440447102,289.3337333,203.657915,210.7276843,4.639881457,9.857114513,3.105797844,290.7309475,203.4285481,211.1883744,4.666815407,5.132583163,6.960967383,0,-107.1922035,103.441328,47.11639571,-122.5079142,42.13624043,-0.1676281552,-107.0527268,103.9362979,-47.01079484,-77.49491557,126.5167175,49.98405879,49.98406338,3192.972807,3182.463302,-60.54544141,-248.597684,3.8213236,1
2487,64,16,32,1,1,1,1,0,1,0,1,1,1,1,1,289.3525206,203.6519341,210.7316974,7.708592589,11.05234589,3.542036627,290.755231,203.3936543,211.1982679,7.681608749,7.047925947,7.22561119,6.063714916,-4.703149411,-1.360789208,-6.016277777,4.626634663,1.389434959,289.3305452,203.6498795,210.7347043,4.68963934,9.898964479,3.108654625,290.7449441,203.3977045,211.2000936,4.706571575,5.124908974,7.019973892,0,-107.1867303,103.4498714,47.55464777,-122.6869538,41.05425068,-0.1714780054,-107.0467425,103.9516401,-47.58221532,-76.90249722,126.5928214,49.98406295,49.98405721,3192.435974,3183.409939,-60.80067267,-248.9355573,3.8460594,1
2488,64,16,32,1,1,1,1,0,1,1,0,1,1,1,1,287.6804463,207.1098765,212.6715912,16.73648647,35.07514535,30.8701287,287.1193383,205.8794518,216.210499,13.36874276,35.56133378,33.04494072,2.897984522,18.39410517,-21.29209634,-2.797583988,-18.74736917,21.54485805,287.199861,206.309726,211.3198091,11.75394125,10.3612278,4.204573452,286.6029332,205.2986118,214.7380338,6.332934684,11.8942251,11.91925901,0,-107.8167669,101.7292929,20.99440325,-163.5017297,-102.0016824,-0.7168721504,-106.8621173,102.3301477,-137.8435335,-61.87330604,93.65484144,49.98213224,49.9821377,3578.671146,3566.11541,-39.91198849,-190.0259947,3.8377475,1
2489,64,16,32,1,1,1,1,0,1,1,1,0,1,1,1,292.7264303,204.6932381,205.1511779,75.66805589,39.14734191,70.79506283,299.2518654,197.2626099,207.6711217,75.68965286,32.56555186,72.17111969,49.09400721,-0.8643246952,-48.2297134,-49.13777657,0.6811368226,48.45659585,291.8967757,203.9219583,204.857955,18.98389605,25.74878242,13.75215668,297.3587728,196.8109639,204.6007717,18.22769723,14.98374266,18.58146226,0,-108.3431331,102.8518907,72.99860815,-136.8313826,-14.30619366,-1.132562571,-108.6048512,104.8150831,-87.21888305,17.49247875,144.3045825,49.97571608,49.97559949,4824.544619,4857.782986,160.9411017,135.069743,3.8186507,1
2490,64,16,32,1,1,1,1,0,1,1,1,1,0,1,1,296.0879731,205.2643946,203.4088519,20.16019908,21.76959544,4.958867985,297.3597647,204.1823079,203.556506,19.74783137,19.32926075,8.963811055,13.46152539,-13.05658597,-0.3975307349,-13.21501326,12.83709452,0.385174419,295.2232582,203.1079147,201.7658424,5.577615191,10.49976115,3.374817707,296.7575586,202.4537119,202.261231,5.07464029,5.588557586,8.145166191,0,-109.305786,102.611939,48.99928364,-130.6156729,15.14354273,-0.2095249189,-109.0882899,103.2896421,-56.36740791,-67.05614526,127.1563853,49.98522883,49.98152314,3274.257124,3422.558867,-19.00471542,-158.3944753,3.7683985,1
2491,64,16,32,1,1,1,1,0,1,1,1,1,1,0,1,484.0576988,240.705966,185.958897,23.31598597,29.40552622,17.3512686,483.2873283,237.7062322,179.2449315,25.09348551,28.00499156,13.91003454,-14.22006592,22.28725077,-8.069468102,20.67537779,-25.05388369,4.376266107,369.6383123,207.2716837,117.324407,16.19046477,18.47257718,10.30538161,364.5933648,202.8878116,114.1280146,9.990381315,10.6300254,6.736178438,0,-127.8185104,101.8450305,-29.49864831,-163.0853527,74.1547416,-0.1175271808,-127.5158919,101.5052681,127.27569,-32.66767268,-123.1182961,49.97229071,49.97390703,5427.252052,5329.209155,-17.94042212,1168.094876,3.7222261,1
2492,64,16,32,1,1,1,1,0,1,1,1,1,1,1,0,287.9408655,204.7372585,211.7338422,21.39450504,18.00449301,6.568592259,288.1449965,206.0631656,212.3507022,21.31808275,18.06520209,6.562657393,20.41583175,-15.83452513,-4.581461719,-20.38397457,15.79558405,4.58820242,287.8991573,204.702365,211.6854943,3.305001207,6.908331167,3.975994641,288.1065301,206.0050684,212.2914602,3.003020861,7.16296468,3.961720813,0,-107.3277968,102.653644,-3.280299119,-109.1108193,102.5367848,0.02751897193,-107.1468262,102.7221329,3.480530297,-105.9914862,102.5570897,49.98349881,49.98348359,3304.805805,3298.890499,-45.73580471,-230.4980374,3.7350261,1
2493,64,16,32,1,1,1,1,1,0,1,1,1,1,1,1,289.3519195,203.6643062,210.7271999,7.648175267,10.974223,3.568991889,290.736416,203.429338,211.1887484,7.62436598,6.991695857,7.180500628,-6.02203236,4.607214151,1.414585076,5.974756599,-4.532373627,-1.442602431,289.3300736,203.6621271,210.7299942,4.641852178,9.856115751,3.102031115,290.7261864,203.4334309,211.190373,4.6637012,5.132155228,6.956771455,0,-107.1923413,103.4396515,47.07685086,-122.4966101,42.22066043,-0.1675934326,-107.0530534,103.9340972,-47.03854282,-77.52024918,126.4799498,49.98406116,49.98406066,3192.590141,3182.886699,-60.86914889,-248.2812386,3.7847887,1
2494,64,16,32,1,1,1,1,1,0,0,1,1,1,1,1,289.8278224,201.9935626,211.3810486,6.35147785,11.87907565,6.107349929,290.7978926,201.6350862,212.5830232,4.367160112,9.866687117,9.821365604,1.418084123,-7.188915118,5.770604035,-1.411090558,7.232217195,-5.821370282,289.8185436,201.9972924,211.3834243,6.040666452,9.34817518,1.590359575,290.7874652,201.6235279,212.5689913,3.903629562,6.558093658,7.815710866,0,-106.5855842,104.710418,36.45440796,-131.0111415,24.58637814,-0.2850008556,-106.2576325,105.2178517,-67.5843536,-70.99036407,116.3251929,49.98409976,49.98410162,3184.345291,3175.056782,-78.30020292,-262.6565907,3.809135,1
2495,64,16,32,1,1,1,1,1,0,1,0,1,1,1,1,289.7531625,204.9678398,209.968873,38.41910185,38.61599997,12.61877941,289.5766705,203.307408,213.612232,37.15901283,38.24878101,17.78046486,-26.03998035,25.00002905,1.038190969,25.84880556,-24.77840123,-1.072225622,288.9588924,204.3987992,209.7514834,10.81745199,11.61121775,5.849127896,289.4603449,203.1889048,213.2614438,6.542950662,12.13004365,13.69739941,0,-107.6464209,102.853895,33.09350209,-163.3511131,-67.75479932,-0.6857295675,-106.6346147,103.8039121,-114.7189996,-55.45646888,106.9859789,49.980431,49.98342151,3817.044047,3235.67556,39.33270465,-279.1265113,3.7802754,1
2496,64,16,32,1,1,1,1,1,0,1,1,0,1,1,1,300.6042757,207.7153048,201.4703711,20.28126999,21.77520171,6.595669264,302.328195,208.0815812,201.2708836,20.47385249,20.32118744,9.519631811,-16.47864988,15.76937542,0.7072485498,16.11308665,-15.40191181,-0.713210897,299.0067555,203.3299728,197.7445277,3.380856237,8.128954601,2.748421368,300.7585127,203.7817409,198.3179567,5.778302411,6.088943703,7.348199089,0,-110.2804618,102.433696,61.64953469,-120.0401381,24.48136392,-0.05367228286,-110.1220335,103.0190313,-31.09648536,-97.72390739,123.9578965,49.98162546,49.98469,3505.784551,3201.332154,85.55734174,-235.8776669,3.7518385,1
2497,64,16,32,1,1,1,1,1,0,1,1,1,0,1,1,292.8434201,204.7420573,206.3226707,64.63315779,33.46028971,60.69757258,298.1737144,198.6801088,207.7315027,64.63114003,26.48084573,61.84576786,-42.4236646,0.4462227518,41.97796448,42.47132357,-0.2964326535,-42.17429159,292.2496469,204.2173383,206.109003,15.75716774,23.41823055,11.03718353,296.706323,198.3390939,205.406881,14.9197356,12.33066067,15.23218613,0,-108.1748681,102.9658704,70.30021502,-133.8135668,-4.146919162,-0.8991151297,-108.462442,104.5234708,-85.68779961,17.59728386,147.0389458,49.97922263,49.9771035,3964.582985,4469.931952,-5.831864769,28.52174537,3.802367,1
2498,64,16,32,1,1,1,1,1,0,1,1,1,1,0,1,287.9322647,204.7257424,211.7425135,21.33103574,17.94163355,6.568133261,288.1460959,206.0693766,212.3601632,21.26723736,18.01843171,6.562004795,-20.36487716,15.78262824,4.58201582,20.33302628,-15.74526273,-4.587977378,287.8907221,204.691379,211.6944698,3.262442158,6.886835144,3.976709347,288.1083702,206.0116107,212.3015426,3.046502291,7.182207654,3.96136095,0,-107.322651,102.6601279,-3.47436525,-108.7934367,102.5321434,0.03029904721,-107.1431165,102.7285937,3.595149776,-106.2944407,102.5747062,49.98349711,49.98349354,3305.579167,3296.862126,-44.81621623,-231.8639951,3.7933229,1
2499,64,16,32,1,1,1,1,1,0,1,1,1,1,1,0,484.5842363,240.410316,185.5287157,23.40471034,29.62680708,17.54639694,483.8123034,237.402474,178.6628972,25.16825991,28.16274007,14.07085638,14.27562527,-22.47024212,8.194431209,-20.73782097,25.24271918,-4.504999799,370.0248743,207.0437735,117.1898815,16.2806247,18.61792922,10.46046296,364.9472788,202.6233611,113.9288996,10.06238417,10.66362526,6.897367354,0,-127.8227405,102.0915476,-29.44497402,-162.8362769,74.22989986,-0.1160493896,-127.5293891,101.7458189,127.5205948,-31.70648223,-122.7019448,49.97346555,49.97279766,5357.957646,5398.268171,-21.69074008,1174.433394,3.731378,1
2647,96,32,16,1,1,1,1,1,1,1,1,1,1,1,1,257.1191151,281.3635647,165.4380099,1.798210626,5.494359248,5.9469568,257.2537363,282.1964292,166.2812768,2.533081159,5.071291928,5.460396601,0.002602348261,0.001772779604,-0.004457715788,-0.002770257189,-0.002816105023,0.005514169273,257.1105186,281.3710961,165.4399669,1.796907162,5.494157537,5.946761632,257.2451498,282.20401,166.2832512,2.532109167,5.071033522,5.460129348,0,-95.60266145,140.2614595,-9.734022628,-92.91829303,135.3054743,0.05763554688,-95.56302701,140.4386122,6.843313808,-98.75215105,145.2352806,49.98509353,49.98510789,2985.233816,2974.262987,-120.6974425,-287.7891567,3.8506308,1
2648,96,32,16,1,1,1,1,1,1,0,1,1,1,1,1,257.3114146,281.2951729,165.7863241,4.614323278,9.456538005,5.632782317,258.0841406,280.8510234,167.8488086,3.647160323,8.258028899,10.10613765,1.408724848,-6.282401959,4.873566696,-1.398819029,6.32080089,-4.922088207,257.3017053,281.3016326,165.7871958,4.224863905,6.991762933,2.651446225,258.0739784,280.8470357,167.8381023,3.144193697,5.211837582,8.772447324,0,-95.31670027,140.5228323,43.15807099,-121.1684976,146.3040452,-0.2404922896,-95.13417975,140.9818982,-67.33387165,-59.74177707,138.6725769,49.98499839,49.98500076,3004.22464,2995.599191,-134.3483244,-300.8858761,3.849771,1
2649,96,32,16,1,1,1,1,1,1,1,0,1,1,1,1,257.3056563,281.3001069,165.7864038,4.612355664,9.454250307,5.614894582,258.0773176,280.8544064,167.8434217,3.647331499,8.236449409,10.08688993,-1.4152989,6.262175375,-4.846946622,1.405273678,-6.302314103,4.896961895,257.2959905,281.3065601,165.7873103,4.21930436,7.006086741,2.657307278,258.0671807,280.8505506,167.8328525,3.139723596,5.201642067,8.763961319,0,-95.31824453,140.5196007,43.12222441,-121.137589,145.8658188,-0.2400312038,-95.13629799,140.9788984,-67.25733783,-59.6273203,138.7946193,49.98499029,49.98500969,3005.281313,2994.427115,-134.4508979,-300.6520262,3.913262,1
2650,96,32,16,1,1,1,1,1,1,1,1,0,1,1,1,257.9445069,280.8644815,164.9538922,7.746814247,9.626695646,12.52828338,259.1228501,281.8482665,164.0037313,10.07905274,4.701127927,10.66063715,6.953741455,1.622065599,-8.575859974,-6.991917455,-1.617818646,8.609670773,257.9312945,280.8711138,164.9552807,2.83733434,9.347972517,8.912491764,259.0867407,281.8529307,163.9807296,7.005113636,4.100495515,5.964633814,0,-95.86963539,140.1706346,-156.8425874,-73.3173774,108.3287055,0.4167576888,-96.23027224,140.5866241,9.249468065,-158.15087,-168.4086107,49.98501293,49.98502441,3001.512652,2990.753243,-126.3916922,-291.9272171,3.8077167,1
2651,96,32,16,1,1,1,1,1,1,1,1,1,0,1,1,257.9402539,280.8662676,164.9552231,7.724978423,9.626128578,12.51634595,259.1159663,281.8475722,164.0027392,10.05811942,4.695928837,10.64320864,-6.934189644,-1.624794056,8.558920766,6.971996236,1.618455085,-8.590518649,257.9271003,280.8728941,164.9565776,2.82832316,9.34764007,8.913563231,259.079967,281.8522596,163.9799894,6.995725453,4.095004958,5.96080845,0,-95.86929634,140.169997,-156.795896,-73.35106955,108.3523381,0.4166549136,-96.22970338,140.586189,9.250134483,-158.1384315,-168.4035085,49.98501419,49.9850235,3001.161466,2991.070032,-126.7314526,-291.6017316,3.839638,1
2652,96,32,16,1,1,1,1,1,1,1,1,1,1,0,1,256.3031091,281.9587621,165.3970831,9.638068466,6.989979305,9.807806192,254.7437099,284.4726091,166.0513657,8.962940329,11.01738462,3.700860565,-7.846098056,6.082554688,1.763450548,7.868035839,-6.136014388,-1.732115072,256.2942095,281.9640173,165.3975318,5.39211981,2.922190202,9.523665971,254.7188343,284.4637539,166.050158,4.021201996,8.967254713,2.878805485,0,-95.78709781,139.9794442,-47.47076834,-46.48222073,151.7786079,0.16265255,-95.63126353,139.536288,81.21698314,-110.1530939,95.30068597,49.98496194,49.98495745,3012.621316,3003.301403,-119.4109014,-284.3368685,3.7939086,1
2653,96,32,16,1,1,1,1,1,1,1,1,1,1,1,0,256.303574,281.9584343,165.3982506,9.613979775,6.961479611,9.800609799,254.7474667,284.4727001,166.0552127,8.942157994,11.00773078,3.713802489,7.824562502,-6.054447303,-1.77019,-7.846734635,6.105749859,1.740895915,256.2946758,281.9636874,165.3987093,5.384486397,2.919331104,9.514127396,254.7227265,284.4639405,166.0538529,4.022500707,8.976923523,2.888269177,0,-95.78639855,139.9798193,-47.5531462,-46.29723485,151.8091866,0.1629738679,-95.63042578,139.5378122,81.06271594,-110.1624486,95.40671873,49.98495804,49.98496334,3012.998396,3002.521578,-118.6013432,-285.2204906,3.8628657,1
2654,96,32,16,0,1,1,1,1,1,1,1,1,1,1,1,257.93515,280.431124,166.510802,3.509090537,7.570693713,9.583844591,257.474043,282.3378774,166.4258374,4.791119429,8.373359539,4.840659171,-1.276799006,5.177002743,-3.900303362,1.285941266,-5.110139844,3.824084041,257.9254572,280.4298414,166.5064699,3.11626036,5.459750654,8.729881078,257.4642895,282.344372,166.4272543,4.508961265,6.580992371,2.896682288,0,-94.99082191,141.0577185,-72.94641644,-63.00901582,134.6475289,0.2910091165,-95.05176067,140.9823074,41.44383708,-121.2898356,159.4386589,49.98502276,49.9850288,3000.940424,2988.610261,-136.2447972,-303.6479544,3.8231666,1
2655,96,32,16,0,1,1,1,1,1,0,1,1,1,1,1,240.4443012,425.4230387,241.3088344,21.9603077,28.13885711,33.70189506,248.9716949,428.4962895,245.3185916,23.94179455,25.18001185,32.41619441,7.87079994,21.78298844,-29.65535689,-10.29929004,-12.8889192,23.18690074,156.8197172,335.1120507,193.4295207,10.53321441,10.77773539,8.636362051,161.6966484,341.7676804,200.1733761,12.78625219,17.90212399,18.97704499,0,-95.55267047,119.456639,144.9413585,3.822756076,-123.1518203,0.5130735672,-95.57405696,119.9439082,-28.18898889,-132.0442969,95.66737856,49.97422505,49.96308525,6145.878943,6330.26448,1829.440804,99.03255238,3.6585887,1
2656,96,32,16,0,1,1,1,1,1,1,0,1,1,1,1,260.5032693,278.481709,167.5238388,5.102661668,26.75694996,22.75224201,260.629395,279.1954151,168.6240563,5.108087551,26.63792548,22.71484351,-3.834780403,25.01847514,-21.1837663,3.840354249,-24.93662504,21.09620894,260.4293668,278.43664,167.4388326,2.170319942,5.311410822,5.651760992,260.553489,279.1548026,168.4969989,2.170120186,5.134249535,5.858646767,0,-94.10414023,142.4513221,-0.09804054905,-96.1163357,140.5268052,0.01180580017,-94.03056025,142.6335839,0.001943974914,-92.23891516,143.924886,49.98421163,49.98418296,3164.894386,3156.417869,-151.4627876,-317.634354,3.8978371,1
2657,96,32,16,0,1,1,1,1,1,1,1,0,1,1,1,255.4834053,281.6090571,170.1630472,23.09000689,51.19541692,52.67466236,260.2170557,280.3167175,166.6569959,25.63964954,48.52712491,52.11919637,0.9998376647,34.12250692,-35.12236871,-1.011758061,-33.72114544,34.7329081,255.1213302,280.4110228,168.8324726,11.81348166,16.11247878,13.65493979,259.6178339,280.2085411,166.3287011,16.08530695,7.340394315,14.5587888,0,-93.77120068,141.3295805,175.8959842,-73.18301793,71.26763922,0.9031529801,-94.678737,142.8632735,-2.914012573,137.7534134,-156.7275987,49.98048386,49.98142393,3874.533278,3619.380629,32.79712196,-268.0939471,3.9501698,1
2658,96,32,16,0,1,1,1,1,1,1,1,1,0,1,1,257.9520761,280.8580359,164.9509517,7.762288995,9.632488481,12.53504085,259.1313003,281.8398936,163.9992745,10.08870653,4.691758974,10.66724807,-6.962427884,-1.615965116,8.578305625,7.000611014,1.60976592,-8.610435967,257.9388085,280.8646487,164.9522944,2.827759746,9.3557811,8.912511234,259.0947716,281.844557,163.9761587,6.99755628,4.093779853,5.962017002,0,-95.86982072,140.1726166,-156.9782258,-73.35398373,108.3468197,0.4166982076,-96.23075169,140.5889637,9.177238954,-158.2557192,-168.4072218,49.98500813,49.98502973,3001.3796,2991.018275,-127.2240369,-291.1867505,3.8840248,1
2659,96,32,16,0,1,1,1,1,1,1,1,1,1,0,1,256.302568,281.9599876,165.3994432,9.640192227,6.983726955,9.800573076,254.744032,284.4678726,166.0580647,8.960746519,11.00879068,3.71359043,-7.851032296,6.079179009,1.771774355,7.872966058,-6.132683035,-1.740352484,256.2936482,281.9652441,165.3998657,5.390302701,2.913339126,9.513935861,254.7191716,284.4590203,166.0567482,4.008771617,8.958742171,2.887486474,0,-95.78601633,139.9799126,-47.31766116,-46.75378812,151.80208,0.1611810544,-95.62952779,139.5375897,81.32507277,-110.0616917,95.42440972,49.98496207,49.98495723,3012.780785,3003.01544,-119.4819716,-284.3291031,3.8456884,1
2660,96,32,16,0,1,1,1,1,1,1,1,1,1,1,0,256.8218906,281.0501684,167.1950237,3.70293081,9.466556474,11.59634503,256.3068971,283.1147075,166.8441386,5.226847538,9.962288947,7.207664471,-0.597568021,7.212956083,-6.615704166,0.6059581469,-7.096475566,6.49020323,256.80967,281.029092,167.1697979,3.520711953,5.868303855,9.345888922,256.2940556,283.1157509,166.8405743,5.098577258,6.763841984,2.563207926,0,-94.77199346,140.9798764,-80.97475906,-58.82347558,132.6720046,0.3490527939,-94.87001738,140.8765292,43.10611509,-125.6457397,171.0780808,49.98488755,49.98498694,3028.058533,2996.455542,-133.8089904,-302.730188,3.7896932,1
2661,96,32,16,1,0,1,1,1,1,1,1,1,1,1,1,257.9411041,280.4274432,166.5082172,3.506427523,7.585753909,9.58127158,257.4828232,282.3296498,166.4269923,4.786319973,8.38942353,4.856527267,1.283772142,-5.202132393,3.918280358,-1.293173144,5.133180919,-3.840088424,257.9314197,280.4261652,166.5039037,3.107046275,5.455643997,8.719906725,257.4730618,282.3361522,166.4283946,4.499578789,6.580959271,2.902061717,0,-94.99127758,141.0584556,-72.83213006,-63.03422255,134.705026,0.2897849892,-95.05207092,140.9836307,41.36809105,-121.2498589,159.2041896,49.98502711,49.9850243,2999.908547,2989.70071,-136.4374437,-303.4786069,3.831182,1
2662,96,32,16,1,0,1,1,1,1,0,1,1,1,1,1,260.5002337,278.4867037,167.5214814,5.101048581,26.77962608,22.76799093,260.6257519,279.1977757,168.6184086,5.107278219,26.6461334,22.72665198,3.835436926,-25.03240725,21.1967654,-3.841100962,24.94910623,-21.10818723,260.4260044,278.4417266,167.4366143,2.169116947,5.349605825,5.662552587,260.5503037,279.157371,168.4909407,2.171266515,5.097044033,5.85006367,0,-94.10531437,142.4506429,-0.05163467239,-96.22196024,140.1558925,0.01207723234,-94.0321827,142.6335859,-0.04420626529,-92.10235055,144.2872664,49.98419923,49.98419629,3166.455366,3155.494786,-152.0521377,-317.0236166,3.7882059,1
2663,96,32,16,1,0,1,1,1,1,1,0,1,1,1,1,246.1178766,426.9712033,243.7286228,20.19946193,21.72022573,25.49492497,249.8929538,428.9773595,246.1074942,21.13328138,18.95297991,23.96680941,-3.450424033,-11.84063601,15.29428877,5.952222611,2.715516477,-8.662316819,159.8536935,333.1149936,194.9451861,4.884968761,6.862951627,3.80566116,162.3918379,336.3967788,198.2338993,7.191600325,9.43348338,10.63926918,0,-93.73650155,121.9461143,142.1680993,-45.82374835,158.7197021,0.2824682609,-93.81597794,122.2254399,-24.58177911,-126.6098991,109.4308643,49.96131952,49.97694562,6678.766851,5768.145061,1350.357847,546.9011164,3.7590542,1
2664,96,32,16,1,0,1,1,1,1,1,1,0,1,1,1,257.9475262,280.8608154,164.9491903,7.774596318,9.628157989,12.54486969,259.1276258,281.8458086,164.0016525,10.10249874,4.698331137,10.6851502,6.975293983,1.619334812,-8.594687292,-7.013682294,-1.61507596,8.628670355,257.9342773,280.8674327,164.9505516,2.841108516,9.349156975,8.912069061,259.0912231,281.8504546,163.9784955,7.009268066,4.096386563,5.972595076,0,-95.87095471,140.170714,-156.8787811,-73.34291928,108.2764676,0.4168775156,-96.23133224,140.5871029,9.242596544,-158.1650534,-168.4013078,49.98500857,49.98502829,3002.097698,2990.445651,-126.0030094,-292.3133359,3.8351491,1
2665,96,32,16,1,0,1,1,1,1,1,1,1,0,1,1,254.9698796,281.744912,170.8316977,25.5360195,56.37685003,57.97198667,260.1548509,279.9126471,166.6820959,28.04287314,53.58398583,57.35299601,-0.9769989929,-37.39374914,38.37043241,0.9918404024,36.9522359,-37.94440935,254.5376814,280.300532,169.2356753,12.92034395,17.44048355,14.8220358,259.4403611,279.7835871,166.2791439,17.17707155,8.387029242,15.78954529,0,-93.53174297,141.4207875,174.3859643,-73.91560503,69.08437364,0.9813706502,-94.53869545,143.1279835,-4.117652306,131.5843295,-154.9839397,49.97988128,49.98006995,4017.483482,3950.717797,60.62505498,-206.1494807,3.8006374,1
2666,96,32,16,1,0,1,1,1,1,1,1,1,1,0,1,253.5866496,283.6971509,169.2223381,4.414071935,15.27619953,16.86120231,253.1115247,285.5603696,168.9991078,5.773986637,15.75390704,14.46445634,0.8529497976,-11.25883667,10.4033386,-0.856857408,10.97889627,-10.12640346,253.1397841,283.3651483,168.2563066,3.234724388,5.200392951,8.47812138,252.7715378,285.4175669,168.3757803,4.940406349,7.208563724,3.191793927,0,-94.55575129,140.2881179,-81.87219819,-57.62380548,134.9343716,0.3075384964,-94.60268029,140.2198067,40.48866077,-120.4455801,153.5156723,49.98469897,49.98431845,3070.391656,3132.031336,-108.2465296,-293.1598045,3.826868,1
2667,96,32,16,1,0,1,1,1,1,1,1,1,1,1,0,254.2654967,282.463109,168.0666175,47.54310972,48.71822783,22.97605495,254.353086,286.9547916,164.0323322,48.16833461,48.73283857,16.00938288,32.68727047,-31.20127569,-1.483785219,-32.78637069,31.24901776,1.539701478,254.150563,282.2202774,167.7120129,9.28235379,13.19864028,17.72523018,253.1449444,286.0974939,163.7890178,11.52658503,12.40348304,7.164610457,0,-94.95058052,140.220515,-111.2154205,-33.6290215,125.7717156,0.9741519266,-95.64796336,139.6221993,48.85363102,-164.6874219,-76.75807185,49.98301661,49.98002145,3280.81426,3906.428426,-120.0311745,-136.0135839,3.8603323,1
2668,96,32,16,1,1,0,1,1,1,1,1,1,1,1,1,259.4356384,280.7966358,162.8354839,10.49461742,4.793495402,11.37062639,258.4536889,281.4199671,165.6519111,8.426038372,9.447617971,12.86683176,-7.813145596,-1.758537638,9.571612825,7.748903544,1.721241352,-9.470184983,259.376912,280.7985872,162.817928,6.603574949,4.058858451,5.636611578,258.4321914,281.4264565,165.6511453,2.350159298,9.107299919,8.36886215,0,-96.72072147,139.846404,5.574832683,-155.5133517,-174.2780231,-0.3402578097,-96.24276446,139.7776876,-163.7624225,-74.28484425,110.6205146,49.98503512,49.98502077,2998.380515,2990.355522,-126.2374545,-293.4947106,3.7589168,1
2669,96,32,16,1,1,0,1,1,1,0,1,1,1,1,1,261.2587179,278.8586014,165.1714605,28.43736413,55.48889072,59.22844774,256.2248069,282.2605771,171.7851629,25.93147299,57.83096561,59.34094285,-1.243727772,-38.29185664,39.53509571,1.188855376,38.44081765,-39.63017796,260.4965987,278.7855872,164.7120377,17.06986974,8.417124024,15.58613627,255.7541586,280.9581073,169.697843,12.79371186,17.45451026,14.37345969,0,-95.31360021,141.7542376,-6.54123901,129.9144538,-156.6978377,-0.9167300286,-94.16905485,140.376404,171.4208673,-75.12387488,67.90951323,49.98000375,49.9797442,3942.797469,4016.60261,-48.48825394,-133.9659016,3.785407,1
2670,96,32,16,1,1,0,1,1,1,1,0,1,1,1,1,259.4629949,280.7796379,162.845082,10.54078231,4.790760546,11.40530483,258.4724316,281.4038555,165.6607447,8.472525473,9.456853419,12.89285671,-7.854938593,-1.74636897,9.601305682,7.790378234,1.708425631,-9.498830354,259.4031388,280.7815306,162.8269114,6.622892384,4.060803404,5.650270537,258.4508118,281.4102755,165.6599693,2.368045755,9.11919145,8.372021949,0,-96.71418099,139.858322,5.540180946,-155.6888737,-174.2020976,-0.3403990861,-96.2350224,139.7884764,-163.9413827,-74.25202221,110.5329378,49.98504133,49.98501388,2997.844483,2991.187001,-126.8871187,-293.4285585,3.7663184,1
2671,96,32,16,1,1,0,1,1,1,1,1,0,1,1,1,373.7787743,341.0039167,253.8583595,17.67377966,13.68906908,18.51967524,374.2119789,342.7666283,255.437285,17.48213357,13.77381679,16.52693834,-5.572482249,-3.082360815,8.653522135,3.05618918,-4.306297341,1.248689741,313.7803432,242.3062745,187.3294253,1.474963517,4.4330651,5.852283443,314.7924215,243.5031081,189.2506021,4.423578768,5.08834497,7.384793912,0,-82.00015382,163.3095468,49.51814047,-63.59514686,177.9453017,0.03928525805,-82.00573063,163.4044636,-14.73000059,-98.19026318,151.4059789,49.96215269,49.98136254,5659.829857,5637.702597,-799.8249356,-1065.31853,3.7402667,1
2672,96,32,16,1,1,0,1,1,1,1,1,1,0,1,1,261.5045082,280.2243814,159.5330999,38.79064253,8.824999217,45.0469938,261.5133152,281.0375122,160.6407083,38.75076189,8.724472284,44.87206443,-36.3112972,-5.330779475,41.6420567,36.26003678,5.24319135,-41.50321277,261.1540956,280.0501246,159.21981,2.068587168,5.276648469,5.555790011,261.2496614,280.8589671,160.1563757,2.303000095,5.224895623,5.393768849,0,-98.45976907,138.7074653,-5.7269023,-98.23268345,136.0860045,0.03227422195,-98.39406687,138.8762479,5.067645367,-98.9052523,140.9985773,49.98286655,49.98284087,3432.14095,3426.596251,-38.12631713,-203.7649807,3.7845171,1
2673,96,32,16,1,1,0,1,1,1,1,1,1,1,0,1,266.3668267,275.7748425,163.7085467,71.12826725,31.30758078,67.96587064,258.6900142,284.3479111,161.2705921,70.58206928,36.19891828,65.1152544,-46.79109803,1.426801702,45.36412351,46.59986572,-1.744974752,-44.85507567,263.6448522,275.3127535,161.5359593,17.57157003,14.0439368,19.7805245,257.6241387,283.6474773,161.0329319,16.86111641,22.66625031,10.1501081,0,-96.70963913,141.5836542,-73.22307671,38.84139797,161.2188542,0.8930810379,-96.24069776,139.5659202,92.46297552,-122.3469107,3.770437439,49.97773619,49.97779887,4445.975974,4396.799234,168.8083603,-134.876285,3.7937399,1
2674,96,32,16,1,1,0,1,1,1,1,1,1,1,1,0,257.4500979,281.9854396,163.5028799,12.25404405,10.2860931,10.23341915,255.8158874,284.8866317,164.0520254,11.87228485,13.80197769,3.317249931,10.35724729,-9.218480166,-1.139296564,-10.42214475,9.285904872,1.135687151,257.3927556,281.9056377,163.4265518,5.744680752,3.215872276,10.02742213,255.6919429,284.7403617,163.94286,4.752089534,9.671156001,2.6094968,0,-96.79076097,139.3264806,-54.21918508,-32.06967435,151.4311999,0.222725086,-96.64455785,138.802416,78.87010945,-114.3439919,82.51606479,49.98503394,49.9848737,3006.294758,3014.465381,-103.4345905,-282.9547167,3.8002478,1
2675,96,32,16,1,1,1,0,1,1,1,1,1,1,1,1,259.4339812,280.7999247,162.8335062,10.50135826,4.795729498,11.37745932,258.4529878,281.4235207,165.6515351,8.436648166,9.449709734,12.87674316,7.826730973,1.757048085,-9.583825928,-7.762649041,-1.721930667,9.484504703,259.3752223,280.8018638,162.8159411,6.598869068,4.059616402,5.630726233,258.4314823,281.4299922,165.6507473,2.345454942,9.108587363,8.370910717,0,-96.72244305,139.8443091,5.570095833,-155.5334453,-174.2733426,-0.3402622201,-96.24438721,139.7757812,-163.7544003,-74.28087794,110.6557998,49.98502352,49.98503301,3000.008608,2988.535063,-125.6328359,-294.1719516,3.7988798,1
2676,96,32,16,1,1,1,0,1,1,0,1,1,1,1,1,259.4696721,280.7688238,162.8349378,10.57689016,4.778842585,11.43634288,258.4838736,281.3978531,165.6653383,8.523533913,9.469177091,12.93764258,7.915148224,1.731294947,-9.646591161,-7.85045638,-1.695256911,9.545559375,259.409203,280.7706398,162.8165758,6.60889755,4.055731234,5.635934888,258.4621243,281.404254,165.6645362,2.35384387,9.135930959,8.390292541,0,-96.7149487,139.8622688,5.524987665,-155.9222229,-174.0408707,-0.3413478081,-96.23441392,139.7922879,-163.9193997,-74.26766401,110.6034171,49.98503733,49.98501516,2998.216601,2991.045988,-125.5127679,-295.0606318,3.908852,1
2677,96,32,16,1,1,1,0,1,1,1,0,1,1,1,1,261.4009572,278.6739168,165.1737743,29.62056641,56.60551719,60.63143832,256.1034934,282.1763761,171.8519653,27.11353174,58.95726716,60.6820803,1.297722142,39.01623917,-40.31423979,-1.239816801,-39.16867196,40.40820703,260.5876803,278.5973558,164.6763936,17.70142186,8.668857712,16.10826299,255.6086237,280.8252013,169.6808601,13.4289791,17.72320813,14.64208301,0,-95.29626589,141.824259,-6.923457359,129.197349,-157.2094879,-0.9473101293,-94.1282342,140.3650934,171.017798,-75.07648691,66.08386396,49.97957693,49.97940383,4065.458046,4100.861629,-43.02992533,-100.2425756,3.888243,1
2678,96,32,16,1,1,1,0,1,1,1,1,0,1,1,1,261.4878889,280.2337451,159.5374963,38.67988628,8.82444454,44.93705409,261.4966009,281.0456263,160.643352,38.64096649,8.725035744,44.76271024,36.21045792,5.332153626,-41.54269371,-36.15938089,-5.245618736,41.40490665,261.1395518,280.0600509,159.2258742,2.062456872,5.275918577,5.556175062,261.2346303,280.867615,160.161089,2.310483518,5.225975579,5.394654614,0,-98.45803085,138.7061847,-5.97571659,-98.23252396,135.9803136,0.03219447478,-98.39245146,138.8750376,5.257668821,-98.90190162,141.1041859,49.98286625,49.9828698,3431.424445,3422.662764,-37.74769381,-204.4044158,3.8240271,1
2679,96,32,16,1,1,1,0,1,1,1,1,1,0,1,1,373.7490486,340.700188,254.3648626,29.61350474,25.21989298,22.85707251,374.0920079,342.1069674,256.0415503,29.88505258,25.47838846,23.37075968,2.42730317,2.505877902,-4.928036373,0.04444727753,4.797810674,-4.837104175,315.2409098,243.2378808,189.7900243,1.625038851,4.374494852,5.770138784,315.71441,244.3645304,191.0083573,5.29002649,5.065987483,7.568595505,0,-81.34385538,163.6047857,-82.30478091,-65.49188007,149.4640341,0.1873444355,-81.33481745,163.9162535,17.75252239,-95.20377218,174.044276,49.97630441,49.96612152,5952.681433,5504.921458,-741.9526113,-1040.120151,3.7682769,1
2680,96,32,16,1,1,1,0,1,1,1,1,1,1,0,1,258.6836064,281.9819258,162.5047883,14.18123626,12.41146594,10.47560664,257.0535802,284.9234968,163.0995932,13.83153177,15.37562681,3.587366553,-11.84655767,10.85928287,0.9883735587,11.94088211,-10.95632719,-0.9834031962,258.5128612,281.703368,162.2392525,5.772124653,3.258978317,10.14461228,256.7904642,284.5220478,162.7285715,4.649944508,9.483353994,2.505914651,0,-97.38117185,139.022518,-52.53527212,-35.77730432,150.9839608,0.2115069088,-97.24001383,138.4691968,80.29754346,-115.036049,78.33974443,49.98542291,49.98443565,2966.106238,3068.068723,-134.8015058,-244.4835964,3.8602626,1
2681,96,32,16,1,1,1,0,1,1,1,1,1,1,1,0,262.3567314,278.5824305,162.9996925,47.55356521,18.29965003,46.24641313,257.9744595,284.2171446,163.397908,47.08247249,23.84744871,44.27702434,32.38025361,-0.3797198884,-32.00593943,-32.2344622,0.5948162438,31.63437457,260.9706608,278.3704795,161.8932803,10.55228551,7.555887489,12.99255495,257.4950192,283.9407649,163.2889304,9.642097284,16.91539098,5.883797267,0,-96.84320987,140.5401932,-65.92319266,41.90984181,166.8050669,0.4258911164,-96.36510099,139.3699069,89.89641183,-113.9016511,45.7250922,49.98068396,49.98324866,3715.007221,3240.63384,19.53555202,-326.010601,3.8257931,1
2682,96,32,16,1,1,1,1,0,1,1,1,1,1,1,1,254.7078785,283.3092091,165.0547854,8.54602339,10.79139995,3.9578061,256.3712025,282.4292478,166.4199699,9.219922661,6.756613399,9.701001023,7.619589924,-5.775746946,-1.843934554,-7.583878539,5.708001369,1.875794504,254.679677,283.3047176,165.0535089,3.634347052,8.899516146,3.165123054,256.3611833,282.4357864,166.4187423,5.072151209,3.03969466,9.403879233,0,-96.05671607,139.1322241,79.48374717,-111.1016605,93.38504465,-0.1166769855,-96.06431612,139.8904368,-44.89925785,-47.43964236,153.0581776,49.98496742,49.98497305,3010.88044,3000.887185,-106.1889522,-276.9994187,4.0259652,1
2683,96,32,16,1,1,1,1,0,1,0,1,1,1,1,1,254.7079779,283.3112248,165.0507528,8.556785758,10.79731477,3.957439125,256.3692932,282.4339624,166.4166755,9.228759625,6.772627252,9.702482956,7.631784241,-5.791290381,-1.840556883,-7.596021696,5.723331157,1.872620063,254.6796379,283.3066672,165.0493607,3.633363151,8.895771054,3.161971932,256.3592555,282.4405061,166.4154274,5.069536114,3.044119875,9.404578171,0,-96.05944136,139.1293249,79.44484721,-111.1235202,93.39551333,-0.1161362997,-96.06647234,139.8875432,-44.90578608,-47.48178289,153.0368827,49.98496761,49.98497286,3011.204269,3000.55223,-106.1075707,-277.005759,3.9056986,1
2684,96,32,16,1,1,1,1,0,1,1,0,1,1,1,1,251.9718136,285.8340045,167.412055,7.551973078,21.11427552,19.04138066,252.6814223,284.9362388,169.8544836,6.036380194,20.8002863,21.34971409,0.1555068694,14.726102,-14.88134652,-0.1429670506,-14.96355795,15.10674726,251.6088063,285.4116118,166.2807358,5.831613955,7.530743422,2.376315978,252.1881409,284.6195865,168.7977509,3.685701416,6.282763454,9.459929495,0,-95.76938157,138.6626564,38.78064002,-131.1258906,168.3319511,-0.4067769584,-95.49745745,139.093802,-95.42428117,-52.01123641,131.4298861,49.98418727,49.98431865,3170.015371,3135.610233,-104.4934718,-254.603709,3.8565718,1
2685,96,32,16,1,1,1,1,0,1,1,1,0,1,1,1,257.8758549,282.4593851,160.877552,74.22874135,38.47989218,68.60131306,265.78463,274.9261013,166.3374429,74.61261915,33.42266252,71.02004656,48.93186833,-1.755005106,-47.17700915,-49.00517425,1.584836634,47.42019606,256.9736473,281.7360169,160.7081413,17.56229506,23.83009205,11.169868,263.449089,274.5062209,163.2870321,18.21647348,15.17593101,20.57234832,0,-97.62611629,138.1804314,91.33643575,-124.3569155,2.811102758,-0.9191202937,-97.97197736,140.6383768,-74.91691955,37.80071615,160.9009783,49.97702122,49.97688676,4566.201097,4600.876819,86.40969252,72.65043167,3.8972136,1
2686,96,32,16,1,1,1,1,0,1,1,1,1,0,1,1,257.5195043,284.1219819,161.6928251,15.39161092,17.05704209,4.327717971,258.8924924,282.7215388,162.9494433,15.50890778,14.48207637,10.26137485,12.77703167,-11.37297421,-1.403734599,-12.64485215,11.22740144,1.417763529,256.9693202,283.2265276,160.8424009,4.105601675,9.249310817,2.782513227,258.6035538,282.102407,162.3125666,4.99116105,3.530648666,9.693530409,0,-98.16951287,137.6910493,72.75525041,-117.2921112,83.35663378,-0.1717845682,-98.14282121,138.513531,-51.93988474,-39.93300061,151.1814475,49.98416402,49.98556296,3177.01401,2865.984208,-65.94217086,-270.1236476,3.8768485,1
2687,96,32,16,1,1,1,1,0,1,1,1,1,1,0,1,457.752129,307.6757414,165.0686541,15.53150795,15.1514216,8.222931723,458.2182724,310.1580539,167.8347104,16.02767311,17.6791315,10.25942083,5.811172206,-4.960897347,-0.8634583538,-0.3793575047,4.628801785,-4.264361694,306.5436866,275.6665178,106.5155709,2.560473237,3.777559713,2.4637476,308.3688417,278.1755712,108.087262,7.645724432,9.826612945,5.417069677,0,-121.1261095,128.4707785,168.3781656,-49.80165885,160.6654466,0.1500881462,-121.0938861,128.6861678,-3.856909814,-142.581788,114.2548788,49.97772977,49.97641417,3533.567422,5672.932021,39.73823226,-392.5679844,3.7348753,1
2688,96,32,16,1,1,1,1,0,1,1,1,1,1,1,0,251.7416947,285.0818739,165.5875524,28.46979364,23.49822491,8.497134947,251.7474412,285.8805246,166.6794059,28.41574829,23.51016991,8.49412785,26.99212684,-21.52531549,-5.466837278,-26.96719793,21.49232062,5.474844492,251.6439183,285.013089,165.4859055,2.298316942,5.238285221,5.687460845,251.6643406,285.8001169,166.5580046,1.903570276,5.456143248,5.684785594,0,-96.1963371,138.3678729,-3.383533112,-98.52264898,138.2124995,0.006195976193,-96.10844741,138.5213139,3.973279572,-94.16069974,138.1185113,49.98401748,49.98401046,3200.24399,3193.30759,-55.72647638,-222.6549914,3.8487781,1
2689,96,32,16,1,1,1,1,1,0,1,1,1,1,1,1,254.7134346,283.3088793,165.0492031,8.554022498,10.79178292,3.963342272,256.3710353,282.4307116,166.4148692,9.220647244,6.763349655,9.694798308,-7.624851843,5.77568283,1.849096583,7.588857773,-5.710009358,-1.878928238,254.6850907,283.3043141,165.0477354,3.632753292,8.897055652,3.165412164,256.3609802,282.4372639,166.4136283,5.058926345,3.046280694,9.395395715,0,-96.059764,139.1307088,79.2475794,-111.1439011,93.55106681,-0.1170220223,-96.06666285,139.8874261,-44.97953827,-47.4330091,153.0295797,49.98496912,49.98497242,3010.663873,3000.928189,-106.6879735,-276.4286493,3.9237335,1
2690,96,32,16,1,1,1,1,1,0,0,1,1,1,1,1,256.5282567,281.799152,166.0338117,4.846622107,10.34933405,6.839716335,257.3298473,281.2363585,168.2596022,3.674822168,9.274906734,11.20713413,1.000800353,-7.325210602,6.324333912,-0.9943949938,7.382290326,-6.387994302,256.5174952,281.8036523,166.0319549,4.607682771,7.192312846,2.338436498,257.3193542,281.223223,168.2347587,3.355413304,5.4612027,9.133773066,0,-95.26594184,140.3682792,43.99785358,-123.9901845,150.5767688,-0.278061986,-95.05952723,140.8488696,-73.26511016,-56.21054426,137.6799131,49.98493668,49.98495519,3016.210044,3005.355456,-132.1151629,-298.8628882,3.8649939,1
2691,96,32,16,1,1,1,1,1,0,1,0,1,1,1,1,254.6008857,285.1713417,163.2898704,49.12539549,49.68741421,16.43931232,254.5535008,282.302219,169.6010132,48.41599765,49.44127387,23.21194289,-33.48685879,32.01374754,1.473629358,33.32973331,-31.84358016,-1.485415437,253.2748239,284.3626635,163.0360785,11.47833894,12.81241488,7.14852979,254.406196,282.06776,169.1108134,9.133599206,13.52675115,17.70439006,0,-96.91615684,138.0612973,46.54727583,-166.6349808,-75.00221398,-0.9484534579,-96.0474233,138.9971393,-113.6499494,-34.07071681,125.4519308,49.97950702,49.98331789,3990.308593,3194.174906,54.9554535,-285.0227937,3.9535183,1
2692,96,32,16,1,1,1,1,1,0,1,1,0,1,1,1,256.0225277,283.0744388,162.7290937,14.58423433,15.97421715,3.359348551,257.9165112,282.0684053,164.2023406,15.12595573,13.4766975,10.37162463,-11.08319989,10.02665584,1.057112269,10.98822112,-9.913989641,-1.07370225,255.7977393,282.8050859,162.5318531,4.021181011,8.82228642,2.687365785,257.8329779,281.9197144,164.0599723,5.906074195,3.009792623,10.16914474,0,-97.20203227,138.3740038,90.6108597,-111.8661298,76.69739714,-0.09692718798,-97.21570456,139.2540105,-42.98920249,-50.13253284,151.8529968,49.98534859,49.98437845,2970.429537,3086.452462,-71.71566674,-272.896014,3.9241758,1
2693,96,32,16,1,1,1,1,1,0,1,1,1,0,1,1,258.0004804,282.7732385,161.2550246,70.51193629,36.71300414,65.07119179,265.2888618,275.6117863,166.0829701,70.86395015,31.53608439,67.37203872,-46.80150167,1.741687804,45.05910893,46.87322156,-1.581589028,-45.29227478,257.183286,282.12545,161.0947446,16.4936107,23.25398448,10.09890902,263.1458223,275.2333057,163.2975844,17.0532444,14.51051185,19.25588257,0,-97.57089907,138.2321361,89.61185783,-123.4794866,7.589269287,-0.8708822648,-97.92010719,140.5258577,-75.67734043,38.35602816,161.9655758,49.97822992,49.97760106,4214.860306,4426.826109,5.860497336,34.59640328,3.8916546,1
2694,96,32,16,1,1,1,1,1,0,1,1,1,1,0,1,251.7223301,285.0814247,165.5894698,28.51555962,23.54075902,8.497527299,251.7353184,285.8966314,166.6832839,28.46692813,23.56206257,8.493743471,-27.03606975,21.56830325,5.467714833,27.01084447,-21.53645225,-5.474443752,251.6248784,285.0121116,165.4884708,2.262106492,5.215877948,5.688189066,251.6514468,285.8162515,166.5612646,1.941940339,5.476278599,5.684258367,0,-96.19392012,138.3669634,-3.893732324,-98.14148589,138.2067304,0.009784979237,-96.10685668,138.5202561,4.429549883,-94.53594805,138.1222894,49.9840149,49.98401641,3200.751208,3193.232515,-54.60730003,-223.747939,3.8795311,1
2695,96,32,16,1,1,1,1,1,0,1,1,1,1,1,0,457.9748954,306.5603978,164.6536649,20.48510511,22.23350303,15.53512784,458.0942595,309.2766585,168.3801087,18.70649858,22.76730369,15.50356577,-11.57850783,11.27276358,0.331989834,6.2132495,-10.93262155,4.747478317,310.2564329,274.3732119,105.8537224,3.71741697,5.468263441,4.369609885,312.4868862,276.9460307,107.8370015,6.796499318,8.818467739,6.074956353,0,-121.4469249,128.7527336,98.1125087,-62.80042266,-175.2363277,-0.03436808237,-121.5606536,128.6280183,-32.8363992,-153.6073343,91.86136767,49.97465586,49.97946785,3528.953985,5686.651885,184.2244638,-482.7266552,3.7783006,1
2843,96,24,32,1,1,1,1,1,1,1,1,1,1,1,1,272.5748026,229.2749001,194.7821715,1.912642652,5.885007911,3.748177065,272.8426956,230.1000168,195.1565026,2.637720276,5.098977138,3.629322245,0.00447479578,-0.000470443537,-0.004330039982,-0.004557787938,-0.001234609358,0.005464891204,272.559058,229.2846782,194.790301,1.911396408,5.884924481,3.747829279,272.8269509,230.1098629,195.1646366,2.636757674,5.098823765,3.628887367,0,-104.7818518,115.9427572,2.98854584,-104.7092015,107.7899966,0.02964798069,-104.717079,116.0512646,-2.233935561,-105.1897649,124.1652973,49.98703519,49.9870404,2596.485138,2588.214737,-22.07830939,-160.075,3.7917453,1
2844,96,24,32,1,1,1,1,1,1,0,1,1,1,1,1,272.526202,229.0687607,195.19038,4.949928325,9.916866347,4.908256246,273.3764235,228.5560192,196.3648357,3.894681314,7.952727317,8.475292669,1.388291704,-6.0826772,4.694064654,-1.382898241,6.114782329,-4.732213757,272.5099326,229.0779046,195.1966305,4.600295278,7.748466019,1.15228342,273.3592979,228.554947,196.3601586,3.441556417,4.9533558,6.978365939,0,-104.5638829,116.2235031,44.03579521,-128.3713693,48.0019805,-0.2518218548,-104.3678808,116.6825746,-68.87395472,-65.80709175,125.0806835,49.98696826,49.98697756,2608.461933,2602.116947,-32.9161363,-169.918136,3.8820289,1
2845,96,24,32,1,1,1,1,1,1,1,0,1,1,1,1,272.5238087,229.0726089,195.1915027,4.952159713,9.903486541,4.893964884,273.3719311,228.5600809,196.3659422,3.889797898,7.943057254,8.466473436,-1.384661073,6.067084185,-4.682723025,1.379154664,-6.102233792,4.722779679,272.5075524,229.0817743,195.1978052,4.604691753,7.743103502,1.142977623,273.3548024,228.5591327,196.3614805,3.438678281,4.956611886,6.976453928,0,-104.5645887,116.2210792,43.9739114,-128.377389,48.20781105,-0.2520177779,-104.3685986,116.6794072,-68.97453163,-65.86027247,124.9958386,49.98697301,49.98697291,2608.561669,2602.040948,-33.06880039,-169.8136299,3.8984066,1
2846,96,24,32,1,1,1,1,1,1,1,1,0,1,1,1,273.4332661,229.0332047,194.0508173,7.083992363,9.795275165,11.00049484,275.0071833,229.8679686,192.640212,9.613208794,4.161261688,9.327744426,6.47761835,1.594840531,-8.072749623,-6.512199149,-1.586537443,8.098438627,273.4140891,229.041961,194.0583091,2.311022662,9.540579281,7.270282438,274.9702615,229.8748406,192.6288054,6.863594509,3.521938552,4.295910472,0,-104.9323161,115.9684727,172.3740729,-87.15595369,81.44249887,0.2954227631,-105.3314487,116.1692588,-2.504728193,-162.3833616,-171.1084071,49.98694483,49.98694475,2614.337949,2607.394556,-24.41513148,-160.6691445,3.8792866,1
2847,96,24,32,1,1,1,1,1,1,1,1,1,0,1,1,273.4317809,229.0332787,194.0542678,7.063350242,9.798017032,10.9815036,275.0072771,229.8652306,192.6412133,9.598354353,4.161217012,9.303727092,-6.45873079,-1.59439676,8.05282104,6.493021036,1.582878485,-8.076222778,273.4126464,229.0420456,194.0617579,2.312468228,9.544122922,7.271110274,274.9705395,229.8721696,192.6299765,6.864839098,3.523857419,4.294177025,0,-104.9310776,115.9696525,172.3230307,-87.13728996,81.46041241,0.2952478373,-105.3308947,116.1707166,-2.522983525,-162.4507412,-171.0894245,49.9869438,49.98694696,2614.129539,2607.463,-24.82034317,-160.3964603,3.9185839,1
2848,96,24,32,1,1,1,1,1,1,1,1,1,1,0,1,272.2033742,229.6723858,194.8352939,7.69942635,5.957073649,6.516955696,271.1390271,231.8785504,195.4665118,7.271941019,9.668459761,3.263803275,-6.30003459,4.840424833,1.459289393,6.320801271,-4.88344093,-1.437671048,272.1872188,229.6810472,194.8419543,4.334952567,3.298567216,6.234195466,271.1129173,231.8786762,195.4729078,3.482885849,8.275382414,2.664528348,0,-104.9155047,115.6471546,-46.21334479,-76.42625059,136.2140269,0.1544475273,-104.7266907,115.3259371,63.98402225,-115.9868977,59.23618824,49.98692072,49.98693872,2618.140993,2609.758986,-25.54205438,-162.046196,3.9097056,1
2849,96,24,32,1,1,1,1,1,1,1,1,1,1,1,0,272.1994987,229.6719763,194.8327043,7.68345789,5.947547359,6.510029977,271.1426772,231.877282,195.4656444,7.265252751,9.659549656,3.270217872,6.292079869,-4.825997393,-1.466397269,-6.312983517,4.865791732,1.44687975,272.1833339,229.6806341,194.8393643,4.316887973,3.304129501,6.223094522,271.116551,231.8774127,195.4720206,3.481757594,8.274040773,2.663441993,0,-104.915903,115.6458851,-46.28504456,-76.34609535,136.1794624,0.1541862558,-104.7278762,115.3259399,63.67441013,-116.0369269,59.48421758,49.98692689,49.98693329,2617.834474,2609.963106,-25.08763485,-162.4346238,3.9728881,1
2850,96,24,32,0,1,1,1,1,1,1,1,1,1,1,1,273.2489324,227.827956,195.6812222,3.688876906,7.796684731,8.141436163,272.7689423,230.0028185,195.4757824,4.984626635,9.318094377,4.477562209,-1.349613982,5.782736498,-4.433418712,1.350097389,-5.715673001,4.365280697,273.2317091,227.8295932,195.6761129,3.229654061,5.097399112,6.792678412,272.7529747,230.012345,195.4813511,4.655248587,7.268178172,0.7213393094,0,-104.2589031,116.9107106,-71.17326837,-70.68982335,120.5737612,0.2802538207,-104.2696965,116.6522441,41.12835698,-127.3099508,76.93104034,49.98699175,49.98699575,2605.236701,2597.124745,-36.4070725,-173.9685415,3.8490135,1
2851,96,24,32,0,1,1,1,1,1,0,1,1,1,1,1,299.5131094,333.3363232,302.87243,23.68492718,25.12637746,29.55778286,299.8618623,334.1083578,303.3823262,23.4550847,22.61946129,28.23061495,-1.683300032,10.13699294,-8.469227126,-1.351934623,-1.998536371,3.33511251,201.8642327,268.4211971,242.6629613,2.466371306,7.044576359,5.780456483,202.1336326,269.776988,243.7878029,1.539465078,7.163818388,5.744759891,0,-102.6409633,97.6463324,24.92996897,-77.47998678,135.1599794,-0.1398040866,-102.7651822,97.48788612,-42.81448766,-127.7326801,59.54141613,49.95849566,49.98770092,5369.230172,5374.638305,401.3745045,190.2582325,3.7852233,1
2852,96,24,32,0,1,1,1,1,1,1,0,1,1,1,1,275.2323761,225.10208,196.5699648,5.490686847,32.71361767,28.34718376,275.37082,225.9691962,197.0984057,5.489399877,32.57877361,28.27075635,-3.557120238,30.5033564,-26.94649068,3.54853956,-30.40567576,26.85687881,275.1188696,224.9984094,196.4185122,2.28617033,5.482856991,3.623327751,275.2579152,225.8408458,196.9472458,2.299255385,5.300386223,3.750559472,0,-103.3981096,118.8402458,0.3427727228,-105.2617787,115.8157535,0.01092641035,-103.2957487,118.9298557,-0.4373407474,-101.7516806,121.5638808,49.98580507,49.98580711,2842.403309,2834.248081,-30.82127262,-167.164024,3.8571219,1
2853,96,24,32,0,1,1,1,1,1,1,1,0,1,1,1,270.0039742,228.6930929,200.2910083,23.17847972,51.31385805,53.14307655,275.248845,227.4445673,195.4254514,25.71556255,48.6514204,52.31099796,1.133542971,34.34906304,-35.48256637,-1.197312646,-33.9719912,35.16934898,269.7316545,227.5798417,198.722054,11.45645667,16.051599,13.59052979,274.805269,227.386291,194.9811477,15.83130012,6.816852655,12.60553306,0,-103.1033395,117.1042723,162.5429348,-84.16544715,50.77449818,0.6470431937,-104.1689283,118.0572402,-12.46168011,128.0349496,-161.7207489,49.98250258,49.98338699,3470.233129,3232.640645,132.896277,-135.868549,3.8050995,1
2854,96,24,32,0,1,1,1,1,1,1,1,1,0,1,1,273.7626122,228.7300031,194.0323675,11.92342343,9.929912449,14.26874105,275.4139693,229.4095402,192.7776826,13.52219053,4.093480767,13.22014358,-8.352659618,-1.73419217,10.08652934,8.397118803,1.737262138,-10.13471055,273.7322881,228.7346177,194.0328635,2.11046954,9.579620325,7.012455438,275.31222,229.4083908,192.6953739,6.615477757,3.139729084,4.374525268,0,-104.8682204,116.181016,162.5875321,-89.35118492,80.41032844,0.2574883693,-105.2552405,116.4087983,-5.43088944,-161.3834902,-174.7324948,49.9868062,49.98684778,2641.169081,2628.927287,-28.10127509,-157.9893524,3.8736951,1
2855,96,24,32,0,1,1,1,1,1,1,1,1,1,0,1,272.2035318,229.6630024,194.8468536,7.772541183,6.063870905,6.537619856,271.1384303,231.882607,195.4723866,7.365228651,9.749133931,3.233482717,-6.373621203,4.939668682,1.433647113,6.394569012,-4.982468517,-1.412396097,272.1872959,229.6716716,194.8535559,4.337833079,3.307856419,6.266215374,271.1120108,231.8824131,195.4787072,3.51905993,8.295643637,2.651179088,0,-104.9104434,115.6537544,-46.70823747,-75.67782586,136.1580453,0.1565896277,-104.7240188,115.3289333,63.81565352,-116.2507862,58.60714081,49.98693045,49.986925,2617.171404,2611.511508,-25.81035642,-162.1864915,3.8602179,1
2856,96,24,32,0,1,1,1,1,1,1,1,1,1,1,0,273.063747,227.8511533,195.9081804,3.739721208,8.166609249,8.673293806,272.5499609,230.1010255,195.6539928,5.093631256,9.703141383,5.095893024,-1.129489987,6.214509027,-5.085334166,1.129011482,-6.137895591,5.008557745,273.0468662,227.8508622,195.8996069,3.378648104,5.143832394,6.988899009,272.5340039,230.1102716,195.6594298,4.835091973,7.408362189,0.616667335,0,-104.1985833,116.9195862,-73.47880885,-68.49075417,120.7401071,0.29665068,-104.2172052,116.6411936,42.15182053,-128.3373621,63.34919582,49.98697748,49.98697754,2608.759266,2600.125322,-37.59870305,-175.5006235,3.7992815,1
2857,96,24,32,1,0,1,1,1,1,1,1,1,1,1,1,273.2540118,227.8293107,195.6785435,3.687539477,7.805564034,8.141674541,272.7745683,229.9988653,195.4707355,4.979500416,9.320506013,4.478508888,1.358233491,-5.792825531,4.434283734,-1.358822411,5.72246078,-4.363944135,273.2367818,227.8309499,195.6734433,3.225244383,5.100952859,6.79263288,272.7585964,230.0083864,195.4763222,4.647767187,7.264229017,0.7240414901,0,-104.2598358,116.910949,-71.06078479,-70.71756664,120.6079068,0.2795557355,-104.2711895,116.6527174,41.10666079,-127.3242716,76.69805164,49.98699673,49.98699148,2604.702936,2597.589292,-36.71811523,-173.6006817,3.8793193,1
2858,96,24,32,1,0,1,1,1,1,0,1,1,1,1,1,275.2247708,225.0967579,196.5912587,5.496992791,32.88745366,28.51963812,275.365578,225.9577723,197.1239125,5.499312455,32.75213679,28.44659622,3.554639401,-30.6571085,27.10217468,-3.546040822,30.55649065,-27.01072783,275.1083239,224.9891085,196.4378488,2.28170625,5.483113087,3.610265851,275.2512065,225.8268079,196.9690185,2.303749884,5.299878525,3.764634763,0,-103.3899874,118.8481052,0.5924338634,-105.3000492,115.7708852,0.010565331,-103.2866678,118.9401876,-0.6833601322,-101.6946626,121.6034243,49.98580126,49.98579192,2843.202616,2837.008614,-30.44243555,-167.4015897,3.7721276,1
2859,96,24,32,1,0,1,1,1,1,1,0,1,1,1,1,304.9820083,333.3111939,302.3071541,23.28980561,25.5283602,30.12304992,306.2100845,334.5051118,303.0169195,23.36970996,23.37880828,29.20874708,0.6496984264,-6.52031838,5.873033473,2.452833282,-1.651543745,-0.7981815842,206.3032347,268.6258517,242.3711928,1.725927341,8.344424591,5.100083311,207.1306484,269.8967112,243.1806602,2.996145528,4.844022811,3.990866704,0,-102.8249639,97.94532703,60.39605677,-93.56432982,97.63257721,-0.03535082796,-102.9173863,97.96761138,-30.13937427,-119.4641711,98.05991624,49.95657009,49.98961775,5660.382652,5056.375513,341.6840066,191.6017351,3.7293168,1
2860,96,24,32,1,0,1,1,1,1,1,1,0,1,1,1,273.6997903,228.8447972,193.9616543,9.570736334,9.857131429,12.63654116,275.2772172,229.5991389,192.6119117,11.50839805,4.113654805,11.2930984,7.597833045,1.635613408,-9.233795597,-7.638457067,-1.636129479,9.274233989,273.6755702,228.8519978,193.966261,2.129747916,9.553989321,7.167940716,275.2110799,229.6025413,192.5681267,6.670122818,3.317464335,4.288715654,0,-104.9166482,116.0920562,168.35879,-88.3562912,81.37483193,0.2765620288,-105.3086604,116.2996955,-3.641739312,-161.8132531,-172.3438397,49.98691495,49.98687638,2619.473806,2620.772982,-29.02741838,-155.7605029,3.8460609,1
2861,96,24,32,1,0,1,1,1,1,1,1,1,0,1,1,269.4104886,228.7595598,201.036878,25.40599409,56.01971845,57.97514134,275.0987764,227.0069683,195.4515081,27.89352285,53.23514901,57.09599241,-1.121928673,-37.30099865,38.42283585,1.192928524,36.89191522,-38.08493148,269.0814784,227.4386152,199.1920723,12.46684685,17.29579085,14.74096927,274.5774462,226.9407656,194.9219808,16.80532401,7.780858712,13.76290105,0,-102.9059838,117.1669793,161.2096682,-84.91032882,49.51954165,0.6989781552,-104.0845529,118.2212635,-13.74485559,121.5539042,-160.3226919,49.98196608,49.98216263,3599.207449,3533.126463,156.7477117,-77.78412169,3.8187371,1
2862,96,24,32,1,0,1,1,1,1,1,1,1,1,0,1,269.8686427,230.7044604,197.7293163,8.321363746,25.27631308,24.54499661,269.9573859,233.628588,196.2758617,10.50884563,25.12085517,22.55399752,-1.471150815,-14.94355786,16.41432464,1.511562233,14.62984989,-16.14180615,269.6070583,230.4313142,196.9885908,4.706532334,7.895868597,9.203545872,269.7456777,233.2119163,195.5449227,7.923893373,8.024454647,2.21264397,0,-104.4382093,115.2629887,-118.7403014,-58.2505406,106.3984839,0.570385496,-104.7430694,114.9484367,31.51485769,-150.1115286,-103.4080582,49.98603903,49.98600896,2796.433325,2791.59932,-0.4131760375,-157.5844314,3.8640137,1
2863,96,24,32,1,0,1,1,1,1,1,1,1,1,1,0,272.1957591,229.5339134,194.985122,8.375701135,6.879590294,6.7508685,271.1120709,231.8651482,195.5242912,8.108280982,10.33122167,3.01299756,6.76774636,-5.492526575,-1.275557083,-6.790341344,5.528777137,1.261211123,272.178894,229.542303,194.9909132,4.393523462,3.418387401,6.530743208,271.0819498,231.8614775,195.5297101,3.817472498,8.402326293,2.485974167,0,-104.8442204,115.7430841,-50.62879372,-70.92931241,135.1482488,0.1835178404,-104.6746651,115.3931849,62.88408159,-118.0791331,53.45274633,49.98689724,49.98692795,2623.444977,2611.718324,-25.62851144,-165.0403555,3.9105853,1
2864,96,24,32,1,1,0,1,1,1,1,1,1,1,1,1,275.1930382,228.950301,191.8802854,9.940591344,4.443502876,9.977729803,273.938119,229.9091761,194.1661043,7.716523815,9.573776144,11.38706357,-7.172076051,-1.799574204,8.971373567,7.122270582,1.779334411,-8.901862382,275.1459165,228.9559953,191.8673879,6.511160346,3.670418353,3.831018293,273.916522,229.9183215,194.173443,1.970085474,9.24769484,6.78634709,0,-105.6121608,115.8931979,-4.068160123,-158.8948107,-176.19508,-0.2390467131,-105.0419712,115.8609576,166.8342458,-87.05199188,84.23232212,49.98693326,49.98693522,2615.818203,2610.24755,-20.66177177,-159.1158568,3.8760579,1
2865,96,24,32,1,1,0,1,1,1,0,1,1,1,1,1,275.4647481,226.4013751,194.4614844,29.51233211,56.72304152,60.71568623,269.7126874,230.316808,201.3733967,27.0474475,59.10325204,61.22503036,-1.481240274,-39.26996875,40.7509653,1.417036793,39.42505343,-40.84234116,274.8052574,226.3321721,193.8953758,17.29888615,8.243745723,14.08520558,269.3059048,228.77996,199.3269494,12.97566174,17.7439781,14.86918694,0,-104.5402683,117.6502593,-15.72261767,119.416539,-161.3534011,-0.6719815038,-103.1235429,116.6907232,158.9636217,-85.53247592,47.85686708,49.98164453,49.98144515,3621.884069,3678.656216,75.80542991,26.03273637,3.8639311,1
2866,96,24,32,1,1,0,1,1,1,1,0,1,1,1,1,275.3745804,228.7930032,191.8737539,10.6227681,4.380164889,10.62822338,274.0662365,229.7723616,194.1636517,8.521920017,9.633132874,11.92989078,-7.694029432,-1.718708032,9.412578173,7.640833009,1.693521512,-9.334519645,275.3172334,228.7979283,191.8517653,6.59963482,3.627969493,3.931123934,274.0427719,229.7811419,194.1701551,2.064371345,9.32358066,6.807811261,0,-105.5860399,115.9952397,-4.572011154,-160.0196833,-176.0308283,-0.2385984701,-105.0084768,115.9525846,165.6150472,-87.12097459,83.50547372,49.98694396,49.98689551,2616.205175,2616.588186,-22.82802375,-158.0109962,3.917551,1
2867,96,24,32,1,1,0,1,1,1,1,1,0,1,1,1,344.6912925,264.3394762,325.7956559,14.91958427,9.759153019,15.08140914,346.3743606,267.8565772,326.9978538,15.55118196,12.38642653,13.42130809,-10.58779673,-0.6619864228,11.25003811,9.125134842,-6.11312969,-3.01131688,302.3305663,186.715462,221.5233775,3.875466802,3.662077224,3.039816908,304.8459688,188.9813911,224.4309178,7.982047664,7.2143431,9.40880324,0,-90.42565729,142.6783209,126.2060331,-40.04469248,-116.0964981,0.1388678737,-90.37214306,142.9217275,-23.0497095,-113.5913413,124.2024652,49.98231365,49.97017276,4546.925688,4932.747712,-255.8987685,-1035.006406,3.7765027,1
2868,96,24,32,1,1,0,1,1,1,1,1,1,0,1,1,277.932587,229.2208311,188.0494436,34.88438362,8.633732892,40.92786424,278.0040342,230.1612879,188.5423987,34.86776468,8.560162941,40.81322482,-32.60538886,-5.49011618,38.09531823,32.57614211,5.432140654,-38.00848975,277.684133,229.0677125,187.8275466,2.212028364,5.507095141,3.650871612,277.7987281,230.002884,188.2757803,2.426821601,5.467392194,3.398745025,0,-106.8031775,115.2212659,-4.175168073,-106.691705,112.5394286,0.02903324885,-106.7088483,115.2935064,3.727368338,-107.1943971,117.8790708,49.98505377,49.98506089,2989.968049,2985.918043,54.280796,-82.52159005,3.8217071,1
2869,96,24,32,1,1,0,1,1,1,1,1,1,1,0,1,280.1720197,224.7360996,191.8505143,68.80970869,29.01103312,65.96829358,273.9776909,233.1424394,190.276853,68.53108029,34.1284297,64.34636029,-44.93773058,0.5751082196,44.36229955,44.80145372,-0.8085169811,-43.99322037,278.1634883,224.369782,189.5852842,16.38021312,13.1423026,16.67670536,273.2348895,232.5119557,190.1044134,16.45640525,22.00609947,11.46054246,0,-105.6003026,117.6446962,-82.5446305,27.40969819,150.7356482,1.011587239,-105.0648857,115.9186772,81.3629889,-131.4047652,-9.037925096,49.97996071,49.98014052,3991.736707,3929.063931,268.4590909,-6.855159577,3.8250394,1
2870,96,24,32,1,1,0,1,1,1,1,1,1,1,1,0,273.847374,230.0661817,192.5921974,10.42239824,9.268390129,6.984980336,272.722125,232.6738521,193.1690336,10.31326098,12.52449566,3.117851277,8.968811772,-8.189181066,-0.7794230542,-9.028680237,8.252144129,0.7767490731,273.7975037,230.0029232,192.5452034,4.622620161,3.307406508,6.811295913,272.623012,232.5565932,193.1041368,4.249956605,8.983102327,2.701492639,0,-105.6891739,115.1679236,-55.14564285,-61.33107173,136.8471656,0.2140059595,-105.5142369,114.7650228,63.27105039,-120.7044167,44.52134202,49.98696189,49.98679615,2613.305379,2634.455197,-9.638754016,-159.1227315,3.9228856,1
2871,96,24,32,1,1,1,0,1,1,1,1,1,1,1,1,275.1813183,228.9560085,191.8855037,9.870148724,4.444787529,9.913207106,273.9340485,229.915425,194.1703642,7.638990007,9.570105892,11.33567294,7.109754901,1.805494871,-8.915580652,-7.060442286,-1.788496161,8.848622764,275.134887,228.9616726,191.8729909,6.490132605,3.668121266,3.814795492,273.9125131,229.9245652,194.177696,1.948923902,9.24242435,6.784532709,0,-105.611221,115.8908477,-4.038279309,-158.7911263,-176.1861921,-0.2384338557,-105.0418874,115.8600221,166.8349624,-87.07818832,84.36722732,49.98693346,49.98693899,2616.586637,2608.842889,-19.57420668,-160.1915022,3.8517801,1
2872,96,24,32,1,1,1,0,1,1,0,1,1,1,1,1,275.3895198,228.7248684,191.9477045,11.48021746,4.385999029,11.49411471,274.1037502,229.7327766,194.1880197,9.638623201,9.622034101,12.66491518,7.977265027,1.787141295,-9.764789215,-7.922044441,-1.761140187,9.682796848,275.3143524,228.7277989,191.9086575,6.428203987,3.545226816,3.852960148,274.0762162,229.7404939,194.192799,1.907890802,9.27857696,6.71031159,0,-105.5528559,116.0446526,-5.128344922,-158.8481797,-177.2652846,-0.227411569,-104.9841663,116.0045895,162.8751681,-87.70499155,84.09285667,49.98690357,49.98688333,2624.183849,2619.782447,-18.14787161,-162.9613768,3.9426687,1
2873,96,24,32,1,1,1,0,1,1,1,0,1,1,1,1,275.5166448,226.2645282,194.4455524,30.44435922,57.57446783,61.77692449,269.5516887,230.2602346,201.4397547,27.98173569,59.96114266,62.26000052,1.511745961,39.82995062,-41.34169916,-1.445118418,-39.98642102,41.43152934,274.822659,226.1928551,193.8462478,17.77654787,8.433984987,14.47186387,269.1295675,228.6800352,199.3322488,13.45987472,17.94383215,15.13603202,0,-104.5297939,117.7024932,-15.99950577,118.8901407,-161.9092373,-0.6871435268,-103.0913783,116.6937809,158.7917327,-85.48418106,46.68377525,49.98132081,49.98115626,3714.298262,3753.3691,80.89749916,54.6072931,3.8463018,1
2874,96,24,32,1,1,1,0,1,1,1,1,0,1,1,1,277.9485757,229.2187744,188.0374229,35.00774759,8.634137625,41.04881918,278.0226217,230.1596055,188.5331793,34.99302154,8.563042941,40.93518843,32.71556195,5.486126525,-38.20189837,-32.68634602,-5.430207032,38.11633008,277.6981597,229.0640022,187.8131914,2.197121173,5.505188009,3.644618291,277.8154153,229.9996801,188.263683,2.441908474,5.469154435,3.405459354,0,-106.8064943,115.2226556,-4.188861413,-106.6671955,112.37644,0.02869313881,-106.7124513,115.2950419,3.69080735,-107.2256974,118.0460347,49.98504862,49.98504967,2992.873285,2986.244004,55.23713332,-82.9201763,3.8572804,1
2875,96,24,32,1,1,1,0,1,1,1,1,1,0,1,1,344.1817651,262.4335437,325.3415904,16.18467183,10.73704276,15.79605324,345.775404,265.6298591,326.5681549,17.50099511,12.92772092,16.22719049,5.456419843,1.082862308,-6.5418519,-4.000810101,5.61751043,-1.619678469,302.4602644,185.3833084,222.786313,3.377537971,3.591244532,0.7212676075,304.5539401,187.4538034,224.9996872,8.431729905,6.701200663,8.078124851,0,-89.83307523,143.3945563,-179.7963049,-47.56344626,79.57643197,0.2256289539,-89.77433875,143.7049922,0.1121969718,-111.12431,147.9722294,49.98449083,49.96792505,3902.87963,5593.468992,-393.9530414,-887.1699798,3.7283981,1
2876,96,24,32,1,1,1,0,1,1,1,1,1,1,0,1,278.158182,231.3996414,188.7641004,16.71646924,15.87557406,7.662227791,277.1806911,234.097049,189.581274,16.75337587,17.95450239,4.449223727,-14.09947057,13.36103184,0.7380345257,14.25058158,-13.50989409,-0.7410975536,277.6297369,230.094887,187.8075361,4.341708321,3.582132713,6.715925,276.5743884,232.6084114,188.3270301,4.007435218,8.646758484,2.570792367,0,-107.0958174,114.655985,-52.99969934,-66.56893153,135.7499821,0.2054117618,-106.944472,114.2459341,59.97673513,-122.827421,42.33833228,49.98763133,49.98562751,2517.973645,2819.700617,-26.22369529,-107.6174613,3.8215863,1
2877,96,24,32,1,1,1,0,1,1,1,1,1,1,1,0,274.9944232,228.7550985,191.62832,26.01232333,7.239125383,26.10327704,273.2258665,231.7078067,193.5997525,25.58714805,13.84859298,25.9725369,18.17434704,1.025161223,-19.2015729,-18.09959968,-0.9350046365,19.03260231,274.6255583,228.6923958,191.2249395,5.402356285,1.029018858,5.552635628,273.1308918,231.6542741,193.5718793,3.803960532,11.82638832,5.914220676,0,-105.7788985,115.6747877,-43.91345749,38.31202312,168.8776684,0.06454450414,-105.2288751,115.3525688,79.80629412,-108.6607296,66.55607633,49.98545498,49.98662345,2809.273898,2660.47542,48.72813698,-205.3770042,3.8264442,1
2878,96,24,32,1,1,1,1,0,1,1,1,1,1,1,1,271.3699836,230.7311594,194.7409774,6.717832766,9.580375576,3.324829137,272.6781664,230.2826106,195.1636807,7.159971664,5.610741948,6.640029071,5.712841487,-4.390859393,-1.322306465,-5.682627788,4.334870695,1.347437142,271.3428946,230.7355348,194.7473177,3.462721338,8.439939171,2.876923225,272.6612228,230.2920514,195.1690496,4.297660593,3.379367857,6.42418148,0,-105.0590856,115.059491,63.29431891,-118.1273634,53.91859623,-0.1297746238,-105.0382164,115.5536478,-46.1910077,-71.43395436,138.1863726,49.98693971,49.98694081,2615.585937,2608.192342,-18.34027491,-158.5920529,3.8911576,1
2879,96,24,32,1,1,1,1,0,1,0,1,1,1,1,1,271.360926,230.7308217,194.7595031,6.811530773,9.685086671,3.262088285,272.6845779,230.2464229,195.1989097,7.227126103,5.715619899,6.696015426,5.765634336,-4.509378529,-1.256560459,-5.735236385,4.453740972,1.281188108,271.3336651,230.7352267,194.7658757,3.547803937,8.493740041,2.857431287,272.6675214,230.2558712,195.2044175,4.332468387,3.392679758,6.505518737,0,-105.052279,115.0646907,63.38968429,-118.5787338,52.34439795,-0.1368216987,-105.0287164,115.5678855,-47.22810942,-69.97680488,138.0811857,49.98693658,49.98693931,2616.288704,2608.379871,-18.75439891,-158.8738895,3.9085895,1
2880,96,24,32,1,1,1,1,0,1,1,0,1,1,1,1,269.7245977,233.3887155,195.73891,12.82423641,29.56139419,26.27594686,269.6572524,232.040776,198.6700076,10.62267036,29.66370944,28.13783817,2.08891967,16.2321179,-18.32139062,-2.039851029,-16.47424543,18.51376245,269.4026538,232.8333137,194.7290587,8.979954376,8.771111635,3.067193616,269.2880896,231.6508321,197.631616,5.504967393,9.015458916,10.04285083,0,-105.532185,113.7864582,28.71707465,-157.8777386,-98.89892553,-0.6349220427,-104.9201648,114.2905286,-127.955422,-55.21175203,104.3609088,49.98562363,49.9856301,2877.806555,2869.484834,-1.584656173,-114.4238212,3.819782,1
2881,96,24,32,1,1,1,1,0,1,1,1,0,1,1,1,274.3099925,231.303779,190.1026593,68.54587267,34.23160443,64.54142067,280.6454982,224.7130109,192.8857843,68.73007276,28.82464118,65.87871535,44.6470452,-0.5195093505,-44.1278476,-44.70619997,0.3861020505,44.31980361,273.6380787,230.7200807,189.8938415,16.34921862,22.30503151,11.88973025,278.8911549,224.3484614,190.2511164,16.33789262,13.29528411,16.85788189,0,-106.2238329,114.4894054,81.32716227,-132.2514169,-8.224939581,-0.9631139077,-106.5830944,116.3879039,-82.49346671,26.90205844,151.1415117,49.98019885,49.97988977,3916.459265,3998.941903,146.738465,149.2430333,3.7606685,1
2882,96,24,32,1,1,1,1,0,1,1,1,1,0,1,1,278.5853977,234.1530266,188.5287094,19.31640947,20.87101147,5.24786355,279.1253191,233.0591156,188.5148394,19.07189985,19.12094943,7.914965491,15.20027058,-13.94233374,-1.256004292,-14.997943,13.72161597,1.278233213,277.4555386,231.5207062,186.2736413,3.473871913,8.225537754,2.656079145,278.4187542,231.0362069,186.7815562,3.50586306,4.241014357,6.474226874,0,-107.7531899,113.5835116,48.62946662,-126.8843216,45.57360338,-0.1323642292,-107.6313409,114.1120918,-48.24745644,-68.83543308,135.9903629,49.98552073,49.98723818,2949.205681,2492.202883,45.61968307,-132.079673,3.8113933,1
2883,96,24,32,1,1,1,1,0,1,1,1,1,1,0,1,465.6546532,266.7397358,178.8565689,21.50077028,26.65890914,15.88014967,464.671735,263.5266928,172.7972849,22.79828618,25.16603763,12.94327289,-13.17609586,20.74238118,-7.565016251,18.12954117,-22.3345112,4.206197813,344.9326473,235.131922,113.6459237,14.66141228,15.99107287,9.479634895,339.9068366,231.001662,110.6979869,10.15661707,9.723945323,6.241264436,0,-126.8435943,112.4648378,-30.56263966,-163.9024344,81.29913528,-0.141124479,-126.6099819,112.2806584,132.8923297,-27.53617833,-118.9997174,49.97719094,49.98024271,4247.592504,4263.41566,-257.2616443,875.9472899,3.7025526,1
2884,96,24,32,1,1,1,1,0,1,1,1,1,1,1,0,269.3771151,231.9503918,195.8704084,21.29059586,17.75552383,6.062149271,269.4201912,232.8862908,196.4402526,21.24383436,17.77874679,6.06345397,20.41931077,-16.23413896,-4.185449281,-20.40116305,16.20647153,4.19441167,269.3253793,231.9234141,195.8228542,2.38306371,5.47684594,3.673840076,269.375409,232.8420317,196.3843637,2.111817365,5.638037584,3.669071179,0,-105.0673192,114.3306774,-3.003463202,-106.849079,114.216299,0.01018636998,-104.9520758,114.3995621,3.284797052,-103.5990546,114.2319202,49.98637201,49.98637145,2728.273022,2722.497187,-3.494245226,-140.565505,3.7682246,1
2885,96,24,32,1,1,1,1,1,0,1,1,1,1,1,1,271.3722364,230.730256,194.7421231,6.722677859,9.592285077,3.323494184,272.6816806,230.2757132,195.162913,7.160894582,5.613384983,6.642607576,-5.710952586,4.392611209,1.318036232,5.680518474,-4.339810855,-1.341022112,271.3451007,230.7346254,194.748531,3.472341853,8.450335212,2.878248901,272.6647088,230.2851603,195.1682979,4.299506333,3.376158765,6.428128697,0,-105.0584041,115.0606442,63.26941,-118.1642551,53.83862911,-0.1304377252,-105.0378599,115.5555824,-46.31831693,-71.23978053,138.2031123,49.98694201,49.98693785,2615.343743,2608.585746,-18.70387933,-158.2444664,3.8637448,1
2886,96,24,32,1,1,1,1,1,0,0,1,1,1,1,1,272.4313263,229.1049469,195.2772829,4.991979856,10.0899185,5.189534054,273.2927958,228.5641174,196.4722608,3.909143764,8.142740553,8.707672877,1.302384462,-6.29404958,4.991334942,-1.297331756,6.328632153,-5.031642545,272.415066,229.1139979,195.2835647,4.671108872,7.79546012,1.132985331,273.275725,228.562031,196.4660004,3.491976228,4.982287011,7.053983801,0,-104.5443438,116.2133408,44.33872756,-128.7579422,44.49227866,-0.2583214046,-104.34499,116.679628,-69.80951723,-65.02540591,125.0252685,49.98696492,49.9869656,2609.587134,2604.074185,-33.3168961,-170.5164889,3.7913187,1
2887,96,24,32,1,1,1,1,1,0,1,0,1,1,1,1,271.5605652,231.1764603,194.4195474,27.22926722,27.63045757,7.704806479,272.1287344,229.8806585,197.0438773,26.63274126,26.8872265,12.54928764,-18.93156757,17.86503561,1.065592517,18.83467407,-17.74707886,-1.088515356,271.1571023,230.9022272,194.3293983,7.078466064,9.248257733,3.138217919,272.072185,229.8339719,196.8848659,5.013345206,7.774385102,10.32554653,0,-105.1959683,114.9261229,44.55237186,-149.2712864,-46.15085465,-0.4861255125,-104.6905713,115.6517096,-95.93269867,-49.51751074,120.6844484,49.98474274,49.98704635,2969.22057,2561.58196,46.1088743,-200.603432,3.8009908,1
2888,96,24,32,1,1,1,1,1,0,1,1,0,1,1,1,273.6339283,230.3396303,191.5641337,15.57456499,16.62340287,3.594814426,275.5234199,229.8971496,192.0561054,16.04526822,14.68458938,7.9144761,-11.46953144,11.1501119,0.3168043165,11.35851004,-11.01492115,-0.3462535275,273.4308184,230.0537716,191.3693075,3.96626395,8.145470468,2.81596918,275.3711764,229.6500634,191.9182344,5.764463565,3.327138265,7.583513185,0,-105.8748392,114.9268892,84.54374958,-116.4014559,27.60341577,-0.1071112892,-105.8830111,115.5801975,-43.32713124,-80.03664171,136.7879908,49.9879309,49.98544877,2489.818883,2849.603032,26.0189451,-154.8677237,3.8476567,1
2889,96,24,32,1,1,1,1,1,0,1,1,1,0,1,1,274.4751503,231.460745,190.5485155,63.68295483,32.01705838,59.87358384,280.1134979,225.3943193,192.753544,63.83409206,26.46905696,61.10527324,-41.82037509,0.5613214784,41.25937169,41.87799413,-0.4384127128,-41.43925987,273.9103549,230.9580658,190.3584234,14.93121901,21.43503826,10.57215196,278.5827637,225.0652037,190.4305407,14.81414942,12.32563898,15.2695342,0,-106.1799692,114.5192277,79.25835812,-131.1421434,-3.12767949,-0.8749144477,-106.5363086,116.2191582,-82.9546354,27.16246236,152.5916939,49.98161133,49.98062721,3556.5024,3810.488225,68.92932627,108.1739031,3.7081926,1
2890,96,24,32,1,1,1,1,1,0,1,1,1,1,0,1,269.3704335,231.9352833,195.8752612,21.24440183,17.70817077,6.064027319,269.421497,232.8869819,196.4451253,21.20566428,17.74633646,6.063482439,-20.38300522,16.19676355,4.185931176,20.36480544,-16.17222039,-4.19288446,269.319075,231.9085681,195.8282993,2.345912679,5.452204568,3.675592986,269.3762975,232.8430247,196.388554,2.150784056,5.660543677,3.667507367,0,-105.0622118,114.3375424,-3.444638035,-106.5074976,114.2054753,0.01354218644,-104.9478257,114.4065065,3.657694688,-103.9313894,114.2565521,49.98637329,49.98637684,2728.959172,2720.900734,-2.298613662,-141.9811315,3.8472138,1
2891,96,24,32,1,1,1,1,1,0,1,1,1,1,1,0,465.4438452,266.7403407,178.7233175,21.52864144,26.57142673,15.83013179,464.4640735,263.5375798,172.7893406,22.86086978,25.2296308,13.01535486,13.20467602,-20.63390954,7.429059758,-18.15193643,22.22686712,-4.075031243,344.9156375,235.1293424,113.5236686,14.57748961,15.80365357,9.307250838,339.9090388,230.9918637,110.5824928,10.10983147,9.716187381,6.09411037,0,-126.8594618,112.4784465,-31.01674253,-164.5719217,81.13238234,-0.1353033814,-126.6159374,112.3246102,132.1282139,-29.08334129,-119.7774419,49.97943773,49.97814899,4234.155988,4267.50041,-239.682423,868.9975025,3.7217234,1
3039,96,96,96,1,1,1,1,1,1,1,1,1,1,1,1,229.7372392,229.7596294,229.7643795,1.920090806,1.919044779,1.904533814,229.8413967,229.8589854,229.8708197,1.909994189,1.911904618,1.926236019,0.002053598192,-0.0002396567671,-0.001813939263,-0.002067841511,-0.0003088535586,0.00237669418,229.7233994,229.7658009,229.7711764,1.919420476,1.918477199,1.903993184,229.8275698,229.8651681,229.8776189,1.909319489,1.911346417,1.925694984,0,-119.9923476,119.9946699,-0.4643073805,-120.9792722,119.3028563,0.01226374811,-119.9787417,120.0086457,0.3706984749,-119.0965878,120.584968,49.99339959,49.99340134,1320.439309,1319.292809,15.92491207,-13.43952506,3.7998268,1
3040,96,96,96,1,1,1,1,1,1,0,1,1,1,1,1,229.7967001,229.3613564,230.1458207,4.190433647,6.613248858,3.83102345,230.4450895,228.2836241,230.8988641,3.178724005,5.497678421,5.962040733,1.273412481,-4.959454807,3.686042327,-1.269719645,4.97264314,-3.702923495,229.7824898,229.367162,230.1514206,3.876138104,4.26957453,0.9115059666,230.4301727,228.2827282,230.8987252,2.753130209,2.140399236,4.644516241,0,-119.8338467,120.1725444,41.67839623,-149.9217217,-28.69067013,-0.2517349735,-119.8085099,120.4303294,-70.05770754,-33.04237099,126.0498619,49.9933473,49.99335774,1330.12547,1328.883177,12.12605778,-16.57507392,3.8731687,1
3041,96,96,96,1,1,1,1,1,1,1,0,1,1,1,1,229.7968049,229.3651696,230.1432501,4.197082732,6.621174942,3.852820125,230.4431473,228.2866974,230.8971484,3.17524809,5.512364257,5.977453784,-1.264019876,4.974902036,-3.710882158,1.260316268,-4.989168383,3.728852116,229.7825776,229.3709784,230.1488824,3.88549183,4.263835741,0.905257458,230.4282152,228.2858059,230.8970142,2.752199767,2.142156263,4.645005393,0,-119.8351418,120.1710952,41.60818987,-149.9882771,-29.62018494,-0.2522028312,-119.8096253,120.428463,-70.27556181,-33.24085689,125.8512696,49.99335255,49.99335201,1329.510364,1329.502389,11.76994971,-16.22751091,3.9094575,1
3042,96,96,96,1,1,1,1,1,1,1,1,0,1,1,1,230.122531,229.8103342,229.3697948,3.82087299,4.194517709,6.600233765,230.877473,230.4578406,228.2889292,5.957934581,3.177664488,5.485688497,3.677389962,1.269438042,-4.946828002,-3.694676378,-1.266337761,4.961014143,230.1076803,229.8159136,229.3762008,0.9099138869,3.882639322,4.265748567,230.8569903,230.4627051,228.2887022,4.647112334,2.754216595,2.141684971,0,-120.1684433,119.978948,-149.5710239,-78.51444073,89.84600161,0.2581443784,-120.4208803,120.0046234,5.744285497,169.6461182,-153.3648904,49.9933517,49.99335359,1329.98178,1328.887515,12.048905,-16.49877669,4.1106117,1
3043,96,96,96,1,1,1,1,1,1,1,1,1,0,1,1,230.1232529,229.8179872,229.3658209,3.835070076,4.194873233,6.612770238,230.877754,230.4665858,228.2867448,5.967509307,3.180866043,5.499198662,-3.691504611,-1.271823056,4.963327662,3.708823587,1.267646203,-4.976469786,230.1084175,229.8235792,229.3722213,0.9121263908,3.881639706,4.267694532,230.8572382,230.4713877,228.2864403,4.648053109,2.755939242,2.141284723,0,-120.1707899,119.9762765,-149.4093409,-78.48412727,89.86234867,0.2579052704,-120.4230261,120.0015931,5.784366776,169.6828606,-153.3026201,49.99334958,49.9933553,1330.232401,1328.714499,12.12211762,-16.56814998,3.8759281,1
3044,96,96,96,1,1,1,1,1,1,1,1,1,1,0,1,229.3522259,230.1349951,229.8168943,6.609768253,3.831929922,4.196914824,228.2704456,230.8891013,230.4632184,5.49380237,5.964675588,3.174046636,-4.952419151,3.688167598,1.264251554,4.96613751,-3.706023653,-1.260113858,229.3382076,230.1400392,229.8231968,4.272619632,0.9104746262,3.886211862,228.2498259,230.8886593,230.4689286,2.147471268,4.647125584,2.752133126,0,-119.9760894,119.8388577,-30.17396566,90.6071058,161.4378308,0.02544309146,-119.7183681,119.5861262,86.80002447,-114.2022795,49.55772144,49.99334808,49.99335692,1330.485551,1328.417946,11.90149502,-16.34890368,5.3309018,1
3045,96,96,96,1,1,1,1,1,1,1,1,1,1,1,0,229.3504209,230.1358141,229.8171155,6.594897964,3.812813387,4.194559641,228.2708856,230.8906075,230.4654464,5.477261316,5.950732609,3.177615807,4.939826734,-3.668835165,-1.270991569,-4.953528543,3.685561808,1.267966731,229.3364025,230.1408758,229.823422,4.267475377,0.9082713191,3.881756192,228.250308,230.8902015,230.471181,2.140833151,4.64465303,2.753563664,0,-119.9758871,119.838389,-30.10910786,90.68133586,161.4865335,0.02540079417,-119.7180562,119.5860397,86.73625059,-114.2003269,49.66957573,49.99334895,49.99335654,1330.165424,1328.668644,12.04854251,-16.49712339,7.112303,1
3046,96,96,96,0,1,1,1,1,1,1,1,1,1,1,1,230.3253891,228.2015313,230.7885734,3.184258117,5.437874653,5.920773537,229.8953595,229.4733333,230.2416165,4.199178587,6.539033627,3.782344935,-1.262056629,4.931666118,-3.669609489,1.264415597,-4.913907663,3.649492066,230.310511,228.2008149,230.7886408,2.764650104,2.090860352,4.618979952,229.8811448,229.4791586,230.2472635,3.889874992,4.212253718,0.8584248766,0,-119.5591946,120.6729817,-70.04888016,-33.7711211,125.4870887,0.2765320413,-119.5601196,120.4447652,42.00165507,-149.277823,-31.69230666,49.99335454,49.9933522,1329.818181,1328.753266,12.72181092,-17.0118609,7.6204,1
3047,96,96,96,0,1,1,1,1,1,0,1,1,1,1,1,244.6745365,368.6965148,300.1261819,10.78262553,18.3377538,20.04671506,249.1968932,369.8528334,302.5357564,12.38321319,17.1814006,20.16196357,3.209310077,14.33867428,-17.54798435,-5.529857374,-10.55688676,16.08674414,166.3137884,272.7656408,256.6920564,4.952238373,8.102178999,7.840261944,168.90273,277.0145813,260.7885511,6.913521387,11.43695386,10.95467281,0,-113.4947017,102.9607678,124.0867888,13.13113426,-130.7215374,0.05380291638,-113.4066677,103.0434437,-36.38927956,-148.1377816,67.74862402,49.98821787,49.98654905,2473.633834,2531.703278,533.3647474,-478.9373046,8.4390594,1
3048,96,96,96,0,1,1,1,1,1,1,0,1,1,1,1,232.6071658,224.8883713,231.954948,4.545740078,26.25335572,22.81941335,232.7187042,224.9856477,232.0596563,4.541985014,26.23931055,22.81124654,-2.950544356,25.02826219,-22.07771784,2.949049727,-25.01682951,22.06777977,232.5290072,224.8232164,231.8899467,1.939924254,1.885268857,1.917542802,232.6387013,224.9184051,231.9946635,1.935512618,1.862084892,1.947496329,0,-119.0956519,122.0937125,-0.1619278681,-120.0109529,121.326925,0.01213948432,-119.0833489,122.1082807,0.06635499765,-118.2653846,122.755727,49.99250939,49.99251884,1498.652725,1496.594049,24.95602652,-4.39500826,7.6348977,1
3049,96,96,96,0,1,1,1,1,1,1,1,0,1,1,1,230.1914368,228.2424245,230.9497815,5.653933785,19.17010521,19.3779234,231.1436344,229.3225607,229.4418345,8.026798206,19.02744046,18.83832443,-0.5521418886,14.14709223,-13.59495034,0.5432913798,-14.0927063,13.54941492,230.1458904,228.0675308,230.7791464,2.575728834,4.307362414,5.007346623,231.095806,229.3139904,229.4236401,6.237219405,3.949324229,2.780033122,0,-119.5184799,120.6865425,-152.1388808,-61.8439213,87.19984627,0.4370475481,-119.7888477,120.7099107,11.21725795,172.9078692,-142.2774976,49.99251075,49.99319024,1473.345944,1348.506937,48.39565987,-38.12717953,6.8910821,1
3050,96,96,96,0,1,1,1,1,1,1,1,1,0,1,1,230.5036638,229.4850357,229.3406711,8.259681027,4.538591287,9.576677758,231.426069,230.0500344,228.2254794,9.534102281,3.226475869,8.910645987,-6.151193152,-1.026396929,7.177590081,6.179223539,1.024034511,-7.203258039,230.4854841,229.487886,229.3439768,0.9656428422,4.191846621,4.320636012,231.3773506,230.051461,228.200309,4.800488765,2.714852502,2.434672244,0,-120.1852682,120.1234024,-169.957952,-81.11766472,85.9706006,0.2497575164,-120.4707143,120.1788635,2.059256804,162.0218585,-155.4791884,49.99327032,49.99328071,1346.405522,1345.371451,10.00930633,-14.52323107,7.8209602,1
3051,96,96,96,0,1,1,1,1,1,1,1,1,1,0,1,229.2811277,229.4482191,230.5590217,12.44205576,11.02917398,5.34725776,227.9343514,230.3935132,230.7405649,11.90182896,11.94845403,3.28694846,-9.590404664,8.855589098,0.7348155653,9.618440986,-8.880696882,-0.7377441082,229.2617142,229.4467744,230.5551635,4.83533492,0.7304674757,4.84103491,227.867161,230.3438671,230.7411749,3.083078575,4.556303151,2.386015302,0,-119.6532958,120.1335936,-39.62206478,54.26135131,149.0364067,0.09035659236,-119.4396162,119.7940265,88.41189308,-120.5886703,20.62222452,49.99307694,49.99332411,1377.581379,1327.929544,7.515278462,-9.910584016,5.9240041,1
3052,96,96,96,0,1,1,1,1,1,1,1,1,1,1,0,229.9015599,228.1027103,231.3628889,3.269556091,9.00593184,9.602103345,229.5540615,229.4084018,230.6733789,4.550750251,9.653610866,8.358577702,-1.037044175,7.351181803,-6.314137624,1.037693856,-7.317784835,6.280090984,229.8831219,228.0752298,231.3327651,2.710411037,2.355893261,4.734573646,229.5371608,229.4108291,230.6750367,4.169054476,4.269028626,0.893474025,0,-119.3203248,120.7262886,-77.07295498,-35.26786246,122.2987458,0.3065093593,-119.3469236,120.50692,39.4104539,-152.670191,-50.24119272,49.993274,49.99327287,1346.258206,1344.61804,14.17676356,-18.39886961,7.0749125,1
3053,96,96,96,1,0,1,1,1,1,1,1,1,1,1,1,230.3264829,228.2036175,230.7847073,3.180440999,5.455098323,5.927769074,229.8982195,229.474086,230.2415224,4.196954012,6.552427718,3.801831792,1.259878996,-4.951269105,3.691390108,-1.262283202,4.932378321,-3.670095117,230.3116191,228.2028394,230.7847147,2.759615069,2.085666122,4.610230932,229.8840125,229.4798961,230.2471628,3.887028381,4.208353471,0.8499246812,0,-119.5607845,120.6720016,-70.02708733,-33.82381459,125.4712585,0.2760264503,-119.5611759,120.4444432,41.93820444,-149.2261372,-31.54112958,49.99335333,49.99335319,1330.015952,1328.601729,12.9326029,-17.2014113,6.4204323,1
3054,96,96,96,1,0,1,1,1,1,0,1,1,1,1,1,232.601352,224.894702,231.9614779,4.545664449,26.25296333,22.8206715,232.7147631,224.9820491,232.0649321,4.545643158,26.23688975,22.81326582,2.947044493,-25.02454552,22.07750103,-2.945509527,25.01223003,-22.06672051,232.5215366,224.8282393,231.89661,1.935580221,1.899568471,1.914051599,232.6356061,224.9154948,231.9991387,1.939784122,1.847773965,1.951369724,0,-119.0932636,122.0921773,0.1666625607,-119.9636134,121.0357416,0.01130643556,-119.0819951,122.1084516,-0.2626962027,-118.2966452,123.0370841,49.99252358,49.99250746,1497.786707,1496.683236,24.72730406,-4.211995066,6.6854547,1
3055,96,96,96,1,0,1,1,1,1,1,0,1,1,1,1,243.9978237,368.7459827,300.0575875,10.14831277,18.03943484,19.39372839,248.3171686,369.910289,302.3873797,11.75787871,16.87900793,19.46118622,-2.980084404,-14.16550131,17.14558572,5.294408104,10.3818127,-15.67622081,165.7894857,272.7156033,256.6524093,4.626664945,7.962785602,7.654587022,168.2371976,276.9202801,260.669102,6.59237475,11.29566508,10.69841617,0,-113.4529627,102.8890226,123.8313979,12.9863155,-132.6205604,0.0590736166,-113.3646016,102.9499366,-35.66239365,-147.9968043,66.75165186,49.98484725,49.99013578,2545.501776,2470.288529,521.9272809,-461.3903403,6.0305874,1
3056,96,96,96,1,0,1,1,1,1,1,1,0,1,1,1,230.455258,229.5845415,229.2516506,5.685908939,4.386399635,7.710883246,231.3831275,230.2397771,228.1297429,7.51635801,3.2676279,6.836118055,5.091148922,0.9588708071,-6.050019743,-5.114551194,-0.9566837805,6.071234977,230.439149,229.589601,229.2566144,1.222258888,4.129661334,4.352315496,231.3542015,230.2439055,228.1218586,5.038459061,2.91342652,2.44166778,0,-120.2181766,120.0749874,-165.4194588,-77.65981197,86.04328,0.2662305669,-120.5003089,120.1253933,3.553423651,165.4961806,-154.739823,49.99333072,49.99332733,1332.990582,1334.149819,18.80193545,-23.91613037,6.409215,1
3057,96,96,96,1,0,1,1,1,1,1,1,1,0,1,1,228.2535055,228.4492412,233.4646683,15.15493941,40.71293647,41.53285845,231.6732093,227.9950281,229.8411032,17.34717349,40.06155566,41.24282059,0.5449036713,-27.87179491,27.32689125,-0.5217094288,27.76811841,-27.24640898,228.0561127,227.593919,232.658098,7.481130569,9.303802498,9.1850845,231.4576669,227.9485001,229.682514,11.20755287,6.733311282,8.637076957,0,-118.5915583,120.8020872,164.3379178,-80.96538628,51.30425509,0.5808947456,-119.4308211,121.3332087,-10.30323838,119.3670398,-153.4284402,49.99058176,49.99109907,1871.667842,1748.084459,113.3180557,21.84643168,5.9231081,1
3058,96,96,96,1,0,1,1,1,1,1,1,1,1,0,1,229.9136531,228.0741871,231.398507,3.319418721,8.987439964,9.540851188,229.5621778,229.3614269,230.7086976,4.557233478,9.65049502,8.294958537,1.054526801,-7.447715131,6.393188335,-1.055099615,7.41254965,-6.357450013,229.8947847,228.045114,231.3672524,2.698827651,2.355904933,4.721649094,229.5450348,229.3635392,230.7100512,4.129104352,4.302682445,0.8925578062,0,-119.3076934,120.7414506,-76.24945911,-34.31624767,123.2279801,0.3020263224,-119.3355781,120.5221876,39.50018228,-152.4224872,-45.30865528,49.99329303,49.9932594,1341.221454,1346.257517,11.94896902,-16.03586043,5.8243671,1
3059,96,96,96,1,0,1,1,1,1,1,1,1,1,1,0,228.7412253,229.5015566,231.287669,26.93296457,27.19262178,10.87359992,228.4604384,231.9873025,229.5897808,27.32523612,27.60477164,8.51570857,19.26960927,-18.49825938,-0.7713498804,-19.32278601,18.5391132,0.7836728087,228.7056444,229.4462023,231.209926,4.525254532,4.95152106,7.795492683,228.058241,231.6150003,229.5093148,6.168011198,6.469675527,3.957269461,0,-119.3829714,120.1500805,-94.97321506,-25.5825857,121.5057294,0.5271819325,-119.5729654,119.7077309,47.11570743,-169.2813189,-56.92995975,49.99281958,49.99174713,1408.229439,1619.313667,0.9952774019,38.03833227,6.3536939,1
3060,96,96,96,1,1,0,1,1,1,1,1,1,1,1,1,230.7649489,230.3442633,228.2058642,5.92855053,3.182339202,5.455788612,230.2207122,229.9152345,229.4780104,3.80174295,4.198125993,6.55369983,-3.692794115,-1.261416871,4.954210979,3.672082833,1.263297537,-4.935380368,230.7445532,230.3491539,228.2057339,4.611227264,2.761830775,2.084886465,230.2058834,229.9208372,229.4844119,0.851276141,3.888745601,4.209387266,0,-120.67077,119.7508772,4.793740446,169.2927253,-154.4721946,-0.2280159261,-120.394473,119.7504405,-152.2872888,-78.71077603,90.10400262,49.99334977,49.99335654,1330.464507,1328.219116,13.00474075,-17.27058442,6.2585439,1
3061,96,96,96,1,1,0,1,1,1,0,1,1,1,1,1,230.8317368,229.3500836,229.3497479,6.606174541,15.61298108,14.99807211,230.548124,228.3191558,230.7346795,4.283161079,15.54076833,15.67392203,0.6617281131,-11.85885612,11.19712801,-0.6671896202,11.89317497,-11.22598536,230.7964927,229.3461543,229.3420401,5.488505069,4.028676068,1.804801037,230.5177594,228.2185572,230.6319608,2.225811809,3.576757503,4.72217205,0,-120.2105928,120.2088275,18.58362096,-174.3747186,-131.3797165,-0.3701688319,-120.0077736,120.304794,-127.5927522,-54.20265877,98.94547831,49.993313,49.99276181,1330.751118,1426.438657,-8.903799713,11.36270828,6.3838394,1
3062,96,96,96,1,1,0,1,1,1,1,0,1,1,1,1,231.3065802,229.9635524,228.069357,9.159902662,3.293061294,8.616488853,230.6624262,229.6034382,229.388163,7.881835444,4.532907384,9.324067008,-6.15839477,-1.04425235,7.20264712,6.124743066,1.044628229,-7.169371297,231.2608189,229.9649825,228.0460823,4.67479062,2.716150893,2.298952918,230.6445379,229.6063986,229.391452,0.8487140422,4.135049645,4.303819344,0,-120.7358218,119.9150854,2.520495002,163.0725867,-154.3150831,-0.2218654838,-120.4332852,119.8972237,-165.25682,-81.01252128,87.67229386,49.99326218,49.99331063,1348.430306,1335.121181,16.82921628,-21.18525536,6.8628552,1
3063,96,96,96,1,1,0,1,1,1,1,1,0,1,1,1,300.1239388,243.9860832,368.1829697,19.64061809,10.16760358,18.17759704,302.5269762,248.4277924,369.3554287,19.71811254,11.80646383,17.00130643,-17.42899143,3.105790658,14.32320077,15.9679954,-5.420705585,-10.54728982,256.7964074,165.9060539,272.4631977,7.825147493,4.820645274,8.141175595,260.8798202,168.4326615,276.740512,10.87421982,6.777290833,11.44508865,0,-103.0451059,143.6157644,124.7695931,20.81566342,-90.30605818,0.05988381326,-102.9893181,143.6958612,-36.23688304,-139.2502482,108.5268741,49.98576306,49.98921799,2543.992307,2474.770526,526.7153948,-465.327065,6.5568172,1
3064,96,96,96,1,1,0,1,1,1,1,1,1,0,1,1,231.9217193,232.617231,224.9090169,22.65908657,4.538568186,26.09598931,232.0273771,232.7309053,224.9990174,22.65197495,4.537503086,26.07943657,-21.92775992,-2.954030526,24.88179044,21.9174198,2.952160749,-24.86958055,231.8406985,232.5571092,224.8459027,1.911977546,1.93725295,1.903921922,231.9458515,232.6696582,224.9343719,1.95280466,1.9386782,1.843966383,0,-122.0844783,118.798027,-1.269800822,-121.9842181,117.7118955,0.01599928699,-122.0732575,118.8100478,1.151643901,-122.2811863,119.8217662,49.99253536,49.99252151,1496.351629,1494.296868,24.72178338,-4.63304523,6.5181925,1
3065,96,96,96,1,1,0,1,1,1,1,1,1,1,0,1,233.3090949,228.3622924,228.4233618,40.39801729,14.4973191,39.66054463,229.7736384,231.6034375,228.0481768,40.09592124,16.70100858,39.02461206,-26.59376876,-0.6173600262,27.21112879,26.51509772,0.5951527686,-27.11025049,232.5294459,228.1832027,227.6120304,8.925361755,7.122594997,9.034314442,229.6132009,231.4105561,228.0043033,8.30116664,10.86320868,6.510739902,0,-120.7955968,120.5535048,-68.01238449,44.54562499,158.7128554,0.4959832959,-120.2239536,119.7434499,86.47209455,-130.2677542,0.03117679684,49.99065338,49.99129151,1852.657226,1707.728342,110.7824055,14.14086237,6.8370902,1
3066,96,96,96,1,1,0,1,1,1,1,1,1,1,1,0,229.250794,230.5516884,229.5312944,9.290716783,7.8285252,4.519065534,228.1307737,231.4196309,230.1082252,8.570638874,9.133125265,3.274542083,7.114029927,-6.063342862,-1.050687065,-7.139513764,6.090422515,1.049091242,229.2342157,230.5536524,229.5352209,4.347430037,0.923798865,4.130478565,228.088512,231.3947858,230.1109362,2.374754182,4.740074452,2.711899388,0,-120.1040235,119.6626095,-33.06111359,76.52564229,159.1029927,0.0457952448,-119.8529591,119.3838206,85.94698753,-116.8567006,43.3035036,49.99328893,49.99328356,1341.577548,1343.109716,10.1465463,-14.68972554,6.6646611,1
3067,96,96,96,1,1,1,0,1,1,1,1,1,1,1,1,230.7652983,230.3494715,228.2045992,5.922735663,3.185655685,5.437837635,230.2194453,229.9186017,229.4765399,3.785353625,4.199786138,6.539947206,3.672714141,1.261550963,-4.934265113,-3.652014446,-1.264500039,4.916514489,230.7448925,230.3543674,228.2044766,4.61877093,2.766039288,2.08961441,230.2045824,229.9242103,229.4829535,0.8590868949,3.890783414,4.213496731,0,-120.6719137,119.7492429,4.82094289,169.2825516,-154.410114,-0.2283433571,-120.3955152,119.7487448,-152.3480932,-78.65755959,90.05772332,49.99335779,49.99334878,1329.649232,1328.978595,12.64702689,-16.95204429,6.5723508,1
3068,96,96,96,1,1,1,0,1,1,0,1,1,1,1,1,231.3485865,229.8915376,228.1543074,9.83087037,3.237892716,9.197122914,230.6279877,229.5520999,229.4618176,8.600083204,4.563036639,9.81968238,6.35362341,1.015723879,-7.369347278,-6.318807312,-1.016797105,7.335604417,231.2960341,229.8924116,228.1257386,4.774082518,2.717550253,2.396252314,230.6091553,229.5545556,229.4646118,0.9281340834,4.21210728,4.265177668,0,-120.7079073,119.9524327,0.9430902832,161.2824293,-156.6265013,-0.2189280096,-120.3968588,119.9203588,-174.5018985,-81.48475927,85.9644062,49.99327487,49.99325997,1347.376667,1347.503604,14.75257287,-19.0215435,6.6485317,1
3069,96,96,96,1,1,1,0,1,1,1,0,1,1,1,1,231.571949,227.8622979,229.7666881,17.46735483,40.41699271,41.60163391,228.3425182,228.5384071,233.6177125,15.2633003,41.02811715,41.85087101,-0.5330627289,28.01522872,-27.482166,0.5556813981,-28.09280866,27.53712726,231.3527092,227.8159944,229.6062708,11.26915108,6.795721125,8.639472255,228.1392483,227.6676945,232.797272,7.538233416,9.350003762,9.172651281,0,-119.9995709,120.7645456,-11.10773802,118.9328928,-154.0798213,-0.5570161633,-119.1313106,120.2556163,163.4302061,-81.32935199,50.65270299,49.99106535,49.99053569,1754.56165,1879.610341,51.62778385,85.66952442,7.6011472,1
3070,96,96,96,1,1,1,0,1,1,1,1,0,1,1,1,231.9491324,232.620132,224.8920193,22.86058904,4.54756397,26.29248518,232.0464661,232.7314437,224.9805947,22.84970485,4.545122481,26.27495358,22.11712432,2.947621371,-25.06474569,-22.10683818,-2.946575908,25.05341409,231.8669956,232.5575947,224.826755,1.934765183,1.938647165,1.910426181,231.9635884,232.6682182,224.9140111,1.930375701,1.937264747,1.836674397,0,-122.093517,118.7992429,-1.241636168,-122.1374717,118.2091671,0.01504447436,-122.0821618,118.8093722,1.15091003,-122.1460394,119.3133064,49.99250918,49.99251273,1498.27843,1497.83447,24.31328517,-3.683765636,6.993241,1
3071,96,96,96,1,1,1,0,1,1,1,1,1,0,1,1,300.0018369,244.0759414,368.9274932,19.45512634,10.47798818,17.73273655,302.4313707,248.5607704,370.129514,19.68434509,12.1537075,16.71707816,16.9929129,-3.213123533,-13.77978936,-15.52073824,5.527328943,9.993409293,256.6092744,165.9851452,272.8466385,7.787590945,4.873072033,7.836897377,260.7328402,168.5199312,277.0876171,11.05327512,6.863602109,11.33052434,0,-102.8559603,143.6229645,129.8908418,22.26955566,-86.45337212,0.1002477599,-102.7893198,143.7401827,-32.71539335,-138.3545192,111.5990844,49.98961162,49.9852808,2545.36634,2439.725825,524.1932883,-479.4900272,4.9711404,1
3072,96,96,96,1,1,1,0,1,1,1,1,1,1,0,1,229.2867796,230.5692148,229.503491,9.684942,8.368080738,4.54775839,228.1787077,231.4682232,230.0673788,9.019872676,9.608085895,3.262806444,-7.33119907,6.280266357,1.050932709,7.357899864,-6.309594686,-1.048305177,229.2697904,230.5704159,229.5069393,4.318057607,0.918552486,4.15734516,228.1320296,231.4378085,230.0694777,2.400802602,4.748610954,2.690500012,0,-120.1196481,119.6588091,-33.66368793,72.48127571,158.589557,0.05116171026,-119.8720182,119.3768647,84.78837654,-117.6522338,42.43289508,49.99327119,49.99327593,1346.146101,1345.257519,9.52698465,-13.82781349,3.9580253,1
3073,96,96,96,1,1,1,0,1,1,1,1,1,1,1,0,231.417298,229.8243573,228.1030745,24.72021118,7.810488886,24.40257962,229.508956,231.3642494,228.9559826,24.32374816,10.15180471,24.11707584,17.05248739,0.4413693172,-17.49385671,-16.99700966,-0.4295680778,17.42657775,231.1064166,229.7462966,227.7811717,5.403939912,3.527162366,5.258407302,229.4529159,231.3048512,228.941036,3.89123805,7.355420766,4.238180769,0,-120.7589149,119.9179573,-46.061097,65.4730669,172.5437747,0.1195025757,-120.2946028,119.5102321,88.69014477,-117.6913956,38.23111359,49.99225762,49.99274559,1517.902548,1428.692492,57.74400573,-29.73161551,3.9212748,1
3074,96,96,96,1,1,1,1,0,1,1,1,1,1,1,1,228.1839927,230.7894776,230.3482029,5.455818632,5.942625421,3.18336568,229.4572326,230.2397207,229.916596,6.552505746,3.808658257,4.203618536,4.949697784,-3.696506511,-1.253191279,-4.931372301,3.675227945,1.256144356,228.1634936,230.7890843,230.353929,2.09587391,4.625913243,2.768234942,229.4431995,230.2447914,229.9228888,4.212486216,0.8616365359,3.897876627,0,-119.7500406,119.5601163,85.7457697,-115.0396839,49.37474084,-0.0006983663759,-119.9782896,119.8375339,-29.79325198,87.19238548,161.5674319,49.99335135,49.99335488,1330.387101,1328.318762,12.74196563,-17.06266009,3.9168449,1
3075,96,96,96,1,1,1,1,0,1,0,1,1,1,1,1,227.9047612,230.4164462,230.645267,9.126023487,9.36456532,3.096962308,229.4223009,229.7004276,230.4880405,9.841560783,8.10157193,4.921182922,7.730095131,-7.021914411,-0.7081807139,-7.700736189,6.994244013,0.7064921889,227.864982,230.3972301,230.6488602,2.817940263,4.717244057,2.593281178,229.4046128,229.7027201,230.48943,4.696749978,0.8838400156,4.619342476,0,-119.5642804,119.6742878,88.91285608,-119.1138385,30.1830637,-0.04811972366,-119.778282,120.0227102,-36.92471838,63.5003684,153.9216446,49.99339371,49.99316725,1321.967371,1359.82016,16.61818685,-20.82751998,3.9041791,1
3076,96,96,96,1,1,1,1,0,1,1,0,1,1,1,1,229.5142632,229.2319862,230.5684347,4.5200152,9.247194316,7.715918263,230.1013227,228.1308455,231.462885,3.308698871,8.511571393,9.050829837,-1.052460503,7.140413392,-6.087952886,1.050468852,-7.166893,6.116424151,229.4979413,229.2347839,230.5708389,4.109969696,4.39025393,0.9752520179,230.0835375,228.1071345,231.437862,2.720708068,2.408961484,4.777235844,0,-119.6523027,120.2303815,39.71634415,-152.9087444,-39.99824237,-0.2766143564,-119.600787,120.483588,-75.79891218,-32.99109404,124.2403806,49.993265,49.99331264,1346.671299,1335.719057,14.01202089,-18.44850838,3.9712449,1
3077,96,96,96,1,1,1,1,0,1,1,1,0,1,1,1,229.6856175,231.4956423,227.9366875,40.11003852,16.68415243,39.05777233,233.4280568,228.4781679,228.519718,40.37456166,14.46572096,39.65389517,26.50551862,0.6241786567,-27.12969728,-26.55910075,-0.6455190976,27.20461984,229.5247104,231.3053625,227.8941691,8.243565029,10.86070247,6.535784102,232.6443354,228.2945701,227.703432,8.866236779,7.113980696,9.036785562,0,-120.7240143,119.2488804,86.01064172,-130.8884187,-0.1144372753,-0.468157745,-121.2695884,120.0828464,-68.32587668,43.82083124,158.488848,49.9913132,49.99063996,1703.134973,1853.676581,42.68622585,81.157051,3.7885537,1
3078,96,96,96,1,1,1,1,0,1,1,1,1,0,1,1,228.1297115,231.4006162,229.8937756,9.443188472,10.0583467,3.266189418,229.4309158,230.6922442,229.5604309,10.05364451,8.877485134,4.58770928,7.568432357,-6.537302698,-1.031129658,-7.532921101,6.500647765,1.032273335,228.0778292,231.3641269,229.8950161,2.375754167,4.724774399,2.69039688,229.4131541,230.692387,229.5632525,4.2656351,0.8788127409,4.19931587,0,-119.9549434,119.3133702,83.70831438,-118.8679228,41.31528074,-0.02946409166,-120.170961,119.623086,-33.67501446,66.57179284,158.2093649,49.99326101,49.9932615,1349.122144,1347.330173,16.35218128,-20.33489424,3.8531875,1
3079,96,96,96,1,1,1,1,0,1,1,1,1,1,0,1,369.3226307,299.8697942,244.1986552,18.40186645,19.83427065,9.980806912,370.5645305,302.2664789,248.7486919,17.2419503,19.90305166,11.73906441,14.52846108,-17.79667531,3.268214231,-10.74052674,16.32752209,-5.586995356,273.1188327,256.3614813,165.6445559,8.381371251,7.941540559,4.937219168,277.4971201,260.4976078,168.2313059,11.70528712,11.00553138,6.925704561,0,-143.7134006,113.6599311,126.5824687,-18.33669125,-121.0043831,0.08689834927,-143.6432806,113.7323565,-35.09223294,-179.7520964,78.1022876,49.98775183,49.98708212,2558.089245,2474.597387,547.258407,-483.8990034,3.6873612,1
3080,96,96,96,1,1,1,1,0,1,1,1,1,1,1,0,224.8842755,231.9505048,232.6245258,26.18769085,22.75381413,4.54144727,224.9764697,232.0539509,232.7386534,26.17141924,22.74573964,4.540025987,24.96817828,-22.01812778,-2.950050505,-24.95648245,22.00743308,2.949049373,224.8036881,231.8865971,232.5652519,1.901949727,1.918377782,1.937569134,224.8933373,231.9890503,232.677267,1.84505777,1.947027716,1.93848576,0,-118.7967751,119.0994912,-0.923213091,-119.9735231,119.1329462,0.01138605396,-118.7813167,119.1109536,0.8534718741,-117.729665,118.9697169,49.99251812,49.99252375,1496.70767,1495.541913,24.83107582,-4.607458737,3.8574915,1
3081,96,96,96,1,1,1,1,1,0,1,1,1,1,1,1,228.17956,230.792304,230.3493447,5.449232639,5.939128869,3.182380143,229.4539241,230.2421631,229.9189909,6.547450488,3.801676014,4.202000111,-4.942190469,3.688554808,1.253635661,4.923799693,-3.668379289,-1.255420405,228.1590559,230.7919425,230.355136,2.097215758,4.627650372,2.768889576,229.4398878,230.2472461,229.9253146,4.213871441,0.8638959667,3.897437429,0,-119.7494813,119.5588309,85.77159375,-115.0167067,49.38917385,-0.001411896491,-119.9781858,119.8359874,-29.80486711,87.26267332,161.5788913,49.99335367,49.99335277,1329.95062,1328.704415,12.6407783,-16.93711901,3.9461909,1
3082,96,96,96,1,1,1,1,1,0,0,1,1,1,1,1,229.4914261,229.2854241,230.5464813,4.530427674,9.455045372,8.073830315,230.0611655,228.1730429,231.4418557,3.257624214,8.77017455,9.357766106,1.04857588,-7.184654159,6.136078278,-1.046578374,7.210106604,-6.163528215,229.474877,229.2882899,230.5487112,4.15140755,4.320659568,0.9383714,230.0431609,228.1484367,231.4149569,2.704370356,2.401967979,4.766438035,0,-119.6631006,120.2085394,39.18619112,-153.3252134,-46.74088069,-0.2810929795,-119.6118912,120.4583981,-76.94945699,-34.82573281,122.8059327,49.99327966,49.99328008,1344.545645,1343.964404,10.91751355,-15.38794409,3.8929563,1
3083,96,96,96,1,1,1,1,1,0,1,0,1,1,1,1,228.3676703,231.9016209,229.4589996,27.5927688,27.882972,8.66027345,228.8351289,229.5956808,231.4035746,27.16497387,27.45064554,11.00479258,-19.49345841,18.71103806,0.7824203618,19.42130164,-18.65213613,-0.769165509,227.9646658,231.5233216,229.3792074,6.217963998,6.555336213,4.031057435,228.8018955,229.5372793,231.3221669,4.517091957,5.077627861,7.863913754,0,-120.1109857,119.1742409,45.95597619,-170.7158128,-57.82331042,-0.5091202261,-119.8869607,119.6447131,-96.57468314,-26.52882005,120.7927361,49.99172955,49.99279393,1624.45783,1412.117345,67.98759448,-27.30499657,3.9489564,1
3084,96,96,96,1,1,1,1,1,0,1,1,0,1,1,1,228.0691813,231.3379625,229.9449217,8.760729761,9.341917409,3.2795894,229.3845093,230.6716845,229.590776,9.445316439,8.071916052,4.539368909,-7.230023113,6.187259728,1.042763389,7.196862758,-6.153876413,-1.042986339,228.0245311,231.3102754,229.9471944,2.336435557,4.713966241,2.717957489,229.3675996,230.6731576,229.5943916,4.29876478,0.8809997012,4.153544002,0,-119.9244553,119.3290036,85.14240197,-117.7477837,42.71818732,-0.02235466164,-120.1456424,119.63367,-32.84645433,72.49217876,158.9568504,49.9932779,49.99328421,1345.813222,1340.717985,15.07612536,-19.41692927,3.9816795,1
3085,96,96,96,1,1,1,1,1,0,1,1,1,0,1,1,229.3876921,231.2122782,228.9147667,23.01380308,9.58409504,22.93670286,231.3844835,230.0509725,228.1867644,23.41367828,7.225360979,23.15289901,-16.18186618,-0.4753771672,16.65724335,16.21993298,0.4855494825,-16.70548247,229.3366008,231.1621245,228.9022065,3.471360325,7.047717671,4.215217527,231.1033366,229.9826754,227.9001054,5.172509684,3.229548815,4.996471609,0,-120.3882854,119.4093597,89.93825048,-116.1302766,42.6529778,-0.05867195967,-120.8162686,119.8074527,-42.2188462,69.23581991,174.7641101,49.99282079,49.99236592,1417.321743,1496.042229,-1.83628977,24.87112087,3.9230883,1
3086,96,96,96,1,1,1,1,1,0,1,1,1,1,0,1,224.8695889,231.9583493,232.6289265,26.30381854,22.87231045,4.549507902,224.9609505,232.0603639,232.7396758,26.28736365,22.86318503,4.54597519,-25.07365091,22.12683089,2.946820022,25.06178949,-22.11693743,-2.944852064,224.7863733,231.8930917,232.5671636,1.902109485,1.923796288,1.940083647,224.8770018,231.9947652,232.6772442,1.844629266,1.941751397,1.935987574,0,-118.7947682,119.095472,-0.934807328,-119.9973802,118.9818741,0.01144184186,-118.779837,119.1070571,0.8657613823,-117.696347,119.1129174,49.99250933,49.99250958,1498.914429,1497.037279,24.67108852,-4.012216385,3.8600671,1
3087,96,96,96,1,1,1,1,1,0,1,1,1,1,1,0,368.3668772,300.2133076,244.3947141,18.41627064,20.01795955,10.60941847,369.4779754,302.5315874,248.5990149,17.19795192,20.06533671,12.1267116,-14.45169557,17.52057609,-3.06888052,10.67577886,-16.06081823,5.385039366,272.6034506,256.7824573,166.1513979,8.128906484,7.884255854,4.85656439,276.8735548,260.8118018,168.5375514,11.39531532,10.89799601,6.764818475,0,-143.5715962,113.4036569,125.2144252,-19.51750268,-124.3998162,0.08690759156,-143.5338549,113.4711096,-35.642859,179.5968681,75.99481824,49.98543663,49.98947944,2467.231815,2550.907959,514.8993654,-453.6911295,3.7801329,1
3235,64,64,32,1,1,1,1,1,1,1,1,1,1,1,1,221.888138,258.2470505,211.9904568,2.359145767,2.76602251,4.141237879,222.0790216,258.5711383,212.5139813,2.516002116,2.887724196,3.810968372,-0.005951295802,0.005899682376,8.709371138e-05,0.005897579167,-0.006178096903,0.0003099185619,221.8837106,258.2492955,211.9915892,2.358546228,2.765470775,4.140903255,222.074591,258.5733816,212.5151073,2.515431908,2.887200155,3.810592555,0,-111.8163802,132.9102677,-5.503818421,-109.9916645,131.2252101,0.0495759223,-111.7920627,132.9744991,5.05699662,-113.6846479,134.5121231,49.98944047,49.98943856,2114.715234,2109.351876,13.51036131,-84.07241439,3.836224,1
3236,64,64,32,1,1,1,1,1,1,0,1,1,1,1,1,221.9537832,257.943673,212.3910695,4.789802268,7.414796081,4.447232231,222.6203382,257.0341303,213.9423991,3.250948092,6.406241195,8.02952764,1.339154735,-5.54290764,4.203783117,-1.329815846,5.563793277,-4.233942065,221.9486284,257.9452492,212.3912296,4.471049728,4.842099491,1.261933244,222.6146614,257.0275514,213.9354633,2.76435991,3.045099007,6.784914996,0,-111.5817889,133.1038869,33.97320924,-144.3337719,151.168956,-0.2655045901,-111.475595,133.3792483,-65.36532309,-52.39571729,129.775193,49.98936392,49.9893691,2128.567736,2124.619959,7.740156848,-89.44019802,3.8685541,1
3237,64,64,32,1,1,1,1,1,1,1,0,1,1,1,1,221.9467805,257.9475579,212.3885659,4.780146822,7.403872225,4.419646292,222.6156109,257.0421025,213.9341017,3.260681744,6.389622066,8.007694102,-1.356221459,5.53059393,-4.174342026,1.346853548,-5.551924614,4.205096052,221.9416406,257.9491371,212.3887142,4.453584724,4.839772962,1.263087232,222.6099116,257.0355611,213.9272259,2.764355203,3.033227161,6.777540142,0,-111.5826597,133.1014471,34.01094686,-144.1944526,150.3879011,-0.2635420718,-111.4773122,133.3772465,-65.00032681,-52.43556858,129.9045294,49.98936075,49.98937339,2129.20866,2123.917043,7.939881305,-89.58246133,3.8297155,1
3238,64,64,32,1,1,1,1,1,1,1,1,0,1,1,1,222.3923905,258.1371418,211.6213865,4.857745257,5.623826487,8.90029683,223.3665646,258.9507435,210.7686392,7.512826102,3.802644782,7.214523592,4.635546,1.378157738,-6.013681273,-4.663684918,-1.373404104,6.037112403,222.3861268,258.1387241,211.6220859,1.19984637,5.322567168,6.462165773,223.3503836,258.9513658,210.7593459,5.832788681,3.342830819,3.783561081,0,-112.041059,132.8685213,-139.3075343,-76.91246888,104.4934115,0.3559187821,-112.3192621,133.0300343,7.77196985,-179.1585923,-173.2582455,49.98937912,49.98938524,2125.839695,2121.15236,7.922116774,-89.56810804,3.9306608,1
3239,64,64,32,1,1,1,1,1,1,1,1,1,0,1,1,222.3929306,258.1397163,211.62079,4.853902339,5.626524823,8.89628707,223.3668252,258.9551116,210.7661862,7.50950727,3.801125838,7.206617317,-4.630866128,-1.375045951,6.005938675,4.658991509,1.369736803,-6.028698732,222.3866533,258.1413062,211.621486,1.197858935,5.326437604,6.46491118,223.3505898,258.955799,210.7569479,5.831277015,3.342693595,3.782605262,0,-112.0419055,132.8676008,-139.3201407,-76.92420988,104.4975121,0.3567266263,-112.320107,133.029172,7.759467032,-179.2267384,-173.2185778,49.98937961,49.98938467,2125.438474,2121.492959,7.462831478,-89.14566904,4.3314712,1
3240,64,64,32,1,1,1,1,1,1,1,1,1,1,0,1,221.3002687,258.8310867,211.9392122,8.361201002,5.104509776,7.166438559,220.0223773,260.2723469,212.6666368,7.228624654,8.122182781,3.562392711,-6.379635412,4.947206457,1.432460093,6.398104138,-4.977004888,-1.421069018,221.2955905,258.8314321,211.939571,5.287774122,0.7885449303,6.910834815,220.0069564,260.2632078,212.6660869,3.172959072,6.34389881,3.020570005,0,-111.8712432,132.7069443,-36.2504761,34.76585129,154.5150314,0.1092712486,-111.6288285,132.3654867,79.77206922,-115.7588109,73.29273966,49.98936056,49.98936037,2129.914614,2125.775484,10.59884124,-85.55951453,3.9544288,1
3241,64,64,32,1,1,1,1,1,1,1,1,1,1,1,0,221.292933,258.8326117,211.9400116,8.368959141,5.138642632,7.174615449,220.0161461,260.2833788,212.6643183,7.249002707,8.154516683,3.557843383,6.393718245,-4.975241488,-1.418458638,-6.412356903,5.00459806,1.407780319,221.2882408,258.8329488,211.9403767,5.281254161,0.8126958157,6.920413263,220.0005706,260.2741212,212.6636933,3.187853757,6.360637192,3.01764844,0,-111.8703003,132.7060863,-36.46411658,34.13820586,154.501559,0.1114731675,-111.6283129,132.3638602,79.51400309,-115.9345824,73.11617107,49.98935969,49.98936009,2130.013163,2125.85446,11.10974848,-86.04052127,4.0065018,1
3242,64,64,32,0,1,1,1,1,1,1,1,1,1,1,1,222.3167197,256.9777833,213.2239252,3.231907632,5.975863365,7.838172856,222.1281467,258.3937309,212.8084071,4.888796571,6.945999768,4.067096227,-1.252781785,5.066874037,-3.814059345,1.261912002,-5.033510266,3.771618895,222.3113332,256.9716336,213.2197738,2.823260283,3.066557285,6.816427843,222.1226712,258.3951299,212.8090338,4.626712368,4.720307933,1.375842881,0,-111.2078969,133.5798012,-68.19500469,-54.33938058,127.7480775,0.3352631871,-111.2671331,133.4639141,34.57679024,-144.2819375,162.5458801,49.9893774,49.98937029,2127.825494,2122.59867,8.668819932,-89.62439332,4.0115094,1
3243,64,64,32,0,1,1,1,1,1,0,1,1,1,1,1,217.3265939,411.9392417,271.944815,13.84855721,22.41989699,25.03576709,223.8360257,413.5985774,275.7372986,16.03696731,20.67856389,25.24107627,4.746546909,17.96186327,-22.70822526,-7.479855542,-12.48781637,19.96786901,142.8292796,310.3899506,232.0771419,6.911630151,9.27582142,8.534505767,146.409608,315.643087,237.520492,9.331083885,14.11726034,14.58653984,0,-108.7757374,113.5286244,132.4331253,12.93317088,-131.4556053,0.2240510917,-108.6872086,113.666495,-33.10519448,-142.7550214,81.51674271,49.97856272,49.98177714,3958.542956,3988.779683,1020.569079,-315.4044943,3.831534,1
3244,64,64,32,0,1,1,1,1,1,1,0,1,1,1,1,224.2267654,254.4949526,214.4778378,4.918382764,23.82266578,20.17617068,224.4704435,254.7130316,215.0994545,4.920901719,23.77164572,20.16525722,-3.542280603,22.68892783,-19.1466226,3.54641703,-22.65784244,19.11145059,224.1678209,254.4510225,214.4239559,2.452445586,2.866437753,3.958326241,224.4089518,254.6754798,215.0282518,2.451343525,2.703496456,4.085194475,0,-110.5069762,134.7372238,-0.08146705015,-112.7034501,132.9455392,0.0262087561,-110.4788958,134.8193944,-0.04126797328,-108.3042468,136.2709883,49.98868546,49.98869011,2266.183881,2257.837864,12.96177432,-85.25573208,3.8750465,1
3245,64,64,32,0,1,1,1,1,1,1,1,0,1,1,1,220.7697446,257.3434002,215.3501338,15.45451828,39.43158207,40.40822516,224.3774144,257.1102297,212.6621139,18.39420902,38.37328689,40.05820173,-0.03722728065,26.89878922,-26.86129279,0.03143921634,-26.72840965,26.69720412,220.542666,256.55249,214.6460296,7.656537816,10.27522926,9.878422835,224.0697482,257.0509883,212.5217967,12.47026905,6.467165858,9.929179018,0,-110.3721123,133.7499429,171.4185926,-76.38030234,67.31648798,0.729582394,-111.1191486,134.5134759,-5.156365334,132.9707944,-160.3731501,49.98635306,49.98768299,2686.372473,2393.637811,116.5463871,-91.21574599,3.8501559,1
3246,64,64,32,0,1,1,1,1,1,1,1,1,0,1,1,222.5744214,258.0146283,211.5952998,6.047258371,5.738505827,9.547809756,223.6088105,258.804907,210.7244443,8.3954702,3.791486118,8.045700365,-5.411241934,-1.259852766,6.671149972,5.443928598,1.25571254,-6.69958529,222.567283,258.0159041,211.595525,1.219391718,5.445491486,6.47919054,223.5856381,258.8050937,210.710353,5.916029922,3.331829161,3.89512658,0,-112.0529081,132.9135328,-145.1003167,-77.34360323,103.520687,0.3568552821,-112.3424158,133.0871217,6.836632784,178.5724747,-172.7309518,49.98935941,49.98936683,2129.546684,2125.605014,6.511337888,-89.45410676,3.9746257,1
3247,64,64,32,0,1,1,1,1,1,1,1,1,1,0,1,221.0978905,258.3671101,212.6980176,13.69840061,11.63098221,8.130478145,219.5931343,259.7268746,212.8852015,12.9567217,12.9999085,3.108133029,-10.3398474,9.259112738,1.080401388,10.37692279,-9.290340085,-1.086920421,221.0853303,258.360638,212.6892508,5.911850767,0.6303452977,7.758477679,219.510705,259.6644665,212.8795791,3.75640174,5.736702303,1.956832978,0,-111.4887754,132.986961,-39.39312801,-17.60948856,146.9270262,0.128237228,-111.3030262,132.6059173,86.15600509,-117.7703023,56.13866622,49.98893086,49.98947438,2196.907563,2103.14161,7.004557957,-79.91697466,4.0284126,1
3248,64,64,32,0,1,1,1,1,1,1,1,1,1,1,0,221.4393892,257.2966355,213.8600495,3.227952768,8.525188172,10.29186547,221.2530856,258.8412495,213.1645379,5.279004893,9.098478436,7.234145359,-0.6427082571,6.955087609,-6.312494617,0.651144406,-6.896304242,6.245049587,221.4326885,257.2707609,213.8396156,3.060579529,3.574191912,7.378356404,221.245735,258.8383554,213.1635577,5.17771044,4.871721682,1.369344176,0,-110.9183792,133.5491669,-78.29114874,-52.15027077,124.2644419,0.4002766046,-111.0161378,133.4244746,35.45561313,-149.9132415,-168.3363223,49.98926775,49.98934792,2149.45709,2132.316922,9.633217625,-87.8787801,3.7628957,1
3249,64,64,32,1,0,1,1,1,1,1,1,1,1,1,1,222.308836,256.9841753,213.2218172,3.229656282,5.969552395,7.842300932,222.1202606,258.4035984,212.8053044,4.896548191,6.941450708,4.068146884,1.24406124,-5.0581323,3.814078029,-1.253392621,5.024265984,-3.77087384,222.3034983,256.9780491,213.2176497,2.828566074,3.069218102,6.82093817,222.1148004,258.4049704,212.8059206,4.639684072,4.723255045,1.377970777,0,-111.2087518,133.5771853,-68.44285009,-54.28781412,127.6590954,0.3362874763,-111.2678684,133.4612387,34.60853028,-144.3138639,163.0020226,49.98936868,49.98937878,2128.281656,2122.146546,9.102994605,-90.04788671,3.8209727,1
3250,64,64,32,1,0,1,1,1,1,0,1,1,1,1,1,224.2192558,254.5055795,214.4713825,4.917310988,23.79453067,20.14931616,224.4641137,254.7218654,215.0895417,4.920581953,23.74629654,20.13761239,3.542707516,-22.66372594,19.12102334,-3.546785186,22.63248455,-19.08568967,224.1605512,254.4622315,214.4176265,2.451379331,2.854933852,3.960421232,224.4026062,254.6842978,215.0186359,2.452259217,2.714450144,4.081988166,0,-110.5102707,134.7322656,-0.03437654568,-112.505359,133.163417,0.02599611913,-110.4830745,134.8145893,-0.0885101468,-108.538199,136.0524797,49.9886959,49.98868655,2263.282124,2258.926836,12.74178437,-85.14444198,3.7717176,1
3251,64,64,32,1,0,1,1,1,1,1,0,1,1,1,1,216.8664825,411.6673062,271.8051003,14.63417041,22.51907556,25.27330695,223.4821387,413.4337271,275.6149845,16.80912735,20.91767788,25.53298254,-5.016477941,-17.74233314,22.75858297,7.742277163,12.27392568,-20.01640154,142.6815031,310.3828256,232.0073828,7.128672415,9.540344077,8.620137734,146.3536714,315.7226761,237.4739557,9.5850293,14.38657152,14.73085548,0,-108.7882477,113.4909568,133.9764965,13.32910726,-130.5661446,0.2558574773,-108.700439,113.6426721,-32.31832478,-142.9525461,81.75299906,49.98070531,49.97954338,3898.009596,4049.270558,1027.333141,-324.9747984,3.780656,1
3252,64,64,32,1,0,1,1,1,1,1,1,0,1,1,1,222.5538728,258.0297495,211.5998868,5.631828766,5.722724017,9.34743119,223.5694951,258.8367749,210.7029857,8.103770994,3.795294805,7.740423507,5.243500439,1.233565415,-6.47704563,-5.275189892,-1.229813381,6.505022526,222.5469948,258.0312606,211.6001445,1.262399708,5.451776121,6.541636036,223.5490984,258.8373009,210.6908212,5.932762159,3.373616684,3.870443324,0,-112.0519629,132.9085517,-143.1440458,-76.90818161,103.675178,0.3622417588,-112.3426156,133.0779501,7.398166237,178.6508469,-171.8480244,49.98936526,49.98937463,2128.564903,2123.27516,6.495938001,-89.48073553,3.8330388,1
3253,64,64,32,1,0,1,1,1,1,1,1,1,0,1,1,219.7820402,257.5380237,216.4928044,20.38517251,49.7649493,51.01147373,224.4805728,256.4253195,212.770376,23.21392334,48.53969654,50.67419372,0.07207557502,-33.53296918,33.46081066,-0.06145186382,33.32075227,-33.2593821,219.4503408,256.302661,215.3997968,10.14530355,12.75228943,12.1849795,223.9927595,256.3304809,212.5288573,14.8916272,8.470497761,12.63769039,0,-109.8953798,133.8597848,167.109127,-79.11830411,59.75942056,0.8566329374,-110.8715127,134.9035951,-8.636538153,120.9628034,-157.9012982,49.98529627,49.98569401,2926.173431,2827.211338,163.8566176,-18.71419744,3.8528374,1
3254,64,64,32,1,0,1,1,1,1,1,1,1,1,0,1,220.7834486,258.0160428,213.4148466,3.424078207,14.37773169,15.54079921,220.7906633,259.8507693,212.6699651,6.205279281,14.82875533,13.65942201,0.0927781646,-9.475879089,9.381178647,-0.103905334,9.382714567,-9.280729986,220.7565854,257.9196219,213.317657,3.310114299,3.932380739,7.351284566,220.7652626,259.8323451,212.6508513,6.140431572,5.568011073,1.639560207,0,-111.1349593,133.214301,-96.1152646,-42.94177824,121.6927039,0.4901548052,-111.2371113,133.1021755,32.51839279,-152.2331992,-165.286013,49.98927026,49.98895286,2149.509664,2212.680361,43.9305659,-116.0934711,4.0706861,1
3255,64,64,32,1,0,1,1,1,1,1,1,1,1,1,0,219.3130713,258.9372538,214.1715155,45.58845334,46.95678323,21.24479549,220.0689469,263.2546636,210.1738857,46.34389895,47.21901238,16.62056748,31.56384528,-30.67906275,-0.8837695081,-31.66607662,30.73280807,0.9343162883,219.2114924,258.702987,213.8896378,8.118918263,10.81348961,15.12593552,218.8527269,262.3530732,209.9678719,11.06567524,11.22015357,7.699344548,0,-110.9794217,132.8647231,-115.3095605,-32.2260044,117.601179,1.071612421,-111.6025026,132.3699259,41.74375933,177.6360359,-77.82298275,49.98706016,49.98521202,2498.034571,2905.350991,30.85823191,57.16885369,3.8501317,1
3256,64,64,32,1,1,0,1,1,1,1,1,1,1,1,1,223.1988032,258.6212075,210.1981736,7.406126649,3.748957436,7.222948479,222.6515985,258.3945052,212.1360207,4.818283276,5.599491977,8.723426939,-4.710576564,-1.384307376,6.094901542,4.666276266,1.380296979,-6.046554525,223.1795736,258.6216123,210.1910382,5.659239283,3.266259802,3.692742847,222.6440462,258.3963892,212.1368336,0.9008726618,5.290349876,6.177531126,0,-112.6863371,132.5701926,4.686755686,-179.3060112,-178.0108079,-0.2704430052,-112.3598255,132.5513185,-147.9342001,-78.10206383,105.4179312,49.98938796,49.98939046,2124.892666,2119.352996,6.930419469,-91.12073482,3.8491701,1
3257,64,64,32,1,1,0,1,1,1,0,1,1,1,1,1,224.1982066,256.9963557,211.8871746,14.85845421,31.633389,32.78984684,221.9454446,257.0921172,215.148873,11.84228062,32.42643868,33.07189371,0.1143303755,-22.33507439,22.2217513,-0.138529265,22.41137436,-22.27183662,224.0198796,256.9651904,211.7907064,10.49472978,5.295267418,7.717168084,221.7896981,256.5785937,214.6022482,5.621172447,8.482534536,8.182680018,0,-111.8883283,133.5075709,-2.851142666,146.2150297,-163.862103,-0.6081021903,-111.2712368,133.1024351,174.9667788,-74.10344792,76.25079074,49.9886343,49.98702739,2225.964949,2529.869526,-20.16275448,-10.89079891,4.0104805,1
3258,64,64,32,1,1,0,1,1,1,1,0,1,1,1,1,223.4624601,258.4632577,210.1290464,8.234857822,3.751464863,7.961245967,222.862398,258.2419245,212.1188148,5.890386997,5.726712179,9.357573337,-5.542934114,-1.207586401,6.750539112,5.49154444,1.202167507,-6.693694372,223.43646,258.4634422,210.118448,5.787508802,3.308424217,3.789985403,222.8536838,258.243587,212.1191618,0.9949146998,5.449137818,6.271455009,0,-112.7165041,132.6271414,4.257969291,177.9465778,-176.1426583,-0.2781947803,-112.374672,132.598982,-153.3736029,-78.03018796,104.3632636,49.98937411,49.98937078,2128.074803,2122.793096,6.764546289,-92.76247826,3.8070894,1
3259,64,64,32,1,1,0,1,1,1,1,1,0,1,1,1,319.9671342,296.1836084,321.0854844,18.39038832,12.07511564,17.39467888,320.9553641,299.127998,322.4446242,18.22092323,13.33672184,15.74935781,-9.374710019,0.8432690743,8.531547929,6.534760713,-4.728433139,-1.806273133,263.5053989,202.5288776,247.6547978,1.50921781,3.125722522,4.466470463,265.2657196,204.4655036,249.9181055,6.466621389,5.632043638,6.990398463,0,-95.5063806,155.6655172,110.7506181,-1.033428351,-158.4054378,0.1526598218,-95.51260649,155.6147875,-12.60331461,-129.1464223,128.1596288,49.97178014,49.98714373,4294.930228,3949.370693,73.32444994,-344.8274963,3.7209244,1
3260,64,64,32,1,1,0,1,1,1,1,1,1,0,1,1,224.6871725,260.0006953,206.9749149,28.50201999,5.821075833,32.90611691,224.8831062,260.2871537,207.5433664,28.46512352,5.805152751,32.82040763,-27.16131548,-3.70599222,30.86735128,27.11738126,3.687124545,-30.80446201,224.5288196,259.8932393,206.849078,2.411762871,2.843160367,3.954796379,224.7452915,260.1804805,207.38539,2.505766695,2.842327668,3.803814852,0,-114.3592653,131.5654979,-2.968218901,-114.0579646,129.9054233,0.04013302152,-114.334233,131.6371139,2.746420387,-114.7841648,133.0735093,49.98817407,49.98814191,2368.188665,2368.533872,33.19857163,-62.2047927,3.7335574,1
3261,64,64,32,1,1,0,1,1,1,1,1,1,1,0,1,227.9261014,255.1709473,210.7589351,55.38110371,22.7709587,53.68418605,222.5630506,260.7178781,209.3400455,54.87618459,25.79457959,51.88728464,-36.46572283,0.3425526574,36.12311505,36.28100609,-0.439068859,-35.84199102,226.2892874,254.8921032,209.4386369,13.22049396,10.88557319,14.64172724,222.0781712,260.3146543,209.260612,12.5842705,16.14160164,8.178249741,0,-112.7948638,133.7980053,-71.62704567,42.09703158,157.8410212,0.824328132,-112.179058,132.5696843,86.62101469,-129.3396694,1.405852788,49.98472177,49.98508985,3043.261148,2937.218478,187.3972106,-8.960803108,3.732252,1
3262,64,64,32,1,1,0,1,1,1,1,1,1,1,1,0,221.4255367,259.1730099,211.4258924,11.65164908,9.846703295,7.462737165,220.1480431,260.7138004,212.0287667,10.92225983,11.71547349,3.478627561,8.624880713,-7.336330094,-1.28850665,-8.663625633,7.377393779,1.286280037,221.4138644,259.1637098,211.4218212,5.348171003,0.9046025427,7.16503234,220.0848376,260.6594387,212.0210419,3.369119114,6.331035897,2.779316523,0,-112.1474047,132.5042944,-38.27691023,20.96244481,152.6665696,0.1303796028,-111.9220212,132.1422462,79.19876719,-118.1079539,68.23237639,49.9892929,49.98924585,2142.155435,2148.148262,6.753272564,-80.55123922,3.8148352,1
3263,64,64,32,1,1,1,0,1,1,1,1,1,1,1,1,223.1926075,258.6243927,210.2041204,7.418268727,3.751839034,7.251825174,222.6495225,258.3975395,212.1394412,4.847817085,5.59526518,8.747727858,4.741067995,1.38988303,-6.130923093,-4.696680439,-1.38639883,6.08310421,223.1732721,258.6247991,210.1968965,5.648317497,3.262104819,3.685643124,222.6419636,258.3994407,212.1402448,0.8931333857,5.281259494,6.174267391,0,-112.6840652,132.569729,4.727328945,-179.1547591,-178.092386,-0.2700676357,-112.3585568,132.5515109,-147.3885086,-78.12703712,105.4937619,49.98939337,49.98938475,2124.295895,2119.994766,7.021750415,-91.13412726,3.8130406,1
3264,64,64,32,1,1,1,0,1,1,0,1,1,1,1,1,223.5038078,258.4320481,210.1534584,8.526672049,3.749476845,8.251984024,222.8847472,258.2239017,212.1214429,6.287010819,5.740899596,9.556028558,5.695461991,1.230797634,-6.92620794,-5.642561546,-1.225445907,6.868064283,223.474672,258.4320133,210.1410512,5.781547014,3.276566163,3.816912707,222.8756858,258.2253992,212.1217732,0.9695595121,5.446481383,6.216427283,0,-112.708379,132.6442408,3.735529113,177.8565109,-176.9025023,-0.2741390327,-112.3672329,132.61204,-156.1039899,-78.35824763,104.2273359,49.98936675,49.98936414,2129.991341,2124.306847,6.772243397,-92.79668396,3.8285097,1
3265,64,64,32,1,1,1,0,1,1,1,0,1,1,1,1,224.6597314,255.865403,212.1176763,23.39952689,49.13578863,51.31964763,220.3923354,257.470926,217.1135486,20.54167277,50.21114743,51.42072678,-0.02575736217,33.72747979,-33.70175453,0.06783123885,-33.83747225,33.76960653,224.1961699,255.8001898,211.8453483,14.93885155,8.511593668,12.56148071,220.05826,256.3278117,215.8569282,10.17571458,12.77043962,11.96102613,0,-111.6447919,133.9421896,-10.35940237,120.1135761,-159.4618279,-0.7839809947,-110.6130163,133.0385559,164.905974,-79.90854213,58.49823284,49.98561563,49.98526391,2844.001383,2932.525774,73.59402252,61.27952039,3.8273767,1
3266,64,64,32,1,1,1,0,1,1,1,1,0,1,1,1,224.6569959,260.0027857,206.9712258,28.36157532,5.813966246,32.76697681,224.8629155,260.2874126,207.5500524,28.32788684,5.796355846,32.68758457,27.03937685,3.708430129,-30.74779959,-26.99571066,-3.689922482,30.68562755,224.5012457,259.8983174,206.8490475,2.394586176,2.845041015,3.93042657,224.7267296,260.1820605,207.3934765,2.521232154,2.840465229,3.82871872,0,-114.3562465,131.561769,-2.689430252,-114.1703712,129.7765252,0.03901810207,-114.3311464,131.6353706,2.443841261,-114.6660268,133.1792646,49.98817496,49.98815397,2368.461312,2367.628827,33.93891021,-62.96233999,3.7396245,1
3267,64,64,32,1,1,1,0,1,1,1,1,1,0,1,1,319.6395735,294.8893139,320.2498626,18.25877791,9.631298281,17.73143883,321.1180081,298.5978199,322.1648511,17.76859167,11.89691738,15.58607055,15.92594251,-1.58932343,-14.33703125,-13.09263086,5.45823452,7.634099096,262.9265474,201.7170923,246.7159525,5.688282309,3.551628397,6.172204342,266.438719,203.9955815,250.8932379,10.0912623,6.521959011,11.72668619,0,-95.54186173,155.7122508,123.3206916,13.53872118,-107.8019134,0.1512942097,-95.48610946,155.76756,-28.08446118,-126.5312523,124.1386827,49.97664499,49.9823362,4146.932426,4086.77085,317.4140585,-597.0258994,3.7113028,1
3268,64,64,32,1,1,1,0,1,1,1,1,1,1,0,1,221.6635255,259.1621826,211.2803429,13.30342397,11.88204858,7.646713751,220.3512609,260.8175333,211.839991,12.67988551,13.54286385,3.341034686,-9.259451175,8.10954995,1.150104561,9.306252884,-8.15557613,-1.150473205,221.6467209,259.1455102,211.2727664,5.472535803,1.111068411,7.404257701,220.2570637,260.7308425,211.8264385,3.562245049,6.479772709,2.736370946,0,-112.2334718,132.4970737,-39.8746646,20.15413326,152.4337381,0.143739278,-112.0091251,132.1088943,79.74052729,-119.4823344,63.17112114,49.98919764,49.98921841,2162.691814,2154.086591,5.337612148,-80.21154314,3.8547729,1
3269,64,64,32,1,1,1,0,1,1,1,1,1,1,1,0,226.6756651,256.1024454,210.4442976,47.23553615,18.846379,45.83222873,222.451818,260.7881945,209.9829248,46.7818687,21.98728028,44.26984592,31.63604273,-0.3628988458,-31.27415118,-31.47216296,0.4443634075,31.02688184,225.4418918,255.8868671,209.4376108,10.82578651,8.990530021,12.26961985,222.1005608,260.5052702,209.9235849,10.19404119,14.34585701,6.41203653,0,-112.8292329,133.4521606,-69.29923567,44.44781614,160.4263099,0.6413284978,-112.2480533,132.450797,83.96564667,-126.7551744,14.83246014,49.98571306,49.98671278,2806.913094,2572.340033,144.0111983,-75.9732853,3.8717136,1
3270,64,64,32,1,1,1,1,0,1,1,1,1,1,1,1,219.7435309,260.0332422,212.0767152,7.288787661,8.167251108,3.675834945,221.4027108,259.1493882,212.5215217,8.367145208,5.268955681,7.128587094,6.579952969,-5.141892088,-1.438032474,-6.545502536,5.1018757,1.443660321,219.7270585,260.0240826,212.0761465,2.942198496,6.254895416,3.134481709,221.3979029,259.1499301,212.5217047,5.098605659,0.7704435235,6.865419502,0,-111.8260135,132.1802579,77.95514562,-116.9050346,73.43286322,-0.04257805996,-112.0026413,132.659773,-34.43621628,23.82237907,155.1829271,49.98935713,49.98935508,2131.246135,2126.3089,15.19110002,-84.90778726,3.8981323,1
3271,64,64,32,1,1,1,1,0,1,0,1,1,1,1,1,219.7257034,260.0415714,212.1084758,7.581580055,8.466760513,3.520209665,221.3968781,259.0870695,212.61056,8.562496184,5.652112956,7.220901253,6.778806723,-5.443631747,-1.335128609,-6.743156463,5.40358376,1.339620721,219.7080995,260.031559,212.1077771,3.099185943,6.338626659,3.026131826,221.3915449,259.0876357,212.6105877,5.092188804,0.9406381259,6.994527271,0,-111.8111938,132.1840767,76.57607615,-118.3694932,71.31692665,-0.06069374054,-111.9811793,132.673614,-36.38690949,19.2750221,154.4222076,49.98933442,49.98936386,2135.350398,2124.624234,15.22469431,-85.05530089,3.8027984,1
3272,64,64,32,1,1,1,1,0,1,1,0,1,1,1,1,221.0249565,258.5398063,212.7242487,5.271745883,11.28420884,9.811287447,221.6350075,257.4990399,214.4632854,3.276870145,10.64279859,12.06907319,-0.8816404357,8.104995933,-7.22356549,0.8774896295,-8.151951079,7.274204852,221.0133274,258.5339938,212.7128827,5.021594362,5.152323248,1.186547422,221.6213223,257.4495861,214.4044085,2.856598039,3.408850534,7.041819309,0,-111.4400225,132.9277722,33.42034235,-147.9316639,167.4495963,-0.326966018,-111.3108481,133.2019054,-76.88601343,-47.57057723,127.4299982,49.98922509,49.98926912,2157.982827,2143.969578,2.22035439,-80.51985135,3.8252434,1
3273,64,64,32,1,1,1,1,0,1,1,1,0,1,1,1,222.15861,260.3530251,208.8921357,57.57082626,27.28633756,54.4334873,228.1062961,255.0271308,211.8135597,57.90919032,24.24222007,56.01238549,38.08132527,-0.5367081315,-37.54469714,-38.15400464,0.4695860764,37.68435625,221.6837087,259.877927,208.8096109,13.04025746,16.8133782,8.724551887,226.4733457,254.7103275,210.2298872,13.57678025,11.56566583,15.14072639,0,-113.2115703,131.6300675,85.3322286,-131.2468147,-0.3281073986,-0.8164590397,-113.7860419,133.056776,-73.61307118,40.23284542,157.2049476,49.98465437,49.98424469,3029.060924,3129.826914,105.9130607,115.8065187,3.9101728,1
3274,64,64,32,1,1,1,1,0,1,1,1,1,0,1,1,220.1651387,260.5299986,211.2543523,12.42239002,13.25095425,3.409716573,221.8598643,259.421954,211.8481716,13.00845649,11.55443988,7.555361928,9.141622258,-7.991061501,-1.15029648,-9.074906056,7.930158422,1.145008378,220.0767625,260.4504487,211.2435251,3.333117743,6.440017472,2.881913906,221.8437451,259.4071904,211.8416157,5.256946509,1.152128788,7.335806522,0,-112.2602373,131.8970415,77.75473324,-120.6739095,64.02078362,-0.07951327193,-112.4221255,132.4226266,-38.38395217,14.12688501,153.2870407,49.98920735,49.98922695,2160.392645,2153.85732,20.92171144,-90.8630744,3.8685474,1
3275,64,64,32,1,1,1,1,0,1,1,1,1,1,0,1,379.1575702,312.3081629,221.9111476,18.87541979,20.08108642,11.73627894,380.1044605,315.4531702,226.8515492,16.89701085,20.64570815,13.94852603,15.15807477,-17.23882951,2.08065714,-9.579944184,15.93902666,-6.359116763,263.5529135,276.1891585,154.1216511,7.172205735,7.068045723,4.518042672,267.7346449,280.3220032,156.9958385,11.49754893,11.14121261,7.813257141,0,-137.232769,123.1907791,124.558006,-21.51474738,-139.3277154,0.1469765542,-137.17978,123.1902567,-30.89520452,-172.0985537,88.15676007,49.97778863,49.98509605,3765.047315,3679.394521,351.5821901,-681.0899099,3.6933805,1
3276,64,64,32,1,1,1,1,0,1,1,1,1,1,1,0,216.4004645,262.0210678,213.1778027,30.78378267,26.11302827,6.58359277,216.5731497,262.2865091,213.7987854,30.73508555,26.10336927,6.569598208,29.05318118,-24.70732693,-4.345834128,-29.01931745,24.68308266,4.336247742,216.2950095,261.9143299,213.0802191,2.455596466,2.793839442,3.998184206,216.4683389,262.1810108,213.6959833,2.280519602,2.940047137,3.991925816,0,-111.3711663,131.5618277,-2.613539289,-113.7735149,131.5767171,0.02643533934,-111.3329084,131.6297095,2.685291182,-109.1992493,131.332997,49.98821628,49.98824056,2356.596489,2351.366588,51.25611452,-47.84057251,3.9472011,1
3277,64,64,32,1,1,1,1,1,0,1,1,1,1,1,1,219.7475434,260.0297994,212.0806724,7.264992918,8.156098487,3.68162963,221.4064593,259.1422421,212.523119,8.343324195,5.240278224,7.126756454,-6.552456032,5.108582411,1.443894695,6.518035523,-5.069300649,-1.448712142,219.7310868,260.020714,212.0799627,2.946902957,6.26595793,3.140105994,221.4016312,259.1427856,212.523313,5.09594302,0.7796390404,6.862995883,0,-111.8244959,132.1826409,77.85955424,-116.9115176,73.46699871,-0.0434103296,-112.0018209,132.6620425,-34.50582803,24.29556053,155.2291993,49.98935613,49.98935651,2131.096902,2126.351881,14.43255813,-84.1532397,3.8295184,1
3278,64,64,32,1,1,1,1,1,0,0,1,1,1,1,1,221.2408686,258.311082,212.6790382,5.083935525,9.23078395,7.128763705,221.9048179,257.2905576,214.4487089,3.210682425,8.519904184,10.1076816,0.874366861,-7.019162783,6.144861774,-0.8687760245,7.055559212,-6.18670892,221.2343575,258.3100661,212.6776231,4.908575457,4.998373837,1.103237605,221.8984164,257.268585,214.425169,2.926102978,3.443901948,7.207781732,0,-111.4401012,132.9993295,34.72031656,-148.6413782,175.230198,-0.3165591523,-111.3043491,133.2840469,-73.92724372,-50.21164201,127.0825422,49.98932556,49.98929581,2138.224555,2140.89132,8.97814529,-88.68497024,3.8427692,1
3279,64,64,32,1,1,1,1,1,0,1,0,1,1,1,1,219.9459653,262.9368315,209.4970226,49.6433283,50.74678242,18.61116999,219.3492388,258.8897503,215.1531733,48.73907545,50.42241416,23.02253721,-33.80784714,33.11242404,0.695736753,33.62397098,-32.98867374,-0.6349341179,218.6017026,261.8946451,209.270172,11.72322363,12.06743437,8.631462756,219.2427831,258.6036452,214.7869337,8.556449566,11.88222246,15.927201,0,-112.9265888,130.9732774,38.60476375,172.8155741,-79.95899596,-1.091036058,-112.1563204,131.6231433,-120.7231236,-34.68409058,114.8945437,49.98481334,49.98644138,2999.361526,2605.273819,176.3200163,-52.11464468,4.0684199,1
3280,64,64,32,1,1,1,1,1,0,1,1,0,1,1,1,219.8750983,260.4113239,211.4876449,10.19528849,10.95075663,3.569224269,221.5473315,259.4522959,212.0179207,10.95071053,8.960442497,7.338393885,-8.375758902,7.075327164,1.300486162,8.320078089,-7.022376144,-1.297649483,219.8225569,260.3686222,211.4823644,3.107626927,6.261542508,2.953368281,221.5372794,259.4459262,212.0150787,5.170751035,0.8728119365,7.063269717,0,-112.123591,131.9536448,78.04736511,-118.5809845,69.50513988,-0.05738597005,-112.2900541,132.451395,-36.09836001,15.707987,153.7507657,49.98927244,49.98930707,2146.296195,2136.282742,19.03203111,-87.56310467,3.8774402,1
3281,64,64,32,1,1,1,1,1,0,1,1,1,0,1,1,222.1935142,260.5144802,209.2202064,53.50348712,25.5567483,50.46358759,227.4899977,255.5715213,211.5939114,53.8036838,22.45911986,51.93728739,-35.73413623,0.6621301134,35.0716983,35.80359859,-0.6001685729,-35.20375873,221.7813717,260.1060805,209.1451261,11.85522347,16.0716888,7.698681847,226.0600325,255.2918097,210.2022625,12.28987578,10.7870215,13.84116097,0,-113.154705,131.6591032,83.05212371,-130.2903042,5.942214083,-0.7378462185,-113.7103846,132.9603758,-73.67261971,41.00620852,158.6992992,49.98550784,49.984886,2818.58876,2983.64813,59.34382979,92.67168746,3.800337,1
3282,64,64,32,1,1,1,1,1,0,1,1,1,1,0,1,216.3975648,262.0035089,213.1819314,30.73410701,26.06405598,6.581774685,216.577477,262.2783707,213.7995809,30.68948948,26.05672455,6.567822055,-29.01178501,24.66567814,4.346118622,28.97784278,-24.64160844,-4.336223802,216.2925655,261.8971691,213.0851385,2.428729127,2.782248352,3.998099997,216.4733554,262.1738682,213.6978609,2.307421009,2.949579724,3.992151571,0,-111.3655731,131.5676345,-2.650226469,-113.2642951,131.5872752,0.02943619686,-111.3283128,131.6360826,2.664800275,-109.6856177,131.3344972,49.98823464,49.9882271,2356.537458,2351.503528,51.51830171,-48.18837452,3.7991002,1
3283,64,64,32,1,1,1,1,1,0,1,1,1,1,1,0,380.8285663,315.7315315,227.6965833,15.26898977,18.48438785,12.67733271,380.5402367,313.3959118,224.1950242,16.73866174,17.71874448,9.803765811,7.563710326,-13.48547843,5.922704445,-13.18438026,14.75471389,-1.569044844,265.8850699,280.461917,157.6964863,10.98606037,10.26114829,7.215448585,262.5902579,277.1839027,155.7734671,6.417109971,6.141614812,3.44131761,0,-136.8791126,122.851264,-27.43624794,-170.1968867,94.51926663,-0.1034120395,-136.9145823,122.9720538,128.1445418,-23.16790454,-139.3442242,49.97962188,49.98312974,3614.556138,3833.676987,-579.9914682,235.4362423,3.6604977,1
3431,16,32,64,1,1,1,1,1,1,1,1,1,1,1,1,202.162848,210.8727516,290.0955835,7.470875988,4.085933884,2.780265117,203.2904987,211.2406336,290.6010776,6.420908249,3.937779891,3.586423338,-0.00960099103,0.00270821913,0.007010075952,0.009834776773,-0.003168154064,-0.006536799478,202.1570848,210.8720654,290.0998113,7.470373635,4.085250894,2.779369508,203.2847473,211.2399873,290.6053348,6.420409621,3.937174623,3.585787277,0,-148.7829304,106.8161705,-0.8876369047,-158.5617709,111.5892577,0.1144633708,-148.6658906,106.8538833,0.5597648199,-138.8285467,103.0207694,49.98418353,49.98418221,3167.999789,3158.645906,-64.61581071,-249.9235787,3.8096367,1
3432,16,32,64,1,1,1,1,1,1,0,1,1,1,1,1,201.9010479,209.9424231,291.0983202,12.12389548,12.61266323,8.177391351,202.7082816,208.3012204,293.3216785,4.408817774,10.81479818,11.46341247,1.919696737,-9.359142847,7.439552185,-1.902728308,9.390393014,-7.487539326,201.8943933,209.9413143,291.0980069,11.83040032,8.124610405,2.269521095,202.69863,208.2730775,293.2967916,3.528596882,4.827653342,8.302331668,0,-148.5953038,106.9113545,12.47694906,176.1522362,-110.35297,-0.4728647603,-148.389283,107.1693396,-48.71771314,-73.09257871,97.42148149,49.98405763,49.98405211,3192.62482,3185.103578,-65.51637008,-247.6177494,3.8398868,1
3433,16,32,64,1,1,1,1,1,1,1,0,1,1,1,1,201.9017896,209.952607,291.0897594,12.1193145,12.57491603,8.122841355,202.7099889,208.3134415,293.3148135,4.411583001,10.76815345,11.4246632,-1.925317057,9.307111915,-7.381685276,1.908684504,-9.338978877,7.430394627,201.8951589,209.9514995,291.0894651,11.82539704,8.12806154,2.265320406,202.700321,208.2855609,293.2901862,3.530906169,4.828321105,8.301865275,0,-148.5972979,106.9091776,12.4763005,176.1555082,-110.1694996,-0.4724629467,-148.3905995,107.1671294,-48.6444448,-73.05789944,97.47742881,49.98405692,49.98405523,3193.352805,3184.062522,-65.39006182,-247.8220958,3.776048,1
3434,16,32,64,1,1,1,1,1,1,1,1,0,1,1,1,202.5274944,210.9518261,289.9004415,7.42582106,7.022041507,8.406924558,205.2229802,211.6052045,289.1292471,11.10728411,3.496638713,8.38484567,5.278488918,1.611262335,-6.889633507,-5.332988347,-1.586333254,6.919434186,202.5210798,210.9493411,289.9034172,5.010958974,6.700379823,4.701430726,205.2044571,211.6023633,289.1198149,9.631087778,2.806772629,4.618331524,0,-148.9614634,106.9808605,24.73633738,-129.1808019,60.32483933,0.1950955432,-149.273609,107.1990052,-12.80036145,156.0369708,154.743468,49.98404103,49.98405068,3196.059978,3185.29464,-68.59606772,-254.0226524,3.8166975,1
3435,16,32,64,1,1,1,1,1,1,1,1,1,0,1,1,202.5292164,210.9446578,289.9089603,7.431761266,7.01799034,8.410367429,205.2211968,211.6010772,289.1358905,11.09636734,3.502135504,8.382849558,-5.280835597,-1.618845209,6.899753833,5.335678827,1.592980413,-6.928551388,202.5227821,210.942141,289.911962,5.019165915,6.694411502,4.695335852,205.2026758,211.5981791,289.1265269,9.618224072,2.809554439,4.602352537,0,-148.9599872,106.9836631,24.61623595,-129.1669715,60.51867803,0.1966981203,-149.2710646,107.2010773,-12.77957806,156.1449395,154.6834991,49.9840495,49.98404226,3193.741166,3187.543257,-69.44537567,-253.1403884,3.8033203,1
3436,16,32,64,1,1,1,1,1,1,1,1,1,1,0,1,201.9733361,211.3482848,289.8615053,11.82675378,6.009148012,6.333658369,201.6218865,212.5430743,290.8345074,9.795324556,9.738605226,4.370861626,-7.113390689,5.667236759,1.446274703,7.157122533,-5.718277387,-1.43870979,201.9672118,211.3450046,289.8648569,9.343581373,1.602740038,6.01510578,201.6008474,212.5242397,290.8368276,6.540548319,7.792077214,3.897379197,0,-148.6919967,106.5876886,-24.29596793,131.9900382,143.0377477,0.3260306649,-148.1856041,106.3048315,35.47638495,-136.9807054,39.38076443,49.98410057,49.9841059,3184.225386,3174.176951,-77.99570195,-262.5221362,3.8214552,1
3437,16,32,64,1,1,1,1,1,1,1,1,1,1,1,0,201.9719562,211.3522812,289.8587934,11.81804604,6.014703545,6.342500004,201.6207873,212.5556096,290.8310021,9.804655569,9.76260067,4.369460197,7.108721105,-5.674694777,-1.433887747,-7.152096301,5.725102035,1.427126881,201.9657957,211.3489719,289.8621509,9.334930716,1.587548376,6.02932842,201.5996662,212.5366085,290.8332913,6.557843299,7.814455912,3.903373315,0,-148.6918702,106.5862729,-24.38823578,131.1815685,143.0617118,0.3277074305,-148.1847801,106.3023319,35.47864485,-137.0959689,39.18467493,49.98410566,49.98410143,3182.997617,3175.304856,-77.8072574,-262.8092391,3.8372622,1
3438,16,32,64,0,1,1,1,1,1,1,1,1,1,1,1,201.5513942,207.3980046,293.2343372,4.890557186,11.63278388,11.82784906,203.2291551,209.9052264,291.7498493,11.80074119,13.07117206,9.001465257,-2.219540232,10.45834957,-8.238633066,2.200765604,-10.36641922,8.165808605,201.5404709,207.3614123,293.196983,3.832372063,4.202072172,7.831687649,203.2228502,209.9039888,291.7478621,11.41199319,7.429976437,1.95277072,0,-147.8308465,107.6088657,-44.21435723,-78.74584904,96.69033645,0.746273571,-147.8647817,107.4389815,13.51535694,-179.8407665,-121.0495861,49.98403644,49.98403424,3197.746496,3188.058441,-56.33656737,-245.3762744,3.8028844,1
3439,16,32,64,0,1,1,1,1,1,0,1,1,1,1,1,229.8525838,353.8942992,348.1569613,11.91491852,14.50471481,15.37909875,233.2982505,355.2578019,349.7404749,14.58796773,16.1139441,17.3185361,-1.493652622,2.723030272,-1.218903585,-6.513758208,6.610284546,-0.08740909489,160.8897485,234.1833978,310.9267027,4.150570085,4.336015402,2.91977917,163.2486851,235.0821761,312.2403815,7.915387619,5.213186982,7.95817976,0,-135.0841188,92.35089917,32.57950484,-160.5619235,-9.853292813,0.1665495568,-134.7474001,92.72449704,-16.62315181,-114.1589959,113.4330031,49.98250067,49.96121978,4964.998888,6277.535656,-526.1056712,-973.6050241,3.7759953,1
3440,16,32,64,0,1,1,1,1,1,1,0,1,1,1,1,201.549142,203.4086996,296.2870363,10.38095394,43.23986565,36.34625392,202.8669239,203.8896394,296.56022,10.29393606,43.08824531,36.32778744,-6.526564185,40.14958479,-33.62300315,6.462617893,-40.04043778,33.57782711,201.3590368,203.1486702,296.0370469,6.942568041,4.016658583,3.06987858,202.6659961,203.6111831,296.3453342,6.895197448,3.611472209,3.420214888,0,-147.272755,108.5331651,0.07508778666,-150.4248809,104.4587303,0.1490046455,-147.2030262,108.5812338,-0.4841640389,-143.9969955,112.0889554,49.982,49.98199581,3604.618952,3595.780821,39.4250283,-146.5647521,3.8060013,1
3441,16,32,64,0,1,1,1,1,1,1,1,0,1,1,1,197.6751421,206.8995584,297.6240488,30.61892519,68.11609837,71.44582237,207.2885833,205.948824,292.2510778,36.98945029,66.46037715,71.27460377,0.7838810051,45.9969345,-46.78084348,-1.039782552,-45.56911961,46.60896081,197.3138348,204.5051557,295.727734,13.97617815,17.13017407,17.35295978,206.5133085,205.7459659,291.5055139,24.69844605,12.12293408,18.25450542,0,-146.2131358,107.5906188,126.4518033,-108.1448656,20.26456212,0.5159616938,-147.8536839,108.7333054,-26.99754008,95.24452558,179.6780818,49.97620082,49.9774886,4726.616079,4298.849671,258.0132068,-149.4086927,3.8235033,1
3442,16,32,64,0,1,1,1,1,1,1,1,1,0,1,1,205.792237,203.2306864,297.8003175,18.86576977,8.215288906,18.86371857,209.1497828,204.3307316,297.4932753,20.90955444,4.974129691,19.13913164,-13.51853809,-1.051878135,14.56911805,13.73816341,1.061670447,-14.80106622,203.2949373,201.3375757,297.0680133,5.496840379,7.032393332,4.68994665,205.9617264,201.9019404,296.4137259,9.388701277,2.715255432,4.568144241,0,-147.7410787,109.5409878,26.09108082,-126.9328762,64.79771498,0.1058036813,-148.1328457,109.7361086,-15.20015762,143.4292094,155.8038158,49.98323199,49.9835351,3292.829923,3363.829365,-13.07531062,-185.1926363,3.9649594,1
3443,16,32,64,0,1,1,1,1,1,1,1,1,1,0,1,198.7171094,210.1795822,292.7801214,63.37787398,68.83324791,35.52170232,204.251758,218.3777107,285.6953465,66.55918677,69.52888517,32.24069824,-43.95247877,46.255563,-2.302898474,44.15396521,-46.34800453,2.194222609,198.6272162,209.3751719,291.9346147,8.785761628,16.15729614,20.73100305,202.1704088,215.9328584,285.2182768,21.20489229,17.52558745,14.96813078,0,-146.9964638,106.5409193,-140.5233436,-61.0784836,85.65415086,1.839665962,-147.9359551,105.965701,15.50386117,145.7780207,-102.8725088,49.97705782,49.97704261,4546.465263,4567.276802,70.9788623,12.6630453,3.8087904,1
3444,16,32,64,0,1,1,1,1,1,1,1,1,1,1,0,201.2198355,207.4997857,293.4136575,4.72382886,12.80430652,13.03929826,202.9403056,210.0353635,291.8408282,11.92382791,14.08699047,10.44721599,-2.042351881,11.25316471,-9.210628946,2.011565495,-11.14251664,9.131111012,201.2049077,207.4379719,293.3493816,3.712099463,4.361213385,7.974056104,202.9315956,210.0286532,291.8299663,11.57167878,7.494945346,2.131775989,0,-147.6890538,107.5061343,-46.32655259,-78.20825548,95.7783762,0.7634953251,-147.7364443,107.3361782,13.39635698,179.1639389,-121.2704931,49.98400966,49.98400338,3204.946971,3193.776533,-58.01811313,-247.7475479,3.7676151,1
3445,16,32,64,1,0,1,1,1,1,1,1,1,1,1,1,201.5549851,207.4112714,293.2312109,4.895727257,11.6263548,11.80997673,203.2335598,209.911714,291.7427176,11.79291766,13.07521682,8.984093317,2.228454798,-10.44241007,8.214015263,-2.208908845,10.34949279,-8.140536247,201.5439878,207.3742721,293.1937713,3.831574701,4.198896599,7.818280618,203.2271858,209.9104539,291.7407922,11.40155702,7.445591238,1.926621327,0,-147.8328333,107.6083293,-44.01730706,-78.52716977,96.87735049,0.7448516367,-147.8688084,107.4391467,13.47570144,-179.7938321,-120.6915969,49.98405572,49.98401373,3194.924287,3191.196628,-57.30975189,-244.3751783,3.8628694,1
3446,16,32,64,1,0,1,1,1,1,0,1,1,1,1,1,201.5451429,203.4134001,296.2750009,10.37914432,43.20893162,36.3140604,202.8634654,203.8959686,296.5580474,10.29267295,43.06000745,36.29844465,6.527655885,-40.12215092,33.59460563,-6.463580569,40.01301995,-33.5493347,201.3566365,203.1550644,296.0266209,6.942233384,4.002443975,3.053902905,202.6642226,203.6200304,296.3446243,6.89539443,3.62712896,3.434487689,0,-147.2746426,108.5296056,0.08637845446,-150.5859194,104.6619254,0.1493183164,-147.2019847,108.5779096,-0.4952794064,-143.8475708,111.8682154,49.98200559,49.98200251,3603.48685,3595.281077,40.1274917,-147.4289856,3.7564922,1
3447,16,32,64,1,0,1,1,1,1,1,0,1,1,1,1,230.3535319,354.0688367,347.8371558,13.73739675,17.36466371,19.00027543,232.646631,355.1338327,348.7407291,15.57391897,18.5975249,20.00077282,2.541401626,-4.766226001,2.225603493,5.450882055,-4.507351656,-0.9418983962,161.0640417,236.0278458,310.6802145,4.262593595,1.819198722,0.8296194917,162.722428,237.0875344,311.6085551,6.914103021,7.051423442,6.127846209,0,-135.3307294,91.99533493,9.515469768,-142.791454,125.7731764,0.2286759337,-135.0889053,92.17312033,-6.10602328,-133.4618661,87.68667051,49.98521674,49.95838086,4698.557214,6565.301791,-532.750262,-961.4464374,3.7693425,1
3448,16,32,64,1,0,1,1,1,1,1,1,0,1,1,1,204.4313,204.2808782,295.9408799,15.5724061,8.010963821,15.76032932,207.6779582,205.1690807,295.3027916,17.97523337,4.246474267,15.92242997,11.47955562,0.8206360295,-12.297353,-11.65610801,-0.8257364967,12.48466395,203.0828368,203.2458904,295.5317521,5.213888446,7.317598876,5.102411815,205.8507629,203.819317,294.655452,9.681966822,2.782394539,4.858839143,0,-147.9924376,108.9830173,27.63604147,-126.9235464,60.99367306,0.153932425,-148.4028712,109.2044009,-14.70768015,138.6712732,160.2702511,49.98378849,49.98358904,3206.791734,3304.669872,-27.30072771,-207.9181545,3.7867479,1
3449,16,32,64,1,0,1,1,1,1,1,1,1,0,1,1,197.1058154,206.5998272,297.9759643,33.22421803,72.78905841,76.36733912,207.2028161,205.2238592,291.9563422,39.34800483,71.04083941,76.16356292,-0.9862371159,-48.86274404,49.84906133,1.265338994,48.40440484,-49.66966615,196.6664802,203.8725897,295.8683587,14.9443341,18.45868626,18.40116229,206.3087922,204.9965996,291.1071016,25.46633718,13.29464145,19.25139996,0,-145.9803029,107.6225134,125.8506835,-108.5743279,20.20645715,0.5508571615,-147.7840191,108.8475733,-28.30786127,92.28632225,-179.2646893,49.97555347,49.97551348,4880.519118,4876.930643,309.1014587,-32.54272245,3.7588402,1
3450,16,32,64,1,0,1,1,1,1,1,1,1,1,0,1,201.2151454,207.5197214,293.4161795,4.745518655,12.97241585,13.19928274,202.9349538,210.0412545,291.8407679,11.90298868,14.29337299,10.66812328,2.071652298,-11.20970214,9.137946659,-2.039316333,11.09703334,-9.057778863,201.1989991,207.4527894,293.3470818,3.714884139,4.320704401,7.905878043,202.9257831,210.0339762,291.8286564,11.54254929,7.580086489,2.006176307,0,-147.6883754,107.5051384,-45.83576259,-76.93351734,96.63538067,0.7611452728,-147.7370136,107.3363298,13.32779898,179.6304777,-119.7623729,49.98406263,49.9839269,3193.829888,3210.534311,-60.81943858,-244.817024,3.7957527,1
3451,16,32,64,1,0,1,1,1,1,1,1,1,1,1,0,198.7342926,210.2072681,292.7919867,63.51510007,68.99974795,35.55996909,204.2828419,218.4217398,285.7109839,66.70210029,69.69465063,32.28064117,44.02382852,-46.39899554,2.375487688,-44.22430802,46.49046119,-2.265839863,198.643283,209.3991684,291.9434943,8.84170317,16.15431036,20.76033072,202.1912944,215.9662713,285.2322347,21.26321366,17.52027708,15.00541618,0,-146.9991946,106.5369931,-140.6222614,-61.10397877,85.49198275,1.842410467,-147.9354384,105.9619955,15.52720961,145.7643665,-103.0767401,49.97704966,49.97709508,4553.264498,4544.4258,73.17521171,6.403214493,3.8212382,1
3452,16,32,64,1,1,0,1,1,1,1,1,1,1,1,1,203.6564869,210.7189941,289.3647648,10.97925008,3.56663612,7.652226712,203.4186926,211.1810836,290.7507063,6.992909241,7.181845383,7.629502874,-4.610643706,-1.412745061,6.023496525,4.535038135,1.440850681,-5.975782358,203.6444006,210.7160331,289.3552364,9.858825916,3.10265891,4.644451409,203.4129415,211.177057,290.7529197,5.129046001,6.959767527,4.668293595,0,-149.3632641,107.1913962,-15.30376122,149.3520961,154.3177282,0.1388732601,-148.8685747,107.0231766,29.69932976,-126.3131677,60.12944834,49.98406706,49.98405467,3191.674492,3183.815139,-60.88834947,-248.213076,3.8174089,1
3453,16,32,64,1,1,0,1,1,1,0,1,1,1,1,1,204.4285861,205.8859743,292.628848,34.64350668,66.67366036,70.31341216,198.1033278,208.0375145,299.0374497,27.91810772,68.00936777,70.45352339,-0.2481147531,-45.57187761,45.82117471,0.09503804358,45.78122828,-45.87503876,203.8242234,205.6397725,291.9763729,23.57402671,12.80506669,17.13832368,197.7145497,205.3276077,297.3336712,12.65462553,17.55943376,16.82606198,0,-148.7941582,108.1492473,-26.49476595,95.91907448,-175.8875894,-0.2732095164,-146.9675289,107.1883823,124.8247248,-107.2854184,25.9314488,49.97772218,49.97671784,4275.477706,4585.470041,111.6304802,-2.734727524,3.887981,1
3454,16,32,64,1,1,0,1,1,1,1,0,1,1,1,1,207.8816188,201.1732852,300.7995367,21.91141714,6.59967858,20.70698538,208.2418796,201.023534,302.5832067,20.76403983,9.579508932,20.76778827,-16.30265194,-0.6701069069,16.97911898,15.93389942,0.68008744,-16.60755774,203.3260367,197.3199749,299.1669332,7.804836806,2.726480311,3.125660004,203.7933567,197.9668541,300.9882858,6.670037672,7.399469867,5.18164812,0,-147.294086,110.2946436,-14.4734527,133.286351,160.9786984,0.1439174296,-146.7078389,110.2264479,16.48634873,-125.9907192,82.34847069,49.98111744,49.98513627,3589.779779,3129.619687,111.7226344,-258.3016011,3.8448726,1
3455,16,32,64,1,1,0,1,1,1,1,1,0,1,1,1,240.5294404,185.8957943,484.566458,29.53768269,17.52286595,23.30895811,237.5165784,179.0704282,483.7971242,28.03261315,14.05995348,25.06170697,22.3372203,-8.154066029,-14.18297632,-25.10517731,4.460236808,20.6451902,207.1040156,117.3313574,370.0707031,18.59489115,10.42067921,16.21663666,202.7047816,114.0904251,365.025346,10.61499934,6.85538457,9.980916823,0,-130.1283818,127.8035854,-34.879076,-157.9881195,98.55467045,0.2896953006,-130.471991,127.6861155,96.15218001,4.950821813,-104.5324312,49.97302854,49.97322222,5386.235092,5370.77585,-20.56987033,1171.456292,3.8415161,1
3456,16,32,64,1,1,0,1,1,1,1,1,1,0,1,1,204.7120162,211.7237391,287.9467786,17.91541833,6.568943014,21.31353995,206.050008,212.3409738,288.1574428,18.00039597,6.562502011,21.24487224,-15.76313476,-4.582469255,20.34577751,15.72521149,4.588667798,-20.31367529,204.6695747,211.6707701,287.9150784,6.876372634,3.976433883,3.280166014,205.9845991,212.2771403,288.1293121,7.19190517,3.960732882,3.031271205,0,-150.0106154,107.3215274,-1.63545521,-150.124636,103.5955211,0.1801566129,-149.9420621,107.3511572,1.1818495,-150.1099824,111.2266862,49.98349552,49.98349145,3306.206683,3296.500944,-44.16826347,-232.3068074,3.8775073,1
3457,16,32,64,1,1,0,1,1,1,1,1,1,1,0,1,206.6561945,208.7413592,290.1172014,59.15948701,24.08419117,58.01025585,203.7144704,214.6352333,288.3179187,59.26138363,28.87013457,56.45404139,-38.64511549,-0.08903178416,38.7343901,38.32653357,0.1242007687,-38.45044609,205.3952019,208.2363655,288.3794765,14.54669132,11.60008014,15.42772978,203.3613656,213.7672933,288.1079082,17.74110016,19.42213758,10.39494643,0,-149.8436408,108.3331003,-76.66209,23.84195951,137.150165,1.640024276,-148.5573628,107.2747469,53.08317235,-153.446481,-25.5675728,49.97854228,49.97888661,4279.211911,4175.747859,157.1128752,-145.6112754,3.8536062,1
3458,16,32,64,1,1,0,1,1,1,1,1,1,1,1,0,201.9819469,211.3736621,289.8380513,11.86504354,6.093040127,6.35396081,201.6254882,212.5816187,290.8099717,9.860419454,9.823805043,4.367640651,7.173815667,-5.759247412,-1.414427079,-7.217937091,5.81026854,1.407806865,201.9757941,211.3703822,289.8413934,9.342950531,1.585060066,6.045715151,201.6040659,212.5620853,290.812292,6.566909735,7.8287895,3.90800035,0,-148.6988911,106.583297,-24.47765028,130.6835686,143.0663364,0.328838001,-148.1907087,106.2979081,35.6004042,-137.1253908,38.94487642,49.98410066,49.98410088,3184.034231,3175.293348,-78.08145504,-262.8892255,4.0727245,1
3459,16,32,64,1,1,1,0,1,1,1,1,1,1,1,1,203.6528008,210.7224607,289.3615111,10.95914169,3.574784328,7.624104074,203.4184996,211.1819483,290.7463902,6.974726989,7.176876418,7.606692816,4.580611201,1.419087378,-5.999570735,-4.504895558,-1.447899333,5.952925853,203.6408331,210.7195313,289.3521179,9.850875467,3.106337301,4.63147783,203.4127443,211.1779677,290.7485948,5.131129203,6.95211015,4.663702867,0,-149.3628997,107.1893077,-15.27592191,149.4892075,154.2712604,0.1384237612,-148.8690903,107.0219852,29.59968414,-126.2894414,60.28266513,49.98406226,49.98406078,3192.209382,3183.042721,-60.49478136,-248.6573491,3.7886871,1
3460,16,32,64,1,1,1,0,1,1,0,1,1,1,1,1,206.6691523,201.3619589,300.1077309,23.36672701,7.838898877,21.95770463,206.5805042,201.3314877,302.2698133,21.1116473,10.93011269,21.94398639,16.65593372,-0.00685078238,-16.65053192,-16.30327923,0.01198606693,16.28979616,203.0666259,198.2966089,298.7943218,9.978868331,3.336811566,5.285431091,202.7761381,198.9159461,300.7642732,5.026606234,8.288626372,6.127159262,0,-147.2411768,110.078835,-15.43856901,120.1169567,171.1987357,0.1316258007,-146.5479551,109.8960425,31.07821169,-123.4330377,60.81814941,49.98317658,49.98312971,3135.534105,3565.62153,7.241241735,-158.2693611,4.0465865,1
3461,16,32,64,1,1,1,0,1,1,1,0,1,1,1,1,204.7106028,205.126442,292.7390207,39.3641776,70.96473209,75.90573223,197.2387585,207.6672298,299.2683877,32.79778247,72.34479392,75.92284635,0.9327348867,48.32868355,-49.26132181,-0.7482354309,-48.55661252,49.30495318,203.9313857,204.8298676,291.9058802,25.83496811,13.81369816,19.05947916,196.7781868,204.5763089,297.3729281,15.0855271,18.64958504,18.28882118,0,-148.8056639,108.3499257,-28.61146107,93.90602655,-178.7433289,-0.2585930124,-146.834203,107.2109952,125.7881413,-107.3707759,20.96166229,49.97564873,49.97553867,4851.41291,4870.66985,166.8993142,138.402876,3.7670887,1
3462,16,32,64,1,1,1,0,1,1,1,1,0,1,1,1,204.7222067,211.7334505,287.9399544,17.98099933,6.568136878,21.37184356,206.0591585,212.3515206,288.1519237,18.05167636,6.563064432,21.30421802,15.81809732,4.581719689,-20.39968641,-15.77918773,-4.588674362,20.36798103,204.679321,211.6802294,287.9077865,6.893514172,3.975500792,3.274776593,205.9931879,212.2876036,288.1237997,7.17502245,3.962033714,3.033967229,0,-150.0151148,107.322879,-1.554192968,-150.1301292,103.9430151,0.1797598179,-149.9463968,107.3520307,1.110480032,-150.1133522,110.8440759,49.9834993,49.98348453,3304.167643,3299.060559,-45.35769677,-231.133261,3.7071008,1
3463,16,32,64,1,1,1,0,1,1,1,1,1,0,1,1,240.6013207,185.6956189,484.1427001,29.56359932,17.37601453,23.42061301,237.6030629,178.9305912,483.4016227,28.1392584,13.94022474,25.20357523,-22.43623999,8.084026847,14.35256293,25.20284362,-4.397721914,-20.80481672,207.1811612,117.2234972,369.8541569,18.57382544,10.34421157,16.25723504,202.7805539,114.0198851,364.8062254,10.71892203,6.791194849,10.04746393,0,-130.2499225,127.8357928,-35.35779773,-158.2215142,98.3505113,0.3057177851,-130.5789682,127.7195239,95.49391035,4.496206114,-104.7401738,49.97316597,49.97306931,5363.049182,5387.057461,-15.21958559,1171.016428,3.6951272,1
3464,16,32,64,1,1,1,0,1,1,1,1,1,1,0,1,201.9850896,211.3784388,289.8364939,11.86330767,6.057296549,6.337278803,201.6242894,212.5638877,290.8026264,9.808392402,9.751882502,4.361305125,-7.116971696,5.677396046,1.43975909,7.161969144,-5.728994201,-1.432805269,201.9789656,211.375176,289.8398633,9.369432059,1.620507466,6.01984128,201.6029267,212.5444791,290.8049146,6.529635463,7.774153767,3.887756923,0,-148.7005531,106.5823763,-24.30710286,132.6621132,142.9294068,0.3258887257,-148.1947937,106.2993795,35.67666283,-136.8585869,39.26183664,49.98408168,49.98411887,3187.422239,3172.541417,-77.77674624,-262.9346034,3.8370134,1
3465,16,32,64,1,1,1,0,1,1,1,1,1,1,1,0,206.1117901,209.2538849,289.8040965,52.94829415,21.23282599,51.8753486,203.7685917,214.5597128,288.7171686,53.14369504,26.1279723,50.44032661,34.90230972,-0.01071826607,-34.8898803,-34.60716738,-0.02325822617,34.63215794,205.0824638,208.8297925,288.3782614,12.90324248,10.30182572,13.67582969,203.490315,213.8647217,288.5429497,16.16969542,18.15394729,8.895483881,0,-149.7877374,108.0742203,-73.67151796,25.25649673,138.8008017,1.441050393,-148.5807468,107.1449743,50.08231888,-152.4387563,-19.65669858,49.97938862,49.98033349,4077.39566,3828.782845,115.3293367,-211.5232225,3.7092839,1
3466,16,32,64,1,1,1,1,0,1,1,1,1,1,1,1,200.5143502,211.8273058,290.4869672,9.748252378,9.452358038,4.120426481,203.1993651,211.6334081,290.2648886,11.18755271,5.630241185,6.3541966,6.95199326,-5.5617613,-1.39014481,-6.850739337,5.465186642,1.385624744,200.4984088,211.804397,290.4890653,6.671549095,7.573276591,3.625274028,203.1932966,211.6279303,290.2688298,8.721517476,0.8862551565,6.047111792,0,-148.2579496,106.2101642,30.05072665,-142.524245,37.7711101,-0.02000379566,-148.5557542,106.5447942,-22.88832349,148.6648834,140.1634569,49.98413434,49.98413568,3177.795176,3167.993465,-82.67425598,-267.5944306,3.7172359,1
3467,16,32,64,1,1,1,1,0,1,0,1,1,1,1,1,201.7976005,218.0435682,286.0860779,60.09001715,62.14298451,27.26576828,199.7517451,211.491778,292.7261669,56.38022214,60.8942559,30.60208687,39.82957861,-41.28129788,1.452177717,-39.28475583,40.870394,-1.585179827,200.3149919,215.8559249,285.7396983,19.93201394,16.58855138,12.87201401,199.660965,210.7844232,292.1615712,7.536251381,14.63533161,18.72594113,0,-149.4093501,104.8290755,14.32250903,148.7212527,-101.3033759,-1.396029409,-148.5062568,105.4432553,-137.4281121,-60.17057393,87.28746746,49.97837021,49.97895289,4296.598348,4110.74188,112.6096968,-167.5086296,3.6554279,1
3468,16,32,64,1,1,1,1,0,1,1,0,1,1,1,1,201.6647188,209.9183462,291.2822783,12.25111426,13.88320931,10.02135837,202.4223845,208.256277,293.5679597,4.266665641,12.27354009,12.88576608,-1.752248141,10.34112547,-8.588782043,1.744736015,-10.38795044,8.643311063,201.6564428,209.9134827,291.2760995,11.98042401,8.216456662,2.358876093,202.409275,208.2007605,293.5182661,3.411249818,4.938830306,8.367437349,0,-148.4840192,106.8514992,12.27449745,175.676936,-111.3632163,-0.4878498217,-148.2702116,107.1072227,-50.81095956,-72.31620571,96.8449657,49.98402488,49.98401169,3199.589149,3192.716001,-68.07983209,-246.4685137,3.7539165,1
3469,16,32,64,1,1,1,1,0,1,1,1,0,1,1,1,202.4604357,214.6386476,287.1661518,58.36042219,28.1425535,55.45793748,208.1277156,210.0435983,289.33547,57.77720074,23.19061397,56.79855603,37.64085189,0.07007768017,-37.71065004,-37.69662064,-0.1444940013,37.84137526,202.1109941,213.9654964,287.0700811,17.28792957,19.11148132,10.19293792,206.5768377,209.621624,287.966466,13.8086138,11.20191298,15.19390314,0,-149.7316539,106.0791097,50.55318565,-155.9432661,-26.71579053,-1.277660003,-150.8030982,107.1730921,-77.45152015,20.04984936,135.7392569,49.97920477,49.97879405,4117.544466,4220.252817,7.094273188,-65.68153945,3.7291512,1
3470,16,32,64,1,1,1,1,0,1,1,1,1,0,1,1,200.5193797,211.9471981,290.3844311,9.898667553,9.690319881,4.133186499,203.2455954,211.7399305,290.1529543,11.3671046,5.905665346,6.409612932,7.145001821,-5.852986228,-1.291869101,-7.037606882,5.751621639,1.286123468,200.5024548,211.9218955,290.3865981,6.683205531,7.656397227,3.683944589,203.2394186,211.7341984,290.1568288,8.799322644,0.8883465572,6.131833431,0,-148.2832149,106.1820708,30.94176208,-142.3427982,36.5654218,-0.02496922654,-148.5905149,106.5242496,-23.34994966,143.2291354,140.526612,49.98413785,49.98411384,3177.87606,3171.742737,-83.88906595,-268.3273287,3.7445598,1
3471,16,32,64,1,1,1,1,0,1,1,1,1,1,0,1,293.0660084,331.895415,332.2781925,18.73291042,17.33915416,10.40100759,295.1481879,332.770441,334.4656988,15.96914485,16.08625134,11.84795946,9.593490039,-9.5664571,-0.02232214933,0.7075062078,3.67555753,-4.379505842,232.1428159,266.3016985,229.5261417,7.846443912,3.123220488,2.020312813,234.6959127,267.9097595,231.0155116,8.960585328,6.948477847,5.002273443,0,-166.6091768,103.5149686,19.15743361,-156.0679779,-178.947908,0.05629085355,-166.4105558,103.5604316,-17.08169499,-171.3982377,80.24715143,49.96691356,49.9696426,6544.31654,6163.093989,224.5247375,-326.769955,3.648579,1
3472,16,32,64,1,1,1,1,0,1,1,1,1,1,1,0,197.8990147,212.659509,291.5231486,37.94250844,32.81282195,6.563240775,199.1476855,213.1991579,291.8463733,37.75263411,32.70867844,6.548503591,35.04310312,-30.94934063,-4.093683517,-34.89422525,30.8261209,4.068191423,197.7272,212.4291134,291.3973565,6.878815977,3.89629368,3.180805276,198.9086769,212.9866749,291.7229042,6.714711985,4.082927233,3.194152073,0,-147.157336,105.273625,-2.13349047,-150.8002363,105.8355475,0.1649400829,-147.0625374,105.2982167,1.77661262,-143.8751836,104.5906114,49.98258634,49.98257286,3484.41024,3479.59627,-62.19038421,-246.6332441,3.8617271,1
3473,16,32,64,1,1,1,1,1,0,1,1,1,1,1,1,200.5102113,211.8243353,290.4930417,9.754522755,9.459606058,4.123120824,203.1914051,211.6281821,290.2722608,11.18206375,5.631441677,6.352468516,-6.956222627,5.563406997,1.392915952,6.855160085,-5.467645724,-1.387408706,200.4942782,211.801412,290.495174,6.676857043,7.580411337,3.628135157,203.1853378,211.622679,290.2762063,8.711783387,0.8779919941,6.045185972,0,-148.2554038,106.2092175,29.98350688,-142.5674173,37.81302919,-0.02080274011,-148.5531059,106.5434129,-22.88648555,148.3684928,140.1935518,49.98413653,49.98413433,3177.351336,3168.470268,-83.3849149,-266.8686747,3.7991509,1
3474,16,32,64,1,1,1,1,1,0,0,1,1,1,1,1,201.419343,209.9990116,291.4235473,12.27199629,16.61649399,13.94138392,202.092274,208.5134397,293.7096752,4.348803103,15.44109161,16.02074709,1.941781462,-11.65051832,9.708838114,-1.948549134,11.71860955,-9.769973584,201.4003939,209.9816876,291.391465,11.91152836,7.965756221,2.190217097,202.0567377,208.3712988,293.5732802,3.180388741,4.871877812,8.043528708,0,-148.3709251,106.7638704,10.8978433,175.6397347,-120.2133805,-0.4649257408,-148.1491006,106.9895559,-47.58062001,-75.07060233,95.30979719,49.98389899,49.98389801,3222.819311,3217.224615,-72.02385877,-244.5604933,3.7143641,1
3475,16,32,64,1,1,1,1,1,0,1,0,1,1,1,1,201.7399862,218.1583885,285.8502693,61.36067127,63.78371492,28.67960869,199.5369849,211.5151222,292.897063,57.61527299,62.57770097,32.00209849,-40.60864196,42.33246656,-1.72376859,40.05726571,-41.92017107,1.862992364,200.1937447,215.8728054,285.478744,20.27300456,17.01040089,13.63113022,199.443758,210.7306274,292.267132,7.812346329,15.27537156,19.45380906,0,-149.4354067,104.7868221,14.10461324,146.7952492,-101.9345964,-1.429628793,-148.4462234,105.4084846,-139.1415615,-61.2971986,86.50306088,49.9780892,49.97842102,4368.318107,4246.931951,149.3296368,-163.2254522,3.7590195,1
3476,16,32,64,1,1,1,1,1,0,1,1,0,1,1,1,200.5257761,211.949664,290.3907593,9.929348205,9.719257116,4.137165472,203.2448478,211.7350915,290.1589511,11.36703093,5.929210159,6.410968596,-7.168873268,5.878215528,1.29076607,7.06194969,-5.777614189,-1.284231715,200.5088362,211.9243094,290.3929275,6.699355438,7.672117347,3.685538343,203.2386712,211.7293679,290.1628087,8.777252922,0.8680234098,6.131500829,0,-148.2836945,106.1834524,30.80479524,-142.4687551,36.58006944,-0.02569802495,-148.5906908,106.5255725,-23.37411085,142.5287,140.5436177,49.98412822,49.98412284,3179.028369,3170.521264,-84.06277648,-268.137581,3.8014496,1
3477,16,32,64,1,1,1,1,1,0,1,1,1,0,1,1,202.4657503,214.2814383,287.9246776,48.0209684,23.20531662,45.56122396,207.1365923,210.7206355,289.0198518,47.44223123,18.0939052,46.73229959,-31.30760428,-0.09736865424,31.40590904,31.36521212,0.1549813894,-31.51933604,202.2497418,213.8443173,287.848715,14.54274863,16.70038767,7.807989692,206.0599566,210.4168282,288.0375459,11.26835099,8.751233212,12.35368401,0,-149.5250781,106.1426492,46.05331121,-153.7175748,-15.59902482,-0.9339247869,-150.4626533,107.0261399,-69.85061583,22.93114133,138.8204316,49.98147105,49.98003424,3611.278142,3920.740574,-75.35082932,-124.8287049,3.7302558,1
3478,16,32,64,1,1,1,1,1,0,1,1,1,1,0,1,197.9021941,212.6554992,291.5275851,37.80790697,32.67441854,6.563140314,199.1389165,213.1730386,291.8524232,37.59920129,32.55725397,6.545078549,-34.91607601,30.82164496,4.09445132,34.76707873,-30.69835332,-4.06869652,197.733765,212.4260162,291.4048715,6.931753977,3.949694797,3.184448184,198.9005037,212.9646255,291.7287004,6.662261452,4.033088539,3.190500049,0,-147.1575098,105.2763982,-2.144361298,-151.1920424,105.687418,0.1619413525,-147.06336,105.3010423,1.816523962,-143.4042904,104.7425259,49.98259084,49.98259777,3486.344322,3476.071472,-63.32650273,-245.6088048,3.7319192,1
3479,16,32,64,1,1,1,1,1,0,1,1,1,1,1,0,293.6169519,332.3294409,334.3867354,19.32987337,19.11636593,13.37133595,295.439217,333.1531564,335.9090248,17.14413848,18.49801132,14.2276702,-8.725395082,8.449603664,0.259224257,-1.564345506,-2.601373703,4.149155725,232.9146663,267.2184063,231.1465863,7.829252282,2.939764028,2.327435985,235.1524093,268.5581021,232.1963866,8.559305726,7.090334377,4.642995152,0,-166.4379402,103.8364655,12.49009495,-163.6367381,170.0486461,0.1193589697,-166.2658137,103.8854817,-11.77233,-167.6898026,76.49093752,49.96229748,49.97430603,6754.589803,5960.558161,152.1344341,-251.0207263,3.6772792,1
3627,32,32,48,1,1,1,1,1,1,1,1,1,1,1,1,233.9459936,213.1306827,242.5858313,4.487424952,4.042198438,3.166098123,234.5808449,213.6567264,243.0043722,4.285427638,3.963687293,3.406828273,0.004069770034,0.00598816074,-0.01008758682,-0.00404696789,-0.006881177663,0.01089968752,233.9332304,213.1350352,242.5936794,4.486874882,4.041970124,3.165727788,234.5680481,213.6611314,243.0122144,4.284880403,3.963504068,3.406495356,0,-125.4412711,113.1466171,-0.4476626634,-128.972657,111.6626972,0.06308633465,-125.3565021,113.201176,0.245162588,-122.0484944,114.3892463,49.98661028,49.98661323,2681.308385,2673.818486,66.50522259,-82.32780566,3.8208044,1
3628,32,32,48,1,1,1,1,1,1,0,1,1,1,1,1,233.7741067,212.6277914,243.2669488,7.923250807,9.913821533,5.810211036,234.5896684,211.5857172,244.9151047,3.940426634,8.50768203,9.277797867,1.510255882,-7.137884188,5.627592721,-1.498101507,7.164403078,-5.666334203,233.7606961,212.631587,243.2722474,7.654348687,6.759451537,0.6887300932,234.5750669,211.5755683,244.9068364,3.372515563,4.404961676,7.235193856,0,-125.2171684,113.3322243,22.15131395,-158.9335915,-90.16353729,-0.3461773261,-124.9955484,113.6460153,-60.06637853,-67.13253936,111.1948937,49.98652348,49.98652464,2697.56516,2692.631759,61.01409611,-86.22090995,3.8654263,1
3629,32,32,48,1,1,1,1,1,1,1,0,1,1,1,1,233.7724069,212.6288079,243.2652534,7.922732091,9.937380675,5.832502016,234.5870627,211.5898732,244.9210214,3.93961968,8.530307177,9.294557466,-1.508753704,7.155771661,-5.647057432,1.496646972,-7.184475472,5.687790664,233.7590038,212.6325774,243.2705346,7.653188775,6.769665138,0.6875736644,234.5724368,211.5794922,244.9124884,3.370156957,4.410940759,7.23831485,0,-125.217464,113.3313809,22.13240196,-158.9808231,-89.19296792,-0.346582546,-124.9943576,113.644901,-60.04241394,-67.00309481,111.2834151,49.98651723,49.98653029,2699.012266,2691.314483,61.5476397,-86.75240199,3.7868766,1
3630,32,32,48,1,1,1,1,1,1,1,1,0,1,1,1,234.5021634,213.0619055,242.1503957,5.554309784,7.168796112,8.841817348,236.4675216,213.7897413,241.1278247,9.494422722,3.596001503,7.910406441,5.230169125,1.480363814,-6.710563319,-5.272569708,-1.46465391,6.737191471,234.487998,213.0650367,242.15742,1.441578394,6.893264755,5.651384888,236.442176,213.7918674,241.1228299,7.805299653,3.015768383,3.998401384,0,-125.6086881,113.2468184,42.54124577,-104.0474406,75.81777073,0.2574560452,-125.9428313,113.4321166,-7.196079017,176.0845382,172.3075293,49.98651298,49.98651237,2700.284633,2694.396423,61.5889304,-85.95967559,3.719602,1
3631,32,32,48,1,1,1,1,1,1,1,1,1,0,1,1,234.5014469,213.0635867,242.1484727,5.523312495,7.16566652,8.821018396,236.4645952,213.7907901,241.1263387,9.471695454,3.59750605,7.8843435,-5.199422153,-1.487017028,6.686408183,5.241665729,1.469566112,-6.711260266,234.4872987,213.0667454,242.1554955,1.442685672,6.890115244,5.650417737,236.4394285,213.7930069,241.1214816,7.800218575,3.017617868,3.991647805,0,-125.6092463,113.2459377,42.31596283,-104.0372443,75.88435102,0.2571008914,-125.9432766,113.4308182,-7.175545253,176.1393886,172.3040084,49.98651265,49.98651373,2700.38749,2694.217323,61.48431688,-85.85189548,3.7387741,1
3632,32,32,48,1,1,1,1,1,1,1,1,1,1,0,1,233.6460128,213.6608186,242.4988127,9.2995317,5.164608773,6.183647319,232.8923839,215.3099517,243.2941716,7.971865619,9.064189057,3.757425388,-6.460794367,5.028326156,1.432442694,6.491147556,-5.070490493,-1.42068462,233.6328816,213.6634551,242.5056963,6.59823971,0.5828516377,5.884460386,232.8679777,215.3015191,243.3003446,4.49679123,7.444067136,3.246055232,0,-125.4707834,112.9042839,-30.26231081,-117.6494208,142.2596576,0.2022956031,-125.1182464,112.6093799,47.42130297,-126.0726666,49.34381344,49.98652456,49.98653149,2697.309078,2691.368667,58.23280501,-89.06039647,3.9908841,1
3633,32,32,48,1,1,1,1,1,1,1,1,1,1,1,0,233.6455109,213.6537432,242.5010335,9.25488521,5.105154368,6.176916327,232.8975446,215.3005517,243.2956691,7.930551783,9.026225628,3.760518287,6.411114939,-4.969399472,-1.441742641,-6.441242672,5.009417006,1.431794133,233.632385,213.6563839,242.5079399,6.584113083,0.587465299,5.874158181,232.8732894,215.2922819,243.3018461,4.495550915,7.439739836,3.243868841,0,-125.4693804,112.9066746,-30.22389752,-117.3062632,142.24588,0.2019863591,-125.1177522,112.6129243,47.2329194,-126.1035074,49.5275354,49.98652782,49.98652939,2696.768749,2691.50173,58.70788237,-89.4648566,3.8078599,1
3634,32,32,48,0,1,1,1,1,1,1,1,1,1,1,1,233.873696,211.0097047,244.6309023,4.001051208,8.557974002,9.241249678,234.3843956,213.0971594,243.7636689,7.865914828,9.773595238,5.943198018,-1.536734916,7.338051897,-5.801339389,1.534949287,-7.273923198,5.738948901,233.8589469,211.0003061,244.6202664,3.410257879,4.195665178,7.059341416,234.3711977,213.1010561,243.7683393,7.584561967,6.391261953,0.7071343924,0,-124.6681199,113.9681176,-58.86568378,-71.37040657,109.1755448,0.4792919944,-124.7377627,113.7701683,22.6646424,-156.5994686,-119.6055924,49.98652595,49.98652563,2698.872239,2690.698134,62.87574447,-86.99555517,3.7496734,1
3635,32,32,48,0,1,1,1,1,1,0,1,1,1,1,1,260.3349896,343.1259597,317.7929517,11.15228612,18.57444764,18.74797051,263.4432148,344.356657,319.4203796,12.53194346,15.94656723,18.41538243,-0.4488005388,13.39329291,-12.94501318,-5.046003519,-5.343855569,10.38929796,179.6483981,250.1618898,273.589496,3.227186693,5.073066615,5.053168767,181.5962513,253.1905799,276.2369911,5.947301985,10.23272804,8.949338319,0,-117.1880385,97.07275841,61.59960231,-33.00254594,-173.4851846,-0.02632579651,-117.1974604,97.07098298,-28.64171258,-146.8283586,62.64335555,49.96952364,49.98093468,4979.207867,4966.084178,130.0460606,-538.4376919,3.6979943,1
3636,32,32,48,0,1,1,1,1,1,1,0,1,1,1,1,234.542531,207.964847,246.6946588,7.263378694,33.91817887,28.66174944,235.22228,208.4923073,247.0679196,7.232761643,33.80661954,28.62858359,-4.825420778,31.74676147,-26.92135647,4.799147779,-31.6679525,26.86878764,234.423547,207.8408228,246.5468902,4.401705502,4.018593502,3.246577772,235.1012878,208.3505293,246.9320436,4.388795652,3.781327678,3.439844163,0,-123.9589235,115.1770902,0.1145451992,-126.496597,111.9771319,0.06716378063,-123.8870141,115.2362088,-0.3293933109,-121.4837859,118.0617365,49.98523605,49.98522585,2956.187009,2951.020581,102.8981352,-44.87843854,3.7984581,1
3637,32,32,48,0,1,1,1,1,1,1,1,0,1,1,1,230.4825428,211.4660187,248.9097544,25.1414595,57.73883826,60.02792938,237.5322591,210.1588062,243.9420586,29.75747186,55.92832347,59.61074171,0.6045906568,38.90528112,-39.50992382,-0.7370078464,-38.55770418,39.29465239,230.1718933,209.8277932,247.3164202,11.69422968,15.44105033,14.64732566,236.9782422,210.0527276,243.4355099,19.52804148,9.376474474,14.76203672,0,-123.2466765,114.0639938,146.3548283,-94.71426037,36.36692187,0.6541906117,-124.5978995,115.0799867,-19.2798508,109.4125764,-169.7633422,49.98083102,49.9818868,3799.572517,3499.691352,284.5271824,-28.74769223,3.7173912,1
3638,32,32,48,0,1,1,1,1,1,1,1,1,0,1,1,234.7701776,212.2316143,242.6251702,8.354467567,7.508463986,10.84780278,237.0130248,212.9158452,241.5502892,11.68608112,3.511947483,10.26731201,-7.684037933,-1.041330725,8.725221632,7.740510815,1.032541101,-8.773197601,234.7513773,212.2318183,242.6264842,1.57754383,7.292197548,5.726558385,236.9639369,212.9155054,241.5223199,8.266194048,3.021504607,4.447207905,0,-125.4445096,113.5922664,64.59003884,-103.4080116,71.78159874,0.259292022,-125.8273773,113.8226309,-9.941372262,168.0509857,172.6465574,49.98656361,49.98635271,2693.125994,2727.367836,59.47901715,-80.93122531,3.7613514,1
3639,32,32,48,0,1,1,1,1,1,1,1,1,1,0,1,231.1374656,213.5115498,245.5160706,52.30660838,55.58795209,27.17038263,233.4777785,219.0314842,240.3755234,53.94816182,55.80407625,23.40843974,-36.37663931,37.19035317,-0.8133415056,36.52680369,-37.26118033,0.7347253269,231.0494181,213.1008629,244.9883267,8.207054332,13.04687293,17.51593778,232.0603696,217.5138427,240.031235,14.75777071,12.80201294,11.25290663,0,-124.2951075,112.9190985,-121.8521033,-54.42956101,98.13814336,1.257289665,-125.2012304,112.237074,28.37949882,161.8353904,-90.21569486,49.98231671,49.98168336,3439.541758,3593.735639,110.8545088,85.06928512,3.7608788,1
3640,32,32,48,0,1,1,1,1,1,1,1,1,1,1,0,233.4987357,211.0877855,244.9705758,3.895493517,9.564394003,10.26607122,234.0379006,213.2195194,244.0086782,8.010156005,10.60646014,7.252493221,-1.332799253,8.160103952,-6.827302564,1.324856005,-8.079585873,6.754724436,233.483865,211.0693199,244.9487734,3.3837916,4.37598656,7.249994434,234.0245076,213.2222651,244.0121888,7.777615927,6.442636763,0.9258578953,0,-124.5324072,113.9157579,-62.3037851,-70.44022819,108.0979059,0.4998703538,-124.6190483,113.7137393,22.69473798,-158.0917208,-116.5160284,49.98649225,49.98651137,2706.022422,2694.065835,62.01923076,-87.79836285,3.7597246,1
3641,32,32,48,1,0,1,1,1,1,1,1,1,1,1,1,233.8812888,211.0087573,244.6276235,4.016295862,8.538408806,9.226043947,234.3860534,213.0976799,243.764394,7.858861859,9.773448983,5.922514694,1.544741832,-7.329276233,5.784492891,-1.542735303,7.263153905,-5.720457831,233.8665926,210.9994534,244.617135,3.423110233,4.180268596,7.055021017,234.3728566,213.1015884,243.7690602,7.574959691,6.407021803,0.6856515302,0,-124.6700776,113.9695757,-58.7317415,-71.1722933,109.3793941,0.4792056934,-124.7380456,113.77079,22.75102898,-156.4743942,-118.502616,49.98652977,49.98652141,2697.551622,2691.996588,62.69760561,-86.83771471,3.7600323,1
3642,32,32,48,1,0,1,1,1,1,0,1,1,1,1,1,234.5422611,207.9658136,246.6875074,7.264414834,33.94946907,28.69238986,235.2218009,208.497968,247.0681509,7.233487299,33.83582438,28.65952712,4.825574642,-31.77532697,26.9497564,-4.799019196,31.69499228,-26.89598025,234.4231685,207.8420674,246.5403088,4.401861257,4.027740512,3.2464544,235.100998,208.3562736,246.9318879,4.38864248,3.772671003,3.440819959,0,-123.9608481,115.1756604,0.1393616423,-126.5502343,111.8199786,0.06781743687,-123.8868353,115.2350831,-0.3537516933,-121.4170437,118.2063516,49.9852344,49.98522522,2958.01477,2951.889699,103.4748809,-45.16482794,3.9131456,1
3643,32,32,48,1,0,1,1,1,1,1,0,1,1,1,1,259.0742138,343.5055098,317.4335261,11.72635857,18.76931824,19.23008886,263.3074107,344.9217271,319.4763704,13.96844513,16.1955253,19.30070882,-0.7314226442,-13.12653505,13.85785458,6.199158103,5.084585855,-11.28384887,178.6524139,250.5804104,273.2785094,3.924369919,4.853532887,3.929623021,181.2583386,253.9885914,276.3355889,7.418890255,9.965041396,9.360686932,0,-117.2992325,96.67527803,83.85070705,-35.63496971,-156.3572104,0.006353747496,-117.2581723,96.80906589,-31.80829646,-146.1807997,72.99578106,49.9706752,49.97967607,4738.496018,5194.062927,170.2422773,-587.6457341,3.7199002,1
3644,32,32,48,1,0,1,1,1,1,1,1,0,1,1,1,234.7385229,212.3909139,242.5287478,7.245155916,7.416059729,10.09117234,236.824986,213.0822762,241.3915474,10.76980278,3.424334379,9.251474636,6.846216068,1.098848625,-7.945068136,-6.89778077,-1.091517146,7.98928959,234.7231117,212.3930482,242.5327483,1.40306294,7.233081525,5.911721384,236.7866148,213.0838148,241.3727064,8.045567795,3.007048789,4.25052503,0,-125.4794376,113.526944,52.77814111,-103.5914801,74.02642006,0.265765496,-125.8537796,113.729578,-7.998740139,169.2605019,175.6000056,49.98647953,49.98648172,2706.911083,2700.669773,59.62628036,-81.92093652,3.8943244,1
3645,32,32,48,1,0,1,1,1,1,1,1,1,0,1,1,229.9111975,211.4053949,249.5057325,27.56812923,62.58557766,65.03431166,237.4447461,209.6098858,243.8501263,32.05805867,60.67915189,64.57968863,-0.6486549291,-41.92911782,42.57779785,0.7952435656,41.55153789,-42.34675817,229.5370886,209.4901861,247.6704957,12.74131101,16.73741336,15.81915298,236.7995803,209.4911213,243.2541114,20.48148726,10.49860899,15.90761608,0,-123.0081889,114.107695,145.5284186,-95.32119928,35.69478102,0.7029954698,-124.5039177,115.2188989,-20.50933988,105.4918624,-168.5111977,49.98024965,49.98036514,3941.999217,3892.031784,317.4721654,47.95860279,3.7979217,1
3646,32,32,48,1,0,1,1,1,1,1,1,1,1,0,1,233.5327838,211.065868,244.9248042,3.907385979,9.338449987,10.03339237,234.066976,213.2152229,243.9996422,8.002856058,10.48263433,6.974107221,1.335816632,-8.065196907,6.729358649,-1.328631422,7.984528436,-6.655905829,233.5179589,211.0496838,244.9057407,3.393710742,4.309792658,7.190076908,234.0536425,213.2180567,244.0035433,7.768286382,6.520474333,0.8252559685,0,-124.5469698,113.9230577,-62.14155574,-69.44909226,108.767248,0.4987082247,-124.6258168,113.7199925,22.75732741,-157.5467355,-115.3053642,49.98651353,49.98650004,2701.476784,2695.857419,63.98097037,-89.66000354,3.9764354,1
3647,32,32,48,1,0,1,1,1,1,1,1,1,1,1,0,230.9369538,213.5122244,245.5411327,55.27255703,58.51229946,28.29037785,233.8221795,219.5840333,240.0462389,57.06109581,58.7989721,24.5483389,38.13538155,-38.69425153,0.5585178122,-38.28692244,38.76566591,-0.4790958304,230.8486297,213.0439363,244.9460742,8.995924149,14.38732575,18.01509151,232.2921634,217.9182447,239.6899131,15.99584592,14.39087203,11.74930536,0,-124.259992,112.9139176,-129.7188809,-50.85333582,98.15803965,1.353916771,-125.2737013,112.2158634,25.82790438,161.6421527,-89.8177484,49.9818542,49.98104604,3538.392201,3764.222398,129.8876199,115.6381841,3.8065445,1
3648,32,32,48,1,1,0,1,1,1,1,1,1,1,1,1,235.7132891,213.1246151,240.9165422,9.267347548,3.645630727,7.486138273,235.0329843,213.5905235,242.6365996,5.254298122,7.194252586,8.342951111,-4.895469309,-1.445313262,6.340750158,4.8339526,1.456483109,-6.290467618,235.6911037,213.1270385,240.911963,7.782183496,3.120818115,3.870148393,235.0193927,213.5934141,242.643394,1.704474555,6.942676008,5.401108363,0,-126.1423268,113.2763181,-9.525651203,174.3921354,168.8168576,-0.09237389429,-125.6587848,113.1786316,47.63279826,-103.332574,76.90399357,49.98652099,49.98651753,2699.464843,2692.663098,64.7211386,-84.52313171,3.9271529,1
3649,32,32,48,1,1,0,1,1,1,0,1,1,1,1,1,235.0331633,212.3648095,242.7032371,9.748458642,15.48283024,13.95477786,234.94318,211.427348,244.4915792,4.132466155,15.24496906,15.31489975,0.9223674492,-11.61243181,10.68991923,-0.9415138114,11.66595029,-10.72458241,234.9986864,212.356968,242.6934396,8.95952852,6.060067056,2.18176476,234.9116493,211.31691,244.4026053,1.634495064,5.26249045,6.523941398,0,-125.5218091,113.5673901,10.2397995,-167.0934733,-167.604905,-0.3919918276,-125.223001,113.6994752,-90.30301279,-75.84807182,94.39515733,49.98673592,49.98580156,2672.577705,2780.822562,22.77584678,-41.92670948,3.7739805,1
3650,32,32,48,1,1,0,1,1,1,1,0,1,1,1,1,236.3692475,211.831025,241.6065695,12.49801592,3.510538984,10.97478153,235.4726586,212.3624013,243.370083,9.5363939,7.560654888,11.46756134,-7.731790838,-1.039923894,8.771589611,7.635723703,1.039169717,-8.675017845,236.2725216,211.8081,241.5426068,8.129716862,3.030951013,4.301614289,235.4286235,212.348559,243.3615291,1.772456282,7.354364346,5.616468351,0,-125.9419219,113.8319293,-11.16738764,166.179471,171.6465353,-0.08820412489,-125.4118554,113.7005469,60.69928972,-103.4485793,73.24933667,49.98645926,49.9864093,2712.062993,2711.548097,64.78095796,-80.20109498,3.7870291,1
3651,32,32,48,1,1,0,1,1,1,1,1,0,1,1,1,288.4373931,217.1481522,400.2375884,21.02136526,10.17612096,20.08916765,291.8596343,222.4231136,401.7276082,21.32010765,13.33016676,17.84623621,-18.89786806,2.187730845,16.71070626,16.45786122,-6.66834283,-9.788975592,250.8241355,145.5797016,291.724372,7.128610212,4.185367538,7.376493922,255.5032715,148.4881328,296.4220531,12.81821885,8.024020362,13.13667444,0,-108.3689393,136.7032423,100.2661286,3.006624607,-105.2284379,0.04593419611,-108.2105463,136.8364699,-33.21284797,-137.427882,107.0101715,49.97560021,49.97663882,5153.476362,4374.524899,699.2130155,-497.3104558,3.6955463,1
3652,32,32,48,1,1,0,1,1,1,1,1,1,0,1,1,237.3633482,214.0766448,238.4271674,22.30203672,6.624381709,26.79300217,238.0323267,214.6975543,238.7400702,22.29130863,6.615050429,26.71307582,-20.85506781,-4.49480288,25.34984332,20.81006234,4.490195523,-25.30028763,237.2771155,214.0032133,238.3654142,4.360676302,4.015991451,3.354177198,237.9350701,214.6189196,238.6811149,4.542145558,4.008679406,3.107655966,0,-127.0793339,113.0882767,-2.242948719,-127.0874917,110.4778227,0.08767241472,-127.0111717,113.1300744,1.95546349,-127.2849066,115.7465314,49.98569663,49.98567556,2863.643639,2861.19888,88.73493942,-59.56425259,3.8715859,1
3653,32,32,48,1,1,0,1,1,1,1,1,1,1,0,1,239.5289699,209.9192987,241.3020428,61.01148423,25.16932105,59.13237275,235.0625612,216.7049573,239.743644,60.68727971,29.57691046,57.60405397,-39.86441374,0.2087687032,39.6556618,39.61740709,-0.264941949,-39.3524445,238.0718935,209.5437672,239.5386702,14.81205412,11.84783092,15.3523865,234.6288302,216.0362765,239.6150189,15.70394852,19.28693958,10.36544371,0,-126.4409656,114.609963,-78.54676791,28.02777561,145.3338061,1.214377229,-125.5308927,113.3494445,67.84902281,-141.6657885,-15.6888854,49.98081209,49.9811202,3820.907528,3736.649169,294.3790352,27.89377019,3.871604,1
3654,32,32,48,1,1,0,1,1,1,1,1,1,1,1,0,233.7912097,213.8649094,242.1830461,9.883957611,6.053489873,6.326865629,232.9655647,215.59827,242.9757402,8.631137429,9.774116514,3.714697616,7.108181869,-5.919369037,-1.188838389,-7.147508577,5.965799319,1.181675091,233.7773336,213.8672831,242.1897999,6.731818489,0.4097921194,6.095947367,232.936657,215.5841908,242.9820458,4.646882777,7.647819152,3.30847631,0,-125.5924136,112.8365002,-31.76073177,-104.7871946,142.6390603,0.2162112977,-125.2285339,112.5189144,49.43066896,-126.6688829,45.52320409,49.98650329,49.98650977,2701.895335,2695.337257,57.73075047,-89.68009843,3.826577,1
3655,32,32,48,1,1,1,0,1,1,1,1,1,1,1,1,235.7074536,213.1235621,240.9256665,9.255306469,3.641712315,7.488125177,235.0316935,213.5903606,242.6420233,5.257775725,7.191400632,8.344370576,4.897823865,1.448833239,-6.346697234,-4.836305169,-1.462061886,6.298325125,235.6853098,213.1260211,240.9211478,7.767254971,3.112888911,3.863658939,235.0181396,213.5932334,242.6488361,1.712460382,6.938192461,5.395733865,0,-126.1389573,113.2766756,-9.525097959,174.4978734,168.7382759,-0.09187488919,-125.6566787,113.1794453,47.21689107,-103.4006348,76.97278609,49.98651992,49.98651911,2699.870663,2692.221209,65.29111371,-85.10064647,3.8309719,1
3656,32,32,48,1,1,1,0,1,1,0,1,1,1,1,1,236.9968809,210.9682493,242.3190271,14.72495888,3.890690875,13.34292841,236.002001,211.4730295,243.918843,12.31311201,7.651621516,13.58038645,9.220145274,1.183891044,-10.40410834,-9.094335791,-1.178435965,10.27269824,236.6451282,210.7978341,242.140964,8.011247927,2.954966353,4.247189428,235.798936,211.3554232,243.8668007,1.982089817,7.228850609,5.312029328,0,-125.7482809,114.2526514,-12.39939314,168.1282045,167.8778649,-0.07403922719,-125.2292899,114.1152919,58.6072903,-103.753401,73.9864529,49.98616902,49.98652959,2783.825225,2668.725275,72.73412362,-83.04479905,3.8692433,1
3657,32,32,48,1,1,1,0,1,1,1,0,1,1,1,1,236.475533,209.0905165,243.6370687,32.68558253,61.78036421,65.69252322,230.1452721,212.2001895,250.0745899,28.04303142,63.37778414,65.89942492,0.7415831526,42.2912103,-43.03277834,-0.6279348479,-42.46856568,43.09651927,235.81809,208.9541199,243.0558741,20.84808028,10.8858053,15.93306582,229.7377906,210.0683463,248.2931429,13.0564587,16.96644355,15.78960136,0,-125.2276039,114.651461,-21.55925917,105.775496,-169.0252786,-0.5658343013,-123.5559524,113.6211293,144.4394262,-95.09066835,35.12449971,49.98022401,49.97999857,3926.871795,3981.701691,207.3717306,184.5261209,3.8474424,1
3658,32,32,48,1,1,1,0,1,1,1,1,0,1,1,1,237.3503149,214.0707418,238.4402264,22.24673905,6.622896555,26.74035643,238.0246109,214.6942433,238.7589671,22.24295424,6.615419408,26.66424233,20.80644183,4.494362903,-25.30082759,-20.76162511,-4.491190861,25.25279496,237.2645137,213.9979071,238.3790621,4.343836996,4.014311792,3.339322925,237.9274476,214.6152574,238.700191,4.558048819,4.010175191,3.124067094,0,-127.0735992,113.0886464,-2.157353481,-127.1121487,110.2618298,0.08737747674,-127.0049747,113.1313,1.858657209,-127.2483584,115.9522658,49.98569301,49.98568798,2864.956379,2858.331564,89.47713834,-60.50933022,3.8411106,1
3659,32,32,48,1,1,1,0,1,1,1,1,1,0,1,1,291.485186,222.4723738,401.5034709,20.38009991,13.48886437,16.92459516,289.6019029,218.7416202,401.0669006,19.48331439,10.22319352,18.36715037,-14.41824579,6.491778516,7.925451898,16.77760523,-1.955615098,-14.82316876,255.0456185,148.1790633,295.7610588,12.95770765,7.838450927,13.07049317,251.7960197,146.2541258,292.0777408,6.863692827,3.860071898,6.919071702,0,-108.4918439,136.7002498,-31.19054136,-135.8800292,110.0405079,0.08156980048,-108.5337037,136.6078811,103.2166396,3.270149245,-100.8750727,49.97303275,49.97910493,4792.279322,4765.044623,-305.3429554,510.7678316,3.7051297,1
3660,32,32,48,1,1,1,0,1,1,1,1,1,1,0,1,233.8195162,213.8772867,242.1778329,9.98493964,6.250885317,6.343449398,233.0007193,215.6226031,242.9641963,8.758229105,9.891070364,3.704648124,-7.178626035,5.998614305,1.179925598,7.219192959,-6.048239122,-1.171039267,233.8055265,213.8794701,242.1845066,6.720345353,0.4311618703,6.114242932,232.970526,215.6068523,242.9704525,4.649848679,7.63804288,3.299120078,0,-125.5990151,112.8382123,-31.76410041,-101.6655615,142.5305029,0.2176765507,-125.2377614,112.5190204,49.28198218,-126.8978477,45.1808904,49.9865178,49.98648917,2698.586906,2700.372065,54.78705326,-86.57910887,3.8733309,1
3661,32,32,48,1,1,1,0,1,1,1,1,1,1,1,0,239.0080439,210.4774592,241.1377547,55.97938517,22.80424276,54.20225203,235.1669504,216.7443098,240.1528513,55.72446373,27.32272963,52.78783845,36.92138098,-0.2900853471,-36.6309189,-36.68851875,0.3396599673,36.34928372,237.7703889,210.1445506,239.6105036,13.32486723,10.81676774,13.82430117,234.8156707,216.1817003,240.030975,14.35748379,18.31780427,9.075586621,0,-126.441457,114.3790815,-77.65231418,28.7931157,146.7150134,1.090723555,-125.5644369,113.2599819,65.25887333,-140.6381965,-10.44477146,49.98152605,49.98234344,3651.764792,3429.188943,260.469766,-33.85553481,3.7829143,1
3662,32,32,48,1,1,1,1,0,1,1,1,1,1,1,1,232.4072279,214.6524082,242.8510966,7.623050544,8.753622939,3.692243527,234.3465422,214.1426222,242.8974994,8.736825941,4.795184827,6.222635922,6.088814139,-4.696227545,-1.392617617,-6.026939843,4.629050161,1.397858415,232.3847436,214.6456311,242.8576162,4.476060771,7.333682361,3.205372993,234.33346,214.1453848,242.9045905,6.245877506,0.878880171,5.946607784,0,-125.3085607,112.4683497,42.77648581,-129.441789,47.94779571,-0.06366167348,-125.4790915,112.8494064,-29.32301826,-90.68364189,141.6368064,49.98654204,49.98653667,2695.361211,2688.810095,58.2709409,-91.19785745,3.8316031,1
3663,32,32,48,1,1,1,1,0,1,0,1,1,1,1,1,233.2221625,218.0871907,240.5132064,47.60451715,48.15183735,17.28066362,232.5171364,213.8430677,244.9898839,45.67875281,47.30763533,21.11878875,32.21324035,-31.79838315,-0.4146278083,-31.89698684,31.53657408,0.3606454972,232.1581951,216.9427039,240.3009622,13.70805888,12.59436025,7.98533371,232.4527006,213.5977605,244.6820878,7.046831064,11.27322581,14.40163161,0,-126.232589,111.430892,25.83293252,172.2070459,-83.4963643,-0.9910319184,-125.4513422,112.1344362,-120.9577634,-46.87062024,103.321636,49.98220785,49.98452665,3498.798197,2970.089676,155.8797063,-53.98320293,3.7839243,1
3664,32,32,48,1,1,1,1,0,1,1,0,1,1,1,1,233.5354737,212.6866074,243.4620221,8.038760225,10.50509171,6.697523518,234.3271487,211.5986461,245.1683646,3.856733976,9.173944673,9.939674564,-1.335564107,7.736308623,-6.400767888,1.32754532,-7.773592989,6.446027126,233.5221318,212.6894979,243.466935,7.808920106,6.867861493,0.8062461743,234.3126786,211.5829067,245.1540186,3.353579852,4.522111859,7.349120874,0,-125.1390103,113.2917048,22.16532799,-159.7867448,-90.47530037,-0.3622171063,-124.9070076,113.6091572,-62.82930365,-65.75102203,110.7964965,49.98650548,49.98651112,2702.031448,2694.448888,59.52780353,-85.76581101,3.8457252,1
3665,32,32,48,1,1,1,1,0,1,1,1,0,1,1,1,234.6745553,216.1441511,239.1126624,60.3518345,29.28267383,57.30633075,240.4648572,210.6682601,241.3179463,60.38096539,24.73137685,58.59676472,39.35214934,-0.2019425297,-39.15018369,-39.41004946,0.1146117308,39.295445,234.2292081,215.5365288,239.0051961,15.34887495,19.18548847,10.3908345,238.9332531,210.2840621,239.6427825,14.4055847,11.685962,15.26484763,0,-126.6606495,112.1901311,66.55926539,-143.1339136,-15.69921326,-1.040580237,-127.4079304,113.5302841,-79.03685655,25.97595745,144.8819103,49.98125084,49.98090061,3704.884356,3802.071057,165.5983007,133.7146696,3.7927323,1
3666,32,32,48,1,1,1,1,0,1,1,1,1,0,1,1,232.7218439,215.2193232,242.2248709,9.569856257,10.72932204,3.615645628,234.7376146,214.5356303,242.299459,10.40089904,7.470019785,6.51358557,7.52965293,-6.509473202,-1.020380982,-7.438392317,6.417120709,1.021059513,232.6827703,215.191098,242.2302644,4.75070189,7.6520983,3.264925136,234.7224635,214.5357611,242.3050642,6.374792626,0.8503569828,6.326876253,0,-125.5699168,112.2978191,45.2199393,-131.2441817,40.8676057,-0.09022308412,-125.7470019,112.7188293,-32.14856216,-66.87549963,141.6497628,49.98645397,49.986508,2714.257368,2696.016249,64.17472696,-98.75602335,3.7634896,1
3667,32,32,48,1,1,1,1,0,1,1,1,1,1,0,1,362.6569147,293.2319235,259.1560558,18.03891128,19.04427362,13.77035773,363.9160341,294.5718015,261.8836427,15.36184925,18.04332473,14.82751712,9.52843372,-9.951999778,0.4237076786,-1.530455185,6.094608754,-4.564036434,276.3489247,245.8337133,174.7069747,5.604221019,3.134065315,2.535940467,278.4072779,247.7569063,176.4900544,6.649673661,6.586024742,5.353214935,0,-147.7216569,108.2518,35.20533965,-121.055813,-162.5066438,-0.01258847995,-147.5517494,108.2927134,-29.2640938,-160.1271187,79.93386379,49.96747632,49.98117697,5468.935422,4847.277394,462.3347855,-71.06292943,3.7052844,1
3668,32,32,48,1,1,1,1,0,1,1,1,1,1,1,0,229.8159279,216.2155967,244.1454515,29.89707729,25.29653443,6.052632476,230.4003408,216.8115518,244.5598311,29.78486162,25.25191661,6.044217739,28.05033616,-23.8384283,-4.211934289,-27.97487299,23.77115416,4.203696195,229.7256429,216.1061348,244.0686166,4.424637018,3.981076732,3.305432451,230.3017019,216.6939073,244.4821182,4.194413565,4.12985514,3.304945141,0,-124.7751225,111.6662455,-2.171936023,-127.4777665,111.7501413,0.07178786908,-124.6854811,111.7058193,2.07069345,-122.3673366,111.4299484,49.98552137,49.98551592,2898.186573,2895.41752,73.02834967,-73.72371802,3.8932882,1
3669,32,32,48,1,1,1,1,1,0,1,1,1,1,1,1,232.4125937,214.6528164,242.8470301,7.619252841,8.747137293,3.692439635,234.3476285,214.1409583,242.892094,8.722238183,4.780813531,6.218228044,-6.078345043,4.677262952,1.401050689,6.016734803,-4.612366362,-1.404395359,232.3901562,214.6460816,242.8535382,4.481116548,7.335937848,3.203947462,234.3345374,214.1437223,242.899196,6.233526068,0.8812113742,5.941136684,0,-125.3104186,112.4687301,42.62938692,-129.4943918,48.04255484,-0.0637705012,-125.4806249,112.849389,-29.33401463,-90.26363281,141.6271308,49.98654001,49.98653935,2695.251942,2688.792556,57.85005385,-90.69803554,3.9621797,1
3670,32,32,48,1,1,1,1,1,0,0,1,1,1,1,1,233.4718416,212.7194882,243.4875459,8.032824131,10.80953273,7.295162587,234.2498129,211.6672729,245.2093978,3.856570845,9.610152386,10.34482593,1.37735054,-7.914216539,6.53683494,-1.371412433,7.953023875,-6.581639333,233.4580702,212.722065,243.4915908,7.786284292,6.764152928,0.8247544628,234.2346557,211.6456147,245.1889211,3.313517878,4.544100958,7.333847776,0,-125.126503,113.2730214,21.86372679,-160.0037873,-96.23614341,-0.3590895605,-124.890384,113.5847283,-62.41493747,-67.08207091,110.1350809,49.9865037,49.98649061,2702.289021,2699.678285,60.25430924,-86.53599479,3.8477185,1
3671,32,32,48,1,1,1,1,1,0,1,0,1,1,1,1,233.1233207,218.9899016,239.5311302,55.81454671,57.50930516,23.86718282,231.628938,214.1885611,245.6604431,53.70134171,56.89000462,27.54900911,-37.41295062,37.84106204,-0.4281961957,37.05197041,-37.55515871,0.5030946163,231.6727925,217.4416098,239.2140171,15.82937429,14.492337,11.4720325,231.5394986,213.7438719,245.1122356,8.73107887,14.33582888,17.71447993,0,-126.5056868,111.0699404,24.22788229,160.9934419,-89.86152488,-1.192352767,-125.3669433,111.8559657,-131.1294211,-51.59281382,97.79797278,49.98134842,49.98202783,3711.108911,3511.381572,255.4777374,-18.53182036,3.7941969,1
3672,32,32,48,1,1,1,1,1,0,1,1,0,1,1,1,232.5346883,215.0827892,242.353717,8.716449897,9.9294955,3.650908955,234.5908024,214.4548912,242.3986727,9.738407413,6.309087742,6.451565413,-7.165792266,6.136283992,1.029476653,7.082839978,-6.053111512,-1.029754104,232.5040501,215.0661025,242.359963,4.669172376,7.632096443,3.312037176,234.5762709,214.4567504,242.4052394,6.467849802,0.7308905375,6.266920795,0,-125.4972501,112.3141531,46.23216846,-130.0842567,42.14496249,-0.08228962839,-125.6858213,112.7301808,-31.62375928,-72.98334251,142.1899794,49.98651874,49.98649061,2700.468662,2697.579431,58.03219894,-92.82980387,3.8547492,1
3673,32,32,48,1,1,1,1,1,0,1,1,1,0,1,1,234.7713691,216.172389,239.5615344,54.96552073,26.8263613,52.08258272,239.8600322,211.2432836,241.1626235,54.94248262,22.167469,53.26689003,-36.15953709,0.2696037289,35.89018519,36.2167528,-0.1915632014,-36.02491254,234.4177416,215.6733997,239.4609958,13.88578779,18.12532123,8.996446719,238.5771262,210.9141453,239.7308139,12.77614693,10.56986284,13.60261212,0,-126.5830465,112.2190928,63.60773899,-141.9796083,-9.692689969,-0.9076994641,-127.2924375,113.4041612,-77.92717339,26.73569982,146.5649292,49.98254893,49.98165479,3392.342759,3618.103983,102.5835721,99.48095874,3.8832267,1
3674,32,32,48,1,1,1,1,1,0,1,1,1,1,0,1,229.8100304,216.2118355,244.1493319,29.92720679,25.32684777,6.05452025,230.396145,216.8133529,244.5616277,29.82057034,25.28824226,6.044667103,-28.08260963,23.86992643,4.212655048,28.00699238,-23.80390741,-4.203115293,229.7188872,216.1019018,244.0722191,4.405611121,3.961026744,3.307021913,230.2974415,216.6956123,244.4838934,4.214167971,4.148998704,3.303427512,0,-124.7726839,111.6668543,-2.34590377,-127.3541062,111.728724,0.07358028411,-124.6828327,111.7065415,2.234219598,-122.5043765,111.4525289,49.98551703,49.98551182,2901.632984,2893.170025,74.54752112,-75.11093271,3.8270722,1
3675,32,32,48,1,1,1,1,1,0,1,1,1,1,1,0,363.6416695,293.9726738,262.9715314,17.69873425,19.47187583,13.1440646,365.3416218,295.4624954,265.4932323,16.02917927,19.11460421,14.81453596,-10.57798726,12.00744678,-1.43462111,2.53549468,-8.167489019,5.626476762,276.5263709,246.0818043,177.2359115,4.866486446,2.988207099,3.117296807,279.6411271,248.5367209,178.8069638,9.360835011,9.027917229,6.422316354,0,-147.2314153,108.4252,64.04756945,-70.82842407,-145.3194272,0.05690798831,-147.1499293,108.6266789,-27.954408,-166.0740879,80.67613499,49.96978467,49.97890739,5332.170426,4979.413362,503.137828,-128.26212,3.7023704,1
3823,32,64,32,1,1,1,1,1,1,1,1,1,1,1,1,204.1176223,249.5166744,237.5698375,3.889414735,2.524775995,4.635625531,204.5884479,249.834219,238.2080463,3.790245461,2.935237754,4.273078682,0.003702325551,-0.001089224989,-0.002412375888,-0.003847618569,0.0003534344926,0.003702680514,204.1048731,249.5212577,237.5746889,3.888936302,2.524325969,4.635447012,204.5756733,249.8388277,238.2128899,3.789762644,2.934879557,4.272877008,0,-122.2448596,128.1803717,-4.834105028,-123.1081887,128.3737082,0.09084056522,-122.2015299,128.2338739,4.754006958,-121.6030125,127.7362408,49.98738543,49.98738606,2526.054933,2519.492766,39.57935094,-94.83349791,3.8567004,1
3824,32,64,32,1,1,1,1,1,1,0,1,1,1,1,1,204.0914331,249.0708357,238.073403,6.858794913,8.249281862,5.393193158,204.7801241,247.9811815,240.0237517,3.441819372,7.454818568,9.232080176,1.450612252,-6.436382683,4.985977991,-1.433814646,6.458030979,-5.024011551,204.0778378,249.0747744,238.0768559,6.585802264,5.063149173,1.749936388,204.7657562,247.9744395,240.0175582,2.86786334,3.588231769,7.669680158,0,-121.9782365,128.3393893,21.35289239,-161.7729127,167.7300879,-0.3314488623,-121.8214035,128.5677088,-57.89458162,-57.50305743,119.9785989,49.98728755,49.98729005,2544.001526,2540.337984,35.59952703,-97.59440476,3.7494133,1
3825,32,64,32,1,1,1,1,1,1,1,0,1,1,1,1,204.0994067,249.0648244,238.0702361,6.853326945,8.252524668,5.37953658,204.7885539,247.9770051,240.0190904,3.445493065,7.45092767,9.222831455,-1.458037797,6.433008166,-4.974768166,1.441029414,-6.456210454,5.015386853,204.0857825,249.0687421,238.0736769,6.578001481,5.072230746,1.739297604,204.7741348,247.9702339,240.0128572,2.867438408,3.585436249,7.665678896,0,-121.9801947,128.3410255,21.33506192,-161.716547,167.2383756,-0.3304270914,-121.823282,128.5695628,-57.72839092,-57.34251033,120.1144142,49.98728765,49.98728967,2545.489932,2538.774201,35.90787096,-97.92120229,3.8276493,1
3826,32,64,32,1,1,1,1,1,1,1,1,0,1,1,1,204.5779891,249.4853331,237.3046148,4.82089975,5.39506131,9.051207302,206.0506725,250.2738675,236.6166381,8.584763689,3.694881185,7.573660365,4.698808004,1.397014703,-6.095621715,-4.736875089,-1.389486759,6.12655996,204.5638631,249.4889829,237.308807,0.6229855073,5.073625848,6.605212486,206.0263802,250.2766689,236.6106349,7.105067883,3.210038298,4.324053274,0,-122.4752857,128.1773801,-22.1928663,-87.41912292,100.2994396,0.3754409267,-122.7462759,128.3551528,1.91198291,171.6160373,173.47249,49.98730933,49.98731408,2541.078063,2534.076074,31.26250195,-102.7287121,3.7899872,1
3827,32,64,32,1,1,1,1,1,1,1,1,1,0,1,1,204.5802841,249.4796076,237.3075956,4.823004475,5.391499918,9.054929161,206.0517824,250.2681012,236.6213443,8.583709667,3.701648389,7.576718613,-4.697360801,-1.407985721,6.105553434,4.735036125,1.398903547,-6.133738058,204.5661671,249.4832228,237.3117753,0.6265031812,5.066806286,6.602677385,206.0275211,250.270846,236.6153635,7.102782752,3.213009291,4.318122497,0,-122.4737607,128.179343,-22.3831295,-87.367772,100.3627024,0.3750381608,-122.7444381,128.356805,1.938637102,171.7498819,173.4136989,49.98730742,49.9873161,2540.28024,2534.899421,31.13229614,-102.5671742,3.7781416,1
3828,32,64,32,1,1,1,1,1,1,1,1,1,1,0,1,203.5684856,250.2296892,237.375593,9.987157923,5.995054378,8.079369514,202.4398555,251.7052958,238.2007179,8.471828724,8.984053388,3.981914065,-7.192781783,5.711809456,1.481169919,7.217995822,-5.747955754,-1.469841971,203.5554724,250.2315568,237.3796637,6.796574083,1.306108845,7.820651571,202.4125678,251.6935209,238.2037895,4.22677335,6.787680776,3.430902224,0,-122.2670851,127.9757981,-33.6192095,55.29325886,150.2163556,0.2111592951,-121.9527667,127.6247414,62.5166951,-122.6841635,67.08948217,49.98729699,49.98731065,2541.731135,2536.667622,34.74417058,-97.74548768,3.7344648,1
3829,32,64,32,1,1,1,1,1,1,1,1,1,1,1,0,203.571744,250.2210258,237.382189,9.957126435,5.948830949,8.071947081,202.4465156,251.6945512,238.2079641,8.439672027,8.947627473,3.985276408,7.159630691,-5.668276704,-1.491143701,-7.184840182,5.702636002,1.48241296,203.5587149,250.2229324,237.3862601,6.787982991,1.297660177,7.810874015,202.4193247,251.6829613,238.2109593,4.219927714,6.779066305,3.430087616,0,-122.2642148,127.9789461,-33.56804637,55.33290025,150.2041929,0.2111197274,-121.9501115,127.6289229,62.40757167,-122.6718301,67.26291982,49.98730047,49.98730754,2542.239259,2535.998885,34.95375086,-97.93943877,3.8350431,1
3830,32,64,32,0,1,1,1,1,1,1,1,1,1,1,1,204.1316728,247.9256621,239.2089297,3.499218096,6.994622227,9.022354876,204.5741866,249.4731496,238.5695329,6.898585551,7.774893934,5.071204928,-1.406447902,6.024990492,-4.618342914,1.421437547,-5.987134725,4.565896992,204.1175861,247.9187469,239.2063008,2.995784418,3.458664682,7.676944873,204.5599913,249.4767351,238.573714,6.655411511,4.893648596,1.935853864,0,-121.419152,128.8423133,-59.60424838,-59.34553649,118.607482,0.4846708986,-121.5168757,128.7711545,22.87735271,-160.1957432,172.4963804,49.98729349,49.98729741,2544.201218,2537.520219,40.23540815,-95.81813973,3.7456003,1
3831,32,64,32,0,1,1,1,1,1,0,1,1,1,1,1,205.1775367,419.8954002,287.0627395,15.79545768,18.08325532,22.64398459,200.4744182,419.2887323,284.6041992,12.97733572,19.45956838,21.36732774,-7.071683268,-9.015681964,16.09030494,3.040258602,14.94075822,-17.97825409,135.5474233,306.60415,252.9618312,8.701782188,12.72669027,13.38161727,133.0859823,302.6616415,249.481024,5.078692017,7.618234485,7.18648474,0,-115.9585835,110.9584789,-31.1115523,-145.1692207,79.76787372,-0.04044792954,-116.0635695,111.0038668,118.2169788,9.658570183,-142.7772421,49.97266467,49.98328941,4539.896676,4227.568472,-320.7400388,589.859804,3.6016077,1
3832,32,64,32,0,1,1,1,1,1,1,0,1,1,1,1,205.1985153,245.4731526,240.7340624,6.345654348,24.86819556,20.67402942,205.7952334,245.6610009,241.4228389,6.341830511,24.8068945,20.67757801,-4.316970298,23.65319351,-19.33605196,4.318137962,-23.62025066,19.30227522,205.118178,245.4199472,240.6792933,3.848199414,2.813302095,4.423571102,205.707909,245.6135902,241.35478,3.843287106,2.562443547,4.606706109,0,-120.6992906,129.7138122,-0.07873203793,-123.6773014,127.5280981,0.06920942097,-120.6715058,129.7991889,-0.1342523497,-117.5588168,131.6131047,49.9865577,49.98655875,2692.876541,2683.427775,61.6020569,-73.64726371,3.7192199,1
3833,32,64,32,0,1,1,1,1,1,1,1,0,1,1,1,201.9563869,248.295864,241.8543063,19.94766769,49.25310962,50.69364435,207.557663,247.5652368,238.6225058,24.40572037,48.14441468,50.49471485,-0.02178758917,33.34421602,-33.32238927,0.004986286526,-33.1340464,33.12908098,201.672005,247.0189981,240.8818815,9.491728475,12.39031006,12.2925853,207.071248,247.4531099,238.3668887,16.78183025,8.615527975,13.2576637,0,-120.2264951,129.0742117,157.8556211,-84.7587938,53.88853007,0.8350359059,-121.229818,130.0521444,-12.19292421,116.8598457,-167.0561167,49.98280192,49.98432031,3395.744517,3025.301847,206.1197995,-75.81044694,3.747512,1
3834,32,64,32,0,1,1,1,1,1,1,1,1,0,1,1,204.764499,249.2198023,237.426417,5.730485691,5.540932303,9.601491495,206.3333683,250.0157914,236.6708715,9.319399219,3.683470962,8.221335881,-5.561214185,-1.14787726,6.709342025,5.604784468,1.14028297,-6.744818571,204.7502119,249.2233006,237.4299958,0.3919812554,5.298705862,6.71438912,206.3041394,250.018708,236.6612305,7.325549247,3.309154414,4.472835327,0,-122.4343997,128.2728382,-22.57497215,-86.81855331,98.84150275,0.387904472,-122.7286703,128.4654215,1.197063465,167.9079921,175.5246774,49.98729544,49.98728553,2542.417312,2541.916076,29.47190485,-102.2500518,3.9339358,1
3835,32,64,32,0,1,1,1,1,1,1,1,1,1,0,1,200.9208669,250.4487604,239.4317075,54.38659861,56.62393967,26.258034,203.1889219,256.2295059,234.5640534,55.77360637,56.99465261,21.40253091,-37.62223294,37.20843272,0.413997379,37.77680003,-37.27850059,-0.4981045104,200.8073382,250.0628624,239.0536711,9.230216805,12.96496952,17.75550578,201.4542002,254.8362587,234.2988852,14.68092911,13.65170552,9.685114898,0,-121.151932,128.0914987,-121.807657,-36.30730307,109.7126142,1.500171207,-121.8674515,127.609495,32.51458571,167.4145602,-86.78685403,49.98366669,49.98186034,3126.759412,3573.757027,117.1812717,65.63329518,3.9011121,1
3836,32,64,32,0,1,1,1,1,1,1,1,1,1,1,0,202.0382927,249.2065104,240.2847477,3.58394455,11.92855477,13.58677105,202.5293982,250.7003703,239.3207416,7.353417424,12.11829269,10.9897079,-0.9929325308,9.588859085,-8.596028282,0.9959412009,-9.487802383,8.491776382,201.8984131,249.0633049,240.0554202,2.879853414,3.98567763,8.101491329,202.4268003,250.6560678,239.1949846,7.042683362,4.792415335,2.291805045,0,-120.8032284,128.5491851,-68.52005493,-62.40360404,114.1304376,0.5347251785,-120.946853,128.4931984,22.41589038,-166.0845405,-171.2231092,49.98696181,49.98739862,2609.436104,2510.790555,44.72774835,-89.06035738,3.7923278,1
3837,32,64,32,1,0,1,1,1,1,1,1,1,1,1,1,204.1315859,247.9242134,239.21016,3.504513339,6.999152912,9.02952149,204.5724142,249.4723426,238.5679799,6.895953393,7.784082055,5.063295054,1.408565393,-6.027175925,4.618832007,-1.42388199,5.987665526,-4.563566024,204.11748,247.9172153,239.2074511,2.999152728,3.464756462,7.685863535,204.5581629,249.4759355,238.5721619,6.651337219,4.906258269,1.9179683,0,-121.4185536,128.8424811,-59.53480264,-59.15175145,118.7241851,0.484174071,-121.5170799,128.7702867,22.90183899,-160.2395702,172.4348104,49.98730336,49.98728786,2543.152093,2538.574274,39.63105557,-95.19541961,3.7665974,1
3838,32,64,32,1,0,1,1,1,1,0,1,1,1,1,1,205.1955928,245.4719365,240.7444052,6.343956321,24.82648738,20.63745091,205.7926843,245.6525893,241.4265325,6.340443273,24.77181839,20.63835807,4.317167541,-23.61806155,19.30110945,-4.318528367,23.58389407,-19.26516307,205.115697,245.4192803,240.6898313,3.84770635,2.782166587,4.428534793,205.7058958,245.6056211,241.3587748,3.843696319,2.59157215,4.599781607,0,-120.6948706,129.7145305,-0.04924085769,-123.3135238,127.9949317,0.06812339731,-120.6689345,129.8003985,-0.1645484486,-118.012741,131.1715175,49.98656712,49.98655214,2688.371562,2687.27148,60.85200554,-72.90765325,3.8003311,1
3839,32,64,32,1,0,1,1,1,1,1,0,1,1,1,1,199.3956729,419.026482,283.6278395,12.83778808,21.22034793,22.96840195,205.5019903,420.3801028,287.8041128,15.54589313,19.39279611,23.88102281,-3.24350833,-17.04638119,20.29052085,7.219160191,11.10974217,-18.32810518,132.7473809,303.1540464,248.7181489,5.383716844,8.271580864,7.93683988,136.0909593,308.0154463,253.9029958,8.887613129,13.35466683,13.95463953,0,-116.1388302,110.6947808,117.46458,10.27957096,-142.2459917,0.1549437775,-115.9823268,110.7667654,-32.49597064,-146.014589,77.73773561,49.97494587,49.98138589,4438.614119,4312.031187,787.6423707,-474.7074553,3.6889216,1
3840,32,64,32,1,0,1,1,1,1,1,1,0,1,1,1,204.7633847,249.2386579,237.409775,5.58861561,5.528752537,9.555065844,206.306635,250.0407476,236.6400745,9.210935908,3.686592967,8.114303801,5.486022216,1.157806992,-6.643626874,-5.529418123,-1.151551803,6.681169835,204.749125,249.2422203,237.4133425,0.4370997232,5.28402717,6.756646231,206.278244,250.0436961,236.6309534,7.301706612,3.309598111,4.441221097,0,-122.4426122,128.2666519,-27.77528967,-86.77974716,99.02140004,0.3906883833,-122.7349599,128.4552741,1.619082235,168.1726804,175.9882139,49.98729033,49.98729534,2544.341608,2538.365804,29.69928976,-102.6333303,3.709848,1
3841,32,64,32,1,0,1,1,1,1,1,1,1,0,1,1,201.2139306,248.2422915,242.6230697,23.98191715,57.25174049,58.95977677,207.6709159,246.840814,238.5500144,28.26995925,56.03379758,58.73483694,-0.02202442186,-38.45754881,38.4795653,0.04731512802,38.2148361,-38.26216358,200.8309268,246.5338289,241.3469242,11.38370707,14.35263145,14.15113566,207.0085031,246.6948639,238.1944154,18.56929756,10.33658081,15.26191398,0,-119.804687,129.1891881,156.1442235,-86.22885143,50.26810783,0.9470287939,-120.996915,130.3638105,-14.22384307,110.7996316,-165.0659001,49.98198024,49.98220572,3593.6195,3523.93722,255.0008563,13.12828969,3.7515172,1
3842,32,64,32,1,0,1,1,1,1,1,1,1,1,0,1,202.3046577,249.2524898,239.2787653,3.284953307,13.35226509,14.54522661,202.9426479,251.1488691,238.5741397,7.882260715,13.7947533,12.3628577,0.4167067289,-9.894666315,9.475558577,-0.4346432788,9.801391276,-9.369060414,202.2625676,249.1748045,239.2003687,2.964986318,3.863493233,7.867007983,202.9039346,251.1206759,238.5399494,7.751719786,5.370036793,2.441715173,0,-121.1932989,128.4532395,-82.07168037,-53.49176514,113.3081589,0.6042450954,-121.2839165,128.3943114,22.33349674,-163.0449805,-175.4259003,49.98718493,49.98708271,2556.943383,2605.96686,92.6640469,-136.2244165,3.7552094,1
3843,32,64,32,1,0,1,1,1,1,1,1,1,1,1,0,200.436148,250.5890451,239.8427196,58.07048502,61.28837526,29.80423078,203.0917863,256.5426031,233.970924,59.51798879,61.55632197,25.03185184,39.95692683,-40.1840699,0.2278060277,-40.12000538,40.24686668,-0.1261461895,200.298492,250.0701746,239.321968,10.06952651,14.59475806,19.60551088,201.1146118,254.9636737,233.6478932,15.67902677,14.8347207,11.68237826,0,-120.9682095,128.0804928,-125.3635184,-39.67493944,107.2516412,1.614762468,-121.8675945,127.5893761,31.80830827,161.9019517,-88.17255118,49.98226638,49.98131856,3441.768308,3705.166004,129.6680058,141.6123805,3.8178935,1
3844,32,64,32,1,1,0,1,1,1,1,1,1,1,1,1,205.3958631,249.9704688,236.1341534,8.248170952,3.59271386,7.230349109,204.9987581,249.7698959,238.0348889,4.380939619,5.447114818,8.466874098,-4.318892971,-1.362200357,5.681293689,4.257701138,1.36481288,-5.622306194,205.3731769,249.9734258,236.1302312,6.989221198,3.128356173,4.361231959,204.9845668,249.7738214,238.039257,0.7367254855,5.152939632,6.252924691,0,-123.071915,127.9516097,-1.940913204,169.471788,168.5884634,-0.1908784114,-122.7421365,127.9077247,16.41172886,-88.9023465,100.7459005,49.98732726,49.98732301,2537.670617,2532.146549,29.45987219,-104.5546277,3.852434,1
3845,32,64,32,1,1,0,1,1,1,0,1,1,1,1,1,205.9501171,248.5292215,237.687045,12.47628682,24.19651466,24.57472389,204.6653289,247.846205,240.362605,7.439725366,24.66294167,25.07466089,0.5856092734,-17.41605971,16.82951959,-0.6113990021,17.47920655,-16.86889976,205.852564,248.5078375,237.6440021,10.27485207,4.867421995,6.114251816,204.5800865,247.5268332,240.0898502,2.572452446,6.514070513,7.468432837,0,-122.3914429,128.583229,-0.4648703116,159.349854,-175.787249,-0.5325221448,-121.9592282,128.4022615,179.1780429,-75.27279755,85.82850245,49.98726391,49.98562415,2533.436746,2797.340884,-10.46085147,-36.30602356,3.8495796,1
3846,32,64,32,1,1,0,1,1,1,1,0,1,1,1,1,205.8091742,249.5721474,236.2070938,9.354519476,3.610920722,8.184871901,205.2941546,249.3510764,238.2270645,5.76816843,5.67093064,9.341898603,-5.656110147,-0.9811780788,6.637486661,5.578370767,0.9823299507,-6.560506302,205.7788392,249.5751156,236.1971042,7.317803064,3.299589562,4.541704465,205.2794852,249.3546075,238.2302705,0.4779185306,5.478825145,6.473632651,0,-123.0705312,128.0917508,-2.348723847,164.1435902,172.4840075,-0.2133417864,-122.7070651,128.0298966,34.39465295,-87.87528834,98.50594224,49.98729976,49.98728705,2543.407029,2538.983148,28.44600899,-106.2166658,3.8091952,1
3847,32,64,32,1,1,0,1,1,1,1,1,0,1,1,1,290.8751105,269.5275258,360.9322132,24.67970514,16.44243925,21.94774159,292.4527847,272.941982,362.4991927,23.85418891,17.52308124,19.72645753,-12.59668931,1.562690802,11.03354459,8.485962971,-5.096684431,-3.389528939,240.3077145,180.6733983,280.6481249,3.222020447,3.616663869,5.959641078,242.913126,182.8360308,283.5938624,8.335329832,6.200095006,8.725814045,0,-104.3395578,149.7861989,67.18621025,5.185348443,-154.557839,0.09357728332,-104.3142872,149.6852496,-20.94675803,-137.7137188,115.2722726,49.96423572,49.98593994,4912.475582,5068.754675,521.4508374,4.888888717,3.6522418,1
3848,32,64,32,1,1,0,1,1,1,1,1,1,0,1,1,206.7856275,251.6865171,233.4386955,25.86713975,5.536655956,30.24627019,207.358004,251.9633493,234.0409413,25.81957718,5.534551539,30.13693846,-24.48318628,-3.892023854,28.3753758,24.41394543,3.885379105,-28.29915083,206.6556939,251.6071714,233.3625823,3.799835024,2.748953121,4.483089342,207.2180942,251.8848595,233.9573703,3.956741758,2.755210995,4.272394769,0,-124.6052541,127.2411279,-2.765159167,-124.3959284,125.0901501,0.08925039688,-124.5795625,127.3129472,2.457870625,-124.9369249,129.2784686,49.98625875,49.98627961,2749.662316,2741.59224,38.97661372,-94.9809752,3.7165233,1
3849,32,64,32,1,1,0,1,1,1,1,1,1,1,0,1,210.014749,246.5374461,236.8715233,57.40296997,24.30237385,55.62767331,205.0346148,252.2658677,235.2616349,56.75985077,27.33827735,53.45525014,-37.8158619,0.6110398572,37.2048433,37.5239897,-0.6745412315,-36.8494421,208.4037301,246.2080659,235.4656858,14.25343962,11.81386811,15.93690569,204.5928261,251.7315707,235.18071,14.00700871,17.03287183,8.564295114,0,-123.3242056,129.127608,-72.20658048,37.79565333,151.8600783,1.129485058,-122.5470598,127.9636659,75.9787788,-136.1972936,-4.108410147,49.98229281,49.98261212,3531.127521,3433.288942,224.061643,-13.64928761,3.7592742,1
3850,32,64,32,1,1,0,1,1,1,1,1,1,1,1,0,203.5610948,250.4378835,237.1843171,10.61805264,6.99201754,8.146719848,202.4207784,251.9433413,237.9831719,9.225604915,9.699951702,3.928118573,7.768423329,-6.369506244,-1.39870943,-7.802284094,6.408307563,1.394196987,203.5473681,250.4389328,237.1882703,6.82391476,1.32899816,7.897035692,202.3860766,251.9237691,237.9858875,4.292180715,6.812768925,3.381146691,0,-122.3670705,127.8951559,-34.14751412,53.03123168,149.8560131,0.2172859603,-122.054639,127.5370616,62.79430732,-123.2121002,65.69031425,49.98728938,49.98728516,2544.819433,2540.009276,33.51903918,-97.18033212,3.7400066,1
3851,32,64,32,1,1,1,0,1,1,1,1,1,1,1,1,205.401476,249.9679201,236.1274212,8.272734899,3.591339794,7.261588637,205.0054177,249.7672416,238.032046,4.433815635,5.45116531,8.503090596,4.371438383,1.353789446,-5.725015038,-4.309868232,-1.358063398,5.668149106,205.3786118,249.9709399,236.1234091,6.984546424,3.131176159,4.353591366,204.9912364,249.7711342,238.0364083,0.7412710868,5.159811904,6.261276104,0,-123.0751067,127.9514086,-1.938459307,169.3501078,168.6687544,-0.1911338992,-122.7447183,127.9078508,16.27021889,-88.88885705,100.788653,49.9873226,49.98732618,2538.494094,2531.519323,30.03414644,-105.2085982,3.7730775,1
3852,32,64,32,1,1,1,0,1,1,0,1,1,1,1,1,205.8386204,249.5494638,236.2464833,9.561592269,3.60093184,8.407430193,205.2863432,249.3333683,238.2452307,6.0519282,5.680646422,9.467289704,5.793433013,0.9677352798,-6.760876732,-5.714374547,-0.9706176753,6.685285812,205.8069489,249.5523276,236.2357464,7.353441632,3.30203228,4.584862008,205.2715944,249.336755,238.2484281,0.5066036492,5.496783334,6.404250041,0,-123.0597221,128.1045376,-2.986756815,163.8342409,171.7307195,-0.2103963653,-122.6941327,128.0370251,44.20845231,-87.89666397,98.30517262,49.98726923,49.98730615,2550.92047,2535.959946,29.88706955,-107.4565318,3.7191061,1
3853,32,64,32,1,1,1,0,1,1,1,0,1,1,1,1,207.1329711,246.2609543,238.2088597,27.63528172,55.13160735,57.80170795,202.0103623,247.995695,243.6121848,23.20836587,56.17818512,57.76373614,-0.008672995453,37.58732194,-37.57866883,0.08085660972,-37.71481634,37.63393836,206.5703271,246.1493701,237.8461908,18.31018224,10.22671202,14.7977366,201.6389764,246.4462538,242.2555154,11.06567476,14.1591992,13.64569172,0,-122.0121574,129.2675579,-15.51612448,110.8967497,-166.3712945,-0.7726963208,-120.7817386,128.2752477,154.113968,-86.64446706,50.14048973,49.98244843,49.98216239,3477.23951,3550.959614,132.054621,100.9530206,3.7338765,1
3854,32,64,32,1,1,1,0,1,1,1,1,0,1,1,1,206.7862329,251.6788676,233.4527258,25.79170884,5.53680573,30.16916687,207.3585018,251.9523155,234.0587561,25.74061987,5.532057583,30.06463518,24.41150576,3.894011305,-28.30533574,-24.34246655,-3.888659315,28.23130981,206.6568031,251.6008557,233.3781694,3.811081847,2.751286311,4.466757643,207.2198386,251.8735173,233.9750205,3.94373985,2.752642866,4.288075889,0,-124.5992198,127.2448367,-2.436500096,-124.5470843,125.3164853,0.0878985643,-124.5736896,127.3171738,2.155822831,-124.7745091,129.0354837,49.9862834,49.98627446,2745.012601,2742.638654,38.27641562,-94.52879937,3.7952427,1
3855,32,64,32,1,1,1,0,1,1,1,1,1,0,1,1,290.4065875,267.4029837,360.6290018,22.7117151,12.64694732,20.89694934,292.8521444,272.3937957,362.7648015,22.12684636,14.95787723,18.44959321,19.94131258,-3.077793362,-16.86375341,-15.79418915,6.604030207,9.189879484,239.2833483,179.2259368,279.3129324,6.281839265,5.127904584,7.116883463,243.8738295,182.1598422,284.1874288,13.09645182,8.043842745,13.62629655,0,-104.2658617,149.9096133,116.6248303,20.16943288,-110.795103,0.2328883516,-104.1424533,149.9796807,-25.37388475,-135.9741645,118.8486706,49.97351494,49.97684328,5065.741145,4894.31826,846.7173983,-323.7219978,3.560362,1
3856,32,64,32,1,1,1,0,1,1,1,1,1,1,0,1,203.5622234,250.4561379,237.1646806,10.87646538,7.427426049,8.154545575,202.4392323,251.9594191,237.9480167,9.544916879,9.999609425,3.934340508,-7.950134008,6.52202092,1.428305834,7.985938898,-6.563398947,-1.422350947,203.5482385,250.4563621,237.168281,6.794112328,1.289226581,7.8859772,202.4000308,251.9351885,237.9499973,4.2884871,6.771730344,3.34267571,0,-122.3776402,127.8878463,-34.144452,51.9841243,149.5632217,0.2184296042,-122.069731,127.5324378,62.39799189,-123.3988568,65.92770072,49.98727176,49.98728571,2547.586555,2540.526964,33.90075867,-97.47093519,3.7226269,1
3857,32,64,32,1,1,1,0,1,1,1,1,1,1,1,0,209.4191386,247.0402701,236.6823872,53.38089306,22.52474989,51.64585285,205.0412216,252.3934629,235.5916128,52.80689405,25.61440328,49.60484584,35.50407029,-0.7167633274,-34.78742239,-35.22763985,0.7752549774,34.45223485,208.0083608,246.7473648,235.4443004,13.00993799,11.03332053,14.66278256,204.6592346,251.9301503,235.517069,12.89817297,16.28285822,7.573189719,0,-123.3278404,128.959958,-71.71560473,38.6114171,153.0081208,1.033171561,-122.5765783,127.903834,73.51835479,-135.3583598,1.981619002,49.98285323,49.98350057,3390.10659,3220.472561,201.5563629,-58.68026234,3.7584726,1
3858,32,64,32,1,1,1,1,0,1,1,1,1,1,1,1,201.8058438,251.6227,237.4925347,8.673274393,9.026281379,4.089757793,203.927606,250.6832458,237.998397,10.00959396,6.244476116,7.976026754,7.591749962,-6.035901173,-1.555652982,-7.530282084,5.980419811,1.550066351,201.7795284,251.6064494,237.4952209,3.940916143,6.557650602,3.485554643,203.9145836,250.6838601,238.0027342,6.437478025,1.092691964,7.686838544,0,-122.1405087,127.4430767,57.9376001,-124.7516446,68.78100191,-0.05206516341,-122.3709979,127.9217524,-31.40460307,42.90318377,150.2581699,49.98730738,49.98729767,2541.717516,2537.14073,36.89940327,-98.31437696,3.6961341,1
3859,32,64,32,1,1,1,1,0,1,0,1,1,1,1,1,202.4407119,254.4672659,235.5876018,44.27968026,44.40251146,13.62608557,202.3654012,250.214631,239.902649,42.89676715,43.714841,18.73999954,30.41840184,-29.23476877,-1.183680205,-30.16102577,29.07867233,1.0822975,201.4539157,253.4679246,235.4386267,11.62269106,11.10246647,5.349610156,202.304421,249.9915476,239.7246649,6.676179764,9.454959535,13.85090864,0,-123.0260334,126.6083074,32.40299906,178.6961961,-80.12697472,-0.9975492739,-122.5743763,127.1821753,-109.6486641,-31.04661384,116.6831368,49.98307844,49.9863754,3283.887695,2621.246565,109.6201262,-76.08256544,3.7698634,1
3860,32,64,32,1,1,1,1,0,1,1,0,1,1,1,1,202.7705331,250.18656,238.2019414,7.544487353,13.357839,11.88172716,203.3325072,248.8834077,240.3253951,3.149775646,12.8471096,14.23120631,-0.7488368014,9.229987893,-8.482381847,0.743309514,-9.288693632,8.544207776,202.7420131,250.1754753,238.1792987,7.418634247,5.548587311,1.943243955,203.2964822,248.8053412,240.2367569,2.83970498,4.024895938,7.959050925,0,-121.8138888,128.0073676,21.47519297,-164.7275812,-178.06159,-0.419819533,-121.642678,128.2339924,-75.65288347,-52.08318197,116.5957092,49.98708759,49.98718632,2593.109006,2557.019491,19.40729468,-74.13934875,3.730513,1
3861,32,64,32,1,1,1,1,0,1,1,1,0,1,1,1,204.2586096,252.4532026,234.5564144,59.45011759,28.760363,55.94094396,210.5531646,246.9464527,237.6712438,59.74806937,25.70658218,57.7995496,39.39572114,-0.860807835,-38.53492369,-39.47368301,0.7906080519,38.68308151,203.7699313,251.8299959,234.4782661,14.32892326,17.59774712,8.977553581,208.754165,246.5590703,236.1599165,14.3431188,12.37831172,16.30379186,0,-123.750786,126.9395993,74.13908629,-138.5540944,-5.915573281,-1.036237364,-124.4758111,128.2821121,-74.67896949,35.14635656,150.9401492,49.98214288,49.98189196,3534.246422,3606.416986,129.4998003,106.0532039,3.7878954,1
3862,32,64,32,1,1,1,1,0,1,1,1,1,0,1,1,201.8194933,251.8787207,237.2747338,9.344655632,9.714445079,4.008580622,203.97213,250.8794552,237.8044252,10.57699199,7.109511032,8.076083373,8.168992425,-6.755503835,-1.413223005,-8.097357983,6.693778909,1.403865391,201.7880522,251.8551755,237.2773179,4.052429662,6.665148652,3.455497681,203.9584925,250.8792145,237.8086814,6.4919661,1.209065364,7.820256493,0,-122.2616925,127.345802,58.69930565,-125.5001233,66.40827906,-0.06315547514,-122.4941127,127.8378029,-32.38989589,40.43399437,150.100208,49.98727824,49.98729928,2547.908776,2536.672675,38.38098383,-101.0846155,3.7791882,1
3863,32,64,32,1,1,1,1,0,1,1,1,1,1,0,1,330.3389611,327.3210334,268.0186259,16.33016138,16.50989554,10.62824275,331.8957781,329.2696926,271.9235538,14.94134297,17.21372077,13.23033295,11.95715124,-12.38937884,0.4328929667,-4.14096721,10.20247227,-6.060836795,237.7914181,281.9044013,186.5780912,4.139979374,4.670482887,3.387822993,241.2948824,284.9415121,188.9797625,10.69875929,9.740772973,7.152385257,0,-147.3516833,118.7965903,103.4214148,-20.36638808,-162.9010214,0.144864478,-147.2040715,118.8463195,-22.13795307,-169.8614382,91.08882075,49.97954085,49.97354931,4075.592886,5277.08348,23.16896677,-729.4661364,3.6882134,1
3864,32,64,32,1,1,1,1,0,1,1,1,1,1,1,0,198.484959,253.8292431,238.0980285,36.07544672,30.70831868,7.377089643,199.0007139,254.0498668,238.7874917,35.96725068,30.67857322,7.338041842,33.71716538,-28.87591127,-4.841098584,-33.63963336,28.83195556,4.807833234,198.3240231,253.6525547,237.9809966,3.842431996,2.693720158,4.470029595,198.8086146,253.8959136,238.6685375,3.599851152,2.865328933,4.453912606,0,-121.5158558,126.7962139,-2.44925081,-125.2215352,126.9721079,0.07138359568,-121.4724566,126.8632853,2.391628316,-118.1391548,126.4051958,49.98583462,49.98582946,2836.334275,2833.194096,84.99710201,-48.04816847,3.6736924,1
3865,32,64,32,1,1,1,1,1,0,1,1,1,1,1,1,201.8075435,251.6344813,237.4861913,8.711478322,9.069946141,4.088359372,203.9260585,250.6865794,237.9948216,10.02844874,6.29308794,7.981415384,-7.622309247,6.073786714,1.548723758,7.560258735,-6.019523394,-1.540534108,201.7810618,251.6178766,237.4888276,3.954699269,6.574019823,3.486007589,203.9130302,250.6871405,237.9991463,6.424481457,1.112552725,7.693427559,0,-122.1451086,127.4392446,57.7500479,-124.9182484,68.66348055,-0.05417659958,-122.3751898,127.9182505,-31.52659606,42.1407432,150.2659444,49.98730111,49.98730328,2542.872672,2536.098756,36.70009211,-98.15540065,3.753182,1
3866,32,64,32,1,1,1,1,1,0,0,1,1,1,1,1,203.1120834,249.58933,238.3422131,7.230585581,10.26933773,8.25406658,203.7513893,248.4296686,240.5935803,3.31391371,9.866536581,11.53311273,0.9395691977,-8.499807166,7.560447127,-0.9326283979,8.544912938,-7.612071484,203.0952326,249.5864329,238.341219,7.040400741,5.102203672,1.969266598,203.7341224,248.3968495,240.5637999,2.875580842,4.15056361,8.243076676,0,-121.7414106,128.1833237,21.91267235,-167.9492086,-169.0071653,-0.3896633802,-121.5375436,128.4107694,-67.73895889,-59.22642098,115.8886627,49.98733554,49.98714014,2540.229765,2567.395575,40.57141117,-97.49488286,3.7401375,1
3867,32,64,32,1,1,1,1,1,0,1,0,1,1,1,1,202.2270963,256.1948745,233.8246151,59.22191899,61.21708232,24.85904213,200.8083025,250.6981964,240.9626687,57.50457693,60.78762632,29.46408656,-39.90803967,40.10095699,-0.1926996188,39.5722009,-39.92023844,0.3482851683,200.4753875,254.4781757,233.5137096,15.50637165,14.87619478,11.4745041,200.6866352,250.1327045,240.4374219,9.713098083,14.64633509,19.32915097,0,-123.6039787,125.945775,29.10655223,159.7542348,-89.75393992,-1.444569742,-122.6422802,126.5683972,-128.3010944,-41.79275862,105.7728604,49.98143165,49.98231841,3686.42246,3435.368554,262.1187936,-14.01011093,3.7239097,1
3868,32,64,32,1,1,1,1,1,0,1,1,0,1,1,1,201.8120525,251.8750419,237.2599324,9.309999009,9.684639736,4.01397112,203.9606235,250.8706199,237.7897208,10.52772086,7.050241691,8.070773658,-8.135944017,6.718926425,1.417196996,8.064380114,-6.659168095,-1.405027512,201.7810614,251.8521723,237.2624738,4.073718023,6.691006995,3.459927014,203.9469966,250.870513,237.7939994,6.474083709,1.236736012,7.81415569,0,-122.2646757,127.3447122,58.44412427,-125.5911414,66.49211904,-0.06540751014,-122.497443,127.8358933,-32.58307324,40.26239356,150.1283917,49.98729335,49.98728667,2544.527228,2539.588494,35.5583313,-98.24949029,3.7741306,1
3869,32,64,32,1,1,1,1,1,0,1,1,1,0,1,1,204.3207801,252.5829124,234.7665448,57.0779989,27.80752415,53.5469469,210.1844987,247.2875218,237.5418057,57.32624334,24.71942433,55.32872696,-38.07169733,1.006403658,37.06508483,38.14782034,-0.9388568758,-37.20920003,203.8684857,252.0063137,234.6916901,13.67219099,17.23974148,8.293736523,208.5181216,246.9210557,236.1298569,13.51972646,12.00459728,15.44278655,0,-123.7207293,126.9523916,72.09441297,-138.1329546,-2.027690158,-0.9829625815,-124.4300166,128.2214807,-74.98869494,35.53437291,151.8166366,49.98273803,49.9822573,3383.14107,3508.655858,93.64261634,93.25587468,3.8177389,1
3870,32,64,32,1,1,1,1,1,0,1,1,1,1,0,1,198.4730816,253.8177674,238.1067734,36.10534687,30.74095781,7.379344347,198.9993147,254.0570797,238.7941969,36.00658875,30.71557094,7.338408568,-33.74854109,28.90726629,4.841443616,33.67066095,-28.86448042,-4.806016625,198.310003,253.6404192,237.9885203,3.79537701,2.667000625,4.471660614,198.8079499,253.9031862,238.6751626,3.646898184,2.887807341,4.452517529,0,-121.5082188,126.7994316,-2.548077294,-124.4391509,126.926847,0.07582478101,-121.4657434,126.866593,2.435490872,-118.9076882,126.4569009,49.98582946,49.98581651,2837.973829,2832.067429,86.18981776,-49.22943284,3.7019226,1
3871,32,64,32,1,1,1,1,1,0,1,1,1,1,1,0,330.3281857,327.7633154,269.2478087,17.5828519,17.56841562,10.85231617,331.6828256,329.2673208,271.9419695,15.33484212,17.55644788,12.44440465,-12.18734299,12.0828427,0.107022544,4.392923019,-9.918219351,5.527880692,238.2931169,282.5214401,187.4111785,4.51976833,4.289652193,3.602844451,241.5967586,285.1311982,189.104723,9.601958963,8.520159223,6.500358682,0,-147.2522174,118.7846011,83.83923069,-40.06038514,-174.8524256,0.1126720706,-147.2470785,118.876286,-27.94430669,-176.0391882,88.20789906,49.97117639,49.98210923,4652.54553,4713.484133,-37.38475359,-660.5545816,3.6099029,1
4019,32,48,32,1,1,1,1,1,1,1,1,1,1,1,1,213.11509,242.5794045,233.9648426,4.047551015,3.165751708,4.479774148,213.6394816,242.9961556,234.6043004,3.957082795,3.407186335,4.293708313,0.001440771641,0.0006164584295,-0.001940689544,-0.0015129344,-0.00139940565,0.003025346772,213.1034183,242.583851,233.9698622,4.047106208,3.16542747,4.479609467,213.6277807,243.0006307,234.6093092,3.956636637,3.406918808,4.293529589,0,-121.394514,125.4424364,-3.463353189,-123.0279063,125.0526049,0.08418056211,-121.3388352,125.5057276,3.333229351,-120.0125433,125.6263443,49.986613,49.98661047,2680.879164,2674.283266,66.49094171,-82.32065785,3.7520861,1
4020,32,48,32,1,1,1,1,1,1,0,1,1,1,1,1,213.0439634,242.1473854,234.5217264,7.167235519,8.811713787,5.523022054,213.7709346,241.1267446,236.4873125,3.59613362,7.882998645,9.47289532,1.482814346,-6.685081212,5.202381597,-1.466373785,6.709968153,-5.24347747,213.0314453,242.1511599,234.5250951,6.891070215,5.640508914,1.449876591,213.757536,241.1188271,236.4796816,3.016037368,3.996708023,7.803896373,0,-121.1269248,125.6089017,21.56569613,-158.5519521,168.2824187,-0.3345747246,-120.9418418,125.8653972,-58.28829532,-62.2185668,118.3514852,49.98651635,49.98651019,2699.485639,2694.933638,61.52931664,-85.90874655,3.8526493,1
4021,32,48,32,1,1,1,1,1,1,1,0,1,1,1,1,213.0471773,242.1451948,234.5185996,7.17275998,8.849980336,5.560124232,213.7732222,241.1219148,236.4884788,3.590855724,7.91570048,9.505192019,-1.474170338,6.71544176,-5.24115465,1.45763707,-6.742070553,5.284547192,213.0346741,242.1489625,234.5219494,6.899491523,5.661535828,1.434699473,213.7598838,241.1138461,236.4806755,3.015857909,4.006073253,7.81370767,0,-121.1282083,125.6093336,21.57598417,-158.6245114,168.288543,-0.3348938008,-120.9418926,125.8665973,-58.44808557,-61.93088501,118.4365469,49.98650997,49.98651453,2701.14723,2693.612012,61.75597348,-86.14976319,3.6733264,1
4022,32,48,32,1,1,1,1,1,1,1,1,0,1,1,1,213.6441604,242.4990978,233.6570182,5.153374391,6.176342846,9.290191278,215.2937566,243.2955341,232.9090823,9.059958595,3.762686711,7.971229016,5.016488746,1.440159503,-6.456534852,-5.057745897,-1.430145512,6.488006398,213.63097,242.5025307,233.6613251,0.5796329497,5.873743731,6.588448973,215.2692821,243.2980755,232.9019625,7.445991816,3.245797485,4.499409379,0,-121.6108519,125.4689186,7.790181985,-92.25207371,95.20896773,0.3523311623,-121.904756,125.6712378,-0.5961097336,175.016843,172.7571432,49.98652288,49.98653323,2697.830678,2690.625611,59.08672695,-89.85400313,3.6864161,1
4023,32,48,32,1,1,1,1,1,1,1,1,1,0,1,1,213.6460544,242.4921315,233.6607675,5.179255245,6.179768532,9.306722818,215.29311,243.287793,232.9068743,9.06609541,3.762365713,7.979772084,-5.03834258,-1.436510148,6.474968892,5.079435821,1.424878111,-6.50420032,213.6328738,242.4955672,233.6650875,0.5894952216,5.878257651,6.593792764,215.2685463,243.2903356,232.8997491,7.436115553,3.247065532,4.488198392,0,-121.6089739,125.4713876,7.677422928,-92.23929388,95.30138122,0.3530287651,-121.903412,125.6735203,-0.5980470709,174.936864,172.7969859,49.98652794,49.98652765,2696.569642,2692.060573,58.14648045,-88.93422897,3.7012345,1
4024,32,48,32,1,1,1,1,1,1,1,1,1,1,0,1,212.6129416,243.2634832,233.7888721,9.924638595,5.812910462,7.922846559,211.5702425,244.913203,234.6053029,8.51341686,9.278027851,3.939074026,-7.143396802,5.631574489,1.51194415,7.170838508,-5.671990714,-1.498724966,212.6009913,243.2654753,233.7929752,6.767685043,0.6834819984,7.654243791,211.5442635,244.9017628,234.6083543,4.40406497,7.232606417,3.37134136,0,-121.4353132,125.2169721,-33.71158477,35.64293654,147.3546589,0.2220330073,-121.1211099,124.870818,58.204555,-123.5068474,65.17467386,49.98651887,49.98652927,2698.707299,2691.561448,61.1279609,-86.31442068,3.7055907,1
4025,32,48,32,1,1,1,1,1,1,1,1,1,1,1,0,212.6135707,243.2632589,233.7855416,9.93116264,5.841375606,7.921837436,211.5757829,244.9176288,234.603273,8.535243612,9.303734052,3.945515914,7.163383389,-5.652959636,-1.510312697,-7.191073706,5.691955469,1.499232933,212.6015969,243.2652237,233.7896537,6.753599494,0.6982544033,7.652246377,211.5496718,244.9060371,234.6063146,4.409662125,7.243837294,3.37680478,0,-121.4364415,125.2167782,-33.76229112,35.04642787,147.3942333,0.2227010818,-121.1225603,124.8707692,58.01855115,-123.6031003,65.19431069,49.98652422,49.98652342,2698.098129,2692.133987,61.49321995,-86.65161872,3.7087205,1
4026,32,48,32,0,1,1,1,1,1,1,1,1,1,1,1,213.1082841,240.9160134,235.725953,3.635772457,7.48253258,9.251023471,213.5764372,242.6336157,235.0496887,7.194073554,8.336280735,5.252547177,-1.446009748,6.340455863,-4.894330846,1.458014929,-6.291961585,4.834059774,213.0952247,240.9083707,235.7213902,3.110372807,3.866497915,7.768000245,213.5635917,242.6372031,235.0536587,6.942224078,5.392300871,1.719062737,0,-120.5666356,126.1410924,-59.45110046,-65.15336113,116.5622633,0.4828005639,-120.6640984,126.0493825,22.72693463,-156.903916,173.4789006,49.98651738,49.98652184,2699.608918,2692.471916,65.1948442,-85.02065771,3.8288539,1
4027,32,48,32,0,1,1,1,1,1,0,1,1,1,1,1,215.6819609,399.7646405,287.92064,12.43731247,21.58654184,23.09518371,221.7269553,401.2682763,291.7640644,15.41772236,19.31105967,23.70885151,2.935055447,17.74616007,-20.68139627,-7.368932608,-10.87631648,18.24509041,144.6822307,292.6083156,250.3945934,5.344039429,7.949415186,7.699142538,148.0663493,297.531609,255.4934402,9.049793634,13.74293171,13.96621432,0,-115.2387808,107.8210674,113.7609872,4.186326026,-143.4854684,0.1044714757,-115.1085544,107.9274495,-32.71588878,-145.482703,76.33149281,49.97372499,49.97852315,4767.390554,4803.426606,748.7124879,-493.9890664,3.6670436,1
4028,32,48,32,0,1,1,1,1,1,1,0,1,1,1,1,214.0529343,238.4324046,237.3869811,6.623392472,26.80584136,22.3133817,214.6746113,238.7478923,238.0535906,6.614255172,26.71903285,22.30164552,-4.493910108,25.35855598,-20.86456005,4.489958713,-25.31039499,20.82052364,213.9666626,238.3681697,237.3153565,4.015048991,3.383433748,4.365707449,214.5823221,238.6860161,237.9707296,4.008249126,3.079580369,4.541128836,0,-119.8145013,127.0781922,-0.04269498853,-122.590019,124.4111374,0.06909205177,-119.772904,127.165818,-0.1703606513,-116.9262233,129.4434908,49.98567179,49.98571012,2866.336717,2857.460181,88.56480899,-59.57178703,3.6937647,1
4029,32,48,32,0,1,1,1,1,1,1,1,0,1,1,1,210.4427439,241.340897,239.0106557,22.72708532,53.92880559,55.70634878,216.7444295,240.2576262,235.1911601,27.25123653,52.48383185,55.43003513,0.2374063056,36.36164143,-36.59905925,-0.2845129486,-36.08461651,36.36912164,210.1351842,239.860469,237.7862892,10.77700317,14.04400952,13.59725779,216.183322,240.1387624,234.8433521,18.28497101,9.226926458,14.50580855,0,-119.2074206,126.3778294,155.4035214,-87.39926525,49.22336613,0.8367665629,-120.3400604,127.4746027,-14.08325454,114.7299286,-167.3472744,49.98140794,49.98258794,3679.910593,3371.528489,260.8641473,-40.95305577,3.6983495,1
4030,32,48,32,0,1,1,1,1,1,1,1,1,0,1,1,213.8513874,242.1515984,233.8342026,6.314594861,6.342145412,10.00863488,215.6152452,242.9428482,233.0292234,9.959330332,3.711258686,8.831123607,-6.044150388,-1.179779045,7.224097422,6.092513543,1.17117436,-7.263517077,213.8378493,242.154776,233.8376091,0.4171255272,6.113799256,6.681151587,215.5833337,242.9454433,233.0162971,7.672821385,3.307175826,4.679060245,0,-121.5429023,125.6026591,30.63718548,-91.77113567,93.64772577,0.3611259045,-121.8620744,125.8227123,-1.573815148,170.8141723,174.4414213,49.98651404,49.98648968,2698.925327,2701.41394,56.61064369,-88.35480476,3.6764498,1
4031,32,48,32,0,1,1,1,1,1,1,1,1,1,0,1,210.1795777,243.3543945,235.9479549,52.78458782,54.75635061,25.15213283,212.3427107,249.1156752,231.3833992,54.2414358,55.1845291,20.23379055,-36.5862583,36.06675657,0.5196348001,36.73896939,-36.14033786,-0.5984974083,210.0805594,243.00842,235.5789469,8.864445884,12.66120992,17.21242647,210.7740413,247.7736835,231.126248,14.57281988,13.47755165,9.078519621,0,-120.3884133,125.3148075,-120.7450542,-38.40586457,109.2089733,1.407543219,-121.0906389,124.7880274,31.72892208,170.7625875,-85.96987781,49.98343264,49.98117559,3162.039931,3701.667181,128.3776952,55.57530941,3.7601692,1
4032,32,48,32,0,1,1,1,1,1,1,1,1,1,1,0,211.8210716,241.5555565,236.4583189,3.541448834,10.53774287,12.13029349,212.3481807,243.3099957,235.5254027,7.555922211,10.93369566,9.021491115,-1.00950579,8.798214576,-7.78871389,1.011200699,-8.704555085,7.693356016,211.786118,241.4955085,236.3883422,3.054485459,4.35670055,8.216385341,212.3203815,243.2983869,235.5013043,7.343858927,5.412727988,1.94408333,0,-120.1799469,125.9678822,-67.69336318,-65.1714995,113.3960716,0.5304477761,-120.3199709,125.8788055,22.67980036,-161.6269364,-169.2271249,49.98634947,49.98655257,2732.896065,2683.702143,66.13761308,-81.83663662,3.7609346,1
4033,32,48,32,1,0,1,1,1,1,1,1,1,1,1,1,213.1045024,240.9168464,235.7284381,3.635791539,7.462597442,9.241095236,213.5720902,242.6372559,235.0501394,7.192814783,8.326128879,5.224093572,1.443762282,-6.317224665,4.873587744,-1.455881003,6.267095682,-4.811088019,213.0914695,240.9092459,235.7239033,3.111364178,3.869531014,7.772393411,213.5592311,242.6408335,235.0541257,6.94140561,5.406170476,1.704625957,0,-120.5652215,126.1407096,-59.44075213,-64.94844834,116.6682707,0.4832920443,-120.6630327,126.0483803,22.73508172,-156.9296783,173.334792,49.98652662,49.98651289,2698.172467,2693.869772,64.802921,-84.6096823,3.6870386,1
4034,32,48,32,1,0,1,1,1,1,0,1,1,1,1,1,214.0525729,238.4415437,237.3608308,6.623434168,26.74229816,22.24906462,214.6748589,238.7579446,238.0363796,6.615633474,26.66288344,22.24287132,4.494507767,-25.30317057,20.80875531,-4.490650358,25.25383703,-20.76309546,213.9665698,238.3777124,237.2901392,4.014050024,3.352892002,4.350746968,214.5830636,238.6967486,237.9539365,4.009264897,3.110161792,4.552817863,0,-119.8241719,127.0719783,0.001682481888,-122.5898184,124.791951,0.06867674367,-119.7809407,127.1599195,-0.2150482283,-117.0007894,129.0535823,49.98568487,49.98569042,2865.402105,2859.67011,89.28558981,-60.07121671,3.7879942,1
4035,32,48,32,1,0,1,1,1,1,1,0,1,1,1,1,216.6196416,400.24688,288.5149617,13.40391316,19.59912262,21.41112907,221.6734185,401.7192297,291.7803967,15.7173013,17.41765615,21.76940379,-2.145524994,-15.20823301,17.35450608,6.611657335,8.280284615,-14.89105745,145.3091188,291.5775148,250.8827047,4.304613041,6.196427712,5.921722421,148.2156654,295.7882608,255.2165032,7.982202071,11.70197795,11.98458999,0,-114.8377403,108.3810681,108.7498664,-3.604720633,-151.7594458,0.1156965371,-114.7322986,108.4713394,-30.7174539,-144.4176586,79.21766243,49.96988289,49.98239324,4974.951953,4600.497159,655.427825,-395.3583663,3.8018958,1
4036,32,48,32,1,0,1,1,1,1,1,1,0,1,1,1,213.8488241,242.1813751,233.8140115,6.053256094,6.334185894,9.889168076,215.5776295,242.9732971,232.9796567,9.76714277,3.709046949,8.619833643,5.917075483,1.180216771,-7.097173415,-5.964665287,-1.173116245,7.137892537,213.8354201,242.184672,233.8174514,0.4145389516,6.106564098,6.750130072,215.5474018,242.97589,232.9678934,7.638726052,3.306591916,4.640092829,0,-121.5531715,125.5928483,19.49090484,-91.78087421,93.87411075,0.3647365549,-121.8716869,125.8082644,-1.023224844,170.9415071,175.2239433,49.98650208,49.98651077,2701.804911,2695.463096,57.03065389,-88.9851425,4.0700781,1
4037,32,48,32,1,0,1,1,1,1,1,1,1,0,1,1,209.8816483,241.289328,239.5821352,25.45535381,59.42024978,61.36229775,216.7274058,239.7075715,235.1058298,29.85250305,57.88795281,61.04542112,-0.2753706658,-39.84042393,40.11590316,0.3315331551,39.53556269,-39.86698985,209.4879683,239.5088186,238.1352022,11.980915,15.42944908,14.8787047,216.0339351,239.574412,234.685632,19.41207499,10.43776853,15.80442794,0,-118.9137204,126.4491003,154.3529802,-88.20578537,47.59739802,0.9127874116,-120.1818799,127.6739354,-15.36572306,110.6250924,-165.8142003,49.98080467,49.98099498,3827.315835,3769.800473,296.6574723,34.04113791,4.0939648,1
4038,32,48,32,1,0,1,1,1,1,1,1,1,1,0,1,211.7277458,241.7817355,236.0222449,3.314519017,12.67601376,14.00555316,212.3402661,243.7408933,235.2034619,7.913409076,13.18415313,11.51395293,0.6940173358,-9.168962337,8.473831806,-0.7005058308,9.070560925,-8.371138003,211.7029251,241.7141291,235.9557267,3.070857676,4.254712069,8.061011288,212.3172726,243.73163,235.190484,7.813558688,5.78459496,2.064023751,0,-120.3326425,125.8592723,-76.52587975,-60.19560549,112.6420808,0.5731554676,-120.4411554,125.7727175,22.53207309,-160.1201091,-172.6404424,49.98638635,49.98635264,2720.323255,2739.481354,94.12871706,-108.806912,4.4175197,1
4039,32,48,32,1,0,1,1,1,1,1,1,1,1,1,0,209.455682,243.5802028,236.4957398,58.61659968,61.97185964,30.36090486,212.2198236,249.6707828,230.5305398,60.16903619,62.22112236,25.58151434,40.30207713,-40.65389096,0.3522024048,-40.46833102,40.71680752,-0.2480711205,209.3267812,243.0528619,235.9199807,10.15642512,15.07158926,19.89403161,210.2933438,248.0356919,230.1835253,16.12708781,15.12128259,11.97725378,0,-120.1571581,125.272327,-126.4851567,-42.80134807,105.4347869,1.577384174,-121.1233756,124.7179058,30.6414376,162.5837974,-88.65841403,49.98128504,49.98044356,3644.874504,3880.537726,157.3629832,154.7516542,5.0672997,1
4040,32,48,32,1,1,0,1,1,1,1,1,1,1,1,1,214.6340435,242.8451188,232.4334256,8.742384451,3.695230419,7.610993136,214.1214219,242.8915908,234.3662276,4.767625977,6.215899077,8.713050215,-4.667139626,-1.401965397,6.069217432,4.60112647,1.405418465,-6.006429625,214.6112595,242.8478426,232.4283175,7.337967079,3.204558065,4.482774362,214.1082466,242.8952488,234.3706667,0.8771041259,5.93777411,6.232550022,0,-122.2030349,125.3102565,-4.165647772,173.4295551,167.9168632,-0.169666574,-121.8224951,125.246335,35.06252566,-93.03618487,95.97310924,49.98654029,49.98653895,2695.081147,2688.981989,57.58210524,-90.45656671,5.3748432,1
4041,32,48,32,1,1,0,1,1,1,0,1,1,1,1,1,215.9704019,240.1733243,234.7036005,23.4753969,45.82185948,48.2116713,211.7823375,241.3935219,239.1957808,18.7040406,46.95675615,48.27045513,-0.03178170242,-31.75618465,31.78790722,-0.03129498103,31.87306522,-31.84183708,215.5897543,240.0970211,234.4457508,16.4425093,7.951271075,12.28746019,211.5394034,240.2958932,238.1850005,8.795717384,12.36200546,11.61368791,0,-121.2730227,126.418289,-13.33367364,121.6616413,-169.5982217,-0.5979532326,-120.2195929,125.6702094,154.8815434,-86.14801857,53.69207676,49.98427493,49.98209169,3035.375384,3506.592045,54.08802508,64.34787013,5.0335904,1
4042,32,48,32,1,1,0,1,1,1,1,0,1,1,1,1,215.0707882,242.3434192,232.5541119,9.927306506,3.646464731,8.702000922,214.4393615,242.3907816,234.6105302,6.296572721,6.462332727,9.721088989,-6.123547476,-1.018265158,7.14192907,6.039598602,1.018622742,-7.058104305,215.0383239,242.3459637,232.540848,7.640027918,3.311273006,4.679711893,214.4254579,242.3939465,234.6134086,0.7356779472,6.280730706,6.468988529,0,-122.1712772,125.4996278,-4.673047731,167.4089938,171.7585849,-0.188457944,-121.7547253,125.4164284,53.58300091,-92.32380192,93.78675729,49.98650814,49.98650105,2700.808695,2697.091565,58.20437782,-93.07228189,5.8262355,1
4043,32,48,32,1,1,0,1,1,1,1,1,0,1,1,1,293.3559225,261.1287093,363.0346206,23.68519314,16.14206343,21.24563377,295.127785,264.5377304,364.3642835,23.48967451,17.15182398,19.23513791,-10.66397999,0.8681284423,9.795601444,6.865508942,-5.023462977,-1.842228691,246.1654687,176.0911132,277.791038,2.191469118,3.576996337,5.12157801,248.5040717,178.2645823,280.148103,8.278658014,6.198052934,7.415657868,0,-103.7579487,147.617364,57.4063583,-9.298317685,-171.0921508,0.1654765388,-103.7837103,147.5595957,-12.9409325,-138.9396899,120.3080463,49.96273243,49.98566134,5419.936698,4924.707515,413.6576894,-32.81575998,5.9738083,1
4044,32,48,32,1,1,0,1,1,1,1,1,1,0,1,1,216.2067193,244.140965,229.8295452,25.35204119,6.054094166,29.95337123,216.8108313,244.5520138,230.4179252,25.31329446,6.043587802,29.84687347,-23.89390423,-4.212907604,28.10691023,23.82706614,4.203269357,-28.03023978,216.0834677,244.0605263,229.7529438,3.960919727,3.307318708,4.405027461,216.6795594,244.4703263,230.3329463,4.148249846,3.302792423,4.215936107,0,-123.5461769,124.7755461,-2.54625643,-123.4753861,122.4480523,0.08935989491,-123.5067157,124.8496967,2.234719197,-123.7696598,126.9898274,49.98552074,49.98550439,2899.472327,2894.558431,73.98257947,-74.68116015,5.8408036,1
4045,32,48,32,1,1,0,1,1,1,1,1,1,1,0,1,219.2652729,239.2809333,233.123989,60.08320142,25.47741436,58.11965862,214.1804286,245.6253945,231.3962001,59.48307991,29.08486085,55.95997568,-39.51062296,0.6516159123,38.8591101,39.21466095,-0.732144523,-38.48241383,217.584512,238.9363666,231.5600243,14.91974839,12.16361464,16.42167688,213.686324,245.0352207,231.3075399,14.91922606,18.35235306,9.232790843,0,-122.4479556,126.5760375,-74.11069611,35.13678361,150.3958378,1.183346671,-121.6450317,125.3260074,74.42313912,-136.9806525,-6.755868276,49.98109266,49.98130065,3774.336944,3696.86779,273.2924536,13.48309573,4.2190487,1
4046,32,48,32,1,1,0,1,1,1,1,1,1,1,1,0,212.6735488,243.4476186,233.5561677,10.44348863,6.615158852,8.032611055,211.5874229,245.1604516,234.3535884,9.120364758,9.897390428,3.864509396,7.700640941,-6.363409881,-1.33712341,-7.73651518,6.406655711,1.329973517,212.6607039,243.4492279,233.5603373,6.851535732,0.830266256,7.803289639,211.5566761,245.1437145,234.3567758,4.532808373,7.370314639,3.363896204,0,-121.5504137,125.1428701,-34.7509865,34.53622081,147.3756147,0.2331622534,-121.2317628,124.780792,59.18302729,-124.1283173,62.41857225,49.98650733,49.98651285,2701.093676,2694.709698,60.41724541,-86.67641497,3.7305449,1
4047,32,48,32,1,1,1,0,1,1,1,1,1,1,1,1,214.6324416,242.8524487,232.4302206,8.743391499,3.69911035,7.623497439,214.126803,242.8956662,234.364806,4.793984778,6.214631325,8.738071588,4.690340027,1.405025102,-6.095229482,-4.62435053,-1.410216663,6.034702109,214.6096215,242.8552152,232.4251375,7.322514035,3.205494808,4.465714257,214.1136363,242.8993093,234.36925,0.8840923053,5.934475584,6.240217042,0,-122.2050267,125.3073355,-4.102142407,173.4899094,167.9476686,-0.1703479215,-121.8252912,125.2448921,34.01960533,-93.02819341,96.11169774,49.98653826,49.98654056,2695.650906,2688.506012,58.43767134,-91.27118116,3.7657441,1
4048,32,48,32,1,1,1,0,1,1,0,1,1,1,1,1,215.1384289,242.3296743,232.5863271,10.16373782,3.66277171,8.955483358,214.4430069,242.3766778,234.6138862,6.550788116,6.485375139,9.842964156,6.373137586,0.9873371355,-7.360298181,-6.286699822,-0.9900133636,7.276884248,215.1050042,242.3322017,232.5725336,7.737793547,3.332222391,4.764861986,214.4290317,242.3796337,234.6166125,0.7918059442,6.30580409,6.37274205,0,-122.1716554,125.5144996,-5.490760395,167.0311231,170.7882403,-0.1867306814,-121.7515892,125.4210535,63.7027591,-92.17020113,93.21238992,49.98647012,49.98653007,2712.46963,2689.23609,58.53229333,-93.26654385,3.7096545,1
4049,32,48,32,1,1,1,0,1,1,1,0,1,1,1,1,216.1734602,239.0548288,234.7335616,29.63735237,57.72881087,60.86416062,210.6134818,241.3081148,240.5363531,25.09812957,59.02462289,60.87843599,0.2680116315,39.41420378,-39.68211783,-0.17996554,-39.56072552,39.74078827,215.5390783,238.9419048,234.3021316,19.35411445,10.48598248,15.49536831,210.2093883,239.605767,239.0067507,11.86872721,15.37418533,14.49189909,0,-121.1171299,126.6841604,-16.73412006,110.6513455,-166.994996,-0.7477096617,-119.7669296,125.6273683,152.3753559,-88.52335211,47.12076217,49.98112291,49.98084505,3744.818216,3811.832451,173.090366,136.7492369,3.7338285,1
4050,32,48,32,1,1,1,0,1,1,1,1,0,1,1,1,216.2206874,244.1377681,229.8316293,25.39260703,6.052338735,29.99319905,216.8195167,244.5495921,230.4181361,25.35211781,6.043489801,29.88456112,23.92515426,4.211606467,-28.1366659,-23.8585204,-4.20323149,28.06185144,216.0969199,244.0572248,229.7544612,3.966764334,3.305746435,4.412792498,216.6874351,244.4681198,230.3329115,4.143406044,3.304285999,4.208072585,0,-123.5477065,124.7782129,-2.639982335,-123.479933,122.4789005,0.08908963937,-123.5081411,124.8508613,2.330202942,-123.7679418,126.9701583,49.98551052,49.9855178,2899.96879,2893.607171,73.9283028,-74.62110551,3.6698564,1
4051,32,48,32,1,1,1,0,1,1,1,1,1,0,1,1,292.9683063,259.5752227,362.570565,21.20390778,13.16627773,19.65986157,295.2062127,263.8453516,364.2050683,20.68931608,15.07681439,16.79027164,16.91789954,-1.735270269,-15.18310917,-13.07813083,5.888180516,7.189447082,245.0895248,175.0631326,275.9541234,4.900775005,4.0300299,5.967246942,248.7904342,177.6526109,279.7850292,11.05134199,7.163690931,11.48420649,0,-103.9784158,147.6098408,98.2638955,4.823066633,-127.8007494,0.191483724,-103.9149033,147.6578151,-26.03404161,-136.1708686,116.3992442,49.9687179,49.97986983,5231.068724,5092.462122,663.3374607,-284.086059,3.7230831,1
4052,32,48,32,1,1,1,0,1,1,1,1,1,1,0,1,212.7106036,243.4848179,233.5252185,10.77887456,7.195644281,8.037891711,211.649069,245.1939272,234.3038908,9.529652716,10.25943302,3.854379513,-7.902327589,6.535051892,1.367425055,7.9414182,-6.581796701,-1.35947112,212.6975245,243.4857149,233.5290354,6.810520637,0.7853393961,7.793607482,211.6127752,245.1713334,234.3066171,4.518099513,7.30864528,3.316123445,0,-121.5739809,125.1320606,-34.64171497,30.65867278,147.0111191,0.232976276,-121.2621568,124.7726583,58.65796267,-124.4061522,62.62862399,49.98651237,49.98648625,2701.210816,2699.209572,57.85789633,-84.02037736,3.8551758,1
4053,32,48,32,1,1,1,0,1,1,1,1,1,1,1,0,218.7471622,239.7781565,232.9614898,56.21012397,23.70511291,54.3047781,214.2288825,245.7394896,231.7261753,55.67726909,27.38210737,52.26795036,37.26165532,-0.7128123959,-36.54891197,-36.97962175,0.7865928189,36.19291362,217.2661416,239.4616796,231.5588384,13.72313029,11.41664003,15.18112337,213.8090583,245.21939,231.6378054,13.86348031,17.64398085,8.241939398,0,-122.4621208,126.4093672,-73.7789275,35.841821,151.445489,1.091356283,-121.682575,125.2693842,72.13998412,-136.1966238,-1.507029224,49.98162955,49.98225586,3636.730508,3461.083747,248.9717496,-35.716927,3.7387232,1
4054,32,48,32,1,1,1,1,0,1,1,1,1,1,1,1,210.9937091,244.6191204,233.8983992,8.534936839,9.222960116,4.006889841,213.0824779,243.7573809,234.4067679,9.763209931,5.918361078,7.864689534,7.321994224,-5.783878465,-1.538005647,-7.257118435,5.720026264,1.537203595,210.9687461,244.6055621,233.9014074,4.186111984,7.055629847,3.416557867,213.0705377,243.7587541,234.4111293,6.399705688,0.6977068854,7.583144115,0,-121.3435478,124.6717354,53.41706004,-126.0583936,65.83877269,-0.06800644042,-121.54154,125.1507585,-31.85750663,5.393573787,147.3766022,49.98653212,49.98651983,2697.935944,2691.645595,62.94542543,-87.1176928,3.7135146,1
4055,32,48,32,1,1,1,1,0,1,0,1,1,1,1,1,211.6451912,247.7712422,231.7584023,47.05069645,47.34038693,15.38803513,211.3021753,243.3929119,236.4736146,45.47681338,46.59095419,20.41263179,32.11499143,-31.10685002,-1.008192855,-31.82500234,30.91019674,0.9147539709,210.5489416,246.6816815,231.58239,12.68233331,12.06612492,6.401736337,211.2385096,243.1472595,236.2385832,7.188835218,10.56765031,14.75215657,0,-122.2944401,123.7152317,30.66140109,176.8937589,-82.01234198,-1.051142227,-121.7052238,124.344213,-114.6767734,-36.38905883,112.948584,49.98198345,49.98511558,3516.42126,2848.06817,148.4393857,-56.35601347,3.8059299,1
4056,32,48,32,1,1,1,1,0,1,1,0,1,1,1,1,212.112575,242.8224422,234.7613323,7.566192249,12.12709075,10.11042116,212.7456955,241.6982091,236.8392332,3.389444381,11.47184442,12.82115468,-1.066922769,8.818054032,-7.751479247,1.06154719,-8.873508562,7.811623475,212.0938258,242.8178566,234.7510379,7.367583691,5.881021549,1.586520532,212.7242083,241.6449828,236.7816129,2.919382124,4.252644621,7.95483629,0,-120.9696716,125.3847787,21.26588062,-160.5173936,178.0139894,-0.3835452409,-120.7714421,125.6361335,-68.02577017,-59.40594152,116.2435605,49.98640254,49.98642441,2725.285499,2711.579445,51.55491146,-72.8242141,3.7460476,1
4057,32,48,32,1,1,1,1,0,1,1,1,0,1,1,1,213.4930498,245.5483057,230.6663666,61.7384319,30.24154643,58.07072328,219.9121738,239.7534575,233.8460181,61.98355017,26.57455484,59.90238667,40.73531135,-0.8352155793,-39.89998811,-40.80810691,0.7483447389,40.05988795,212.9627553,244.8923614,230.5793984,15.14861454,18.85445682,9.630964016,218.0759555,239.3548631,232.1724222,14.94792733,12.65218568,16.74042523,0,-122.8997215,124.2157734,72.72204369,-139.1799313,-8.11433511,-1.075828543,-123.6190043,125.6428842,-76.24723263,32.65611171,149.5884252,49.98095956,49.98069129,3772.053372,3843.61236,168.4778468,138.4320296,3.7970086,1
4058,32,48,32,1,1,1,1,0,1,1,1,1,0,1,1,211.1087828,244.9980457,233.5118754,9.775044011,10.44930563,3.896702046,213.2288074,244.045111,234.0553947,10.81890881,7.555705444,8.00943193,8.25410355,-6.898488826,-1.355410249,-8.17069537,6.822707919,1.348186306,211.0712386,244.9690306,233.5142545,4.337703575,7.186526814,3.361312056,213.2154127,244.0443728,234.0591481,6.4610926,0.8632704537,7.766761884,0,-121.5470662,124.5277143,54.31593873,-127.1655825,62.46254283,-0.08408183392,-121.7458831,125.0256926,-33.22582905,6.202543336,147.0442099,49.9864866,49.98650566,2707.621411,2694.632599,65.61686359,-91.36590108,3.9317804,1
4059,32,48,32,1,1,1,1,0,1,1,1,1,1,0,1,343.4581138,317.2850216,259.1267502,18.4334543,18.88801694,11.29707939,344.9490636,319.479781,263.4043012,15.88189131,19.06557067,13.67590975,13.73231363,-14.47051444,0.7384936779,-5.678642489,11.89080112,-6.211873065,250.2381815,272.9625831,178.6930879,4.920135065,4.504763095,3.890542311,253.8842181,276.3057276,181.3043704,10.62444253,9.976261151,7.442097792,0,-145.9586284,117.3082333,89.92694366,-34.75721974,-158.2429485,0.08430085708,-145.8187596,117.3205869,-27.63469365,-170.8560296,85.8792234,49.97272298,49.97757097,4665.652775,5265.948443,206.1337754,-628.8664124,3.7363266,1
4060,32,48,32,1,1,1,1,0,1,1,1,1,1,1,0,207.9538682,246.6725935,234.5590528,33.85403057,28.59859141,7.263081321,208.4888164,247.053492,235.2366527,33.74736708,28.56666471,7.232684705,31.69204578,-26.86678871,-4.825166102,-31.61277023,26.81311639,4.799752938,207.8190584,246.5236428,234.4540956,3.997112748,3.241326599,4.402126808,208.3361799,246.9155703,235.1302499,3.801383503,3.442357402,4.389499096,0,-120.8477427,123.9647323,-2.434629566,-123.6656368,124.0795232,0.07354012782,-120.789602,124.0322751,2.340882704,-118.3301627,123.6354723,49.98524011,49.98522035,2953.75867,2953.295479,102.7415057,-44.82982848,3.8368533,1
4061,32,48,32,1,1,1,1,1,0,1,1,1,1,1,1,210.9911578,244.6481956,233.8873183,8.598579358,9.299815537,3.997953277,213.0764903,243.7656362,234.4005536,9.788478227,5.993951146,7.877377164,-7.365998277,5.843918688,1.522182633,7.300478908,-5.781170624,-1.519211085,210.9658997,244.6342448,233.8902883,4.225541082,7.096841882,3.414892542,213.0645521,243.7669774,234.404907,6.380075262,0.7500131361,7.600252823,0,-121.3511618,124.6623739,53.19189891,-126.3398109,65.53812257,-0.07304795912,-121.5492053,125.1427566,-32.20005968,5.991962851,147.3753147,49.98652533,49.9865248,2698.640925,2691.154474,61.8842381,-86.04753886,3.6992016,1
4062,32,48,32,1,1,1,1,1,0,0,1,1,1,1,1,212.2972261,242.5497879,234.7631637,7.4533852,10.27652277,7.668715355,212.9836265,241.4572465,236.956789,3.441503572,9.653341701,11.18494582,1.063740811,-8.187200455,7.123583976,-1.056427894,8.23253015,-7.175983358,212.2833752,242.5499141,234.7643577,7.267240128,5.718254729,1.564735405,212.9692321,241.4318549,236.9320823,3.018321918,4.426918429,8.243682325,0,-120.9615224,125.4671398,21.99998211,-162.5963938,-170.9256968,-0.3805848146,-120.7399737,125.7272521,-65.99432349,-61.94828823,115.6628001,49.98651333,49.98643195,2700.826511,2712.338769,64.43118763,-86.56825126,3.7514263,1
4063,32,48,32,1,1,1,1,1,0,1,0,1,1,1,1,211.439983,249.2033732,230.2183043,60.10246513,62.16099242,25.58036704,209.898556,243.8366528,237.4755716,58.24617549,61.68255056,30.19864531,-40.3920845,40.72314781,-0.3307954363,40.03066674,-40.50066029,0.4702728501,209.6522378,247.4866229,229.8961256,16.0562471,15.30856483,11.88826171,209.7713599,243.2847067,236.9017631,9.904497073,15.24761277,19.74080428,0,-122.7738273,123.1293783,28.12620909,160.5243472,-89.8645796,-1.419505923,-121.7095025,123.8230738,-129.4175055,-44.61662938,104.0894763,49.98051083,49.98128496,3871.612178,3646.887356,295.2496754,4.195728373,3.7544177,1
4064,32,48,32,1,1,1,1,1,0,1,1,0,1,1,1,211.0518326,244.9325985,233.5524746,9.305029254,10.00693168,3.912680208,213.194285,243.9921817,234.0824179,10.4283357,6.904154192,7.995398131,-8.041513492,6.699834379,1.341783727,7.962146856,-6.628473139,-1.333568509,211.0205262,244.911113,233.5553213,4.338369307,7.2261086,3.401878093,213.181337,243.9928522,234.0866258,6.498932317,0.8600403068,7.761598491,0,-121.5150872,124.5446567,54.83625748,-126.7712533,62.52498208,-0.08244188189,-121.719282,125.042965,-33.25225123,10.32335795,147.353194,49.98651207,49.98650506,2700.991267,2695.597795,62.07517473,-87.71212822,3.6986969,1
4065,32,48,32,1,1,1,1,1,0,1,1,1,0,1,1,213.5796262,245.6648538,230.8841815,59.17260474,29.20006865,55.50250715,219.5567871,240.1105041,233.7138553,59.36897385,25.49272806,57.25977372,-39.26886302,0.9426117942,38.32610473,39.3401443,-0.8599599995,-38.48035653,213.1025294,245.0557927,230.7947261,14.45032946,18.44933701,8.900938799,217.8735053,239.732402,232.1530923,14.08671029,12.22643083,15.84134028,0,-122.8766495,124.2333978,70.76694204,-138.742016,-4.486461029,-1.01869131,-123.578607,125.5793447,-76.47932727,33.01200978,150.430788,49.98161835,49.98111033,3602.597198,3735.74573,129.6443732,122.40641,3.6962198,1
4066,32,48,32,1,1,1,1,1,0,1,1,1,1,0,1,207.9523223,246.6874843,234.5553323,33.93376557,28.67681287,7.263736906,208.4787356,247.0613377,235.2360702,33.82170201,28.64398509,7.232646573,-31.76156727,26.9360064,4.825648473,31.68207036,-26.88334177,-4.79864071,207.8170562,246.5371676,234.4503019,4.020897506,3.245310494,4.402707333,208.3247462,246.9226291,235.1284828,3.778417697,3.441232647,4.388806884,0,-120.8506916,123.9605348,-2.585243104,-124.1150669,124.0734908,0.07234181587,-120.7908954,124.0277517,2.529416826,-117.9071807,123.6327883,49.98523353,49.98522137,2957.365823,2951.263611,103.4926539,-45.34504623,3.6931405,1
4067,32,48,32,1,1,1,1,1,0,1,1,1,1,1,0,343.2528057,317.820281,260.4457075,18.83650968,19.1214705,12.30724384,344.5035885,319.2827938,262.6883234,16.42878646,18.90729633,13.30825373,-11.98049131,11.69156777,0.290407946,3.945887221,-9.137496658,5.193128003,250.4927968,273.7482097,179.6057302,4.619039951,4.03251854,3.704539555,253.5704512,276.2064253,181.0043485,9.044922945,8.486441555,6.168249767,0,-145.8145432,117.1844033,70.9676938,-55.40429322,-177.9224355,0.08111297587,-145.8556794,117.2815445,-28.93096871,-174.2621339,84.1807673,49.96869437,49.98170123,4895.374337,5040.489528,58.42507327,-473.9476612,3.6295246,1
4215,32,48,64,1,1,1,1,1,1,1,1,1,1,1,1,220.984119,215.7897654,254.4088181,4.318067973,2.897964522,2.666034899,221.5479787,216.0807559,254.736274,3.969332259,2.96964139,2.901693223,-0.006286073341,0.002697096234,0.003606210172,0.006392844753,-0.002844131466,-0.003527343185,220.9811564,215.7902057,254.4102726,4.317661733,2.897433072,2.665581266,221.5450296,216.0812152,254.7377287,3.968919062,2.969146338,2.901293169,0,-131.1247509,113.4671972,-0.9783156836,-136.3316727,114.5870268,0.05950866381,-131.0611786,113.4978226,0.8322733423,-126.1799542,112.3250452,49.98871584,49.98872429,2258.789417,2253.046123,31.01014039,-79.954669,3.7388211,1
4216,32,48,64,1,1,1,1,1,1,0,1,1,1,1,1,220.8831361,215.2192279,255.042737,7.48743448,8.921458626,5.396354366,221.6452645,213.9902369,256.5042313,3.709638891,7.628762488,8.41059259,1.448111817,-6.648004974,5.199915305,-1.437346433,6.66857989,-5.231210516,220.8796193,215.2191768,255.0420004,7.231218322,5.829644402,0.9559449907,221.6406919,213.978418,256.4926209,3.165371321,3.509460006,6.496525087,0,-130.9202969,113.623572,21.97995334,-166.0751246,-85.89816591,-0.3453780881,-130.7772242,113.890557,-59.99026831,-58.26841338,110.8445617,49.98863754,49.98864289,2274.287907,2269.397358,27.67578788,-82.11498958,3.6167284,1
4217,32,48,64,1,1,1,1,1,1,1,0,1,1,1,1,220.8831925,215.2163261,255.0442845,7.481694084,8.920577754,5.388142791,221.6466487,213.9899328,256.5054433,3.715380674,7.626342051,8.402717806,-1.453440714,6.649171467,-5.19572571,1.442859502,-6.670172249,5.227315747,220.8796963,215.2162842,255.043562,7.223069377,5.828860763,0.9495425575,221.6420603,213.9779852,256.4938128,3.167034556,3.50486734,6.492236058,0,-130.9195629,113.6247713,21.98415563,-166.0296316,-85.51516622,-0.3450146474,-130.7766874,113.8915723,-59.8453475,-58.25641357,110.9154609,49.98863597,49.98864501,2274.51558,2269.138158,27.77493352,-82.2202573,3.7121704,1
4218,32,48,64,1,1,1,1,1,1,1,1,0,1,1,1,221.4116963,215.8268778,254.0678913,4.701358404,5.478026442,7.622518107,223.0949366,216.5027758,253.1100469,8.389994611,3.315416876,6.709799018,4.404919128,1.383350666,-5.788252709,-4.43811237,-1.371720029,5.809847089,221.4078852,215.826351,254.0686475,1.417366069,5.17800666,4.873373875,223.0834084,216.5017602,253.1019836,7.071626524,2.797372302,3.227910964,0,-131.3038019,113.5290721,26.40287682,-102.9308035,78.14463858,0.2566078998,-131.5899027,113.6538962,-5.141431369,166.2629399,174.3506133,49.98863866,49.9886413,2274.820642,2269.092921,25.88389466,-84.51389395,3.773253,1
4219,32,48,64,1,1,1,1,1,1,1,1,1,0,1,1,221.4132351,215.8237081,254.0677888,4.740387251,5.47791303,7.64912149,223.0958648,216.5013368,253.1112037,8.406082904,3.317244045,6.740287835,-4.443479453,-1.382225254,5.825723542,4.476996268,1.370196779,-5.847179219,221.4094078,215.8231554,254.068544,1.424029056,5.1770198,4.868880067,223.0841954,216.5003255,253.1030369,7.065615235,2.797985125,3.221179623,0,-131.3038702,113.5301156,26.37293668,-102.9234267,78.21960445,0.2567775267,-131.5895815,113.654634,-5.164424928,166.2821639,174.2840028,49.98863776,49.98864128,2273.981992,2270.005752,25.49684913,-84.08822239,3.7259214,1
4220,32,48,64,1,1,1,1,1,1,1,1,1,1,0,1,220.6486405,216.2815284,254.3312888,8.938865474,4.767790873,5.528097515,219.8554763,217.433609,255.1327099,7.312171357,7.867000111,3.7535922,-6.026682645,4.642296173,1.384395444,6.052003611,-4.673941242,-1.378053404,220.6453966,216.2801884,254.3320495,6.50846798,0.6981004639,5.219207327,219.8422722,217.4224953,255.1325727,3.952413179,6.273130041,3.284272806,0,-131.0948892,113.2683042,-28.09675959,105.6999136,148.3521639,0.167300235,-130.7325302,112.9925734,50.50755859,-125.702279,46.56016826,49.98865653,49.98865916,2270.121315,2266.690834,23.79937812,-85.62850263,3.6359622,1
4221,32,48,64,1,1,1,1,1,1,1,1,1,1,1,0,220.6534264,216.2785107,254.327552,8.924658595,4.750048941,5.532206039,219.8571076,217.4328522,255.1273081,7.294458913,7.864197785,3.7513519,6.002021198,-4.623624676,-1.378379366,-6.027530599,4.655054743,1.372492511,220.650186,216.2771617,254.3283321,6.51324934,0.7027003426,5.227854622,219.8439844,217.4217741,255.1272777,3.959486191,6.283615351,3.28844704,0,-131.0964759,113.2694976,-28.16762846,104.8926667,148.3803947,0.1682051668,-130.7335739,112.9931513,50.59718948,-125.727498,46.42104057,49.98865644,49.98865908,2270.654782,2266.03994,24.28107215,-86.12517238,3.7717424,1
4222,32,48,64,0,1,1,1,1,1,1,1,1,1,1,1,221.0205117,213.5830896,256.3261416,3.828268783,7.738142378,8.459716978,221.4845207,215.4056076,255.4125567,7.425395952,8.924782033,5.600472407,-1.479148895,6.920821764,-5.441651229,1.480249749,-6.877175451,5.396942578,221.0157582,213.5706926,256.3131423,3.26525428,3.24998925,6.363385645,221.4810512,215.4055474,255.4116103,7.15278096,5.562902033,0.8859383236,0,-130.3901608,114.2237648,-58.70772937,-61.04640525,109.7768817,0.4792637066,-130.4363883,114.0289222,22.98921114,-163.6301257,-98.4062652,49.9886333,49.98864003,2276.410653,2268.859384,30.85581813,-81.45797993,3.7963551,1
4223,32,48,64,0,1,1,1,1,1,0,1,1,1,1,1,243.9482789,362.914343,319.2957726,11.34109751,13.88532238,16.13023065,241.7269121,362.8198464,317.7211811,8.608402435,15.50463117,15.7525707,-5.402808625,-5.908089133,11.31016702,0.5403027867,12.37940943,-12.92035796,168.9955074,257.0391055,280.9827275,6.457184868,10.48675918,9.244834433,167.830884,254.2105239,278.2704467,2.784728836,5.323795872,5.370537773,0,-121.3274828,98.13910815,-25.30999607,-148.3641343,64.2894032,0.05021066793,-121.4004514,98.17366988,80.08057214,-4.411958212,-155.0103854,49.98008677,49.9793028,3908.462075,4233.852379,-547.741241,82.24347298,3.6621851,1
4224,32,48,64,0,1,1,1,1,1,1,0,1,1,1,1,221.949987,210.2275546,258.4119715,6.864113996,32.59351542,27.67520805,222.5941535,210.5272912,258.6729226,6.841094446,32.5262296,27.66080447,-4.526972501,30.65568768,-26.128644,4.508760191,-30.60737424,26.09868161,221.830892,210.1121206,258.2902156,4.164211369,2.937353859,2.739605022,222.4710114,210.4035589,258.558983,4.154031104,2.758911778,2.916293053,0,-129.7574401,115.3589741,0.04308832194,-132.4316724,112.6237484,0.06786598958,-129.7135782,115.3982714,-0.2572788545,-127.0667163,117.8188073,49.98738578,49.98741934,2523.274762,2517.042686,71.52462777,-40.52931709,3.7792295,1
4225,32,48,64,0,1,1,1,1,1,1,1,0,1,1,1,218.4406512,213.8746106,259.4036735,20.05993631,49.67563537,51.32955986,224.2868871,213.2889304,255.380552,24.53520824,48.55635408,51.04443199,-0.02367336125,33.83183564,-33.80830453,-0.06188053073,-33.61031211,33.67207748,218.2207225,212.5747633,258.2865707,9.287471664,12.19975077,12.03777314,223.9166456,213.1976498,255.0585519,16.75450498,8.287020292,12.07612248,0,-129.2447049,114.284353,145.9996374,-93.43979942,37.55396634,0.5873585549,-130.3631614,115.056323,-17.97141922,110.8857905,-169.3838086,49.98404739,49.98573579,3141.230883,2737.256089,200.2067176,-65.90681141,3.8376369,1
4226,32,48,64,0,1,1,1,1,1,1,1,1,0,1,1,221.753999,214.9103598,254.5549054,8.481160069,5.927380062,10.42668255,223.7728159,215.5831801,253.5150171,11.36054729,3.430660835,9.925406893,-7.67872517,-0.8191952391,8.497853614,7.730184234,0.811181688,-8.541433373,221.7449046,214.9056098,254.5491329,1.400393456,5.669554692,4.972733632,223.7341493,215.5782966,253.4813343,7.631406087,2.964191212,3.722789417,0,-131.1685474,113.8647548,55.83117298,-101.5319437,72.90181431,0.2646758709,-131.5149969,114.0375999,-8.74842491,156.4688002,174.9286417,49.98870759,49.98841795,2265.520119,2313.813403,22.50939849,-76.3019487,3.7582538,1
4227,32,48,64,0,1,1,1,1,1,1,1,1,1,0,1,218.3977877,215.9940158,256.8111052,48.83598606,51.68125786,24.57979848,220.481172,221.075146,252.0964339,50.30740834,51.99381127,21.45311763,-34.12089825,34.77781425,-0.6563508331,34.25472493,-34.84940524,0.5951852525,218.3168624,215.63078,256.4057415,7.385873424,11.16909382,15.63867747,219.1956493,219.7108233,251.8137582,13.47653937,11.57864307,10.35051739,0,-129.9370594,113.3315641,-119.6387583,-51.31769819,98.1884177,1.208599298,-130.6636451,112.7406084,28.63310712,158.5796878,-89.7082537,49.98505433,49.98444754,2901.933324,3047.657955,70.60850416,67.50006771,3.786658,1
4228,32,48,64,0,1,1,1,1,1,1,1,1,1,1,0,220.4931811,213.7404618,256.6942979,3.702827288,10.39206666,11.03938505,221.0423708,215.5493798,255.6875045,7.598388769,11.21333713,8.983005843,-1.372891259,8.468596758,-7.095673692,1.364659343,-8.402726019,7.038096674,220.4850293,213.6960606,256.6482077,3.086816153,3.425985318,6.39928472,221.0368076,215.5453937,255.6803207,7.32250579,5.550657358,1.017634476,0,-130.2014455,114.1372273,-61.69078109,-61.83367343,107.8936386,0.4930295902,-130.2680442,113.9546419,21.82124881,-165.3265151,-107.8415278,49.98857537,49.98856873,2288.227168,2284.040576,31.87516495,-82.91553615,3.766904,1
4229,32,48,64,1,0,1,1,1,1,1,1,1,1,1,1,221.0214056,213.5915427,256.3200338,3.831562532,7.720141735,8.435171502,221.4852959,215.4125318,255.4066613,7.418485507,8.917310887,5.568155314,1.489204569,-6.902063982,5.412864886,-1.490130291,6.85821801,-5.368084095,221.0166853,213.5792531,256.3071719,3.263954122,3.249300025,6.357467099,221.4818059,215.4124689,255.4057572,7.143299923,5.575284731,0.8706312318,0,-130.3927917,114.2214565,-58.53563048,-60.82572719,109.9716729,0.4785433235,-130.4394907,114.0264716,22.9670418,-163.5962429,-97.32083126,49.98864133,49.98863186,2274.088101,2271.12261,30.3850918,-80.94686688,3.798369,1
4230,32,48,64,1,0,1,1,1,1,0,1,1,1,1,1,221.9469762,210.2454402,258.3976106,6.862431974,32.62627045,27.70443288,222.5913986,210.5411258,258.6537989,6.839565626,32.5532813,27.68709273,4.526750057,-30.6797271,26.15310734,-4.508304225,30.62995235,-26.12151574,221.827768,210.1298335,258.2757275,4.164151775,2.970474684,2.755789136,222.4684399,210.4189007,258.5399614,4.154002766,2.72585664,2.902422076,0,-129.7624012,115.3519121,0.09082023128,-132.318297,112.0780751,0.06850841324,-129.7189767,115.3918969,-0.304525495,-127.1357502,118.3502862,49.98737988,49.98740933,2524.550517,2516.527016,71.06532244,-40.07825327,3.7402108,1
4231,32,48,64,1,0,1,1,1,1,1,0,1,1,1,1,239.1481059,361.2581424,317.0756028,12.15450931,18.02297919,19.31535126,243.2742865,362.4323501,319.1836069,14.10688413,16.19205806,19.50325767,-1.226545963,-11.64748465,12.87395105,6.021820332,5.217317637,-11.2391841,166.0440659,255.0451779,277.9575757,3.82715845,4.92647414,4.178984414,168.5955121,258.2782028,280.8291655,7.195628483,9.0502544,8.385139678,0,-121.4387923,97.68099714,87.58834123,-23.45259668,-154.5127119,0.01173372383,-121.415153,97.74852935,-32.16949149,-154.0965771,69.33854574,49.97345634,49.98588895,3919.885754,4227.325398,130.4958832,-575.3216016,3.7269334,1
4232,32,48,64,1,0,1,1,1,1,1,1,0,1,1,1,221.7181232,215.1170903,254.4270122,6.968319111,5.757280158,9.259806532,223.5696375,215.7838455,253.3460744,10.13548781,3.254827237,8.508962339,6.339490062,0.946112327,-7.285597398,-6.383756122,-0.9390922267,7.322859156,221.7129672,215.1151233,254.4247666,1.251215382,5.5656321,5.155642673,223.5435057,215.7816701,253.322784,7.423735867,2.90285837,3.565321237,0,-131.2099854,113.7931603,40.77645186,-102.0215819,75.09407516,0.2679374416,-131.5428209,113.9402118,-6.338856432,158.3655935,178.3848704,49.98858622,49.98860515,2284.443327,2276.898214,26.92235856,-83.13905968,3.7466524,1
4233,32,48,64,1,0,1,1,1,1,1,1,1,0,1,1,217.464772,213.7802279,260.4229911,24.95570985,58.92637532,61.01954331,224.3774728,212.3879248,255.2934318,29.19973841,57.66061665,60.7195307,-0.1621420702,-39.69034681,39.8526007,0.2694291714,39.4280696,-39.69739569,217.1339754,211.9661915,258.9062462,11.6051598,14.55122111,14.37378617,223.8363432,212.2606826,254.8237581,18.88405986,10.31000324,14.52915715,0,-128.7929188,114.3479796,144.4280433,-95.24848683,34.25745152,0.6678502915,-130.1767352,115.3222117,-20.84421093,102.984774,-168.1660174,49.98305544,49.98325701,3379.221624,3309.428541,258.4585204,35.87815931,3.8369526,1
4234,32,48,64,1,0,1,1,1,1,1,1,1,1,0,1,220.6255288,213.6012668,256.6835503,3.726514683,9.111170984,9.781717738,221.1338336,215.4508293,255.6810053,7.561650193,10.13231255,7.344952224,1.311918798,-7.950494894,6.638558216,-1.30663629,7.890774186,-6.584155471,220.6198799,213.5737529,256.6556347,3.190263452,3.422724979,6.471346434,221.1297164,215.4487809,255.6781192,7.315737931,5.688679749,0.9984311012,0,-130.2154543,114.1908398,-61.69149304,-59.40152649,109.3078502,0.4956934885,-130.2798427,113.9964324,22.61315801,-164.9518179,-98.21935529,49.98862799,49.98858851,2276.328993,2279.666542,29.40081853,-79.80318419,3.7687303,1
4235,32,48,64,1,0,1,1,1,1,1,1,1,1,1,0,218.2027273,216.0157438,256.847962,52.11209073,54.95214327,25.86350918,220.8685809,221.7058534,251.7274588,53.73810241,55.32278313,22.75042406,36.09629762,-36.48047334,0.3840877658,-36.23177588,36.55284475,-0.3211582218,218.118858,215.5898875,256.3776755,8.174818128,12.69551533,16.25728863,219.455143,220.1795494,251.4287982,14.7740838,13.27209775,10.97026283,0,-129.8961134,113.3310842,-128.9973226,-47.77813807,98.09012914,1.316371162,-130.7324282,112.7243408,25.66188053,158.298859,-89.3974869,49.98463788,49.98373994,2983.975758,3225.54484,85.0628572,100.4958805,3.7587825,1
4236,32,48,64,1,1,0,1,1,1,1,1,1,1,1,1,222.3592974,216.0618055,253.058192,8.218679555,3.316117709,6.283769269,221.8677468,216.0939109,254.5119996,4.36982293,5.568336834,7.166636353,-4.051701837,-1.295133281,5.346837032,4.00539964,1.306116784,-5.311507479,222.3506636,216.0609972,253.0502839,7.107660036,2.881948188,3.205015852,221.8644497,216.0930056,254.5124991,1.563682838,5.319345994,4.746011627,0,-131.784773,113.4874097,-7.490169819,163.1585145,172.029075,-0.09925690771,-131.3997455,113.4130519,35.12635673,-102.3093182,78.19050289,49.98864679,49.98864555,2273.056122,2268.342785,27.88969615,-83.87527029,3.7601691,1
4237,32,48,64,1,1,0,1,1,1,0,1,1,1,1,1,223.0198731,213.8500304,255.1221333,18.59209516,37.30983926,38.76308162,219.9734471,214.1288609,258.5919472,13.71261391,38.07783915,39.03776221,0.3690827153,-26.23306923,25.86222357,-0.4169099917,26.32716913,-25.91189029,222.8366196,213.7903259,254.9585207,13.74793522,6.479631389,8.486250565,219.823395,213.2893968,257.9368217,5.941714049,9.51437784,9.060476673,0,-131.1658835,114.2755175,-13.28871435,127.3463023,-168.8779175,-0.4277580636,-130.2894825,113.8516513,148.4297277,-89.12964183,48.17871787,49.98766841,49.98533459,2399.854651,2837.592622,0.3353811054,31.19690911,3.7397126,1
4238,32,48,64,1,1,0,1,1,1,1,0,1,1,1,1,223.1946671,214.7389923,253.7816885,12.11789869,3.364953611,10.48166713,222.417146,214.8159664,255.2412818,9.449965861,5.978964232,10.87404786,-7.361618073,-0.8750633483,8.236121909,7.278035335,0.8799789933,-8.158599948,223.1098589,214.7108917,253.7123076,7.604529239,2.919548678,3.761632338,222.3837155,214.7966725,255.2260328,1.545988978,5.742892338,4.909806245,0,-131.645384,114.0192208,-9.927974021,154.3219924,173.8355651,-0.08916785524,-131.2094319,113.9027884,56.16160267,-102.3155283,72.39256261,49.98855235,49.9885375,2289.921731,2287.498636,22.5993711,-73.4025918,3.8664139,1
4239,32,48,64,1,1,0,1,1,1,1,1,0,1,1,1,275.4957436,210.391707,414.0976583,24.45961718,13.56249394,22.09595527,279.4939891,216.8961166,415.6052239,25.00132911,16.03583185,20.31005101,-22.10195959,4.331888328,17.7701806,19.64726606,-7.510640649,-12.13648824,237.8020151,139.3013296,307.6971009,8.361590485,6.512440989,8.990877535,243.188582,142.8736462,312.8218645,14.51004302,9.350431239,13.92687734,0,-112.3396934,136.206421,113.6161497,15.78480227,-100.2327693,0.1312040565,-112.1428495,136.3204914,-31.86666874,-145.5290334,103.6726642,49.98097513,49.97784915,4096.878736,4120.103641,943.611898,-374.0819364,3.693358,1
4240,32,48,64,1,1,0,1,1,1,1,1,1,0,1,1,223.7115764,217.6227785,250.6209628,19.92912509,5.385179932,23.74358447,224.3516296,217.9926388,250.8268738,19.92189912,5.385687641,23.69156578,-18.81899346,-3.799905802,22.61890238,18.78478237,3.80292944,-22.5877112,223.6573673,217.5642197,250.5750625,4.128970311,2.947080698,2.830208579,224.2818087,217.9299691,250.7858853,4.260714206,2.94539295,2.655037778,0,-132.8206447,113.1556309,-1.763480077,-132.8799804,110.9002424,0.08344476282,-132.780195,113.1824438,1.507644949,-132.9131344,115.4321648,49.98797081,49.98796468,2408.806394,2404.579038,37.47931149,-73.43568755,3.7850538,1
4241,32,48,64,1,1,0,1,1,1,1,1,1,1,0,1,225.6258339,213.4368384,253.5436379,53.1781028,21.18740517,51.85531671,221.7941355,218.6549933,252.3612604,52.86479707,24.56504833,50.63918813,-34.78938325,-0.1268902912,34.91640066,34.58398509,0.1121792738,-34.69605018,224.4814014,213.1018564,252.1774523,12.76167568,10.34775298,13.17879774,221.5134159,218.1292922,252.2515304,13.37270463,15.99931199,9.003810804,0,-132.0824185,114.5779891,-75.21799734,31.43696102,146.3257227,1.071180843,-131.1961761,113.5371013,67.55549598,-142.5394881,-14.5928375,49.98420922,49.98463484,3144.408124,3029.269568,200.1323447,-8.189381531,3.7709694,1
4242,32,48,64,1,1,0,1,1,1,1,1,1,1,1,0,220.6706322,216.4320145,254.1893587,9.259735118,5.291229693,5.60651233,219.8288454,217.6227024,254.9995916,7.666811891,8.288559043,3.752413387,6.368420804,-5.134804013,-1.233598741,-6.397885004,5.16941571,1.228490879,220.6669907,216.4304453,254.1901589,6.598993752,0.7661486831,5.342352132,219.8138334,217.6089328,254.9996428,4.027635385,6.397885842,3.346469327,0,-131.1492582,113.2209,-28.90639768,97.72939228,148.6970595,0.1730009813,-130.7777809,112.9326104,52.02266023,-125.9210264,44.5288025,49.9886428,49.98865273,2272.794683,2267.958627,23.53525004,-86.69711867,3.7390252,1
4243,32,48,64,1,1,1,0,1,1,1,1,1,1,1,1,222.3597081,216.0647917,253.0544844,8.216823163,3.31772408,6.292740993,221.8710719,216.0961365,254.5059252,4.381306738,5.565612833,7.17554419,4.063413357,1.299643611,-5.363031159,-4.016988202,-1.310970978,5.327981532,222.351044,216.0639996,253.0465359,7.09946031,2.881025501,3.197059748,221.8677821,216.0952101,254.5064265,1.568843648,5.314995062,4.742393085,0,-131.7861374,113.486125,-7.479027325,163.2435438,171.9740198,-0.0989711851,-131.4017579,113.4124025,34.88613502,-102.317573,78.28219304,49.98864683,49.98864572,2273.14602,2268.263551,28.18710329,-84.14962279,3.8118722,1
4244,32,48,64,1,1,1,0,1,1,0,1,1,1,1,1,224.100752,213.4886547,254.7783515,14.9686359,4.036641284,13.64419261,223.2336697,213.4876618,256.0398828,12.96241573,6.208560209,13.79720194,10.02298224,1.025849367,-11.04865549,-9.895370716,-1.030970486,10.92651529,223.6388112,213.2261157,254.5566391,7.34889582,2.836821179,3.528000398,222.9567247,213.3026782,255.9574439,1.814119883,5.513670565,4.4986568,0,-131.4058642,114.5379441,-11.14457974,158.1651158,168.0852178,-0.07875210723,-130.9919067,114.4257171,50.20216912,-102.3444431,75.265243,49.98801294,49.98883998,2399.938817,2220.318669,41.73859745,-80.81476892,3.7977608,1
4245,32,48,64,1,1,1,0,1,1,1,0,1,1,1,1,223.3739159,212.0897187,255.4131068,28.98600456,57.28801428,60.26246592,217.7843651,214.1351303,260.997325,24.58115299,58.36872567,60.42692888,0.1386764201,39.17427509,-39.31288687,-0.0545620904,-39.31698842,39.37162177,222.8662907,211.9488734,254.9686471,18.88701205,10.43882477,14.26334882,217.4413164,212.2367799,259.569064,11.53729797,14.54533595,14.13872736,0,-130.9798614,114.6806819,-21.43303742,103.7796993,-168.342989,-0.5279449833,-129.509559,113.7878771,143.6384047,-94.88376893,34.47141,49.98338676,49.98311626,3288.34708,3359.058167,147.6263475,146.6280503,3.7783168,1
4246,32,48,64,1,1,1,0,1,1,1,1,0,1,1,1,223.7140816,217.6195672,250.6239638,19.98062374,5.385430187,23.79664053,224.3533023,217.9879499,250.8285051,19.9719813,5.38595972,23.74464402,18.86579155,3.799807004,-22.66560377,-18.8315492,-3.802899125,22.63444682,223.6594399,217.5607075,250.5776257,4.131813331,2.947120769,2.829957434,224.2833319,217.9252934,250.7874863,4.257879922,2.945244705,2.655111153,0,-132.820084,113.1571998,-1.746305996,-132.8848858,110.9597403,0.08331106252,-132.7798487,113.184017,1.493117323,-132.9072881,115.3717645,49.98795033,49.9879742,2409.933094,2405.199413,37.45000884,-73.23317428,3.7027165,1
4247,32,48,64,1,1,1,0,1,1,1,1,1,0,1,1,275.5715788,210.4665971,414.1408422,24.1047993,13.17932463,21.90054745,279.4595809,216.7836733,415.7904518,24.48524067,15.69483325,20.19786911,21.68225009,-4.246625901,-17.43538443,-19.22458756,7.429621035,11.79517225,237.8383379,139.363984,307.4961674,8.275807437,6.236124538,9.155011835,243.1222352,142.8154368,312.6744592,14.18212822,9.135179394,14.02829081,0,-112.4314592,136.1820605,110.5288854,16.98909257,-100.9674604,0.09159890215,-112.2083605,136.2858926,-33.13331594,-144.2206718,102.9441027,49.97773111,49.98126859,4085.586205,4127.751823,936.0502265,-367.1324552,3.6653111,1
4248,32,48,64,1,1,1,0,1,1,1,1,1,1,0,1,220.665958,216.4410791,254.1902766,9.367548128,5.484577924,5.622702849,219.8220069,217.6359646,254.9952969,7.794196585,8.410662365,3.750602474,-6.473277012,5.24705858,1.226218291,6.503333623,-5.282590483,-1.220743072,220.6622804,216.4393317,254.1909825,6.605082166,0.7557893949,5.355824768,219.8062852,217.6211163,254.9952571,4.031068351,6.391256988,3.338692462,0,-131.1487441,113.2182724,-28.945804,97.66594142,148.5714137,0.1738984848,-130.7780008,112.9287745,52.12100774,-125.9905302,44.2532481,49.98864694,49.98864219,2272.544749,2269.490394,22.59815703,-85.81507602,3.7816629,1
4249,32,48,64,1,1,1,0,1,1,1,1,1,1,1,0,224.9368567,214.0685077,253.2484585,46.87057222,18.34851661,45.66039884,221.8232261,218.6722427,252.7520289,46.60996671,21.81229835,44.57192211,31.03936207,0.007358413434,-31.04608331,-30.85217152,0.004530985452,30.84825101,224.0284995,213.7921136,252.1550659,11.00189871,8.977259144,11.3960611,221.6081299,218.2706704,252.6652743,11.64635083,14.67984211,7.538834716,0,-132.0731236,114.3079613,-72.43398139,33.12532813,148.5523425,0.9023957879,-131.2386886,113.4195853,64.39776588,-140.9473567,-6.828097256,49.98499842,49.98585211,2957.165671,2755.108143,165.4641559,-59.66252556,3.7578722,1
4250,32,48,64,1,1,1,1,0,1,1,1,1,1,1,1,219.3203682,217.0952511,254.8054759,7.216642442,7.69282232,3.679362536,221.2462819,216.6018286,254.5910105,8.647930534,4.622561555,5.53110882,5.964481768,-4.596640908,-1.367825015,-5.912336808,4.545344863,1.367015649,219.3090527,217.0827778,254.8054062,3.904782726,6.120253397,3.204624399,221.2431624,216.599818,254.5920731,6.211648643,0.3420718518,5.228273509,0,-130.8266497,112.9089463,46.05686437,-128.7585903,45.95215231,-0.02734310583,-131.0707498,113.2366558,-27.0768033,93.86168578,147.3080735,49.98867208,49.98866056,2268.917339,2264.393126,23.12750897,-88.11553048,3.8926739,1
4251,32,48,64,1,1,1,1,0,1,0,1,1,1,1,1,219.992226,220.5306918,252.5380272,44.61324573,45.1318727,16.06222239,219.4519651,216.2344347,256.4952242,42.91069184,44.40054723,19.2707636,30.36710216,-29.97018035,-0.3965620826,-30.10720543,29.77188696,0.3356755596,219.0682234,219.4197139,252.3562418,12.55714355,11.30778395,7.4852205,219.396106,215.9884881,256.2674725,6.344786997,9.794124906,12.91887574,0,-131.6993779,111.959928,25.91288905,168.3685672,-83.22161255,-0.9495119376,-131.1181506,112.5555975,-118.963666,-43.08577689,103.3202613,49.98491908,49.98685205,2967.342765,2528.71106,111.4142349,-55.08983515,3.8366952,1
4252,32,48,64,1,1,1,1,0,1,1,0,1,1,1,1,220.5169458,215.2164842,255.3558637,7.661868636,10.75845558,8.168533025,221.207316,214.0032867,256.9284928,3.653562253,9.758279691,10.46119902,-1.333389951,8.092424066,-6.759015269,1.330653321,-8.12976408,6.799131312,220.5117167,215.2129527,255.3506165,7.383202164,5.90683047,1.040972853,221.1996808,213.9638456,256.8910206,3.023924958,3.702714972,6.560732188,0,-130.7621681,113.589343,21.06123634,-167.6458457,-90.26886216,-0.3575740729,-130.5932087,113.8482409,-62.75705101,-57.84734849,109.9464715,49.98856392,49.98862038,2288.981762,2272.283646,30.89466295,-85.0024233,3.7809736,1
4253,32,48,64,1,1,1,1,0,1,1,1,0,1,1,1,221.2220154,218.571827,251.7991389,52.66649942,24.29319541,50.45375919,226.3233273,214.1477781,253.4036457,52.74186591,20.85159969,51.51096018,34.4573719,0.1241732687,-34.58144092,-34.52061204,-0.174828057,34.69554673,220.9219836,218.1018408,251.7226628,13.0795788,15.84930169,8.931579993,225.0590329,213.8210063,252.1626843,12.38337968,10.16564792,13.05380655,0,-132.1417042,112.6255802,66.06753072,-144.0346579,-14.90379255,-0.9057500133,-132.916064,113.7094459,-75.82782148,29.38687407,145.6628573,49.98472205,49.98427249,3011.996501,3127.946822,92.18513024,78.05806804,3.7821104,1
4254,32,48,64,1,1,1,1,0,1,1,1,1,0,1,1,219.3115204,217.4372747,254.5641858,8.292606565,8.865372077,3.688223054,221.2911143,216.8580048,254.3612465,9.546690362,6.19326874,5.704730893,6.868716311,-5.717853283,-1.150869583,-6.803261437,5.654934226,1.148319867,219.2941934,217.4146637,254.5636867,4.044857401,6.294138989,3.254474213,221.2874376,216.8546679,254.3618253,6.297954113,0.4402161803,5.436157021,0,-130.9208026,112.8003908,47.88564027,-129.675619,42.19054314,-0.04215221944,-131.1727876,113.1485306,-28.62214216,69.96366003,147.2542593,49.98863884,49.98863872,2276.675865,2268.057512,23.6793375,-90.95764008,3.7445644,1
4255,32,48,64,1,1,1,1,0,1,1,1,1,1,0,1,335.080667,309.9860731,286.2405789,19.64952624,21.44851623,14.36347742,336.3337354,310.816815,288.8296655,17.04511759,20.36287589,15.25044937,8.921397166,-9.526617232,0.6033676984,-1.872402757,6.225305406,-4.354647626,259.5156657,255.9950528,194.3122097,6.335441523,2.809417359,2.702295124,261.5040086,257.4817413,196.0117021,6.050831197,4.845797792,5.110977626,0,-153.4828281,108.1417501,36.92280522,-120.2811764,-160.3062093,-0.1031955568,-153.3963551,108.1439729,-39.25701628,-172.0581631,76.18864683,49.96857836,49.98716778,4537.785539,4320.237528,232.0629754,-211.1290423,3.604684,1
4256,32,48,64,1,1,1,1,0,1,1,1,1,1,1,0,216.2749256,218.5366294,256.3178692,31.99436934,27.58868704,5.68887371,216.8629337,218.8802643,256.5985238,31.90803762,27.54828112,5.675558347,30.01742592,-26.24142131,-3.775993213,-29.94910277,26.18666871,3.762443192,216.1691144,218.3932742,256.2206176,4.107631708,2.885445536,2.804324982,216.7341489,218.745053,256.500474,4.001648925,3.034109363,2.800709217,0,-129.9254922,112.1809595,-1.918350446,-132.3810669,112.3100276,0.07488795015,-129.8694232,112.2060891,1.754765365,-127.7279558,111.92811,49.98751063,49.98748689,2501.445573,2498.90776,43.38512124,-67.04161206,3.6562092,1
4257,32,48,64,1,1,1,1,1,0,1,1,1,1,1,1,219.3240934,217.0876739,254.8119922,7.210424729,7.681251374,3.680207127,221.2467368,216.5948819,254.5965934,8.637510266,4.60692463,5.528730183,-5.958256795,4.581563605,1.37670202,5.906354624,-4.530709178,-1.375634503,219.3128411,217.0752507,254.8118914,3.904195114,6.117468673,3.202841746,221.2436254,216.5928616,254.5976487,6.203752055,0.3372943191,5.224040391,0,-130.8249129,112.9122999,45.93193464,-128.7962711,46.02825953,-0.02663802016,-131.0682693,113.2397095,-27.04800374,93.63068893,147.3000804,49.98866774,49.98866519,2268.92208,2264.516425,23.04048967,-88.01988488,3.7236798,1
4258,32,48,64,1,1,1,1,1,0,0,1,1,1,1,1,220.414692,215.3515039,255.3510446,7.740608348,11.95979309,9.927197214,221.0548724,214.1563174,256.9457857,3.573689613,11.15326728,11.87654861,1.335747823,-8.630472069,7.294743626,-1.334863144,8.672456284,-7.337571419,220.4078434,215.3458839,255.3419061,7.4629586,5.783424446,1.104756556,221.0446142,214.0992469,256.8893704,2.9203531,3.737522824,6.531553313,0,-130.7549674,113.5369315,20.33330877,-168.4049965,-101.3802689,-0.3630083088,-130.5832121,113.7844767,-64.18218643,-60.08016,108.0150695,49.98854721,49.98854857,2293.467488,2288.814429,25.53366641,-80.57525455,3.7297296,1
4259,32,48,64,1,1,1,1,1,0,1,0,1,1,1,1,219.9324126,221.3455268,251.6915355,51.31716518,52.71475502,21.21479518,218.7605786,216.509298,257.0029683,49.45902267,52.12238458,24.32080086,-34.60750481,34.79907259,-0.1915104511,34.31590739,-34.58537009,0.2695120836,218.7168889,219.8883303,251.4333126,14.27186367,12.96096467,10.28097388,218.6840855,216.1019498,256.6103119,7.643723813,12.23220835,15.57780111,0,-131.9254652,111.685518,24.31588583,158.5738339,-89.11319833,-1.120268648,-131.0582001,112.3352888,-128.8939471,-48.36058302,98.21935154,49.98413032,49.98512852,3145.333621,2894.480231,189.2875092,-38.468621,3.7351266,1
4260,32,48,64,1,1,1,1,1,0,1,1,0,1,1,1,219.2799831,217.3731514,254.6141673,7.871641534,8.455356099,3.687381174,221.2799579,216.818626,254.3880207,9.242603315,5.59821284,5.66494253,-6.596170531,5.454129647,1.142053499,6.534460713,-5.394580739,-1.139868636,219.2655695,217.3551354,254.6141415,4.004811275,6.301307194,3.295983746,221.2762953,216.8158881,254.388943,6.349603252,0.4744625602,5.419658857,0,-130.8959134,112.8158065,48.52053603,-129.0393624,42.71320822,-0.03627238871,-131.1534507,113.1631785,-28.36327279,77.33871006,147.7663865,49.98865494,49.98864237,2272.06072,2268.28678,22.61086938,-89.81425572,3.705013,1
4261,32,48,64,1,1,1,1,1,0,1,1,1,0,1,1,221.2223657,218.4852159,252.3656675,44.0898496,20.36907072,42.24485242,225.3569462,214.9185872,253.0743669,44.15526618,16.81988691,43.14559789,-29.29520399,-0.06079489234,29.35629844,29.35448211,0.1016819134,-29.45589657,221.0166052,218.1682241,252.3125386,10.67734366,13.92780782,7.006103158,224.4373667,214.6726273,252.1618138,10.04166038,8.176664472,10.65680782,0,-131.9878741,112.6782618,62.05760471,-141.4257769,-3.264274059,-0.6686852402,-132.6920571,113.5565317,-70.65055971,32.09649503,149.089645,49.98633256,49.98528324,2662.188421,2886.816685,31.07521696,34.34805141,3.7435597,1
4262,32,48,64,1,1,1,1,1,0,1,1,1,1,0,1,216.2604123,218.5351069,256.3426327,31.94563422,27.54060651,5.68787319,216.8474948,218.8755823,256.6229693,31.85823804,27.50029383,5.675995765,-29.97582802,26.19946068,3.776431811,29.9075585,-26.14552265,-3.761974306,216.1411901,218.3967922,256.2556387,4.111210494,2.885528989,2.803230737,216.7061519,218.7463259,256.5354149,3.996927117,3.034234832,2.802596415,0,-129.9148847,112.1770399,-1.89444331,-132.4053731,112.3804676,0.07421611526,-129.8592295,112.2022403,1.73343383,-127.6845582,111.8501628,49.98749767,49.98750485,2502.70647,2497.523737,43.5355752,-67.16561117,3.6664551,1
4263,32,48,64,1,1,1,1,1,0,1,1,1,1,1,0,334.7315008,309.8004817,286.1581074,18.43664906,19.56911618,12.10994896,336.1837995,310.7848354,287.908097,16.52737344,18.99603593,13.16657941,-10.42662619,11.2752679,-0.8474410176,3.359692154,-7.958575713,4.600160903,258.4649436,255.5164263,194.3255975,4.971263024,3.135726889,3.090354249,261.360785,257.6477451,195.4748183,8.507423597,7.765832628,5.433160097,0,-153.330883,107.9380891,60.94914408,-60.27459108,-158.0630155,0.02363834928,-153.3302372,108.0442479,-30.82474991,-177.1741288,73.36897231,49.96993704,49.98604363,4535.038164,4300.767801,244.8747395,-235.3361246,3.6190251,1
4411,32,64,48,1,1,1,1,1,1,1,1,1,1,1,1,208.1811075,231.7534379,251.1411075,4.02297637,2.424100702,3.417179056,208.6915007,231.9855386,251.5794234,3.790392179,2.656634474,3.38697287,0.001632314698,0.0006299886708,-0.002223148264,-0.001555080634,-0.0007875895725,0.002381765343,208.1782577,231.7539013,251.1422182,4.022623012,2.423685674,3.416821549,208.6886492,231.985993,251.5805317,3.790029902,2.656267388,3.386622704,0,-129.3358481,119.6962657,-2.550346392,-133.2389129,120.7555228,0.07260881651,-129.2890615,119.7310713,2.485703159,-125.877511,118.471501,49.98872011,49.98871968,2258.531928,2253.364742,30.95717367,-79.96773934,3.6865068,1
4412,32,64,48,1,1,1,1,1,1,0,1,1,1,1,1,208.142516,231.2081682,251.6994444,7.023557365,8.325096762,5.115318276,208.8541084,229.9955459,253.3175953,3.509281734,7.291362224,8.509684141,1.430564537,-6.400364197,4.969840097,-1.417274768,6.420166156,-5.002846907,208.1389936,231.2080815,251.6988338,6.761118693,5.21480723,0.6672803479,208.8496829,229.9847011,253.3074549,2.955336259,3.285812188,6.809240345,0,-129.1091289,119.8506852,21.67994557,-166.4621737,-154.4549792,-0.3373978225,-128.9828095,120.0888428,-58.87453281,-54.9980928,114.2556747,49.98863327,49.988636,2275.219773,2270.744252,27.52979434,-81.86479536,3.9386122,1
4413,32,64,48,1,1,1,1,1,1,1,0,1,1,1,1,208.1403398,231.2094367,251.6967325,7.018556539,8.315791022,5.094238275,208.8521276,229.9977772,253.3223525,3.510089091,7.283081014,8.504595218,-1.437285723,6.386786443,-4.949464173,1.424207407,-6.406883261,4.982711318,208.1368543,231.2093459,251.6961323,6.755369058,5.217857704,0.6605494879,208.847769,229.9869102,253.3122563,2.955025061,3.295861456,6.818232798,0,-129.1095519,119.8498973,21.66924453,-166.5673542,-153.6628045,-0.3378909821,-128.9817602,120.0881811,-58.76229844,-55.01033054,114.3136949,49.98862292,49.98864766,2276.342605,2269.421656,28.29751579,-82.59822022,3.7726581,1
4414,32,64,48,1,1,1,1,1,1,1,1,0,1,1,1,208.6072122,231.7795038,250.8568494,4.539078934,5.000570227,7.977724924,210.1384443,232.4901181,250.0264378,8.205211499,3.409548299,6.790303259,4.366752042,1.368148221,-5.734859811,-4.39967025,-1.359376196,5.759084474,208.6034211,231.7790528,250.8573044,0.9698074978,4.678732678,5.462049479,210.1265971,232.4890074,250.0180984,6.883018412,2.921056492,3.467221918,0,-129.5369422,119.7265483,11.48038283,-95.15868444,89.1166441,0.3101889008,-129.8035355,119.8562208,-1.615527289,165.0205647,172.8566885,49.98864594,49.98864721,2273.290886,2267.910156,24.31758276,-86.10248152,3.7231313,1
4415,32,64,48,1,1,1,1,1,1,1,1,1,0,1,1,208.6146264,231.7753528,250.8523618,4.565253649,4.999568633,7.991892211,210.1455003,232.4844067,250.0229724,8.218642683,3.410303414,6.807163624,-4.389890906,-1.364866464,5.754783023,4.423004039,1.355774625,-5.77875296,208.6108066,231.7749099,250.8528152,0.9713266299,4.677399941,5.460795653,210.13355,232.4833422,250.014577,6.881728345,2.921484012,3.465316689,0,-129.5393747,119.7280822,11.45836309,-95.15252245,89.13899362,0.3093768705,-129.80619,119.8576039,-1.615657694,165.0442938,172.8354387,49.98864549,49.98864641,2273.26841,2268.052685,24.22177629,-86.00401968,3.6768524,1
4416,32,64,48,1,1,1,1,1,1,1,1,1,1,0,1,207.7558528,232.3221469,251.0111325,9.204477022,5.207117498,6.450071426,206.8171935,233.4693641,251.8283273,7.620615749,7.990060906,3.854718308,-6.390894981,4.989904765,1.401025636,6.414771306,-5.020504023,-1.394236618,207.7527147,232.3204006,251.011583,6.514786512,1.143683669,6.170551929,206.8027145,233.456566,251.8277594,3.935919854,6.142501199,3.368820252,0,-129.31215,119.5081065,-30.49968889,75.93502988,148.8970977,0.1827105347,-128.9726879,119.2055451,56.77018294,-124.6977501,54.59435284,49.98865775,49.98865065,2271.259099,2266.809419,25.11243999,-84.11152086,3.9160491,1
4417,32,64,48,1,1,1,1,1,1,1,1,1,1,1,0,207.7556451,232.3294358,251.0044529,9.201167296,5.217978237,6.448191727,206.8206545,233.4814424,251.8245979,7.629942475,8.008690105,3.863340972,6.397434313,-4.994863608,-1.402537506,-6.421324868,5.025204538,1.396154849,207.7525232,232.327682,251.0049069,6.503602846,1.157067814,6.168676552,206.8061433,233.4685915,251.8240244,3.943097222,6.159972472,3.378849727,0,-129.3150122,119.5056711,-30.55773886,75.25454734,148.9901323,0.1834673276,-128.9750982,119.2032643,56.6124095,-124.7760606,54.63460401,49.98865548,49.98865357,2271.154338,2266.853168,25.97237553,-84.95415177,3.8471192,1
4418,32,64,48,0,1,1,1,1,1,1,1,1,1,1,1,208.2484607,229.8125057,252.8617887,3.604720407,7.077897669,8.377203686,208.6891962,231.4278147,252.0704279,7.001135776,8.082109972,4.995023851,-1.440529258,6.300115254,-4.859559771,1.449616577,-6.264372083,4.814781998,208.2441746,229.8011299,252.8533575,3.070170516,3.077567531,6.742703138,208.685402,231.42751,252.0703125,6.741008516,5.014823417,0.8228102826,0,-128.5735414,120.3947697,-58.71893305,-56.90565988,113.3355379,0.4792321905,-128.6355378,120.2532339,22.93606384,-164.2997795,-159.8493531,49.98863269,49.98863918,2275.463257,2270.094298,31.82858092,-80.7906351,3.7932455,1
4419,32,64,48,0,1,1,1,1,1,0,1,1,1,1,1,218.4400551,394.1127918,305.5897985,14.80892143,17.73015467,21.43604954,214.1764524,393.5055114,303.0719977,11.89075829,19.19845381,20.62033867,-7.066178497,-9.1476464,16.21488209,2.859769344,14.83543166,-17.69411896,148.603193,281.6008721,270.9310791,8.569071272,12.76453701,12.18046378,146.2891183,277.5458321,267.3406668,4.852616577,8.191708269,7.423238231,0,-121.0403975,103.2803379,-32.1358989,-152.6676981,68.6463199,0.04120173608,-121.1225196,103.3179338,110.720284,4.355272141,-145.1965425,49.97617631,49.98404258,4070.238207,3852.147515,-522.3144227,408.1929851,3.6845472,1
4420,32,64,48,0,1,1,1,1,1,1,0,1,1,1,1,209.3346157,226.7918198,254.6825759,6.466703461,28.35086566,23.84389564,209.9437305,226.9679887,255.0956014,6.458013512,28.29970303,23.83327656,-4.31886024,26.84132697,-22.5224577,4.314353375,-26.80705008,22.49270331,209.2483764,226.7088292,254.596808,3.925346426,2.572351166,3.376959142,209.8514674,226.8893503,255.0049179,3.921044806,2.391303494,3.522166141,0,-127.9000766,121.3995915,-0.009053111523,-130.3978475,119.3437581,0.06824130317,-127.8738788,121.4531824,-0.2045610351,-125.3421417,123.230788,49.98768873,49.98767472,2464.908436,2462.087241,61.26068336,-49.94560711,3.738868,1
4421,32,64,48,0,1,1,1,1,1,1,1,0,1,1,1,206.0324403,230.0616581,255.4513698,18.61801172,47.0352309,48.46300986,211.4440774,229.6146625,252.0177078,23.0097624,46.09559611,48.21220074,-0.1351296601,32.04720105,-31.91214014,0.09408990107,-31.86241572,31.76828639,205.8037792,228.8746766,254.5294158,8.684898812,11.37696441,11.43551595,211.0677441,229.5233323,251.772874,15.92016776,8.096725353,11.74216819,0,-127.4871494,120.5298553,150.9447185,-89.22039432,45.41046204,0.6703721694,-128.4837778,121.3134643,-15.26602517,113.5723484,-168.9732221,49.98439074,49.98614153,3067.17945,2667.04715,185.7350531,-72.07840215,3.732224,1
4422,32,64,48,0,1,1,1,1,1,1,1,1,0,1,1,208.8513693,231.2667278,251.1294313,6.594603788,5.250548167,9.303165345,210.5932933,231.9867149,250.2211905,9.818636161,3.390024955,8.388224702,-6.015518908,-0.9521679116,6.967800017,6.058880992,0.9451134908,-7.003889975,208.8466943,231.2654687,251.128306,0.7553303541,5.056540442,5.571743401,210.5701415,231.9854724,250.2037055,7.274992676,3.082655653,3.792077192,0,-129.4508332,119.9083204,39.48022424,-94.17054636,85.89453582,0.3206599769,-129.7593354,120.0671322,-3.784566581,158.2387159,175.0177562,49.98863617,49.98856981,2275.507113,2287.341119,21.85826033,-83.22959565,3.9001482,1
4423,32,64,48,0,1,1,1,1,1,1,1,1,1,0,1,206.1436861,231.8861247,252.9701644,37.50021716,38.91812006,18.23638267,206.7145885,235.3740885,249.9377367,38.43118548,39.27970762,14.27165846,-26.73663961,26.77394584,-0.03668368838,26.84862008,-26.83205337,-0.01609136451,206.0792756,231.700772,252.7822601,6.188541802,6.836264818,12.83253217,205.8461378,234.5961153,249.7744722,9.887788763,7.913198788,6.266443938,0,-128.3339459,119.7027703,-89.8795196,-46.79836373,108.6283379,0.9258379975,-128.6594952,119.2380219,38.89992573,172.7571086,-83.09853897,49.986985,49.98597049,2538.169811,2695.815647,36.56281562,-5.621157887,3.8047386,1
4424,32,64,48,0,1,1,1,1,1,1,1,1,1,1,0,207.5330015,229.9998009,253.3174825,3.400433681,9.661250507,10.82033579,208.0413106,231.6801112,252.3423841,7.270790867,10.34434191,8.219310094,-1.088071161,8.0181503,-6.930045193,1.091465337,-7.960366839,6.86893194,207.5266203,229.961632,253.2858513,2.990851054,3.43432867,7.045590403,208.0356873,231.6753879,252.338888,7.090369379,5.145717182,1.122173851,0,-128.2996534,120.3250379,-65.6713888,-56.47201101,111.042543,0.5194567984,-128.3925612,120.184463,22.64878101,-167.767407,-144.2912254,49.98858185,49.9885774,2287.328237,2283.573884,32.25398504,-79.40547681,3.8036569,1
4425,32,64,48,1,0,1,1,1,1,1,1,1,1,1,1,208.2499686,229.8071438,252.8722899,3.608161867,7.097247793,8.397082488,208.6886192,231.4220468,252.0747104,6.996943697,8.100863974,5.010710873,1.442469482,-6.317010109,4.874573304,-1.451498577,6.2807489,-4.82921521,208.2456243,229.7956449,252.8637588,3.074357536,3.08646865,6.753967879,208.6847994,231.4217324,252.0745851,6.736720413,5.023640125,0.8101398169,0,-128.570059,120.3972552,-58.64901749,-56.78099718,113.4410389,0.4792626278,-128.6333734,120.2549762,22.96653132,-164.3720662,-159.1159535,49.98864864,49.98862261,2274.186456,2271.607604,30.96073229,-79.92459802,3.680265,1
4426,32,64,48,1,0,1,1,1,1,0,1,1,1,1,1,209.3343931,226.8096706,254.6705559,6.464836319,28.17226233,23.66781806,209.9426017,226.9840462,255.0808904,6.456082231,28.12221157,23.6567813,4.319815402,-26.6812166,22.36140188,-4.315270593,26.64711848,-22.33185412,209.2495082,226.7280146,254.5864395,3.925574049,2.566643256,3.379291086,209.8522659,226.9071084,254.9915956,3.920852168,2.397050523,3.51908973,0,-127.9059106,121.3942216,-0.0213866116,-130.3159234,119.4515607,0.06818514791,-127.880376,121.4478159,-0.1923268917,-125.4545755,123.119829,49.98770554,49.98768591,2462.371949,2460.454298,60.64825547,-49.80449914,3.6968468,1
4427,32,64,48,1,0,1,1,1,1,1,0,1,1,1,1,218.9326447,394.4943513,305.9153103,11.97510893,16.0136183,19.00002437,215.7735835,394.1692198,303.7839572,9.430966458,17.72341866,18.37592211,5.638682758,8.559113657,-14.19713882,-1.397120019,-14.28662437,15.68430428,148.8800589,280.458938,271.1679395,6.912282134,11.42118571,11.04810294,147.2777957,276.9335033,267.9667632,3.501395223,6.738110028,6.715941447,0,-120.7075145,103.7480176,-30.36689575,-149.5567991,67.47454333,0.06567015487,-120.8144676,103.8415175,96.65793673,4.66164578,-152.4810978,49.98121002,49.97933727,3756.000371,4148.684201,-458.386181,339.1842356,3.6645338,1
4428,32,64,48,1,0,1,1,1,1,1,1,0,1,1,1,208.8620622,231.3438207,251.0611,5.946062936,5.204193071,8.940675705,210.5071642,232.0662176,250.1140581,9.302876836,3.394466079,7.83844005,5.692111085,1.004803802,-6.696877786,-5.733380337,-0.9981919827,6.731616206,208.857881,231.3430127,251.0602211,0.7433784131,4.990983362,5.697411389,210.487769,232.0651504,250.0989854,7.15913464,3.058986383,3.677241914,0,-129.4811019,119.8849381,22.30461355,-94.2583133,87.01044221,0.3261056523,-129.782318,120.0293107,-2.258539125,159.382162,176.928478,49.98861059,49.98862101,2279.986595,2273.566712,22.99441009,-84.99621575,3.774911,1
4429,32,64,48,1,0,1,1,1,1,1,1,1,0,1,1,205.0541461,229.9840382,256.4359793,23.68987177,56.90893347,58.73423054,211.5891944,228.7246401,251.9289187,27.85843558,55.83351437,58.47404642,0.0182900682,-38.33936321,38.32117356,0.0376247964,38.11684191,-38.15436769,204.7133651,228.2664135,255.1327375,11.13521255,13.81737258,13.8441168,211.0231137,228.5939115,251.554863,18.19887286,10.21586182,14.33767023,0,-126.9907751,120.6238836,149.0103465,-91.38901105,40.89309083,0.7726968916,-128.245597,121.6344484,-18.2491383,105.3944211,-167.2278516,49.98339006,49.98365043,3309.807716,3233.432658,244.4348034,27.13440924,3.7036457,1
4430,32,64,48,1,0,1,1,1,1,1,1,1,1,0,1,207.1181233,230.3750147,253.3445713,3.344669852,12.6836301,13.76677946,207.7050623,232.0897882,252.3448222,7.546984451,13.24534625,11.82610038,0.9971240117,-9.240193602,8.242913209,-0.9950047872,9.163659207,-8.168799327,207.0921408,230.2783295,253.2469441,2.873091726,3.518586772,6.962531125,207.6873146,232.0730647,252.3175376,7.35265441,5.370900749,1.145388586,0,-128.2528207,120.19992,-71.09462667,-53.08552153,110.5749283,0.5403498187,-128.3442654,120.0674376,21.74813235,-167.6520252,-148.9281457,49.98852368,49.98844297,2296.350539,2308.974243,40.10006408,-86.93850768,3.7651138,1
4431,32,64,48,1,0,1,1,1,1,1,1,1,1,1,0,205.1143432,232.2730477,253.3471113,53.50877481,56.34059881,26.65832869,207.7320013,237.9454293,248.0601549,55.0051098,56.67786999,22.91849045,36.99451874,-37.2123092,0.2181811763,-37.13636288,37.27988634,-0.1431178806,205.0120072,231.8297999,252.8979069,8.700389113,12.99011995,17.16611582,206.127281,236.4534006,247.7697054,14.73053747,13.54069124,10.86768945,0,-128.0913382,119.6019908,-127.6906112,-43.40038633,101.8705197,1.433554881,-128.8976817,119.064473,28.07043626,158.6916395,-88.89687873,49.98450301,49.98345681,3005.470252,3275.92651,93.98706107,115.9644821,3.7253988,1
4432,32,64,48,1,1,0,1,1,1,1,1,1,1,1,1,209.4499707,232.1822012,249.8226941,7.946317877,3.354856251,6.376636617,209.0324409,231.991294,251.4070981,4.135390902,5.083553789,7.457474466,-3.969386771,-1.299669803,5.269091433,3.92035908,1.306688915,-5.227009092,209.4406166,232.1814798,249.8153743,6.852575312,2.923895734,3.488210354,209.0289837,231.9907886,251.4075125,1.142175937,4.808742257,5.250279463,0,-130.0490072,119.5866686,-4.636144872,162.1167114,169.2585733,-0.1408810145,-129.7167635,119.5327756,27.47283765,-95.71292333,89.01781343,49.98865801,49.98865309,2271.297178,2266.382094,24.42959013,-87.02809792,3.6961663,1
4433,32,64,48,1,1,0,1,1,1,0,1,1,1,1,1,210.0169174,230.4751103,251.4839433,14.11685737,28.36758249,28.9851199,208.1611978,229.9150487,254.2630518,9.183840702,28.85506515,29.37559951,0.5825509043,-20.19966296,19.61529093,-0.6135928525,20.26981761,-19.65809368,209.9101795,230.4398754,251.4103078,11.18867139,5.300568457,6.324995696,208.0607178,229.4360216,253.8894846,3.470952602,7.124752879,7.445017267,0,-129.4404469,120.2354909,-6.09302501,143.489712,-171.105087,-0.502367732,-128.8976408,119.9891191,160.8246666,-81.32385721,67.70862801,49.98837117,49.98650445,2295.867443,2615.559037,-12.13429593,-7.75272047,3.6803708,1
4434,32,64,48,1,1,0,1,1,1,1,0,1,1,1,1,210.0989537,231.341547,250.152934,10.80677304,3.418541175,9.340438217,209.4824397,231.174946,251.8113563,8.002649099,5.438822606,10.02775138,-6.549212265,-0.8963111998,7.445432554,6.470217387,0.8997407603,-7.370044948,210.0591327,231.3360555,250.1168683,7.230331947,3.035451427,3.855207548,209.4737587,231.1701939,251.8066471,1.023205763,5.20803665,5.427390325,0,-129.9890142,119.9001754,-6.304160066,154.5093862,172.8274638,-0.1453403354,-129.6125298,119.8168892,48.49237644,-95.55591052,85.22302968,49.98858974,49.98856356,2284.792627,2282.683015,22.68532643,-84.72762768,3.769148,1
4435,32,64,48,1,1,0,1,1,1,1,1,0,1,1,1,278.3372901,237.4595991,393.2544616,23.53032036,16.4123524,20.51474408,279.9809409,240.3262198,394.5008703,23.31202643,17.17305479,19.47924765,-8.229021412,1.430710331,6.798806171,4.961223294,-4.480974265,-0.4794818751,235.0280034,156.9619875,300.3516503,2.58630205,3.099254774,4.630853346,236.9236961,158.7825031,302.2569161,6.916946781,5.386504169,5.946078515,0,-110.6603774,142.0123038,36.29218321,-0.07524043489,-172.1780058,0.08576006581,-110.6378491,141.9058029,-12.8940308,-143.2748635,107.8777331,49.96780633,49.98889472,4706.489378,3985.914686,481.7868682,186.6487006,3.6795708,1
4436,32,64,48,1,1,0,1,1,1,1,1,1,0,1,1,210.7682703,234.0428042,247.2587646,22.08998647,5.137040234,26.0116883,211.3780497,234.2998111,247.6203868,22.07154507,5.137341305,25.94886392,-20.9594269,-3.678822749,24.63826976,20.91281025,3.679593872,-24.59239205,210.6938759,233.9786051,247.2044689,3.869566119,2.559126875,3.410094448,211.2885415,234.2337616,247.5686385,4.03375015,2.559312677,3.289165638,0,-131.3271845,119.0485316,-1.73207498,-131.3394146,116.9023712,0.08358087971,-131.3008934,119.0919018,1.461480129,-131.4375487,121.119326,49.98786113,49.9878555,2430.521188,2426.282936,30.57312279,-81.23790791,3.7530628,1
4437,32,64,48,1,1,0,1,1,1,1,1,1,1,0,1,213.1317666,229.37226,250.4255445,53.08884221,21.59429415,51.69277979,208.9992291,234.3997587,249.1672959,52.64811263,24.50666431,50.15116239,-34.87669895,0.120407727,34.75642776,34.64408527,-0.1495781345,-34.49438707,211.8655311,229.0519165,249.1365731,12.84812143,10.66211276,13.80378676,208.6904211,233.9088827,249.0784338,13.06521229,15.58719547,8.473502229,0,-130.306236,120.6637378,-73.65487283,34.77690192,148.3535395,1.080079833,-129.4777213,119.6284025,70.91801725,-140.3450736,-9.561960176,49.98426804,49.98464938,3131.868217,3031.499198,193.6618976,-11.92052896,3.7662193,1
4438,32,64,48,1,1,0,1,1,1,1,1,1,1,1,0,207.7346544,232.510196,250.8723151,9.817077876,6.246144176,6.548494383,206.7676369,233.7014642,251.6705075,8.36110459,8.757676379,3.832386709,6.995000686,-5.705914223,-1.289050453,-7.025173114,5.740696266,1.284514293,207.7310405,232.5076122,250.872569,6.565351094,1.193503667,6.282543997,206.7483308,233.6822882,251.6697152,4.02775555,6.218655397,3.358778203,0,-129.3716731,119.4455943,-31.32362027,72.16492868,148.6584182,0.191573832,-129.0299859,119.132358,57.56082574,-125.2717695,52.53897166,49.9886369,49.98863837,2274.561839,2270.073212,24.17773417,-84.15737548,3.9540144,1
4439,32,64,48,1,1,1,0,1,1,1,1,1,1,1,1,209.4448537,232.1927582,249.8203822,7.933902741,3.35805021,6.35979699,209.0278697,232.0009654,251.4041217,4.116163889,5.081824315,7.442302203,3.948458848,1.30360416,-5.252025343,-3.899539964,-1.310856777,5.21042933,209.4355365,232.19204,249.8131162,6.850301826,2.92454031,3.484845324,209.0243951,232.0004666,251.4045349,1.144034509,4.805075612,5.246696666,0,-130.0498557,119.5832693,-4.637791565,162.1956338,169.186796,-0.1411499123,-129.7180295,119.5294366,27.42434653,-95.69772203,89.057953,49.9886578,49.988654,2271.26636,2266.249831,24.48490321,-87.09842068,3.91328,1
4440,32,64,48,1,1,1,0,1,1,0,1,1,1,1,1,210.2990875,231.2551636,250.194703,11.30789791,3.624656388,9.953250179,209.5935648,231.047513,251.8322197,8.570969496,5.533268316,10.5019217,7.657485902,0.7800702201,-8.437211758,-7.566852792,-0.7863639634,8.353570297,210.2507486,231.245076,250.1524098,7.344288991,3.128184989,3.879078661,209.5793242,231.039024,251.8235519,1.11965678,5.222898136,5.266895041,0,-130.0098081,119.9411441,-7.659329463,154.7941512,170.491078,-0.1540617417,-129.6304194,119.8462305,58.08045798,-94.54338621,85.11359849,49.9883478,49.98878473,2326.0442,2247.541836,31.21750845,-91.70352329,3.8441873,1
4441,32,64,48,1,1,1,0,1,1,1,0,1,1,1,1,210.782374,228.390369,251.9349401,27.0973435,54.65973676,57.1769436,205.6325617,229.9585681,257.190851,22.77352235,55.58702821,57.27456934,-0.1263183964,37.33159121,-37.20520525,0.1958547918,-37.45711545,37.2613427,210.2919864,228.2671035,251.5723352,17.92291091,10.12553915,13.84316427,205.2949462,228.3172432,255.9112295,10.78828698,13.61967545,13.39563227,0,-129.1465348,120.7815975,-18.90001086,106.1409214,-167.7450753,-0.6170100019,-127.856553,119.899825,147.8294344,-91.27852011,41.36260434,49.98395688,49.98358562,3172.106799,3264.934847,127.3361456,118.1099667,3.8069452,1
4442,32,64,48,1,1,1,0,1,1,1,1,0,1,1,1,210.7730892,234.0453725,247.2604559,22.05464546,5.137391582,25.97457592,211.3736424,234.300145,247.6123274,22.02865138,5.137330952,25.90686321,20.92032824,3.679073132,-24.5993986,-20.87395969,-3.680015168,24.55398256,210.6989737,233.9809243,247.2061678,3.892134426,2.559574805,3.42971565,211.2837969,234.2342212,247.5604948,4.011933831,2.558896589,3.268583064,0,-131.3278766,119.0490713,-1.890566526,-131.3593142,117.1343344,0.08463848409,-131.3018521,119.0912074,1.633462407,-131.4192971,120.9021652,49.98786153,49.9878548,2430.432402,2426.883437,29.74936211,-80.35083035,3.8177273,1
4443,32,64,48,1,1,1,0,1,1,1,1,1,0,1,1,277.6689875,236.492137,392.9854601,23.64981838,13.2135896,21.3378507,280.7559341,242.0068778,394.7758103,23.5006403,15.36213098,19.3905183,20.83501954,-3.748732723,-17.08628425,-17.56216427,6.796569079,10.76553537,233.7074238,156.2965903,299.1599073,7.427227414,5.743444893,7.997346439,238.6778197,159.4172589,304.0932509,13.62081855,8.369183764,13.5852668,0,-110.5537252,142.0294285,113.7265612,19.06980699,-103.3578934,0.1608955541,-110.3780597,142.1175386,-29.94022704,-142.4384544,109.6702627,49.97635714,49.98034703,4402.423518,4281.329222,944.838393,-282.3669347,3.7529202,1
4444,32,64,48,1,1,1,0,1,1,1,1,1,1,0,1,207.7338547,232.5226626,250.8562702,9.794030876,6.197665976,6.540163752,206.7672614,233.7042482,251.6580394,8.322068606,8.715620439,3.843137506,-6.96701252,5.668223344,1.298827093,6.997077975,-5.703024627,-1.294020115,207.7302862,232.5201255,250.8565361,6.569348128,1.187229445,6.270665979,206.7481342,233.6853138,251.6572298,4.009968722,6.207375436,3.365035052,0,-129.3780006,119.4404362,-31.16990842,73.02388075,148.7241204,0.1891644113,-129.0365511,119.1282354,57.61183077,-125.1382435,52.74303127,49.98863178,49.9886445,2275.150343,2269.307367,24.55937163,-84.62016611,3.8453629,1
4445,32,64,48,1,1,1,0,1,1,1,1,1,1,1,0,212.4298432,229.963967,250.1512798,47.50462872,19.10698185,46.20368574,208.9902895,234.4555927,249.5373918,47.12043535,22.08102228,44.80111751,31.58807451,-0.2414101769,-31.34640788,-31.37402382,0.2664854762,31.10781538,211.3964187,229.6950082,249.0925554,11.25341946,9.469526951,12.18861049,208.744823,234.0664026,249.4633681,11.52126448,14.43205757,7.201244514,0,-130.3051281,120.4343106,-71.50808465,36.32730817,150.1968222,0.9275363423,-129.5208312,119.5328544,68.04219215,-138.9283031,-1.677321035,49.98497509,49.98573352,2963.976796,2781.925556,163.7714524,-59.49568391,3.7173293,1
4446,32,64,48,1,1,1,1,0,1,1,1,1,1,1,1,206.239515,233.33905,251.3553402,7.658520966,7.920426479,3.866470071,208.2286733,232.6587582,251.3820511,9.077660387,5.239619723,6.399058071,6.552041715,-5.11955982,-1.432461148,-6.500035034,5.072064023,1.427999971,206.2270379,233.3231216,251.3545688,3.772566794,5.96569767,3.351778259,208.2256033,232.655817,251.3827855,6.218935439,0.8925072749,6.10400111,0,-129.0798929,119.0963746,52.34728671,-127.1083468,55.47867344,-0.03302779472,-129.3355591,119.4734397,-28.85786654,65.2849802,148.6127814,49.98866492,49.988654,2270.552592,2265.678921,25.63274334,-85.88653055,3.882879,1
4447,32,64,48,1,1,1,1,0,1,0,1,1,1,1,1,206.8706077,236.738871,249.0982866,45.24284712,45.6756574,15.57456999,206.4053946,232.2900035,253.3229269,43.70761996,45.03539069,19.44461335,30.90517783,-30.22354276,-0.6813070716,-30.6554157,30.0600121,0.5957299208,205.8824226,235.6150073,248.9261014,12.22413455,11.19397398,6.904085338,206.3437516,232.0271601,253.114269,6.580616593,9.770902403,13.44206085,0,-130.0174811,118.1341187,28.16847715,169.3316614,-83.03173164,-1.014327151,-129.5042426,118.6999497,-117.5786046,-37.86536638,107.5326226,49.98469826,49.98698312,3000.210142,2496.612209,113.0679329,-53.79724444,3.7777016,1
4448,32,64,48,1,1,1,1,0,1,1,0,1,1,1,1,207.3430797,231.6156962,252.0275711,7.432682007,12.60179186,11.02464725,207.9251317,230.3774877,253.8093502,3.38680667,11.98165375,13.02974589,-1.169725397,9.089051938,-7.919402923,1.168015252,-9.137113247,7.969024194,207.3299853,231.6032084,252.0061295,7.15977894,5.406914673,0.924252486,207.9050518,230.2972867,253.7266279,2.732820286,3.595652584,6.900050047,0,-128.8836596,119.6939975,20.29327387,-168.9491798,-150.2074853,-0.3768187374,-128.7311546,119.9170528,-67.09598497,-53.62233158,112.0048507,49.98848967,49.98852893,2304.675998,2289.766417,24.88958014,-77.28622819,3.8045246,1
4449,32,64,48,1,1,1,1,0,1,1,1,0,1,1,1,208.3166346,234.5754828,248.5551538,53.80612725,24.98481154,51.24297182,213.7261123,229.9412603,250.6342935,53.98083121,22.04849223,52.57727424,35.45131897,-0.2103763255,-35.24082169,-35.52276155,0.1590777753,35.36378022,207.9712054,234.0730486,248.4851639,13.06259903,15.73914059,8.617222033,212.2909361,229.6041424,249.3825853,12.69829252,10.79986147,13.91026962,0,-130.5092559,118.7133403,69.3749934,-142.239146,-10.63702443,-0.947207671,-131.2717688,119.8428815,-75.15537147,32.46527524,147.5134325,49.98454104,49.98410251,3052.048805,3161.296935,95.52948399,83.04931532,3.7958615,1
4450,32,64,48,1,1,1,1,0,1,1,1,1,0,1,1,206.2051087,233.6191154,251.1501819,8.536531933,8.842513881,3.831453816,208.2280204,232.8823198,251.1990212,9.813948964,6.456811897,6.517636353,7.271831417,-5.983370511,-1.288444273,-7.209393607,5.928203834,1.281207597,206.1874382,233.594394,251.1490779,3.874966586,6.058634601,3.339144819,208.2245169,232.8781283,251.1994878,6.27654252,0.9665484961,6.24398912,0,-129.1690762,119.0015065,53.43608994,-127.8523329,52.88672487,-0.04376646149,-129.4272514,119.3920312,-29.88498939,60.09323605,148.3296586,49.98864269,49.98863614,2275.091722,2269.116079,26.0151226,-87.72232324,3.7712571,1
4451,32,64,48,1,1,1,1,0,1,1,1,1,1,0,1,323.7409878,322.2618225,286.2027937,17.67369774,18.38467672,11.71787,324.9743517,323.2064064,289.1711953,14.97099713,17.69041472,13.06773536,9.757153934,-10.10990679,0.3516849689,-2.644940764,7.522254704,-4.878395733,243.8869617,270.6129446,197.3014685,5.376067697,2.021241702,3.060950694,246.1274633,272.3373535,199.2465108,6.673674766,5.488496818,5.768911235,0,-152.8730625,112.2314616,45.94517792,-85.31643116,-166.2705043,-0.05881010471,-152.7622032,112.2206338,-35.56967646,-172.7870911,80.50921993,49.97108877,49.98578265,4384.794444,4253.993973,50.26923503,-467.8159001,3.7148879,1
4452,32,64,48,1,1,1,1,0,1,1,1,1,1,1,0,202.9485047,235.1245125,252.4347987,34.10738491,29.36030566,6.30593664,203.5053957,235.3379813,252.8626463,34.01932017,29.32732469,6.280353879,31.9511084,-27.83452412,-4.116421269,-31.88320941,27.78996114,4.093402385,202.8045619,234.9619235,252.3320817,3.870991425,2.503102878,3.421887803,203.3263701,235.1962119,252.7572567,3.737378888,2.642766841,3.412293833,0,-128.2147427,118.4212301,-2.030329724,-131.1557269,118.5508619,0.07425797513,-128.1741197,118.4605043,1.88676643,-125.5383466,118.1384438,49.98733977,49.98731711,2534.899616,2533.568215,59.69618827,-49.92428245,3.7508998,1
4453,32,64,48,1,1,1,1,1,0,1,1,1,1,1,1,206.2351798,233.3508476,251.3524339,7.695012371,7.96507213,3.865144141,208.2256293,232.6627182,251.3773673,9.10246244,5.290636981,6.406884316,-6.58532618,5.166297502,1.419062102,6.532918713,-5.118737287,-1.414155121,206.2226007,233.3346529,251.3516025,3.784260477,5.981360581,3.355277121,208.2225485,232.6597308,251.3780652,6.217922929,0.9055681676,6.114969449,0,-129.0814264,119.0925536,52.36059361,-127.2056256,55.28941129,-0.03389955631,-129.3376935,119.4709635,-28.96640597,64.45796894,148.6369435,49.9886579,49.98865995,2270.865665,2265.517194,25.23349503,-85.50227385,3.8046007,1
4454,32,64,48,1,1,1,1,1,0,0,1,1,1,1,1,207.3835686,231.6230931,251.9178107,7.404917227,11.89397951,10.11011327,207.9900502,230.3545958,253.7852511,3.263384211,11.29101895,12.37895139,1.057312322,-8.476932189,7.419696378,-1.054650595,8.52014281,-7.465413888,207.3755063,231.6152453,251.9075921,7.224537709,5.355378393,1.133131105,207.9795994,230.2959501,253.7282309,2.829008602,3.726500618,7.153498434,0,-128.9259133,119.6819191,21.06358314,-170.7863543,-138.4718637,-0.3891609709,-128.7599366,119.9128626,-68.44591275,-55.51970506,110.7765933,49.98852277,49.98854251,2299.036427,2292.903806,27.11510587,-81.18461404,3.7960923,1
4455,32,64,48,1,1,1,1,1,0,1,0,1,1,1,1,206.7721046,237.7361185,248.0655736,53.48359806,55.0330909,21.98628545,205.537607,232.5875479,253.9481999,51.76084223,54.5372877,25.66510035,-36.1073146,36.19683771,-0.08928133143,35.81880536,-36.01935009,0.2007908358,205.4039441,236.1927924,247.8033149,14.37290738,13.34086396,10.38758959,205.444287,232.1224971,253.5427249,8.248700629,12.7339516,16.67282282,0,-130.3143293,117.7846694,26.1592623,157.8069838,-89.634317,-1.246485966,-129.4791292,118.3955681,-129.0053245,-44.71554618,101.2001264,49.98378713,49.98476329,3217.080458,2956.296458,206.5816883,-28.49169071,3.7292152,1
4456,32,64,48,1,1,1,1,1,0,1,1,0,1,1,1,206.1919699,233.6056087,251.1642439,8.406867879,8.72485872,3.829465188,208.2258557,232.8692545,251.2045672,9.716112251,6.281148335,6.514805745,-7.188858744,5.915308965,1.273584529,7.127442455,-5.861109677,-1.266301807,206.1753082,233.5824156,251.16321,3.878279497,6.079702949,3.357313247,208.2223204,232.8652154,251.2051127,6.298427121,0.9900275571,6.251824444,0,-129.1609486,119.0043358,53.77198297,-127.6891289,52.7899201,-0.04312567522,-129.4220617,119.3962547,-29.9393791,60.87952896,148.4922095,49.98864593,49.98863887,2273.270407,2269.601433,25.37211901,-87.0942301,3.8160158,1
4457,32,64,48,1,1,1,1,1,0,1,1,1,0,1,1,208.3340536,234.6152113,248.9344749,48.41655252,22.60285218,46.02743294,213.0269147,230.4969237,250.3946963,48.55135508,19.60888301,47.24339904,-32.27181556,0.3204309612,31.95130485,32.33976004,-0.2749656849,-32.06485798,208.0561276,234.2137775,248.8761528,11.5685546,14.63979683,7.346426757,211.84269,230.2081657,249.3492045,11.11256183,9.667868182,12.30709534,0,-130.4128919,118.750691,66.3371425,-140.8607479,-2.794985011,-0.8017475156,-131.1326251,119.746536,-73.22656518,33.86863158,149.4999775,49.98560471,49.98482036,2805.003913,2992.953515,47.87849102,55.16614741,3.8586367,1
4458,32,64,48,1,1,1,1,1,0,1,1,1,1,0,1,202.9605537,235.1150779,252.4381927,34.01392798,29.2653064,6.301693272,203.5159619,235.3308395,252.8654835,33.92582243,29.23294093,6.276568076,-31.86898063,27.74915825,4.120001282,31.80122088,-27.70598564,-4.095069062,202.8180061,234.9539893,252.3356642,3.871352155,2.500232668,3.421531132,203.3411111,235.1908798,252.7634483,3.737585128,2.645480041,3.412797169,0,-128.2157194,118.4249256,-2.039828583,-131.158205,118.5939095,0.07406312626,-128.1749877,118.4638784,1.896471797,-125.5437386,118.1024903,49.98733268,49.98733994,2536.036256,2529.915905,59.97018185,-50.55907043,3.7291982,1
4459,32,64,48,1,1,1,1,1,0,1,1,1,1,1,0,323.885172,322.094721,286.8691256,16.80121211,16.99246326,10.0422461,325.3110709,323.2356236,289.0074745,14.75258033,16.67660012,11.40815997,-11.30253427,11.44208451,-0.1391428717,4.169027286,-8.846468301,4.6779264,243.3593952,270.1386472,197.6943456,4.478675613,3.80691517,2.933026875,246.4618072,272.5301019,199.0247275,9.073631554,7.912039011,5.492808776,0,-152.6961703,112.2354571,74.71213604,-46.01975248,-171.019694,0.0783154559,-152.6823193,112.3162354,-28.49579216,179.8208925,80.88840889,49.97223854,49.98477978,4348.384724,4270.623247,67.69519744,-490.7136232,3.6656099,1
4607,48,32,24,1,1,1,1,1,1,1,1,1,1,1,1,240.7916467,248.7244085,201.7732268,3.081066478,4.757843333,4.966071692,241.193752,249.4315462,202.4642437,3.450209174,4.570118996,4.717350146,0.0001176564497,0.00529235087,-0.005463918857,-0.0002550159861,-0.006099942676,0.006307504108,240.7818183,248.7302341,201.7771376,3.080631165,4.757695878,4.965896727,241.1839148,249.437403,202.4681439,3.449792505,4.569962411,4.717119469,0,-108.7501417,127.6908994,-3.311794936,-108.1350931,124.1219491,0.06657241324,-108.6919089,127.8018878,2.831050153,-109.6152667,131.1666203,49.98537883,49.9853817,2928.131443,2919.582443,54.83177512,-114.6575637,3.8530851,1
4608,48,32,24,1,1,1,1,1,1,0,1,1,1,1,1,240.7593419,248.4817043,202.274594,6.110187769,9.408142843,5.471368108,241.5432344,247.8350986,204.209862,3.734083572,8.303184114,9.747775079,1.463408332,-6.581606319,5.118156926,-1.450260506,6.614820815,-5.164600997,240.7486786,248.4866976,202.2768942,5.793857767,6.633664053,1.576539652,241.5318254,247.8284842,204.2002665,3.196076936,4.898201795,8.190589944,0,-108.4774153,127.9150774,29.11637282,-138.8937564,142.9380481,-0.2896950748,-108.2619685,128.2751931,-62.72273041,-65.41076711,125.020188,49.98527963,49.98528553,2947.143777,2939.598986,45.46660002,-123.0816061,3.7512436,1
4609,48,32,24,1,1,1,1,1,1,1,0,1,1,1,1,240.7612588,248.4775946,202.2753896,6.114738407,9.41789613,5.48649801,241.5460557,247.8292413,204.2161172,3.734110111,8.316527219,9.768169616,-1.45382654,6.595472833,-5.141685182,1.440448406,-6.6305323,5.190045366,240.7505839,248.4826056,202.2777114,5.800773413,6.636903345,1.566125221,241.5346397,247.8226258,204.2065017,3.199858982,4.906461674,8.202628254,0,-108.4763623,127.9169146,29.1508609,-138.9762998,143.1781223,-0.2905863097,-108.2601187,128.2775004,-62.84372234,-65.33963717,125.0014559,49.9852817,49.98528193,2947.533622,2939.420009,45.67780051,-123.402752,3.7541287,1
4610,48,32,24,1,1,1,1,1,1,1,1,0,1,1,1,241.5285048,248.4506245,201.3138066,6.349274203,8.439155691,10.91508711,243.1668662,249.3222822,200.3850573,9.814802964,4.187900253,9.37659988,6.089374677,1.55926335,-7.648683348,-6.133401793,-1.549190001,7.682546212,241.5158741,248.4554222,201.3170598,0.9595288249,8.163443556,7.636680701,243.1372828,249.3255782,200.3711522,7.509135829,3.602987113,5.157515027,0,-108.9561489,127.7078065,-177.2526377,-86.64947629,95.31497543,0.3590861776,-109.3057125,127.9948484,0.4009452266,-169.5096302,179.8134081,49.98528373,49.98529446,2946.41548,2937.637734,48.70243241,-120.4375997,3.791423,1
4611,48,32,24,1,1,1,1,1,1,1,1,1,0,1,1,241.5356053,248.4508195,201.3087284,6.34473593,8.44028065,10.91814374,243.168976,249.3245107,200.3725036,9.806411694,4.188756053,9.366309223,-6.087310158,-1.561203783,7.648470166,6.13108283,1.548927795,-7.680053072,241.5229625,248.4556179,201.3119998,0.9516940159,8.165251748,7.645722692,243.1394534,249.3278345,200.3587447,7.501152186,3.605691584,5.146371783,0,-108.9588817,127.7071544,-176.8428435,-86.63162669,95.3900088,0.3606049798,-109.3085081,127.9936921,0.4509330094,-169.5460939,179.9049576,49.98528971,49.98528852,2945.416416,2938.508853,47.97451767,-119.7213297,3.8247078,1
4612,48,32,24,1,1,1,1,1,1,1,1,1,1,0,1,240.2514403,249.3358426,201.6660916,9.471633357,6.141751998,8.486719935,239.0951841,251.5464041,202.3922499,8.57775481,10.2283879,3.737391681,-7.295059159,5.672115081,1.622892283,7.322194738,-5.720979337,-1.601266632,240.2412608,249.3396064,201.6687443,5.905754455,1.824876224,8.208082561,239.0707126,251.5370022,202.3938106,4.283719656,8.347416994,3.061169551,0,-108.8852843,127.4157766,-40.12657308,-57.59340646,144.5065273,0.2084787681,-108.6548346,127.0429568,62.55309831,-118.7377754,73.93276002,49.98526595,49.98526639,2950.770641,2942.4818,51.62842504,-116.7418911,3.8113637,1
4613,48,32,24,1,1,1,1,1,1,1,1,1,1,1,0,240.2455637,249.3368684,201.6760088,9.482446676,6.157037859,8.486547275,239.0893743,251.5479132,202.4028386,8.590962443,10.23697517,3.739692449,7.309106103,-5.688105747,-1.621039872,-7.336292448,5.735230797,1.601009832,240.2353895,249.3405886,201.6786542,5.904230291,1.825104551,8.206449921,239.0649928,251.5385089,202.4044182,4.284291254,8.346621753,3.060307203,0,-108.8814791,127.4169957,-40.13626084,-57.61582396,144.4952043,0.2085677369,-108.6508796,127.0443074,62.53220981,-118.7324445,73.98127252,49.9852629,49.98526927,2950.865435,2942.377585,51.6242673,-116.7146677,3.8423351,1
4614,48,32,24,0,1,1,1,1,1,1,1,1,1,1,1,241.079673,247.4072277,203.2710198,3.644776566,7.755383214,9.354517626,241.1324734,249.327269,202.8609449,6.205481766,8.60842773,4.904335224,-1.377964282,5.895895193,-4.517979927,1.386164697,-5.830602935,4.444390202,241.0687644,247.4029088,203.2655067,3.177932701,4.956742824,8.142071297,241.1218633,249.3323508,202.863721,5.942203476,6.269620497,1.873611762,0,-108.0317013,128.4757876,-65.23505713,-69.19875596,121.7680232,0.3849120726,-108.1134019,128.3609242,29.10589499,-137.9775526,157.5810965,49.98529559,49.98530093,2944.78264,2935.781887,45.32754064,-124.622404,3.762417,1
4615,48,32,24,0,1,1,1,1,1,0,1,1,1,1,1,248.3601575,386.1509175,276.8009776,14.46261859,23.54422401,24.48421071,247.9976614,386.8393412,277.2331876,13.64610814,22.25006949,23.20296636,-2.746583395,7.398573502,-4.649446903,-1.186708864,0.967661178,0.2215050022,165.4293714,298.8494084,232.2799627,3.150039463,5.824490434,7.26220982,165.3902226,299.6347692,232.6505033,1.331062696,5.916973249,4.821694594,0,-105.450576,109.2007957,-1.507079277,-88.07213354,127.522547,0.0352928019,-105.5250107,109.0820903,3.305386151,-122.8414961,80.43705096,49.96137982,49.98194536,6269.132204,5083.4392,450.4216908,401.6733294,3.7842687,1
4616,48,32,24,0,1,1,1,1,1,1,0,1,1,1,1,242.4551556,245.1958747,204.7035748,6.018430521,27.65412597,23.20448251,242.8655867,245.8113036,205.5239689,6.013781207,27.54071411,23.17302004,-4.250714069,25.94964892,-21.69897266,4.247073866,-25.87418152,21.627068,242.3739063,245.1370562,204.6155583,3.283434581,4.703100068,4.803010411,242.781948,245.7500506,205.4180021,3.280994862,4.495045878,5.005778192,0,-107.1968968,129.6912753,0.006285926221,-109.5258681,127.3843285,0.039552834,-107.123877,129.8127929,-0.1588641318,-104.9788231,131.6473356,49.98442733,49.9844215,3118.85018,3112.363633,53.96938488,-115.3676489,3.7743896,1
4617,48,32,24,0,1,1,1,1,1,1,1,0,1,1,1,238.0513096,248.2488405,207.3680192,24.65583755,55.60899744,57.51459845,244.1452962,246.7440913,203.0775965,28.3855229,53.30363272,56.9637266,0.8057418901,37.19886253,-38.00461992,-0.8597654674,-36.80928263,37.6690557,237.7038525,246.8126265,205.8797457,11.96637552,16.21950331,14.56315797,243.5260602,246.6479788,202.6667658,18.25218435,8.612983393,15.10096953,0,-106.6352042,128.7481073,162.6933845,-83.25154907,55.12566805,0.8620413765,-107.7594377,130.0460043,-11.13627011,122.5614677,-163.3435983,49.98005041,49.98087362,3960.071125,3729.70803,246.4867771,-66.88904135,3.7101901,1
4618,48,32,24,0,1,1,1,1,1,1,1,1,0,1,1,241.6806376,248.2837777,201.3694727,7.123239348,8.504676856,11.35473126,243.3662307,249.1351046,200.4371945,10.37242768,4.133447259,9.934685116,-6.577597231,-1.479230304,8.056817857,6.625225082,1.470781232,-8.096011192,241.6674211,248.288456,201.3721513,1.006587203,8.245697545,7.627999744,243.3297169,249.138282,200.4175138,7.560931286,3.570984816,5.227315353,0,-108.9185734,127.7919384,177.7673901,-86.75197664,94.89270485,0.3586510295,-109.2754304,128.0884825,-0.2469328133,-170.8339717,179.8532822,49.98527979,49.98526909,2947.151291,2943.967228,45.80140079,-118.8973642,3.7734354,1
4619,48,32,24,0,1,1,1,1,1,1,1,1,1,0,1,240.0948846,249.1620808,202.0559405,10.8217123,7.961269134,8.845350948,238.863495,251.3522885,202.5597517,10.0554711,11.23114247,3.323434791,-8.270176773,6.883093911,1.386915851,8.303906301,-6.926337375,-1.37774928,240.0825494,249.1647825,202.0563095,6.0861829,2.088753682,8.591609751,238.8258538,251.3326548,202.5601536,4.519117222,8.144486291,2.576560721,0,-108.7038576,127.5442393,-42.02369982,-59.68116083,141.9507549,0.2242120964,-108.5013621,127.1524029,64.24506147,-119.9101414,69.43907805,49.98508069,49.98537325,2977.442581,2927.984011,51.28332009,-116.8971475,3.7115619,1
4620,48,32,24,0,1,1,1,1,1,1,1,1,1,1,0,240.1731975,247.8244354,203.8673892,3.614625227,9.542174104,11.16272895,240.2370089,249.8661668,203.2614304,6.536222254,10.17131167,7.235813184,-0.8963644784,7.598687414,-6.702396546,0.899571904,-7.495258111,6.595616221,240.1606219,247.8019665,203.8417524,3.314046956,5.285791425,8.573970977,240.2243313,249.8673207,203.2609142,6.375629369,6.47572273,1.69186294,0,-107.8214153,128.371934,-72.98456609,-65.57112774,120.4921479,0.4326027055,-107.935054,128.2399367,29.87421335,-141.3501058,170.4593007,49.98524061,49.98523237,2958.360763,2946.454511,45.47910421,-124.2120732,3.8040591,1
4621,48,32,24,1,0,1,1,1,1,1,1,1,1,1,1,241.0818816,247.4071945,203.2690121,3.647421699,7.754079577,9.343784678,241.1343917,249.3245201,202.8611087,6.198288088,8.609815886,4.898190877,1.387363431,-5.900752491,4.513346622,-1.395782456,5.833621739,-4.437882733,241.0709517,247.4029194,203.2635028,3.174424343,4.951176647,8.133828262,241.1237435,249.3296084,202.863898,5.931185982,6.268720448,1.874939568,0,-108.0325467,128.4755383,-65.03963877,-69.23524552,121.8323938,0.3842494304,-108.1137559,128.36111,29.07933131,-137.920773,157.2083067,49.98530298,49.98529329,2943.902427,2936.782607,45.09918219,-124.3844965,3.7091195,1
4622,48,32,24,1,0,1,1,1,1,0,1,1,1,1,1,242.4578009,245.2061119,204.6969398,6.017820874,27.57047788,23.12083468,242.8675144,245.8173009,205.5108368,6.013830129,27.45012414,23.08421858,4.251364369,-25.87423769,21.62283024,-4.248072767,25.79741124,-21.54937152,242.3765621,245.147318,204.6098176,3.282940454,4.724168425,4.816306281,242.7846736,245.7568425,205.4056416,3.281566405,4.474072884,4.993291377,0,-107.2013135,129.6869478,0.03295240139,-109.4785521,127.2055716,0.03979818896,-107.1293781,129.8087816,-0.1853133525,-105.0173171,131.8220624,49.984429,49.98442952,3116.898129,3111.433882,53.2745479,-114.8786856,3.6942017,1
4623,48,32,24,1,0,1,1,1,1,1,0,1,1,1,1,246.5953162,386.6183658,276.3273785,19.05583975,23.37030324,26.74096588,249.1842548,387.9562864,277.8356537,19.62956395,21.39326517,25.95277098,-0.4440675466,-7.389103217,7.832657018,4.3647134,-0.9983906467,-3.366709458,164.0909404,298.9877586,231.6938743,2.607177991,7.02696344,4.502906454,165.819493,300.5651731,233.2953668,5.1067265,5.034758306,6.606892331,0,-105.6625173,108.7491758,88.47846115,-87.79724054,108.3024789,0.01459296244,-105.7530127,108.9099503,-30.74067994,-131.3858385,108.8625854,49.95794354,49.9853964,6166.74702,5184.092395,583.21117,265.9722114,3.6141153,1
4624,48,32,24,1,0,1,1,1,1,1,1,0,1,1,1,241.6574024,248.3196431,201.3408879,6.760933761,8.491140793,11.18812713,243.3206955,249.183069,200.3874152,10.12861251,4.153848255,9.685323044,6.469830968,1.477887055,-7.947770703,-6.516485577,-1.470239848,7.986677937,241.6446297,248.3244978,201.3436815,1.015076607,8.233763896,7.68565251,243.287912,249.186513,200.3710454,7.568909218,3.599790923,5.208356333,0,-108.9338836,127.7713428,-178.2832759,-86.57920071,94.9693249,0.3624168894,-109.290588,128.0634775,0.2811836225,-170.6827273,-179.5370558,49.98527964,49.98528258,2947.996691,2939.204529,47.72598685,-120.5887894,3.686834,1
4625,48,32,24,1,0,1,1,1,1,1,1,1,0,1,1,237.6435255,248.2736783,207.8288186,26.37808775,59.34219189,61.30635105,244.0518276,246.3815015,203.0169256,30.04382003,56.95474965,60.70145904,-0.7870481918,-39.53857781,40.32549065,0.8467222177,39.12228917,-39.96915752,237.2445271,246.6458142,206.1559887,12.69353845,17.20102877,15.4345656,243.3555592,246.2752424,202.5473541,18.94524222,9.437956537,15.92856468,0,-106.4581083,128.8024942,161.848178,-83.73273068,54.36322545,0.913947436,-107.669758,130.1902282,-11.9324239,119.0492164,-161.9769943,49.9795841,49.97980677,4070.660752,4009.158259,268.5569719,-10.89265417,3.6750715,1
4626,48,32,24,1,0,1,1,1,1,1,1,1,1,0,1,239.6885966,248.214711,203.8637976,3.60138104,12.12730659,13.6185062,239.8156901,250.3561634,203.2542173,6.885515016,12.70189159,10.63324818,0.6678404094,-8.626599609,7.957953723,-0.6694622008,8.494527602,-7.825884066,239.6651871,248.1568001,203.7875597,3.364629299,5.269109699,8.510747834,239.7947614,250.3509288,203.2363588,6.764883843,6.702105317,1.85678796,0,-107.8571429,128.1971331,-79.87960824,-63.26095411,119.2287051,0.4658966497,-107.9638739,128.0768524,29.39499723,-141.5885974,172.0180088,49.98519783,49.98507082,2963.82217,2987.994676,64.69769099,-140.549076,3.7134037,1
4627,48,32,24,1,0,1,1,1,1,1,1,1,1,1,0,237.2840114,249.8115149,204.8230136,56.12296541,58.75586391,28.49839533,239.061762,255.318441,199.4031466,57.32982713,58.77325863,22.87824649,38.45024648,-38.17518587,-0.2747019374,-38.59478293,38.22520659,0.3699495031,237.1402992,249.4049497,204.2615725,10.33799867,15.37711042,19.71418489,237.3780462,253.9558297,199.067082,14.83976924,14.43830558,10.7235257,0,-107.8277818,127.4811599,-122.640766,-41.95710394,110.9280382,1.323371804,-108.8152381,126.7962224,36.12086606,174.673039,-83.55588875,49.98088384,49.97948871,3699.689259,4063.60352,114.3765498,94.49951991,3.6850533,1
4628,48,32,24,1,1,0,1,1,1,1,1,1,1,1,1,242.9638744,248.5331536,199.5815583,9.800721511,4.237179872,9.507067261,242.0865035,249.0849441,201.9347975,6.535213526,8.361675145,10.77951061,-6.355721869,-1.604102635,7.959808965,6.281089672,1.594115802,-7.875216718,242.9289913,248.5360735,199.5701846,7.278190108,3.607645183,4.947657844,242.0719984,249.0901846,201.938158,0.7776264856,8.065391091,7.186784704,0,-109.6627644,127.5562001,-2.84075057,-168.5641432,174.3779149,-0.233197602,-109.1834,127.48263,154.1896176,-87.11281879,97.18940881,49.98530048,49.9852881,2943.850184,2938.209874,48.0115617,-121.1034821,3.7042949,1
4629,48,32,24,1,1,0,1,1,1,0,1,1,1,1,1,243.8588331,246.0363249,201.9882757,26.97404799,54.45834783,57.42679914,238.9883214,248.9851177,208.2938134,23.21709294,56.42899922,57.74547384,-0.636408558,-37.52436311,38.16032295,0.5632698687,37.67759487,-38.24131628,243.2679118,245.9630137,201.5912162,17.22567809,8.786495543,14.26197968,238.6125423,247.5771434,206.6257463,10.90345792,16.38759418,14.20581063,0,-108.472151,129.0119157,-12.29078843,120.7771777,-161.6656092,-0.7419777968,-107.1987026,128.0207032,160.6227253,-84.32081614,58.33054891,49.98103552,49.98020241,3676.622207,3909.026797,134.0607043,10.41970459,3.7565418,1
4630,48,32,24,1,1,0,1,1,1,1,0,1,1,1,1,243.1848595,248.30621,199.6255712,10.28245875,4.170967535,9.95880819,242.2651733,248.8714959,202.0214212,7.132920527,8.452659748,11.18625299,-6.92487989,-1.472440885,8.397300367,6.843961371,1.457694589,-8.301693857,243.1439309,248.3090679,199.61022,7.379478866,3.594690159,5.028777858,242.250183,248.8765753,202.0242024,0.8758730285,8.188882358,7.267818302,0,-109.624981,127.6675468,-3.039978946,-170.6029729,175.6070193,-0.2390086151,-109.133537,127.58522,155.0913356,-87.01829125,96.52203132,49.98528546,49.98527817,2946.12993,2940.994603,47.65887733,-122.9611246,3.7488776,1
4631,48,32,24,1,1,0,1,1,1,1,1,0,1,1,1,329.2392538,284.5396958,317.9782231,18.82276803,12.79010197,18.60405127,330.5427596,287.7803484,319.586682,18.79138344,14.25546119,16.48412437,-9.179883428,-0.5153610303,9.694872602,6.112715507,-5.602458934,-0.510675386,280.1539004,197.3914792,235.2910921,1.542478714,3.512774314,4.942935928,282.0420199,199.5475637,237.724779,7.155705947,6.488727063,7.807303897,0,-92.66096715,151.5388714,67.56444289,-31.80531872,-173.2437978,0.1453095857,-92.66177458,151.5385403,-11.51524176,-120.9990079,129.9075426,49.96401698,49.9808057,5744.146799,5306.539334,-97.08320038,-557.8479683,3.6427194,1
4632,48,32,24,1,1,0,1,1,1,1,1,1,0,1,1,245.1279139,248.9084778,196.5137225,31.91424024,7.721979123,37.58748698,245.4661123,249.6292436,197.2475256,31.8585208,7.674915418,37.43305076,-29.86878927,-5.095823753,34.96458325,29.8000661,5.054571243,-34.85465994,244.9130296,248.7850057,196.3509814,3.246365537,4.6751355,4.854051105,245.2778158,249.5051175,197.043401,3.400133681,4.653954697,4.55866256,0,-111.0381837,126.9299969,-3.864911617,-110.8677879,124.5816631,0.06243337622,-110.9712819,127.0309586,3.555745525,-111.4240704,129.142439,49.98372757,49.98373853,3254.994102,3250.162683,95.22085633,-71.07198569,3.7580523,1
4633,48,32,24,1,1,0,1,1,1,1,1,1,1,0,1,248.548838,244.1618925,200.1514521,67.80299096,29.31717667,65.0692743,242.2338014,252.1585958,198.084014,67.21594347,33.9858732,62.65783899,-44.48358859,1.012071119,43.47141882,44.21935404,-1.209300954,-43.01015054,246.3913861,243.7752925,198.1525383,16.79831058,13.42251828,18.28673993,241.4783301,251.4861697,197.9608064,16.56419569,21.52837631,10.43822979,0,-109.770494,129.1236506,-76.36339113,33.71661173,153.1362125,1.115239801,-109.1158947,127.4933954,80.78418913,-131.4450478,-4.499122472,49.97849693,49.97866131,4286.627999,4230.448623,321.8186317,21.37263557,3.7167278,1
4634,48,32,24,1,1,0,1,1,1,1,1,1,1,1,0,240.7284952,249.54304,200.8339252,10.98218685,8.185715538,8.769346274,239.4783927,251.9408149,201.4980024,10.26910878,11.83514342,3.49524439,8.827820332,-7.623655119,-1.204233538,-8.87900322,7.680993743,1.197942842,240.7126964,249.5432342,200.834436,6.138289673,1.893854214,8.577487083,239.4314116,251.9114166,201.4976486,4.660201024,8.702704732,2.979065917,0,-109.2672613,127.2091026,-43.18183947,-45.60592269,144.5576138,0.2380956513,-109.0335108,126.789644,64.23558554,-120.537769,66.10927487,49.98523465,49.98523612,2955.825078,2949.616261,53.75975989,-115.7290413,3.7470553,1
4635,48,32,24,1,1,1,0,1,1,1,1,1,1,1,1,242.9547605,248.5368029,199.5806699,9.772940144,4.235433075,9.486340098,242.0844664,249.0876099,201.936962,6.512550993,8.361066883,10.77190186,6.339234002,1.60590677,-7.945181456,-6.264922529,-1.597939751,7.862824597,242.9200764,248.5396894,199.5694266,7.259560491,3.60464943,4.93226456,242.069984,249.0928346,201.9402952,0.7595218887,8.064303998,7.191558406,0,-109.6626236,127.5542076,-2.818014413,-168.537718,174.3923442,-0.233510484,-109.1837964,127.4818384,153.8479759,-87.13599013,97.30482905,49.98529118,49.98529799,2944.939716,2936.997106,49.02616762,-122.1115881,3.7912536,1
4636,48,32,24,1,1,1,0,1,1,0,1,1,1,1,1,243.2057613,248.289431,199.6605592,10.41330793,4.167243724,10.09840796,242.2692119,248.8573641,202.0384748,7.316495157,8.455333261,11.27316668,6.99849937,1.473507365,-8.472052261,-6.917080338,-1.460538923,8.377566456,243.1628865,248.2921271,199.6439118,7.381961423,3.587364258,5.039604691,242.2538709,248.8623278,202.0411373,0.8969826872,8.190377694,7.220391763,0,-109.6123031,127.6834451,-3.41780801,-170.6100911,175.081797,-0.2366087113,-109.1210168,127.5986525,152.2468765,-87.05396,96.53107402,49.98527125,49.98528568,2950.481937,2938.715395,49.0949669,-124.5235569,3.7496781,1
4637,48,32,24,1,1,1,0,1,1,1,0,1,1,1,1,244.3043287,245.4330173,202.076295,31.26750522,59.19580986,63.14323419,238.4316657,248.8135243,208.6963533,27.54064113,61.20301262,63.28607122,1.019386142,40.6356523,-41.65514604,-0.9298184492,-40.8003547,41.73006771,243.5405299,245.3460806,201.5475501,19.44110145,9.790461676,16.14102329,237.9709492,247.1602244,206.7453804,13.16774931,17.48041974,15.34549274,0,-108.4067511,129.2419731,-14.00440049,117.903736,-163.6149663,-0.8233096748,-107.0245994,128.0164921,159.3178354,-84.31945948,52.30940254,49.97940569,49.97920919,4093.926712,4141.638336,159.6570729,108.1515732,3.8839348,1
4638,48,32,24,1,1,1,0,1,1,1,1,0,1,1,1,245.1079673,248.9104908,196.5184464,31.87645431,7.719968241,37.55077765,245.4672922,249.6302745,197.2639885,31.83070872,7.676581287,37.40652526,29.8441146,5.096780964,-34.9409362,-29.77576787,-5.056943256,34.83268962,244.8948933,248.7871037,196.3566671,3.199065875,4.67240741,4.815545843,245.2784262,249.5067532,197.0602854,3.445015819,4.65678631,4.599442467,0,-111.0346596,126.9282999,-3.617868197,-110.8203311,124.2952247,0.06193465371,-110.9681799,127.0330873,3.226824774,-111.4645583,129.4018671,49.98374007,49.98373338,3255.474232,3249.404172,96.9343013,-72.78375115,3.8733436,1
4639,48,32,24,1,1,1,0,1,1,1,1,1,0,1,1,329.7857607,285.3054139,318.2793625,19.46143783,13.48245092,19.05154884,330.6701376,287.918585,319.6284558,18.48544594,14.36405273,15.82721609,9.558923928,1.22376765,-10.77976188,-6.49037923,4.902973376,1.590296749,280.7924069,197.8932837,235.6633473,4.270064351,3.35149028,6.882751469,282.1614287,199.6304293,237.6774771,5.416709407,5.653532299,7.65383259,0,-92.76223327,151.4543492,43.82926979,-46.76229952,-167.2417887,0.04417852364,-92.76834326,151.3786012,-33.17366142,-118.1544914,114.7727037,49.96570513,49.97905405,5439.878192,5609.633798,-79.58631036,-576.1441238,3.7819077,1
4640,48,32,24,1,1,1,0,1,1,1,1,1,1,0,1,241.0757613,249.627222,200.7434575,12.61925558,10.32965842,8.931625207,239.8449952,252.1292905,201.3743386,12.04670964,13.42562812,3.395565594,-9.443733404,8.34765463,1.096566003,9.502591006,-8.416278853,-1.085795822,241.0547981,249.6158842,200.7390635,6.13754169,2.079315695,8.760636028,239.7723105,252.0658677,201.3658277,4.737265987,8.737973327,2.916623609,0,-109.3524128,127.1963642,-43.89523767,-43.49522355,144.3451266,0.2490524061,-109.1303038,126.7561554,63.84719542,-121.9212705,62.59536321,49.98523234,49.98513515,2966.169297,2967.345171,37.93730271,-99.74879423,3.7677298,1
4641,48,32,24,1,1,1,0,1,1,1,1,1,1,1,0,247.7141028,244.9518626,200.0113459,61.71004952,26.19737974,59.22487515,242.276143,252.2835271,198.7012281,61.1944829,31.03329137,57.00601822,40.89683318,-0.9469665678,-39.95060752,-40.64917229,1.123819884,39.52450302,245.8757939,244.6275059,198.3090835,14.96128417,12.12811737,16.35391797,241.6492462,251.7348845,198.5924557,14.86532865,20.34861625,8.876103596,0,-109.7930996,128.8433141,-76.2039495,34.48123896,154.4420851,0.9939421458,-109.1525468,127.4212278,78.20364534,-130.0607935,2.708711812,49.97935872,49.98041839,4073.755711,3773.957198,275.5440278,-67.93232607,3.6996318,1
4642,48,32,24,1,1,1,1,0,1,1,1,1,1,1,1,238.8531508,250.7268059,201.5515244,8.266607274,10.04690195,3.852592921,240.6658582,249.916731,202.4089875,9.071459869,6.015316279,8.453465626,7.116869798,-5.490702361,-1.626211038,-7.061805435,5.41986995,1.641888026,238.8280028,250.7201551,201.5532238,4.052028415,8.271171682,3.209152621,240.6552577,249.9212419,202.4111313,5.58197969,2.110795102,8.18018346,0,-109.0079532,126.742885,58.59396322,-120.867519,72.85474739,-0.113373716,-109.0739129,127.3167302,-38.44560779,-56.68469656,145.2309712,49.98526623,49.98527578,2950.167025,2941.266962,57.4879435,-114.2282756,3.7404923,1
4643,48,32,24,1,1,1,1,0,1,0,1,1,1,1,1,238.8419212,250.7244616,201.560279,8.309212786,10.08088643,3.787429632,240.6582611,249.8970447,202.4383802,9.08834891,6.06551237,8.480301486,7.126362659,-5.528762624,-1.597646358,-7.071284258,5.458473981,1.612760921,238.8166597,250.717927,201.5620558,4.100897037,8.285085638,3.166111324,240.6474243,249.901638,202.4404322,5.581955167,2.146310951,8.221868232,0,-109.0026572,126.7449007,58.50695219,-121.1802591,72.32823495,-0.1187330473,-109.065852,127.3215987,-38.95445547,-55.80479494,145.0079044,49.98526839,49.98527102,2949.867603,2942.051513,57.48957904,-114.2370028,3.7689852,1
4644,48,32,24,1,1,1,1,0,1,1,0,1,1,1,1,240.1674885,248.8808818,202.5206633,6.352847731,10.4858049,7.08565313,240.9319653,248.1151222,204.545773,3.65619109,9.479105199,10.93590483,-1.11145055,7.624030395,-6.512648948,1.103463782,-7.676225199,6.572697052,240.1559097,248.8841116,202.5212598,6.132499406,6.826139624,1.439597391,240.9201039,248.0977874,204.5224377,3.260455257,5.074324275,8.40314493,0,-108.4089132,127.7770974,29.49503037,-140.7039881,150.2212846,-0.3257578968,-108.1805125,128.1468193,-68.9186535,-62.67708312,123.9993955,49.98525061,49.98522667,2954.145667,2951.477232,39.57769991,-115.9982108,3.7763919,1
4645,48,32,24,1,1,1,1,0,1,1,1,0,1,1,1,241.7898302,251.0418745,197.5311202,69.22628482,35.15658247,64.61771193,248.8881453,244.2038619,201.4965164,69.52564134,30.3286928,66.62517118,45.52080161,-1.18605593,-44.33481861,-45.58748482,1.048736169,44.53866983,241.0717298,250.3277051,197.3918917,16.76498318,22.13511474,11.01062413,246.8388652,243.784516,199.120074,16.92059245,13.97962919,18.6608684,0,-110.478147,126.1653292,79.6603462,-133.2225852,-4.918743671,-1.050193366,-111.0022093,128.050485,-77.785669,32.13717459,152.8171189,49.97828332,49.97807772,4310.888077,4361.817756,212.0676654,182.6594681,3.7872967,1
4646,48,32,24,1,1,1,1,0,1,1,1,1,0,1,1,239.8252148,251.4794768,200.0610691,11.32354048,12.84356593,3.626495079,241.6790709,250.3524404,200.9992421,11.73563963,9.586247746,8.895238182,9.803835371,-8.720139488,-1.083472299,-9.69432547,8.6073546,1.08722255,239.7392184,251.3909852,200.0266063,4.590455318,8.755262571,3.053168088,241.6439807,250.3130297,200.9735255,5.71117072,2.411719812,8.681359979,0,-109.7576654,126.2669484,58.82418334,-124.6392069,62.33358815,-0.1628902794,-109.8132161,126.9044034,-43.64497255,-42.81943762,144.7190817,49.98498243,49.9854475,2998.98766,2918.009853,77.11123517,-127.7479154,3.7232497,1
4647,48,32,24,1,1,1,1,0,1,1,1,1,1,0,1,405.7696324,295.658812,206.0525442,20.55844526,22.8797478,14.40448898,407.2306774,299.7596535,212.0151457,18.7978468,24.30206943,17.39963326,16.32875213,-18.94543412,2.619644205,-9.10151486,16.94643476,-7.842524125,289.6814193,260.1416239,138.4366256,7.212175949,7.377544397,5.06369995,294.3914159,265.1644584,141.9005582,13.51821655,14.23577049,9.411757238,0,-133.4209256,119.6877724,127.1056951,-22.32754014,-134.5392434,0.205285713,-133.2846359,119.8207978,-25.15771355,-162.3422721,88.48977536,49.97894799,49.97021226,5311.783446,4808.176948,610.4938422,-648.3649583,3.6544057,1
4648,48,32,24,1,1,1,1,0,1,1,1,1,1,1,0,236.27386,252.5139827,202.1592358,28.23427255,23.33778862,7.589693588,236.5752752,253.2367554,202.9918984,28.15360323,23.34302412,7.575743271,26.67253205,-21.64872018,-5.023859419,-26.6195294,21.60204386,5.017438797,236.1835811,252.4345934,202.0739848,3.317834432,4.601446057,4.844727015,236.4893948,253.1480307,202.8978033,3.087980595,4.869068012,4.836382478,0,-108.9596239,125.9872368,-3.160846906,-111.0119899,125.9477973,0.04390486199,-108.8707891,126.0838149,3.238455899,-107.2151081,125.7499181,49.98436446,49.98435553,3130.149173,3125.891037,93.74147538,-77.35272642,3.7414156,1
4649,48,32,24,1,1,1,1,1,0,1,1,1,1,1,1,238.854745,250.7266972,201.5477442,8.274016191,10.05426268,3.851510488,240.6677568,249.91403,202.404751,9.07522652,6.019769544,8.453708284,-7.118500138,5.491888587,1.626565106,7.063072632,-5.422917282,-1.640200774,238.8294261,250.7200327,201.5494123,4.057405429,8.276643102,3.209038878,240.6571403,249.9185577,202.4068936,5.58130951,2.110332846,8.180893532,0,-109.009346,126.7421982,58.57433039,-120.8838876,72.83807635,-0.1138370406,-109.075539,127.3162699,-38.50196912,-56.52644293,145.2319363,49.9852722,49.98527052,2949.391079,2941.983797,57.12065777,-113.8515581,3.8503294,1
4650,48,32,24,1,1,1,1,1,0,0,1,1,1,1,1,240.1770962,248.8411766,202.51204,6.313202009,10.23065989,6.666352528,240.9567883,248.1049064,204.5816182,3.673391219,9.250500392,10.741954,1.130655324,-7.512447237,6.381732822,-1.122980412,7.561570096,-6.438651748,240.165902,248.8445379,202.5130275,6.092425174,6.792051707,1.36074119,240.9452587,248.0896809,204.5609699,3.281646502,5.131416279,8.487407044,0,-108.4043485,127.7890703,29.74962592,-141.1336216,151.4725267,-0.322296633,-108.167278,128.1630318,-68.14884905,-62.9147934,124.0713173,49.98524136,49.98525317,2953.62058,2947.413736,46.10372174,-123.0287163,3.8696464,1
4651,48,32,24,1,1,1,1,1,0,1,0,1,1,1,1,239.0604545,254.2916554,198.479052,60.09947176,61.83394473,24.79761528,237.7326796,250.0067983,205.9090704,58.63224236,61.5487734,30.14842463,-40.42234486,40.3509754,0.07136086245,40.11232189,-40.1077329,-0.004575325004,237.1854856,252.8831831,198.1141586,15.38119759,15.29054016,11.52809416,237.5677564,249.5677916,205.2040616,10.6824722,16.34702519,20.39014339,0,-110.3563174,125.122344,33.55714497,170.8944274,-84.51444014,-1.290876835,-109.1423281,126.0450819,-126.7051975,-43.53929307,109.021659,49.97914692,49.98013643,4149.430498,3847.854658,293.1610308,-27.84974707,4.0843888,1
4652,48,32,24,1,1,1,1,1,0,1,1,0,1,1,1,239.7078918,251.3136082,199.9809141,12.06051529,13.54228402,3.615682434,241.6000702,250.2920944,200.9082913,12.56261417,10.58563634,8.84308822,-9.672158133,8.496056351,1.176057525,9.560602476,-8.388505164,-1.172136171,239.5925479,251.1770283,199.9220875,4.429311067,8.551946422,3.031834555,241.5627645,250.2316333,200.8704776,5.880393585,2.20385204,8.625468528,0,-109.737598,126.2944651,61.53747683,-122.9450046,63.3929854,-0.1406522825,-109.8031223,126.924704,-41.63935212,-48.91263154,144.5626371,49.98523485,49.98512932,2963.217473,2961.80385,61.83250242,-111.6399114,3.9683456,1
4653,48,32,24,1,1,1,1,1,0,1,1,1,0,1,1,241.8859749,251.2158411,197.7486554,67.06146202,34.3059904,62.43293893,248.5907539,244.5603773,201.3828782,67.32088061,29.42106552,64.37504534,-44.3069315,1.294065716,43.01269553,44.37216331,-1.161945619,-43.21040579,241.20961,250.5459176,197.6142573,16.18329233,21.87066158,10.36023519,246.6601563,244.1668793,199.1415788,16.20304556,13.68533899,17.86597408,0,-110.4621722,126.1687428,78.04663019,-132.8911455,-2.157262828,-1.017951065,-110.9800485,127.9685566,-78.47377773,32.33237344,153.4676758,49.9789216,49.97851126,4129.160981,4250.066547,167.4986553,164.6789983,3.9842748,1
4654,48,32,24,1,1,1,1,1,0,1,1,1,1,0,1,236.2717154,252.5257418,202.1640434,28.33899703,23.4421808,7.592120141,236.5694638,253.2389484,202.9980304,28.25313572,23.44162384,7.577294424,-26.76739276,21.74322424,5.024134238,26.7139604,-21.697648,-5.016343588,236.1805439,252.4453167,202.0780572,3.340094849,4.615310206,4.845497501,236.4823594,253.1497362,202.9023609,3.06498473,4.856816569,4.835817397,0,-108.9601003,125.9843206,-3.041531561,-111.2409092,125.9475221,0.0417702753,-108.8710179,126.0807951,3.153973961,-106.988488,125.7442583,49.98435708,49.98435292,3131.279934,3126.162457,93.21724825,-76.65097383,3.4988685,1
4655,48,32,24,1,1,1,1,1,0,1,1,1,1,1,0,405.0723544,295.2289003,204.829535,21.89936777,23.14278058,12.64520897,406.4566513,299.6096521,211.3874723,19.47244349,24.31416626,16.00506789,-18.21371494,21.0471506,-2.832830623,11.02631507,-19.04431474,8.018527858,289.8823116,259.7267445,137.4474905,7.984431599,7.969660775,5.666379914,294.8997198,265.0498687,141.1326671,13.96479357,14.52128107,9.830774713,0,-133.6449343,119.7704151,123.1956027,-24.42200298,-134.3667195,0.1814019267,-133.5314485,119.8543691,-28.56239965,-164.8666968,86.07764782,49.97330776,49.97607639,5063.447184,5067.46608,656.5248507,-654.8062652,3.9875185,1
