run_id,R_a,R_b,R_c,DG1_PWM1,DG1_PWM2,DG1_PWM3,DG1_PWM4,DG1_PWM5,DG1_PWM6,DG2_PWM1,DG2_PWM2,DG2_PWM3,DG2_PWM4,DG2_PWM5,DG2_PWM6,V1_a,V1_b,V1_c,I1_a,I1_b,I1_c,V2_a,V2_b,V2_c,I2_a,I2_b,I2_c,I1mean_a,I1mean_b,I1mean_c,I2mean_a,I2mean_b,I2mean_c,V1f_a,V1f_b,V1f_c,I1f_a,I1f_b,I1f_c,V2f_a,V2f_b,V2f_c,I2f_a,I2f_b,I2f_c,V1ang_a,V1ang_b,V1ang_c,I1ang_a,I1ang_b,I1ang_c,V2ang_a,V2ang_b,V2ang_c,I2ang_a,I2ang_b,I2ang_c,f1,f2,P1,P2,Q1,Q2,wall_s,ok
148,96,32,96,1,1,1,1,1,1,1,1,1,1,1,1,270.4243873,208.0133126,217.2003224,2.174555663,4.120855973,1.72735317,270.6332247,208.5078233,217.2507805,2.347154516,3.682197003,1.9321437,0.005738744793,-0.01354029793,0.007597760762,-0.005736233961,0.01275484177,-0.007208726437,270.4148727,208.0180931,217.2058443,2.173888901,4.120658985,1.726433789,270.6237137,208.5126356,217.2563092,2.346527654,3.681978052,1.931323398,0,-112.0482272,109.1326293,4.460151913,-113.799766,100.3341604,0.006398263415,-111.9891051,109.173006,-4.227534772,-110.3252649,116.9232123,49.99092491,49.99092655,1816.702197,1812.899412,-39.39236631,-109.527005,20.9145466,1
149,96,32,96,1,1,1,1,1,1,0,1,1,1,1,1,270.3410483,207.6556248,217.6324296,4.941631407,8.641443943,4.748499262,271.1480061,206.8171094,218.2467884,3.784717792,6.786933065,6.727572407,1.342764768,-5.682667544,4.33971457,-1.340438748,5.702067659,-4.361803009,270.3312272,207.6600115,217.6358598,4.621430889,6.411588995,1.798998523,271.1372236,206.8127421,218.2410595,3.356832468,3.502684052,5.074702982,0,-111.8942126,109.3741574,42.95016778,-138.4611922,-26.15551907,-0.2571974237,-111.7578479,109.7399577,-70.35867002,-57.3917949,123.834803,49.99087723,49.99088274,1825.199413,1822.684256,-44.96711453,-114.1750666,4.8489258,1
150,96,32,96,1,1,1,1,1,1,1,0,1,1,1,1,270.3424129,207.6542964,217.6308568,4.941909129,8.651010828,4.751341304,271.1515387,206.8138088,218.2435987,3.7891193,6.786767217,6.729112021,-1.345060787,5.68317956,-4.338298919,1.3427465,-5.703904212,4.360977406,270.332596,207.6587002,217.6343014,4.621330595,6.42312542,1.807126047,271.1407607,206.809427,218.2378468,3.36126599,3.499949261,5.077016465,0,-111.8943954,109.3748501,43.01037849,-138.4532178,-25.85786769,-0.2572351583,-111.7584495,109.7412286,-70.32368957,-57.20722544,123.9730137,49.9908742,49.99088546,1826.144936,1821.843787,-44.89950874,-114.244087,4.5324165,1
151,96,32,96,1,1,1,1,1,1,1,1,0,1,1,1,270.9904843,207.9979035,216.5522303,5.007903962,7.044716483,7.912538276,272.2243021,208.7045789,215.1534477,7.525594662,3.484325338,6.916140557,4.770456358,1.398817547,-6.169448945,-4.794565925,-1.390413281,6.184818998,270.979386,208.001917,216.5572286,1.234138124,6.796489184,4.825458325,272.2045223,208.7075064,215.1483107,5.731234972,2.954332563,2.884554769,0,-112.1852338,109.1747058,166.6206798,-90.44555107,72.62537909,0.2248954174,-112.5280215,109.2325241,-2.815283722,-171.8468373,-155.2891373,49.99084674,49.99085538,1831.727429,1827.792387,-40.65683469,-110.7508123,4.5300488,1
152,96,32,96,1,1,1,1,1,1,1,1,1,0,1,1,270.9914799,207.9959285,216.5578687,5.031641419,7.05228684,7.936014493,272.2209556,208.7036494,215.1571098,7.53476353,3.476845884,6.934959623,-4.796555002,-1.393280851,6.18964325,4.820688325,1.383477597,-6.204367016,270.9804022,207.9999253,216.5628555,1.22217739,6.805984755,4.836427604,272.2011617,208.706529,215.151873,5.719769777,2.949303141,2.883520525,0,-112.1836187,109.1769999,166.6989332,-90.47476442,72.7612613,0.2249881065,-112.5268151,109.2332916,-2.776865985,-172.0178915,-154.9766465,49.99084429,49.99085669,1831.760038,1827.909879,-41.58332308,-109.854979,4.9933546,1
153,96,32,96,1,1,1,1,1,1,1,1,1,1,0,1,270.1621738,208.3391545,217.3291586,6.666683202,4.113805397,3.926576115,269.2063799,209.7720065,217.9417139,5.73475539,7.506536309,3.032151892,-5.101051707,3.810851621,1.290041301,5.118857692,-3.836578151,-1.282434785,270.1522855,208.3432079,217.3336625,4.206408684,1.434928829,3.576832909,269.189528,209.7706207,217.9459328,2.440246692,6.426267155,2.566803586,0,-112.0785906,108.913416,-32.39265791,-99.70261386,150.5036976,0.06240807595,-111.8166823,108.6716624,67.27743732,-114.8525192,40.66412457,49.99085527,49.99086549,1830.706981,1825.097113,-45.25710139,-114.6545845,4.7329579,1
154,96,32,96,1,1,1,1,1,1,1,1,1,1,1,0,270.1586396,208.3438169,217.3306819,6.674581646,4.129387145,3.923124624,269.2084016,209.7722477,217.940518,5.748882793,7.504519287,3.034641597,5.11921568,-3.823559023,-1.295840281,-5.137048796,3.848033711,1.288826745,270.1487374,208.3478751,217.3351894,4.194372538,1.445192543,3.5671221,269.1915343,209.7708459,217.9447812,2.430936589,6.416067705,2.561549018,0,-112.0783938,108.9118542,-32.2915407,-99.7670263,150.468976,0.06210057934,-111.8175446,108.6713545,67.02726986,-114.8626701,40.8515727,49.9908603,49.99086027,1829.748995,1826.061375,-45.45974958,-114.425187,4.528067,1
155,96,32,96,0,1,1,1,1,1,1,1,1,1,1,1,270.9528841,206.2195806,218.2173009,3.717195769,6.982670101,6.747596425,270.444589,208.1344581,217.7665065,4.89804449,8.631098085,4.864900384,-1.358483505,5.954418548,-4.596113629,1.353194897,-5.915427128,4.562058634,270.9414933,206.2174633,218.2060233,3.246526412,3.422251667,4.884443513,270.4349339,208.138782,217.7677831,4.553159882,6.159151748,1.520632467,0,-111.6204115,110.0367821,-69.65505875,-61.34832581,121.6217741,0.274510576,-111.6146741,109.7253228,42.03725304,-137.0544688,-29.18832395,49.99088758,49.99088613,1824.871911,1820.265377,-45.96615727,-115.9100825,4.3724416,1
156,96,32,96,0,1,1,1,1,1,0,1,1,1,1,1,320.7605511,303.4669314,329.9047256,8.034674425,15.36353953,15.30789178,323.3766893,305.2001592,330.579023,9.807770773,13.79075548,14.72321028,0.9777669141,11.09203118,-12.06831519,-4.286843711,-5.234147091,9.52247443,218.0581363,240.4196642,263.1434614,2.507511963,4.824998892,4.003436549,219.6690226,243.623531,265.5909839,5.020796233,9.521829833,7.466649135,0,-105.3752676,93.58317847,107.9234679,-24.97630851,-141.1526075,0.03140745064,-105.3584968,93.69921715,-28.39444603,-135.4322279,67.62887629,49.97976436,49.98463396,3671.047597,3489.497549,106.5510582,-554.7755587,4.1553293,1
157,96,32,96,0,1,1,1,1,1,1,0,1,1,1,1,272.5240382,202.8395891,219.2856993,5.483890216,32.69423071,28.6558127,272.6585006,203.4348989,219.3513642,5.471145761,32.6308072,28.63248025,-3.217615423,30.73168644,-27.51419883,3.19919197,-30.6830786,27.48376174,272.4172733,202.7157105,219.131562,2.268885372,3.839706384,1.769541715,272.5539024,203.2638127,219.231136,2.271536892,3.763935435,1.887869764,0,-111.0589363,111.9021629,0.3951575269,-112.6781688,108.6677167,0.01043632062,-110.9842373,111.9250699,-0.4918897307,-109.6204157,114.8497253,49.98966295,49.98966983,2070.528651,2063.100616,-17.68392152,-88.45361056,4.3226685,1
158,96,32,96,0,1,1,1,1,1,1,1,0,1,1,1,269.0701228,206.6034975,221.0863634,15.17946877,38.61181846,39.55400909,272.5484514,206.4975154,217.3890828,17.73944132,37.20980082,39.12504304,0.1748025176,26.54869837,-26.72324565,-0.2381420238,-26.37148476,26.6097608,268.9124511,205.9243269,220.1156784,7.225397814,10.71748123,9.018538959,272.3661747,206.4487888,217.1291666,11.61056846,5.226011361,7.994281288,0,-110.8783279,110.0784741,163.3412202,-84.02652844,48.02302273,0.4732318318,-111.7008701,110.486885,-10.20770955,138.606186,-155.7552095,49.987974,49.98941689,2353.599166,2052.636654,57.91648392,-124.0411373,4.5039233,1
159,96,32,96,0,1,1,1,1,1,1,1,1,0,1,1,271.0162231,207.2729093,217.2805086,14.4169123,8.06232552,15.51355704,272.7373165,207.6662869,215.6446482,15.67409617,2.945251178,15.04010918,-9.009488777,-0.6535126252,9.662652908,9.050033765,0.6590851946,-9.709462437,270.9891541,207.2655491,217.2637853,2.02373087,7.971220556,5.513039403,272.6110028,207.654308,215.5156354,6.3437247,2.683776344,3.853092312,0,-111.9090392,109.590394,148.7553467,-92.61734787,65.47072544,0.2159718624,-112.3707363,109.7173253,-9.488033511,163.4684776,-155.1928805,49.99060045,49.9906034,1882.3066,1876.74787,-51.04056869,-101.3522443,4.2460802,1
160,96,32,96,0,1,1,1,1,1,1,1,1,1,0,1,269.8409788,207.4127643,218.6223596,18.71084412,18.27797294,7.700784522,268.7859704,209.3962682,218.1176697,18.72191464,19.12838186,5.48708694,-13.82659034,13.46975928,0.3569820553,13.87266778,-13.50888712,-0.3636848286,269.8186542,207.3984196,218.5778604,4.708043114,3.065705718,6.044623858,268.616076,209.2192362,218.077749,4.520063236,6.125671035,2.764593366,0,-111.6200576,109.3778783,-58.7867483,-64.71926653,125.8347859,0.2461246759,-111.5740817,108.9274478,63.07342963,-133.1722817,-31.92354092,49.9903677,49.99045339,1914.539776,1878.312481,-50.76067056,-101.7917692,4.4049634,1
161,96,32,96,0,1,1,1,1,1,1,1,1,1,1,0,270.8712444,206.1309854,218.411321,3.738703446,7.44321761,7.329277425,270.3573952,208.0869523,217.9187478,4.991588631,9.020456261,5.556840264,-1.21498478,6.367421463,-5.15258241,1.208816413,-6.323596916,5.114618856,270.8597881,206.1271144,218.3951432,3.308729467,3.497394994,4.999848824,270.3476396,208.0910395,217.9188596,4.680387069,6.22748781,1.60295653,0,-111.5586552,110.0789408,-71.62598746,-59.79364059,121.2251271,0.2860817291,-111.5602623,109.7587996,42.22291161,-137.8716729,-32.27708872,49.99087316,49.99088144,1827.510733,1821.650216,-46.43669908,-116.9684996,4.5677105,1
162,96,32,96,1,0,1,1,1,1,1,1,1,1,1,1,270.9535168,206.2189756,218.2159578,3.712086358,6.966226794,6.742578298,270.4470136,208.1376118,217.7645738,4.904687644,8.622137744,4.854590319,1.347554258,-5.932616578,4.584895908,-1.34226551,5.892340485,-4.550239761,270.9421526,206.2169162,218.2047476,3.246868189,3.428267918,4.888920815,270.4373788,208.1419339,217.7658195,4.564710244,6.168383429,1.523885655,0,-111.6207439,110.0366008,-69.87158973,-61.1645134,121.605134,0.2751042178,-111.6155723,109.7247824,41.98404881,-137.1340288,-29.3169922,49.99088012,49.99089337,1824.391114,1820.794727,-45.84381636,-116.1244247,4.2991545,1
163,96,32,96,1,0,1,1,1,1,0,1,1,1,1,1,272.5296994,202.8246827,219.2968474,5.492513755,32.8246678,28.78727519,272.6635552,203.4217474,219.3563115,5.477616342,32.75838291,28.76168951,3.213786504,-30.85197653,27.63811705,-3.195262814,30.80214949,-27.60696527,272.4226777,202.6995005,219.1411619,2.271486201,3.850580423,1.784292989,272.5565302,203.2474701,219.236694,2.268935968,3.752454654,1.874019914,0,-111.0552383,111.9095755,0.2615318996,-112.6645273,108.4791445,0.01100939551,-110.9807059,111.9319772,-0.3586380833,-109.6179168,115.0904521,49.9896428,49.98967463,2070.401753,2064.379551,-18.10859298,-87.90086568,4.2316854,1
164,96,32,96,1,0,1,1,1,1,1,0,1,1,1,1,319.9422928,303.1599793,330.2572853,9.588714789,15.17545755,15.72027321,322.6712437,304.8465822,330.9457638,11.08425314,13.32174308,15.15830735,-1.146297481,-10.03588727,11.18086845,4.447135882,4.179600498,-8.628399398,217.4841668,240.1306075,263.4103158,2.893630688,4.724824918,3.067345229,219.2374632,243.0608084,265.5910581,5.265728224,8.358877577,6.689232723,0,-105.1854993,93.74392692,106.9032724,-38.79187599,-140.1033012,0.02226405683,-105.2115875,93.87248733,-31.74543083,-136.5013017,72.02368492,49.97688674,49.98748812,3671.485838,3483.34417,62.5643836,-515.4905884,4.1147199,1
165,96,32,96,1,0,1,1,1,1,1,1,0,1,1,1,271.3892572,207.5151252,216.5515457,11.1816237,7.421639732,12.44013757,272.7297073,208.0475338,215.1725288,12.49686247,3.442620248,11.89449038,7.921544348,1.311623146,-9.233439635,-7.958240563,-1.310754768,9.268721592,271.3659304,207.5128568,216.5456558,1.212676255,7.071045568,4.832375345,272.6502269,208.0397287,215.0974136,5.613717584,2.594658745,3.04126098,0,-112.1456694,109.4624888,150.0470056,-93.03837536,70.49570239,0.1991711128,-112.5071535,109.5452233,-6.158539109,-176.9752305,-157.5306198,49.99078274,49.99066782,1841.87224,1864.427968,-47.10042229,-101.4940041,4.3182047,1
166,96,32,96,1,0,1,1,1,1,1,1,1,0,1,1,267.738013,206.7739845,222.9125194,20.95995642,50.13678062,51.57864358,272.5413086,205.5458334,217.6478179,23.38395508,48.45634166,51.14407473,-0.2607731183,-33.84746682,34.10799615,0.3451968977,33.62144484,-33.96689056,267.4674475,205.6669889,221.3452983,10.15191057,13.65302783,11.9959216,272.2020586,205.4712748,217.1971179,14.40113787,7.254288225,11.22538829,0,-110.4042841,110.1112185,157.6440228,-87.49081597,41.18463647,0.5524134826,-111.5389481,110.7712142,-15.48231029,117.5243057,-156.5368116,49.98683734,49.98720685,2618.661963,2522.357668,107.1366657,-45.16559736,4.2820961,1
167,96,32,96,1,0,1,1,1,1,1,1,1,1,0,1,270.6629042,206.4035597,218.5598705,3.707493042,9.585992498,9.71949172,270.2203959,208.5309709,217.9176679,5.408252257,10.94609394,8.283112139,0.84471219,-6.80722393,5.962308418,-0.8341650264,6.748712438,-5.914765602,270.6500941,206.388831,218.5199792,3.424176389,3.934150214,5.356034103,270.2086952,208.5327645,217.9141056,5.219815837,6.654561417,1.905749956,0,-111.5471336,109.9432139,-81.00100033,-52.60407739,120.4416684,0.3280309939,-111.5926285,109.5949698,40.48167911,-142.121425,-38.78706781,49.99103023,49.99057724,1804.975877,1883.196866,-52.028337,-111.7785706,4.3032348,1
168,96,32,96,1,0,1,1,1,1,1,1,1,1,1,0,269.3374868,207.7151718,219.2473956,30.91807459,31.5214079,12.91802362,269.3914401,210.9249647,217.2120786,31.54025318,31.90302647,10.65933163,21.79967085,-21.18402967,-0.61718531,-21.8647754,21.23374678,0.6295084986,269.3018814,207.64017,219.0855044,5.172706379,7.28598541,8.990007425,268.9311022,210.4064172,217.0747186,7.737422311,8.178602914,5.362757683,0,-111.4518861,109.2568267,-106.0999814,-46.19562165,112.1929835,0.5694563051,-111.8530128,108.6517029,40.1086003,-165.7988766,-65.59308217,49.99007958,49.98877086,1943.447335,2206.547852,-58.80470759,-49.11496914,4.3089247,1
169,96,32,96,1,1,0,1,1,1,1,1,1,1,1,1,272.137785,208.1698371,214.9210941,7.651698236,3.647474616,7.098409408,271.1927329,208.5926777,216.4544698,5.261563485,6.983466171,8.068956361,-5.060741357,-1.430215734,6.490778803,5.032350934,1.43438057,-6.466909133,272.1178019,208.1726988,214.914171,5.646713669,3.10843491,2.65068792,271.1818909,208.596463,216.459242,1.145421991,6.718186211,4.696474807,0,-112.7571667,109.108686,-2.933684102,-171.2024495,-154.5306443,-0.1971235925,-112.2788198,109.0934159,165.9789329,-89.50805518,74.94434224,49.99084201,49.99084237,1833.489803,1829.569172,-37.06036163,-107.6208407,4.3189439,1
170,96,32,96,1,1,0,1,1,1,0,1,1,1,1,1,272.0940018,205.6279397,217.1788561,21.61466596,47.25723882,49.45875166,268.0101544,208.0236978,222.3812852,19.17131573,48.73510383,49.8523751,-0.3165634745,-32.84139393,33.15780745,0.2727439105,32.9557454,-33.2286251,271.7913927,205.5684018,216.8491022,13.32567438,7.002562259,10.37602011,267.7804092,206.8277923,221.0611079,9.03518225,13.28786506,11.37540727,0,-112.0490534,110.281272,-14.68031808,119.034715,-153.5503107,-0.5034902782,-110.819539,109.7609613,158.2109365,-87.66009471,45.01610093,49.98784215,49.98706016,2353.489089,2547.253291,33.442242,-7.154918897,4.3358723,1
171,96,32,96,1,1,0,1,1,1,1,0,1,1,1,1,272.5526918,207.5216233,215.041684,12.20669779,3.542290221,11.64119045,271.5030703,208.0994469,216.5462865,10.87301468,7.283583546,12.18721716,-7.732637704,-1.360239048,9.092659426,7.691131362,1.356499625,-9.047859617,272.4776731,207.5153911,214.9697778,5.553664533,2.773679672,2.798268577,271.4811689,208.0977576,216.540879,1.144780394,6.947514801,4.678838944,0,-112.6861688,109.4521271,-6.069640307,-175.1855302,-157.3349164,-0.1731598422,-112.1922292,109.4117315,149.7614834,-91.90935613,72.73096299,49.99069691,49.99076193,1862.938768,1843.021505,-30.2916913,-112.2952722,4.3797569,1
172,96,32,96,1,1,0,1,1,1,1,1,0,1,1,1,321.9044545,217.7819047,387.7653078,21.79911098,14.96201807,17.85936927,318.7331441,213.4650804,387.3690076,21.06713089,12.57887308,19.38850032,17.41987534,-7.003488939,-10.41684329,-18.14070775,3.213529476,14.92695377,289.1543731,153.8344367,263.0584138,11.26435772,8.707223066,11.98732121,285.2256397,151.4455855,258.8331872,8.003114564,5.419732136,8.720602501,0,-96.82029098,135.3598975,-37.4338901,-134.3839149,101.3060684,-0.008147262414,-96.65071222,135.254363,121.2742953,5.632485507,-94.87052763,49.98179947,49.98685321,3235.142274,3003.064306,-713.0659181,260.4530545,4.1191027,1
173,96,32,96,1,1,0,1,1,1,1,1,1,0,1,1,274.2164605,209.486933,211.1524894,27.23935642,6.463465264,31.82135447,274.3318958,210.0962983,211.2050759,27.23605636,6.451525855,31.79550353,-25.85041038,-4.187446901,30.03774494,25.84013356,4.179590457,-30.0198386,274.097969,209.3845415,211.0372368,2.238148675,3.928072505,1.829190023,274.2171265,209.9875125,211.0940559,2.333054799,3.923416557,1.69072005,0,-113.8700616,108.5332329,-2.184702261,-113.8825269,106.218006,0.02004144024,-113.8017309,108.5448503,2.00851566,-114.0711438,110.9373153,49.98960116,49.98961463,2080.839852,2076.829341,3.171865301,-67.22927389,4.3548822,1
174,96,32,96,1,1,0,1,1,1,1,1,1,1,0,1,275.299659,205.1228706,214.9446675,54.96429544,21.11151447,53.40780488,270.7489956,211.1290644,214.0781552,54.76423161,25.12575252,52.74450046,-35.77107798,-0.4516601123,36.22248418,35.68558582,0.3936443793,-36.07945811,274.1504788,204.852379,213.3221321,12.49198045,9.843450136,11.97554105,270.4125003,210.7252855,213.9582222,12.51958898,16.65826963,9.662563381,0,-112.887865,110.4329766,-79.63400846,29.68999133,152.5107149,0.7674022662,-112.2833124,109.2169706,79.45379184,-133.8376456,-13.0274253,49.98612639,49.98668661,2756.772102,2610.611748,151.2862962,-23.44927589,4.3740954,1
175,96,32,96,1,1,0,1,1,1,1,1,1,1,1,0,270.4791359,208.6799649,216.6710299,8.47672105,6.592638467,4.200855324,269.3727938,210.2495839,217.3066997,7.69538017,9.3700034,3.097231375,6.690464262,-5.850727963,-0.8399203203,-6.720725902,5.885995801,0.8345448926,270.4667476,208.6825935,216.6737351,4.538068006,1.195580979,3.964573563,269.3425827,210.2344656,217.3094373,2.748009735,6.728218008,2.769039624,0,-112.2992719,108.7462757,-35.43272186,-91.73824251,151.1135313,0.07607028862,-112.0211756,108.4589615,73.05522852,-115.8976158,33.09846128,49.99080196,49.99081707,1840.687755,1834.568755,-46.83137631,-110.9568749,4.2475686,1
176,96,32,96,1,1,1,0,1,1,1,1,1,1,1,1,272.1331162,208.1708329,214.9258839,7.642616975,3.646397894,7.094842796,271.1926199,208.5927358,216.456887,5.257478841,6.983960449,8.069671171,5.053797142,1.433804852,-6.487792086,-5.025468157,-1.439267678,6.464550101,272.1131685,208.1736407,214.918924,5.635955395,3.107075994,2.644938629,271.1817724,208.5965359,216.4616761,1.133955337,6.71864826,4.69986614,0,-112.7558533,109.1082455,-2.882928498,-171.2058895,-154.3287587,-0.1965499385,-112.2777315,109.0943444,166.1213697,-89.51804336,75.07209718,49.99084082,49.99084394,1833.74534,1829.261028,-36.38034629,-108.3545504,4.2917578,1
177,96,32,96,1,1,1,0,1,1,0,1,1,1,1,1,272.5352401,207.2016263,215.4932382,15.05491581,3.099667335,14.51132858,271.1152947,207.9018806,217.232561,13.75918963,7.882635029,14.97634674,8.714432238,0.7228630063,-9.437738552,-8.667972959,-0.7158292657,9.383361303,272.4223868,207.1933492,215.3790322,6.265425602,2.826077105,3.549533749,271.0916224,207.8964186,217.2189267,1.943028593,7.780044277,5.260545969,0,-112.559541,109.6204259,-9.55779479,167.6757608,-155.7522774,-0.1889838006,-111.9721834,109.5349537,148.0255183,-91.54629659,67.28557677,49.99062033,49.99062581,1879.86583,1873.521308,-28.66505562,-116.728114,4.3373245,1
178,96,32,96,1,1,1,0,1,1,1,0,1,1,1,1,272.2896193,205.116252,217.2815365,25.60625034,52.05834769,55.04646649,267.2426551,207.9827404,222.9863056,23.19920263,53.58742808,55.3791334,0.5593710108,35.99063094,-36.55019817,-0.5067899836,-36.11578521,36.62238429,271.86378,205.050031,216.8462191,15.40702313,8.008875714,12.05131284,266.9388785,206.5513771,221.4207496,11.18800484,14.43250302,12.71183822,0,-112.0039829,110.4891788,-17.40960464,114.6056411,-157.8539062,-0.5499427224,-110.6426719,109.7744404,155.809466,-88.02739638,38.81153365,49.98654409,49.98622781,2658.266409,2737.097439,48.89704613,72.70734164,4.3612503,1
179,96,32,96,1,1,1,0,1,1,1,1,0,1,1,1,274.2194591,209.4829519,211.1536328,27.21101854,6.462482915,31.79322848,274.3450684,210.0923402,211.2091408,27.21141403,6.451538273,31.76947611,25.82432126,4.186892509,-30.01133631,-25.81415362,-4.179919788,29.99394715,274.1018621,209.3806258,211.0387488,2.216889647,3.927332681,1.81134778,274.2302463,209.9847508,211.098724,2.353544878,3.924031667,1.709831713,0,-113.8694378,108.5361129,-1.859668554,-113.8531582,105.7675829,0.02009247599,-113.8012411,108.5498213,1.665300105,-114.0993172,111.3712294,49.98960777,49.9896164,2079.38196,2075.566858,3.975646366,-68.23176157,4.2817078,1
180,96,32,96,1,1,1,0,1,1,1,1,1,0,1,1,322.0284583,217.969829,387.5707939,21.82730695,14.23987367,18.08083495,318.6691487,213.4033887,387.2436444,21.03345662,11.8015141,19.73679557,-18.11871907,6.980449018,11.13713594,18.83598588,-3.195923821,-15.64095059,289.2697217,153.8263318,263.2135568,11.65815202,8.802127531,12.17793694,285.1763283,151.3555422,258.9006367,8.380842322,5.63206967,8.893737789,0,-96.80136982,135.3999092,-37.57891123,-135.7795032,101.4957099,-0.01446325799,-96.60309099,135.2891418,122.0606447,4.575012176,-94.30054192,49.98439703,49.98434882,3145.359148,3101.471901,-733.3143347,277.1676532,4.1896255,1
181,96,32,96,1,1,1,0,1,1,1,1,1,1,0,1,271.2715071,208.6715979,216.1648618,12.69555244,11.65585957,4.831492025,270.0481312,210.5887537,216.7164794,12.24387315,13.63005137,3.177193941,-8.338511967,7.970687761,0.3664860135,8.38743311,-8.027249757,-0.3614978314,271.2485557,208.6559677,216.1564801,4.83797194,1.322736234,4.750165916,269.965263,210.4992594,216.7051699,3.343349169,7.078897907,3.0535857,0,-112.4638619,108.863923,-41.7365762,-61.52601628,148.6512107,0.1210368156,-112.2075095,108.4862382,74.38162207,-120.8267165,18.04450035,49.99069105,49.99066034,1872.899957,1861.74247,-59.07270519,-94.03783731,4.2583045,1
182,96,32,96,1,1,1,0,1,1,1,1,1,1,1,0,272.8702152,207.3667212,214.7053545,30.26763816,9.251327198,29.86252452,270.6950564,210.4399838,215.7198418,29.97050426,13.91163158,29.60177806,20.48864828,0.7219783054,-21.20971573,-20.4294888,-0.6925159859,21.12315724,272.4812539,207.2597417,214.1438008,6.274363697,3.324002199,5.866357626,270.6123853,210.3438259,215.6776517,5.409179572,10.86786048,5.052402434,0,-112.8661015,109.3070157,-57.37932933,40.45968575,167.932401,0.2200427434,-112.3192753,108.8070516,77.79134767,-120.6819756,25.28423397,49.98898489,49.99012613,2132.25475,1936.447718,32.52381863,-133.694229,4.2700868,1
183,96,32,96,1,1,1,1,0,1,1,1,1,1,1,1,269.3005132,209.0650976,217.7687672,5.318829109,7.410816634,3.023380384,270.5136213,208.722746,217.361134,6.243692718,3.744730203,4.06390462,4.606497863,-3.447756056,-1.158899655,-4.582381201,3.413762531,1.168464831,269.2836051,209.0663554,217.7731864,2.549692876,6.538255191,2.667421556,270.5033452,208.7272427,217.3651329,4.173386579,1.441984802,3.803811252,0,-111.9581336,108.5924558,66.0060613,-117.2755839,36.07733415,-0.05012587233,-112.0676853,108.8832071,-34.01614328,-88.21406104,150.6590505,49.99086899,49.99086499,1828.562814,1824.596019,-44.66890383,-114.865142,4.2976552,1
184,96,32,96,1,1,1,1,0,1,0,1,1,1,1,1,268.9358886,209.2392604,217.5794569,23.02941381,23.58607554,7.750266912,269.947833,208.0065333,218.8305231,22.70718553,22.90422137,9.994715501,16.45263804,-16.32026347,-0.1327529011,-16.36680326,16.22739327,0.1390117393,268.6314186,209.0043485,217.483384,5.680115419,6.554749856,3.823361255,269.9095676,207.981667,218.7354841,4.755620976,4.531877686,7.341737972,0,-112.0051277,108.4656959,54.0568137,-147.4965975,-51.30498494,-0.3448147374,-111.7576234,109.0276647,-75.97966926,-55.16171864,118.9405604,49.99004467,49.99018368,1949.750487,1942.36918,-20.27653229,-114.8908457,4.2326694,1
185,96,32,96,1,1,1,1,0,1,1,0,1,1,1,1,269.0584655,210.9668079,216.9867395,11.68964377,28.28388824,25.74195337,268.8372234,209.4583492,219.4976029,9.302096582,28.23003081,26.68764542,1.749138407,15.37299589,-17.12249207,-1.705378673,-15.5111539,17.21619251,268.9187175,210.6538532,216.6267442,8.673174397,7.734907438,4.446963136,268.6996116,209.1254245,218.8987987,5.098961348,7.493387065,7.981059373,0,-112.4873391,107.7421588,26.60526204,-169.8793428,-89.44271825,-0.6018732911,-111.9212815,108.1583259,-129.9488375,-52.06945406,98.33391612,49.98976374,49.9897067,2044.97317,2053.509169,-31.19687323,-79.18994378,4.2542772,1
186,96,32,96,1,1,1,1,0,1,1,1,0,1,1,1,271.1278247,210.1069491,214.0990064,51.87263859,23.56930096,50.13763211,275.7418995,205.6828534,214.9163023,52.04912177,19.35351454,50.72708381,33.69426821,0.6806466974,-34.37508279,-33.74690147,-0.7297005362,34.47649373,270.8297535,209.7895287,213.9810027,11.71156892,16.03055653,9.322208804,274.7220216,205.4310981,213.3962857,11.84315802,9.086458511,11.5119313,0,-112.9402992,108.2984394,80.19298826,-133.2730643,-11.02556789,-0.6673887061,-113.4046078,109.4830706,-77.57769175,29.6721098,153.4094924,49.98722825,49.98651344,2501.662119,2674.371159,31.94815618,59.84399031,4.232667,1
187,96,32,96,1,1,1,1,0,1,1,1,1,0,1,1,270.8705953,209.868821,215.5700877,13.67404574,14.64623819,3.737143061,272.3065655,209.1815405,215.1664075,14.07863248,12.85543003,5.146691842,10.47979509,-10.32092731,-0.1604808404,-10.39507185,10.21742437,0.1760253157,270.7563668,209.7477368,215.5133689,3.089849269,6.960568051,3.145490608,272.2445997,209.1073397,215.1218835,4.744023423,1.417931158,4.731972442,0,-112.6574435,108.361444,74.36137197,-121.4043461,19.42487492,-0.08664381333,-112.7681087,108.76311,-38.94516364,-65.93760506,150.133252,49.99041914,49.99084293,1895.451066,1855.485781,4.22833234,-145.7660845,4.2591536,1
188,96,32,96,1,1,1,1,0,1,1,1,1,1,0,1,430.8881833,263.658631,202.8829009,23.14614196,26.22186339,14.66069254,432.4935677,267.874354,209.9281235,21.84768751,26.54180409,16.34795117,18.1683412,-23.83410649,5.665855974,-13.79799766,21.39886106,-7.600714054,324.8910302,225.7867005,131.130042,10.47549022,9.493706972,7.822786873,330.3165113,231.527454,134.8510163,14.44282003,15.16800439,9.586008344,0,-134.1984037,107.6675167,127.2494656,-19.67052643,-113.976421,0.08605085667,-134.1113379,107.9766767,-35.25868561,-168.9059865,74.86496701,49.98251392,49.98321136,3414.740603,3441.892568,1117.803154,-273.4176921,4.2768499,1
189,96,32,96,1,1,1,1,0,1,1,1,1,1,1,0,266.8702715,210.0618193,220.1438027,21.57307263,18.38375822,4.263723248,266.95266,210.6735582,220.2523593,21.5441573,18.37530517,4.268923538,20.68200207,-17.52273526,-3.159405941,-20.66458103,17.49780936,3.166652354,266.827781,210.0278009,220.1047325,2.279271067,3.899798809,1.835014197,266.9191797,210.6201223,220.2105151,2.169366076,3.976880513,1.833366603,0,-111.4308657,107.9711087,-1.647245146,-112.6008088,107.8333577,0.0115491789,-111.3526359,107.9826997,1.631486606,-110.4891094,108.0126432,49.99029286,49.99029448,1943.169997,1939.441953,-48.03871019,-117.7718371,4.3362992,1
190,96,32,96,1,1,1,1,1,0,1,1,1,1,1,1,269.2991977,209.0652641,217.7654524,5.333090186,7.424016,3.025628328,270.5164131,208.7247529,217.3556682,6.264820245,3.769448648,4.065311649,-4.626622409,3.475143677,1.151296748,4.602336566,-3.442301773,-1.160232709,269.2822051,209.0664681,217.7698716,2.545256695,6.538018588,2.673742012,270.5061383,208.7292566,217.3596408,4.184434707,1.438636468,3.807947615,0,-111.9585843,108.5923382,66.27650184,-117.2111844,36.04071746,-0.04939909707,-112.0688534,108.8835863,-33.92697517,-88.47827815,150.7356081,49.99086706,49.9908663,1828.517058,1824.745251,-44.3341034,-115.1541965,4.2718347,1
191,96,32,96,1,1,1,1,1,0,0,1,1,1,1,1,270.2730091,207.5929935,217.7793465,5.034886112,9.087057989,5.546469061,271.0805876,206.7188958,218.432032,3.810429036,7.333251744,7.36779119,1.214165639,-6.164875459,4.950528255,-1.21221223,6.187677963,-4.975649519,270.2630697,207.597106,217.7819607,4.733705001,6.471579396,1.858859784,271.069624,206.7119692,218.4218294,3.402938838,3.577491275,5.16791856,0,-111.8481114,109.4064615,42.95177812,-139.1749165,-28.59385398,-0.2676913104,-111.7048376,109.7789004,-72.11375763,-56.15260514,123.4149683,49.99087072,49.99086743,1827.111794,1825.255294,-45.89114471,-114.4958149,4.1737401,1
192,96,32,96,1,1,1,1,1,0,1,0,1,1,1,1,269.6001381,210.5655035,216.668766,33.23562667,33.73479683,11.74258467,269.6478875,208.366587,219.1087522,32.50658475,33.25806106,13.99330896,-22.90444969,22.33838615,0.5653268877,22.79044362,-22.21608819,-0.5750707347,269.0183644,210.0777923,216.4881154,8.300751734,8.759660696,6.021198382,269.591281,208.2890784,218.8880486,5.589124512,7.995409665,9.637462887,0,-112.4416062,107.9962602,38.81020616,-169.6878531,-67.19121328,-0.5952187326,-111.8366963,108.6795633,-110.7485898,-45.28441392,111.0993519,49.98860815,49.98985209,2245.817528,1981.578511,31.1612592,-118.5209972,4.19728,1
193,96,32,96,1,1,1,1,1,0,1,1,0,1,1,1,269.4651878,209.5610064,217.0998446,7.114560741,9.083698414,3.111725222,270.8621264,209.0845973,216.6543905,7.929113453,5.988496363,4.346203645,-6.249229365,5.627347976,0.6216059662,6.208501813,-5.576854869,-0.6319319441,269.4350223,209.5543598,217.1029755,2.877029305,6.888299952,2.938472743,270.8482255,209.0884753,216.6567978,4.586281504,1.189220222,4.222777952,0,-112.1839538,108.3428686,73.10596696,-117.8646325,28.90942514,-0.0632200235,-112.3172335,108.6828889,-36.97599955,-78.76027451,151.6103221,49.99084975,49.9907898,1832.783214,1838.767258,-40.93697978,-116.3606083,4.270924,1
194,96,32,96,1,1,1,1,1,0,1,1,1,0,1,1,270.835246,209.6043664,215.6862219,29.59019007,13.76893967,29.27598081,273.3220898,207.7409347,214.815467,29.89469522,8.963829443,29.51010257,-20.03759345,-0.8532073723,20.89193432,20.07961754,0.8769572983,-20.95527914,270.7570495,209.5228138,215.6448361,5.341527916,10.90464347,5.297230106,272.94802,207.6307834,214.257274,6.384394604,3.32322424,6.083600116,0,-112.5572452,108.4748199,80.03183686,-120.7220957,24.51758105,-0.1834615174,-112.97018,109.0169251,-55.63892784,40.50720542,168.6627149,49.9900791,49.98910859,1948.684458,2118.99979,-61.06969692,-43.44313285,4.2524217,1
195,96,32,96,1,1,1,1,1,0,1,1,1,1,0,1,266.8603854,210.0796399,220.1491484,21.71392512,18.52108539,4.264543454,266.9414718,210.6904881,220.2568486,21.6837041,18.51178977,4.269973233,-20.80793192,17.64863415,3.159154449,20.79056773,-17.62493986,-3.165777727,266.8175065,210.0448629,220.1092339,2.286064796,3.902012208,1.834595765,266.9073954,210.6356192,220.2143516,2.162418481,3.975550034,1.833854723,0,-111.4315639,107.9631826,-1.654100399,-112.7025103,107.8230232,0.01149328289,-111.3529947,107.9748961,1.649096169,-110.3896552,108.0071989,49.99027724,49.99029808,1944.912235,1940.241333,-48.20062161,-117.4312283,4.2343293,1
196,96,32,96,1,1,1,1,1,0,1,1,1,1,1,0,431.8963415,264.6969491,207.5541843,20.77378114,23.97132988,14.92938557,433.4146195,268.3685474,213.2600179,19.75554781,24.25940919,16.35164069,-15.33235554,19.9113913,-4.579549695,10.90520657,-17.47082835,6.565097061,323.5337005,226.4183431,133.4052665,8.780970311,7.745018718,6.144867232,328.2266584,231.4912629,136.6294446,12.84135535,13.27895753,8.029468417,0,-133.7205332,106.9237607,127.7938453,-24.61009141,-111.2356453,0.09307536367,-133.6184339,107.2259759,-32.70216659,-167.1688112,78.74223144,49.98453248,49.98119878,3462.09123,3384.318436,1032.442769,-205.2116878,4.2085591,1
344,16,32,96,1,1,1,1,1,1,1,1,1,1,1,1,205.9628516,203.3759816,298.2423275,7.697521897,4.033090344,1.984019577,207.1022945,203.6736355,298.6212377,6.454735087,3.743560823,3.021532059,-0.002432061404,0.0001523659878,0.002452314873,0.002767219564,-0.0006689407122,-0.001931854121,205.9555836,203.3747502,298.2484806,7.696879254,4.032190451,1.982395701,207.095046,203.6724589,298.6274202,6.454096185,3.742757461,3.02055632,0,-153.0125768,103.1422866,-0.5057233547,-164.0686208,110.9269073,0.1025977316,-152.8944591,103.1706852,0.115740685,-141.2915342,97.97701123,49.98510518,49.98510686,2983.4146,2973.946109,-120.1534526,-287.3658456,4.4333533,1
345,16,32,96,1,1,1,1,1,1,0,1,1,1,1,1,205.7015371,202.3860385,299.3020726,12.3930988,12.82450541,8.511663109,206.5219449,200.6318517,301.3347157,4.461297531,10.83998254,11.19679747,1.894696924,-9.473802307,7.579273504,-1.881491875,9.501942161,-7.620284849,205.6934422,202.3844303,299.3032025,12.10604305,8.30005722,2.937391323,206.5106896,200.6024604,301.3108205,3.592025053,4.625401138,7.802881882,0,-152.8661581,103.2370518,12.59368678,173.5034582,-98.66708274,-0.4801437598,-152.7004717,103.5034861,-49.65235428,-70.92408755,95.21166313,49.98498576,49.98498356,3007.030232,2998.914381,-120.2084517,-284.1120753,4.2229327,1
346,16,32,96,1,1,1,1,1,1,1,0,1,1,1,1,205.7006146,202.384491,299.3003904,12.39864696,12.84725417,8.535566629,206.5198601,200.6309554,301.3437088,4.453115191,10.85853087,11.22039201,-1.887118573,9.485034574,-7.597781591,1.874939041,-9.514623652,7.639827845,205.6925325,202.3828959,299.3015142,12.11388761,8.318363532,2.945338521,206.5086315,200.6009982,301.3194578,3.589257091,4.637726209,7.813386473,0,-152.8664656,103.2372808,12.59836464,173.4702652,-98.44322056,-0.4808889935,-152.6984224,103.5037449,-49.77185813,-70.74529613,95.27983319,49.98497856,49.98498967,3008.205682,2997.75956,-119.611516,-284.7293407,4.2628376,1
347,16,32,96,1,1,1,1,1,1,1,1,0,1,1,1,206.2780269,203.4904893,298.0413137,7.598148182,6.781934278,7.900033297,208.946196,204.1043692,297.166611,10.89744057,3.348570055,7.929362449,5.116386221,1.570818967,-6.687097346,-5.166601393,-1.545392924,6.712095269,206.270226,203.4873521,298.0462084,5.443518642,6.467026847,4.094039004,208.9277731,204.1009828,297.1600235,9.493986167,2.665839125,4.11060364,0,-153.1868488,103.3137631,23.91374851,-133.7788418,50.37703963,0.1607590732,-153.4971572,103.5084908,-13.69183042,151.972416,155.9959853,49.9849706,49.98497289,3009.921279,3001.090027,-122.9214777,-289.6031004,4.2015304,1
348,16,32,96,1,1,1,1,1,1,1,1,1,0,1,1,206.274427,203.4820198,298.0492459,7.604903616,6.78317034,7.899580064,208.9403611,204.0956448,297.1720011,10.88986304,3.349815633,7.925019874,-5.116208646,-1.571078699,6.687436386,5.167020827,1.544549082,-6.711425617,206.266609,203.4788644,298.0541503,5.45117394,6.468117371,4.090909209,208.9220042,204.0923068,297.1654789,9.484304366,2.6669539,4.100082088,0,-153.1842448,103.3140821,23.85593895,-133.7616567,50.51893058,0.161012516,-153.4948744,103.5084229,-13.6939833,151.9371068,155.9906597,49.98497595,49.98496911,3008.910876,3001.877856,-123.5733652,-288.8765312,4.2491561,1
349,16,32,96,1,1,1,1,1,1,1,1,1,1,0,1,205.8043642,203.7295811,298.0865794,11.66875123,5.714407117,5.450616923,205.5170652,204.6616712,299.0515602,9.334012451,9.137076912,4.309724487,-6.645384839,5.237203303,1.408334454,6.687563277,-5.284351088,-1.40305422,205.7967095,203.7260289,298.0919737,9.497003686,2.048967498,5.105940177,205.4965604,204.6445306,299.0559621,6.373314763,7.38469409,3.866211717,0,-152.8919572,102.9263153,-22.1255905,131.9813179,147.847017,0.2875574158,-152.3696221,102.6687512,33.58256717,-137.2849131,33.51094489,49.98504132,49.98503906,2996.384838,2987.268517,-133.7602352,-300.4028803,4.2703263,1
350,16,32,96,1,1,1,1,1,1,1,1,1,1,1,0,205.8078787,203.7385439,298.0804885,11.66252282,5.706045681,5.447702234,205.5243423,204.6714028,299.0471747,9.330186178,9.130978936,4.313802237,6.64284934,-5.227169676,-1.415529659,-6.683979316,5.272948676,1.411194116,205.8002211,203.7350255,298.0858892,9.490709117,2.045691112,5.100925135,205.5038662,204.6543241,299.0515731,6.370165491,7.382975029,3.868249538,0,-152.8943309,102.9252605,-22.07464471,132.0353086,147.8970978,0.287077039,-152.3723005,102.6681254,33.49130543,-137.3133235,33.60422727,49.98504148,49.98503983,2995.855363,2987.732409,-133.6190083,-300.5453592,4.4115994,1
351,16,32,96,0,1,1,1,1,1,1,1,1,1,1,1,205.3620522,199.6270569,301.5399837,4.995352921,12.03815071,11.85067335,207.0675692,202.18792,299.9269308,12.03456279,13.60077081,9.61474825,-2.231958674,10.93789969,-8.705778586,2.201880661,-10.84899448,8.647262788,205.3488185,199.5864106,301.497657,3.911451661,3.931004936,7.270363537,207.0598911,202.1861192,299.9251185,11.63768475,7.587665409,2.451386937,0,-152.1508219,103.9562161,-44.45101702,-76.21786912,94.72116079,0.7481665229,-152.1435378,103.7489467,13.58605058,177.5894375,-104.1116632,49.9849631,49.98494737,3013.42219,3004.359356,-110.4000465,-281.7504064,4.4387395,1
352,16,32,96,0,1,1,1,1,1,0,1,1,1,1,1,235.8656312,342.2360331,357.7359933,14.32137071,18.01857348,19.53217012,239.5892844,343.468266,359.4798727,16.32347229,18.71907077,20.82203471,-1.428387354,4.393200334,-2.955880429,-6.622015855,4.696085078,1.932324806,167.121092,223.1141375,320.3102291,4.883062167,3.272272831,2.769871569,169.6215172,224.261977,321.8997012,8.070286459,5.597810154,7.595830896,0,-138.2348009,88.55999552,35.54436803,-163.7276447,-47.64988875,0.05845386043,-137.8693533,88.90087039,-20.8703402,-123.6707371,103.2481246,49.98479978,49.96143095,4546.278983,6183.996101,-636.3976777,-1142.155966,4.6502996,1
353,16,32,96,0,1,1,1,1,1,1,0,1,1,1,1,205.3474895,195.2491304,304.9117481,10.58552784,46.79638364,39.69910724,206.6896062,195.731895,304.9990341,10.47671828,46.64925525,39.68924953,-6.588013632,43.35336293,-36.7652896,6.507401779,-43.24342601,36.73607792,205.1291962,194.9328278,304.6115801,7.078158146,3.846322176,2.370618822,206.4603208,195.3779621,304.7507403,7.018747584,3.472981048,2.720318343,0,-151.7342962,104.9636565,0.1021403003,-154.8484253,100.3329238,0.1485088602,-151.6647903,104.9956413,-0.5121673039,-148.5150305,108.9244913,49.98255567,49.98253784,3492.783848,3488.067442,-0.5932997632,-167.9089301,4.5548172,1
354,16,32,96,0,1,1,1,1,1,1,1,0,1,1,1,201.9001604,199.1994911,305.5864549,27.97263055,63.97339002,67.01419417,210.8714719,198.7454028,300.4417884,34.37265684,62.53235794,66.87056882,0.4787013854,43.49397888,-43.97293037,-0.7437958828,-43.10979715,43.85343952,201.6015079,197.048449,303.8476018,12.74460042,15.6033274,16.0083821,210.2514347,198.5562304,299.7703402,23.43805642,11.15562976,16.57606781,0,-150.7671461,103.8603545,122.5086745,-110.1284756,16.62355887,0.4045913987,-152.3002062,104.8342353,-27.24704092,95.86717619,178.9718504,49.97749053,49.98001143,4427.791543,3774.413007,168.4294603,-239.8265236,4.7780796,1
355,16,32,96,0,1,1,1,1,1,1,1,1,0,1,1,207.736811,196.8972231,304.537621,18.29822695,8.222900298,18.43185756,211.0591785,197.7468066,303.8395008,20.36085253,4.256502839,18.57965674,-12.49000313,-0.5599897855,13.04680239,12.64063978,0.5598215664,-13.20348558,206.119384,195.597392,304.0369502,5.575704306,7.528899478,4.89539177,208.9354803,196.0715789,303.0591885,9.774071131,2.821970745,4.735637838,0,-152.2330007,105.2143462,29.84736445,-130.6855528,48.45330521,0.05631170202,-152.7128942,105.418645,-16.78817465,124.6078543,165.109818,49.98260102,49.98622339,3291.004917,2980.565405,-40.34918855,-234.3900546,4.4621995,1
356,16,32,96,0,1,1,1,1,1,1,1,1,1,0,1,202.8431276,202.2765081,300.9531444,60.95073464,66.12534473,33.67415315,208.2469308,210.3234107,294.1995047,64.17590306,66.89573379,31.10217372,-42.40459913,44.69970941,-2.294876332,42.58682313,-44.79933072,2.212754022,202.7617756,201.5195555,300.162706,7.919093541,15.13915173,19.19301762,206.3770635,207.9235968,293.7439533,20.72493779,16.8301655,14.60834754,0,-151.261516,102.9013757,-141.0754504,-62.59354904,83.22383732,1.714273895,-152.1045844,102.3148435,14.10595799,144.3869361,-103.2263822,49.97860182,49.97844146,4235.721778,4282.85861,-1.718989364,-50.7482792,4.5399882,1
357,16,32,96,0,1,1,1,1,1,1,1,1,1,1,0,205.1861591,199.6626646,301.6565347,4.902282254,12.83167027,12.69851968,206.9154787,202.2375331,299.9862121,12.10876021,14.28521487,10.5935201,-2.130607184,11.46468047,-9.333843406,2.092670063,-11.36452127,9.272054126,205.1702923,199.6050008,301.5960059,3.844127422,4.023186529,7.359238557,206.9065036,202.2330419,299.9793306,11.73271035,7.620868115,2.557356371,0,-152.0652636,103.8973299,-45.68714719,-76.04490287,94.10615975,0.7586957957,-152.065622,103.6898061,13.5359923,177.0251007,-105.058106,49.98493584,49.98493351,3019.025887,3008.144769,-111.9379204,-283.2506062,4.6464699,1
358,16,32,96,1,0,1,1,1,1,1,1,1,1,1,1,205.36148,199.6299797,301.547078,5.006079808,12.04223971,11.84702903,207.0649596,202.1853799,299.9280143,12.02703278,13.62341866,9.612656752,2.240533439,-10.93409438,8.693617848,-2.209443871,10.84370406,-8.634203731,205.3481825,199.5886567,301.5042655,3.917187322,3.925903156,7.258474875,207.0572834,202.1835694,299.9262578,11.62737358,7.620062522,2.425990378,0,-152.149492,103.9570787,-44.32665019,-75.70216925,95.07076872,0.7474926151,-152.1440783,103.7499177,13.58759769,177.7018754,-103.2159705,49.98497953,49.9849303,3009.488476,3008.570589,-111.6615451,-280.3880835,4.4853742,1
359,16,32,96,1,0,1,1,1,1,0,1,1,1,1,1,205.3464159,195.2461623,304.9055924,10.58473931,46.81631398,39.71847193,206.6877783,195.7302884,305.0065553,10.47619432,46.67390845,39.7111158,6.589749933,-43.36854396,36.7788854,-6.508864845,43.2585474,-36.74956245,205.1273167,194.9295854,304.6061534,7.078479061,3.818529057,2.350949852,206.4589753,195.3780934,304.758109,7.018338348,3.501685349,2.736318018,0,-151.7353733,104.9632236,0.1220023994,-155.0087161,100.9396198,0.1484233139,-151.6624137,104.9951725,-0.5322856385,-148.3910438,108.346472,49.98255238,49.98253188,3493.088731,3490.879563,0.3122266132,-168.4095307,4.1311473,1
360,16,32,96,1,0,1,1,1,1,1,0,1,1,1,1,235.6016437,342.808935,357.6470896,14.55837216,17.71914437,19.00443796,239.2805531,343.761645,359.1372069,16.73220298,17.51450182,19.94445196,1.292437703,-8.268728759,6.974493079,6.768487758,-0.8348054708,-5.934852663,166.7558278,223.1739921,320.0702797,4.752193523,1.632928481,2.610637098,169.2583904,225.1148229,321.7002039,8.110406871,8.327258981,7.237561839,0,-138.1591519,88.58216995,35.41760577,-55.66732572,-143.8492095,0.08282753157,-137.9456737,88.74846177,-20.11324501,-149.3992975,71.99237888,49.98446682,49.96188013,4174.739574,6523.811357,-613.9578907,-1165.39264,3.9845874,1
361,16,32,96,1,0,1,1,1,1,1,1,0,1,1,1,208.0918721,195.9163751,304.8868936,18.29155069,8.158065594,17.96231573,211.2405856,196.8096563,304.0561543,19.87636235,4.223454169,18.00508198,12.80955352,0.5043864013,-13.30395554,-12.97534374,-0.4895966178,13.47456181,206.478454,194.5709998,304.4011975,6.046835164,7.460088115,4.717557376,209.0452946,195.0713115,303.2439678,8.997605844,2.750405557,3.999115264,0,-152.3225095,105.3898482,23.30851372,-131.1597945,57.29520579,0.1128468466,-152.7814322,105.5577002,-15.71491699,124.8576705,166.8184809,49.98429095,49.98468691,3059.398457,3137.380459,-81.22726512,-205.0512729,4.110957,1
362,16,32,96,1,0,1,1,1,1,1,1,1,0,1,1,200.8498235,198.712452,306.3437798,33.24431718,72.67141656,76.37611753,210.9062786,197.495023,300.0832545,39.20767741,71.05093543,76.2134366,-0.9900438352,-48.84960724,49.8397908,1.300884642,48.41067188,-49.71144458,200.4128157,195.9431845,304.2056171,14.97321167,18.09957674,18.25441766,210.0647575,197.2536431,299.2052686,25.27216627,13.30724454,18.83868782,0,-150.3442704,103.8826251,122.0287921,-111.1874111,15.42458873,0.438700717,-152.1952328,105.0312878,-30.07786527,89.62541193,179.9430124,49.97655613,49.97645362,4683.591502,4687.93204,254.6744326,-67.74140586,4.1198319,1
363,16,32,96,1,0,1,1,1,1,1,1,1,1,0,1,205.1462221,199.7012998,301.6948298,4.934326413,13.66150893,13.5492303,206.8885907,202.2298079,300.0150063,12.07779355,15.04246594,11.62758771,2.184920593,-11.67828138,9.493199177,-2.14295398,11.57192197,-9.429127219,205.1274336,199.6223854,301.6149903,3.816138124,3.991690106,7.24946931,206.878407,202.2227183,300.0032625,11.67914169,7.647666803,2.428937349,0,-152.0488452,103.8869084,-44.53284897,-75.49390791,94.6844553,0.7521158089,-152.0538187,103.6854954,13.22305828,177.3485656,-104.2711487,49.98497525,49.9848233,3012.248122,3030.612858,-114.6529845,-280.2374211,4.1515637,1
364,16,32,96,1,0,1,1,1,1,1,1,1,1,1,0,202.8149331,202.2940833,300.9868706,61.32198692,66.62009313,33.97833526,208.2709028,210.3805714,294.1763712,64.56220542,67.38230815,31.41417149,42.60950378,-45.05394069,2.444862334,-42.79064782,45.15176704,-2.360713747,202.7323801,201.5210087,300.1800457,8.037966312,15.23427685,19.32576124,206.3808396,207.9509505,293.7152261,20.86521886,16.89242174,14.7540982,0,-151.245696,102.8914804,-141.6571001,-62.76993475,82.84928937,1.723202086,-152.0976076,102.3056355,14.04241347,144.1031753,-103.6530262,49.97847603,49.97844713,4272.623113,4274.95198,4.973595668,-52.18903618,4.0815749,1
365,16,32,96,1,1,0,1,1,1,1,1,1,1,1,1,207.3368052,203.1941954,297.6151068,10.87777718,3.468083257,7.226389622,207.1588253,203.6267304,298.8085796,7.177177612,6.948525684,7.206616595,-4.486604861,-1.362824331,5.849548029,4.420359152,1.394045457,-5.814299601,207.3242241,203.1903486,297.607557,9.799913864,3.032165948,4.161923642,207.1515493,203.621606,298.8125072,5.466374613,6.737651814,4.176505479,0,-153.5688297,103.5517208,-15.91715384,144.5691198,156.9928438,0.1654087272,-153.0692949,103.3777441,28.73347267,-130.1511751,50.13544742,49.98499495,49.98498207,3006.084454,2998.362079,-113.4996711,-282.5119914,4.1065372,1
366,16,32,96,1,1,0,1,1,1,0,1,1,1,1,1,208.0764071,198.1481231,300.9988054,35.69027272,67.85635034,71.7881663,201.505743,200.2449973,307.3258304,29.12274679,69.09575857,71.92210605,-0.3598228814,-46.37370513,46.73462325,0.2035011269,46.58717379,-46.78951703,207.4760736,197.8652013,300.2954546,24.0425476,13.11489131,17.28826205,201.1119769,197.311034,305.6021805,13.33530757,17.49256155,17.06376411,0,-153.1551097,104.5042056,-28.47912579,93.09621095,-176.9010775,-0.1785090159,-151.2496243,103.5403941,121.7546461,-109.5531549,19.97142876,49.97812089,49.97748491,4221.255546,4443.61429,73.0009207,-2.844361501,4.1120479,1
367,16,32,96,1,1,0,1,1,1,1,0,1,1,1,1,211.9088101,193.4061649,310.2779343,22.49469518,6.688196576,21.10557865,212.2641076,193.0116957,311.7391636,21.60831258,9.292358738,21.13405109,-16.10249885,-0.8055616141,16.91395554,15.77772845,0.8388490283,-16.61060328,206.736118,188.6535366,308.3169632,7.434009949,2.777529391,2.181823432,207.3687838,189.2343921,309.9559891,7.206846777,6.963326913,4.443482058,0,-151.8272673,106.7934835,-14.27124651,131.7945189,165.8380579,0.1633020473,-151.22596,106.7405451,14.26830269,-128.9443505,81.79882542,49.98157373,49.98650253,3496.332464,2864.850318,88.39783947,-283.8112832,4.0666867,1
368,16,32,96,1,1,0,1,1,1,1,1,0,1,1,1,237.4831524,169.6042451,504.7081518,31.7130608,18.70695786,24.73883887,233.7011191,161.8722971,503.7311551,29.70104678,15.53480722,26.17681058,24.5201458,-8.530731126,-15.98916025,-26.48465465,5.305029589,21.17997232,205.5243731,105.5266659,384.0807428,19.29079081,11.03415786,16.17789172,200.741013,101.9498372,378.582151,11.64925376,7.777540681,11.11265435,0,-134.9002492,123.3288044,-37.1296792,-162.8800497,93.43844877,0.3588211057,-135.3699031,123.1721984,96.80600278,3.673113515,-103.0591468,49.97679291,49.97524326,4827.424446,4773.650656,-121.1254722,1188.926863,4.0000163,1
369,16,32,96,1,1,0,1,1,1,1,1,1,0,1,1,208.2897219,204.2629248,296.2182806,17.04394592,6.337849891,20.04843419,209.6597912,204.8584292,296.2740974,17.1449596,6.332897719,20.00619908,-14.8349355,-4.431300831,19.26649661,14.80843576,4.439975804,-19.2481867,208.2520103,204.2134823,296.1924716,7.002299092,3.836927819,2.574407232,209.6008095,204.7972336,296.2529917,7.310702967,3.820590256,2.376143786,0,-154.1730899,103.7050246,-1.291268158,-154.3115118,99.42126542,0.1757547524,-154.104616,103.7205156,0.8526516421,-154.2480633,108.2490828,49.98446934,49.98446829,3110.6004,3101.022786,-95.8790092,-266.5638679,4.1208243,1
370,16,32,96,1,1,0,1,1,1,1,1,1,1,0,1,209.855713,201.6225685,298.2802236,55.53069155,21.91961237,54.69155622,207.3870642,206.8971489,296.7204345,55.79138674,26.61637082,53.53983329,-36.15850237,-0.4378936037,36.59677996,35.89374772,0.4992210439,-36.3925838,208.787119,201.1209727,296.6907806,13.5629661,10.65554077,13.96144496,207.0985347,206.0818763,296.512053,16.98917842,18.23078263,10.13941691,0,-154.049389,104.5811607,-75.14020758,23.42403403,136.513184,1.529559082,-152.7420108,103.6028483,50.63531827,-155.3588136,-28.33366554,49.98005421,49.98046744,3976.265286,3857.645356,79.82750575,-196.1369368,4.0537489,1
371,16,32,96,1,1,0,1,1,1,1,1,1,1,1,0,205.8126574,203.7422274,298.0713291,11.66998575,5.737197114,5.459840647,205.5268281,204.6854398,299.0378818,9.358977403,9.174709398,4.311342116,6.660331727,-5.265872308,-1.39429565,-6.702018972,5.312214362,1.389989794,205.8050069,203.7386952,298.0767336,9.486049586,2.031542254,5.120899828,205.506225,204.6680922,299.0423372,6.391163511,7.408410045,3.874763735,0,-152.8971411,102.9255989,-22.20709691,131.3181612,147.8758568,0.289430542,-152.3733618,102.6667679,33.56781375,-137.4286995,33.32123075,49.98504244,49.98503674,2996.07843,2987.800351,-133.4016619,-300.7977099,4.1410495,1
372,16,32,96,1,1,1,0,1,1,1,1,1,1,1,1,207.3328944,203.187276,297.620338,10.86027612,3.46924303,7.227015125,207.1616706,203.621244,298.8120472,7.183346159,6.941351526,7.208276214,4.487394098,1.372956762,-5.860187934,-4.420207719,-1.405454799,5.825830305,207.3202813,203.1833804,297.6127516,9.780956654,3.025372493,4.146506555,207.154412,203.6160691,298.8159602,5.47567399,6.726532226,4.163111774,0,-153.5667657,103.5514633,-15.88322871,144.7887523,156.8631603,0.1648421181,-153.0688745,103.3781407,28.55166697,-130.2147814,50.30198441,49.98499132,49.98498624,3006.592389,2997.780391,-112.9271699,-282.9559743,4.0481607,1
373,16,32,96,1,1,1,0,1,1,0,1,1,1,1,1,210.9830728,193.0777106,310.1158588,23.46418577,8.15793414,21.71227599,211.1997878,192.7662997,312.0035246,21.6002556,10.81500679,21.77035553,16.56782742,0.1082651062,-16.67633069,-16.24605695,-0.1211651971,16.3668686,206.4484011,188.8279289,308.3578376,9.243415073,3.132597647,4.286799438,206.5546828,189.3938648,310.1272956,5.578542254,7.751893618,5.551320798,0,-151.6949501,106.7403777,-13.43621457,118.101604,178.0255604,0.1528940447,-151.0179482,106.606117,21.99411165,-127.7683697,59.59828357,49.98355569,49.98455063,3053.118226,3297.436432,-14.25105353,-176.0828671,3.9786771,1
374,16,32,96,1,1,1,0,1,1,1,0,1,1,1,1,208.2382746,197.586527,301.0498553,39.16998868,70.97248514,75.88275283,200.8345184,199.9764597,307.4765303,32.73331591,72.24758898,75.94856925,0.8773898263,48.35044111,-49.22764435,-0.6984061453,-48.57868611,49.27724343,207.512781,197.260523,300.208669,25.68218249,13.86779123,18.68846055,200.3884929,196.7436406,305.6154558,15.11212236,18.31186021,18.20603514,0,-153.1757114,104.6511648,-30.08499742,91.54393474,-179.1094872,-0.1571874428,-151.1570076,103.5602951,122.5011704,-109.6820067,16.5355187,49.97661709,49.97651868,4656.647475,4674.868342,118.8843246,108.0588746,4.0114749,1
375,16,32,96,1,1,1,0,1,1,1,1,0,1,1,1,208.294011,204.2656067,296.2116312,17.07641441,6.337365064,20.07236873,209.6610602,204.8635108,296.2710964,17.16135937,6.33259702,20.03038626,14.85457646,4.430534011,-19.28495054,-14.82754618,-4.439717153,19.26744146,208.2563965,204.2161842,296.1857449,7.021491348,3.836465074,2.572230526,209.6018039,204.8022308,296.2497209,7.29162009,3.821188556,2.375289043,0,-154.1758509,103.7068361,-1.248417595,-154.3201803,99.87026055,0.1753052183,-154.1067441,103.7212753,0.8168263673,-154.2443928,107.7633242,49.98448133,49.98445508,3107.596204,3104.318972,-97.1171681,-265.441178,4.0776048,1
376,16,32,96,1,1,1,0,1,1,1,1,1,0,1,1,237.216848,168.797487,504.7462465,31.7981206,18.64289448,24.85989329,233.4767003,161.1192402,503.7663763,29.84761222,15.50464951,26.29964145,-24.63429747,8.515800744,16.11838134,26.60834545,-5.302524169,-21.30601134,205.3664512,105.113889,384.2568579,19.32056681,10.99605623,16.26070605,200.5618675,101.5377665,378.7241152,11.73576204,7.758839118,11.19454442,0,-134.7307786,123.3903882,-37.39457786,-162.8592121,93.44562175,0.3655495644,-135.1987085,123.2331924,96.66282481,3.647276201,-102.9627768,49.97552578,49.97645898,4825.473623,4772.075737,-119.2733977,1190.694992,3.947274,1
377,16,32,96,1,1,1,0,1,1,1,1,1,1,0,1,209.7639571,204.3542673,296.3604218,33.91344475,29.98099603,15.35114645,208.9472326,207.9049313,295.8380282,34.56371518,32.12984393,12.74683423,-17.84095889,20.53039203,-2.688804598,18.14000896,-20.76051255,2.621059362,209.2095492,203.4868845,296.0381872,9.903272107,4.200335348,10.66783389,208.4424621,206.7595425,295.5238177,11.89076718,11.7192763,6.54022285,0,-154.3242158,104.1121924,-55.28816898,7.549151474,128.7653676,0.9340342387,-153.6736616,103.4280486,43.14084927,-160.6312501,-32.6498073,49.98337613,49.98317645,3293.001135,3347.221654,-94.79475878,-237.1005503,5.0226578,1
378,16,32,96,1,1,1,0,1,1,1,1,1,1,1,0,208.8453671,202.4823383,297.6034067,42.63630236,15.799396,42.03058169,207.3106602,206.4592868,297.3510555,42.8889209,20.68315797,41.07687714,28.13562028,0.3742389834,-28.50680615,-27.91761002,-0.4234655397,28.34395642,208.1962311,202.1560193,296.6084886,10.77254636,7.587334248,10.65822385,207.1601717,205.9856046,297.2139082,13.55985262,15.19236105,7.344857011,0,-153.9094036,104.0773815,-63.92302015,28.82936914,140.8021189,1.101833214,-152.7950867,103.3429046,45.52260984,-152.3864261,-15.22036173,49.98157381,49.98301231,3616.105247,3310.372868,2.002562532,-286.2402627,4.467062,1
379,16,32,96,1,1,1,1,0,1,1,1,1,1,1,1,204.4109001,203.8552738,298.9157698,9.363735476,8.830140659,3.998893277,207.0744971,203.8523835,298.3993262,11.01515549,5.265345913,5.452692852,6.493364283,-5.121072737,-1.372117973,-6.399565708,5.030657653,1.369081829,204.3949174,203.833973,298.9198671,6.586385877,7.141219922,3.519607612,207.0668942,203.8465964,298.4052668,8.846697433,1.29545906,5.113336437,0,-152.3954172,102.622402,28.10087285,-143.3558874,31.0001892,0.01039483844,-152.7074172,102.9040861,-20.87920141,144.5904352,143.4905435,49.98507684,49.98507352,2988.973243,2980.80834,-139.6513185,-305.0454946,4.1835976,1
380,16,32,96,1,1,1,1,0,1,0,1,1,1,1,1,205.6665895,209.9104529,294.7020012,56.99759294,58.80447017,25.83324983,203.8463112,203.6070673,300.6249744,53.27421568,57.50091065,28.48119006,37.78129319,-39.25587432,1.475150651,-37.27785454,38.85282325,-1.57442175,204.3706465,207.8490643,294.3847217,19.3492967,15.77245628,12.42316425,203.7628704,202.9609035,300.12936,6.655152851,13.46870245,17.0940454,0,-153.4019718,101.3482867,13.32552564,148.0209632,-101.040289,-1.271059171,-152.6114147,101.9388615,-136.0176305,-61.25984479,85.35008901,49.97987504,49.98049032,3998.158082,3812.083206,34.04151189,-217.8460479,4.1213005,1
381,16,32,96,1,1,1,1,0,1,1,0,1,1,1,1,205.3911332,202.2367308,299.6514335,12.50829642,16.83428128,14.2620423,206.0625942,200.6855856,301.712539,4.484789179,15.58479707,15.92374981,-2.035969406,11.97899074,-9.942762932,2.043565118,-12.03911934,9.995818405,205.3755779,202.2210964,299.6298889,12.11247892,7.983007091,2.710327877,206.0325694,200.5420341,301.5892839,3.207777515,4.620243741,7.448247096,0,-152.6827507,103.1674734,10.60303605,172.7376186,-108.5637284,-0.4541361492,-152.4969238,103.3934246,-46.47247758,-74.94570519,92.17241483,49.98488937,49.98476187,3022.088462,3044.213795,-127.2609046,-276.9003068,4.5715688,1
382,16,32,96,1,1,1,1,0,1,1,1,0,1,1,1,206.106355,206.7755709,295.7097161,53.89186587,25.28728767,51.58281968,211.2925144,202.8624752,297.2680348,53.22820363,20.40962223,52.60265975,34.5154078,0.4893310975,-35.00436861,-34.57027443,-0.5429438151,35.11357228,205.8403268,206.2176305,295.6271554,16.33813837,17.65581798,9.736769965,209.9899982,202.4880126,296.0922903,12.70701145,9.986530014,13.54202956,0,-153.7437401,102.5196545,48.02328692,-157.6389746,-29.20079909,-1.142817986,-154.8142032,103.4886479,-74.92954498,19.79963995,135.1360573,49.98096503,49.98043504,3765.317954,3890.680836,-66.88846174,-132.3553277,4.6443698,1
383,16,32,96,1,1,1,1,0,1,1,1,1,0,1,1,204.4137662,203.9403482,298.8481302,9.467685683,9.025042196,4.021076441,207.112253,203.92805,298.3196239,11.14875863,5.483374912,5.500165739,6.633570638,-5.353584924,-1.279809083,-6.535697137,5.259643007,1.276228309,204.3971357,203.917419,298.8523145,6.591011382,7.215059493,3.582417164,207.104663,203.9221781,298.3255244,8.910743575,1.297858316,5.189785878,0,-152.409011,102.604325,28.85725771,-143.1923053,30.06022459,0.006978385529,-152.7294567,102.8922688,-21.26395241,141.2867319,143.8757899,49.98507362,49.9850627,2989.70852,2982.908136,-140.2533772,-306.0468857,4.8040523,1
384,16,32,96,1,1,1,1,0,1,1,1,1,1,0,1,291.42706,331.6638113,339.415965,21.71939087,22.21096225,13.61772598,294.5036719,332.9685961,344.1207346,17.98819138,20.53705323,15.83525351,16.5772214,-19.98744544,3.41017067,-6.903235325,13.77712374,-6.873983548,234.9554698,261.2687594,234.1784492,8.537457067,4.080477612,5.494532573,240.1332859,265.195147,237.1872633,14.54278452,12.72503647,8.303761652,0,-169.989966,100.9514105,63.09695949,-42.63881144,-136.2372051,-0.05401057809,-169.61759,101.0177066,-31.79741103,175.2809143,67.16156676,49.9738565,49.96494129,6071.84856,6135.243938,583.2855167,-534.1765969,4.1960182,1
385,16,32,96,1,1,1,1,0,1,1,1,1,1,1,0,201.8103951,204.1514632,300.3771998,36.87015811,32.14727867,6.071162783,203.0864831,204.6562739,300.5343301,36.68001787,32.03194581,6.064615323,34.07945838,-30.5212599,-3.558116217,-33.93835174,30.39805998,3.540372919,201.6497445,203.9398565,300.2680448,7.033845749,3.785017186,2.492624243,202.8576934,204.4642154,300.425985,6.827905862,3.876574039,2.512254829,0,-151.1244608,101.6795531,-1.927148885,-154.8897694,102.3195193,0.1624238487,-151.0311406,101.6898932,1.574026052,-147.6458367,100.9477335,49.98364135,49.98362235,3279.544985,3270.647975,-128.8782953,-293.7043871,4.1408669,1
386,16,32,96,1,1,1,1,1,0,1,1,1,1,1,1,204.4078874,203.8555126,298.9226704,9.379839345,8.859083404,4.001581771,207.0735925,203.8490479,298.4054857,11.03242497,5.300975853,5.459752636,-6.515450716,5.156651681,1.358939167,6.422009713,-5.066918805,-1.354957794,204.3918073,203.8339789,298.9267844,6.585687344,7.148760418,3.52786198,207.0659913,203.8432618,298.4114294,8.851118358,1.289379046,5.124387727,0,-152.3931402,102.6220433,28.14824022,-143.3855391,30.8628136,0.009838882302,-152.705828,102.9045428,-20.89942339,144.3264442,143.5387327,49.98507879,49.9850709,2989.841489,2980.015967,-139.3220158,-305.4370616,4.1606479,1
387,16,32,96,1,1,1,1,1,0,0,1,1,1,1,1,205.358093,202.2713076,299.6620451,12.52897496,17.38220333,14.9593504,206.0070358,200.7422519,301.7489808,4.486259399,16.171608,16.54464899,2.059106536,-12.19653519,10.13751781,-2.068592508,12.25967557,-10.19097863,205.3411305,202.2537499,299.6368079,12.12071106,8.007087603,2.664755356,205.9738946,200.5811677,301.6096967,3.158057258,4.631246551,7.402963157,0,-152.666509,103.1482943,10.35790012,172.7437814,-108.760356,-0.454866854,-152.4758437,103.369433,-46.12593032,-74.6762501,92.21724703,49.98480857,49.98478218,3040.181011,3039.247245,-125.7070857,-279.389178,4.3751033,1
388,16,32,96,1,1,1,1,1,0,1,0,1,1,1,1,205.6132909,210.0095792,294.489126,58.03641159,60.16601513,27.05618245,203.6610038,203.6252939,300.7903261,54.27768069,58.90302318,29.70167877,-38.40777,40.11460591,-1.706728222,37.90081093,-39.71156432,1.810876509,204.2698752,207.8691928,294.1505751,19.64899355,16.14680475,13.11963303,203.5750643,202.9145309,300.2404405,6.88799884,14.0541648,17.76892158,0,-153.4250218,101.3136498,13.12136704,146.1090303,-101.7168596,-1.299391858,-152.5505053,101.9122924,-137.8210599,-62.44399512,84.59489838,49.97962549,49.98008181,4056.361816,3918.421678,66.57572971,-218.5807669,4.1237597,1
389,16,32,96,1,1,1,1,1,0,1,1,0,1,1,1,204.4139709,203.9332201,298.8578836,9.474020201,9.023666185,4.024826482,207.1118193,203.925028,298.326461,11.16224158,5.495342772,5.495378623,-6.651832469,5.364436186,1.28753643,6.554670707,-5.271433378,-1.283090064,204.3972964,203.9101933,298.862029,6.580318205,7.205142809,3.582894625,207.1042156,203.9191527,298.3323414,8.9131909,1.30448265,5.182097556,0,-152.4070677,102.6067745,28.8079502,-143.155484,30.202022,0.008727970818,-152.7268496,102.894198,-21.18719176,141.6539774,143.920659,49.98507372,49.98506333,2990.489048,2981.929807,-139.7074923,-306.4532456,4.1488512,1
390,16,32,96,1,1,1,1,1,0,1,1,1,0,1,1,206.264529,203.4886969,298.0518248,7.704475922,6.796753184,7.989987611,208.9548116,204.100351,297.1835206,10.98975866,3.333343895,8.044553855,-5.217680645,-1.551814206,6.769611,5.268482329,1.525484121,-6.793865629,206.2566985,203.4855248,298.0567485,5.453731039,6.489511315,4.083343765,208.9358894,204.0970354,297.1765484,9.519598878,2.66346309,4.148688774,0,-153.1817724,103.3106408,24.49477634,-133.7409883,49.78049481,0.1578758374,-153.4946228,103.508932,-13.99290621,151.4876989,155.6892976,49.98498885,49.98495189,3006.840635,3004.851659,-123.6317778,-289.7687753,4.2779621,1
391,16,32,96,1,1,1,1,1,0,1,1,1,1,0,1,201.8159935,204.1408856,300.3828137,36.77332155,32.04394193,6.067272308,203.0775735,204.6262107,300.5385174,36.56803292,31.9214364,6.061046974,-33.98840806,30.42652792,3.56198583,33.84820091,-30.30444114,-3.543654514,201.6563953,203.9302215,300.2746531,7.075285327,3.818427414,2.492213708,202.8512278,204.4354646,300.4307708,6.787040532,3.845762631,2.51279839,0,-151.1255425,101.6828379,-1.956278406,-155.2213245,102.357925,0.1588174341,-151.0339718,101.6933601,1.622752908,-147.2602282,100.9166253,49.98362736,49.98365244,3277.436023,3268.775687,-130.0534423,-292.5704576,4.3302736,1
392,16,32,96,1,1,1,1,1,0,1,1,1,1,1,0,292.2122978,332.2833503,343.3200818,18.86883587,18.74322902,12.45631978,294.2169319,333.1159971,345.6994293,17.70904236,18.43994581,13.64282384,-7.82049008,8.372673678,-0.5714170189,-1.911705322,-2.17520407,4.069521707,235.7492394,262.4788564,236.7611451,7.31364415,2.619634227,1.796783237,238.0146251,263.8455229,238.3478081,9.174609425,7.359718863,4.649349989,0,-169.5301981,100.8706674,11.49666737,174.7464267,-158.0765794,0.1194139671,-169.2015893,100.9008581,-9.488411732,-164.0090333,78.55190343,49.97169306,49.96744297,6193.131227,6007.676485,290.8674273,-238.9382401,4.1732651,1
540,16,32,48,1,1,1,1,1,1,1,1,1,1,1,1,199.3038725,217.932524,282.3124273,7.296085403,4.119430747,3.533982919,200.4150946,218.3666274,282.9428232,6.40129269,4.144032003,4.127317217,0.01081498815,-0.0102585609,-0.0004448698259,-0.01049512463,0.009933926216,0.0006801396599,199.2996652,217.9321791,282.3150404,7.295615858,4.118842998,3.53344561,200.4108932,218.3663144,282.9454587,6.400823748,4.143522624,4.126898404,0,-144.7021638,110.4100686,-1.406473972,-153.4410451,113.9068306,0.1259545726,-144.5848982,110.4564623,1.142302357,-136.2050309,107.2835714,49.98329719,49.98330234,3344.978336,3334.894539,-18.80516693,-221.4292365,4.1433544,1
541,16,32,48,1,1,1,1,1,1,0,1,1,1,1,1,199.0457297,217.0692202,283.2545795,11.90145576,12.40953583,7.939409549,199.8440348,215.5441783,285.6546824,4.387581079,10.81289639,11.71414565,1.963584677,-9.25304056,7.289531858,-1.942970983,9.286846423,-7.34380474,199.0405815,217.0683989,283.2530418,11.59662542,7.949674369,1.868977673,199.8358285,215.5170158,285.6290192,3.484356951,5.049320088,8.765588683,0,-144.4812876,110.5063312,12.32666496,178.7908377,-129.7770239,-0.4641435734,-144.2409628,110.7556209,-47.51241801,-74.63461662,99.85655205,49.98316764,49.98316304,3370.750202,3362.795776,-20.34588988,-219.8334186,4.083462,1
542,16,32,48,1,1,1,1,1,1,1,0,1,1,1,1,199.0434787,217.060052,283.262019,11.90145875,12.41360343,7.934330712,199.8432623,215.534937,285.6671225,4.389513562,10.80578683,11.71546434,-1.962811099,9.246098432,-7.283205586,1.942494386,-9.280677179,7.338264187,199.0383428,217.0592224,283.2604678,11.59699529,7.966613418,1.858339195,199.8352186,215.5076555,285.6412901,3.488190718,5.050381981,8.769651582,0,-144.4788711,110.5080052,12.35000562,178.8212226,-129.3413062,-0.4645501372,-144.2376944,110.7576828,-47.55817241,-74.43192529,99.97134998,49.98316258,49.98316813,3372.38568,3361.11143,-19.83152291,-220.339925,3.976709,1
543,16,32,48,1,1,1,1,1,1,1,1,0,1,1,1,199.7148609,217.9686573,282.1338353,7.276543847,7.236989367,8.914336986,202.4170154,218.6608919,281.4580839,11.2804883,3.647275424,8.815261683,5.404562713,1.669238364,-7.0737273,-5.463185766,-1.644857094,7.108125684,199.7098117,217.9665884,282.1352338,4.625406774,6.901756945,5.309071918,202.3985728,218.6583127,281.4462284,9.749503491,2.93745419,5.09410446,0,-144.8841567,110.5692801,24.74203124,-124.8317539,68.79681739,0.2335035171,-145.1953052,110.8090991,-11.65405837,160.3572862,154.4978399,49.98315757,49.98316297,3372.329083,3363.36957,-25.0886239,-226.1990379,4.1221952,1
544,16,32,48,1,1,1,1,1,1,1,1,1,0,1,1,199.7094601,217.9670993,282.1359317,7.296308522,7.245791795,8.928648721,202.4191221,218.6605853,281.4607123,11.30522427,3.642298698,8.834023331,-5.427944611,-1.658886796,7.086905697,5.486864149,1.633731752,-7.12053866,199.704419,217.9649953,282.1373396,4.622628019,6.914568367,5.312883726,202.4005292,218.657925,281.448768,9.761809007,2.939577183,5.105502169,0,-144.8823319,110.56873,24.95613717,-124.7834269,68.67061201,0.2328410025,-145.1947426,110.8092966,-11.72612373,160.0885223,154.5494065,49.98315844,49.98316082,3372.295528,3363.595014,-25.09739182,-226.2836495,4.1269244,1
545,16,32,48,1,1,1,1,1,1,1,1,1,1,0,1,199.0716698,218.5216697,282.0158762,12.04997702,6.328661908,7.24723386,198.6589783,219.9605625,282.9845871,10.26077191,10.29941093,4.424969524,-7.569052017,6.050601334,1.518541451,7.61464568,-6.105666413,-1.508901151,199.0670651,218.5183743,282.0175488,9.25064372,1.170610655,6.938612652,198.6372468,219.9394546,282.9850685,6.707172468,8.168109223,3.902082978,0,-144.6386608,110.168813,-26.2774722,131.0003766,140.5225482,0.360604668,-144.1519436,109.8633923,37.13939311,-136.3922569,45.31902634,49.98320941,49.98320662,3362.624177,3353.758699,-32.01575604,-233.1181426,4.1967834,1
546,16,32,48,1,1,1,1,1,1,1,1,1,1,1,0,199.0727603,218.5154503,282.0197688,12.03960111,6.317496405,7.246200823,198.6621422,219.955494,282.9881096,10.25739759,10.29849965,4.427399969,7.563594491,-6.043459069,-1.520048181,-7.608818368,6.097771743,1.511132107,199.0681611,218.5121604,282.0214212,9.244031265,1.166620685,6.937749321,198.6404543,219.9344423,282.9885515,6.711744076,8.175143536,3.905260016,0,-144.6379794,110.1707311,-26.28791413,130.6352708,140.5512245,0.3609312169,-144.1513277,109.8655438,37.09506022,-136.4218014,45.33928164,49.98320981,49.98320715,3362.52869,3353.885765,-31.77689155,-233.3338444,4.2343268,1
547,16,32,48,0,1,1,1,1,1,1,1,1,1,1,1,198.6692248,214.7291205,285.3136654,4.794514666,11.3283899,11.89106522,200.331879,217.1826879,283.9451229,11.63153665,12.61386563,8.553569905,-2.202636952,10.05113159,-7.848379727,2.192859394,-9.956605494,7.763855351,198.6604656,214.6955238,285.2801087,3.758683379,4.508541691,8.372299519,200.3268502,217.1816546,283.9428474,11.25166069,7.285354898,1.83121735,0,-143.6724394,111.1789855,-44.07828536,-80.25454055,98.81875016,0.7448909274,-143.7434727,111.0468516,13.40911258,-177.4245452,-144.0177059,49.98315388,49.98315268,3374.135314,3364.630415,-11.73894664,-217.4614041,4.2373562,1
548,16,32,48,0,1,1,1,1,1,0,1,1,1,1,1,223.3232246,364.7247365,337.4987214,12.63366553,17.40762521,17.39864169,227.7594702,366.160467,340.0604029,15.08727919,15.96276495,18.63100766,-0.6787854434,10.62787193,-9.948396846,-7.238900023,-1.138553434,8.37808594,154.5856431,245.7563178,300.2542809,4.612370037,2.555584499,2.503787722,157.4190669,248.5891274,303.130523,8.531310242,8.823264419,9.001285779,0,-132.1487213,95.58437462,50.64490502,-59.49098565,-162.7439181,0.04925082485,-131.9291806,95.74970881,-24.93835894,-148.2196673,79.77150088,49.97685827,49.96413789,4972.245273,6806.087516,-225.8332121,-993.7698587,4.1163892,1
549,16,32,48,0,1,1,1,1,1,1,0,1,1,1,1,198.6743721,211.1084897,288.0740084,10.22747946,40.14951736,33.4549453,199.9751642,211.5960502,288.5135213,10.15707985,40.00126456,33.43406526,-6.482606256,37.36647926,-30.88384434,6.43151708,-37.25915871,30.82767536,198.5090517,210.8938016,287.8655975,6.83989362,4.137564348,3.727470029,199.7975071,211.3725393,288.3267307,6.801956258,3.78058725,4.078751787,0,-143.0170311,112.0267822,0.03804023995,-146.1030384,108.901433,0.1500929451,-142.9484646,112.0908207,-0.4459216531,-139.8685811,114.7535169,49.98143319,49.98138121,3718.72397,3716.8651,72.4367243,-130.0243303,4.55517,1
550,16,32,48,0,1,1,1,1,1,1,1,0,1,1,1,194.691015,214.2511735,289.7709382,31.64553671,69.78096862,73.14357093,204.538232,213.0079986,284.4303387,38.09383217,67.9691429,72.9527804,0.9149987997,46.95002561,-47.86505693,-1.151373948,-46.49461395,47.64601573,194.2970583,211.7743061,287.8318972,14.37628703,17.93474905,17.91296509,203.6698501,212.8036526,283.6693021,25.25345849,12.50768866,19.12780905,0,-141.9353944,111.2493075,130.05961,-105.7570774,24.6200883,0.6350033167,-143.5935612,112.5020671,-25.72959869,96.68755913,-179.2109535,49.97519166,49.97582773,4941.64695,4667.974066,318.2328528,-90.84432455,6.1760577,1
551,16,32,48,0,1,1,1,1,1,1,1,1,0,1,1,202.8924443,210.6714016,289.3078329,17.16195783,8.330382541,17.65364947,206.1309184,211.7003,288.9675197,19.5592335,5.012858755,17.9262942,-13.16580306,-1.131895886,14.29695822,13.39856754,1.151329623,-14.55066768,200.7127329,209.1702628,288.6518676,5.003050029,7.186873683,5.288983264,203.441582,209.7744467,288.081454,9.646672115,2.808411933,5.179844025,0,-143.5091342,112.9984461,27.06344881,-122.8214587,71.7194485,0.1619381755,-143.8854937,113.2271845,-13.88637904,150.1009971,155.2977464,49.98273774,49.98243994,3414.412981,3553.451788,14.07282979,-170.2471516,6.5834222,1
552,16,32,48,0,1,1,1,1,1,1,1,1,1,0,1,195.5562886,217.6403239,284.9582679,65.58292953,71.256301,37.1299941,201.1639646,225.9651228,277.6039726,68.7169641,71.88459074,33.18459196,-45.36713368,47.64548922,-2.27823677,45.58694368,-47.73101528,2.144170798,195.4558861,216.7947943,284.069316,9.574823098,17.05649339,22.10585834,198.876106,223.4800493,277.1120315,21.62582067,18.14325978,15.26127571,0,-142.8955634,110.1124873,-139.150386,-59.22063265,88.31787189,1.957231938,-143.9100863,109.5490454,17.07880318,147.5441848,-102.1920851,49.97569687,49.97564353,4823.752107,4840.104067,131.7756055,64.72552483,6.1929274,1
553,16,32,48,0,1,1,1,1,1,1,1,1,1,1,0,198.1608794,214.9264752,285.5244361,4.560526842,12.4303362,13.02539178,199.8725242,217.4484413,284.0389108,11.80883568,13.58988112,9.891424116,-1.938314923,10.98252722,-9.044073226,1.913129796,-10.86249904,8.949502587,198.1478914,214.8688006,285.464481,3.617442216,4.729157229,8.602454064,199.8646236,217.4400034,284.0264878,11.48795779,7.427639141,2.043273491,0,-143.4800123,111.0298262,-47.64833707,-78.7744318,97.89512487,0.7738460309,-143.5676959,110.8937786,13.44114835,-178.77956,-140.0364221,49.98312842,49.98313718,3379.8625,3367.842366,-13.51984543,-220.3481334,6.3860395,1
554,16,32,48,1,0,1,1,1,1,1,1,1,1,1,1,198.6731877,214.7302159,285.3157247,4.803871348,11.28402678,11.84293209,200.3347193,217.1779319,283.9456502,11.62206475,12.59014502,8.497214624,2.213626122,-9.997531997,7.78395192,-2.203361754,9.902685197,-7.699283503,198.6642513,214.6966226,285.2823978,3.762480848,4.495480138,8.354323199,200.3296833,217.176891,283.9434789,11.23922809,7.304297686,1.794009138,0,-143.6731298,111.1806428,-43.88575726,-79.990505,99.04417653,0.7438656164,-143.7449992,111.0490609,13.39003676,-177.3035858,-144.0545035,49.98317528,49.98313189,3370.527418,3368.201579,-12.68094664,-216.4254949,6.0023996,1
555,16,32,48,1,0,1,1,1,1,0,1,1,1,1,1,198.6726766,211.1252446,288.0559811,10.22669774,40.05689312,33.35940061,199.9732322,211.6146171,288.5090124,10.15624132,39.90522027,33.34184229,6.483058581,-37.28094748,30.79793779,-6.432169239,37.17397039,-30.74176128,198.5083597,210.9121455,287.8487636,6.840048287,4.157916854,3.715682468,199.7966795,211.3917926,288.3230388,6.801757712,3.763000907,4.092662604,0,-143.021361,112.0215149,0.04351785922,-146.3385325,108.5373129,0.1494727993,-142.9497081,112.0857892,-0.4518704388,-139.5839085,115.0554933,49.98141845,49.98142369,3720.541417,3711.726057,73.15802994,-131.4347223,5.7564678,1
556,16,32,48,1,0,1,1,1,1,1,0,1,1,1,1,224.0457759,364.5545017,337.6990293,13.36622028,17.49438209,19.07639553,226.4984563,365.6664376,338.8608393,15.41948679,18.68781145,20.33458896,2.237032547,-5.05446671,2.817976514,5.653623562,-4.365627427,-1.286915052,154.9175565,247.6656651,300.8876659,3.885239687,1.985459581,1.196264833,156.670395,248.8119483,302.0543332,6.95197432,7.307473493,7.047425836,0,-132.2930659,95.23269808,13.80521586,-135.7020379,115.9577561,0.2331970858,-132.0632053,95.44684143,-7.899095097,-131.4230976,91.78889054,49.98408734,49.95688037,4957.61051,6830.632358,-373.8149164,-846.046874,6.1153282,1
557,16,32,48,1,0,1,1,1,1,1,1,0,1,1,1,200.8869896,212.9948442,286.3369935,12.20071767,7.961512199,13.16935889,204.0672707,213.7689211,285.6388246,15.47894536,3.8714686,13.29787942,9.825357633,0.8693644579,-10.69427297,-9.974945489,-0.8806369836,10.85604134,200.2744389,212.5658704,286.1453836,4.532342141,7.546697589,5.765677736,203.1957323,213.1907231,285.3251104,10.20566763,2.938861377,5.65220095,0,-144.0266663,112.0598367,31.34222204,-122.6881531,65.3104612,0.2175710903,-144.4288665,112.3331561,-13.54880518,144.7677232,160.0241145,49.98300708,49.98293103,3388.125164,3417.327086,1.583475511,-201.2498921,6.3177942,1
558,16,32,48,1,0,1,1,1,1,1,1,1,0,1,1,194.3003429,214.0479011,289.979877,33.31487362,72.89501042,76.37188926,204.4341288,212.5052339,284.2056158,39.58911578,71.02206194,76.14884643,-1.026432376,-48.85723943,49.88396622,1.277410916,48.38025355,-49.65738574,193.83934,211.3477951,287.9111402,14.94973838,18.80916795,18.54632696,203.4728995,212.2862348,283.3856902,25.69040333,13.28290614,19.70619229,0,-141.7738948,111.2689483,129.4703152,-106.0215229,24.67178448,0.6626168196,-143.535693,112.5742596,-26.58151611,94.80330595,-178.4120484,49.97465503,49.97453908,5063.241578,5075.56308,355.440254,-4.036974326,7.0014831,1
559,16,32,48,1,0,1,1,1,1,1,1,1,1,0,1,198.1822406,214.9124163,285.5070649,4.567303995,12.2318114,12.8181004,199.8919495,217.4431336,284.0315079,11.80169102,13.49716776,9.64156312,1.948324902,-10.85285053,8.904520016,-1.922907688,10.73320256,-8.810285652,198.169619,214.8568891,285.4497685,3.623330784,4.679830469,8.545398839,199.8841864,217.435106,284.0201118,11.47976249,7.550838118,1.895268623,0,-143.4895111,111.0391361,-47.52610866,-77.13908512,98.83366483,0.7729821105,-143.5757968,110.9014317,13.44613835,-178.2309146,-139.2843556,49.98318521,49.98308601,3368.041904,3378.685959,-15.20682613,-218.4736479,6.0246748,1
560,16,32,48,1,0,1,1,1,1,1,1,1,1,1,0,195.5970834,217.6716749,284.9816496,65.4131995,71.07067178,36.95362946,201.1760625,225.9640725,277.6720558,68.54706214,71.69832529,33.00613695,45.24435426,-47.5740163,2.329956292,-45.46242444,47.65873731,-2.19603604,195.4963899,216.832286,284.0990132,9.559891049,16.95902646,22.04505498,198.9007941,223.4915716,277.1841399,21.6027544,18.04880618,15.20733671,0,-142.9030213,110.1091544,-138.9784809,-59.28432152,88.21818032,1.949897647,-143.9087181,109.5482176,17.12872007,147.6323576,-102.377374,49.97572605,49.975851,4808.143581,4792.489887,130.1579315,52.50117605,5.7349137,1
561,16,32,48,1,1,0,1,1,1,1,1,1,1,1,1,200.8924612,217.8054474,281.4950035,11.09392623,3.669316622,8.070513149,200.6060266,218.2939849,283.0618308,6.816566678,7.405623495,8.047800383,-4.702679508,-1.458311081,6.161056031,4.618334542,1.483336736,-6.101601103,200.8809477,217.8030695,281.4839843,9.94670198,3.176147473,5.144984511,200.6017788,218.2907987,283.0626457,4.813559778,7.171357519,5.179937326,0,-145.3099359,110.7428078,-14.58034622,153.872109,153.0897082,0.1120136993,-144.8186715,110.5803668,30.48114757,-122.5279422,68.48084028,49.98317981,49.98317046,3369.020295,3360.70493,-18.3620958,-222.5174234,5.9076234,1
562,16,32,48,1,1,0,1,1,1,0,1,1,1,1,1,201.302197,213.8460833,284.3337092,29.18069073,60.31203134,62.64911479,196.3965291,215.6278034,290.5680771,22.13801085,61.69508365,62.95853242,0.4256175892,-41.34505788,40.92104279,-0.5454140796,41.53235698,-40.98534544,200.8530768,213.674936,283.8792451,20.84342513,11.40661072,15.04973392,196.0818299,213.5008219,289.1141199,9.506179213,16.40368814,15.31820887,0,-144.6265374,111.5164358,-21.89624589,101.3555275,-171.6281555,-0.3547146628,-143.0250499,110.7476535,126.4229491,-104.9596037,37.89335273,49.97923721,49.97672105,3946.83014,4540.093384,117.6087779,-94.20837976,5.7766433,1
563,16,32,48,1,1,0,1,1,1,1,0,1,1,1,1,204.6031368,208.4549198,291.8362172,22.26718692,6.518599431,21.19376894,204.7516772,208.5828762,294.0476047,20.58923298,10.10325768,21.24332214,-16.96782041,-0.1945019897,17.16655178,16.55712121,0.1830443107,-16.73588301,200.8995913,205.5481913,290.5423141,8.792908851,2.986893965,4.57771677,200.9622251,206.2733593,292.6498698,5.795177849,8.217260266,6.067901155,0,-143.0108368,113.7333217,-15.6610693,127.9797844,163.6996926,0.1224618449,-142.3745308,113.6110407,23.52128721,-121.6183072,78.26136532,49.98083623,49.98368835,3616.128145,3433.638164,120.479701,-231.0333834,6.0970762,1
564,16,32,48,1,1,0,1,1,1,1,1,0,1,1,1,239.4512522,189.4460115,463.9985515,32.03302442,17.37638655,28.04796106,245.6017883,198.5917914,466.0736889,33.04104046,20.90445867,25.57542841,-29.22985178,6.023876668,23.20598114,25.51890043,-9.939509958,-15.57933067,203.5454365,122.6826657,351.8703612,10.64675387,8.784370777,10.55656338,211.0543385,127.5359805,358.333445,20.05889445,12.51811615,17.56841305,0,-124.7694036,132.3970738,107.4360826,10.53529057,-106.2222027,0.2438905283,-124.2611662,132.5377313,-30.42583131,-154.2551015,101.5478469,49.97054835,49.97017168,5900.948434,5942.451698,1546.540423,-210.4842265,5.8047552,1
565,16,32,48,1,1,0,1,1,1,1,1,1,0,1,1,202.0713967,218.7536386,280.0383833,19.00698803,6.786483043,22.77409767,203.390775,219.3910995,280.403449,19.0767422,6.779663756,22.68462251,-16.8781113,-4.722239601,21.60046224,16.82778134,4.726007748,-21.55366938,202.0220913,218.6961835,279.9996645,6.778701548,4.107059862,3.925719594,203.3160823,219.3237333,280.367007,7.108570564,4.093557033,3.670441056,0,-146.0180293,110.8488995,-1.816529731,-146.110519,107.4411043,0.1824504787,-145.9494676,110.8937585,1.351932225,-146.1389713,114.3370768,49.98255227,49.98254122,3494.539118,3486.614023,-1.97904885,-206.8209961,5.912289,1
566,16,32,48,1,1,0,1,1,1,1,1,1,1,0,1,204.332417,215.4550252,282.3220701,61.88989704,25.80779373,60.4656887,200.9457269,221.8635834,280.3378621,61.82358357,30.67364292,58.51163313,-40.52923352,0.2403658487,40.28900798,40.16072349,-0.2314956041,-39.9290668,202.9012744,214.954806,280.4838921,15.4023562,12.3191257,16.70078082,200.5314413,220.9654679,280.1333105,18.27380215,20.35743141,10.49450813,0,-145.7810825,111.9625136,-77.03306655,24.68597833,138.2679743,1.715896069,-144.5298502,110.8367664,55.39876257,-151.3731998,-22.67204442,49.97722021,49.97747028,4546.334988,4463.229868,218.1597545,-106.5691948,5.9849743,1
567,16,32,48,1,1,0,1,1,1,1,1,1,1,1,0,199.0956997,218.5671524,281.9660566,12.09834463,6.422069251,7.265434309,198.679029,220.018418,282.9303802,10.33181725,10.38475917,4.418448884,7.639529249,-6.151311123,-1.48814762,-7.686755992,6.206781742,1.480051873,199.0910512,218.5638998,281.9677438,9.253228587,1.157708478,6.965389605,198.6566762,219.9962991,282.9308672,6.730643508,8.199654814,3.908123319,0,-144.657275,110.162819,-26.43867604,129.4792476,140.5497282,0.3641231766,-144.1690842,109.8553312,37.25179241,-136.5144519,44.90861472,49.98320536,49.98320323,3363.284494,3354.7031,-32.15519383,-233.5330088,6.2050312,1
568,16,32,48,1,1,1,0,1,1,1,1,1,1,1,1,200.8951238,217.8122667,281.4874336,11.08401008,3.666109254,8.065304594,200.6113553,218.3009503,283.0528432,6.819259142,7.404972901,8.04397351,4.69845231,1.459651307,-6.158021861,-4.613892581,-1.485358074,6.099335019,200.8836213,217.8098576,281.4764474,9.937491765,3.172970033,5.139423265,200.6071025,218.2977552,283.0536421,4.82103821,7.17089039,5.176497023,0,-145.3125589,110.7415384,-14.5866152,153.8885407,153.0459915,0.1122080393,-144.8218265,110.5794894,30.41177222,-122.5577052,68.54330226,49.98317483,49.98317528,3369.43784,3360.474127,-18.01088377,-222.8630978,6.0406612,1
569,16,32,48,1,1,1,0,1,1,0,1,1,1,1,1,202.4794518,210.4702796,289.1582507,23.19716986,7.10899727,22.24947995,201.8804454,210.8213425,291.4305178,20.38186085,10.8761991,22.04322301,16.00066865,-0.1399467963,-15.86432433,-15.66677626,0.1478604429,15.51529771,200.4587897,208.939037,288.3984309,11.16564499,3.640687035,6.737033505,199.6079005,209.6230403,290.4616458,4.567483727,8.977633874,6.705174326,0,-143.3905026,112.8961668,-17.80564822,120.612955,166.9272398,0.1306754102,-142.6688706,112.6381345,47.18344048,-119.5028053,58.16625562,49.98322273,49.98146639,3209.133181,3814.183018,7.968322981,-135.2280388,5.9921628,1
570,16,32,48,1,1,1,0,1,1,1,0,1,1,1,1,202.1023324,212.2453972,284.8067758,39.50481184,70.84050879,75.82286241,194.5950168,214.9312111,291.4256526,32.79798369,72.32165376,75.7773002,0.9793182168,48.22057513,-49.19955076,-0.7894773108,-48.4488389,49.23864246,201.2598751,211.9712179,283.9920328,25.97984293,13.73544764,19.43107761,194.1060924,211.9682251,289.5088648,15.03737103,18.94472821,18.32820191,0,-144.605159,111.9474753,-27.10787,96.25455121,-178.24396,-0.3621886057,-142.6798608,110.7609888,128.9285994,-105.0539797,25.21247453,49.97470805,49.97466814,5041.540636,5049.754446,206.030951,159.9737791,5.7798859,1
571,16,32,48,1,1,1,0,1,1,1,1,0,1,1,1,202.0720162,218.754594,280.0449503,19.00145172,6.786318577,22.76026532,203.3817805,219.391854,280.4012645,19.05043273,6.77928397,22.66491614,16.8659977,4.721743713,-21.58770502,-16.8155321,-4.725797365,21.54137714,202.0227165,218.6969108,280.0061722,6.807452966,4.107118936,3.942055541,203.3073712,219.3244576,280.3648693,7.080226414,4.093526953,3.65154436,0,-146.0161774,110.8501938,-1.882627443,-146.1197016,107.7952832,0.1841524801,-145.947562,110.8937054,1.429223815,-146.1259951,113.9899031,49.98255967,49.98253827,3492.574116,3488.282934,-3.625630828,-205.2615992,6.1086563,1
572,16,32,48,1,1,1,0,1,1,1,1,1,0,1,1,239.6393918,190.2004114,464.2758772,31.502073,17.33260719,27.48913312,245.8057717,199.3558954,466.4378724,32.63645418,20.95486907,25.19260059,28.55194751,-6.067789681,-22.48471591,-24.84441509,10.00654475,14.83749215,203.760102,123.1925167,351.6913818,10.4419222,8.757557692,10.40461089,211.2404238,128.0197929,358.1695932,20.04230683,12.55511945,17.49708102,0,-124.9847933,132.3216389,108.437075,11.50385075,-105.5057124,0.2469030975,-124.4484285,132.4666247,-29.62590193,-153.5952077,102.1147939,49.96946223,49.97138568,5883.358564,5965.222888,1537.213985,-217.8870624,5.8943592,1
573,16,32,48,1,1,1,0,1,1,1,1,1,1,0,1,199.0974677,218.5661596,281.9658741,12.11095764,6.415319464,7.26459661,198.6713004,220.0040144,282.9297375,10.31249027,10.36421704,4.415101164,-7.619742565,6.129795409,1.49004381,7.6673837,-6.185891023,-1.481378959,199.0928593,218.5628863,281.9675442,9.278950794,1.178564682,6.965033545,198.6488821,219.9819097,282.9301724,6.713537883,8.181922012,3.90525265,0,-144.6578467,110.1624642,-26.40035794,130.4046197,140.5259534,0.3614842572,-144.1702728,109.8549852,37.42343034,-136.3613791,44.909215,49.98318895,49.98321865,3365.233215,3353.079668,-32.08539899,-233.6207016,5.9174212,1
574,16,32,48,1,1,1,0,1,1,1,1,1,1,1,0,203.9540273,215.8517823,282.1286715,57.85078733,24.0312913,56.42701641,201.032021,221.8946248,280.6412128,57.88489223,28.98175507,54.57005747,38.14598734,-0.3546094388,-37.79033078,-37.79452273,0.3444504112,37.45121779,202.6907254,215.4001709,280.4972827,14.24978277,11.59153156,15.48805659,200.6714336,221.1067442,280.4572786,17.30939642,19.65451997,9.468237714,0,-145.7541298,111.790099,-75.99600978,25.37756765,139.2602969,1.592921713,-144.5475555,110.7550447,53.1549148,-150.8141023,-18.64529585,49.97780988,49.97851701,4398.362932,4194.702122,189.2522249,-162.170609,5.8079461,1
575,16,32,48,1,1,1,1,0,1,1,1,1,1,1,1,197.5301096,219.3206368,282.4530769,10.2231666,10.12090038,4.232812264,200.2526252,218.9379042,282.5237575,11.48173957,6.109486568,7.288607764,7.494404782,-6.067743973,-1.426601593,-7.384131032,5.963685113,1.420513622,197.5138283,219.2951433,282.4533885,6.783549809,8.003539439,3.714183262,200.2480725,218.932263,282.5259777,8.660418238,0.4715294923,7.002923882,0,-144.2685608,109.7172872,32.01521357,-141.5319686,43.84508746,-0.05062972271,-144.5513538,110.1051779,-24.91393828,153.627591,138.7206522,49.98323558,49.98323416,3358.235648,3347.781738,-36.24001862,-238.2307724,5.8103132,1
576,16,32,48,1,1,1,1,0,1,0,1,1,1,1,1,198.8211133,225.6561741,277.8952714,63.07606022,65.38109965,28.69138319,196.5909766,218.9051727,285.2159077,59.38234718,64.19167764,32.65445621,41.82708636,-43.30008046,1.473360457,-41.24044788,42.88196164,-1.641151387,197.1437343,223.3485399,277.5160643,20.47436085,17.34464187,13.33219034,196.4916651,218.1354783,284.5794593,8.362799887,15.73867248,20.25780141,0,-145.5532114,108.23973,15.44458464,149.5877972,-101.3429721,-1.514710451,-144.5475411,108.873921,-137.7259578,-58.91972434,89.36991158,49.97692287,49.97741953,4587.811608,4406.380139,182.2886186,-124.8733589,5.8873078,1
577,16,32,48,1,1,1,1,0,1,1,0,1,1,1,1,198.6896349,217.1850885,283.3975233,12.05627456,13.19922961,8.989273909,199.4423303,215.5948364,285.884254,4.203351139,11.66241082,12.55012806,-1.733320376,10.03672516,-8.303358047,1.724968346,-10.08824326,8.363330998,198.683439,217.1807692,283.3926089,11.79489298,8.145082416,1.988256708,199.4329246,215.5519222,285.8434666,3.379584487,5.216239286,8.920854276,0,-144.3513707,110.3955304,12.3535617,178.1294428,-127.0414435,-0.4882448062,-144.0991959,110.6489782,-50.7988846,-72.83983254,99.59191096,49.98313532,49.98316878,3377.230852,3361.658514,-22.15279952,-220.775766,5.8194308,1
578,16,32,48,1,1,1,1,0,1,1,1,0,1,1,1,199.6995019,221.9688841,279.0731216,61.92229804,30.50088594,58.4643076,205.8283241,216.8009498,281.7982413,61.44006172,25.47151402,60.11800923,40.15497529,-0.3211923584,-39.83365484,-40.21185234,0.2283919681,39.98362494,199.2690744,221.1985841,278.9679443,18.00987804,20.30236055,10.47507171,204.0580475,216.3375934,280.2632604,14.79563209,12.18269183,16.62867787,0,-145.8447733,109.5514375,52.9255329,-154.0094533,-24.00236549,-1.375183317,-146.8991962,110.7565799,-78.53835925,20.86926042,136.895606,49.97762859,49.97728679,4434.654704,4523.002152,67.54680309,-12.81720113,5.7921251,1
579,16,32,48,1,1,1,1,0,1,1,1,1,0,1,1,197.5541907,219.4852049,282.3046221,10.47567809,10.44155729,4.226199611,200.3201808,219.0810534,282.3720688,11.74538148,6.510022693,7.358538859,7.797712243,-6.479682743,-1.317954497,-7.678872905,6.369130748,1.309851423,197.5362519,219.4559113,282.3049284,6.808876393,8.087420211,3.753103568,200.3154631,219.0750098,282.3741661,8.74221054,0.4609928314,7.100350942,0,-144.3152668,109.6808988,32.94320327,-141.4590855,42.31374387,-0.05649184573,-144.606609,110.0780701,-25.43626857,143.8270174,138.9390012,49.98323009,49.98321341,3359.30825,3351.810986,-37.15374956,-239.5719132,5.817894,1
580,16,32,48,1,1,1,1,0,1,1,1,1,1,0,1,294.9075387,332.1597192,320.1649578,22.84554271,23.90973207,17.99912954,296.389178,332.7287148,321.6390037,19.22910979,22.30634498,18.15235837,7.96072512,-6.45892483,-1.502534622,2.637147604,0.9936331093,-3.631828036,232.2928319,272.7180776,222.1569121,10.4999867,6.142864856,2.885820605,233.6062185,273.3897208,223.259444,5.680744853,4.089418701,4.041531883,0,-164.3901083,106.8586157,6.569517275,-166.0739282,142.3252644,-0.0191425008,-164.2990493,106.826818,-12.93053074,-162.1100108,82.23599199,49.95351908,49.98022302,7040.400097,6223.221744,32.27364028,-262.3392905,5.7136717,1
581,16,32,48,1,1,1,1,0,1,1,1,1,1,1,0,194.9348952,220.5994711,283.1058495,38.80760298,33.27932908,7.113122994,196.1523152,221.1539269,283.589337,38.59917293,33.17178542,7.083495532,35.82051301,-31.215313,-4.605200211,-35.66327672,31.09157278,4.571704663,194.7569656,220.3570566,282.9728667,6.808080851,4.056205099,3.83364703,195.9063559,220.9339551,283.456807,6.582397764,4.222280053,3.830619377,0,-143.336423,108.7983199,-2.288859974,-147.1349812,109.115906,0.1651285295,-143.2402973,108.8368974,1.95587183,-139.8813522,108.3274469,49.98162249,49.98159008,3681.822521,3676.209909,-7.906259014,-207.9597081,5.7099636,1
582,16,32,48,1,1,1,1,1,0,1,1,1,1,1,1,197.5339876,219.3140763,282.4553096,10.19050163,10.08112941,4.235118736,200.2537128,218.9320056,282.5244142,11.45589047,6.059521106,7.280419067,-7.456586816,6.019007184,1.437667574,7.347102654,-5.916323635,-1.430686961,197.5178417,219.2889008,282.4556057,6.776787644,7.993020168,3.71227525,200.2491626,218.9264243,282.5266313,8.658535343,0.4801212353,6.992074775,0,-144.2689602,109.7191381,31.95685594,-141.4994239,44.01288013,-0.05095827118,-144.5522758,110.106192,-24.85143649,154.5034441,138.7137732,49.98323619,49.98323513,3357.74063,3347.983089,-36.38400172,-237.9326744,6.2853169,1
583,16,32,48,1,1,1,1,1,0,0,1,1,1,1,1,198.4996124,217.2396015,283.5139844,12.06999417,15.36161106,12.23528379,199.2070068,215.7677672,286.003412,4.222280744,14.18655277,14.97242019,1.800957321,-11.01611084,9.215248139,-1.801569829,11.082976,-9.281310302,198.4835517,217.2255046,283.4853676,11.76622902,7.951556211,1.9978573,199.1776814,215.661511,285.8949591,3.245415329,5.171314244,8.736759553,0,-144.2698353,110.3389261,11.59612831,178.1065093,-134.3648619,-0.4767594871,-144.0164277,110.5734154,-49.29116162,-74.86215054,98.42473651,49.9830549,49.98306876,3393.584628,3382.697249,-25.37069803,-218.5560942,5.9798911,1
584,16,32,48,1,1,1,1,1,0,1,0,1,1,1,1,198.7600124,225.7783962,277.6290767,64.46260528,67.17632769,30.22268704,196.3581387,218.92681,285.3740722,60.72770697,66.03060472,34.16200642,-42.67278968,44.45251657,-1.779636974,42.07786141,-44.03230641,1.954546602,197.0132915,223.3648891,277.2250229,20.86154181,17.8022084,14.13955307,196.2562241,218.0741656,284.6657547,8.683685926,16.41563426,21.02159041,0,-145.5874888,108.1910936,15.21412203,147.6854429,-101.9688366,-1.554738905,-144.4969383,108.8313832,-139.4021217,-59.9825296,88.52963687,49.97655793,49.97684114,4667.061351,4569.388166,221.9996681,-115.6966246,6.8799399,1
585,16,32,48,1,1,1,1,1,0,1,1,0,1,1,1,197.5606305,219.4981204,282.3009027,10.48547606,10.44775495,4.22667177,200.3179401,219.0847278,282.3683629,11.72652397,6.504033925,7.356519721,-7.791030938,6.469523928,1.321588506,7.672652894,-6.359829276,-1.312751445,197.542756,219.4689149,282.3012637,6.825755909,8.099462262,3.750395929,200.3131885,219.078729,282.3704773,8.717991155,0.4420648353,7.096574929,0,-144.3182526,109.6789689,32.78796544,-141.5790955,42.36369513,-0.05827205472,-144.6096566,110.0758528,-25.46707959,142.9304556,138.9187988,49.98323037,49.98321437,3359.335967,3351.668467,-37.4871175,-239.2178331,7.9535301,1
586,16,32,48,1,1,1,1,1,0,1,1,1,0,1,1,199.7791211,221.955185,279.4562406,57.63794027,28.62195134,54.22037716,205.3534688,217.1835659,281.676038,57.08214295,23.51593595,55.78655394,-37.5956084,0.4145615602,37.18149724,37.65289312,-0.3293991381,-37.32299479,199.4087526,221.2897917,279.3615603,16.94874466,19.495928,9.33894078,203.8062339,216.7723437,280.324044,13.52577669,11.35512801,15.29355532,0,-145.7683248,109.5675703,50.42917723,-153.3508183,-19.4446925,-1.240974327,-146.7726784,110.6715329,-77.18497803,21.55326931,138.0688743,49.97869415,49.977941,4169.693909,4360.278708,14.14320148,-39.83047652,7.9092454,1
587,16,32,48,1,1,1,1,1,0,1,1,1,1,0,1,194.9314187,220.6041279,283.1126382,38.85720541,33.32289211,7.103464887,196.1383259,221.1453739,283.593185,38.6370988,33.20908482,7.074867292,-35.86230789,31.25044282,4.611865219,35.70498813,-31.12680648,-4.578194622,194.755557,220.361933,282.9802418,6.84254304,4.083682497,3.832712677,195.8954549,220.9244553,283.4636089,6.547648617,4.19746335,3.83177472,0,-143.3346591,108.7966153,-2.269600348,-147.3923812,109.1445522,0.1620929755,-143.2392893,108.8353102,1.955942597,-139.5832548,108.2957282,49.98160885,49.98159994,3683.318273,3675.206751,-8.56545526,-207.4359786,7.6308878,1
588,16,32,48,1,1,1,1,1,0,1,1,1,1,1,0,294.5744865,332.2866997,322.8140028,19.60101702,19.33167208,11.59355798,297.3354832,333.8786642,327.2720313,16.5040219,18.47871388,14.62442814,-14.77224266,16.25220281,-1.480663521,3.967480691,-10.6862164,6.718234171,229.5688132,270.4219433,223.6145651,6.745640698,2.785369815,3.679758387,234.0099271,273.8643585,226.4924722,13.32007422,11.36389694,7.81016019,0,-163.6875203,106.5131372,56.04111741,-55.17441178,-149.9738877,0.05067676796,-163.3527645,106.5644077,-25.04795346,-177.1028645,79.21611755,49.96944162,49.96451506,6615.273653,6584.981269,383.4120486,-637.8506542,7.3917324,1
736,32,24,24,1,1,1,1,1,1,1,1,1,1,1,1,241.5829822,231.2256511,216.1285199,4.407606863,5.649989659,5.229709998,242.2738017,232.1116278,216.8973567,4.654996246,5.428516408,5.141182699,-0.002687608252,0.009269680664,-0.006599446196,0.002598944358,-0.009637664974,0.007022924765,241.5797292,231.226931,216.1298322,4.407231076,5.649767485,5.22954416,242.270547,232.1129219,216.8986711,4.654645452,5.428295367,5.141006731,0,-114.4060331,120.3983073,-1.724021619,-115.3324984,116.9120156,0.0876411353,-114.311449,120.5159284,1.436733713,-113.7278285,123.6734691,49.98249844,49.98250611,3504.604793,3494.278568,111.225283,-110.1783132,8.0734059,1
737,32,24,24,1,1,1,1,1,1,0,1,1,1,1,1,241.3842012,230.9346447,216.7810761,8.084272081,10.91762818,6.369029771,242.2274234,230.3317209,219.0156461,4.116792951,9.905074213,11.03130158,1.683637169,-7.652642804,5.968989964,-1.666108554,7.695609451,-6.02951462,241.3800566,230.9350537,216.7799582,7.765752871,7.652304352,1.488309056,242.2219996,230.3153728,218.9970377,3.456410121,6.068225472,9.088216741,0,-114.1147046,120.6115249,21.8014415,-146.0281025,146.7281036,-0.3313983931,-113.802641,120.979472,-57.68501168,-72.56875709,116.4506638,49.98238077,49.98238253,3528.108339,3518.920492,101.2351658,-118.6399499,6.2919895,1
738,32,24,24,1,1,1,1,1,1,1,0,1,1,1,1,241.3875029,230.9310203,216.7782773,8.085264222,10.92360955,6.377986787,242.2282308,230.3336568,219.0188709,4.114480733,9.915674619,11.0382042,-1.681721346,7.659134459,-5.977426983,1.664278952,-7.702932264,6.0386374,241.3833916,230.931433,216.7771455,7.76535881,7.653162799,1.485649705,242.2228706,230.3171373,219.0001287,3.450375869,6.075431017,9.089643664,0,-114.1153121,120.6126329,21.75531347,-146.0867999,146.6642923,-0.3310431347,-113.8016261,120.9800534,-57.65821046,-72.53956583,116.4690951,49.98237297,49.98239018,3529.476526,3517.608373,101.709669,-119.0915706,5.4799902,1
739,32,24,24,1,1,1,1,1,1,1,1,0,1,1,1,242.3784905,230.9342778,215.6489173,6.933838013,9.733178149,11.625419,244.6431192,231.780081,214.7515416,11.29196799,4.290841489,10.41039778,6.553296792,1.808559516,-8.361868351,-6.612980403,-1.790656289,8.403618049,242.372406,230.9342705,215.6494428,0.9491763264,9.423768144,7.870938957,244.6160749,231.7781451,214.7308911,8.916839617,3.539503769,5.873171763,0,-114.5816693,120.49474,75.69892152,-97.22208433,85.84338056,0.3266434819,-114.9591119,120.8259902,-5.913393693,-168.67473,169.8372701,49.98237758,49.98238204,3528.903435,3518.898673,104.4658028,-115.4327819,5.5582246,1
740,32,24,24,1,1,1,1,1,1,1,1,1,0,1,1,242.3833556,230.9319958,215.6486439,6.926691342,9.735782987,11.62043461,244.6464456,231.7805717,214.748669,11.28434268,4.29291197,10.39928872,-6.550031469,-1.806369603,8.35638123,6.609649351,1.787809512,-8.397484266,242.3772667,230.9319993,215.6491872,0.9501559398,9.426189409,7.873220763,244.619562,231.7786761,214.7281182,8.912963291,3.541320082,5.866465047,0,-114.5818487,120.4961644,75.46144231,-97.20546575,85.89181319,0.3275326705,-114.9593347,120.8269811,-5.915405519,-168.7268775,169.8544206,49.98238145,49.98237877,3527.752472,3519.787086,103.863291,-114.9162912,5.5392958,1
741,32,24,24,1,1,1,1,1,1,1,1,1,1,0,1,241.1691031,231.8761146,215.9589237,10.51618603,6.833978423,9.040642669,240.3176348,234.4055833,216.7349318,9.791246857,11.37379506,4.026213412,-7.889880919,6.097627572,1.792238845,7.928489453,-6.159909357,-1.768597791,241.1653876,231.8750539,215.958742,6.785079886,2.450920584,8.723800121,240.2961571,234.3868696,216.7333121,5.542008607,9.374694685,3.262530419,0,-114.5522183,120.0909585,-37.88217695,-74.89667032,136.9176151,0.2932238386,-114.2808895,119.7265779,48.58572193,-124.216738,67.9382416,49.98237103,49.98236654,3529.915231,3522.203135,104.9678235,-114.1652413,5.924588,1
742,32,24,24,1,1,1,1,1,1,1,1,1,1,1,0,241.1683026,231.879098,215.954473,10.50638077,6.822674151,9.034685275,240.3194583,234.4107787,216.7312301,9.791741101,11.37750105,4.033992815,7.882317944,-6.084475666,-1.79786067,-7.920770136,6.145938655,1.77480956,241.1646026,231.878034,215.9542916,6.776839456,2.444418229,8.715562816,240.2981238,234.3921939,216.7297238,5.551691335,9.385899384,3.266646562,0,-114.5539928,120.0890459,-37.95956187,-74.68819478,136.9250705,0.2941552953,-114.2822165,119.7255661,48.50703639,-124.223601,68.05994346,49.98236947,49.98236919,3530.81852,3521.163017,105.7817516,-115.0226791,5.7782148,1
743,32,24,24,0,1,1,1,1,1,1,1,1,1,1,1,241.4808984,229.6287725,218.1135227,4.051958454,9.502156746,10.73193977,242.0378838,231.9003531,217.5094105,8.144650405,10.17881131,6.026885816,-1.585788676,7.209827948,-5.624062218,1.591826736,-7.11379403,5.521944619,241.4758986,229.6155382,218.0981342,3.457200017,6.067437699,9.024433083,242.0338791,231.9009232,217.5084844,7.866611182,7.178023945,1.941481201,0,-113.5339171,121.2468083,-59.28385752,-76.69185257,113.0975075,0.480531033,-113.6472519,121.1302265,22.22915757,-144.2954161,160.7841649,49.98239719,49.98239547,3525.641752,3515.736318,101.2828338,-120.8705828,5.6639603,1
744,32,24,24,0,1,1,1,1,1,0,1,1,1,1,1,257.8864286,362.6006418,293.7475047,13.51734926,22.30166368,22.52786125,258.9619785,363.6933398,294.6363615,13.13147553,20.04778085,21.25952431,-2.52303877,9.80942545,-7.285918918,-3.066569407,0.4346395355,2.632497134,174.7099285,276.277179,248.8584384,3.338979904,6.587151158,6.488527681,175.533761,277.7293808,249.9051234,3.490140877,7.647292102,6.54789805,0,-109.6846344,102.788566,16.52736521,-86.57539273,126.5968299,0.02309990532,-109.7607146,102.7480687,-16.00516101,-129.7700283,78.89130966,49.95735251,49.97631724,7100.302442,6186.359371,332.3808488,68.48772787,5.5058329,1
745,32,24,24,0,1,1,1,1,1,1,0,1,1,1,1,242.0746038,227.4609309,219.8629444,7.503610139,31.21450169,25.90281741,242.7764018,228.2767655,220.7230251,7.482859678,31.03782206,25.85561242,-5.094456566,29.07507284,-23.9806045,5.07673554,-28.96440719,23.88768625,241.9819423,227.3676528,219.7383747,4.541394388,5.626811486,5.151879156,242.6805408,228.1707081,220.5868021,4.532488718,5.276121586,5.389131451,0,-112.6701608,122.3605335,0.06577905757,-115.4055421,119.1208554,0.06817870383,-112.5667886,122.4880292,-0.2795101361,-110.040323,125.2028669,49.98132499,49.98133902,3738.581557,3729.624269,125.6505284,-95.15115812,5.4887694,1
746,32,24,24,0,1,1,1,1,1,1,1,0,1,1,1,237.5835678,230.5066349,223.1833653,29.78586086,64.73785856,67.38749251,245.5804292,228.3734403,217.8185811,34.69592967,61.79356099,66.68969559,1.316469499,43.07562774,-44.39210003,-1.445985016,-42.52993899,43.97589463,237.177144,228.5800816,221.1934861,13.88808426,19.34956071,17.39370415,244.7688293,228.2525136,217.1602827,22.24971602,10.11602942,17.94997588,0,-111.8741323,121.5274258,153.2182864,-90.13426262,46.04232156,0.874544977,-113.2982153,122.979183,-16.21265321,114.212668,-168.4852614,49.97556479,49.97595993,4862.679911,4714.88258,371.610308,-10.9417788,5.4177566,1
747,32,24,24,0,1,1,1,1,1,1,1,1,0,1,1,242.5989205,230.4588036,215.9544966,8.208610905,9.898960966,12.46839354,244.9850707,231.2745029,215.0124794,12.29137493,4.158346061,11.40110991,-7.673113959,-1.562893906,9.235992549,7.740868636,1.555796742,-9.29668076,242.589463,230.4577956,215.9521107,1.066340687,9.641376546,7.961648814,244.9414566,231.2717551,214.9775845,9.148207845,3.500558192,6.073332538,0,-114.4296692,120.7350984,88.54224723,-96.85427365,84.64199076,0.3329412032,-114.8317118,121.0872721,-6.680454765,-172.4073243,171.0130845,49.98236418,49.98233784,3530.630675,3530.082658,101.0592114,-115.1398179,5.6063876,1
748,32,24,24,0,1,1,1,1,1,1,1,1,1,0,1,241.0702876,231.7974928,216.145545,10.96212986,7.51174179,9.235662666,240.1835675,234.3581102,216.812141,10.32238467,11.74079317,3.758573373,-8.237414048,6.6278601,1.609527705,8.278537938,-6.686694122,-1.591873363,241.0656915,231.7963831,216.1446451,6.846141865,2.590746142,8.960362181,240.1585122,234.3362718,216.8103842,5.706945065,9.341935549,3.023577384,0,-114.4728441,120.1366001,-39.31200894,-73.09025959,135.8385564,0.3088923087,-114.2167992,119.7571748,49.31955327,-125.1023425,65.12167838,49.98229811,49.98241009,3541.199744,3515.817334,105.0273606,-114.5353089,5.843233,1
749,32,24,24,0,1,1,1,1,1,1,1,1,1,1,0,240.5567309,230.116405,218.6234891,3.89392434,10.85698928,12.11981699,241.1502326,232.5092554,217.8790324,8.42373621,11.45843366,7.795034665,-1.189182068,8.5815079,-7.392345617,1.182360705,-8.442249351,7.259870063,240.5501079,230.0845645,218.5848311,3.463027964,6.298754461,9.341761291,241.1441893,232.5053931,217.8726721,8.236569185,7.444554542,1.798280118,0,-113.3697587,121.0560186,-65.96528614,-73.35838648,112.6031421,0.5204044985,-113.5099587,120.9234479,22.6262918,-146.6401586,168.6789082,49.98237594,49.98230679,3530.851333,3532.733902,101.7238433,-122.3252311,5.5894048,1
750,32,24,24,1,0,1,1,1,1,1,1,1,1,1,1,241.4780303,229.6290575,218.1136716,4.053863561,9.471397714,10.71097552,242.0339683,231.9024755,217.5105356,8.142949248,10.16629003,5.992358811,1.587674188,-7.175989876,5.588300835,-1.593585314,7.079579188,-5.486007967,241.4730471,229.6159925,218.0983916,3.459288408,6.059720532,9.021062734,242.0299876,231.903042,217.5096461,7.864842373,7.193649955,1.931586777,0,-113.5336801,121.2461871,-59.26124714,-76.56198608,113.2020808,0.480516818,-113.6468933,121.1290757,22.24303775,-144.2795723,160.3780311,49.98240315,49.98238985,3524.356067,3516.896575,101.0033559,-120.5967119,5.5929707,1
751,32,24,24,1,0,1,1,1,1,0,1,1,1,1,1,242.0618586,227.4663388,219.8784955,7.503606175,31.25513273,25.95057789,242.7637328,228.2804679,220.7407745,7.482807536,31.09691707,25.90938805,5.093625724,-29.11756423,24.02395196,-5.076062381,29.00659071,-23.93051511,241.9688467,227.3720005,219.7523742,4.541374146,5.573037509,5.132313998,242.6675987,228.1741448,220.6043616,4.532020071,5.328531835,5.404335437,0,-112.6650955,122.3600341,0.06332931999,-115.2640351,119.6974721,0.06731418827,-112.5614653,122.487408,-0.2777699567,-110.2307909,124.6360057,49.98135822,49.98129663,3735.941142,3733.432287,125.8721686,-95.18417033,5.9359323,1
752,32,24,24,1,0,1,1,1,1,1,0,1,1,1,1,256.6309575,362.8491008,293.7912127,15.29124363,20.20630166,21.25362232,260.5737409,364.4506196,295.9030101,16.86536837,16.97022887,21.11467921,-0.3930900614,-11.29745868,11.69050916,5.990260305,0.970608701,-6.960901727,173.8963533,275.0803443,248.3750834,3.750628249,6.293922095,2.559282485,176.413371,277.60843,250.9636356,7.193986882,8.099330911,9.594272901,0,-109.4333394,103.000338,83.89676154,-82.75887911,124.9244153,0.01480215251,-109.4241475,103.2833543,-31.3000801,-130.0962617,97.21671066,49.95843387,49.97538647,6970.733037,6301.393626,519.0826919,-123.7929425,5.73634,1
753,32,24,24,1,0,1,1,1,1,1,1,0,1,1,1,242.5954909,230.4834056,215.9313635,7.879039219,9.884681274,12.29202681,244.9383111,231.3008549,214.9690463,12.0321427,4.158672509,11.13469823,7.496331281,1.577343761,-9.073692077,-7.563155223,-1.571019765,9.134157432,242.5871327,230.4826724,215.929262,0.987170829,9.624789049,8.021718862,244.8984252,231.298488,214.9368482,9.088399883,3.49531903,6.020985073,0,-114.4410699,120.72264,85.49901069,-96.92680993,84.97063457,0.3345258866,-114.840594,121.0675175,-6.205469487,-172.0953999,171.5469323,49.98235454,49.98236071,3533.712309,3522.902338,101.6922676,-115.6169033,6.0313013,1
754,32,24,24,1,0,1,1,1,1,1,1,1,0,1,1,237.3471235,230.4799824,223.3892313,30.60811299,66.59711763,69.25487804,245.4652421,228.1385002,217.7336531,35.45799938,63.60874485,68.51718043,-1.306456761,-44.22588036,45.53231786,1.441395626,43.66451494,-45.10593436,236.9097286,228.4436728,221.3009332,14.15414219,19.84546279,17.76678519,244.6138054,228.0129148,217.0396677,22.48253827,10.54216699,18.25627785,0,-111.7850531,121.5544141,152.7769694,-90.30261763,46.09147841,0.8980255047,-113.2572123,123.0375943,-16.61157249,112.7326865,-167.7787711,49.97527561,49.97529695,4938.807916,4916.839424,387.382618,33.83553039,6.0459684,1
755,32,24,24,1,0,1,1,1,1,1,1,1,1,0,1,240.5090787,230.1645613,218.5983955,3.85469112,11.4241207,12.65940374,241.1261392,232.5780461,217.8835009,8.505816415,11.98444832,8.686349794,1.124349071,-8.847883329,7.723575378,-1.118398877,8.703700596,-7.585266379,240.5017255,230.1264355,218.5510104,3.437543958,6.261496304,9.276306625,241.1193386,232.5732795,217.8743636,8.327875976,7.413368636,1.943975651,0,-113.3829595,121.0280588,-67.49870401,-73.79090864,111.7635227,0.5274174066,-113.5128919,120.9053082,22.4650784,-146.2597046,169.2212187,49.98231411,49.9823272,3540.845619,3533.277739,112.2467278,-132.8247368,5.7848907,1
756,32,24,24,1,0,1,1,1,1,1,1,1,1,1,0,237.4578104,232.4139408,219.7443597,63.43082095,67.51836725,34.36313597,240.6337831,239.0474948,213.243644,65.31253912,67.44995097,28.42279454,43.41037453,-44.06792935,0.6575153608,-43.60052622,44.11575465,-0.5152693165,237.3149812,231.8079418,218.9276029,11.32586653,18.26903574,22.82675081,238.5854628,237.1642992,212.7913454,18.25751731,16.73991916,13.18336378,0,-113.2792613,120.046403,-128.3959518,-49.66775373,103.0581484,1.563841023,-114.541829,119.2581725,29.30778586,167.2966703,-89.82915016,49.97593131,49.97531373,4712.213906,4906.073925,218.3675021,156.5421534,5.875413,1
757,32,24,24,1,1,0,1,1,1,1,1,1,1,1,1,244.0599441,230.7961619,213.9825325,11.12239768,4.383771052,10.30044047,243.1340895,231.7987581,216.382242,6.95187156,9.652743114,11.22123897,-6.564681878,-1.84740581,8.412084183,6.464281529,1.843781692,-8.308073044,244.0318647,230.7942917,213.9637365,8.722316423,3.612783145,5.671938754,243.1274814,231.7991151,216.3828888,1.449208654,9.332166447,7.332066512,0,-115.2424648,120.5158428,-9.133064194,-168.2267042,164.233118,-0.1390032128,-114.6754588,120.3985653,68.88567764,-97.22802674,87.92048356,49.98239179,49.98238139,3525.968382,3519.207438,105.788718,-115.9935697,5.5602469,1
758,32,24,24,1,1,0,1,1,1,0,1,1,1,1,1,245.0067756,227.3998897,216.8465434,34.98588332,64.12494181,68.74140568,238.4040598,231.5381817,224.2486381,29.96440254,66.56353232,68.97731622,-1.370895488,-44.06411543,45.4348964,1.232875618,44.27005208,-45.50305037,244.1579048,227.2821794,216.1799429,22.18628068,10.63797104,17.65284546,237.9287105,229.4678947,222.0936471,13.78812476,19.73695428,17.14463361,0,-114.0116499,122.1249499,-17.85940881,113.3045648,-168.4234764,-0.7270373969,-112.3442025,120.901581,150.8031637,-90.44667366,46.49544985,49.97559654,49.97543669,4787.058248,4870.963002,239.9955488,124.6142249,5.714899,1
759,32,24,24,1,1,0,1,1,1,1,0,1,1,1,1,244.4526128,230.1080162,214.3118089,12.22422949,4.171337031,11.38112788,243.4235604,231.1575187,216.8075075,8.348402484,9.876486345,12.23140802,-7.971726244,-1.5284844,9.500182872,7.851950031,1.510000378,-9.361978757,244.4030837,230.1047051,214.2755714,8.939056612,3.524515823,5.852410232,243.4116801,231.1561715,216.8036632,1.488403963,9.627930036,7.53970446,0,-115.071295,120.8509804,-9.557911535,-173.1027304,166.9018296,-0.1475903952,-114.4727185,120.715382,77.12040664,-96.95738994,86.59510158,49.98236533,49.98234054,3531.467038,3527.191144,106.5310974,-120.7985017,5.5584926,1
760,32,24,24,1,1,0,1,1,1,1,1,0,1,1,1,315.5232719,255.767024,346.5365576,21.49503232,14.17099837,21.0835241,317.7380224,259.9892017,347.8914823,21.5549141,16.11274683,17.76722006,-12.90698172,-0.26243627,13.16929629,9.470364419,-6.651156058,-2.819078047,272.3343776,175.4678469,253.8773739,2.851233618,4.466048002,5.421088433,275.1773576,178.1331073,256.7982489,9.645536568,7.981585306,9.435829019,0,-97.74678513,144.7120232,70.0754378,-29.19937908,-167.7243292,0.1767759584,-97.79375472,144.7373129,-16.17582588,-129.2843592,119.4540404,49.96286325,49.97257882,5986.31403,6929.889813,126.5610786,-506.9591425,5.4191181,1
761,32,24,24,1,1,0,1,1,1,1,1,1,0,1,1,246.2402458,230.9288824,211.3584323,29.12495334,8.687411282,35.09060418,246.8978487,231.8769437,212.1058792,29.07804279,8.641469172,34.91034454,-26.955785,-5.710504779,32.66620798,26.87160167,5.67280787,-32.54449203,246.0605285,230.8191745,211.2261176,4.48970277,5.541092902,5.251000144,246.724118,231.7629686,211.9534759,4.75118495,5.517303265,4.878254323,0,-116.269625,120.2931718,-3.461851773,-116.1633196,117.4966546,0.09710818845,-116.1746605,120.394786,3.080119718,-116.6544065,123.0131177,49.98108079,49.98104703,3788.228432,3786.205825,153.4770222,-65.92417772,5.7971253,1
762,32,24,24,1,1,0,1,1,1,1,1,1,1,0,1,249.427264,226.3967327,214.4142978,72.63211772,31.94454127,69.58282895,243.405648,235.454331,212.1867541,72.0454297,37.53996716,66.89003129,-47.60355293,1.250765702,46.35270675,47.2507707,-1.458811933,-45.79205049,247.2134591,225.9616264,212.1205719,18.31446793,14.43525372,19.83970659,242.5965308,234.5832869,212.0497568,18.87792459,24.05841444,11.57307299,0,-115.4439864,122.1351053,-78.91823191,27.55662406,147.3312498,1.383276629,-114.6445196,120.4628227,72.52922585,-136.4869568,-10.08525401,49.97464797,49.97459103,5064.630696,5052.853355,424.1457376,57.83915144,5.6539299,1
763,32,24,24,1,1,0,1,1,1,1,1,1,1,1,0,241.9252881,232.1066815,214.9128975,11.99395456,8.746622628,9.340534122,240.9511847,234.8088814,215.6341078,11.3697024,12.91184857,3.76407143,9.407668317,-8.075249266,-1.332439944,-9.480867265,8.151191206,1.329657238,241.9134853,232.0974189,214.9092333,7.08770201,2.363418552,9.124857839,240.9023677,234.7615996,215.6296606,5.867837608,9.721738805,3.187198798,0,-114.9872257,119.9292601,-40.46454913,-66.9769207,137.2030227,0.3201167256,-114.7056085,119.5151725,51.4740898,-125.447997,59.82313699,49.98231381,49.98233926,3540.961789,3528.117516,104.9090314,-111.5318729,5.768159,1
764,32,24,24,1,1,1,0,1,1,1,1,1,1,1,1,244.053345,230.7961549,213.987311,11.11487791,4.384219689,10.29439807,243.1285679,231.7996234,216.3873257,6.950896474,9.65330082,11.21769883,6.570342432,1.846731436,-8.417094951,-6.470013478,-1.84385285,8.31385198,244.0254059,230.7942879,213.9686614,8.714749277,3.613921919,5.66355568,243.1219733,231.7999444,216.3879642,1.456278632,9.332984749,7.328350037,0,-115.2402623,120.5159472,-9.170383098,-168.2441193,164.1717938,-0.1385221525,-114.6729593,120.3991918,68.64993775,-97.2166634,87.99657757,49.98238438,49.982389,3528.00024,3517.208016,106.649636,-116.9153268,5.7991539,1
765,32,24,24,1,1,1,0,1,1,0,1,1,1,1,1,244.4865403,230.1063337,214.3422042,12.31545823,4.20458495,11.47979877,243.424252,231.1503669,216.8097568,8.421983176,9.863066942,12.25562557,8.036271534,1.547169567,-9.583435472,-7.915851893,-1.529441448,9.4452989,244.4361837,230.1028634,214.305424,9.000493208,3.544802784,5.903266597,243.4120515,231.1489387,216.8057451,1.529451712,9.607193922,7.470526927,0,-115.0660888,120.8612554,-9.832835475,-172.8351836,166.3023192,-0.1460861617,-114.4682164,120.7197915,79.47776504,-96.85829614,86.30661035,49.9823629,49.98234058,3535.232351,3524.558917,105.0074354,-119.2548725,5.8514497,1
766,32,24,24,1,1,1,0,1,1,1,0,1,1,1,1,245.1146274,227.103581,216.8421536,36.7383829,65.83580976,70.91354266,238.1078179,231.4231237,224.3451577,31.740785,68.28908551,71.0837199,1.57056214,45.16657414,-46.73725026,-1.42284131,-45.37885909,46.8015883,244.1718217,226.9876162,216.1160839,23.03404321,11.00942967,18.38942721,237.5806432,229.2521323,222.0902679,14.66348975,20.14051236,17.62769239,0,-113.9841878,122.2123783,-18.40350825,112.3437848,-169.0687668,-0.7493842709,-112.2732645,120.9043318,150.6296709,-90.46707546,44.58161431,49.9748999,49.97480736,5006.408126,5022.5038,261.5492443,181.0677302,5.9202251,1
767,32,24,24,1,1,1,0,1,1,1,1,0,1,1,1,246.2495558,230.927674,211.3547591,29.1809684,8.685332649,35.14652403,246.9009906,231.8767047,212.0989707,29.13302216,8.642394553,34.96544351,27.00831046,5.708674867,-32.71707669,-26.92370712,-5.674580783,32.59819702,246.0684548,230.8181701,211.2214861,4.490629733,5.538849562,5.252977071,246.7270954,231.762236,211.9461992,4.75110504,5.51948269,4.876164625,0,-116.2716959,120.2940072,-3.530323529,-116.1859154,117.4810745,0.09723502953,-116.1766692,120.394512,3.145508146,-116.6356812,123.0329891,49.98106027,49.98105976,3792.068443,3784.294349,153.9019165,-66.11433388,5.8792613,1
768,32,24,24,1,1,1,0,1,1,1,1,1,0,1,1,315.2255405,255.1552792,345.9494658,20.10006485,11.98990165,20.23635579,317.9434987,259.846454,347.8372503,20.23425789,14.92734184,16.75638235,16.91520961,-0.2211874804,-16.69417713,-13.46574897,7.122557892,6.343038259,271.6350034,175.14751,252.9304562,5.126210866,4.093317553,5.447412306,275.6689667,178.0679925,257.2439297,12.0268799,8.375332439,12.89286335,0,-97.85723487,144.6455683,97.56935105,-22.70688184,-130.3488435,0.1671943729,-97.80221711,144.798549,-25.00898548,-126.1476424,119.6994212,49.96353023,49.97207159,6537.352037,6376.24102,333.8353921,-714.2903215,5.7242302,1
769,32,24,24,1,1,1,0,1,1,1,1,1,1,0,1,242.0883038,232.1949856,214.865535,12.53821894,9.551534836,9.427189348,241.1403953,234.9722605,215.5655181,12.01421145,13.50041742,3.713910861,-9.716078951,8.458642937,1.257416207,9.79423627,-8.542008404,-1.252236286,242.073303,232.1777493,214.8593836,7.036949346,2.475123894,9.22535486,241.081115,234.907945,215.5571541,5.939311201,9.776151359,3.164034481,0,-115.0327744,119.9162181,-41.02358018,-64.16853125,137.1772838,0.3307548325,-114.760178,119.4919679,50.91678437,-126.4105059,57.99542545,49.98237207,49.98224428,3535.099844,3545.047046,95.25085758,-101.5285579,5.7502679,1
770,32,24,24,1,1,1,0,1,1,1,1,1,1,1,0,249.0014597,226.9371284,214.333987,68.64878166,29.8766532,65.72606807,243.5533587,235.5868668,212.6338839,68.14131075,35.62753573,63.17233955,45.29059267,-1.211601702,-44.07923478,-44.95056097,1.404987227,43.54532611,247.0025205,226.5394674,212.2424753,17.10905849,13.71421026,18.47529123,242.8470458,234.8071547,212.4949804,17.86992124,23.42497579,10.44826102,0,-115.4694973,121.9458987,-79.21421732,28.08751243,148.095785,1.303784991,-114.6762487,120.4134386,70.43395531,-135.6985956,-5.830402375,49.97527092,49.97598358,4904.611077,4646.317603,386.5624951,-25.98352646,5.8958901,1
771,32,24,24,1,1,1,1,0,1,1,1,1,1,1,1,239.8861581,233.3709146,215.7881266,9.293384431,11.07220077,4.078787109,241.9426801,232.6516764,216.7247116,9.837847844,6.540339978,9.041196537,7.460841859,-5.715787442,-1.745077983,-7.377386389,5.618965217,1.758400412,239.8660113,233.3566845,215.7869931,5.396758959,9.315927223,3.384120306,241.9387041,232.6513953,216.7242609,6.386603441,2.851923514,8.750520746,0,-114.6873813,119.3987938,44.18804064,-127.1615327,65.92780068,-0.1430671199,-114.722596,119.969491,-36.34585925,-70.98641177,137.5139473,49.98238314,49.9823758,3528.208537,3519.856835,109.9356774,-113.640587,5.7041708,1
772,32,24,24,1,1,1,1,0,1,0,1,1,1,1,1,240.5408649,235.1216975,214.8193534,39.24309186,39.08428028,10.29728584,240.8888899,232.0821759,218.5325658,37.57255388,37.77608963,16.79754498,26.76734862,-25.47266385,-1.294933008,-26.4749731,25.21049065,1.264239751,239.7766533,234.4491246,214.6959194,11.63750342,12.30914687,3.269578461,240.8266523,231.9784382,218.362832,6.149396064,9.522868687,13.58172378,0,-115.1781357,118.8641557,31.1272582,-162.7938142,-64.31326304,-0.770406418,-114.6100082,119.6144254,-98.94648766,-42.76724452,118.1909808,49.97834747,49.98263293,4171.226592,3413.253562,155.9666066,-113.5831124,5.7550102,1
773,32,24,24,1,1,1,1,0,1,1,0,1,1,1,1,240.7760673,231.3679042,217.0290935,8.295625154,11.75590566,7.576906765,241.5884124,230.6738609,219.3617827,3.979630547,10.8083856,11.97038618,-1.368064821,8.556057411,-7.187982298,1.361039486,-8.621523229,7.260491254,240.7709425,231.3657421,217.0247569,8.054213862,7.836816523,1.364806741,241.5823746,230.6450229,219.3272878,3.44922723,6.245255009,9.307363016,0,-114.0512591,120.4331884,22.1069478,-147.5681925,154.01826,-0.36203113,-113.7221558,120.8110638,-62.86581569,-70.44703074,115.7600031,49.9823558,49.98233282,3533.96264,3528.249771,97.51589043,-115.5594148,5.760147,1
774,32,24,24,1,1,1,1,0,1,1,1,0,1,1,1,242.9574993,234.218907,211.386457,73.49916626,38.3137773,68.33024973,250.3310948,226.8719407,215.4443731,73.63501004,32.46037052,70.51042926,48.16231962,-1.40131606,-46.76108451,-48.21487981,1.223802396,46.99097768,242.1575109,233.3445886,211.2298316,18.85577589,24.53482298,12.05952926,248.142893,226.3935776,212.8955138,18.16921349,14.82320468,20.06916619,0,-116.1929455,118.9283305,71.11018029,-138.4344461,-10.23471497,-1.241080935,-116.7952158,120.8406713,-80.31596866,25.51408067,146.9461893,49.9743868,49.97432041,5102.116968,5114.625186,290.6004872,220.9913204,5.9899683,1
775,32,24,24,1,1,1,1,0,1,1,1,1,0,1,1,241.6011209,234.457463,213.4239643,12.24870937,13.86546101,3.881184749,243.6981819,233.40997,214.4174398,12.3978226,10.02060891,9.489300315,10.24647263,-9.077603343,-1.168900957,-10.06270045,8.909605977,1.153061557,241.475853,234.2300222,213.3133293,5.945376473,9.837842741,3.234821349,243.6440679,233.2697539,214.3343845,6.540444513,2.959348087,9.250421542,0,-115.7416828,118.8798027,45.85424158,-130.3533477,55.13583205,-0.1913749663,-115.7735629,119.5147542,-41.0131289,-60.24226714,137.1920618,49.98204899,49.9825457,3589.804564,3489.939488,125.8693176,-122.240613,5.8962294,1
776,32,24,24,1,1,1,1,0,1,1,1,1,1,0,1,394.3374333,287.5075419,222.4260661,20.94552918,22.74571915,15.06946548,395.9765741,290.8721286,227.844146,17.55494118,22.93021815,17.67989255,16.17251548,-17.65900521,1.485308889,-6.86070484,14.28546136,-7.425738105,290.2860774,248.7480693,149.2953983,5.635108835,4.959528207,4.54057083,294.3393132,253.0545705,152.5181839,11.79891665,12.48901813,8.926776531,0,-138.268506,113.8839441,84.41621966,-53.99878506,-149.6891487,0.09289826418,-138.0723715,113.979106,-28.42863966,-161.5847917,83.47719651,49.96150311,49.97582692,6418.288645,6148.724888,679.3671642,-395.5967204,5.8434939,1
777,32,24,24,1,1,1,1,0,1,1,1,1,1,1,0,237.7281072,235.1616369,216.1615546,29.26794458,24.0713467,8.125586875,238.2876733,236.099953,217.0529738,29.12840674,24.067607,8.103989924,27.46209561,-22.04944409,-5.412656724,-27.37677853,21.9774879,5.399283861,237.6414831,235.0649844,216.0729133,4.630683933,5.482516225,5.182558443,238.1988936,235.9910679,216.9552377,4.291883053,5.78852232,5.169255557,0,-114.7131347,118.5592337,-3.098645734,-117.3711609,118.5427511,0.07300484474,-114.5866709,118.6553121,3.119670823,-112.4485541,118.2985132,49.98143294,49.98142694,3717.004782,3709.506681,144.4642533,-77.68716843,5.8438191,1
778,32,24,24,1,1,1,1,1,0,1,1,1,1,1,1,239.8830371,233.373298,215.7938076,9.296786315,11.08080065,4.087396432,241.9336168,232.6511117,216.728536,9.82344635,6.530171013,9.036314725,-7.452652888,5.700457033,1.752181588,7.369344199,-5.604597587,-1.764761441,239.8629804,233.3590707,215.7926431,5.410097926,9.333250149,3.39155205,241.9296366,232.6508329,216.7280927,6.37050344,2.850955375,8.744359898,0,-114.6858719,119.3985464,44.03995609,-127.2229599,65.99965084,-0.1433625491,-114.7205223,119.9686669,-36.44437896,-70.58236584,137.5501942,49.98238225,49.98237779,3528.595744,3519.251276,109.2307408,-112.9806229,6.1458833,1
779,32,24,24,1,1,1,1,1,0,0,1,1,1,1,1,240.7703602,231.3520181,217.029985,8.276644728,11.71068292,7.519119906,241.5902213,230.6734843,219.3833825,3.998982864,10.80521444,11.96856063,1.390164716,-8.551823071,7.161635563,-1.383461011,8.616989457,-7.233555025,240.7653269,231.349849,217.0258555,8.030178406,7.800187285,1.339203474,241.584337,230.6446812,219.3491843,3.461061381,6.278799237,9.348709988,0,-114.0472921,120.4381625,22.17715657,-147.7565124,155.4463114,-0.3604891745,-113.714067,120.8177685,-62.48498959,-70.71034892,115.704791,49.98234146,49.98235103,3535.415858,3526.03872,100.7328812,-118.8396446,5.9156548,1
780,32,24,24,1,1,1,1,1,0,1,0,1,1,1,1,240.3548062,237.7607823,212.2721991,65.82760679,68.0864538,28.89652168,238.3794403,232.9638114,220.5664071,63.52070135,67.66620788,34.58345224,-43.94270779,44.58304305,-0.640369424,43.47178749,-44.2180326,0.7462160506,238.24106,235.9674922,211.8399493,18.34580749,17.25313374,13.28916248,238.217306,232.3631051,219.6835479,11.21558326,18.65832372,22.83391393,0,-116.143152,117.608258,27.01035384,165.257379,-90.16420415,-1.421304018,-114.6487589,118.622574,-131.2990215,-50.86530758,102.0190877,49.97534627,49.9756829,4917.33533,4768.376456,389.9365508,14.20768688,5.6488388,1
781,32,24,24,1,1,1,1,1,0,1,1,0,1,1,1,240.8320885,233.7055849,214.1709754,11.93946896,13.46807771,3.717106072,243.142124,232.894388,215.1724613,12.60603934,9.844080297,9.499990066,-9.624097456,8.48280436,1.141216378,9.473670092,-8.342099678,-1.131642971,240.7552039,233.6141579,214.1469342,5.510862865,9.429479686,3.235903438,243.1190159,232.8566118,215.1541798,7.052152515,2.731490145,9.326653197,0,-115.3135358,119.1306469,51.02008439,-127.3102129,54.69487186,-0.1478624078,-115.3666447,119.7731101,-37.64188105,-70.74484436,137.4080243,49.98249612,49.98208334,3507.045805,3581.046504,125.465731,-122.565054,5.7823033,1
782,32,24,24,1,1,1,1,1,0,1,1,1,0,1,1,243.065361,234.3537809,211.6069982,71.74978554,37.61805283,66.5656043,250.1335157,227.1445185,215.3894102,71.84197343,31.69882541,68.68884941,-47.17090921,1.454390526,45.7164044,47.2230918,-1.283661257,-45.93954043,242.2991633,233.5182261,211.4548548,18.43692051,24.36047392,11.5031912,248.035329,226.6842356,212.9477234,17.594757,14.61462876,19.39195478,0,-116.1721839,118.9347369,69.79412892,-138.1315045,-8.118681619,-1.211666548,-116.7730749,120.7793385,-80.8597351,25.77151911,147.4353646,49.97496247,49.97473291,4915.241607,5012.704902,244.2447153,202.9382889,5.5691882,1
783,32,24,24,1,1,1,1,1,0,1,1,1,1,0,1,237.7316589,235.1404629,216.1677188,29.13090647,23.93754494,8.125855493,238.3001567,236.0876742,217.0559264,29.0002259,23.94016215,8.103401751,-27.34380448,21.93053508,5.413270038,27.25926046,-21.8598268,-5.399432644,237.6462867,235.0456281,216.0796813,4.60341276,5.471209209,5.18323818,238.2121954,235.9797259,216.9592804,4.319254553,5.796924292,5.168851119,0,-114.7080936,118.567424,-3.098097736,-117.1004831,118.5506124,0.07486248027,-114.5830944,118.6637837,3.081252065,-112.7030815,118.3072189,49.98144934,49.98143258,3715.194372,3710.064692,144.5210355,-77.92441231,5.2957443,1
784,32,24,24,1,1,1,1,1,0,1,1,1,1,1,0,394.7358956,287.8640885,223.6299277,21.01746236,22.85368676,15.37853502,396.3738019,291.0183922,228.1663399,18.30004054,23.36702566,17.74942215,-15.2030826,16.65357172,-1.450059581,5.889864141,-13.29866193,7.4094189,290.7039891,249.0610528,150.0556178,5.466423896,5.121180897,4.659514452,294.7694648,253.1731143,152.8040227,11.90373406,12.86175863,8.893189681,0,-138.142504,113.9337769,86.19679196,-50.16888819,-151.5913333,0.1255212134,-138.012165,114.0944589,-27.30568839,-161.6559092,82.42493672,49.9611869,49.97618579,6379.745187,6190.116872,610.7170454,-321.547232,5.3944939,1
932,96,16,32,1,1,1,1,1,1,1,1,1,1,1,1,298.2296945,205.9784365,203.3752837,1.993572466,7.697868343,4.026764691,298.6078414,207.1157882,203.676642,3.01188936,6.455620515,3.749678712,0.005752832926,-0.004778575076,-0.001309819105,-0.005781106993,0.003379909383,0.002059379464,298.2179869,205.9848865,203.382073,1.992213643,7.697699893,4.026176823,298.5961514,207.1223391,203.6834647,3.01094731,6.455373436,3.749014173,0,-103.1485546,103.8329411,7.844021758,-103.738873,92.76283299,0.02766753234,-103.0446774,103.9520622,-5.246878112,-102.9311523,115.532134,49.98510024,49.985112,2984.328155,2973.045879,-120.0019248,-287.4364209,5.7073327,1
933,96,16,32,1,1,1,1,1,1,0,1,1,1,1,1,298.0635008,205.8244173,203.7439588,5.45455623,11.67216615,5.721761343,299.0303131,205.5329107,204.6767633,4.311861347,9.335581855,9.145355678,1.404166524,-6.649327298,5.244810822,-1.399397392,6.68962436,-5.290561387,298.0512991,205.8302434,203.7482605,5.112728015,9.499154951,2.04415827,299.0169851,205.5258679,204.6673028,3.871904904,6.372182068,7.388000243,0,-102.9296311,104.1695609,44.95872097,-125.0425745,28.97125352,-0.2585763625,-102.6425066,104.6922158,-69.49559809,-69.35281623,119.7374994,49.98503942,49.98504065,2996.069258,2987.617325,-134.0534864,-300.1526857,6.0082801,1
934,96,16,32,1,1,1,1,1,1,1,0,1,1,1,1,298.0667595,205.8214231,203.7380812,5.454378268,11.67290923,5.723766529,299.0326723,205.5356702,204.678665,4.310851627,9.342976908,9.152475485,-1.403723343,6.648578703,-5.245208498,1.398885841,-6.691975249,5.292761611,298.0545793,205.8272588,203.74235,5.111557338,9.499768034,2.050846432,299.0193707,205.5285279,204.6690257,3.869474711,6.382349967,7.396902494,0,-102.9305802,104.1698657,44.93456712,-125.1201628,28.72243068,-0.2585285962,-102.641616,104.693222,-69.49235105,-69.28369311,119.7889376,49.9850304,49.98504963,2997.453862,2986.256347,-133.2613743,-300.9080195,5.9136392,1
935,96,16,32,1,1,1,1,1,1,1,1,0,1,1,1,299.2830682,205.7144753,202.3972688,8.550295981,12.39761117,12.84605535,301.3250764,206.5344433,200.6449582,11.23471669,4.455146354,10.8715552,7.601640857,1.889896515,-9.4918588,-7.643202592,-1.878514929,9.521392701,299.2668304,205.7196493,202.4033673,2.959198091,12.11333975,8.302036675,301.2835131,206.536461,200.6229011,7.822684467,3.590843129,4.6419138,0,-103.2393582,103.8879406,158.0285095,-90.64027007,70.13905759,0.2662524327,-103.7201011,104.0554742,-8.089032582,-152.9816056,-174.2483611,49.98497959,49.98498866,3008.452466,2997.696616,-119.562391,-284.7976762,6.1826135,1
936,96,16,32,1,1,1,1,1,1,1,1,1,0,1,1,299.2804114,205.7161259,202.396913,8.546602223,12.40325335,12.84770921,301.3198352,206.5304469,200.6389533,11.22717782,4.445000721,10.86793575,-7.609778043,-1.88595716,9.495403316,7.651284268,1.871727828,-9.523356456,299.2641861,205.7213058,202.4029983,2.949614449,12.12062838,8.306417961,301.2783508,206.5324804,200.6169251,7.81226671,3.583434935,4.636667399,0,-103.2396532,103.8870106,157.9433053,-90.66232822,70.19251825,0.2660760319,-103.7209884,104.0539758,-8.103507216,-153.0516249,-174.1574215,49.98498033,49.98498753,3007.451715,2998.634258,-120.2969577,-284.1177237,5.976946,1
937,96,16,32,1,1,1,1,1,1,1,1,1,1,0,1,298.0226824,206.2907364,203.4998118,7.894222308,7.600294935,6.783590942,297.1475585,208.953108,204.1112693,7.920504417,10.88187257,3.346733194,-6.684639833,5.111816165,1.572498931,6.709042997,-5.163636548,-1.545734277,298.0103419,206.2962364,203.5045314,4.089139251,5.454966038,6.468771124,297.1239509,208.9482637,204.1158913,4.100262151,9.481590149,2.663653026,0,-103.3155221,103.4917864,-52.81107912,-79.48755239,122.880722,0.1940513954,-103.1553015,103.1814473,52.65632161,-117.0083081,48.63831997,49.98497864,49.9849655,3008.905635,3001.941692,-123.7705712,-288.8119198,5.6666881,1
938,96,16,32,1,1,1,1,1,1,1,1,1,1,1,0,298.022491,206.2886499,203.5005931,7.872503149,7.578753203,6.778821518,297.1476522,208.9513464,204.114701,7.898724615,10.86796515,3.347846945,6.660674395,-5.085695372,-1.575314474,-6.68507353,5.134453941,1.550302302,298.010189,206.2941518,203.505341,4.087367834,5.452500379,6.463572072,297.1241515,208.9465482,204.1194018,4.098414126,9.481673412,2.664572148,0,-103.3147202,103.493272,-52.79119389,-79.51666145,122.8774441,0.1937492528,-103.1539517,103.1833988,52.63764397,-116.9847543,48.75189071,49.98496931,49.98497546,3010.174809,3000.59236,-123.356533,-289.2549799,5.5619684,1
939,96,16,32,0,1,1,1,1,1,1,1,1,1,1,1,298.901479,204.4232775,203.8629047,3.999243701,9.372622192,8.837561801,298.3856479,207.08616,203.8610383,5.452444516,11.02237398,5.278633574,-1.371727227,6.505822423,-5.134431314,1.368208595,-6.413825359,5.045278512,298.8876619,204.4207719,203.8492608,3.52062653,6.585007676,7.139933871,298.3737738,207.0922724,203.8631023,5.113495859,8.84572739,1.292751593,0,-102.6255491,104.9739145,-71.62532942,-74.5651635,113.9851366,0.281543009,-102.6148357,104.6624268,40.88170701,-123.4739716,42.08606083,49.98507853,49.98507183,2989.716908,2980.093692,-139.462923,-305.3221273,5.848325,1
940,96,16,32,0,1,1,1,1,1,0,1,1,1,1,1,345.6993693,292.2851713,332.3380992,13.14940339,18.33241317,19.27943994,347.5768623,294.2372312,333.164775,14.12949742,16.59686715,18.60410504,0.4534726376,8.509573919,-8.950970504,-3.982042665,1.264205203,2.728237966,238.4634785,235.492972,261.6636451,1.977583241,7.497688065,2.499062576,239.7618526,237.7832072,263.1942726,4.390222862,8.976749946,7.349470403,0,-100.6824292,89.95887401,88.13453637,-89.40771206,82.33048517,-0.001681682931,-100.5732093,90.21559213,-26.80392213,-110.4431344,92.4994663,49.96872155,49.97044351,6417.171661,5779.858734,278.6386838,-226.9149104,5.7990072,1
941,96,16,32,0,1,1,1,1,1,1,0,1,1,1,1,300.3738798,201.8071006,204.1396367,6.067902495,36.8986571,32.17567167,300.530644,203.0909445,204.6546796,6.062826361,36.71003965,32.06394958,-3.559415751,34.11211771,-30.55287708,3.541172399,-33.97212955,30.43079168,300.2531601,201.653821,203.9323277,2.490571448,7.029158561,3.771836396,300.4113295,202.8710008,204.4657342,2.514163036,6.833670986,3.890399991,0,-101.6826002,107.1931372,0.7334719091,-103.686536,103.3185572,0.01071606936,-101.5185561,107.2868601,-0.8230108746,-100.031198,110.7527162,49.98361639,49.98361521,3282.616145,3271.190111,-128.118988,-294.1125744,5.9904474,1
942,96,16,32,0,1,1,1,1,1,1,1,0,1,1,1,294.7819876,205.5977635,209.6636139,26.51075301,56.01868261,58.26535915,300.8977008,203.8922701,203.6701126,29.16297019,52.32729181,57.06207781,1.869611562,37.16464192,-39.03459623,-1.969219584,-36.67459709,38.64351814,294.448422,204.357381,207.6683542,12.87344618,19.07897521,15.55819629,300.3603005,203.8259781,203.01908,17.52544202,6.459665619,13.59496937,0,-101.3973873,105.2214463,156.8648659,-87.86115819,44.34119016,0.5728607668,-102.6431433,106.0634739,-16.70650295,124.3289828,-165.3853768,49.97988369,49.9806207,3995.214152,3779.022168,57.55046928,-248.7760564,6.1179882,1
943,96,16,32,0,1,1,1,1,1,1,1,1,0,1,1,299.6350045,205.3386671,202.3125861,15.50592496,12.57329652,17.80732566,301.747971,205.9673144,200.787188,17.044645,4.423842751,16.63421066,-10.30445741,-2.036628525,12.34077506,10.35914966,2.047555028,-12.40702299,299.5912559,205.3332715,202.3006628,2.691932614,12.17628343,8.019034498,301.5805685,205.943932,200.6207502,7.411581336,3.102796126,4.662032617,0,-103.1305449,104.2072394,147.1407705,-92.91066589,69.41801844,0.2184006229,-103.5895628,104.4007622,-11.32926528,-149.8296515,-177.8187221,49.98475795,49.98478516,3053.014307,3036.762563,-126.3837645,-279.7214944,5.8844724,1
944,96,16,32,0,1,1,1,1,1,1,1,1,1,0,1,298.0312049,206.2855578,203.4951769,7.925483647,7.624205106,6.787911684,297.1514071,208.9500925,204.1087194,7.945799194,10.90221776,3.345024969,-6.715320628,5.151931817,1.563061386,6.73975438,-5.203698967,-1.536359887,298.018907,206.2910359,203.4998874,4.099905489,5.451205734,6.475185724,297.1277453,208.945166,204.1134311,4.099361532,9.483329042,2.66618392,0,-103.3152133,103.4953422,-52.75527383,-79.50324191,122.9238578,0.1939539935,-103.1543521,103.183985,52.81494907,-116.9870279,48.48025919,49.98496992,49.98497339,3010.046206,3000.991903,-123.7170191,-288.8325238,5.934868,1
945,96,16,32,0,1,1,1,1,1,1,1,1,1,1,0,298.8339755,204.426944,203.9544944,4.024219905,9.499002322,9.050531616,298.3027642,207.1207307,203.9372323,5.497792452,11.16095697,5.51260599,-1.283397138,6.666714518,-5.383661092,1.279438396,-6.570463435,5.290676344,298.8202833,204.4237678,203.9390401,3.584083251,6.598214483,7.222554074,298.2908972,207.1268046,203.9391619,5.185963346,8.898760392,1.289235881,0,-102.6059151,104.980159,-72.47284231,-73.85064285,114.1388466,0.2879252225,-102.5990279,104.6595252,41.31217014,-123.8529689,38.46536114,49.98506251,49.98507447,2991.805011,2980.644593,-140.2421738,-306.0290738,6.226727,1
946,96,16,32,1,0,1,1,1,1,1,1,1,1,1,1,298.8949254,204.4258274,203.8693888,4.006438093,9.380934435,8.85849,298.3753377,207.0940857,203.8673196,5.457120704,11.04008847,5.303533999,1.362975967,-6.522974166,5.159655684,-1.359579628,6.427836465,-5.068576172,298.8811221,204.4232371,203.8555446,3.531071845,6.58108471,7.14768526,298.3634955,207.1001812,203.8693443,5.12002714,8.856338462,1.297345532,0,-102.6252444,104.9720462,-71.67115181,-74.47487216,114.0407336,0.2824425607,-102.6141957,104.6594791,40.97886252,-123.4974674,41.6694858,49.98506741,49.98508151,2990.550477,2979.43542,-139.3697335,-305.3477263,6.0985295,1
947,96,16,32,1,0,1,1,1,1,0,1,1,1,1,1,300.3683809,201.8129237,204.1523237,6.06983412,36.90820597,32.18200226,300.5239244,203.0896319,204.6541354,6.064806256,36.71082877,32.06468821,3.559691175,-34.11393932,30.55407318,-3.541537446,33.97209603,-30.43083626,300.2471952,201.6594829,203.9457026,2.49039468,7.052751437,3.794731683,300.4048961,202.870657,204.4659757,2.514254343,6.81011922,3.868819444,0,-101.6801904,107.1934102,0.7486077579,-103.6415847,103.2295303,0.01157259612,-101.5180591,107.2865406,-0.8371311884,-100.0615046,110.8827122,49.98359591,49.98363478,3281.872444,3270.785757,-129.289186,-293.1098225,5.8727409,1
948,96,16,32,1,0,1,1,1,1,1,0,1,1,1,1,341.9324792,291.6440041,331.7501697,13.08566732,20.06676214,20.49780155,345.8805861,294.5317633,332.9408899,15.11052391,17.08580309,19.14154878,-2.714200942,-14.07739557,16.79187375,6.210791337,4.340087371,-10.55047032,235.7585226,234.8658319,260.7496829,4.45828435,7.559737292,2.54224316,238.3213187,239.3267622,264.001637,7.322209891,13.07197191,11.25475112,0,-100.9117024,89.38239992,121.0633601,-48.48271562,-151.6912743,0.07191255223,-100.9104563,89.73333599,-31.43917711,-128.438822,78.00626422,49.97307408,49.96586769,6085.568474,6112.289117,524.6202243,-472.8257706,5.578212,1
949,96,16,32,1,0,1,1,1,1,1,1,0,1,1,1,299.6162581,205.4514148,202.2345028,13.45137389,12.4866945,16.2563236,301.6513647,206.1378592,200.6419713,15.18963074,4.472285338,14.8872784,9.646507638,2.002697919,-11.64959876,-9.697837356,-2.008466483,11.70589907,299.5820419,205.450667,202.2288357,2.636202685,12.10620597,8.074067437,301.5296078,206.1259347,200.5250361,7.4112731,3.249582207,4.567873484,0,-103.1889158,104.1024491,150.3545754,-92.3924535,70.19760106,0.231634209,-103.6475344,104.280056,-10.0934912,-149.8917389,-176.6601906,49.98491721,49.98479101,3018.387847,3035.722157,-128.309057,-275.300396,5.6018456,1
950,96,16,32,1,0,1,1,1,1,1,1,1,0,1,1,294.2536935,205.6495021,210.2712379,28.25899315,59.60758681,61.97204884,300.7081588,203.5014447,203.6476661,30.86268259,55.79918861,60.72025751,-1.888057344,-39.36819225,41.25585426,1.995271181,38.84589412,-40.84155999,293.8711586,204.2509267,208.0329692,13.60784205,20.09514723,16.45128193,300.1058273,203.4288177,202.9082934,18.22130854,7.239282645,14.45646709,0,-101.2583261,105.2769467,155.841317,-88.42759252,43.8179626,0.6053024534,-102.5996858,106.1725166,-17.7261643,118.5071288,-164.176055,49.97944711,49.97955258,4104.081542,4057.002426,77.91452057,-192.2199798,5.8478404,1
951,96,16,32,1,0,1,1,1,1,1,1,1,1,0,1,295.1659003,207.6249108,207.725135,11.69019338,31.45246158,29.59497787,295.8398957,211.1592219,205.6936518,14.26807154,30.59419235,27.25852729,-2.629801871,-16.81519624,19.4446839,2.706916344,16.36667114,-19.07393483,294.8063543,207.2402854,206.5619751,6.044576977,11.15760802,11.09635945,295.5146445,210.5259253,204.6260039,10.10707063,9.361109539,3.583813837,0,-102.8762597,102.8962908,-133.989342,-62.35514159,95.11631586,0.6662392966,-103.413854,102.4521431,25.6146374,-154.4760567,-101.1062192,49.98355486,49.98353504,3292.662523,3286.811423,-81.08576907,-275.6510749,5.7089151,1
952,96,16,32,1,0,1,1,1,1,1,1,1,1,1,0,298.0348526,206.281851,203.4922638,7.885789941,7.593565044,6.787726948,297.1588749,208.9522073,204.1048921,7.91884981,10.89272775,3.344334628,6.670636855,-5.107330208,-1.563643043,-6.695078261,5.156071515,1.538669547,298.0225488,206.2873298,203.4970024,4.091950074,5.449774333,6.474921656,297.135286,208.9473902,204.1095942,4.116017318,9.496475199,2.66502251,0,-103.3148236,103.4974341,-53.02701982,-79.29382011,122.9152737,0.1951453568,-103.1546542,103.1861487,52.63458875,-117.0765844,48.49269194,49.98497058,49.98497504,3010.394508,3000.304786,-123.0016931,-289.6997979,5.8604923,1
953,96,16,32,1,1,0,1,1,1,1,1,1,1,1,1,301.5397232,205.3779763,199.6373,11.90996605,5.000197481,12.08250882,299.913652,207.0806605,202.1925491,9.671186815,12.03629767,13.63554914,-8.728494167,-2.232043314,10.96026914,8.669401797,2.200224804,-10.86988804,301.479404,205.3779146,199.6036041,7.301033749,3.917521537,3.954263709,299.8944598,207.0862861,202.1983754,2.480309027,11.64014179,7.593213621,0,-103.9599093,103.8849659,-9.223472055,-148.4763416,179.7948354,-0.2072833215,-103.2115013,103.8895841,152.1973864,-90.33904371,73.45493674,49.98496622,49.9849419,3012.148913,3006.231243,-111.9469458,-280.2284276,6.1191603,1
954,96,16,32,1,1,0,1,1,1,0,1,1,1,1,1,300.9660763,202.7994971,202.2763268,34.15305273,61.46766867,66.80797432,294.1076118,208.2781627,210.387727,31.59037291,64.70719025,67.56544471,-2.44853544,-42.71763335,45.16576783,2.364706341,42.89829383,-45.26341823,300.1364761,202.7294004,201.5031337,19.40244272,8.052902082,15.31247005,293.6250846,206.3913279,207.9529341,14.83215745,20.88765766,16.94887523,0,-102.9002992,105.8567778,-20.06709574,115.2927617,-165.7797704,-0.5877814188,-101.1707214,104.9957584,153.4587834,-88.89202219,40.99421372,49.97839338,49.97836743,4297.604128,4298.095283,7.011868017,-44.30054484,5.9224305,1
955,96,16,32,1,1,0,1,1,1,1,0,1,1,1,1,301.6527434,205.1988699,199.6826074,12.65491626,4.916360126,12.78054162,299.9719939,206.9250512,202.2478454,10.52384142,12.10213462,14.24306201,-9.274529346,-2.139342696,11.41373987,9.212487369,2.100010407,-11.31262845,301.5759548,205.1963015,199.6334243,7.392982,3.854717272,4.055202865,299.9480567,206.9293856,202.2510386,2.580448843,11.72415929,7.643559433,0,-103.8992721,104.0297986,-9.56957695,-149.5031925,-179.7653249,-0.2068767718,-103.1417154,104.0261625,151.8936011,-90.33530371,72.92200283,49.98497076,49.98490084,3012.182016,3014.719943,-114.8789947,-280.1545139,5.8092179,1
956,96,16,32,1,1,0,1,1,1,1,1,0,1,1,1,359.7736848,239.186935,344.1307737,16.88866301,13.56596392,15.88379273,359.37341,239.5992645,344.7244717,16.87561354,13.23659109,16.78579896,2.331459238,-5.268983601,2.937632411,-3.349249967,-2.897386938,6.247396916,322.1852135,169.2119144,223.3088533,3.475996084,6.65296176,4.868937535,321.8134159,169.5401346,223.1154264,2.218249636,5.567194998,4.345478847,0,-89.2051193,132.5597251,-15.48987468,-105.9640078,109.1079702,0.04926831972,-88.92512159,132.7690483,24.65013536,-69.47495539,158.8827303,49.98112678,49.9653021,4788.177669,5924.340291,-822.5690436,-967.4727931,5.5271187,1
957,96,16,32,1,1,0,1,1,1,1,1,1,0,1,1,304.8994526,205.3564983,195.2538741,39.6965729,10.58603735,46.79343037,304.9924239,206.6980313,195.7369074,39.68756745,10.47666128,46.64907432,-36.75895187,-6.589384224,43.34819516,36.72959717,6.507986828,-43.23774125,304.5933495,205.1423395,194.9397525,2.362410804,7.079340451,3.828228402,304.7382882,206.4738447,195.3867583,2.725632625,7.018485535,3.491504729,0,-104.9652326,103.2958917,-4.196648465,-104.8539912,100.1440925,0.03186609959,-104.8168975,103.366798,3.563201255,-105.4867146,106.5243619,49.98256014,49.98253164,3492.857121,3488.914737,-0.2172070007,-168.1161454,5.7905653,1
958,96,16,32,1,1,0,1,1,1,1,1,1,1,0,1,306.3372446,200.8651423,198.7293505,76.25032949,33.0903469,72.59458545,300.0732392,210.9019554,197.522406,76.08567569,39.07337862,70.97660675,-49.74648733,0.9284505643,48.81793214,49.61830059,-1.239112331,-48.37929121,304.1939144,200.4353413,195.9697087,18.23803986,14.92616956,18.06587797,299.1918462,210.0712971,197.284447,18.81516217,25.24240238,13.2779261,0,-103.8823772,105.7684975,-88.36871094,18.23534756,144.9504866,1.146103028,-103.4406192,103.9215488,76.13101467,-133.8622936,-14.17475908,49.9765885,49.97649556,4672.992198,4670.242013,252.4814707,-72.70080884,5.8479404,1
959,96,16,32,1,1,0,1,1,1,1,1,1,1,1,0,304.4014767,207.7876714,196.4592822,18.29570391,18.30097625,8.078910511,303.4125733,210.8569377,197.3299211,18.22206798,19.90597871,4.087668253,13.29336044,-12.76061205,-0.537031809,-13.45691585,12.92371203,0.528907831,303.9372943,206.3048212,195.2422939,5.071932824,5.838724852,7.441820519,302.6369177,208.835265,195.7561132,3.954215611,8.935696355,2.736952113,0,-105.2838002,102.4639379,-45.95871959,-85.55224294,123.5233816,0.1622854937,-105.1410595,101.9972939,67.25466066,-118.3125915,20.47169502,49.98365998,49.98530463,3135.656458,3076.610964,-82.61264693,-201.5513773,5.8369032,1
960,96,16,32,1,1,1,0,1,1,1,1,1,1,1,1,301.5245596,205.3757195,199.6342291,11.84995783,4.996850078,12.04566579,299.9130196,207.082766,202.1933412,9.617424565,12.03498596,13.61103787,8.717896726,2.232030791,-10.95025562,-8.658931155,-2.203162067,10.86177236,301.4650248,205.3756773,199.6014082,7.26221741,3.909190157,3.928042887,299.8938934,207.0884029,202.1991709,2.442340427,11.63743973,7.593081174,0,-103.9596345,103.8832181,-9.190611009,-148.3542628,179.9040006,-0.2067639472,-103.2122198,103.8903654,152.0009478,-90.39541033,73.65960986,49.98495814,49.98495266,3013.836185,3003.99106,-110.2103642,-281.8916446,5.7541951,1
961,96,16,32,1,1,1,0,1,1,0,1,1,1,1,1,301.6355592,205.1998716,199.6892149,12.7372864,4.894256138,12.87366089,299.9665327,206.9312088,202.2608383,10.64824428,12.11312308,14.33267477,9.358109955,2.125870062,-11.48441093,-9.295638159,-2.08971757,11.38491084,301.556712,205.1970226,199.6384558,7.337927146,3.836389265,4.010477132,299.9421739,206.935346,202.2637958,2.53524928,11.73863876,7.633363361,0,-103.8960109,104.0333589,-9.730421964,-149.5858505,-179.7198058,-0.2067309858,-103.1380015,104.0331782,151.0588577,-90.39424064,73.25439668,49.98493797,49.98492944,3017.955323,3009.633559,-110.1164764,-285.0725278,5.6924884,1
962,96,16,32,1,1,1,0,1,1,1,0,1,1,1,1,300.9623923,202.7468414,202.2473396,34.40757079,61.58018002,66.99816782,294.0456423,208.2439502,210.3738666,31.84688353,64.82468579,67.74848911,2.459915861,42.78064436,-45.24081115,-2.375295694,-42.96382194,45.33888014,300.1241168,202.6759588,201.46417,19.52269922,8.094696008,15.4158452,293.5626701,206.3538506,207.9331166,14.95468638,20.93312368,17.02070135,0,-102.8980305,105.8722843,-20.13469106,115.1115462,-165.9344449,-0.5902497336,-101.1635929,104.9984632,153.4243838,-88.90427688,40.71137676,49.97830277,49.97825671,4327.544081,4335.101139,9.997354094,-32.3392114,5.6414853,1
963,96,16,32,1,1,1,0,1,1,1,1,0,1,1,1,304.9011379,205.357727,195.2587757,39.71791892,10.58600939,46.81552875,304.9840323,206.697844,195.733258,39.70700691,10.47804251,46.66816453,36.78086539,6.588497538,-43.36950155,-36.75135182,-6.508295841,43.25950314,304.5953734,205.1431917,194.9448355,2.377207823,7.078510798,3.846689931,304.7298906,206.4728556,195.3831501,2.713218281,7.019325098,3.472115857,0,-104.9643819,103.2972206,-4.58475047,-104.8551841,100.3001256,0.03272414502,-104.8161869,103.3655862,3.942852322,-105.4838278,106.3872349,49.98255911,49.98251729,3493.782543,3489.093503,-0.8281118209,-167.3941723,5.9343858,1
964,96,16,32,1,1,1,0,1,1,1,1,1,0,1,1,359.3658617,236.0308444,341.4496696,30.41189021,26.73796035,24.62376702,358.7559616,236.0432218,341.8869613,29.81913632,25.06956522,23.57571498,-0.8479442896,6.473744876,-5.626491446,1.839609371,1.435960312,-3.276498006,322.3801227,167.559302,227.1207931,6.155480628,8.107800388,6.064800438,321.7830349,167.3917411,226.9136741,1.305286568,4.122885106,2.469981314,0,-87.80846833,134.0462877,10.27054428,-102.0857503,136.8508298,-0.1529273401,-87.68815188,134.0094132,-121.8455348,-59.60374507,126.6421391,49.95676906,49.98886543,5333.76018,5522.467181,-878.6634278,-765.0606855,5.6637472,1
965,96,16,32,1,1,1,0,1,1,1,1,1,1,0,1,308.885982,210.5972448,194.2287234,20.87867316,21.22894433,8.511919955,308.7322135,213.9584832,195.5118018,21.37311599,22.81600089,5.733509319,-17.40632101,16.33312656,1.074650019,17.64138107,-16.56965659,-1.07045446,307.5600407,206.592417,191.1237778,3.094612967,6.554400021,6.644178471,307.1491359,209.4307919,191.5961419,4.420289277,9.277939359,2.411915883,0,-106.3718444,101.7093643,-59.08994581,-75.26075161,121.0916394,0.210799242,-106.3602689,101.3318456,36.96816333,-128.1129004,33.6850415,49.98543179,49.98292558,2869.44373,3458.486515,-62.63134156,-176.5455724,5.6813972,1
966,96,16,32,1,1,1,0,1,1,1,1,1,1,1,0,301.5201294,205.3813055,199.637405,11.87578872,5.006410036,12.07206243,299.9101984,207.0841136,202.1955857,9.647558738,12.0326795,13.63814897,8.744701574,2.235561601,-10.98059452,-8.685556373,-2.206742021,10.89197224,301.4600773,205.3812579,199.6042372,7.26314971,3.919318111,3.920513313,299.8910107,207.0897132,202.2014355,2.440376692,11.63431795,7.596517553,0,-103.9604383,103.8797293,-9.119458001,-148.3889014,179.9841341,-0.2072301636,-103.2127989,103.8880861,152.2094772,-90.34829829,73.72341014,49.98495493,49.98495318,3014.424552,3003.718578,-110.2606619,-281.8318652,5.9870239,1
967,96,16,32,1,1,1,1,0,1,1,1,1,1,1,1,297.5926686,207.3473161,203.2060737,7.220545698,10.8612698,3.468267811,298.7860413,207.1758923,203.6398379,7.203602006,7.176050044,6.944513002,5.851265521,-4.480952111,-1.370655103,-5.816546862,4.412997869,1.403188454,297.5679625,207.3482048,203.2102283,4.150317026,9.786612225,3.027751586,298.7726438,207.1820069,203.6425437,4.169560549,5.472917345,6.731271376,0,-103.5525763,102.8727901,53.39534918,-119.4323687,41.15200305,-0.173238043,-103.3875819,103.3713329,-53.28394273,-74.97325996,126.2447932,49.9849849,49.984992,3007.096585,2997.319691,-113.0094815,-283.0151617,5.9840337,1
968,96,16,32,1,1,1,1,0,1,0,1,1,1,1,1,297.610828,207.3372597,203.1887054,7.260502298,10.90332333,3.461196365,298.8142276,207.1543081,203.6236751,7.244660565,7.206851105,6.966985533,5.89206752,-4.551497883,-1.340915413,-5.857190857,4.48364171,1.373222367,297.5859707,207.3382931,203.1930627,4.173393061,9.807163006,3.033374357,298.8008377,207.1603949,203.6264882,4.195002158,5.467267034,6.760567954,0,-103.5529443,102.8789147,53.66083332,-119.5143757,40.58351151,-0.1749930491,-103.3879209,103.3811849,-53.50584418,-74.71439581,126.3226814,49.98498748,49.98498998,3006.585646,2997.834579,-112.917613,-283.3008376,5.5920097,1
969,96,16,32,1,1,1,1,0,1,1,0,1,1,1,1,296.0731136,210.4373051,204.8908821,16.707288,35.37323282,31.13112021,295.4003611,209.4061953,208.4831586,14.13913069,36.02268527,33.26513726,3.141169906,18.24193016,-21.38341002,-3.063029857,-18.57276537,21.63546819,295.6205612,209.7287203,203.6713984,11.18397686,10.21995002,4.416242858,294.9380109,208.8522786,207.0521865,6.967758447,12.26761418,11.91606623,0,-104.2446871,101.197858,23.40779461,-161.2531399,-98.3397242,-0.721290476,-103.267922,101.8505284,-140.0413196,-59.96735458,94.17416166,49.98301785,49.98303075,3396.750612,3390.829444,-84.26570629,-217.5034092,5.7896917,1
970,96,16,32,1,1,1,1,0,1,1,1,0,1,1,1,301.0241836,208.2256844,197.6199881,75.53704406,38.92958729,70.68947193,307.4383885,200.876436,199.987253,75.60608499,32.47700226,71.96253447,48.98151596,-0.8172107596,-48.16443552,-49.0308879,0.6395452125,48.39122412,300.1838367,207.5144137,197.3009713,18.6098037,25.58719244,13.8080254,305.5817651,200.4383776,196.7830108,18.14025041,15.00210084,18.24733369,0,-104.6453353,102.17629,76.35578484,-134.607827,-12.99283098,-1.083734193,-104.8047154,104.186108,-87.93511915,17.87010273,145.6761917,49.97670346,49.97660109,4626.617217,4656.414245,111.6264106,103.5834812,5.7609122,1
971,96,16,32,1,1,1,1,0,1,1,1,1,0,1,1,304.1896338,207.0954863,195.0502323,20.55705061,21.76612738,6.414442515,305.9565579,206.4914262,195.320653,20.38239758,19.41794679,10.11014338,13.73620004,-14.14217096,0.4138464564,-13.5375298,13.96642272,-0.4213100713,303.5818392,205.6936935,193.880442,5.790280532,10.81480637,3.66279329,305.2686501,204.9742393,194.4055893,5.587535275,5.703059759,8.597426102,0,-105.3908797,102.34533,61.34792578,-127.4101217,4.086632981,-0.2413854369,-105.1660808,103.1194523,-65.74713157,-60.91354682,127.3972939,49.98685634,49.98182558,2773.947213,3509.851023,-84.97256089,-163.3992176,5.7728244,1
972,96,16,32,1,1,1,1,0,1,1,1,1,1,0,1,504.8478542,237.2152784,168.7820485,24.82991716,31.85530659,18.62240874,503.8921104,233.4179107,161.0699661,26.24018991,29.78467013,15.47848946,-16.07829326,24.57147096,-8.4925557,21.26770552,-26.54592156,5.279002827,384.3047117,205.3694224,105.1187052,16.27160193,19.48263437,10.9914398,378.7771116,200.5181382,101.5375406,11.15483484,11.78728418,7.761606476,0,-123.3892756,101.8807627,-29.32477787,-160.5319088,73.59055238,-0.1643462216,-123.0320315,101.4173228,134.5267514,-25.86971757,-119.9727455,49.97615533,49.97587775,4863.891382,4731.510899,-117.4542292,1187.256632,5.562547,1
973,96,16,32,1,1,1,1,0,1,1,1,1,1,1,0,296.2184045,208.304792,204.2614246,20.02745029,17.03615959,6.336447614,296.2690709,209.6676767,204.8562558,19.98251607,17.11857419,6.331699777,19.24108284,-14.81079129,-4.430563793,-19.22308863,14.78280972,4.43997302,296.1779211,208.278528,204.2193645,2.583541805,7.025506786,3.836525441,296.2337397,209.620475,204.802821,2.363736744,7.289452002,3.821212304,0,-103.7124843,102.1112426,-3.811128653,-105.0489316,101.9684941,0.01438250192,-103.5358029,102.179806,4.066837172,-102.8090845,102.040711,49.98448103,49.98446507,3108.247677,3102.404406,-97.3365637,-265.267355,5.4647743,1
974,96,16,32,1,1,1,1,1,0,1,1,1,1,1,1,297.5933933,207.3493344,203.203973,7.233741236,10.86679711,3.468017573,298.7848391,207.1786386,203.6385391,7.213974383,7.190241248,6.943870494,-5.866616725,4.496899684,1.369398207,5.83183564,-4.43182295,-1.40035089,297.5686373,207.3501579,203.2081393,4.150144938,9.78420108,3.025506616,298.7714555,207.1847594,203.6412328,4.164627059,5.476633967,6.729798988,0,-103.554042,102.8702743,53.32498341,-119.4492827,41.17995579,-0.1732315316,-103.3886391,103.3685963,-53.30178062,-74.97315833,126.2222188,49.98498556,49.9849906,3007.340625,2997.240248,-113.0581322,-282.9476983,5.6401554,1
975,96,16,32,1,1,1,1,1,0,0,1,1,1,1,1,298.0595264,205.8246716,203.7501979,5.457196248,11.69257488,5.754329645,299.0273658,205.5333732,204.6825509,4.314154289,9.35694557,9.169556694,1.397987035,-6.67734624,5.279037977,-1.393163728,6.718054569,-5.325238486,298.0472953,205.8305221,203.7544753,5.11655185,9.503901644,2.0470958,299.014018,205.5261958,204.6727588,3.875811564,6.372624535,7.392845002,0,-102.9283033,104.1699067,44.98773515,-125.0636756,28.84310906,-0.2582276001,-102.6408267,104.6932502,-69.53191678,-69.29748863,119.7598684,49.98504016,49.98503858,2996.031231,2987.89795,-133.9963585,-300.2572752,5.7940672,1
976,96,16,32,1,1,1,1,1,0,1,0,1,1,1,1,297.6117245,207.3411861,203.188413,7.290404041,10.92994009,3.463492331,298.8142809,207.1516656,203.6211271,7.26839912,7.228168119,6.967223142,-5.918714749,4.58000996,1.338349454,5.883662773,-4.514777511,-1.369210754,297.5867333,207.3421362,203.1926858,4.182322232,9.819176112,3.037746658,298.8008836,207.1577464,203.6239111,4.193549025,5.46456594,6.761607111,0,-103.5538411,102.87709,53.60163815,-119.5624607,40.55526297,-0.1757554254,-103.3888274,103.379728,-53.63993008,-74.56751468,126.3589112,49.98498674,49.98499006,3006.827124,2997.774874,-113.4160983,-282.7921146,5.9590728,1
977,96,16,32,1,1,1,1,1,0,1,1,0,1,1,1,310.2911405,211.8914375,193.6333156,20.69569715,22.43654814,6.469858335,311.6557974,212.2789943,193.191511,20.86122978,21.2482084,9.257875742,-16.14510659,15.45639984,0.6867210388,15.84351873,-15.13141945,-0.7140787627,308.3302235,206.7201038,188.8695296,2.640634231,7.740303408,2.840406901,309.8804918,207.3878883,189.4056628,5.261107197,6.659259833,7.137874927,0,-106.8278112,101.3846715,77.61258877,-116.0896678,21.76593193,-0.03212899348,-106.6343202,101.9900049,-29.42309032,-96.49441756,124.5004095,49.98198641,49.98611213,3422.173205,2931.012423,68.35328019,-265.9982394,5.9805134,1
978,96,16,32,1,1,1,1,1,0,1,1,1,0,1,1,300.4146508,207.8277155,200.3010259,47.1808746,24.30804387,45.3299262,304.1389939,204.0653459,200.0533685,47.32349971,16.78083819,45.96199262,-31.4727856,-0.571142586,32.04563148,31.524871,0.6724710633,-32.19572785,300.1289522,207.6028129,200.1734837,9.91942544,18.73560544,8.203327433,303.2884836,203.8680224,198.6485955,9.89406549,7.087193495,10.40041901,0,-104.1439433,102.6079634,74.79204549,-123.7760509,19.76130689,-0.4623532057,-104.4241295,103.6265079,-75.82361289,15.16151117,154.2925202,49.98341702,49.98037445,3216.956248,3744.263418,-143.6100409,-121.4610484,5.7357744,1
979,96,16,32,1,1,1,1,1,0,1,1,1,1,0,1,296.2048998,208.3070775,204.2755422,20.05988164,17.06661954,6.337258733,296.252905,209.667579,204.8739673,20.01214206,17.14760124,6.332095398,-19.27059926,14.83903688,4.431276308,19.2526744,-14.8133183,-4.439646368,296.1645507,208.2810722,204.233628,2.595388411,7.027152505,3.837290835,296.2171374,209.620274,204.8201224,2.351901619,7.288384509,3.821027823,0,-103.7097393,102.1113569,-3.834393792,-105.1386312,101.9745321,0.01337970442,-103.5323114,102.1797632,4.131273269,-102.7165814,102.0347666,49.9844803,49.98445972,3109.152496,3101.910105,-97.1756385,-265.3538325,5.5299805,1
980,96,16,32,1,1,1,1,1,0,1,1,1,1,1,0,504.8840944,237.3418112,169.2735299,24.69210041,31.56184518,18.39536617,503.9332301,233.6014876,161.6766903,26.14262691,29.58277953,15.27045727,16.03544797,-24.39327142,8.358424703,-21.22943912,26.36338331,-5.133420627,384.0974918,205.4212482,105.3329035,16.12262351,19.26429358,10.83181128,378.6228795,200.6488635,101.8177432,11.02842487,11.6864918,7.600792242,0,-123.3595866,101.8004886,-29.50482414,-160.7119507,73.50008793,-0.1601304834,-122.9903404,101.3526932,134.0691735,-26.86860324,-120.3962562,49.9760965,49.97590973,4774.798053,4822.341425,-114.2696404,1180.126176,5.7417441,1
1128,16,48,32,1,1,1,1,1,1,1,1,1,1,1,1,181.5546583,243.4042328,273.2724899,6.530529178,3.0858046,5.163804701,182.5309516,243.7577679,274.117829,5.964231097,3.553766123,5.093949139,-0.002095069812,-0.006562846031,0.008782174579,0.002187322715,0.006158109138,-0.008242659279,181.550622,243.4040668,273.2741547,6.530053345,3.085111422,5.163512045,182.5268922,243.7576351,274.1194966,5.963766813,3.553205765,5.093680097,0,-138.4271978,120.7634879,-3.430010902,-145.80208,123.0446951,0.1594734864,-138.3421611,120.8168872,3.322552819,-132.1416736,118.2282625,49.98329719,49.98329869,3345.438698,3335.170059,-19.07246785,-221.5239283,5.8084396,1
1129,16,48,32,1,1,1,1,1,1,0,1,1,1,1,1,181.4115839,242.6233447,273.9943646,10.76051928,10.89728236,7.389455782,182.1347842,241.1933515,276.6199794,4.063059552,9.937088211,11.63767506,1.918913433,-8.505014625,6.58623182,-1.890148684,8.535230168,-6.644950762,181.4063674,242.6225606,273.9932568,10.45236034,6.561174877,2.515479605,182.1272315,241.1722015,276.6000412,3.17053657,4.746656866,9.292278454,0,-138.1481636,120.8590134,11.90878011,179.3699168,-179.2538309,-0.445529693,-137.9204792,121.0522162,-44.98184738,-69.30186522,107.2759887,49.98315084,49.9831565,3373.432598,3364.911948,-19.3080295,-219.6021468,5.4039236,1
1130,16,48,32,1,1,1,1,1,1,1,0,1,1,1,1,181.4143757,242.6188444,273.9999074,10.76647354,10.88540731,7.373794346,182.1342117,241.188539,276.6299533,4.049849649,9.921312071,11.63101928,-1.91197432,8.479510339,-6.567417878,1.883403687,-8.510322059,6.627040759,181.4091705,242.6180531,273.9987894,10.46123091,6.572054447,2.514229913,182.1267888,241.1674203,276.6100921,3.162456952,4.755838463,9.296182133,0,-138.146887,120.8608363,11.88683458,179.3224506,-179.1740379,-0.4456728224,-137.9177614,121.0537026,-45.07519195,-69.201419,107.2794558,49.98315471,49.98315274,3373.902924,3364.228062,-19.20109326,-219.7861438,5.7533911,1
1131,16,48,32,1,1,1,1,1,1,1,1,0,1,1,1,181.9938038,243.4599306,273.1709034,6.372646623,6.129203589,9.622591583,184.410096,244.2325163,272.7123798,10.94579505,3.757899941,8.996769173,5.309913432,1.546338498,-6.856150492,-5.367981393,-1.529535765,6.897626894,181.9887487,243.4582591,273.1714838,3.276176499,5.77995959,6.661331221,184.3914257,244.2302694,272.7003663,9.450441134,3.163215133,5.671024349,0,-138.656644,120.850869,17.31970672,-110.2026371,89.77949396,0.3731031725,-138.9368376,121.08927,-6.05869606,160.019833,158.0027769,49.98316937,49.98317571,3370.633523,3360.077673,-30.33872696,-232.5037964,6.2771935,1
1132,16,48,32,1,1,1,1,1,1,1,1,1,0,1,1,181.9942149,243.4554017,273.1711165,6.413021749,6.125777846,9.651811116,184.4064164,244.2276611,272.7145037,10.95630491,3.759701923,9.023303573,-5.343516986,-1.55130061,6.894947711,5.40170387,1.53397602,-6.935561148,181.9891663,243.4537115,273.1716903,3.28624573,5.774309118,6.659078694,184.3875411,244.2254351,272.7024343,9.438449962,3.161725961,5.660547712,0,-138.6562863,120.8514506,17.19991575,-110.2164948,89.88506202,0.372517559,-138.9359168,121.0890049,-6.04503538,160.1208272,157.9356738,49.98317448,49.98316873,3369.7415,3361.285225,-30.81527813,-231.9458191,6.1996365,1
1133,16,48,32,1,1,1,1,1,1,1,1,1,1,0,1,181.1590307,244.1937942,272.8298162,12.56642271,7.195814557,9.275569749,180.4258048,245.7294038,273.798695,10.84016473,10.65134061,4.619884615,-8.45809792,6.774245999,1.683971148,8.500014273,-6.825679359,-1.674205896,181.1546606,244.1895318,272.8305916,9.096010791,1.487937064,8.976026774,180.398402,245.7027157,273.7977011,6.453574988,7.947460943,3.98745947,0,-138.3836678,120.5438692,-30.42157675,71.44821754,143.0580766,0.4120238294,-137.9528376,120.1924722,45.01666872,-132.9717279,59.7681156,49.98320226,49.9832011,3364.130955,3354.853667,-28.2872652,-228.6112501,6.2275095,1
1134,16,48,32,1,1,1,1,1,1,1,1,1,1,1,0,181.1551676,244.1934637,272.832975,12.556516,7.192549017,9.280462623,180.4224932,245.7357042,273.799325,10.83803507,10.65420765,4.612987121,8.447685875,-6.770028811,-1.677553779,-8.48950265,6.82092259,1.668674762,181.1507551,244.1892179,272.8337673,9.091528732,1.490645647,8.983050224,180.3951534,245.7090955,273.7984174,6.463094074,7.954882837,3.983797437,0,-138.3811245,120.5443369,-30.47679557,70.9922798,143.0397742,0.4141459584,-137.949922,120.1924727,45.00046257,-133.0393241,59.67417387,49.98320409,49.98319973,3363.374688,3355.536766,-28.30602861,-228.5711965,5.929544,1
1135,16,48,32,0,1,1,1,1,1,1,1,1,1,1,1,181.0395898,240.8350548,275.641454,4.346024162,9.695437584,11.42500215,182.5519404,242.853122,274.6187198,10.60267722,10.53342834,7.356563885,-2.039057576,8.495532241,-6.456356312,2.056693414,-8.429371402,6.372786882,181.0320994,240.8108729,275.6242787,3.435395439,4.323067046,9.10922072,182.5458353,242.8516079,274.6187157,10.26471047,6.064566288,2.786768904,0,-137.2938574,121.4527529,-44.41542192,-73.27408094,106.3914318,0.7476283852,-137.4163469,121.4230177,13.51866885,-177.2991697,178.4333881,49.98315997,49.98315791,3373.541671,3362.8565,-8.820824159,-214.197513,5.8691146,1
1136,16,48,32,0,1,1,1,1,1,0,1,1,1,1,1,193.1893405,418.4226738,313.8843325,8.083712483,10.42426991,11.44472768,194.878603,419.29032,315.0903369,10.43192442,13.09673462,14.11532098,-2.162110302,-0.6868809401,2.853145643,-4.497517037,8.5963726,-4.094518026,128.8446064,285.1476304,280.0804216,3.155885574,5.787150256,4.928337664,130.0976192,284.9979317,280.9551302,5.708649751,3.981232098,8.336757548,0,-126.5355141,106.7839938,2.363929437,-156.7656485,55.69369694,0.3289076054,-126.320447,107.1661802,-1.514719108,-79.56580578,134.1451188,49.98058935,49.96392921,5075.707649,6025.020198,-189.5764344,-391.9015723,5.5826565,1
1137,16,48,32,0,1,1,1,1,1,1,0,1,1,1,1,181.2929014,237.8507699,277.7006236,9.316592064,32.1644064,26.48120478,182.4847309,238.1218122,278.4802066,9.290390994,32.0636242,26.48558108,-5.987403966,30.24628026,-24.25880888,5.974743378,-30.18245897,24.20777861,181.1730436,237.7281136,277.5898173,6.232842787,3.400063983,5.050889154,182.3474373,238.0083389,278.3646586,6.217486907,3.049000326,5.364777237,0,-136.5152912,122.1169192,-0.08698334759,-139.8551146,119.8090893,0.1522061111,-136.4762793,122.2088346,-0.3187344409,-132.956029,124.0969986,49.98202952,49.98198287,3599.612183,3596.559503,51.24489157,-151.463193,5.4680988,1
1138,16,48,32,0,1,1,1,1,1,1,1,0,1,1,1,177.7445364,240.4331331,279.2148239,29.22441172,66.43776182,69.11125305,186.9097781,239.1762507,274.9998038,35.68027769,64.98738703,69.09130513,0.514566249,44.67679648,-45.19139851,-0.6116873453,-44.32885643,44.94054647,177.3264925,238.1430865,277.6438507,13.39314356,16.69563466,16.84408299,185.9818406,238.9644913,274.4166101,24.09940464,12.2883617,19.06137687,0,-135.4893353,121.7430278,139.476721,-97.84385323,36.47217872,0.919856129,-136.9206079,123.0611618,-21.02742082,101.1593604,-176.2771971,49.9757544,49.97662517,4819.422083,4524.014086,295.8990226,-103.718371,5.810869,1
1139,16,48,32,0,1,1,1,1,1,1,1,1,0,1,1,182.3498616,241.9980064,274.1824264,8.708488451,6.473896159,11.37865557,185.0300274,242.7608815,273.6540743,12.91888753,3.742036747,11.05277891,-7.774131448,-1.061609391,8.835802667,7.859166547,1.056128862,-8.915218047,182.3267699,241.9883265,274.173197,3.014525635,6.221719772,6.788000812,184.9674059,242.7505135,273.6122803,9.93590496,3.285436636,6.11775949,0,-138.3581561,121.2543373,26.05026385,-108.9240325,86.07194877,0.3807932728,-138.6881998,121.5318386,-7.774097245,151.9724089,160.8590516,49.98311001,49.98306069,3374.13034,3392.46131,-24.23623697,-226.3157029,6.0962419,1
1140,16,48,32,0,1,1,1,1,1,1,1,1,1,0,1,177.142694,244.0252841,275.1422473,68.76159131,74.57528516,39.09869745,182.6361026,252.1933061,267.4831207,71.50297419,75.0404604,34.01468094,-47.35650393,49.34249685,-1.98592286,47.6045931,-49.41563622,1.811130564,176.9995442,243.1276928,274.3075269,11.01399446,17.98516222,24.10044793,179.8276424,249.7829434,267.0208482,21.45335258,18.68389026,15.42663371,0,-136.4847657,120.6033594,-135.1796705,-51.32094196,95.59325199,2.280093026,-137.5083902,120.1668903,21.49611905,149.4730916,-100.3786051,49.97501827,49.97506867,4951.1557,4958.454726,171.437354,114.6445341,5.8515698,1
1141,16,48,32,0,1,1,1,1,1,1,1,1,1,1,0,179.2156596,241.8147024,276.0304735,3.917051041,13.35624707,14.82143979,180.8035753,243.9294307,274.7813458,10.99950531,13.98692029,11.65587859,-1.481749086,11.01748288,-9.535632983,1.471437797,-10.88197482,9.410625406,179.0774964,241.653043,275.8002464,3.113326536,4.676957336,9.362453179,180.7046028,243.8777136,274.6557377,10.74491222,6.527018238,2.814716405,0,-136.6570402,121.0644234,-53.5047785,-68.1242651,105.4180324,0.8173879174,-136.8010871,121.0337103,13.47224989,-178.6352683,-176.5402181,49.98325075,49.98294631,3369.971317,3389.305122,-0.8798946368,-210.1210353,5.7614621,1
1142,16,48,32,1,0,1,1,1,1,1,1,1,1,1,1,181.0415308,240.8332533,275.6403201,4.347973449,9.685879291,11.41090072,182.5531049,242.85153,274.6185631,10.59989309,10.54249643,7.33982604,2.044164009,-8.47894298,6.434910838,-2.061612389,8.412365749,-6.350619191,181.033947,240.808955,275.6230731,3.437384715,4.311346143,9.097843115,182.5469773,242.8500183,274.6185762,10.26167864,6.087078534,2.762677647,0,-137.2946645,121.452958,-44.37430422,-72.9267449,106.5750299,0.7475994795,-137.4168436,121.4230691,13.52055476,-177.1328049,178.0230429,49.98317664,49.98314048,3370.546295,3366.115603,-9.178186739,-213.7306571,5.8244661,1
1143,16,48,32,1,0,1,1,1,1,0,1,1,1,1,1,181.2914036,237.8495017,277.6995482,9.315134767,32.15449339,26.46896993,182.4831861,238.1216566,278.4892937,9.289305734,32.05325553,26.47903898,5.986688729,-30.23989949,24.25324393,-5.974093432,30.17598226,-24.20184804,181.1725462,237.7273893,277.589316,6.23287573,3.403288695,5.036999578,182.3471007,238.0083829,278.3736743,6.217426817,3.047560768,5.379130982,0,-136.5149261,122.1174689,-0.08082965517,-140.0928445,119.7492169,0.1523902239,-136.4735141,122.2097256,-0.3247152599,-132.6826127,124.1430198,49.98202371,49.98199841,3600.51444,3595.146195,52.15830112,-152.5136439,5.9099929,1
1144,16,48,32,1,0,1,1,1,1,1,0,1,1,1,1,191.7960621,416.5844382,312.6877696,18.8915675,20.46323665,25.30528222,190.6392358,416.7556896,312.3988443,18.20731381,21.89059211,25.32628538,5.513477498,0.1894904519,-5.703544078,0.9629239599,-7.885502672,6.921833648,127.7529644,290.2471683,278.8212367,6.736462224,5.283854658,6.456929902,127.1353756,289.3464387,278.5393151,4.133206489,4.790794525,4.372974396,0,-127.6259534,105.1646729,-27.41894355,-164.3207625,92.45257388,0.3284616736,-127.4602461,105.273485,47.94458418,-86.50179301,123.8624428,49.98464674,49.95931919,5147.431418,6065.643517,-240.7865955,-246.4485001,5.6504968,1
1145,16,48,32,1,0,1,1,1,1,1,1,0,1,1,1,182.2851397,242.1371421,274.1154906,8.173812138,6.462955226,11.04970062,184.8882072,242.8982636,273.5042743,12.45472225,3.649208168,10.51430827,7.39859818,1.0168351,-8.415256985,-7.478534363,-1.011675073,8.490382019,182.270358,242.1315567,274.1098491,3.04651496,6.268088002,6.96186545,184.8396514,242.892818,273.4708153,9.816535552,3.29209571,5.978290059,0,-138.3678873,121.2136043,22.94099467,-108.9564764,86.8228269,0.3900109716,-138.7012721,121.4811998,-7.065111728,151.2218307,162.1922595,49.98310489,49.98309733,3383.88822,3375.50518,-29.23718602,-223.3535615,5.9020702,1
1146,16,48,32,1,0,1,1,1,1,1,1,1,0,1,1,177.4069143,240.2279963,279.410377,31.00627546,69.88340477,72.67775647,186.8931146,238.6538453,274.7685036,37.30180725,68.37981812,72.61386189,-0.6050796693,-46.81974117,47.42486708,0.7122041805,46.45336326,-47.1655239,176.9274472,237.6974734,277.7041258,14.04386107,17.62021853,17.57352941,185.8701378,238.4255752,274.1234536,24.64499599,13.12447946,19.73219196,0,-135.3035104,121.7922172,138.8968511,-98.21539871,36.19913719,0.9647230338,-136.8311185,123.178377,-21.84845537,99.28839407,-175.3110912,49.97529611,49.97523906,4935.613003,4928.473243,332.2857859,-20.377317,5.8862559,1
1147,16,48,32,1,0,1,1,1,1,1,1,1,1,0,1,179.2544442,241.9302148,275.8611914,3.652015239,14.27120625,15.68502974,180.9270542,244.1148708,274.636407,11.23384872,14.89832152,12.8822344,1.244689531,-11.23286895,9.986742688,-1.247999825,11.10021006,-9.85407283,179.1592049,241.7800837,275.6681614,2.98448205,4.573425013,9.217954313,180.8635842,244.0760369,274.5528442,11.03769822,6.544144863,3.089186247,0,-136.7241446,121.0716544,-58.33120688,-67.5204399,103.876088,0.8678038279,-136.8403528,121.0621834,13.32756038,-177.6537122,-178.1699976,49.98319734,49.98291985,3368.368134,3411.721328,22.18941619,-232.7417277,5.6652401,1
1148,16,48,32,1,0,1,1,1,1,1,1,1,1,1,0,177.3381756,244.0218396,275.2492744,67.33137697,72.74912184,37.80185107,182.6185077,252.0032445,267.719113,70.0389177,73.23629615,32.60787031,46.4873051,-48.18828004,1.701415639,-46.72761686,48.26060087,-1.532526077,177.197876,243.1540418,274.4494336,10.62823386,17.65626681,23.68795871,179.9203593,249.6653168,267.2805287,21.00563495,18.44097361,14.91009207,0,-136.5139229,120.6213028,-133.801271,-50.76629457,96.61791228,2.224932618,-137.5242748,120.181898,21.69349928,150.3272626,-99.28206143,49.97569464,49.97523332,4736.235658,4926.772294,129.05859,102.2696984,6.0428136,1
1149,16,48,32,1,1,0,1,1,1,1,1,1,1,1,1,183.0237437,243.7260833,272.3363377,10.5364017,3.666871074,8.250560301,182.7875839,243.7834785,274.2309214,5.706926077,6.323702991,8.553496413,-4.425932449,-1.356009152,5.782024676,4.336599557,1.370608191,-5.707119875,183.0122396,243.7244382,272.3271238,9.50798024,3.232146391,5.829969003,182.7832379,243.7816061,274.2313593,3.57156958,6.079929463,6.319853642,0,-139.1680273,120.8021647,-10.09588101,154.3396405,154.8367419,-0.00241688081,-138.7753672,120.6914528,26.66897468,-109.9367658,89.44103874,49.98319509,49.98319029,3366.114854,3356.626424,-30.1266813,-232.6259552,5.9313213,1
1150,16,48,32,1,1,0,1,1,1,0,1,1,1,1,1,181.6912036,242.5340891,273.9889279,11.00564845,11.83806097,8.873510632,182.2403425,241.1203325,276.6409418,3.724645117,11.08450688,12.45540273,1.725156033,-9.131796458,7.406289481,-1.706942127,9.166384982,-7.459790297,181.684495,242.5311961,273.9872526,10.71837702,6.505397324,2.897937299,182.2323848,241.0865586,276.6123548,2.767964201,4.935184266,9.151605557,0,-138.2251646,120.9168383,10.16930337,177.3209001,179.9847653,-0.4519764587,-137.9767018,121.0784268,-45.62228766,-70.9373356,105.1034644,49.98312118,49.98310394,3379.039031,3372.789084,-25.54785132,-212.6607321,5.9576096,1
1151,16,48,32,1,1,0,1,1,1,1,0,1,1,1,1,183.2404814,240.6211702,273.8146857,15.90229672,3.816383708,14.40269413,182.9927656,240.7810545,276.3412877,13.17872395,7.651261555,15.06602849,-10.37238262,-0.09265931772,10.47116766,10.1621939,0.1071810498,-10.26326055,183.0320975,240.5373781,273.6958497,9.334410581,3.574920114,5.844906616,182.8331562,240.718958,276.2651418,3.750127004,7.528917635,7.647126043,0,-138.5257772,121.4257179,-10.49860573,129.6684905,168.6086781,-0.0439911197,-138.0013297,121.3016917,25.82489168,-110.1008853,87.09435687,49.983719,49.98203005,3300.97032,3576.796182,29.43504319,-254.3593932,5.9404588,1
1152,16,48,32,1,1,0,1,1,1,1,1,0,1,1,1,246.9338672,231.8037022,428.5391705,28.72445327,20.73030923,24.11705952,250.4147195,237.7270153,430.5755106,28.52440854,22.48399795,21.33336832,-18.65979791,4.038913759,14.62322899,12.9672164,-7.737157287,-5.227860463,203.6655707,151.9358687,330.4980741,3.863857861,6.487220558,6.51029593,208.1070369,155.5891299,334.4406976,14.01730964,9.668696281,11.340834,0,-119.3758481,141.7150082,81.54576398,10.17015337,-153.3553805,0.3771668141,-119.140985,141.6627637,-15.87831587,-150.4930719,110.2467035,49.9554885,49.97938194,6904.660429,6193.873113,1282.283811,325.6871271,5.6702552,1
1153,16,48,32,1,1,0,1,1,1,1,1,1,0,1,1,184.2467755,245.1905091,270.7094987,21.02405738,6.098616198,25.2006683,185.4437637,245.6062132,271.3854871,21.02915363,6.097408125,25.07564182,-19.21389681,-4.390561326,23.60455508,19.13648745,4.392464768,-23.52885492,184.1756418,245.1264942,270.664016,6.195486364,3.322009632,5.198808791,185.3400141,245.5379909,271.3401284,6.466983876,3.316951658,4.959149217,0,-140.1953371,120.6271446,-2.16230334,-140.2455236,118.0417378,0.1854267361,-140.1550466,120.7014626,1.691250921,-140.297114,123.1191755,49.98245349,49.98244906,3513.083141,3506.330504,-28.8156898,-231.510048,5.8572492,1
1154,16,48,32,1,1,0,1,1,1,1,1,1,1,0,1,187.2943968,240.7113975,273.517201,62.33250648,27.12195059,60.57132549,183.0638648,246.9819735,271.4176766,61.80802459,30.9611917,57.81396521,-41.05781239,0.877357908,40.18056258,40.6135486,-0.9050326267,-39.70831687,185.6128456,240.2524261,271.7952641,15.9762322,13.1913184,18.24492647,182.5857724,246.1568315,271.2572925,17.50696369,19.66663931,9.521402676,0,-139.5702893,122.0109861,-74.30595992,30.07776197,142.9656516,1.756467516,-138.4885873,120.8769956,61.64250036,-146.3629112,-13.96338424,49.97724288,49.97743081,4542.383354,4474.842406,202.6905491,-117.9134902,5.8024319,1
1155,16,48,32,1,1,0,1,1,1,1,1,1,1,1,0,181.1783851,244.2419476,272.7872387,12.59715901,7.252680428,9.290404642,180.4408215,245.7875961,273.753758,10.88384295,10.70619579,4.610481035,8.491434184,-6.829054417,-1.662249982,-8.534927151,6.880549163,1.65450621,181.173945,244.2377557,272.7880658,9.101354176,1.504651503,8.996402062,180.4129495,245.7600089,273.7528736,6.473165507,7.971611543,3.987257263,0,-138.4062267,120.5343296,-30.55171355,70.72144611,143.0664971,0.4144323269,-137.97428,120.1810157,45.10162903,-133.0664556,59.44227516,49.98319955,49.98320051,3364.012102,3355.76366,-28.76303748,-228.9551771,5.8716175,1
1156,16,48,32,1,1,1,0,1,1,1,1,1,1,1,1,183.0171763,243.7236132,272.3414027,10.52480114,3.663426044,8.250970828,182.7863233,243.7812807,274.233788,5.712846636,6.319157776,8.557712284,4.429855072,1.359596961,-5.789322127,-4.340344065,-1.374879702,5.715348618,183.0056684,243.7219339,272.3321781,9.49451046,3.225474492,5.822560619,182.7819694,243.779383,274.2342407,3.579596043,6.073665739,6.318301491,0,-139.1645613,120.8015893,-10.07094486,154.4417384,154.7847099,-0.002424117498,-138.7730642,120.6916204,26.49001677,-109.9908502,89.52231022,49.98319699,49.98318892,3366.048557,3356.754648,-29.70003315,-232.9738475,5.7178722,1
1157,16,48,32,1,1,1,0,1,1,0,1,1,1,1,1,186.9993492,237.7141545,277.6503476,19.22342071,4.761989755,17.5104748,186.1779276,237.5689536,279.2789645,16.49353331,7.326436055,17.26944844,11.78855981,0.9562439337,-12.74575806,-11.45407893,-0.9434173227,12.3965878,185.0334372,236.6106251,277.0378381,9.493995992,3.241272604,5.912036074,184.7808218,236.7220866,278.9362203,3.859836359,6.444585244,6.462306721,0,-137.8498123,122.7693965,-11.58899625,146.108892,157.082933,0.05506419715,-137.4013906,122.6674837,28.58483186,-108.5597777,91.4560576,49.98268418,49.98237804,3514.645935,3475.217612,5.001884036,-211.9232336,5.6809422,1
1158,16,48,32,1,1,1,0,1,1,1,0,1,1,1,1,184.995543,238.2273034,275.1971634,36.44836377,66.97696458,71.10262309,178.1270979,240.2994088,281.3477026,29.76924218,68.19945928,70.81111411,0.4736649321,45.44439469,-45.9179916,-0.3203676246,-45.62622011,45.94665781,184.1708781,238.0037215,274.5469263,24.49768197,13.19811141,19.14242404,177.6440822,237.870177,279.648092,13.74432488,17.49122387,17.00631253,0,-138.1871352,122.0537899,-22.86508832,100.0889742,-176.1243086,-0.6286297275,-136.5847467,120.8662933,136.9942469,-98.03193013,36.52433313,49.97571538,49.97556591,4833.866455,4867.611404,160.4385997,101.2453033,5.8910973,1
1159,16,48,32,1,1,1,0,1,1,1,1,0,1,1,1,184.2545715,245.1902769,270.713179,21.07275068,6.099264026,25.24829489,185.4456157,245.6058118,271.3850043,21.06979358,6.097417435,25.11829583,19.25399673,4.389850786,-23.64378869,-19.17579541,-4.392226229,23.56808365,184.1827551,245.1256673,270.6670195,6.207405043,3.322729928,5.209780465,185.3414431,245.5369514,271.3398826,6.455901508,3.316207247,4.947764632,0,-140.1963402,120.6289692,-2.21962184,-140.2549255,118.1113366,0.1855209529,-140.15608,120.7023073,1.753018157,-140.2897406,123.0604103,49.98245829,49.98244673,3513.428953,3505.059218,-29.35485256,-231.0673731,5.7628912,1
1160,16,48,32,1,1,1,0,1,1,1,1,1,0,1,1,245.6904406,226.7408607,427.0148362,31.15933542,18.55900977,27.43962763,250.1359589,235.2141988,429.730348,30.41094636,21.58184253,24.07467434,28.36083923,-6.235047142,-22.12609563,-22.71767756,9.845646388,12.87164037,202.8700118,149.2832691,331.0957794,8.381141488,8.891243602,10.17780338,209.4672159,153.8935396,337.4628446,18.3654087,12.24003479,17.43410331,0,-118.3383781,142.1868182,107.2967782,19.97959159,-117.757788,0.3602533368,-117.9231593,142.2048316,-25.82463322,-147.1592152,107.0598592,49.97084813,49.96371567,6470.530167,6582.254337,1638.490895,-20.73274004,5.5742637,1
1161,16,48,32,1,1,1,0,1,1,1,1,1,1,0,1,181.1761878,244.2387568,272.7892657,12.62763963,7.271134388,9.295236082,180.4283428,245.7749447,273.7556352,10.88433016,10.70614421,4.604745955,-8.501882427,6.845258255,1.656752622,8.545737836,-6.897374817,-1.648238373,181.1717637,244.2345264,272.7900492,9.130596937,1.495568908,9.002884204,180.400283,245.7472153,273.7547106,6.455266441,7.952732464,3.98401245,0,-138.4045373,120.5343159,-30.48472826,71.69379694,143.0497477,0.4120256871,-137.972513,120.1802829,45.33005603,-132.9247574,59.35450855,49.98318898,49.98320953,3365.8844,3354.232535,-28.84426987,-228.8246247,5.741649,1
1162,16,48,32,1,1,1,0,1,1,1,1,1,1,1,0,187.0216235,240.9799831,273.3903593,60.08302776,26.26256389,58.27692303,183.1287852,247.0800896,271.5945899,59.64108992,30.1362762,55.59552509,39.78030204,-0.9928898519,-38.78677881,-39.34814857,1.01888068,38.32982121,185.4516117,240.5461126,271.7771443,15.2695628,12.86536361,17.51561113,182.682045,246.3067075,271.4427386,16.99385924,19.35119442,8.929714943,0,-139.562223,121.9206888,-74.26515771,30.30887924,143.4757542,1.693982035,-138.50135,120.839705,60.02310666,-146.1478017,-11.14393302,49.97763005,49.97800085,4444.138234,4326.575277,187.8260521,-152.3304051,5.532948,1
1163,16,48,32,1,1,1,1,0,1,1,1,1,1,1,1,179.2749676,245.6006753,272.8466023,11.15396019,10.74665484,4.611086681,182.0766667,244.7760542,273.47077,12.46735411,7.520417019,9.191535801,8.975965922,-7.257897416,-1.717937663,-8.859068557,7.163266201,1.69591816,179.2532063,245.5615882,272.8444725,6.278171625,7.651714904,3.907155358,182.0717281,244.7670854,273.471924,8.51977082,1.021228495,8.866410957,0,-138.1106254,119.9856683,39.41075308,-137.1191889,61.02699078,-0.07998891289,-138.4014612,120.4641819,-28.25048549,50.73536914,142.1980047,49.98322165,49.9832109,3360.878744,3352.57254,-29.44362425,-232.5609487,5.6388782,1
1164,16,48,32,1,1,1,1,0,1,0,1,1,1,1,1,180.3293374,252.1472426,268.241155,66.24040987,68.66981985,29.26958237,178.1257643,244.9867602,276.3844474,63.01339944,67.78872739,34.32180615,44.1921518,-45.23643234,1.044539314,-43.6132839,44.9208337,-1.307271645,178.3553334,249.67661,267.8411545,20.12264887,17.6079229,13.14538364,177.9734361,244.1155042,275.7282724,9.54014968,16.50201393,21.93311029,0,-139.6541157,118.3846085,19.03519408,150.9982673,-100.7880192,-1.784467259,-138.6941164,118.9511692,-135.0948881,-51.34506658,96.22795427,49.9762193,49.97700765,4723.301495,4441.190103,203.7734622,-108.8623934,5.59801,1
1165,16,48,32,1,1,1,1,0,1,1,0,1,1,1,1,180.1483086,243.4144242,274.1338373,11.1829764,14.06987611,11.59191863,180.7672253,241.8781269,276.9126478,3.628860475,13.30803554,14.79801289,-1.346389343,10.71219923,-9.366163348,1.341456344,-10.7867456,9.444877368,180.1073477,243.3896135,274.0778878,10.96317207,6.906002374,2.695492046,180.6994568,241.7707026,276.7743041,2.877817753,5.008690148,9.462546137,0,-137.7617677,120.5392361,11.93147958,178.6533508,-174.8679041,-0.515267642,-137.5282632,120.7271452,-54.93278465,-66.00968866,105.5894229,49.98305126,49.98311837,3396.34814,3370.989268,-29.06396923,-203.2192328,5.5833434,1
1166,16,48,32,1,1,1,1,0,1,1,1,0,1,1,1,181.6672564,247.6889651,270.1035251,63.88547618,31.88358944,59.70150722,188.5088602,242.0149979,273.7263363,63.79192757,27.97324404,61.99935333,42.10909458,-1.120460922,-40.98856431,-42.18468053,1.028083726,41.15675217,181.1271294,246.8271211,270.0057582,17.54858339,19.96512851,9.701236728,186.368068,241.508249,272.1459269,15.57889575,13.44557175,18.36262202,0,-139.9399994,119.6098148,59.06388982,-149.2900428,-15.78579836,-1.462580758,-140.9105885,120.8959818,-76.86953971,26.36459879,141.5722563,49.97718108,49.97694297,4537.57593,4589.452596,72.30896813,-5.588047935,5.7708416,1
1167,16,48,32,1,1,1,1,0,1,1,1,1,0,1,1,179.3157735,245.7115668,272.7370769,11.31833731,10.94270929,4.589499191,182.142255,244.8746662,273.3654715,12.63405115,7.752253647,9.233644668,9.159510078,-7.501174039,-1.658227784,-9.036515027,7.403562621,1.633079698,179.2920319,245.6685773,272.734777,6.299752515,7.697416154,3.910240464,182.1371012,244.8651233,273.3663791,8.571319348,1.064907923,8.922832875,0,-138.1667436,119.9616025,39.96788632,-137.1108256,60.1054568,-0.08315160808,-138.4612336,120.4454882,-28.52765763,50.83792636,142.2627791,49.98322422,49.98319249,3361.024156,3355.526698,-30.23765953,-233.8443158,5.5817494,1
1168,16,48,32,1,1,1,1,0,1,1,1,1,1,0,1,277.4653086,352.9386879,321.8643442,17.36069943,15.12016314,10.89538962,279.2988991,353.8012854,324.3637336,13.8536655,14.36539709,12.02551963,10.59148963,-8.61355967,-1.973542945,0.3210252088,4.756445612,-5.074280168,207.3534031,295.2633741,225.5545952,6.724518157,2.256330864,3.744525326,209.7257421,296.8353061,227.2203344,8.295467169,6.175469022,5.826541992,0,-160.2699842,113.4178947,20.0438784,-129.5853511,148.5275092,0.09753183975,-160.1359339,113.4240132,-16.46952596,-171.0537728,91.5597751,49.96240809,49.97383564,6574.14222,6182.170616,-334.8126669,-840.1511848,5.4758741,1
1169,16,48,32,1,1,1,1,0,1,1,1,1,1,1,0,176.2708637,247.638707,272.6546895,43.13979836,36.85596878,8.498329618,177.4008468,247.9578928,273.4426236,42.93171506,36.77878546,8.426057801,39.83241038,-34.37987815,-5.452134969,-39.67105414,34.28440724,5.387044404,176.015804,247.3344687,272.50329,6.164853076,3.23928226,5.123709397,177.0410471,247.7059554,273.293925,5.93913923,3.476843507,5.094943524,0,-137.2218261,119.1909101,-2.563504327,-141.6349208,119.4766927,0.1665291494,-137.1560591,119.2567787,2.248570649,-133.2410951,118.68809,49.98123939,49.98118232,3757.982857,3758.190289,33.49888961,-166.578043,5.3642939,1
1170,16,48,32,1,1,1,1,1,0,1,1,1,1,1,1,179.2728155,245.6084971,272.8490566,11.19657044,10.79554358,4.612524297,182.0711012,244.7745834,273.4720956,12.48764073,7.568814514,9.1934459,-9.012928208,7.296482672,1.716551895,8.895737289,-7.202006841,-1.693615154,179.2508633,245.5689375,272.8468706,6.294667729,7.674586568,3.912799072,182.0661491,244.7655351,273.4732364,8.506781935,1.042368405,8.870082084,0,-138.1100452,119.9838524,39.34531061,-137.1998866,60.95905768,-0.08216425383,-138.4017036,120.4627472,-28.33632438,49.97510051,142.2365728,49.98322307,49.98320786,3360.601848,3353.148417,-29.99133515,-231.8893671,5.6765628,1
1171,16,48,32,1,1,1,1,1,0,0,1,1,1,1,1,180.0598377,243.397526,274.1376307,11.13020485,13.02974448,10.27614748,180.6942557,241.87855,277.0534482,3.724101731,12.39252863,13.99262032,1.380044032,-10.67875074,9.299005909,-1.378883892,10.75413871,-9.374969789,180.0232817,243.3699482,274.0897225,10.89452218,6.764005967,2.846399734,180.6426942,241.7915841,276.9470118,2.935710767,5.304657892,9.832225015,0,-137.7295575,120.5260873,12.12667829,175.3900225,-166.9082331,-0.5097965273,-137.4584218,120.719576,-54.06234241,-69.26161304,104.4601008,49.98323608,49.98301879,3361.831091,3389.205365,-16.25371723,-217.6514533,5.5843491,1
1172,16,48,32,1,1,1,1,1,0,1,0,1,1,1,1,180.2179325,252.2716438,267.8500716,68.19120731,71.32681561,31.74414222,177.7680573,244.9797642,276.5972225,64.90443263,70.50346163,36.71450071,-45.36673605,46.98785527,-1.620954468,44.77522261,-46.67188892,1.89681895,178.1276266,249.667891,267.4063579,20.70563911,18.30164452,14.37941528,177.6088226,243.9921069,275.8380381,10.04034887,17.46025849,23.05887,0,-139.7040176,118.3086787,18.74276371,148.2896761,-101.541388,-1.857460905,-138.6360207,118.873967,-137.1367916,-53.12347193,94.84591143,49.97586895,49.97592385,4815.101034,4741.284767,264.470157,-86.36179577,5.4893139,1
1173,16,48,32,1,1,1,1,1,0,1,1,0,1,1,1,179.3221924,245.7380042,272.7309351,11.35969273,10.99079048,4.586604741,182.1380445,244.8830979,273.3604651,12.62974768,7.790003998,9.23699261,-9.179034032,7.524887115,1.654268941,9.055487247,-7.427374872,-1.628002279,179.298169,245.6943134,272.7285881,6.334552647,7.730825957,3.908810012,182.1328745,244.8734366,273.3613698,8.53685004,1.093834153,8.92722603,0,-138.1730779,119.9562749,39.75217608,-137.3374151,60.03510245,-0.08719905599,-138.46781,120.4404982,-28.68679858,49.05453541,142.2528966,49.98321894,49.98319787,3361.753958,3354.933128,-31.01409065,-233.1339295,5.2003657,1
1174,16,48,32,1,1,1,1,1,0,1,1,1,0,1,1,181.7318252,247.793315,270.2407245,62.62258824,31.47926292,58.33589331,188.3061385,242.1910889,273.6638751,62.46517924,27.54171149,60.58756624,-41.40307665,1.245236434,40.15801317,41.47776267,-1.154698665,-40.32288946,181.2128212,246.9629911,270.1453841,17.28312212,19.87002624,9.289110356,186.2506571,241.7012909,272.1404042,15.0927548,13.34517937,17.85732456,0,-139.928249,119.6076841,57.67345514,-149.2191994,-13.81452084,-1.431608519,-140.8888121,120.857238,-77.29252911,26.42686906,141.9892483,49.97753346,49.97720169,4437.500136,4520.0465,46.34462828,-13.0531173,5.0700535,1
1175,16,48,32,1,1,1,1,1,0,1,1,1,1,0,1,176.2806773,247.6431156,272.6600355,43.06896456,36.78754786,8.503465175,177.4077314,247.9501202,273.4506145,42.85538708,36.70685171,8.426979052,-39.77236545,34.32206842,5.450655611,39.61088101,-34.22776232,-5.382713981,176.028684,247.3386375,272.5111526,6.184883788,3.256334251,5.127433447,177.046657,247.7007498,273.2998763,5.920764387,3.462686774,5.091396284,0,-137.2240413,119.1923315,-2.65201176,-141.9486849,119.3899325,0.1650712676,-137.158322,119.2582829,2.355185678,-132.9127682,118.7776603,49.98122483,49.98121761,3759.766444,3752.400147,32.97849986,-166.5034053,5.025856,1
1176,16,48,32,1,1,1,1,1,0,1,1,1,1,1,0,277.1897134,352.6726178,321.3143115,18.57054421,17.13024665,10.55915416,279.7436708,354.2171162,325.4309177,15.52610762,16.86862487,13.87377813,-14.74249428,14.61762817,0.1247600028,3.861089503,-10.77233155,6.911044322,207.2184894,294.8401218,225.4435867,5.724186081,3.706978874,3.611184806,211.5311883,298.0911863,228.1243127,12.87639773,10.32286825,7.948472479,0,-160.2836842,113.6099047,64.01112019,-41.41459196,-177.2748229,0.1326831453,-160.0582666,113.6468638,-23.70778448,-178.591735,88.39943935,49.96972355,49.96646011,6365.173425,6390.957333,-116.5075206,-1059.795241,5.2179961,1
1324,16,32,32,1,1,1,1,1,1,1,1,1,1,1,1,196.0030032,230.879349,267.768978,7.057460556,4.226501931,4.919256468,197.0942634,231.4307828,268.6180479,6.419572115,4.481713508,5.128126461,-0.004707390332,-0.007332586023,0.01202909038,0.0046675408,0.00723100678,-0.01188160359,196.0018969,230.8791439,267.7691796,7.057237271,4.226174818,4.918893512,197.0931599,231.4305726,268.6182548,6.419337411,4.481423359,5.127789396,0,-137.0318674,117.260747,-2.377188924,-143.5809958,118.9875943,0.1480089123,-136.9184168,117.3272215,2.174688028,-131.0404867,115.3967335,49.98164842,49.98164918,3675.573245,3664.650419,47.51957911,-185.9335675,5.5362346,1
1325,16,32,32,1,1,1,1,1,1,0,1,1,1,1,1,195.7517893,230.1223774,268.6201238,11.62180383,12.10536373,7.867436616,196.5334021,228.8160145,271.3384155,4.376046607,10.9435963,12.27429313,2.048325733,-9.142411703,7.094091946,-2.02166633,9.181510952,-7.159844211,195.7495695,230.121471,268.6167446,11.29420056,7.627277382,2.194228189,196.5283578,228.7892919,271.3107666,3.422093122,5.539575336,9.621681366,0,-136.7501856,117.3648677,11.96397988,-176.1653898,-171.239627,-0.4473138592,-136.4559529,117.5974694,-45.29761115,-76.0330049,104.861319,49.98150109,49.98149794,3703.640228,3696.126888,45.42280445,-185.4063143,5.363794,1
1326,16,32,32,1,1,1,1,1,1,1,0,1,1,1,1,195.7571165,230.1299439,268.6145882,11.62235208,12.10642258,7.849901139,196.5404534,228.8198959,271.3323491,4.375122547,10.93032398,12.26620836,-2.049141945,9.134239874,-7.085089458,2.022197005,-9.17310034,7.150915766,195.7549204,230.1290621,268.6112213,11.29623419,7.643661046,2.178866038,196.5355644,228.7934257,271.3048571,3.426224274,5.534145435,9.622412121,0,-136.7537489,117.3637127,11.99364484,-176.1047012,-171.2591576,-0.4478058574,-136.4600175,117.5970843,-45.37437855,-75.85660914,104.9514399,49.9814997,49.98149945,3705.007733,3694.837843,45.366368,-185.3930795,5.1740232,1
1327,16,32,32,1,1,1,1,1,1,1,1,0,1,1,1,196.5003936,230.8202842,267.6221341,7.149584536,7.659904724,9.985504223,199.2256292,231.5831743,267.1253524,11.74102329,3.906326903,9.737628045,5.720358736,1.738589413,-7.458954613,-5.787414986,-1.715018815,7.502432651,196.4980877,230.818422,267.6211671,3.933950707,7.313061489,6.511268694,199.2066749,231.5805382,267.1089639,10.07098117,3.182893734,6.071687314,0,-137.2266732,117.4060808,24.12408058,-116.5824352,81.59789761,0.3072760264,-137.5411707,117.6932033,-9.345680681,167.5946505,156.1437711,49.98150304,49.98150248,3704.389757,3694.152677,38.88090106,-194.3223782,5.0172594,1
1328,16,32,32,1,1,1,1,1,1,1,1,1,0,1,1,196.4979449,230.8250698,267.6197392,7.181000582,7.658851249,10.00566383,199.2191435,231.5868437,267.1236188,11.74564835,3.906417421,9.755835404,-5.741583196,-1.740645288,7.48221683,5.808585789,1.716975645,-7.525576762,196.4956261,230.8231915,267.6187704,3.944785596,7.31047543,6.507337659,199.2001554,231.5841588,267.1071848,10.0580157,3.179548602,6.063257311,0,-137.2268684,117.4044657,24.02614436,-116.6154256,81.68225718,0.3069268736,-137.5409103,117.691036,-9.348073111,167.6607109,156.0819842,49.98150604,49.98149866,3703.722067,3695.063488,38.25512783,-193.7059127,5.1508233,1
1329,16,32,32,1,1,1,1,1,1,1,1,1,1,0,1,195.6875831,231.6373715,267.3740744,12.62149607,6.935885468,9.03297358,195.1458886,233.5016422,268.3292847,11.10589908,11.26097366,4.563081912,-8.377457582,6.643566512,1.733888124,8.427087461,-6.705811848,-1.721274705,195.6861074,231.6334931,267.3732233,9.258830042,0.4212123779,8.715674267,195.1222905,233.4753003,268.32668,6.996584371,8.832595703,3.901470409,0,-137.0251678,117.0054522,-29.48018159,115.3019713,139.4127897,0.4147743036,-136.5790486,116.6614491,40.17811304,-134.3816479,57.43916808,49.98153188,49.98154203,3698.047298,3686.854841,35.88073547,-196.0926787,5.5646493,1
1330,16,32,32,1,1,1,1,1,1,1,1,1,1,1,0,195.6922603,231.6329966,267.3733658,12.63835299,6.967964054,9.03037907,195.1533146,233.500649,268.3324064,11.1304943,11.28483292,4.569458665,8.407481714,-6.671124323,-1.736336162,-8.457116106,6.733382049,1.723760387,195.6907756,231.6291138,267.3724953,9.253119272,0.4212268937,8.711994517,195.1295318,233.4741447,268.3297951,6.997553177,8.837449221,3.90676475,0,-137.0264931,117.0069409,-29.47150914,114.5780145,139.4459645,0.4148574832,-136.5798083,116.6629274,40.12845902,-134.3947611,57.48455857,49.98153583,49.98153713,3697.446831,3687.605383,35.82668551,-195.987772,5.1866586,1
1331,16,32,32,0,1,1,1,1,1,1,1,1,1,1,1,195.3358761,228.1842313,270.5234793,4.699378054,10.89179035,12.1103202,196.9779853,230.5203936,269.3833947,11.41411642,11.81161174,8.009323214,-2.214442615,9.350281837,-7.135827013,2.218226656,-9.252515456,7.034311816,195.3307611,228.1548375,270.4955453,3.683153406,5.113764192,9.347934491,196.9755566,230.5191082,269.3805483,11.03982208,6.993246608,2.550654142,0,-135.8942433,117.9858538,-43.51937137,-81.43884561,103.4529022,0.7406914721,-136.0217673,117.9294511,13.25188723,-172.6137406,-176.8895658,49.98150383,49.98149952,3705.119165,3694.176278,53.86072027,-182.4910619,5.2258972,1
1332,16,32,32,0,1,1,1,1,1,0,1,1,1,1,1,212.392003,384.9970994,317.8173111,10.90209558,18.2298263,17.76710424,217.6930336,386.4113419,321.5117498,14.18080913,15.03049997,19.27296272,-0.1511463914,15.98013904,-15.82394044,-7.55371389,-6.2188678,13.77709131,144.088685,267.4545042,281.2168705,4.560672854,4.222989622,5.34495704,147.2041393,271.6062693,285.6442468,8.969580786,12.08105184,12.4255797,0,-126.1929186,101.6178456,64.21627861,-17.8367527,-161.4586293,0.08813276968,-125.9116102,101.7415418,-27.41537711,-145.5523613,76.30749579,49.96725782,49.96904105,6769.852295,5959.285507,188.7170319,-932.5686765,5.0403933,1
1333,16,32,32,0,1,1,1,1,1,1,0,1,1,1,1,195.3044368,225.1905762,272.8569191,10.04797884,35.61553689,29.29606625,196.5841714,225.700327,273.610969,9.997343876,35.46053902,29.2848763,-6.447885131,33.2662397,-26.81814151,6.414031211,-33.16327704,26.7494488,195.1621075,225.0350294,272.7092091,6.720271486,4.423387124,4.929732508,196.4278872,225.5456715,273.4676083,6.691470851,4.027677238,5.306379828,0,-135.0959725,118.7051424,-0.03060477054,-138.4011943,115.8727129,0.1519540044,-135.0255465,118.8013236,-0.3756558615,-131.6941615,121.1474228,49.98015593,49.98013691,3973.257684,3968.632112,122.3145157,-110.9089671,5.2343426,1
1334,16,32,32,0,1,1,1,1,1,1,1,0,1,1,1,191.4119393,227.8410558,274.9635405,32.54904236,71.45137557,74.68174706,201.4282445,226.1781317,269.8987125,39.25489461,69.38387645,74.48995048,1.012611655,47.87353237,-48.8859718,-1.206334387,-47.37780871,48.584338,190.9541725,225.2895657,273.0117667,14.67171517,18.94708828,18.48572551,200.4091232,225.9713635,269.1422736,25.96798045,12.81402032,20.37398448,0,-133.9947526,118.2144889,136.9135179,-100.8052449,33.02332879,0.8665488352,-135.6264553,119.6490912,-22.56598745,100.7917161,-176.7871996,49.9732778,49.97346885,5324.628448,5189.873097,400.416113,-25.8692078,5.246327,1
1335,16,32,32,0,1,1,1,1,1,1,1,1,0,1,1,197.754285,226.8026848,270.8680867,11.48082877,8.238584652,13.4070729,200.8846152,227.6066864,270.3708377,15.30701407,4.145480976,13.46965041,-9.585954123,-1.122951039,10.7086724,9.744555125,1.137360809,-10.88216041,197.3046212,226.5282041,270.7296667,3.795480199,7.792767457,6.760389367,200.2327951,227.2333517,270.1369193,10.52226113,3.16505876,6.540715954,0,-136.356074,118.6806521,31.00367109,-114.7582282,79.04426201,0.3008206768,-136.7375637,119.0009966,-10.85682747,156.9967784,159.8279432,49.98131716,49.98127068,3711.884925,3771.04918,51.53339524,-174.020398,5.3489686,1
1336,16,32,32,0,1,1,1,1,1,1,1,1,1,0,1,191.6273896,231.3284844,270.3806722,69.50776072,75.62383196,40.10657993,197.2812974,239.7888963,262.5472391,72.55531171,76.11220472,34.97674216,-47.90585066,50.17847451,-2.272352311,48.1603432,-50.25080135,2.090727115,191.4889221,230.4006088,269.420759,10.96177859,18.68376955,24.57115471,194.5929678,237.2453932,262.035756,22.37640333,19.21641367,15.8366887,0,-135.1735941,116.9364009,-135.6715367,-55.4455739,93.58172245,2.158861001,-136.3173026,116.4054613,20.28555303,151.1384914,-100.6690402,49.97308212,49.97307635,5357.842512,5350.40715,231.3913621,148.6646145,5.0230914,1
1337,16,32,32,0,1,1,1,1,1,1,1,1,1,1,0,194.0525046,228.8386031,270.9180274,4.292388087,12.78469654,13.96275435,195.7694713,231.3042376,269.6009101,11.72612701,13.59867239,10.26707891,-1.738097849,11.10148436,-9.363378048,1.711880306,-10.94328022,9.231417997,194.0112952,228.7481689,270.8011689,3.432420597,5.418585737,9.658562637,195.7417096,231.2789989,269.5490676,11.4504163,7.36589028,2.592665007,0,-135.4900013,117.6548675,-50.44316147,-77.42052306,102.6650888,0.7945716323,-135.6410066,117.5906052,13.35635833,-174.3328816,-170.3582571,49.98151934,49.98142641,3705.423772,3705.243202,54.80765536,-185.8294336,5.2009598,1
1338,16,32,32,1,0,1,1,1,1,1,1,1,1,1,1,195.3347794,228.1784995,270.5274561,4.685927386,10.91349184,12.12974431,196.9796645,230.518777,269.3833193,11.42102441,11.86250029,8.036952266,2.207248229,-9.364959572,7.157736775,-2.210995389,9.266544104,-7.055520359,195.3297077,228.1485015,270.4989686,3.676310527,5.102439894,9.339123897,196.9771948,230.5174742,269.3804441,11.0503553,7.038472363,2.517127838,0,-135.8925962,117.9873266,-43.64614032,-80.92461558,103.6741357,0.7417131083,-136.0209076,117.9306318,13.24575803,-172.5119544,-177.2344457,49.98151834,49.98148206,3701.974134,3697.868805,53.39916079,-181.964459,5.1688493,1
1339,16,32,32,1,0,1,1,1,1,0,1,1,1,1,1,195.3026117,225.1954172,272.8505917,10.04687528,35.67995599,29.35338097,196.583234,225.6999745,273.6135982,9.996816482,35.51367661,29.34216563,6.448168158,-33.31742444,26.86947482,-6.414811609,33.21304995,-26.79801682,195.1612662,225.0410638,272.7036989,6.72021714,4.473759407,4.932290668,196.4268162,225.5441848,273.4705246,6.691476868,3.978999209,5.308831632,0,-135.0978203,118.7028282,-0.01134803268,-138.5243775,115.2900662,0.1495323609,-135.026524,118.7998412,-0.3967413342,-131.475561,121.6840029,49.98014341,49.98014302,3978.185077,3966.22131,123.8788745,-112.197443,5.1638245,1
1340,16,32,32,1,0,1,1,1,1,1,0,1,1,1,1,213.3642289,384.5047826,318.1881609,15.14180787,19.46378055,21.86951255,216.3098149,385.7889841,319.9191704,17.64628075,20.62893708,23.52084047,1.221182489,-5.636360772,4.414880556,6.454417742,-4.020255406,-2.434713708,144.5786348,270.1312822,282.0839359,2.995735605,2.02660117,1.671995087,146.6928437,271.6256251,283.7942056,7.528819034,8.169080475,9.015740121,0,-126.4679219,101.1963022,30.34131311,-113.8672937,119.8209161,0.2761693461,-126.2584664,101.49394,-11.75886221,-129.6277786,97.78936965,49.98395382,49.95192531,5370.689433,7426.746053,-54.49301191,-651.5078984,4.9333277,1
1341,16,32,32,1,0,1,1,1,1,1,1,0,1,1,1,196.8606201,228.7349636,269.169665,9.557326027,8.103105589,12.00982323,199.8199373,229.4530873,268.4941049,13.76814194,3.629456534,11.8202859,8.486756364,1.055730761,-9.542096447,-8.587062552,-1.056370553,9.643865968,196.8169439,228.7150757,269.148988,3.731390524,7.924552518,6.950938005,199.7262609,229.4300019,268.4292973,10.50630482,3.206435247,6.480190207,0,-136.7814303,118.0183967,30.30270296,-115.0982489,78.28408108,0.3219673203,-137.1675048,118.3412371,-10.4630541,155.5554865,161.1991618,49.9813889,49.98144184,3726.699001,3707.024353,42.69696962,-179.314242,5.4213639,1
1342,16,32,32,1,0,1,1,1,1,1,1,1,0,1,1,191.2218776,227.7150331,275.0506279,33.29314639,73.04135211,76.27786634,201.3393957,225.8922248,269.7395023,39.90145729,70.94095925,76.04915686,-1.022454494,-48.83403589,49.85670402,1.222891521,48.32573088,-49.54841804,190.737833,225.0518146,273.0307057,14.86031834,19.40850381,18.76637411,200.2799749,225.6797145,268.9519659,26.09444573,13.23071632,20.57082061,0,-133.9101903,118.2382966,136.5007434,-100.8931556,33.33970807,0.8856211563,-135.5929874,119.69471,-22.9366783,99.87983165,-176.1367337,49.97292977,49.97282532,5410.639061,5417.6158,421.0233513,29.11545911,5.1890294,1
1343,16,32,32,1,0,1,1,1,1,1,1,1,1,0,1,193.9853541,228.8973251,270.9591244,4.217695243,13.06969087,14.27531521,195.7247818,231.3711972,269.6435342,11.80363519,13.90808682,10.76046999,1.655269655,-11.17203533,9.516738245,-1.631287805,11.01031997,-9.379196904,193.9324846,228.7945076,270.8181066,3.375064642,5.342426951,9.564309216,195.690247,231.3442595,269.5810322,11.53934476,7.408794756,2.636619859,0,-135.4660615,117.6361463,-51.72724619,-76.85068007,102.4269774,0.8101851353,-135.60617,117.5807933,13.27501978,-173.6622508,-172.3930951,49.98149969,49.98141916,3704.986385,3711.228942,62.32430031,-193.3522662,5.1866785,1
1344,16,32,32,1,0,1,1,1,1,1,1,1,1,1,0,194.0362377,230.6843301,269.9302473,41.85513423,43.13950577,20.68920489,196.2720257,235.6823013,266.3021386,44.11388295,44.18677096,14.61029652,29.96477302,-29.12559688,-0.8389213824,-30.11170539,29.19414094,0.9177674889,193.9769967,230.3770569,269.6327299,6.037342241,9.474061932,15.49163643,195.2640453,234.6613447,266.1459811,14.55276843,12.56741774,5.67993746,0,-135.8404999,117.2534735,-89.28555503,-48.55895519,109.2284287,1.285397033,-136.25441,116.8320987,24.63063707,175.1066877,-84.51353269,49.98157819,49.97614553,3608.647153,4541.014345,-25.94505535,-45.59967888,5.2354885,1
1345,16,32,32,1,1,0,1,1,1,1,1,1,1,1,1,197.7651717,230.784319,266.7881127,11.40564323,3.860955308,8.97217133,197.4141436,231.3158885,268.6945171,6.596784374,7.819170328,8.95954379,-4.947881956,-1.535647907,6.483512733,4.845540125,1.555421752,-6.400983906,197.7543487,230.7822681,266.7745139,10.17889254,3.323280416,6.137213882,197.4127101,231.3135427,268.693264,4.253008403,7.566492384,6.205217986,0,-137.7243552,117.5017015,-12.88134874,162.103549,153.2911909,0.05468200166,-137.2379223,117.3502141,31.20719371,-115.2947086,81.84969316,49.9815306,49.98150977,3700.024605,3691.805677,41.77137683,-192.4674468,5.4714381,1
1346,16,32,32,1,1,0,1,1,1,0,1,1,1,1,1,197.7492716,229.423951,268.7956253,16.7745338,27.05772913,27.40407431,196.3203322,228.714659,271.7608249,8.222786969,27.58063564,27.96481083,0.9601027195,-19.42866148,18.46426002,-1.019815928,19.52306346,-18.50763341,197.6521537,229.38334,268.7149045,14.6182762,6.559116161,7.138346933,196.2402161,228.2755308,271.4346563,1.659763118,8.073075688,8.590858518,0,-137.1119984,117.8787749,-5.613264083,160.0574085,174.4122436,-0.4746266421,-136.5844399,117.6929842,127.2385491,-90.8132158,73.7544446,49.9818015,49.97912485,3653.085361,4015.33058,-21.69068445,-95.88100865,5.4731552,1
1347,16,32,32,1,1,0,1,1,1,1,0,1,1,1,1,199.5711385,224.5770252,272.619871,19.94576142,4.71640219,18.94667341,199.3737573,225.0806423,275.0931598,17.37689606,9.486286591,19.03211439,-14.72095598,-0.2692943486,14.99255499,14.34774319,0.2501775437,-14.59556562,198.0130394,223.5597495,272.0768645,9.950293363,3.148878205,6.309357098,197.729512,224.2892549,274.461026,4.497526726,8.776456782,7.309822394,0,-135.950752,119.400648,-13.40773347,137.4496765,164.4423963,0.04964626874,-135.3446535,119.2432826,29.885689,-114.8923888,81.48486528,49.98089595,49.98098348,3669.940322,3920.729726,109.8833502,-201.7656508,5.2778771,1
1348,16,32,32,1,1,0,1,1,1,1,1,0,1,1,1,251.8310603,219.7831248,430.6734749,27.8395813,19.12700011,23.74494572,255.838359,226.0643513,432.8820166,27.83353635,21.61348095,20.79627398,-20.56913332,3.550180898,17.02029095,15.58717937,-8.274997496,-7.310762641,211.889752,144.4874588,327.3583944,5.597557853,5.963397649,6.771674371,217.0602983,148.2325837,332.0748361,15.28787179,10.11574317,13.41213529,0,-118.3581124,139.0642488,85.84315051,6.341107449,-137.1304902,0.2828582974,-118.0892719,139.0848079,-21.48510597,-147.3078964,108.8603368,49.9561229,49.97578661,7014.267221,6655.515713,1257.995795,81.46422621,5.4265769,1
1349,16,32,32,1,1,0,1,1,1,1,1,1,0,1,1,199.1124004,231.5881887,265.2953956,21.16656266,7.18436558,25.58954501,200.4121968,232.2630497,265.9459132,21.2124601,7.173649607,25.46217158,-19.02632789,-4.975107273,24.00174813,18.95087844,4.972372128,-23.92295834,199.0334115,231.5213178,265.2492057,6.654073752,4.347480897,5.105156079,200.3045365,232.1881064,265.8983869,7.029986151,4.334087149,4.855009086,0,-138.5397531,117.5351417,-2.163852787,-138.5886177,114.3244056,0.1876454398,-138.4710036,117.6119101,1.671661528,-138.7042016,120.6935909,49.9807763,49.98074837,3851.203549,3843.939867,58.52872567,-178.1913248,5.180612,1
1350,16,32,32,1,1,0,1,1,1,1,1,1,1,0,1,202.0033262,227.7286984,267.7870851,66.36303451,28.76371848,64.41450241,197.7441333,235.0142485,265.4881245,65.95400082,33.76023786,61.68754568,-43.57938039,0.8388543117,42.74080691,43.11852533,-0.8812896063,-42.23694836,200.234373,227.2338061,265.8019943,16.97435877,13.52873907,18.98935232,197.1902348,234.0680518,265.3079777,19.11033021,21.92469258,10.55792075,0,-138.1630787,118.8151833,-76.26362155,26.95840655,141.2657648,1.805779602,-136.9897287,117.5658632,59.82812433,-147.1275744,-17.07692368,49.97482081,49.97492085,5029.206677,4980.155365,309.0048327,-55.4066954,5.1187244,1
1351,16,32,32,1,1,0,1,1,1,1,1,1,1,1,0,195.7897321,231.7510678,267.2256598,12.81805321,7.242355443,9.088232285,195.2260651,233.6431538,268.1744535,11.32885733,11.51109251,4.531034068,8.614131458,-6.963475481,-1.650654323,-8.67071633,7.028739818,1.641982941,195.7879452,231.7467406,267.2246886,9.302596141,0.4355271977,8.790460863,195.1992848,233.6124912,268.1718812,7.046905556,8.903606042,3.901994265,0,-137.097273,116.9895028,-29.87579513,106.3032575,139.4796461,0.4206485008,-136.6468891,116.638135,40.65954342,-134.549689,56.23654685,49.98152495,49.98152621,3699.555631,3689.958905,34.32288269,-196.4999233,5.2189168,1
1352,16,32,32,1,1,1,0,1,1,1,1,1,1,1,1,197.7609777,230.776787,266.7938527,11.40083366,3.860653205,8.983017138,197.4139632,231.3074056,268.6975134,6.616897064,7.815159648,8.971640129,4.965359915,1.541613036,-6.506967223,-4.862741474,-1.56148055,6.424243111,197.7500506,230.7747389,266.7801255,10.16467694,3.320172412,6.127821737,197.4125438,231.3050027,268.6962488,4.264358305,7.561106254,6.198390096,0,-137.7214696,117.5025124,-12.8921327,162.2021152,153.1938715,0.05470171789,-137.2360775,117.3518117,31.09465133,-115.3201579,81.9648911,49.981521,49.98151905,3701.494511,3690.387337,42.49463427,-193.1106894,5.104708,1
1353,16,32,32,1,1,1,0,1,1,0,1,1,1,1,1,199.4059437,225.9510779,271.0760887,19.40833705,4.302211398,17.87422127,198.3921295,226.5072302,273.0366916,15.93869397,9.215319778,17.5247933,11.55354282,0.4840527074,-12.04099666,-11.27411331,-0.4687137164,11.73947166,198.3565716,225.3491408,270.6705451,11.14411652,3.471987541,7.193492273,197.5927898,226.0459458,272.7706181,4.021856087,8.839059617,7.046274436,0,-136.4933938,119.0668514,-15.15512591,138.697286,162.7458402,0.1116557303,-135.8551192,118.8547212,45.12928394,-113.3824388,73.88795328,49.98269066,49.97923422,3602.843202,4050.983791,46.7459081,-132.0675087,5.2547815,1
1354,16,32,32,1,1,1,0,1,1,1,0,1,1,1,1,199.3206424,225.2763814,270.0093824,39.83715376,70.79198078,75.86343589,191.8018975,228.2508429,276.7908177,32.81662656,72.46274512,75.6654731,1.045032806,48.16404117,-49.20886384,-0.8460921381,-48.39134239,49.23766366,198.3918717,225.0402224,269.2105436,26.33573023,13.61099547,20.26320791,191.2855824,225.4855431,274.8100898,14.94697103,19.50850705,18.4207998,0,-136.7684448,118.8138631,-24.02122842,100.7617563,-176.7346342,-0.5637324829,-134.9225915,117.5326051,135.0007254,-100.460266,33.27538079,49.97297591,49.97296158,5393.334576,5391.636833,260.192527,183.7287442,5.4018964,1
1355,16,32,32,1,1,1,0,1,1,1,1,0,1,1,1,199.1163018,231.5967271,265.3099272,21.10236488,7.182893495,25.51333704,200.3815681,232.2701807,265.9334818,21.10790381,7.173636343,25.36043728,18.94710453,4.974257647,-23.92112422,-18.87114008,-4.973597534,23.84498534,199.0370608,231.5302034,265.2640053,6.718139482,4.346245168,5.168465436,200.2760007,232.1959889,265.8869804,6.968688419,4.335637938,4.78815334,0,-138.53607,117.535428,-2.506433438,-138.6011305,114.7714024,0.1908273128,-138.4676719,117.6072769,2.037500796,-138.684538,120.2950227,49.98077504,49.98076363,3849.747961,3842.756567,55.71177963,-175.6781766,5.1712982,1
1356,16,32,32,1,1,1,0,1,1,1,1,1,0,1,1,251.9629695,220.2638165,429.6712646,26.8175962,16.93753565,24.00637067,255.5264099,225.9619547,431.8634664,25.79859684,19.56283791,20.72690182,20.96885224,-2.960748827,-18.00770882,-16.01255316,7.698215505,8.314739317,211.9356564,144.9446031,326.3467522,6.78763688,4.854371702,7.829297514,216.7996091,148.1930644,331.1125314,14.08435635,9.244385095,14.08860529,0,-118.8220472,138.944295,71.76636727,8.319869421,-135.2084272,0.1628786028,-118.5064404,138.9594078,-27.35368595,-143.5254446,105.2180256,49.95823448,49.97371618,6967.679435,6696.586449,1284.996408,52.37315329,5.3670579,1
1357,16,32,32,1,1,1,0,1,1,1,1,1,1,0,1,195.7859564,231.746101,267.2291033,12.84894329,7.268844428,9.091538333,195.2143146,233.6278458,268.1747694,11.33605373,11.51492541,4.528176023,-8.627449763,6.9805806,1.646860416,8.684094507,-7.045905279,-1.638173503,195.7842097,231.7417317,267.2281205,9.325042423,0.4421474631,8.793861134,195.1873985,233.596977,268.1721388,7.031510413,8.887020087,3.898562374,0,-137.0950042,116.9898143,-29.82658932,109.1612894,139.4597562,0.4190396206,-136.6450017,116.6384413,40.81116846,-134.444317,56.19371273,49.98151046,49.98153876,3701.570449,3688.330787,34.69079048,-196.8084336,5.404453,1
1358,16,32,32,1,1,1,0,1,1,1,1,1,1,1,0,201.7880695,227.9856807,267.6917285,64.26207992,27.86631909,62.28395117,197.8383091,235.0947478,265.6800502,63.93412298,32.92130166,59.62735398,42.39082113,-0.9238570776,-41.46653733,-41.94052154,0.9634737492,40.97748409,200.135324,227.5165975,265.8122541,16.32320909,13.23699479,18.28275698,197.3305546,234.2048847,265.500043,18.656504,21.65020364,9.968397175,0,-138.159616,118.7314012,-76.32449704,27.24162254,141.7168369,1.751404213,-137.0037659,117.5373318,58.40248277,-146.8740663,-14.75466581,49.97519935,49.97552954,4931.875976,4806.602357,292.1957543,-95.69041622,5.3890733,1
1359,16,32,32,1,1,1,1,0,1,1,1,1,1,1,1,194.0065144,232.9765348,267.4645073,11.12621072,11.14346794,4.481028174,196.791412,232.2894876,268.0901885,12.16309276,6.940597043,9.020098866,8.495148704,-6.801439176,-1.693704515,-8.36693506,6.685215887,1.681720336,193.9886418,232.9448021,267.4615699,6.947601744,8.629192745,3.80209496,196.79001,232.2830654,268.0898931,8.63883985,0.3101602488,8.707796059,0,-136.7968211,116.4297305,34.68280323,-138.9838036,57.2909942,-0.09278383244,-137.0386295,116.9087448,-27.63156314,-65.52399149,138.4721458,49.98156078,49.98155076,3693.116576,3684.480598,33.1278295,-200.6093297,5.3897356,1
1360,16,32,32,1,1,1,1,0,1,0,1,1,1,1,1,195.1468897,239.4407558,262.7656972,67.73433796,70.36113554,30.73866051,192.7610885,232.4680965,271.1926349,64.07440796,69.27770779,35.81892077,44.97858649,-46.36155227,1.383395308,-44.31880524,45.93562405,-1.61638451,193.1247039,236.9729917,262.3560693,21.3012203,18.53376244,13.92844569,192.6317176,231.6102198,270.4512376,9.718238255,17.50314064,22.73660311,0,-138.268591,114.7778781,17.9884282,152.4151409,-100.6325276,-1.706827536,-137.1145162,115.4418686,-135.9280036,-55.66338591,94.08852438,49.97431462,49.97479188,5112.869932,4893.511619,284.2225596,-68.08952226,5.4033295,1
1361,16,32,32,1,1,1,1,0,1,1,0,1,1,1,1,194.9232113,230.6484205,268.7814676,11.9126021,13.58649787,9.847235486,195.6276652,229.2259472,271.6257144,4.032727271,12.50403356,13.80476459,-1.614356596,10.5136755,-8.899343905,1.611235942,-10.58769017,8.976455613,194.9133902,230.6355307,268.7599055,11.6681869,7.942205681,2.283457401,195.6118679,229.1618936,271.5552305,3.232185943,5.78206857,9.861018057,0,-136.5263135,117.1052706,12.13192486,-177.2079379,-165.4129172,-0.4941032784,-136.2182673,117.3433877,-51.98594884,-73.21010399,104.0229132,49.98146996,49.98147235,3711.683312,3699.843547,38.59872489,-181.035053,5.1578975,1
1362,16,32,32,1,1,1,1,0,1,1,1,0,1,1,1,196.4932653,235.2343694,264.0836872,67.45018785,34.432363,62.9616119,203.4833261,229.1063984,267.8154002,67.18394948,29.2805754,65.21898719,44.13956559,-1.080729129,-43.05859721,-44.1972986,0.9536408764,43.24394467,195.8916389,234.2998072,263.9732166,19.07099897,22.19863564,10.76001834,201.3269122,228.5785155,266.0068829,16.5033692,13.73477278,19.09425016,0,-138.52104,116.1601745,57.27150558,-149.9993083,-18.62132164,-1.495620074,-139.5161453,117.564113,-78.57335865,23.10168172,139.9357027,49.97479499,49.97459837,5016.95711,5056.156417,160.4300775,62.6407224,5.4531947,1
1363,16,32,32,1,1,1,1,0,1,1,1,1,0,1,1,194.1398546,233.2672193,267.1503235,11.57490503,11.6645877,4.418102164,196.976756,232.5316407,267.7881915,12.58696509,7.577881617,9.131823009,8.991444198,-7.455383834,-1.536054345,-8.844945538,7.328262934,1.516699166,194.1163942,233.2255335,267.1469837,7.02047297,8.760620787,3.805691986,196.974612,232.5234111,267.7873283,8.737309873,0.308920504,8.857550977,0,-136.9349233,116.3695034,35.80445325,-139.1874599,54.78655915,-0.1034947941,-137.1852278,116.863194,-28.43715233,-42.99323863,138.60769,49.98154313,49.98152457,3697.534453,3688.770024,32.26544647,-203.7941856,5.657647,1
1364,16,32,32,1,1,1,1,0,1,1,1,1,1,0,1,299.6312056,334.1743633,305.5105666,23.57185376,23.90208663,17.7735935,301.0052969,334.9371167,307.5672582,19.64185509,22.55758547,17.83433713,9.237158919,-6.959868244,-2.280117469,2.312499898,2.059357544,-4.374332105,229.4424621,280.7149027,212.3208352,10.20949035,5.656996735,4.089086438,230.7459639,281.5676354,213.7567455,5.757787066,4.883473281,4.989576588,0,-158.6491922,112.1632729,6.479572861,-161.3654975,143.8743535,-0.004395493134,-158.5183318,112.1087103,-12.22558003,-155.6834687,86.41909243,49.95094703,49.97808346,7504.771607,6687.447405,-88.81925785,-437.6233256,5.5619136,1
1365,16,32,32,1,1,1,1,0,1,1,1,1,1,1,0,191.3750394,234.9502245,267.5267955,40.46860796,34.24466751,8.303233426,192.5484346,235.5433831,268.300249,40.23744876,34.14735288,8.25121638,37.32914846,-31.82749565,-5.501419777,-37.15622598,31.7036219,5.452818332,191.1779306,234.6959486,267.3964464,6.713200436,4.288757001,5.022322868,192.2848737,235.3134287,268.1721807,6.433791182,4.529270733,5.004768674,0,-136.1389843,115.5200168,-2.60382103,-140.0538882,115.7636574,0.1647737901,-136.0407165,115.5865488,2.301916598,-132.6232416,115.0607775,49.97979647,49.97978775,4043.054472,4037.251354,77.09662173,-154.8553087,5.3131612,1
1366,16,32,32,1,1,1,1,1,0,1,1,1,1,1,1,194.0052068,233.0048926,267.4541411,11.19055741,11.21728909,4.473936411,196.7855949,232.3012784,268.0828183,12.18975212,7.016028994,9.029984378,-8.543314673,6.862076609,1.6812476,8.413934624,-6.744940474,-1.668982537,193.9868742,232.9724525,267.4512335,6.978049768,8.662252403,3.801398847,196.7841872,232.2947392,268.0825177,8.619976116,0.3242780833,8.721399905,0,-136.8014262,116.4219343,34.63840327,-139.1346436,57.07260031,-0.09678825016,-137.043926,116.9019997,-27.79615672,-58.95533211,138.4750042,49.98156365,49.98154647,3693.62311,3684.1958,32.42350372,-199.9935009,5.2012602,1
1367,16,32,32,1,1,1,1,1,0,0,1,1,1,1,1,194.9508751,230.6247003,268.7457502,11.89883472,13.56037673,9.864501049,195.6596375,229.22383,271.6602025,4.052377573,12.60242947,13.89954621,1.626996244,-10.6015524,8.974599776,-1.62389637,10.67424833,-9.050300491,194.9440064,230.6125726,268.7293154,11.65194762,7.835421827,2.41176262,195.649245,229.1627782,271.5976942,3.248628398,5.915839465,10.01072127,0,-136.5413206,117.1129972,12.17520444,-178.4130191,-161.885377,-0.4949202889,-136.217672,117.350841,-51.76622695,-74.6149381,103.3317774,49.981488,49.98145284,3707.680605,3705.386692,44.22996557,-186.7243905,5.2340052,1
1368,16,32,32,1,1,1,1,1,0,1,0,1,1,1,1,195.0476264,239.5237124,262.4556086,69.29145013,72.48017652,32.72261709,192.464841,232.4657006,271.365947,65.58127372,71.45451284,37.73904072,-45.91114147,47.76701676,-1.855613273,45.24058495,-47.34148904,2.101154752,192.9380519,236.9469036,262.0111151,21.76918622,19.04477981,14.89424847,192.3332496,231.509799,270.5335364,10.11969227,18.27114586,23.62468923,0,-138.3087198,114.7195577,17.77525951,150.3251921,-101.3090356,-1.761137531,-137.0657626,115.3854871,-137.5428147,-56.8410825,93.0550271,49.97391091,49.97398062,5201.804775,5147.256254,335.6289978,-45.91751531,5.2195166,1
1369,16,32,32,1,1,1,1,1,0,1,1,0,1,1,1,194.1387692,233.2762695,267.1535328,11.61708617,11.71051607,4.419108902,196.9715254,232.5303006,267.7917069,12.60195767,7.620349364,9.135203981,-9.022595612,7.490285232,1.532334745,8.87560772,-7.362721017,-1.512870464,194.1150477,233.2342348,267.15021,7.042368302,8.784406373,3.80737188,196.9693539,232.5220047,267.7908531,8.72164023,0.3242691984,8.861239654,0,-136.9345981,116.3670944,35.74876285,-139.2665642,54.72738015,-0.1060355764,-137.1856299,116.8610863,-28.54851226,-39.08347224,138.618481,49.98153854,49.98152747,3697.852544,3688.707883,31.47746102,-202.960294,5.2568338,1
1370,16,32,32,1,1,1,1,1,0,1,1,1,0,1,1,196.5874679,235.3355194,264.2169341,66.23412224,34.01054988,61.65014215,203.3332382,229.2921711,267.7586997,65.90775882,28.8205253,63.86506142,-43.46362325,1.188532471,42.27519053,43.52094616,-1.064055272,-42.45680543,196.0182362,234.4305322,264.101064,18.82184408,22.10526186,10.34981934,201.2654355,228.777947,266.0028164,16.0491399,13.63123624,18.60091591,0,-138.5188381,116.1641735,56.07939702,-149.8779738,-16.94701868,-1.465830701,-139.5050823,117.5296857,-78.92949808,23.23856484,140.3259721,49.97518768,49.97485503,4899.771985,4987.189776,131.3130268,53.47041594,5.1663362,1
1371,16,32,32,1,1,1,1,1,0,1,1,1,1,0,1,191.3800598,234.9493636,267.5274044,40.47950661,34.25546395,8.305024991,192.5515835,235.5393787,268.300675,40.24389054,34.15562493,8.252601288,-37.33699286,31.83676016,5.500453997,37.16398675,-31.71444076,-5.449359549,191.1819343,234.694503,267.39594,6.725862296,4.297960686,5.022594634,192.2868753,235.3091275,268.1717906,6.421344509,4.520994688,5.004491038,0,-136.1400825,115.5211932,-2.593593617,-140.1495993,115.7751804,0.1641373387,-136.0418182,115.5877171,2.300380401,-132.5201742,115.0515469,49.97981849,49.97977567,4043.321178,4037.872867,76.68002642,-154.349989,5.2774142,1
1372,16,32,32,1,1,1,1,1,0,1,1,1,1,1,0,299.1690017,333.9835342,305.8051912,24.014387,26.59408446,20.68836819,300.5785908,334.7635636,306.7524202,22.69043112,26.49828114,20.48437712,-7.002447175,4.093555015,2.906153719,-4.453908158,0.7398644436,3.710505607,229.8405016,280.9988831,212.8001934,8.686896639,4.687048048,4.180065198,231.057116,281.7728914,213.5037103,7.12201911,5.929404267,4.164838365,0,-158.6003465,112.2417231,-2.667858018,-166.6670091,129.0917774,0.2021360407,-158.4558377,112.2697105,2.836820074,-152.3799899,95.11472885,49.95169229,49.9771,7651.057228,6588.741965,-145.0680408,-321.395682,5.0674683,1
1520,24,96,32,1,1,1,1,1,1,1,1,1,1,1,1,184.1257129,254.7900791,256.8296815,4.554637172,1.802154129,5.059836203,184.7053478,254.9738852,257.5390032,4.305238066,2.451456755,4.5753838,0.02407240351,-0.00549097094,-0.01822820714,-0.02395146505,0.004946647308,0.01937479313,184.1147054,254.79206,256.8334657,4.553910478,1.801212358,5.059495014,184.6943209,254.975897,257.542784,4.30450644,2.45080155,4.575033236,0,-129.5252348,128.1342279,-5.469424213,-132.8491802,129.5571697,0.1241635497,-129.4837521,128.1776921,5.510175839,-127.1431705,126.3178069,49.98703468,49.98703822,2596.26204,2588.979925,-22.25080127,-160.1936728,5.1783794,1
1521,24,96,32,1,1,1,1,1,1,0,1,1,1,1,1,184.1192306,254.2086079,257.3322077,7.741491899,8.34073142,5.891251452,184.7736618,252.9103953,259.4773664,3.412980513,7.716148151,9.722754737,1.518801256,-6.767743193,5.249270953,-1.496796914,6.787248782,-5.290121808,184.1071778,254.2099684,257.3345478,7.476146672,4.758861987,2.369126141,184.7606928,252.900217,259.4695136,2.770114014,3.514393371,8.062458245,0,-129.2465054,128.2721341,16.84560491,-174.8192392,170.2517079,-0.3696166714,-129.099441,128.4544793,-52.92859057,-53.99880809,116.8828011,49.98692801,49.98692237,2617.624269,2612.072805,-23.99170292,-160.2825784,5.4291438,1
1522,24,96,32,1,1,1,1,1,1,1,0,1,1,1,1,184.116041,254.2084857,257.3338148,7.740004966,8.343159787,5.8804482,184.7675495,252.912787,259.4817437,3.40729436,7.71643285,9.717694341,-1.518506185,6.763074656,-5.244210907,1.496446907,-6.783656151,5.287566558,184.1039937,254.20984,257.3361463,7.474470958,4.76897973,2.360698129,184.7545335,252.9024967,259.473852,2.762766902,3.522845997,8.061752222,0,-129.2447989,128.2720765,16.78201625,-174.8624908,170.0745634,-0.368785642,-129.0962914,128.4540719,-52.83942975,-53.88707718,116.9616496,49.98692364,49.98692644,2618.958501,2610.673724,-23.38421469,-160.8729164,5.5356547,1
1523,24,96,32,1,1,1,1,1,1,1,1,0,1,1,1,184.5146107,254.8509796,256.6599702,4.786159864,4.593379706,9.065243734,186.0897589,255.6263977,256.0982409,8.824636807,3.623177557,7.519837823,4.512844168,1.386324432,-5.898850711,-4.552907205,-1.379458828,5.932684664,184.5025064,254.8519034,256.6630188,1.364056778,4.224520443,6.80635853,186.0679246,255.6265616,256.0917951,7.513929346,3.144896199,4.506212648,0,-129.7752229,128.1285224,-11.35835383,-86.37968801,102.8129005,0.4224239861,-130.0193735,128.2898162,2.03023094,162.323085,168.079675,49.98695702,49.98696356,2611.193867,2604.4927,-32.70626252,-170.3505117,5.7671477,1
1524,24,96,32,1,1,1,1,1,1,1,1,1,0,1,1,184.509725,254.8591845,256.6616397,4.789706497,4.593121708,9.063891002,186.0857362,255.630553,256.101792,8.822098951,3.618844232,7.522845418,-4.517042641,-1.386744835,5.904132761,4.557000924,1.378798439,-5.935450746,184.4976064,254.8601079,256.6646742,1.36719534,4.225056747,6.801775118,186.0639342,255.6307518,256.0953825,7.509226234,3.141013849,4.507048127,0,-129.7745311,128.1262637,-11.09461817,-86.43910644,102.8214475,0.4209437552,-130.019054,128.2878419,1.988533525,162.2870445,168.017221,49.98695952,49.98696148,2610.835941,2604.762245,-32.82864228,-170.2149995,5.2178705,1
1525,24,96,32,1,1,1,1,1,1,1,1,1,1,0,1,183.5633575,255.5758217,256.5225338,10.95083392,6.758267965,8.771630036,182.4375654,256.8369308,257.4155194,9.193583877,9.144617568,4.287983685,-7.70223555,6.177841974,1.524723737,7.728116037,-6.211394419,-1.516398411,183.5520529,255.5742533,256.5256119,7.621705032,2.316401744,8.509993179,182.4089094,256.8186069,257.4172647,4.722864054,6.54990028,3.726447251,0,-129.4938797,127.9562016,-32.7026261,62.69741085,150.3663091,0.269887577,-129.139683,127.5991719,60.15761524,-125.1399111,66.12892973,49.98695584,49.9869618,2612.017505,2604.307484,-26.91173825,-162.827169,5.4129707,1
1526,24,96,32,1,1,1,1,1,1,1,1,1,1,1,0,183.5653981,255.5730825,256.522196,10.98086758,6.824519256,8.781490924,182.4394281,256.8478369,257.4156445,9.247357287,9.206918574,4.280231612,7.744780009,-6.234578818,-1.50986918,-7.771178713,6.267333454,1.504183498,183.554095,255.5714767,256.5252868,7.61515194,2.339858617,8.523764681,182.4105007,256.8291456,257.4173915,4.7465438,6.576188712,3.725757616,0,-129.4939803,127.9572291,-32.882554,62.14433158,150.371186,0.2724562605,-129.1388231,127.5985502,60.06397503,-125.3068787,65.91785733,49.9869585,49.98695682,2610.658961,2605.921992,-26.61390151,-163.1901996,5.4062456,1
1527,24,96,32,0,1,1,1,1,1,1,1,1,1,1,1,183.9714698,252.9966702,258.5154624,3.5374826,7.252559562,9.547718356,184.7406366,254.4644034,257.8072061,7.748537532,7.895497637,5.593739294,-1.500569626,6.389753379,-4.888829707,1.524005852,-6.359657635,4.835992462,183.9585991,252.9850002,258.5116785,2.968296215,3.31766181,8.094814191,184.7274002,254.4650919,257.8104556,7.503131492,4.59702308,2.490165519,0,-128.5745958,128.7815058,-54.87696051,-54.68260686,116.1459943,0.581533986,-128.6860939,128.7481851,18.89212488,-172.5896321,173.1971609,49.98693084,49.98693661,2617.133606,2609.315452,-15.80827956,-155.9623678,5.6790582,1
1528,24,96,32,0,1,1,1,1,1,0,1,1,1,1,1,179.5711036,446.5803286,292.4523187,18.67959544,19.94066802,26.14262715,173.9026186,445.8196725,289.0617548,15.95713276,21.20677375,24.22862129,-8.17369456,-10.52503675,18.7064059,4.114570245,15.54304807,-19.64950842,116.753899,316.366347,261.1642077,10.13777185,12.86051318,14.2676774,113.7862461,311.9819496,257.345338,6.411532986,8.763230508,7.961400074,0,-122.1146071,111.3319623,-35.00040839,-152.8129941,78.89547329,0.09015692902,-122.2461022,111.3947536,115.5056164,9.484668385,-141.8448734,49.9725582,49.98521791,4431.512694,3960.028523,-483.0019664,559.8555387,5.0904776,1
1529,24,96,32,0,1,1,1,1,1,1,0,1,1,1,1,184.8474878,250.4390318,260.0491137,6.932073304,24.71136985,20.46718158,185.6116514,250.4742763,260.7931096,6.931415139,24.67141518,20.48334501,-4.602713708,23.57210901,-18.96911019,4.609170137,-23.55176307,18.94287523,184.7636775,250.3804079,259.999573,4.427628923,2.203745175,4.779425545,185.5162228,250.4255309,260.7298987,4.424129825,1.976630942,4.973261468,0,-127.8503531,129.5118919,-0.1326287536,-131.2478083,127.8009689,0.09742413291,-127.8391081,129.5964176,-0.143710064,-124.1652364,130.9566708,49.98620202,49.98618667,2763.909384,2758.541317,13.68365671,-124.7177146,5.2552614,1
1530,24,96,32,0,1,1,1,1,1,1,1,0,1,1,1,182.1592829,253.1567853,260.6019688,18.40587616,47.3126288,48.59350639,187.8281381,252.7678902,257.8406454,23.5804126,46.54025122,48.52866768,-0.2946796999,32.13294538,-31.83843716,0.3048695447,-31.97908379,31.67411866,181.8865617,251.9230803,259.7959684,8.556868478,11.31859486,11.76900585,187.3522348,252.6433384,257.6218796,16.86274849,8.690473572,13.09286229,0,-127.4711335,129.0297335,153.6116166,-85.50807306,54.65572934,0.8639812162,-128.4143249,129.922224,-12.91282828,113.5427342,-170.8611987,49.98248913,49.98453592,3438.642036,2977.999027,141.540645,-151.8802947,5.3034943,1
1531,24,96,32,0,1,1,1,1,1,1,1,1,0,1,1,184.7034727,254.5174533,256.8467249,5.673628975,4.757127157,9.634756335,186.3890472,255.3165048,256.1949266,9.595305416,3.645713485,8.17522864,-5.47553639,-1.08210244,6.558012516,5.522756632,1.075433578,-6.597813354,184.6912296,254.5181672,256.8491309,1.093513027,4.501137913,6.9489104,186.3620336,255.3168689,256.1847453,7.780743159,3.306003808,4.665501885,0,-129.7191586,128.2322343,-9.591121312,-85.59788605,101.032134,0.4402508468,-129.9906829,128.4095866,1.333279166,158.1822415,170.8678876,49.98693162,49.98693523,2615.063152,2611.869459,-33.97583714,-169.9432349,5.2278828,1
1532,24,96,32,0,1,1,1,1,1,1,1,1,1,0,1,180.109725,255.9587566,258.4737195,61.75852256,65.55103731,32.24033095,183.6715995,262.6049182,252.2572981,63.48429598,65.8713759,27.36763364,-42.51396957,43.06186725,-0.5474155446,42.70546463,-43.13169379,0.4267308488,179.9456788,255.3446936,257.948249,10.46024884,15.2402908,20.74777497,181.2830837,260.7950262,251.9214044,17.20049123,15.7478597,12.49905293,0,-127.9914502,128.1228394,-128.2064774,-39.57353622,104.6609668,1.934982009,-128.8371617,127.715366,28.79768898,156.253962,-92.85741931,49.98108701,49.98045764,3677.442252,3871.377644,115.4098059,91.19242401,5.1208334,1
1533,24,96,32,0,1,1,1,1,1,1,1,1,1,1,0,181.1263382,254.9644378,259.3966011,3.518405434,15.10362463,16.64494498,181.9375049,256.4133222,258.276099,8.440405175,15.33683966,14.39774993,-0.9288334447,10.93521863,-10.00572087,0.9410056433,-10.83219591,9.891827494,180.7593495,254.661848,258.9107547,2.737473387,3.866361413,8.405110717,181.6735062,256.3070561,257.9906934,8.140671383,5.043142437,2.659254473,0,-127.6847455,128.3495393,-70.06123472,-51.19288975,113.3613768,0.6733251837,-127.8354026,128.3318916,18.47637435,-176.0198527,-177.844328,49.98687991,49.98659114,2669.322587,2628.932112,-1.365988814,-137.6326823,4.5379462,1
1534,24,96,32,1,0,1,1,1,1,1,1,1,1,1,1,183.971443,252.9982693,258.5141963,3.526973569,7.242555811,9.543880994,184.7447411,254.4688983,257.8028475,7.754160231,7.887724686,5.581149776,1.492363026,-6.372105857,4.88010332,-1.51588095,6.341039441,-4.824801296,183.9585464,252.9866454,258.5104538,2.959092473,3.330370617,8.098025001,184.7315182,254.4695907,257.8060928,7.510240116,4.608454511,2.486650902,0,-128.5754549,128.7808708,-54.96696509,-54.57789549,116.1598723,0.5823666621,-128.6879339,128.7478062,18.83489981,-172.6941933,173.2345632,49.98693849,49.98692911,2616.093983,2610.261048,-16.10929048,-155.754035,4.4031974,1
1535,24,96,32,1,0,1,1,1,1,0,1,1,1,1,1,184.8453798,250.4377815,260.053554,6.931433548,24.80153271,20.55417929,185.6098253,250.4732783,260.8048573,6.931318082,24.7629206,20.57294408,4.602469501,-23.65395371,19.05178236,-4.609049718,23.63283719,-19.02349557,184.7608411,250.3788855,260.0034221,4.427093193,2.196878478,4.773781585,185.5140562,250.423956,260.7408682,4.424543873,1.983636182,4.978714709,0,-127.8474007,129.5126172,-0.09260992199,-131.2903743,127.8969438,0.09665628494,-127.8350326,129.5971602,-0.184223122,-124.1355827,130.8627233,49.98619795,49.98618315,2764.148903,2759.77271,14.52638591,-125.3729472,4.2054827,1
1536,24,96,32,1,0,1,1,1,1,1,0,1,1,1,1,181.995709,447.6163295,293.4116749,18.70228417,19.65701306,25.67315691,177.0996124,446.9239038,290.3524535,16.16689816,20.76532527,23.82961319,7.791486087,9.877712932,-17.67278002,-3.651930205,-14.93308551,18.58140484,118.5512952,315.8138967,261.8821889,9.551970797,12.69142118,13.91930123,115.8795358,311.6051718,258.3373205,5.702502183,8.502833445,7.834121722,0,-121.9451171,112.0479403,-33.10807615,-151.0944241,78.76191619,0.02157779304,-122.09233,112.1254551,114.5246064,11.54282241,-144.1573874,49.96964484,49.9881191,4409.323822,3980.899885,-452.2530385,525.7070547,4.7660965,1
1537,24,96,32,1,0,1,1,1,1,1,1,0,1,1,1,184.6994904,254.5355723,256.8375265,5.645039306,4.754869387,9.64279425,186.3677327,255.3358174,256.1722721,9.560937589,3.643014609,8.142734321,5.463320898,1.082441883,-6.545425085,-5.510601862,-1.076737624,6.587680375,184.6872491,254.5363177,256.8399501,1.118023779,4.498291315,6.984028514,186.3408359,255.3361636,256.1621054,7.762759565,3.302474289,4.644409851,0,-129.7235713,128.2277271,-11.21912957,-85.63563436,101.1030076,0.4425179774,-129.9944306,128.4029365,1.597543013,158.2073322,171.2335179,49.98693327,49.986935,2616.499194,2609.631471,-34.20342059,-169.9634455,4.2928722,1
1538,24,96,32,1,0,1,1,1,1,1,1,1,0,1,1,181.1933291,252.997293,261.4919665,24.34521236,58.86486506,60.57247461,188.1803316,251.7239975,257.6908476,29.23701945,57.97365879,60.50835054,0.1596394587,-39.58268304,39.42304083,-0.1631949481,39.39256296,-39.22937921,180.7663972,251.1125457,260.2978584,11.4259589,14.04583602,14.38453951,187.4233786,251.537698,257.3343026,19.54911462,11.13792571,16.05094341,0,-126.8464683,129.1990076,151.7840886,-87.89802096,48.32082007,1.018752066,-128.0568721,130.3677283,-15.89462306,105.9535345,-168.3337122,49.9813023,49.98154102,3729.874586,3653.85539,217.7210015,-34.8375138,4.0818912,1
1539,24,96,32,1,0,1,1,1,1,1,1,1,1,0,1,180.4127103,256.4468123,258.5480728,3.671309369,15.60873988,16.58953492,181.3332004,258.276007,257.8441178,8.966947474,15.94185147,14.65315088,0.4009729949,-12.40736652,12.00370872,-0.4228662872,12.28505636,-11.86481534,179.9599121,256.1535065,258.0523118,2.639927192,3.708827821,8.032345476,180.9991691,257.9922646,257.3761017,8.577214495,5.17016916,3.007062692,0,-127.9797383,127.9340149,-80.24563869,-47.77809632,111.2712982,0.7191474038,-128.075304,127.9264123,17.72170691,-173.0595759,177.1250026,49.98662597,49.98686994,2617.288844,2691.723214,50.662359,-198.9094318,4.0946879,1
1540,24,96,32,1,0,1,1,1,1,1,1,1,1,1,0,180.0904179,255.9465664,258.6311094,61.66544604,65.59984887,32.53765857,183.632169,262.4931398,252.1874968,63.38697729,65.90554326,27.6104234,42.46438445,-43.09179632,0.628568592,-42.65361091,43.15784615,-0.5030543378,179.9217293,255.3014855,258.0784759,10.42918926,15.46277546,21.04310797,181.2460129,260.6762026,251.8520698,17.15752145,15.9095198,12.77293329,0,-127.9368938,128.1352002,-128.0223544,-40.25634721,104.7308621,1.930130172,-128.8263873,127.7293919,28.86131353,155.3960202,-92.36273267,49.98104225,49.98032749,3687.279168,3907.05113,99.14392614,116.8079676,4.0899152,1
1541,24,96,32,1,1,0,1,1,1,1,1,1,1,1,1,185.175154,255.4986702,255.6350175,8.442957865,3.467784507,7.116194615,184.9601116,255.048888,257.519987,4.219319511,4.700520464,8.320449305,-3.974834942,-1.302252142,5.277409416,3.909381693,1.307214614,-5.216270332,185.1563769,255.4992125,255.6306373,7.424331395,3.043907411,4.680680478,184.9482062,255.050023,257.523141,1.471517745,4.396275288,6.414238914,0,-130.3554226,127.8647997,-2.519921424,157.7775186,163.4906871,-0.1676819114,-130.0709853,127.8274262,11.30402947,-89.1228928,102.5112586,49.98697504,49.98698226,2607.623187,2600.749918,-35.61822099,-173.008718,4.0872295,1
1542,24,96,32,1,1,0,1,1,1,0,1,1,1,1,1,184.120674,254.2056771,257.3305019,7.748802431,8.367785054,5.937356973,184.7703058,252.9083197,259.4839963,3.396036888,7.756314141,9.758685063,1.509598661,-6.795507313,5.286260375,-1.487452256,6.815118405,-5.327306262,184.1086061,254.2069888,257.3328094,7.487731301,4.755336622,2.379880034,184.7573229,252.8979513,259.4759634,2.759806946,3.53326952,8.074866998,0,-129.2467817,128.2723185,16.79379226,-175.1088616,170.8123845,-0.3701135297,-129.0974608,128.4539244,-53.10588543,-54.24745792,116.7238545,49.98692675,49.98692203,2617.256514,2612.759427,-23.51810193,-160.7897928,4.0766049,1
1543,24,96,32,1,1,0,1,1,1,1,0,1,1,1,1,185.6516925,254.9469238,255.8186604,9.921209598,3.580815744,8.426493455,185.3034822,254.4564239,257.8544906,6.148708334,4.990275316,9.540604916,-5.716532258,-0.8419336469,6.558837393,5.625573433,0.8458402836,-6.471045403,185.6212366,254.9466423,255.8044342,7.796071643,3.307281365,4.857038172,185.2904933,254.456335,257.8558308,1.150840216,4.79789795,6.691290825,0,-130.3421778,128.0281075,-2.900512537,151.9342448,168.2327413,-0.1975916895,-130.0185919,127.9716019,17.93959751,-87.90069512,99.8857529,49.98694277,49.98691092,2615.35219,2613.811017,-35.43968946,-175.5207324,3.994896,1
1544,24,96,32,1,1,0,1,1,1,1,1,0,1,1,1,271.7019184,263.544409,383.6107268,26.32126873,17.33621776,22.908079,273.9102473,268.8479154,385.6662818,25.16325279,18.82014256,20.12778234,-18.59020792,4.166863407,14.42367309,13.32542195,-6.86939603,-6.455236172,219.3965345,173.7895557,302.0260762,4.12682192,6.357519156,7.371801515,223.2704975,177.0223817,306.1438911,11.75183969,8.58910726,11.5084066,0,-110.6944717,148.8792631,96.39414302,21.34920148,-138.9987704,0.2474091906,-110.5405425,148.76497,-20.44730142,-144.0214228,111.1701933,49.96425878,49.98280987,5251.890997,5376.23254,998.4258563,118.7181767,3.9266228,1
1545,24,96,32,1,1,0,1,1,1,1,1,1,0,1,1,186.2926789,257.8768487,253.1678344,25.02302834,5.038796283,29.12091958,187.0454278,258.0000948,253.8209775,24.96389823,5.040107046,29.00812462,-23.64862219,-3.641529827,27.29043475,23.56725758,3.64211715,-27.20910163,186.1732362,257.8023834,253.103075,4.393247343,2.148112967,4.837992913,186.9020611,257.9255675,253.7556231,4.531101782,2.148545292,4.656470582,0,-131.983391,127.1157326,-2.226924514,-131.9911071,125.2573368,0.1193488243,-131.9720076,127.1887082,1.898794078,-132.0721067,128.8294517,49.98602242,49.98600032,2799.271697,2795.531734,-41.35968593,-177.2090563,3.9893854,1
1546,24,96,32,1,1,0,1,1,1,1,1,1,1,0,1,189.5947039,252.3231323,256.5548276,55.43893658,23.80099001,53.82674647,185.0122726,257.4330443,255.0170059,54.73667511,26.23471384,51.42410492,-36.66079159,0.75507344,35.90577901,36.32249586,-0.7894311179,-35.53299584,188.0613789,251.984441,255.2644141,13.99522288,11.91829918,16.0946021,184.6263972,256.8839055,254.9314068,13.89604286,16.08355396,8.009312868,0,-130.6539227,128.9266584,-70.62273268,37.81056297,150.0330738,1.269853634,-129.8198863,127.8856216,72.02523223,-139.0838831,-3.871711831,49.98226904,49.98255423,3536.659144,3447.775372,144.6240498,-90.359613,3.9981886,1
1547,24,96,32,1,1,0,1,1,1,1,1,1,1,1,0,183.5270269,255.6881806,256.4491071,11.27850005,7.301155624,8.810929355,182.400623,256.9812836,257.3270847,9.618657258,9.573749923,4.249641729,8.030740806,-6.554347109,-1.476056077,-8.061201666,6.589047375,1.472493479,183.5155176,255.6859915,256.4522013,7.614939711,2.34063639,8.556864313,182.3681298,256.9585223,257.3286591,4.777644791,6.583224996,3.695552837,0,-129.5272592,127.9215591,-33.12290837,61.27842193,150.160981,0.2772741292,-129.1734758,127.5604659,60.06259164,-125.6346629,65.37017545,49.98694707,49.98695393,2613.048862,2606.643024,-27.04001784,-163.1026996,4.0310354,1
1548,24,96,32,1,1,1,0,1,1,1,1,1,1,1,1,185.1714801,255.5077738,255.629691,8.4471783,3.46827141,7.117404163,184.9584511,255.0562037,257.5188467,4.233418622,4.704963632,8.334819538,3.988883695,1.296446724,-5.284975417,-3.923324513,-1.302521365,5.226203546,185.1526553,255.50831,255.6252914,7.42117994,3.04733136,4.673584768,184.9465464,255.0573165,257.5220056,1.473276824,4.402957534,6.426491405,0,-130.357729,127.8614422,-2.48239225,157.6682326,163.6130244,-0.1684947992,-130.0730273,127.8245262,11.0909458,-89.11442155,102.5186742,49.98697761,49.98697953,2607.701397,2600.755408,-35.21919484,-173.4982582,4.0779378,1
1549,24,96,32,1,1,1,0,1,1,0,1,1,1,1,1,185.6790963,254.9972297,255.8207787,9.928398125,3.595058695,8.393748708,185.263377,254.4858772,257.8431464,5.998319372,5.009789079,9.431779847,5.773800014,0.7695366442,-6.542749926,-5.683366313,-0.7754848601,6.459442016,185.6515487,254.9975222,255.8086632,7.91780785,3.380754911,4.930004932,185.2508154,254.4860543,257.844567,1.085919202,4.857889999,6.626306283,0,-130.3563167,128.0172405,-3.681187098,151.4840823,167.7389041,-0.2002037136,-130.0270166,127.9530867,25.52332643,-87.32299585,99.41906512,49.98688291,49.98697684,2628.841276,2601.737482,-33.66587024,-177.1386847,4.0965159,1
1550,24,96,32,1,1,1,0,1,1,1,0,1,1,1,1,187.1936165,251.3035366,257.6404511,27.75227432,55.55351797,57.97008864,182.0834949,252.4890186,262.8312695,22.64566508,56.33526162,57.79984336,-0.3152248314,37.73175339,-37.41653876,0.3860014388,-37.84814622,37.46213692,186.637397,251.1691114,257.293652,18.94792484,10.81079774,15.2435789,181.7073236,250.8778284,261.5985797,10.73264818,13.63452536,13.63863051,0,-129.3151789,129.091425,-16.92756137,106.3719481,-169.6456254,-0.7685638316,-128.118843,128.1378072,149.6007476,-88.21417785,49.12335834,49.9821257,49.98171786,3539.224111,3634.229223,73.98885901,40.92539182,4.0153454,1
1551,24,96,32,1,1,1,0,1,1,1,1,0,1,1,1,186.2684371,257.8848468,253.1731304,24.83948822,5.033919471,28.942094,187.0234605,258.0125783,253.825466,24.78874006,5.04254165,28.83003137,23.48177413,3.643924694,-27.12538149,-23.40131661,-3.6453591,27.04699111,186.1517599,257.8107867,253.1091789,4.373031025,2.139791407,4.838291444,186.8822881,257.9400864,253.7621278,4.550686953,2.15710375,4.657000102,0,-131.9761454,127.1130574,-2.310312759,-131.7374821,125.1449563,0.1200635517,-131.9647472,127.1853294,1.961227899,-132.3088616,128.9398868,49.98602157,49.98601605,2798.131454,2792.287162,-40.71770332,-177.9601067,4.025777,1
1552,24,96,32,1,1,1,0,1,1,1,1,1,0,1,1,271.0861242,261.4254117,383.1853268,26.89256749,18.63310338,23.2224709,273.7757031,267.5015382,385.5165046,25.97382447,20.29083079,20.60607382,22.45938251,-4.98414294,-17.47454357,-17.18170817,7.666429652,9.515829079,218.6762866,172.6260229,301.4929278,6.178841944,7.236447123,7.965547732,223.6381126,176.2273254,306.562956,14.44729156,9.521382916,14.13248758,0,-110.3391553,149.0414283,117.3125498,25.05890632,-118.7132002,0.3648228694,-110.1276181,149.0431218,-22.30078374,-142.5659016,114.7031031,49.97812946,49.96827408,5192.334174,5461.262766,1200.920591,-67.72597539,3.8752062,1
1553,24,96,32,1,1,1,0,1,1,1,1,1,1,0,1,183.537698,255.6765712,256.4608322,11.20567136,7.140238438,8.82589637,182.3889372,256.9632475,257.3424808,9.488691613,9.457845901,4.246557015,-7.981080669,6.5339823,1.447435345,8.010432804,-6.569497313,-1.440620993,183.5262018,255.6745609,256.4639591,7.66717322,2.362879684,8.582829764,182.3582638,256.9421234,257.3442542,4.77551901,6.60187379,3.716839525,0,-129.523462,127.9264045,-33.08340075,61.91170136,150.321247,0.2752597076,-129.1667962,127.5625896,60.6881815,-125.3832058,64.95052483,49.98694828,49.98695831,2612.047832,2606.46184,-27.85013133,-162.4918651,4.061186,1
1554,24,96,32,1,1,1,0,1,1,1,1,1,1,1,0,189.1001546,252.7463019,256.355289,52.16512707,22.47322569,50.54401037,185.0251474,257.5685394,255.2607214,51.53780086,24.93495104,48.26462181,34.82207687,-0.9017403035,-33.92026621,-34.49904515,0.9339442608,33.56517938,187.7289831,252.4322089,255.1905181,12.95361274,11.3249009,15.0206533,184.6807615,257.0774063,255.1813705,13.0086917,15.50460972,7.206361635,0,-130.6569778,128.795554,-70.15134436,38.53048976,151.0315824,1.179085132,-129.8480645,127.8342655,69.64795494,-138.4409499,1.862197129,49.98272707,49.98324912,3419.056309,3282.540582,128.2866283,-126.9016564,4.0633398,1
1555,24,96,32,1,1,1,1,0,1,1,1,1,1,1,1,181.5713733,257.0670879,256.5812594,9.734947167,9.429113569,4.418221268,183.980374,256.0485674,257.1314301,11.22829844,7.295927408,8.618094697,8.487886193,-6.841839452,-1.645711809,-8.415135128,6.789836863,1.625654332,181.5451642,257.0364596,256.5817161,4.383810611,6.228750135,3.755560878,183.9685259,256.0429782,257.1347131,7.196272573,1.960759522,8.304160068,0,-129.2791352,127.4387278,55.16818936,-127.4414173,68.80744456,-0.04494046154,-129.5710231,127.9169512,-30.19043476,56.97824201,150.1824945,49.98696416,49.98695286,2610.820872,2605.608201,-25.12045016,-164.1108691,4.0619585,1
1556,24,96,32,1,1,1,1,0,1,0,1,1,1,1,1,182.2633535,261.5114251,253.6900641,53.5471069,54.29851494,19.25497585,181.4279571,255.9047866,259.4568769,51.71793491,53.75647376,24.31200843,36.4247648,-35.71277825,-0.7119062217,-36.09050967,35.56529237,0.525301431,180.8461284,259.9268689,253.458181,14.42185387,13.08425145,8.17149137,181.3213745,255.4421865,259.1562665,7.913201524,11.98704282,16.81093112,0,-130.5494613,126.2393784,27.56984051,163.7454657,-90.80103593,-1.372642044,-129.9730089,126.7653654,-121.2497497,-35.35229717,109.290864,49.98167497,49.98429583,3593.01052,2985.859305,96.79101004,-108.4021456,3.9635229,1
1557,24,96,32,1,1,1,1,0,1,1,0,1,1,1,1,182.5785784,255.6395723,257.2295412,8.578183965,13.76848676,12.40370266,183.0513986,254.0449555,259.46796,2.958391173,13.36735519,14.72094683,-0.6144390221,9.939220755,-9.327472241,0.5985589353,-9.991704166,9.3905793,182.5518603,255.6207681,257.2116096,8.466326078,5.24466263,2.787330458,183.0226904,253.9697732,259.3996191,2.625461161,3.95536921,8.310729234,0,-129.0164267,127.913522,17.11985415,-176.8648326,-178.6252123,-0.4850767785,-128.8767988,128.0906925,-75.47250398,-49.61364108,112.232669,49.9867304,49.98686562,2679.097355,2614.473382,-53.75377686,-115.2655332,3.9262035,1
1558,24,96,32,1,1,1,1,0,1,1,1,0,1,1,1,183.9588275,258.1839996,254.1363665,58.3415672,28.03870305,54.79515443,190.3226928,252.9347043,257.3149957,58.62051766,25.61700591,56.84541792,38.85916916,-1.027518548,-37.83165681,-38.94671175,0.9724602889,37.9742986,183.4852885,257.5164185,254.0655799,14.36512314,16.75709477,8.430116707,188.4106416,252.5175536,255.9674626,14.10043031,12.5940543,16.52218921,0,-131.0558362,126.8859554,69.82123407,-141.9019314,-6.64093248,-1.145246705,-131.8686293,128.1039273,-73.88837619,34.59702745,148.7773306,49.98199735,49.98170399,3566.071989,3641.902051,53.29996086,24.02646058,3.9803399,1
1559,24,96,32,1,1,1,1,0,1,1,1,1,0,1,1,181.5640717,257.1550079,256.5099587,9.912286067,9.607162903,4.393852647,183.9843149,256.1265113,257.0673592,11.38654953,7.511887587,8.642208286,8.657588457,-7.048354887,-1.608888278,-8.581504591,6.994927885,1.586925008,181.5367029,257.1219576,256.5103284,4.403082805,6.245104246,3.744642108,183.9723333,256.1207045,257.070597,7.21949743,1.975128669,8.337550904,0,-129.317295,127.4094754,55.49316023,-127.5502513,68.25077517,-0.04715278393,-129.609925,127.8907138,-30.35957597,56.68599779,150.1216494,49.98696558,49.98694453,2611.395736,2606.578341,-25.07707301,-164.9498047,4.084867,1
1560,24,96,32,1,1,1,1,0,1,1,1,1,1,0,1,292.1430152,350.1342629,303.5481807,14.25693477,13.04243954,8.211549161,293.8139615,350.9761975,306.0857975,13.3253837,13.20223817,10.4173505,8.428734648,-7.124511337,-1.302669074,0.1356304259,5.048442091,-5.182715647,210.7912485,297.9979258,213.7793762,3.579370683,2.050092744,2.974748891,213.3051148,299.5705279,215.44588,8.31284751,5.882152535,5.949473156,0,-154.3864587,117.7372689,50.31498547,-48.38730701,155.1126331,0.08456141162,-154.3190496,117.8059682,-19.48602758,-173.9747463,99.9495282,49.97570021,49.97565087,4264.23893,5468.0784,-426.9470132,-879.0147035,3.9140516,1
1561,24,96,32,1,1,1,1,0,1,1,1,1,1,1,0,178.0196874,259.4174268,256.7470992,40.99472861,35.22280828,8.01552116,178.7453447,259.4579199,257.4882986,40.86686994,35.19526729,7.943510865,38.10791303,-33.05546283,-5.0522093,-38.00973929,33.01735571,4.99263448,177.7846257,259.1560543,256.5971519,4.356500918,2.072281088,4.829461898,178.4243123,259.2527019,257.3341403,4.167049597,2.259372267,4.792481232,0,-128.3654125,126.8653898,-2.486651667,-132.9838479,127.0032203,0.1045117057,-128.3369716,126.9320804,2.316735343,-124.2086877,126.5111995,49.98510251,49.98508463,2983.563705,2979.8557,43.3182165,-93.16483338,3.9750678,1
1562,24,96,32,1,1,1,1,1,0,1,1,1,1,1,1,181.5718793,257.0817765,256.5751284,9.797458719,9.485144702,4.413016308,183.9749436,256.0539209,257.1297437,11.262963,7.361068612,8.619393194,-8.537882577,6.895380712,1.642841997,8.464636208,-6.844206281,-1.620103465,181.5453575,257.0506181,256.5755142,4.399684644,6.238934353,3.748788542,183.9630635,256.0482717,257.1329944,7.176406038,1.969288323,8.305283099,0,-129.2838515,127.4346721,54.92433496,-127.628478,68.79924534,-0.0481343665,-129.5753013,127.912543,-30.30577505,56.37506814,150.1328946,49.98696144,49.98695385,2611.679208,2605.233924,-25.29628485,-163.9254143,4.1087249,1
1563,24,96,32,1,1,1,1,1,0,0,1,1,1,1,1,181.262292,256.0468072,258.0601919,8.249949738,13.02947052,11.95418682,181.9385621,254.8654913,260.6381634,3.778991093,12.92832767,14.57087325,1.070766846,-10.99076949,9.920375776,-1.069650818,11.07400985,-10.00393239,180.9867058,255.9270009,257.7555439,7.783053634,4.626945767,2.801677209,181.5508877,254.6082224,260.1623158,2.609103837,4.07363758,8.596718211,0,-128.3766961,127.8247437,16.85783075,177.2406253,-172.9462447,-0.4228556626,-128.1758871,127.9922673,-61.95837721,-60.8914937,111.5141965,49.98726725,49.98639536,2555.87763,2705.418635,-7.696776198,-150.9789768,4.0634429,1
1564,24,96,32,1,1,1,1,1,0,1,0,1,1,1,1,182.100164,262.5198062,252.5032213,61.97850557,64.29806163,26.67237259,180.405443,256.1670586,260.132555,59.95040775,63.875526,31.42917077,-41.70124015,42.19054813,-0.4886497451,41.31904804,-42.03566204,0.7172830204,180.1977715,260.4434605,252.1609552,16.69987901,15.63364348,12.16116055,180.2368125,255.4235455,259.5883921,9.765961379,15.18158192,20.37570674,0,-130.8674977,125.8732983,25.87911848,153.3850094,-94.3966945,-1.659781733,-129.9675026,126.4005625,-130.7901677,-42.57529174,103.2628016,49.98066011,49.98138543,3844.169082,3621.895154,219.616441,-65.33515171,3.9884084,1
1565,24,96,32,1,1,1,1,1,0,1,1,0,1,1,1,181.56543,257.1939742,256.5046855,10.01496598,9.734195681,4.387690308,183.9718547,256.1321521,257.0685352,11.41718066,7.632285735,8.655433636,-8.718688674,7.125125946,1.593859188,8.641869508,-7.072254238,-1.569327783,181.5373943,257.1598688,256.5050283,4.467555665,6.314738458,3.743008415,183.9598798,256.126171,257.0717393,7.16746437,2.040480991,8.353756625,0,-129.325775,127.4006301,54.87766202,-128.1046882,67.99339997,-0.05620010448,-129.6186065,127.882656,-30.84714209,54.85027864,150.1178233,49.98695831,49.9869488,2611.886673,2606.708534,-27.0830463,-162.9646148,3.9899251,1
1566,24,96,32,1,1,1,1,1,0,1,1,1,0,1,1,184.0114914,258.3134949,254.3113611,56.26842718,27.29959511,52.65023757,189.980775,253.2182371,257.184779,56.49095147,24.85927116,54.63101099,-37.69101544,1.1852288,36.50556482,37.7761989,-1.131747363,-36.64470406,183.5700337,257.6891687,254.2436557,13.82726846,16.4748406,7.852113374,188.2017256,252.8245979,255.9227217,13.37541857,12.3044172,15.77912467,0,-131.0315296,126.8953562,67.83692776,-141.6339621,-2.990802363,-1.094800646,-131.8283219,128.0573853,-74.15778885,34.85978183,149.5175353,49.98245882,49.98207019,3448.837002,3547.384044,23.76655493,13.78930011,4.0304548,1
1567,24,96,32,1,1,1,1,1,0,1,1,1,1,0,1,178.0389643,259.3938432,256.7458503,40.77193066,34.99590141,8.015967383,178.754604,259.4283626,257.4897792,40.63904617,34.96732265,7.944815144,-37.90677681,32.8527271,5.054251399,37.80884227,-32.81550125,-4.993125966,177.8044504,259.1352042,256.59578,4.382687131,2.08396451,4.82891236,178.436808,259.2255425,257.337692,4.14199879,2.250829129,4.793084505,0,-128.3683501,126.8707748,-2.513447645,-133.5596572,127.0485961,0.1019883179,-128.3388339,126.9367303,2.372636367,-123.6409461,126.4758272,49.98510335,49.9851288,2981.718607,2975.230624,42.89507915,-93.15235245,3.929435,1
1568,24,96,32,1,1,1,1,1,0,1,1,1,1,1,0,292.3754125,350.134236,303.9319837,16.68855462,15.56417588,11.1974061,293.6395597,350.9355865,305.7371223,13.97485366,15.41840122,11.70341478,-11.04462659,9.343186402,1.703760813,2.506067866,-7.279124022,4.775448786,211.3847669,298.161441,214.1077284,4.205477417,3.136334535,4.095912639,214.0486191,299.967202,215.2829813,8.205039122,6.619292582,5.599537658,0,-154.4347795,117.8374208,51.15223958,-47.42453853,158.3495523,0.1172605685,-154.4519219,117.8982646,-23.63959223,178.5798222,89.34327872,49.97214327,49.97913655,4664.981549,5076.447619,-435.0176402,-866.0050156,3.852258,1
1716,48,32,16,1,1,1,1,1,1,1,1,1,1,1,1,243.3981146,273.2783715,181.5604553,3.081989278,5.167670691,6.534457977,243.7512827,274.121428,182.5338492,3.557642354,5.090744559,5.96096728,0.004107537151,-0.005167825335,0.001062516093,-0.004170252098,0.004652986124,-0.0004861715856,243.3934718,273.2816766,181.5614447,3.081269841,5.16738821,6.534255677,243.7466337,274.1247741,182.5348231,3.557005187,5.090451845,5.960729048,0,-100.8026869,138.4267099,-7.403085028,-98.47136749,134.9640147,0.08501802017,-100.7496788,138.5864356,6.295097309,-103.3923448,141.7892851,49.98329519,49.98330088,3345.955487,3334.617381,-19.04144679,-221.5155736,3.9486268,1
1717,48,32,16,1,1,1,1,1,1,0,1,1,1,1,1,243.4514247,273.1773629,181.9920735,6.131050425,9.628096804,6.373725887,244.2242711,272.7144243,184.4074843,3.759304547,8.993015095,10.94317294,1.545184749,-6.856891302,5.311690406,-1.528170971,6.897326012,-5.369166475,243.4455634,273.179531,181.9917575,5.781489089,6.668934244,3.277146743,244.217857,272.7040832,184.3935655,3.164639791,5.665120837,9.447263134,0,-100.4892673,138.6536292,28.46959976,-131.5302936,155.8638689,-0.2807037945,-100.2509082,139.0274705,-61.35688001,-63.28075378,132.6278958,49.98317393,49.9831714,3370.296791,3360.384118,-30.62921965,-232.1427576,4.0035948,1
1718,48,32,16,1,1,1,1,1,1,1,0,1,1,1,1,243.4566102,273.1718928,181.9905975,6.127259179,9.635024478,6.380629096,244.226956,272.7136589,184.4063653,3.754621713,8.99944547,10.93909703,-1.54859348,6.86483845,-5.316240417,1.531508202,-6.906370335,5.374848289,243.4507819,273.1740466,181.9902882,5.776245877,6.669097381,3.281558755,244.220596,272.7032719,184.3923721,3.156778546,5.663633789,9.439375351,0,-100.4894552,138.6552661,28.39098177,-131.5181549,155.6971798,-0.28023011,-100.2508321,139.028008,-61.25928724,-63.28379784,132.6719736,49.98316844,49.98317598,3371.918301,3358.861463,-30.20273556,-232.5523527,3.9008411,1
1719,48,32,16,1,1,1,1,1,1,1,1,0,1,1,1,244.1911427,272.8320873,181.1635066,7.176288171,9.277099823,12.54468285,245.7320821,273.8006156,180.4311956,10.64501614,4.619636659,10.82633998,6.749581442,1.682949355,-8.432547293,-6.800711844,-1.674109112,8.474808259,244.1825752,272.8343927,181.1638929,1.495095836,8.978267373,9.089570536,245.7011676,273.8010505,180.4086499,7.958133294,3.987911443,6.463407832,0,-101.0657438,138.3842117,-150.5683823,-78.54749129,107.9125896,0.4313461624,-101.4174961,138.7977044,5.364971962,-161.87299,-176.6399537,49.9831979,49.98320705,3364.662337,3354.143915,-27.9556524,-228.9328279,3.9260997,1
1720,48,32,16,1,1,1,1,1,1,1,1,1,0,1,1,244.1949116,272.8303646,181.1624909,7.206522624,9.286038128,12.5640669,245.739892,273.7998704,180.4303706,10.66959451,4.612899547,10.84698968,-6.782525782,-1.674171403,8.456697851,6.833602394,1.664352777,-8.49795387,244.1863243,272.832677,181.1628833,1.497681671,8.99060548,9.094551299,245.7088265,273.800344,180.4077955,7.963881432,3.987075464,6.467024682,0,-101.0663701,138.3844553,-150.8746509,-78.54456785,107.8807575,0.4313695611,-101.4189032,138.7979314,5.319873198,-162.0513767,-176.5853824,49.98319931,49.98320517,3363.884621,3355.027556,-28.50260411,-228.44292,3.957296,1
1721,48,32,16,1,1,1,1,1,1,1,1,1,1,0,1,242.6119792,274.0019907,181.4160803,10.88604049,7.378932697,10.75917518,241.1851546,276.6241982,182.1371421,9.92518242,11.62299384,4.06476985,-8.498204522,6.577892577,1.920286891,8.52842008,-6.637430695,-1.891016675,242.6070218,274.0024055,181.4155462,6.555180659,2.519963033,10.45040191,241.159892,276.6060237,182.134311,4.739315552,9.283530686,3.170433485,0,-100.9864452,138.1464447,-42.43466995,-41.28389168,150.0453328,0.2278396511,-100.7938871,137.7021374,68.8069119,-114.581506,93.22059252,49.98315516,49.98315229,3373.612131,3364.508337,-19.55321115,-219.3813798,3.9005962,1
1722,48,32,16,1,1,1,1,1,1,1,1,1,1,1,0,242.6149721,274.0010233,181.4106648,10.92565131,7.43841071,10.76286023,241.1888942,276.6368767,182.1331567,9.981513991,11.67821566,4.060114716,8.542381117,-6.628152896,-1.914252058,-8.573067729,6.687059877,1.885984626,242.610008,274.0014111,181.4101215,6.552439464,2.5281527,10.45535463,241.1632377,276.618278,182.1302658,4.761834111,9.306917335,3.168172402,0,-100.9891327,138.1452728,-42.65425241,-40.68146771,150.048113,0.2301207229,-100.7963973,137.699809,68.66582748,-114.6784073,93.13218419,49.98314942,49.98315708,3374.17798,3364.26319,-18.68278169,-220.1596956,3.92507,1
1723,48,32,16,0,1,1,1,1,1,1,1,1,1,1,1,243.7252665,272.3348008,183.0217535,3.669884896,8.239011108,10.51339985,243.780517,274.2280209,182.7933767,6.315342411,8.552176498,5.702331611,-1.366614488,5.785206908,-4.418620618,1.381180853,-5.711330328,4.330115204,243.7194751,272.3272482,183.015107,3.228592392,5.813815835,9.489705009,243.7744197,274.2300828,182.7938211,6.067268656,6.317861698,3.581820682,0,-100.0254273,139.1686761,-66.27570867,-66.08491229,129.1206067,0.3912466713,-100.1346677,139.1658752,29.20932385,-131.21684,165.5591041,49.98319227,49.98319377,3367.141012,3355.551538,-29.65703359,-233.0371762,3.8572114,1
1724,48,32,16,0,1,1,1,1,1,0,1,1,1,1,1,227.0462865,427.0247862,245.762915,18.57612772,27.2395217,31.27015158,235.9493729,429.7596476,250.4474404,21.76224496,23.99362085,30.90437363,6.602131945,22.17467299,-28.77770106,-10.21838385,-12.92400896,23.14144084,149.3760368,331.18768,202.8966646,9.39774076,9.990781137,8.500293253,154.250276,337.6651664,209.7729365,12.75197439,17.58928807,19.10010394,0,-99.45309827,118.3663012,138.7028848,2.926538138,-128.0776767,0.4198040017,-99.4142166,118.7991081,-29.0378956,-133.1834678,94.31539016,49.96539237,49.96949347,6494.527933,6550.406239,1662.902339,-61.40741713,3.9787945,1
1725,48,32,16,0,1,1,1,1,1,1,0,1,1,1,1,245.1777017,270.7234694,184.2635178,6.099463977,25.24308998,21.06850161,245.5923054,271.3910592,185.4493066,6.097696864,25.11096405,21.06076267,-4.390464941,23.6361097,-19.24569094,4.392609815,-23.56042259,19.16776793,245.1106113,270.6780373,184.1945014,3.322538372,5.214784983,6.215204688,245.520886,271.3470223,185.3485586,3.315980395,4.942671874,6.448962755,0,-99.16834027,140.1959074,-0.065947678,-101.6264428,137.9605091,0.04015144303,-99.09552568,140.3817763,-0.08616308712,-96.79495257,141.9689118,49.98246497,49.98243254,3513.369538,3505.51269,-29.74919598,-230.5355211,4.0500457,1
1726,48,32,16,0,1,1,1,1,1,1,1,0,1,1,1,241.0402389,273.4916376,186.9149035,25.67336884,57.16623377,58.91223683,247.0715224,271.7477587,183.1493285,29.56404864,54.48272558,58.46288583,0.929052246,38.0378672,-38.96693833,-0.9532500534,-37.59140552,38.54468535,240.6297685,271.952988,185.4081729,12.59541245,17.37471901,15.21655179,246.3217651,271.6032703,182.7297737,19.09000993,8.787889958,16.82305586,0,-98.573863,139.5117974,170.3381709,-77.09334034,65.93839243,1.027660333,-99.63786569,141.1749259,-6.23251787,128.6468283,-160.163902,49.97767781,49.97844911,4438.517629,4206.313375,180.679977,-170.6910564,3.8740838,1
1727,48,32,16,0,1,1,1,1,1,1,1,1,0,1,1,244.2338299,272.7902917,181.1832329,7.269645954,9.293927073,12.60288041,245.7827028,273.7578597,180.4499591,10.7174253,4.608124684,10.89134155,-6.843878643,-1.657539533,8.501410625,6.895643256,1.648865128,-8.544507367,244.2253269,272.7925946,181.1835628,1.501595217,9.00064931,9.100551601,245.750636,273.7583722,180.4266935,7.970290826,3.985327658,6.472870977,0,-101.0520721,138.4064591,-151.0408606,-78.52990076,107.8613334,0.4312537556,-101.4055841,138.8203409,5.301816515,-162.2000566,-176.5061054,49.98318433,49.98321543,3366.67758,3353.348051,-28.82462193,-228.8353325,3.9064895,1
1728,48,32,16,0,1,1,1,1,1,1,1,1,1,0,1,242.6254083,273.9945719,181.4127495,10.88019914,7.372199489,10.7628933,241.1972972,276.6183055,182.1335312,9.918500712,11.62174042,4.057954522,-8.487083944,6.570418716,1.916650857,8.517238666,-6.629980914,-1.887269119,242.6204518,273.9949766,181.4121989,6.559012302,2.521652632,10.45596948,241.1721035,276.6001219,182.1307147,4.744208,9.287796393,3.167299495,0,-100.9878933,138.1486367,-42.46642397,-41.16667709,150.0475818,0.2277083102,-100.7954174,137.7034492,68.83013628,-114.6025267,93.1348253,49.98315172,49.98315656,3374.043015,3364.064541,-19.46348304,-219.4790428,3.9882916,1
1729,48,32,16,0,1,1,1,1,1,1,1,1,1,1,0,239.5432375,275.2835956,185.0460829,4.011041614,15.00201314,16.82950895,239.566811,277.2883136,184.3444808,7.182194282,15.12412905,13.62274201,-0.6051462987,10.45531056,-9.848710964,0.6019765382,-10.20608795,9.605622498,239.1853444,275.0173788,184.3289331,3.488074265,6.162567829,9.909785373,239.2923305,277.180861,183.8886003,6.902005164,7.059932639,3.355193271,0,-99.55516772,138.3985903,-81.75363079,-57.87740164,128.0972633,0.4873415746,-99.7049875,138.388862,30.09564763,-135.3123546,168.9818165,49.98325199,49.98234864,3409.762932,3475.521989,-7.439508495,-214.6869665,3.8652175,1
1730,48,32,16,1,0,1,1,1,1,1,1,1,1,1,1,243.7186216,272.3406943,183.0249011,3.671423781,8.244606709,10.52414871,243.7729531,274.2363473,182.7953084,6.314482699,8.561732016,5.699666105,1.364755631,-5.789901184,4.425148566,-1.379596297,5.714857749,-4.335264485,243.7128576,272.3331075,183.0182293,3.231163422,5.816978601,9.498324887,243.7668553,274.2384219,182.7957606,6.066825519,6.32662111,3.56926796,0,-100.0248094,139.1671037,-66.26644296,-65.97730726,129.1778113,0.3910898289,-100.1346114,139.1628192,29.2347398,-131.2824755,165.5108234,49.98319673,49.98318911,3366.565972,3356.166985,-30.03777768,-232.6462105,3.9193876,1
1731,48,32,16,1,0,1,1,1,1,0,1,1,1,1,1,245.1935826,270.71224,184.2582453,6.098894144,25.20237643,21.02833421,245.6081626,271.3825969,185.4489269,6.097851495,25.07366793,21.02608908,4.390556354,-23.60481395,19.21428493,-4.392837788,23.5288892,-19.1360465,245.1271039,270.667506,184.1900248,3.321969337,5.207090657,6.207433115,245.5375618,271.3386097,185.3485453,3.316997553,4.950218223,6.456131664,0,-99.17027879,140.1979081,-0.04835600538,-101.6612021,138.0104813,0.04035490367,-99.09655347,140.384096,-0.1035757694,-96.76911445,141.9206087,49.98245509,49.98244973,3512.459052,3505.005969,-29.25197784,-231.3137956,3.9393147,1
1732,48,32,16,1,0,1,1,1,1,1,0,1,1,1,1,232.5058719,428.1817813,247.0968977,21.82561617,25.44826328,30.20682116,237.5758345,429.9879985,250.0885456,23.2070336,22.68214156,29.65249744,-3.347110441,-12.45517816,15.80149446,7.040698354,3.115372458,-10.15656535,152.3872648,331.4353907,204.2099648,5.556178223,6.807340928,3.114993999,155.6223102,334.5475016,207.8100263,8.702598,8.909467896,11.84219139,0,-98.97552975,119.304278,126.754044,-55.1758908,158.846607,0.1925019427,-99.04984285,119.6806528,-30.73731066,-131.1089488,109.5611113,49.95287309,49.9818216,6949.856289,6167.557154,1202.011322,413.2046873,3.8603548,1
1733,48,32,16,1,0,1,1,1,1,1,1,0,1,1,1,244.2380833,272.7887626,181.1834036,7.297854935,9.294248563,12.62688183,245.7856749,273.7568908,180.4451214,10.73945628,4.608078277,10.91418512,6.869601775,1.657095841,-8.526697966,-6.921791974,-1.64939302,8.571175464,244.2295209,272.7910834,181.1837366,1.508397526,9.002252909,9.107671439,245.7532875,273.7574416,180.4215576,7.975019343,3.988184737,6.474123631,0,-101.0523823,138.4070297,-150.889835,-78.51072793,107.8418831,0.4323575278,-101.4062002,138.8213356,5.347849824,-162.2287888,-176.4368271,49.98319825,49.98319993,3365.097999,3354.956715,-28.62636913,-229.0429972,4.0008158,1
1734,48,32,16,1,0,1,1,1,1,1,1,1,0,1,1,240.6824815,273.5366274,187.3252185,27.29975512,60.7511795,62.55022652,246.9948737,271.4132019,183.0934809,31.13560605,57.98951847,62.03554934,-0.9161199062,-40.29116949,41.20715776,0.9434785704,39.81689257,-40.76050533,240.2171699,271.8056854,185.6399994,13.28207189,18.29159862,16.00314983,246.1603064,271.2534399,182.6196968,19.7542515,9.559393408,17.58006723,0,-98.39968402,139.5737538,169.4850091,-77.48453962,64.99799712,1.08350912,-99.53663294,141.3407782,-6.918163722,125.4486675,-158.9036311,49.97723934,49.97735399,4547.386495,4497.04276,204.1803796,-113.3872521,3.9577854,1
1735,48,32,16,1,0,1,1,1,1,1,1,1,1,0,1,239.7893983,275.6737538,183.7554231,4.354776162,17.78339785,19.04609831,240.0222669,278.1196759,183.3050716,8.253866361,18.25703496,16.60933021,-0.2487940898,-12.94297794,13.18358784,0.2297896001,12.64686952,-12.88417489,239.516885,275.4081972,183.2203857,3.768151905,6.066802408,9.430001059,239.8227448,277.8706169,182.7777558,7.948169637,7.91086214,3.760911741,0,-100.1175792,138.0713777,-98.06566501,-50.63572592,126.8162837,0.5991906511,-100.2592769,138.1355496,28.10986544,-136.013242,166.3452619,49.9837217,49.98178341,3294.196096,3637.164473,48.58173921,-263.3818746,3.9690506,1
1736,48,32,16,1,0,1,1,1,1,1,1,1,1,1,0,238.7721506,275.1577589,184.9019652,63.26071356,66.61271637,33.50987262,240.5069435,281.0122531,178.5103102,64.4386167,66.41465875,26.58029813,43.11706374,-43.00157963,-0.1143674746,-43.28629573,43.03576246,0.251720514,238.5683723,274.5931471,184.1806247,12.3039035,18.06341145,23.30397856,238.3350343,279.4697846,178.0910953,16.49385497,16.30017183,12.33170061,0,-99.80397133,138.2229507,-119.5030019,-36.8850519,117.3613379,1.496024945,-100.9103641,137.603285,40.70773586,177.7349346,-83.20723538,49.97722274,49.97605089,4414.041938,4753.484147,88.5372843,56.74233656,3.9724884,1
1737,48,32,16,1,1,0,1,1,1,1,1,1,1,1,1,245.6056572,272.8479853,179.2843453,10.78434295,4.615308262,11.18332855,244.7699931,273.471729,182.0798987,7.549218937,9.191732902,12.4726911,-7.273887286,-1.718796875,8.992705702,7.179297628,1.695895698,-8.875157165,245.5617954,272.8472326,179.2672552,7.679254466,3.912764607,6.300323814,244.7566039,273.4744487,182.0797938,1.047708818,8.867167523,8.506182548,0,-101.8961088,138.1131405,0.940175675,-160.8773195,177.4643696,-0.291235254,-101.4173238,138.0308144,-171.7312747,-79.64660798,109.7433763,49.98322394,49.98320768,3360.61815,3352.921921,-30.33093476,-231.5840106,4.0010449,1
1738,48,32,16,1,1,0,1,1,1,0,1,1,1,1,1,247.1663964,270.706137,181.5928722,27.81482216,55.4105704,58.65704053,242.4034464,273.9488099,188.2141588,23.88259842,57.68297533,58.7845363,-0.7710159248,-38.15137118,38.92174218,0.6958645013,38.31194939,-39.00847392,246.4859524,270.6236486,181.1891181,17.87258264,8.815973165,15.77154962,241.9826112,272.5765408,186.361841,11.32843977,17.40646301,14.68466637,0,-100.5067164,139.725175,-8.007040457,126.6244999,-159.5463066,-0.8743352487,-99.30740139,138.5091832,167.5899555,-78.53990744,68.99779365,49.9787707,49.97788626,4117.430244,4370.111288,51.76489665,-104.009318,3.9062151,1
1739,48,32,16,1,1,0,1,1,1,1,0,1,1,1,1,245.7405008,272.7305978,179.3304864,11.01003524,4.589026536,11.37508951,244.8809167,273.3596495,182.1433916,7.806406752,9.236181712,12.64047859,-7.534186756,-1.655329609,9.189578055,7.436302268,1.62906716,-9.065321949,245.6922394,272.7296433,179.3111236,7.74315905,3.91207968,6.343441857,244.866841,273.3621287,182.1430621,1.106964391,8.926849611,8.539680842,0,-101.8631154,138.1749007,0.8869492644,-161.7847182,177.979,-0.2947035749,-101.3786653,138.0870837,-172.4878696,-79.5456828,109.4210935,49.9832224,49.98319398,3361.585177,3355.165739,-31.5179348,-232.6092914,3.9970405,1
1740,48,32,16,1,1,0,1,1,1,1,1,0,1,1,1,352.9598275,321.288744,277.7655401,18.10422299,12.75484099,19.18550436,353.5962449,323.5290128,279.5071064,17.84807556,13.33788894,17.22747443,-5.361802659,-2.159549931,7.521169052,1.550640058,-4.843075759,3.292408805,296.4570722,225.6157703,208.945801,2.856309157,3.91308481,7.659255657,297.256654,227.2075577,210.59688,5.189158003,5.442069937,6.835908678,0,-85.76428017,160.6145115,-4.616775798,-55.97304914,167.5437062,0.1106304212,-85.76290705,160.6253274,2.464593798,-106.8795933,152.334863,49.95914914,49.97704133,6755.256028,6014.040351,-462.1515471,-712.4112968,3.9881975,1
1741,48,32,16,1,1,0,1,1,1,1,1,1,0,1,1,247.6416368,272.6569364,176.2873054,36.96732848,8.501911633,43.24938912,247.9524001,273.4487005,177.4189418,36.88656699,8.424396652,43.03683763,-34.47707517,-5.452592166,39.92960783,34.38131198,5.384328999,-39.76569207,247.3193517,272.5103225,176.0474164,3.253358737,5.12815593,6.180168149,247.685677,273.3010216,177.0710066,3.463661969,5.090697071,5.926307522,0,-103.5652654,137.226532,-4.553931302,-103.3329199,134.6367105,0.06579026284,-103.4989016,137.3923297,4.145914503,-104.0146251,139.5134995,49.98120583,49.98119828,3762.115277,3756.017854,33.18775067,-166.4941188,3.9525902,1
1742,48,32,16,1,1,0,1,1,1,1,1,1,1,0,1,252.3597636,267.741399,180.2053582,72.21345681,32.40392285,68.92479003,244.9614663,276.53994,177.6629475,71.39561644,37.31498342,65.6154305,-47.53990273,1.739838729,45.80000543,47.22103256,-2.019598165,-45.20150368,249.7061002,267.2842404,178.0744661,18.41199555,14.61662242,20.92960095,243.9512941,275.7617391,177.5039253,17.60638833,23.24148612,10.23377675,0,-101.9926888,139.7270118,-72.37782327,37.58329242,158.3617279,1.071695121,-101.4279323,137.8418925,86.34931628,-125.9692339,1.868350932,49.9756801,49.97566112,4853.522733,4838.442973,273.5941209,-65.39476252,3.995012,1
1743,48,32,16,1,1,0,1,1,1,1,1,1,1,1,0,243.2411569,274.0751706,180.3428749,12.72072588,9.777306944,11.09948661,241.7067612,276.9472678,180.9656439,11.97704665,13.5994733,3.661814771,10.30544298,-8.897342106,-1.408249896,-10.3709873,8.966638234,1.404196557,243.2209178,274.0583033,180.3330773,6.859686033,2.718074789,10.8888038,241.6386476,276.8871314,180.9513792,5.246976161,9.769052593,2.952363163,0,-101.5728824,137.8286269,-45.97122449,-30.39253109,149.9669135,0.2660155315,-101.3797483,137.3232088,69.95156384,-116.8766463,84.18527093,49.98313946,49.98312522,3378.014054,3369.546236,-15.25416582,-219.5798729,3.9864616,1
1744,48,32,16,1,1,1,0,1,1,1,1,1,1,1,1,245.6043286,272.8453569,179.2820983,10.75734558,4.610914049,11.16067925,244.7747996,273.4692436,182.0811658,7.526529325,9.191291099,12.46330562,7.260330172,1.718881154,-8.979237507,-7.166059831,-1.696993901,8.863039354,245.5606564,272.8445883,179.2650758,7.661682469,3.909395348,6.285978063,244.7614352,273.4719435,182.0810553,1.030198687,8.867518683,8.511126956,0,-101.8959046,138.1139514,0.9363870556,-160.8761294,177.4613306,-0.2912019149,-101.4173435,138.0326954,-171.6344052,-79.6678069,109.8345953,49.98321444,49.98321816,3362.109134,3351.25024,-29.25663263,-232.7044693,3.9352978,1
1745,48,32,16,1,1,1,0,1,1,0,1,1,1,1,1,245.7360355,272.7309597,179.3273409,11.02367918,4.583926869,11.38853518,244.8837586,273.3596025,182.1471596,7.842707577,9.241409313,12.67203591,7.570579598,1.647863373,-9.218431593,-7.472389252,-1.622551697,9.094942603,245.6872765,272.7300013,179.3077637,7.72178215,3.90999909,6.321679967,244.8694992,273.3620558,182.1468256,1.085794704,8.933898063,8.553165147,0,-101.8635377,138.1741383,0.8863914018,-161.8851659,178.0335395,-0.2948401515,-101.3787553,138.0881778,-172.3618059,-79.5533171,109.5413607,49.98322159,49.98319247,3361.866781,3355.244478,-30.08507198,-234.1247271,3.9197294,1
1746,48,32,16,1,1,1,0,1,1,1,0,1,1,1,1,247.7263975,270.0852589,181.6840886,32.2077546,60.0904854,64.36044415,241.9741114,273.7511764,188.5514531,28.30135176,62.39480935,64.25337494,1.176093266,41.22996524,-42.40617577,-1.083177634,-41.39943049,42.48249296,246.8468348,269.9876821,181.1425574,20.12401988,9.794347755,17.69000283,241.4587202,272.1536585,186.3903327,13.6086033,18.47063773,15.66265819,0,-100.4383856,139.9554856,-9.522269277,123.8242372,-161.0729536,-0.9759699538,-99.14405312,138.4734262,166.1027826,-78.53008128,62.65585165,49.9770616,49.97687725,4571.464111,4605.47277,78.27079555,-2.109291534,4.031124,1
1747,48,32,16,1,1,1,0,1,1,1,1,0,1,1,1,247.6354707,272.6599317,176.2923595,36.87629543,8.502375274,43.15524527,247.9572076,273.4469555,177.4215589,36.80304354,8.43236927,42.94952809,34.39593568,5.44700003,-39.84300823,-34.30141938,-5.38222692,39.68356684,247.3155485,272.5105034,176.0496612,3.217221069,5.122221036,6.15803244,247.690407,273.301133,177.0753439,3.499773994,5.096729222,5.94994131,0,-103.5640886,137.2268627,-4.604589928,-103.2475177,134.4817624,0.06618484467,-103.4984495,137.3944109,4.102834171,-104.0977211,139.6565107,49.9812154,49.98120942,3761.322312,3753.78015,34.92484195,-168.012463,3.9314634,1
1748,48,32,16,1,1,1,0,1,1,1,1,1,0,1,1,352.6955548,321.2552086,277.2936913,16.05798795,11.73260598,17.99217885,353.1490042,322.881609,278.8243753,15.21108671,11.89025909,15.2307649,5.964668628,2.816833043,-8.783847862,-2.127369834,4.198169266,-2.072416619,295.3899131,225.3044622,207.8234052,3.960538041,3.991608181,7.792764091,296.0618488,226.4752128,209.297108,4.292567461,4.815305075,6.932247458,0,-86.0495331,160.4236793,14.70569238,-68.28061201,173.4178328,0.07016132103,-86.03529186,160.4787289,-13.65261621,-100.9095529,145.3341323,49.96140058,49.97480164,6675.927712,6089.939971,-417.8049234,-749.2856377,3.8946935,1
1749,48,32,16,1,1,1,0,1,1,1,1,1,1,0,1,243.4593792,274.1599713,180.3556585,13.86350612,11.23386968,11.2022883,241.9336423,277.0812507,180.963198,13.17111298,14.63307119,3.58888149,-10.73268585,9.393937402,1.340255591,10.80289156,-9.472574918,-1.328771403,243.4355039,274.1292427,180.337378,6.872715758,2.79944309,10.99785646,241.8416304,276.9828512,180.9295983,5.201220718,9.68544553,2.884149233,0,-101.6249867,137.7998013,-45.47508292,-32.1285175,149.7924367,0.2679617464,-101.4378328,137.2817999,70.30593931,-117.3694664,82.3960896,49.9831304,49.98305808,3387.019496,3380.514888,-31.53938199,-202.5762652,3.9930294,1
1750,48,32,16,1,1,1,0,1,1,1,1,1,1,1,0,251.3571628,268.6881194,180.0240111,65.62266167,28.81102578,62.70551974,244.9712611,276.7496774,178.3904895,64.88686325,33.93786281,59.65690238,43.65411023,-1.537790531,-42.11777178,-43.35499246,1.790293055,41.56302268,249.0931135,268.3092067,178.2055537,16.41857318,13.20303543,18.75924716,244.1374003,276.1178885,178.2488647,15.76139073,21.98689807,8.53181787,0,-102.0222143,139.4434469,-72.38156204,38.56112046,159.6985413,0.9560684959,-101.4584318,137.8023743,83.74418974,-124.3469077,10.70877971,49.97658105,49.97781779,4620.387816,4260.201436,219.0998925,-177.9637464,4.0436604,1
1751,48,32,16,1,1,1,1,0,1,1,1,1,1,1,1,240.8254389,275.6401302,181.0444505,9.701455199,11.42212211,4.342647065,242.8457226,274.6225183,182.5569047,10.55229298,7.363006846,10.60484913,8.510495075,-6.473424585,-2.037095259,-8.444114007,6.388654239,2.055437436,240.7969699,275.6244433,181.0417307,4.310774525,9.096897816,3.434254393,242.8399779,274.6240237,182.5555202,6.079335714,2.776563623,10.26802399,0,-101.2453051,137.2951938,64.26723049,-116.213172,92.83915571,-0.1210036279,-101.2750307,138.0433021,-39.85179594,-44.60194661,150.8150394,49.98316028,49.9831564,3373.044671,3363.475133,-8.440658901,-214.5326327,4.0765445,1
1752,48,32,16,1,1,1,1,0,1,0,1,1,1,1,1,240.8329847,275.6322157,181.0491789,9.688524445,11.40658731,4.350492802,242.8540819,274.6173297,182.5589116,10.54443846,7.342414247,10.60011629,8.500586341,-6.457133411,-2.043442497,-8.434397242,6.372693986,2.061715691,240.8046473,275.6166669,181.0464764,4.304795357,9.091858609,3.438489873,242.8483449,274.6188581,182.5575081,6.081691684,2.768042752,10.26128665,0,-101.2425871,137.2991369,64.31755525,-116.1443196,92.93665233,-0.1203833865,-101.2730333,138.0466925,-39.78701177,-44.76279007,150.8217862,49.98316298,49.98315429,3372.54654,3363.887014,-8.524350162,-214.4836516,3.9805382,1
1753,48,32,16,1,1,1,1,0,1,1,0,1,1,1,1,237.1100128,278.9545162,184.6840446,7.650886016,18.70771597,16.74860407,237.9692056,278.2114323,187.1765753,5.128346482,18.26726839,19.18958679,-0.6605278436,14.31664385,-13.65607622,0.6799163696,-14.59483918,13.91477558,236.49615,278.4595614,183.3370046,6.518187598,7.38803704,3.44971249,237.1635453,277.7419805,185.7359369,3.225072154,5.680914201,9.372923268,0,-100.3304185,136.9460536,28.65442686,-132.1812662,153.7955586,-0.371538405,-100.0958355,137.3002787,-77.63009855,-57.19078464,130.6743688,49.98227781,49.9828017,3547.808475,3453.409743,-4.119370337,-190.2578994,3.9697938,1
1754,48,32,16,1,1,1,1,0,1,1,1,0,1,1,1,243.971623,275.1392039,177.0866417,75.12629311,39.48788446,69.19880365,252.1831776,267.3973195,182.6339514,75.5844905,34.41791521,71.9443539,49.70420584,-2.073891164,-47.63041061,-49.77683385,1.895442632,47.88128756,243.0390918,274.2952089,176.946597,18.1221725,24.26189598,11.10865113,249.7265311,266.9338751,179.792815,18.79238217,15.60394504,21.55742767,0,-102.9156627,136.4651648,84.98816504,-128.1089781,1.022008544,-1.036603475,-103.3533233,138.7597374,-74.35491216,35.99568667,157.9421484,49.97488457,49.97483878,5005.676102,5013.024638,180.3288281,131.6954428,4.0929944,1
1755,48,32,16,1,1,1,1,0,1,1,1,1,0,1,1,241.9492537,276.1444529,179.2227765,12.52433533,14.04938332,3.885728246,244.0564175,274.8135044,180.8338993,13.06886022,10.59351707,11.02717654,11.06273395,-9.626907941,-1.435078852,-10.92777659,9.498980035,1.429591153,241.8262536,275.9905997,179.1386056,4.868293967,9.570720538,3.094425976,244.0057215,274.729412,180.7724185,6.355859218,3.047923168,10.78134232,0,-102.3125091,136.6239867,65.45000763,-119.5668828,82.61847819,-0.1681356953,-102.3361089,137.4449917,-44.34209019,-35.19846083,150.0561507,49.98295824,49.98331858,3406.315398,3340.278155,8.642572193,-223.0731682,4.3469283,1
1756,48,32,16,1,1,1,1,0,1,1,1,1,1,0,1,417.1277885,313.8812804,193.0658251,18.2651946,22.51351625,16.39288864,417.6914815,313.3614939,191.7518139,20.95257428,23.06176583,15.86750842,-3.435906197,8.717611263,-5.280138914,11.18172272,-9.915038815,-1.264797474,289.4010887,280.0558467,128.4590497,6.752291085,6.581946612,6.562232039,288.1438114,279.3837008,127.8940121,5.340749946,5.725060727,4.458400506,0,-127.0761445,127.1993226,-42.27406517,-156.4096122,97.58605657,0.1527236297,-126.8993957,127.5862442,58.08777876,-93.00629476,173.2930356,49.98372806,49.96042976,5382.00279,5800.896254,-344.1939228,-174.075042,3.9436693,1
1757,48,32,16,1,1,1,1,0,1,1,1,1,1,1,0,237.8543019,277.7017216,181.2955624,32.11543734,26.43083932,9.315785997,238.123268,278.4811816,182.4876279,32.01007293,26.43643172,9.289411376,30.20314385,-24.21617925,-5.986926193,-30.13958515,24.16506405,5.974556832,237.7312642,277.5920978,181.179272,3.424824666,5.050064039,6.233219577,238.0083138,278.3665049,182.3531062,3.025113578,5.367644918,6.217528838,0,-101.3650391,136.515949,-3.423865245,-103.9540984,136.4341298,0.0391445141,-101.2725395,136.6681859,3.709939536,-99.12188588,136.192135,49.98202204,49.98200712,3601.151104,3593.826525,51.49825275,-151.9599057,3.954856,1
1758,48,32,16,1,1,1,1,1,0,1,1,1,1,1,1,240.8327868,275.649456,181.0369838,9.736530155,11.45842986,4.348565753,242.8495297,274.6215736,182.5493148,10.56949921,7.393403877,10.60133805,-8.52882767,6.487679024,2.041116129,8.461900345,-6.403745169,-2.058186971,240.804031,275.6335676,181.0342892,4.329407425,9.118986973,3.43899439,242.8437452,274.6230644,182.5479439,6.067283081,2.78190836,10.26361539,0,-101.2513324,137.2910617,64.0373754,-116.2993388,92.86260988,-0.1237427677,-101.2811075,138.0385243,-40.06193016,-44.09784418,150.8287343,49.98316185,49.98315472,3373.486889,3363.182027,-9.238539256,-213.7016227,3.977098,1
1759,48,32,16,1,1,1,1,1,0,0,1,1,1,1,1,242.1091563,274.1133919,182.2984675,6.449530673,11.14332711,8.326142277,242.8721573,273.536261,184.9390965,3.678133011,10.70602981,12.62302185,1.047472318,-8.546996054,7.499519881,-1.042003335,8.622486726,-7.580489881,242.0990444,274.1086429,182.2875634,6.23579488,6.886323745,3.007186616,242.8621018,273.502167,184.8924421,3.289313091,6.053385989,9.888264313,0,-100.4027683,138.3713185,29.43909189,-135.2681741,162.6484176,-0.3310119556,-100.1291988,138.7600205,-69.86102977,-59.98037749,131.0725316,49.98307706,49.98311811,3385.260255,3375.733424,-24.54558551,-227.6144771,4.0297381,1
1760,48,32,16,1,1,1,1,1,0,1,0,1,1,1,1,240.417408,279.2333671,177.7108896,66.74049969,68.91492801,28.1265215,239.1333696,274.8317579,186.7974269,65.28561367,68.79313512,34.67958943,-44.86887003,44.90130176,-0.03226731414,44.52008824,-44.64933352,0.129495017,238.1070722,277.6516888,177.2884285,16.7668808,17.01578114,12.84157913,238.9201251,274.2534953,185.8809915,12.34918491,18.86511151,23.65431162,0,-102.7853073,135.4659879,37.56788605,174.0634038,-84.03016888,-1.438072997,-101.4635567,136.4259953,-123.5617074,-38.93162318,115.4117679,49.97570618,49.97663319,4839.807097,4512.317958,288.5073581,-93.45085755,4.0355743,1
1761,48,32,16,1,1,1,1,1,0,1,1,0,1,1,1,241.7412885,275.9605647,179.2857541,13.00960047,14.47916554,3.883809887,243.8809781,274.751174,180.8716983,13.67481881,11.28247383,10.99824564,-10.90873211,9.444120139,1.4648197,10.77604028,-9.320955709,-1.45483398,241.5915467,275.7625969,179.174781,4.639716976,9.308948599,3.098509007,243.8304866,274.6462279,180.7932659,6.520891742,2.829229483,10.75212641,0,-102.2196152,136.689419,68.64112891,-117.8885166,83.2830685,-0.1350540311,-102.2522519,137.5087514,-41.65097265,-40.85074186,150.070998,49.98322122,49.98299787,3369.265039,3385.962993,2.174185409,-213.8273032,4.1301554,1
1762,48,32,16,1,1,1,1,1,0,1,1,1,0,1,1,244.1083897,275.3847532,177.3939167,72.27845764,38.16357501,66.4570492,251.8394996,267.9091817,182.4585805,72.69555975,32.99451914,69.10458291,-48.06876973,2.078030368,45.99016161,48.14031093,-1.908012955,-46.23272995,243.2549227,274.5974119,177.2541962,17.39516824,23.89420638,10.26163166,249.5486198,267.4656831,179.7950278,17.92721939,15.17057063,20.51625425,0,-102.8811292,136.5023424,83.31882558,-127.474682,4.72819977,-0.9999677306,-103.3214837,138.6817444,-75.03570258,36.52043349,158.6752072,49.97587041,49.97542395,4696.602093,4862.829921,107.6892233,100.6727838,4.0943409,1
1763,48,32,16,1,1,1,1,1,0,1,1,1,1,0,1,237.8442054,277.6932818,181.2881123,32.14162689,26.45561033,9.315888963,238.1187957,278.4884906,182.4785537,32.04468699,26.4721993,9.289715305,-30.23146801,24.24477974,5.986701008,30.16780538,-24.19403767,-5.973767132,237.7200991,277.5833168,181.170711,3.38378301,5.020516826,6.23278654,238.0038749,278.3740892,182.3436693,3.068498877,5.394190902,6.217349826,0,-101.3658907,136.5148202,-3.805087709,-103.544598,136.4314625,0.0431113856,-101.2741618,136.6672702,4.035168542,-99.52968431,136.1927144,49.98201318,49.98200359,3601.864218,3594.871043,52.85503619,-153.005501,4.0922297,1
1764,48,32,16,1,1,1,1,1,0,1,1,1,1,1,0,416.9798776,313.826232,192.4495837,17.63753369,21.83227315,15.65885476,417.2503854,312.5414896,191.0832769,19.83815033,21.12120366,14.29171415,5.866759106,-12.62682459,6.760891689,-13.60564275,13.83878145,-0.2312446307,289.7496146,280.2311284,127.9473729,10.55633752,10.95510629,8.296088145,287.0104939,278.4111973,127.2993468,5.688614453,6.415719557,4.994908611,0,-127.3001485,127.1488646,-31.99541155,-162.1352889,92.92783104,-0.01718010424,-127.0292937,127.3253799,101.5242987,-50.66972417,-165.2634446,49.98021921,49.9641758,5363.663877,5804.236268,-433.8250281,-85.13443327,3.9164936,1
1912,32,32,16,1,1,1,1,1,1,1,1,1,1,1,1,230.8702893,267.7718986,196.0069889,4.230573537,4.920592853,7.053006691,231.4215834,268.620437,197.1007091,4.476160611,5.126458297,6.423979898,-0.00857768372,0.006559036349,0.002027811167,0.008500634682,-0.006624208113,-0.001862208567,230.869183,267.7722209,196.0069105,4.230079364,4.920311096,7.052809676,231.4204739,268.6207655,197.1006267,4.475705647,5.126192039,6.423782603,0,-105.7040795,137.0315495,-6.452504484,-104.031906,134.6914385,0.1126329137,-105.6374976,137.1790206,5.913087075,-107.5166621,139.1621702,49.98164488,49.98165259,3676.016638,3664.253389,47.61764997,-185.959532,4.0221354,1
1913,32,32,16,1,1,1,1,1,1,0,1,1,1,1,1,230.8234766,267.6170428,196.5042295,7.663884687,10.01555047,7.19680596,231.5860669,267.118744,199.2299932,3.904227401,9.773268493,11.76557828,1.732218615,-7.50334072,5.77113356,-1.708596455,7.546862217,-5.838247068,230.8210344,267.6161522,196.5025773,7.317979224,6.504857507,3.942203657,231.5828893,267.1023137,199.2114848,3.182082116,6.072153069,10.06880546,0,-105.3645952,137.2291299,20.6466967,-141.1629439,161.4683458,-0.3150649786,-105.077521,137.536216,-55.26474908,-66.68665873,127.8204266,49.98150607,49.9814975,3704.040813,3694.853009,38.48005439,-193.9754537,4.054296,1
1914,32,32,16,1,1,1,1,1,1,1,0,1,1,1,1,230.8294421,267.6129861,196.4995983,7.661766596,10.01894733,7.170701837,231.5921093,267.1175445,199.2273643,3.90544224,9.749406924,11.74746461,-1.735450308,7.483947402,-5.748455681,1.711996795,-7.527759233,5.815798149,230.827063,267.6120658,196.4979301,7.315168508,6.533029713,3.930750316,231.5889342,267.1009659,199.2088334,3.18209129,6.058270333,10.0618406,0,-105.3670497,137.2292547,20.6403752,-141.1075522,161.0369301,-0.3145815535,-105.0795091,137.5363171,-55.20858442,-66.44864334,127.9964222,49.98148986,49.98151458,3706.464149,3692.283133,38.87388947,-194.4088437,4.0673632,1
1915,32,32,16,1,1,1,1,1,1,1,1,0,1,1,1,231.6329895,267.3794184,195.6907267,6.96775335,9.035852508,12.62901653,233.5052748,268.3340441,195.1551557,11.29198571,4.559797805,11.13485668,6.665808603,1.729925833,-8.395727334,-6.728266739,-1.717535473,8.445809342,231.6284659,267.3786461,195.689975,0.4154945537,8.719262283,9.2472483,233.4779832,268.3314789,195.1319779,8.846333315,3.898839923,7.013023263,0,-105.9676497,137.0243614,-110.0162434,-83.57515432,107.4644375,0.4459001425,-106.3117104,137.4405576,2.56853914,-165.5789964,177.1490058,49.98152775,49.98154603,3698.576215,3686.50581,36.28229899,-196.4840592,4.0407954,1
1916,32,32,16,1,1,1,1,1,1,1,1,1,0,1,1,231.6325741,267.3768676,195.6912743,6.99798312,9.033127804,12.64605052,233.5066382,268.3333213,195.158575,11.31049276,4.560679715,11.16186062,-6.697683735,-1.733788772,8.431474147,6.760163387,1.721119354,-8.481275181,231.6280162,267.3761055,195.6905101,0.4079091511,8.716640437,9.237458351,233.4792666,268.3308733,195.1353819,8.845599591,3.900425539,7.012257658,0,-105.966684,137.0251593,-110.3460305,-83.56572221,107.4934939,0.4460899192,-106.3104359,137.4415637,2.517454414,-165.543275,177.0617528,49.98154101,49.98153129,3696.376647,3688.696555,35.75945563,-195.8571615,4.0396288,1
1917,32,32,16,1,1,1,1,1,1,1,1,1,1,0,1,230.1290256,268.6148052,195.757151,12.08370052,7.821577199,11.61878933,228.8206384,271.3275264,196.539321,10.90962946,12.23685973,4.37814928,-9.118069519,7.063695144,2.054378581,9.156729495,-7.129253239,-2.027461243,230.1275889,268.6115278,195.7555644,7.632481181,2.184552744,11.29070843,228.7937772,271.3003753,196.5350078,5.527943196,9.609751105,3.423684645,0,-105.8821088,136.753355,-39.31905179,-34.82205831,148.7138132,0.293071999,-105.6492486,136.306273,60.79116527,-118.3203338,91.5162776,49.98149928,49.98150089,3705.24638,3694.410213,45.27017016,-185.2697201,4.1656703,1
1918,32,32,16,1,1,1,1,1,1,1,1,1,1,1,0,230.1238874,268.619337,195.7522034,12.096453,7.849573256,11.61665946,228.8178574,271.3379002,196.5386703,10.93363,12.26907719,4.384451538,9.132538676,-7.077997813,-2.054556333,-9.171468564,7.143540774,2.027924586,230.1224521,268.6160363,195.7506279,7.627422554,2.187742383,11.28813808,228.7908035,271.310529,196.5344538,5.539941934,9.628470702,3.430599279,0,-105.8840663,136.7509773,-39.41793439,-34.32687402,148.7457334,0.2935370628,-105.6508748,136.3034465,60.71736477,-118.3529361,91.48583925,49.98149441,49.98150523,3705.718277,3694.100419,45.98935147,-185.9626072,4.0089652,1
1919,32,32,16,0,1,1,1,1,1,1,1,1,1,1,1,230.7804324,266.7873503,197.7693946,3.857164133,8.995336115,11.415357,231.3120528,268.6934467,197.4190545,7.820355788,8.979449185,6.629654132,-1.533405843,6.516675625,-4.983269893,1.553231879,-6.433947208,4.880726473,230.7778039,266.7736836,197.7591607,3.320441659,6.135070466,10.17219307,231.3090979,268.6922698,197.4183275,7.568304225,6.199097305,4.263404551,0,-104.7711094,137.7254792,-60.20006194,-69.04841279,124.8010682,0.48632601,-104.9224856,137.7801857,22.41037669,-140.383461,168.941427,49.98151377,49.98152506,3702.293664,3689.71894,42.38485642,-193.0746402,4.0581575,1
1920,32,32,16,0,1,1,1,1,1,0,1,1,1,1,1,222.5983532,430.4050139,252.51214,14.96026164,23.86773456,26.09167902,227.7995899,432.4284646,256.1141862,17.5796541,21.0477105,25.79706469,2.25463348,17.73770098,-19.99089332,-7.023872517,-8.027857663,15.05309784,146.4158775,326.985744,212.4545279,4.273178027,6.233751017,6.288277612,149.3571065,331.7161187,217.2523525,8.514662759,13.7225165,14.74427446,0,-102.3186788,118.9260533,120.3642953,-13.11730782,-162.789962,0.3927912985,-102.2262856,119.1362624,-25.59335736,-129.3798975,94.14974217,49.9589256,49.97296498,7104.189813,6559.815652,1245.995262,91.45442416,3.9542835,1
1921,32,32,16,0,1,1,1,1,1,1,0,1,1,1,1,231.5814127,265.2988674,199.1420396,7.184205917,25.59896626,21.1828245,232.2543962,265.9358255,200.4221088,7.174762267,25.45426087,21.20442892,-4.973975496,24.00043077,-19.02642691,4.9718786,-23.92449563,18.952643,231.5017405,265.2543801,199.0778636,4.345939742,5.148925971,6.694211733,232.1670465,265.8905087,200.3299779,4.334878095,4.809218604,6.994847942,0,-103.8991806,138.5452832,-0.05571121763,-106.8669947,136.1201454,0.06845677533,-103.825559,138.7337815,-0.1578623097,-100.9436443,140.4874402,49.98076465,49.98076431,3851.249787,3842.186343,56.46163323,-176.3447807,3.9256807,1
1922,32,32,16,0,1,1,1,1,1,1,1,0,1,1,1,227.9407253,267.8136179,201.7930799,27.86810821,62.18053545,64.16288325,235.1083594,265.7503336,197.8668206,32.92524015,59.50050365,63.82324244,0.9164139747,41.34450278,-42.26094377,-0.9549258172,-40.85879742,41.81369426,227.4873084,265.9545224,200.1429794,13.23744183,18.41097456,16.5057632,234.2159694,265.5724775,197.3586338,21.65400784,10.05617792,18.75803036,0,-103.1247912,138.1241565,165.5561174,-80.35401571,61.93629131,1.135422649,-104.3256372,139.8785637,-8.623983854,122.7581581,-162.9968462,49.97513934,49.97567987,4953.089526,4756.670774,292.1872089,-102.6596798,3.9655544,1
1923,32,32,16,0,1,1,1,1,1,1,1,1,0,1,1,231.7449828,267.2296516,195.7938096,7.308908066,9.092288574,12.84963284,233.6459725,268.1794241,195.2350686,11.56599703,4.53168367,11.38171805,-7.016749145,-1.646147731,8.66292077,7.08228342,1.637133796,-8.719385316,231.7400134,267.2287019,195.7927535,0.4329745178,8.795353605,9.292080143,233.6141206,268.1768135,195.2085615,8.919383839,3.904356232,7.060089061,0,-105.9107353,137.0965251,-119.2353596,-83.40190887,107.1599647,0.4508338697,-106.262297,137.5188503,2.468737742,-166.7378022,177.7009436,49.98151189,49.98153762,3701.721919,3688.225609,34.52923458,-196.6832531,3.961711,1
1924,32,32,16,0,1,1,1,1,1,1,1,1,1,0,1,225.7427945,269.9817317,199.1223322,68.49710047,72.69182504,37.23580936,228.4732705,276.7327555,192.184067,70.13088708,72.6038025,30.06820131,-46.76046347,47.12880052,-0.3683624114,46.97902778,-47.1709027,0.1918324226,225.5152702,269.2891571,198.3270889,13.02164892,19.28565859,25.21378904,225.8786564,274.8600951,191.7286423,18.8414085,17.82247809,13.66787823,0,-104.5070458,136.7738417,-120.9405736,-38.65546569,114.1745229,1.771795605,-105.6950473,136.2062708,36.59849363,172.8536583,-87.49903541,49.9742035,49.97353789,5001.640789,5257.479602,210.9976387,112.0755717,4.0626966,1
1925,32,32,16,0,1,1,1,1,1,1,1,1,1,1,0,225.773574,271.3501015,198.8554843,4.885019802,18.09804921,19.12541211,226.2755198,273.7361591,198.3744989,9.190051667,18.21861475,15.97012405,-0.6558314248,13.8336876,-13.17631905,0.6431906901,-13.49800561,12.85632806,225.1247896,270.9689533,197.8406739,3.337488222,6.555879254,10.56032013,225.7757286,273.2733324,197.2789755,8.451769323,7.452573788,3.7440121,0,-104.7403744,136.2550988,-78.81175076,-57.94654655,125.2449489,0.6007804641,-104.9417346,136.2796828,22.86361987,-144.9195047,167.6365463,49.98159629,49.98042886,3584.396408,3992.435313,61.17378898,-156.1715672,3.9784552,1
1926,32,32,16,1,0,1,1,1,1,1,1,1,1,1,1,230.7810519,266.7861461,197.7668302,3.858760863,8.968891852,11.38914599,231.313211,268.6917968,197.420627,7.815735074,8.964091671,6.600461157,1.540851023,-6.490914356,4.95009593,-1.56068712,6.408313931,-4.847589273,230.7783395,266.7725684,197.7566646,3.316851619,6.126029278,10.16144299,231.3102319,268.6906384,197.4199217,7.561157112,6.205618853,4.261433542,0,-104.7721059,137.7247797,-60.06706816,-69.01294271,124.8787614,0.4856404667,-104.9229932,137.779447,22.37549886,-140.3169903,168.7070451,49.98152366,49.98151611,3700.754524,3691.16838,42.19888827,-192.8039005,3.9943451,1
1927,32,32,16,1,0,1,1,1,1,0,1,1,1,1,1,231.5856733,265.2966056,199.1292482,7.183427956,25.54998274,21.13294558,232.2595781,265.9365527,200.4192748,7.174586649,25.41091839,21.16037449,4.974573207,-23.95954824,18.98493929,-4.973475325,23.8812044,-18.90774859,231.506443,265.252959,199.066004,4.345803467,5.135333671,6.68563765,232.1721668,265.8912716,200.3275764,4.335197699,4.822869183,7.001936388,0,-103.9039792,138.5439117,-0.04771632835,-106.8899438,136.2185553,0.06781839379,-103.8287455,138.7323959,-0.1663768527,-100.9445436,140.3862642,49.98076841,49.98076497,3850.347599,3842.107289,57.34395502,-177.3928864,4.0334092,1
1928,32,32,16,1,0,1,1,1,1,1,0,1,1,1,1,218.063026,429.7653301,251.5247725,17.32083974,25.59318034,28.83936475,225.4536653,432.1874614,256.0567361,20.6332558,22.33650973,28.74044013,-4.330485501,-20.62082752,24.95194393,9.007034667,10.983111,-19.98933187,143.5810602,327.5596092,211.7693746,6.760474432,8.363322218,7.483312173,147.6822138,333.363357,217.9347501,11.06046586,16.0712272,17.29091391,0,-102.5899266,118.1570828,130.1294138,-2.577579997,-144.3983497,0.3603667718,-102.5135792,118.4321987,-27.80173204,-133.450157,92.7064659,49.95938325,49.97253105,6940.341831,6704.36771,1423.227144,-94.74127071,3.8631731,1
1929,32,32,16,1,0,1,1,1,1,1,1,0,1,1,1,231.7514226,267.2231654,195.7929108,7.272327366,9.087862792,12.83075208,233.6483141,268.1709193,195.2345112,11.53629076,4.534237709,11.3553013,6.987421631,1.650858151,-8.638286664,-7.053033139,-1.642217576,8.695265926,231.7464524,267.2222668,195.7918369,0.4346305689,8.788893885,9.294106344,233.6166387,268.1683381,195.2081622,8.911219757,3.90292319,7.054485043,0,-105.9106236,137.098866,-117.81553,-83.41515404,107.1941147,0.4498689945,-106.2618284,137.5203318,2.512928582,-166.6435119,177.7046265,49.98152365,49.98152686,3700.142834,3689.474937,34.72767137,-196.8015845,3.9439353,1
1930,32,32,16,1,0,1,1,1,1,1,1,1,0,1,1,227.703488,267.7842539,202.0358879,28.95003252,64.64088587,66.62660764,235.0261753,265.4647045,197.7711228,33.94222389,61.91121782,66.22302252,-0.8724651196,-42.89419674,43.76661781,0.9139480473,42.38823812,-43.3022327,227.1958491,265.7894192,200.2755989,13.62091305,19.03972746,17.01402831,234.0606787,265.28428,197.2290817,22.01351256,10.60431777,19.18198593,0,-102.9896424,138.172128,165.0505894,-80.54726985,61.70746412,1.176151268,-104.2427517,139.9857171,-9.032682998,121.0028273,-162.0520685,49.97477546,49.97484838,5037.745061,5006.247044,311.7978346,-50.66814763,3.972137,1
1931,32,32,16,1,0,1,1,1,1,1,1,1,1,0,1,223.2204365,274.6180748,200.644321,5.830868534,21.69807474,22.72480919,223.7482247,277.1286254,200.314855,10.40097901,21.6397245,20.25392176,-0.1272339828,-16.77129845,16.89752292,0.1600944011,16.28753619,-16.44861269,221.6555245,273.8390731,198.3427734,3.38632196,6.556498324,10.18621668,222.5144563,276.1994431,197.8464788,9.204102733,7.373766113,4.621627578,0,-104.5620516,135.439707,-94.2294119,-59.18425518,119.945493,0.6769274927,-104.7465067,135.5530273,21.61765895,-144.1162836,170.5605216,49.98011344,49.98128328,3762.544257,3902.688377,135.4440675,-210.9939119,3.9317642,1
1932,32,32,16,1,0,1,1,1,1,1,1,1,1,1,0,225.5628922,270.0294244,199.3431472,69.14471461,73.76362611,38.35797711,228.3615664,276.6660645,192.0158228,70.78878605,73.60624051,31.18459234,47.1574844,-47.8531947,0.6964596703,-47.37709214,47.88300921,-0.5051571455,225.3260662,269.2752128,198.4737047,13.17900108,19.82687,25.82359635,225.7133788,274.7569331,191.5418669,19.02095323,18.13803213,14.29983664,0,-104.4308658,136.7836093,-121.3906866,-39.43931447,113.7684919,1.792074926,-105.6816286,136.2176093,36.50597431,171.2333207,-87.29108009,49.97373365,49.97328226,5147.226648,5312.166063,212.3813683,156.2771284,4.1008206,1
1933,32,32,16,1,1,0,1,1,1,1,1,1,1,1,1,233.0013089,267.45955,194.0037575,11.22345603,4.480423084,11.20169304,232.300786,268.0868896,196.7829723,7.029967209,9.024280326,12.20696555,-6.863815988,-1.688660491,8.5525251,6.746515273,1.676385592,-8.42288017,232.9679218,267.456697,193.9861002,8.658062353,3.803441865,6.973556713,232.2935144,268.0866748,196.7823837,0.311152031,8.7131327,8.626761018,0,-106.7774487,136.7986476,-2.239636878,-166.0027843,171.4819559,-0.2420055878,-106.2977656,136.7030385,76.6644133,-84.71985438,109.0125069,49.98156907,49.98154146,3693.020294,3684.89241,32.16967769,-199.6232835,4.2157623,1
1934,32,32,16,1,1,0,1,1,1,0,1,1,1,1,1,235.1272355,264.920646,196.6144623,30.37559362,55.00546772,59.09894896,229.7585417,267.8541263,202.5976341,25.07778926,57.15146838,58.80488472,-0.8997134598,-37.97123223,38.87237255,0.7951290534,38.13435844,-38.92799928,234.4069942,264.8244113,196.1752489,20.44346932,9.023914877,17.19794427,229.3738626,266.4473012,200.914011,11.91211968,17.05505189,14.72838192,0,-105.4184488,138.3110747,-9.864510098,126.5883915,-166.4955991,-0.862425395,-104.1848542,137.0586102,163.2933786,-80.59054444,63.11749516,49.97752971,49.97546653,4326.282183,4841.926099,46.18662831,7.236747741,4.007845,1
1935,32,32,16,1,1,0,1,1,1,1,0,1,1,1,1,233.2694093,267.1603063,194.1421821,11.68837936,4.421189144,11.58986918,232.5259205,267.7959989,196.9758617,7.586055149,9.132472018,12.58659332,-7.458110077,-1.536253105,8.994404121,7.33100559,1.516734452,-8.847712245,233.2269949,267.1570584,194.1193979,8.785083409,3.810490818,7.039691906,232.5170097,267.7952183,196.9744512,0.3108329592,8.858776804,8.732592424,0,-106.6965789,136.9326473,-2.241803626,-168.3010366,172.7679511,-0.2513216814,-106.2027435,136.8273979,98.46549125,-84.42737618,108.3711817,49.98154452,49.98152356,3696.411635,3689.849651,31.30503304,-202.8258961,4.056946,1
1936,32,32,16,1,1,0,1,1,1,1,1,0,1,1,1,333.6377502,303.944169,299.2522255,26.09452417,20.68492466,24.08006642,334.5382477,305.4022028,300.9418174,25.91571884,20.41996979,22.71321883,-4.222738933,-2.848275215,7.071212647,-0.6458935141,-3.746255439,4.392195793,280.6752524,211.6292886,229.940241,4.606299876,4.169415258,8.617109459,281.5975649,212.7061934,231.309328,5.953174391,4.186347972,7.186388986,0,-88.80586247,158.8838773,-5.339247074,-70.80174717,157.7762856,0.1156415152,-88.83107839,158.9609946,3.965892882,-106.9892532,159.700103,49.94918747,49.97961367,7668.401163,6566.252871,-119.7507134,-357.0702913,3.8225392,1
1937,32,32,16,1,1,0,1,1,1,1,1,1,0,1,1,234.9259937,267.5351751,191.3941158,34.18670914,8.304931982,40.41486003,235.5206723,268.309075,192.5687889,34.09019778,8.251402639,40.18134153,-31.77769176,-5.504501744,37.28222831,31.6545973,5.453486543,-37.10804842,234.6608933,267.4051131,191.2097514,4.286104592,5.023753013,6.722223179,235.2798612,268.1811914,192.317489,4.532175755,5.003673286,6.427976569,0,-108.320366,136.1393062,-4.073041173,-108.0660868,133.4445276,0.09844397213,-108.2538684,136.3044486,3.66052739,-108.7904694,138.542085,49.97981438,49.9797921,4043.685881,4036.652386,77.16811825,-154.9663362,3.9388192,1
1938,32,32,16,1,1,0,1,1,1,1,1,1,1,0,1,239.5681303,262.370635,195.0461939,73.03392687,33.13569132,69.75208939,232.43466,271.3056628,192.4051998,72.01141892,38.1124495,66.02568201,-48.11253802,1.931393878,46.18114471,47.68319636,-2.178997251,-45.50420779,236.9517686,261.9185285,192.9218471,19.09652385,15.03297553,21.91589199,231.4576934,270.4642446,192.2853748,18.3471252,23.72855341,10.24640474,0,-106.9603151,138.3265172,-71.56452127,36.58931833,156.0468441,1.244028389,-106.2936481,136.5487941,81.35975141,-128.9686384,0.3344196249,49.9738002,49.97379018,5233.347258,5218.77734,342.5136946,-29.87638857,3.9695074,1
1939,32,32,16,1,1,0,1,1,1,1,1,1,1,1,0,230.606989,268.7404649,194.99181,13.41815502,9.590128942,11.87825019,229.1952829,271.6143712,195.7044277,12.371618,13.66618657,4.065082466,10.47817304,-8.826843829,-1.651355833,-10.54851741,8.90135714,1.647140804,230.5955326,268.7263358,194.986356,7.900395397,2.302291788,11.62882339,229.1381145,271.5570276,195.6960453,5.844563142,9.933898024,3.257128492,0,-106.3226967,136.5521326,-41.22462547,-27.00986976,148.708818,0.3163305302,-106.0832796,136.0606381,62.75179582,-119.5029565,85.22360399,49.9814671,49.98148637,3710.683873,3698.568808,43.76541991,-185.9141889,3.9560627,1
1940,32,32,16,1,1,1,0,1,1,1,1,1,1,1,1,232.9869348,267.4623449,194.0027224,11.17352882,4.481721106,11.15668428,232.2965433,268.087544,196.7873027,6.980661101,9.019749279,12.18651361,6.833071784,1.694681533,-8.527762512,-6.716445703,-1.68259478,8.399030359,232.9541329,267.4594708,193.9853864,8.634837043,3.805750163,6.949498442,232.2894037,268.0873334,196.7866998,0.3120111298,8.708747774,8.635436871,0,-106.7757246,136.7973148,-2.210040251,-165.9386353,171.4580844,-0.2422872437,-106.2964638,136.703746,72.3908273,-84.70764682,109.1618278,49.98154792,49.98156379,3694.86777,3682.619327,33.42831764,-200.9472056,4.0015465,1
1941,32,32,16,1,1,1,0,1,1,0,1,1,1,1,1,233.2789142,267.1530045,194.1431108,11.69621382,4.416651774,11.59978686,232.5331557,267.7905607,196.977469,7.604385255,9.136888917,12.59132582,7.4741711,1.530946053,-9.005104983,-7.34682336,-1.511675735,8.858514602,233.2363159,267.1497794,194.1202277,8.779688229,3.807879272,7.036443013,232.5241945,267.7897782,196.9760296,0.3264244033,8.864384207,8.7238326,0,-106.6960663,136.935895,-2.351701116,-168.3845343,172.678204,-0.251202819,-106.2017688,136.8300929,96.93029058,-84.4390051,108.4258869,49.98154661,49.98152119,3696.334646,3690.046825,32.16803002,-203.7290506,3.9633789,1
1942,32,32,16,1,1,1,0,1,1,1,0,1,1,1,1,235.2487076,264.0585851,196.5166343,34.61355279,63.1517195,67.69440237,229.0839501,267.8146862,203.521614,29.46610194,65.4126038,67.42092892,1.120837116,43.174243,-44.29516387,-0.9941341915,-43.36048458,44.35454474,234.294666,263.9488397,195.9267446,22.28127348,10.81440943,19.13866969,228.5383638,265.9957333,201.3700704,13.82103301,19.15427605,16.54496604,0,-105.2924847,138.5354577,-11.559035,119.7800385,-164.228415,-0.9989214058,-103.8835935,137.0305711,161.5365547,-81.53238304,59.77848354,49.97470775,49.97457434,5045.603135,5064.59948,165.8007595,64.69777727,4.0046832,1
1943,32,32,16,1,1,1,0,1,1,1,1,0,1,1,1,234.9433793,267.5235399,191.3830938,34.28291481,8.303750513,40.50708056,235.546415,268.2973778,192.5649172,34.19278539,8.252732584,40.28167895,31.86411899,5.501752274,-37.36589484,-31.74124595,-5.452989631,37.1941969,234.6762338,267.3928728,191.1970143,4.25975806,5.021347525,6.69611689,235.3039275,268.1694845,192.3127096,4.558130372,5.005610817,6.454298343,0,-108.3252883,136.1413868,-3.990733938,-108.0825303,133.3432322,0.09798136605,-108.2587323,136.3078029,3.539014158,-108.7835003,138.6313312,49.97980278,49.97979228,4045.710126,4035.019121,78.54765747,-156.3434726,3.946794,1
1944,32,32,16,1,1,1,0,1,1,1,1,1,0,1,1,333.8303226,306.239492,299.2333187,18.6534295,12.60838762,20.11110393,334.7535472,308.3626162,301.0028123,17.86051783,13.48450831,17.47491285,7.893083719,1.962947288,-9.859624999,-2.934184881,4.756950808,-1.825734544,279.1932038,212.4984281,227.2736542,4.229130315,3.300577893,7.879746953,280.4470123,213.9706066,229.2311355,6.386964503,5.398534046,8.287781426,0,-89.93441624,158.2392612,11.49082345,-59.60180709,173.2447701,0.1473751356,-89.89868569,158.3120789,-7.69004246,-108.072097,143.5956371,49.95941685,49.96987409,7365.385145,6791.695151,-37.07015228,-498.6278549,3.8198703,1
1945,32,32,16,1,1,1,0,1,1,1,1,1,1,0,1,230.7346432,268.8526422,194.9271871,14.02814317,10.49289091,11.93707773,229.3398823,271.7635433,195.625454,13.04380815,14.30022823,4.012661042,-10.72946555,9.130069132,1.600162853,10.80685966,-9.211265098,-1.594821836,230.71902,268.8244787,194.914837,7.89156662,2.372067103,11.69434226,229.2635041,271.6752719,195.6031108,5.835440752,9.907220235,3.213055545,0,-106.4004495,136.5044328,-41.15489524,-27.90801971,148.5933436,0.3195451536,-106.1664021,136.0063607,62.65079779,-119.9873401,84.16188878,49.98147695,49.98143292,3710.793502,3709.19072,34.80343899,-177.4467015,3.8843237,1
1946,32,32,16,1,1,1,0,1,1,1,1,1,1,1,0,239.1263417,262.8525864,194.9563469,69.95177198,31.60149002,66.72728393,232.5045146,271.5045467,192.7794047,69.00561187,36.69246326,63.13969238,46.36205635,-1.940304672,-44.42246587,-45.94659264,2.174221208,43.77170154,236.6934054,262.4352969,192.9775614,18.16103195,14.5536225,20.81270624,231.6062932,270.7357944,192.6639814,17.59741646,23.31424492,9.365057691,0,-106.9716263,138.1974686,-72.09478138,37.11141683,156.6636875,1.198958244,-106.3057344,136.5304716,79.49804368,-128.3500732,4.492694216,49.97439982,49.97480516,5085.018473,4899.531543,313.5899781,-101.5268176,4.1294136,1
1947,32,32,16,1,1,1,1,0,1,1,1,1,1,1,1,228.1722938,270.5175922,195.3391055,10.88592084,12.10276218,4.687583305,230.5172787,269.385192,196.9823037,11.83120954,8.007336368,11.42080548,9.357856928,-7.151256767,-2.206599045,-9.259904333,7.049181212,2.210730221,228.1423943,270.4897276,195.3347192,5.097449033,9.33431961,3.67787994,230.5154131,269.3823587,196.9805085,7.023739497,2.531426287,11.04984758,0,-106.1148917,135.8956042,54.80624364,-120.5125668,92.24855772,-0.1253110345,-106.1719536,136.6375084,-36.58146232,-41.38114665,149.1480447,49.98150134,49.98149991,3704.434726,3695.049727,54.15545951,-182.746094,4.0247811,1
1948,32,32,16,1,1,1,1,0,1,0,1,1,1,1,1,228.5936789,273.5402426,193.3933025,53.10069637,53.09994032,16.06677657,228.5229972,269.2089081,199.4490397,51.42599137,52.2347928,23.72950201,36.13096805,-34.40281673,-1.729382808,-35.75651249,34.13251943,1.622750657,227.1816087,272.3946446,193.1947139,14.15920554,14.2780393,5.848427914,228.4235514,268.9454947,199.1284484,8.836751112,13.14508059,18.26482507,0,-107.0941733,134.8644665,35.64634065,-169.4865207,-84.16421946,-1.124279202,-106.322687,135.6884341,-109.6162717,-32.70284734,123.3197485,49.97519223,49.98048419,4783.289764,3740.398038,145.839881,-148.7543775,3.9047571,1
1949,32,32,16,1,1,1,1,0,1,1,0,1,1,1,1,225.1049728,273.20765,199.1895432,8.704732242,16.19115059,14.58678642,225.9891876,272.6634408,202.0561837,4.900302894,15.73272661,17.34692229,-1.034867052,12.60771729,-11.57451227,1.049791033,-12.87997693,11.82783653,224.3971272,272.7907968,197.9869792,7.840997718,7.407969305,4.287562884,225.0605311,272.0985399,200.5209651,3.127341037,5.614761812,9.620950883,0,-104.7536068,135.8911216,21.55077687,-137.3210685,153.113832,-0.3801164332,-104.5049315,136.1740363,-68.87441081,-59.6928477,128.1173182,49.98072108,49.98133296,3875.386105,3735.579666,60.51528185,-156.6047547,3.9567394,1
1950,32,32,16,1,1,1,1,0,1,1,1,0,1,1,1,231.2970588,270.3777286,191.5908413,75.70156481,40.257571,69.51018407,239.7512718,262.5134365,197.2549653,76.18242904,35.13861517,72.56342833,50.23156114,-2.341725779,-47.88983126,-50.30142537,2.157106989,48.14432215,230.3511399,269.4104356,191.4633091,18.71518662,24.61995854,10.99049253,237.1983203,261.9980632,194.5737408,19.22646914,15.89792528,22.40914201,0,-107.8886841,135.1621605,79.60620857,-131.369652,-0.6119936529,-1.14840111,-108.4184085,137.325787,-73.8409552,34.36133159,155.4341424,49.97301198,49.97300798,5393.419196,5377.98343,237.5698861,157.5980489,3.9710347,1
1951,32,32,16,1,1,1,1,0,1,1,1,1,0,1,1,228.8496411,270.9588208,194.1176112,12.81637449,13.99415261,4.248063853,231.3092784,269.6068322,195.8507174,13.57920534,10.28809517,11.7544399,11.16891578,-9.460753609,-1.707771398,-11.01281907,9.328094272,1.685106272,228.7673525,270.8626065,194.0917746,5.47857131,9.717089211,3.415505245,231.2866864,269.5685846,195.8336248,7.309885304,2.693792387,11.49048967,0,-106.8369419,135.4914241,57.39182386,-122.4343819,84.5431602,-0.1593164946,-106.8975333,136.2893712,-39.36724262,-33.53714319,148.8328588,49.98143456,49.98151227,3719.096333,3692.123812,59.79260163,-190.9129061,3.9205025,1
1952,32,32,16,1,1,1,1,0,1,1,1,1,1,0,1,384.4079088,317.3220149,211.0522052,21.43041682,22.46163243,15.76818668,385.7903502,320.8690249,216.7288344,18.52052281,23.62938001,18.06909796,14.81478883,-15.31100662,0.4962750858,-5.138972308,13.26294058,-8.123798511,268.958183,280.9644675,143.2789553,4.505680434,4.348356091,5.507398137,272.5106214,284.8456709,146.8016775,10.7169329,11.7208596,9.704220781,0,-132.5263333,126.3701523,85.03310718,-38.35609642,-162.0488985,0.1262915009,-132.3401832,126.3267446,-24.80199197,-154.2599796,93.60187463,49.96636109,49.96979003,6058.135451,6727.593584,129.2548294,-811.6202543,3.8756198,1
1953,32,32,16,1,1,1,1,0,1,1,1,1,1,1,0,225.1903265,272.8736518,195.32277,35.64024498,29.32068567,10.04811794,225.6837807,273.6060079,196.6050677,35.46870877,29.30070619,9.998196714,33.28312766,-26.83588474,-6.447193195,-33.17952545,26.76436563,6.415213692,225.0240402,272.7278867,195.1955284,4.493172682,4.957810214,6.720857037,225.5163641,273.4646669,196.4619929,3.956581216,5.285568836,6.69321246,0,-106.1835103,135.0963409,-3.17080057,-109.7582476,135.0796205,0.06506318487,-106.0851701,135.2471421,3.364267576,-103.020122,134.706219,49.98013693,49.98015086,3977.019083,3966.627064,122.5058048,-110.8543761,3.8747551,1
1954,32,32,16,1,1,1,1,1,0,1,1,1,1,1,1,228.1853976,270.5282518,195.3311274,10.93284225,12.15570946,4.691214748,230.5237498,269.3821815,196.9755354,11.84946964,8.055213987,11.42077635,-9.377755043,7.170611523,2.207122411,9.279616007,-7.06865054,-2.21098793,228.1550684,270.5000237,195.3266761,5.126131095,9.365625891,3.681519666,230.5218945,269.3793427,196.9737291,7.003441837,2.548498195,11.04956744,0,-106.1221833,135.8921215,54.56568128,-120.6608924,92.20394588,-0.1287846846,-106.1786636,136.6337333,-36.81901576,-40.60498755,149.1682297,49.98150361,49.9814979,3704.361535,3695.38373,53.17376379,-181.8108374,3.8856155,1
1955,32,32,16,1,1,1,1,1,0,0,1,1,1,1,1,227.9570515,269.7830269,197.1783512,8.103517798,12.40499873,10.12011277,228.6997684,269.1692904,200.2160373,3.790892954,12.35390532,14.27156284,1.095767496,-9.908064519,8.812360151,-1.101814825,10.03777303,-8.935818173,227.8690493,269.7323441,197.0227893,7.849674536,6.854345259,3.706819709,228.5844591,269.0539057,199.9647282,3.204366319,6.557344671,10.58291937,0,-105.0923292,136.6266692,21.74942147,-145.2296545,167.9491366,-0.3837687804,-104.7636559,136.9479202,-66.84982828,-62.82882796,125.9969499,49.98136831,49.98139586,3717.605344,3729.107199,50.41198789,-180.7833098,3.9493757,1
1956,32,32,16,1,1,1,1,1,0,1,0,1,1,1,1,227.8087681,275.0010363,191.3638245,71.93061883,74.89728972,32.12016742,226.0973201,269.7902554,201.3613503,69.85498452,74.65219581,38.85761254,-48.17024859,48.95511254,-0.7847581464,47.67083115,-48.65160164,0.9808612151,225.2159845,273.0272098,190.9147018,19.06812064,18.60400833,14.44170948,225.8804256,269.03307,200.3562173,12.92380049,20.31690822,25.78027109,0,-107.7981945,133.9691269,33.14804515,168.0017157,-88.77456638,-1.645590843,-106.3579797,134.8573459,-125.4764605,-41.84845693,111.7623609,49.9732397,49.97330983,5343.275572,5234.045178,399.6543189,-9.959928009,3.9483502,1
1957,32,32,16,1,1,1,1,1,0,1,1,0,1,1,1,228.8139928,270.8843096,194.0835994,12.75750819,13.92558397,4.282771272,231.2906842,269.5895618,195.7962446,13.59779554,10.25737663,11.73099253,-11.08629768,9.35630774,1.730109117,10.92909316,-9.224855349,-1.704113485,228.7248043,270.771649,194.0455654,5.38256396,9.612962736,3.422291641,231.2659924,269.5406882,195.7709576,7.383112007,2.57925094,11.45582671,0,-106.8316204,135.5029324,58.30878328,-121.7261446,85.08302974,-0.1440296809,-106.8965509,136.299365,-38.54547377,-35.8571991,148.8091861,49.98152256,49.9814222,3702.894814,3707.967102,56.57545929,-187.6607635,3.990661,1
1958,32,32,16,1,1,1,1,1,0,1,1,1,0,1,1,231.4449475,270.6317875,191.9907607,72.16263855,38.52483343,66.15288802,239.3280904,263.1181496,197.0793201,72.58454652,33.28503503,69.07913627,-48.1589159,2.277529732,45.88082836,48.22840442,-2.104793357,-46.12405887,230.5859093,269.76388,191.8685839,17.85228362,24.13372555,9.96855906,236.970617,262.6463858,194.6075047,18.16099409,15.33618553,21.13667226,0,-107.8224873,135.2103538,77.56985923,-130.5668757,4.099125237,-1.09536176,-108.3523906,137.2447584,-74.38846264,35.06030302,156.279434,49.97431553,49.97370111,4970.909242,5209.537692,146.8934203,119.4218771,3.9384441,1
1959,32,32,16,1,1,1,1,1,0,1,1,1,1,0,1,225.1769612,272.8557521,195.3180347,35.66520618,29.34504096,10.04723196,225.6888122,273.6172164,196.5972849,35.51177239,29.33775802,9.997162726,-33.31645278,26.86876047,6.447709931,33.21236309,-26.79986526,-6.412485873,225.0096475,272.709279,195.1898498,4.416856847,4.91790694,6.720981155,225.5215433,273.4745129,196.4548168,4.034245293,5.317842437,6.692669186,0,-106.1798596,135.0990668,-3.415979088,-108.9628075,135.0854138,0.07164960218,-106.0840835,135.2502599,3.512953658,-103.7951083,134.7061215,49.98015541,49.98012527,3974.636136,3968.970747,123.2337472,-111.6882408,3.879895,1
1960,32,32,16,1,1,1,1,1,0,1,1,1,1,1,0,383.7425635,317.050984,210.3262274,23.21766182,25.96402347,19.70288443,385.2201346,319.2436351,214.3764673,23.27684816,27.10563694,21.37152845,-6.549918643,5.33994929,1.204195475,-3.01211932,-3.322538206,6.328253684,271.4225669,281.2101172,142.6279314,3.21210968,1.819147744,3.45475711,272.8796522,283.1718167,145.2933106,7.007552925,8.739422365,7.394008733,0,-132.9792367,126.7427636,6.93979724,-135.8415746,163.8812463,0.1025918865,-132.6500225,126.7941379,-3.305746973,-132.3874504,110.0887823,49.98490027,49.95057887,5181.680955,7670.545435,12.55547395,-664.6664882,3.8404875,1
2108,32,32,24,1,1,1,1,1,1,1,1,1,1,1,1,227.9326119,243.8645412,217.3892165,4.215525651,4.537984581,5.329383183,228.5290452,244.5680097,218.1839864,4.34502933,4.60695904,5.090604532,-0.002100345442,0.00269981898,-0.0005919703733,0.001995224762,-0.003179862904,0.001190205625,227.9264862,243.8673521,217.391658,4.215185404,4.537808206,5.329241631,228.5229011,244.5708447,218.1864066,4.34468905,4.606795183,5.090439764,0,-114.8027116,126.2951183,-3.442772606,-115.2319218,124.2321221,0.09207620489,-114.729302,126.396335,3.142547411,-114.5884132,128.1702873,49.98386636,49.98387605,3230.560787,3220.744931,96.43614517,-101.0166627,3.8843054,1
2109,32,32,24,1,1,1,1,1,1,0,1,1,1,1,1,227.8134146,243.5522079,217.9709805,7.622768228,9.892342575,6.129679008,228.5964464,242.8106711,220.2233105,3.869035157,9.044016822,10.58036311,1.616167863,-7.226113835,5.60995728,-1.597793708,7.261659049,-5.663850801,227.8063273,243.5541528,217.9715018,7.315233962,6.638673521,1.985839654,228.5883713,242.7983822,220.2093219,3.22888704,5.243611861,8.814540268,0,-114.5114874,126.4829338,21.51803278,-149.1642806,157.3643335,-0.3286331407,-114.2519684,126.7939187,-57.32701778,-68.64868648,119.794109,49.98375482,49.98375619,3253.001374,3244.661904,88.80848472,-107.5504342,3.9223762,1
2110,32,32,24,1,1,1,1,1,1,1,0,1,1,1,1,227.8188335,243.5469869,217.9726493,7.623566613,9.89485681,6.133289836,228.6004162,242.8061552,220.2234874,3.86512197,9.046284401,10.57820282,-1.615244011,7.230790431,-5.615535426,1.596611938,-7.267445885,5.670845208,227.8117625,243.5489511,217.9731447,7.316608728,6.638601809,1.989856985,228.5923369,242.7938174,220.2095397,3.225681065,5.242544142,8.810281601,0,-114.5108378,126.4853435,21.49378237,-149.1553223,157.3126161,-0.3284808354,-114.2514287,126.7958823,-57.33751808,-68.64914834,119.7901153,49.98375216,49.9837577,3253.063814,3244.692711,88.61547903,-107.325429,3.9199675,1
2111,32,32,24,1,1,1,1,1,1,1,1,0,1,1,1,228.6297106,243.6308724,217.0097817,6.225777832,8.218675394,10.89809787,230.5869235,244.4872673,216.2494483,10.43909416,4.133170318,9.609750152,6.005158771,1.614195163,-7.619349238,-6.058035673,-1.60007854,7.658118938,228.6212144,243.6325283,217.0114752,0.4088443517,7.92398384,7.651128508,230.5614505,244.4875141,216.2343977,8.350411231,3.515606319,5.6163618,0,-115.0150459,126.3444974,53.91952781,-92.91297943,94.19795827,0.3646202252,-115.3557434,126.6456176,-2.251549569,-174.1979117,172.4926227,49.98376239,49.98376925,3251.15913,3242.204383,88.14987522,-108.2857747,3.9297008,1
2112,32,32,24,1,1,1,1,1,1,1,1,1,0,1,1,228.6269465,243.6319145,217.0127847,6.243418607,8.221631138,10.9080848,230.5835148,244.484965,216.2523178,10.44245881,4.128467105,9.619002396,-6.025322058,-1.610497624,7.635833912,6.078322771,1.595458773,-7.67377196,228.6184147,243.6335706,217.0144718,0.4184665651,7.927977341,7.650106222,230.5578987,244.4852906,216.2371355,8.341531723,3.512063764,5.610706564,0,-115.0138569,126.3443326,53.35279037,-92.93345972,94.24337755,0.3636061211,-115.3549877,126.6451693,-2.290898526,-174.2539874,172.4684953,49.9837715,49.98375954,3250.298192,3243.166898,87.51907387,-107.6286173,3.92601,1
2113,32,32,24,1,1,1,1,1,1,1,1,1,1,0,1,227.4226571,244.5826523,217.1847242,10.57114253,6.484052952,9.137834213,226.3993702,246.8234379,217.9811386,9.47528766,10.73692187,4.044554623,-7.825687989,6.096895599,1.728800758,7.85985706,-6.151170722,-1.708677644,227.416169,244.5828548,217.1859131,6.945245434,1.340654675,8.840178557,226.3755738,246.8069404,217.9808049,5.073503613,8.623394303,3.325340375,0,-114.9238412,126.0191343,-36.68913404,-53.64893896,143.306334,0.2674877533,-114.6433796,125.6444741,54.6507832,-122.7691169,72.357266,49.98375066,49.983757,3253.780658,3244.423113,91.39248652,-104.6577172,3.9852389,1
2114,32,32,24,1,1,1,1,1,1,1,1,1,1,1,0,227.4213715,244.5803974,217.1871552,10.5897144,6.53464642,9.147442761,226.4020289,246.8328802,217.9761008,9.519625412,10.77925011,4.03176634,7.855806958,-6.137718225,-1.718086835,-7.890330939,6.191242071,1.699088244,227.4148849,244.5805726,217.1883441,6.930927988,1.360873757,8.852484446,226.3779829,246.8161369,217.9758398,5.097536065,8.640578967,3.316275308,0,-114.9225077,126.0201297,-36.88947273,-52.5573572,143.2723919,0.2707669857,-114.6432951,125.6449209,54.48454268,-122.952849,72.1874902,49.98375153,49.98375497,3253.035177,3245.359809,91.43978368,-104.6695808,3.9942332,1
2115,32,32,24,0,1,1,1,1,1,1,1,1,1,1,1,227.8744246,242.3760792,219.2516203,3.844103402,8.524830499,10.26580282,228.3914033,244.3578376,218.6696513,7.691213318,9.169950863,5.740962796,-1.521913808,6.681773506,-5.159846513,1.533315336,-6.607977976,5.074671885,227.8668804,242.3657874,219.2420545,3.286551169,5.2004121,8.780975595,228.3841534,244.3597472,218.6707841,7.427785915,6.280900187,2.362099397,0,-113.9348588,127.0448217,-59.42767223,-72.19861459,117.0412814,0.481505564,-114.0522513,126.9739207,22.4235099,-147.630994,165.9788367,49.98376803,49.98376596,3250.874667,3242.245255,90.84552332,-107.9261978,4.2247352,1
2116,32,32,24,0,1,1,1,1,1,0,1,1,1,1,1,235.7811662,390.4591868,282.0711824,12.1308188,20.67696486,21.94425511,240.3876814,392.2867565,285.0325856,14.81409973,18.03884171,21.87128992,1.385233735,16.15115159,-17.53589405,-6.444416672,-7.205933947,13.65078888,157.9736175,292.6113194,240.4181766,3.611686836,5.612848475,5.5084286,160.6489315,296.9912513,244.6763342,7.691767148,12.69840029,12.71180714,0,-109.7461337,108.8315457,104.4489417,-15.87500402,-162.3389153,0.2082246884,-109.626507,108.9819148,-27.03765138,-135.9474482,83.10876186,49.9656672,49.97472349,6108.340829,5848.316869,793.3970018,-245.9622626,4.3560956,1
2117,32,32,24,0,1,1,1,1,1,1,0,1,1,1,1,228.6279867,240.2633645,220.9011197,7.084767416,28.07294464,23.26214255,229.2915279,240.8426479,221.7756918,7.071257123,27.94647925,23.2433769,-4.837129511,26.34953762,-21.51240662,4.828706836,-26.2703637,21.44165606,228.5448979,240.1930476,220.8119593,4.289480974,4.645718563,5.173386714,229.2030627,240.7700991,221.6725005,4.280485692,4.36924841,5.412990119,0,-113.1039593,128.0136044,-0.01723607138,-115.7913944,125.5172318,0.06785975818,-113.0319869,128.1378838,-0.196814816,-110.4685339,130.144189,49.98289137,49.98286671,3427.030757,3421.079451,111.9700677,-84.26250814,4.7915895,1
2118,32,32,24,0,1,1,1,1,1,1,1,0,1,1,1,224.5843126,243.0879183,223.5047054,27.19939919,60.92376551,63.16342871,231.8741077,241.3108708,218.9823891,31.97724864,58.61763715,62.7091196,0.8451783879,40.69882392,-41.5440082,-0.9250204955,-40.26750001,41.19252463,224.1952275,241.311724,221.8623378,12.80340133,17.32826197,15.96140369,231.1178281,241.1817401,218.4740905,20.84731026,9.975242823,17.0583048,0,-112.3368015,127.3457937,156.7801971,-87.18888262,50.36672551,0.9364635804,-113.6194006,128.7525817,-13.88424983,116.0016102,-166.6909502,49.9776326,49.97818923,4450.438594,4261.63841,333.6582529,-20.49295523,4.837654,1
2119,32,32,24,0,1,1,1,1,1,1,1,1,0,1,1,228.8228958,243.2958914,217.2038829,7.12468922,8.338777889,11.46625721,230.8636961,244.1335463,216.413084,11.12840618,4.05686727,10.29530795,-6.82791686,-1.433540344,8.261484941,6.887269846,1.424602867,-8.311839226,228.8136579,243.2972497,217.2044915,0.4383164616,8.085869328,7.706778419,230.8293579,244.1337088,216.3907612,8.509427784,3.508830343,5.75550981,0,-114.9221646,126.4942632,77.61467842,-92.68305554,93.25953741,0.3691212292,-115.2798616,126.8101108,-2.864878677,-176.9504131,173.4105845,49.98374527,49.98374294,3253.308188,3249.514701,86.04321849,-107.8783725,5.470539,1
2120,32,32,24,0,1,1,1,1,1,1,1,1,1,0,1,224.7369814,244.8768197,219.7479575,55.49633051,57.54058656,27.00930876,226.9446509,251.0170284,214.992601,57.0871101,57.91583494,21.03433893,-38.34503141,37.64589481,0.699186364,38.51426206,-37.72136948,-0.7928408119,224.6172195,244.5137949,219.3116239,9.671435459,14.25263061,18.97994449,225.2730036,249.5990574,214.7052654,15.68270254,14.59987129,9.291792923,0,-113.8781978,126.0773631,-119.8486677,-40.80272309,110.6792716,1.423202636,-114.7000819,125.4764287,32.54786439,176.49885,-86.13804813,49.98048652,49.97772774,3717.32105,4378.980186,160.9281935,41.7371274,4.5792319,1
2121,32,32,24,0,1,1,1,1,1,1,1,1,1,1,0,226.4081277,243.2185752,219.9354275,3.691261217,11.28596299,12.87815922,226.9770385,245.3141453,219.1437843,8.0661785,11.71604522,9.182266498,-1.04890586,8.919067575,-7.870104169,1.045220464,-8.78441879,7.739256107,226.380425,243.1589093,219.8547129,3.270124831,5.553777964,9.16014651,226.954771,245.3017266,219.1127924,7.885740098,6.585490302,2.263216193,0,-113.6467643,126.7750044,-68.31888878,-68.17000046,115.9310535,0.5345799913,-113.7987906,126.6936504,22.71562236,-150.870304,174.7443479,49.9837359,49.98361594,3264.079356,3265.142462,93.0100739,-105.9380368,3.970047,1
2122,32,32,24,1,0,1,1,1,1,1,1,1,1,1,1,227.8748501,242.3736808,219.2569397,3.843369553,8.540967559,10.2817856,228.3915234,244.3556544,218.6691425,7.690107994,9.187646019,5.752022126,1.523407668,-6.692915847,5.169527172,-1.534743423,6.617424721,-5.082655243,227.8672318,242.363128,219.2471843,3.286380966,5.206274373,8.788402369,228.3842821,244.3575412,218.6702561,7.427004114,6.290531465,2.348889929,0,-113.9328425,127.04631,-59.41311758,-72.06980175,117.1159207,0.4819891234,-114.0513775,126.9749532,22.42145111,-147.7078217,165.9342418,49.98377013,49.98376305,3250.337791,3242.892209,90.29278961,-107.2957183,3.9918555,1
2123,32,32,24,1,0,1,1,1,1,0,1,1,1,1,1,228.6323684,240.2645533,220.8933993,7.084070719,28.0148586,23.20253571,229.2960249,240.8461049,221.7707665,7.071590819,27.88695174,23.1857283,4.837794909,-26.29585782,21.45807413,-4.829378121,26.21663377,-21.38724099,228.5489352,240.1946666,220.8048239,4.288586855,4.652417963,5.171723919,229.2077468,240.7734954,221.6672633,4.281548765,4.362888991,5.414846071,0,-113.1073464,128.0121167,0.01837890434,-115.8222273,125.4474689,0.06834183992,-113.0347827,128.1367399,-0.2320000289,-110.4342331,130.2064746,49.98289481,49.98287137,3425.939543,3421.389856,112.1392975,-84.55484547,3.9291833,1
2124,32,32,24,1,0,1,1,1,1,1,0,1,1,1,1,235.2405377,390.4685829,282.0728737,17.37428549,22.51817632,25.03869257,239.2910662,391.7241575,284.3767326,18.57373308,19.82077327,24.84507568,-0.7184177152,-10.99682134,11.71477154,5.746425729,2.111239522,-7.858103574,157.6506904,294.3152129,241.0037361,3.884454947,5.682150475,2.926773837,160.18345,296.6609681,243.660821,7.057803823,7.144287268,9.178623577,0,-110.0229195,108.3449806,89.27294488,-75.60168393,139.0895076,-0.004477813217,-110.0632223,108.5681905,-33.46011921,-136.9492511,98.87372508,49.95740763,49.98278445,6281.516624,5702.235621,565.6009648,-17.98604346,3.90384,1
2125,32,32,24,1,0,1,1,1,1,1,1,0,1,1,1,228.8211794,243.3105476,217.1947124,6.965002348,8.333711232,11.39421756,230.8379581,244.1494989,216.3849953,11.00871154,4.058941143,10.16089313,6.731491382,1.437510644,-8.168993182,-6.790377013,-1.429736686,8.22012312,228.8121744,243.3119865,217.1954343,0.3932803818,8.080851551,7.755252053,230.8049825,244.1497118,216.36355,8.485417679,3.511780952,5.726151662,0,-114.9276325,126.4886443,72.9613353,-92.67285463,93.40836157,0.3710014862,-115.2849918,126.8006868,-2.520681867,-176.8697744,173.8494903,49.98374005,49.98375425,3254.879338,3246.0856,86.48733726,-108.3823511,3.9329059,1
2126,32,32,24,1,0,1,1,1,1,1,1,1,0,1,1,224.2816844,243.0646514,223.8078051,28.43270625,63.72105802,65.98783621,231.7920514,240.9999186,218.8908817,33.14611508,61.36015658,65.48471094,-0.8224761575,-42.45670537,43.27915406,0.9078460723,42.0052527,-42.91313023,223.8528466,241.1270503,222.026732,13.29858195,18.04797831,16.57019816,230.975435,240.861639,218.3383742,21.30552493,10.60235206,17.60780404,0,-112.1985643,127.3870996,156.253427,-87.45135084,50.07404508,0.9756087596,-113.5491358,128.8535065,-14.42378212,113.9638378,-165.710636,49.97721841,49.97731615,4547.422781,4510.479168,354.2116117,31.51365502,3.9607417,1
2127,32,32,24,1,0,1,1,1,1,1,1,1,1,0,1,226.382197,243.3360344,219.6547197,3.548416177,12.44247484,13.91928738,227.0202384,245.5616202,218.9350906,8.379839362,12.87549535,10.71584057,0.7455055917,-9.29039998,8.543752392,-0.7489772051,9.152782749,-8.404944582,226.3659638,243.2773556,219.5886542,3.287019533,5.496046097,9.076588412,227.0044562,245.5516553,218.9184932,8.272552422,6.63794041,2.59460138,0,-113.7463466,126.7095959,-75.07176179,-67.84225848,113.7240596,0.5687312616,-113.8762609,126.6442851,22.63825096,-150.4766786,177.0561739,49.98366661,49.98359615,3263.601023,3294.486127,122.2377642,-133.5739254,3.9254969,1
2128,32,32,24,1,0,1,1,1,1,1,1,1,1,1,0,223.7122442,245.2241757,220.5316234,63.31053517,67.24572756,33.92985802,226.6903709,251.7166997,213.9817635,65.0157232,67.30925085,28.1593874,43.34732156,-43.89836173,0.5513393986,-43.53597677,43.94988358,-0.4136101612,223.5543269,244.6149345,219.7910754,11.39006592,17.45517187,22.49012689,224.5297265,249.9048411,213.5619118,17.7089564,16.57511653,13.08235517,0,-113.6083313,126.0045477,-126.2697833,-44.98287368,106.3621445,1.634693521,-114.766225,125.3494805,31.46164421,166.4022939,-88.78392347,49.9774365,49.97672038,4412.397706,4622.150005,210.5193522,172.93032,3.947204,1
2129,32,32,24,1,1,0,1,1,1,1,1,1,1,1,1,230.0055526,243.7313178,215.5098904,10.22529539,4.121079616,9.416208393,229.2678784,244.2823714,217.8152623,6.077821656,8.207469727,10.40595312,-5.910115659,-1.59086642,7.500998239,5.819819736,1.589945064,-7.409743118,229.9797175,243.7316977,215.4976116,8.208813754,3.510670767,5.525445271,229.2587695,244.2844009,217.8171423,0.9294875081,7.921161934,7.177939427,0,-115.6860267,126.2455054,-5.930075931,-174.7108623,167.2437723,-0.1750145774,-115.2068137,126.1496735,61.39696916,-93.32293583,95.64132815,49.98378519,49.98376805,3247.53097,3241.737856,86.82572256,-109.1542341,4.0502077,1
2130,32,32,24,1,1,0,1,1,1,0,1,1,1,1,1,231.4270533,240.9801808,218.1912813,28.91266789,53.31699868,56.9525911,226.1079275,243.4718712,223.794821,23.87762987,55.1373219,56.96730633,-0.7030571293,-36.89507342,37.59873496,0.6058581744,37.05082247,-37.65606879,230.8254747,240.8892554,217.7769144,19.43953567,8.854598118,15.21460319,225.7719798,242.0514735,222.3170883,11.26429593,15.79628926,14.09859784,0,-114.548087,127.5957774,-14.0052599,121.5924062,-169.3812875,-0.6895197543,-113.2611967,126.5763541,155.6980369,-86.61407554,52.39985098,49.98014842,49.97805256,3811.815095,4323.824729,99.43245275,90.99639677,3.9864835,1
2131,32,32,24,1,1,0,1,1,1,1,0,1,1,1,1,230.3721196,243.2077886,215.7158156,11.0996038,3.997463629,10.25808797,229.557465,243.7861428,218.1082737,7.22412511,8.391727659,11.19713413,-7.04446082,-1.325412544,8.369868994,6.938179527,1.31597684,-8.254162909,230.333973,243.2076818,215.6941398,8.385081699,3.496435783,5.653534201,229.5468321,243.7875134,218.1084757,0.9264920997,8.168935171,7.347542339,0,-115.5831963,126.470743,-6.255195365,-178.9500893,169.5727431,-0.1847812386,-115.0784152,126.3603251,71.93684797,-93.04889088,94.47668299,49.98375539,49.98373847,3253.394538,3247.783083,88.19907057,-113.3097639,4.0115271,1
2132,32,32,24,1,1,0,1,1,1,1,1,0,1,1,1,310.4651186,269.7317372,341.1161,24.80854347,17.72362475,22.52241935,311.7011676,272.0961496,342.7109712,24.44347521,18.23267527,20.95201253,-6.308480627,-1.173469485,7.481340045,2.432095371,-4.634693131,2.201975976,264.0713632,184.7217617,257.7447541,3.721106429,3.094990045,6.572164117,265.4800031,186.3418666,259.5407149,6.287332521,5.297750855,6.438279045,0,-97.50529094,149.3832965,10.4042506,-51.31299231,167.1779074,0.08110699133,-97.50775374,149.323125,-6.285255911,-122.5888027,130.850238,49.95641985,49.98225202,6496.681299,5766.495583,87.71374642,-166.4085952,3.9439198,1
2133,32,32,24,1,1,0,1,1,1,1,1,1,0,1,1,231.930402,244.2305209,212.941165,28.34145429,7.570681571,33.83194687,232.5524063,244.9372155,213.7159388,28.28864192,7.540272753,33.67195071,-26.43462578,-5.081683588,31.51630942,26.35017913,5.054772813,-31.40494374,231.7705743,244.1262269,212.8223696,4.237591976,4.583552951,5.243793248,232.3962445,244.8312065,213.5755559,4.465103812,4.570778318,4.96043106,0,-116.9141122,125.8418539,-3.266111178,-116.7845619,123.2392783,0.09484613532,-116.8469519,125.9452938,2.906707057,-117.2584269,128.307455,49.98252884,49.98251106,3497.659179,3493.577686,121.366759,-74.68020091,3.7582594,1
2134,32,32,24,1,1,0,1,1,1,1,1,1,1,0,1,235.4265797,239.4441689,216.2112324,68.51603638,29.99517851,65.80903859,229.4437867,247.5239867,214.0094306,67.8247537,34.74486972,63.09308637,-44.98185622,1.170415475,43.81141938,44.63059776,-1.333777357,-43.29684223,233.3120219,239.0373373,214.2078412,17.34066927,13.8137537,19.12355148,228.7257802,246.7612554,213.8942351,17.40827318,22.00983703,10.51324778,0,-115.8991054,127.7394095,-75.80506863,32.41298302,150.4155224,1.298523749,-115.1194859,126.1960036,75.30127317,-135.0338533,-6.81086763,49.97681767,49.97691362,4625.737656,4584.520439,367.0938718,37.77831488,3.8284852,1
2135,32,32,24,1,1,0,1,1,1,1,1,1,1,1,0,227.7853759,244.8037042,216.5809472,11.59224874,7.911639393,9.351758792,226.6789722,247.1654078,217.3307429,10.60768704,11.83948108,3.847293994,8.888931989,-7.478132697,-1.410794038,-8.944864891,7.540266612,1.404603616,227.775468,244.8015061,216.5810519,7.138557491,1.386398658,9.12368718,226.6395577,247.1332028,217.3296363,5.311744357,8.861288038,3.252718815,0,-115.2164195,125.8868195,-38.48320394,-43.44340412,143.3186438,0.2871068734,-114.9298519,125.4789468,56.53950772,-123.7675785,66.93213554,49.98372157,49.98373254,3259.310502,3249.62269,89.62630542,-103.6624908,3.8431775,1
2136,32,32,24,1,1,1,0,1,1,1,1,1,1,1,1,229.9943426,243.734849,215.5026371,10.21258484,4.118505666,9.412880196,229.2660978,244.2868413,217.8168412,6.092935136,8.209713551,10.42266406,5.926319007,1.589431058,-7.515743806,-5.83617669,-1.58964071,7.425815049,229.9685363,243.7352601,215.4903955,8.182608885,3.508801464,5.500245875,229.2570411,244.2888646,217.8187101,0.938273975,7.923960491,7.187285873,0,-115.6872267,126.2421875,-5.919067442,-174.7514819,167.2579066,-0.1756852924,-115.2078762,126.1478268,59.89956857,-93.33522136,95.82392538,49.9837788,49.98377409,3249.176834,3240.045235,88.3654326,-110.7093603,3.8651274,1
2137,32,32,24,1,1,1,0,1,1,0,1,1,1,1,1,230.4240504,243.189672,215.744943,11.26679373,4.017942399,10.43085541,229.5662523,243.7671536,218.1122529,7.392402069,8.392814012,11.26954342,7.175933425,1.327427848,-8.503330571,-7.068031771,-1.319000536,8.38705601,230.384413,243.1895505,215.7223006,8.462524481,3.508134079,5.724258406,229.5552911,243.7684311,218.1122801,0.9722563471,8.165051529,7.273568917,0,-115.5786815,126.4865086,-6.652212361,-178.905679,168.9950068,-0.184406887,-115.073235,126.3678918,77.02673183,-92.96174096,94.07742483,49.98374799,49.98374014,3258.029092,3245.05481,86.81102739,-111.9770626,3.9530363,1
2138,32,32,24,1,1,1,0,1,1,1,0,1,1,1,1,231.5051381,240.0070525,218.1366256,33.81077052,62.56250843,66.81471354,225.1664338,243.4441609,224.8958489,28.95638062,64.52239774,66.82502797,1.007588159,42.7888002,-43.79641966,-0.8861027888,-42.97054123,43.85661736,230.6788803,239.8902772,217.5470024,21.60332143,10.88273268,17.57708838,224.6853587,241.5138303,222.9224243,13.55049178,18.20708676,16.29594578,0,-114.4254749,127.8411914,-16.31819808,113.4048866,-167.2260902,-0.8145537127,-112.9115839,126.5685613,153.7575105,-87.91947444,48.67342532,49.97714137,49.9770056,4550.928292,4582.109568,225.3508147,156.8186987,3.8784239,1
2139,32,32,24,1,1,1,0,1,1,1,1,0,1,1,1,231.9405793,244.2338974,212.9393333,28.4540346,7.571333217,33.94445044,232.5660181,244.9409583,213.7167716,28.40571774,7.541676335,33.78687849,26.53708931,5.080922234,-31.618001,-26.45227724,-5.054697191,31.50698145,231.7791746,244.1285646,212.8193659,4.22115115,4.583085402,5.236016893,232.4085579,244.833576,213.5754966,4.482287284,4.571321169,4.969560605,0,-116.9166895,125.8416902,-3.327714504,-116.8053559,123.0602663,0.0947683589,-116.849392,125.9459464,2.941414217,-117.2426123,128.4872988,49.9825103,49.9825182,3501.730919,3490.292146,122.607438,-75.88119876,3.80814,1
2140,32,32,24,1,1,1,0,1,1,1,1,1,0,1,1,310.2836238,269.0428601,340.8702234,19.86367099,11.78972777,19.69821792,312.5307452,273.3321806,342.928802,19.45807712,14.58086357,16.59603133,16.19841786,-0.8034751191,-15.39562178,-12.2523411,6.645409915,5.60639383,262.7509997,184.2488753,255.2032066,4.570828399,3.574965334,5.892194672,266.4164508,186.934449,259.383971,11.152671,7.749602073,12.41359067,0,-98.06207882,149.1334391,93.6247743,-9.055516391,-133.4135637,0.1729210515,-97.97487119,149.2182963,-24.16069608,-125.5765867,121.4476995,49.96518248,49.97396465,6175.631441,6028.869216,439.6792207,-540.2273135,3.7099251,1
2141,32,32,24,1,1,1,0,1,1,1,1,1,1,0,1,227.891338,244.8630352,216.5668593,12.25752179,8.962902847,9.406328982,226.8184029,247.2729783,217.3016806,11.39204815,12.57280044,3.80443981,-9.19949814,7.824144373,1.375555835,9.259005514,-7.891810114,-1.366985159,227.8793294,244.8564555,216.5657723,7.079432079,1.505789716,9.184986611,226.7674099,247.2271482,217.2990837,5.34805608,8.873774528,3.217885083,0,-115.2471585,125.8778429,-38.79666768,-42.35463163,143.1762766,0.2918249153,-114.969245,125.4639539,55.83590489,-124.588065,65.9352078,49.98374372,49.98366425,3257.19231,3263.800741,82.07099165,-96.43351305,3.8793683,1
2142,32,32,24,1,1,1,0,1,1,1,1,1,1,1,0,234.9821569,239.9201346,216.1092511,65.02962258,28.29822928,62.39996902,229.5296953,247.6514682,214.3704079,64.41053634,33.1499316,59.80690361,42.97497659,-1.189895905,-41.78531308,-42.6365014,1.343086464,41.29313713,233.0528763,239.5471652,214.2740585,16.27175229,13.19124857,17.94839393,228.8844756,246.9686835,214.2609221,16.51014472,21.44320129,9.552444927,0,-115.9116145,127.5826715,-76.03210837,32.89950568,151.1458989,1.230222481,-115.1430867,126.154055,73.32373006,-134.3750663,-2.698215286,49.9773739,49.9779616,4480.014581,4293.785737,339.0508403,-25.11107188,3.8815774,1
2143,32,32,24,1,1,1,1,0,1,1,1,1,1,1,1,225.8800468,246.1234247,217.0662067,9.244637183,10.52005521,4.141461871,228.0040661,245.2530415,217.9994515,10.14891702,6.406794942,9.077757039,7.745441866,-5.991278733,-1.754160244,-7.666172466,5.905886342,1.760288167,225.85668,246.1082542,217.066147,4.847668687,8.464087981,3.425397806,227.9974355,245.2535734,218.0006264,6.501733609,1.755619011,8.776284727,0,-114.9971245,125.3470465,49.50820594,-125.5095357,72.21645414,-0.1131824987,-115.0996805,125.9154882,-34.75800045,-55.44631813,143.5503586,49.98376574,49.98375256,3251.464941,3244.785974,95.15459843,-104.0012459,3.8642964,1
2144,32,32,24,1,1,1,1,0,1,0,1,1,1,1,1,226.5262318,248.8635241,215.3163014,46.87750833,46.90579557,14.18820101,226.3930701,244.8767345,220.1300288,45.19086815,45.94883731,20.36607021,31.92560367,-30.62299983,-1.302969933,-31.60166037,30.37064462,1.230648018,225.4259491,247.8849179,215.1475944,12.99401351,12.86698447,5.413937616,226.3156505,244.6809354,219.8851246,7.367461256,11.13398907,15.46204793,0,-115.8237002,124.4614457,31.72561443,-173.5384088,-79.19620661,-0.9960297798,-115.1587492,125.2002172,-110.5358463,-38.10232683,116.4820122,49.97878454,49.98302041,4105.469502,3273.803306,169.4221665,-82.95615844,3.9482788,1
2145,32,32,24,1,1,1,1,0,1,1,0,1,1,1,1,226.9661714,244.1925571,218.2229353,7.94337828,11.5404662,8.47046884,227.6959915,243.315455,220.5809676,3.668679028,10.81024328,12.28128943,-1.174642236,8.673314013,-7.498811111,1.167458794,-8.736541194,7.568936517,226.9565498,244.1898849,218.2173807,7.741524013,6.870435448,1.961835448,227.6859622,243.2817715,220.5414704,3.208913913,5.464544295,9.041213141,0,-114.4113459,126.2591489,21.86012135,-151.0727056,165.5948713,-0.3756989798,-114.1382606,126.5750951,-65.48150178,-65.93916454,118.3117317,49.98372197,49.98367317,3263.290855,3259.70202,78.98071629,-95.36650864,3.9660293,1
2146,32,32,24,1,1,1,1,0,1,1,1,0,1,1,1,228.7717316,246.8153402,213.2205951,69.89931417,35.8665783,65.07629735,236.0691188,239.8924671,217.3409657,70.15404282,30.96630367,67.3147586,46.02757212,-1.376081178,-44.65150905,-46.09260743,1.234110294,44.85848329,228.0516579,245.99468,213.0939772,17.51621593,22.53463945,10.98271185,233.9242115,239.4261242,215.0919765,17.2740618,14.29593793,19.40419588,0,-116.588097,124.8410215,73.67400649,-137.1518408,-7.458165189,-1.174798473,-117.2258551,126.6249914,-77.61289823,30.15258372,149.8245638,49.97655141,49.97641921,4662.812505,4699.178189,247.5115028,190.9524535,3.8989293,1
2147,32,32,24,1,1,1,1,0,1,1,1,1,0,1,1,226.4111537,246.6759654,216.1886893,11.30321755,12.5048461,3.846805261,228.6051117,245.583436,217.1910309,11.93289708,8.934004981,9.405510339,9.450707614,-8.136964932,-1.313521833,-9.330593683,8.023515972,1.307304683,226.3596236,246.6298142,216.185976,5.228187313,8.848000097,3.302362039,228.5916163,245.5762872,217.189428,6.648503853,1.950677643,9.200716918,0,-115.4527682,125.0852245,51.22668664,-127.8007637,64.33964134,-0.1483916904,-115.5546064,125.7024081,-38.04769601,-42.91984314,143.3626808,49.98364348,49.98377611,3275.554115,3243.129184,103.5670099,-113.4410225,3.9372792,1
2148,32,32,24,1,1,1,1,0,1,1,1,1,1,0,1,373.0152919,305.2089165,232.648167,21.2332756,22.95019725,14.89080623,374.6199108,307.7494953,237.325019,18.45185317,22.7508017,17.05663966,13.24855631,-14.13738334,0.888827206,-4.334132712,11.35900687,-7.024860611,271.1492048,265.9556568,158.1727018,5.578356782,3.893006709,4.179119224,274.5512755,269.1612582,161.1047545,9.856556496,9.559277208,8.256541884,0,-139.6437295,118.413121,70.40362981,-67.50097012,-158.198088,0.009888965978,-139.5126762,118.4550905,-32.31541162,-162.5006683,88.14135783,49.96548228,49.97640608,5606.116985,6032.783011,329.7734133,-498.2142404,3.7906527,1
2149,32,32,24,1,1,1,1,0,1,1,1,1,1,1,0,223.2737926,248.1465428,217.4364055,31.76362625,26.29651366,8.172063862,223.8087047,248.8356437,218.3312383,31.63440169,26.27791676,8.142524802,29.76639168,-24.37632181,-5.390070074,-29.67957352,24.31043438,5.369142427,223.1605115,248.0257059,217.3353476,4.336075039,4.511464896,5.214065037,223.6902897,248.7129347,218.2228126,4.041869359,4.797798767,5.198263116,0,-114.8730725,124.5611364,-2.98428846,-117.6396193,124.5919943,0.07313151941,-114.779624,124.656906,2.978817934,-112.4638835,124.2527055,49.98265785,49.98263577,3472.93063,3467.619823,137.1609919,-60.63289772,3.8227327,1
2150,32,32,24,1,1,1,1,1,0,1,1,1,1,1,1,225.8808413,246.133556,217.0690383,9.278418935,10.56193923,4.139697289,228.0015724,245.2511782,218.0037705,10.1611808,6.444489785,9.081760736,-7.762151318,6.010878327,1.751278006,7.682674332,-5.926442711,-1.756227288,225.857314,246.1181315,217.0689101,4.868561718,8.488963141,3.428311396,227.9949487,245.251683,218.0049313,6.48891322,1.765104743,8.782391021,0,-114.9979673,125.3448718,49.37980606,-125.6368727,72.09283011,-0.1158422199,-115.1003576,125.913815,-34.9327604,-54.48828497,143.5811213,49.98376237,49.98375542,3252.03959,3244.356264,94.65422836,-103.5302689,3.9096113,1
2151,32,32,24,1,1,1,1,1,0,0,1,1,1,1,1,226.9604097,244.1198328,218.2347313,7.882033028,11.08864298,7.802358268,227.7102886,243.2884787,220.6667346,3.716371296,10.42275562,11.94586569,1.224717698,-8.54129402,7.316587823,-1.218754984,8.60315199,-7.384390795,226.9516008,244.117466,218.231074,7.66632128,6.81156086,1.86149215,227.7008388,243.2581629,220.6325022,3.23377597,5.577137036,9.178647995,0,-114.3936345,126.2796225,22.01604573,-151.9673004,168.390636,-0.369607627,-114.1040126,126.6011136,-64.16487228,-66.4150643,118.424838,49.9837107,49.98371465,3259.106333,3255.971847,90.49296918,-107.1715131,3.8470883,1
2152,32,32,24,1,1,1,1,1,0,1,0,1,1,1,1,226.1895724,250.6565704,213.316483,65.3011677,67.68580625,28.53625421,224.3994491,245.4900262,221.6531834,63.21011461,67.25142684,34.04965628,-43.71095128,44.28739866,-0.5763829331,43.27187429,-43.98678269,0.7149746096,224.08395,248.8434425,212.9222032,17.72563205,16.9403362,13.10267419,224.2470626,244.8750952,220.8622058,11.18915011,17.77505104,22.40758255,0,-116.5088969,123.6018599,28.81204429,164.1185486,-89.77855056,-1.484950657,-115.1820965,124.4659026,-129.5000691,-46.69480357,104.9641445,49.97679244,49.977254,4619.885551,4454.552794,372.3645977,20.28733417,4.1147095,1
2153,32,32,24,1,1,1,1,1,0,1,1,0,1,1,1,226.282658,246.5423555,216.1921811,11.09636259,12.29794268,3.888758656,228.518075,245.5323008,217.1814426,11.85867582,8.738083729,9.354087551,-9.324782825,7.954374583,1.370445068,9.206436007,-7.845864367,-1.360532798,226.2299703,246.4947242,216.1877742,5.105395072,8.720847033,3.310011405,228.5039088,245.5226,217.1788678,6.766020405,1.784440701,9.13394636,0,-115.4102518,125.1110389,52.56132906,-126.5578163,65.51787278,-0.1351355178,-115.5210194,125.7214964,-37.02744203,-47.41310015,143.349336,49.98375221,49.98367087,3255.688492,3259.547183,96.80433779,-106.4016078,3.9747692,1
2154,32,32,24,1,1,1,1,1,0,1,1,1,0,1,1,228.8684125,246.9433973,213.3883048,68.4611038,35.34880868,63.58024728,235.8856518,240.1245837,217.2788675,68.67360144,30.40301248,65.76816075,-45.23931598,1.487129473,43.75209211,45.30347982,-1.348132459,-43.95544065,228.1743362,246.1543801,213.2645942,17.17410171,22.4174056,10.51544746,233.8217079,239.6755049,215.1128563,16.78248996,14.15850126,18.83181292,0,-116.5759555,124.8461626,72.36526152,-136.9394743,-5.465052468,-1.154856631,-117.2102406,126.5739555,-78.2127447,30.35250852,150.2780143,49.97701151,49.9767303,4520.56134,4614.771293,211.1539922,178.5376429,3.8580019,1
2155,32,32,24,1,1,1,1,1,0,1,1,1,1,0,1,223.2733696,248.1570284,217.4336123,31.78611497,26.32028822,8.172611969,223.8102873,248.8493114,218.3304252,31.65670432,26.30020182,8.143190869,-29.78449347,24.39362561,5.390881728,29.69769834,-24.32862705,-5.369056606,223.1601291,248.0357444,217.3324671,4.336699187,4.516029035,5.213939776,223.6912943,248.7257372,218.2218514,4.040774806,4.793550979,5.198281137,0,-114.8758437,124.5574986,-2.922285488,-117.6245389,124.5900145,0.07323476617,-114.7823794,124.6530162,2.913795365,-112.4786714,124.2472546,49.98265404,49.98263959,3472.786878,3468.392165,136.6437532,-59.91942768,3.7676633,1
2156,32,32,24,1,1,1,1,1,0,1,1,1,1,1,0,373.1364999,305.3814499,233.8569881,20.20354292,21.62361448,14.7372555,374.7713906,307.6772145,237.0644102,17.58793206,21.47977668,16.36332755,-14.01700147,14.56651009,-0.5472521526,5.066195568,-11.77581602,6.712246626,270.2845033,265.7092926,158.8953178,5.73834326,5.383926666,4.278555783,274.2155456,269.0229182,160.9190419,11.1974721,10.84399553,7.90302726,0,-139.379489,118.3008888,84.52539498,-55.49266622,-164.1760303,0.09041323437,-139.4356773,118.4728776,-30.71542606,-169.0700949,86.35641354,49.96741187,49.9745065,5438.84105,6192.294885,286.3524542,-455.9003777,3.7680816,1
2304,32,16,64,1,1,1,1,1,1,1,1,1,1,1,1,276.9513103,173.7210377,250.1119174,5.329785674,6.24984664,2.447530909,277.7887477,174.6276235,250.3623089,5.068817261,5.717221444,3.069874432,0.005391580786,-0.005368154492,-0.0001769573801,-0.005317680265,0.004588725357,0.0005781170803,276.9431582,173.7237664,250.1180212,5.329314393,6.249607361,2.446785838,277.7805848,174.630406,250.3684081,5.068344794,5.717005943,3.069303305,0,-122.4793398,98.2387125,2.577553661,-126.7463326,89.98641749,0.0454687527,-122.3105562,98.31065231,-2.94321995,-118.243477,104.7302222,49.98418174,49.9841775,3168.754085,3159.17091,-64.91951565,-250.2270802,3.8258303,1
2305,32,16,64,1,1,1,1,1,1,0,1,1,1,1,1,276.4801859,173.2816973,250.9194113,9.437970613,12.53802995,7.421013595,277.4566357,172.4414926,252.2792861,4.655954728,10.7263195,10.3496421,1.653692694,-8.500938202,6.847088051,-1.646128908,8.537537783,-6.891571109,276.4715367,173.2838096,250.9209039,9.148613734,9.00911564,2.136297097,277.4461298,172.4202285,252.2582833,4.039580942,6.197404814,7.481302427,0,-122.2797493,98.50339946,22.54242323,-153.330273,-55.91871692,-0.3560383278,-121.8671146,98.92717873,-61.52911686,-74.26577714,105.6632181,49.9840901,49.98409144,3185.444884,3177.997556,-72.68424446,-255.6560802,3.7772862,1
2306,32,16,64,1,1,1,1,1,1,1,0,1,1,1,1,276.4784309,173.2868464,250.9229258,9.439139188,12.53895521,7.419043257,277.4564465,172.443948,252.281047,4.65808493,10.72069246,10.34993966,-1.650148298,8.495266547,-6.845278048,1.642848295,-8.533512297,6.890491837,276.4697788,173.2889481,250.924451,9.15052342,9.016881827,2.14230617,277.4459607,172.422804,252.2601736,4.043671553,6.197223319,7.485528389,0,-122.2794651,98.50109261,22.56953611,-153.3371034,-55.79098437,-0.3561403276,-121.8670303,98.92549857,-61.56287565,-74.19541099,105.7108437,49.98408926,49.98409223,3186.169393,3177.357186,-72.64203552,-255.810323,3.7705777,1
2307,32,16,64,1,1,1,1,1,1,1,1,0,1,1,1,277.6103401,173.6243946,249.3155548,7.179588384,10.29206497,10.27231306,280.1848433,174.3184452,247.8284298,11.33252161,3.894723288,9.44765035,6.328616547,1.847994903,-8.176769701,-6.384466456,-1.819094182,8.203427087,277.6002478,173.6254667,249.3206524,2.706025971,9.994261966,5.985270552,280.1582035,174.3174346,247.8153577,9.135898366,3.033520355,4.373947883,0,-122.5742029,98.42531981,54.64476362,-110.7084477,53.70074443,0.174027058,-123.0172186,98.62091411,-14.02994446,-167.3213948,172.6971922,49.98402996,49.98404512,3197.761036,3187.053351,-63.73423944,-248.1739775,3.8275235,1
2308,32,16,64,1,1,1,1,1,1,1,1,1,0,1,1,277.6132649,173.6290573,249.3098381,7.182927511,10.29556852,10.27083667,280.1884147,174.3196136,247.8219444,11.33081496,3.888695852,9.446717837,-6.33528868,-1.845200002,8.180300608,6.391176972,1.814752595,-8.206116354,277.6031789,173.6301543,249.3149389,2.712751043,9.999142968,5.983614784,280.1618601,174.3185966,247.808943,9.133256894,3.029746906,4.373170709,0,-122.5757075,98.42436767,54.63724103,-110.7189335,53.6992237,0.1733298133,-123.0194377,98.62017783,-14.06846967,-167.3810982,172.6786061,49.98403234,49.98404189,3196.443894,3188.561684,-64.18908231,-247.6411286,3.7365391,1
2309,32,16,64,1,1,1,1,1,1,1,1,1,1,0,1,276.8703169,174.1180534,250.2309845,9.509876409,5.994170528,5.358128956,276.419964,176.3628563,251.0059485,8.621357661,10.53004837,3.700447924,-6.56134035,5.093010286,1.468173328,6.601247786,-5.147373496,-1.45405122,276.8615656,174.1195679,250.2354377,6.804137283,2.954676542,4.994958278,276.3999103,176.3520765,251.0099103,5.446989622,9.118153038,3.157329685,0,-122.536136,97.9373943,-28.49891068,-110.2119303,132.466038,0.2111211937,-122.1229746,97.67593073,36.39247181,-126.6231505,33.54543312,49.98406622,49.98406521,3190.392624,3183.145833,-77.7707346,-261.9952579,3.7889988,1
2310,32,16,64,1,1,1,1,1,1,1,1,1,1,1,0,276.8698454,174.115241,250.2287355,9.529334084,6.015954658,5.359713078,276.4168823,176.3642117,251.0052276,8.642170141,10.54834201,3.698063397,6.583639201,-5.122581477,-1.46119748,-6.623618311,5.175538741,1.447945649,276.8610855,174.1167298,250.2331617,6.808394644,2.949626749,4.998805562,276.3967286,176.3533038,251.0091907,5.450825575,9.122925631,3.157913975,0,-122.5364429,97.93749983,-28.55151051,-110.2097825,132.465929,0.2118445841,-122.1221409,97.67554132,36.46153041,-126.6147372,33.47585423,49.98406279,49.98406728,3191.644136,3182.046024,-77.40971002,-262.355353,3.7740855,1
2311,32,16,64,0,1,1,1,1,1,1,1,1,1,1,1,276.4584398,171.2903773,252.361425,4.697639952,11.2415197,10.60755636,277.0807276,174.0985051,251.4598914,9.306845384,12.65993885,7.9408754,-1.738103852,9.26909739,-7.531165032,1.709476618,-9.160700189,7.451046651,276.44607,171.2745008,252.3232667,3.982306905,5.948645102,7.139479333,277.0721684,174.0995375,251.4551363,8.975300469,8.44823002,1.666395234,0,-121.7368811,99.34356453,-58.8942338,-79.3689425,102.3968869,0.4781617199,-121.8110965,99.02783297,22.35658181,-150.3994438,-66.76113712,49.98410336,49.98410079,3184.52593,3174.44365,-72.736361,-259.0605653,3.8142925,1
2312,32,16,64,0,1,1,1,1,1,0,1,1,1,1,1,327.4305673,265.6803198,362.3532132,19.00391186,22.31102951,23.2059936,327.5961461,266.8791673,362.2954149,17.99963162,21.10421736,22.74519079,-4.546122222,6.449855672,-1.905139105,-2.506323138,3.754535255,-1.25007914,231.696068,199.732408,305.2491252,5.279086076,7.457650184,4.498920419,231.8906839,200.5598068,305.2614576,3.498804954,6.258753235,2.376643303,0,-114.4181918,82.99548917,-6.994142847,-114.6683097,92.89138988,0.02974579706,-114.3392492,82.91635081,10.26172646,-114.6243722,63.70516557,49.95778847,49.98131978,6300.088842,5847.294007,-696.2596789,-765.0088948,3.7718911,1
2313,32,16,64,0,1,1,1,1,1,1,0,1,1,1,1,276.0973943,168.1323395,254.4187441,8.646381429,44.10771109,37.82768046,276.8958634,169.2420949,254.5826548,8.561559039,43.90513131,37.76495622,-5.396450154,40.75139714,-35.3549889,5.32036256,-40.60069016,35.28030079,275.9260789,167.8552817,254.0937169,5.192405895,5.907978911,2.689114526,276.7256022,168.8324504,254.327144,5.154602965,5.63632428,2.893562778,0,-121.0336026,101.0572761,0.2983463276,-123.7400771,95.41189902,0.06557155333,-120.8667234,101.1068324,-0.5163808168,-118.6112883,106.2004715,49.98201604,49.98201039,3600.47393,3593.691924,1.682394598,-181.4724697,3.8131708,1
2314,32,16,64,0,1,1,1,1,1,1,1,0,1,1,1,271.861016,172.2042705,258.7628028,30.37577054,65.3430617,68.49981754,280.2870575,170.1007028,251.788071,35.38426469,62.34903077,67.839578,1.552203895,43.70201756,-45.25424689,-1.834176584,-43.17208427,45.00619086,271.4495046,170.2430009,256.289932,13.79187468,19.45582419,17.29616723,279.6036056,169.9209394,250.848177,22.49778605,9.421423525,16.56923889,0,-120.1677274,99.36105449,138.2431555,-100.5129285,26.36126272,0.491194987,-121.997075,100.3085473,-24.01798727,105.2495056,-172.355823,49.97711716,49.97787682,4542.957631,4287.901403,200.627005,-166.3364149,3.833514,1
2315,32,16,64,0,1,1,1,1,1,1,1,1,0,1,1,277.9646234,171.1343849,250.8457002,12.3723983,10.73577394,14.3107787,280.9482521,171.8189213,249.4229687,15.47067329,3.940911019,13.92396996,-10.59164143,-1.318830211,11.90968,10.68922803,1.322176643,-12.01213726,277.6557042,170.8770086,250.725693,3.02723177,10.35244948,6.10945728,280.4744814,171.4510065,249.1634656,9.573296192,2.752200772,4.875081109,0,-122.025612,99.86709709,65.25928471,-110.0780161,50.44402593,0.1625926285,-122.5344532,100.112521,-16.7380071,-176.0381415,172.0194256,49.98433997,49.98363118,3129.18261,3273.95696,-59.91804669,-230.1364727,3.7828406,1
2316,32,16,64,0,1,1,1,1,1,1,1,1,1,0,1,274.2190493,173.6939084,254.4121279,55.8167877,59.88487838,29.71170567,277.4087408,180.045514,249.1101299,58.04910621,59.8222557,26.45171583,-38.60223016,39.88729169,-1.284851328,38.75915966,-39.9707743,1.211811674,274.1187105,173.2219548,253.6472808,8.575268711,16.06439969,18.46274321,276.0203073,178.0485023,248.6536161,17.18198974,14.21270378,13.01804908,0,-121.3029683,97.92007986,-130.9308773,-63.09793145,90.09335301,1.172716944,-122.680701,96.97793905,22.32707336,163.1323718,-93.00276348,49.97886973,49.9786592,4162.884716,4221.29994,-10.54217981,-69.61749193,3.8261586,1
2317,32,16,64,0,1,1,1,1,1,1,1,1,1,1,0,276.3962117,171.2986411,252.443565,4.676553359,11.36658383,10.75525479,277.023974,174.1216804,251.5280033,9.33674,12.76882822,8.107189003,-1.695844173,9.391998797,-7.69630211,1.665172986,-9.279779022,7.614430739,276.3836249,171.2812248,252.4023656,3.977348848,5.977425919,7.177144777,277.0152562,174.1225883,251.5227585,9.015246962,8.469774905,1.7004674,0,-121.7171699,99.3311486,-59.49493455,-79.04553476,102.3249457,0.4820885258,-121.7949953,99.01313616,22.37147099,-150.6307993,-67.24226707,49.98410191,49.9840941,3184.94851,3175.68135,-73.42794705,-259.7056057,3.8185388,1
2318,32,16,64,1,0,1,1,1,1,1,1,1,1,1,1,276.4561758,171.2893054,252.3623128,4.693177729,11.22713682,10.59439178,277.0809149,174.0986227,251.4580353,9.307835125,12.649481,7.923795853,1.736202131,-9.246463464,7.510041932,-1.707193192,9.136266929,-7.429283983,276.443721,171.2734142,252.3243838,3.976958135,5.953610894,7.139727265,277.0723335,174.0996681,251.4533671,8.976327306,8.455077727,1.667935018,0,-121.7362144,99.34434347,-58.89787593,-79.28196281,102.4525473,0.4786017966,-121.8113767,99.02859583,22.3234364,-150.4506439,-66.53132109,49.98411396,49.98409149,3182.872155,3175.992005,-73.11623098,-258.649779,3.8755623,1
2319,32,16,64,1,0,1,1,1,1,0,1,1,1,1,1,276.0868752,168.1225367,254.4377546,8.646382831,44.27726158,38.00366326,276.8839996,169.2356369,254.5988278,8.558386497,44.08616364,37.94085205,5.397828958,-40.90671029,35.50877488,-5.321526937,40.75455191,-35.43311708,275.916566,167.844679,254.1092718,5.194805544,5.859738461,2.677992136,276.7116663,168.821687,254.3412001,5.151663197,5.681433355,2.896281541,0,-121.028719,101.0629279,0.1881153139,-123.5003243,96.49873834,0.0652826826,-120.8627097,101.1110504,-0.406112865,-118.8903939,105.1800405,49.9819936,49.98198373,3603.479665,3600.125974,1.908237722,-180.9321448,3.8123421,1
2320,32,16,64,1,0,1,1,1,1,1,0,1,1,1,1,329.8051218,266.1842598,362.8990032,14.83201567,20.47604168,19.94891955,331.4608975,267.6662821,363.2999311,14.75947624,18.48388209,19.61049514,2.898588824,-6.977404172,4.080877627,4.239415648,-3.321293316,-0.9157373839,233.0468595,199.3305612,305.4784983,4.410973388,7.916986287,3.017015102,234.2508974,200.5853406,305.9693813,4.828856796,5.791865883,3.744170036,0,-114.3711649,83.40224728,19.58908507,-112.9739107,73.68421842,-0.02129233103,-114.3169606,83.4752591,-18.07238984,-116.8400404,91.14075393,49.9581664,49.98147625,6347.777253,5716.044723,-647.3050038,-852.9376122,3.6986385,1
2321,32,16,64,1,0,1,1,1,1,1,1,0,1,1,1,277.6424691,172.416383,250.0190523,9.758349696,10.64433975,12.34863384,280.4715361,173.0071813,248.4153541,13.46528627,3.479978539,11.69981304,8.865856589,1.309615649,-10.17567431,-8.93191791,-1.304868847,10.23660384,277.6116727,172.4038532,250.0060762,2.806931579,10.44767004,6.391551849,280.3980112,172.9886925,248.3531953,9.629714361,2.809101043,4.916766414,0,-122.3114913,99.0717432,65.78877022,-110.1650901,50.80870415,0.1721881704,-122.824533,99.30290469,-15.46258092,-176.6744953,174.9833991,49.98400369,49.98403795,3205.05944,3186.760575,-56.10444764,-247.0860451,3.7970471,1
2322,32,16,64,1,0,1,1,1,1,1,1,1,0,1,1,271.3414244,172.1773837,259.2519697,32.14379422,68.7066453,72.00607225,280.0869656,169.655674,251.691583,37.02725113,65.61434509,71.31668885,-1.652126287,-45.73466978,47.38681647,1.951452696,45.17678889,-47.12822916,270.8713702,170.0160833,256.5588268,14.4636191,20.44907596,18.08679037,279.3327437,169.4630893,250.6542403,23.06405793,10.26442521,17.31948069,0,-120.0136366,99.38696967,137.4846909,-100.9264908,26.40497242,0.5148601652,-121.9702903,100.3779081,-24.99017172,101.9385345,-171.4781748,49.97663818,49.97660513,4669.027601,4648.775108,229.2800111,-90.13041411,3.8329922,1
2323,32,16,64,1,0,1,1,1,1,1,1,1,1,0,1,276.3936363,171.3225164,252.4486991,4.684401819,11.35377912,10.74584828,277.0205681,174.1326283,251.5186007,9.32723768,12.77593383,8.099526938,1.707753012,-9.353258857,7.644971089,-1.676640714,9.238775676,-7.562638715,276.3809586,171.3045745,252.4071364,3.97698201,5.977455958,7.172712312,277.0117739,174.1335937,251.5134697,9.001301912,8.498383983,1.70433142,0,-121.7168188,99.32796676,-59.2925792,-78.76802833,102.6648282,0.4814766435,-121.7983753,99.00956228,22.35638471,-150.6890825,-65.7982633,49.98411893,49.98407445,3180.101343,3181.38496,-75.28752591,-257.8202792,3.7846924,1
2324,32,16,64,1,0,1,1,1,1,1,1,1,1,1,0,274.4341478,173.6469655,254.1713445,53.57749818,56.8907156,27.33116952,277.522721,179.8860859,249.2162127,55.82314744,56.98286778,24.02193907,37.10793381,-37.76315792,0.6527546099,-37.25808323,37.84351532,-0.5879213136,274.3379229,173.2214795,253.4892272,8.169635825,15.4908698,17.3657072,276.2401342,178.0443745,248.8184747,16.81116435,14.32221348,11.89331532,0,-121.3577031,98.00922898,-130.6747578,-60.61832646,92.17000029,1.131767806,-122.6618961,97.10467185,21.79705915,166.6675988,-90.31231848,49.97994041,49.97865419,3889.73415,4233.63561,-42.24950529,-84.00878152,3.8492222,1
2325,32,16,64,1,1,0,1,1,1,1,1,1,1,1,1,279.1123708,173.2764346,247.61755,11.10567096,4.15562722,9.11689304,278.1566986,174.7184055,249.4600834,7.05465265,10.1636368,9.887203702,-6.115466897,-1.94344665,8.058743897,6.040167763,1.966993879,-8.00733192,279.0893769,173.2754201,247.6012148,8.999854386,3.300915327,3.958555747,278.1477581,174.7183379,249.4642999,2.907097711,9.845545756,5.580128692,0,-123.1583884,98.69013283,-15.11074221,-168.1356892,169.5541286,-0.0172653489,-122.4061906,98.57019469,52.82454967,-109.4761684,56.47753208,49.98405248,49.9840362,3194.709905,3187.533581,-52.9160538,-240.7010139,3.9004729,1
2326,32,16,64,1,1,0,1,1,1,0,1,1,1,1,1,278.4531098,169.3128951,250.8411065,38.40458922,68.43600941,74.03706423,270.946675,174.7401203,258.8549318,33.33821479,71.01174262,74.4744764,-1.865727189,-47.12312373,48.98884597,1.696056833,47.36665353,-49.06272025,277.6841133,169.1600934,249.9640373,23.76669167,11.01776239,17.56984753,270.5073727,171.8464031,256.5047691,15.11211522,20.94205724,18.29827373,0,-122.4199071,100.2825818,-25.83945647,102.5768512,-171.3910997,-0.3880674382,-120.0686551,99.32860908,137.0897235,-100.2939936,26.18143712,49.97614534,49.97616257,4711.90591,4728.970524,129.3756774,77.23242182,3.8170045,1
2327,32,16,64,1,1,0,1,1,1,1,0,1,1,1,1,279.1213293,171.1829032,248.6783934,15.38714694,3.497909321,13.92421934,278.0474469,172.7460972,250.71597,12.70905721,10.7816353,14.54997494,-9.826405432,-1.178767291,11.00550757,9.706277001,1.184253367,-10.89015022,278.8650844,171.0279119,248.5002874,8.94475502,2.81592574,4.200057473,277.9047414,172.6365508,250.6641959,3.04318368,10.5799914,6.210843312,0,-122.7679617,99.75257774,-15.94477066,178.178079,178.5845993,-0.02003169585,-121.9202771,99.641793,52.89563782,-109.5577996,58.08123373,49.98416451,49.98374007,3184.244213,3235.245604,-21.65341497,-248.3913416,3.9568536,1
2328,32,16,64,1,1,0,1,1,1,1,1,0,1,1,1,306.2312594,173.7777955,435.0195337,24.29341996,17.27112702,21.87536035,308.4387529,176.6421164,435.1084351,24.85460001,18.89246319,21.08783836,-8.149872327,-0.4770824274,8.621566586,7.24523135,-5.185260214,-2.064758463,273.8006542,114.0622635,300.1100527,3.983461171,2.737488403,2.628220649,276.0029547,115.7263245,301.6995213,7.710905917,6.307389629,6.850245568,0,-106.3661218,125.2497728,40.56327527,-59.6603314,-150.0953227,0.08835213076,-106.2440963,125.3599519,-19.7331207,-124.9837985,102.7820305,49.98261435,49.96608756,3739.386852,6507.688581,138.7090332,-508.640563,3.7896513,1
2329,32,16,64,1,1,0,1,1,1,1,1,1,0,1,1,281.021756,173.66063,244.6245374,25.03532249,8.918916435,30.38277876,281.8377146,174.8041169,244.7798437,25.06412467,8.903591132,30.31168806,-22.94930825,-5.735622312,28.68484793,22.90763499,5.732751905,-28.64047279,280.9244525,173.5514511,244.5216174,5.088593383,5.968756068,2.830838895,281.7311188,174.6759765,244.6884284,5.450380589,5.957777995,2.533411185,0,-123.8016548,98.82040114,-1.97397509,-123.9182477,94.56785444,0.08804050065,-123.6489323,98.84876458,1.648568799,-124.0903151,103.4422502,49.98299755,49.9829854,3405.68473,3398.115166,5.311641941,-184.7130386,3.8835125,1
2330,32,16,64,1,1,0,1,1,1,1,1,1,1,0,1,282.4815605,169.920153,246.9765442,70.26437111,29.4108002,67.79699389,278.166803,178.9830314,245.5678694,70.26949921,35.54891293,66.60413489,-45.78142698,0.3045983091,45.47682018,45.54822823,-0.3611324618,-45.18708457,280.9425015,169.4376581,244.5487094,16.86457361,13.43816011,16.59043724,277.596536,177.9832807,245.3356241,19.13513593,23.69694357,12.97323673,0,-123.5459162,100.2859743,-85.25720624,16.7698632,139.9544055,1.328291224,-122.5352333,98.84542947,61.70361403,-144.6178822,-24.54653091,49.97656683,49.97673728,4670.290832,4613.217627,267.9448739,-65.79982131,3.817723,1
2331,32,16,64,1,1,0,1,1,1,1,1,1,1,1,0,277.5923196,174.3994629,249.171855,10.65909508,7.490375953,5.635997999,277.0081109,176.8169855,249.9555852,9.881510692,11.82367591,3.661494527,7.857541915,-6.855500304,-1.002213141,-7.923758411,6.927384523,0.9961986753,277.5800359,174.394613,249.1737439,7.052808025,2.683938202,5.425081722,276.9734669,176.7839279,249.9577848,5.72518539,9.478967174,3.329168864,0,-122.8195109,97.87714439,-31.61458159,-105.3371297,133.3204361,0.2370530806,-122.3884897,97.57041609,40.04314353,-127.802916,26.02637167,49.98399689,49.98400771,3205.008342,3193.870234,-75.69574294,-256.7486953,3.8600858,1
2332,32,16,64,1,1,1,0,1,1,1,1,1,1,1,1,279.110838,173.2756834,247.6226803,11.10788057,4.161420457,9.126947925,278.1557129,174.715752,249.4643885,7.064452931,10.16123819,9.896010443,6.129384641,1.947523043,-8.077087828,-6.05393269,-1.972817561,8.026568682,279.0879493,173.2746666,247.6063745,8.995868411,3.306042923,3.949883036,278.1468058,174.7156291,249.4685786,2.910154287,9.842331582,5.573145041,0,-123.1571373,98.69085251,-15.12175263,-168.1251127,169.4971327,-0.01747118303,-122.4050737,98.57122666,52.76527407,-109.451068,56.54503588,49.98404217,49.98404722,3196.278137,3185.812987,-52.26407958,-241.3444514,3.8121868,1
2333,32,16,64,1,1,1,0,1,1,0,1,1,1,1,1,279.5081849,170.8768727,249.2092811,16.82953521,3.762306406,15.32642545,278.2121605,172.3844848,251.0492126,14.09356505,10.7571537,15.7507583,10.10030708,1.297409226,-11.39802093,-9.972890696,-1.294691487,11.26730793,279.0744763,170.5763946,248.9349234,9.356678226,2.901940453,4.486359947,277.9545352,172.1702858,250.9587449,3.032061933,10.482716,6.118427486,0,-122.6593191,100.0577137,-16.62515045,179.143484,175.1532944,0.000702320526,-121.8096531,99.91546883,60.84712234,-109.0370419,54.80525865,49.98442752,49.98337245,3171.124014,3269.574808,-43.41002205,-220.881118,3.849917,1
2334,32,16,64,1,1,1,0,1,1,1,0,1,1,1,1,278.4380603,169.1956534,250.7737843,39.10634971,68.93507278,74.76734607,270.7768377,174.6945788,258.8308322,34.05526205,71.5209776,75.19319446,1.96011447,47.42422128,-49.38433724,-1.786149934,-47.67129739,49.45745349,277.6437807,169.0401861,249.866948,24.08598255,11.15868537,17.8425359,270.3259688,171.754802,256.4488102,15.44549579,21.09156579,18.52236099,0,-122.4234124,100.3191286,-26.05264516,102.2183529,-171.7481885,-0.3897033056,-120.0507201,99.33865734,137.1287291,-100.3101856,25.59645192,49.97589199,49.97581978,4812.308852,4817.317619,143.0566312,108.664847,3.8081788,1
2335,32,16,64,1,1,1,0,1,1,1,1,0,1,1,1,281.0363925,173.6622968,244.6303413,25.06401232,8.917527129,30.40261562,281.8330635,174.8047603,244.7726749,25.07509106,8.903691438,30.32651965,22.96416011,5.734685276,-28.69895884,-22.92226281,-5.73288373,28.65503095,280.9388105,173.553624,244.5273217,5.131064193,5.967383172,2.856344938,281.7269512,174.6767627,244.6813103,5.409818388,5.959256888,2.502593195,0,-123.8017255,98.82395458,-2.218658452,-123.9229268,95.37226349,0.08979571332,-123.6491953,98.84845528,1.90935607,-124.0858941,102.6287367,49.98300561,49.982981,3404.340428,3399.28958,3.196639338,-182.6277557,3.8184814,1
2336,32,16,64,1,1,1,0,1,1,1,1,1,0,1,1,310.6456356,179.0124094,434.912071,26.9240233,20.39408428,20.14975077,307.3639242,174.229959,434.6184593,25.02934471,17.71174113,22.02799523,-18.64299659,8.804897105,9.836974171,19.44261072,-3.057532921,-16.38600207,278.0364,117.3330939,302.0767067,13.95536259,10.81781042,12.97927884,274.551191,114.6951561,298.1357804,7.72898796,6.441844888,8.082298642,0,-106.9734745,124.7735539,-33.25042572,-143.5651564,93.68219447,0.07431349895,-106.6284529,124.683282,99.66313289,-10.81208419,-111.0342553,49.9702794,49.97810218,5438.980541,4856.503183,-653.7521388,256.8422236,3.7012132,1
2337,32,16,64,1,1,1,0,1,1,1,1,1,1,0,1,277.7776097,174.5109896,249.0616237,11.26991527,8.432175367,5.746245011,277.1936532,176.9628146,249.828508,10.54266982,12.41619682,3.650638561,-8.172192786,7.252474536,0.9182666603,8.245377007,-7.335673843,-0.9111559822,277.7632742,174.5027618,249.0621035,7.068799448,2.759934921,5.556464095,277.1502489,176.9171364,249.829533,5.739336319,9.452351447,3.345529505,0,-122.8593932,97.8801873,-31.73371931,-103.5574434,133.0523171,0.2381878445,-122.4424453,97.56056111,40.19750489,-128.5066086,23.70384268,49.98402152,49.98393464,3205.445849,3207.268052,-84.85359554,-244.9053663,3.7796866,1
2338,32,16,64,1,1,1,0,1,1,1,1,1,1,1,0,281.1121766,171.5891018,246.9485086,50.77882475,18.93019335,49.41700134,278.4391152,178.206942,247.2893043,50.82150666,25.67670988,48.54939881,33.59580295,0.2824991634,-33.8754958,-33.40494448,-0.2485335272,33.65593663,280.2230785,171.3182774,245.5654507,11.60374421,8.357464506,11.30742351,278.1547471,177.7319989,247.1579119,13.61387232,19.062549,8.493658416,0,-123.4856356,99.3722134,-75.90622023,17.16727474,144.8882267,0.8497852313,-122.5572836,98.45401444,55.88875857,-139.4960852,-7.997015913,49.97891718,49.98177331,4071.761402,3509.306538,115.2077867,-255.8784129,3.7461352,1
2339,32,16,64,1,1,1,1,0,1,1,1,1,1,1,1,276.0232883,174.9976132,250.6740024,7.892124392,10.04269347,3.581468598,277.9139884,174.8407157,250.4793342,8.418081692,5.25777067,5.542180772,5.457277003,-4.143860146,-1.313566334,-5.38631529,4.060188447,1.325971676,276.0058514,174.9935465,250.6786632,5.643733435,9.113403935,3.168460882,277.9050368,174.8429575,250.483752,6.418880741,3.244648474,5.282492285,0,-122.4076588,97.54541331,32.89187988,-130.779794,28.078712,-0.08562332224,-122.4429164,97.88641832,-28.77515832,-99.46996176,131.7874416,49.98408768,49.98409035,3187.42933,3176.801286,-77.96376055,-263.9028883,3.7400617,1
2340,32,16,64,1,1,1,1,0,1,0,1,1,1,1,1,276.594523,178.0001159,248.6091867,48.90573187,50.20450781,21.2031823,275.884529,174.9166976,253.269744,46.49623767,49.68351577,24.50656143,32.93997761,-33.75038916,0.810493474,-32.54374459,33.37053511,-0.8265175574,275.4175126,176.8207863,248.2877477,14.95279723,12.52683369,10.64901984,275.750694,174.6328219,252.7544702,7.049932571,13.49452409,16.0960484,0,-123.2145632,96.4005653,24.32502775,170.2688071,-88.53461422,-0.8711843517,-121.8611001,97.32543987,-117.8217086,-64.80305358,93.2532955,49.9800443,49.9807751,3928.604082,3734.783314,57.18972466,-231.4996986,3.7429973,1
2341,32,16,64,1,1,1,1,0,1,1,0,1,1,1,1,276.4413558,173.2920475,250.9519725,9.383956101,12.74859992,7.820875633,277.4045519,172.5015158,252.3543083,4.668000234,11.00501332,10.62457363,-1.735399052,8.521844579,-6.786802846,1.73090209,-8.564232075,6.832991983,276.4327997,173.293996,250.9528084,9.066715787,8.999185656,2.132090499,277.3938291,172.4747586,252.3275025,3.99266453,6.23499591,7.452827404,0,-122.2723772,98.49046069,22.19059282,-153.5427692,-53.8442869,-0.3524569464,-121.8475984,98.91156153,-60.29627135,-74.29502052,106.2008697,49.98401245,49.98414338,3205.169758,3166.228902,-66.81774198,-261.8966448,3.8644273,1
2342,32,16,64,1,1,1,1,0,1,1,1,0,1,1,1,278.6315246,177.1024032,245.2932964,67.59129984,34.02882326,64.08868142,284.4430638,170.7314174,246.8430222,67.27573459,27.52343544,65.07804525,43.51743197,-0.08018311144,-43.43721878,-43.5472761,-0.04627255858,43.59362149,278.0681682,176.351781,245.0858924,18.27186722,23.20241371,12.7824522,282.9141208,170.2701762,244.6389499,16.08083877,12.79178454,16.23600343,0,-123.6107577,97.32610133,60.66524187,-145.5732159,-23.77808053,-1.107261758,-124.2708227,98.78596618,-84.50016935,14.51304402,139.9266161,49.97739704,49.97709898,4472.536219,4560.564228,86.2290502,39.20639669,3.7886453,1
2343,32,16,64,1,1,1,1,0,1,1,1,1,0,1,1,279.6252908,176.7916581,246.0774032,15.91598689,17.14303667,4.478909853,281.9591621,176.5659115,245.8619565,16.35016697,14.47486525,6.926524898,12.41660106,-12.23582256,-0.1838151061,-12.12310931,11.93558211,0.1844535014,279.3569737,176.0382533,245.6687482,5.734642093,9.196366897,3.548958821,281.6637977,175.8119496,245.5570637,7.332031613,3.298897421,6.357222024,0,-123.6814491,97.49706457,41.98227474,-132.7567979,9.109181591,-0.1005332184,-123.7126973,97.95504194,-31.77612248,-98.8064983,131.5201321,49.98336341,49.98399398,3264.855946,3243.412153,-11.10846695,-294.57789,3.7117617,1
2344,32,16,64,1,1,1,1,0,1,1,1,1,1,0,1,426.7610248,244.6847394,236.7502438,24.96097625,29.25785633,22.13450701,427.8813277,246.6533061,240.2853504,21.00260973,27.1421639,22.80342486,10.50487348,-12.60864086,2.101704045,-1.374019708,6.562814233,-5.190594502,333.3352289,200.1621504,154.2583906,9.44197689,6.20077647,4.127286079,335.0670395,202.3224401,156.6640764,5.811831711,7.61150937,6.535963675,0,-143.3462261,96.74041872,26.0716754,-138.7567475,-142.8640387,-0.1432082814,-143.029653,96.8261447,-46.05154108,-147.326855,63.74051933,49.95403986,49.98232144,6940.777194,5865.74467,1154.428696,606.1245315,3.7109061,1
2345,32,16,64,1,1,1,1,0,1,1,1,1,1,1,0,274.2680639,176.1337676,252.6168887,25.61503337,21.53448184,5.577161702,274.9553253,177.2763463,252.8915778,25.48650881,21.51353873,5.580042482,23.96996509,-19.86280451,-4.107280997,-23.89229314,19.78059625,4.111562535,274.2154519,176.0616791,252.5571019,5.267596246,5.944653967,2.763091281,274.9052421,177.1687556,252.8291226,5.021267317,6.160093862,2.76173294,0,-122.0880613,96.68232981,-2.263172454,-124.2719671,96.64046,0.07332733499,-121.9032108,96.70822762,2.155501102,-120.3626782,96.60123818,49.98332826,49.98332255,3337.581001,3331.523618,-85.58905585,-269.2504734,3.7820349,1
2346,32,16,64,1,1,1,1,1,0,1,1,1,1,1,1,276.0245279,174.9982986,250.6683365,7.878371789,10.03774198,3.583600934,277.9189539,174.8426136,250.4733682,8.416174556,5.243770426,5.541670846,-5.442799337,4.12806358,1.314564398,5.372175417,-4.04623783,-1.326095613,276.007112,174.9942563,250.6729922,5.638526609,9.114385287,3.172185065,277.9100148,174.8448508,250.4777887,6.428422471,3.239525147,5.282720724,0,-122.4086487,97.54505321,32.97259055,-130.7280633,28.08859679,-0.08574220384,-122.445093,97.88608387,-28.76748374,-99.59029232,131.8285343,49.98408839,49.98409003,3187.061044,3177.122805,-78.01600494,-263.8164765,3.8787175,1
2347,32,16,64,1,1,1,1,1,0,0,1,1,1,1,1,276.4597167,173.2877566,250.943934,9.437272074,12.57047382,7.468921443,277.4364691,172.4486297,252.3058138,4.657418282,10.7684629,10.38670323,1.651896263,-8.54471477,6.892641414,-1.644858884,8.582140899,-6.937451878,276.451084,173.2898303,250.9454376,9.147460051,9.007435823,2.139738385,277.4259429,172.4269638,252.2842166,4.039971141,6.201378396,7.485339037,0,-122.2742497,98.49795338,22.54645146,-153.346435,-55.94340773,-0.3560236895,-121.8610094,98.9219836,-61.52327248,-74.27219475,105.6604363,49.98408879,49.98409093,3186.17994,3177.690871,-72.6872564,-256.0486571,3.821383,1
2348,32,16,64,1,1,1,1,1,0,1,0,1,1,1,1,277.2368482,179.0321697,247.8913194,56.15323052,57.58773516,24.7313152,275.5063914,175.0874425,253.4100547,53.42844627,56.98883403,27.9726279,-37.31394309,38.03885051,-0.7255707216,36.87550131,-37.62091554,0.7447827534,275.7572649,177.517523,247.4954124,17.25813926,15.04939894,12.36524287,275.3554043,174.6869556,252.7122107,8.47365065,16.06263593,17.78914187,0,-123.4952279,96.11486905,20.63191105,164.9594668,-90.36295996,-1.024943829,-121.8281306,97.12227977,-133.2896853,-60.63066746,91.7339966,49.97881225,49.97946107,4218.046451,4025.715977,118.8554842,-190.844562,3.7714994,1
2349,32,16,64,1,1,1,1,1,0,1,1,0,1,1,1,277.386824,175.9566253,248.1524672,12.74531554,14.61080882,3.773194986,279.5872798,175.5452373,247.9347779,13.22906976,11.25537677,6.275552021,-8.98876443,8.470219888,0.517056325,8.81098546,-8.290318841,-0.5221615593,277.2727759,175.7629631,248.0891283,5.897009917,9.506780486,3.548823505,279.5479532,175.4466319,247.8858781,7.186939848,2.97098415,6.142826489,0,-123.0505251,97.30443837,41.61756976,-131.5508252,13.73337899,-0.1156499872,-123.1220536,97.73825781,-33.26765319,-96.25268308,132.4381984,49.98413761,49.98353634,3197.756025,3274.502347,-57.69696915,-261.0038463,3.8521082,1
2350,32,16,64,1,1,1,1,1,0,1,1,1,0,1,1,278.7733601,176.939596,246.2367817,58.2389571,29.44703816,55.26582029,283.6487856,171.6687803,246.9259627,57.89833631,22.66522507,56.11488852,-37.85861121,-0.0749451399,37.93447106,37.89517972,0.1775090216,-38.07160663,278.3637582,176.4141862,246.0849801,15.65653625,21.17061068,10.40525685,282.4658541,171.317488,245.2305346,13.37579182,10.5854248,13.48510454,0,-123.4735613,97.36116954,57.1839447,-143.2874817,-15.88954379,-0.8847155111,-124.0958705,98.54592577,-81.36884841,14.79765068,142.7216776,49.97996578,49.97833427,3866.626244,4249.973364,-28.13730089,-34.67666206,3.8055722,1
2351,32,16,64,1,1,1,1,1,0,1,1,1,1,0,1,274.2718718,176.1489275,252.6072986,25.69022173,21.60717902,5.578401211,274.9515279,177.2776174,252.8811985,25.55035785,21.57581789,5.579992986,-24.02942552,19.9220553,4.107283224,23.95155115,-19.84047071,-4.11114284,274.2188,176.0756211,252.5471111,5.295299868,5.963044537,2.764581092,274.9009067,177.168634,252.8181519,4.993594246,6.144029963,2.760015274,0,-122.0918082,96.67551311,-2.248405803,-124.4937188,96.60589273,0.07103503671,-121.9069431,96.7014045,2.162480717,-120.1447745,96.62217394,49.98331306,49.98333387,3339.673523,3330.042018,-85.82581293,-268.9745818,3.863181,1
2352,32,16,64,1,1,1,1,1,0,1,1,1,1,1,0,427.9152969,245.6147747,243.1604752,24.00707644,28.62793546,21.17362192,429.5247652,248.3091281,246.6298031,21.36359418,28.24224116,22.31166779,-13.30795336,16.81825476,-3.531706175,4.059283429,-10.77163464,6.68955764,332.0705423,199.8523498,158.5587186,6.450131412,3.820485432,6.06874614,335.5146196,203.5495159,160.7571067,10.26754159,13.14113365,8.596496704,0,-142.5717779,96.89562247,55.0657806,-70.14710046,-136.9006799,0.03061604315,-142.321889,97.11863214,-31.1084058,-158.7786933,62.20863388,49.9584735,49.97796017,6773.41071,6033.265293,1220.368491,537.3282205,3.6735013,1
2500,32,24,16,1,1,1,1,1,1,1,1,1,1,1,1,242.4000176,254.4897958,195.330394,4.328836861,6.165506944,6.953730783,243.0558016,255.5388088,196.401761,4.785861161,6.029449604,6.488962727,0.01299648023,-0.00925727934,-0.0037840359,-0.01333120179,0.007688779399,0.005592555576,242.3880936,254.4973359,195.3351132,4.328242557,6.165379389,6.953684399,243.0438359,255.5464229,196.4064439,4.785272579,6.029309076,6.488824487,0,-106.3585364,130.0706457,-4.603661902,-105.5525896,126.6214676,0.1096059949,-106.2724909,130.2368608,3.983955422,-107.4683601,133.3439976,49.98013832,49.9801447,3978.064487,3965.114637,87.62831264,-173.5273491,3.8160108,1
2501,32,24,16,1,1,1,1,1,1,0,1,1,1,1,1,242.2722319,254.3573936,195.9036793,8.033658976,11.05854088,7.19929814,243.0975369,254.0226219,198.614794,4.14515266,10.642156,12.19566327,1.81211308,-7.864698942,6.05253418,-1.789950259,7.915639668,-6.12575659,242.2591663,254.3637572,195.906344,7.670817332,7.629704385,3.410847751,243.0833469,254.0113249,198.5976107,3.398939028,6.95450435,10.37313081,0,-106.0186998,130.2896438,21.08232371,-137.897115,151.1926348,-0.316060451,-105.6864497,130.6661788,-55.33569089,-70.81362698,123.4253187,49.97998727,49.97998932,4007.327761,3996.940025,75.41793921,-184.2908135,3.864562,1
2502,32,24,16,1,1,1,1,1,1,1,0,1,1,1,1,242.277458,254.3556422,195.8984536,8.032510648,11.05682489,7.18611479,243.102443,254.0219638,198.6097585,4.146326218,10.62878272,12.18501267,-1.813375397,7.849989895,-6.036660879,1.790805766,-7.904097572,6.113236758,242.2643693,254.3620236,195.9011405,7.668322169,7.641023799,3.40789617,243.0881662,254.0105835,198.5924601,3.397343867,6.949243959,10.36878528,0,-106.0211019,130.2892403,21.06475779,-137.8927782,150.9516871,-0.3158931864,-105.6887885,130.6656258,-55.28284609,-70.73282026,123.5019203,49.97999103,49.97998558,4008.427558,3995.735348,75.54440302,-184.376456,3.8051166,1
2503,32,24,16,1,1,1,1,1,1,1,1,0,1,1,1,243.3121836,254.0213008,194.9184295,7.70080234,10.71765559,13.41605057,245.551478,254.9661348,194.2335321,12.22846833,4.742171069,11.99841299,7.261500481,1.958311828,-9.219876302,-7.331595701,-1.944395764,9.275927739,243.2961269,254.0275686,194.9223489,0.4243778303,10.38192147,9.477390037,245.5067461,254.9699411,194.2083265,9.450636226,3.928168919,7.265909879,0,-106.5809021,130.1171459,136.804882,-88.9922411,98.22081283,0.4099890211,-106.9613015,130.5701648,-1.729135444,-161.0816364,173.241052,49.98000618,49.9800153,4003.684514,3991.67129,77.2876277,-181.7033808,3.7883824,1
2504,32,24,16,1,1,1,1,1,1,1,1,1,0,1,1,243.3093001,254.0206736,194.9202795,7.713729456,10.72104965,13.42410765,245.5494639,254.9684112,194.2332876,12.23799449,4.745482863,12.00128547,-7.267891822,-1.958818969,9.226645333,7.337732485,1.941906769,-9.279697483,243.2931752,254.0269532,194.924208,0.4260738073,10.38589169,9.481190535,245.504512,254.9721723,194.2079317,9.452143442,3.933377224,7.260286763,0,-106.5798441,130.1173456,136.8741947,-88.95409607,98.25042303,0.4108257435,-106.9606546,130.5702018,-1.733285817,-161.1655578,173.2598273,49.98001157,49.98000916,4002.737459,3992.713511,76.79097169,-181.2393203,3.7976272,1
2505,32,24,16,1,1,1,1,1,1,1,1,1,1,0,1,241.7669066,255.2550623,195.0906574,11.91586566,8.188698106,11.51866919,240.6642288,258.2589736,195.859728,11.19943139,12.85175342,4.399178815,-9.137030724,6.997350575,2.139639722,9.180152159,-7.074586828,-2.105607935,241.7545464,255.2593544,195.0936497,7.341627167,3.293961606,11.16787014,240.6260068,258.2383856,195.8602128,6.045401655,10.38378992,3.388488866,0,-106.5772078,129.7428869,-41.77780854,-57.872879,141.2716558,0.334827483,-106.3610281,129.3099253,53.86617083,-120.4414893,86.48893084,49.97997503,49.97997623,4009.663405,3999.776795,84.91542165,-173.0596666,3.7703616,1
2506,32,24,16,1,1,1,1,1,1,1,1,1,1,1,0,241.7672262,255.2528137,195.0870945,11.91631049,8.19226495,11.5181233,240.6646379,258.259057,195.8550152,11.20678953,12.8671163,4.398443833,9.133726607,-6.997176355,-2.136613263,-9.177402087,7.071384656,2.105943074,241.7548546,255.2570973,195.0900662,7.340080809,3.291557717,11.16866266,240.6263004,258.2383357,195.8555652,6.056204335,10.39909188,3.391959252,0,-106.5780359,129.7429691,-41.86357182,-57.59370419,141.2977015,0.3354922267,-106.3618712,129.309957,53.84150529,-120.4712135,86.42585403,49.97997535,49.97997615,4009.976528,3999.313338,85.51015898,-173.7032269,3.8266677,1
2507,32,24,16,0,1,1,1,1,1,1,1,1,1,1,1,242.321441,253.3751608,197.1993509,4.009320595,9.937340953,11.8106283,242.8978496,255.589478,196.8173517,8.212600477,9.916643009,6.591379874,-1.577975202,6.877450258,-5.299535589,1.592915553,-6.772971827,5.179997407,242.3080231,253.3681241,197.1906793,3.441078748,7.097045467,10.45262346,242.8845803,255.5958906,196.8208817,7.949591852,7.169817241,3.811620557,0,-105.4309937,130.859278,-60.14936267,-73.90820626,119.6615043,0.4851536395,-105.5739393,130.8596898,22.08334524,-136.9703104,161.8152902,49.98000898,49.98001086,4004.745555,3991.099046,76.65229594,-185.8432743,3.8542744,1
2508,32,24,16,0,1,1,1,1,1,0,1,1,1,1,1,238.862147,400.3458715,263.4869875,20.13356709,26.56201832,29.50427705,240.1848322,402.0656344,264.7574726,20.11859807,23.93258401,27.0861841,-1.316100455,12.49783013,-11.18360239,-3.828295214,-1.385058801,5.211678672,159.3397134,309.7578954,221.0002488,2.391412477,7.78806333,8.923640836,160.474706,312.2824484,222.7388503,4.229918082,10.41172247,8.93935514,0,-103.7596899,110.9171746,34.30221232,-62.33428867,142.4279795,0.1479280588,-103.9102141,110.7837474,-18.65529073,-133.7272473,78.9887596,49.94838291,49.97567738,7896.501766,7336.326773,870.6781072,439.9388698,3.6897552,1
2509,32,24,16,0,1,1,1,1,1,1,0,1,1,1,1,243.0065566,251.8262195,198.7128618,7.537870331,28.32567909,23.35433327,243.7119209,252.7181294,199.9771868,7.524075706,28.13361269,23.33895811,-5.193622058,26.31359213,-21.12002176,5.185446245,-26.20481719,21.01932174,242.919439,251.7649594,198.6233178,4.559933105,6.223430427,6.682005873,243.6182457,252.6508133,199.8593611,4.549039988,5.850819385,6.97970683,0,-104.5204308,131.8124767,-0.01850024766,-107.4000301,128.9540331,0.06868119545,-104.4160101,132.0047837,-0.1948957215,-101.7438444,134.1712786,49.97912376,49.97910503,4181.760137,4171.09775,90.19532172,-169.8186385,3.7883963,1
2510,32,24,16,0,1,1,1,1,1,1,1,0,1,1,1,238.8273045,254.5398635,202.0075415,30.61930193,66.09121797,68.53010827,246.7579064,252.1433221,197.1811974,35.76143442,62.67040067,67.83995412,1.442825134,43.75739106,-45.20031804,-1.528937245,-43.13844771,44.66728332,238.3459614,252.5302606,200.0346325,14.33802583,20.59219685,18.06237428,245.7926485,251.9874441,196.5348886,23.03095783,10.15012968,19.54189455,0,-103.7060551,131.2648155,161.0484336,-84.01696369,56.67376441,1.074174527,-105.0321828,133.069684,-11.52325464,120.408107,-165.5444577,49.97294941,49.97317295,5389.449479,5283.829003,354.8407656,-65.91418334,3.8291112,1
2511,32,24,16,0,1,1,1,1,1,1,1,1,0,1,1,243.4808708,253.7618466,195.1111586,8.239308397,10.81487592,13.77555823,245.7720938,254.6899236,194.3915159,12.66542589,4.665585216,12.39673528,-7.821040271,-1.814750435,9.635747289,7.89568331,1.806292695,-9.702008122,243.461664,253.7674572,195.1132663,0.5287156571,10.50975223,9.556410425,245.7163576,254.6930882,194.3583561,9.565440294,3.905833638,7.349464961,0,-106.4710212,130.2600682,141.9728146,-88.76178076,97.77898874,0.4157523726,-106.8643911,130.7230479,-1.916878997,-163.0120022,174.109625,49.97997979,49.98000494,4008.782773,3994.196943,74.03911712,-182.628259,3.7740801,1
2512,32,24,16,0,1,1,1,1,1,1,1,1,1,0,1,240.440807,255.1604088,196.8350327,41.92428901,41.97597373,19.3177435,241.1746303,260.4073319,194.6047538,43.25050682,42.91852691,10.80597676,-29.37410695,27.42821938,1.94590204,29.51112868,-27.52257678,-1.988518688,240.3666227,255.027518,196.6696802,7.60495302,10.66794255,16.13821455,240.2423696,259.6167424,194.4585091,12.44823965,13.00353475,3.003362232,0,-105.85588,130.0020588,-96.65410873,-37.4489682,124.2135886,1.011143519,-106.2682452,129.4683995,37.52634753,-155.893242,-80.2650347,49.98017397,49.97518816,3903.500638,4764.653416,91.84455883,-121.485187,3.7881136,1
2513,32,24,16,0,1,1,1,1,1,1,1,1,1,1,0,239.3249585,255.3222628,198.1033716,3.933047502,13.84021744,15.4943619,239.9439504,257.8703248,197.4875173,8.937762423,14.23371116,11.3087608,-0.7917813466,9.942590516,-9.149713794,0.7779301988,-9.697059256,8.920276698,239.1947993,255.1986816,197.8259709,3.55567917,7.257807548,10.80968178,239.8418392,257.8151449,197.3054906,8.777759011,8.334511271,3.329148599,0,-105.2285439,130.1558545,-75.4811225,-63.99053784,120.9935782,0.5792010246,-105.4095722,130.1164167,23.1524755,-140.6028111,159.8576767,49.98056051,49.97894055,3925.812367,4194.183901,90.70444786,-173.4288189,3.8094339,1
2514,32,24,16,1,0,1,1,1,1,1,1,1,1,1,1,242.3205949,253.3772585,197.1954997,4.02390131,9.891702357,11.76802594,242.8924498,255.5914749,196.825242,8.197653957,9.906338769,6.53991331,1.59728235,-6.843658292,5.246327304,-1.612576838,6.736793215,-5.124266024,242.3072259,253.3704615,197.1870073,3.449044917,7.06878607,10.43488095,242.8791625,255.5979131,196.8287843,7.930247219,7.189567781,3.803090227,0,-105.4324911,130.8578115,-59.84479042,-73.84642976,119.8392831,0.4829290859,-105.5733982,130.8569431,22.12136524,-136.7980338,161.2696229,49.98001429,49.98000638,4002.750909,3993.031671,76.32146674,-185.4602857,3.7645582,1
2515,32,24,16,1,0,1,1,1,1,0,1,1,1,1,1,243.0099192,251.8232709,198.7100105,7.538227098,28.3998907,23.42395048,243.7156922,252.7104912,199.9769895,7.525854354,28.20819054,23.40888275,5.193468831,-26.38068675,21.18712876,-5.186070773,26.26945105,-21.08347185,242.92175,251.7613365,198.6202006,4.558998057,6.223027763,6.680774425,243.6219543,252.6430349,199.8584133,4.550088882,5.8508102,6.980612119,0,-104.5206952,131.8136219,0.008172116661,-107.3858601,128.9698429,0.06762974412,-104.4162186,132.006396,-0.222409583,-101.7595944,134.1580169,49.9791054,49.97911172,4182.991458,4172.422487,91.0006147,-170.3785338,3.8667748,1
2516,32,24,16,1,0,1,1,1,1,1,0,1,1,1,1,240.0753194,401.4093458,264.2242266,18.39546332,22.95318679,25.27491659,244.4122787,403.2415685,266.8389359,19.98598445,19.44090163,24.68203988,-1.283220093,-11.62702387,12.91098144,6.531110125,0.3338341602,-6.863577101,159.9314353,308.2615096,221.396974,3.953182112,7.859069364,4.32163901,162.7251368,310.9047239,224.3272932,7.852149375,8.299544232,10.9955479,0,-102.9771688,111.8430593,101.7527711,-78.72140511,120.9250555,0.1011902888,-103.0179992,112.1996526,-29.55626844,-126.1798914,108.126375,49.95142179,49.97299996,8048.253843,7107.35629,987.4646025,298.1851308,3.7003549,1
2517,32,24,16,1,0,1,1,1,1,1,1,0,1,1,1,243.4820433,253.7663616,195.1024768,8.224847347,10.80999577,13.77350041,245.7723228,254.6964575,194.3793962,12.66492159,4.675058008,12.3929386,7.817672591,1.817239042,-9.634972447,-7.892885566,-1.811961602,9.704794258,243.4628769,253.771996,195.1045911,0.5303019733,10.50337401,9.562886303,245.7166632,254.6995788,194.3462599,9.577517594,3.913554376,7.355058849,0,-106.4755379,130.2566968,143.9980336,-88.73303975,97.72867076,0.4169297405,-106.8688552,130.7200019,-1.830433795,-162.9479058,174.1732352,49.97998806,49.97999767,4007.518401,3994.972093,75.00990849,-183.5040512,3.8329972,1
2518,32,24,16,1,0,1,1,1,1,1,1,1,0,1,1,238.6489036,254.5209823,202.1678401,31.16453909,67.49885905,69.90925704,246.6529586,251.9615707,197.1146162,36.26608517,64.04242981,69.16960492,-1.397183305,-44.62773597,46.024819,1.485604737,43.9938891,-45.47957456,238.147609,252.4294132,200.1226332,14.50394161,20.97622745,18.34249656,245.6572836,251.8007622,196.4448811,23.17847827,10.484496,19.73069032,0,-103.6303092,131.2935999,160.7390994,-84.09339204,56.80276837,1.093068445,-104.9901944,133.1235944,-11.76806652,119.32753,-164.9033537,49.97267929,49.97269278,5459.740259,5440.606,367.4410445,-29.01550002,3.8232222,1
2519,32,24,16,1,0,1,1,1,1,1,1,1,1,0,1,238.235262,257.03517,198.6805746,4.002084937,16.38227058,18.02291022,238.9991729,259.6130331,198.2059986,9.670294899,16.69960253,14.92347172,0.1950521375,-11.5805182,11.37641112,-0.2007723335,11.23296955,-11.04215494,237.9698005,256.7232118,198.0909348,3.614643852,6.976265328,10.30612518,238.802275,259.4524233,197.8032809,9.509076474,8.408332922,4.210683694,0,-105.2081765,129.8081572,-88.00002588,-64.45464996,116.7091345,0.6170200854,-105.3445678,129.8419658,22.39909672,-138.3082419,162.3910233,49.98027352,49.97878953,3995.661775,4223.510568,139.8761734,-213.4107873,3.8305924,1
2520,32,24,16,1,0,1,1,1,1,1,1,1,1,1,0,237.2303493,256.5130158,199.1184023,69.11861875,73.82530784,38.62825887,240.3076556,263.3100323,191.8500521,70.93798758,73.49896945,31.11506919,47.11160674,-47.83023485,0.7190624264,-47.33070989,47.85272022,-0.5215895397,237.0197524,255.7715733,198.1784186,13.06573687,20.69727393,26.1977935,237.7958816,261.3328782,191.3505896,19.53182189,18.25018148,14.20211276,0,-105.2029825,129.7398385,-124.3398655,-44.69208509,109.6870974,1.727279517,-106.5476502,128.9929542,33.76477795,171.5854533,-88.66424736,49.97218249,49.97172282,5446.391153,5626.019002,239.0039498,157.3131244,3.869482,1
2521,32,24,16,1,1,0,1,1,1,1,1,1,1,1,1,245.1070812,253.8201591,193.0711087,12.20087699,4.778859531,12.16588591,244.1550749,254.9489815,195.9415869,7.95377716,10.62546644,13.0842545,-7.569219895,-1.996723573,9.565901517,7.439589528,1.975235992,-9.414863993,245.0539443,253.8231401,193.0504092,9.185225776,3.909000572,7.120143172,244.135905,254.9558933,195.94568,0.9474318284,10.27231368,8.765828076,0,-107.3645627,130.0219484,-6.141016973,-160.1537586,167.0079951,-0.2026311177,-106.7994194,129.8998803,87.56750292,-89.7140909,100.3626038,49.98003326,49.98001165,4000.016656,3990.941982,75.87607554,-185.3986013,3.8838411,1
2522,32,24,16,1,1,0,1,1,1,0,1,1,1,1,1,246.8219373,250.7144115,195.8172057,36.46290577,65.35986405,70.43454531,240.1621019,255.2374561,203.5695072,31.19293412,68.17340879,70.44398075,-1.591760276,-44.91059974,46.50208309,1.444032649,45.12101928,-46.56533118,245.8031637,250.599346,195.1260872,23.1524726,10.62367211,19.36855865,239.6041224,253.2430835,201.1833798,14.40845166,20.9497984,17.69765755,0,-105.8940828,131.8128131,-13.87838026,118.9052994,-166.6070874,-0.9082720998,-104.3317388,130.3301531,157.7071701,-84.74706641,55.94709626,49.97273029,49.97272612,5369.275524,5418.410419,206.4709089,64.79186699,3.8194418,1
2523,32,24,16,1,1,0,1,1,1,1,0,1,1,1,1,245.4926475,253.3605878,193.3133934,12.93249664,4.655717806,12.79305519,244.4587711,254.5090954,196.2537428,8.788455108,10.78263224,13.67346708,-8.477794635,-1.77164045,10.24941327,8.333293356,1.735900623,-10.06921368,245.4184114,253.3617435,193.2799966,9.398282148,3.878695679,7.24813971,244.431423,254.514218,196.253742,0.9916196772,10.48059665,8.912623783,0,-107.2187738,130.2610377,-6.205433775,-163.4030536,168.788239,-0.2142497474,-106.6318401,130.1229507,99.13954911,-89.29442647,99.41769772,49.98000297,49.97998268,4004.742273,3998.028869,72.93483168,-189.5568625,3.8209552,1
2524,32,24,16,1,1,0,1,1,1,1,1,0,1,1,1,336.4815031,291.4005294,304.4833128,26.46894375,21.12847288,24.60287079,337.3503088,292.8232838,306.2869423,26.15634745,20.64475161,23.46500944,-3.308378782,-3.740373876,7.04806441,-1.060591037,-4.198643386,5.258382588,287.71601,202.8144444,228.2622368,5.248660996,5.148656655,8.611058601,288.5502564,203.8910072,229.6161328,5.552486307,4.694265284,7.078075966,0,-89.5660831,153.421282,-2.953213809,-81.13222355,152.160881,0.07330045266,-89.54302196,153.4953019,2.583176173,-99.14943357,154.4352219,49.94622603,49.9781859,8005.211051,7088.059333,-289.2149316,-486.2398969,3.7415327,1
2525,32,24,16,1,1,0,1,1,1,1,1,1,0,1,1,247.4851376,253.4630725,190.4077983,34.77998924,9.546449391,41.56995165,248.1215233,254.5009189,191.5549541,34.697519,9.470389092,41.31651933,-32.10955547,-6.22857279,38.33810044,31.98762049,6.161811001,-38.14945878,247.2128372,253.320696,190.1977411,4.473341138,6.085696915,6.708905612,247.8778076,254.3594574,191.2823069,4.816089933,6.050943902,6.374245108,0,-108.6727091,129.5874044,-4.045436631,-108.4440719,126.6344147,0.1012996697,-108.5789584,129.7534705,3.570094182,-109.1815027,132.2783682,49.97822758,49.97819146,4359.830032,4355.759542,137.1316663,-123.2086314,3.8463989,1
2526,32,24,16,1,1,0,1,1,1,1,1,1,1,0,1,251.632906,248.6486027,193.8115144,77.17237261,35.0716147,73.50989354,244.4639232,258.5497162,191.177706,76.26783574,40.94946104,69.80689375,-50.73682913,1.999637809,48.73711672,50.30762083,-2.312634789,-47.99505214,248.9181645,248.162191,191.3866297,20.03093372,15.59659201,22.60070122,243.4062184,257.5906444,191.0326312,19.82682131,25.82456461,11.37036346,0,-107.5477572,131.6805027,-75.17937132,31.00174271,152.0411581,1.355456047,-106.8678961,129.7512619,78.01466896,-131.0032371,-3.199381252,49.97139069,49.9713402,5710.063019,5720.595075,425.1821255,12.87172655,3.8100032,1
2527,32,24,16,1,1,0,1,1,1,1,1,1,1,1,0,243.0799686,255.4860483,193.2720189,13.80949404,10.51393807,11.88549546,241.821592,258.6961989,193.9625466,13.15876637,14.77403037,3.948379336,11.02480326,-9.515483398,-1.509376161,-11.13923534,9.616377373,1.52280755,243.0327009,255.4129238,193.2324817,7.807261895,3.237195289,11.64887716,241.7060971,258.5505948,193.9047945,6.415686814,10.76785223,3.147484193,0,-107.4916738,129.3342751,-43.88637108,-52.02639912,141.3428012,0.3582271693,-107.2639757,128.8298027,57.38459865,-121.8963598,76.20345011,49.97992849,49.97997495,4017.878043,4001.120242,83.03570159,-166.268233,3.8055972,1
2528,32,24,16,1,1,1,0,1,1,1,1,1,1,1,1,245.0960503,253.8231577,193.0679234,12.1652639,4.793255059,12.12735908,244.1518162,254.9496336,195.9446645,7.913772534,10.62132539,13.06847722,7.54831149,2.001619766,-9.549988038,-7.41951306,-1.983188963,9.40262858,245.0435091,253.8261663,193.0475585,9.172365377,3.920848195,7.097557477,244.1327494,254.956549,195.9487575,0.9348767402,10.26577392,8.776120858,0,-107.3648276,130.0196161,-6.06738774,-160.112315,167.0185807,-0.2033217094,-106.7996338,129.89926,86.84566702,-89.65768085,100.4917031,49.98002033,49.98002551,4001.38983,3989.240075,76.74032195,-186.306325,3.8360934,1
2529,32,24,16,1,1,1,0,1,1,0,1,1,1,1,1,245.4789404,253.3737895,193.3119049,12.96359084,4.657407644,12.83566574,244.447005,254.5223205,196.2522926,8.852288424,10.78348115,13.71817956,8.530642099,1.773292905,-10.30397761,-8.386280618,-1.741178069,10.12742495,245.4043926,253.3749468,193.2784568,9.38052657,3.881114247,7.228997534,244.4196775,254.5274431,196.2524124,1.000143428,10.48146894,8.90573749,0,-107.2205296,130.2554204,-6.287275411,-163.4191368,168.6678693,-0.2136921183,-106.6334746,130.1184648,97.98441104,-89.28305806,99.55987729,49.98001028,49.97997258,4005.172753,3998.338754,74.40795611,-190.9279903,3.8327636,1
2530,32,24,16,1,1,1,0,1,1,1,0,1,1,1,1,246.9081203,250.4927494,195.788666,37.54600194,66.28333575,71.66827249,240.0122662,255.1193233,203.5760512,32.29453221,69.10713597,71.62414428,1.739121417,45.49739506,-47.23659458,-1.5850208,-45.71216715,47.29710845,245.8359838,250.3744177,195.0553714,23.65706831,10.83916054,19.80783274,239.426991,253.0687922,201.1268347,14.92606151,21.18222585,17.94448922,0,-105.8837576,131.8672364,-14.17969322,118.3264381,-166.9099894,-0.9249481128,-104.2989697,130.3281939,157.5246501,-84.76548434,54.74979819,49.97232172,49.97223882,5531.326291,5534.087639,224.0807173,106.6652483,3.8167749,1
2531,32,24,16,1,1,1,0,1,1,1,1,0,1,1,1,247.4841804,253.469533,190.4162199,34.7076191,9.547042303,41.50016769,248.096633,254.5087002,191.5490987,34.61444827,9.472545334,41.23236006,32.04098783,6.227647477,-38.26867102,-31.91954221,-6.163185247,38.08270467,247.2137936,253.3274576,190.2077062,4.517167648,6.084849948,6.756342063,247.8540622,254.3666823,191.2762721,4.776186356,6.052097576,6.326013751,0,-108.67094,129.5881229,-4.390323689,-108.4587104,126.7640296,0.1016105816,-108.5770696,129.7487057,3.962723655,-109.1630635,132.1803031,49.97822977,49.97820449,4360.469293,4352.471677,136.0640443,-122.2031577,3.8446545,1
2532,32,24,16,1,1,1,0,1,1,1,1,1,0,1,1,336.8810296,291.6558954,305.0404233,22.80904355,17.33171492,23.02135939,337.6910337,293.8022626,306.4739066,21.46250768,17.1056921,19.02206809,7.658799463,3.227238058,-10.88245025,-3.229697623,4.759976885,-1.526406571,287.6691549,202.6532653,227.6592734,6.318516671,5.007404588,9.696377397,288.5131193,204.1450872,229.0162942,4.996995414,5.424924088,7.010028677,0,-89.82644407,153.2960477,15.459884,-67.78985948,170.35926,0.07212169378,-89.86341876,153.2530834,-19.90290051,-110.3993952,128.776066,49.9508567,49.97393275,7771.069532,7270.037604,-207.9947676,-608.5335936,3.7969722,1
2533,32,24,16,1,1,1,0,1,1,1,1,1,1,0,1,243.3409917,255.5689713,193.0972758,14.15002527,11.00592537,11.94787851,242.1093557,258.8725987,193.7734547,13.60654068,15.18538123,3.919204091,-11.31880709,9.862971746,1.456170991,11.44269854,-9.975089172,-1.467249986,243.2854527,255.4755778,193.0448808,7.751920633,3.343244239,11.71329544,241.9793158,258.6954775,193.6960739,6.524655184,10.86728555,3.116074213,0,-107.6099566,129.284835,-44.74109644,-49.77479943,141.3066745,0.3753806832,-107.3874172,128.7727046,56.63621608,-122.7709263,74.85859083,49.98005049,49.97983275,4003.335956,4021.852389,75.01091892,-158.7478219,4.0090875,1
2534,32,24,16,1,1,1,0,1,1,1,1,1,1,1,0,251.1854868,249.2112331,193.7500505,73.46972051,33.11649398,69.93735854,244.5967742,258.7730122,191.6567945,72.65385921,39.16933657,66.39973394,48.60893537,-1.930857115,-46.6790162,-48.19374361,2.226033924,45.9669201,248.6762241,248.7667063,191.5089348,18.93536688,15.01095076,21.255115,243.6358473,257.9100915,191.5173305,18.96023656,25.34202771,10.28504395,0,-107.5649601,131.5173052,-75.8629686,31.60530327,152.6613407,1.301595551,-106.8794871,129.7323013,75.9174061,-130.2408107,1.262733017,49.97208495,49.97272363,5541.032261,5269.937681,385.1960762,-84.05306077,4.000794,1
2535,32,24,16,1,1,1,1,0,1,1,1,1,1,1,1,240.1680337,257.0277107,194.6132667,10.76005583,12.51160059,4.658167064,242.4053018,256.1092119,196.2550826,11.30397355,8.020422434,11.36233761,8.930779814,-6.694865607,-2.235973267,-8.829887362,6.578471846,2.251356361,240.1292875,257.0115989,194.6140637,5.675210488,10.20472613,3.658375989,242.392258,256.1146803,196.2574691,6.785490014,3.696647211,10.99390516,0,-106.8853028,128.861913,48.53073594,-122.7674889,85.56214312,-0.166697445,-106.868127,129.6008303,-39.06923463,-58.83203065,142.0239749,49.97999055,49.97998453,4007.260502,3997.513601,94.66865493,-169.8022088,3.8190612,1
2536,32,24,16,1,1,1,1,0,1,0,1,1,1,1,1,240.1892047,257.3131479,194.7658003,15.80363222,16.77187958,4.091565256,242.1936488,255.9871422,196.740065,15.47226434,13.52588708,11.94564837,12.00155088,-10.18919032,-1.811987142,-11.86787486,10.04452223,1.823720177,240.0864799,257.2394253,194.7620346,6.789492586,10.72476063,2.925724083,242.1759928,255.9869133,196.7338716,6.334788597,4.672609394,11.5991679,0,-106.8599497,128.8321319,44.31136793,-129.1501968,81.55223819,-0.2663462266,-106.7584732,129.6004419,-48.88189675,-47.30138383,139.5039227,49.97924142,49.98038388,4104.004876,3947.660217,100.8409708,-175.0727279,3.8310543,1
2537,32,24,16,1,1,1,1,0,1,1,0,1,1,1,1,235.5184328,261.4632254,198.8583307,10.37359226,22.69461262,20.32211432,236.3169857,260.6870816,201.775172,6.055805026,22.56074591,23.05542792,-0.3534733709,16.66611777,-16.31285105,0.4211134887,-17.06189295,16.64064187,234.6455933,260.7203961,196.899714,8.979208321,8.413663689,3.481084915,235.1875449,260.0599731,199.8348804,3.253587365,7.526579096,10.69293649,0,-106.1485931,127.8736058,20.77153137,-142.3429924,157.9321365,-0.4663762718,-105.7719887,128.2222707,-82.79648268,-65.03079219,118.3614697,49.9790014,49.97916327,4210.991391,4164.360754,92.29274041,-136.7873423,3.8655414,1
2538,32,24,16,1,1,1,1,0,1,1,1,0,1,1,1,243.5313259,257.0467058,190.3499073,79.03655542,42.59286201,72.50490479,252.0078579,248.8476046,195.9058688,79.38913696,36.45243171,75.48475257,52.14324287,-2.300222714,-49.84305809,-52.19954622,2.072839994,50.12665585,242.5235173,256.0289976,190.1855606,20.01086324,26.62215455,12.12015462,249.4426751,248.3180041,192.9025563,20.04180866,16.31139573,23.00511256,0,-108.5774121,128.1680759,76.50864602,-133.2132768,-3.490686697,-1.236562173,-109.0659987,130.4815747,-76.97353291,29.04802171,151.6319152,49.97078223,49.9707502,5845.496541,5826.076204,307.4927202,210.5819794,3.8684098,1
2539,32,24,16,1,1,1,1,0,1,1,1,1,0,1,1,242.5652542,257.9527599,191.5237482,13.7265682,15.3803186,4.165155756,244.8897242,256.6544275,193.223958,13.9476186,11.40599744,11.8568069,11.75280217,-10.26432403,-1.488290048,-11.50953033,10.06339313,1.446339595,242.3280613,257.521059,191.2556934,6.267969461,10.73990322,3.255634231,244.7643216,256.3638958,193.0252514,7.147019444,3.812539828,11.57490394,0,-108.5442119,128.0235104,51.25472493,-126.1390185,73.1572888,-0.2160732215,-108.526554,128.8494342,-43.44889556,-51.41488793,141.3286681,49.97978904,49.98010154,4053.158555,3968.042654,110.3532875,-176.8062118,3.7883568,1
2540,32,24,16,1,1,1,1,0,1,1,1,1,1,0,1,403.4712434,298.9552235,202.4298963,22.67217839,23.68888004,14.36555592,405.3285625,303.4481267,209.0612385,19.28907248,24.73647179,18.1139898,18.96111874,-20.51817905,1.556200784,-9.03467916,18.01421971,-8.980222575,288.822581,262.9904682,135.3301916,6.819945452,7.056349186,5.319038333,293.884373,268.2814186,139.2182027,14.45425695,14.75735222,10.67820207,0,-132.3564193,120.9602703,107.2593702,-39.94024707,-150.1996117,0.1782274892,-132.2364728,121.0748678,-26.7829836,-160.9421827,91.00285903,49.96282187,49.96898621,6819.438197,6849.423323,549.7792815,-765.1659374,3.7325734,1
2541,32,24,16,1,1,1,1,0,1,1,1,1,1,1,0,237.7183075,259.0500023,194.5477708,32.69753522,26.73115804,10.00448128,238.2427966,260.0742427,195.8252156,32.52700479,26.73559948,9.964656004,30.61491388,-24.14139478,-6.473560088,-30.51436171,24.06292974,6.451401684,237.5876342,258.9350538,194.4417243,4.707054553,6.016916148,6.693215266,238.1127707,259.9517932,195.7013925,4.216719744,6.400930356,6.668964751,0,-107.134123,127.9833381,-3.426060119,-110.0544318,127.9262938,0.06917958358,-107.0044705,128.1348683,3.593068301,-104.6392246,127.6341981,49.97886074,49.97883776,4234.992892,4225.305555,154.473315,-107.3321139,3.7947568,1
2542,32,24,16,1,1,1,1,1,0,1,1,1,1,1,1,240.1780735,257.0440011,194.6040857,10.81105747,12.56895444,4.652596479,242.4091252,256.1073868,196.2484768,11.31956938,8.068441947,11.36748526,-8.948600878,6.718527239,2.230005994,8.847016914,-6.60479201,-2.242295546,240.1389512,257.027459,194.6048468,5.715407111,10.24071786,3.654310286,242.3960654,256.1128423,196.2508231,6.76511295,3.709201002,11.00020336,0,-106.8929637,128.8559734,48.33794151,-122.948029,85.46931713,-0.1706496335,-106.8748811,129.5955116,-39.40187495,-58.13713483,142.0172877,49.9799967,49.97997792,4007.430736,3997.655973,93.75843471,-168.9293733,3.7746371,1
2543,32,24,16,1,1,1,1,1,0,0,1,1,1,1,1,240.7391685,255.5047472,196.2716714,8.380490437,12.53726714,9.071201335,241.5291255,255.0386134,199.2057404,3.934455459,12.2437852,13.84518925,1.270501615,-9.500393906,8.229830746,-1.27067609,9.602070597,-8.331456658,240.7189406,255.4988411,196.2523481,8.15470431,7.923664144,3.124457567,241.5081717,254.9938223,199.1410353,3.424739383,7.329148302,10.83375012,0,-105.9387393,129.8934578,21.98936036,-141.189022,157.1937726,-0.3711843508,-105.5688916,130.289471,-64.55128912,-67.51620818,122.1840711,49.97988366,49.97992938,4025.227969,4012.0804,79.28212008,-178.6648776,3.7748444,1
2544,32,24,16,1,1,1,1,1,0,1,0,1,1,1,1,240.015572,261.4005388,190.9203763,72.29949141,75.04336376,32.21713868,238.0328483,256.596943,200.8675445,70.01618337,74.83296621,39.28128851,-48.30434246,49.08070651,-0.7763408337,47.77666975,-48.70731637,0.9306780041,237.4217566,259.4511737,190.4335893,19.63755748,18.83909096,14.40266778,237.8098441,255.8546256,199.763241,12.90059645,21.22607418,26.22931705,0,-108.5223989,126.8604132,30.8261221,168.6761771,-89.4466664,-1.585640998,-106.9282702,127.9494829,-128.0124872,-46.54373781,108.0509401,49.97158177,49.97170628,5664.689309,5562.649317,441.5795773,3.537579404,3.778464,1
2545,32,24,16,1,1,1,1,1,0,1,1,0,1,1,1,242.2414977,257.263865,191.7787199,13.41036123,14.93719419,4.072789307,244.8325622,256.2270058,193.480807,14.1778817,11.18193369,11.98030864,-11.37249567,10.00724138,1.365650232,11.14341439,-9.821612263,-1.321385094,242.0591723,256.9588627,191.5959044,5.801552948,10.27666652,3.210936752,244.7218043,256.0160376,193.3526805,7.725986751,3.51272988,11.72180108,0,-108.2723943,128.2483704,57.30032301,-123.2259291,71.3206477,-0.1606154199,-108.2793618,129.0956856,-39.41025558,-60.35872869,141.5341926,49.98012601,49.97974298,3960.980568,4069.554019,119.1445534,-186.3813739,3.7842293,1
2546,32,24,16,1,1,1,1,1,0,1,1,1,0,1,1,243.5937217,257.0549598,190.5429843,77.99607178,41.57788597,71.8473183,252.0477906,249.0717985,195.9938568,78.38195817,35.39160797,74.80407155,-51.52932116,2.051714601,49.47739939,51.58984002,-1.833058111,-49.75697219,242.6308873,256.0841893,190.3813535,19.65156037,26.20483016,11.89791997,249.5229838,248.5654495,193.0504781,19.79632683,15.84463651,22.75345164,0,-108.523374,128.2179156,76.99927851,-132.6930482,-2.74809864,-1.200718567,-109.0155214,130.4996876,-76.0622107,29.36080408,151.755261,49.97111078,49.97128065,5669.960944,5706.355044,280.7131377,165.4219423,3.7951268,1
2547,32,24,16,1,1,1,1,1,0,1,1,1,1,0,1,237.7058715,259.0272254,194.5517537,32.63706015,26.6701611,10.00505624,238.241887,260.0743895,195.8290382,32.481981,26.69021335,9.964164889,-30.56921233,24.09470484,6.474468776,30.46877826,-24.01909387,-6.449725143,237.5750197,258.912531,194.4454493,4.652182752,5.98248505,6.694167603,238.1123798,259.9528618,195.7059304,4.273310198,6.430419561,6.668291099,0,-107.1266612,127.9897775,-3.671691923,-109.594556,127.9302628,0.07405294555,-106.9981732,128.141217,3.772527018,-105.0793563,127.6429998,49.97886474,49.97883249,4234.317246,4227.123672,155.7484189,-108.4288741,3.7598536,1
2548,32,24,16,1,1,1,1,1,0,1,1,1,1,1,0,403.5140889,299.780182,204.1489651,22.02337033,24.0110042,16.53747162,405.2676261,303.2694845,208.8548761,18.99431055,24.53674469,18.78601845,-16.57121792,17.42793052,-0.8526750782,6.64009001,-14.94773536,8.311629882,288.813788,263.6720768,136.3279259,6.20760529,6.569571916,5.22098313,293.3225661,267.9303602,139.2286748,12.92472906,13.390912,9.840267913,0,-132.1569193,120.8088691,94.33460849,-50.75051069,-160.3430853,0.1262300743,-132.1831638,121.0016031,-28.63888849,-161.2976683,89.36980978,49.96250114,49.96936807,6471.646778,7200.314096,387.4692052,-601.7355024,3.6647397,1
2696,64,32,96,1,1,1,1,1,1,1,1,1,1,1,1,263.126304,202.5398403,228.150539,2.893808753,3.958903817,1.764792901,263.4507635,203.0189259,228.2425179,2.870114195,3.644135871,2.057905777,0.004844246646,0.004410770751,-0.009365087204,-0.00482530703,-0.004911592203,0.009624655884,263.1189938,202.54301,228.1549431,2.893366737,3.958642117,1.764061699,263.443441,203.0221082,228.2469166,2.869674181,3.643858426,2.057282261,0,-116.8780641,108.1464514,2.702306496,-119.6386868,101.9384817,0.01650934048,-116.8079765,108.1835593,-2.854492205,-114.1052042,113.3978229,49.99019077,49.99019433,1963.787665,1959.063067,-14.49821472,-97.99795081,3.8493816,1
2697,64,32,96,1,1,1,1,1,1,0,1,1,1,1,1,263.0018662,202.1322953,228.6679664,5.744867545,8.875158608,5.037776509,263.8258609,201.2129798,229.4535827,3.856513896,7.152875416,7.16141055,1.375268055,-6.027334428,4.651943572,-1.371623511,6.047361669,-4.675856449,262.9942102,202.1350656,228.6700746,5.449902907,6.408831691,1.75747349,263.8172041,201.2057781,229.44564,3.403200812,3.636215378,5.36371854,0,-116.714038,108.3716148,35.03723723,-145.5153536,-37.57772175,-0.2808733703,-116.5563504,108.7210095,-67.59750428,-59.03760202,119.0183963,49.99013622,49.99014299,1973.768907,1970.336622,-19.52480347,-102.1792771,3.9041192,1
2698,64,32,96,1,1,1,1,1,1,1,0,1,1,1,1,263.0000384,202.1318548,228.6696751,5.752300957,8.881681852,5.057501364,263.8227987,201.2098854,229.4580477,3.852244196,7.163110188,7.181040614,-1.362900192,6.030719507,-4.667934378,1.3593383,-6.051827817,4.692373574,262.9923824,202.1346023,228.6717841,5.461372546,6.412293228,1.763380546,263.8141024,201.202616,229.450011,3.404047028,3.64642568,5.373263806,0,-116.713541,108.371591,35.01912711,-145.6081713,-37.91298837,-0.2814309476,-116.5548437,108.7215695,-67.7930715,-58.97178302,118.9424118,49.99013645,49.9901422,1974.207575,1969.960452,-19.43794613,-102.273735,3.8380887,1
2699,64,32,96,1,1,1,1,1,1,1,1,0,1,1,1,263.6554113,202.53183,227.5547999,4.826811463,6.837633827,7.786963294,265.075706,203.2196329,226.2256813,7.855067916,3.405810793,6.85692349,4.696155308,1.406669753,-6.102926256,-4.723637825,-1.395719364,6.119249132,263.6467803,202.5341253,227.558622,0.676129083,6.58168323,4.718401775,265.0587565,203.2209014,226.2196122,6.213105464,2.862747059,2.906081126,0,-117.0183893,108.2083289,127.7974621,-95.44934469,70.17118054,0.2185046248,-117.3559521,108.2864313,-4.908732558,-175.9040685,-163.0877292,49.99010766,49.99012026,1979.567269,1974.724153,-16.11166796,-99.78960179,3.8698833,1
2700,64,32,96,1,1,1,1,1,1,1,1,1,0,1,1,263.6564186,202.5311406,227.5574452,4.831273744,6.831954222,7.794355595,265.068701,203.2224544,226.2280934,7.846372071,3.413861709,6.858722677,-4.702279664,-1.414061714,6.116227776,4.729852747,1.402073991,-6.132042188,263.6477554,202.5334693,227.5612861,0.6571444691,6.574603797,4.716109826,265.0517231,203.2238611,226.2221173,6.196511985,2.86957807,2.886600633,0,-117.017845,108.2090454,127.3622028,-95.39864784,70.44547535,0.2189218905,-117.3547683,108.2851206,-4.810861599,-175.7824518,-162.857909,49.99011846,49.99010961,1978.602675,1975.720153,-16.91643905,-98.96922748,3.824316,1
2701,64,32,96,1,1,1,1,1,1,1,1,1,1,0,1,262.8636414,202.9011962,228.2586022,7.247408517,4.178975942,4.125253603,261.9929535,204.3137985,228.9139513,6.089998137,7.662057813,3.195368632,-5.287408366,3.977969842,1.309314533,5.308344209,-4.006271941,-1.302190916,262.8559494,202.903477,228.2620319,4.875214686,1.121611907,3.775755906,261.9777984,204.3097032,228.9170344,2.84777442,6.502506385,2.732527182,0,-116.8941602,107.9255012,-29.7718239,-110.5092363,150.0020619,0.08491632788,-116.5958742,107.6818233,58.01998484,-118.0086411,39.53224314,49.99012322,49.99013138,1976.807864,1972.080975,-21.13303322,-103.981447,3.8330117,1
2702,64,32,96,1,1,1,1,1,1,1,1,1,1,1,0,262.8667493,202.8995983,228.257319,7.239246737,4.166690651,4.12315395,261.997297,204.3117316,228.9134801,6.081041006,7.653319915,3.196380893,5.278682114,-3.964057512,-1.314746509,-5.299526949,3.991268472,1.308141135,262.8590531,202.9018798,228.2607688,4.872580017,1.123361112,3.772258995,261.9821785,204.30771,228.9165577,2.845054612,6.500558377,2.732090967,0,-116.8945578,107.9265405,-29.7381568,-110.5688212,150.0160562,0.08475747475,-116.5962537,107.6831871,57.96332325,-118.0009309,39.60800693,49.99012534,49.9901296,1976.484131,1972.445967,-21.03463744,-104.0471004,3.8693801,1
2703,64,32,96,0,1,1,1,1,1,1,1,1,1,1,1,263.4731569,200.6052533,229.48206,3.837471826,7.336396237,7.192622262,263.2327199,202.5599115,228.8859299,5.689554154,8.885689079,5.187651306,-1.398107011,6.328292614,-4.93030084,1.390946963,-6.28533648,4.894270588,263.4639752,200.6003068,229.4686114,3.342528946,3.486731486,5.165905819,263.225251,202.5625851,228.8859713,5.370746738,6.152464036,1.490967801,0,-116.3769551,109.0306992,-66.24365738,-62.81097815,117.1261717,0.3250711123,-116.3862516,108.7346606,34.78696394,-143.6410084,-41.21565678,49.99014678,49.99014215,1973.577209,1968.446152,-19.5068279,-103.8061044,3.821905,1
2704,64,32,96,0,1,1,1,1,1,0,1,1,1,1,1,307.3493727,306.1223055,330.5480978,8.796761475,16.66723471,16.91039768,310.8123158,308.0762307,331.7867044,11.19470776,14.86442495,16.59463316,1.288112718,13.50710818,-14.79520157,-5.319075689,-7.174176132,12.49334976,211.6028018,235.4174279,271.0543232,3.236847488,5.878286466,5.858480371,213.7335625,239.5292206,274.372671,6.289255028,11.42283798,9.488857481,0,-109.2331354,92.51992958,104.4229277,-9.740808225,-136.1583762,0.05193834418,-109.155532,92.67097737,-29.91791718,-139.7678793,64.91289676,49.979545,49.98254266,3819.91888,3779.698042,137.8083742,-736.2925852,3.7383147,1
2705,64,32,96,0,1,1,1,1,1,1,0,1,1,1,1,264.7155516,197.1578316,230.9835842,5.957317292,33.99841825,29.59779286,265.0061731,197.7287448,231.039841,5.933628572,33.9252522,29.57366892,-3.646404285,31.89794852,-28.25162621,3.62152964,-31.84299597,28.22139559,264.6000484,197.0189138,230.8131523,2.898129457,3.75110415,1.875875191,264.888527,197.5378372,230.9038782,2.890237302,3.639178123,1.97703106,0,-115.7953911,110.7449436,0.2049287454,-117.5421157,107.356865,0.02540757755,-115.7222208,110.768252,-0.3289215816,-114.2108472,113.8753342,49.98881923,49.98883722,2236.839648,2232.321368,15.39628297,-67.13434544,3.7509267,1
2706,64,32,96,0,1,1,1,1,1,1,1,0,1,1,1,261.2591709,201.0552948,232.682918,16.96272309,42.54608701,43.74658399,265.5391382,200.6894283,228.6446013,20.16202256,41.11486283,43.34738432,0.1693767871,29.12953694,-29.29914001,-0.2555135066,-28.92687555,29.18214949,261.072676,200.2066534,231.5924825,7.920337502,11.48800417,10.06921675,265.2985832,200.6340195,228.3410171,13.37852422,5.990399593,9.271346237,0,-115.5006781,109.0544421,156.4624686,-88.01749235,42.16292882,0.4850713895,-116.45708,109.5634389,-13.60436844,127.9703547,-160.2200564,49.98668024,49.98823275,2611.116328,2271.994952,104.8482181,-106.8728947,3.9119961,1
2707,64,32,96,0,1,1,1,1,1,1,1,1,0,1,1,263.577414,201.650665,228.4721292,12.26065944,7.648476469,13.82734347,265.4828315,202.1863372,226.9765816,14.03444228,3.211534539,13.37801168,-8.472856591,-0.6439158801,9.115977763,8.515464007,0.6400716491,-9.15633773,263.5622512,201.6462158,228.4637385,1.676461484,7.496692116,5.12302901,265.4043973,202.1821406,226.9041901,6.942222857,2.835636689,3.645959075,0,-116.6905633,108.6438234,128.311313,-95.26951356,63.34832975,0.2177221961,-117.1351102,108.7873088,-10.89653576,165.2620316,-164.367682,49.99000147,49.98988681,2007.955059,2028.514619,-30.34949641,-86.05793063,3.9534643,1
2708,64,32,96,0,1,1,1,1,1,1,1,1,1,0,1,261.7972321,202.2238864,230.3615521,32.33054783,33.32643546,14.52381368,261.834052,205.4500869,228.1495265,33.0304176,33.64554979,12.20271653,-22.94519133,22.92325454,0.02225407515,23.02401532,-22.98007923,-0.04347023324,261.76055,202.123742,230.1785716,5.440210314,6.830601395,9.820572051,261.3064743,204.8380801,227.9799828,8.246890173,7.49076658,6.000046446,0,-116.1774824,108.1917775,-95.13236733,-54.15876544,107.3433407,0.6091995128,-116.541343,107.5816032,41.21667033,-170.1578528,-72.98414366,49.98878285,49.98825979,2202.120379,2285.01764,-15.65292147,-51.00835154,3.7877503,1
2709,64,32,96,0,1,1,1,1,1,1,1,1,1,1,0,263.3442986,200.5175206,229.7309653,3.836654252,8.139810511,8.101718437,263.1202687,202.5037597,229.0785444,5.808917963,9.538257033,6.307399201,-1.269518695,6.985635748,-5.716227996,1.260523505,-6.935433152,5.674802165,263.3347095,200.5088395,229.7092026,3.349477329,3.594302589,5.269087725,263.1125703,202.5060491,229.0768849,5.502476315,6.195198374,1.559577463,0,-116.2970576,109.0639659,-68.55990978,-61.74493962,116.3575298,0.3372286734,-116.3177801,108.7636194,34.58085378,-144.6449418,-45.02339232,49.99013001,49.9901254,1976.895549,1972.118101,-20.05643837,-104.6238593,3.8505607,1
2710,64,32,96,1,0,1,1,1,1,1,1,1,1,1,1,263.4727868,200.6000118,229.4861238,3.835763343,7.346320402,7.209157726,263.2324105,202.5581003,228.8853586,5.694051657,8.889033748,5.199312912,1.392587524,-6.330606459,4.937900537,-1.385466186,6.286722853,-4.90136508,263.4635501,200.5950354,229.4726544,3.344624048,3.499791437,5.180642652,263.224936,202.5607812,228.8854108,5.377992058,6.152786942,1.502949284,0,-116.3752747,109.0328222,-66.36296252,-62.76803047,117.0765037,0.3259673455,-116.3858159,108.7357669,34.79498026,-143.7640462,-41.58499677,49.99014827,49.99014068,1973.310294,1968.85373,-19.92366972,-103.3916492,3.8070676,1
2711,64,32,96,1,0,1,1,1,1,0,1,1,1,1,1,264.7166822,197.1766994,230.9666849,5.957153266,33.87363205,29.47225769,265.0031803,197.7389277,231.0247422,5.933339305,33.80430288,29.44943048,3.646740021,-31.78436517,28.13754098,-3.621883263,31.72902471,-28.10722559,264.5989607,197.0349355,230.797083,2.898166161,3.73433084,1.865657679,264.8877565,197.5519189,230.8905849,2.890197953,3.656176904,1.985235808,0,-115.8009424,110.7375596,0.2405622509,-117.4685256,107.8484918,0.02463640947,-115.7275207,110.7611262,-0.3653050003,-114.3122435,113.3690863,49.98884004,49.98883099,2233.778323,2233.016475,15.43651079,-67.49832676,3.7761543,1
2712,64,32,96,1,0,1,1,1,1,1,0,1,1,1,1,307.3116488,306.049503,330.8343296,8.600227372,15.74652192,15.75614855,310.0987268,307.6321067,331.6943335,10.46038918,13.9483111,15.35335071,-0.5509577825,-10.81982997,11.37071088,4.579396369,4.484720044,-9.064207823,211.6338091,235.4785742,271.4842711,2.554342379,4.763429305,3.803176628,213.3647791,238.6012221,273.8362275,5.359860094,9.138011798,7.199208635,0,-109.1114026,92.64145701,91.5378834,-31.29019971,-148.3541117,0.03022161041,-109.1081919,92.7248089,-28.48849264,-139.8346279,65.12206059,49.97685855,49.98527184,3578.809339,3995.551406,-2.399510474,-600.343305,3.6884293,1
2713,64,32,96,1,0,1,1,1,1,1,1,0,1,1,1,264.0130883,201.9868552,227.6618374,9.509497199,7.157923468,11.14811766,265.4955797,202.5600811,226.2857692,11.34260233,3.33001979,10.52672196,7.32503628,1.206947726,-8.532173116,-7.363858949,-1.202310379,8.565987351,263.9955505,201.984336,227.6578605,0.7750694442,6.865310461,4.85723622,265.4387482,202.553879,226.2334935,6.155670971,2.638994407,3.073108375,0,-116.9639793,108.500357,115.3669241,-96.92286484,69.22659452,0.207791057,-117.3274986,108.5891716,-6.511615357,178.3594253,-161.9261425,49.99009782,49.98996464,1980.809484,2002.745925,-24.39248227,-88.64677067,3.7784345,1
2714,64,32,96,1,0,1,1,1,1,1,1,1,0,1,1,259.9967143,201.1499363,234.3651994,22.63555517,53.62379092,55.33619408,265.5479873,199.7159632,228.8155808,25.66038973,51.95075727,54.92459901,-0.2967693406,-36.14142989,36.43809236,0.4085655496,35.88745497,-36.29612588,259.7025285,199.8176732,232.6900812,10.74749647,14.3219635,12.95552988,265.1572789,199.6240329,228.3086503,16.03697668,8.149349815,12.33980001,0,-115.0220499,109.0976415,152.5442513,-90.76223726,37.07163013,0.5658663489,-116.2932729,109.8412159,-17.92004225,111.9530526,-160.1880345,49.98554605,49.98582777,2881.381799,2794.869468,158.3039961,-17.2530269,3.8152488,1
2715,64,32,96,1,0,1,1,1,1,1,1,1,1,0,1,263.3535786,200.5169541,229.717528,3.832555472,8.059412612,8.030976919,263.1267815,202.513182,229.0661978,5.807330026,9.494581572,6.215530553,1.257836023,-6.924917384,5.666932695,-1.24907332,6.874213926,-5.625288587,263.3440604,200.5087364,229.6965458,3.358421944,3.594583722,5.276634496,263.1191034,202.5155216,229.064682,5.508987792,6.231897192,1.577147569,0,-116.3009703,109.0650408,-68.6352231,-61.16005606,116.700895,0.3385645351,-116.3214534,108.7629403,34.66036709,-144.6908708,-44.02528497,49.99013695,49.99012222,1975.949887,1972.241171,-19.83834545,-104.8310951,3.8200302,1
2716,64,32,96,1,0,1,1,1,1,1,1,1,1,1,0,261.5332961,202.3876604,230.5880929,39.31016802,40.59046626,17.38907166,262.4218856,206.4486493,227.4984882,40.27828861,40.87086674,15.07197814,27.42746513,-27.03824609,-0.3903157854,-27.51580603,27.10113152,0.4135828893,261.487594,202.2215726,230.3064519,6.344373591,9.555344643,11.45558062,261.6922004,205.567984,227.282215,10.33949322,9.844294961,7.646452139,0,-116.1017936,108.1437105,-117.7145985,-47.50349072,104.7648444,0.7870200642,-116.7467523,107.4584736,33.05543731,178.7445584,-76.73649354,49.98838438,49.98704072,2260.329273,2554.751152,-17.0297533,-3.4746904,3.791907,1
2717,64,32,96,1,1,0,1,1,1,1,1,1,1,1,1,264.7622514,202.6615174,226.1036542,7.868003689,3.529548483,6.821739979,263.9092964,203.0828882,227.5861054,4.891350256,6.812819904,7.745162543,-4.772479027,-1.409910421,6.182280061,4.738295207,1.418701252,-6.157104681,264.7465128,202.6628903,226.0961045,6.174680294,3.006023304,2.707820419,263.9011335,203.0847972,227.5896192,0.6910775493,6.556385946,4.592881409,0,-117.560988,108.1860158,-5.606586658,-176.2558218,-163.3127526,-0.1601258322,-117.0815839,108.1451793,121.6158594,-94.46949767,72.01244322,49.99011359,49.99010672,1979.647319,1976.221496,-12.69204426,-96.58737928,3.7821073,1
2718,64,32,96,1,1,0,1,1,1,0,1,1,1,1,1,264.7443566,199.9696482,228.4035841,22.39614518,48.82220053,50.98313782,260.5693755,202.3604271,233.7116827,19.28169452,50.25499096,51.37253185,-0.1685406968,-33.84750331,34.01579703,0.1142798802,33.97051839,-34.08502283,264.424333,199.9060907,228.0782718,14.27116717,7.545701434,10.84362249,260.3230778,201.0249006,232.4094355,8.879939162,13.5245181,11.80862841,0,-116.8585727,109.2800602,-16.15698737,115.2520936,-156.0300938,-0.4797680169,-115.5430111,108.7407986,153.6555311,-90.54213879,42.83691408,49.98702888,49.98603946,2502.165065,2743.05097,65.23811292,6.369676058,3.7621707,1
2719,64,32,96,1,1,0,1,1,1,1,0,1,1,1,1,265.1878269,201.8678061,226.3268557,12.07918438,3.392578903,11.20117717,264.217832,202.4160875,227.8442073,10.3365619,7.146997032,11.7466136,-7.533897658,-1.197903438,8.731627753,7.482872622,1.200074378,-8.683119269,265.1215108,201.8590312,226.2589319,6.199680363,2.773978618,2.936893003,264.197779,202.4112993,227.8365465,0.9116231595,6.878716069,4.712579403,0,-117.4744046,108.5747051,-7.937240155,177.3501934,-163.3472939,-0.1466255916,-116.9626742,108.513339,112.5755769,-95.9617767,69.97933799,49.98996231,49.99005088,2009.041063,1986.062873,-4.676644516,-101.7962378,3.7791552,1
2720,64,32,96,1,1,0,1,1,1,1,1,0,1,1,1,312.5417796,209.3056216,402.0087296,22.52715981,15.0771589,17.92733956,309.4816903,204.8934938,401.5995321,21.47481439,12.80052096,19.36505879,17.18939197,-6.779658076,-10.40974555,-18.07282828,3.051421241,15.02125157,279.9854151,144.7532189,277.536905,11.99374356,8.385136547,11.83954274,276.1565869,142.311974,273.4385361,7.797585067,5.143868964,8.181196909,0,-101.2056427,133.2332758,-34.80159928,-137.636699,103.2206273,-0.02111355328,-101.0903006,133.0824592,118.8155662,4.055906313,-93.0235272,49.97930687,49.98707731,3330.230944,3365.200429,-618.2671749,383.3738235,3.6366874,1
2721,64,32,96,1,1,0,1,1,1,1,1,1,0,1,1,266.6409881,203.9412631,222.7338848,24.48141045,6.289287426,28.88907798,266.9201672,204.5361067,222.7836528,24.47423811,6.28382264,28.86060347,-23.22165553,-4.152254725,27.37383102,23.20413641,4.150722716,-27.35494082,266.5507866,203.8533787,222.6462395,2.867723498,3.823304161,1.929744265,266.824972,204.4420355,222.7037427,2.96574205,3.820794401,1.783687718,0,-118.5925181,107.7664864,-1.822978328,-118.6374829,105.4827339,0.03622210798,-118.523657,107.7782288,1.6494556,-118.7606588,110.1366056,49.9891052,49.98908512,2180.573119,2179.575965,19.34948919,-64.27032724,3.7558449,1
2722,64,32,96,1,1,0,1,1,1,1,1,1,1,0,1,267.8686977,199.7073128,226.1626625,55.21908069,21.35580075,53.70416279,263.5484314,205.7254231,225.2256256,54.9981773,25.38766173,52.97987334,-35.94218455,-0.4172137938,36.35926945,35.82672566,0.3790421637,-36.20588082,266.7409548,199.4086114,224.5576795,12.73389904,10.03273885,12.27452053,263.2286154,205.2596909,225.1008789,12.97336265,16.83264468,9.775428227,0,-117.7610684,109.459635,-79.06939762,28.85271394,150.168967,0.8489054515,-117.0638323,108.2796421,74.88061266,-136.8019218,-15.18161601,49.98532817,49.98588261,2917.622074,2771.897645,178.1492999,-10.83177454,3.7896657,1
2723,64,32,96,1,1,0,1,1,1,1,1,1,1,1,0,263.0620304,203.1627479,227.8145158,8.175468116,5.501449276,4.333099826,262.0581503,204.718278,228.5096577,7.10617903,8.776548254,3.236445006,6.231714256,-5.346638039,-0.8851894964,-6.26140292,5.381705043,0.8795835324,263.0530517,203.1646796,227.8176816,5.135106953,0.8108982772,4.133978008,262.0375305,204.7083006,228.5128461,3.110696418,6.858834595,2.966036743,0,-117.0464705,107.8126513,-32.67311801,-99.39866055,151.2859074,0.1008060406,-116.7278679,107.5298263,62.82892368,-119.1042373,33.49459695,49.99009989,49.99009501,1981.865769,1978.99046,-21.23407054,-103.968034,3.7609726,1
2724,64,32,96,1,1,1,0,1,1,1,1,1,1,1,1,264.7698931,202.6661402,226.0872745,7.873885065,3.532095976,6.845424052,263.9243589,203.0847353,227.5710859,4.920305196,6.812023342,7.772786633,4.807188329,1.408704707,-6.216029359,-4.772750655,-1.41865837,6.191272114,264.7540258,202.6674017,226.0795669,6.15694709,3.009151594,2.691357645,263.916191,203.0866263,227.5745887,0.6743008823,6.555550243,4.594962289,0,-117.5658892,108.184803,-5.536558102,-176.2510129,-163.0119166,-0.1604624214,-117.0866979,108.1459843,120.7865984,-94.44855572,72.27968566,49.99010864,49.99011099,1981.089215,1974.860725,-11.50839829,-97.71451065,3.8397569,1
2725,64,32,96,1,1,1,0,1,1,0,1,1,1,1,1,265.420842,201.9101931,226.2564603,11.40924196,3.526930574,10.5713745,264.1985953,202.3806286,227.7797114,9.225238928,7.233049575,11.0559321,8.080771166,0.9269883645,-9.008234354,-8.027460134,-0.9362878438,8.96327981,265.3810082,201.908879,226.2182903,6.801154908,3.007860191,3.206377098,264.1878561,202.3793712,227.7762459,1.490443597,6.995633523,4.643698744,0,-117.5159341,108.6111077,-10.18978706,174.9156119,-168.6134773,-0.1616152247,-116.9815713,108.5082591,127.1502616,-94.04895015,65.27845095,49.98990591,49.9901577,2020.370346,1977.453536,-8.125992366,-97.08357697,3.7810886,1
2726,64,32,96,1,1,1,0,1,1,1,0,1,1,1,1,265.0001172,199.3386272,228.5241862,27.25648987,54.47972142,57.63339836,259.643951,202.2833912,234.3878183,24.20810296,55.97170639,57.94384202,0.5148475593,37.55644059,-38.07136017,-0.4472162911,-37.69431457,38.14145091,264.546988,199.250575,228.056416,16.78480343,8.762545355,12.86848193,259.3282213,200.6321357,232.7950979,11.5066728,14.88619306,13.41812162,0,-116.8154653,109.5205846,-19.32282052,110.6478363,-160.9886591,-0.5278826121,-115.3347617,108.7537231,151.331146,-90.90387587,35.62231874,49.98536176,49.98507505,2893.032201,2969.277476,87.61285119,105.2005412,3.796669,1
2727,64,32,96,1,1,1,0,1,1,1,1,0,1,1,1,266.6549082,203.937422,222.7282807,24.5146408,6.28868092,28.92293245,266.9240552,204.5317272,222.7735277,24.50554792,6.283899147,28.89165388,23.25556457,4.151788343,-27.40743038,-23.2379655,-4.150916733,27.38879735,266.5643339,203.8491357,222.6399946,2.875752713,3.822666082,1.951480237,266.8291289,204.4374827,222.6941555,2.959298434,3.821268593,1.761692101,0,-118.594644,107.7702808,-2.223667169,-118.6254138,105.5611071,0.03616166785,-118.5259721,107.7796373,2.047035909,-118.7771044,110.1132921,49.98908552,49.98910321,2183.840719,2178.511853,19.41850306,-64.06014876,3.7793774,1
2728,64,32,96,1,1,1,0,1,1,1,1,1,0,1,1,312.4114052,208.7216092,401.237495,23.13432298,15.29038912,18.93571477,309.0298696,203.615767,400.7020436,22.15257365,12.72747476,20.49091689,-18.92013887,7.451251427,11.46817521,19.79682813,-3.749719893,-16.04766193,279.9706465,144.0538439,278.4512479,12.57206461,9.313252479,12.82640037,275.8535655,141.295139,273.8972505,8.496264603,6.065462122,9.365596046,0,-100.8555485,133.5020416,-36.68407052,-139.0460802,99.41492879,0.01318922177,-100.7069373,133.3973978,118.0467751,7.970298485,-96.53480998,49.98180694,49.98460178,3398.213709,3304.559482,-643.0092086,416.7813622,3.6923341,1
2729,64,32,96,1,1,1,0,1,1,1,1,1,1,0,1,263.3522613,203.2731314,227.5426103,10.04064548,8.290338335,4.512918386,262.3696028,204.9158574,228.1856881,9.271585027,10.75205018,3.231252582,-7.238111961,6.393240175,0.8443410321,7.278178019,-6.439293158,-0.839417687,263.3412351,203.271394,227.542761,5.095908914,0.9182855161,4.292329104,262.3297864,204.8802789,228.1856899,3.240101038,6.846509073,2.91562261,0,-117.1460878,107.8074475,-34.1361365,-87.80804118,149.3197353,0.1132040986,-116.8455956,107.5059946,61.79428278,-120.9228965,29.33471939,49.99006147,49.99002089,1991.998681,1994.81347,-28.31596971,-95.02336171,3.8296782,1
2730,64,32,96,1,1,1,0,1,1,1,1,1,1,1,0,266.3954572,201.1258525,225.8360789,39.76087331,13.8690454,38.87499037,263.6107487,205.4007152,226.2493946,39.52918885,18.23886571,38.37357004,26.46188135,0.4926636339,-26.95342134,-26.36857681,-0.4679969314,26.83763764,265.7620697,200.9550471,224.942268,8.622583106,6.127110967,8.276480271,263.4507326,205.1890145,226.1876091,8.540888157,13.2470795,6.459098505,0,-117.7454018,108.7499819,-69.44159201,32.67377617,157.2664912,0.4925886322,-117.1074719,107.9971049,71.1385177,-130.8478204,3.271954031,49.98716161,49.98853506,2497.242111,2222.256064,92.72981885,-104.3638626,3.7879487,1
2731,64,32,96,1,1,1,1,0,1,1,1,1,1,1,1,261.9307148,203.6160938,228.7565881,5.695366255,7.476709678,3.153671889,263.3213786,203.2750114,228.3354511,6.786300502,3.796671941,4.231783323,4.82049706,-3.604324484,-1.216282413,-4.788056865,3.563983955,1.223963641,261.9160124,203.6144715,228.7598789,2.922167775,6.528701052,2.767233561,263.3134824,203.2777076,228.3386625,4.740220424,1.192885533,3.950106801,0,-116.7302891,107.6136229,55.40253846,-120.7221387,35.80559281,-0.04232908806,-116.8663978,107.8994371,-30.59986212,-95.6690832,149.4228878,49.99013111,49.99013938,1975.216427,1970.490111,-20.90098465,-105.3490359,3.8063816,1
2732,64,32,96,1,1,1,1,0,1,0,1,1,1,1,1,261.7201658,204.8113602,227.8723997,31.50826228,32.1824228,11.66845929,262.2824219,202.8075647,230.1492264,30.72136511,31.6782794,14.00257846,21.963078,-21.94438564,-0.01893921177,-21.81903854,21.80375587,0.01528406014,261.1901896,204.3235198,227.7093582,8.088324017,7.620659136,5.804960016,262.2350585,202.7301971,229.9710605,5.354963704,6.691472856,9.612522797,0,-117.0562141,107.0943404,41.07744443,-169.1274029,-70.40195164,-0.5398887094,-116.5758366,107.7345093,-94.00739427,-53.18020992,108.7022111,49.98843566,49.98888763,2258.775189,2180.022524,29.84392433,-96.97251312,3.7953333,1
2733,64,32,96,1,1,1,1,0,1,1,0,1,1,1,1,262.9136616,202.0678755,228.8435337,5.852443233,9.502769213,6.11879511,263.7140313,201.1185602,229.6795321,3.8392929,7.912475556,8.004603683,-1.256714506,6.627720328,-5.371114846,1.254217037,-6.653661768,5.399342721,262.9058173,202.0702304,228.8445723,5.569102238,6.483272318,1.808072874,263.7050084,201.1070311,229.6649716,3.392043613,3.742307449,5.437586212,0,-116.6592327,108.3969688,34.62383327,-146.4428357,-39.55646541,-0.2920829122,-116.490099,108.7490838,-69.74420644,-57.71450051,118.6341796,49.99011905,49.99012727,1979.888317,1971.284987,-20.58952805,-102.1463326,3.8399196,1
2734,64,32,96,1,1,1,1,0,1,1,1,0,1,1,1,263.7614266,204.8255541,225.1074597,52.28938672,23.92842743,50.49052129,268.4798432,200.340422,225.9941449,52.43509403,19.7198927,51.13172222,33.96227196,0.5966140513,-34.55893805,-34.01522186,-0.6466148397,34.66180738,263.4665635,204.4651318,224.9978472,12.17970011,16.23019651,9.440347831,267.4289274,200.0668098,224.5351096,12.08121674,9.329404905,11.82948121,0,-117.7853356,107.3487696,74.91691848,-136.7091663,-13.58947786,-0.7224469097,-118.3277927,108.503953,-77.43149051,28.2780073,150.7371203,49.98640092,49.98570867,2670.350391,2833.493247,55.70397721,70.64545522,3.7796091,1
2735,64,32,96,1,1,1,1,0,1,1,1,1,0,1,1,262.9427479,204.2725994,227.5546053,12.50561035,13.63677655,3.540540141,264.6060178,203.4590598,227.1835469,13.03621262,11.56220257,5.291209088,8.739995336,-8.580174009,-0.1614975527,-8.657342766,8.483469852,0.1721844975,262.8697831,204.2060398,227.5466135,3.659751396,7.160454366,3.341389773,264.5858633,203.4510659,227.173638,5.353543241,1.241724421,5.157666632,0,-117.1646816,107.4969197,64.72616796,-126.2376933,15.16086129,-0.09905790568,-117.3007214,107.9167829,-38.31213621,-54.59671696,147.957016,49.98984583,49.99005867,2025.230935,2007.212285,18.74118595,-137.1413838,3.7577782,1
2736,64,32,96,1,1,1,1,0,1,1,1,1,1,0,1,409.8624262,268.8033887,225.5828092,22.33340096,25.56738325,15.03663613,411.6942861,272.2689991,231.911654,20.80527444,25.51577743,16.77192007,17.48197392,-22.65921449,5.176978147,-12.17369621,19.5870882,-7.413594773,313.294185,225.9976692,146.592488,9.329594389,8.503103464,7.256430475,318.5519419,231.4003159,150.1295773,14.14661131,14.54726265,9.225109786,0,-139.0751356,105.868282,120.6330484,-21.75119396,-116.6469005,0.07171970227,-138.9099453,106.1335491,-34.57160124,-170.3451885,73.78956373,49.98090783,49.98078941,3845.824032,3819.948292,1088.924337,-249.5280868,3.5745388,1
2737,64,32,96,1,1,1,1,0,1,1,1,1,1,1,0,259.388608,204.7184364,231.110384,24.06295637,20.57955028,4.481805076,259.6169781,205.3127023,231.2209959,24.01662975,20.56095991,4.485225191,22.91178301,-19.62234258,-3.289526113,-22.88013227,19.58558925,3.294447324,259.3397439,204.6641848,231.0606598,2.897087251,3.787619384,1.926145241,259.5750736,205.2393595,231.1696215,2.778249418,3.888621715,1.924813755,0,-116.1163296,106.9283517,-1.733377721,-117.5678942,106.8225993,0.02758064775,-116.0354735,106.940088,1.682280383,-114.9057207,106.937992,49.98943812,49.98944086,2113.062357,2110.307993,-23.30033043,-106.1853044,3.7477301,1
2738,64,32,96,1,1,1,1,1,0,1,1,1,1,1,1,261.93184,203.6271207,228.7517324,5.697920256,7.488137299,3.152793426,263.3239629,203.2801083,228.3297747,6.783095998,3.794169201,4.235144649,-4.815402771,3.603473787,1.211806614,4.783030162,-3.564195699,-1.218957838,261.9171259,203.6254977,228.7550491,2.933966439,6.541728084,2.771152216,263.3160696,203.2828118,228.3329938,4.739802531,1.184635419,3.95716915,0,-116.7327111,107.6096578,55.40911963,-120.7902343,35.67649136,-0.04326000349,-116.8692402,107.8962803,-30.74251796,-95.08396088,149.436812,49.9901364,49.99013423,1975.057944,1970.752042,-21.37213237,-104.9044962,3.8607131,1
2739,64,32,96,1,1,1,1,1,0,0,1,1,1,1,1,262.8907117,202.0566577,228.8773591,5.864248775,9.603593619,6.322293196,263.6866806,201.1198091,229.7153559,3.853960702,8.076557097,8.161884941,1.271556284,-6.751586881,5.479910512,-1.269304115,6.777333185,-5.508155834,262.8827586,202.0589328,228.8781378,5.564062784,6.429470783,1.77927052,263.6774813,201.1070333,229.6992359,3.379868767,3.740176578,5.42678267,0,-116.648151,108.400322,34.51027743,-146.3997608,-40.90731755,-0.2907192805,-116.4788356,108.7499145,-69.71599989,-58.52379466,118.1087158,49.99011572,49.99012539,1977.77352,1974.047594,-20.57085131,-102.1386185,3.8496077,1
2740,64,32,96,1,1,1,1,1,0,1,0,1,1,1,1,262.3581011,205.9490206,227.0523611,39.68316768,40.36231339,15.00639698,262.0015876,203.070474,230.3073049,38.58377556,39.89645372,17.32261884,-27.06350702,26.69285711,0.3699739191,26.8922226,-26.52640912,-0.3665082234,261.5607494,205.2084482,226.8407442,10.37835237,10.0647651,7.691211417,261.9231869,202.9357729,230.0226238,6.366451707,9.65842676,11.48876824,0,-117.4243811,106.7523918,32.39063417,178.23977,-76.10609229,-0.7370338258,-116.6397176,107.479576,-118.4962314,-47.36455024,104.9341125,49.98717859,49.9883441,2535.818341,2269.657494,81.15062666,-93.2357555,3.738508,1
2741,64,32,96,1,1,1,1,1,0,1,1,0,1,1,1,262.1074312,204.2071916,228.1377865,7.280895057,9.139911762,3.257334648,263.6232534,203.6543206,227.6847829,8.131254803,5.872693339,4.535783196,-6.245238618,5.568074174,0.6772272644,6.193998069,-5.509547403,-0.6843903784,262.0818066,204.1967704,228.140264,3.300285446,7.019427964,3.062310393,263.6127327,203.65637,227.6868747,4.963205543,0.9620112106,4.397220375,0,-116.9547041,107.3638805,59.39549149,-122.8725623,28.51597868,-0.07001921526,-117.1078535,107.6983681,-35.03182519,-70.57082457,150.5670665,49.99005989,49.99012589,1988.723474,1973.40243,-22.7053568,-103.6837869,3.8523101,1
2742,64,32,96,1,1,1,1,1,0,1,1,1,0,1,1,263.505605,204.3041314,226.5948528,30.93739464,14.40146692,30.45555654,266.2194582,202.2583243,225.8406391,31.22676147,9.703347463,30.76260659,-20.87063685,-0.7291721826,21.60100671,20.91465727,0.7546533174,-21.66795792,263.4223993,204.1987817,226.5521524,6.098371188,11.23320252,5.434728463,265.8119833,202.1322789,225.2635002,6.920449835,3.833275805,6.553039371,0,-117.408644,107.5013504,71.06111875,-125.850426,18.75913124,-0.2350697963,-117.8654232,108.0740921,-56.66927708,37.84940721,163.7038018,49.98926507,49.98819713,2109.045751,2293.044889,-37.23454349,-29.36765169,3.7410536,1
2743,64,32,96,1,1,1,1,1,0,1,1,1,1,0,1,259.3869572,204.7174091,231.1141414,24.07498181,20.59078422,4.481238073,259.6134357,205.3090531,231.2280716,24.02561373,20.57026943,4.487182233,-22.92262629,19.63277334,3.289770603,22.89087014,-19.59658851,-3.294346004,259.3377829,204.6629586,231.0641845,2.909166837,3.792535859,1.923324826,259.5713821,205.2353857,231.1763797,2.765866519,3.88403307,1.927716461,0,-116.1152322,106.9285161,-1.641258803,-117.6915352,106.9303083,0.0264095627,-116.0340808,106.9401217,1.599506664,-114.7795536,106.8305961,49.98944182,49.98944315,2113.787168,2109.346259,-23.58074157,-105.925112,3.7809102,1
2744,64,32,96,1,1,1,1,1,0,1,1,1,1,1,0,410.939773,270.7688403,232.7417297,18.2919339,21.59699547,15.11859406,411.9791634,272.688636,235.2032685,17.02922601,21.46632962,15.96580968,-10.68630447,13.29256877,-2.617616343,5.287422209,-10.21003174,4.91120581,311.8783617,227.4885846,151.1422032,4.762287003,4.243863186,4.246720924,314.858541,230.4062524,152.5767649,8.603729252,9.65004363,6.078500345,0,-138.1324679,105.1507647,93.93057429,-46.70224726,-129.1152663,0.06548680785,-138.1013268,105.3580312,-33.53538301,-164.2845718,70.63482259,49.97530536,49.98681337,4042.527914,3606.97283,713.1658857,117.0592282,3.6881303,1
2892,32,32,64,1,1,1,1,1,1,1,1,1,1,1,1,237.5498674,204.1347935,249.5234437,4.627606581,3.907945181,2.517544693,238.1955832,204.6003099,249.8370557,4.280696433,3.772417692,2.94321098,-0.001672326131,0.008034054688,-0.006423838612,0.001727828971,-0.009074681675,0.007282154607,237.5352063,204.1393518,249.5333199,4.627046024,3.907576338,2.517101239,238.1809035,204.6049251,249.8469336,4.28014126,3.772116695,2.942858568,0,-128.1802342,109.5555186,0.4035833328,-132.9706546,108.3177906,0.05296404092,-128.0913117,109.6005184,-0.6704174963,-123.4266535,110.5148453,49.98738556,49.98738589,2525.837355,2519.70536,39.61422785,-94.85352957,3.7279863,1
2893,32,32,64,1,1,1,1,1,1,0,1,1,1,1,1,237.3573173,203.5807386,250.2355078,8.077510226,9.983866644,5.997024862,238.1844804,202.4528182,251.7127818,3.985826291,8.475634035,8.9869089,1.484004912,-7.198031515,5.713961389,-1.47383989,7.22219171,-5.748406758,237.3420935,203.5847784,250.2425964,7.817334647,6.787170544,1.308866262,238.1678856,202.4425312,251.7059346,3.432472556,4.227344502,6.790477626,0,-127.9756763,109.7395973,22.25411741,-161.6037926,-72.95407297,-0.3513137523,-127.7645315,110.0541887,-60.85550335,-65.60020347,109.2729275,49.98730554,49.98730182,2541.148781,2537.175801,34.99602243,-97.96469921,3.7593387,1
2894,32,32,64,1,1,1,1,1,1,1,0,1,1,1,1,237.3603116,203.583052,250.2320569,8.07779688,9.98085512,5.983145956,238.1854272,202.4572558,251.7091481,3.979849192,8.463723561,8.974430724,-1.481881073,7.182339911,-5.700519039,1.471910148,-7.208695109,5.736728517,237.3450746,203.587083,250.2391018,7.818432177,6.797940887,1.303254933,238.1688547,202.4469396,251.7023004,3.427302464,4.227980968,6.785129171,0,-127.977139,109.739095,22.21679535,-161.6002902,-72.55033135,-0.3507181276,-127.7654207,110.0533018,-60.86197897,-65.45717121,109.3516635,49.98730038,49.98730708,2542.237271,2536.086034,34.98292772,-97.95049451,3.8488006,1
2895,32,32,64,1,1,1,1,1,1,1,1,0,1,1,1,238.0517722,204.1085911,249.078873,5.367212879,6.849436089,8.238606165,239.9983294,204.7999019,247.9922963,9.21254295,3.450487707,7.440289699,4.958284691,1.462508394,-6.420855898,-4.997550738,-1.446573071,6.44406199,238.0359829,204.1119137,249.0879165,1.744082029,6.572962583,5.062019167,239.9728746,204.8023751,247.9905318,7.662309379,2.869439867,3.580070317,0,-128.3387048,109.6626917,38.95653453,-106.9988201,69.96153068,0.2289226626,-128.668349,109.8190503,-8.263360507,174.0468656,174.1480719,49.98728725,49.98729092,2545.098439,2539.161648,35.92591495,-97.90362855,3.7512301,1
2896,32,32,64,1,1,1,1,1,1,1,1,1,0,1,1,238.0517499,204.1093387,249.0795422,5.381388818,6.854452621,8.253238353,239.9976244,204.8008732,247.9900523,9.219989407,3.450630381,7.449245512,-4.973281212,-1.462106085,6.435322261,5.012684428,1.444048897,-6.456807659,238.0359586,204.1126723,249.0885909,1.742895975,6.579056747,5.070367325,239.9721596,204.8032221,247.9882167,7.661073795,2.871637309,3.576789392,0,-128.338499,109.6626347,38.86546139,-106.9692402,70.02345391,0.2290278204,-128.6689167,109.8185269,-8.242761868,173.9151088,174.2991269,49.98728515,49.98729276,2544.696564,2539.597554,35.41431623,-97.41473382,3.7747466,1
2897,32,32,64,1,1,1,1,1,1,1,1,1,1,0,1,237.2904909,204.6034635,249.4806792,9.065090821,4.839290898,5.391838197,236.6027118,206.0723647,250.2718337,7.585899783,8.591443221,3.702997191,-6.119200493,4.714917277,1.404223243,6.148848378,-4.753887874,-1.39502418,237.2754838,204.6064934,249.4896634,6.603006524,0.6287646257,5.06707448,236.5776344,206.0655235,250.2802251,4.314451341,7.101714585,3.215401726,0,-128.1816147,109.325733,-27.79343555,-150.457791,144.4578803,0.1765283182,-127.8064805,109.0550496,45.24068612,-126.2443821,43.5552627,49.98731259,49.98731047,2539.43297,2535.708577,30.68045149,-102.1090541,3.7813092,1
2898,32,32,64,1,1,1,1,1,1,1,1,1,1,1,0,237.2859077,204.6029085,249.4844862,9.050763959,4.810695428,5.39186013,236.5950754,206.0706331,250.2753131,7.562404312,8.571440977,3.700505472,6.091553444,-4.686875509,-1.404732693,-6.120917547,4.723655805,1.397204369,237.2709145,204.6059338,249.4934841,6.609155617,0.6350394391,5.066754458,236.5700678,206.0638147,250.2837028,4.312891898,7.097706332,3.212022858,0,-128.1799078,109.3252142,-27.79679492,-150.8362895,144.4187189,0.1767298233,-127.8041015,109.0544839,45.32233596,-126.1907097,43.55013785,49.98730966,49.98731395,2540.740692,2534.364994,31.06905225,-102.5240306,3.8941445,1
2899,32,32,64,0,1,1,1,1,1,1,1,1,1,1,1,237.4669933,201.8284616,251.6299178,4.08488059,8.660112947,9.018288244,237.9767512,203.9472748,250.6872391,7.978686041,9.987494092,6.230291692,-1.553531827,7.57140565,-6.017930168,1.546724167,-7.510876109,5.964099464,237.4500922,201.819132,251.6186729,3.480971238,3.947818596,6.561669545,237.9617751,203.9513778,250.693016,7.690129546,6.424891688,1.099820225,0,-127.4420357,110.3946025,-58.73079055,-69.70462029,107.6465108,0.4786453626,-127.4953896,110.1649064,22.79062141,-158.9002822,-85.31978415,49.98730507,49.98730146,2542.775454,2535.865405,37.08524918,-98.53788332,3.8987113,1
2900,32,32,64,0,1,1,1,1,1,0,1,1,1,1,1,268.6264038,330.0929316,327.5631502,9.430747235,17.98784838,17.71811554,272.4244181,331.5434694,329.6329164,11.88529882,15.44079466,17.83483048,0.1171519234,14.92314234,-15.04120197,-5.749941678,-7.128953348,12.87802455,187.0402577,237.9438533,282.2162639,3.440982416,5.328971128,5.856697746,189.3306212,241.84611,285.7835528,6.847689095,11.60853566,10.22629824,0,-118.8209794,93.91560902,72.55106833,-12.98812504,-150.1025234,-0.008352832706,-118.6713756,93.99727405,-28.75022425,-145.0432796,62.92627542,49.97336703,49.97989989,4735.305182,4644.736401,94.92016261,-794.3020109,3.7534164,1
2901,32,32,64,0,1,1,1,1,1,1,0,1,1,1,1,238.0844883,198.4717808,253.8372622,7.38025214,36.20599742,30.83924755,238.7741388,198.9967437,254.0768835,7.339891963,36.10549835,30.81417013,-4.841363402,33.83617263,-28.99485231,4.806990152,-33.75888119,28.95184821,237.9507156,198.3205003,253.6616544,4.470430068,3.802946382,2.664385133,238.6383705,198.8153427,253.9245387,4.4523472,3.640344569,2.89191011,0,-126.793562,111.681948,0.1354462279,-129.4488123,108.5289321,0.06654103578,-126.7181055,111.7248855,-0.3510984331,-124.2368255,114.4809431,49.98581893,49.9858187,2839.745109,2834.701579,86.61641225,-49.19064499,3.7662182,1
2902,32,32,64,0,1,1,1,1,1,1,1,0,1,1,1,234.1811499,202.2403308,255.8295631,24.18206965,56.28286078,58.49659418,241.0428771,201.1001726,250.8200883,28.79623599,54.62271107,58.12290625,0.4708514679,38.05371154,-38.524641,-0.6178170866,-37.73337303,38.35112323,233.906217,200.6530028,254.2629935,11.17580852,14.74596333,14.07164818,240.5655414,200.9883673,250.309957,19.01909298,9.072657695,13.99967757,0,-126.0890028,110.4382506,143.6627125,-96.38143696,32.7364684,0.5776577778,-127.4466328,111.3426296,-20.28901443,108.3802575,-169.9510175,49.98177764,49.98309232,3602.817652,3253.247464,248.8365884,-53.30813826,3.7861697,1
2903,32,32,64,0,1,1,1,1,1,1,1,1,0,1,1,238.6988667,202.2787989,250.1734262,10.33847262,7.337132301,12.02405998,241.0138161,202.946586,249.0877878,13.11148934,3.658724941,11.68868475,-9.077595756,-0.9751212496,10.0524935,9.150073761,0.970599231,-10.12089334,238.5854863,202.216654,250.1421445,1.911728804,6.977434077,5.107796019,240.8225616,202.8566264,248.9913006,8.175647583,2.862694115,4.093282021,0,-128.031025,110.426542,59.93760169,-106.1236809,64.9882341,0.2256820449,-128.4167385,110.6354418,-11.70407866,164.8822014,173.1634638,49.98748866,49.98689695,2513.281779,2609.885209,35.46643427,-86.70651127,3.8428429,1
2904,32,32,64,0,1,1,1,1,1,1,1,1,1,0,1,234.9288073,204.2732773,252.4520881,51.21757613,54.45584153,26.34047857,237.3450171,209.7917536,247.4493934,52.91260717,54.72085198,23.22605912,-35.64682069,36.54416041,-0.896821488,35.78869709,-36.6196973,0.8314793672,234.8501932,203.8717156,251.9340021,7.820433971,12.60729143,16.54161615,236.029305,208.2535061,247.1097141,14.66483471,12.56167629,11.28439004,0,-127.001571,109.3399689,-123.4973979,-55.48072262,95.73211395,1.208459393,-127.900082,108.6474285,26.58827422,160.1531388,-90.63018819,49.98319329,49.98270028,3280.157231,3399.418543,84.47894399,64.73954437,3.8547259,1
2905,32,32,64,0,1,1,1,1,1,1,1,1,1,1,0,237.1824549,201.8705199,251.9086336,4.008033873,9.741722776,10.090978,237.7283068,203.9932526,250.9075225,8.064602005,10.87471037,7.638105829,-1.458816418,8.316770422,-6.857994431,1.445493609,-8.242276629,6.796749329,237.1647861,201.8499458,251.8832697,3.411539123,4.056739246,6.624662294,237.712929,203.9963748,250.9111733,7.790065237,6.414533818,1.182949632,0,-127.3330608,110.3517694,-60.4058695,-69.75467975,106.6729235,0.4880835938,-127.3982679,110.1253125,22.4165694,-159.7593569,-89.8440201,49.98727179,49.98728421,2549.049142,2540.355086,36.79408528,-99.61842295,3.8434261,1
2906,32,32,64,1,0,1,1,1,1,1,1,1,1,1,1,237.4714231,201.8262424,251.6253248,4.08413603,8.695104517,9.054646874,237.9811093,203.9491366,250.6803088,7.983491208,10.0266632,6.275746491,1.54505154,-7.608449731,6.063341957,-1.538003164,7.545539535,-6.007595416,237.4545623,201.8168231,251.6138545,3.482638494,3.952366111,6.568528497,237.9661312,203.9532368,250.686081,7.696237194,6.441967415,1.104112939,0,-127.4437639,110.3958343,-58.83378221,-69.45730749,107.7473917,0.479451196,-127.4974682,110.1654105,22.80954385,-158.9444281,-84.65825185,49.98730372,49.98729991,2541.61777,2537.440751,36.77855486,-98.24241541,3.8631677,1
2907,32,32,64,1,0,1,1,1,1,0,1,1,1,1,1,238.0822707,198.4855247,253.8452541,7.380058861,36.16867165,30.80464324,238.7720191,199.0030792,254.068307,7.340226794,36.06246622,30.77504862,4.83843479,-33.8038997,28.96540764,-4.804029692,33.7251791,-28.9211969,237.9486335,198.3343971,253.6702748,4.470083127,3.831312942,2.690870612,238.6369196,198.8221409,253.9166459,4.452650359,3.611095931,2.867190387,0,-126.79215,111.6784728,0.171315676,-129.1970622,108.2202618,0.06742056718,-126.719948,111.7218881,-0.3863030486,-124.461681,114.8173101,49.98582389,49.98581928,2837.742455,2833.64498,85.21968144,-48.00533743,3.7563563,1
2908,32,32,64,1,0,1,1,1,1,1,0,1,1,1,1,267.9848279,330.6536225,327.4470689,10.47342729,17.52978433,17.53457731,271.816828,332.009591,329.2702896,12.58991102,14.98588372,17.63489205,-0.1562967182,-12.88916945,13.04512258,5.776809422,5.082837618,-10.86003918,186.5196216,238.3725898,282.1223218,3.692057893,4.485992716,4.19312637,188.8802027,241.7114456,285.0503411,6.908228804,9.760775215,8.775493793,0,-118.8743583,93.66811264,72.917181,-32.7198805,-152.4016566,-0.00811490835,-118.7973346,93.77565738,-30.82361291,-146.2229259,67.76970117,49.97182216,49.98137942,4560.699982,4802.535391,11.47694958,-717.0588831,3.808872,1
2909,32,32,64,1,0,1,1,1,1,1,1,0,1,1,1,238.3081948,203.2550301,249.5575035,7.90046745,7.160677236,10.1449624,240.4308454,203.8971898,248.3518532,11.15069066,3.265992068,9.507296646,7.099851607,1.013299972,-8.113196873,-7.150184753,-1.006402332,8.156538871,238.2888445,203.2557676,249.561288,1.696614061,6.984576107,5.371473638,240.3845221,203.8972928,248.3266268,7.999385186,2.857576387,3.956074156,0,-128.1983505,110.0097925,51.25658804,-106.4574854,67.0934728,0.2341089308,-128.5796332,110.1910797,-9.550678426,165.2987341,177.5398119,49.98723618,49.98725303,2555.754992,2545.860634,37.31577782,-94.83185749,3.8692644,1
2910,32,32,64,1,0,1,1,1,1,1,1,1,0,1,1,233.4619347,202.1771477,256.5766315,27.26858792,62.23107336,64.69800546,240.9586833,200.4437798,250.7318346,31.7196251,60.45390673,64.29575336,-0.5836209772,-41.76278335,42.34643554,0.7499405719,41.40856047,-42.15847148,233.0947217,200.2512654,254.7172686,12.54416059,16.3325039,15.54555357,240.3571965,200.3173166,250.1154066,20.25362112,10.43095035,15.47947225,0,-125.7978926,110.4703228,142.6046803,-97.27789748,31.66498189,0.6294629007,-127.3404074,111.4918166,-21.9968208,103.2859422,-168.8521889,49.98109488,49.981249,3767.73944,3719.188612,289.3619347,34.78852169,3.7586133,1
2911,32,32,64,1,0,1,1,1,1,1,1,1,1,0,1,237.2581548,201.8246123,251.8545282,4.020077783,9.182361457,9.557267251,237.7830928,203.9808828,250.8632088,8.064390992,10.46452449,6.899666224,1.421641745,-8.054672808,6.632916126,-1.410800479,7.982824331,-6.572129636,237.2412512,201.8114286,251.8377985,3.468367639,4.038364168,6.659263956,237.7681051,203.9843837,250.868454,7.807956235,6.528751971,1.192411996,0,-127.3532075,110.3751801,-60.77839199,-68.13796113,107.5602803,0.4908762939,-127.4156947,110.141134,22.84376232,-159.6078515,-84.69904039,49.98730788,49.98727567,2541.972122,2541.336207,36.14242777,-98.79646024,3.7515387,1
2912,32,32,64,1,0,1,1,1,1,1,1,1,1,1,0,234.8342641,204.2702034,252.4479272,53.14970883,56.19065089,26.73371333,237.6480947,210.2009926,247.2498704,54.95603162,56.53148308,23.61141029,36.78579617,-37.32517307,0.5387950722,-36.92725019,37.40131717,-0.4746508666,234.7562967,203.8341322,251.8940426,8.32324761,13.54493077,16.74094332,236.2646929,208.5630416,246.9062295,15.51818023,13.77142659,11.46813987,0,-126.9852196,109.3537215,-129.7028541,-52.09813205,96.2717433,1.268269363,-127.9565934,108.6502373,24.55839974,160.6515999,-89.7379619,49.98308013,49.98215912,3297.354899,3534.737621,90.33933805,85.55510042,3.7936082,1
2913,32,32,64,1,1,0,1,1,1,1,1,1,1,1,1,239.194266,204.1530639,247.9262045,9.052128458,3.497254728,7.027725951,238.5494284,204.5980772,249.4715792,5.09898085,6.90045304,7.798605342,-4.652700264,-1.401525981,6.054158686,4.598540231,1.415863354,-6.014472667,239.1722197,204.1557583,247.9240818,7.690761585,2.995481811,3.472957698,238.534309,204.6009088,249.4802401,1.930262279,6.658941378,4.895354087,0,-128.8445219,109.7185534,-10.26664341,171.5099764,171.7733986,-0.0705578445,-128.3597077,109.6195741,44.08793662,-105.9720956,70.77555424,49.98729635,49.98729379,2543.62154,2538.207075,39.58553522,-95.13944051,3.8953893,1
2914,32,32,64,1,1,0,1,1,1,0,1,1,1,1,1,239.0856766,201.5257737,250.214248,21.34624946,48.2249561,49.73729451,235.5528161,203.3435789,255.5048517,16.45403264,49.59090164,50.24493441,0.3607305606,-33.37500592,33.0147039,-0.4261106992,33.51173217,-33.08517947,238.8183594,201.4490918,249.9506129,15.00331981,8.054211315,10.79934323,235.3423528,201.9727377,254.3805296,6.820403626,13.44453006,12.1460227,0,-128.1416498,110.5244724,-15.58121508,113.0656548,-159.3974836,-0.4216406697,-126.8165949,110.0504447,144.3386993,-96.27499098,47.55582271,49.98515133,49.98298921,2847.463168,3308.10234,123.1795627,-38.58012808,3.8233301,1
2915,32,32,64,1,1,0,1,1,1,1,0,1,1,1,1,240.1083148,202.2943115,249.0536224,13.37825482,3.467003389,11.71599585,239.1547442,202.7946553,250.5765228,10.65515312,7.339472952,12.02973649,-8.208685668,-0.9728990103,9.181119175,8.110103538,0.9746930558,-9.085276949,239.9168313,202.2091936,248.9400004,8.150556201,2.894542184,4.049481376,239.0504815,202.7377502,250.5496306,2.019842812,7.091813605,5.110196989,0,-128.5793004,110.5281359,-12.537114,162.1459552,173.4115285,-0.05705375834,-128.04087,110.3853858,59.57019632,-106.0861701,65.50624618,49.98717314,49.98719864,2566.159435,2553.615803,37.35700012,-82.71296554,3.7837645,1
2916,32,32,64,1,1,0,1,1,1,1,1,0,1,1,1,286.3825671,205.3407681,421.5101077,14.60442366,8.635555745,13.8629481,286.9694058,205.381729,421.3315888,14.55942284,8.491959823,13.58586244,-1.152953079,-2.747044998,3.897375892,-0.7805355082,-1.37635487,2.154366359,251.5268169,135.7866177,302.6525954,4.933681264,3.160989484,3.165317829,252.1613881,135.7165893,302.6124426,4.497101231,2.092165293,3.563388275,0,-111.9991452,132.739337,-0.001393455354,-123.8591931,121.6116344,0.08991912409,-111.9498152,132.8396713,-0.2040513662,-94.23191831,142.5490016,49.98060778,49.97587764,3759.230045,4955.966387,240.7545854,23.13147677,3.8231216,1
2917,32,32,64,1,1,0,1,1,1,1,1,1,0,1,1,240.7188179,205.206455,245.485272,20.63738504,6.345495386,24.82794451,241.4061887,205.8034124,245.6688253,20.6389802,6.340378807,24.77017332,-19.30028965,-4.31772438,23.61795252,19.26578246,4.317888337,-23.58373426,240.6476991,205.1412568,245.4369959,4.427403957,3.84953445,2.797018316,241.3215982,205.7316226,245.6265104,4.600303254,3.842825804,2.577855062,0,-129.7115759,109.5732875,-1.918180082,-129.7699891,106.8176281,0.08597416007,-129.6428834,109.600591,1.647178615,-129.8664531,112.4346003,49.98657229,49.98655369,2688.645246,2686.371746,60.99074554,-73.13445633,3.7615767,1
2918,32,32,64,1,1,0,1,1,1,1,1,1,1,0,1,242.558228,201.2660188,248.2450837,58.32765113,23.52661075,56.70278726,238.5100994,207.6160159,246.8927803,58.09091825,27.82854384,55.49204263,-38.05487889,-0.05222977405,38.10720614,37.83912979,0.02780834629,-37.86684417,241.2989683,200.8892406,246.5675029,14.01923222,11.15610379,14.20633291,238.1600764,206.9690891,246.7492766,15.07081492,18.35361839,10.20182536,0,-129.1789919,110.9800263,-78.34513876,27.19417329,144.6370936,1.154301802,-128.2373535,109.80187,65.89361485,-143.1475028,-18.064985,49.9820287,49.98238258,3581.263225,3477.028379,251.187224,4.830715981,3.8888699,1
2919,32,32,64,1,1,0,1,1,1,1,1,1,1,1,0,237.3903257,204.7825227,249.2429123,9.550710621,5.588129268,5.524867254,236.6231564,206.3260184,250.0441547,8.116035059,9.212801972,3.692883097,6.647583302,-5.485847299,-1.161795159,-6.68379445,5.527990631,1.155739202,237.3747575,204.7853858,249.2518322,6.747185203,0.4344421064,5.276707404,236.595088,206.3150036,250.0527767,4.440697728,7.304984634,3.312354986,0,-128.2673143,109.2708063,-29.23038708,-155.9365854,144.9851562,0.1884882866,-127.8776142,108.9785746,47.61109278,-126.6645801,40.03301729,49.98729055,49.98729521,2544.279447,2538.418326,30.08106287,-103.0144951,3.8524991,1
2920,32,32,64,1,1,1,0,1,1,1,1,1,1,1,1,239.1910591,204.1547485,247.9317003,9.030865352,3.50273902,7.005188336,238.5497294,204.5956557,249.4783497,5.079216157,6.898907518,7.783225243,4.62924807,1.406808654,-6.036122281,-4.575078375,-1.423296245,5.998297342,239.1691224,204.1574862,247.9296913,7.680116878,2.998243991,3.459624459,238.5346125,204.5984729,249.4869893,1.933973909,6.655726794,4.893362224,0,-128.8428221,109.7178543,-10.24450047,171.5665274,171.780261,-0.07181708426,-128.3588971,109.6196508,43.7806346,-105.9504749,70.9302947,49.9872917,49.98729952,2544.715743,2536.990845,40.36565679,-95.95596925,3.8574419,1
2921,32,32,64,1,1,1,0,1,1,0,1,1,1,1,1,240.8981365,201.1810981,250.1701826,16.81690161,4.039847692,15.38891778,239.8230969,201.6053439,251.4695332,14.78404162,7.541875367,15.49496663,10.37232792,1.154456377,-11.52711272,-10.23485401,-1.154304542,11.38882447,240.2096366,200.7567493,249.8402869,7.867110138,2.80226806,3.824168917,239.3985073,201.3067539,251.3531793,2.286595442,6.9633654,4.774718896,0,-128.3051407,111.0830052,-13.76990638,163.973087,169.5788054,-0.03693986223,-127.7770463,110.9471173,53.83204413,-106.3933759,67.84299798,49.98688063,49.98717268,2655.181696,2524.353691,53.26334478,-85.27196934,3.8907355,1
2922,32,32,64,1,1,1,0,1,1,1,0,1,1,1,1,239.807582,200.0521553,250.6545815,32.29235902,61.37787144,65.20886717,233.5312282,203.074501,256.9757799,27.67428036,62.8753378,65.43603076,0.6547133132,42.03048684,-42.68519689,-0.543242127,-42.20591242,42.74915037,239.2019114,199.9058032,250.078414,20.63839771,10.84965029,15.51608821,233.1458838,200.8757932,255.2509643,12.86666836,16.57811891,15.56983713,0,-128.0443527,111.0276057,-22.79239982,103.8703464,-169.0375251,-0.499399028,-126.3223387,110.0610582,141.9516311,-96.80738249,31.40660149,49.98108788,49.98092029,3751.953153,3800.303708,183.2759659,173.2894033,3.8469325,1
2923,32,32,64,1,1,1,0,1,1,1,1,0,1,1,1,240.7191271,205.2102306,245.4841593,20.65142838,6.344698606,24.83931011,241.3995451,205.8070188,245.6655073,20.64773548,6.341411468,24.78008099,19.31151472,4.316012033,-23.62760037,-19.27655798,-4.318406937,23.59488338,240.6478351,205.1453202,245.4362198,4.439240187,3.848147222,2.803553993,241.3151419,205.7346881,245.6225527,4.588663789,3.844348849,2.570266193,0,-129.7118179,109.5722914,-1.96858101,-129.773452,107.0427627,0.08584566382,-129.6434612,109.598155,1.704855329,-129.8636944,112.2012386,49.98656362,49.98655003,2690.275634,2686.764431,60.92059343,-72.78477389,3.8856504,1
2924,32,32,64,1,1,1,0,1,1,1,1,1,0,1,1,287.1879088,205.2688589,419.8739675,22.71696481,14.50897564,18.71984707,284.6572132,200.3770448,419.2486993,21.71035087,11.38606315,20.34848131,-17.50473441,7.063017184,10.44090864,19.37713921,-3.031106703,-16.3468154,253.2426425,135.6083452,307.583597,13.75854757,8.725824742,13.53259423,249.5780331,133.1413271,303.3025824,7.995633199,5.1257458,8.485836282,0,-110.7884739,133.1190168,-34.51742986,-142.2508005,102.3838837,0.1143377407,-110.8201895,133.0297425,103.7040965,7.028489641,-101.2661665,49.97621448,49.97995123,4430.14172,4323.013027,-339.8334463,613.9039278,3.7063773,1
2925,32,32,64,1,1,1,0,1,1,1,1,1,1,0,1,237.4131235,204.7837531,249.2321914,9.602875562,5.699043019,5.539470737,236.6481809,206.3338462,250.0271534,8.178874023,9.269444735,3.683014506,-6.681024378,5.525829345,1.155088878,6.718017493,-5.57071631,-1.147406813,237.3975618,204.7865714,249.2410675,6.746183804,0.4400955345,5.292019236,236.6194991,206.3219431,250.0356898,4.440944318,7.289915707,3.30129618,0,-128.2733235,109.2747691,-29.22503781,-153.0684561,144.8208496,0.1894213252,-127.8856566,108.9810856,47.58879621,-126.8029525,39.70606568,49.98729685,49.98728552,2542.72186,2540.877523,28.24093225,-100.9813161,3.9240196,1
2926,32,32,64,1,1,1,0,1,1,1,1,1,1,1,0,241.9580476,201.88387,248.0337423,52.11391961,20.62460712,50.62829281,238.6084268,207.5991506,247.3462075,51.93996807,25.04788647,49.53229259,34.34578432,-0.02233648644,-34.32270961,-34.14622848,0.0428973907,34.10406292,240.9311653,201.5689541,246.6586234,12.25686748,9.810909388,12.423326,238.3325743,207.0890344,247.2263197,13.39828649,17.07989481,8.677622399,0,-129.1628509,110.6997942,-76.37473673,28.24494291,146.511991,0.9989497809,-128.2672042,109.6843294,62.94237925,-141.7839035,-11.87032384,49.98284917,49.98377403,3385.127898,3148.076149,211.2712551,-58.4262962,3.9108367,1
2927,32,32,64,1,1,1,1,0,1,1,1,1,1,1,1,236.1154391,205.4133287,249.9759344,7.238654222,8.253940795,3.59219705,238.0160809,205.0158811,249.7745681,8.473431715,4.393631332,5.449317779,5.692292701,-4.331677367,-1.360678508,-5.634496011,4.269421963,1.365009883,236.092422,205.4080368,249.9845003,4.360604365,6.988768964,3.128907477,238.0011643,205.0189813,249.783803,6.251008603,0.7397232808,5.155343455,0,-127.9522374,108.9572064,40.62441668,-129.927377,41.4618043,-0.04348545088,-128.1426391,109.2873246,-27.20292958,-111.2714165,143.1266556,49.98731932,49.98733034,2538.329623,2531.589295,29.78813301,-104.9080364,3.8018429,1
2928,32,32,64,1,1,1,1,0,1,0,1,1,1,1,1,236.880871,208.372552,248.0507039,42.39692842,42.72499342,14.77705476,236.5340572,204.5541449,251.5848567,40.54292709,41.79372316,18.03034685,28.82066441,-28.42167337,-0.3986286876,-28.53919725,28.17879853,0.3607587484,236.0467267,207.4137189,247.8731936,12.53932419,11.46263833,6.923329767,236.4827163,204.3738092,251.3588703,5.999970635,9.588639397,12.34194541,0,-128.7028561,108.1173841,25.57389619,175.3286457,-79.41947503,-0.8484803082,-128.0683364,108.7630866,-114.117217,-46.57113707,103.9936685,49.98366969,49.98608268,3199.376359,2685.855252,103.0538596,-82.31187988,3.85561,1
2929,32,32,64,1,1,1,1,0,1,1,0,1,1,1,1,237.2057381,203.5695214,250.4065528,8.169507077,10.43118364,6.651162748,238.0147728,202.4024887,251.9307876,3.915785557,8.972140068,9.495993768,-1.341139198,7.654660038,-6.313589981,1.333791977,-7.687070833,6.353212288,237.1906622,203.572859,250.4131226,7.94335864,6.889040901,1.400638094,237.9983962,202.3886773,251.9197615,3.421163379,4.324302022,6.885324044,0,-127.9108651,109.7263482,22.2797189,-162.2550596,-73.82881891,-0.3638969134,-127.6910182,110.0446524,-63.04783361,-64.30609361,109.0566989,49.98729068,49.9872955,2545.098238,2537.501698,34.29916488,-98.07106074,3.9215531,1
2930,32,32,64,1,1,1,1,0,1,1,1,0,1,1,1,238.1582686,207.0546617,246.3311546,56.8740012,26.99314795,54.37421226,243.523111,202.082914,247.9973395,56.85920131,22.5442091,55.41182561,36.97194437,0.1432954231,-37.11514306,-37.02770853,-0.2128159233,37.24061249,237.8045049,206.5150385,246.2231178,14.52459675,18.00606098,10.04077459,242.194621,201.7256599,246.4911326,13.46705985,10.74421602,13.95336398,0,-129.2384602,108.7317478,64.63388559,-144.3520594,-17.81196453,-0.9632946621,-130.0039646,109.9417182,-78.20650351,25.2441833,144.2382364,49.98269485,49.98223545,3413.925954,3534.142435,121.8559129,95.42657042,3.8059003,1
2931,32,32,64,1,1,1,1,0,1,1,1,1,0,1,1,236.3196472,205.9467913,249.4630534,8.998056708,10.10314884,3.594783116,238.3115914,205.4008645,249.271983,9.988354449,6.931764418,5.727296337,7.093514118,-6.100489789,-0.993300418,-7.009417468,6.014012212,0.9951195114,236.2836404,205.9234757,249.4707433,4.581806719,7.284331508,3.242856185,238.2952391,205.4019926,249.2798932,6.408197772,0.5723438629,5.514028789,0,-128.1490101,108.8032847,43.64674936,-131.2844386,35.01434995,-0.06622970515,-128.3515102,109.1701011,-29.76902732,-88.01827396,143.2644237,49.98725061,49.98729065,2553.536502,2539.896942,33.80936553,-111.2342713,3.8509605,1
2932,32,32,64,1,1,1,1,0,1,1,1,1,1,0,1,360.7044842,290.7075573,266.9226555,18.84095232,20.0198362,15.02993661,361.768258,291.8188493,269.2343275,16.16786073,18.90247196,15.69108196,8.475848256,-8.886928983,0.4109680788,-0.7889685493,4.711040647,-3.922163905,279.6307145,240.0718462,178.9240883,6.289754656,3.435350698,2.432041612,281.2145393,241.5922836,180.4827546,5.463640745,5.687102693,4.674790884,0,-149.9716583,105.6312167,24.63974261,-138.5390507,-162.8319324,-0.03207776056,-149.7871797,105.6362601,-28.95139348,-156.9343157,74.24875228,49.96695732,49.98343433,5376.106527,4596.408772,492.8594591,52.15703577,3.7086482,1
2933,32,32,64,1,1,1,1,0,1,1,1,1,1,1,0,233.4547042,206.7868103,251.6752654,29.95208797,25.57750316,5.53713332,234.0545968,207.3526345,251.9492223,29.84080284,25.52356871,5.533109373,28.10196247,-24.21127036,-3.890744654,-28.02717013,24.14151101,3.885608183,233.3649392,206.6742558,251.6029361,4.490323561,3.822720812,2.750768188,233.9570441,207.2315583,251.8771818,4.264104333,3.934309859,2.753235887,0,-127.2493506,108.146149,-1.943734318,-129.9659384,108.2498358,0.07118111664,-127.1608533,108.1716817,1.826500409,-124.8090032,107.9194371,49.98629639,49.98629012,2743.22677,2740.123933,37.57729614,-93.91001789,3.8052958,1
2934,32,32,64,1,1,1,1,1,0,1,1,1,1,1,1,236.1120553,205.4171036,249.9757014,7.247124549,8.266136164,3.59224693,238.0160107,205.0180512,249.7746517,8.487225483,4.412607554,5.451842401,-5.70312875,4.349939758,1.353119322,5.645363432,-4.289627121,-1.355797061,236.0889896,205.4117389,249.9843243,4.35828147,6.990644118,3.13252394,238.0010759,205.0211573,249.7839021,6.258581396,0.7371610498,5.160190594,0,-127.9520498,108.9554633,40.72034924,-129.9043384,41.38330098,-0.04416747768,-128.1433255,109.2859964,-27.20906798,-111.4357238,143.1549243,49.98732576,49.98732331,2538.430034,2531.614896,29.810035,-104.9734699,3.7979143,1
2935,32,32,64,1,1,1,1,1,0,0,1,1,1,1,1,237.1103686,203.6026778,250.4779443,8.170317331,11.27840728,8.132098851,237.8702362,202.5136588,252.0065699,3.917122588,10.0748883,10.52785026,1.464192054,-8.175213315,6.710963217,-1.460964663,8.212843298,-6.751937644,237.0942558,203.6051444,250.4821021,7.88600069,6.71036879,1.277844524,237.8518379,202.4839573,251.9795151,3.282592935,4.32001838,6.751551067,0,-127.880523,109.7019294,21.24661113,-162.3578027,-79.90051784,-0.3539743385,-127.655588,110.0030204,-61.890254,-66.67198014,107.9414875,49.98726928,49.98725841,2549.472995,2545.460913,33.48918512,-97.22531655,3.8574025,1
2936,32,32,64,1,1,1,1,1,0,1,0,1,1,1,1,236.8559175,209.6693792,246.8169462,52.98096979,54.48144162,22.52541036,235.5149549,205.0233293,252.2970018,50.86614889,53.81977133,25.62633822,-35.54676906,35.94862907,-0.4020210081,35.20762918,-35.66896554,0.4611737072,235.5723595,208.1985903,246.524083,15.24357708,13.73453225,11.03604223,235.4353036,204.6270821,251.8154875,7.989694327,13.3197833,16.29982958,0,-129.0472604,107.6615636,23.23943467,160.6290587,-89.48199186,-1.098747379,-127.9714374,108.4174972,-130.3162905,-52.5992628,96.24548851,49.98258605,49.98336231,3459.26887,3252.199242,206.3616183,-44.83913012,3.8271989,1
2937,32,32,64,1,1,1,1,1,0,1,1,0,1,1,1,236.170873,205.8121643,249.5973188,8.110074092,9.285695463,3.609307345,238.1989738,205.3025294,249.3723794,9.295209509,5.666304413,5.666619996,-6.594450248,5.617812546,0.9765743054,6.519834983,-5.541936904,-0.9779560433,236.1426368,205.8001713,249.6060866,4.525896049,7.312506261,3.30890273,238.1830366,205.3052062,249.3813424,6.486639801,0.4770756576,5.480329548,0,-128.0837302,108.8210042,44.52900521,-130.3549279,36.07001025,-0.06047342833,-128.2980528,109.1851057,-29.48581844,-95.08309801,144.1116659,49.98730143,49.98728903,2543.381584,2538.383656,28.91865401,-106.7457754,3.832924,1
2938,32,32,64,1,1,1,1,1,0,1,1,1,0,1,1,238.1685658,206.9042968,247.0729127,47.01797347,22.35704914,44.99648838,242.4712141,202.9795387,247.7498698,46.9943567,17.73425031,45.87056186,-31.01159985,-0.1542250752,31.1665203,31.06610733,0.2093952056,-31.27486791,237.9347655,206.5558796,246.9990479,11.76969823,15.76962925,7.757500469,241.5256683,202.7208651,246.6684069,10.76269087,8.396064371,11.200325,0,-129.0655928,108.7812629,60.45985242,-141.5859666,-6.542643866,-0.7050243289,-129.7572914,109.7390192,-72.90113741,27.35771377,147.7227448,49.98472442,49.98344373,2967.488981,3245.767965,42.80394667,38.43561829,3.7589337,1
2939,32,32,64,1,1,1,1,1,0,1,1,1,1,0,1,233.4233591,206.8143177,251.6860832,30.25064304,25.87276233,5.538976913,234.0170945,207.3746642,251.9612994,30.13532365,25.81854575,5.535304763,-28.37184718,24.48103402,3.890775004,28.29648122,-24.41239961,-3.884123334,233.3312057,206.6981242,251.612178,4.502002962,3.821543614,2.750592872,233.9172597,207.2499909,251.8874007,4.251835627,3.937783967,2.753628358,0,-127.2441652,108.1329837,-2.077729154,-130.1988277,108.2560519,0.07035058467,-127.1547502,108.1584511,1.978085098,-124.5754842,107.8869003,49.98627064,49.98627032,2749.094057,2740.112763,38.60372849,-94.7160779,3.6693439,1
2940,32,32,64,1,1,1,1,1,0,1,1,1,1,1,0,361.2496655,291.1564318,270.2935657,18.4594002,20.24981278,12.96558672,363.1094661,293.1869208,274.3452975,16.52547107,19.91290439,14.88468952,-13.38398005,15.63017528,-2.251231783,5.626783026,-11.45174124,5.819957873,278.7027151,239.5988485,181.205042,5.158809669,3.972285332,3.872009828,282.5513447,243.204979,183.63349,11.32130668,10.92781058,6.899009602,0,-149.440962,105.6047467,85.48242115,-41.27965465,-131.4935872,0.08950606982,-149.1869126,105.7392448,-27.06726226,-169.638019,77.50260596,49.97519775,49.97520162,5067.557901,4888.470603,730.3094902,-210.3243076,3.7089365,1
3088,96,32,24,1,1,1,1,1,1,1,1,1,1,1,1,254.7743244,256.8353053,184.1401976,1.801935937,5.051174616,4.562507669,254.9545525,257.550706,184.7186376,2.452659354,4.584576079,4.297451483,0.01028753263,-0.00462662987,-0.005825177254,-0.01045078924,0.003148881105,0.007143679647,254.7603326,256.8453656,184.1454776,1.800882852,5.051025656,4.562265217,254.9405501,257.5608191,184.7239064,2.451823881,4.584361397,4.297116098,0,-102.3210815,129.5284828,-3.701827321,-100.827293,124.1021135,0.04223286298,-102.277647,129.6509285,2.658420869,-104.2091167,135.0119356,49.98703283,49.98704009,2596.552827,2588.702524,-22.23682022,-160.1775881,3.9703574,1
3089,96,32,24,1,1,1,1,1,1,0,1,1,1,1,1,254.8426572,256.6641256,184.5301521,4.592755685,9.072978572,4.798306042,255.6144195,256.0996193,186.1023739,3.618045037,7.523364869,8.820141647,1.385020169,-5.909029162,4.523849477,-1.377866925,5.94025374,-4.562531503,254.8279537,256.6734174,184.5341293,4.224666777,6.808411493,1.375695325,255.5990644,256.0995635,186.0966593,3.140817618,4.500588178,7.503617653,0,-102.0769175,129.7806212,43.33748045,-127.3458955,118.5084818,-0.2446456974,-101.9157164,130.2022434,-67.93979546,-62.13436496,131.8153818,49.9869552,49.98696552,2611.316417,2604.291253,-33.08852724,-170.0004634,3.8394943,1
3090,96,32,24,1,1,1,1,1,1,1,0,1,1,1,1,254.8375413,256.6685067,184.5317965,4.594276821,9.064574246,4.780592201,255.610573,256.1028016,186.1041338,3.621001826,7.509545509,8.81571658,-1.383626894,5.89050858,-4.507022846,1.376113506,-5.924500464,4.548240619,254.8228073,256.6778123,184.5357832,4.226443967,6.812942643,1.371317652,255.5951925,256.1027584,186.0984253,3.144435222,4.501493043,7.508984886,0,-102.0770515,129.7785343,43.38117133,-127.3709244,118.3201523,-0.2446131064,-101.9157951,130.2008401,-67.94991311,-62.067634,131.8389042,49.98695553,49.98696544,2611.682489,2603.95394,-32.94094113,-170.1283616,3.838302,1
3091,96,32,24,1,1,1,1,1,1,1,1,0,1,1,1,255.5644386,256.5273181,183.5766504,6.82947498,8.780474604,10.98921214,256.8370617,257.4210039,182.4516136,9.207787165,4.281360909,9.252106905,6.242336203,1.511024587,-7.753501048,-6.275711635,-1.505372302,7.780939893,255.5469611,256.5364636,183.5813513,2.335099088,8.522243171,7.619605446,256.8022328,257.4285586,182.4384728,6.57017061,3.72413589,4.742506265,0,-102.5310358,129.4973937,-168.1973272,-80.13017658,96.6519,0.3550729156,-102.889323,129.7693634,4.239838458,-164.5385146,-170.3959632,49.98695218,49.98696331,2612.605483,2604.05584,-26.47744698,-163.3268114,3.8829837,1
3092,96,32,24,1,1,1,1,1,1,1,1,1,0,1,1,255.558753,256.5287617,183.5799252,6.801887481,8.771572442,10.98103976,256.8233648,257.4239319,182.4571133,9.178171189,4.289573175,9.232992587,-6.220769694,-1.52560759,7.746227352,6.253757718,1.517125903,-7.771034476,255.541316,256.5379135,183.5846133,2.31834935,8.510086237,7.619054369,256.7886687,257.4315054,182.4441514,6.551653784,3.726716687,4.723758719,0,-102.5299682,129.4974294,-167.8718034,-80.11958569,96.7931812,0.3542753579,-102.8871925,129.7672958,4.334530244,-164.3522922,-170.3940585,49.98695608,49.98696004,2612.003912,2604.650191,-26.88828284,-162.806101,3.8592574,1
3093,96,32,24,1,1,1,1,1,1,1,1,1,1,0,1,254.1959661,257.3377991,184.1347094,8.32731638,5.865895609,7.741223042,252.8961411,259.4792851,184.7877318,7.696336518,9.702526844,3.408286698,-6.745474017,5.223051123,1.522278648,6.765269364,-5.266454052,-1.498965607,254.1816049,257.3462503,184.1387102,4.766574783,2.36614636,7.477065374,252.8703094,259.4778708,184.7909686,3.513027232,8.055756094,2.766752431,0,-102.4620631,129.2505438,-45.49993921,-60.75043382,146.0641604,0.1468942332,-102.279437,128.8816905,75.41381878,-113.7867099,76.35920917,49.98691993,49.98693137,2619.238464,2610.374357,-23.94792528,-160.3139175,4.074523,1
3094,96,32,24,1,1,1,1,1,1,1,1,1,1,1,0,254.1965297,257.3369921,184.1354766,8.32764658,5.879289811,7.746256383,252.8987616,259.4841789,184.7872278,7.705331883,9.717848709,3.40330334,6.747669028,-5.234300762,-1.513527915,-6.767816136,5.274939894,1.492721589,254.1821765,257.3454665,184.1394973,4.761283264,2.373275413,7.483223657,252.8729062,259.482739,184.7905351,3.524532952,8.066439949,2.76302586,0,-102.461635,129.2512459,-45.69884529,-60.30089953,146.0513831,0.1478345945,-102.2798105,128.8816142,75.2013717,-113.9058738,76.25272129,49.98692363,49.98692714,2618.402899,2611.223275,-23.74353962,-160.5437829,3.8890557,1
3095,96,32,24,0,1,1,1,1,1,1,1,1,1,1,1,255.4920999,255.6360285,185.1847896,3.462519383,7.110165814,8.443934315,255.0429358,257.5241325,184.9670742,4.705415742,8.311836768,4.210961692,-1.29488141,5.260894034,-3.966160445,1.300250258,-5.202526301,3.902121278,255.4770487,255.6380053,185.1821362,3.043505615,4.689412124,7.430289314,255.0283132,257.5336001,184.9713296,4.404819722,6.415149397,1.468182807,0,-101.7619003,130.3600982,-72.05061984,-66.06842332,127.7993121,0.285133928,-101.8000658,130.1918038,41.18113363,-127.2066352,141.9097487,49.98697589,49.98698214,2608.518659,2599.803658,-35.51182751,-173.1679548,5.4294584,1
3096,96,32,24,0,1,1,1,1,1,0,1,1,1,1,1,261.228526,383.2043042,271.0592331,18.47146629,23.69864055,27.62587303,267.7816983,385.6808566,273.9523779,20.3009733,21.20747545,26.881562,5.573527511,18.21723599,-23.79226089,-8.251190828,-10.27497159,18.52476513,172.3570362,301.7344896,218.6923309,7.960005117,8.396987057,6.930710392,176.2766366,307.1796412,224.0655377,10.26190047,14.99676007,15.53030919,0,-100.6784022,110.2053274,136.6694499,-3.178291728,-125.5183962,0.2307089342,-100.661505,110.6212997,-32.13093152,-134.4466711,88.6134429,49.97857055,49.96793572,5260.489407,5396.569747,1264.425674,-127.5887155,6.8746811,1
3097,96,32,24,0,1,1,1,1,1,1,0,1,1,1,1,257.866621,253.1815367,186.2841255,5.036631766,28.9433166,24.84689723,257.9938292,253.8290934,187.0261132,5.041247913,28.83214832,24.7883635,-3.641929913,27.12995203,-23.48822245,3.642861184,-27.05152119,23.40847983,257.780825,253.1236234,186.180458,2.144166451,4.834823273,4.393495221,257.9076065,253.7705988,186.8992472,2.152172461,4.659721526,4.53044486,0,-100.8932205,131.9785557,0.09448040636,-102.638334,129.8584445,0.01131310716,-100.8228372,132.0979095,-0.19046532,-99.30138207,133.7745769,49.98601856,49.98602478,2799.128343,2794.487851,-41.60816947,-176.9510429,7.2844669,1
3098,96,32,24,0,1,1,1,1,1,1,1,0,1,1,1,252.8401447,256.4916204,188.9426299,21.71858001,49.10679045,50.65229225,257.5542326,255.4237987,185.0221306,24.19485288,46.81584621,50.00886654,0.8292803898,32.93254623,-33.76173202,-0.8593316029,-32.58967819,33.44910677,252.5542679,255.4111579,187.6525573,10.97301363,14.87878884,12.87209455,257.0878304,255.3497714,184.7052584,15.16009668,7.059907756,12.7841431,0,-100.6282312,130.5806701,169.7228288,-78.53753084,61.52864867,0.7681430242,-101.5671396,131.7282534,-7.331463721,132.8065003,-159.1657017,49.98278308,49.98371895,3412.495016,3170.526725,121.3740344,-142.3227719,8.6638297,1
3099,96,32,24,0,1,1,1,1,1,1,1,1,0,1,1,255.7406006,256.4176887,183.531127,8.37504778,8.798217994,11.90010872,257.0392186,257.2550583,182.4775181,10.37248316,4.249739104,10.44593305,-6.873166019,-1.586002089,8.45905184,6.910540199,1.582617687,-8.49327149,255.7208226,256.4261699,183.5350702,2.19704712,8.494937641,7.47111368,256.9878316,257.2610926,182.448379,6.449785526,3.577490187,4.762061691,0,-102.5281665,129.5544239,-171.1879687,-81.12436221,96.5164613,0.3383705293,-102.8794192,129.8354811,3.058764542,-163.9170677,-172.1195587,49.98691859,49.98693884,2618.583737,2610.567001,-28.19173054,-161.5594435,7.6501604,1
3100,96,32,24,0,1,1,1,1,1,1,1,1,1,0,1,254.1905784,257.3407586,184.1379359,8.379278032,5.936233837,7.746225512,252.8919433,259.4877852,184.7908521,7.758001198,9.753002125,3.405276815,-6.809091854,5.296118349,1.512823268,6.829016524,-5.339849643,-1.489318203,254.1762192,257.3492244,184.1419376,4.764642174,2.370096142,7.483219032,252.8659282,259.4861283,184.794082,3.521905403,8.065754936,2.76574989,0,-102.4613416,129.2496264,-45.63829712,-60.38178578,146.0713072,0.1475843758,-102.2792224,128.87989,75.29191005,-113.8729655,76.2333107,49.98692382,49.98692513,2617.699106,2612.337947,-24.15748164,-160.1667829,6.8959004,1
3101,96,32,24,0,1,1,1,1,1,1,1,1,1,1,0,254.9828639,255.8021981,185.6504058,3.571274164,8.179882361,9.720651283,254.4808356,257.8396489,185.2877697,4.971475062,9.30079401,5.763852512,-0.8210324257,6.382828549,-5.561936844,0.8255519321,-6.301210985,5.47551714,254.967895,255.7968416,185.6395586,3.339810694,4.875128583,7.84316167,254.4657148,257.8476355,185.2915031,4.807137455,6.663880631,1.119542729,0,-101.6134897,130.3559585,-77.57593449,-61.66894555,127.2267696,0.3253486253,-101.6709559,130.1565681,42.82640751,-129.8313456,150.6300637,49.98692464,49.98694507,2619.35096,2607.085693,-35.95229639,-175.1745059,8.0435284,1
3102,96,32,24,1,0,1,1,1,1,1,1,1,1,1,1,255.4850544,255.638947,185.1935457,3.464845944,7.11773884,8.448676636,255.0346812,257.5264093,184.9763762,4.702894579,8.326518,4.220088634,1.297693406,-5.277331535,3.979503242,-1.303281317,5.216027952,-3.912876823,255.4699907,255.6409036,185.1908594,3.044141701,4.685162265,7.429940945,255.020045,257.5359006,184.9806255,4.400743194,6.422884217,1.46619376,0,-101.7590681,130.3603699,-71.96408677,-65.98729235,127.8882745,0.284803852,-101.7971093,130.191757,41.21327554,-127.1976884,141.4675606,49.9869806,49.9869766,2607.560646,2600.816029,-35.77274108,-172.9250974,5.9252656,1
3103,96,32,24,1,0,1,1,1,1,0,1,1,1,1,1,257.8624073,253.1854324,186.2798505,5.036208558,28.83560703,24.73956787,257.9876389,253.8342553,187.0295117,5.040966866,28.72223712,24.68301276,3.640989098,-27.03433673,23.39323746,-3.642063657,26.9537432,-23.31178283,257.775882,253.1269281,186.176731,2.143934707,4.842023563,4.389590403,257.9025162,253.7765797,186.9028935,2.152325373,4.653276459,4.535062232,0,-100.8955768,131.9740428,0.1186791821,-102.7507232,129.7117056,0.01128486576,-100.8235757,132.0939965,-0.21455138,-99.18321449,133.9041413,49.98603056,49.98602349,2798.287419,2791.190804,-41.41417722,-177.3217142,7.263717,1
3104,96,32,24,1,0,1,1,1,1,1,0,1,1,1,1,262.8359658,383.4672217,271.6674538,18.48088802,23.56329966,27.54846017,268.2482561,385.5334734,273.860296,19.99156828,21.15539973,26.60671948,-4.627689939,-14.10629578,18.7340631,7.316994283,6.151302065,-13.46826756,173.2472863,302.0165731,219.4417339,6.679744485,7.311668418,3.853220265,176.6188894,306.1399419,223.2646625,8.978999892,11.68824026,11.97275023,0,-100.4262272,110.5933488,135.1362427,-26.62275304,-147.2325672,0.205086143,-100.525103,110.9073596,-31.62733294,-137.4838304,92.25520908,49.96991388,49.97677937,4904.078193,5736.59099,1026.770161,99.97051123,6.2610471,1
3105,96,32,24,1,0,1,1,1,1,1,1,0,1,1,1,255.6860189,256.4506363,183.5394556,7.401642792,8.806685995,11.33640854,256.9783733,257.3257242,182.4215589,9.648018641,4.255805684,9.695390423,6.579767227,1.490294236,-8.070205865,-6.615344611,-1.487456591,8.10266648,255.6678126,256.4597228,183.5438742,2.332667899,8.547615373,7.604920767,256.9383966,257.3329043,182.4036029,6.575012832,3.689158102,4.776304194,0,-102.532284,129.5336624,-169.1975083,-80.34196051,96.42236381,0.3521233119,-102.8922673,129.8105924,3.882787424,-164.9268443,-170.5380484,49.98694069,49.986957,2614.437908,2605.957072,-26.61324865,-163.449779,6.6225698,1
3106,96,32,24,1,0,1,1,1,1,1,1,1,0,1,1,252.2899408,256.571782,189.6527354,24.0572918,54.17624362,55.82027634,257.4504904,255.000127,185.0520978,26.48624884,51.76929817,55.12413993,-0.7779406739,-36.14056322,36.91834527,0.8126167162,35.76496809,-36.57775036,251.9441086,255.2657331,188.1073833,12.03612121,16.16759661,14.05566772,256.8931684,254.9143233,184.6662062,16.19879151,8.069747473,13.99585233,0,-100.3967722,130.664045,168.2821707,-79.33510237,59.70030693,0.8369330406,-101.4434587,131.9473545,-8.587545108,126.4974754,-157.4401719,49.98222331,49.98247893,3545.516344,3471.186403,145.7959059,-85.09646411,6.6470516,1
3107,96,32,24,1,0,1,1,1,1,1,1,1,1,0,1,254.6575908,255.9893113,185.8290042,3.685183773,10.15032499,11.47792708,254.2148265,257.9836356,185.4703497,5.129628641,11.041605,8.488883365,0.8967126722,-7.738234672,6.841459688,-0.8999697996,7.629172092,-6.729261872,254.6371931,255.9619132,185.7874173,3.21885016,4.857438621,7.684847128,254.1953102,257.9885977,185.4678977,4.806476042,6.666306658,1.277979545,0,-101.5787719,130.2884676,-78.86972869,-61.7528778,127.0676674,0.3251975879,-101.6359942,130.1089621,41.17694021,-129.5998885,148.1839859,49.98690025,49.98684012,2623.321489,2628.76751,-32.00570169,-177.164948,6.4538245,1
3108,96,32,24,1,0,1,1,1,1,1,1,1,1,1,0,253.2505437,257.186127,186.1224847,33.62519671,33.9777946,15.53113588,252.970043,260.6775544,183.8201628,34.1520742,34.38239841,9.715417006,23.53609426,-22.06566521,-1.469825655,-23.60674261,22.11366221,1.493655096,253.1898769,257.0969639,185.9629755,6.293484625,8.711403687,12.60272421,252.3632404,260.1993127,183.6986678,8.285310982,9.571621491,3.836789658,0,-101.7925101,129.6047861,-102.0815684,-39.51960846,124.3152235,0.667147902,-102.1919655,129.0577997,48.14248902,-155.8288888,-67.04601202,49.98654787,49.98398228,2644.839008,3112.097998,-56.64657523,-79.33602777,6.1245625,1
3109,96,32,24,1,1,0,1,1,1,1,1,1,1,1,1,257.0635553,256.5864345,181.5882248,9.46732582,4.415907819,9.780347947,256.0367707,257.1391354,183.9883444,7.338338091,8.616279593,11.24791359,-6.875420853,-1.647905837,8.5231899,6.823599272,1.624992028,-8.448726041,257.0162512,256.5926322,181.5775775,6.238591782,3.750939243,4.397805414,256.0151412,257.1485708,183.9925248,1.969678972,8.302340573,7.175632792,0,-103.2629627,129.2843723,1.678214613,-161.8492461,-175.8200218,-0.291121165,-102.7853772,129.2371862,-174.2701841,-80.55515473,99.00144923,49.98696498,49.9869509,2611.216633,2605.534035,-25.50580236,-163.6366626,6.1468318,1
3110,96,32,24,1,1,0,1,1,1,0,1,1,1,1,1,258.0761729,254.3380762,183.9784357,26.79449234,53.48008113,56.76892132,253.1096828,257.4062734,190.237182,24.3748153,55.52291885,57.09616093,-1.010032457,-36.95677248,37.9664395,0.9581570597,37.0975088,-38.05603541,257.4584021,254.2720201,183.5489268,16.08175134,8.161711668,13.79800682,252.7177806,256.1206138,188.4181865,11.91293105,16.23572517,13.74901049,0,-102.0695729,130.9884628,-10.4782218,125.2124977,-158.4797626,-0.7829630533,-100.8800301,129.9197064,165.9441704,-80.2188303,59.08553814,49.98240401,49.98211527,3455.077946,3545.432396,52.54579054,-14.9322469,6.2357141,1
3111,96,32,24,1,1,0,1,1,1,1,0,1,1,1,1,257.1641846,256.5160811,181.586639,9.687539697,4.395866038,9.972558055,256.1111625,257.0733522,183.9952981,7.581003911,8.647146309,11.40182544,-7.07908907,-1.604280012,8.683296419,7.025816683,1.579674719,-8.605540366,257.1142793,256.5221869,181.5746639,6.301908814,3.748933909,4.452419445,256.0893098,257.0827488,183.9993258,2.030287181,8.344376978,7.192687095,0,-103.2535534,129.3246204,1.525779336,-162.5206633,-175.5052673,-0.2933133952,-102.7717609,129.2716699,-174.8618644,-80.50633017,98.59322338,49.98696077,49.9869477,2611.131142,2607.152156,-26.99780094,-163.0356395,6.2658674,1
3112,96,32,24,1,1,0,1,1,1,1,1,0,1,1,1,349.9532115,302.4419742,292.31409,14.59430712,9.359698797,15.82227278,350.9170422,305.3696837,293.6251731,14.61484438,11.68742702,13.601786,-9.680266786,-1.013882832,10.69476585,7.602439685,-5.450148234,-2.151685236,297.907686,213.1150903,211.1942303,2.633567174,3.349318777,4.036746131,299.8392964,214.9766598,213.8305014,6.629901347,6.478262503,8.714341935,0,-87.54580293,154.6263681,117.8449626,-36.09665284,-147.3304043,0.120698186,-87.53155853,154.7460741,-20.55449104,-111.5237957,131.3812879,49.97879134,49.97245086,4215.41144,5521.189802,-363.9808058,-941.7319278,5.9896808,1
3113,96,32,24,1,1,0,1,1,1,1,1,1,0,1,1,259.3998666,256.7445712,178.03187,35.18693082,8.021719951,40.95641483,259.4624481,257.4885185,178.7745386,35.16320418,7.947487261,40.83607259,-33.02688465,-5.050955616,38.07772317,32.98893286,4.98937465,-37.97841495,259.127837,256.5974854,177.806131,2.038411205,4.83133027,4.320254305,259.2453736,257.3364279,178.4617504,2.289941647,4.790628174,4.205886643,0,-104.7531035,128.3697559,-4.105363558,-104.6492394,125.6585265,0.0279295201,-104.6864353,128.4785168,3.576019301,-105.0732903,130.8771759,49.98510509,49.98509263,2983.704077,2978.032926,44.48459424,-94.31025591,6.747203,1
3114,96,32,24,1,1,0,1,1,1,1,1,1,1,0,1,262.8133785,252.221193,182.0807065,66.90388336,28.43762603,64.22403077,256.1546146,260.0657138,180.1422481,66.49380627,33.06245678,62.14620637,-43.85960267,0.7790522956,43.08028538,43.69997335,-1.01739121,-42.68284415,260.5916255,251.8478671,180.0566313,16.11323297,12.91608506,17.32673069,255.3436927,259.4823687,179.9783994,15.74155766,21.00086214,10.30662026,0,-103.253683,130.9618418,-77.04631677,35.18920664,156.4319261,0.9299666428,-102.7224639,129.2218143,87.48769034,-127.2466154,-1.856087419,49.98035991,49.98058542,3914.044537,3837.932195,240.4885837,-26.73733474,6.6241345,1
3115,96,32,24,1,1,0,1,1,1,1,1,1,1,1,0,254.9228901,257.4528547,182.921266,10.85369856,9.053264088,8.143252867,253.5170856,259.9011032,183.479972,10.46812886,12.29107298,3.073220841,8.889617544,-7.947290895,-0.9424945994,-8.933885382,7.9985647,0.9351380376,254.8980495,257.4522119,182.9192669,5.092650096,2.495333046,8.003266735,253.4537693,259.8677459,183.4767399,4.121096346,8.627304005,2.678110877,0,-102.974192,128.9359812,-51.41504929,-44.70157106,146.2530514,0.1947189846,-102.7968331,128.4951981,75.09014647,-117.2631375,63.83046815,49.986872,49.98689103,2632.007739,2618.008532,-14.79302199,-159.2321042,6.5854549,1
3116,96,32,24,1,1,1,0,1,1,1,1,1,1,1,1,257.0566227,256.5874703,181.5874963,9.45784143,4.412600056,9.764792428,256.0323132,257.1415748,183.9949308,7.328237542,8.62256811,11.24464518,6.873426617,1.641011618,-8.514589404,-6.821966097,-1.621063662,8.442862268,257.0096094,256.5936931,181.577049,6.235595526,3.7501316,4.393955545,256.0107552,257.1510163,183.9990817,1.967139138,8.31023464,7.188813051,0,-103.2628591,129.2834468,1.723483234,-161.9683538,-175.6534287,-0.2918140248,-102.7846179,129.2364127,-174.1205056,-80.55235305,99.02307246,49.98695698,49.98695885,2611.804032,2604.916933,-24.93320036,-164.3031877,6.6766921,1
3117,96,32,24,1,1,1,0,1,1,0,1,1,1,1,1,257.1716737,256.5133854,181.5969359,9.776760113,4.387991469,10.05854572,256.1146834,257.0739867,184.0035801,7.701988497,8.657385989,11.47341835,7.15278671,1.594637112,-8.747589501,-7.099298433,-1.572597727,8.671740363,257.1204161,256.5194378,181.5840773,6.284871381,3.741816127,4.438747749,256.0925635,257.0833042,184.0075563,2.01166391,8.355927615,7.18037136,0,-103.2494486,129.3313478,1.288075494,-162.6806382,-175.6758392,-0.292226719,-102.7669499,129.2784307,-175.5730246,-80.53994553,98.71822439,49.98694921,49.986955,2614.903211,2604.678089,-24.57201981,-165.5578125,6.8101363,1
3118,96,32,24,1,1,1,0,1,1,1,0,1,1,1,1,258.2266459,254.1169905,183.9955162,28.43719638,55.23842559,58.89207966,252.889905,257.3419902,190.3893165,26.0209327,57.29707444,59.15889839,1.108871612,38.11075934,-39.21969328,-1.052814797,-38.25469524,39.30743289,257.5444852,254.0462351,183.5156858,16.94008015,8.538745957,14.5242785,252.4634073,255.9742536,188.4542373,12.78116512,16.64976088,14.20579917,0,-102.0445675,131.0795436,-11.09033948,123.9554165,-159.2649622,-0.8177504746,-100.8162421,129.9135815,165.3807703,-80.21597386,56.68111808,49.98185871,49.98164214,3606.077772,3653.08714,60.13652503,26.96755078,6.4685107,1
3119,96,32,24,1,1,1,0,1,1,1,1,0,1,1,1,259.3898984,256.7537276,178.0341071,35.14312386,8.016789243,40.91495905,259.4412267,257.4982025,178.7633714,35.11874831,7.947060799,40.79044061,32.9827413,5.052975035,-38.03585113,-32.94526365,-4.993354176,37.93848877,259.1181429,256.6062393,177.8086512,2.048276532,4.827810111,4.341372499,259.225311,257.3482519,178.4541784,2.28191477,4.794590912,4.184244688,0,-104.7543009,128.3655285,-4.500105424,-104.5539728,125.7412696,0.02901076071,-104.6880803,128.4714911,3.961333474,-105.1714662,130.8073813,49.98510875,49.98510234,2982.917833,2975.548666,44.17036006,-94.19960804,6.3281531,1
3120,96,32,24,1,1,1,0,1,1,1,1,1,0,1,1,350.2323119,303.3743019,292.0741903,14.66126354,9.11287126,15.57999647,351.051881,305.9151861,293.727415,14.63196701,11.0102242,14.31917469,7.227249305,1.291551952,-8.519140218,-5.159560256,5.184868457,-0.02561206647,298.3072519,213.7271924,211.0211899,1.958882036,3.098177257,3.995903495,299.8522544,215.4172057,213.4744543,5.546327646,5.929438772,7.930505697,0,-87.79809821,154.4688599,96.18142483,-49.3006432,-159.1542029,0.06689972203,-87.74429398,154.5361498,-20.57181069,-106.9051311,132.927837,49.97631255,49.97496354,4257.67386,5481.651893,-420.0890589,-885.1789419,7.4819959,1
3121,96,32,24,1,1,1,0,1,1,1,1,1,1,0,1,256.5801784,257.7777483,181.3435487,13.49799008,11.99328149,8.45746444,255.2204987,260.32102,181.9515881,13.21795412,14.56158587,3.568069327,-11.19483541,10.40603739,0.7890066127,11.27764798,-10.49461687,-0.7828236879,256.4452278,257.5637271,181.1667009,5.061526252,2.631687212,8.097611299,255.015042,260.005075,181.7007387,4.071417022,8.522235526,2.613272435,0,-103.704168,128.5881949,-50.88332444,-47.02782311,145.7400623,0.1937971794,-103.5373662,128.1239847,74.77678174,-118.7094422,59.82042947,49.98725604,49.98640469,2594.101741,2679.40497,-44.65561747,-120.6157455,6.8590121,1
3122,96,32,24,1,1,1,0,1,1,1,1,1,1,1,0,260.0970194,254.2662373,181.6175173,48.46856755,18.53123784,47.02549065,255.8359453,259.8827283,181.7360469,48.11022229,23.63505371,45.49432999,32.59133207,-0.14967748,-32.44416322,-32.46268142,0.3224570527,32.13778083,258.8229427,254.0549603,180.4418662,10.68840893,8.019539063,12.07979363,255.4258826,259.604153,181.6452005,10.203229,16.58880062,6.503035396,0,-103.3718976,130.0962534,-71.71819238,37.59170597,160.9807174,0.5384425107,-102.8531844,128.9824648,84.74776577,-121.0202497,24.94933386,49.98263883,49.9847884,3359.024676,2926.988518,123.3078356,-180.244856,5.076903,1
3123,96,32,24,1,1,1,1,0,1,1,1,1,1,1,1,252.9713992,258.5219069,183.9961045,7.262901744,9.553298339,3.53388405,254.4413139,257.8141446,184.7668087,7.907574097,5.601394505,7.751727136,6.401971739,-4.905462098,-1.496662446,-6.371516239,4.850094039,1.521262857,252.9439472,258.5243982,183.9994415,3.321401237,8.095244304,2.966025615,254.426205,257.8235716,184.7696591,4.60447852,2.487898334,7.507494408,0,-102.6207161,128.5793971,74.01274824,-115.2362435,73.66513728,-0.1116364163,-102.654177,129.1608773,-44.02110759,-58.23984552,147.4541794,49.98693347,49.98693304,2617.233381,2609.360575,-15.6845994,-156.1506679,3.991098,1
3124,96,32,24,1,1,1,1,0,1,0,1,1,1,1,1,252.9749329,258.5225436,183.9950326,7.290737921,9.576137743,3.501221348,254.4450024,257.8060088,184.7759409,7.922410129,5.641902352,7.765557616,6.417798142,-4.939547645,-1.478398794,-6.387309966,4.884116621,1.503052054,252.9474617,258.5249692,183.9982982,3.345145682,8.100304808,2.942816582,254.4298088,257.81544,184.7787689,4.603286555,2.508840091,7.528124328,0,-102.6210347,128.579686,73.76972316,-115.435759,73.38131416,-0.1141916532,-102.6525641,129.1627637,-44.36481353,-57.79081309,147.3163128,49.98692947,49.98693584,2617.392191,2609.430399,-15.81219107,-156.0874609,3.8296249,1
3125,96,32,24,1,1,1,1,0,1,1,0,1,1,1,1,251.4125319,260.243763,185.0834577,8.461724475,22.8641958,20.4767445,251.9244906,259.1014284,187.4383681,6.709202776,22.57028445,22.44707859,0.6378234336,14.50427334,-15.14205358,-0.6183198053,-14.69253855,15.3108688,251.2045359,259.8921876,184.3783939,6.50665017,7.505688008,1.120279939,251.6463457,258.8491001,186.7611375,4.013410574,6.34852441,8.881263718,0,-102.6849835,128.0023103,36.3252626,-143.5058922,-144.1446806,-0.4711550219,-102.3585816,128.4265193,-105.1986211,-52.20790113,120.7685906,49.98616775,49.98621376,2769.365792,2756.630149,-13.04986703,-134.3965531,3.9173343,1
3126,96,32,24,1,1,1,1,0,1,1,1,0,1,1,1,255.9335926,258.5277521,179.8132607,68.31454835,34.2207752,63.95225653,262.7739317,251.8565857,183.6418762,68.60309027,29.41976247,65.71028144,44.80907414,-0.9218706592,-43.88746274,-44.87663525,0.7900261892,44.08635137,255.224633,257.935998,179.6499873,16.03054787,21.67902352,10.96763006,260.8259328,251.4956298,181.0944495,16.39493213,13.53196801,17.78077011,0,-103.9602064,127.9010646,86.81736066,-128.7012699,-2.011758169,-0.9218614789,-104.3695092,129.9115325,-78.01252219,34.30534226,156.3947766,49.98024409,49.97995561,3913.277754,3985.253749,141.2345852,141.6969113,3.8728872,1
3127,96,32,24,1,1,1,1,0,1,1,1,1,0,1,1,256.8834607,260.287278,179.9074919,16.01137504,17.47695799,4.578097546,257.9010714,259.0424623,180.4989172,15.9946076,15.37702169,8.482011347,13.17598716,-11.89694177,-1.278382613,-13.03324317,11.74262948,1.291233652,256.2489303,259.1063769,178.888259,3.616696923,8.289158785,2.725477319,257.5506964,258.2128113,179.7387278,4.204511179,3.03886466,7.637333084,0,-104.7506779,127.2665101,63.58296729,-122.1803903,66.04405387,-0.1548010113,-104.7346085,127.8838359,-50.56709781,-50.79980196,145.5220903,49.98577785,49.98762412,2843.227494,2462.639138,24.58473902,-153.880812,3.9358549,1
3128,96,32,24,1,1,1,1,0,1,1,1,1,1,0,1,446.3943808,292.7109379,179.5726866,20.30207167,26.01362888,17.67741926,445.6727971,289.2019185,173.7879155,21.69638899,24.14223141,14.85227327,-11.68141777,19.71984902,-8.036498265,16.68495558,-20.64988693,3.966891021,317.2606657,261.4422874,116.7587776,13.54924986,14.73122284,10.02993146,312.6061366,257.477644,113.827009,9.415356016,8.744129865,6.357993037,0,-126.5467453,122.0987488,-30.73835796,-161.6105061,86.63630847,-0.1341024366,-126.4314764,122.1834751,132.7607028,-21.21600089,-123.5137637,49.97485376,49.98315658,4326.328749,4043.576552,-484.243321,571.0892436,3.7371006,1
3129,96,32,24,1,1,1,1,0,1,1,1,1,1,1,0,250.4211158,260.0653389,184.8639247,24.78199376,20.53551966,6.931874638,250.4535842,260.807034,185.6291213,24.73977362,20.55000335,6.93203138,23.63282929,-19.03115179,-4.601820201,-23.61207795,19.00241302,4.609534546,250.3484318,260.0206638,184.7939944,2.216708649,4.783048575,4.427837654,250.3906915,260.7488907,185.5474796,1.962964268,4.971100155,4.425391426,0,-102.6222816,127.8499119,-3.344285943,-104.4794821,127.7332258,0.0106050062,-102.5372606,127.9470483,3.672575996,-101.0347714,127.6902527,49.986187,49.98619209,2764.60797,2758.489718,13.95011348,-124.9167409,3.8877532,1
3130,96,32,24,1,1,1,1,1,0,1,1,1,1,1,1,252.9764978,258.5237234,183.9890609,7.280654132,9.565629127,3.525685757,254.4455113,257.8150979,184.7641174,7.919447344,5.627257118,7.754590134,-6.416260984,4.92647619,1.489646795,6.385357159,-4.873541769,-1.511947849,252.9489072,258.5260777,183.9924257,3.326343582,8.093877807,2.958272278,254.4303497,257.8245185,184.7669601,4.600789862,2.49610772,7.511298252,0,-102.6238556,128.5771153,73.89394024,-115.3018459,73.62478018,-0.1123937678,-102.6565551,129.1586094,-44.11527102,-58.1592209,147.4000593,49.98693559,49.9869302,2617.180766,2609.492473,-15.93078735,-155.8223689,3.8654827,1
3131,96,32,24,1,1,1,1,1,0,0,1,1,1,1,1,254.5130791,256.8449656,184.7153126,4.752293224,9.607454965,5.611508162,255.3125268,256.1848107,186.3891028,3.644336368,8.127985118,9.548105103,1.089539632,-6.524466254,5.434774858,-1.083519507,6.563847449,-5.480472818,254.4982482,256.8536624,184.7191543,4.494461709,6.958360226,1.107216175,255.2974902,256.1812289,186.3784872,3.303170887,4.654967086,7.770866039,0,-102.0290613,129.7255974,44.12440057,-129.1654683,119.4952875,-0.2712470094,-101.8532767,130.1667456,-71.99819895,-59.31848595,131.1673603,49.98693561,49.98693384,2615.555049,2610.435814,-33.63870145,-170.470847,3.7726106,1
3132,96,32,24,1,1,1,1,1,0,1,0,1,1,1,1,253.1805393,260.2954717,182.4025616,43.99506856,44.51365948,14.7869867,253.0299923,257.5772712,187.4331266,43.2676189,44.17476417,20.21470619,-30.02860347,28.82182266,1.206704003,29.88579388,-28.66506262,-1.220737568,252.1115928,259.5932221,182.1725586,10.46364212,11.50457106,6.61344548,252.9199249,257.402289,187.0469136,7.950538731,11.68200382,15.14705882,0,-103.3705989,127.6510717,42.98213647,-169.5545321,-72.77642526,-0.857724637,-102.576524,128.5218298,-115.688281,-38.95175872,119.0057874,49.98264114,49.98550323,3392.080626,2792.419857,113.7788597,-164.0684398,3.9797185,1
3133,96,32,24,1,1,1,1,1,0,1,1,0,1,1,1,254.6388328,259.2032011,181.3772492,14.12363877,15.70326226,3.390148246,256.1468351,258.1773449,182.2094184,14.40064478,13.37661386,8.375969916,-10.47567659,9.565327341,0.9101054854,10.38035313,-9.458323655,-0.9223199415,254.3819352,258.8500997,181.1312242,3.824438271,8.348047866,2.726176629,256.0503835,257.9785221,182.0349,5.037204697,2.65708011,8.128124809,0,-103.7929317,127.7819712,76.87726579,-118.6164585,58.34224866,-0.1393780552,-103.8151255,128.4525552,-47.81097189,-51.2963822,146.1324083,49.98688609,49.98666361,2649.755967,2634.177993,-0.2205750098,-142.2905197,3.8446074,1
3134,96,32,24,1,1,1,1,1,0,1,1,1,0,1,1,256.0420086,258.7333752,180.1179704,65.14531809,32.87788012,60.85314264,262.3510737,252.3714562,183.4872928,65.40284187,27.99360389,62.52571734,-43.00973197,1.005001665,42.00444405,43.07543967,-0.8814178627,-42.19433032,255.3922328,258.1975186,179.9659074,15.11464921,21.20118158,10.06890101,260.5587242,252.0358169,181.1436636,15.38147875,13.00047325,16.68275553,0,-103.9281385,127.9208885,85.04334472,-128.0751372,1.898446297,-0.8743352116,-104.3324541,129.7991321,-78.79528464,34.60473412,157.3880521,49.98114681,49.98050812,3669.583303,3845.659281,84.17085577,115.2287763,3.9102043,1
3135,96,32,24,1,1,1,1,1,0,1,1,1,1,0,1,250.4300398,260.0624066,184.8549857,24.70404125,20.46062947,6.931953477,250.4634664,260.8024397,185.6181087,24.66128114,20.47373028,6.93027988,-23.56325995,18.95955377,4.603566293,23.54251698,-18.93382579,-4.608824549,250.3580241,260.0181212,184.7852151,2.220815736,4.787579741,4.428784528,250.4008612,260.7446639,185.5371275,1.958677341,4.966614442,4.423998842,0,-102.6252119,127.849576,-3.264139852,-104.5120547,127.7322365,0.01050110881,-102.5405004,127.9469035,3.59666177,-101.0062958,127.6907042,49.98619335,49.98619848,2763.498795,2757.972112,13.33863367,-124.4217852,3.9544105,1
3136,96,32,24,1,1,1,1,1,0,1,1,1,1,1,0,451.0619207,293.8356931,184.3829035,9.714552557,10.62961948,6.279994101,451.0926766,294.5126016,184.924163,7.558451314,8.500879327,4.751944247,-6.476730822,4.093821835,2.385472352,1.23149437,-3.173948578,1.945470242,307.869704,261.6370325,120.445819,2.69938306,6.249152314,3.341120751,308.8032481,262.5257177,120.6170151,3.728087759,4.535762314,2.495054768,0,-125.2816533,120.1498031,44.44425218,-104.840822,127.7144329,-0.04610865836,-125.462491,120.2126144,-30.57392396,-154.4972569,109.6675469,49.97267527,49.98592206,3973.1413,4337.800157,120.7164012,-100.3644433,3.7861512,1
3284,24,32,32,1,1,1,1,1,1,1,1,1,1,1,1,217.3769127,227.9467138,243.8667018,5.333659163,4.226473234,4.532128715,218.1718332,228.5394327,244.5710751,5.085403167,4.335680626,4.613054477,0.0006839561304,0.009906641396,-0.01054996097,-0.0007514815986,-0.01045855095,0.01124216338,217.3709434,227.9483231,243.8697178,5.333250798,4.226126426,4.531913086,218.1658301,228.5410608,244.574092,5.084997254,4.335377169,4.612849107,0,-126.2938033,118.892351,-1.989417188,-129.8272497,118.400985,0.1005550873,-126.2016881,118.966328,1.80124364,-123.0475299,119.1672085,49.98386845,49.98387406,3230.394574,3220.905679,96.36878913,-100.9554643,3.7868332,1
3285,24,32,32,1,1,1,1,1,1,0,1,1,1,1,1,217.1794178,227.4277465,244.5828148,9.146004669,10.59779745,6.53664665,217.9714741,226.4069955,246.8331988,4.03498294,9.520722062,10.77674913,1.720354433,-7.865644986,6.145332022,-1.70072488,7.899578197,-6.198814213,217.1725154,227.4286578,244.5831981,8.850279747,6.935836812,1.355655728,217.963059,226.3904408,246.8165793,3.318706694,5.089811688,8.635244538,0,-126.0186469,119.0504631,17.26679591,-162.8412204,-178.9060735,-0.3755056556,-125.7489743,119.3300914,-53.81929599,-71.48173124,111.0699707,49.9837571,49.9837491,3252.502993,3245.975657,91.12413882,-104.3795595,3.9407225,1
3286,24,32,32,1,1,1,1,1,1,1,0,1,1,1,1,217.1817613,227.4317168,244.5797672,9.150100078,10.55656611,6.474744493,217.971602,226.4072882,246.8315886,4.02504713,9.467443738,10.74259476,-1.715187816,7.801729693,-6.086504032,1.69564682,-7.836532333,6.140922057,217.1748751,227.432608,244.5801275,8.857356776,6.949725412,1.348268647,217.9631903,226.3908677,246.815195,3.314091666,5.095612743,8.638683129,0,-126.020399,119.0494642,17.25029793,-162.8872863,-178.8615251,-0.3760487267,-125.7500444,119.3294214,-53.91990534,-71.3297105,111.1125656,49.98374819,49.98376022,3254.017027,3244.176546,91.30944135,-104.6328554,3.8525032,1
3287,24,32,32,1,1,1,1,1,1,1,1,0,1,1,1,217.963319,227.8245352,243.5510543,6.124008238,7.622096152,9.888150346,220.2162857,228.6075718,242.8113771,10.58101257,3.868978139,9.04374793,5.605877015,1.617049041,-7.222889401,-5.660394742,-1.599085045,7.259518322,217.9557563,227.8248156,243.5531485,1.982780529,7.314578028,6.637010112,220.194295,228.606797,242.7991273,8.818268873,3.228262967,5.248328062,0,-126.483132,118.9969735,30.97836249,-104.9739724,84.3052563,0.3108081666,-126.8114873,119.2566349,-6.694662451,176.2155986,164.850058,49.98374975,49.98376108,3253.733955,3243.935589,89.13357768,-107.8629092,3.8549946,1
3288,24,32,32,1,1,1,1,1,1,1,1,1,0,1,1,217.9626308,227.8225227,243.5506729,6.153386969,7.624102272,9.90588703,220.2173,228.6055561,242.8108144,10.59725406,3.869561454,9.06337534,-5.632851812,-1.61514415,7.248029133,5.687523658,1.596023898,-7.283514422,217.9550806,227.8227808,243.5527861,1.986304795,7.317233644,6.634907374,220.1951539,228.6047168,242.7984278,8.817806272,3.230315373,5.245993331,0,-126.4828719,118.9974301,31.08803116,-104.953048,84.32913495,0.3106407258,-126.8116799,119.2571736,-6.728189632,176.1592428,164.8232404,49.98375123,49.98375906,3252.234303,3245.582597,88.64455849,-107.4072305,3.8887802,1
3289,24,32,32,1,1,1,1,1,1,1,1,1,1,0,1,216.9988269,228.6359143,243.635791,10.87686519,6.186779564,8.214573182,216.2386912,230.5875738,244.4903351,9.578961843,10.40408311,4.131227645,-7.594097909,5.9743768,1.61975901,7.632223888,-6.02761514,-1.604568894,216.9924659,228.6348842,243.6376986,7.651424169,0.41377075,7.919187927,216.2157993,230.569923,244.4910382,5.605968507,8.336425148,3.512780419,0,-126.3417928,118.6332869,-32.07253744,-74.39622042,140.7087914,0.3001305317,-125.978085,118.2930371,46.13671733,-128.5658175,59.5393351,49.98376437,49.98376846,3250.993149,3242.214124,87.93036346,-108.0162535,3.9259186,1
3290,24,32,32,1,1,1,1,1,1,1,1,1,1,1,0,216.9993559,228.6305713,243.6373602,10.87370213,6.184248314,8.207015798,216.243812,230.5815015,244.4961427,9.581868109,10.40198592,4.145134278,7.599604891,-5.971472368,-1.628093456,-7.637748151,6.023791807,1.613994958,216.9929995,228.6295267,243.6392696,7.641112494,0.4124475794,7.906262764,216.2209431,230.5638399,244.4967497,5.60300764,8.335645544,3.517839342,0,-126.3409015,118.6349229,-32.03317734,-74.62583563,140.7328145,0.299636575,-125.9769984,118.2956565,46.02172246,-128.5508636,59.74312816,49.98376096,49.98377278,3250.878,3242.220128,88.2247281,-108.3097218,4.3102257,1
3291,24,32,32,0,1,1,1,1,1,1,1,1,1,1,1,217.0612103,225.8859787,246.1326327,4.148962934,9.284188034,10.56646824,217.9901435,228.0087263,245.255342,9.079006521,10.17761962,6.457777571,-1.753355117,7.784037874,-6.030638993,1.75911301,-7.705065616,5.945998535,217.0529646,225.8699187,246.1173297,3.436093605,4.854642094,8.482643219,217.9832109,228.0095923,245.2560246,8.777956669,6.495958717,1.756631384,0,-125.3440934,119.6501613,-53.23190124,-75.90115962,109.0864519,0.5690166648,-125.4579606,119.54692,18.28358547,-160.1561686,179.8455378,49.9837594,49.98375812,3252.906716,3243.607585,94.98611736,-103.8564306,3.9647768,1
3292,24,32,32,0,1,1,1,1,1,0,1,1,1,1,1,232.190373,372.9917883,304.6633713,11.52645434,20.87899059,21.35284141,237.6464278,374.6859803,308.1332834,14.89376795,17.95597938,22.01911722,1.272839757,17.67556299,-18.94878273,-7.414794365,-8.746799569,16.16118205,157.9097631,270.4502308,265.1329336,4.492719008,6.286241017,6.628710581,161.1009548,275.2275526,269.9008559,8.886261968,13.688151,13.48058099,0,-118.4732403,101.9394052,90.76150216,-8.356227822,-151.4003608,0.08014526025,-118.2802341,102.081154,-30.42629431,-144.0170217,73.82417547,49.96865389,49.97334133,5892.742628,5730.911065,503.3827206,-681.1391257,3.9893938,1
3293,24,32,32,0,1,1,1,1,1,1,0,1,1,1,1,217.4295077,223.2825338,248.1549743,8.172698578,31.70709038,26.23947216,218.3249295,223.8130015,248.8363268,8.142938352,31.57046098,26.21606,-5.391231969,29.71345365,-24.32219801,5.369852394,-29.62692181,24.25709149,217.3241117,223.1738299,248.0346288,5.21393613,4.364520681,4.527029938,218.2118335,223.6992552,248.7142151,5.19784928,4.013725957,4.784891071,0,-124.5583145,120.561069,0.02319812685,-127.5011805,117.4841472,0.09560436113,-124.4870182,120.6547203,-0.3009101623,-121.5838834,123.2789601,49.98265462,49.98265322,3472.944658,3466.030371,136.4890734,-60.06982588,3.8938246,1
3294,24,32,32,0,1,1,1,1,1,1,1,0,1,1,1,213.4102387,226.2059957,250.5693144,28.78990796,64.45079111,67.09235127,221.7242994,224.5027765,245.6031324,34.28314027,62.37708751,66.72054668,0.8242783124,43.18435223,-44.00861567,-0.9603870025,-42.75061218,43.7110096,213.0228322,224.1585315,248.7984515,13.2605182,17.49449258,16.68127546,220.9394687,224.3563997,245.0006894,22.53165669,10.98619582,17.72244377,0,-123.6455115,119.8762151,146.0584118,-94.70951868,39.37576826,0.8370706077,-125.1067699,121.1882177,-19.05885209,107.4913075,-171.6572104,49.9769287,49.97748185,4590.252078,4392.190298,371.0654172,1.85718267,3.9628333,1
3295,24,32,32,0,1,1,1,1,1,1,1,1,0,1,1,218.2350382,226.9378822,244.148553,8.048739719,7.899558592,11.25084648,220.6977701,227.6886858,243.3446881,12.13269744,3.742014474,10.63968433,-7.508882058,-1.220425341,8.729338726,7.578579639,1.213553685,-8.7921045,218.2222675,226.9356723,244.1455951,1.877998704,7.673249019,6.771898441,220.6527016,227.6858156,243.3124201,9.210829712,3.236211924,5.61048159,0,-126.2694616,119.3312416,43.7882962,-104.2300238,81.51110396,0.3176193129,-126.6395939,119.6246488,-8.150403044,169.4302776,166.9197818,49.98373147,49.98368216,3253.516474,3264.767321,89.12463228,-105.4764791,3.8286746,1
3296,24,32,32,0,1,1,1,1,1,1,1,1,1,0,1,213.4613978,228.7982374,246.7213216,63.6544814,68.01629285,34.40292474,217.4082821,236.0037076,240.1259302,65.86742806,68.32275684,29.45849906,-43.7739586,44.84301594,-1.068991381,43.97777517,-44.91319751,0.9354937174,213.3332533,228.144377,245.9702014,10.63310234,16.93399467,21.86013601,215.2489605,233.950221,239.6919075,19.00069549,16.89437141,13.56367293,0,-124.906543,118.5743507,-131.0749371,-50.33572536,98.86401162,1.740921164,-126.0193516,117.9437735,25.18420254,159.2293203,-93.98222825,49.97719278,49.97679302,4466.41277,4607.785929,225.4776296,151.5813229,3.8764719,1
3297,24,32,32,0,1,1,1,1,1,1,1,1,1,1,0,216.1595486,226.3130332,246.5859807,3.910673263,11.04318549,12.27121533,217.1505855,228.5268233,245.5463753,9.349253113,11.74712975,8.641357175,-1.376539425,9.338514195,-7.961931285,1.367217506,-9.220359346,7.85318514,216.1474501,226.2686038,246.5399478,3.325238229,5.163461726,8.791794298,217.1402931,228.5201217,245.537727,9.125247348,6.699745442,1.830389179,0,-125.0965237,119.466233,-59.52823482,-73.28276056,107.9398829,0.6091972035,-125.2390067,119.3570273,18.32975169,-162.6090613,-170.0574107,49.98372806,49.98370384,3261.048939,3252.236846,94.85915373,-104.4083442,3.970494,1
3298,24,32,32,1,0,1,1,1,1,1,1,1,1,1,1,217.0611715,225.8843298,246.1354123,4.145309018,9.28716856,10.55625165,217.9934502,228.0028881,245.2592042,9.074269144,10.18931936,6.45716,1.757234599,-7.784727622,6.027523394,-1.762716554,7.70444878,-5.941695333,217.0529164,225.868057,246.1200008,3.427263703,4.850238369,8.46778861,217.9864997,228.0037366,245.2598977,8.771444583,6.507227397,1.744767047,0,-125.3431464,119.6510435,-53.06674581,-75.77050699,109.2091595,0.5677858857,-125.4578037,119.5484968,18.20785707,-160.1272206,179.1887917,49.98376848,49.98374834,3250.5715,3245.944075,94.71856045,-103.5002502,3.9243031,1
3299,24,32,32,1,0,1,1,1,1,0,1,1,1,1,1,217.4250262,223.2852041,248.1462701,8.171772058,31.74111982,26.27226945,218.3200748,223.822965,248.8414027,8.142839029,31.61302127,26.25628917,5.391261028,-29.74404244,24.35281324,-5.369825751,29.65723371,-24.28737476,217.3192097,223.1769378,248.0261187,5.213396171,4.333146567,4.505962903,218.2072395,223.7083307,248.7182194,5.198166811,4.045824315,4.803244373,0,-124.5601582,120.5585661,0.03707852506,-127.5959928,117.8085795,0.09588362164,-124.485816,120.6523152,-0.3145573438,-121.5302356,122.9465898,49.98265676,49.98264272,3472.368167,3467.625729,137.675432,-61.20805072,3.7323624,1
3300,24,32,32,1,0,1,1,1,1,1,0,1,1,1,1,231.3258238,372.9317118,304.6429677,14.71416997,20.49740121,22.15036029,236.7172264,374.4499574,307.6630922,17.50958649,17.94860806,22.83434735,-1.535707224,-15.05399261,16.58968304,7.653428238,6.114819751,-13.76828634,157.5052446,270.2685909,265.1256266,4.734347866,5.476254505,4.937867825,160.8100794,274.2563554,269.060765,9.124063469,11.93907471,12.12083133,0,-118.3851142,101.9324266,92.57019148,-23.75865324,-154.5959077,0.05950757982,-118.2936014,102.1265069,-31.28416549,-145.6321673,78.58629572,49.97093518,49.97084656,5305.174286,6332.186453,386.0558327,-563.4389661,3.7258798,1
3301,24,32,32,1,0,1,1,1,1,1,1,0,1,1,1,218.2205204,226.9890919,244.1276304,7.6818058,7.883173507,11.04756737,220.6016194,227.7347136,243.2683638,11.78545155,3.693245083,10.26948821,7.214798559,1.218969968,-8.433711286,-7.28230715,-1.21319649,8.495565095,218.2090268,226.9876026,244.1256815,1.872262535,7.674629724,6.895521888,220.5606214,227.7325486,243.2394372,9.075754159,3.223459264,5.478402231,0,-126.2776096,119.3131427,38.21661611,-104.3390147,82.51013042,0.3216148791,-126.6472458,119.5933913,-7.372491141,169.4432783,168.0805656,49.98371549,49.98371284,3261.147307,3252.955356,86.48065714,-103.1792366,3.8320505,1
3302,24,32,32,1,0,1,1,1,1,1,1,1,0,1,1,213.1196237,226.1329685,250.8146704,30.02569322,67.07011148,69.76112033,221.6452572,224.1611933,245.4697864,35.42666928,64.94509983,69.34888367,-0.8434688784,-44.80959111,45.65310425,0.9875755231,44.35781961,-45.34535432,212.6909509,223.919726,248.9175835,13.70910832,18.19569096,17.24524999,220.8019939,224.0061543,244.8205881,22.92377104,11.60534622,18.22072396,0,-123.5160508,119.9091131,145.5910354,-94.95355315,39.33691535,0.8689391656,-125.051475,121.2686371,-19.61993296,105.7458643,-170.7661409,49.97650748,49.97657212,4686.556195,4662.995952,393.6260261,59.40642896,3.8358056,1
3303,24,32,32,1,0,1,1,1,1,1,1,1,1,0,1,216.0651923,226.4046016,246.5623724,3.853672218,11.70035889,12.89922214,217.0798829,228.630392,245.5641148,9.425132869,12.42410719,9.602948346,1.320071199,-9.525671683,8.205617372,-1.310633334,9.401349151,-8.09068392,216.0467088,226.3464412,246.4956298,3.279026916,5.069612318,8.670221689,217.0656997,228.6213211,245.5458153,9.210097939,6.762822381,1.87277621,0,-125.0987232,119.4274476,-60.9424276,-72.61538418,107.7555971,0.6138028077,-125.2289645,119.3252164,18.15931776,-161.7987747,-173.6531774,49.98370219,49.98367751,3262.771392,3261.785232,103.1228129,-113.0311475,3.8228488,1
3304,24,32,32,1,0,1,1,1,1,1,1,1,1,1,0,213.4353258,228.7919789,246.8536528,63.40848653,67.86979741,34.52321262,217.3506694,235.8831471,240.1090202,65.61560356,68.15468533,29.5388165,43.62327998,-44.74085768,1.117643234,-43.82395879,44.80571825,-0.9816892749,213.3077388,228.1135532,246.0810091,10.5695223,17.07297166,22.0276305,215.2049709,233.8363035,239.6752561,18.9218286,16.95998338,13.71273956,0,-124.8669315,118.5910163,-130.8176595,-50.6834271,99.02356204,1.732190707,-126.0118173,117.9575922,25.23825243,158.6902195,-93.59132577,49.97721931,49.97668313,4466.459435,4631.560353,211.7408131,171.3451815,3.7812591,1
3305,24,32,32,1,1,0,1,1,1,1,1,1,1,1,1,219.256247,227.8803496,242.3758599,10.30048319,3.842049185,8.551534022,218.6637186,228.3973566,244.3568202,5.754491798,7.693557864,9.179953001,-5.173098277,-1.519762914,6.692882217,5.086814374,1.530760383,-6.617551281,219.2383676,227.88003,242.3654833,8.807907218,3.289161565,5.223998463,218.6566961,228.397554,244.3588426,2.347364962,7.432780447,6.279901003,0,-127.046257,119.0151872,-10.03031171,173.4400017,160.8061947,-0.07103261005,-126.5637255,118.8959859,39.49959555,-104.5985092,85.09876318,49.98377345,49.98375983,3249.501357,3243.683487,89.76558482,-106.7934348,4.0227936,1
3306,24,32,32,1,1,0,1,1,1,0,1,1,1,1,1,220.143786,225.4399466,245.0148003,24.47221274,45.12041717,47.74952456,215.9720899,226.7331132,249.5127523,18.34311562,46.51862392,47.88651597,-0.07087224544,-31.52336771,31.59312236,-0.01579383768,31.65950628,-31.64477457,219.7930377,225.3579879,244.7298669,17.84459478,7.728333584,12.22748958,215.7712299,225.6074591,248.5265639,8.139566718,13.04631494,11.85444358,0,-126.1921782,119.9726316,-14.88569256,126.4590426,-174.955772,-0.4683326519,-125.0503616,119.2980507,146.3682526,-91.57738893,50.05169138,49.98237575,49.97871662,3413.269973,4104.684974,51.65962496,55.62243168,3.9240627,1
3307,24,32,32,1,1,0,1,1,1,1,0,1,1,1,1,219.7168199,226.498144,243.0828122,12.78292922,3.600568394,11.23224972,219.013518,227.0784202,245.2654647,9.264403156,8.144163882,11.8231294,-7.864202761,-0.9656832657,8.830317989,7.735787029,0.9641782709,-8.699541475,219.6457618,226.4865047,243.0304205,8.969161186,3.240064904,5.395013056,218.9861871,227.0693203,245.2563779,2.343021805,7.993824177,6.724254498,0,-126.7868695,119.498422,-10.70177077,163.0391734,166.2666096,-0.08664977867,-126.2467686,119.3617975,43.84646727,-104.3211102,83.48299206,49.98374852,49.98359124,3258.095962,3275.648548,103.9317357,-116.6501056,3.7672579,1
3308,24,32,32,1,1,0,1,1,1,1,1,0,1,1,1,281.8451319,233.9877116,390.5207544,23.67533313,16.75861354,21.42435972,284.3608634,238.064549,391.9856868,24.02790109,18.24430106,19.55381299,-11.001562,1.140364106,9.861427422,7.124768091,-6.153046852,-0.9714416629,240.8680924,156.7289748,294.2465268,2.483489644,4.069960735,5.208313467,243.6448371,159.286022,296.6890083,9.971354602,7.48499567,7.902255701,0,-108.1893573,141.8121016,45.17569229,-12.73871034,-177.287806,0.2228107366,-108.1987024,141.7795477,-10.25388872,-141.025015,116.0674169,49.9600166,49.98026146,6273.834312,5701.808483,555.7060076,8.860659382,3.9315134,1
3309,24,32,32,1,1,0,1,1,1,1,1,1,0,1,1,220.8902833,228.635487,240.2567982,23.25000687,7.085872654,28.06184002,221.7842218,229.3002078,240.8514668,23.24232253,7.07242572,27.94313106,-21.50709792,-4.837644987,26.34476867,21.43671188,4.828828224,-26.26550649,220.7964959,228.556459,240.1867107,5.15043199,4.289479782,4.624080864,221.6747959,229.2158376,240.7782534,5.434308473,4.280942988,4.391889368,0,-128.0143633,118.8754145,-2.339292783,-128.0048463,116.0395169,0.1230945691,-127.9461106,118.950454,1.962264051,-128.2375501,121.6425812,49.98290695,49.98285936,3424.757569,3422.06761,112.856539,-85.36915398,3.7483667,1
3310,24,32,32,1,1,0,1,1,1,1,1,1,1,0,1,223.7794256,224.3125929,243.0688619,65.77720885,28.24569959,63.55531399,218.8617247,231.7816691,241.0197403,65.26697489,32.96549703,61.19740971,-43.12757627,0.7803548412,42.34726356,42.76281596,-0.8655841373,-41.89718389,221.9948734,223.8887798,241.1390477,16.53543329,13.20903215,18.00626866,218.3047934,230.9768196,240.8829432,17.54111501,21.22146964,10.56475242,0,-127.3817376,120.4000062,-77.09111954,28.96071199,145.1620904,1.458537227,-126.4075615,119.0528407,67.00901105,-141.7114888,-13.3300177,49.97722381,49.97739882,4542.74762,4484.24282,352.5435082,26.88890387,3.7304383,1
3311,24,32,32,1,1,0,1,1,1,1,1,1,1,1,0,217.1864495,228.8254097,243.313424,11.3870676,6.950585371,8.338186263,216.3726837,230.8388915,244.1513943,10.14111069,10.98944643,4.053060939,8.152185494,-6.719834552,-1.432310476,-8.202535711,6.778092748,1.424481643,217.179185,228.8238114,243.3151692,7.763265797,0.394929575,8.086218885,216.3434892,230.8136371,244.1520921,5.716985262,8.472878808,3.507439056,0,-126.4867989,118.5771935,-33.02619818,-55.41294061,140.8041411,0.3109703959,-126.1162622,118.2190742,47.43339448,-128.9948892,56.55568644,49.98375068,49.98374305,3254.122586,3246.914964,85.89854341,-107.7645218,3.7504087,1
3312,24,32,32,1,1,1,0,1,1,1,1,1,1,1,1,219.2473157,227.8742276,242.3761444,10.27965474,3.840668531,8.537495944,218.6621931,228.3928004,244.3625531,5.753414675,7.695096164,9.180728745,5.172378324,1.518214418,-6.6905542,-5.086423353,-1.530028094,6.616493841,219.2295521,227.8739459,242.3658081,8.787388759,3.286218491,5.206044987,218.6551939,228.3930022,244.3645814,2.358518004,7.433846194,6.285005266,0,-127.0439859,119.0151608,-10.01351063,173.4273856,160.8131581,-0.0713880896,-126.5614236,118.8970058,39.08470325,-104.617128,85.25661012,49.98376844,49.98376465,3250.865449,3242.307954,90.98119904,-108.0193633,3.7941201,1
3313,24,32,32,1,1,1,0,1,1,0,1,1,1,1,1,220.5119356,225.5757216,243.925391,14.48497893,3.89058999,12.9518144,219.6281201,226.1259407,245.8990354,11.23090203,8.150199896,13.16345303,8.719752067,1.104993944,-9.824857893,-8.559425959,-1.092113364,9.651440641,220.2066006,225.4433418,243.7823792,9.167102447,3.222516323,5.616318726,219.4506375,226.0314388,245.8546377,2.366120423,7.859268786,6.446550018,0,-126.566566,119.9368784,-11.53030028,164.9987996,163.8769965,-0.06471557257,-126.0323238,119.784505,49.19333641,-104.1005322,82.46966821,49.98368775,49.98350532,3290.993631,3269.377517,93.99172598,-102.4744428,3.8287004,1
3314,24,32,32,1,1,1,0,1,1,1,0,1,1,1,1,220.5263638,223.4215515,245.22268,35.68735968,65.41681338,69.82987753,213.7327774,226.6315777,251.9318919,30.04964204,67.15584881,69.84861715,0.9251914166,44.65040293,-45.57555783,-0.7787218286,-44.84721907,45.62597226,219.7203154,223.2616042,244.5667878,23.15106984,11.91342013,18.03484621,213.2682628,224.3352798,250.0181116,13.85260441,18.30717256,16.97068199,0,-125.9749511,120.4403518,-20.87404677,106.1663361,-171.5877934,-0.6606476012,-124.2761798,119.2398721,143.955136,-94.82871293,38.84369276,49.97656939,49.97641238,4666.279711,4697.164646,256.8234412,198.0198493,3.7714911,1
3315,24,32,32,1,1,1,0,1,1,1,1,0,1,1,1,220.8892071,228.6332699,240.2748961,23.20314729,7.083995418,28.01592742,221.7635462,229.2972296,240.8531802,23.18306139,7.071399711,27.88390407,21.45761808,4.837141127,-26.29473496,-21.38673401,-4.829137926,26.21589573,220.7952194,228.5550721,240.2049341,5.177867168,4.288878486,4.664377705,221.6549085,229.2132575,240.7805115,5.409203073,4.281469597,4.351416349,0,-128.0087196,118.8775221,-2.691529376,-128.0114249,116.1533649,0.1248610974,-127.9406267,118.9496698,2.320777549,-128.2197885,121.5747137,49.98288278,49.98288636,3426.926575,3418.713982,111.9812615,-84.58693849,3.7786974,1
3316,24,32,32,1,1,1,0,1,1,1,1,1,0,1,1,280.9425201,231.993939,390.1485631,24.59693,13.32926381,23.03717272,284.7741722,238.5718691,392.2630188,24.89253875,16.91997594,20.07653368,22.50132083,-3.289839536,-19.21141922,-18.60732713,8.269870871,10.33747522,239.5821785,155.532725,293.4958992,7.181652877,5.907991966,7.742530949,245.0770133,159.28916,298.927836,15.50223512,10.09146317,15.15908394,0,-107.8708218,141.9526223,109.5794111,10.051861,-111.9562306,0.2433267091,-107.6963726,142.0734641,-25.87649888,-139.003471,112.5486735,49.96805476,49.97224788,5988.621236,5966.79753,958.6557858,-413.2761843,3.7176854,1
3317,24,32,32,1,1,1,0,1,1,1,1,1,1,0,1,217.1967198,228.8371527,243.3064472,11.40462869,6.995953215,8.340034428,216.3896244,230.8608245,244.1445734,10.18180093,11.03080473,4.055126366,-8.183781912,6.752330649,1.431494017,8.234429988,-6.812078908,-1.422309981,217.18942,228.8354641,243.3081496,7.746145269,0.40862983,8.088625629,216.3601611,230.8350509,244.1451609,5.73045645,8.489154086,3.510987912,0,-126.4920153,118.5750254,-33.10230493,-52.57633112,140.8297917,0.3126472663,-126.1218902,118.21667,47.27825391,-129.1239818,56.50421901,49.98374877,49.98374386,3252.190982,3249.180096,85.29003875,-107.1671882,3.7848498,1
3318,24,32,32,1,1,1,0,1,1,1,1,1,1,1,0,223.4402604,224.685316,242.9582054,62.81399496,26.97959602,60.58183802,218.9525219,231.887416,241.2846965,62.38310456,31.76967399,58.31190645,41.42434283,-0.8821487311,-40.5419682,-41.0720828,0.9621179109,40.11019192,221.8011486,224.2911383,241.1789834,15.64200122,12.73557272,17.0517955,218.4428585,231.1510663,241.1553404,16.83887774,20.77899827,9.769077749,0,-127.3821937,120.2665057,-77.19309366,29.29294239,145.7933856,1.392940459,-126.4274436,119.0035583,65.15737012,-141.2948568,-10.16921621,49.97774946,49.97818271,4414.065421,4268.738913,330.0304555,-21.97980026,3.817299,1
3319,24,32,32,1,1,1,1,0,1,1,1,1,1,1,1,215.4960628,230.0113071,243.7259693,9.429560402,10.23005454,4.116353111,217.8080274,229.2808767,244.2794895,10.43163887,6.109647239,8.211254878,7.528655651,-5.943201216,-1.585419109,-7.437842145,5.852195897,1.585682744,215.4757279,229.9929718,243.7267922,5.509750423,8.191510935,3.507500241,217.8017981,229.2793276,244.281724,7.185799998,0.9362818456,7.925816093,0,-126.2453057,118.0598363,41.03946394,-132.173075,58.96369841,-0.09468336743,-126.4202599,118.5393845,-30.49888665,-65.8636496,140.4055414,49.98377607,49.98377579,3249.403804,3239.997124,87.97822275,-110.3337156,3.8125662,1
3320,24,32,32,1,1,1,1,0,1,0,1,1,1,1,1,216.393588,234.8290238,240.3063039,59.53202129,60.91360455,24.06699088,214.8742561,229.3052361,247.0704062,56.96606826,60.0600277,29.03507049,39.91230359,-40.00341693,0.0912997575,-39.44055258,39.66798389,-0.2272494434,214.7423954,233.0803414,240.0042947,17.43169679,15.76207717,10.88091842,214.7702153,228.8072006,246.5444674,9.076157355,15.01705077,19.31702321,0,-127.5383751,116.6283171,23.57152292,163.599478,-92.05284236,-1.366613763,-126.493466,117.3710768,-128.7365969,-49.00054264,101.0535333,49.97771814,49.9794763,4416.65454,3918.790677,257.7313832,-27.97831425,3.8899081,1
3321,24,32,32,1,1,1,1,0,1,1,0,1,1,1,1,216.5853117,227.8130142,244.7981174,9.375783704,11.78109863,8.227529201,217.3241866,226.6956325,247.1350838,3.829066539,10.80467749,12.02052088,-1.390756557,8.972611621,-7.581853875,1.383038646,-9.028774988,7.645736523,216.5770667,227.8103002,244.7950846,9.150789798,7.129524372,1.426461922,217.3146519,226.6616144,247.1001835,3.239045974,5.278703293,8.819468012,0,-125.8923589,118.8856292,17.38465302,-164.1122694,-170.7554785,-0.4096011239,-125.6112502,119.1696826,-59.39534296,-69.43227473,110.1178187,49.9837415,49.9836991,3257.430125,3254.868764,84.72734102,-98.83397965,3.8077266,1
3322,24,32,32,1,1,1,1,0,1,1,1,0,1,1,1,218.1049344,231.4886658,240.041184,66.41481333,33.5338681,62.23986089,224.8462227,225.2114677,243.4340439,66.43654702,28.66977715,64.19416033,43.53420787,-0.9446326392,-42.58952364,-43.5944951,0.8241753113,42.77037331,217.5157006,230.680028,239.9264736,17.46067415,21.47854342,10.80901577,222.8859156,224.7417515,241.5247929,16.22580811,13.41520686,18.11786597,0,-127.825289,117.7315351,65.07226317,-143.9606744,-14.12823732,-1.259892207,-128.6394757,119.2378319,-78.81072865,26.12657182,144.3218837,49.97724292,49.97707141,4519.163849,4567.911356,219.3551598,153.6597463,3.7947956,1
3323,24,32,32,1,1,1,1,0,1,1,1,1,0,1,1,215.7448053,230.4332058,243.2019213,10.37565753,11.22495052,3.992839068,218.1234262,229.5903396,243.7840192,11.25389838,7.366926134,8.406798922,8.447579161,-7.139440489,-1.308094219,-8.330617618,7.030691521,1.29998247,215.7141568,230.4008819,243.2022242,5.696513532,8.429135159,3.497725803,218.1154727,229.5868542,243.7855702,7.305568516,0.9712898424,8.186811015,0,-126.4844989,117.9293395,42.77013635,-133.0987622,54.26550949,-0.1146096787,-126.6671596,118.4362838,-32.25095144,-51.49548378,140.4826421,49.9837242,49.9837657,3260.324578,3241.911733,89.95227971,-115.1717142,3.8090567,1
3324,24,32,32,1,1,1,1,0,1,1,1,1,1,0,1,340.8539207,310.4238801,268.7406163,19.11098059,19.6461426,13.36138102,342.47018,312.1362273,272.5645713,15.46884796,18.91979939,15.25907229,11.8441965,-12.15358693,0.3103920543,-2.066225792,8.207927094,-6.140959332,255.6372912,263.285821,184.1053,6.274965385,2.667754919,3.65580673,258.3713788,265.7004857,186.5749457,8.441005564,8.169137907,7.209922921,0,-149.2275982,112.7232867,39.40791405,-105.677398,-168.0140362,0.0009713876544,-149.0165219,112.7439805,-28.37436161,-162.269418,82.76273476,49.96242061,49.97673314,6242.198383,5962.322047,300.5214503,-397.9611819,3.8016382,1
3325,24,32,32,1,1,1,1,0,1,1,1,1,1,1,0,212.9296553,231.9267015,244.2261272,33.8482344,28.35906554,7.570724775,213.7102031,232.559586,244.9372754,33.69382805,28.30993212,7.540619418,31.53315635,-26.45225748,-5.080869988,-31.42190023,26.36756897,5.054349484,212.8067034,231.7708832,244.121971,5.224406539,4.224499066,4.583141789,213.5657803,232.4071416,244.8311522,4.979305981,4.476909353,4.571090674,0,-125.8406107,117.2404511,-2.633731081,-128.9299661,117.3616375,0.1048842564,-125.7453648,117.3073857,2.479844591,-123.1172027,116.9043626,49.98252313,49.98251311,3497.493863,3493.719622,121.6839965,-74.98696157,3.8307511,1
3326,24,32,32,1,1,1,1,1,0,1,1,1,1,1,1,215.5012841,230.0063211,243.7314592,9.409444871,10.20983591,4.11951864,217.8103645,229.274694,244.2840308,10.40871729,6.078977656,8.206597599,-7.501811472,5.908802985,1.593046192,7.411265588,-5.819225633,-1.592004481,215.4810278,229.988207,243.7322988,5.510127033,8.189943005,3.507785913,217.8041271,229.2731779,244.2862929,7.17866026,0.9378618638,7.919494514,0,-126.2441958,118.0624318,40.96022292,-132.1800338,59.07294089,-0.09513408127,-126.4192978,118.5413901,-30.48190008,-65.91157949,140.4023271,49.98378176,49.98377148,3248.565678,3240.738823,87.63971446,-109.9161221,3.8265045,1
3327,24,32,32,1,1,1,1,1,0,0,1,1,1,1,1,216.5416947,227.7988739,244.8082249,9.367419586,11.69016602,8.150773368,217.287771,226.7119148,247.2194146,3.844989634,10.82136975,12.06078268,1.393380442,-9.001416047,7.608079063,-1.38707126,9.058165747,-7.671046975,216.5335657,227.7958852,244.8053688,9.141326933,7.046326998,1.491624698,217.27824,226.6775021,247.1844859,3.25470376,5.401265667,8.956963709,0,-125.8798833,118.8834188,17.47808339,-165.1450704,-165.0075418,-0.4098798032,-125.5827354,119.1687691,-59.32283795,-70.41494388,109.5760376,49.98374029,49.9837047,3255.268127,3256.801565,91.35041605,-105.5199843,3.8447344,1
3328,24,32,32,1,1,1,1,1,0,1,0,1,1,1,1,216.2293797,235.3067483,239.5940752,64.65699585,67.17266321,29.03338528,214.1584179,229.476323,247.5772084,61.97068434,66.47150041,33.85439955,-43.11534383,44.13190565,-1.01651682,42.61014142,-43.78618743,1.176086284,214.2854372,233.2615056,239.205861,18.79362287,17.14586076,13.44871746,214.0399223,228.7879785,246.8433159,10.23011599,17.13802175,21.7006346,0,-127.700322,116.4082308,22.86488375,157.1753024,-94.467653,-1.508338883,-126.416783,117.1847829,-133.506621,-52.12006982,97.97758323,49.97702632,49.97733066,4578.714558,4454.585285,354.2779956,12.23377516,3.859159,1
3329,24,32,32,1,1,1,1,1,0,1,1,0,1,1,1,215.7081902,230.3845771,243.2090941,10.28218733,11.12449711,4.004471516,218.1015327,229.5655369,243.7841677,11.21539738,7.250697746,8.388851685,-8.391254898,7.063492181,1.327805512,8.275698797,-6.957374346,-1.318284126,215.678389,230.353642,243.2094067,5.658383983,8.393934515,3.500999566,218.0936664,229.5622827,243.7857421,7.346069014,0.9205381799,8.164212913,0,-126.4702721,117.9374376,43.10595127,-132.6952269,54.6432966,-0.1109876577,-126.6560536,118.4426848,-32.03465288,-54.09219758,140.5015153,49.98375881,49.98373399,3252.431597,3248.877751,87.65127355,-112.7728797,3.8134289,1
3330,24,32,32,1,1,1,1,1,0,1,1,1,0,1,1,218.194666,231.5883034,240.2427045,64.4278188,32.75719564,60.21234542,224.591281,225.4885527,243.3623766,64.39523982,27.84955989,62.10861004,-42.40668562,1.04701087,41.35973489,42.4662374,-0.9306144508,-41.5355575,217.6388166,230.825924,240.1320582,16.96646509,21.21024722,10.20029556,222.738386,225.0436535,241.5551441,15.54235307,13.12874589,17.38717627,0,-127.8035686,117.7359043,63.48034648,-143.689805,-11.6649807,-1.214754693,-128.6026043,119.1767406,-79.11965745,26.32465008,144.8985651,49.9778344,49.9774309,4357.47685,4471.816216,181.356792,139.2100382,4.0094179,1
3331,24,32,32,1,1,1,1,1,0,1,1,1,1,0,1,212.939493,231.9299393,244.2290632,33.82731875,28.33846678,7.570242157,213.7215011,232.5640063,244.9380641,33.67499901,28.29081475,7.540061787,-31.51334543,26.43178637,5.081580903,31.4024729,-26.34790156,-5.054554899,212.8165313,231.7744636,244.124965,5.218822356,4.220798634,4.583246629,213.5777255,232.4114564,244.8323449,4.985366961,4.480242092,4.571072792,0,-125.8420046,117.2414263,-2.634135933,-128.8655667,117.3668731,0.1052760495,-125.7472462,117.3085922,2.474590804,-123.185422,116.9012591,49.98253426,49.9825071,3498.213836,3493.969275,121.939052,-75.24520882,3.8794776,1
3332,24,32,32,1,1,1,1,1,0,1,1,1,1,1,0,341.780881,310.9211376,271.07978,18.89097096,19.35229328,12.54927057,343.3493507,312.2490362,273.0472315,16.64976654,19.11632821,13.84102048,-10.23349666,9.896215983,0.3365053236,0.4217867019,-5.956597262,5.534017895,256.1423292,263.7155705,185.491376,5.521140635,2.753938783,3.436319988,258.7714909,265.6871922,186.8191507,8.49792801,8.366041596,6.351604298,0,-148.9894493,112.8306163,36.16578992,-99.87059548,178.1511047,0.08674048255,-148.9287957,112.9715977,-22.70753159,-163.5090102,83.34443027,49.96268576,49.97643515,6321.206865,5883.580001,173.257997,-276.3851239,3.6919181,1
3480,16,64,32,1,1,1,1,1,1,1,1,1,1,1,1,173.7124499,250.1136101,276.9560231,6.246411819,2.448121682,5.329117729,174.6203567,250.3647981,277.7946126,5.720015047,3.069058206,5.069594232,-0.005413101334,0.007330759049,-0.001700163119,0.005370801875,-0.0076448573,0.002501394465,173.7070118,250.1132616,276.9581289,6.245803353,2.447088825,5.32877224,174.6149102,250.3644866,277.7967307,5.719427485,3.068280488,5.06927533,0,-139.2769821,122.4754241,-4.2530489,-147.4708581,125.0313677,0.1685615159,-139.2051103,122.5208664,4.215810032,-132.8289142,119.5557275,49.98417913,49.98418039,3169.065504,3158.857397,-64.86902688,-250.2855243,3.7281695,1
3481,16,64,32,1,1,1,1,1,1,0,1,1,1,1,1,173.6234776,249.3045271,277.6212511,10.29541922,10.28731219,7.196697431,174.3134696,247.8122683,280.1934238,3.891056162,9.459819122,11.33593763,1.843773953,-8.197465987,6.353869238,-1.814048207,8.223465322,-6.409234778,173.6168018,249.3035944,277.6209347,9.997640182,5.986972526,2.707993725,174.3047453,247.7931322,280.1766089,3.030309883,4.367595525,9.127491158,0,-138.9946138,122.5743282,11.85940156,176.3579706,177.027505,-0.4439883756,-138.7994076,122.7483251,-44.79916076,-64.6467492,108.5547645,49.98403805,49.98403566,3196.374762,3188.578051,-64.29023303,-247.5700271,3.7899789,1
3482,16,64,32,1,1,1,1,1,1,1,0,1,1,1,1,173.6210976,249.3017914,277.6233511,10.29802498,10.2889114,7.189385079,174.3101702,247.8080127,280.2013057,3.884716274,9.454897583,11.33872236,-1.839962988,8.188415518,-6.348248208,1.810547982,-8.215075565,6.404729812,173.6144725,249.3008511,277.6230477,10.00214752,6.003247,2.696015376,174.301511,247.7888749,280.1844698,3.028055806,4.375409126,9.133334068,0,-138.9929145,122.5743859,11.86140454,176.3609216,177.0570308,-0.4448289429,-138.796672,122.7483942,-44.87714146,-64.45685408,108.6216671,49.9840336,49.98403982,3197.946352,3186.982458,-63.81719191,-248.061394,3.7763376,1
3483,16,64,32,1,1,1,1,1,1,1,1,0,1,1,1,174.1136948,250.2210824,276.8791432,6.002399374,5.358226219,9.514405433,176.3591291,250.9946854,276.4279698,10.5344936,3.698415307,8.626924066,5.100255247,1.464622261,-6.564687378,-5.153826505,-1.451401444,6.605416124,174.1073603,250.2192834,276.8802112,2.954363282,4.995145908,6.805388676,176.3403392,250.9923861,276.4176059,9.117232178,3.154735414,5.448637563,0,-139.5207786,122.5356164,12.29619036,-105.0207666,94.02181399,0.413667596,-139.7822496,122.74724,-4.077983784,156.0708622,158.9439015,49.98406321,49.98406715,3191.364346,3182.246241,-77.47587762,-262.2497541,3.7450241,1
3484,16,64,32,1,1,1,1,1,1,1,1,1,0,1,1,174.1060974,250.2362048,276.8742915,6.015864613,5.358871306,9.518482523,176.3499166,251.0052833,276.4211706,10.52763426,3.693550932,8.632937311,-5.111576176,-1.465652016,6.577443326,5.165326997,1.451724905,-6.616837443,174.0997521,250.2343911,276.8753672,2.967533817,4.995681169,6.800020314,176.3310018,251.0027973,276.4107227,9.104645479,3.148815816,5.444259352,0,-139.521183,122.5312018,12.33460799,-105.0925014,94.07802278,0.4132024974,-139.7830301,122.7432721,-4.113704655,156.0479524,158.8579273,49.98407028,49.98406171,3190.091977,3183.144432,-78.09436968,-261.6160171,3.7382026,1
3485,16,64,32,1,1,1,1,1,1,1,1,1,1,0,1,173.2775565,250.9164834,276.4879652,12.52828667,7.408968237,9.44155955,172.4361539,252.2787533,277.4615368,10.71625237,10.34344023,4.649753268,-8.484473736,6.835604712,1.649073271,8.521879554,-6.880629553,-1.641072345,173.271781,250.9118043,276.4892901,9.011789789,2.140334582,9.154220791,172.4070991,252.2518057,277.4611393,6.203775981,7.485932961,4.036720377,0,-139.2119111,122.278077,-31.09839123,66.28307622,144.8041565,0.4141234295,-138.7879149,121.921893,48.05766012,-132.0645881,60.68153575,49.98409177,49.98409026,3185.807738,3177.557224,-72.83495814,-255.5788331,3.7734733,1
3486,16,64,32,1,1,1,1,1,1,1,1,1,1,1,0,173.2752243,250.9165357,276.4862489,12.54455811,7.451812328,9.444571514,172.4360704,252.2862363,277.4630855,10.75083931,10.38664015,4.654024441,8.515915106,-6.87011157,-1.645593908,-8.553394305,6.914813303,1.638799874,173.2694603,250.9118039,276.4875644,9.002222365,2.157575276,9.158707636,172.4067979,252.2588976,277.4626593,6.216404375,7.507650382,4.044815152,0,-139.2115574,122.2775725,-31.16898872,65.83192132,144.8572683,0.4149835001,-138.7868301,121.920684,47.99163698,-132.1459081,60.60502794,49.98409019,49.98409094,3185.867318,3177.54442,-72.07697435,-256.3436998,3.7480036,1
3487,16,64,32,0,1,1,1,1,1,1,1,1,1,1,1,173.2669881,247.6194876,279.1163164,4.156618016,9.106512591,11.0985842,174.7079295,249.4655602,278.1619631,10.16577171,9.877974425,7.04747271,-1.941017962,8.057337336,-6.116114664,1.965467175,-8.006772285,6.041524722,173.2582227,247.5972795,279.1033574,3.302669854,3.953478754,8.998915666,174.6999735,249.4637435,278.1629027,9.847455268,5.576465385,2.911856848,0,-138.1464805,123.1547664,-45.05828146,-67.30800711,108.0157249,0.7528289429,-138.2658555,123.1368422,13.7068356,179.6815818,175.9859444,49.98404531,49.98404419,3195.94662,3185.986791,-52.56635402,-241.203576,3.7743136,1
3488,16,64,32,0,1,1,1,1,1,0,1,1,1,1,1,179.8483381,437.479815,310.7133545,11.56131085,16.92427704,18.10169892,182.6107785,438.0090082,312.607868,11.38182689,14.82492152,17.32086367,-1.873219113,10.03338623,-8.166011418,-4.063237822,-3.315518825,7.372730791,118.204821,296.5824968,277.7029689,3.916989735,3.737571643,6.417319249,119.7228487,298.6308264,279.6855689,5.010870495,6.740178243,6.805082144,0,-127.470987,108.5652686,27.42894346,-50.40968699,147.6648319,0.01082373878,-127.5165873,108.4236531,-21.46462163,-160.2665327,71.78263157,49.96820821,49.9809514,4552.658679,5646.60991,32.40854767,-462.301496,3.653842,1
3489,16,64,32,0,1,1,1,1,1,1,0,1,1,1,1,173.6649694,244.63232,281.0339554,8.918736745,30.33954364,25.00099906,174.8091561,244.7801268,281.8334057,8.903525095,30.26640325,25.01579548,-5.735544192,28.64452776,-22.90886925,5.732848031,-28.60060283,22.86786549,173.5519495,244.5263276,280.9432662,5.968205004,2.840449707,5.122852588,174.6764686,244.685447,281.7345018,5.958361939,2.519291068,5.417153887,0,-137.3763028,123.8001228,-0.1254757718,-140.971785,121.7527553,0.1531683522,-137.3510863,123.8894344,-0.2795840934,-133.4558611,125.5415301,49.98300954,49.98297896,3402.347552,3399.216712,3.108361144,-183.052472,3.6966664,1
3490,16,64,32,0,1,1,1,1,1,1,1,0,1,1,1,170.3467473,247.2281338,282.1887724,26.97695176,62.8954292,65.23367519,178.9352451,246.2344559,278.4549172,33.29961341,61.76401763,65.29672017,0.2463541318,42.39591367,-42.64222785,-0.2930971837,-42.12733488,42.42056139,169.9467656,245.1302548,280.8388995,12.46887983,15.31793494,15.76001863,178.0680311,246.0238667,277.9704227,22.84092792,11.80951399,18.1032964,0,-136.4380113,123.4691753,140.7673711,-95.90591619,38.92857388,0.9391783851,-137.7488084,124.6975667,-20.05787942,101.5012684,-176.2301342,49.97719992,49.97848274,4526.489216,4136.030798,223.5643609,-159.8943198,3.7324455,1
3491,16,64,32,0,1,1,1,1,1,1,1,1,0,1,1,174.400021,249.1304545,277.6112274,7.7964931,5.66141538,10.81465535,176.8819426,249.9138369,277.0812823,12.09859352,3.706117869,10.20443924,-7.103897082,-1.006592233,8.110684205,7.178582014,0.9994296551,-8.17780694,174.3865051,249.1254457,277.6077876,2.654533846,5.421849861,6.922267418,176.8375224,249.9088754,277.0537004,9.566183397,3.329740638,5.834825394,0,-139.2959868,122.8259476,20.58732061,-103.8318761,90.63641686,0.4244851707,-139.6023333,123.0716083,-5.702711276,148.8991099,161.8586745,49.98400914,49.98398095,3197.082055,3205.927193,-73.56207337,-257.8193559,3.7490952,1
3492,16,64,32,0,1,1,1,1,1,1,1,1,1,0,1,169.2896647,250.8085476,278.4541697,68.4085591,74.03659465,38.5059837,174.7093248,258.8218324,270.9143651,70.98378923,74.47337501,33.42865433,-47.1069268,48.92855692,-1.821454985,47.35184582,-49.00274921,1.651069277,169.1337161,249.9270194,277.6862604,11.01513778,17.64243652,23.83619374,171.8143904,256.469865,270.4801411,20.93261062,18.3659509,15.16394853,0,-137.2856026,122.4205653,-134.9334359,-48.97615795,96.70182912,2.350580312,-138.2467528,122.0295035,22.15862045,148.52684,-100.2302576,49.97608879,49.97609777,4728.066488,4751.445262,128.7057821,87.07372757,3.7569362,1
3493,16,64,32,0,1,1,1,1,1,1,1,1,1,1,0,171.1864404,248.7916745,279.3450204,3.687735847,14.13097251,15.60405649,172.713297,250.7474915,278.1604185,10.65831671,14.70119288,12.76131786,-1.322262123,11.07342695,-9.750928557,1.323602191,-10.95506297,9.631663066,170.9926616,248.5884695,279.0634199,2.932112442,4.330999832,9.170853753,172.5730373,250.6811618,278.0037373,10.42095725,6.206628827,2.868866127,0,-137.4136844,122.7572533,-56.5468042,-59.71430957,107.494603,0.8386388723,-137.5473329,122.7402099,13.58776276,179.4809264,178.9686665,49.9842948,49.98360995,3173.905316,3245.013493,-37.90081746,-231.5103574,3.906708,1
3494,16,64,32,1,0,1,1,1,1,1,1,1,1,1,1,173.2663814,247.6142464,279.1208585,4.156825415,9.090809036,11.08400242,174.707457,249.458315,278.1638161,10.16233094,9.87305823,7.022606991,1.943553366,-8.039520761,6.09621244,-1.967713347,7.988250692,-6.020287394,173.2576903,247.5919991,279.1078942,3.302555135,3.95278478,8.994619017,174.6995519,249.4564825,278.1647711,9.843743533,5.592860806,2.893237683,0,-138.1444762,123.1554057,-44.98231098,-67.04203024,108.1564372,0.7521988495,-138.2647993,123.137575,13.692862,179.7621854,175.7423263,49.9840531,49.98403607,3193.535688,3188.525536,-53.15617695,-240.5146346,3.8028217,1
3495,16,64,32,1,0,1,1,1,1,0,1,1,1,1,1,173.6609537,244.6283542,281.0312771,8.918058226,30.39001511,25.04567355,174.8050564,244.7730864,281.8386878,8.903896927,30.31093465,25.06366415,5.735249888,-28.68160506,22.94643229,-5.733031449,28.63731276,-22.90419975,173.547502,244.5221715,280.940557,5.967657509,2.875068338,5.115914255,174.6723101,244.6782077,281.7389203,5.958614899,2.486239633,5.42662212,0,-137.3749322,123.8005673,-0.1109197938,-141.1692541,121.3593143,0.1521834233,-137.3485262,123.890383,-0.294829492,-133.1211436,125.9073088,49.98299523,49.98299476,3406.763368,3395.578965,4.512444063,-184.2014084,3.6803602,1
3496,16,64,32,1,0,1,1,1,1,1,0,1,1,1,1,174.9757541,434.6011334,307.714923,18.52498958,20.52667005,24.48080886,175.598987,434.8691798,308.4203855,19.12395717,21.32797473,24.82234313,3.103579107,-2.696579825,-0.4048718075,2.574793267,-3.855306672,1.282490017,114.9325031,300.2662646,275.3387928,3.980343556,1.227175108,4.837963707,115.3103839,300.6429189,276.0841523,4.35142278,5.461579518,5.64627621,0,-128.1430088,106.7166481,-19.83043199,-151.4102941,117.4930606,0.3783354213,-128.0100736,106.7972792,17.77948768,-123.072127,97.32513301,49.98630328,49.962415,4205.09462,6070.558237,-53.97591385,-328.1738816,3.6185717,1
3497,16,64,32,1,0,1,1,1,1,1,1,0,1,1,1,174.3912649,249.1646265,277.6027066,7.488266573,5.646779967,10.65514432,176.8108669,249.9479419,277.0148929,11.82149395,3.654469865,9.873928377,6.853914059,0.9894242234,-7.843088752,-6.92636156,-0.9832493296,7.909863331,174.3789315,249.1604853,277.6000778,2.686230079,5.441953883,7.061153881,176.77031,249.9439497,276.9898991,9.478527483,3.330418422,5.729633073,0,-139.2965849,122.817726,17.63208133,-103.8945823,91.14754312,0.4318200865,-139.6039831,123.0553851,-5.027913532,148.5506495,162.9573012,49.98399514,49.98400952,3204.457806,3194.428764,-76.42727631,-256.0254261,3.7199833,1
3498,16,64,32,1,0,1,1,1,1,1,1,1,0,1,1,169.8954166,246.9642602,282.4862333,29.59152685,67.96128951,70.47730733,178.9956329,245.5350008,278.1810277,35.71551969,66.76677475,70.49094048,-0.3450889809,-45.57794518,45.92316274,0.4017643224,45.28758568,-45.68920757,169.4068229,244.5207319,280.9473149,13.52243501,16.62240359,16.88656383,177.9868748,245.2982784,277.6134279,23.76672895,13.00022736,19.1943579,0,-136.1558405,123.5455856,140.1994788,-96.54302372,38.03703687,1.008322184,-137.5995417,124.8801756,-21.20048505,98.90330988,-174.9006583,49.97657275,49.97661587,4676.680552,4648.88583,271.2160021,-58.97499284,3.7451823,1
3499,16,64,32,1,0,1,1,1,1,1,1,1,1,0,1,171.0134005,249.215988,278.9463043,3.286893517,14.86903515,16.28184481,172.6881783,251.3387607,277.8198591,11.08023054,15.40609312,13.74445873,0.8741047894,-11.35532587,10.4779778,-0.8928378854,11.23664113,-10.34736422,170.9034583,249.0600373,278.757856,2.749579728,4.34464065,9.130537113,172.6121968,251.2753917,277.7200228,10.93017053,6.170896914,3.412695776,0,-137.5095085,122.6958811,-66.28051378,-60.58164038,103.9322512,0.9101964499,-137.6156432,122.7034668,13.35280739,179.0822328,-178.8648027,49.98417571,49.98369791,3172.062258,3263.663727,-1.81698611,-269.6062031,3.6620491,1
3500,16,64,32,1,0,1,1,1,1,1,1,1,1,1,0,169.4569795,250.8018159,278.5740475,67.09097578,72.35911185,37.33438465,174.672826,258.6358671,271.1361162,69.63428126,72.81236064,32.14391981,46.30739845,-47.85256331,1.545877931,-46.54444642,47.92533481,-1.380168007,169.3051891,249.9444993,277.8354156,10.66396275,17.3575181,23.48575104,171.8833566,256.349472,270.7233088,20.51883403,18.14634004,14.70689295,0,-137.3051819,122.4322814,-133.6009057,-48.42818462,97.6900857,2.29782646,-138.2573526,122.0373077,22.39050629,149.2934178,-99.1476192,49.9767314,49.97619804,4531.637597,4732.762834,88.4340428,78.21699101,3.751982,1
3501,16,64,32,1,1,0,1,1,1,1,1,1,1,1,1,174.9931072,250.6679672,276.0338352,10.0554616,3.582990983,7.903211552,174.8330376,250.4713398,277.92275,5.264973574,5.542013406,8.428903902,-4.158981141,-1.310980134,5.470129898,4.075825853,1.322680473,-5.398354028,174.9810309,250.6662276,276.0261395,9.119732652,3.170588051,5.64682086,174.8272902,250.4694782,277.9237563,3.236238854,5.282661502,6.422921791,0,-140.0405981,122.40679,-8.345882856,150.4944669,155.3546329,-0.03538770966,-139.6995765,122.3210149,22.93887664,-105.7741413,93.58727445,49.98409295,49.984085,3186.000789,3178.318777,-78.62745517,-263.2482268,3.8716187,1
3502,16,64,32,1,1,0,1,1,1,0,1,1,1,1,1,173.6177344,249.3103869,277.6139584,10.2954936,10.3189101,7.250425776,174.3076431,247.8208142,280.1962089,3.888498392,9.50878838,11.38431707,1.845241913,-8.224067135,6.379072063,-1.815373914,8.250199071,-6.434577941,173.6110327,249.3094247,277.6136292,9.998650849,5.977257656,2.719040815,174.2988771,247.8013578,280.1790212,3.029831884,4.385481442,9.147931434,0,-138.9954402,122.5712818,11.86191517,176.1110898,177.5813533,-0.4438566083,-138.7979355,122.745164,-44.82473435,-64.92315699,108.4273393,49.98404125,49.98403101,3196.297599,3189.16519,-63.6022655,-248.3574605,3.6908751,1
3503,16,64,32,1,1,0,1,1,1,1,0,1,1,1,1,175.8044199,247.9892342,277.324463,14.99225598,3.795832041,13.17726395,175.4266647,247.8111092,279.6130594,11.88314537,6.491064543,13.71979926,-8.828863057,-0.3355952588,9.168123301,8.646030552,0.3443833018,-8.98674761,175.6011423,247.9192026,277.2176301,9.378458776,3.623052803,5.84400331,175.3214777,247.7550568,279.5836792,3.146188323,6.39032307,7.297359672,0,-139.625025,123.0151004,-9.336914082,132.8662172,165.6192179,-0.07174843221,-139.175841,122.9000454,27.5532642,-105.0240042,89.94676876,49.98411466,49.98349058,3199.08542,3289.845825,-43.95621959,-272.1366741,3.768971,1
3504,16,64,32,1,1,0,1,1,1,1,1,0,1,1,1,245.1644521,239.3834438,428.275308,25.19871754,19.97638546,21.88007805,247.91841,243.8905191,430.2278979,24.55594694,21.18486901,19.30070602,-15.84302613,3.13488819,12.71443387,9.700761301,-6.289173089,-3.406251397,199.3214894,156.0912446,331.5094586,3.59688069,4.984685673,6.084906113,203.0145594,158.9650647,334.9619568,12.15715089,7.760310674,10.24646349,0,-120.6449002,142.9205537,56.85574529,12.88447482,-162.3671483,0.3236997429,-120.3843937,142.8716585,-14.44225243,-148.3592006,113.7665316,49.96067568,49.97591551,6832.981536,5929.00376,1279.141715,461.4930449,3.7149266,1
3505,16,64,32,1,1,0,1,1,1,1,1,1,0,1,1,176.1383907,252.607278,274.2803776,21.56191622,5.579044132,25.64163158,177.2733029,252.8837986,274.9617734,21.53146488,5.581321247,25.50640994,-19.88182009,-4.107672457,23.98964457,19.79975644,4.111533084,-23.91114416,176.0596306,252.5421261,274.2344086,5.960755571,2.763636457,5.283256476,177.1591704,252.8156104,274.9184144,6.144296842,2.76087333,5.005629178,0,-141.2258723,122.0894406,-2.257472831,-141.2654582,119.9236576,0.1860943296,-141.1996859,122.1615861,1.807423721,-141.3090088,124.1552146,49.98333152,49.98331751,3336.970992,3332.409045,-86.18444148,-268.6416002,3.8239284,1
3506,16,64,32,1,1,0,1,1,1,1,1,1,1,0,1,179.2750396,247.6794817,277.2774891,60.01681061,26.23364926,58.35500226,175.0919626,253.401727,275.3139596,59.44240672,29.42922163,55.5819559,-39.60431127,0.8994614273,38.7050591,39.17051993,-0.9206679027,-38.24960278,177.6380154,247.2402303,275.6991527,15.38662866,13.00157723,17.81721992,174.6466643,252.63841,275.1672391,16.62144672,18.40721283,8.935731574,0,-140.4223701,123.5566641,-73.23184468,31.58392974,143.8161745,1.727398258,-139.391972,122.4876973,62.58230075,-145.942344,-11.9773248,49.9785608,49.978763,4279.051316,4209.117101,136.0426257,-159.7011217,3.7745813,1
3507,16,64,32,1,1,0,1,1,1,1,1,1,1,1,0,173.2806845,250.9350831,276.4712613,12.55444443,7.455405061,9.444357278,172.438737,252.3032998,277.4488909,10.75438856,10.38539009,4.651663756,8.521732304,-6.87844208,-1.643056402,-8.559877436,6.923241057,1.636857906,173.2748701,250.9304192,276.4726048,9.010119344,2.153241921,9.158251815,172.4093044,252.2758302,277.4485392,6.213457566,7.500995473,4.041284613,0,-139.2201313,122.2733211,-31.15820179,66.07442854,144.8320543,0.4147379553,-138.7949416,121.916191,48.0578347,-132.0964425,60.60501106,49.9840919,49.9840883,3185.747901,3177.945825,-72.5048356,-256.2269491,3.8759528,1
3508,16,64,32,1,1,1,0,1,1,1,1,1,1,1,1,174.9909189,250.6669222,276.0329696,10.04903829,3.581378646,7.897815263,174.8326099,250.4706438,277.9242063,5.263323475,5.540362457,8.428242905,4.154039658,1.313588266,-5.467432417,-4.071165077,-1.32583644,5.3971936,174.9788854,250.6651925,276.0253555,9.114900041,3.169681315,5.642445438,174.8268623,250.4687859,277.9251997,3.239226905,5.281540756,6.424621111,0,-140.0401849,122.4061388,-8.33359118,150.5113771,155.349693,-0.03609674042,-139.6992931,122.3203453,22.86501333,-105.7808628,93.62272469,49.98409149,49.98408621,3186.633507,3177.745492,-78.12296899,-263.7666373,3.8017402,1
3509,16,64,32,1,1,1,0,1,1,0,1,1,1,1,1,178.637588,245.1447377,280.576632,17.79315435,4.75223708,16.2185119,178.0262124,244.7795188,282.2667408,15.13990999,6.521449681,16.14300033,11.43002922,0.9884913035,-12.41842465,-11.11445616,-0.9829895051,12.09755143,177.0522767,244.2974232,280.1029516,9.048200746,3.177748912,5.662530067,176.9037532,244.1336014,281.9893981,3.531462708,5.49164334,6.476168808,0,-138.8866539,124.1025384,-9.572240155,145.5897752,156.20078,0.005440244234,-138.5113015,124.0249295,24.1371203,-104.7311425,96.16754422,49.98331912,49.98374668,3367.21715,3209.909995,-44.63974335,-253.7258361,3.9808761,1
3510,16,64,32,1,1,1,0,1,1,1,0,1,1,1,1,177.164111,245.2052398,278.6762995,34.49979099,64.65828009,68.28731325,170.6876327,246.8014813,284.498901,28.02149736,65.65231461,67.95482114,0.1909379479,43.80571103,-43.9964859,-0.06193746567,-43.96367457,44.02578952,176.3911348,244.9891046,278.1075372,23.40650388,12.91000108,18.45699679,170.2117719,244.555554,282.9588715,13.01817943,16.3749316,16.20166616,0,-139.0529814,123.6308124,-22.21912457,99.56103804,-175.8830547,-0.6597147562,-137.578488,122.5065335,137.995391,-96.53435404,38.59528193,49.97721488,49.97697951,4528.710537,4580.685741,96.69569385,45.63186453,3.9087285,1
3511,16,64,32,1,1,1,0,1,1,1,1,0,1,1,1,176.1328174,252.6033956,274.2868707,21.49568358,5.577857051,25.57459376,177.2693192,252.8769487,274.9678555,21.4684165,5.580281992,25.44263935,19.82231101,4.107096193,-23.92927172,-19.74067384,-4.111457076,23.85227934,176.0550065,252.5388025,274.2414758,5.955992592,2.763512626,5.276318517,177.1560427,252.8094891,274.9247778,6.148508665,2.760897597,5.01295302,0,-141.2217143,122.0900555,-2.224126911,-141.2957845,119.9003606,0.1857140392,-141.1960394,122.1628606,1.772082734,-141.2707989,124.1754873,49.98333747,49.98332141,3337.261741,3330.787786,-85.898902,-268.9122388,3.763603,1
3512,16,64,32,1,1,1,0,1,1,1,1,1,0,1,1,243.5644106,234.3406105,426.0437506,32.01379475,20.05528374,27.4618676,247.6304262,242.5359713,428.8521508,30.79010073,22.49254619,24.14279886,28.46544463,-6.714421237,-21.75168232,-22.43980715,9.772913513,12.66661769,198.3774176,153.6769325,332.7495552,8.181821214,9.265372555,10.40925348,204.8195699,158.2948693,339.1276985,17.99016155,12.10985172,17.31051049,0,-119.1035559,143.4647578,107.7004661,22.55355263,-119.1297565,0.3812846625,-118.6418169,143.4433082,-25.6622116,-147.3777257,106.8049598,49.97098313,49.96503221,6325.857458,6438.71256,1708.209087,49.43428375,4.0354205,1
3513,16,64,32,1,1,1,0,1,1,1,1,1,1,0,1,173.2789968,250.9324241,276.474957,12.56636574,7.444819406,9.449317872,172.4274127,252.2856896,277.4467528,10.73313757,10.36229541,4.643118315,-8.503212029,6.86715842,1.63625502,8.541593127,-6.912496826,-1.628897851,173.2732082,250.927776,276.4762995,9.03828019,2.133436305,9.164095489,172.3980193,252.258194,277.4463303,6.193425418,7.473917526,4.032949523,0,-139.2180902,122.2734576,-31.06492536,66.76092149,144.7832522,0.411342951,-138.7945405,121.916374,48.28809837,-131.9569168,60.53456596,49.98407737,49.98410228,3187.696494,3176.174601,-72.86221579,-255.8924312,3.7923796,1
3514,16,64,32,1,1,1,0,1,1,1,1,1,1,1,0,178.9590741,247.9810676,277.1181131,57.65874086,25.29120324,55.95758156,175.1299321,253.507112,275.4913581,57.16247976,28.51716835,53.27455705,38.28771352,-1.020076657,-37.26686694,-37.86640854,1.039472633,36.8276591,177.4429972,247.5668309,275.6470923,14.63194079,12.6279301,17.02298379,174.720053,252.800024,275.3529471,16.04290233,18.04373025,8.312480606,0,-140.4177121,123.45763,-73.01377762,32.00275963,144.4462105,1.653280954,-139.4080641,122.4431281,60.86322719,-145.5980337,-8.480719704,49.97896836,49.97931264,4179.552536,4065.484185,121.831148,-193.7047156,3.8059503,1
3515,16,64,32,1,1,1,1,0,1,1,1,1,1,1,1,171.2757728,252.364911,276.465883,11.22074693,10.58495818,4.691347909,174.0847533,251.4602165,277.0912673,12.63514829,7.91045068,9.309618344,9.238369705,-7.503927283,-1.734236076,-9.129532969,7.423342961,1.706390594,171.2520556,252.3209523,276.4635773,5.957440203,7.140182936,3.973491324,174.0778016,251.4493188,277.092727,8.444069301,1.666235533,8.977558843,0,-138.9122565,121.7323651,42.36739756,-135.8990275,62.83441091,-0.07570769208,-139.2280883,122.2107977,-28.72426443,54.80935259,144.0321088,49.98410405,49.98410216,3183.762782,3174.866011,-72.68999836,-259.0895377,3.8080319,1
3516,16,64,32,1,1,1,1,0,1,0,1,1,1,1,1,172.2926808,258.8083209,272.0800847,64.58878242,66.74945868,27.77766972,170.2778493,251.6596946,279.896208,61.61481366,65.99069149,32.85713223,43.24303879,-43.97809027,0.735436052,-42.71546018,43.72551003,-1.009674768,170.3707243,256.3944995,271.6939703,19.24671265,16.83451101,12.35686968,170.1007477,250.8080565,279.30723,9.242380438,15.71382006,21.20009908,0,-140.463801,120.1795764,19.76609586,150.8165555,-100.6803777,-1.800808555,-139.6270798,120.7002854,-133.7772715,-48.44079459,97.84601981,49.97738682,49.97845864,4486.01095,4138.777246,140.9634032,-146.8135113,3.8640334,1
3517,16,64,32,1,1,1,1,0,1,1,0,1,1,1,1,172.1346003,250.3382641,277.6183676,10.84187817,14.49001565,12.55548448,172.6949896,248.7050504,280.3545581,3.356152139,13.87745427,15.41612045,-1.156460715,10.79668658,-9.641349983,1.146562246,-10.86673307,9.718940704,172.0821217,250.3089913,277.5557325,10.65246374,6.389997405,2.964859568,172.6091696,248.5810682,280.1979542,2.685649402,4.661997938,9.284967482,0,-138.5525475,122.2249501,11.92871245,175.9223872,-178.2675119,-0.5407646382,-138.3603947,122.3890328,-58.44730903,-60.69992946,106.2025526,49.98387706,49.98401746,3234.434153,3190.028671,-77.04414043,-220.6326585,3.7969578,1
3518,16,64,32,1,1,1,1,0,1,1,1,0,1,1,1,173.6265251,254.3699896,274.041844,62.15726515,30.64041438,58.10755597,180.3897197,248.9038573,277.59798,62.14421874,27.4104044,60.42897022,41.13605689,-1.155069697,-39.98077113,-41.22084483,1.079942892,40.14116713,173.1080333,253.5430125,273.9521468,16.79533696,18.80738301,9.167470671,178.23755,248.4105884,276.1331768,15.10536312,13.37103681,18.01518314,0,-140.8024748,121.2793376,60.04703424,-148.9493566,-14.21119568,-1.453803996,-141.7610114,122.5056204,-76.13092517,27.91055448,142.3586141,49.97841101,49.97815104,4287.609084,4350.818117,16.80961867,-49.26099291,3.7636025,1
3519,16,64,32,1,1,1,1,0,1,1,1,1,0,1,1,171.2925086,252.4269879,276.401368,11.34075726,10.72651105,4.674242719,174.1188534,251.5191406,277.0310858,12.76034089,8.080899045,9.337963255,9.371482891,-7.677335339,-1.693992711,-9.258991102,7.595090229,1.664086295,171.2674743,252.3801607,276.3989404,5.965733252,7.16104143,3.972632856,174.1118195,251.5078102,277.032379,8.482586001,1.686710411,9.015659317,0,-138.9453728,121.7180241,42.77270275,-135.8791592,62.23489855,-0.07594062889,-139.2625008,122.1998627,-28.86325875,54.87788654,144.0575945,49.98411264,49.98408403,3183.983637,3176.597864,-73.31867434,-259.9106034,3.8447365,1
3520,16,64,32,1,1,1,1,0,1,1,1,1,1,0,1,265.807831,363.0215279,329.6675066,17.26143098,15.25391627,12.04381417,267.1578813,363.2302068,331.0747449,14.32609637,14.42184748,11.72255449,7.207521443,-3.94820744,-3.255963911,3.174814374,0.7427008851,-3.915233043,197.9527643,304.7268865,232.6042893,8.265944669,3.793370023,4.447764972,199.0240865,305.0233192,233.6281137,5.363295441,2.888876948,4.53849556,0,-161.9597904,114.088844,2.606731285,-165.4915949,127.8949323,0.07525726977,-161.899385,114.0845719,-4.59793796,-157.4315934,100.3200765,49.96216564,49.97771728,6398.027443,5621.246047,-645.1477498,-866.391284,3.7710816,1
3521,16,64,32,1,1,1,1,0,1,1,1,1,1,1,0,168.1167866,254.4232579,276.0953359,44.29880632,38.02104035,8.644688302,169.2307901,254.5898267,276.8954106,44.10570733,37.96020703,8.558001992,40.92167296,-35.52215855,-5.399498746,-40.77006089,35.44683318,5.323245601,167.8373421,254.0928255,275.9278398,5.868420458,2.667496846,5.193882826,168.8159271,254.3308866,276.7263241,5.673905585,2.909588342,5.153115485,0,-137.9025073,121.0320566,-2.652827927,-142.9075695,121.2769817,0.1689768797,-137.8523569,121.0976966,2.333754539,-133.4154156,120.5692417,49.98199209,49.98198826,3604.554301,3598.222315,2.496058151,-181.7730014,3.6945791,1
3522,16,64,32,1,1,1,1,1,0,1,1,1,1,1,1,171.2830553,252.3669219,276.4639532,11.24806051,10.61218842,4.69760485,174.0868972,251.4606962,277.0884102,12.6475718,7.941479048,9.306048075,-9.263798554,7.525939603,1.7380573,9.154655679,-7.445840055,-1.708619248,171.2592195,252.3226488,276.4616642,5.962172224,7.146815717,3.977584112,174.0799175,251.4497721,277.089846,8.430437766,1.671382101,8.972415224,0,-138.9155129,121.7326997,42.2407263,-135.9607324,62.89938468,-0.07551585985,-139.2308065,122.2106498,-28.72432322,54.5179489,144.0538383,49.98410645,49.98409892,3183.60684,3175.290987,-73.34940684,-258.4670487,3.7893124,1
3523,16,64,32,1,1,1,1,1,0,0,1,1,1,1,1,171.5760297,250.4957219,277.8211619,10.71546982,13.13538154,11.00919667,172.2039506,248.9652052,280.7612167,3.677410717,12.71387687,14.4362713,1.268212196,-11.01467056,9.74687929,-1.270184515,11.10036042,-9.82969538,171.4423589,250.4256439,277.6704918,10.43473097,6.140794078,3.114500391,172.0128459,248.8039071,280.5091291,2.755719242,4.998541316,9.725292254,0,-138.2936816,122.1332156,12.02662117,171.0799659,-169.5859703,-0.5156220531,-138.0470935,122.3024691,-55.05092018,-66.54436521,104.7819737,49.9842552,49.9837723,3159.772581,3234.921971,-56.03439497,-241.1051391,3.9415332,1
3524,16,64,32,1,1,1,1,1,0,1,0,1,1,1,1,172.1918575,259.0895704,271.5313693,67.48360608,70.53299861,31.04543801,169.8184807,251.6916553,280.1472627,64.42560769,69.83492336,36.01343121,-44.99954488,46.446384,-1.446493014,44.45283432,-46.19187801,1.739372772,170.0976825,256.4709573,271.0883478,20.08845903,17.84156989,14.03069672,169.6274139,250.6877285,279.431304,9.952800268,17.01958769,22.71284,0,-140.5545435,120.0630797,19.27499117,147.1470804,-101.715646,-1.909360056,-139.5784161,120.5791765,-136.8805137,-50.99025279,95.84219685,49.97685645,49.97709477,4611.485916,4504.521319,214.8000862,-119.8456433,3.9242573,1
3525,16,64,32,1,1,1,1,1,0,1,1,0,1,1,1,171.3040933,252.4413946,276.4015317,11.34831146,10.73306592,4.684563756,174.1189493,251.5232902,277.0279787,12.73815225,8.076320588,9.330678948,-9.366162659,7.663190388,1.703164933,9.253473271,-7.581471928,-1.671799073,171.2789464,252.3944166,276.3991025,5.982979394,7.17947912,3.978083424,174.1119125,251.5119002,277.0292628,8.451302234,1.701579956,9.005166054,0,-138.9510261,121.7157772,42.50510025,-136.0184177,62.37351109,-0.07823492443,-139.2685124,122.1968939,-28.91341151,54.2053198,144.0804897,49.98410837,49.98408918,3184.472372,3176.08422,-73.95932792,-259.2443235,3.834334,1
3526,16,64,32,1,1,1,1,1,0,1,1,1,0,1,1,173.6887141,254.4763546,274.171967,60.86491497,30.26314554,56.68745282,180.1793153,249.0830207,277.525041,60.7913682,27.0142416,58.96261823,-40.43073699,1.324585418,39.10642,40.51367804,-1.250918164,-39.26254697,173.1874201,253.6754792,274.0849448,16.51117829,18.70210061,8.771294569,178.1180926,248.6068539,276.1188766,14.61847858,13.26128928,17.51665747,0,-140.7903826,121.2802733,58.65421611,-148.8628989,-12.03461284,-1.419196667,-141.7377955,122.4715311,-76.47584079,27.99762589,142.8235248,49.97873613,49.97842761,4196.584754,4280.916498,-7.076060875,-55.94168656,3.7288013,1
3527,16,64,32,1,1,1,1,1,0,1,1,1,1,0,1,168.1260577,254.4228138,276.0940794,44.20851104,37.93128906,8.648062359,169.2350395,254.581796,276.8921196,44.01049194,37.86839175,8.56166712,-40.83712247,35.44175804,5.395445015,40.68558746,-35.36668063,-5.318851335,167.8461208,254.0952022,275.9259572,5.88800207,2.684141645,5.193790775,168.8201878,254.3231132,276.7232715,5.654612893,2.894703842,5.153131144,0,-137.9070273,121.0310504,-2.614759002,-143.1100808,121.2844175,0.1660860272,-137.8578332,121.0968632,2.309134235,-133.1854576,120.5598687,49.98200231,49.98199349,3603.842432,3595.986224,2.212942655,-181.252781,3.8248447,1
3528,16,64,32,1,1,1,1,1,0,1,1,1,1,1,0,265.9813493,362.6427672,329.1558305,20.93965949,20.81127082,15.82070999,267.354249,362.7912924,329.7845235,19.83304956,20.66278899,15.41268837,-6.23986805,2.858896581,3.385457053,-4.014127022,0.2965821085,3.721232732,199.5324704,305.4388103,232.7501954,7.40356608,3.012176958,4.578524286,200.7128227,305.6753937,233.2750514,6.307777365,3.677062961,4.306503559,0,-162.3202996,114.3464953,-0.4969829182,-165.614641,124.7818532,0.1703702964,-162.3043713,114.4204655,0.1535521837,-159.7433022,103.0467441,49.95864301,49.98085074,6397.97227,5688.105433,-686.872409,-804.0642937,3.7338504,1
3676,16,96,32,1,1,1,1,1,1,1,1,1,1,1,1,165.4246166,257.1390518,281.3534358,5.948146361,1.803018805,5.488124261,166.2686848,257.2713521,282.1867001,5.45785716,2.529718064,5.077044956,0.009245453815,-0.01105978909,0.002142836037,-0.009181685105,0.01076656893,-0.001275408947,165.4178879,257.1383237,281.3557588,5.947599688,1.801936999,5.487763973,166.2619549,257.2706488,282.1890276,5.457331632,2.528998462,5.076710339,0,-140.2607285,124.1209437,-4.929381127,-150.1348648,126.7938212,0.1767737048,-140.2032951,124.1610495,4.947884619,-133.290626,120.9911295,49.98510011,49.98510201,2984.549434,2974.834855,-120.7085158,-287.8340645,3.7799443,1
3677,16,96,32,1,1,1,1,1,1,0,1,1,1,1,1,165.3933741,256.3090762,281.9546772,9.797194538,9.648110172,6.9882719,166.0499006,254.7500984,284.4601611,3.716394163,8.971497617,11.01239275,1.77383507,-7.860901617,6.087382437,-1.74325121,7.882668631,-6.139114487,165.3853631,256.3077891,281.9549355,9.508715721,5.388311755,2.911325695,166.0401135,254.7328536,284.4461292,2.886359098,4.011423804,8.958931296,0,-139.9785302,124.2230738,11.79890871,172.6514509,173.2485442,-0.4411865748,-139.8169724,124.3798178,-44.4408078,-58.72281796,109.9593266,49.98496104,49.98495829,3012.019613,3003.852142,-119.2028723,-284.6157208,3.8218456,1
3678,16,96,32,1,1,1,1,1,1,1,0,1,1,1,1,165.3885851,256.3122583,281.952795,9.80291453,9.631637805,6.966975988,166.0444175,254.7540784,284.4668073,3.708963146,8.948813306,11.00606243,-1.766611993,7.83229843,-6.065366082,1.736471433,-7.854788827,6.118649908,165.3806453,256.310958,281.9530675,9.516932712,5.402238986,2.904258731,166.0346625,254.7367799,284.4528298,2.884142175,4.018898618,8.96572056,0,-139.9777249,124.2217942,11.8170038,172.6697116,173.3256944,-0.4426038043,-139.8149227,124.3779133,-44.61526803,-58.55303836,109.9867317,49.98495574,49.98496485,3013.158229,3002.450189,-119.0730331,-284.7763451,3.8383188,1
3679,16,96,32,1,1,1,1,1,1,1,1,0,1,1,1,165.7764195,257.3143881,281.2944376,5.612612765,4.609070869,9.446026042,167.8358759,258.0863869,280.8549961,10.08752925,3.646466108,8.244934514,4.848403572,1.418367437,-6.266482054,-4.897594623,-1.408794682,6.306682973,165.7688548,257.3122702,281.2957451,2.656097697,4.214280575,6.990894124,167.8168187,258.0837499,280.845884,8.765205014,3.136248564,5.208616738,0,-140.5173516,124.1504022,5.563309617,-97.42144075,98.33131855,0.4584332387,-140.756751,124.3324054,-1.789769458,152.303769,159.6964867,49.98499604,49.98500391,3004.78257,2994.889675,-134.0097421,-301.0726402,3.826536,1
3680,16,96,32,1,1,1,1,1,1,1,1,1,0,1,1,165.7791398,257.3177937,281.291503,5.607619136,4.611610762,9.432123738,167.8388036,258.083397,280.8532926,10.07594676,3.640446803,8.236198961,-4.834158087,-1.417569424,6.252060356,4.883389181,1.407350803,-6.290416838,165.7715684,257.3156756,281.2928204,2.6646787,4.21685676,6.984688629,167.8198193,258.0806961,280.8442007,8.757795726,3.129020564,5.211848727,0,-140.5202414,124.1488355,5.707782141,-97.54243787,98.32682425,0.4562100758,-140.760477,124.3313824,-1.841354823,152.2015636,159.6379971,49.98499639,49.98500317,3004.228971,2995.526868,-134.425527,-300.6970878,3.7645104,1
3681,16,96,32,1,1,1,1,1,1,1,1,1,1,0,1,164.9467286,257.9449335,280.8619213,12.51316049,7.710925335,9.627655131,163.9910453,259.1161481,281.8461785,10.62560304,10.04588317,4.698862944,-8.544197492,6.922066118,1.622451764,8.576802595,-6.960259109,-1.616222457,164.9396283,257.9395699,280.8635226,8.925576744,2.829354194,9.349159818,163.9600716,259.0883703,281.8460116,5.955202505,6.994460442,4.099746654,0,-140.1676589,123.9490926,-31.79600455,63.24050891,146.4981781,0.4146321221,-139.7508075,123.5885362,51.54568337,-130.8356035,61.64871495,49.98501921,49.98501824,3000.951132,2991.229371,-126.7553973,-291.6298223,3.7911652,1
3682,16,96,32,1,1,1,1,1,1,1,1,1,1,1,0,164.9404998,257.9487354,280.8618387,12.5117713,7.730662205,9.623158493,163.9947195,259.1280212,281.8433241,10.65466851,10.06588043,4.696814521,8.565365767,-6.93999267,-1.625047965,-8.598067492,6.977750646,1.620636065,164.9333922,257.9433305,280.8634525,8.898181666,2.83176098,9.343115548,163.9634978,259.0999598,281.8431747,5.968602743,7.002075616,4.094154551,0,-140.1658874,123.9484231,-31.86201134,62.80850444,146.460103,0.4172458928,-139.7496666,123.58871,51.2993115,-130.9996476,61.73968905,49.98502219,49.98501636,2999.847996,2992.223142,-126.3375521,-291.9312066,3.8118211,1
3683,16,96,32,0,1,1,1,1,1,1,1,1,1,1,1,165.0444538,254.7140776,283.3060007,3.970479086,8.534687487,10.7777181,166.4063899,256.3742205,282.4305955,9.693271977,9.206080301,6.74455811,-1.852239911,7.610989164,-5.758425959,1.883105545,-7.575486781,5.692691079,165.0344565,254.6935892,283.2965267,3.171024758,3.624156812,8.893302114,166.3967024,256.3718992,282.4321412,9.39240279,5.058464725,3.042138686,0,-139.1281237,124.7999735,-45.59683148,-59.79854209,109.7561809,0.7576678001,-139.2436903,124.7923511,13.93301692,176.0075713,173.3140794,49.98497252,49.98496888,3010.512211,3001.152307,-106.3798473,-276.7227955,3.9491348,1
3684,16,96,32,0,1,1,1,1,1,0,1,1,1,1,1,166.2636101,456.2451072,308.8047069,19.88545765,21.87771534,28.21566243,160.6406442,455.5813156,304.8738219,17.28618869,23.57318781,26.31766214,-9.05388739,-12.85556295,21.90558016,4.065140228,18.13424597,-22.20389108,106.305788,315.7648437,276.8591433,11.17996877,14.31295859,15.00424985,103.3000057,310.8084192,272.8915818,7.09378535,10.3316658,9.50608666,0,-129.7608716,108.4730098,-38.60231919,-162.9150605,69.49832812,0.3655760604,-129.8678469,108.6729576,102.2615659,1.081381197,-153.4073714,49.97431152,49.97927341,4758.61286,4504.525055,-713.4843688,388.0073621,3.7224987,1
3685,16,96,32,0,1,1,1,1,1,1,0,1,1,1,1,165.5842368,251.7296001,285.078107,8.497156989,28.53887,23.56326926,166.6767046,251.7429178,285.8946577,8.493987003,28.49197434,23.58599745,-5.467461967,27.05895236,-21.59127409,5.47495913,-27.03411502,21.55935332,165.4760998,251.6374012,285.0051182,5.687195488,2.250899481,5.21206289,166.5482135,251.6649553,285.8103286,5.684373222,1.953615654,5.479191213,0,-138.3652927,125.4309931,-0.1599105642,-142.3244926,123.600074,0.1538500738,-138.3548992,125.5179978,-0.2446501318,-133.9085795,126.9759488,49.98402607,49.98399798,3199.663006,3194.490853,-54.87291072,-223.4492579,3.7627901,1
3686,16,96,32,0,1,1,1,1,1,1,1,0,1,1,1,162.7291013,254.4356709,285.6983692,22.98070532,56.22296214,58.03580342,170.2923207,253.9044789,282.632075,29.22521649,55.43271814,58.15617326,-0.1239774508,38.06368842,-37.93968782,0.128660871,-37.88308666,37.75458263,162.3827398,252.7153979,284.6580019,10.62667343,13.22772532,13.94004433,169.5730364,253.716959,282.2811884,20.69061767,10.68362021,16.22659424,0,-137.6882721,125.0999529,142.137052,-93.00167133,43.76227822,0.9251883147,-138.8120319,126.1560941,-18.24404771,103.2839426,-176.5753046,49.97897718,49.98119921,4144.745885,3589.761859,117.8209736,-245.8086723,3.7795819,1
3687,16,96,32,0,1,1,1,1,1,1,1,1,0,1,1,166.0284521,256.4993299,281.819675,6.97546374,4.865869873,10.40744795,168.2872683,257.303304,281.2784401,11.32651324,3.685177046,9.411709693,-6.445218961,-0.9841047479,7.429668813,6.510678445,0.9771414375,-7.487462846,166.0177351,256.4957278,281.8189015,2.318710462,4.627601231,7.13677757,168.2526954,257.2997844,281.2594024,9.171589969,3.365791187,5.509756162,0,-140.3563976,124.362662,12.12758611,-96.34115648,95.40752534,0.4760230397,-140.6364309,124.5722842,-3.132376131,146.0821418,162.9927668,49.98494775,49.98493695,3011.795682,3011.955861,-132.3797658,-297.853147,3.7847542,1
3688,16,96,32,0,1,1,1,1,1,1,1,1,1,0,1,160.983657,257.9291077,282.4730972,67.99340114,73.39867955,37.8129379,166.3446676,265.7724983,275.0875778,70.39850853,73.79284747,32.73012385,-46.811268,48.42127456,-1.609706893,47.05235319,-48.49585407,1.443837564,160.8123106,257.065822,281.7755198,11.00772141,17.30490395,23.53027356,163.3462857,263.4833848,274.6790512,20.38483428,18.00322448,14.83720835,0,-138.216687,124.1815091,-134.7810146,-46.36974189,97.85566821,2.431260699,-139.1121211,123.8346455,22.83258772,147.542113,-100.1453554,49.97729238,49.97714361,4475.277514,4539.238311,74.73875762,48.35847084,3.7852298,1
3689,16,96,32,0,1,1,1,1,1,1,1,1,1,1,0,162.6386886,256.2223782,283.1255477,3.392216993,15.02737526,16.37356703,164.1355907,258.1231489,281.9995679,10.43897624,15.57560962,13.73978274,-1.038962643,11.0752623,-10.03568199,1.055165023,-10.97872409,9.924157615,162.4140259,255.9995673,282.8348353,2.725211799,4.267732878,9.071802238,163.9722077,258.0361524,281.8286434,10.23432736,6.133332583,2.814373635,0,-138.357708,124.3652515,-63.45346004,-46.75875154,110.2961262,0.8845472045,-138.4835124,124.3541288,13.807991,177.4784161,175.000793,49.98561722,49.98408247,2932.439162,3133.433356,-84.70976641,-259.5470077,3.7323748,1
3690,16,96,32,1,0,1,1,1,1,1,1,1,1,1,1,165.0447711,254.7115531,283.3083939,3.960865287,8.5392549,10.78093463,166.4098442,256.3707804,282.4278334,9.698563425,9.218276561,6.746059759,1.844942487,-7.609648312,5.765075644,-1.87553653,7.5734536,-5.697544709,165.0347889,254.6908794,283.2988394,3.163490836,3.631743542,8.891918877,166.4001631,256.3684499,282.4293921,9.399444808,5.078516141,3.030524277,0,-139.1274526,124.7998648,-45.66290337,-59.49611144,109.8446162,0.7578070334,-139.2444721,124.7928197,13.90472802,176.0583752,173.1752713,49.98497473,49.98496563,3008.310594,3003.417105,-106.8231234,-276.2835292,3.7298998,1
3691,16,96,32,1,0,1,1,1,1,0,1,1,1,1,1,165.5809189,251.7339395,285.0735264,8.495836322,28.52652893,23.54733905,166.6732905,251.7446362,285.8978418,8.492734649,28.47659954,23.57362801,5.467655994,-27.04154291,21.57409845,-5.475177442,27.01637567,-21.54101947,165.4736891,251.6423392,285.0008584,5.687343272,2.272946883,5.205646186,166.5456159,251.6668556,285.813602,5.684057381,1.932978706,5.486906953,0,-138.3662355,125.4296217,-0.1500623815,-142.5089178,123.3596315,0.1524264329,-138.3548053,125.5168101,-0.2556289583,-133.5996775,127.196748,49.98402996,49.98400518,3200.716153,3193.155744,-53.82817143,-224.5049695,3.7390599,1
3692,16,96,32,1,0,1,1,1,1,1,0,1,1,1,1,168.3790128,459.6065979,309.159992,10.89040475,15.69168592,17.62048886,168.3235752,459.7831758,309.755364,11.81950132,17.40591034,19.20259779,2.818749183,1.799372941,-4.62153981,2.365796557,-7.2535311,4.884588756,108.2912913,308.904005,277.0315869,3.781703147,4.018534818,4.002125814,108.6277312,307.9621667,277.5507623,4.10071305,4.327022673,7.268456508,0,-128.7251259,110.4412209,-20.46135724,176.5509134,79.04728805,0.3870963812,-128.5369622,110.7645392,18.51067922,-79.38057596,127.0718507,49.99347798,49.96046508,3852.931611,5359.574685,-134.5711815,-282.2542348,3.6713229,1
3693,16,96,32,1,0,1,1,1,1,1,1,0,1,1,1,166.0238266,256.5207602,281.8142117,6.81626091,4.854925497,10.33729742,168.23981,257.3215137,281.2403456,11.16931228,3.66947486,9.229847974,6.3017177,0.9878939732,-7.289292298,-6.365957877,-0.9817964848,7.348071213,166.0135305,256.5174498,281.8136341,2.35873433,4.623436127,7.215809751,168.2068717,257.3183093,281.2221847,9.11029225,3.358652352,5.438566779,0,-140.3567996,124.3584976,9.957928576,-96.4156676,95.75348483,0.4797509746,-140.636624,124.5630196,-2.654698646,146.1030939,163.580162,49.98495101,49.98494149,3014.158873,3007.201245,-133.9929773,-296.9598011,3.7966682,1
3694,16,96,32,1,0,1,1,1,1,1,1,1,0,1,1,161.9472429,254.02464,286.262523,28.09567526,65.76729699,68.00618315,170.6379965,252.7529567,282.2998409,34.02533974,64.88344851,68.09657959,-0.1048815491,-44.15020465,44.25537149,0.1101369553,43.93894188,-44.04880232,161.4466183,251.6854867,284.8956469,12.95442096,15.58754559,16.15807975,169.6353128,252.5072365,281.8058421,22.80447286,12.84976096,18.59601751,0,-137.1453297,125.2488074,141.50157,-94.59148132,40.14507549,1.0519145,-138.5038836,126.5224401,-20.54539082,98.3439438,-174.5370909,49.97792539,49.97809677,4400.352491,4348.03103,198.1127479,-107.9838036,3.9346825,1
3695,16,96,32,1,0,1,1,1,1,1,1,1,1,0,1,161.7609866,257.8258396,282.6284397,3.367640238,16.16737373,17.3354615,163.3815139,259.8790601,281.6834592,10.96594407,16.58804586,15.16963945,0.52757047,-12.5290281,11.99637984,-0.5601887473,12.40821675,-11.85329371,161.3728501,257.5450838,282.2192667,2.465285197,4.125459303,8.868279039,163.0989771,259.6273448,281.3134412,10.69949336,5.773961444,3.679636979,0,-138.3120904,124.0499376,-74.54169024,-51.99213452,104.4686275,0.9450262036,-138.4085465,124.0781048,12.88112313,176.1194639,177.193587,49.98512434,49.98459769,2963.197046,3109.76795,-33.22331549,-317.0678039,3.9037773,1
3696,16,96,32,1,0,1,1,1,1,1,1,1,1,1,0,161.1298949,257.9048847,282.6076562,66.82461022,71.97617754,36.88836906,166.3067128,265.575934,275.2641182,69.20372507,72.37836265,31.69805552,46.10005252,-47.51584373,1.416867022,-46.3334988,47.58850239,-1.253908674,160.962845,257.0544585,281.9268322,10.69840716,17.10947606,23.28816489,163.4106303,263.3415734,274.8753325,20.02518534,17.84054912,14.49694413,0,-138.2276984,124.1908649,-133.6627454,-46.0054885,98.70580169,2.381875161,-139.1247991,123.8412823,23.02627501,148.0277422,-99.16881796,49.97782728,49.97719198,4316.670559,4528.717485,38.4114988,45.81401448,3.7339176,1
3697,16,96,32,1,1,0,1,1,1,1,1,1,1,1,1,166.506855,257.9489827,280.4227403,9.593189967,3.508494024,7.581430258,166.4190232,257.4882002,282.3298861,4.855088353,4.793894122,8.385730168,-3.920882781,-1.271050953,5.192237427,3.843268552,1.280114771,-5.123070581,166.4939749,257.9467893,280.4161458,8.730799948,3.118542761,5.459227059,166.411939,257.4860848,282.3311646,2.895426674,4.514329032,6.584931499,0,-141.0585326,123.939164,-6.417473971,145.911405,155.9715843,-0.07519500493,-140.7669727,123.8778335,18.41437264,-99.61502755,97.6198569,49.98503175,49.98501933,2999.406173,2990.253324,-136.4756211,-303.5436219,3.9619394,1
3698,16,96,32,1,1,0,1,1,1,0,1,1,1,1,1,165.3815826,256.3131856,281.9537281,9.801802748,9.645617692,6.998049641,166.0380377,254.7542394,284.4651398,3.711795362,8.972790259,11.02565456,1.7680945,-7.855703797,6.087912859,-1.737611954,7.877546911,-6.139633371,165.3735965,256.3118981,281.9539785,9.515036524,5.387012902,2.917755278,166.0282134,254.7369346,284.4510407,2.885460073,4.018330637,8.969683274,0,-139.9744793,124.2214054,11.8215529,172.5509324,173.5453928,-0.442259491,-139.8121098,124.3778954,-44.59836468,-58.82171472,109.8776561,49.98496015,49.98496008,3011.565026,3004.085756,-119.0725027,-284.6752797,3.9113999,1
3699,16,96,32,1,1,0,1,1,1,1,0,1,1,1,1,167.6456871,255.5927173,281.7329555,14.47837282,3.850904004,12.63464809,167.2838702,255.1041244,283.8423194,11.28133179,5.502132191,13.11774059,-8.348346912,-0.5588418429,8.908544876,8.170830503,0.5641069536,-8.733590289,167.4377332,255.5236473,281.631921,9.168004892,3.528711188,5.763675264,167.1771014,255.0506635,283.8154012,2.656340723,5.282994616,7.070856979,0,-140.7335602,124.5315101,-7.578261341,134.4030928,163.1141284,-0.09782042279,-140.3662742,124.4393247,25.53229547,-98.92153755,93.74003323,49.98487764,49.98466367,3035.988266,3056.530466,-121.5072218,-302.6744973,3.9306187,1
3700,16,96,32,1,1,0,1,1,1,1,1,0,1,1,1,242.4642814,243.9932087,426.4571958,31.95106108,24.7072604,26.05116728,244.7874469,247.4619701,428.0594227,31.27728557,25.26108087,24.06718138,-11.4271273,2.902490715,8.5288093,4.9594166,-5.361926701,0.4050084494,195.0610832,158.4711021,336.3395028,3.885440731,4.775280441,7.624378067,197.5888182,160.873912,338.5189069,9.724047261,6.760266311,7.066123472,0,-120.1094293,144.7037762,14.8398574,8.488509235,173.9768518,0.2528484014,-120.0357976,144.5542533,-6.075919787,-153.6155704,112.5139882,49.954387,49.98347845,6879.959625,5640.706808,1121.178425,795.787679,3.7392293,1
3701,16,96,32,1,1,0,1,1,1,1,1,1,0,1,1,167.5211959,260.5156144,278.4739955,22.83857252,5.103109214,26.84715485,168.6209041,260.6398127,279.1835667,22.80332702,5.108383149,26.7242501,-21.27113173,-3.834588131,25.10595713,21.18243941,3.840100414,-25.02229784,167.4291274,260.4466181,278.4241988,5.646370115,2.170620048,5.321248793,168.4866123,260.5694207,279.1385088,5.864162928,2.170094869,5.12476045,0,-142.4529881,123.434148,-2.064020394,-142.5153472,121.2951807,0.1825730694,-142.4417609,123.5079267,1.604288987,-142.4872328,125.4382328,49.98419413,49.98419054,3166.283061,3156.409205,-151.336263,-317.7745206,3.727452,1
3702,16,96,32,1,1,0,1,1,1,1,1,1,1,0,1,170.7622566,255.0172142,281.707345,57.5453506,25.25315162,55.99403055,166.6349647,260.1408963,279.9220376,56.91676217,27.76285653,53.21043203,-38.08055144,0.9256310485,37.15530193,37.65801943,-0.9405978705,-36.71699607,169.1754341,254.5978648,280.2747526,14.74723807,12.78063144,17.34099469,166.2262387,259.444449,279.7883707,15.65954405,17.03938655,8.309783245,0,-141.4096189,125.0202723,-71.92564418,33.21237877,144.7296111,1.6890858,-140.4322084,124.0197894,63.69214704,-145.3383901,-9.398220924,49.97992042,49.98017291,4006.776695,3926.417665,59.06631779,-211.2371649,3.8082943,1
3703,16,96,32,1,1,0,1,1,1,1,1,1,1,1,0,164.9431673,257.9553489,280.8555918,12.55441921,7.797719588,9.636509443,163.9909744,259.1402827,281.8362869,10.70168518,10.12389337,4.688865648,8.6078863,-6.99901437,-1.608569238,-8.640949361,7.036976431,1.604294735,164.9360759,257.9498932,280.8571957,8.91050852,2.844366546,9.360195298,163.9594666,259.1118054,281.8362016,5.980809674,7.015818995,4.092550591,0,-140.1692577,123.9472507,-31.95026948,62.69064804,146.4585157,0.4185054715,-139.7518388,123.5858329,51.43206086,-131.0233805,61.49707181,49.98501334,49.98502252,3000.63931,2991.930837,-126.310859,-292.0553146,3.8711156,1
3704,16,96,32,1,1,1,0,1,1,1,1,1,1,1,1,166.4994973,257.9439582,280.4243466,9.575124428,3.506982253,7.573856214,166.4194391,257.4848187,282.3311596,4.855315129,4.789816676,8.389127069,3.913076999,1.280000159,-5.192744635,-3.835718053,-1.289666553,5.125689158,166.4866616,257.9417422,280.4178249,8.714508347,3.109974768,5.448080901,166.4123561,257.4826991,282.3324541,2.905652582,4.505246238,6.588457324,0,-141.0548939,123.9395,-6.350439537,146.0255441,155.942915,-0.07512237662,-140.7643889,123.8790746,18.1001927,-99.67875808,97.71586805,49.98503092,49.98502034,2998.766686,2990.85963,-136.119714,-303.7753868,3.8843044,1
3705,16,96,32,1,1,1,0,1,1,0,1,1,1,1,1,168.4334794,254.7205848,282.61641,14.35256994,4.134607011,12.71171452,168.0488602,254.1947424,284.5316864,11.20766297,5.448148848,12.96451707,9.179525059,0.7679795868,-9.946184834,-8.96159236,-0.772374841,9.735305448,167.9936149,254.5249621,282.4582708,9.041371385,3.33783016,5.689990679,167.7604331,254.0416475,284.4613052,2.837853159,4.877657668,6.647794535,0,-140.5672201,124.8249342,-8.046698025,140.3218982,158.1430155,-0.08487494107,-140.2348736,124.7397863,25.05994179,-98.24460182,96.53097129,49.9844333,49.98509164,3110.308122,2971.835332,-115.0132663,-305.7343137,3.7651554,1
3706,16,96,32,1,1,1,0,1,1,1,0,1,1,1,1,168.8191778,252.5883652,282.8392468,32.15994934,61.69619666,64.75831651,162.8125661,253.6615266,288.3097883,25.88701964,62.45827061,64.39455263,-0.1400858642,41.74810005,-41.60768768,0.2426668371,-41.88042686,41.63811021,168.1165299,252.3864446,282.3607514,22.1180654,12.48763566,17.58813039,162.3602644,251.6345708,286.9478723,12.12137784,15.10464811,15.25678966,0,-140.0582029,125.1317872,-21.42218035,99.07047919,-175.7520512,-0.6885047154,-138.7241539,124.0897598,139.0482812,-94.65006422,41.23411515,49.97885032,49.97858613,4192.884406,4263.358712,19.27274725,-23.9596606,3.8040845,1
3707,16,96,32,1,1,1,0,1,1,1,1,0,1,1,1,167.532764,260.5132855,278.4815026,22.86929479,5.101942971,26.87681614,168.6295925,260.6390334,279.1867506,22.83038292,5.107913668,26.75216009,21.29367283,3.834065276,-25.12749511,-21.20520774,-3.83990463,25.04536453,167.4402258,260.444305,278.4318212,5.654374271,2.169827423,5.326191085,168.4943221,260.5683854,279.1416247,5.856987197,2.17085933,5.119621153,0,-142.4542386,123.4365297,-2.080596309,-142.5354912,121.3636849,0.1842401705,-142.4427089,123.5100272,1.626220101,-142.4693306,125.3757818,49.9841929,49.98419147,3165.309421,3157.14476,-151.550107,-317.4720469,3.7552524,1
3708,16,96,32,1,1,1,0,1,1,1,1,1,0,1,1,241.574295,240.8485017,425.8984675,33.06566072,24.23442705,26.28670069,245.4210496,248.820016,428.8831854,32.47480725,26.03109303,24.07993428,26.19321878,-7.850933836,-18.34055415,-19.6537252,10.28626944,9.368893882,193.4904476,157.1728928,334.3993423,6.799718479,10.22858751,9.120025282,199.6027613,161.8797415,340.3812044,17.96317118,12.526062,16.17582962,0,-119.8624319,144.8738692,122.4204122,26.87219457,-120.2793134,0.5814951591,-119.3234434,144.8641826,-18.58809224,-146.4164853,110.6328165,49.97886066,49.95800964,5870.550224,6637.915249,1742.044987,166.8842469,3.6488749,1
3709,16,96,32,1,1,1,0,1,1,1,1,1,1,0,1,164.9396674,257.9544816,280.8548844,12.53930935,7.737531859,9.625398135,163.9826479,259.1203826,281.8393033,10.64791144,10.06027396,4.696155756,-8.56687874,6.944321698,1.622895912,8.599972769,-6.982747109,-1.616910839,164.9325752,257.9490434,280.8565038,8.930835694,2.817156574,9.345939409,163.9513798,259.0921893,281.8391636,5.94706241,6.980343425,4.094520057,0,-140.1686126,123.9456545,-31.75007544,63.43898931,146.4615044,0.4124992669,-139.7525458,123.5851984,51.59081881,-130.7832576,61.69374315,49.98501151,49.98502438,3001.777068,2990.81723,-126.4096199,-291.9695163,3.7176803,1
3710,16,96,32,1,1,1,0,1,1,1,1,1,1,1,0,170.3708503,255.3665561,281.5082111,54.72576503,24.11618214,53.13979648,166.6610867,260.2550422,280.1098871,54.17973178,26.65012992,50.46430824,36.49406843,-1.073901237,-35.4192515,-36.08732988,1.087307161,35.0009093,168.9282534,254.9759661,280.1975423,13.85908017,12.29678829,16.42019259,166.2893289,259.6197267,279.986068,14.94098478,16.56343616,7.611584346,0,-141.4037887,124.9097393,-71.42023847,33.74082777,145.4921256,1.595558617,-140.4536971,123.9710192,61.66963994,-144.9045279,-4.802645251,49.98034744,49.98079808,3895.291426,3774.657891,43.45830705,-245.68617,3.7896647,1
3711,16,96,32,1,1,1,1,0,1,1,1,1,1,1,1,162.8224013,259.4253713,280.7956721,11.33929907,10.45815617,4.791661072,165.6436485,258.4511406,281.4219791,12.85166087,8.389798844,9.446710346,9.545618781,-7.787149873,-1.758116645,-9.445438741,7.722872583,1.72288957,162.7966263,259.3751642,280.792858,5.624069571,6.587500229,4.056007282,165.6343837,258.4376004,281.4233703,8.378283543,2.33573571,9.105401902,0,-139.8396024,123.4240212,45.95425697,-134.1997682,64.66252373,-0.06725387604,-140.1790709,123.9018464,-29.1607242,56.65054383,145.8404022,49.98503879,49.98501902,2997.698512,2990.690242,-125.8294691,-293.9019534,3.6966347,1
3712,16,96,32,1,1,1,1,0,1,0,1,1,1,1,1,163.8070417,265.7991685,276.6358638,62.99476358,64.88476854,26.29825391,161.9698575,258.6536497,284.1288761,60.27720061,64.27367632,31.42108856,42.32737375,-42.75073911,0.4238693132,-41.85275275,42.56425576,-0.7109853195,161.9330844,263.4330518,276.2650544,18.37022561,16.04202881,11.56428072,161.7618585,257.8150404,283.6018821,8.960114858,14.99226108,20.48965984,0,-141.4129015,121.8998174,20.51598813,150.4615574,-100.6910936,-1.825698728,-140.6956702,122.378633,-132.6013223,-45.17293566,99.51928913,49.9785469,49.97993312,4246.013778,3838.096605,69.82542566,-192.0486446,3.7150576,1
3713,16,96,32,1,1,1,1,0,1,1,0,1,1,1,1,163.7660448,257.5807702,281.7090671,10.49344738,14.45056617,12.86357682,164.246129,255.7997179,284.3273872,3.036288846,13.97280974,15.50852349,-0.9229243338,10.80227983,-9.88183032,0.9046203201,-10.86109117,9.954076469,163.7274233,257.5524583,281.6689304,10.35053765,5.834758133,3.296901532,164.190313,255.6938315,284.2171761,2.506355467,4.379024973,9.154505493,0,-139.542315,123.8714967,12.01056595,172.0940271,179.8002449,-0.5579043317,-139.3933141,124.0204036,-63.21713235,-54.79830531,106.4560237,49.98476107,49.98498729,3065.169886,2994.02752,-139.173019,-242.4149796,3.6721553,1
3714,16,96,32,1,1,1,1,0,1,1,1,0,1,1,1,165.150728,261.3800304,278.684518,60.40343846,29.40099605,56.45241264,171.8267898,256.1256955,282.163492,60.46638552,26.88911739,58.79892547,40.16076886,-1.23116992,-38.92928687,-40.25448733,1.173509505,39.08141884,164.6452356,260.5811229,278.6018755,16.03517184,17.6150162,8.624634467,169.6523481,255.6391684,280.809574,14.6138281,13.34070554,17.66606323,0,-141.8045564,122.8742314,61.10197035,-148.5654927,-12.3629704,-1.447650425,-142.750335,124.0390857,-75.44353165,29.4139671,143.1540162,49.97967964,49.97939248,4034.507547,4101.143253,-48.31026063,-101.3633198,3.6137782,1
3715,16,96,32,1,1,1,1,0,1,1,1,1,0,1,1,162.8399207,259.4665708,280.7747785,11.39480884,10.53010931,4.791349927,165.6631652,258.4826218,281.3988816,12.89619362,8.465737684,9.457221611,9.603293154,-7.857464865,-1.745504654,-9.501787804,7.792553441,1.709581492,162.8134581,259.4148335,280.7718076,5.635835977,6.610725389,4.063198219,165.6538657,258.4688372,281.4001874,8.380919199,2.3567971,9.119645761,0,-139.8589655,123.4158187,46.00190422,-134.2746849,64.42488367,-0.06882838132,-140.1998689,123.8952263,-29.24303673,56.37726963,145.8948579,49.98503243,49.98502126,2999.468167,2989.975548,-126.004096,-294.4779401,3.7084419,1
3716,16,96,32,1,1,1,1,0,1,1,1,1,1,0,1,253.7314311,373.7171347,339.2383217,16.68774079,14.74966006,12.11528358,254.9210117,373.5931052,340.2377002,14.20286178,14.06524871,11.2980592,5.886040679,-2.042759009,-3.839667472,4.010450334,-0.4899890013,-3.517879887,187.2881684,313.9183953,240.796364,8.399221023,3.902417121,4.890918938,187.9436044,313.7133889,241.5571962,4.475062351,1.463818902,4.200687386,0,-163.6446933,114.463621,-1.926424324,-171.5326513,120.471806,0.08188660376,-163.6280331,114.4696513,2.937576598,-142.3674012,107.1911747,49.96418777,49.97946082,6055.997881,5205.025873,-878.753768,-992.8318679,3.5869313,1
3717,16,96,32,1,1,1,1,0,1,1,1,1,1,1,0,159.5451693,261.5075937,280.23286,45.02282698,38.76224713,8.82080919,160.6367847,261.4987864,281.0421084,44.84124226,38.71946658,8.720745263,41.61409541,-36.27915435,-5.334827635,-41.47558138,36.22753312,5.248214774,159.2281835,261.1596601,280.0571894,5.584075952,2.093413266,5.276344008,160.152568,261.2400991,280.8633335,5.365837907,2.281899327,5.225405546,0,-138.7091805,122.8293815,-2.608654357,-144.895069,123.0363762,0.1660315812,-138.6769591,122.8951811,2.301401817,-133.1116115,122.4042731,49.98285457,49.98285213,3432.923981,3424.842918,-38.34513742,-203.6427454,3.6457076,1
3718,16,96,32,1,1,1,1,1,0,1,1,1,1,1,1,162.8246115,259.4486005,280.7917301,11.40859951,10.53628424,4.795864005,165.6421008,258.4633585,281.4149579,12.89606332,8.472999917,9.45025536,-9.606709574,7.851322562,1.755704935,9.506195957,-7.787319246,-1.718570213,162.7983145,259.3975155,280.7889023,5.640010907,6.611611443,4.062753185,165.6327707,258.44967,281.4163245,8.36469898,2.356765311,9.109887036,0,-139.844692,123.4196628,45.85275887,-134.3164449,64.57704159,-0.06937308989,-140.1853046,123.8982227,-29.24906909,56.23080283,145.8841921,49.98503806,49.98501681,2998.205952,2990.671192,-126.2970165,-293.526633,3.6934936,1
3719,16,96,32,1,1,1,1,1,0,0,1,1,1,1,1,162.4474052,258.1247015,282.2383932,10.29120264,14.51739476,13.16652955,163.1467011,256.6915458,285.2121311,3.940232508,14.32278652,16.0101129,1.250233938,-12.13414271,10.88441255,-1.249724925,12.23124925,-10.980856,162.0290668,257.9406693,281.8200264,9.834750323,5.408732274,3.36585313,162.5579237,256.3221069,284.5785519,2.575751808,4.56354709,9.468422434,0,-138.8437423,123.6766147,11.77879335,166.4937092,-174.7014623,-0.5097203176,-138.6290399,123.8183161,-54.12936076,-63.53651927,105.3929914,49.98531294,49.98449538,2934.680024,3097.344626,-98.51239039,-269.3590456,3.7600855,1
3720,16,96,32,1,1,1,1,1,0,1,0,1,1,1,1,163.7198382,266.2150501,275.947711,66.79415718,69.72058966,30.27575,161.4315298,258.7146113,284.4373779,63.97755826,69.16739103,35.26090851,-44.66603322,45.90859694,-1.241996363,44.16709667,-45.72020138,1.553668634,161.6147458,263.5752601,275.5074938,19.42491739,17.35464225,13.64399748,161.1941348,257.6871357,283.7591967,9.844716118,16.60307847,22.35998603,0,-141.5402135,121.7488558,19.84820459,145.86684,-101.8483817,-1.969469581,-140.6543191,122.2182123,-136.6200387,-48.62464049,96.94058361,49.97790014,49.97828976,4401.228101,4250.058774,155.2786319,-163.7998053,3.8330944,1
3721,16,96,32,1,1,1,1,1,0,1,1,0,1,1,1,162.8337232,259.4745781,280.7705312,11.45076093,10.58722222,4.789602302,165.6561132,258.4865666,281.3941762,12.93816788,8.531834131,9.459957252,-9.651308011,7.910015681,1.741591058,9.549227035,-7.84542506,-1.703509879,162.8068356,259.4219839,280.767565,5.643294234,6.617783497,4.061618208,165.6468125,258.4726135,281.3954523,8.376173292,2.362518301,9.122767977,0,-139.8587484,123.4139719,45.97590187,-134.3275749,64.37976509,-0.06930611939,-140.1998321,123.8938465,-29.28945551,56.20049154,145.8866512,49.98503305,49.98501809,2998.465711,2991.257089,-126.5450575,-293.8596092,3.8620235,1
3722,16,96,32,1,1,1,1,1,0,1,1,1,0,1,1,165.201529,261.474712,278.8253529,58.82091161,28.87655775,54.7811153,171.5632803,256.3317196,282.0626011,58.82404454,26.35098052,57.06894517,-39.28606288,1.383967284,37.90247841,39.37772185,-1.327894655,-38.04950108,164.7202299,260.7115777,278.7458907,15.65196287,17.42533079,8.158286943,169.5002897,255.8643796,280.7738195,14.03134307,13.14692102,17.07042068,0,-141.7843065,122.8812053,59.51347663,-148.4086441,-9.546627498,-1.397711346,-142.7148047,124.0060588,-75.63413782,29.58188887,143.706629,49.98005685,49.97969109,3936.485401,4021.830938,-73.37921618,-108.9447708,3.7070589,1
3723,16,96,32,1,1,1,1,1,0,1,1,1,1,0,1,159.527647,261.5042907,280.2245835,45.05375472,38.79760337,8.822625009,160.6320052,261.5156035,281.0343067,44.88068705,38.75809633,8.722995443,-41.64952416,36.31768154,5.33195151,41.51139519,-36.26676437,-5.244484652,159.2104474,261.1585182,280.0481227,5.549133847,2.065740489,5.275913854,160.1465982,261.255243,280.8555279,5.399338272,2.304618643,5.225544588,0,-138.7051989,122.828234,-2.574767733,-144.2423009,123.0627947,0.1695148035,-138.6728697,122.8938473,2.238262795,-133.8180464,122.3752172,49.98285644,49.98284906,3431.055796,3427.675308,-38.4943084,-203.42266,3.7493647,1
3724,16,96,32,1,1,1,1,1,0,1,1,1,1,1,0,253.987126,373.5841578,339.3520182,19.39736365,18.77209335,13.87932128,255.3375557,373.5843746,340.0350885,18.41738273,18.68088332,13.47358577,-5.954059711,2.523035734,3.434158853,-3.855237478,-0.02502231348,3.883167896,188.3563503,314.6492297,241.240491,6.890769634,2.2077281,4.721977237,189.5219498,314.7626109,241.8091322,6.053360812,3.040181359,4.469230958,0,-163.8437195,114.6235037,-0.08443160619,-166.5920363,124.5010933,0.1780822306,-163.8384515,114.6981754,-0.317406881,-161.9368875,103.9849725,49.96238972,49.98107,6009.848176,5287.398297,-880.3078033,-982.3890093,3.6979252,1
3872,24,32,64,1,1,1,1,1,1,1,1,1,1,1,1,224.8619181,203.8970201,264.9624751,5.691961327,3.878069976,2.624245989,225.6836404,204.3340382,265.3488347,5.08065589,3.818965425,3.175222721,-0.006080024785,-0.003381916459,0.009502508312,0.006207314,0.002619565223,-0.008780307489,224.8508892,203.8989616,264.9702877,5.691326575,3.877659301,2.623690065,225.672594,204.3360327,265.356653,5.080020223,3.818642271,3.174815739,0,-135.9342306,108.4532969,-0.3213436231,-142.6914461,109.7641303,0.07460479946,-135.8307749,108.4941325,0.04787202859,-129.2710851,107.2703883,49.98618809,49.98619281,2765.743335,2757.902719,21.5966578,-132.8252739,3.7509211,1
3873,24,32,64,1,1,1,1,1,1,0,1,1,1,1,1,224.6332573,203.2300034,265.7800161,9.56873211,10.83520683,6.740299822,225.4526509,201.9235807,267.539426,4.109241495,9.287161025,9.864223765,1.622686922,-7.953574118,6.33092798,-1.609799603,7.979980717,-6.370136461,224.6215496,203.2314337,265.7844846,9.304079085,7.175149718,1.597498558,225.4391571,201.9070248,267.526806,3.453705297,4.462214304,7.342352486,0,-135.7297995,108.6027394,17.6889632,-170.8501329,-91.89126107,-0.3934656138,-135.5080037,108.893771,-56.54906311,-68.49966591,104.2800451,49.98609761,49.98608777,2783.434948,2779.066724,17.95819209,-134.0316607,3.8324505,1
3874,24,32,64,1,1,1,1,1,1,1,0,1,1,1,1,224.633077,203.2295386,265.7800291,9.566791393,10.839914,6.739016124,225.4525667,201.9236179,267.5396315,4.111747526,9.286086447,9.862968825,-1.62264609,7.949706669,-6.32703538,1.610135694,-7.977769893,6.367657125,224.6213548,203.2309716,265.7844849,9.300888266,7.184200195,1.59259863,225.4390461,201.9070163,267.5269961,3.453459887,4.463121057,7.340761477,0,-135.7296544,108.6031069,17.68196698,-170.8414229,-91.48526004,-0.3931879668,-135.5075431,108.8942464,-56.49305079,-68.38308114,104.3756449,49.98609145,49.986094,2785.004679,2777.664669,18.13014699,-134.2227889,3.784535,1
3875,24,32,64,1,1,1,1,1,1,1,1,0,1,1,1,225.3149933,203.909164,264.5975562,5.958958936,6.820504278,8.261791154,227.5504902,204.5850243,263.6240231,9.917250823,3.433584792,7.723830892,5.05446426,1.496954049,-6.551380264,-5.099178933,-1.477608862,6.576816231,225.3030368,203.9096574,264.6044049,2.922975961,6.531499817,4.938736342,227.5284113,204.5848961,263.6197401,8.422028511,2.824766028,3.932663491,0,-136.1026131,108.582225,30.36737525,-115.1969949,66.40564122,0.2183669146,-136.4261502,108.7635005,-10.19809904,167.1731664,166.016649,49.98607409,49.98608614,2787.782321,2779.93445,17.93169142,-136.8100673,3.7819368,1
3876,24,32,64,1,1,1,1,1,1,1,1,1,0,1,1,225.3151318,203.9104426,264.6023149,5.992001628,6.823383091,8.286115917,227.5474363,204.5870469,263.6262128,9.923478734,3.431119779,7.743360681,-5.08493565,-1.495268155,6.580232864,5.130244795,1.474230498,-6.604448025,225.3031713,203.9109346,264.6091522,2.932821227,6.535333741,4.939634171,227.5251823,204.5868781,263.621807,8.408984028,2.823747165,3.9205711,0,-136.1015314,108.5821781,30.20078058,-115.1980128,66.54988484,0.2188897402,-136.4250692,108.7627512,-10.19735432,167.1004135,166.0584246,49.98607864,49.98608072,2786.625923,2781.266039,16.9313234,-135.7932472,3.7621526,1
3877,24,32,64,1,1,1,1,1,1,1,1,1,1,0,1,224.6197927,204.3942194,264.8563533,10.05852913,5.181462099,5.744702734,224.0541737,205.7828634,265.7149562,8.346428026,8.97063489,3.951219877,-6.446289031,5.023950379,1.42237385,6.48099024,-5.067149883,-1.413804007,224.6084,204.3942684,264.8633063,7.630982512,0.7910144749,5.423109116,224.0312458,205.7710376,265.7211096,5.126982219,7.336462997,3.47015259,0,-135.9019149,108.2211836,-26.1779194,161.7716179,143.8697274,0.2268212678,-135.4697392,107.9459437,40.67461846,-130.3915992,41.89840703,49.98611149,49.98611835,2780.614889,2773.25729,11.3153578,-142.242757,3.7587229,1
3878,24,32,64,1,1,1,1,1,1,1,1,1,1,1,0,224.6165721,204.3947294,264.8558459,10.07817619,5.219432096,5.747674645,224.0515762,205.7861679,265.7138524,8.376074518,8.995744179,3.947942623,6.478975958,-5.063393143,-1.41554296,-6.513378687,5.105047445,1.408378634,224.605184,204.3947818,264.8628103,7.627126284,0.7819756757,5.428640935,224.0285499,205.7742371,265.7200819,5.130644554,7.339001224,3.470200742,0,-135.9013108,108.2202148,-26.19637072,161.8457237,143.856684,0.2269555502,-135.4696036,107.9444363,40.64699703,-130.4594289,41.80383455,49.98611248,49.98611617,2780.078664,2773.895587,11.26179646,-142.1748602,3.766765,1
3879,24,32,64,0,1,1,1,1,1,1,1,1,1,1,1,224.5458867,201.2321626,267.4691197,4.344466171,9.659822092,9.98610295,225.4903606,203.475544,266.3190882,9.386001745,10.98160897,7.157899501,-1.784359907,8.567973932,-6.783561281,1.773781189,-8.496913707,6.723184634,224.5318193,201.214684,267.4503909,3.590092125,4.054907598,7.035573753,225.4789459,203.4770286,266.3221826,9.066470911,6.706490465,1.370978532,0,-135.1002392,109.2641145,-53.18997966,-73.11747169,103.0996991,0.5696389288,-135.1564847,109.0587602,18.49197174,-167.5057213,-103.3299342,49.98608522,49.98608963,2786.443739,2778.464076,22.33911814,-133.7819705,3.7663671,1
3880,24,32,64,0,1,1,1,1,1,0,1,1,1,1,1,257.4937232,338.54814,336.1264083,9.432151848,12.39085112,13.0939994,257.1431376,339.1052943,335.6486992,7.938969604,14.92023034,13.80918834,-4.717105032,-3.076267309,7.792295261,-1.917656787,11.51309916,-9.596373419,180.0365698,235.7826091,295.5505672,5.629904014,9.673305535,7.191607275,179.94476,234.2426025,294.2578081,3.588397025,5.029909201,5.59407145,0,-124.575573,93.87461213,-16.62201232,-155.8279566,45.82227126,0.1310481646,-124.3940869,94.08008925,26.26023031,-40.80130391,166.7859246,49.97920988,49.97067715,4955.757152,5076.414596,-623.3326495,-368.5059481,3.6392697,1
3881,24,32,64,0,1,1,1,1,1,1,0,1,1,1,1,224.8594514,197.7407653,269.9865338,8.455677891,38.09474658,32.19146745,225.7827671,198.2453706,270.2407274,8.400368421,37.97723727,32.17037065,-5.453944165,35.53043412,-30.07648529,5.409852009,-35.44351019,30.0336652,224.7120407,197.5577833,269.7936632,5.396626062,3.832703665,2.820889141,225.6314581,198.0356562,270.0739233,5.369213545,3.584103054,3.091059348,0,-134.4808681,110.3788473,0.1174607181,-137.4587776,106.7915333,0.09492406905,-134.4060635,110.4237952,-0.3963148554,-131.5172808,113.5484375,49.98447968,49.98444587,3110.270469,3103.586607,86.55358461,-69.03766632,3.8034978,1
3882,24,32,64,0,1,1,1,1,1,1,1,0,1,1,1,220.9624042,201.3964567,271.8435441,26.78688565,61.28000073,63.91840947,228.9270244,200.2090929,266.590979,32.13197699,59.62121756,63.61311226,0.5754451467,41.38996664,-41.96546583,-0.7628855254,-41.02782695,41.79066446,220.6415668,199.4680662,270.1302874,12.27605509,15.73403952,15.43117299,228.3297436,200.0650261,265.994959,21.33005986,10.32804579,15.71773019,0,-133.594591,109.2921359,136.9063853,-100.8804788,27.64850265,0.5729014751,-135.0995173,110.3010483,-23.06486048,102.6230572,-174.0376019,49.97964785,49.98093013,4032.802561,3660.688305,274.2588326,-68.1081392,3.8166769,1
3883,24,32,64,0,1,1,1,1,1,1,1,1,0,1,1,226.945949,199.409302,268.2707692,14.06407593,7.549134693,14.91761142,229.6657941,200.2168255,267.5579835,16.41975831,4.316334657,14.89628575,-11.12529371,-1.115564113,12.24049863,11.25834754,1.121773769,-12.38044038,226.1629479,198.8222273,268.0278008,3.132571261,6.753651475,4.823318185,228.549005,199.4214057,267.1217503,8.597911253,2.704107075,4.239114156,0,-135.2790325,110.3087039,37.74770984,-114.3375985,64.76544708,0.1846158652,-135.6474575,110.5155005,-12.9897648,159.9519331,164.6023129,49.98621175,49.98544806,2733.945408,2928.594273,30.65759916,-109.9167607,3.7411914,1
3884,24,32,64,0,1,1,1,1,1,1,1,1,1,0,1,222.0608179,203.8777975,267.8918323,53.9628858,57.88725346,28.76949015,225.2353652,210.0329293,262.3133201,56.1028577,58.27983493,25.5462446,-37.67617199,39.07226845,-1.395344012,37.83780673,-39.15288395,1.315764501,221.9829723,203.3703171,267.29872,7.775085107,13.23200758,17.76215013,223.7490716,208.259964,261.9450845,16.38362757,13.63115536,12.26725649,0,-134.5542301,108.208614,-124.8507523,-58.64131037,92.35959968,1.375785842,-135.4533887,107.5588108,23.11325227,154.5794329,-94.88747307,49.98145352,49.98095954,3601.44227,3745.503758,70.95328432,47.13560682,3.7302005,1
3885,24,32,64,0,1,1,1,1,1,1,1,1,1,1,0,224.245058,201.286718,267.7286323,4.224313629,10.81229977,11.14869427,225.2291259,203.5424339,266.5019741,9.493348359,11.9441946,8.62018805,-1.640074118,9.338706919,-7.698532423,1.621570637,-9.252204307,7.630731708,224.2295591,201.2531093,267.6915989,3.504510418,4.194617259,7.144608536,225.2169015,203.5418728,266.5012871,9.20233923,6.714949182,1.523795777,0,-134.9788334,109.2032304,-55.2782551,-73.0729909,101.9837853,0.5826670611,-135.0493479,108.9998117,18.25555372,-168.5716382,-106.1121638,49.98605454,49.98606482,2794.077534,2783.258335,21.60843405,-134.993345,3.8174389,1
3886,24,32,64,1,0,1,1,1,1,1,1,1,1,1,1,224.551393,201.2300013,267.4658831,4.338968786,9.633926977,9.961590017,225.4981132,203.4741504,266.3175745,9.387527164,10.96839541,7.130000027,1.781515468,-8.541645877,6.760133317,-1.770530994,8.468935548,-6.698384878,224.5372632,201.2124979,267.4471818,3.584910144,4.051788462,7.026960436,225.4866738,203.4756374,266.3207008,9.068650319,6.719856443,1.358548953,0,-135.1021795,109.2664026,-53.19449689,-72.92520746,103.1895978,0.569625024,-135.1581967,109.0614352,18.46091322,-167.4722465,-103.0832567,49.98609451,49.98608029,2784.600755,2780.373285,22.14727385,-133.5844799,3.9553732,1
3887,24,32,64,1,0,1,1,1,1,0,1,1,1,1,1,224.8609594,197.7364441,269.9980769,8.455579197,38.19373631,32.29021159,225.7836746,198.2344065,270.2460181,8.400437738,38.07353629,32.26699611,5.454141137,-35.61949205,30.16542647,-5.409528391,35.5311793,-30.12157509,224.7127804,197.5518105,269.8044072,5.39648472,3.843953347,2.832163008,225.6326257,198.0255332,270.0780048,5.369420251,3.571678852,3.080705563,0,-134.4784202,110.3800627,0.1436215015,-137.3139589,106.6812192,0.09500444127,-134.4051458,110.4254318,-0.4225089085,-131.6493526,113.6762082,49.98445347,49.98446885,3110.021928,3104.603274,86.24793424,-68.65546269,3.820915,1
3888,24,32,64,1,0,1,1,1,1,1,0,1,1,1,1,255.2566326,338.4807868,334.324772,9.698565505,15.00769012,15.34594465,258.3307939,339.6304568,335.6713523,12.45657008,15.00237938,16.45460392,0.7778439382,-7.705488623,6.928465823,5.825459234,-0.7246723983,-5.099277342,178.4203914,235.2038744,293.1387679,3.022268805,1.906582456,1.749825534,180.4742106,237.2057371,294.8354307,6.831621661,8.200427365,7.433746305,0,-124.9010171,93.34463413,46.08345761,-60.26629808,-147.4944207,0.115348638,-124.7072742,93.54795635,-18.70808635,-137.0690763,81.50469148,49.98427501,49.96541877,4254.534214,5782.411709,-200.7447942,-789.5246044,3.7072158,1
3889,24,32,64,1,0,1,1,1,1,1,1,0,1,1,1,225.5733899,202.3933713,265.6435439,9.05989609,7.227121648,10.79200524,228.0372309,203.0128962,264.5271538,12.37104044,3.213244242,10.40657227,7.873898995,0.9114430075,-8.785163271,-7.936842545,-0.9062323395,8.843230859,225.5388179,202.38052,265.6365208,2.83045946,7.063512679,5.341019433,227.9624898,202.9960901,264.4790255,8.821058485,2.822608848,4.399651314,0,-135.8471657,109.1039796,39.2915096,-114.2836011,62.79314409,0.2216893594,-136.2394712,109.3172732,-11.80659848,155.4444919,170.468661,49.98600534,49.98603354,2801.061009,2790.220503,21.99611461,-128.3214231,3.8390212,1
3890,24,32,64,1,0,1,1,1,1,1,1,1,0,1,1,220.3390789,201.2437266,272.3981021,29.51587811,66.41749659,69.28719572,228.8426876,199.5530308,266.420243,34.67621985,64.65682655,68.95146283,-0.6993066921,-44.57457976,45.27400529,0.9069899936,44.18091718,-45.08779965,219.9458891,198.9923284,270.4380642,13.40795859,17.1508252,16.68519897,228.1413268,199.3898675,265.7200992,22.31664498,11.561383,16.9441372,0,-133.3364385,109.3266558,136.1966755,-101.5465488,27.17091667,0.6166095686,-135.0122239,110.4322683,-24.47282105,98.76875956,-172.9066447,49.97902593,49.97909759,4183.687837,4152.239211,316.1015656,27.44655932,3.770275,1
3891,24,32,64,1,0,1,1,1,1,1,1,1,1,0,1,224.2786385,201.2777479,267.6965362,4.241237691,10.3002986,10.64276962,225.2494572,203.5520712,266.476993,9.479322175,11.56768326,7.959660989,1.647799778,-9.076951638,7.429070887,-1.629900902,8.991644275,-7.361831113,224.2639845,201.2515861,267.6679676,3.537300364,4.170725524,7.139835816,225.2376543,203.5524255,266.4788332,9.192324023,6.830032662,1.462732632,0,-134.9914082,109.2124585,-55.24229255,-71.46290648,103.0217158,0.5830460844,-135.0611014,109.0043081,18.4445987,-168.27548,-101.7634891,49.98610894,49.98603655,2783.010762,2788.469474,19.6774655,-132.9853447,3.7709427,1
3892,24,32,64,1,0,1,1,1,1,1,1,1,1,1,0,221.9480219,203.8596392,267.8789916,56.04294506,59.70669387,29.12218878,225.590471,210.4936088,262.0913097,58.3213963,60.19428185,25.88936935,38.89882592,-39.88389836,0.9844639731,-39.05974438,39.96572819,-0.9065991867,221.8708208,203.3080761,267.2445742,8.303387244,14.26319127,17.9252266,224.0279404,208.6044984,261.716345,17.33904255,14.98353363,12.40790726,0,-134.5334577,108.2327447,-132.0263364,-54.87241277,93.00047064,1.43960869,-135.5045483,107.5752724,21.03675345,155.4930785,-93.87925987,49.98133388,49.98032132,3621.65571,3899.95435,79.61760301,69.41381971,3.7889995,1
3893,24,32,64,1,1,0,1,1,1,1,1,1,1,1,1,226.4496565,203.8586965,263.6779798,9.731459084,3.466970382,7.145170126,225.9489768,204.3066563,265.1690284,5.590417054,6.926933779,7.659395546,-4.57375991,-1.378026393,5.951821896,4.511778736,1.397848833,-5.909599765,226.4321475,203.8587329,263.6736037,8.511354155,2.989773278,3.878590878,225.9377368,204.3063118,265.1753528,3.095979818,6.69873139,4.811615953,0,-136.567781,108.7004337,-12.47399879,162.8361176,164.2512219,-0.001044662889,-136.0775967,108.5734922,35.56194908,-113.6530183,66.86696946,49.98609413,49.98608638,2784.594772,2779.188737,22.5301515,-133.0470223,3.7926926,1
3894,24,32,64,1,1,0,1,1,1,0,1,1,1,1,1,226.4779341,200.759133,266.1582144,24.18109192,52.82840693,54.6061244,222.4442476,202.5760979,271.811079,18.43943748,54.16047336,55.04897089,0.4352270197,-36.40139832,35.96707923,-0.5189298283,36.55636555,-36.03652848,226.1643079,200.6484475,265.8292248,17.16983287,9.345364619,12.25357134,222.2050691,200.8899308,270.56786,7.712397832,14.42774323,13.26697453,0,-135.8949441,109.4728725,-18.61773984,107.0593832,-164.139635,-0.3881936187,-134.4276002,108.8992292,135.4861245,-100.4457576,42.00435473,49.98335064,49.98101777,3181.85015,3691.648792,124.2079236,-51.79225425,3.8035517,1
3895,24,32,64,1,1,0,1,1,1,1,0,1,1,1,1,226.2941637,200.9863101,265.2585731,15.28343644,3.241102018,13.90539621,225.8188912,201.6042647,267.3181746,13.23200442,8.147229351,14.50435795,-10.03672047,-0.2246467143,10.26670836,9.904219858,0.2479888243,-10.14689018,226.0905475,200.8843848,265.1271504,8.117059928,2.973874287,4.060741377,225.6813779,201.5317379,267.2543744,3.423613229,8.038875337,6.01898764,0,-136.0538002,109.419042,-13.1404965,135.1473982,-178.0316892,-0.02551314367,-135.4214652,109.3061392,31.83208317,-114.2682767,69.23565606,49.98656022,49.98517679,2736.441562,2930.143313,83.30425905,-159.6252359,3.8932325,1
3896,24,32,64,1,1,0,1,1,1,1,1,0,1,1,1,270.4370406,199.1148169,446.0959087,16.01375192,10.43152847,13.61930483,269.7294231,197.1480772,445.7668718,15.62348466,8.843048518,14.83550898,8.49229874,-4.020615022,-4.474619151,-10.74120953,-0.0223735312,10.76090164,236.2517661,128.4552675,326.3871943,10.06420775,4.843522792,9.143537928,234.711385,127.565025,324.0605991,5.707596846,1.834165867,3.806225773,0,-119.5541769,130.5573806,-30.4897801,-141.6507072,107.4047296,0.239387652,-119.5725762,130.5110521,62.82036776,-39.41370122,-119.6407114,49.97875329,49.97387246,4250.412972,5220.030536,83.06921624,495.6930296,3.7588124,1
3897,24,32,64,1,1,0,1,1,1,1,1,1,0,1,1,227.7709653,204.89711,261.6522132,19.03602418,6.345248179,22.93451321,228.7115587,205.4934247,261.8535082,19.07112658,6.341656112,22.87840091,-17.49973535,-4.369478397,21.86925304,17.46334346,4.372828186,-21.83612253,227.7155018,204.8378874,261.6141566,5.329204497,3.844633518,2.959185634,228.637806,205.4266704,261.8206509,5.583209304,3.836339348,2.772916998,0,-137.3395407,108.6764754,-1.578364505,-137.4201115,105.371125,0.116472657,-137.270789,108.7063882,1.24761607,-137.4722411,112.078366,49.98547316,49.98544181,2910.535,2907.031635,40.61580846,-115.5188429,3.8631337,1
3898,24,32,64,1,1,0,1,1,1,1,1,1,1,0,1,229.6465283,201.294988,264.1395536,58.47988402,23.74822619,56.99394739,226.009186,207.5123677,262.6504512,58.32920575,28.1935587,55.65551344,-38.17335739,-0.03007602926,38.20357141,37.91783233,0.02855620093,-37.94624746,228.3958172,200.8774813,262.4693212,14.23284833,11.32544197,14.65405485,225.6581253,206.7816972,262.4945484,15.97615523,18.7013027,10.27255503,0,-136.9776778,109.8960417,-77.64137888,25.93591033,141.7504549,1.315585658,-135.8891181,108.7676685,60.68917745,-147.0819371,-20.82840561,49.98080272,49.98105877,3830.376263,3743.824108,235.3576965,-31.11693234,3.8365865,1
3899,24,32,64,1,1,0,1,1,1,1,1,1,1,1,0,224.6756566,204.5081124,264.7211008,10.30026021,5.574927997,5.818872125,224.0698888,205.9350627,265.5847307,8.61715202,9.301876214,3.947416909,6.728038349,-5.435519291,-1.292472084,-6.766550391,5.480291223,1.286304557,224.6640203,204.5080924,264.7280254,7.698541164,0.7332618584,5.538187147,224.045398,205.9207963,265.5910325,5.189279963,7.448618608,3.522896412,0,-135.9488232,108.1941051,-26.87493884,154.6531257,144.1383168,0.2337035815,-135.5083571,107.907784,41.74908732,-130.6274884,40.0923663,49.98610333,49.98610503,2782.098861,2776.086041,10.44478751,-142.6300243,3.8271009,1
3900,24,32,64,1,1,1,0,1,1,1,1,1,1,1,1,226.4437047,203.8598374,263.6799603,9.731845436,3.472055616,7.143558361,225.9435822,204.304381,265.1724612,5.591076224,6.925120703,7.662817175,4.575165972,1.380844375,-5.955965943,-4.512779189,-1.402365905,5.915194797,226.4261781,203.8598919,263.6755918,8.510395555,2.995762183,3.871368074,225.9323604,204.3040533,265.1788054,3.093385349,6.696792643,4.813622843,0,-136.5661455,108.6985818,-12.44702966,162.8618749,164.2926814,-0.002000974817,-136.0762038,108.572121,35.5011635,-113.6018672,66.95544695,49.98609235,49.98608823,2785.591224,2778.133775,22.91194215,-133.4505628,3.8124061,1
3901,24,32,64,1,1,1,0,1,1,0,1,1,1,1,1,227.7939502,200.1022459,267.0557021,18.89390124,3.888985943,17.38025659,226.5972114,200.591806,268.4357914,16.46484399,8.18799625,17.38104619,10.993542,0.5934269247,-11.58945878,-10.82927736,-0.5999484842,11.42681389,226.8952674,199.507061,266.6440646,9.272322049,3.012945448,4.917014821,226.0130391,200.1526806,268.2587718,3.232826256,7.79370846,5.502368224,0,-135.7913441,110.1546056,-16.37497483,139.6699334,170.8008396,0.06556139346,-135.156485,109.9690476,52.91958607,-113.0760857,58.78237362,49.98690755,49.98442157,2764.124915,2983.092522,26.18035998,-85.29870666,3.7711685,1
3902,24,32,64,1,1,1,0,1,1,1,0,1,1,1,1,227.2056944,199.2256267,266.6164664,34.97348239,65.15159822,69.36383001,220.4517989,202.147136,273.0776047,29.54821944,66.59951372,69.52077523,0.733647028,44.49868405,-45.23220209,-0.5955566857,-44.69375424,45.28943089,226.5383065,199.0276016,265.9554891,22.66134485,11.99479619,16.86551165,220.0433926,199.5869626,271.2818124,13.63648506,17.35418406,16.63252291,0,-135.8347247,109.946155,-25.04471397,99.84322829,-172.7936877,-0.4317904694,-133.9837993,108.9107166,135.8072746,-100.7803044,27.36136516,49.97906233,49.97891351,4160.257263,4199.369239,195.3501474,178.0767567,3.8294999,1
3903,24,32,64,1,1,1,0,1,1,1,1,0,1,1,1,227.7837428,204.9040257,261.6472485,19.07997108,6.344897417,22.97264637,228.7038401,205.5011451,261.83745,19.09471481,6.3425688,22.90705444,17.53263202,4.368087136,-21.900701,-17.49571615,-4.372967852,21.86870049,227.7280555,204.8449768,261.609032,5.3652629,3.843741998,2.995695124,228.6302638,205.4336293,261.8040988,5.549124712,3.837491933,2.733643025,0,-137.3428972,108.6773275,-1.891721921,-137.449812,105.8639723,0.1178476351,-137.27408,108.7034923,1.568699281,-137.4491945,111.6300197,49.98546319,49.98544216,2910.966253,2906.960043,39.31458074,-114.1286334,3.7643147,1
3904,24,32,64,1,1,1,0,1,1,1,1,1,0,1,1,270.2543047,196.1000702,443.5807265,24.34021168,14.70497572,20.10762355,267.7877513,190.8038787,442.7803902,23.49163175,11.37079417,21.76406577,-18.82653746,7.242852911,11.58373557,21.04431207,-3.360809964,-17.68335704,236.6163338,126.753921,330.9449584,14.99458749,8.954143551,14.54365553,232.9072024,124.1586873,326.3569227,8.823661188,5.324542792,9.171384387,0,-117.9052293,131.019487,-36.0387884,-146.9319987,99.73619286,0.2182683687,-118.0560545,130.9374727,95.58889249,7.846231797,-104.2073742,49.9771204,49.9754401,4727.002259,4761.031278,-197.5433164,813.3882458,3.6564111,1
3905,24,32,64,1,1,1,0,1,1,1,1,1,1,0,1,224.6732306,204.5048523,264.7308151,10.3217861,5.601353706,5.819866475,224.0647106,205.9272411,265.5909522,8.630886503,9.307606344,3.940370273,-6.748752681,5.45953837,1.289238266,6.787628524,-5.506078795,-1.281526916,224.6616183,204.5048159,264.7377347,7.70789731,0.7420491849,5.540180983,224.0402063,205.9128709,265.5972612,5.183087543,7.436650132,3.5165199,0,-135.9458322,108.1952749,-26.85374617,155.4162625,144.0655676,0.2332061682,-135.5061203,107.908909,41.83461818,-130.5799248,40.03655801,49.98609577,49.98611211,2782.520925,2775.729349,10.16842066,-142.3673616,3.9381187,1
3906,24,32,64,1,1,1,0,1,1,1,1,1,1,1,0,229.1926057,201.7756335,263.9373141,53.54240045,21.47667894,52.12691415,226.1168654,207.5073051,263.0062937,53.46806049,26.02299412,50.88719139,35.26498324,-0.07525137097,-35.18880461,-35.02414313,0.07490208731,34.95017626,228.1368353,201.4047068,262.4934005,12.80356228,10.32475432,13.18144516,225.8368334,206.8957315,262.8608785,14.69108204,17.7435754,9.009934827,0,-136.9560789,109.6816352,-76.13627444,26.82352753,143.2322756,1.180641083,-135.9141485,108.6766156,57.95257996,-146.1686066,-15.86027342,49.98141977,49.98226238,3672.284541,3452.979024,203.1877714,-88.54041905,3.724924,1
3907,24,32,64,1,1,1,1,0,1,1,1,1,1,1,1,223.3304126,205.1208823,265.4115949,8.113582604,8.62972133,3.792776862,225.5218058,204.7740947,265.2041599,9.450322632,4.764455404,5.783429134,6.1222858,-4.737154514,-1.385099028,-6.048996628,4.662827059,1.386208095,223.3104918,205.1089953,265.4179441,5.198299147,7.166579656,3.313040366,225.5105748,204.7735865,265.2115474,7.169484006,0.5336682358,5.481465916,0,-135.5916396,107.8524611,35.52851789,-134.7838299,40.18741673,-0.03541378891,-135.8268895,108.1829895,-25.16537335,-149.8382863,141.9083705,49.9861379,49.9861298,2776.810186,2769.670525,8.594222362,-145.5479141,3.7987228,1
3908,24,32,64,1,1,1,1,0,1,0,1,1,1,1,1,224.3195822,209.9488083,262.0761486,54.02775838,55.32671341,22.52114799,222.9181155,204.6609119,267.5066826,51.38623425,54.38938352,25.74718383,36.17888357,-36.65035087,0.4718442642,-35.77044907,36.32295866,-0.552130105,223.036105,208.3117315,261.8059611,16.51812582,14.31556451,10.76825935,222.8364794,204.2282052,267.0797106,7.496373308,13.03680575,16.31772528,0,-136.6723947,106.5884309,19.88822867,158.7474973,-92.63952727,-1.158430555,-135.7407261,107.2750512,-130.2524593,-53.72274815,94.12773411,49.98124948,49.98237626,3718.620627,3406.821207,155.6418782,-76.38332958,3.8059971,1
3909,24,32,64,1,1,1,1,0,1,1,0,1,1,1,1,224.4423816,203.2240474,265.9607984,9.662888821,11.40749347,7.553846512,225.234392,201.8822516,267.7704871,4.016994819,9.931468252,10.49041785,-1.485105411,8.515177681,-7.030059499,1.477270808,-8.551942139,7.074684942,224.4307523,203.2246648,265.9646723,9.425893059,7.274403181,1.684503803,225.2210163,201.8590906,267.75135,3.409372648,4.566060424,7.428711308,0,-135.6484973,108.5715506,17.6322638,-171.4309024,-92.11020648,-0.4061877038,-135.4176795,108.8645701,-58.61526214,-67.42263637,104.0244902,49.98606911,49.98609136,2788.554753,2779.311433,17.44303351,-134.3662267,3.8029393,1
3910,24,32,64,1,1,1,1,0,1,1,1,0,1,1,1,225.3443957,207.1580957,261.8789937,57.35246911,27.4035576,54.71476071,230.8282016,202.2852228,263.7065141,57.16819312,22.80588975,55.86285534,37.20133773,0.09115777309,-37.29236067,-37.25721251,-0.1621126379,37.41942953,224.9984731,206.5628854,261.7751152,15.47261722,18.38190906,10.10768378,229.4326298,201.9008832,262.2630253,13.63337951,10.94213814,14.41860911,0,-136.9603687,107.6708875,58.91359706,-148.7683891,-21.07157092,-1.067235518,-137.856856,108.8343765,-77.88666668,23.33195372,140.9975274,49.98140988,49.9809515,3676.230198,3788.905152,99.26111047,54.69344351,3.87917,1
3911,24,32,64,1,1,1,1,0,1,1,1,1,0,1,1,223.3723701,205.4267367,265.1475184,8.704181244,9.382539485,3.812181691,225.6553531,205.0084877,264.9215159,10.02326412,5.696480873,5.945420545,6.766862068,-5.655555833,-1.111309101,-6.680153694,5.569171476,1.11098558,223.3491451,205.4091277,265.153964,5.285629361,7.39603024,3.448278181,225.6436929,205.0075542,264.9286808,7.3348167,0.3224121453,5.719742065,0,-135.6778534,107.7675477,38.01718384,-134.9728489,36.4322757,-0.04718869593,-135.9316947,108.1214919,-26.59458862,-157.9787361,142.6727286,49.98610782,49.98611391,2782.875814,2772.84748,8.76455329,-148.8219175,3.8301169,1
3912,24,32,64,1,1,1,1,0,1,1,1,1,1,0,1,334.1613332,303.9874436,291.075869,21.92039223,22.91226767,11.82037995,336.735453,306.1931421,296.509571,18.82912674,22.01353972,14.72178183,18.11196915,-21.54079475,3.428612576,-9.431029927,16.71874829,-7.2879822,262.2926303,247.2777552,197.4570609,7.854248813,6.28256637,5.792994514,267.6744683,252.0166606,200.7504646,14.84718855,13.90235508,8.915848913,0,-156.8498907,105.0685341,89.70338742,-31.900086,-132.4141188,0.03440528422,-156.5255823,105.1687339,-32.01138446,-178.5527643,71.85484145,49.97258771,49.97226974,5539.864925,5492.902818,795.6498004,-459.9635185,3.751815,1
3913,24,32,64,1,1,1,1,0,1,1,1,1,1,1,0,220.6237897,206.4282689,266.9238922,33.43266281,28.72280104,5.907924675,221.4468645,206.9671331,267.2161939,33.27931768,28.64396599,5.901819633,31.14781646,-27.13152029,-4.016284156,-31.04502882,27.04123134,4.00381328,220.50669,206.2667962,266.8292839,5.424969594,3.823365464,2.91368378,221.3075258,206.8051541,267.1244725,5.143730827,3.923113072,2.923557335,0,-134.7259211,106.9804451,-2.020594297,-138.1676155,107.3096299,0.1000300783,-134.6341207,107.0055503,1.844457928,-131.5699346,106.5291876,49.98487321,49.98487512,3025.880359,3023.144296,20.15121091,-130.4601367,3.8539516,1
3914,24,32,64,1,1,1,1,1,0,1,1,1,1,1,1,223.3372487,205.1249518,265.4054938,8.110132645,8.626057955,3.792830459,225.5256372,204.7769381,265.1978451,9.439828369,4.754218616,5.781790484,-6.116377584,4.728523858,1.387884724,6.043718504,-4.656188656,-1.387499819,223.3173637,205.1131772,265.4118657,5.200869925,7.169013805,3.314251651,225.5144361,204.7764586,265.2052519,7.161215232,0.5296233583,5.480413131,0,-135.5946441,107.8525187,35.43659486,-134.8444596,40.20841745,-0.03522544249,-135.8292926,108.1829453,-25.14958919,-149.1500579,141.9241226,49.9861359,49.98613116,2776.964067,2769.443444,8.466948348,-145.374282,3.9289536,1
3915,24,32,64,1,1,1,1,1,0,0,1,1,1,1,1,224.2880655,203.2872737,266.0610491,9.684783132,13.18514547,10.35269469,225.0082342,202.0627147,267.8845617,4.030848327,12.07953723,12.58347677,1.632207819,-9.458916784,7.826756566,-1.631912358,9.507159534,-7.875188543,224.2735366,203.2834504,266.0562034,9.376076085,7.056331809,1.562540853,224.9892009,201.9991397,267.8265362,3.215098677,4.559690286,7.236200504,0,-135.5938332,108.524137,16.3552808,-171.7044366,-100.5715722,-0.3924020561,-135.3542504,108.7935267,-56.9568691,-70.18498375,102.5370955,49.98601016,49.9860171,2800.979997,2794.005344,15.5684369,-133.1743844,3.8633865,1
3916,24,32,64,1,1,1,1,1,0,1,0,1,1,1,1,224.2268129,210.2076433,261.692689,56.47752808,58.3378094,24.98555674,222.5536282,204.7806333,267.8017782,53.76950152,57.48505422,28.18060722,-37.69257322,38.59499207,-0.9024456876,37.27230807,-38.26479696,0.9924558023,222.8262821,208.4213438,261.3842744,17.18765613,15.01629559,12.09760026,222.466741,204.248367,267.2759236,8.031961706,14.15908984,17.59424432,0,-136.7418356,106.4872142,19.43190787,154.8020332,-94.40340296,-1.221532174,-135.6594366,107.1976877,-133.5201562,-55.81342806,92.38520106,49.98085383,49.98148407,3807.137052,3628.405621,207.4482801,-69.07866877,3.8008976,1
3917,24,32,64,1,1,1,1,1,0,1,1,0,1,1,1,223.3591909,205.4133181,265.1597783,8.661115046,9.327248263,3.810992206,225.6423399,205.0000447,264.9285017,9.986096955,5.609042328,5.928684509,-6.734850595,5.612266027,1.122619175,6.649363458,-5.528396914,-1.120910005,223.3363979,205.3964835,265.1663235,5.284403546,7.395304808,3.446348209,225.6306565,204.9992092,264.9357378,7.332887591,0.3291292713,5.701976696,0,-135.6716567,107.7683383,37.99451476,-134.8460424,36.73390184,-0.04659128782,-135.9270518,108.120977,-26.58079492,-160.4527131,142.7035245,49.98611804,49.98610658,2780.1029,2774.809092,7.388741043,-147.4192117,3.8274073,1
3918,24,32,64,1,1,1,1,1,0,1,1,1,0,1,1,225.3743649,206.9719442,262.5714127,48.10591129,23.05319687,45.88235564,229.882601,203.0533329,263.4555063,47.90653009,18.30051835,46.87633501,-31.58569609,-0.1024706277,31.68890581,31.64119879,0.1599495903,-31.8004728,225.1396016,206.5700941,262.4961037,12.95947772,16.29175059,7.938231559,228.8666291,202.767299,262.3915815,11.15699083,8.775778611,11.82458775,0,-136.7928363,107.7172844,54.68845471,-146.4763933,-10.84196252,-0.8057447409,-137.5997884,108.6616872,-72.51698466,25.45958636,144.0244492,49.98338455,49.98207552,3232.3437,3517.545054,22.16445968,1.193493104,3.753894,1
3919,24,32,64,1,1,1,1,1,0,1,1,1,1,0,1,220.6243421,206.4119006,266.9260531,33.30440481,28.59862842,5.913870416,221.4567799,206.9619913,267.2178947,33.16134425,28.52579317,5.906472178,-31.03473727,27.02163647,4.013135552,30.93233494,-26.93273935,-3.999559665,220.5069692,206.2517827,266.8313469,5.392578777,3.800599516,2.91496467,221.3172889,206.8015927,267.1254955,5.176331257,3.943036772,2.922283952,0,-134.7246441,106.9846534,-2.047441397,-137.852801,107.2691329,0.1020643331,-134.6333849,107.0098272,1.849719184,-131.9064572,106.577677,49.98488931,49.98490674,3023.885527,3017.99962,20.86277321,-131.4782956,3.8185678,1
3920,24,32,64,1,1,1,1,1,0,1,1,1,1,1,0,334.7008685,304.484012,293.9139768,21.58432116,23.50560224,15.75700066,336.151039,305.1903322,294.3582423,20.11018527,22.95740083,16.22449192,-7.207920718,7.294482567,-0.08542178264,-1.446830176,-2.505718106,3.953776441,263.7833045,248.5997918,199.4425803,6.70389262,3.124821615,2.441858619,265.7207092,249.705162,199.9068952,6.802876778,6.417392637,4.457566411,0,-156.6389591,105.0422967,20.50166859,-139.1116566,-178.9099931,0.04270105734,-156.6333504,105.1659248,-20.45385348,-165.2495691,72.92766596,49.96251378,49.9823111,5898.844474,5164.567149,273.7618976,70.86181466,3.7586132,1
4068,32,16,24,1,1,1,1,1,1,1,1,1,1,1,1,264.3309385,208.9687595,219.4267418,4.729354179,7.514631832,5.272874808,265.1778312,210.1740394,220.1511615,5.184937729,6.847074612,5.292288256,-0.002556600731,-0.008127779592,0.01045669465,0.002411927718,0.006348878203,-0.008985531179,264.3171396,208.9753277,219.4352773,4.728731179,7.514631608,5.272696966,265.1639856,210.1806921,220.1596827,5.184336075,6.847079528,5.29206808,0,-113.7923517,110.2710629,0.6908382546,-115.1907969,104.2764059,0.08083376616,-113.6547258,110.4103921,-0.8235278735,-112.6997749,115.9859256,49.98013818,49.98014631,3978.000509,3964.822142,87.70705793,-173.4889646,3.8476525,1
4069,32,16,24,1,1,1,1,1,1,0,1,1,1,1,1,263.9787322,208.738376,220.1583166,8.851481232,12.73091798,6.973385508,264.924321,208.3793588,222.3107325,4.542686776,11.47395642,11.88762813,1.805816493,-8.409208164,6.6031587,-1.790490914,8.464268508,-6.674017892,263.9641978,208.7441065,220.1633387,8.509562443,9.382009112,0.9434658866,264.9080627,208.3630495,222.2924128,3.840162718,7.527522979,9.621665696,0,-113.5072578,110.5306815,22.23345036,-142.1395682,104.6113149,-0.3347075818,-113.0901144,110.9904289,-58.10561242,-77.24797785,111.1122144,49.98001499,49.98001035,4002.401814,3992.106879,73.51408162,-185.6133766,3.7401548,1
4070,32,16,24,1,1,1,1,1,1,1,0,1,1,1,1,263.9751387,208.7386632,220.1634896,8.854752518,12.7350749,6.973558021,264.9208294,208.380241,222.3197873,4.541767804,11.47234397,11.89292367,-1.800715987,8.403686885,-6.603206133,1.785265465,-8.462750573,6.677255219,263.9606197,208.7443811,220.1684898,8.51395947,9.39149589,0.9388265881,264.9046107,208.3638536,222.3014144,3.841318077,7.529572631,9.627422753,0,-113.5058164,110.5308732,22.24669878,-142.1786573,104.1728488,-0.3350307846,-113.087857,110.9909574,-58.17694549,-77.15972993,111.1517899,49.98001204,49.9800133,4003.255611,3991.209947,73.69811885,-185.878702,3.8001322,1
4071,32,16,24,1,1,1,1,1,1,1,1,0,1,1,1,265.2872204,208.6176774,218.71779,8.370698839,12.39663103,13.25247046,268.0846299,209.4564797,217.5219544,12.92446538,4.661510229,11.93773278,7.585100081,2.160645445,-9.745953443,-7.657351555,-2.137835286,9.794979494,265.26952,208.6226368,218.7253209,1.928552984,12.05339553,8.613333929,268.0363664,209.4581581,217.4971826,9.974237155,3.658505279,6.335191149,0,-113.906405,110.4345335,84.61802594,-101.8299815,73.03228324,0.2743981376,-114.3569643,110.7956086,-11.10350379,-159.620961,165.7927412,49.97997975,49.97999491,4008.416253,3996.140166,84.58923591,-175.386856,3.81932,1
4072,32,16,24,1,1,1,1,1,1,1,1,1,0,1,1,265.2904872,208.6181443,218.7139244,8.364440708,12.39034523,13.25032044,268.0761532,209.4558909,217.5169434,12.89592365,4.667879876,11.92760648,-7.582277711,-2.171142162,9.753196699,7.654438718,2.144496197,-9.799177208,265.2727404,208.6231284,218.7215065,1.922160918,12.0441685,8.60480109,268.0278513,209.4576169,217.4924163,9.941324654,3.657572057,6.309444625,0,-113.907615,110.4346558,83.65173207,-101.8637171,73.20031788,0.2743477234,-114.3567562,110.7939772,-11.08403251,-159.4418831,165.7271486,49.98000107,49.97997345,4006.531393,3998.111617,83.392699,-174.1000108,3.7495998,1
4073,32,16,24,1,1,1,1,1,1,1,1,1,1,0,1,264.1006599,209.5219608,219.3066302,10.49821511,7.927893299,9.098218769,263.5399332,212.511191,220.0621521,10.45656394,12.48451223,4.101286699,-8.076845023,6.120822791,1.955780747,8.122949701,-6.198537543,-1.924632671,264.0862287,209.5265444,219.3131772,6.522525814,4.566692529,8.736367517,263.5066843,212.4960419,220.0675961,6.397676244,10.6252424,3.232572225,0,-113.9846705,109.9063082,-39.68380454,-85.89617513,125.8329544,0.3264756541,-113.7280864,109.5612131,40.5227976,-125.8387891,60.67878573,49.97997959,49.97997501,4009.42651,3999.11875,80.54359675,-178.1822657,3.6729149,1
4074,32,16,24,1,1,1,1,1,1,1,1,1,1,1,0,264.1020084,209.5235805,219.3009639,10.50249009,7.940966579,9.102115659,263.5437675,212.5237413,220.0571968,10.48093763,12.51339158,4.096550747,8.085453057,-6.137688295,-1.947992042,-8.131760469,6.21180562,1.91971897,264.0875712,209.5281533,219.3074909,6.512799363,4.562108324,8.742849969,263.5104649,212.5084328,220.0626499,6.420325325,10.64708412,3.232876734,0,-113.9867669,109.9042938,-39.87028733,-85.54718876,125.8536048,0.3280866692,-113.7305233,109.5582458,40.46947428,-125.9394515,60.5428629,49.97997564,49.97997895,4009.802287,3998.93209,81.2070089,-178.8736618,3.7283631,1
4075,32,16,24,0,1,1,1,1,1,1,1,1,1,1,1,264.1021644,207.2265967,221.4821445,4.382921267,11.2731471,11.65942226,264.7343407,209.9984289,220.9134941,8.927054197,11.96941365,6.714689905,-1.668485564,8.153920327,-6.485662661,1.664098674,-8.0176752,6.353364495,264.0860849,207.2163291,221.4636691,3.728307705,7.606697193,9.527816905,264.7202458,210.00461,220.9173314,8.627625372,8.735803888,1.307605932,0,-112.9127413,111.3094301,-59.53587382,-81.72459659,106.728425,0.4812308263,-113.0184904,111.116905,21.89947219,-140.1501564,144.3474226,49.98003794,49.98003519,3998.607382,3986.776393,70.10398974,-191.1008869,3.6446399,1
4076,32,16,24,0,1,1,1,1,1,0,1,1,1,1,1,293.3579742,319.1830989,316.9272088,14.3675992,22.7158347,22.16536449,295.9011943,321.066945,318.348493,15.14560678,18.83465533,20.75417709,-1.510960415,13.57999733,-12.07003772,-4.943600195,-1.167991085,6.111506125,201.866195,245.1587318,264.5875676,3.39909082,7.850199467,5.042157824,203.5845435,247.948446,266.8464072,5.657528974,10.86424786,9.274763894,0,-109.7212949,93.69375423,43.92522758,-79.44668634,131.8501047,-0.02302266407,-109.7551477,93.7681376,-24.79612082,-131.4499908,73.90620616,49.9515838,49.9715228,7903.841944,7509.347123,311.0401922,-291.6621521,3.5979271,1
4077,32,16,24,0,1,1,1,1,1,1,0,1,1,1,1,264.3422232,204.9779063,223.329276,8.200406087,37.66586776,31.56251195,265.1071606,206.2027676,224.1687131,8.162315376,37.40921619,31.45659927,-5.503131516,34.69581304,-29.19282278,5.466024892,-34.52039186,29.05422285,264.2115624,204.8326471,223.124426,4.95989478,7.22934061,5.240942552,264.9774344,206.0138643,223.9662129,4.947685094,6.858316446,5.469479854,0,-111.9595679,112.7368319,0.1778257444,-114.6981893,108.8222146,0.06727254035,-111.7950139,112.8681868,-0.3924837633,-109.490451,116.2341044,49.97852487,49.97851713,4300.471704,4289.203819,100.4886809,-159.0156933,3.6794022,1
4078,32,16,24,0,1,1,1,1,1,1,1,0,1,1,1,259.2909844,208.4102004,227.74335,33.34787949,69.42067929,72.70652362,268.2496672,205.8093551,221.0713756,38.44464428,65.34875233,71.56653749,2.111008732,45.88336945,-47.99448651,-2.324912901,-45.15273946,47.4775476,258.8271757,206.3267174,225.2443866,15.26201769,22.46547625,19.46223672,267.3380588,205.7019697,220.160827,24.08981036,9.95045425,18.9467552,0,-111.2194697,111.5774602,147.5888526,-94.21443707,40.4768096,0.7569171035,-112.8755528,112.981653,-19.73954734,111.5814716,-171.7808561,49.97239468,49.97239629,5505.01214,5446.782399,373.729027,-48.34753051,3.7547634,1
4079,32,16,24,0,1,1,1,1,1,1,1,1,0,1,1,265.4553047,207.9793203,219.1681461,10.13192564,12.62748334,14.51013142,268.4033545,208.7569601,217.9012511,14.31345514,4.392636326,13.34600353,-9.143856664,-1.811412046,10.95496427,9.225799515,1.807143603,-11.03324104,265.4231149,207.9799828,219.1658697,2.111895216,12.35090962,8.792307866,268.3187694,208.752864,217.8452479,10.24284844,3.510953377,6.580390199,0,-113.6628453,110.8268352,91.27983035,-101.4378124,71.9675094,0.2792722319,-114.1496812,111.2105493,-11.89646469,-164.3201082,167.4889523,49.97996382,49.9799398,4012.565423,4008.535358,77.36941023,-174.8139289,3.6488874,1
4080,32,16,24,0,1,1,1,1,1,1,1,1,1,0,1,262.1096559,209.3561285,222.4157962,38.82273447,40.74295169,21.23358516,262.6240369,213.560265,219.5548012,40.09951166,40.7010495,14.47181734,-27.43255999,27.54862262,-0.1160885329,27.57343217,-27.60101119,0.02790624507,262.0303337,209.1740601,222.1160693,7.078987821,11.07259918,16.38638597,261.7983261,212.7345779,219.340429,11.55822912,9.804021432,5.914484841,0,-113.0517143,110.1920227,-84.65805564,-70.6645621,104.3962599,0.8329711916,-113.5561315,109.5002466,37.70905702,-163.3989251,-85.19364151,49.97846546,49.9767715,4258.744129,4429.591999,67.16983665,-113.7282861,3.7130789,1
4081,32,16,24,0,1,1,1,1,1,1,1,1,1,1,0,263.5226353,207.5304548,221.9221003,4.291625393,12.02906201,12.53025802,264.1705473,210.3881467,221.2620653,9.116874404,12.68441239,7.764017194,-1.402408033,9.009260508,-7.607088838,1.386244534,-8.838453022,7.451970415,263.5057736,207.5093172,221.8860945,3.750405608,7.744140881,9.774243676,264.1553956,210.39223,221.2617673,8.879269036,8.898830394,1.142882714,0,-112.8315049,111.1627928,-63.75710115,-79.82323202,106.5279297,0.5066387724,-112.9572593,110.9537905,22.30232471,-141.569927,151.5422115,49.98000306,49.97998301,4006.325408,3996.424388,68.72919154,-194.2774173,3.6598187,1
4082,32,16,24,1,0,1,1,1,1,1,1,1,1,1,1,264.1084171,207.2285837,221.4771334,4.386060921,11.2624153,11.64729795,264.7395085,209.9961134,220.9082557,8.921128796,11.98358711,6.703963148,1.674404414,-8.148310995,6.47362858,-1.669972467,8.00829474,-6.338613881,264.092297,207.2182883,221.4585849,3.729567168,7.595423234,9.519140378,264.7253678,210.0023044,220.9121446,8.620470325,8.759221858,1.296839819,0,-112.9142469,111.3101192,-59.42478042,-81.57079479,106.9044988,0.4800042189,-113.0206941,111.1171031,21.89948363,-140.1594592,143.1007927,49.98005553,49.9800177,3995.952896,3989.349331,69.4599002,-190.3896895,3.7073822,1
4083,32,16,24,1,0,1,1,1,1,0,1,1,1,1,1,264.3414413,204.9836836,223.3304328,8.199995836,37.54908917,31.45111157,265.1068381,206.1962496,224.1560476,8.161935823,37.30472966,31.34551211,5.502831596,-34.59715647,29.09416317,-5.465901375,34.41963887,-28.95389744,264.2114102,204.8391503,223.1257174,4.959846991,7.196666143,5.237727278,264.9771933,206.0084802,223.9553335,4.947735042,6.888212986,5.467048078,0,-111.9601901,112.7354168,0.1880865371,-114.4530291,109.3161824,0.06647375328,-111.798466,112.8666711,-0.4033650217,-109.7726353,115.7586688,49.97856342,49.9785034,4294.590261,4292.434482,99.55801807,-158.0929839,3.6578062,1
4084,32,16,24,1,0,1,1,1,1,1,0,1,1,1,1,293.3242038,319.482863,317.2941933,15.55466886,22.30332369,22.55001846,296.1657393,321.4405184,318.6989419,16.54315838,18.89429524,21.5844166,0.9867050377,-9.521695185,8.535070082,5.450464571,-2.857417358,-2.593245702,201.9590066,245.9841408,265.4085564,3.518015143,9.699345825,5.112912103,203.9284492,248.0239391,266.9835858,6.180568402,7.530550822,7.646926964,0,-109.7413675,93.55786324,53.36201352,-100.4134394,88.01198433,-0.0122634839,-109.7571509,93.76644572,-27.31700501,-122.3530372,97.09577745,49.95066094,49.97243343,8095.352536,7308.941541,231.3507,-209.3448783,3.6203288,1
4085,32,16,24,1,0,1,1,1,1,1,1,0,1,1,1,265.4524894,208.0243723,219.1236561,9.665914174,12.60738562,14.22675416,268.3595501,208.808463,217.8354144,13.96686527,4.409230674,12.97183321,8.934830096,1.830902291,-10.76594384,-9.015512304,-1.829554182,10.8448595,265.4229793,208.0260635,219.1221005,2.019357754,12.32829989,8.851235433,268.2827142,208.8064215,217.7853894,10.20356657,3.524611132,6.537991587,0,-113.6851107,110.7967821,90.75454435,-101.4529227,72.24144358,0.2823435988,-114.1693589,111.173278,-11.41404287,-163.9834302,168.025067,49.9799499,49.97997673,4014.034143,4000.280547,79.67386183,-176.4170519,3.6973559,1
4086,32,16,24,1,0,1,1,1,1,1,1,1,0,1,1,259.1206895,208.3886713,227.8758233,33.77528232,70.47954042,73.73802405,268.1369406,205.6507583,221.0110367,38.83095455,66.37408763,72.56811775,-2.088812054,-46.51694743,48.6055942,2.306642132,45.77333776,-48.08014514,258.6433863,206.2470369,225.3107911,15.37273973,22.77615804,19.65664115,267.2062166,205.5423712,220.0780299,24.17350826,10.2164829,19.07815101,0,-111.1693161,111.5964511,147.2790216,-94.29032615,40.68096228,0.7655455035,-112.8585209,113.0095423,-19.99237068,110.6074465,-171.2910118,49.97209251,49.97206533,5577.305251,5571.161652,385.3414688,-15.12764021,3.7722231,1
4087,32,16,24,1,0,1,1,1,1,1,1,1,1,0,1,263.5225375,207.5220626,221.9229769,4.273476837,12.00712389,12.51899981,264.1771887,210.388873,221.269476,9.137245937,12.70345413,7.776362005,1.379211504,-9.002333661,7.622968988,-1.363299864,8.827852928,-7.464715931,263.5057676,207.500925,221.886973,3.742022695,7.721312997,9.750903656,264.1620437,210.39299,221.2691475,8.905217181,8.935766837,1.155617699,0,-112.8305406,111.1649086,-64.14505316,-79.59804835,106.564331,0.5081907756,-112.9546254,110.9576829,22.25965015,-141.5316638,150.5230851,49.97999791,49.97998631,4005.607387,3997.81539,70.47461569,-196.0995732,3.8428256,1
4088,32,16,24,1,0,1,1,1,1,1,1,1,1,1,0,260.3990482,209.8894451,223.819288,63.87552762,68.20454543,35.03024343,263.9642045,216.7841728,217.4993987,66.06393803,67.82827837,28.66643593,43.67944506,-44.40529629,0.7250412426,-43.8724707,44.44666933,-0.5750239196,260.25392,209.2917159,222.8946877,11.2185549,19.90706078,23.53514531,262.025977,214.7402258,217.0027874,19.19847479,17.02530432,13.31949083,0,-112.7549233,109.891437,-132.071557,-56.58486959,97.77832446,1.459142217,-114.2292762,108.8946083,25.91197527,168.8252153,-91.34321087,49.97345847,49.97274454,5195.83109,5417.93574,178.2431856,82.10961891,4.2293501,1
4089,32,16,24,1,1,0,1,1,1,1,1,1,1,1,1,267.4322078,208.1375928,216.6423429,12.89633846,4.982888407,12.13726515,266.1850317,209.9031323,219.2667839,8.769149908,12.16638272,13.08768575,-7.868000141,-2.340588359,10.20839112,7.747913095,2.328770902,-10.07688385,267.3781938,208.138717,216.6144171,9.629080842,3.883508516,5.937460751,266.1666598,209.9084368,219.2742265,2.341143095,11.76806778,7.87386249,0,-114.5698696,110.6372951,-13.71193597,-157.7599597,159.1690522,-0.08465052057,-113.8317749,110.5024413,73.89207484,-101.546061,75.96384475,49.9800085,49.97996277,4006.176327,3999.748312,88.79337303,-172.5284769,4.3176343,1
4090,32,16,24,1,1,0,1,1,1,0,1,1,1,1,1,267.6421955,204.6472634,219.7414947,40.84918863,69.91512821,76.29490388,259.7170775,210.4496679,228.4329815,35.64795278,73.24496616,76.76785367,-2.504514401,-48.23099645,50.73538296,2.31606071,48.48626877,-50.80245026,266.5600111,204.5256394,218.7976405,24.95380731,10.85495639,19.32350139,259.1450038,207.8791236,225.7840432,16.12098102,23.15723553,19.57610461,0,-113.3627475,112.486373,-21.66287452,110.552425,-172.4157196,-0.6211046523,-111.3038364,111.2310435,145.5027106,-94.13290631,39.1810179,49.97132355,49.97141703,5717.922072,5684.449871,263.2881457,153.0084986,4.8135742,1
4091,32,16,24,1,1,0,1,1,1,1,0,1,1,1,1,267.8535348,207.1190682,217.1741578,14.21320964,4.620459652,13.39899143,266.4711286,208.9460028,219.9324626,10.31564062,12.4411227,14.30976905,-9.623418689,-1.919516916,11.54270167,9.477180981,1.876591558,-11.35401306,267.7334142,207.1006529,217.1036856,9.906427047,3.678235206,6.151627214,266.4147731,208.9374718,219.9213867,2.395098698,12.13671262,8.197594296,0,-114.2590365,111.2412653,-13.99095426,-163.3079645,162.8062779,-0.09572191052,-113.4752139,111.0888377,80.29391402,-101.0373066,74.97283357,49.9799855,49.97993163,4010.164075,4006.463047,88.38471797,-181.1790833,5.4500413,1
4092,32,16,24,1,1,0,1,1,1,1,1,0,1,1,1,325.0702623,231.170092,358.4085602,21.69897786,15.39460559,21.33268008,327.8565737,236.0983141,359.6750911,23.02610253,18.5184864,19.03647023,-12.746247,-0.3944965728,13.14028575,10.06860316,-8.209857371,-1.859222177,286.1424319,158.4763856,253.5176645,2.396867157,5.060081173,3.981676595,289.2574413,161.628826,256.3639276,11.04280462,9.712329628,10.38190483,0,-97.05680033,137.074789,90.6104468,-34.54965106,-168.4100196,0.2973246647,-97.04585227,137.2719434,-12.52774704,-124.790445,118.8027288,49.97438177,49.95441738,5894.295211,8301.376284,-18.44118369,-891.1146281,4.8537896,1
4093,32,16,24,1,1,0,1,1,1,1,1,1,0,1,1,269.9459334,207.8517978,213.6458659,31.9835459,10.70318541,38.8802884,270.7025638,209.2112533,214.385653,31.97110571,10.62763431,38.67928185,-29.27379005,-6.857666159,36.13127918,29.18565752,6.801467839,-35.98730468,269.7381076,207.7108847,213.4601702,4.801247472,7.158486432,5.315758079,270.5073545,209.0586848,214.184144,5.326765396,7.115728379,4.930769951,0,-115.3721583,110.6302103,-3.269140761,-115.3233329,106.8591098,0.09928640567,-115.2223879,110.7363963,2.761773963,-115.829086,114.4065778,49.97840949,49.97840378,4323.923443,4313.595463,170.0744885,-96.31305755,5.2578731,1
4094,32,16,24,1,1,0,1,1,1,1,1,1,1,0,1,272.6043459,203.6326607,216.3401452,78.97994025,35.04725053,75.3905389,266.6709278,214.2386545,214.3228979,78.58880087,41.92209152,72.72762593,-51.70781531,1.397618209,50.31012837,51.35826913,-1.682611981,-49.67573244,270.2858425,203.1513948,213.5978139,19.74441662,15.45189975,20.96336573,265.7361581,213.1644905,214.1254739,21.17184983,27.22103553,13.2053764,0,-114.770788,112.3930132,-83.58276695,19.47067592,142.2275116,1.49074903,-113.9593326,110.5673561,68.25756103,-138.6347044,-14.50282712,49.97087045,49.97077202,5813.557445,5836.613484,474.8391154,49.51231115,6.0023577,1
4095,32,16,24,1,1,0,1,1,1,1,1,1,1,1,0,267.1121746,210.1591229,215.6091796,13.23518295,11.07039836,9.63163666,266.3597959,213.46649,216.3411584,13.21604385,15.17967911,3.772833197,10.68779428,-9.579138326,-1.109147449,-10.8527874,9.723679876,1.128692548,267.0114305,209.9052969,215.4571707,7.141555244,4.357943442,9.396950489,266.1721364,213.0785671,216.1344148,6.834692918,11.07479257,3.120335157,0,-115.2135245,109.5036031,-43.2046975,-82.05917467,126.5840566,0.3595281999,-114.9398472,109.0643023,45.58655188,-127.8000474,45.04412912,49.97975373,49.97996992,4044.547728,4011.577878,90.07737716,-154.2781448,6.3092071,1
4096,32,16,24,1,1,1,0,1,1,1,1,1,1,1,1,267.4170827,208.1454279,216.6338386,12.82469716,4.990880071,12.08545659,266.1852661,209.9117029,219.2645094,8.70508771,12.16032279,13.05511988,7.852186312,2.348731856,-10.20114239,-7.732340514,-2.340786835,10.07290429,267.3640618,208.1466195,216.6067381,9.591796254,3.886682776,5.903336074,266.1669885,209.9170007,219.271934,2.335847202,11.75934855,7.872220377,0,-114.5723559,110.6301986,-13.66984732,-157.6290534,159.1088548,-0.08519498173,-113.8352713,110.4979137,72.97977074,-101.5612708,76.20745839,49.97998754,49.97998568,4008.615752,3996.584171,90.5327055,-174.1710305,4.610966,1
4097,32,16,24,1,1,1,0,1,1,0,1,1,1,1,1,267.8805997,207.110029,217.1999543,14.28235872,4.633539906,13.47458907,266.4763907,208.9361545,219.9429178,10.38831188,12.44007171,14.34223042,9.679156835,1.922979313,-11.6023673,-9.53250331,-1.883640586,11.41589725,267.758703,207.0908654,217.1287522,9.938385411,3.683900488,6.181897704,266.4187105,208.9270383,219.9312697,2.43628908,12.13243515,8.154794702,0,-114.2522069,111.2547839,-14.21354245,-163.2836773,162.4233568,-0.0941490089,-113.4683543,111.0979097,80.95848849,-101.0085917,74.78870779,49.97997316,49.97994055,4014.341939,4003.240704,88.41206074,-181.2505356,3.60708,1
4098,32,16,24,1,1,1,0,1,1,1,0,1,1,1,1,267.6235764,204.6041051,219.7124114,40.97496162,69.95642423,76.39047167,259.6714252,210.4142699,228.4040597,35.78083159,73.29155416,76.85929812,2.537476519,48.24357347,-50.78116835,-2.34781471,-48.50139935,50.84909869,266.5354277,204.4822447,218.763226,24.9945078,10.87894968,19.36955001,259.1009005,207.8423281,225.7511911,16.16628703,23.1876088,19.60891796,0,-113.3619457,112.49402,-21.71142835,110.4105618,-172.4431656,-0.6211797317,-111.300765,111.2337994,145.464043,-94.16532695,39.08407558,49.97129951,49.97126893,5741.037698,5731.178064,270.1331216,164.2851478,3.5783887,1
4099,32,16,24,1,1,1,0,1,1,1,1,0,1,1,1,269.9876589,207.8463456,213.6565549,32.13736098,10.70367238,39.02734691,270.7004927,209.2054928,214.369144,32.09496548,10.62948798,38.80827672,29.39195655,6.855628301,-36.2477457,-29.30278424,-6.801666111,36.1042827,269.775474,207.7036219,213.4672579,4.892901052,7.156844655,5.376719251,270.5044508,209.0509586,214.16599,5.240318972,7.116847852,4.861582888,0,-115.3713199,110.6412868,-3.654584547,-115.3323229,107.6577109,0.1016692327,-115.2216116,110.7384739,3.225419325,-115.8183408,113.6425126,49.9784124,49.97838484,4322.259537,4318.258301,166.0414978,-91.91140985,3.6650084,1
4100,32,16,24,1,1,1,0,1,1,1,1,1,0,1,1,326.8095945,234.2483532,358.7408605,21.79783853,16.25279217,20.90044755,328.8158213,237.997113,360.2803819,21.22088418,17.18309738,17.29074205,11.57760653,2.063145677,-13.63972538,-8.944872807,6.644761401,2.300824698,287.7029731,160.4606446,253.1941963,5.505914158,5.034120428,6.099068038,290.1029022,162.9225077,255.9202392,8.067504643,7.690398283,9.675463005,0,-97.77599264,136.5126482,46.3387516,-60.59039566,-171.6284835,0.05497722237,-97.76393536,136.5298347,-29.70132049,-121.3839449,106.6286147,49.95826078,49.97077125,6845.609359,7357.209647,-100.0228058,-812.0316723,3.4801653,1
4101,32,16,24,1,1,1,0,1,1,1,1,1,1,0,1,268.7524603,210.7496453,214.4764503,14.50317853,12.56112126,9.990733763,268.0148348,214.2076024,215.2260608,14.71896573,16.448393,4.120088079,-11.88685379,10.94955452,0.9360662239,12.10757555,-11.14361653,-0.9651500526,268.4731313,210.0874754,214.1039011,6.99677286,4.536883305,9.585739521,267.7034331,213.4085661,214.7079225,7.098015768,11.23139727,3.055519389,0,-115.6637488,109.4347183,-44.98987536,-78.08612139,126.3976769,0.3863332037,-115.4142464,108.9719705,44.11899727,-130.0876588,40.40370526,49.98020533,49.97936897,4001.013049,4080.149361,74.03033864,-137.2674094,3.5563351,1
4102,32,16,24,1,1,1,0,1,1,1,1,1,1,1,0,271.6116247,204.9354946,216.3322305,67.92846474,28.71430456,65.08017911,266.9483999,214.216933,215.5681342,67.67137706,36.07352525,62.76573822,44.97580963,-0.9212697531,-44.05509579,-44.65721031,1.159969675,43.49684364,269.7877061,204.5713176,214.1956531,16.50617705,12.94146252,17.49697693,266.262467,213.4516646,215.4065752,18.19646167,25.02352313,10.41941088,0,-114.8209746,111.8593837,-82.48482416,19.87646288,143.8221275,1.242086682,-114.0142832,110.4069426,64.31184975,-136.2692369,-4.055068441,49.97208212,49.97496547,5456.653686,4750.580361,364.5272877,-147.2252601,3.5864271,1
4103,32,16,24,1,1,1,1,0,1,1,1,1,1,1,1,263.2523879,210.9326798,219.0180518,9.646467446,12.13720834,4.112176399,265.1843163,210.5086013,219.975051,9.463422839,7.421281468,9.180171614,7.162024912,-5.363977397,-1.798275881,-7.071415739,5.248446719,1.822718259,263.2217008,210.9260515,219.0240638,6.361592137,10.72462422,3.422542505,265.1692949,210.5144068,219.9808747,6.186298724,4.90916564,8.891976639,0,-114.2049109,109.2060496,37.20968532,-129.1570697,55.6257848,-0.1811654678,-114.1047852,109.7771775,-38.79452728,-80.83736867,127.259144,49.98,49.97999334,4005.9154,3995.311397,88.07090566,-176.0861442,3.756337,1
4104,32,16,24,1,1,1,1,0,1,0,1,1,1,1,1,263.1972816,210.9629497,219.0894399,10.24525914,12.61083999,3.827481586,265.1214127,210.4104479,220.1498068,9.800394512,8.044359338,9.424913852,7.506148387,-5.945718832,-1.560650067,-7.411313146,5.828764799,1.582332439,263.1638945,210.9542752,219.0951692,6.709328585,10.88254031,3.222230863,265.1057275,210.4161856,220.1550512,6.12838891,5.06455976,9.195969563,0,-114.1876455,109.203574,37.3576403,-130.8774197,51.26657501,-0.2125361864,-114.0639227,109.7992753,-42.01309044,-77.02858582,126.4998115,49.97995721,49.98000524,4012.245471,3994.472026,87.08446174,-176.9115358,3.7190821,1
4105,32,16,24,1,1,1,1,0,1,1,0,1,1,1,1,260.427641,215.3278654,222.0791316,16.41813371,33.28024206,29.08067496,260.3854325,213.8782072,225.7087037,10.96515713,33.42259473,31.81433935,1.886315676,18.90817399,-20.79478788,-1.735336791,-19.3631012,21.09812076,259.7325722,214.3515733,220.1916182,12.9146287,10.84616148,2.950250135,259.5469321,213.2253861,223.8940296,4.657379513,11.17044802,12.60037467,0,-114.5031829,107.3811065,17.09839902,-163.7740698,-125.0143371,-0.6995763235,-113.6861912,107.8805541,-124.0176399,-67.28633698,96.73483499,49.97824791,49.97825887,4346.987059,4344.079709,85.71915497,-138.7842022,3.6452017,1
4106,32,16,24,1,1,1,1,0,1,1,1,0,1,1,1,266.738787,212.0695506,213.5852868,79.43066496,42.44342584,73.60810118,274.1084154,204.0731021,217.3595148,79.3415766,35.12314384,75.70083104,51.7135404,-1.476083296,-50.23752577,-51.74224286,1.237731693,50.50443699,265.7983239,211.0802194,213.3448205,21.04683929,27.74569881,13.8087606,271.8783758,203.5542687,214.3153943,19.55329354,15.80559797,21.20215018,0,-115.5969638,108.731624,67.06063413,-140.4858143,-14.22944469,-1.331179,-116.0996636,110.8004314,-84.57901933,17.61151673,142.1239427,49.97070119,49.97065918,5851.296042,5843.152096,323.6030252,231.4332552,3.6195245,1
4107,32,16,24,1,1,1,1,0,1,1,1,1,0,1,1,270.1396024,214.196536,212.100425,18.06618619,19.99705657,4.789256011,271.8480349,212.9973584,212.7874248,17.36014462,16.65124264,10.23937431,13.20451776,-12.23749705,-0.9653348246,-12.80490632,11.89191664,0.9146379616,269.2876889,211.9198572,210.5568224,6.924328724,11.1770925,3.270821845,271.3032397,211.2352093,211.5896537,6.331295004,5.209767112,9.590090473,0,-116.8778766,108.1794583,37.95163199,-135.1678825,36.19877124,-0.2111113315,-116.7353388,108.8693488,-42.64890461,-75.53203683,127.1578025,49.97965332,49.97920911,4221.161316,4019.927703,133.0333764,-144.3828634,3.6936556,1
4108,32,16,24,1,1,1,1,0,1,1,1,1,1,0,1,432.3058269,256.896055,208.8069914,24.48399769,27.90693816,17.88848357,434.4962317,261.3257973,215.5386002,21.09092334,27.90991529,21.08466089,18.97291373,-22.15094822,3.175370267,-9.042456777,17.80057462,-8.760478775,325.3988203,219.3379048,137.5436511,7.321927781,6.615843302,5.632857426,330.5042755,224.9119524,141.410592,14.45434343,15.74289416,10.58745293,0,-136.5642996,105.9418251,91.61374195,-53.95440386,-134.9297776,0.07727725644,-136.3262704,106.2406103,-30.46370583,-161.2700874,78.2819067,49.95644482,49.97284572,7164.460368,7030.492681,1220.888744,-136.5564536,3.5905033,1
4109,32,16,24,1,1,1,1,0,1,1,1,1,1,1,0,261.7789652,212.4068375,219.3875891,26.63083346,21.93162542,8.24873611,262.3789336,213.7536974,220.2931859,26.46374323,21.95842039,8.231505472,24.98284548,-19.42405897,-5.558985676,-24.89978047,19.34509995,5.554495283,261.705043,212.3399185,219.3223302,5.137592362,7.14172001,5.261325281,262.3039975,213.6628709,220.2158463,4.689558385,7.461182591,5.24611191,0,-114.4132288,108.3090831,-3.201616172,-117.0647119,108.2396917,0.07079165072,-114.2217148,108.4054325,3.280079199,-112.2527246,108.1015474,49.97920063,49.97918329,4166.178008,4156.845242,114.9684879,-145.1353,3.7631733,1
4110,32,16,24,1,1,1,1,1,0,1,1,1,1,1,1,263.2536412,210.93451,219.0125678,9.669333993,12.1541995,4.110888414,265.1825324,210.5067796,219.9722702,9.47109148,7.43791912,9.179938047,-7.175736748,5.377680821,1.797834819,7.084714026,-5.265477327,-1.819460274,263.2227643,210.9277966,219.0186354,6.374740726,10.73220431,3.419064699,265.167497,210.5125921,219.9780627,6.176567106,4.910042364,8.891032647,0,-114.206734,109.2043362,37.14826657,-129.2008926,55.65647079,-0.1823764461,-114.1062775,109.7751539,-38.89796582,-80.71247262,127.2325837,49.98000154,49.97999114,4005.963104,3995.42079,87.60525242,-175.6253521,3.8491171,1
4111,32,16,24,1,1,1,1,1,0,0,1,1,1,1,1,263.6286233,208.989357,220.3685207,8.983997378,13.14021867,7.595005692,264.558087,208.5768489,222.5924309,4.46270447,11.93551061,12.42356215,1.610793756,-8.893024867,7.282000466,-1.60342878,8.964062078,-7.360867168,263.6136685,208.9937782,220.3709672,8.690860878,9.484606047,0.7757979215,264.5416688,208.5528878,222.5631354,3.841202638,7.650784615,9.797194014,0,-113.4858103,110.4058653,22.45089922,-143.1301949,105.7938609,-0.3528669087,-113.0532587,110.8763466,-61.02823337,-76.07353371,110.7778112,49.97998386,49.97998731,4007.798747,3997.69317,71.74563926,-186.5573048,3.7749094,1
4112,32,16,24,1,1,1,1,1,0,1,0,1,1,1,1,264.037108,215.0511757,216.0635901,66.39573865,68.30392257,29.09075892,261.7624533,210.9500367,224.1250321,63.72389977,67.99916583,35.18032206,-44.13867599,44.79852126,-0.6601777838,43.61919823,-44.33451207,0.7149966312,261.8795955,213.2996055,215.5719296,19.27841238,17.64843339,13.41580883,261.547431,210.3712806,223.1136488,11.14142027,20.22937424,23.51896073,0,-115.5791733,107.3758265,24.16550532,167.3415215,-90.6838696,-1.315596767,-113.7635001,108.6191426,-134.1766839,-57.13140706,97.35837356,49.97280915,49.97319214,5419.665031,5267.814491,368.978824,-49.16826041,3.6788204,1
4113,32,16,24,1,1,1,1,1,0,1,1,0,1,1,1,272.2896454,214.3387929,211.1025797,20.5721783,21.52022256,5.831595262,274.6560218,214.2111596,211.6749683,20.59167501,19.04234463,10.691718,-16.88949712,15.9294605,0.959336377,16.36383093,-15.4659338,-0.8985711323,271.1669298,211.2336949,208.8180567,5.848192635,9.981092803,3.027966741,273.4850853,211.0991435,209.8562859,7.216954588,5.218597295,9.389974479,0,-117.2567938,108.5219774,43.70889951,-130.0804392,38.8094505,-0.1251174168,-117.156673,109.1930853,-34.29739223,-92.92241039,126.1769964,49.97830672,49.98009448,4198.209624,4079.228383,171.1126446,-168.054541,3.7070107,1
4114,32,16,24,1,1,1,1,1,0,1,1,1,0,1,1,266.9176047,212.1844126,214.6802901,69.77329463,37.35012059,64.76665127,273.1975798,205.3476615,217.3263933,69.62794598,29.65798594,66.62005576,-45.82466419,1.0550096,44.76977797,45.86209841,-0.8544491959,-45.00758958,266.197022,211.4489736,214.4894594,18.43633871,25.8488759,11.39138292,271.377153,204.9375296,214.8933554,16.7296693,13.65913503,18.17924209,0,-115.4276146,108.8298574,63.82705632,-138.2666768,-5.067251412,-1.116026537,-115.9250185,110.5664753,-83.4091287,18.22653705,144.025136,49.97429309,49.97194321,4901.170807,5499.045808,144.3619209,128.5779868,3.7461773,1
4115,32,16,24,1,1,1,1,1,0,1,1,1,1,0,1,261.7692684,212.3872128,219.3904315,26.5855254,21.88380757,8.248621079,262.3842323,213.7646165,220.295888,26.44220396,21.93568995,8.229892343,-24.95467573,19.39470531,5.559730976,24.87229076,-19.3196949,-5.552814661,261.6955583,212.3213641,219.3250131,5.075657421,7.103231404,5.262738505,262.3098543,213.6738638,220.2196634,4.752637829,7.494963046,5.24485574,0,-114.4084088,108.3152132,-3.374268578,-116.6451036,108.2475763,0.07608482417,-114.2178582,108.4114308,3.383233073,-112.663282,108.1057723,49.97920478,49.97918149,4165.623557,4156.51442,116.5456976,-146.8947266,3.6934925,1
4116,32,16,24,1,1,1,1,1,0,1,1,1,1,1,0,432.3039307,256.7384851,208.2344474,25.47641235,28.76430782,17.52969001,434.6527991,261.4466183,215.4274677,22.3038866,29.20172664,21.20122949,-20.4568483,24.27918062,-3.823373159,10.54286867,-19.93576132,9.391819259,325.6871646,219.2357389,137.4522479,8.170677801,7.682621784,6.433404129,331.4271882,225.2766048,141.482256,16.08576542,17.47144862,11.44768204,0,-136.5918815,106.0316814,101.8945521,-42.56501525,-131.5304194,0.09601227426,-136.3903679,106.3912043,-29.83022146,-162.6746888,77.77249405,49.95776985,49.971556,7030.846433,7180.015136,1271.879959,-198.2927584,3.576436,1
4264,32,16,48,1,1,1,1,1,1,1,1,1,1,1,1,273.2631252,181.5589256,243.4136102,5.161650744,6.531858647,3.091570482,274.1065224,182.5377529,243.7648916,5.095491258,5.962768061,3.54819136,0.01185390343,0.002519133659,-0.01447741581,-0.01187610859,-0.003084191325,0.01484660929,273.2573772,181.5608239,243.4175532,5.161213234,6.531653743,3.091097022,274.1007676,182.5397132,243.7688388,5.09506668,5.962570929,3.547793422,0,-120.7630041,100.8039437,2.249508792,-124.1649399,93.42420664,0.05419664113,-120.6035463,100.8882689,-2.500832341,-117.4694164,107.1152316,49.98329498,49.98330096,3345.783875,3334.796172,-19.13265939,-221.4947058,3.6846218,1
4265,32,16,48,1,1,1,1,1,1,0,1,1,1,1,1,272.8285133,181.1673599,244.1905553,9.278486367,12.5488256,7.167403693,273.796896,180.4320215,245.7282556,4.616747957,10.81836502,10.63419243,1.681728161,-8.429538054,6.747712964,-1.672336166,8.470530585,-6.798304029,272.8222132,181.1686515,244.1902252,8.980163625,9.100287684,1.492000857,273.7887306,180.4105861,245.7057502,3.986298223,6.457732598,7.951536991,0,-120.5471893,101.0658474,22.51062991,-150.9983972,-49.13301861,-0.351947857,-120.1345301,101.4971091,-60.83814097,-75.4887826,106.4847609,49.98320128,49.98320283,3364.364838,3354.518677,-28.24994967,-228.6411538,3.6994115,1
4266,32,16,48,1,1,1,1,1,1,1,0,1,1,1,1,272.8163028,181.1642718,244.2067988,9.280786322,12.56832563,7.203532815,273.78516,180.4342322,245.7545992,4.617411158,10.84184494,10.66478829,-1.677375074,8.448071268,-6.770827589,1.668267981,-8.490942066,6.822525737,272.8100449,181.1655438,244.2064155,8.983059658,9.104649274,1.501461735,273.7770056,180.4123406,245.7314663,3.988154123,6.464355768,7.960940418,0,-120.5428358,101.0663856,22.52596795,-151.0440303,-49.1555681,-0.3523486684,-120.1282419,101.4979221,-60.88920816,-75.42808429,106.5091487,49.98319188,49.98321175,3364.887459,3354.14996,-27.86353013,-229.1836087,3.7644161,1
4267,32,16,48,1,1,1,1,1,1,1,1,0,1,1,1,273.9972057,181.4150393,242.6181558,7.408313404,10.76197109,10.90867993,276.6311991,182.1400831,241.1973756,11.66524461,4.060536306,9.959995401,6.601127423,1.915913913,-8.517137349,-6.660344681,-1.887827284,8.548078613,273.9892035,181.4153215,242.6211463,2.517950855,10.45442258,6.561788963,276.6042459,182.1380315,241.1797605,9.311968764,3.167878458,4.768484367,0,-120.8625919,100.9886622,60.37166229,-108.9666576,58.30495223,0.1922506872,-121.3073362,101.2182152,-13.63473071,-165.8431137,169.7401243,49.98314461,49.9831631,3375.307056,3362.927696,-18.29594094,-220.5651513,3.7153221,1
4268,32,16,48,1,1,1,1,1,1,1,1,1,0,1,1,273.9899176,181.4116796,242.629657,7.426248268,10.76581618,10.91268518,276.6232552,182.1338385,241.2051361,11.66399454,4.054392763,9.965827935,-6.613381447,-1.913228376,8.526478252,6.672677279,1.883885335,-8.556700729,273.9818668,181.411965,242.6326449,2.532231422,10.45936743,6.55254403,276.5962344,182.1317777,241.1875454,9.299910424,3.163029335,4.758898047,0,-120.8590487,100.9908437,60.18626241,-108.9760522,58.36649224,0.1923495906,-121.304335,101.2204154,-13.70556524,-165.8955708,169.6656021,49.98315741,49.98314971,3372.24996,3366.039498,-19.60686786,-219.2988325,3.6216615,1
4269,32,16,48,1,1,1,1,1,1,1,1,1,1,0,1,273.1600374,181.9977726,243.468346,9.640970768,6.395928657,6.130157475,272.6981207,184.4079439,244.2377115,9.005794226,10.94255297,3.752996283,-6.875899489,5.330424957,1.545371266,6.916878388,-5.388993888,-1.52798412,273.153685,181.9983482,243.4705648,6.666396963,3.288662715,5.781109682,272.6792261,184.3949246,244.2394488,5.660381736,9.435409323,3.157857997,0,-120.8502378,100.4874377,-30.99561483,-103.7121871,128.886914,0.2379090262,-120.4773092,100.2072544,37.17041489,-126.8807073,39.14828034,49.98316904,49.98317489,3370.318158,3360.579744,-30.94596397,-231.9197488,3.7573392,1
4270,32,16,48,1,1,1,1,1,1,1,1,1,1,1,0,273.160173,182.0013355,243.4653835,9.665631751,6.436040503,6.136457808,272.6989502,184.4217962,244.2376246,9.047225549,10.98697607,3.756553617,6.91470316,-5.380266707,-1.534551216,-6.955947439,5.438153594,1.517690686,273.1538178,182.0018857,243.4675901,6.660218987,3.276621794,5.788807021,272.6798144,184.4084482,244.2392608,5.676364324,9.454855479,3.163995767,0,-120.8514787,100.4849857,-31.12206297,-103.3629251,128.9453441,0.2391221744,-120.4781928,100.2038149,37.16819893,-126.9639169,39.00495063,49.98316688,49.98317515,3370.372142,3360.791473,-30.39762906,-232.5174913,3.7182027,1
4271,32,16,48,0,1,1,1,1,1,1,1,1,1,1,1,272.8375376,179.2785371,245.6112456,4.608179751,11.17515173,10.77397982,273.4623053,182.0825395,244.7832313,9.194704247,12.47939432,7.548775327,-1.714281438,8.994648999,-7.280464328,1.691921856,-8.878324711,7.186289876,272.8281847,179.2623639,245.5756918,3.908729927,6.286223392,7.663087102,273.4563163,182.0833546,244.7781445,8.871828152,8.515894467,1.031266895,0,-119.9848209,101.8988613,-59.05074119,-80.58850406,102.8408295,0.4793330341,-120.065573,101.6075719,22.23034678,-148.2793528,-69.70097357,49.98321257,49.9832186,3362.516951,3351.056109,-29.35409905,-232.6577704,3.6601129,1
4272,32,16,48,0,1,1,1,1,1,0,1,1,1,1,1,320.4697871,277.5428738,352.7089376,14.8203283,20.7734989,19.79328574,321.9162441,278.937136,353.2540623,14.42918023,17.62188144,18.92313278,-3.115564138,10.9515387,-7.840693789,-3.850086436,-0.1878997673,4.033517029,224.9392403,209.0710353,296.1816443,4.487618561,6.948012279,4.048177065,225.9913253,210.9616539,297.2871153,4.36159365,8.50386278,5.94400262,0,-113.6676099,85.58745734,17.0892432,-90.01194825,131.0710869,-0.02700175588,-113.7093709,85.54629559,-17.86083006,-133.2194649,56.39685951,49.95777777,49.97829431,6530.457025,6264.668039,-407.598782,-752.4443021,3.5759145,1
4273,32,16,48,0,1,1,1,1,1,1,0,1,1,1,1,272.6294831,176.2896541,247.6629659,8.503694688,43.17140295,36.89096096,273.4183378,177.4242146,247.9764354,8.429719032,42.95405378,36.81056164,-5.447234417,39.85889927,-34.41199741,5.380646473,-39.6987532,34.31784697,272.4546735,176.0511618,247.3688889,5.12402827,6.197071188,3.256755599,273.2441982,177.0792789,247.737254,5.092736581,5.911006039,3.465380382,0,-119.1913384,103.5682104,0.2451531846,-121.9004744,98.600771,0.06681991896,-119.0250396,103.6334735,-0.4615628864,-116.7661259,108.1041702,49.9812098,49.98121129,3764.216355,3752.875137,33.82917607,-166.7387933,3.6985995,1
4274,32,16,48,0,1,1,1,1,1,1,1,0,1,1,1,268.0830334,180.2371774,252.0682881,31.42327004,66.75831258,70.03866611,276.7262002,177.9667636,245.0690879,36.42111237,63.51516381,69.25315287,1.756703511,44.49520587,-46.25187474,-2.025797963,-43.91533096,45.941102,267.6611758,178.2329662,249.5547748,14.30862965,20.2836053,17.95913791,275.9895756,177.8139831,244.1214821,22.99832156,9.684510493,17.22190617,0,-118.3791478,101.9699719,140.1402081,-99.39638107,29.27191714,0.5452431746,-120.1852655,103.0215717,-23.41423974,105.9810083,-172.536718,49.97605388,49.9764674,4767.721317,4583.25977,255.4873766,-122.44505,3.7018812,1
4275,32,16,48,0,1,1,1,1,1,1,1,1,0,1,1,274.2125531,179.7658839,243.6079123,10.89611111,11.15698947,13.55935481,277.1633937,180.4157179,242.118907,14.44308709,3.827578499,12.93670223,-9.77835835,-1.37428217,11.15214199,9.863050545,1.375526456,-11.23905264,274.1049288,179.6942312,243.5652236,2.803674299,10.88261831,6.779254486,276.9735315,180.3096924,242.0001826,9.776705823,2.925691046,5.261965758,0,-120.4485988,101.9267238,71.39042985,-108.3302471,55.52716974,0.1920480784,-120.9593774,102.2012887,-15.80404777,-174.6434806,170.7528076,49.98333239,49.98290758,3342.273237,3411.50159,-22.11779296,-209.8540608,3.703977,1
4276,32,16,48,0,1,1,1,1,1,1,1,1,1,0,1,270.3255433,181.731319,247.7240071,57.05001857,61.21938465,30.73574324,273.5267062,188.1185544,242.2521607,59.25039998,61.07362018,26.78212146,-39.39217731,40.62206306,-1.229658996,39.55667992,-40.69652579,1.140054286,270.2212372,181.2449715,246.935989,9.005122854,16.70074986,19.53603321,272.047876,186.1487516,241.7852652,17.40690792,14.55993814,13.00411764,0,-119.6327076,100.4656337,-130.5658522,-62.54506816,91.48041016,1.222975227,-121.0090077,99.5140744,23.32277608,164.2193426,-92.8357625,49.97778031,49.9775137,4367.510001,4444.907907,37.92389569,-30.75591548,3.7372924,1
4277,32,16,48,0,1,1,1,1,1,1,1,1,1,1,0,272.7225722,179.320974,245.7423724,4.581473186,11.3866468,11.02728656,273.3523371,182.1444916,244.8861431,9.24600304,12.66856526,7.838306637,-1.643790955,9.210783697,-7.567077155,1.618187774,-9.087552087,7.469255498,272.7130057,179.3023773,245.7020972,3.910784375,6.330298012,7.733473646,273.3460976,182.1450846,244.8802475,8.939889813,8.556265288,1.09709766,0,-119.9561684,101.8673905,-60.12005053,-80.03383816,102.7569142,0.4857175933,-120.043506,101.5717391,22.32277456,-148.6609699,-70.53982701,49.98320989,49.98320392,3363.269941,3353.76494,-30.43599352,-233.8031287,3.9020119,1
4278,32,16,48,1,0,1,1,1,1,1,1,1,1,1,1,272.8390715,179.2866276,245.6081634,4.614050584,11.146339,10.74184844,273.4626943,182.0814492,244.7767523,9.186547874,12.4582268,7.508892061,1.723919173,-8.959859855,7.235733879,-1.701236831,8.842251209,-7.141222901,272.8296009,179.2704413,245.5727793,3.908517854,6.284354403,7.657535367,273.4566592,182.0823013,244.7717651,8.860367397,8.520970545,1.028026498,0,-119.9859274,101.8977319,-58.87999792,-80.54967223,102.9569651,0.4779330153,-120.0680192,101.6065673,22.21679247,-148.2796468,-68.79792631,49.98323227,49.98320061,3359.774294,3353.669826,-30.16181015,-231.7865462,3.8022769,1
4279,32,16,48,1,0,1,1,1,1,0,1,1,1,1,1,272.6290561,176.2938834,247.6739905,8.497584482,43.19378922,36.91164822,273.4154072,177.4125947,247.9753231,8.423468162,42.98208094,36.83004555,5.453224203,-39.88137541,34.42772878,-5.386534794,39.71768583,-34.33151666,272.4544521,176.0561162,247.379072,5.124282401,6.176837051,3.260036051,273.2431035,177.0699229,247.7348675,5.092487093,5.928426167,3.456496064,0,-119.1895431,103.5700398,0.2670625176,-121.6089642,99.2624076,0.06571941237,-119.0266052,103.6352956,-0.484503868,-117.0838508,107.5010559,49.98120902,49.98119736,3760.106074,3755.867435,32.98194572,-166.1749592,3.7183521,1
4280,32,16,48,1,0,1,1,1,1,1,0,1,1,1,1,320.2401133,277.5388145,352.8665084,16.40351154,21.24715082,21.48527961,321.6611677,279.0804149,353.4037452,16.15986535,19.20969323,20.96529086,2.995273883,-6.898247214,3.904117246,3.942380136,-3.817641,-0.12372394,225.096047,209.8176381,297.0507884,4.360418687,8.598155724,4.170961414,226.1399493,211.0268201,297.5979852,4.432487172,5.822364977,3.955955426,0,-113.7301665,85.33590882,16.14647319,-113.7877611,77.38267228,-0.01950181781,-113.6789183,85.39840018,-16.12894804,-114.2402182,93.57893962,49.95511137,49.98084856,6860.078774,5945.838587,-476.0031037,-677.2123791,3.6713845,1
4281,32,16,48,1,0,1,1,1,1,1,1,0,1,1,1,274.0727099,180.3846613,243.2314704,9.656722242,11.07557648,12.67740298,276.9193191,181.0194197,241.697946,13.501052,3.686780307,11.88428698,8.815095811,1.43282286,-10.24798679,-8.884163662,-1.428967303,10.31306453,274.0488517,180.376294,243.2199309,2.621548776,10.8601828,6.912215761,276.8530563,181.0067176,241.6390872,9.726942193,2.966396972,5.210791115,0,-120.6041204,101.554095,70.13086684,-108.4638223,56.12935055,0.1941285192,-121.1080446,101.8133432,-14.71808818,-173.6964155,172.3369802,49.98311176,49.98315628,3382.19502,3364.24562,-14.72311209,-220.0390964,3.8242476,1
4282,32,16,48,1,0,1,1,1,1,1,1,1,0,1,1,267.7090211,180.2122038,252.3935773,32.52637253,69.12010117,72.43242187,276.5331752,177.6473265,244.9777078,37.43264915,65.80836768,71.61579949,-1.765114962,-45.92626056,47.69140238,2.045525612,45.32578951,-47.3712851,267.2472526,178.0678147,249.7272596,14.67901437,20.96701949,18.44822179,275.7483522,177.4879189,243.9653185,23.29661857,10.26582045,17.65355555,0,-118.271873,101.9918398,139.524967,-99.65721465,29.50061368,0.5640882771,-120.161521,103.0676255,-24.05182887,103.7478518,-171.728136,49.97560138,49.97564203,4869.495678,4849.841998,276.2330581,-61.9777378,3.7908831,1
4283,32,16,48,1,0,1,1,1,1,1,1,1,1,0,1,272.7155294,179.3369626,245.754201,4.582980965,11.37199882,11.00869807,273.3454086,182.1499416,244.8897329,9.234574392,12.68149754,7.823874666,1.65675918,-9.173572047,7.51636455,-1.630516345,9.048220282,-7.418152501,272.7057791,179.3177539,245.7134301,3.906909425,6.324076829,7.720684244,273.3390862,182.1505243,244.8838405,8.925775538,8.591276533,1.090735796,0,-119.9534417,101.8673373,-59.90742046,-79.71951456,103.1123054,0.4844587329,-120.0437578,101.5713852,22.28588998,-148.7013371,-67.96125631,49.98322919,49.98318294,3358.194227,3359.611051,-32.26470859,-231.8958592,3.8501217,1
4284,32,16,48,1,0,1,1,1,1,1,1,1,1,1,0,270.3847432,181.7055862,247.6025056,56.84480299,60.54539114,29.78873848,273.7094945,188.2058687,242.2125569,59.10014019,60.51409292,25.80916237,39.18319467,-39.96820939,0.783348454,-39.34449829,40.04153928,-0.6987094157,270.282524,181.2253253,246.8326707,9.059958882,16.77925235,19.08836806,272.2564686,186.2599727,241.7713416,17.61227292,15.12168397,12.53455421,0,-119.6486626,100.5080455,-132.8077265,-60.15654454,92.5704001,1.225111779,-121.0321935,99.56759524,22.35255473,165.8546249,-91.35959317,49.9781912,49.97730235,4255.817914,4507.964802,27.92716678,-29.87406308,3.8130808,1
4285,32,16,48,1,1,0,1,1,1,1,1,1,1,1,1,275.6446353,181.041826,240.8404144,11.46120367,4.349252051,9.734445463,274.6154656,182.5551275,242.8529709,7.388543453,10.60050476,10.56731154,-6.476367378,-2.042587735,8.518860424,6.392223214,2.0594757,-8.451823076,275.6201707,181.0397728,240.819579,9.12427056,3.437421236,4.337708809,274.6084646,182.554632,242.8552296,2.77518076,10.26219969,6.072581534,0,-121.453614,101.2515312,-15.01564051,-165.8298595,165.3295977,-0.02869784555,-120.7059617,101.1277256,57.2344647,-107.9330165,61.12307266,49.98316836,49.98314793,3371.119458,3365.536911,-9.94005064,-212.9432158,3.7756634,1
4286,32,16,48,1,1,0,1,1,1,0,1,1,1,1,1,275.1536155,177.1670107,244.0371606,39.06582504,68.86471522,74.66043017,267.5079591,182.6658217,252.2116919,33.98951824,71.60140617,75.12491183,-2.032208447,-47.43748305,49.46973497,1.857966906,47.68496628,-49.54290339,274.3175685,177.0232556,243.1386517,24.06692021,11.01089528,17.9304527,267.0459143,179.8525165,249.7937463,15.40397209,21.448903,18.62825722,0,-120.606604,102.9026091,-25.09560127,104.2556143,-171.973435,-0.4349949687,-118.3260079,101.8831706,138.8538254,-99.09554628,28.88536845,49.97502531,49.9751206,4944.972646,4940.856136,172.0012025,108.1575048,3.7790247,1
4287,32,16,48,1,1,0,1,1,1,1,0,1,1,1,1,275.8970667,179.2047087,241.7529915,14.78651264,3.8089278,13.33609456,274.7195478,180.8103659,243.9099419,11.74204211,11.0743138,14.02077221,-9.58039501,-1.400547175,10.98092586,9.454386124,1.392236917,-10.8465907,275.6698336,179.08044,241.5997891,9.215142619,3.03622454,4.587595104,274.5945436,180.7235644,243.8648706,2.867861103,10.83771897,6.572904385,0,-121.0682855,102.2433865,-15.78190589,-175.8439396,171.8132516,-0.0316805848,-120.2466392,102.1151147,59.67725778,-107.8336043,61.2527613,49.98321135,49.98297722,3369.984924,3391.420235,8.162052935,-218.8479734,3.766523,1
4288,32,16,48,1,1,0,1,1,1,1,1,0,1,1,1,312.6445647,191.2170293,416.7888077,23.71265957,17.55679402,19.87346616,312.3280719,190.4714024,416.7927402,23.42717295,16.91899079,20.54078413,4.030912678,-5.322447665,1.291239554,-5.269110533,-1.158033739,6.427005948,278.9002637,127.3950682,289.5709833,6.950302884,6.482920196,5.701003384,278.6341567,127.0085733,288.7227964,4.208556828,4.070694695,4.087243197,0,-105.3121166,127.3113893,-15.9167977,-131.5970983,96.98120011,0.1435030275,-104.9677391,127.4680826,26.66554075,-61.07897906,171.9571147,49.98228384,49.96177258,5084.067117,6106.409976,-173.3190224,-309.6757399,3.6840901,1
4289,32,16,48,1,1,0,1,1,1,1,1,1,0,1,1,277.6833343,181.3006071,237.8508893,26.39383552,9.3151885,32.08067284,278.478108,182.4933345,238.1271778,26.41009952,9.289828352,31.98098605,-24.19357074,-5.987100949,30.18065058,24.14252628,5.974467591,-30.11702119,277.5710159,181.1840971,237.7311384,5.021774788,6.232967495,3.397867982,278.3606234,182.3592974,238.0160334,5.393503842,6.21814468,3.055017934,0,-122.1175854,101.3587677,-2.342464697,-122.2045636,97.53571961,0.09173836777,-121.965243,101.4011913,1.989081797,-122.4361086,105.4486875,49.98202728,49.98200015,3600.598417,3594.363614,52.49704182,-153.1515366,3.7675727,1
4290,32,16,48,1,1,0,1,1,1,1,1,1,1,0,1,279.4125317,177.4195886,240.2480656,72.54769115,30.80971969,69.82036506,274.7546766,186.869375,238.6885929,72.47444357,37.1234906,68.31970518,-47.32509812,0.5361203392,46.78905341,47.06550864,-0.6422791138,-46.42316378,277.7048846,176.9434771,237.724347,17.55181764,13.96418453,17.58467581,274.1114666,185.8513332,238.4609988,19.67768981,24.57999778,13.09426074,0,-121.7901183,102.899752,-85.37102386,17.22896059,140.0336145,1.379819722,-120.8227032,101.3753448,63.03186032,-143.5116025,-22.40046422,49.9752589,49.97535359,4933.099196,4895.914149,329.132581,-26.57133817,3.7812181,1
4291,32,16,48,1,1,0,1,1,1,1,1,1,1,1,0,274.1086012,182.2906237,242.140003,11.05606343,8.178776649,6.463801165,273.5003048,184.9028911,242.9046392,10.53102229,12.4784468,3.650371491,8.416468953,-7.399677146,-1.0169004,-8.491380523,7.479322753,1.011950952,274.0962036,182.2810517,242.1380948,6.962414391,3.029259931,6.269188831,273.4598789,184.85942,242.9028889,5.996408014,9.836980769,3.293935232,0,-121.2153335,100.4120243,-34.54910111,-98.10024444,129.83765,0.268135241,-120.8259859,100.0776186,41.03305464,-128.2761573,29.9908191,49.98309464,49.98310707,3385.615859,3373.853556,-28.08044417,-224.5342611,3.7948075,1
4292,32,16,48,1,1,1,0,1,1,1,1,1,1,1,1,275.6388806,181.0463566,240.8373845,11.44378389,4.346331815,9.729492711,274.6150254,182.5589698,242.8528879,7.387814729,10.6023676,10.56683733,6.491093626,2.040148235,-8.531377775,-6.406602281,-2.058618675,8.465085417,275.6145546,181.0443495,240.8166992,9.105516904,3.434722782,4.321077787,274.6080306,182.5584333,242.855139,2.783609914,10.2643053,6.06778004,0,-121.4541503,101.2484482,-15.03403123,-165.8383869,165.317265,-0.02930822958,-120.7067756,101.1257068,56.88760513,-107.9453618,61.27053736,49.98315725,49.98315954,3373.591658,3363.140133,-8.461900511,-214.4165399,3.8493512,1
4293,32,16,48,1,1,1,0,1,1,0,1,1,1,1,1,276.189676,179.0122267,242.0676447,15.62804859,4.004996166,14.16773469,274.8951932,180.5811642,244.0785597,12.6201267,11.0206127,14.67940128,9.791176731,1.505946508,-11.29728648,-9.659285643,-1.49234048,11.15144462,275.8468961,178.8016785,241.8547894,9.395062009,3.096016333,4.71586481,274.6932578,180.431644,244.0090873,2.915103957,10.72766377,6.418319944,0,-120.995193,102.440027,-16.30172377,-174.3849405,169.3409379,-0.01720891362,-120.1793272,102.2944422,63.42692205,-107.5979656,59.76046564,49.98329147,49.98283915,3375.048913,3397.302014,-2.179203823,-205.7406867,3.7379057,1
4294,32,16,48,1,1,1,0,1,1,1,0,1,1,1,1,275.114907,177.0638772,244.0003111,39.61403623,69.29740971,75.26671276,267.3485405,182.6331678,252.2197692,34.54988226,72.04673215,75.72158476,2.107190624,47.68806933,-49.79554906,-1.929484423,-47.93959862,49.86879662,274.2407153,176.9250434,243.0901941,24.31565806,11.13993228,18.16843356,266.8577713,179.7855845,249.7854537,15.66704874,21.59600401,18.82572365,0,-120.6001466,102.9298553,-25.27687607,103.8132619,-172.1763532,-0.4370409456,-118.3018133,101.8887342,138.8461008,-99.15673862,28.44432492,49.97484063,49.97479327,5022.915927,5024.204752,184.3984095,134.1596114,3.7276947,1
4295,32,16,48,1,1,1,0,1,1,1,1,0,1,1,1,277.6995137,181.2963505,237.8589852,26.39403382,9.315802685,32.07607891,278.4743715,182.4878067,238.1239649,26.39373895,9.289283299,31.96992397,24.17909577,5.987141434,-30.16632588,-24.1279575,-5.974854048,30.10273749,277.5864774,181.1804085,237.7389046,5.064546909,6.233493753,3.427356773,278.3571278,182.3538694,238.0127589,5.353006489,6.217316324,3.021186095,0,-122.1163309,101.3659356,-2.593061975,-122.2092869,98.16285652,0.0928832005,-121.9642588,101.404278,2.260351246,-122.4291405,104.8326111,49.98200918,49.98202196,3599.984083,3593.713898,50.78267212,-151.3230925,3.6984529,1
4296,32,16,48,1,1,1,0,1,1,1,1,1,0,1,1,308.3855621,184.7643129,414.415296,24.88011751,17.64416202,21.85906618,311.9154299,189.5466734,416.0824144,27.43650443,20.62850586,22.87554591,7.753421835,-1.555835003,-6.197930177,-6.421409008,7.851148383,-1.429451444,274.9549778,123.1644598,288.777752,3.174374332,3.537241502,1.819923392,278.698381,126.2554844,291.829086,13.24352479,9.026548004,9.664098783,0,-104.3019042,128.1948345,152.8149422,-17.60273791,-51.13115228,0.2927213782,-104.0323169,128.4966001,-6.288693878,-127.3972232,128.3492801,49.98674281,49.95701193,4038.574881,7165.056194,153.9268947,-613.4135748,3.708034,1
4297,32,16,48,1,1,1,0,1,1,1,1,1,1,0,1,274.5517962,182.5627935,241.8181801,12.08330429,9.630771963,6.64523175,273.9392699,185.2395728,242.5467974,11.59610629,13.44823991,3.637117792,-8.89188765,8.001654622,0.887967969,8.983730623,-8.103809124,-0.8820961732,274.5302815,182.5220521,241.8036049,7.023576307,3.148805042,6.473563365,273.8730554,185.1394329,242.5279769,6.00842161,9.798621461,3.313145379,0,-121.3298048,100.3958306,-34.67308416,-96.57229588,129.6392106,0.274078528,-120.9565742,100.0414301,41.53604685,-129.1873453,26.27219692,49.98305831,49.98305302,3404.175687,3381.981957,-39.15633291,-207.1608216,3.7997123,1
4298,32,16,48,1,1,1,0,1,1,1,1,1,1,1,0,278.3089677,178.8371942,240.2477657,57.44946233,22.56883918,55.60078974,275.0411537,186.4140387,240.1395077,57.45839907,29.38620024,54.39390328,37.97327951,-0.06859742053,-37.9032775,-37.7478729,0.1463289583,37.60315479,277.1535712,178.5234113,238.5566639,13.33620516,10.19463896,13.33756585,274.6509496,185.8130097,239.9830898,15.4683874,21.15511875,9.50370103,0,-121.7747484,102.1835166,-80.37256826,17.51468155,143.1587141,1.014821492,-120.8586272,101.0863933,58.39050744,-139.9616834,-10.01510749,49.97703489,49.9798476,4464.658211,3849.507336,199.604052,-209.7711568,3.7024767,1
4299,32,16,48,1,1,1,1,0,1,1,1,1,1,1,1,272.3283866,183.0208439,243.7301733,8.23615321,10.5175547,3.666719259,274.2245239,182.7919795,243.7867602,8.55033977,5.697343018,6.321046676,5.775951745,-4.416729245,-1.359315271,-5.701528912,4.32700559,1.374431147,272.3122394,183.0151517,243.7325771,5.819088066,9.495520615,3.228782291,274.2179131,182.7933517,243.7888523,6.323914687,3.577278326,6.07535585,0,-120.8015124,100.0275066,34.03490235,-130.8510651,33.61376129,-0.1096500502,-120.8046178,100.4192258,-31.27374768,-94.35307999,129.2300236,49.98319665,49.98318971,3366.083848,3356.587063,-29.66665493,-233.0653077,3.8260698,1
4300,32,16,48,1,1,1,1,0,1,0,1,1,1,1,1,272.7976497,185.9245902,241.7185841,49.95339187,51.26578395,21.36221721,272.0908248,182.8978164,246.7774673,47.58741896,50.80161171,25.35600904,33.67833544,-34.40428458,0.7260449562,-33.27295704,34.02035436,-0.7471514244,271.5548044,184.741019,241.3922472,15.04596786,12.76324455,10.50750985,271.9528061,182.6013729,246.2365829,7.348360012,14.00666352,17.04569145,0,-121.6179652,98.86198209,25.31113813,171.3855158,-88.40591798,-0.905191458,-120.2661617,99.8243776,-117.6506715,-64.5553812,94.51547454,49.9788725,49.97984721,4147.727841,3908.970266,109.8858185,-202.2693857,3.8257851,1
4301,32,16,48,1,1,1,1,0,1,1,0,1,1,1,1,272.6752103,181.5564739,244.3552761,9.571042766,14.51960171,10.17411621,273.5380885,180.7708578,246.0196937,4.374541033,12.99021233,12.95112437,-1.44876565,8.74254234,-7.293789193,1.454062585,-8.810772738,7.356681345,272.6677838,181.5551884,244.3494769,9.332188515,9.37782705,1.603438558,273.5284796,180.7155883,245.9582596,3.822503324,6.6990547,8.090264499,0,-120.562362,100.8684458,21.66815871,-152.802494,-52.26261195,-0.3742305049,-120.1122755,101.30525,-65.93151838,-72.75688967,106.0765528,49.98288432,49.98331648,3429.000294,3342.193829,-24.65566326,-237.1945292,3.8634823,1
4302,32,16,48,1,1,1,1,0,1,1,1,0,1,1,1,275.1711677,184.9595442,238.2773503,70.71102329,36.12144143,66.69628221,281.3249847,178.1619302,240.3242212,70.43258594,29.41985664,67.91535324,45.66386056,-0.3853421966,-45.2784614,-45.69333917,0.2341692738,45.45923644,274.5268392,184.1459959,238.0561884,19.03568291,24.36324156,13.11861219,279.6312095,177.6839295,237.914677,16.94497132,13.59088772,17.40629276,0,-122.0413376,99.7667729,61.98378706,-144.7176732,-21.81417824,-1.176888585,-122.672219,101.3599275,-85.18421546,15.07535475,139.9389993,49.97585935,49.9755999,4788.44458,4855.750406,151.8404256,96.45816698,3.878318,1
4303,32,16,48,1,1,1,1,0,1,1,1,1,0,1,1,279.1643927,187.0713717,236.3621847,19.03707655,20.10206673,5.147324801,281.1488122,186.6062981,236.242107,18.77485707,17.43474931,7.783470061,15.24663619,-14.70901104,-0.5391012237,-14.82094768,14.2955905,0.5239831626,278.5251295,184.9814267,235.0852336,6.21708886,9.721056532,3.255389353,280.4774147,184.5631689,235.2428539,6.413093258,3.835875616,6.66505628,0,-123.1250536,99.64116859,34.52978074,-136.0143876,18.9461717,-0.1413947795,-123.0911202,100.1133546,-33.63936588,-89.83861486,128.5387014,49.98147328,49.98354706,3626.644308,3330.074307,35.59640217,-237.0530864,3.8437081,1
4304,32,16,48,1,1,1,1,0,1,1,1,1,1,0,1,428.2452434,247.0994886,230.522165,27.79188659,33.84783539,24.75848489,429.3554298,248.7804946,233.470346,24.11932079,31.43893219,25.18547844,10.2022314,-11.20576197,1.007612244,-0.9755591851,5.618052512,-4.638902232,333.8494556,204.9564494,150.8486273,9.967559872,7.878393768,3.125828311,335.4237815,206.7841911,152.8597744,5.470269042,6.294186625,5.640993592,0,-142.0891508,99.43892854,24.79831189,-137.1222565,-158.8604241,-0.1688708748,-141.9212515,99.4642337,-50.43693298,-148.7263451,66.54421389,49.94930274,49.98510421,7098.801752,6059.648427,1049.732801,589.2296991,3.6081544,1
4305,32,16,48,1,1,1,1,0,1,1,1,1,1,1,0,270.7110852,184.2540178,245.1914634,25.18434591,21.01069828,6.099625435,271.38174,185.4488447,245.6072549,25.05573234,21.00988909,6.098046577,23.58484823,-19.19433499,-4.390567421,-23.50915211,19.11620987,4.392897382,270.660848,184.186106,245.1297998,5.20659861,6.205138851,3.322372095,271.3324132,185.3491405,245.541365,4.950699298,6.458313897,3.316681582,0,-120.6295293,99.17273404,-2.520470329,-122.8247291,99.12286545,0.07437409083,-120.4431284,99.2127501,2.432183597,-118.9005872,99.07040494,49.98245955,49.98245116,3512.839806,3505.121234,-29.13204025,-231.239697,3.708848,1
4306,32,16,48,1,1,1,1,1,0,1,1,1,1,1,1,272.3384094,183.0257477,243.7220479,8.249080721,10.52801141,3.66964683,274.231894,182.7936773,243.7758871,8.554936835,5.705364163,6.319120602,-5.790200191,4.429538843,1.360559545,5.715705391,-4.340823568,-1.37497964,272.3222167,183.0200096,243.7244506,5.822624148,9.50161233,3.232664452,274.2252995,182.7950612,243.7779347,6.316854088,3.576184189,6.073623761,0,-120.8043358,100.0268835,33.97119166,-130.889928,33.64692553,-0.1095644932,-120.8072687,100.4186221,-31.27671767,-94.22304385,129.2687133,49.98319274,49.98319303,3366.501661,3356.21965,-30.01035892,-232.6470032,3.736169,1
4307,32,16,48,1,1,1,1,1,0,0,1,1,1,1,1,272.7810738,181.1850599,244.2393999,9.294708664,12.62645348,7.298764515,273.7455673,180.4474216,245.7884946,4.604858797,10.92107157,10.74019845,1.655949253,-8.528185916,6.872128551,-1.647661858,8.571471993,-6.923920044,272.7747862,181.1862916,244.2390143,9.001321504,9.103198593,1.506957679,273.7374855,180.4248352,245.7643347,3.981962022,6.480707442,7.975081255,0,-120.5370597,101.0525569,22.50321789,-151.1365712,-49.94182427,-0.3535891395,-120.1213207,101.4848113,-61.16185959,-75.40763474,106.3779754,49.98319739,49.98320074,3364.563757,3355.534309,-28.55754439,-229.1125198,3.7352419,1
4308,32,16,48,1,1,1,1,1,0,1,0,1,1,1,1,273.5127412,187.1044864,240.877808,58.70604129,60.2471209,25.80219984,271.6080261,183.0820375,246.9833051,55.9878531,59.70412802,29.69499135,-39.01290653,39.70131968,-0.6889441151,38.5549806,-39.26975894,0.7142880221,271.8809367,185.5244404,240.4522513,17.77048516,15.69870982,12.65641724,271.4466989,182.6410565,246.2129646,9.118544046,17.05045583,19.15374252,0,-121.961247,98.50124651,21.2387777,165.0541866,-90.6048079,-1.094572091,-120.2493787,99.56464677,-134.2901817,-60.10243553,92.62794351,49.97747044,49.97806918,4488.019543,4300.664447,186.3692917,-148.1239143,3.7107084,1
4309,32,16,48,1,1,1,1,1,0,1,1,0,1,1,1,273.7209662,183.4524525,240.9881786,13.56652793,15.17788614,3.803216783,276.1449283,183.1329868,241.0495696,14.29068542,12.06290251,7.262402342,-9.721198322,9.294271763,0.4242798758,9.526968589,-9.097958897,-0.4316847123,273.5975396,183.2543286,240.9171476,5.819662411,9.520606648,3.500596037,276.0886195,183.0121882,240.9937124,7.656920798,3.385944098,7.106074544,0,-121.4434547,99.95696872,47.28565547,-129.4730823,15.38098252,-0.1180704915,-121.4995405,100.4638386,-34.17408831,-99.54045512,129.4168982,49.98374646,49.98206453,3295.663491,3564.798361,7.37615007,-234.442343,3.7463753,1
4310,32,16,48,1,1,1,1,1,0,1,1,1,0,1,1,275.3491001,184.978231,238.8770446,65.38168709,33.62531366,61.55310589,280.8741388,178.7737548,240.3831535,65.04950972,26.7494337,62.67653906,-42.47908833,0.3780862138,42.10144397,42.51171202,-0.2409387431,-42.27020121,274.8015389,184.2959382,238.6854514,17.61405067,23.38290109,11.65872913,279.3943146,178.3587696,238.2880419,15.32391593,12.51081436,15.70847509,0,-121.9699083,99.7820487,59.5343497,-143.6226942,-17.25842439,-1.05788761,-122.5817262,101.2010053,-84.62234616,15.30623737,141.3846682,49.97750141,49.97643,4359.753124,4649.889816,63.1761081,48.80085445,3.6904527,1
4311,32,16,48,1,1,1,1,1,0,1,1,1,1,0,1,270.712737,184.2494044,245.1905809,25.15234171,20.97984599,6.098943169,271.3841406,185.4417626,245.6051773,25.02365954,20.97875173,6.097429122,-23.55680129,19.16595939,4.390786061,23.48149912,-19.08889467,-4.392660282,270.6630252,184.1820401,245.1295331,5.20723733,6.206080873,3.3223592,271.3347674,185.3421365,245.5395551,4.950089141,6.457054466,3.316669107,0,-120.6289989,99.17545585,-2.513060761,-122.8284333,99.11960436,0.07399087144,-120.4430935,99.2155952,2.424728829,-118.8957076,99.07921575,49.98246059,49.9824508,3512.859974,3504.831866,-29.27591725,-231.1456645,3.677929,1
4312,32,16,48,1,1,1,1,1,0,1,1,1,1,1,0,428.8343678,247.5287854,235.1976592,23.74850682,27.79855899,19.4655118,430.6913161,250.9132079,240.3778237,20.61555231,27.37666469,21.30120007,-16.7012727,20.43545633,-3.748042208,7.268383179,-14.77104908,7.488323214,329.8660163,203.9121438,153.9541785,6.539760406,5.167894018,6.136450961,334.2401065,208.7226262,157.0042155,12.65479544,14.78479204,9.343233093,0,-141.3239235,98.88415515,76.88230992,-53.84117147,-132.536747,0.05647029328,-141.0243637,99.14857,-30.28461115,-161.8283401,68.03685351,49.95874784,49.97618392,6903.189676,6180.530107,1340.636636,270.9346882,3.6096121,1
4460,16,16,32,1,1,1,1,1,1,1,1,1,1,1,1,231.1448137,199.3136327,262.0144026,8.30810357,7.040270018,4.505378283,232.5380199,200.3454596,262.8527352,7.575502873,6.715997358,5.323264099,0.0106977111,-0.004034662464,-0.006666829011,-0.01067201449,0.003360028537,0.007310909319,231.138885,199.314475,262.0185733,8.307652497,7.039956688,4.505024821,232.5320646,200.3463536,262.8569143,7.575059156,6.715748023,5.322997983,0,-134.2985603,107.3458526,-0.1253384665,-139.9304746,105.8881636,0.1246397734,-134.1035981,107.4499111,-0.3093869811,-128.7992079,108.4067052,49.97750602,49.97751057,4505.15223,4491.231123,111.985722,-195.5133956,3.7338708,1
4461,16,16,32,1,1,1,1,1,1,0,1,1,1,1,1,230.5938751,198.6818732,263.1486019,13.71505397,15.28270272,9.33486298,231.5282492,197.6776519,266.0192989,5.158944797,13.72889947,14.06514788,2.360629866,-10.83294269,8.472295787,-2.339742866,10.89559456,-8.555866207,230.5870822,198.6819685,263.1463455,13.33863419,10.30931051,1.581878651,231.5173935,197.6313775,265.9733661,4.059740184,7.735159867,10.56324232,0,-134.0230956,107.495262,12.19962537,-168.5845815,-141.314236,-0.453785024,-133.5335693,107.8489702,-46.12365169,-85.37005652,99.49054646,49.97734106,49.97733937,4536.850781,4526.600992,104.2425408,-199.3093381,3.6408492,1
4462,16,16,32,1,1,1,1,1,1,1,0,1,1,1,1,230.5956222,198.6840375,263.1437315,13.71222142,15.27471996,9.299649561,231.5296781,197.6827226,266.0144552,5.162795105,13.70156913,14.03529702,-2.363326735,10.80663683,-8.443343118,2.342942807,-10.87086057,8.527888375,230.5888449,198.6841335,263.1415068,13.33411991,10.32680611,1.557303442,231.5188398,197.6364238,265.9687713,4.05918403,7.725541386,10.55126721,0,-134.0243153,107.494621,12.18464022,-168.5423083,-141.308924,-0.453146329,-133.5342909,107.8480968,-46.04215559,-85.2508137,99.60640145,49.97733791,49.97734339,4538.590026,4524.619566,104.6606985,-199.7216204,3.7324193,1
4463,16,16,32,1,1,1,1,1,1,1,1,0,1,1,1,231.7612024,199.0930763,261.6158761,9.441090803,11.66876554,11.7525276,235.2439129,199.8374408,260.8813616,13.9915321,4.521520193,11.89886057,6.95575588,2.329696698,-9.285466591,-7.048677039,-2.288993875,9.337666997,231.7532446,199.0916658,261.6184374,5.644095111,11.27427218,6.85354506,235.2074801,199.8336175,260.8561075,11.7070444,3.392189696,7.03304514,0,-134.417762,107.6229891,33.71832513,-123.766662,61.65664171,0.1835357948,-134.8261973,108.0144605,-15.72959142,-174.2776304,152.0397684,49.97730298,49.9773126,4545.253707,4531.148947,110.4815888,-195.6189875,3.7556511,1
4464,16,16,32,1,1,1,1,1,1,1,1,1,0,1,1,231.7626756,199.0862972,261.615173,9.477909617,11.66293387,11.77791337,235.2449257,199.8328227,260.883172,14.00494538,4.527661592,11.9278,-6.983279647,-2.337491898,9.320765763,7.07669698,2.295099445,-9.371806072,231.7546759,199.0848883,261.6177521,5.655341182,11.26728042,6.837838053,235.2081795,199.8290494,260.8578502,11.69830593,3.397472922,7.023980497,0,-134.4178053,107.6256463,33.6978387,-123.7587208,61.73461059,0.1836999965,-134.8255317,108.0168428,-15.76469983,-174.2074002,151.9147978,49.97731514,49.97730006,4542.637895,4533.992579,109.7006322,-194.6521656,3.8369256,1
4465,16,16,32,1,1,1,1,1,1,1,1,1,1,0,1,231.0640137,199.9873606,261.7438349,12.97576361,7.503708917,8.685131109,231.011325,202.6427609,262.6740367,12.26004133,13.07885376,4.544759198,-8.526097524,6.601376324,1.924716475,8.596076552,-6.692102012,-1.903970037,231.0574793,199.9853186,261.7463913,9.603397235,2.788547792,8.300142751,230.9820582,202.6149487,262.6750225,8.542795128,11.01159001,3.764678027,0,-134.3705043,107.0119774,-27.54393835,-125.8403212,128.7656021,0.4256314579,-133.8815364,106.6915408,30.9664278,-136.6085351,51.16082265,49.97734864,49.97733504,4536.993072,4525.812961,94.15096314,-211.6406189,3.8141283,1
4466,16,16,32,1,1,1,1,1,1,1,1,1,1,1,0,231.0583479,199.9854741,261.7512641,12.99273782,7.527680803,8.679505786,231.0083033,202.6390126,262.6813003,12.28020055,13.09016527,4.551768281,8.55245939,-6.621221818,-1.931242284,-8.622232894,6.710427584,1.911788575,231.0518434,199.9834506,261.7538098,9.598738976,2.790483162,8.291428822,230.9788757,202.6110548,262.6822769,8.540475861,11.008948,3.766924478,0,-134.3680564,107.0119339,-27.5125595,-125.9005157,128.767429,0.425604279,-133.8791099,106.6924066,30.92259957,-136.5924835,51.29311651,49.9773413,49.97734305,4537.266684,4525.284899,94.50291174,-211.9063656,3.7492854,1
4467,16,16,32,0,1,1,1,1,1,1,1,1,1,1,1,229.9804533,196.3997702,265.6266728,5.47790568,14.28608754,14.25240603,231.9569412,199.527765,264.2521977,13.44736265,15.24618624,10.06911565,-2.55747914,11.69012479,-9.132623908,2.520060775,-11.49889145,8.978840821,229.9680563,196.3510764,265.5633834,4.23344766,7.392655052,10.12808243,231.9507875,199.5279786,264.2460779,13.00476568,9.367645835,2.030336031,0,-133.1498631,108.2614415,-42.69660324,-91.99235872,96.48629988,0.7349398109,-133.2941065,108.1190891,12.72290145,-164.8349061,-162.3235094,49.97733895,49.97733748,4539.360209,4525.365762,107.453995,-203.0244971,3.676223,1
4468,16,16,32,0,1,1,1,1,1,0,1,1,1,1,1,267.3997765,316.9822212,343.3144796,15.8798557,21.73617578,20.44163157,269.9039053,318.7006585,344.5025694,15.48918362,18.4661622,19.77635593,-4.380298897,12.75895261,-8.379806656,-5.853876469,1.097323845,4.755398588,185.4561356,226.7359605,299.087861,6.415394132,6.639557508,5.104694836,187.2026667,228.92397,300.7159371,6.740038854,9.815014638,7.629499358,0,-125.0520524,91.1223994,14.25196894,-102.4761102,126.0536749,0.007610048773,-125.0253364,91.13434098,-13.99567666,-140.4536823,68.43235081,49.94923802,49.96805827,8533.453718,8022.019357,-441.0422042,-919.6510039,3.8126201,1
4469,16,16,32,0,1,1,1,1,1,1,0,1,1,1,1,229.1592394,193.4367867,268.5192503,11.8209136,45.27976495,37.41788299,230.652606,194.5540667,269.2014867,11.69540899,44.96809416,37.34456646,-7.542505502,41.70993809,-34.16740769,7.444005835,-41.48662733,34.042634,228.9826516,193.1608705,268.2129137,7.90237046,6.897403515,4.81094236,230.4703237,194.2192042,268.9353687,7.833924909,6.392379089,5.269281572,0,-132.320564,109.2555704,0.1517018886,-135.5296792,105.0248701,0.1481284019,-132.1598963,109.3621014,-0.5622416676,-129.2857403,112.9360115,49.97528975,49.97524715,4948.427873,4943.508812,201.4256176,-103.664245,3.7581457,1
4470,16,16,32,0,1,1,1,1,1,1,1,0,1,1,1,224.8392413,196.4917398,271.8730893,37.97902324,78.82818623,83.04485616,236.2737388,194.1881222,264.9196156,45.28809851,75.15893972,82.38217724,2.054640001,52.47032587,-54.52486619,-2.483327557,-51.622931,54.10635062,224.3049431,193.6396211,269.0716653,16.5191185,23.51087546,21.34632071,235.1176258,193.993097,263.7504465,29.1184764,12.91599053,22.15269669,0,-131.236735,108.398489,130.380345,-106.1274072,27.38292198,0.6872295769,-133.3158583,109.9092985,-25.49227503,100.7653144,-179.1004274,49.96766667,49.96721773,6444.403023,6501.538038,514.6079098,20.71361158,3.7373079,1
4471,16,16,32,0,1,1,1,1,1,1,1,1,0,1,1,232.8077905,193.3216492,267.3895271,14.68118261,12.43824244,16.42734866,236.7846107,194.1933174,266.6681552,18.62656281,4.356822302,16.63491264,-11.69804914,-1.192115275,12.88968903,11.92037756,1.255606651,-13.17653654,231.6114987,192.4621892,266.9852126,5.473969462,11.98615552,7.656406253,235.2403179,193.0512818,266.0552909,12.13696223,3.01334882,7.453589739,0,-132.9297675,110.1120417,38.05509658,-120.8361157,62.3156316,0.160310435,-133.4765774,110.5112879,-16.34870822,167.1144242,159.5898303,49.97629383,49.97783944,4689.044096,4506.759854,141.9787064,-159.3477484,3.7702347,1
4472,16,16,32,0,1,1,1,1,1,1,1,1,1,0,1,226.8656321,199.3980963,266.5259747,70.50097357,77.30620561,41.99141698,232.9725945,208.4836768,258.5421839,74.33654409,77.68293269,36.59940692,-48.7032252,51.48849258,-2.785223467,48.96372672,-51.55169624,2.587988153,226.7235265,198.4323128,265.2834003,10.6016943,20.64744709,25.63637066,230.5253025,205.6234164,257.9118722,24.47116851,20.16509629,16.52194412,0,-132.6153571,106.7868812,-137.2220351,-64.74963272,88.50673705,1.903155433,-134.0931553,106.0044477,17.35001046,154.7240102,-101.9817605,49.96834933,49.96842568,6331.83601,6289.012398,271.8296127,122.3153313,3.7175871,1
4473,16,16,32,0,1,1,1,1,1,1,1,1,1,1,0,229.1561357,196.8782475,266.2180941,5.200935419,15.1782838,15.28506533,231.1696639,200.1220176,264.7272099,13.67747034,16.12727952,11.20002512,-2.207129151,12.71080026,-10.50366067,2.133843388,-12.45812587,10.32429558,229.1198474,196.7903134,266.0724285,4.082782417,7.543435079,10.39744591,231.148195,200.1034771,264.6683483,13.31049625,9.639543436,2.09243372,0,-132.9375926,107.9390222,-47.28213701,-89.52236487,96.18547154,0.7710835953,-133.0977745,107.7825258,13.00886464,-165.8649975,-155.8728602,49.97730612,49.97729333,4546.57923,4533.640888,100.9958526,-214.5979536,3.7137135,1
4474,16,16,32,1,0,1,1,1,1,1,1,1,1,1,1,229.9832717,196.4089967,265.6144616,5.488623532,14.24289894,14.19822522,231.9574394,199.5333237,264.2449224,13.43518882,15.25134531,10.01665231,2.572556326,-11.65126814,9.078582552,-2.534314369,11.45843636,-8.924238596,229.9707836,196.3602241,265.5515236,4.239927337,7.356135738,10.09293972,231.9511905,199.5335461,264.2389513,12.98987992,9.412758474,1.969516995,0,-133.1529313,108.2604604,-42.50999488,-91.7181075,96.79900764,0.7333047715,-133.2968109,108.1180022,12.71098549,-164.6877236,-163.0076994,49.97737357,49.97730323,4533.918506,4530.996281,106.3111696,-201.7292107,3.8711871,1
4475,16,16,32,1,0,1,1,1,1,0,1,1,1,1,1,229.1639729,193.4226463,268.5210367,11.82102581,45.39230869,37.52467721,230.657295,194.5429912,269.2193157,11.69604051,45.068634,37.45317141,7.543318384,-41.80028137,34.25712411,-7.444950193,41.57702097,-34.13191223,228.9874565,193.1465142,268.21499,7.902231549,6.939816094,4.808743541,230.4756024,194.2060074,268.9512871,7.834425633,6.352259476,5.279001577,0,-132.3209736,109.2592073,0.1644255744,-135.7358271,104.4404113,0.1474713512,-132.1567579,109.3666267,-0.5755959057,-129.0189607,113.4661139,49.97526032,49.97526193,4953.170899,4941.49683,203.3475662,-105.2617665,3.7717343,1
4476,16,16,32,1,0,1,1,1,1,1,0,1,1,1,1,268.5336806,317.3573777,343.5693724,16.62566057,21.78465513,21.27135742,271.7739326,319.3365657,345.09785,17.13747738,18.70795863,20.89901494,3.578771744,-11.42984672,7.851904455,6.708729136,-2.469042092,-4.23900319,186.2704687,226.7976215,299.3017546,5.995205596,7.415722367,4.018094595,188.4773521,229.1616984,301.1279349,7.671589434,8.647108168,7.436032424,0,-125.1198537,91.27563945,22.80829885,-110.5104649,106.5405394,0.03194259353,-125.0403079,91.38655024,-17.99678306,-137.9867936,82.97454022,49.94756552,49.9696574,8270.083748,8292.162496,-440.0736261,-923.3055515,3.6827021,1
4477,16,16,32,1,0,1,1,1,1,1,1,0,1,1,1,232.2176279,193.0214766,267.2323388,12.99915863,12.56978154,15.02398397,235.9582802,193.7520603,266.0884994,16.93908151,3.750382168,14.93347103,11.31847525,0.9162641653,-12.23278737,-11.5325648,-0.9779879847,12.5123161,231.4672908,192.5439086,266.9556305,5.608200413,12.30541501,7.938782963,235.0216182,193.0859151,265.725192,11.88354112,2.87562099,7.318677066,0,-132.9190177,110.0292863,35.97294248,-121.1070613,63.49491925,0.2083721022,-133.4869255,110.430424,-16.28143337,161.5170119,161.888526,49.97717537,49.97729884,4581.608046,4524.684361,104.3208212,-135.7397645,3.6916898,1
4478,16,16,32,1,0,1,1,1,1,1,1,1,0,1,1,224.7830108,196.4144418,271.8465715,38.00145649,78.97509666,83.14869023,236.1793948,194.0881485,264.8370366,45.26243065,75.29229882,82.4672778,-2.047023454,-52.51203126,54.55903967,2.477143182,51.66084895,-54.13801524,224.2494935,193.5580859,269.0459567,16.42259638,23.62040733,21.31239331,235.0223322,193.8929911,263.6663087,28.99238717,13.01996915,22.05146449,0,-131.2231611,108.4138932,130.0899784,-106.1039587,27.81838387,0.6860408163,-133.3180672,109.9149482,-25.56826034,100.5598384,-178.7582246,49.96735741,49.96728226,6526.061752,6544.111397,524.8195685,47.2042305,3.6637074,1
4479,16,16,32,1,0,1,1,1,1,1,1,1,1,0,1,229.1677193,196.8733614,266.2051893,5.204659851,15.12178936,15.22783319,231.1805207,200.1152611,264.7138263,13.67173393,16.14469729,11.14686464,2.21476553,-12.63750916,10.42252059,-2.141181458,12.38387157,-10.24290138,229.1311087,196.7846284,266.0590191,4.084640361,7.494855505,10.35303768,231.1588725,200.0968303,264.6553934,13.30366261,9.719036661,2.002086664,0,-132.9408616,107.9464787,-47.17449082,-88.98635698,96.63993674,0.7703408588,-133.1014519,107.7897516,12.99838386,-165.6885495,-156.3559348,49.97734041,49.97725576,4539.031844,4542.12863,99.75692521,-213.2460411,3.7544148,1
4480,16,16,32,1,0,1,1,1,1,1,1,1,1,1,0,226.9096127,199.4225809,266.5424789,70.47010289,77.25479848,41.92558574,232.9984813,208.5007915,258.5711326,74.29980385,77.62993351,36.52612545,48.70168957,-51.51613314,2.814539151,-48.96082375,51.5753446,-2.614433206,226.7673532,198.4592475,265.3034901,10.58442275,20.62333778,25.63324959,230.5537395,205.6454205,257.9405376,24.4446094,20.1368219,16.51678572,0,-132.6208485,106.7877128,-137.0521846,-64.79898009,88.52324704,1.901122884,-134.0955101,106.003815,17.39653498,154.7323266,-101.9601561,49.96836188,49.96855165,6311.751691,6253.259876,265.5161025,114.9883806,3.6947433,1
4481,16,16,32,1,1,0,1,1,1,1,1,1,1,1,1,233.397733,198.4392164,260.6198369,13.5981629,4.711643522,11.0632865,232.8309291,200.124737,262.658822,9.005724734,11.57795355,10.74167701,-6.22610367,-2.319408388,8.545474461,6.089847796,2.34629341,-8.436163937,233.371652,198.4357989,260.5964783,11.73870389,3.711269797,6.780788136,232.8244306,200.1221108,262.6605322,5.99956554,11.21020592,6.391627629,0,-134.902948,108.0541163,-17.99080699,-178.0115551,148.3543381,0.1654418556,-134.1650783,107.8259216,36.35077044,-121.8569443,64.34616467,49.97734924,49.97732097,4536.815941,4529.051055,121.5197393,-187.747634,3.6844251,1
4482,16,16,32,1,1,0,1,1,1,0,1,1,1,1,1,233.7261608,193.3077922,264.4080157,46.5920959,77.39567588,84.4574731,225.0055681,198.4657567,272.7390269,38.84857367,80.25412561,84.55479369,-2.21062572,-53.12064952,55.33137614,1.905720809,53.45354242,-55.35916416,232.609262,193.0631206,263.2655135,29.85896112,13.85462917,22.08260673,224.4537144,194.9731144,270.1609676,17.10694285,23.94139881,21.20350985,0,-134.0661855,109.5782805,-26.55577702,102.1383619,-179.0800984,-0.384716509,-131.5878784,108.2158846,129.5739804,-105.0186571,27.44183356,49.96676787,49.96714749,6638.107658,6524.686953,385.7830517,260.2917789,3.6872759,1
4483,16,16,32,1,1,0,1,1,1,1,0,1,1,1,1,236.6072503,190.6960961,271.2136142,22.29810357,6.33719705,21.32343964,236.4822498,191.8077756,273.5777846,20.23685781,12.93380921,21.2351846,-16.41430174,-1.429090232,17.84507893,15.91976419,1.326044993,-17.24406768,232.3151791,187.1840915,269.519807,9.996569975,3.112698493,5.289066304,232.3780739,188.9951845,272.0385295,7.111473189,11.54102953,7.026259813,0,-132.3554425,111.9866236,-18.08296202,169.183606,152.5521571,0.1698665374,-131.4983889,111.8799663,25.27260437,-119.0472443,82.44132403,49.97496999,49.97803635,4935.057554,4451.477324,269.3869553,-203.915253,3.6984571,1
4484,16,16,32,1,1,0,1,1,1,1,1,0,1,1,1,267.0019236,190.7635312,438.4551468,27.72910373,15.77568016,25.67340327,272.6186413,198.9752037,440.7486404,29.11378874,20.68686484,22.32254141,-24.49528451,3.116358153,21.37847399,21.14046991,-10.1789367,-10.96180692,231.8590737,125.4991994,323.5205504,8.293014425,6.139770995,8.185017289,238.3328273,130.0415591,329.4409138,18.09251008,12.31827747,16.67790929,0,-116.3451939,131.9708879,90.27902241,-5.214835202,-119.7703006,0.1864640175,-116.005488,132.1234037,-27.35257586,-144.0338342,104.1852211,49.95767697,49.96645255,7590.223062,7633.466345,1076.416582,-476.6583988,3.5990882,1
4485,16,16,32,1,1,0,1,1,1,1,1,1,0,1,1,234.9394703,198.3128756,258.9631965,24.099932,10.19346874,29.42167906,236.4212456,199.6148131,259.5139526,24.14101063,10.15655298,29.22315642,-20.93549499,-6.662296286,27.59780713,20.85216566,6.648768096,-27.50092444,234.8476839,198.2281876,258.8771924,7.878198068,6.825807239,5.166507201,236.3101979,199.5099996,259.4298462,8.275026777,6.796494414,4.55904441,0,-135.423141,108.4848699,-2.865951335,-135.5376436,104.8759036,0.1961720518,-135.2712887,108.553326,2.354648676,-135.7146475,112.3407473,49.97640769,49.97639014,4725.909076,4713.794642,174.593588,-131.2136393,3.6562156,1
4486,16,16,32,1,1,0,1,1,1,1,1,1,1,0,1,237.5273162,195.3251312,260.7485761,75.92046453,32.87651089,73.47521742,233.3963512,205.082734,258.247909,75.86910491,40.51799959,70.82089006,-49.73029532,0.8667846088,48.8635351,49.23933707,-0.9558206738,-48.28348687,235.5769676,194.7521901,258.0988903,19.19851878,14.45411634,20.73846123,232.637577,203.7998811,258.0014396,23.01885342,27.21664041,12.97419499,0,-135.4462141,109.6060187,-80.82421673,18.46386485,136.7289743,1.901413188,-134.0481761,108.1038275,55.64422456,-148.7550677,-22.92130847,49.96865236,49.96855279,6262.504058,6270.366357,484.6424154,14.14707715,3.6773524,1
4487,16,16,32,1,1,0,1,1,1,1,1,1,1,1,0,231.8143112,200.3729911,260.7574999,13.84621329,8.696492237,8.955304527,231.6520191,203.1785015,261.660515,13.21295239,14.16987569,4.374788149,9.568198401,-8.060927799,-1.507258808,-9.679783237,8.17314541,1.506647603,231.8009501,200.356388,260.756594,9.816890268,2.483979452,8.679808618,231.6013153,203.1174982,261.658779,8.787275135,11.36903081,3.778053216,0,-134.6986029,107.0084637,-29.62808002,-122.8823548,129.3710896,0.454867293,-134.1876836,106.6486342,33.18094554,-137.3337029,44.74628365,49.97726753,49.97726891,4552.229177,4540.170738,93.57317954,-209.1107092,3.7268421,1
4488,16,16,32,1,1,1,0,1,1,1,1,1,1,1,1,233.3910708,198.4368213,260.624365,13.55606327,4.719995456,11.02938439,232.8331545,200.1206559,262.6617915,8.985806887,11.57164386,10.71413048,6.210825249,2.325514556,-8.536367334,-6.075100953,-2.353720791,8.428787829,233.365356,198.4333102,260.601457,11.71357705,3.713973665,6.759025815,232.8266881,200.1179857,262.6635115,6.013776216,11.20117393,6.379484506,0,-134.9007389,108.0538903,-17.98933365,-177.873118,148.230375,0.1653733699,-134.1642041,107.827315,36.15654538,-121.868751,64.55547107,49.97733764,49.97733428,4539.317826,4526.240604,122.8100339,-189.0429231,3.747096,1
4489,16,16,32,1,1,1,0,1,1,0,1,1,1,1,1,235.6578639,190.4815752,271.2847996,25.07584922,6.788300798,24.16737182,235.1795676,191.7384421,273.9027599,22.19129843,13.61185276,23.93316275,18.19108033,1.025691027,-19.21664899,-17.68236118,-0.9117229595,18.59415968,232.0967349,187.5505148,269.839807,11.70973484,3.100320955,6.921970154,231.5541509,189.3955854,272.3713834,5.887130631,12.06903296,7.55768005,0,-132.2590251,111.836016,-17.63500301,159.7811061,159.8174963,0.1557561646,-131.3474766,111.6203976,36.20709874,-118.4469723,68.64779699,49.97628816,49.97661812,4576.992355,4797.814417,182.9326666,-124.7275819,3.7509442,1
4490,16,16,32,1,1,1,0,1,1,1,0,1,1,1,1,233.6692188,193.2639993,264.3335926,46.51416372,77.22871625,84.31048505,224.9901342,198.4273702,272.6633593,38.79021052,80.10065295,84.41581308,2.248991606,52.96323232,-55.21222317,-1.943231913,-53.29874509,55.2419799,232.5539521,193.0199202,263.1935238,29.77502079,13.88176714,22.04735759,224.4318525,194.9399962,270.0954091,17.03367427,23.98372286,21.20315505,0,-134.068243,109.5794224,-26.5602767,101.9493851,-178.8928103,-0.3804044441,-131.5870039,108.2235102,129.459604,-105.0835866,27.6517021,49.96694689,49.96686495,6623.502801,6614.926656,399.2619507,272.8451464,3.7397157,1
4491,16,16,32,1,1,1,0,1,1,1,1,0,1,1,1,234.918225,198.3083703,258.9597609,24.08944484,10.19246985,29.41343306,236.4389271,199.6098193,259.5360597,24.16332277,10.15590564,29.24556821,20.95034024,6.662285451,-27.61262874,-20.86805102,-6.649061503,27.51711782,234.8273917,198.2236638,258.8744554,7.827748683,6.825394437,5.07753457,236.3273904,199.5058804,259.4520238,8.318416961,6.796603681,4.650622782,0,-135.4209621,108.4820611,-2.301737233,-135.5365199,104.5997356,0.1928989575,-135.2690811,108.5573798,1.794058883,-135.711398,112.4965626,49.97641627,49.97638454,4721.598449,4718.249823,176.1699521,-132.7101281,3.946574,1
4492,16,16,32,1,1,1,0,1,1,1,1,1,0,1,1,266.9111482,190.6438434,438.1966967,27.94951437,15.67291652,25.91966172,272.6810299,199.0657579,440.5453922,29.40227248,20.80202136,22.59827473,25.00811055,-3.312936692,-21.6948432,-21.65711524,10.3701126,11.28716829,231.7773345,125.4957006,323.3636025,8.519315039,6.325060013,8.519686671,238.3667555,130.1346075,329.412576,18.35401577,12.56927494,17.03531096,0,-116.3673978,131.9523082,91.49940488,-3.6852182,-118.6085995,0.1921400443,-116.0111951,132.1096295,-27.71104469,-144.0094807,103.8101317,49.96039429,49.96363108,7589.412841,7628.193516,1102.382585,-513.8281763,3.7700062,1
4493,16,16,32,1,1,1,0,1,1,1,1,1,1,0,1,231.903876,200.384143,260.6860389,14.09384322,8.864886018,9.046125899,231.6502957,203.1193373,261.5736506,13.17878339,14.15421138,4.370721065,-9.552719611,8.127380401,1.425318634,9.669858508,-8.243542997,-1.426323473,231.8886536,200.3630672,260.683615,10.06878838,2.583767424,8.775226412,231.5970656,203.0532256,261.5703303,8.622590049,11.23840246,3.777391919,0,-134.7258312,107.0233547,-29.27698115,-126.3082464,129.4376197,0.4436999051,-134.2139261,106.6549879,34.45652934,-136.7283381,43.26758012,49.97719186,49.97730517,4576.796425,4530.498873,91.3428278,-204.2903868,3.7545266,1
4494,16,16,32,1,1,1,0,1,1,1,1,1,1,1,0,237.3504542,195.7129649,260.7365362,72.53215752,31.1744674,70.14331385,233.6461099,205.170156,258.6872533,72.61706577,39.00928989,67.59317363,47.74979083,-0.8672651247,-46.88185005,-47.27203736,0.9477980523,46.32496673,235.5548399,195.1814436,258.2709629,18.2150986,14.00868574,19.58107479,232.9723552,204.0003774,258.4424719,22.37725869,26.83544704,11.9819499,0,-135.4418009,109.4591487,-81.09049884,18.9866532,137.3176971,1.82629738,-134.0579981,108.0557127,53.73196282,-148.2691701,-20.00111333,49.96921891,49.96992883,6131.663955,5812.888228,444.3923635,-80.43545636,3.7814641,1
4495,16,16,32,1,1,1,1,0,1,1,1,1,1,1,1,229.8251,201.245633,261.931752,11.69178295,12.65233182,4.28962312,232.5813378,200.9061892,262.5755453,11.72427641,6.795223432,8.879671672,7.61454717,-5.956037129,-1.658522034,-7.46341006,5.797824126,1.665576203,229.8033095,201.2262085,261.9336214,8.765745622,11.04603384,3.665781953,232.5750565,200.9045647,262.5785437,8.939050557,3.168548042,8.596940134,0,-134.241518,106.4168317,26.676429,-141.8150128,46.33447783,-0.1237561665,-134.3359712,106.9002488,-26.61365461,-108.4410949,128.1388233,49.97738269,49.97736984,4529.843819,4519.480743,90.5006368,-217.112366,3.8291132,1
4496,16,16,32,1,1,1,1,0,1,0,1,1,1,1,1,231.3630613,207.2682395,257.4657807,70.49407676,73.29198513,33.43201374,228.586859,200.9831308,266.2766551,65.75780875,71.90592696,38.73240667,46.3413285,-48.37758744,2.036403419,-45.50086656,47.70185956,-2.200851339,229.2182179,204.8335077,256.987844,23.90013987,20.3066228,15.33587743,228.4561391,200.1355738,265.2851428,9.822817088,20.055248,24.45148821,0,-135.5973476,104.661041,15.52252273,155.6058411,-100.8303305,-1.523219907,-133.898179,105.5967701,-137.8024849,-64.73993271,89.13090553,49.96967539,49.96953004,6053.748631,5981.914692,373.5795307,-66.93620594,3.8002871,1
4497,16,16,32,1,1,1,1,0,1,1,0,1,1,1,1,230.1920339,199.0128722,263.3433669,13.87820386,15.90601967,10.13343845,231.0886609,197.9392218,266.3028411,4.974292755,14.33416182,14.73942711,-2.107275144,11.44659443,-9.339358096,2.107080122,-11.53825707,9.431123319,230.18238,199.0045792,263.3259918,13.55037635,10.54304877,1.64402851,231.0735864,197.8722006,266.2282471,3.964893668,7.856794474,10.73567533,0,-133.9478091,107.2958551,12.33989765,-169.2316104,-135.9786147,-0.4775813858,-133.4430811,107.6587484,-49.29085712,-83.60360548,99.45904122,49.97728878,49.97733779,4548.627321,4525.985646,99.21070844,-204.2706814,3.6809151,1
4498,16,16,32,1,1,1,1,0,1,1,1,0,1,1,1,232.7545102,203.8598544,256.8086297,76.12074124,40.62762104,70.818511,239.9777682,196.6727537,260.5452094,75.36528849,32.56382024,72.96515274,49.17467612,-1.043213145,-48.13144042,-49.18145107,0.8232379904,48.35822056,231.9735814,202.7510668,256.6356045,22.78450567,27.46270785,13.2751195,237.7677917,196.0944747,258.1242117,18.58398899,14.56911751,20.84758404,0,-135.7418659,106.3161219,53.25223537,-151.4691394,-23.85973664,-1.558563833,-136.7735922,107.9817964,-82.4587027,14.36237648,135.6541966,49.9687082,49.96867381,6241.692399,6245.301845,291.1097043,144.4955176,3.6541781,1
4499,16,16,32,1,1,1,1,0,1,1,1,1,0,1,1,230.8089195,202.1446287,260.4605697,13.44202846,14.59114413,4.084921102,233.7174017,201.5632953,261.1584728,13.32998824,9.119198316,9.356162532,9.551351412,-8.513335269,-1.038554485,-9.30821125,8.282942964,1.024711238,230.7535868,202.0728392,260.4566275,9.117084112,11.57559622,3.721007962,233.7003507,201.5390617,261.15493,9.198687573,2.898592155,9.205937866,0,-134.7275321,106.2900041,29.68211598,-143.1543925,35.9174062,-0.1694093402,-134.8451497,106.8349523,-29.90819293,-100.8376266,128.7217842,49.97720749,49.97730644,4561.063316,4538.32513,101.2260241,-226.2593213,3.7630344,1
4500,16,16,32,1,1,1,1,0,1,1,1,1,1,0,1,354.4085364,286.7984603,273.4273868,26.41256066,27.97191759,16.69915294,357.7515473,290.2738933,280.4608275,21.79395192,27.19631216,20.76490087,21.41375944,-25.15431906,3.740479459,-7.67528036,17.44734981,-9.772418037,275.0309271,237.3869397,186.034102,8.73987125,4.991245642,6.62465057,281.313879,243.1552622,190.3488915,18.02687693,18.13133986,11.66946005,0,-154.2119929,105.2050998,70.14332872,-51.72720232,-137.2364446,0.08157964139,-153.7027616,105.3868919,-27.28351764,-169.8015331,75.00442493,49.95905796,49.95265148,8785.072687,8832.079664,1287.991385,-255.4097239,3.6477913,1
4501,16,16,32,1,1,1,1,0,1,1,1,1,1,1,0,228.2007589,202.8923376,262.3803851,33.64725395,27.79487603,8.137511776,229.5298478,204.1492288,263.1398601,33.3706723,27.70248015,8.115755598,30.84719863,-25.29735546,-5.549858369,-30.67126848,25.14233032,5.528922751,228.0949444,202.7415805,262.2821539,8.045947572,6.847141617,4.921135382,229.400726,203.9709362,263.0398451,7.641015249,7.103466991,4.9139887,0,-134.0160188,105.4267907,-2.714008701,-137.3987577,105.5166683,0.1639999672,-133.8192708,105.4945642,2.439978608,-131.1331059,105.1229867,49.97618022,49.97614739,4770.598855,4763.44413,103.1151964,-202.1349385,3.659709,1
4502,16,16,32,1,1,1,1,1,0,1,1,1,1,1,1,229.8394752,201.2555042,261.9206654,11.70959329,12.67378797,4.285849069,232.5867681,200.9063751,262.5702295,11.70134413,6.796086762,8.882532195,-7.607760399,5.952853399,1.654922645,7.456954545,-5.796098229,-1.660842157,229.8177069,201.2359542,261.9224892,8.792313047,11.06853703,3.664634496,232.580487,200.9047372,262.5732057,8.911623645,3.163773089,8.601336834,0,-134.2468225,106.4157819,26.57519357,-141.9461516,46.26159467,-0.1259611761,-134.3398315,106.8991474,-26.68970556,-107.8584135,128.1353422,49.97737803,49.97737554,4530.764343,4518.305777,90.11939122,-216.5984704,3.701213,1
4503,16,16,32,1,1,1,1,1,0,0,1,1,1,1,1,230.1938581,199.0145379,263.3448237,13.87833645,15.86988517,10.1421005,231.0914826,197.9395831,266.2976061,4.979737352,14.35210834,14.75400603,2.107884256,-11.48685002,9.378960699,-2.106697352,11.57628333,-9.46958455,230.1841909,199.0063888,263.3277798,13.549072,10.48026225,1.706681516,231.0765206,197.8734392,266.2238419,3.96714323,7.880338526,10.75763328,0,-133.9481366,107.295901,12.34743506,-169.3341869,-136.5350054,-0.4771449169,-133.4449581,107.6586861,-49.28448466,-84.04835998,99.13507043,49.97731694,49.97731322,4541.744906,4532.021399,97.91430791,-202.8822377,3.6360134,1
4504,16,16,32,1,1,1,1,1,0,1,0,1,1,1,1,231.2901838,207.2914887,257.3170722,71.30507585,74.37214096,34.41565984,228.4106755,200.974341,266.3505248,66.54432662,73.02202614,39.68097124,-46.83366313,49.11359687,-2.279944496,45.98636056,-48.43582621,2.449456043,229.0964375,204.7982436,256.8184586,24.12538716,20.50328016,15.76614104,228.2779117,200.0734229,265.3048317,10.01813804,20.40965306,24.85463407,0,-135.6140513,104.6324469,15.44374515,154.7052035,-101.2093641,-1.546376699,-133.8698929,105.5743708,-138.5758271,-65.06690928,88.71139898,49.96931448,49.96917434,6126.473014,6131.798719,405.6121878,-49.12723744,3.7131515,1
4505,16,16,32,1,1,1,1,1,0,1,1,0,1,1,1,230.6646438,201.9414392,260.5107486,13.19240407,14.32168077,4.11895049,233.6276709,201.4574214,261.1803529,13.31140975,8.896175766,9.280799778,-9.400992913,8.290017125,1.110826741,9.165060452,-8.069964531,-1.095270232,230.6122727,201.8750091,260.5070727,8.947653829,11.41795154,3.719553858,233.6115963,201.4351358,261.1772482,9.355938845,2.883748944,9.113920044,0,-134.6837621,106.3216656,30.27183141,-142.1134916,37.38739232,-0.1540074198,-134.8110217,106.8596988,-29.31540502,-105.7209662,128.7592792,49.97732586,49.97718988,4539.139992,4560.285093,97.68499647,-222.486537,3.6895808,1
4506,16,16,32,1,1,1,1,1,0,1,1,1,0,1,1,232.8912347,203.9333013,257.0583899,74.4182689,39.92404064,69.07599651,239.8515943,196.8825586,260.5567061,73.59095798,31.76245189,71.17604232,-48.16390206,1.07616618,47.08803472,48.17263129,-0.8631459044,-47.30928593,232.1607242,202.8723885,256.8782745,22.48561888,27.3276415,12.72267721,237.7425272,196.320381,258.2171936,18.04763648,14.40049086,20.20281698,0,-135.7248477,106.3229991,52.08904076,-151.2049673,-22.20307182,-1.522715069,-136.751911,107.9330979,-82.79664975,14.67856512,136.0610744,49.96933298,49.96908369,6031.005117,6141.062459,240.2392684,125.1826856,3.6645,1
4507,16,16,32,1,1,1,1,1,0,1,1,1,1,0,1,228.2014428,202.9109147,262.3695868,33.7865317,27.93419,8.138322523,229.526916,204.1614761,263.1310254,33.50281092,27.83439677,8.115873119,-30.96986069,25.42063495,5.5492269,30.79272097,-25.26496457,-5.527763562,228.0940354,202.7572706,262.2705987,8.058906169,6.858628181,4.92148952,229.3966589,203.9822103,263.0297989,7.627839076,7.09387076,4.91322562,0,-134.0193688,105.4201491,-2.700309267,-137.4640847,105.5080694,0.1626974548,-133.8227421,105.4877577,2.433366075,-131.0675392,105.1181199,49.97617152,49.97613581,4773.351558,4763.550153,103.063963,-201.9398062,3.6557067,1
4508,16,16,32,1,1,1,1,1,0,1,1,1,1,1,0,355.5674958,287.8109418,277.1943109,25.47553295,27.17669328,19.62377725,357.4398097,289.5739529,278.7163336,22.92335676,26.78236247,20.22132625,-9.832767576,9.042158409,0.7758745323,-3.859039026,-1.443312297,5.285682996,277.2793678,239.4131798,187.993495,10.22227178,6.148628769,3.469359734,279.422491,241.3014015,189.1666489,9.037885291,10.30851887,6.00876868,0,-154.0084103,105.4320994,7.461526726,-155.8958255,163.6964752,0.140226605,-153.7538578,105.5202243,-8.850469851,-153.1502081,75.94766497,49.94473429,49.96711862,9436.349988,8217.631332,709.4191703,356.5712266,3.5154331,1
4656,64,32,32,1,1,1,1,1,1,1,1,1,1,1,1,249.496326,237.5783113,204.1311105,2.530318859,4.627708353,3.892746914,249.8101378,238.2195345,204.6050455,2.929677165,4.28146724,3.786305355,-0.005432820919,0.006721591627,-0.001446863577,0.005354778565,-0.008024422374,0.002510178558,249.4810725,237.5872618,204.1383056,2.529521389,4.62754656,3.892572433,249.7948655,238.2285234,204.612243,2.92895145,4.28127486,3.786074777,0,-109.5575472,122.2453496,-1.001984072,-109.3559714,117.5368335,0.04302128145,-109.5033983,122.3349018,0.7640462078,-110.0087678,126.8788289,49.98738291,49.98738852,2526.17392,2519.362268,39.53719808,-94.77887382,3.6958908,1
4657,64,32,32,1,1,1,1,1,1,0,1,1,1,1,1,249.4665739,237.3078916,204.6007804,5.396042931,9.058176087,4.823277235,250.2560526,236.6147722,206.0689505,3.701111858,7.567811975,8.58084089,1.400033676,-6.099555458,4.699373913,-1.391835057,6.12778981,-4.736103279,249.4507101,237.3162025,204.6063664,5.072746433,6.613444087,0.6319825157,250.2394167,236.6130122,206.0643974,3.215263258,4.313085657,7.100208563,0,-109.3265179,122.4796962,35.12197201,-137.125638,99.88793982,-0.2713383406,-109.1495883,122.8555665,-65.88703906,-63.96418728,124.4534272,49.98731201,49.98731099,2540.051231,2535.079388,30.8364127,-102.3017948,3.706255,1
4658,64,32,32,1,1,1,1,1,1,1,0,1,1,1,1,249.4601145,237.3137976,204.5990661,5.39385695,9.042167227,4.801480162,250.2489638,236.6244451,206.0711744,3.698059224,7.556803425,8.572675224,-1.401191858,6.079112612,-4.678080654,1.392783546,-6.110022967,4.717080578,249.4442539,237.3220963,204.6046633,5.071464728,6.608433801,0.6266155161,250.2323388,236.6227199,206.0667083,3.213341569,4.319978446,7.104779679,0,-109.3276311,122.4764216,35.10342144,-137.1740181,99.95100171,-0.2711701898,-109.1498719,122.8520427,-65.8725441,-64.01006819,124.426757,49.98730856,49.98731536,2540.71835,2534.368984,31.10624042,-102.5616518,3.7003492,1
4659,64,32,32,1,1,1,1,1,1,1,1,0,1,1,1,250.2089783,237.3836705,203.5820339,5.973227107,8.071721525,9.968807544,251.687592,238.2090384,202.4627464,8.969505624,3.984133127,8.463625233,5.688812553,1.489740705,-7.178690209,-5.724238338,-1.481094834,7.205194941,250.1912103,237.3916727,203.5886239,1.306950332,7.811215245,6.782224345,251.6558379,238.2156601,202.4547958,6.787487407,3.428167494,4.229429222,0,-109.7398978,122.2674055,177.3450544,-87.52930664,88.61839221,0.313063994,-110.0901731,122.4788106,-0.4592530056,-170.4549123,-175.4304499,49.98730647,49.98730137,2542.212938,2535.927535,35.56520104,-98.50341333,3.7282892,1
4660,64,32,32,1,1,1,1,1,1,1,1,1,0,1,1,250.2083814,237.3845523,203.5844561,5.997571361,8.080737625,9.993106752,251.6827042,238.2102008,202.4552992,8.982127785,3.980800027,8.473041199,-5.712875395,-1.482762446,7.195498012,5.748190935,1.471330881,-7.219664801,250.1905751,237.3925442,203.5910344,1.300518707,7.822692049,6.801662252,251.6509214,238.2168435,202.4472934,6.781296485,3.42923404,4.221973988,0,-109.7394179,122.2674112,177.6976802,-87.51118221,88.69850808,0.3143018151,-110.090677,122.4778274,-0.3892034727,-170.6493258,-175.1548946,49.98730037,49.98730624,2542.282426,2536.175879,34.7758125,-97.73560479,3.751347,1
4661,64,32,32,1,1,1,1,1,1,1,1,1,1,0,1,249.0532054,238.0768265,204.1133371,8.23919312,5.367818963,6.859274292,247.9621154,240.0253607,204.8031609,7.434999248,9.216059996,3.442776075,-6.416768963,4.961745631,1.454881482,6.438986974,-5.002285615,-1.436844451,249.0375924,238.0843304,204.1194068,5.073624192,1.74420888,6.586578614,247.9359721,240.023537,204.8087557,3.585024034,7.666922388,2.868929817,0,-109.66199,121.9825506,-39.73137117,-70.57668972,143.338736,0.1562356548,-109.4334858,121.651104,64.67101828,-117.9440231,64.09808344,49.98728772,49.98729058,2545.096454,2539.122172,35.35324509,-97.38618548,3.6287851,1
4662,64,32,32,1,1,1,1,1,1,1,1,1,1,1,0,249.0554176,238.0718917,204.1123743,8.257252253,5.39148347,6.855186088,247.9666587,240.0184645,204.8004675,7.459933936,9.229090039,3.445155313,6.439974249,-4.98384748,-1.456287203,-6.462414128,5.021735486,1.440524644,249.0398073,238.0793843,204.1184327,5.066826942,1.745147504,6.580402435,247.9404164,240.0165297,204.8059999,3.585430455,7.666000377,2.867500999,0,-109.6613697,121.9847013,-39.75531988,-70.57943997,143.3186048,0.156490887,-109.4330624,121.6542494,64.55652287,-117.9483623,64.23031537,49.98728847,49.98728949,2545.369965,2538.89884,35.81378791,-97.84541217,3.6688368,1
4663,64,32,32,0,1,1,1,1,1,1,1,1,1,1,1,249.951868,236.1325175,205.4166018,3.585912104,7.241316761,8.256247204,249.7539545,238.0361998,205.0200774,5.451944025,8.479813937,4.405892551,-1.354479969,5.696584709,-4.342249195,1.357801406,-5.640032812,4.282089829,249.9354774,236.1327336,205.4135906,3.12588197,4.359631747,6.984221529,249.7382891,238.0447059,205.0256585,5.160564113,6.256156275,0.74447208,0,-108.9552538,123.077371,-67.62054317,-68.28261827,121.0965241,0.3306584343,-108.9990908,122.8871319,34.12783034,-136.1562216,139.6926233,49.9873184,49.98733116,2538.959694,2530.971599,30.13984674,-105.3059574,3.6653653,1
4664,64,32,32,0,1,1,1,1,1,0,1,1,1,1,1,271.3082642,361.3087851,291.3154794,11.1375445,18.0755963,19.60622659,274.6268806,363.0680797,293.1241733,12.93162059,16.13396038,19.04097759,1.453734649,12.78885876,-14.23863117,-5.033023081,-5.030287136,10.06693188,182.1754188,278.8144925,239.7924459,2.937109015,4.696389445,3.712403596,184.1508889,282.3824311,243.0430328,5.875516139,10.57110645,9.971547866,0,-105.5066213,105.1753371,114.9141169,-27.46826772,-161.2016905,0.124538405,-105.429255,105.344501,-26.9547774,-131.3323837,83.33970179,49.97423096,49.97625288,5112.050358,4841.045464,670.703219,-152.3246702,3.6120551,1
4665,64,32,32,0,1,1,1,1,1,1,0,1,1,1,1,251.6678219,233.4402091,206.810146,5.538688087,30.2064833,25.8308054,251.9424955,234.0485238,207.3849806,5.535483351,30.09971342,25.78208547,-3.890809462,28.33625512,-24.44554987,3.884762572,-28.26200192,24.3771391,251.5732348,233.3676789,206.696137,2.749474926,4.473233122,3.803386452,251.8478235,233.9680333,207.262039,2.753885817,4.28204102,3.953883844,0,-108.1341354,124.609478,0.120385845,-110.2080317,121.9963277,0.02603063956,-108.0613765,124.697683,-0.2428731642,-106.185902,126.9249449,49.98627517,49.98629053,2746.787476,2741.257481,38.62458351,-94.79135243,3.7853981,1
4666,64,32,32,0,1,1,1,1,1,1,1,0,1,1,1,247.0818828,236.8472561,209.3525007,22.11358236,50.79110012,52.4894651,252.383422,235.7183934,205.0588184,25.21387358,48.72403735,51.8971051,0.6691396551,34.16046593,-34.82955675,-0.725442022,-33.8338902,34.55936541,246.8071063,235.6684866,207.9918224,10.83137176,14.69186248,13.09109731,251.9302047,235.6474279,204.6964542,16.09001581,7.55313931,12.86338755,0,-107.7659179,123.2602541,162.2815613,-84.04934435,52.32325911,0.7167007054,-108.8137412,124.28202,-11.73044313,124.6267021,-162.3704257,49.9828638,49.98382493,3398.633732,3141.445658,198.4590083,-69.21041567,3.6979544,1
4667,64,32,32,0,1,1,1,1,1,1,1,1,0,1,1,250.4557653,237.1127154,203.6437659,8.67799154,8.189135205,11.62214083,252.008727,237.8558029,202.578361,10.95703301,3.898375914,10.49918978,-6.887881276,-1.475984311,8.363733675,6.930681719,1.471941891,-8.402754677,250.4344073,237.1192974,203.6483882,1.283659572,7.899395449,6.671298237,251.9510673,237.8599383,202.5455321,6.748116303,3.242788654,4.350561555,0,-109.6853011,122.4183038,167.9688684,-88.72050259,87.65561195,0.2968585574,-110.0386279,122.6491326,-2.224833548,-171.7155643,-176.9485722,49.98724604,49.98725583,2554.141183,2547.177759,32.55186969,-96.70778378,3.6967929,1
4668,64,32,32,0,1,1,1,1,1,1,1,1,1,0,1,248.8291853,237.6399519,204.8619276,12.42959957,10.44741372,7.752747029,247.5198384,239.5284374,205.1303358,11.8295181,12.56820235,3.023272915,-9.461839047,8.40043698,1.061167736,9.498338093,-8.436896107,-1.061725326,248.8079943,237.6427455,204.8587852,5.63995793,2.18656358,7.437926112,247.4506314,239.4877742,205.1307794,4.039750018,7.235801147,2.106800328,0,-109.340148,122.2683518,-42.78272591,-74.61676672,137.9173125,0.1768641275,-109.1566956,121.8794697,71.39357885,-119.3100623,46.57272488,49.98692721,49.98742802,2599.977665,2516.462937,30.17597539,-94.234809,3.9048482,1
4669,64,32,32,0,1,1,1,1,1,1,1,1,1,1,0,249.5414627,236.2182893,205.8346273,3.608459788,8.24479456,9.408663899,249.322183,238.2348949,205.3152478,5.668684975,9.375470048,5.856593431,-0.9844992995,6.669281366,-5.684938865,0.9862647524,-6.594401997,5.607985478,249.5251681,236.2121766,205.8235023,3.298372964,4.544625743,7.317236947,249.3062495,238.242314,205.3202842,5.476709162,6.448620393,0.4940529776,0,-108.8166362,123.0709556,-72.76990674,-64.74876298,120.539039,0.3640269455,-108.8789741,122.8587592,35.19275903,-138.3617321,159.4948349,49.98728694,49.98729685,2546.478561,2536.981279,28.69520487,-106.3747735,3.7068308,1
4670,64,32,32,1,0,1,1,1,1,1,1,1,1,1,1,249.9525592,236.13353,205.4147393,3.590203114,7.258855076,8.27585021,249.752602,238.0381489,205.0156848,5.452570756,8.494913226,4.421988941,1.351591774,-5.715171428,4.363431766,-1.355226005,5.655662104,-4.300586579,249.9361395,236.1336751,205.4116478,3.130816792,4.364998765,6.995535792,249.7369157,238.0466643,205.0212688,5.161196853,6.260421075,0.7319364265,0,-108.9560582,123.0768959,-67.61364675,-68.19521828,121.1401554,0.3306385055,-109.0005198,122.8854852,34.18229288,-136.2256308,139.5728276,49.98732395,49.98732488,2537.85083,2532.22989,29.50155843,-104.6738259,3.6806626,1
4671,64,32,32,1,0,1,1,1,1,0,1,1,1,1,1,251.6559847,233.4541741,206.8174808,5.538371383,30.19073015,25.81519324,251.9306567,234.0564459,207.3862633,5.535232094,30.08484107,25.76415208,3.891149633,-28.32132053,24.43005607,-3.885174169,28.24474484,-24.35968772,251.5609744,233.3814934,206.7029754,2.749296118,4.469810833,3.810283893,251.8357033,233.9760869,207.2633171,2.75380928,4.284995745,3.946217937,0,-108.1335252,124.6045763,0.1546767233,-110.0383112,122.1693303,0.0257083248,-108.0617849,124.6931729,-0.2773552288,-106.3652039,126.7579588,49.98629048,49.98627128,2745.971333,2741.701808,38.23578936,-94.41786806,3.6559498,1
4672,64,32,32,1,0,1,1,1,1,1,0,1,1,1,1,271.4878176,361.1117972,290.7129617,19.74948254,23.16807893,26.82673108,273.913847,362.3269198,291.8081609,20.24833581,21.09012907,25.9607659,-0.3386008232,-8.829961578,9.168660563,3.888697309,1.201089051,-5.089867,182.2462436,281.5243422,240.2373316,2.398408034,6.000828805,3.434811274,183.7978301,283.5395053,241.9315151,4.708639611,6.33403737,6.067830965,0,-106.2097382,104.2041244,91.24891313,-74.41801869,128.6940088,0.01249293607,-106.3047356,104.2717921,-30.65731295,-136.4250825,90.49413637,49.96063315,49.98921273,5026.235171,4993.859145,452.9683721,95.1743017,3.6523518,1
4673,64,32,32,1,0,1,1,1,1,1,1,0,1,1,1,250.3979348,237.2111126,203.5756624,6.785982518,8.163918251,10.50625381,251.9136365,238.0186879,202.4153759,9.577807525,3.918628251,9.073338994,6.352598721,1.357698653,-7.710457416,-6.39178131,-1.352239783,7.743855087,250.3796666,237.2191486,203.5815681,1.376850874,7.931806328,6.864471278,251.876582,238.025311,202.4025433,6.859965185,3.408664301,4.310503688,0,-109.7223727,122.3573716,175.841204,-87.54308556,88.10240544,0.3168543575,-110.0844683,122.5754639,-0.7811715585,-172.5413355,-174.346691,49.98728967,49.98729241,2544.471178,2538.948984,33.57189322,-97.34922511,3.7814585,1
4674,64,32,32,1,0,1,1,1,1,1,1,1,0,1,1,246.5014449,236.8836965,210.0628365,24.54941285,55.93349524,57.76596856,252.2850012,235.2480069,205.0645019,27.58024731,53.75684259,57.12842563,-0.6623634324,-37.40158072,38.0638539,0.7263671123,37.04394034,-37.77039286,246.1668065,235.4642256,208.440317,11.93475712,16.00736373,14.31395209,251.7426819,235.1669355,204.6235999,17.14905717,8.626952381,14.09994546,0,-107.5311329,123.3282624,160.9564647,-84.81705441,50.81115506,0.7794048913,-108.7013946,124.4693596,-13.02831744,119.0120379,-160.8358332,49.98224643,49.98253233,3535.828063,3462.91249,225.4863511,-7.890587615,3.7109761,1
4675,64,32,32,1,0,1,1,1,1,1,1,1,1,0,1,249.4157089,236.2853156,205.8868967,3.627966709,9.055783946,10.13545879,249.232374,238.2955966,205.3852334,5.737982536,10.08405714,7.040079314,1.014614303,-7.201362905,6.186670458,-1.015199723,7.115115035,-6.099992781,249.398129,236.2715887,205.8654293,3.224616237,4.533029855,7.223396911,249.2153225,238.3025001,205.3888666,5.492845719,6.445041065,0.5875481531,0,-108.8055176,123.0377701,-73.52360393,-64.85319954,120.2849211,0.3643997971,-108.865803,122.8354648,34.33698652,-138.2181411,155.7470814,49.98727118,49.98726473,2548.021216,2544.985735,32.21196,-109.5517529,3.7388543,1
4676,64,32,32,1,0,1,1,1,1,1,1,1,1,1,0,247.0745825,238.071956,206.7863588,46.44917161,48.00548559,22.00713886,248.0932764,242.6945604,202.7601772,47.39340784,48.14759768,17.31443376,32.04027376,-31.28845732,-0.7520133689,-32.14784345,31.3442003,0.8034413272,246.9849168,237.8363133,206.4198526,8.310004419,12.23274473,15.65117898,246.9701931,241.7051229,202.5142071,11.95888994,11.8922112,8.213255872,0,-108.8097866,122.1463547,-119.6905522,-42.95027408,111.0761514,1.01371951,-109.5749745,121.4596266,37.31162079,-179.3420127,-78.87196123,49.98483008,49.98299883,2931.567506,3354.845347,50.04292469,42.96092799,3.7506282,1
4677,64,32,32,1,1,0,1,1,1,1,1,1,1,1,1,251.6117513,237.4912836,201.832608,9.041410169,4.093087403,8.678665006,250.6648118,237.996607,203.9497335,6.250395105,7.976617673,10.00081429,-6.028804125,-1.556280917,7.584964632,5.974014261,1.547910375,-7.522052187,251.5754583,237.4974852,201.8255799,6.575760487,3.488179429,3.955597762,250.6456875,238.0049537,203.9563526,1.11333661,7.687728524,6.426532784,0,-110.3944861,122.1480258,-2.702515163,-169.0767671,179.9076687,-0.2307368697,-109.9160569,122.0940592,164.7262619,-87.55902637,90.62118478,49.98730899,49.98729677,2541.825372,2536.953934,36.28981912,-97.75602473,3.6554169,1
4678,64,32,32,1,1,0,1,1,1,0,1,1,1,1,1,252.2417336,234.928716,204.2441602,26.21277079,53.16364812,56.11820335,247.3398252,237.7941768,210.3175694,23.1474877,55.00026666,56.50101093,-0.7160258505,-36.70251474,37.41820943,0.6537019206,36.84560289,-37.49963505,251.7092723,234.8577671,203.8369436,16.25974966,8.39004494,13.20609138,246.9945433,236.4219315,208.6862968,11.01252744,15.66312555,13.60043243,0,-109.3397873,123.6122086,-13.73796703,119.6694739,-160.5912137,-0.679071077,-108.0650539,122.7142672,159.6807122,-85.30464675,52.77826573,49.98305958,49.98253003,3303.041648,3452.196242,120.1018684,41.45119537,3.7392599,1
4679,64,32,32,1,1,0,1,1,1,1,0,1,1,1,1,251.8541854,237.2683917,201.8315459,9.684782088,4.023940591,9.306560813,250.8514794,237.7945895,203.9801012,7.049209717,8.066014585,10.53593492,-6.70006914,-1.425501434,8.125476307,6.63957795,1.413172186,-8.052847445,251.8113369,237.2745652,201.8197399,6.691036058,3.46724294,4.068617725,250.8316735,237.8028647,203.9860342,1.232281372,7.808127089,6.489903517,0,-110.3723577,122.2647779,-3.134817411,-171.1319698,-179.0835946,-0.2333593138,-109.8813348,122.2002565,163.5487236,-87.54117881,89.73652987,49.98729849,49.98728076,2543.287751,2540.993622,35.21015588,-97.8532723,3.6967751,1
4680,64,32,32,1,1,0,1,1,1,1,1,0,1,1,1,327.1458685,267.8763072,330.6134265,18.52952761,11.80053238,18.17371334,329.173763,272.1185522,331.9688648,18.76069352,14.13013532,15.61982515,-14.28889286,0.6910847012,13.59764428,12.10668409,-6.314010081,-5.792827464,281.7389879,186.5032846,238.3868138,4.731959986,4.163729295,4.929142633,284.9424104,189.1245796,241.9452882,9.562897933,7.629852897,10.40331333,0,-93.57181984,147.4440384,121.7259541,-11.9115168,-120.3908569,0.1442731499,-93.59468402,147.5336567,-24.87985944,-126.3436724,119.14289,49.97452521,49.97854424,4486.685438,4896.082503,42.70715617,-740.6394483,3.6291226,1
4681,64,32,32,1,1,0,1,1,1,1,1,1,0,1,1,253.8282098,238.099955,198.4824022,30.82587144,7.379496331,36.19242327,254.0522656,238.7898122,198.9993472,30.79612596,7.339035465,36.08477341,-28.98105809,-4.841098177,33.82203303,28.93745921,4.805652435,-33.74323008,253.6344629,237.9837436,198.3329582,2.691582306,4.471316384,3.838174813,253.8820039,238.6723622,198.8208686,2.866458184,4.452743082,3.604432921,0,-111.6794938,121.5167263,-3.593788777,-111.4990684,119.0750163,0.04306037192,-111.6126461,121.5885374,3.267323215,-112.075366,123.8948775,49.98582446,49.9858169,2838.034729,2833.921573,85.08561003,-47.9118946,3.7686921,1
4682,64,32,32,1,1,0,1,1,1,1,1,1,1,0,1,256.5058604,233.529559,202.1826104,64.27382671,26.8976203,61.88837305,250.6796197,240.9519307,200.4958808,63.86457309,31.36771103,60.11954792,-42.06067365,0.5008946159,41.5595701,41.87406416,-0.6668512357,-41.2073976,254.6370194,233.1903408,200.2812968,15.44803614,12.36768642,16.22606,250.0466773,240.3816845,200.3736707,15.34879535,20.09876632,10.33903775,0,-110.4679858,123.7002607,-78.39910519,32.3566054,152.3096091,1.00779138,-109.8361805,122.1697839,80.93783125,-132.1980588,-6.873693081,49.98113085,49.98138605,3758.445702,3679.39857,285.8549721,27.32610964,3.7357708,1
4683,64,32,32,1,1,0,1,1,1,1,1,1,1,1,0,249.5127723,238.3282656,203.2705721,9.883150638,7.567406947,7.155594653,248.3111892,240.4736268,203.9166016,9.258815895,10.95017022,3.262774487,8.044072058,-7.048325654,-0.9959028345,-8.0857083,7.096908363,0.9886471027,249.4927406,238.3333729,203.2747882,5.336162761,1.716226891,6.987211008,248.2657786,240.4548008,203.9205559,3.987986857,8.053627295,2.87462663,0,-110.0040332,121.7759707,-43.4254964,-56.41272667,143.6545791,0.1856058691,-109.7701103,121.3936254,66.83419315,-119.9072577,55.22464212,49.98725587,49.98724863,2551.244969,2547.386239,38.6001981,-96.25865915,3.7452326,1
4684,64,32,32,1,1,1,0,1,1,1,1,1,1,1,1,251.6098464,237.4900368,201.8274793,9.068021338,4.082360258,8.713715058,250.665067,238.0006692,203.9512707,6.296886583,7.986150189,10.04092127,6.080470896,1.545291834,-7.625919246,-6.025612664,-1.53973011,7.565184867,251.5733937,237.4962919,201.8203855,6.565802413,3.481410946,3.950078573,250.6459288,238.0089913,203.9578698,1.103855545,7.700228655,6.43881022,0,-110.3955455,122.147578,-2.710592132,-169.2685854,-179.9140437,-0.2303731978,-109.9160249,122.0940129,164.5665352,-87.59688309,90.66828895,49.98730179,49.98730236,2543.143619,2535.907537,37.3079237,-98.7877265,3.785322,1
4685,64,32,32,1,1,1,0,1,1,0,1,1,1,1,1,251.902087,237.1709066,201.938225,10.50411845,4.004792148,10.16723519,250.8889188,237.731152,204.0309324,8.191523829,8.07094607,11.22345993,7.023915665,1.489104256,-8.513162391,-6.960331334,-1.476046893,8.436233312,251.845091,237.1756172,201.9145454,6.589772212,3.370580632,4.062585969,250.8663389,237.7385434,204.0360533,1.162331336,7.781713385,6.370566093,0,-110.3284273,122.325524,-4.016917335,-170.4925287,179.2567705,-0.2211803759,-109.8435484,122.2568355,157.4821017,-88.22683615,89.85750326,49.98726857,49.98726397,2551.755733,2543.434261,38.0706326,-101.121061,3.7967761,1
4686,64,32,32,1,1,1,0,1,1,1,0,1,1,1,1,252.4829539,234.5214843,204.3000067,29.14795906,56.46472749,60.06056801,246.8921012,237.6936925,210.6316458,26.10154697,58.32839813,60.34808158,0.9317633837,38.87016401,-39.80195913,-0.8605205851,-39.01984409,39.88032719,251.8441868,234.4422377,203.8046622,17.77615805,9.077316734,14.48799529,246.4945393,236.1527921,208.8039302,12.56394794,16.42178343,14.45252125,0,-109.2940124,123.7745555,-15.04104877,117.412598,-162.3030598,-0.7278037025,-107.9412237,122.7195441,158.6533389,-85.37625864,48.5890179,49.98202413,49.98179365,3568.305577,3624.299795,135.8085046,110.1665377,3.6718146,1
4687,64,32,32,1,1,1,0,1,1,1,1,0,1,1,1,253.8218068,238.1103361,198.4830193,30.78353017,7.380089979,36.14799195,254.0524716,238.7996019,199.0046937,30.75715156,7.341137552,36.04518927,28.94346266,4.839996154,-33.78358317,-28.89979079,-4.806675071,33.70633265,253.6283656,237.99476,198.3350187,2.671350687,4.470176063,3.814636559,253.8828251,238.6819116,198.8261103,2.885301501,4.454231158,3.629122178,0,-111.6804205,121.5122381,-3.376655647,-111.5554625,118.8720453,0.04310526544,-111.6133899,121.5862532,3.019976993,-112.0204166,124.068446,49.98581629,49.98584206,2837.649905,2829.369585,86.0341784,-49.21035841,3.745677,1
4688,64,32,32,1,1,1,0,1,1,1,1,1,0,1,1,327.3047984,267.8961568,330.3915115,17.44943567,10.40998518,16.96587635,329.5610741,272.326966,332.1366987,18.12406732,13.57534725,15.33619427,14.24248657,-1.075658856,-13.16626901,-12.06075082,6.696534378,5.364743534,281.9771877,186.5032519,238.1307486,5.466345427,3.809390631,4.622180135,285.6326458,189.2534188,242.2627999,10.80328206,7.897774989,11.57095629,0,-93.70843731,147.4140296,135.6925092,-5.287338897,-99.84360248,0.1862775042,-93.64516674,147.6087325,-20.67809059,-122.5892628,125.790107,49.98052621,49.97254501,4488.29089,4858.078337,105.7163507,-817.8628143,3.6266751,1
4689,64,32,32,1,1,1,0,1,1,1,1,1,1,0,1,250.0320465,238.3565681,203.0865736,12.18020745,10.38446898,7.451242493,248.8390006,240.6831478,203.6897146,11.74517382,13.13306459,3.210513637,-9.023321959,8.238699545,0.7845515988,9.074308189,-8.301790601,-0.7725703549,250.0066915,238.3546356,203.086495,5.357933839,1.981940312,7.308243738,248.7682003,240.6334723,203.689258,4.174133063,8.201009121,2.866896358,0,-110.1032188,121.8053609,-45.41289675,-48.50227129,143.5545776,0.2057868673,-109.8864933,121.3847513,66.05438895,-122.408168,48.68917529,49.98728109,49.98709569,2561.29507,2574.677699,16.7350928,-72.94193967,3.767714,1
4690,64,32,32,1,1,1,0,1,1,1,1,1,1,1,0,255.2608775,234.6343328,201.9456517,54.45092986,21.8339932,52.55660173,250.7023581,240.9326408,201.3507846,54.10038141,26.54327276,51.03737834,36.15854309,-0.3370759342,-35.82215757,-35.99171002,0.4756729559,35.51532325,253.8683836,234.377236,200.5074222,12.55135439,10.02126692,13.34040874,250.2637057,240.5360011,201.2525548,12.50664602,17.94525289,8.01583815,0,-110.5186667,123.2382914,-76.64429243,33.57374392,154.7127025,0.7933068335,-109.9106899,122.0258673,77.92043597,-129.5429195,4.582826078,49.98236299,49.9838497,3455.817055,3101.51634,219.3246526,-77.29802451,3.9117806,1
4691,64,32,32,1,1,1,1,0,1,1,1,1,1,1,1,247.9029486,239.2187071,204.1511889,7.005657665,9.040530772,3.499813717,249.4537962,238.5748697,204.592228,7.78778346,5.080706892,6.903611315,6.034940118,-4.63705427,-1.398035897,-5.99625656,4.58141871,1.414695607,247.8763841,239.2201273,204.1569105,3.466842492,7.689114886,3.000049909,249.4377373,238.5831084,204.5977182,4.904655286,1.927048103,6.662430338,0,-109.719832,121.4200165,62.24438045,-119.9367471,61.69564681,-0.09849273491,-109.7919858,121.9050771,-38.85430177,-65.82638166,144.3360615,49.98729614,49.9872941,2544.061858,2537.815266,40.08949016,-95.69972448,3.9137021,1
4692,64,32,32,1,1,1,1,0,1,0,1,1,1,1,1,247.6125715,238.971579,204.4155364,8.81666197,10.31689743,3.109709645,249.3015995,238.2957191,205.0916387,9.466329225,7.26109437,7.403256693,7.335173579,-6.313523064,-1.021974065,-7.286392902,6.256022621,1.030033836,247.5726437,238.9652361,204.419782,3.810743177,7.581379686,2.591566534,249.2821819,238.3030483,205.0940997,5.216332675,2.171659806,7.19953101,0,-109.5632011,121.5286143,65.96827414,-121.5088819,51.56873515,-0.1217740659,-109.6101822,122.0560495,-41.99475513,-64.29924924,141.3440444,49.98740462,49.98710617,2528.966395,2565.33491,41.32818134,-98.73256746,3.8184014,1
4693,64,32,32,1,1,1,1,0,1,1,0,1,1,1,1,249.2180569,237.4177605,204.7873038,5.545303544,9.621166385,5.686010396,250.0104097,236.6434761,206.3284783,3.685856049,8.169365818,9.259010738,-1.149349529,6.684830621,-5.535588351,1.142344075,-6.722889874,5.580441553,249.2021746,237.4254304,204.7926702,5.29534667,6.781686726,0.4570561979,249.9940857,236.6381191,206.3190646,3.300263508,4.437956668,7.288036043,0,-109.2707805,122.4446422,35.52810925,-138.5337884,94.1411116,-0.2938230103,-109.0819442,122.8332908,-69.64625058,-61.23213029,124.168169,49.98727978,49.98730101,2547.065682,2537.200365,29.17728167,-101.9308913,3.7639893,1
4694,64,32,32,1,1,1,1,0,1,1,1,0,1,1,1,250.6061527,239.7807337,200.1003222,64.68981784,31.86173368,60.98867589,256.9181818,233.5994981,203.0791971,64.92760655,27.22187597,62.47960459,42.3482359,-0.5598544838,-41.78843773,-42.41174468,0.4505810457,41.96112062,250.0309386,239.1995562,199.9513452,15.37362363,20.45461766,10.74740631,255.1950357,233.2331353,200.9007197,15.46873772,12.65924911,16.4625581,0,-111.0117559,120.9330028,80.28559916,-133.4927412,-6.837958702,-0.9503456048,-111.5133191,122.6415061,-79.11360253,31.20262455,152.2313443,49.9812883,49.98093367,3697.436023,3791.185377,174.0592359,168.5318984,3.7477305,1
4695,64,32,32,1,1,1,1,0,1,1,1,1,0,1,1,250.0352366,240.5953481,201.3095619,12.46541237,13.90336026,3.879665142,251.5096028,239.574563,201.7508057,12.6845479,11.33157683,7.503783589,10.77912123,-9.888372523,-0.8907646529,-10.65354857,9.7574127,0.8961108008,249.8194402,240.2245,201.0646658,3.950489805,8.119924028,2.940228872,251.3915741,239.3300616,201.5722496,4.891776778,2.213012576,7.06941668,0,-110.9813005,120.6818528,59.83289292,-124.8349396,51.10024733,-0.1436207203,-111.0341157,121.2251943,-44.45789248,-50.9802708,143.6753844,49.9866106,49.98771896,2650.96935,2480.212992,72.07599416,-110.9662384,3.7407695,1
4696,64,32,32,1,1,1,1,0,1,1,1,1,1,0,1,418.8324609,283.2254027,198.6881982,21.90515314,23.74665692,12.76823032,420.3693714,287.5349899,205.2675276,20.12017515,24.57655864,15.84133816,17.55519305,-21.4537427,3.89840904,-11.63609733,19.49086625,-7.854853935,303.5208429,248.3338023,132.4094707,9.203451008,8.373384246,5.965910025,308.7428234,253.6801247,136.0353635,14.17583883,14.34468136,9.579053558,0,-133.213678,116.3725688,125.6531988,-25.4616652,-122.1503403,0.1360572542,-133.1484829,116.5693933,-31.8232945,-167.0058851,84.3183781,49.9772736,49.97898943,4356.212904,4395.881487,824.7818835,-504.713892,3.7000553,1
4697,64,32,32,1,1,1,1,0,1,1,1,1,1,1,0,245.4502418,240.7405183,205.2090969,24.88190714,20.68996267,6.344978912,245.6390697,241.432961,205.8060892,24.82788133,20.69554568,6.342204813,23.66686285,-19.35107773,-4.315908261,-23.63326262,19.31488444,4.31824437,245.3800421,240.6897668,205.1465318,2.778078348,4.417318181,3.84784945,245.5748994,241.3691184,205.7368089,2.595894973,4.611129612,3.844710431,0,-109.572364,120.6987208,-2.838293265,-111.2985488,120.6431552,0.02811932043,-109.4873938,120.7673276,2.910352157,-108.1175657,120.5409772,49.98657173,49.986543,2690.015517,2687.336376,61.57203102,-73.41084802,3.7403919,1
4698,64,32,32,1,1,1,1,1,0,1,1,1,1,1,1,247.907454,239.2164725,204.1449387,7.010279167,9.046708852,3.494627719,249.4582838,238.5745388,204.58843,7.789405139,5.089118062,6.905791622,-6.035639943,4.641396405,1.394097131,5.996763847,-4.588522837,-1.408384884,247.8808726,239.217891,204.1506653,3.470698478,7.691668578,2.998529961,249.4422218,238.5827571,204.593918,4.903425893,1.930460804,6.666734528,0,-109.7215834,121.420047,62.2100116,-119.983677,61.61299667,-0.0981992626,-109.7930159,121.9054254,-38.90232976,-65.65947213,144.3286734,49.98729076,49.98729925,2544.499393,2537.37772,40.1225792,-95.71200464,3.8437251,1
4699,64,32,32,1,1,1,1,1,0,0,1,1,1,1,1,249.2036402,237.4209713,204.7910641,5.527745768,9.5415942,5.604004231,250.0033126,236.6573225,206.3400067,3.692408345,8.127193262,9.227453944,1.163247309,-6.642708263,5.479311595,-1.156614323,6.678039742,-5.52157738,249.1877698,237.4286784,204.7965181,5.278763492,6.727876501,0.4204382798,249.9869254,236.6522779,206.331081,3.310394768,4.45084196,7.310210251,0,-109.2688506,122.4427442,35.69188892,-138.5366381,96.93979994,-0.292493839,-109.0792563,122.8321249,-69.30439854,-61.90549315,123.8820467,49.98729775,49.98728768,2542.907661,2540.013388,30.13250842,-102.983261,3.7649122,1
4700,64,32,32,1,1,1,1,1,0,1,0,1,1,1,1,248.2861278,242.030847,201.7663086,51.09149893,52.16626287,19.74800292,247.4133178,238.4896538,207.4642207,49.95658587,51.85257338,24.24327671,-34.5407543,34.02383391,0.5167587418,34.32340219,-33.82453351,-0.4990270558,246.9116685,240.9918816,201.4649439,12.81903102,12.94408943,9.388830805,247.2897314,238.2168582,206.9516878,8.974741694,13.51921857,16.72265171,0,-110.7727427,120.1292083,34.91416727,175.7101458,-80.22479181,-1.041675548,-109.7511891,121.0177364,-124.6650071,-43.90200289,108.9929487,49.98257015,49.98401689,3453.826063,3086.313984,209.5191879,-55.88334378,3.7092299,1
4701,64,32,32,1,1,1,1,1,0,1,1,0,1,1,1,249.0280492,240.0711199,202.2531581,12.14948865,13.74720582,3.447226224,250.5933326,239.1348713,202.7602301,12.46376023,11.18218891,7.368749532,-9.343742439,8.385006733,0.9586417917,9.247599725,-8.2868999,-0.9607988214,248.8858382,239.8976449,202.169734,3.9688167,8.063290098,2.890832351,250.5427692,239.0541339,202.7064349,5.085537747,2.091643768,7.129048187,0,-110.5207062,120.894912,62.88604823,-123.3894539,50.85527556,-0.1391732174,-110.5829636,121.4382833,-44.16171148,-52.82841788,143.3527348,49.98715161,49.98718485,2577.221332,2550.195147,42.59419222,-87.58298932,3.7945815,1
4702,64,32,32,1,1,1,1,1,0,1,1,1,0,1,1,250.7122445,239.9438829,200.4518339,60.84954684,30.21578953,57.23755572,256.4177139,234.1524569,202.9271711,61.04764293,25.48823938,58.63452317,-40.13749252,0.6437159386,39.49380008,40.19951907,-0.5408072471,-39.65869716,250.2018276,239.4335874,200.3160584,14.26140926,19.80194339,9.687421646,254.8767255,233.82256,200.97347,14.22881683,11.94828628,15.17145385,0,-110.9700858,120.948755,78.14425499,-132.6790007,-2.160036299,-0.8779574485,-111.45994,122.5127135,-79.53296853,31.60570944,153.5059951,49.98230448,49.98154338,3438.205395,3639.57353,115.9839356,140.8698303,3.8271163,1
4703,64,32,32,1,1,1,1,1,0,1,1,1,1,0,1,245.4615883,240.732188,205.205591,24.8256532,20.63415805,6.344934096,245.6505231,241.4310702,205.8049079,24.77269403,20.64325348,6.341074302,-23.61682801,19.29960813,4.317094831,23.58320759,-19.26606337,-4.317270704,245.3916117,240.6817421,205.1432885,2.774439358,4.410005371,3.848630858,245.5865322,241.3674654,205.7356888,2.600532012,4.618137028,3.843841949,0,-109.5725579,120.7025906,-2.99180822,-111.2798345,120.6364854,0.02917214442,-109.487004,120.7709191,3.065812679,-108.1402389,120.5551178,49.98656231,49.98655531,2691.537367,2685.174131,62.15578341,-74.03813241,3.8313786,1
4704,64,32,32,1,1,1,1,1,0,1,1,1,1,1,0,419.7666649,287.4401071,206.047721,18.31201669,22.15185934,14.04462718,419.1919952,285.1357302,201.5980165,20.01631586,21.33197981,11.09937223,10.20896436,-16.94912417,6.740638833,-16.11926177,18.8109043,-2.691088419,307.1937038,253.3647659,136.0050015,13.20755529,13.31365757,8.334093953,303.0460027,249.9363609,133.7972222,8.255789776,7.872658653,4.784153425,0,-133.006141,115.9792191,-31.37837255,-168.7687847,84.53441604,-0.07792086984,-132.8484296,115.9421379,123.8044818,-33.1027729,-128.7675887,49.98045152,49.97590169,4381.14472,4364.879324,-314.0554628,580.1743212,4.0495095,1
